image_page,level,chinese,english,code,confidence,malignant_primary,malignant_secondary,in_situ,benign,uncertain_or_unspecified
1401,3,舌会厌襞,glossoepiglottic fold(s),C10.1 C79.8 D00.0 D10.5 D37.0,0.9805123805999756,C10.1,C79.8,D00.0,D10.5,D37.0
1401,3,舌下,sublingual,C04.9 C79.8 D00.0 D10.2 D37.0,0.9593057036399841,C04.9,C79.8,D00.0,D10.2,D37.0
1401,4,腺或管,gland or duct,C08.1 C79.8 D00.0 D11.7 D37.0,0.8226865530014038,C08.1,C79.8,D00.0,D11.7,D37.0
1401,3,舌咽沟,glossopharyngeal sulcus,C09.0 C79.8 D00.0 D10.5 D37.0,0.9960314035415649,C09.0,C79.8,D00.0,D10.5,D37.0
1401,3,射精管,ejaculatory duct,C63.7 C79.8 D07.6 D29.7 D40.7,0.9990391731262207,C63.7,C79.8,D07.6,D29.7,D40.7
1401,3,神经(神经节),nerve (ganglion),C47.9 C79.8 D36.1 D48.2,0.9684398770332336,C47.9,C79.8,,D36.1,D48.2
1401,4,闭孔,obturator,C47.2 C79.8 D36.1 D48.2,0.9415459036827087,C47.2,C79.8,,D36.1,D48.2
1401,4,臂,brachial,C47.1 C79.8 D36.1 D48.2,0.9056106805801392,C47.1,C79.8,,D36.1,D48.2
1401,4,尺侧,ulnar,C47.1 C79.8 D36.1 D48.2,0.799297571182251,C47.1,C79.8,,D36.1,D48.2
1401,4,骶骨,sacral,C47.5 C79.8 D36.1 D48.2,0.8400936722755432,C47.5,C79.8,,D36.1,D48.2
1401,4,动眼,oculomotor,C72.5 C79.4 D33.3 D43.3,0.8695526123046875,C72.5,C79.4,,D33.3,D43.3
1401,4,耳,auditory,C72.4 C79.4 D33.3 D43.3,0.6177389025688171,C72.4,C79.4,,D33.3,D43.3
1401,4,副(脊柱),accessory (spinal),C72.5 C79.4 D33.3 D43.3,0.9121996164321899,C72.5,C79.4,,D33.3,D43.3
1401,4,副交感的 NEC (另见肿瘤，神经，周围),"parasympathetic NEC (see also Neoplasm, nerve, peripheral)",C47.9 C79.8 D36.1 D48.2,0.9422066807746887,C47.9,C79.8,,D36.1,D48.2
1401,4,股,femoral,C47.2 C79.8 D36.1 D48.2,0.8280553221702576,C47.2,C79.8,,D36.1,D48.2
1401,4,滑车,trochlear,C72.5 C79.4 D33.3 D43.3,0.9523042440414429,C72.5,C79.4,,D33.3,D43.3
1401,3,脊柱 NEC,spinal NEC,C47.9 C79.8 D36.1 D48.2,0.9132830500602722,C47.9,C79.8,,D36.1,D48.2
1401,4,副,accessory,C72.5 C79.4 D33.3 D43.3,0.7337745428085327,C72.5,C79.4,,D33.3,D43.3
1401,4,交感 NEC (另见肿瘤，神经，周围),"sympathetic NEC (see also Neoplasm, nerve, peripheral)",C47.9 C79.8 D36.1 D48.2,0.9166442155838013,C47.9,C79.8,,D36.1,D48.2
1401,4,肋间,intercostal,C47.3 C79.8 D36.1 D48.2,0.7802165150642395,C47.3,C79.8,,D36.1,D48.2
1401,4,颅 NEC,cranial NEC,C72.5 C79.4 D33.3 D43.3,0.8476875424385071,C72.5,C79.4,,D33.3,D43.3
1401,4,迷走,vagus,C72.5 C79.4 D33.3 D43.3,0.828941822052002,C72.5,C79.4,,D33.3,D43.3
1401,4,面,facial,C72.5 C79.4 D33.3 D43.3,0.957918107509613,C72.5,C79.4,,D33.3,D43.3
1401,4,桡,radial,C47.1 C79.8 D36.1 D48.2,0.6700608134269714,C47.1,C79.8,,D36.1,D48.2
1401,4,三叉的,trigeminal,C72.5 C79.4 D33.3 D43.3,0.8272744417190552,C72.5,C79.4,,D33.3,D43.3
1401,4,舌下,hypoglossal,C72.5 C79.4 D33.3 D43.3,0.7832292318344116,C72.5,C79.4,,D33.3,D43.3
1401,4,舌咽,glossopharyngeal,C72.5 C79.4 D33.3 D43.3,0.7863960266113281,C72.5,C79.4,,D33.3,D43.3
1401,4,神经节 NEC (另见肿瘤，神经，周围),"ganglion NEC (see also Neoplasm, nerve, peripheral)",C47.9 C79.8 D36.1 D48.2,0.947380781173706,C47.9,C79.8,,D36.1,D48.2
1401,4,视,optic,C72.3 C79.4 D33.3 D43.3,0.8576051592826843,C72.3,C79.4,,D33.3,D43.3
1401,4,听,acoustic,C72.4 C79.4 D33.3 D43.3,0.7871408462524414,C72.4,C79.4,,D33.3,D43.3
1401,4,嗅,olfactory,C72.2 C79.4 D33.3 D43.3,0.7445201873779297,C72.2,C79.4,,D33.3,D43.3
1401,4,腰,lumbar,C47.6 C79.8 D36.1 D48.2,0.7524051666259766,C47.6,C79.8,,D36.1,D48.2
1401,4,展(神经),abducens,C72.5 C79.4 D33.3 D43.3,0.8880530595779419,C72.5,C79.4,,D33.3,D43.3
1401,4,正中,median,C47.1 C79.8 D36.1 D48.2,0.9134912490844727,C47.1,C79.8,,D36.1,D48.2
1402,4,周围 NEC,peripheral NEC,C47.9 C79.8 D36.1 D48.2,0.8747627139091492,C47.9,C79.8,,D36.1,D48.2
1402,5,背部,back,C47.6 C79.8 D36.1 D48.2,0.830829918384552,C47.6,C79.8,,D36.1,D48.2
1402,5,臂,arm,C47.1 C79.8 D36.1 D48.2,0.710552990436554,C47.1,C79.8,,D36.1,D48.2
1402,5,大腿,thigh,C47.2 C79.8 D36.1 D48.2,0.642876148223877,C47.2,C79.8,,D36.1,D48.2
1402,5,骶骨前,presacral,C47.5 C79.8 D36.1 D48.2,0.9134097099304199,C47.5,C79.8,,D36.1,D48.2
1402,5,骶尾骨区,sacrococcygeal region,C47.5 C79.8 D36.1 D48.2,0.9273624420166016,C47.5,C79.8,,D36.1,D48.2
1402,5,额(前),forehead,C47.0 C79.8 D36.1 D48.2,0.8437831997871399,C47.0,C79.8,,D36.1,D48.2
1402,5,耳(外部),ear (external),C47.0 C79.8 D36.1 D48.2,0.8504053950309753,C47.0,C79.8,,D36.1,D48.2
1402,5,耳廓,auricle (ear),C47.0 C79.8 D36.1 D48.2,0.7442581057548523,C47.0,C79.8,,D36.1,D48.2
1402,5,腓肠,calf,C47.2 C79.8 D36.1 D48.2,0.8489152789115906,C47.2,C79.8,,D36.1,D48.2
1402,5,腹壁,abdominal wall,C47.4 C79.8 D36.1 D48.2,0.8598934412002563,C47.4,C79.8,,D36.1,D48.2
1402,5,腹部,abdomen,C47.4 C79.8 D36.1 D48.2,0.8112781643867493,C47.4,C79.8,,D36.1,D48.2
1402,5,腹股沟,groin,C47.5 C79.8 D36.1 D48.2,0.8606598377227783,C47.5,C79.8,,D36.1,D48.2
1402,5,腹股沟(管)(区),inguinal (canal)(region),C47.5 C79.8 D36.1 D48.2,0.9287188053131104,C47.5,C79.8,,D36.1,D48.2
1402,5,腹盆腔,pelvoabdominal,C47.8 C79.8 D36.1 D48.2,0.8576422929763794,C47.8,C79.8,,D36.1,D48.2
1402,5,骨盆(底),pelvis (floor),C47.5 C79.8 D36.1 D48.2,0.8390381336212158,C47.5,C79.8,,D36.1,D48.2
1402,5,腘窝或间隙,popliteal fossa or space,C47.2 C79.8 D36.1 D48.2,0.9439479112625122,C47.2,C79.8,,D36.1,D48.2
1402,5,踝,ankle,C47.2 C79.8 D36.1 D48.2,0.831114649772644,C47.2,C79.8,,D36.1,D48.2
1402,5,会阴,perineum,C47.5 C79.8 D36.1 D48.2,0.9734344482421875,C47.5,C79.8,,D36.1,D48.2
1402,5,颊,cheek,C47.0 C79.8 D36.1 D48.2,0.995887279510498,C47.0,C79.8,,D36.1,D48.2
1402,5,肩,shoulder,C47.1 C79.8 D36.1 D48.2,0.7809600830078125,C47.1,C79.8,,D36.1,D48.2
1402,5,肩胛区,scapular region,C47.3 C79.8 D36.1 D48.2,0.823875904083252,C47.3,C79.8,,D36.1,D48.2
1402,5,颈(部),"neck, cervical region",C47.0 C79.8 D36.1 D48.2,0.9950315356254578,C47.0,C79.8,,D36.1,D48.2
1402,5,颏,chin,C47.0 C79.8 D36.1 D48.2,0.820665717124939,C47.0,C79.8,,D36.1,D48.2
1402,5,颏下,submental,C47.0 C79.8 D36.1 D48.2,0.8843943476676941,C47.0,C79.8,,D36.1,D48.2
1402,5,髋,hip,C47.2 C79.8 D36.1 D48.2,0.9222500920295715,C47.2,C79.8,,D36.1,D48.2
1402,5,眶,orbit,C69.6 C79.4 D31.6 D48.7,0.8773931860923767,C69.6,C79.4,,D31.6,D48.7
1402,5,面,face,C47.0 C79.8 D36.1 D48.2,0.8772038817405701,C47.0,C79.8,,D36.1,D48.2
1402,5,拇指,thumb,C47.1 C79.8 D36.1 D48.2,0.8307006359100342,C47.1,C79.8,,D36.1,D48.2
1402,5,尿道旁,paraurethral,C47.5 C79.8 D36.1 D48.2,0.8776172995567322,C47.5,C79.8,,D36.1,D48.2
1402,5,尿道周(组织),periurethral (tissue),C47.5 C79.8 D36.1 D48.2,0.8959510326385498,C47.5,C79.8,,D36.1,D48.2
1402,5,颞部(区),"temple, temporal region",C47.0 C79.8 D36.1 D48.2,0.8959510326385498,C47.0,C79.8,,D36.1,D48.2
1402,5,膀胱直肠,vesicorectal,C47.5 C79.8 D36.1 D48.2,0.9942229390144348,C47.5,C79.8,,D36.1,D48.2
1402,5,脐,umbilicus,C47.4 C79.8 D36.1 D48.2,0.99455326795578,C47.4,C79.8,,D36.1,D48.2
1402,5,前臂,forearm,C47.1 C79.8 D36.1 D48.2,0.9967302083969116,C47.1,C79.8,,D36.1,D48.2
1402,5,前肘窝或间隙,antecubital fossa or space,C47.1 C79.8 D36.1 D48.2,0.9872742891311646,C47.1,C79.8,,D36.1,D48.2
1402,5,躯干,trunk,C47.6 C79.8 D36.1 D48.2,0.9809267520904541,C47.6,C79.8,,D36.1,D48.2
1402,5,手,hand,C47.1 C79.8 D36.1 D48.2,0.8846518397331238,C47.1,C79.8,,D36.1,D48.2
1403,5,锁骨上区,supraclavicular region,C47.0 C79.8 D36.1 D48.2,0.9279924035072327,C47.0,C79.8,,D36.1,D48.2
1403,5,锁骨下区,infraclavicular region,C47.3 C79.8 D36.1 D48.2,0.9238175749778748,C47.3,C79.8,,D36.1,D48.2
1403,5,头,head,C47.0 C79.8 D36.1 D48.2,0.7598714232444763,C47.0,C79.8,,D36.1,D48.2
1403,5,头皮,scalp,C47.0 C79.8 D36.1 D48.2,0.8388738632202148,C47.0,C79.8,,D36.1,D48.2
1403,5,臀(部),"buttock, nates, gluteal region",C47.5 C79.8 D36.1 D48.2,0.8365803360939026,C47.5,C79.8,,D36.1,D48.2
1403,5,腕,wrist,C47.1 C79.8 D36.1 D48.2,0.8933793902397156,C47.1,C79.8,,D36.1,D48.2
1403,5,膝,knee,C47.2 C79.8 D36.1 D48.2,0.7653912305831909,C47.2,C79.8,,D36.1,D48.2
1403,5,胁腹,flank,C47.6 C79.8 D36.1 D48.2,0.878084659576416,C47.6,C79.8,,D36.1,D48.2
1403,5,胸(壁),"chest, thorax (wall)",C47.3 C79.8 D36.1 D48.2,0.8822665214538574,C47.3,C79.8,,D36.1,D48.2
1403,5,胸(导管)(壁),thoracic (duct) (wall),C47.3 C79.8 D36.1 D48.2,0.8929799795150757,C47.3,C79.8,,D36.1,D48.2
1403,5,胸内,intrathoracic,C47.3 C79.8 D36.1 D48.2,0.7975946664810181,C47.3,C79.8,,D36.1,D48.2
1403,5,眼睑,eyelid,C47.0 C79.8 D36.1 D48.2,0.8024805188179016,C47.0,C79.8,,D36.1,D48.2
1403,5,腋,axilla,C47.3 C79.8 D36.1 D48.2,0.8499796390533447,C47.3,C79.8,,D36.1,D48.2
1403,5,翼状窝,pterygoid fossa,C47.0 C79.8 D36.1 D48.2,0.9062881469726562,C47.0,C79.8,,D36.1,D48.2
1403,5,阴道旁,paravaginal,C47.5 C79.8 D36.1 D48.2,0.875028669834137,C47.5,C79.8,,D36.1,D48.2
1403,5,肢 NEC,"limb, extremity NEC",C47.9 C79.8 D36.1 D48.2,0.9178416132926941,C47.9,C79.8,,D36.1,D48.2
1403,6,上,upper,C47.1 C79.8 D36.1 D48.2,0.8606470227241516,C47.1,C79.8,,D36.1,D48.2
1403,6,下,lower,C47.2 C79.8 D36.1 D48.2,0.6600640416145325,C47.2,C79.8,,D36.1,D48.2
1403,5,直肠旁,pararectal,C47.5 C79.8 D36.1 D48.2,0.9240114092826843,C47.5,C79.8,,D36.1,D48.2
1403,5,直肠膀胱,rectovesical,C47.5 C79.8 D36.1 D48.2,0.8944040536880493,C47.5,C79.8,,D36.1,D48.2
1403,5,直肠外,extrarectal,C47.5 C79.8 D36.1 D48.2,0.7995474934577942,C47.5,C79.8,,D36.1,D48.2
1403,5,直肠阴道隔或壁,rectovaginal septum or wall,C47.5 C79.8 D36.1 D48.2,0.9557163119316101,C47.5,C79.8,,D36.1,D48.2
1403,5,直肠周(组织),perirectal (tissue),C47.5 C79.8 D36.1 D48.2,0.9986445903778076,C47.5,C79.8,,D36.1,D48.2
1403,5,指,finger,C47.1 C79.8 D36.1 D48.2,0.9993283152580261,C47.1,C79.8,,D36.1,D48.2
1403,5,趾,toe,C47.2 C79.8 D36.1 D48.2,0.9975874423980713,C47.2,C79.8,,D36.1,D48.2
1403,5,肘,elbow,C47.1 C79.8 D36.1 D48.2,0.9944689869880676,C47.1,C79.8,,D36.1,D48.2
1403,5,足,foot,C47.2 C79.8 D36.1 D48.2,0.9861012697219849,C47.2,C79.8,,D36.1,D48.2
1403,5,足跟,heel,C47.2 C79.8 D36.1 D48.2,0.7275891900062561,C47.2,C79.8,,D36.1,D48.2
1403,5,坐骨直肠窝,ischiorectal fossa,C47.5 C79.8 D36.1 D48.2,0.9380886554718018,C47.5,C79.8,,D36.1,D48.2
1403,4,自主 NEC (另见肿瘤，神经，周围),"autonomic NEC (see also Neoplasm, nerve, peripheral)",C47.9 C79.8 D36.1 D48.2,0.8939234018325806,C47.9,C79.8,,D36.1,D48.2
1403,4,坐骨,sciatic,C47.2 C79.8 D36.1 D48.2,0.8404480218887329,C47.2,C79.8,,D36.1,D48.2
1403,3,神经节(另见肿瘤，神经，周围),"ganglia (see also Neoplasm, nerve, peripheral)",C47.9 C79.8 D36.1 D48.2,0.9934768080711365,C47.9,C79.8,,D36.1,D48.2
1403,4,基底,basal,C71.0 C79.3 D33.0 D43.0,0.7729532718658447,C71.0,C79.3,,D33.0,D43.0
1404,3,神经系统(中枢的) NEC,nervous system (central) NEC,C72.9 C79.4 D33.9 D43.9,0.9944711923599243,C72.9,C79.4,,D33.9,D43.9
1404,4,副交感-见肿瘤，神经，周围,"parasympathetic - see Neoplasm, nerve, peripheral",,0.9497411251068115,,,,,
1404,4,交感-见肿瘤，神经，周围,"sympathetic - see Neoplasm, nerve, peripheral",,0.9387304782867432,,,,,
1404,4,自主-见肿瘤，神经，周围,"autonomic - see Neoplasm, nerve, peripheral",,0.966110110282898,,,,,
1404,3,肾(实质),"kidney, renal (parenchyma)",C64 C79.0 D09.1 D30.0 D41.0,0.9924917817115784,C64,C79.0,D09.1,D30.0,D41.0
1404,4,门,hilus,C65 C79.0 D09.1 D30.1 D41.1,0.8523845076560974,C65,C79.0,D09.1,D30.1,D41.1
1404,4,盂,pelvis,C65 C79.0 D09.1 D30.1 D41.1,0.6200421452522278,C65,C79.0,D09.1,D30.1,D41.1
1404,4,盏,calyx,C65 C79.0 D09.1 D30.1 D41.1,0.6869577765464783,C65,C79.0,D09.1,D30.1,D41.1
1404,3,肾旁,paranephric,C48.0 C78.6 D20.0 D48.3,0.9551363587379456,C48.0,C78.6,,D20.0,D48.3
1404,3,肾上腺,"suprarenal, adrenal (gland)",C74.9 C79.7 D09.3 D35.0 D44.1,0.9929081201553345,C74.9,C79.7,D09.3,D35.0,D44.1
1404,4,囊,capsule,C74.9 C79.7 D09.3 D35.0 D44.1,0.7780178189277649,C74.9,C79.7,D09.3,D35.0,D44.1
1404,4,皮质,cortex,C74.0 C79.7 D09.3 D35.0 D44.1,0.808214008808136,C74.0,C79.7,D09.3,D35.0,D44.1
1404,4,髓质,medulla,C74.1 C79.7 D09.3 D35.0 D44.1,0.8492370843887329,C74.1,C79.7,D09.3,D35.0,D44.1
1404,4,腺,gland,C74.9 C79.7 D09.3 D35.0 D44.1,0.7778129577636719,C74.9,C79.7,D09.3,D35.0,D44.1
1404,3,肾上腺周,periadrenal,C48.0 C78.6 D20.0 D48.3,0.9650795459747314,C48.0,C78.6,,D20.0,D48.3
1404,4,肾盂,renal pelvis,C65 C79.0 D09.1 D30.1 D41.1,0.9705275893211365,C65,C79.0,D09.1,D30.1,D41.1
1404,3,肾周(组织),"perinephric, perirenal (tissue)",C48.0 C78.6 D20.0 D48.3,0.9980136752128601,C48.0,C78.6,,D20.0,D48.3
1404,3,生殖器或生殖道,genital organ or tract,,0.9806694388389587,,,,,
1404,4,男性 NEC,male NEC,C63.9 C79.8 D07.6 D29.9 D40.9,0.9645565152168274,C63.9,C79.8,D07.6,D29.9,D40.9
1404,5,特指部位 NEC,specified site NEC,C63.7 C79.8 D07.6 D29.7 D40.7,0.9494090676307678,C63.7,C79.8,D07.6,D29.7,D40.7
1404,4,女性 NEC,female NEC,C57.9 C79.8 D07.3 D28.9 D39.9,0.8884758949279785,C57.9,C79.8,D07.3,D28.9,D39.9
1404,5,特指部位 NEC,specified site NEC,C57.7 C79.8 D07.3 D28.7 D39.7,0.9429949522018433,C57.7,C79.8,D07.3,D28.7,D39.7
1404,3,声带(真),vocal cord (true),C32.0 C78.3 D02.0 D14.1 D38.0,0.9858043193817139,C32.0,C78.3,D02.0,D14.1,D38.0
1404,4,假,false,C32.1 C78.3 D02.0 D14.1 D38.0,0.8705501556396484,C32.1,C78.3,D02.0,D14.1,D38.0
1404,3,声门,glottis,C32.0 C78.3 D02.0 D14.1 D38.0,0.9532442688941956,C32.0,C78.3,D02.0,D14.1,D38.0
1404,3,声门上,supraglottis,C32.1 C78.3 D02.0 D14.1 D38.0,0.9753857851028442,C32.1,C78.3,D02.0,D14.1,D38.0
1404,3,声门下,"subglottis, subglottic",C32.2 C78.3 D02.0 D14.1 D38.0,0.9838892817497253,C32.2,C78.3,D02.0,D14.1,D38.0
1404,3,圣托理尼管,Santorini's duct,C25.3 C78.8 D01.7 D13.6 D37.7,0.9918991923332214,C25.3,C78.8,D01.7,D13.6,D37.7
1404,3,十二指肠,duodenum,C17.0 C78.4 D01.4 D13.2 D37.2,0.9606914520263672,C17.0,C78.4,D01.4,D13.2,D37.2
1404,3,十二指肠空肠连接处,duodenojejunal junction,C17.8 C78.4 D01.4 D13.3 D37.2,0.9949720501899719,C17.8,C78.4,D01.4,D13.3,D37.2
1404,3,食管,oesophagus,C15.9 C78.8 D00.1 D13.0 D37.7,0.9897286295890808,C15.9,C78.8,D00.1,D13.0,D37.7
1404,4,上(三分之一),upper (third),C15.3 C78.8 D00.1 D13.0 D37.7,0.8840405941009521,C15.3,C78.8,D00.1,D13.0,D37.7
1404,4,中(三分之一),middle (third),C15.4 C78.8 D00.1 D13.0 D37.7,0.8915010094642639,C15.4,C78.8,D00.1,D13.0,D37.7
1404,4,下(三分之一),lower (third),C15.5 C78.8 D00.1 D13.0 D37.7,0.8422068357467651,C15.5,C78.8,D00.1,D13.0,D37.7
1404,4,腹,abdominal,C15.2 C78.8 D00.1 D13.0 D37.7,0.7903802990913391,C15.2,C78.8,D00.1,D13.0,D37.7
1404,4,近端,proximal (third),C15.3 C78.8 D00.1 D13.0 D37.7,0.7601066827774048,C15.3,C78.8,D00.1,D13.0,D37.7
1404,4,颈,cervical,C15.0 C78.8 D00.1 D13.0 D37.7,0.5820646286010742,C15.0,C78.8,D00.1,D13.0,D37.7
1405,4,胸,thoracic,C15.1 C78.8 D00.1 D13.0 D37.7,0.7255972027778625,C15.1,C78.8,D00.1,D13.0,D37.7
1405,4,远端(三分之一),distal (third),C15.5 C78.8 D00.1 D13.0 D37.7,0.915075421333313,C15.5,C78.8,D00.1,D13.0,D37.7
1405,3,食管胃连接处,esophagogastric junction,C16.0 C78.8 D00.2 D13.1 D37.1,0.9984371066093445,C16.0,C78.8,D00.2,D13.1,D37.1
1405,3,实质，肾,"parenchyma, kidney",C64 C79.0 D09.1 D30.0 D41.0,0.9969585537910461,C64,C79.0,D09.1,D30.0,D41.0
1405,3,视交叉,chiasma opticum,C72.3 C79.4 D33.3 D43.3,0.9845426082611084,C72.3,C79.4,,D33.3,D43.3
1405,3,视神经，交叉或道,"optic nerve, chiasm or tract",C72.3 C79.4 D33.3 D43.3,0.9971839785575867,C72.3,C79.4,,D33.3,D43.3
1405,3,视网膜,retina,C69.2 C79.4 D09.2 D31.2 D48.7,0.959223210811615,C69.2,C79.4,D09.2,D31.2,D48.7
1405,3,室,ventricle,C71.5 C79.3 D33.0 D43.0,0.9505023956298828,C71.5,C79.3,,D33.0,D43.0
1405,4,大脑,cerebral,C71.5 C79.3 D33.0 D43.0,0.734630823135376,C71.5,C79.3,,D33.0,D43.0
1405,5,侧,lateral,C71.5 C79.3 D33.0 D43.0,0.6710128784179688,C71.5,C79.3,,D33.0,D43.0
1405,5,底,floor,C71.5 C79.3 D33.0 D43.0,0.7207840085029602,C71.5,C79.3,,D33.0,D43.0
1405,5,第三,third,C71.5 C79.3 D33.0 D43.0,0.831782341003418,C71.5,C79.3,,D33.0,D43.0
1405,5,第四,fourth,C71.7 C79.3 D33.1 D43.1,0.7556992769241333,C71.7,C79.3,,D33.1,D43.1
1405,4,心(左)(右),cardiac (left) (right),C38.0 C79.8 D15.1 D48.7,0.927541196346283,C38.0,C79.8,,D15.1,D48.7
1405,3,室管膜(脑),ependyma (brain),C71.5 C79.3 D33.0 D43.0,0.9693920016288757,C71.5,C79.3,,D33.0,D43.0
1405,3,手 NEC #,hand NEC #,C76.4 C79.8 D04.6 D36.7 D48.7,0.9273465871810913,C76.4,C79.8,D04.6,D36.7,D48.7
1405,3,输精管,vas deferens,C63.1 C79.8 D07.6 D29.7 D40.7,0.9814605116844177,C63.1,C79.8,D07.6,D29.7,D40.7
1405,3,输卵管,"fallopian tube, oviduct, salpinx",C57.0 C79.8 D07.3 D28.2 D39.7,0.9992666840553284,C57.0,C79.8,D07.3,D28.2,D39.7
1405,3,输卵管-卵巢,tubo-ovarian,C57.8 C79.8 D07.3 D28.7 D39.7,0.9720361232757568,C57.8,C79.8,D07.3,D28.7,D39.7
1405,3,输卵管系膜,mesosalpinx,C57.1 C79.8 D28.2 D39.7,0.9620959162712097,C57.1,C79.8,,D28.2,D39.7
1405,3,输尿管,ureter,C66 C79.1 D09.1 D30.2 D41.2,0.9372860193252563,C66,C79.1,D09.1,D30.2,D41.2
1405,4,口,orifice,C67.6 C79.1 D09.0 D30.3 D41.4,0.6640192866325378,C67.6,C79.1,D09.0,D30.3,D41.4
1405,3,书页式(嘴),book leaf (mouth),C06.8 C79.8 D00.0 D10.3 D37.0,0.9912465214729309,C06.8,C79.8,D00.0,D10.3,D37.0
1405,3,斯基恩腺,Skene's gland,C68.1 C79.1 D09.1 D30.7 D41.7,0.9890658259391785,C68.1,C79.1,D09.1,D30.7,D41.7
1405,3,斯滕森管[腮腺管],Stensen's duct,C07 C79.8 D00.0 D11.0 D37.0,0.9961981177330017,C07,C79.8,D00.0,D11.0,D37.0
1405,3,松果(体)(腺),pineal (body) (gland),C75.3 C79.8 D35.4 D44.5,0.9790359735488892,C75.3,C79.8,,D35.4,D44.5
1405,3,髓(骨),marrow (bone),C96.9 C79.5 D47.9,0.9668878316879272,C96.9,C79.5,,,D47.9
1405,3,髓核,nucleus pulposus,C41.2 C79.5 D16.6 D48.0,0.9439250826835632,C41.2,C79.5,,D16.6,D48.0
1405,3,髓质,medulla,,0.9892772436141968,,,,,
1405,4,肾上腺,adrenal,C74.1 C79.7 D09.3 D35.0 D44.1,0.9207512140274048,C74.1,C79.7,D09.3,D35.0,D44.1
1405,4,延髓,oblongata,C71.7 C79.3 D33.1 D43.1,0.7820404171943665,C71.7,C79.3,,D33.1,D43.1
1405,3,索，带(真)(声),cord (true) (vocal),C32.0 C78.3 D02.0 D14.1 D38.0,0.9823387861251831,C32.0,C78.3,D02.0,D14.1,D38.0
1405,4,假,false,C32.1 C78.3 D02.0 D14.1 D38.0,0.933316707611084,C32.1,C78.3,D02.0,D14.1,D38.0
1405,4,脊髓(颈)(腰)(骶)(胸),spinal (cervical) (lumbar) (sacral) (thoracic),C72.0 C79.4 D33.4 D43.4,0.8256012201309204,C72.0,C79.4,,D33.4,D43.4
1405,4,精索,spermatic,C63.1 C79.8 D07.6 D29.7 D40.7,0.9782006144523621,C63.1,C79.8,D07.6,D29.7,D40.7
1405,3,锁骨,clavicle,C41.3 C79.5 D16.7 D48.0,0.9748197197914124,C41.3,C79.5,,D16.7,D48.0
1406,3,锁骨上区,supraclavicular region,C76.0 C79.8 D09.7 D36.7 D48.7,0.9986998438835144,C76.0,C79.8,D09.7,D36.7,D48.7
1406,3,锁骨下(区) #,infraclavicular (region) #,C76.1 C79.8 D04.5 D36.7 D48.7,0.9901698231697083,C76.1,C79.8,D04.5,D36.7,D48.7
1406,3,胎膜,fetal membrane,C58 C79.8 D07.3 D26.7 D39.2,0.9946982264518738,C58,C79.8,D07.3,D26.7,D39.2
1406,3,胎盘,placenta,C58 C79.8 D07.3 D26.7 D39.2,0.9290091395378113,C58,C79.8,D07.3,D26.7,D39.2
1406,3,毯(脑的),tapetum,C71.8 C79.3 D33.2 D43.2,0.9678429365158081,C71.8,C79.3,,D33.2,D43.2
1406,3,特指部位 NEC,specified site NEC,C76.7 C79.8 D09.7 D36.7 D48.7,0.9975965023040771,C76.7,C79.8,D09.7,D36.7,D48.7
1406,3,体,corpus,,0.9255450367927551,,,,,
1406,4,胃,gastric,C16.2 C78.8 D00.2 D13.1 D37.1,0.7193720936775208,C16.2,C78.8,D00.2,D13.1,D37.1
1406,4,纹状,striatum,C71.0 C79.3 D33.0 D43.0,0.7742568850517273,C71.0,C79.3,,D33.0,D43.0
1406,4,阴蒂海绵,cavernosum,C60.2 C79.8 D07.4 D29.0 D40.7,0.9548895955085754,C60.2,C79.8,D07.4,D29.0,D40.7
1406,4,阴茎,penis,C60.2 C79.8 D07.4 D29.0 D40.7,0.8352278470993042,C60.2,C79.8,D07.4,D29.0,D40.7
1406,4,子宫,uteri,C54.9 C79.8 D07.3 D26.1 D39.0,0.7572641372680664,C54.9,C79.8,D07.3,D26.1,D39.0
1406,5,峡,isthmus,C54.0 C79.8 D07.3 D26.1 D39.0,0.7539160847663879,C54.0,C79.8,D07.3,D26.1,D39.0
1406,4,胼胝,callosum,C71.0 C79.3 D33.2 D43.2,0.8022770881652832,C71.0,C79.3,,D33.2,D43.2
1406,3,听，耳,auditory,,0.8939391374588013,,,,,
1406,4,内,internal,C30.1 C78.3 D02.3 D14.0 D38.5,0.748681366443634,C30.1,C78.3,D02.3,D14.0,D38.5
1406,4,道(外),canal (external),C44.2 C79.2 D04.2 D23.2 D48.5,0.8758935928344727,C44.2,C79.2,D04.2,D23.2,D48.5
1406,5,内,internal,C30.1 C78.3 D02.3 D14.0 D38.5,0.7203074097633362,C30.1,C78.3,D02.3,D14.0,D38.5
1406,4,管,tube,C30.1 C78.3 D02.3 D14.0 D38.5,0.8314644694328308,C30.1,C78.3,D02.3,D14.0,D38.5
1406,5,开口,opening,C11.2 C79.8 D00.0 D10.6 D37.0,0.8235670328140259,C11.2,C79.8,D00.0,D10.6,D37.0
1406,4,神经,nerve,C72.4 C79.4 D33.3 D43.3,0.7942765951156616,C72.4,C79.4,,D33.3,D43.3
1406,3,头 NEC #,head NEC #,C76.0 C79.8 D04.4 D36.7 D48.7,0.9695271849632263,C76.0,C79.8,D04.4,D36.7,D48.7
1406,3,头皮,scalp,C44.4 C79.2 D04.4 D23.4 D48.5,0.9767774939537048,C44.4,C79.2,D04.4,D23.4,D48.5
1406,3,腿 NEC #,leg NEC #,C76.5 C79.8 D04.7 D36.7 D48.7,0.8684624433517456,C76.5,C79.8,D04.7,D36.7,D48.7
1406,3,臀(部) NEC #,"buttock, gluteal region NEC #",C76.3 C79.8 D04.5 D36.7 D48.7,0.9046823978424072,C76.3,C79.8,D04.5,D36.7,D48.7
1406,3,瓦尔代尔扁桃体环,Waldeyer's ring,C14.2 C79.8 D00.0 D10.9 D37.0,0.9920576810836792,C14.2,C79.8,D00.0,D10.9,D37.0
1406,3,外,external,,0.9881590604782104,,,,,
1406,4,道(耳),meatus (ear),C44.2 C79.2 D04.2 D23.2 D48.5,0.9241516590118408,C44.2,C79.2,D04.2,D23.2,D48.5
1406,4,子宫口,os uteri,C53.1 C79.8 D06.1 D26.0 D39.0,0.8027027249336243,C53.1,C79.8,D06.1,D26.0,D39.0
1406,3,外宫颈,exocervix,C53.1 C79.8 D06.1 D26.0 D39.0,0.9745362997055054,C53.1,C79.8,D06.1,D26.0,D39.0
1406,3,外阴,vulva,C51.9 C79.8 D07.1 D28.0 D39.7,0.9299046397209167,C51.9,C79.8,D07.1,D28.0,D39.7
1406,3,外阴阴道腺,vulvovaginal gland,C51.0 C79.8 D07.1 D28.0 D39.7,0.9714310169219971,C51.0,C79.8,D07.1,D28.0,D39.7
1406,3,腕 NEC #,wrist NEC #,C76.4 C79.8 D04.6 D36.7 D48.7,0.9196352362632751,C76.4,C79.8,D04.6,D36.7,D48.7
1406,3,网膜,omentum,C48.1 C78.6 D20.1 D48.4,0.920682966709137,C48.1,C78.6,,D20.1,D48.4
1406,3,维尔松管,Wirsung's duct,C25.3 C78.8 D01.7 D13.6 D37.7,0.9941627383232117,C25.3,C78.8,D01.7,D13.6,D37.7
1406,3,尾骨,"coccyx, coccygeal",C41.4 C79.5 D16.8 D48.0,0.9775627255439758,C41.4,C79.5,,D16.8,D48.0
1406,3,体或球,body or glomus,C75.5 C79.8 D35.6 D44.7,0.8805638551712036,C75.5,C79.8,,D35.6,D44.7
1406,4,椎骨,vertebra,C41.4 C79.5 D16.8 D48.0,0.8664005994796753,C41.4,C79.5,,D16.8,D48.0
1407,3,胃,"gastric, stomach, ventriculus",C16.9 C78.8 D00.2 D13.1 D37.1,0.9979208707809448,C16.9,C78.8,D00.2,D13.1,D37.1
1407,4,贲门,cardia,C16.0 C78.8 D00.2 D13.1 D37.1,0.8132647275924683,C16.0,C78.8,D00.2,D13.1,D37.1
1407,4,贲门口,cardiac orifice,C16.0 C78.8 D00.2 D13.1 D37.1,0.8514467477798462,C16.0,C78.8,D00.2,D13.1,D37.1
1407,4,壁 NEC,wall NEC,C16.9 C78.8 D00.2 D13.1 D37.1,0.8015981316566467,C16.9,C78.8,D00.2,D13.1,D37.1
1407,5,后 NEC,posterior NEC,C16.8 C78.8 D00.2 D13.1 D37.1,0.8292263746261597,C16.8,C78.8,D00.2,D13.1,D37.1
1407,5,前 NEC,anterior NEC,C16.8 C78.8 D00.2 D13.1 D37.1,0.8000981211662292,C16.8,C78.8,D00.2,D13.1,D37.1
1407,4,大弯 NEC,greater curvature NEC,C16.6 C78.8 D00.2 D13.1 D37.1,0.8870683908462524,C16.6,C78.8,D00.2,D13.1,D37.1
1407,4,底,fundus,C16.1 C78.8 D00.2 D13.1 D37.1,0.6980986595153809,C16.1,C78.8,D00.2,D13.1,D37.1
1407,4,窦,antrum,C16.3 C78.8 D00.2 D13.1 D37.1,0.6505710482597351,C16.3,C78.8,D00.2,D13.1,D37.1
1407,4,体,"body, corpus",C16.2 C78.8 D00.2 D13.1 D37.1,0.7303524017333984,C16.2,C78.8,D00.2,D13.1,D37.1
1407,4,小弯 NEC,lesser curvature NEC,C16.5 C78.8 D00.2 D13.1 D37.1,0.8341423273086548,C16.5,C78.8,D00.2,D13.1,D37.1
1407,4,幽门,pylorus,C16.4 C78.8 D00.2 D13.1 D37.1,0.7767356634140015,C16.4,C78.8,D00.2,D13.1,D37.1
1407,4,幽门前,prepylorus,C16.4 C78.8 D00.2 D13.1 D37.1,0.856726348400116,C16.4,C78.8,D00.2,D13.1,D37.1
1407,3,胃肠(道) NEC,gastrointestinal (tract) NEC,C26.9 C78.8 D01.9 D13.9 D37.9,0.9638259410858154,C26.9,C78.8,D01.9,D13.9,D37.9
1407,3,胃食管连接处,gastroesophageal junction,C16.0 C78.8 D00.2 D13.1 D37.1,0.9912375807762146,C16.0,C78.8,D00.2,D13.1,D37.1
1407,3,魏尔啸腺,Virchow's gland,C77.0 D36.0 D48.7,0.988139271736145,,C77.0,,D36.0,D48.7
1407,3,窝,fossa,,0.9550215601921082,,,,,
1407,4,扁桃体,tonsillar,C09.0 C79.8 D00.0 D10.5 D37.0,0.8869293332099915,C09.0,C79.8,D00.0,D10.5,D37.0
1407,4,垂体,pituitary,C75.1 C79.8 D09.3 D35.2 D44.3,0.8171210289001465,C75.1,C79.8,D09.3,D35.2,D44.3
1407,4,后(颅),posterior (cranial),C71.9 C79.3 D33.2 D43.2,0.9511820673942566,C71.9,C79.3,,D33.2,D43.2
1407,4,梨状,piriform,C12 C79.8 D00.0 D10.7 D37.0,0.7412365674972534,C12,C79.8,D00.0,D10.7,D37.0
1407,4,颅,cranial,C71.9 C79.3 D33.2 D43.2,0.7916787266731262,C71.9,C79.3,,D33.2,D43.2
1407,4,罗森米勒(咽隐窝),Rosenmüller,C11.2 C79.8 D00.0 D10.6 D37.0,0.9645544290542603,C11.2,C79.8,D00.0,D10.6,D37.0
1407,4,前(颅),anterior (cranial),C71.9 C79.3 D33.2 D43.2,0.8322265148162842,C71.9,C79.3,,D33.2,D43.2
1407,4,翼状,pterygoid,C49.0 C79.8 D21.0 D48.1,0.8052334785461426,C49.0,C79.8,,D21.0,D48.1
1407,4,中(颅),middle (cranial),C71.9 C79.3 D33.2 D43.2,0.7909271717071533,C71.9,C79.3,,D33.2,D43.2
1407,4,坐骨直肠,ischiorectal,C76.3 C79.8 D36.7 D48.7,0.8811480402946472,C76.3,C79.8,,D36.7,D48.7
1407,3,沃顿管,Wharton's duct,C08.0 C79.8 D00.0 D11.7 D37.0,0.972339391708374,C08.0,C79.8,D00.0,D11.7,D37.0
1407,3,沃尔夫(体)(管),Wolffian (body)(duct),,0.9677854776382446,,,,,
1407,4,男性,male,C63.7 C79.8 D07.6 D29.7 D40.7,0.8292040228843689,C63.7,C79.8,D07.6,D29.7,D40.7
1407,4,女性,female,C57.7 C79.8 D07.3 D28.7 D39.7,0.689887285232544,C57.7,C79.8,D07.3,D28.7,D39.7
1407,3,膝 NEC #,knee NEC #,C76.5 C79.8 D04.7 D36.7 D48.7,0.9184198379516602,C76.5,C79.8,D04.7,D36.7,D48.7
1407,3,系带,frenulum,,0.9573557376861572,,,,,
1407,4,唇-见肿瘤，唇，内的,"labii - see Neoplasm, lip, internal",,0.882223904132843,,,,,
1407,4,舌,linguae,C02.2 C79.8 D00.0 D10.1 D37.0,0.8269055485725403,C02.2,C79.8,D00.0,D10.1,D37.0
1407,3,细支气管,bronchiole,C34.9 C78.0 D02.2 D14.3 D38.1,0.9807125329971313,C34.9,C78.0,D02.2,D14.3,D38.1
1407,3,下丘脑,hypothalamus,C71.0 C79.3 D33.0 D43.0,0.9601022005081177,C71.0,C79.3,,D33.0,D43.0
1408,3,下颌骨,mandible,C41.1 C79.5 D16.5 D48.0,0.9599409103393555,C41.1,C79.5,,D16.5,D48.0
1408,4,牙槽,alveolar,,0.8756322860717773,,,,,
1408,4,癌(粘膜),carcinoma (mucosa),C03.1 C79.8,0.8539012670516968,C03.1,C79.8,,,
1408,5,粘膜,mucosa,C03.1 C79.8 D00.0 D10.3 D37.0,0.8626323938369751,C03.1,C79.8,D00.0,D10.3,D37.0
1408,5,嵴或突,ridge or process,C41.1 C79.5 D16.5 D48.0,0.9231911301612854,C41.1,C79.5,,D16.5,D48.0
1408,3,下颌下腺,submandibular gland,C08.0 C79.8 D00.0 D11.7 D37.0,0.9725437164306641,C08.0,C79.8,D00.0,D11.7,D37.0
1408,3,纤维组织 - 见肿瘤，结缔组织,"fibrous tissue - see Neoplasm, connective tissue",,0.9270946979522705,,,,,
1408,3,涎腺或涎管(大),salivary gland or duct (major),C08.9 C79.8 D00.0 D11.9 D37.0,0.9815674424171448,C08.9,C79.8,D00.0,D11.9,D37.0
1408,4,小 NEC,minor NEC,C06.9 C79.8 D00.0 D10.3 D37.0,0.835898220539093,C06.9,C79.8,D00.0,D10.3,D37.0
1408,4,上颌下,submaxillary,C08.0 C79.8 D00.0 D11.7 D37.0,0.9173015356063843,C08.0,C79.8,D00.0,D11.7,D37.0
1408,4,下颌下,submandibular,C08.0 C79.8 D00.0 D11.7 D37.0,0.9411617517471313,C08.0,C79.8,D00.0,D11.7,D37.0
1408,4,腮腺,parotid,C07 C79.8 D00.0 D11.0 D37.0,0.868764340877533,C07,C79.8,D00.0,D11.0,D37.0
1408,4,舌下,sublingual,C08.1 C79.8 D00.0 D11.7 D37.0,0.8089109659194946,C08.1,C79.8,D00.0,D11.7,D37.0
1408,3,腺(淋巴)(系统)-另见肿瘤，淋巴，腺,"gland, glandular (lymphatic) (system) - see also Neoplasm, lymph, gland",,0.9851965308189392,,,,,
1408,4,内分泌 NEC,endocrine NEC,C75.9 C79.8 D09.3 D35.9 D44.9,0.952053427696228,C75.9,C79.8,D09.3,D35.9,D44.9
1408,4,涎-见肿瘤，涎腺,"salivary - see Neoplasm, salivary gland",,0.9325470924377441,,,,,
1408,3,腺样(组织),adenoid (tissue),C11.1 C79.8 D00.0 D10.6 D37.0,0.9899527430534363,C11.1,C79.8,D00.0,D10.6,D37.0
1408,3,消化道 NEC,alimentary canal or tract NEC,C26.9 C78.8 D01.9 D13.9 D37.9,0.9812459945678711,C26.9,C78.8,D01.9,D13.9,D37.9
1408,3,消化器官、系统、管或道 NEC,"digestive organs, system, tube or tract NEC",C26.9 C78.8 D01.9 D13.9 D37.9,0.986442506313324,C26.9,C78.8,D01.9,D13.9,D37.9
1408,3,小管,canaliculi,,0.986442506313324,,,,,
1408,4,胆,biliferi,C22.1 C78.7 D01.5 D13.4 D37.6,0.6965250968933105,C22.1,C78.7,D01.5,D13.4,D37.6
1408,4,肝内,intrahepatic,C22.1 C78.7 D01.5 D13.4 D37.6,0.7334877252578735,C22.1,C78.7,D01.5,D13.4,D37.6
1408,3,小囊，前列腺,"utricle, prostatic",C68.0 C79.1 D09.1 D30.4 D41.3,0.9932004809379578,C68.0,C79.1,D09.1,D30.4,D41.3
1408,3,小脑,"cerebellum, cerebellar",C71.6 C79.3 D33.1 D43.1,0.991734504699707,C71.6,C79.3,,D33.1,D43.1
1408,3,小脑脑桥,cerebellopontine,C71.6 C79.3 D33.1 D43.1,0.9957519769668579,C71.6,C79.3,,D33.1,D43.1
1408,3,小舌，肺,"lingula, lung",C34.1 C78.0 D02.2 D14.3 D38.1,0.9936360716819763,C34.1,C78.0,D02.2,D14.3,D38.1
1408,3,小柱,columnella,C44.3 C79.2 D04.3 D23.3 D48.5,0.927302360534668,C44.3,C79.2,D04.3,D23.3,D48.5
1408,3,斜坡(蝶骨或枕骨),clivus,C41.0 C79.5 D16.4 D48.0,0.9203449487686157,C41.0,C79.5,,D16.4,D48.0
1408,3,胁腹 NEC #,flank NEC #,C76.7 C79.8 D04.5 D36.7 D48.7,0.9429206252098083,C76.7,C79.8,D04.5,D36.7,D48.7
1408,3,泄殖腔原性区,cloacogenic zone,C21.2 C78.5 D01.3 D12.9 D37.7,0.9979075193405151,C21.2,C78.5,D01.3,D12.9,D37.7
1408,3,心包,pericardium,C38.0 C79.8 D15.1 D48.7,0.9504234194755554,C38.0,C79.8,,D15.1,D48.7
1408,3,心肌,myocardium,C38.0 C79.8 D15.1 D48.7,0.9638856649398804,C38.0,C79.8,,D15.1,D48.7
1408,3,心内膜,endocardium,C38.0 C79.8 D15.1 D48.7,0.9659083485603333,C38.0,C79.8,,D15.1,D48.7
1408,3,心外膜,epicardium,C38.0 C79.8 D15.1 D48.7,0.9508354663848877,C38.0,C79.8,,D15.1,D48.7
1408,3,心脏,heart,C38.0 C79.8 D15.1 D48.7,0.9058976769447327,C38.0,C79.8,,D15.1,D48.7
1408,3,胸(壁) NEC,chest (wall) NEC,C76.1 C79.8 D09.7 D36.7 D48.7,0.9939939379692078,C76.1,C79.8,D09.7,D36.7,D48.7
1409,3,胸(腔)(器官 NEC),"thorax, thoracic (cavity) (organs NEC)",C76.1 C79.8 D09.7 D36.7 D48.7,0.9632593989372253,C76.1,C79.8,D09.7,D36.7,D48.7
1409,4,壁 NEC,wall NEC,C76.1 C79.8 D09.7 D36.7 D48.7,0.8820201754570007,C76.1,C79.8,D09.7,D36.7,D48.7
1409,4,导管,duct,C49.3 C79.8 D21.3 D48.1,0.842390775680542,C49.3,C79.8,,D21.3,D48.1
1409,3,胸骨,sternum,C41.3 C79.5 D16.7 D48.0,0.9773629903793335,C41.3,C79.5,,D16.7,D48.0
1409,3,胸骨下,substernal,C38.1 C78.1 D15.2 D38.3,0.958994448184967,C38.1,C78.1,,D15.2,D38.3
1409,3,胸膜(腔),"pleura, pleural (cavity)",C38.4 C78.2 D15.7 D38.2,0.9737485647201538,C38.4,C78.2,,D15.7,D38.2
1409,4,壁,parietal,C38.4 C78.2 D15.7 D38.2,0.9199998378753662,C38.4,C78.2,,D15.7,D38.2
1409,4,内脏,visceral,C38.4 C78.2 D15.7 D38.2,0.8383470773696899,C38.4,C78.2,,D15.7,D38.2
1409,3,胸膜下,subpleural,C34.9 C78.0 D02.2 D14.3 D38.1,0.9663320779800415,C34.9,C78.0,D02.2,D14.3,D38.1
1409,3,胸内(腔)(器官 NEC),intrathoracic (cavity) (organs NEC),C76.1 C79.8 D36.7 D48.7,0.9548611044883728,C76.1,C79.8,,D36.7,D48.7
1409,3,胸(腺),thymus (gland),C37 C79.8 D09.3 D15.0 D38.4,0.990777313709259,C37,C79.8,D09.3,D15.0,D38.4
1409,3,嗅脑,rhinencephalon,C71.0 C79.3 D33.0 D43.0,0.97152179479599,C71.0,C79.3,,D33.0,D43.0
1409,3,嗅神经或球,olfactory nerve or bulb,C72.2 C79.4 D33.3 D43.3,0.9951950907707214,C72.2,C79.4,,D33.3,D43.3
1409,3,悬雍垂,uvula,C05.2 C79.8 D00.0 D10.3 D37.0,0.9600214958190918,C05.2,C79.8,D00.0,D10.3,D37.0
1409,3,血管-见肿瘤，结缔组织,"blood vessel, vein, venous, vascular - see Neoplasm, connective tissue",,0.9895191788673401,,,,,
1409,3,牙槽 NEC,"alveolus, alveolar, tooth socket NEC",C03.9 C79.8 D00.0 D10.3 D37.0,0.8523836135864258,C03.9,C79.8,D00.0,D10.3,D37.0
1409,4,上,upper,C03.0 C79.8 D00.0 D10.3 D37.0,0.616905152797699,C03.0,C79.8,D00.0,D10.3,D37.0
1409,4,下,lower,C03.1 C79.8 D00.0 D10.3 D37.0,0.6929529309272766,C03.1,C79.8,D00.0,D10.3,D37.0
1409,4,沟,sulcus,C06.1 C79.8 D00.0 D10.3 D37.0,0.8680793642997742,C06.1,C79.8,D00.0,D10.3,D37.0
1409,4,嵴或突,ridge or process,C41.1 C79.5 D16.5 D48.0,0.9497906565666199,C41.1,C79.5,,D16.5,D48.0
1409,4,上,upper,C41.0 C79.5 D16.4 D48.0,0.6634508967399597,C41.0,C79.5,,D16.4,D48.0
1409,4,下,lower,C41.1 C79.5 D16.5 D48.0,0.6274294257164001,C41.1,C79.5,,D16.5,D48.0
1409,3,癌,carcinoma,C03.9 C79.8,0.9909306764602661,C03.9,C79.8,,,
1409,4,上,upper,C03.0 C79.8,0.9903049468994141,C03.0,C79.8,,,
1409,4,下,lower,C03.1 C79.8,0.9602252840995789,C03.1,C79.8,,,
1409,3,粘膜,mucosa,C03.9 C79.8 D00.0 D10.3 D37.0,0.8997671604156494,C03.9,C79.8,D00.0,D10.3,D37.0
1409,4,上,upper,C03.0 C79.8 D00.0 D10.3 D37.0,0.9810290336608887,C03.0,C79.8,D00.0,D10.3,D37.0
1409,4,下,lower,C03.1 C79.8 D00.0 D10.3 D37.0,0.9771175980567932,C03.1,C79.8,D00.0,D10.3,D37.0
1409,3,粘膜,mucosa,C03.9 C79.8 D00.0 D10.3 D37.0,0.9943987727165222,C03.9,C79.8,D00.0,D10.3,D37.0
1409,4,上,upper,C03.0 C79.8 D00.0 D10.3 D37.0,0.9870417714118958,C03.0,C79.8,D00.0,D10.3,D37.0
1409,4,下,lower,C03.1 C79.8 D00.0 D10.3 D37.0,0.9533637166023254,C03.1,C79.8,D00.0,D10.3,D37.0
1409,3,牙源性 - 见肿瘤，颌骨，骨,"odontogenic - see Neoplasm, jaw, bone",,0.9187952280044556,,,,,
1409,3,牙周组织 NEC,periodontal tissue NEC,C03.9 C79.8 D00.0 D10.3 D37.0,0.9600441455841064,C03.9,C79.8,D00.0,D10.3,D37.0
1410,3,咽,"pharynx, pharyngeal",C14.0 C79.8 D00.0 D10.9 D37.0,0.9952718019485474,C14.0,C79.8,D00.0,D10.9,D37.0
1410,4,壁(侧)(后),wall (lateral) (posterior),C14.0 C79.8 D00.0 D10.9 D37.0,0.9447014331817627,C14.0,C79.8,D00.0,D10.9,D37.0
1410,4,扁桃体,tonsil,C11.1 C79.8 D00.0 D10.6 D37.0,0.8583952188491821,C11.1,C79.8,D00.0,D10.6,D37.0
1410,4,穹窿,fornix,C11.3 C79.8 D00.0 D10.6 D37.0,0.9219537377357483,C11.3,C79.8,D00.0,D10.6,D37.0
1410,4,区,region,C14.0 C79.8 D00.0 D10.9 D37.0,0.6787765026092529,C14.0,C79.8,D00.0,D10.9,D37.0
1410,4,隐窝,recess,C11.2 C79.8 D00.0 D10.6 D37.0,0.8413547873497009,C11.2,C79.8,D00.0,D10.6,D37.0
1410,3,咽鼓管,eustachian tube,C30.1 C78.3 D02.3 D14.0 D38.5,0.9890726804733276,C30.1,C78.3,D02.3,D14.0,D38.5
1410,3,咽喉,throat,C14.0 C79.8 D00.0 D10.9 D37.0,0.9480137825012207,C14.0,C79.8,D00.0,D10.9,D37.0
1410,3,咽后,retropharyngeal,C14.0 C79.8 D00.0 D10.9 D37.0,0.9690527319908142,C14.0,C79.8,D00.0,D10.9,D37.0
1410,3,咽门 NEC,"fauces, faucial NEC",C10.9 C79.8 D00.0 D10.5 D37.0,0.9443274736404419,C10.9,C79.8,D00.0,D10.5,D37.0
1410,4,扁桃体,tonsil,C09.9 C79.8 D00.0 D10.4 D37.0,0.8917844891548157,C09.9,C79.8,D00.0,D10.4,D37.0
1410,4,柱,pillars,C09.1 C79.8 D00.0 D10.5 D37.0,0.887968122959137,C09.1,C79.8,D00.0,D10.5,D37.0
1410,3,咽门柱,pillars of fauces,C09.1 C79.8 D00.0 D10.5 D37.0,0.9983903169631958,C09.1,C79.8,D00.0,D10.5,D37.0
1410,3,咽系膜-见肿瘤，口咽,"mesopharynx - see Neoplasm, oropharynx",,0.9950700402259827,,,,,
1410,3,咽下 NEC,"hypopharynx, hypopharyngeal NEC",C13.9 C79.8 D00.0 D10.7 D37.0,0.9146796464920044,C13.9,C79.8,D00.0,D10.7,D37.0
1410,4,后壁,posterior wall,C13.2 C79.8 D00.0 D10.7 D37.0,0.8165336847305298,C13.2,C79.8,D00.0,D10.7,D37.0
1410,3,眼 NEC,eye NEC,C69.9 C79.4 D09.2 D31.9 D48.7,0.9438219666481018,C69.9,C79.4,D09.2,D31.9,D48.7
1410,3,眼眉部,eyebrow,C44.3 C79.2 D04.3 D23.3 D48.5,0.9249478578567505,C44.3,C79.2,D04.3,D23.3,D48.5
1410,3,眼内,intraocular,C69.4 C79.4 D09.2 D31.4 D48.7,0.9593582153320312,C69.4,C79.4,D09.2,D31.4,D48.7
1410,3,眼球,eyeball,C69.4 C79.4 D09.2 D31.4 D48.7,0.9467467069625854,C69.4,C79.4,D09.2,D31.4,D48.7
1410,3,眼球后的,retrobulbar,C69.6 C79.4 D31.6 D48.7,0.9884465336799622,C69.6,C79.4,,D31.6,D48.7
1410,3,眼外肌,extraocular muscle,C69.6 C79.4 D31.6 D48.7,0.9867457151412964,C69.6,C79.4,,D31.6,D48.7
1410,3,眼睑(下)(上)(皮肤),"eyelid, lid (lower)(upper) (skin)",C44.1 C79.2 D04.1 D23.1 D48.5,0.9961384534835815,C44.1,C79.2,D04.1,D23.1,D48.5
1410,4,软骨,cartilage,C49.0 C79.8 D21.0 D48.1,0.8546877503395081,C49.0,C79.8,,D21.0,D48.1
1410,3,腰骶丛,lumbosacral plexus,C47.5 C79.8 D36.1 D48.2,0.9917418956756592,C47.5,C79.8,,D36.1,D48.2
1410,3,叶(肺),lobe (lung),,0.9832766652107239,,,,,
1410,4,上,upper,C34.1 C78.0 D02.2 D14.3 D38.1,0.8918746709823608,C34.1,C78.0,D02.2,D14.3,D38.1
1410,4,中,middle,C34.2 C78.0 D02.2 D14.3 D38.1,0.8972659707069397,C34.2,C78.0,D02.2,D14.3,D38.1
1410,4,下,lower,C34.3 C78.0 D02.2 D14.3 D38.1,0.9638980627059937,C34.3,C78.0,D02.2,D14.3,D38.1
1410,4,顶,parietal,C71.3 C79.3 D33.0 D43.0,0.925142765045166,C71.3,C79.3,,D33.0,D43.0
1410,4,额,frontal,C71.1 C79.3 D33.0 D43.0,0.9763855338096619,C71.1,C79.3,,D33.0,D43.0
1410,4,奇,azygos,C34.1 C78.0 D02.2 D14.3 D38.1,0.9999540448188782,C34.1,C78.0,D02.2,D14.3,D38.1
1410,4,颞,temporal,C71.2 C79.3 D33.0 D43.0,0.9727416634559631,C71.2,C79.3,,D33.0,D43.0
1410,4,枕,occipital,C71.4 C79.3 D33.0 D43.0,0.8487879633903503,C71.4,C79.3,,D33.0,D43.0
1410,3,腋,"axilla, axillary",C76.1 C79.8 D09.7 D36.7 D48.7,0.6786633133888245,C76.1,C79.8,D09.7,D36.7,D48.7
1410,4,襞,fold,C44.5 C79.2 D04.5 D23.5 D48.5,0.9974944591522217,C44.5,C79.2,D04.5,D23.5,D48.5
1411,3,胰腺,pancreas,C25.9 C78.8 D01.7 D13.6 D37.7,0.9767001271247864,C25.9,C78.8,D01.7,D13.6,D37.7
1411,4,管(圣托理尼)(维尔松),duct (of Santorini) (of Wirsung),C25.3 C78.8 D01.7 D13.6 D37.7,0.9233011603355408,C25.3,C78.8,D01.7,D13.6,D37.7
1411,4,颈,neck,C25.7 C78.8 D01.7 D13.6 D37.7,0.6910252571105957,C25.7,C78.8,D01.7,D13.6,D37.7
1411,4,体,body,C25.1 C78.8 D01.7 D13.6 D37.7,0.8130092620849609,C25.1,C78.8,D01.7,D13.6,D37.7
1411,4,头,head,C25.0 C78.8 D01.7 D13.6 D37.7,0.8422672152519226,C25.0,C78.8,D01.7,D13.6,D37.7
1411,4,尾部,tail,C25.2 C78.8 D01.7 D13.6 D37.7,0.8374477028846741,C25.2,C78.8,D01.7,D13.6,D37.7
1411,4,胰岛,islet cells,C25.4 C78.8 D01.7 D13.7 D37.7,0.8460351824760437,C25.4,C78.8,D01.7,D13.7,D37.7
1411,3,胰周,peripancreatic,C48.0 C78.6 D20.0 D48.3,0.9866847395896912,C48.0,C78.6,,D20.0,D48.3
1411,3,乙状(曲),sigmoid (flexure),C18.7 C78.5 D01.0 D12.5 D37.4,0.9159812927246094,C18.7,C78.5,D01.0,D12.5,D37.4
1411,3,翼状窝 NEC,pterygoid fossa NEC,C49.0 C79.8 D21.0 D48.1,0.9468498229980469,C49.0,C79.8,,D21.0,D48.1
1411,4,结缔组织,connective tissue,C49.0 C79.8 D21.0 D48.1,0.882335901260376,C49.0,C79.8,,D21.0,D48.1
1411,4,软组织,soft tissue,C49.0 C79.8 D21.0 D48.1,0.858559787273407,C49.0,C79.8,,D21.0,D48.1
1411,4,纤维组织,fibrous tissue,C49.0 C79.8 D21.0 D48.1,0.948053777217865,C49.0,C79.8,,D21.0,D48.1
1411,4,周围神经,peripheral nerve,C47.0 C79.8 D36.1 D48.2,0.9385859370231628,C47.0,C79.8,,D36.1,D48.2
1411,4,自主神经系统,autonomic nervous system,C47.0 C79.8 D36.1 D48.2,0.9450920224189758,C47.0,C79.8,,D36.1,D48.2
1411,3,阴部(女性),"pudenda, pudendum (female)",C51.9 C79.8 D07.1 D28.0 D39.7,0.9930169582366943,C51.9,C79.8,D07.1,D28.0,D39.7
1411,3,阴唇(皮肤),"labia, labium (skin)",C51.9 C79.8 D07.1 D28.0 D39.7,0.9894305467605591,C51.9,C79.8,D07.1,D28.0,D39.7
1411,4,大,"majora, majus",C51.0 C79.8 D07.1 D28.0 D39.7,0.8870241045951843,C51.0,C79.8,D07.1,D28.0,D39.7
1411,4,小,"minora, minus",C51.1 C79.8 D07.1 D28.0 D39.7,0.7322568893432617,C51.1,C79.8,D07.1,D28.0,D39.7
1411,3,阴唇系带,fourchette,C51.9 C79.8 D07.1 D28.0 D39.7,0.9606744647026062,C51.9,C79.8,D07.1,D28.0,D39.7
1411,3,阴道(穹窿)(壁),"vagina, vaginal (fornix) (vault) (wall)",C52 C79.8 D07.2 D28.1 D39.7,0.9721247553825378,C52,C79.8,D07.2,D28.1,D39.7
1411,4,隔,septum,C57.9 C79.8 D07.3 D28.9 D39.9,0.8232976794242859,C57.9,C79.8,D07.3,D28.9,D39.9
1411,3,阴道膀胱,vaginovesical,C57.9 C79.8 D07.3 D28.9 D39.9,0.9708255529403687,C57.9,C79.8,D07.3,D28.9,D39.9
1411,3,阴道旁,paravaginal,C76.3 C79.8 D36.7 D48.7,0.9561324119567871,C76.3,C79.8,,D36.7,D48.7
1411,3,阴蒂,clitoris,C51.2 C79.8 D07.1 D28.0 D39.7,0.954386293888092,C51.2,C79.8,D07.1,D28.0,D39.7
1411,3,阴茎,penis,C60.9 C79.8 D07.4 D29.0 D40.7,0.9440290331840515,C60.9,C79.8,D07.4,D29.0,D40.7
1411,4,龟头,glans,C60.1 C79.8 D07.4 D29.0 D40.7,0.8100321292877197,C60.1,C79.8,D07.4,D29.0,D40.7
1411,4,皮肤 NEC,skin NEC,C60.9 C79.8 D07.4 D29.0 D40.7,0.8679441213607788,C60.9,C79.8,D07.4,D29.0,D40.7
1411,4,体(海绵体),"body, corpus (cavernosum)",C60.2 C79.8 D07.4 D29.0 D40.7,0.9294229745864868,C60.2,C79.8,D07.4,D29.0,D40.7
1411,3,阴囊,scrotum,C63.2 C79.8 D07.6 D29.4 D40.7,0.9434725642204285,C63.2,C79.8,D07.6,D29.4,D40.7
1411,3,龈(牙槽)(边缘),"gum, gingiva (alveolar) (marginal)",C03.9 C79.8 D00.0 D10.3 D37.0,0.9711482524871826,C03.9,C79.8,D00.0,D10.3,D37.0
1411,4,上,upper,C03.0 C79.8 D00.0 D10.3 D37.0,0.648128867149353,C03.0,C79.8,D00.0,D10.3,D37.0
1411,4,下,lower,C03.1 C79.8 D00.0 D10.3 D37.0,0.6287642121315002,C03.1,C79.8,D00.0,D10.3,D37.0
1411,4,上颌,maxillary,C03.0 C79.8 D00.0 D10.3 D37.0,0.9204068183898926,C03.0,C79.8,D00.0,D10.3,D37.0
1411,4,下颌,mandibular,C03.1 C79.8 D00.0 D10.3 D37.0,0.7717206478118896,C03.1,C79.8,D00.0,D10.3,D37.0
1411,3,蚓部，小脑,"vermis, cerebellum",C71.6 C79.3 D33.1 D43.1,0.9924308657646179,C71.6,C79.3,,D33.1,D43.1
1411,3,硬膜外,"epidural, extradural",C72.9 C79.4 D33.9 D43.9,0.9829108715057373,C72.9,C79.4,,D33.9,D43.9
1412,3,硬膜下,subdural,C70.9 C79.4 D32.9 D42.9,0.9736912250518799,C70.9,C79.4,,D32.9,D42.9
1412,4,大脑,cerebral,C70.0 C79.3 D32.0 D42.0,0.7871999740600586,C70.0,C79.3,,D32.0,D42.0
1412,4,脊柱,spinal,C70.1 C79.4 D32.1 D42.1,0.9468398094177246,C70.1,C79.4,,D32.1,D42.1
1412,4,颅,cranial,C70.0 C79.3 D32.0 D42.0,0.8719725608825684,C70.0,C79.3,,D32.0,D42.0
1412,3,硬脑(脊)膜,dura (mater),C70.9 C79.4 D32.9 D42.9,0.9792689085006714,C70.9,C79.4,,D32.9,D42.9
1412,3,幽门,"prepylorus, pylorus, pyloric",C16.4 C78.8 D00.2 D13.1 D37.1,0.9945237040519714,C16.4,C78.8,D00.2,D13.1,D37.1
1412,4,窦,antrum,C16.3 C78.8 D00.2 D13.1 D37.1,0.740206778049469,C16.3,C78.8,D00.2,D13.1,D37.1
1412,4,管,canal,C16.4 C78.8 D00.2 D13.1 D37.1,0.7947753071784973,C16.4,C78.8,D00.2,D13.1,D37.1
1412,3,圆韧带,round ligament,C57.2 C79.8 D28.2 D39.7,0.9756696820259094,C57.2,C79.8,,D28.2,D39.7
1412,3,造血组织 NEC,"hematopoietic, hemopoietic tissue NEC",C96.9 D47.9,0.9711484909057617,C96.9,,,,D47.9
1412,3,盏，肾的,"calyx, renal",C65 C79.0 D09.1 D30.1 D41.1,0.9708530902862549,C65,C79.0,D09.1,D30.1,D41.1
1412,3,掌骨(任何骨),metacarpus (any bone),C40.1 C79.5 D16.1 D48.0,0.9829576015472412,C40.1,C79.5,,D16.1,D48.0
1412,3,真皮-见肿瘤，皮肤,"dermis - see Neoplasm, skin",,0.9950212836265564,,,,,
1412,3,枕叶或极,occipital lobe or pole,C71.4 C79.3 D33.0 D43.0,0.9986432194709778,C71.4,C79.3,,D33.0,D43.0
1412,3,支气管,bronchus,C34.9 C78.0 D02.2 D14.3 D38.1,0.9388933181762695,C34.9,C78.0,D02.2,D14.3,D38.1
1412,4,肺上叶,upper lobe of lung,C34.1 C78.0 D02.2 D14.3 D38.1,0.8728758096694946,C34.1,C78.0,D02.2,D14.3,D38.1
1412,4,肺中叶,middle lobe of lung,C34.2 C78.0 D02.2 D14.3 D38.1,0.8378423452377319,C34.2,C78.0,D02.2,D14.3,D38.1
1412,4,肺下叶,lower lobe of lung,C34.3 C78.0 D02.2 D14.3 D38.1,0.8525084257125854,C34.3,C78.0,D02.2,D14.3,D38.1
1412,4,隆凸,carina,C34.0 C78.0 D02.2 D14.3 D38.1,0.886852502822876,C34.0,C78.0,D02.2,D14.3,D38.1
1412,4,主,main,C34.0 C78.0 D02.2 D14.3 D38.1,0.6841299533843994,C34.0,C78.0,D02.2,D14.3,D38.1
1412,3,支气管源性(肺),"bronchiogenic, bronchogenic (lung)",C34.9 C78.0 D02.2 D14.3 D38.1,0.9965528249740601,C34.9,C78.0,D02.2,D14.3,D38.1
1412,3,肢 #,"extremity, limb #",C76.7 C79.8 D04.8 D36.7 D48.7,0.9913424253463745,C76.7,C79.8,D04.8,D36.7,D48.7
1412,4,上 #,upper #,C76.4 C79.8 D04.6 D36.7 D48.7,0.8291791677474976,C76.4,C79.8,D04.6,D36.7,D48.7
1412,4,下 #,lower #,C76.5 C79.8 D04.7 D36.7 D48.7,0.7211070656776428,C76.5,C79.8,D04.7,D36.7,D48.7
1412,3,脂肪组织 - 见肿瘤，结缔组织,"adipose, fatty tissue - see Neoplasm, connective tissue",,0.9633613228797913,,,,,
1412,3,直肠(壶腹),rectum (ampulla),C20 C78.5 D01.2 D12.8 D37.5,0.9736500978469849,C20,C78.5,D01.2,D12.8,D37.5
1412,4,和结肠,with colon,C19 C78.5 D01.1 D12.7 D37.5,0.8987942934036255,C19,C78.5,D01.1,D12.7,D37.5
1412,3,直肠膀胱隔,rectovesical septum,C76.3 C79.8 D09.7 D36.7 D48.7,0.9934574365615845,C76.3,C79.8,D09.7,D36.7,D48.7
1412,3,直肠肛门，肛门直肠(连接处),"anorectum, anorectal (junction)",C21.8 C78.5 D01.3 D12.9 D37.7,0.9905943870544434,C21.8,C78.5,D01.3,D12.9,D37.7
1412,3,直肠旁,pararectal,C76.3 C79.8 D36.7 D48.7,0.9428402185440063,C76.3,C79.8,,D36.7,D48.7
1412,3,直肠外,extrarectal,C76.3 C79.8 D36.7 D48.7,0.9669022560119629,C76.3,C79.8,,D36.7,D48.7
1412,3,直肠乙状结肠(结肠)(连接处),rectosigmoid (colon) (junction),C19 C78.5 D01.1 D12.7 D37.5,0.9921960830688477,C19,C78.5,D01.1,D12.7,D37.5
1412,3,直肠阴道隔或壁,rectovaginal septum or wall,C76.3 C79.8 D09.7 D36.7 D48.7,0.993988573551178,C76.3,C79.8,D09.7,D36.7,D48.7
1412,3,直肠子宫凹—直肠周(组织),rectouterine pouch—perirectal (tissue),C76.3 C79.8 D36.7 D48.7,0.996078610420227,C76.3,C79.8,,D36.7,D48.7
1412,3,跖(任何骨),metatarsus (any bone),C40.3 C79.5 D16.3 D48.0,0.957012951374054,C40.3,C79.5,,D16.3,D48.0
1413,3,指 NEC #,finger NEC #,C76.4 C79.8 D04.6 D36.7 D48.7,0.9630810022354126,C76.4,C79.8,D04.6,D36.7,D48.7
1413,3,指[趾]骨,phalanges,C40.9 C79.5 D16.9 D48.0,0.9628793597221375,C40.9,C79.5,,D16.9,D48.0
1413,4,手,hand,C40.1 C79.5 D16.1 D48.0,0.6770933866500854,C40.1,C79.5,,D16.1,D48.0
1413,4,足,foot,C40.3 C79.5 D16.3 D48.0,0.7376430630683899,C40.3,C79.5,,D16.3,D48.0
1413,3,趾 NEC #,toe NEC #,C76.5 C79.8 D04.7 D36.7 D48.7,0.9043751955032349,C76.5,C79.8,D04.7,D36.7,D48.7
1413,3,痔区,hemorrhoidal zone,C21.1 C78.5 D01.3 D12.9 D37.7,0.9829848408699036,C21.1,C78.5,D01.3,D12.9,D37.7
1413,3,中脑,midbrain,C71.7 C79.3 D33.1 D43.1,0.9497067928314209,C71.7,C79.3,,D33.1,D43.1
1413,3,中枢,central,,0.979811429977417,,,,,
1413,4,脑白质,white matter,C71.0 C79.3 D33.0 D43.0,0.8042811155319214,C71.0,C79.3,,D33.0,D43.0
1413,4,神经系统-见肿瘤，神经系统,"nervous system - see Neoplasm, nervous system",,0.9083753824234009,,,,,
1413,3,终丝(脊髓),filum terminale,C72.0 C79.4 D33.4 D43.4,0.9945611953735352,C72.0,C79.4,,D33.4,D43.4
1413,3,周围神经 NEC,peripheral nerve NEC,C47.9 C79.8 D36.1 D48.2,0.9951335787773132,C47.9,C79.8,,D36.1,D48.2
1413,3,肘 NEC #,elbow NEC #,C76.4 C79.8 D04.6 D36.7 D48.7,0.9136188626289368,C76.4,C79.8,D04.6,D36.7,D48.7
1413,3,蛛网膜,arachnoid,C70.9 C79.4 D32.9 D42.9,0.9472090601921082,C70.9,C79.4,,D32.9,D42.9
1413,4,大脑,cerebral,C70.0 C79.3 D32.0 D42.0,0.785111665725708,C70.0,C79.3,,D32.0,D42.0
1413,4,脊柱,spinal,C70.1 C79.4 D32.1 D42.1,0.7749208211898804,C70.1,C79.4,,D32.1,D42.1
1413,3,主动脉(胸),aorta (thoracic),C49.3 C79.8 D21.3 D48.1,0.9944329261779785,C49.3,C79.8,,D21.3,D48.1
1413,4,腹,abdominal,C49.4 C79.8 D21.4 D48.1,0.8462961316108704,C49.4,C79.8,,D21.4,D48.1
1413,3,主动脉旁体,para-aortic body,C75.5 C79.8 D35.6 D44.7,0.9984597563743591,C75.5,C79.8,,D35.6,D44.7
1413,3,主动脉体,aortic body,C75.5 C79.8 D35.6 D44.7,0.9489970207214355,C75.5,C79.8,,D35.6,D44.7
1413,3,柱，脊柱的-见肿瘤，脊柱,"column, spinal - see Neoplasm, spine",,0.9832966327667236,,,,,
1413,3,转移性，原发部位不知(多发性),"metastatic, primary site unknown (multiple)",C80,0.9986007809638977,C80,,,,
1413,3,椎间软骨或椎间盘,intervertebral cartilage or disk,C41.2 C79.5 D16.6 D48.0,0.9985066056251526,C41.2,C79.5,,D16.6,D48.0
1413,3,椎骨(柱),vertebral (column),C41.2 C79.5 D16.6 D48.0,0.9527197480201721,C41.2,C79.5,,D16.6,D48.0
1413,4,骶骨,sacrum,C41.4 C79.5 D16.8 D48.0,0.8272444009780884,C41.4,C79.5,,D16.8,D48.0
1413,4,尾骨,coccyx,C41.4 C79.5 D16.8 D48.0,0.9291757345199585,C41.4,C79.5,,D16.8,D48.0
1413,3,锥体(脑),pyramid (brain),C71.7 C79.3 D33.1 D43.1,0.9948766231536865,C71.7,C79.3,,D33.1,D43.1
1413,3,子宫,"uterus, uteri, uterine, womb",C55 C79.8 D07.3 D26.9 D39.0,0.9938017725944519,C55,C79.8,D07.3,D26.9,D39.0
1413,4,底,fundus,C54.3 C79.8 D07.3 D26.1 D39.0,0.9321144223213196,C54.3,C79.8,D07.3,D26.1,D39.0
1413,4,附件,adnexa,C57.4 C79.8 D07.3 D28.7 D39.7,0.798068642616272,C57.4,C79.8,D07.3,D28.7,D39.7
1413,4,宫颈内膜(管)(腺),endocervix (canal)(gland),C53.0 C79.8 D06.0 D26.0 D39.0,0.9254429936408997,C53.0,C79.8,D06.0,D26.0,D39.0
1413,4,角,cornu,C54.9 C79.8 D07.3 D26.1 D39.0,0.8134161829948425,C54.9,C79.8,D07.3,D26.1,D39.0
1413,4,颈,cervix,C53.9 C79.8 D06.9 D26.0 D39.0,0.8860225677490234,C53.9,C79.8,D06.9,D26.0,D39.0
1413,4,内孔,internal os,C53.0 C79.8 D06.0 D26.0 D39.0,0.9005489349365234,C53.0,C79.8,D06.0,D26.0,D39.0
1413,4,韧带,ligament,C57.3 C79.8 D28.2 D39.7,0.8380843997001648,C57.3,C79.8,,D28.2,D39.7
1413,5,阔,broad,C57.1 C79.8 D07.3 D28.2 D39.7,0.8886454105377197,C57.1,C79.8,D07.3,D28.2,D39.7
1413,5,圆,round,C57.2 C79.8 D28.2 D39.7,0.6774230599403381,C57.2,C79.8,,D28.2,D39.7
1414,4,体,"body, corpus",C54.9 C79.8 D07.3 D26.1 D39.0,0.8676466941833496,C54.9,C79.8,D07.3,D26.1,D39.0
1414,4,外宫颈,exocervix,C53.1 C79.8 D06.1 D26.0 D39.0,0.8238750696182251,C53.1,C79.8,D06.1,D26.0,D39.0
1414,4,外孔,external os,C53.1 C79.8 D06.1 D26.0 D39.0,0.8062127232551575,C53.1,C79.8,D06.1,D26.0,D39.0
1414,4,峡,isthmus,C54.0 C79.8 D07.3 D26.1 D39.0,0.7164633870124817,C54.0,C79.8,D07.3,D26.1,D39.0
1414,4,下段,lower segment,C54.0 C79.8 D07.3 D26.1 D39.0,0.9009262323379517,C54.0,C79.8,D07.3,D26.1,D39.0
1414,3,子宫骶骨韧带,uterosacral ligament,C57.3 C79.8 D28.2 D39.7,0.9949442744255066,C57.3,C79.8,,D28.2,D39.7
1414,3,子宫肌层,myometrium,C54.2 C79.8 D26.1 D39.0,0.9534170031547546,C54.2,C79.8,,D26.1,D39.0
1414,3,子宫颈 - 见宫颈,cervix,,0.9190276861190796,,,,,
1414,3,子宫卵巢,utero-ovarian,C57.8 C79.8 D28.7 D39.7,0.9684119820594788,C57.8,C79.8,,D28.7,D39.7
1414,3,子宫内膜(腺)(基质),endometrium (gland) (stroma),C54.1 C79.8 D07.0 D26.1 D39.0,0.9762504696846008,C54.1,C79.8,D07.0,D26.1,D39.0
1414,3,子宫旁组织,parametrium,C57.3 C79.8 D28.2 D39.7,0.9666926860809326,C57.3,C79.8,,D28.2,D39.7
1414,3,子宫峡,isthmus uteri,C54.0 C79.8 D07.3 D26.1 D39.0,0.9895654320716858,C54.0,C79.8,D07.3,D26.1,D39.0
1414,3,自主神经或神经系统-见肿瘤，神经，周围,"autonomic nerve or nervous system - see Neoplasm, nerve, peripheral",,0.9951406717300415,,,,,
1414,3,眦(眼)(内)(外),canthus (eye) (inner) (outer),C44.1 C79.2 D04.1 D23.1 D48.5,0.9922004342079163,C44.1,C79.2,D04.1,D23.1,D48.5
1414,3,纵隔,"mediastinum, mediastinal",C38.3 C78.1 D15.2 D38.3,0.9881769418716431,C38.3,C78.1,,D15.2,D38.3
1414,4,后,posterior,C38.2 C78.1 D15.2 D38.3,0.9557146430015564,C38.2,C78.1,,D15.2,D38.3
1414,4,前,anterior,C38.1 C78.1 D15.2 D38.3,0.8023354411125183,C38.1,C78.1,,D15.2,D38.3
1414,3,足 NEC #,foot NEC #,C76.5 C79.8 D04.7 D36.7 D48.7,0.9652138352394104,C76.5,C79.8,D04.7,D36.7,D48.7
1414,3,足跟 NEC #,heel NEC #,C76.5 C79.8 D04.7 D36.7 D48.7,0.9234888553619385,C76.5,C79.8,D04.7,D36.7,D48.7
1414,3,祖克坎德耳器,Zuckerkandl's organ,C75.5 C79.8 D35.6 D44.7,0.9984307289123535,C75.5,C79.8,,D35.6,D44.7
1414,3,坐骨,ischium,C41.4 C79.5 D16.8 D48.0,0.9722268581390381,C41.4,C79.5,,D16.8,D48.0
1414,3,坐骨直肠(窝),ischiorectal (fossa),C76.3 C79.8 D36.7 D48.7,0.9981063604354858,C76.3,C79.8,,D36.7,D48.7
1414,2,肿瘤(形成)(另见肿瘤),Neoplasia (see also Neoplasm),,0.9996724724769592,,,,,
1414,3,内分泌，多发性(多发性内分泌腺瘤形成)(另见腺瘤病，内分泌性)(M8360/1),"endocrine, multiple (MEN)(M8360/1) (see also Adenomatosis, endocrine)",D44.8,0.9832513332366943,,,,,
1414,3,上皮内,intraepithelial,,0.9885575175285339,,,,,
1414,4,宫颈(宫颈上皮内肿瘤),cervix (uteri) (CIN),N87.9,0.9854745268821716,,,,,
1414,5,Ⅰ级,grade I,N87.0,0.8719174265861511,,,,,
1414,5,Ⅱ级,grade II,N87.1,0.9234002828598022,,,,,
1414,5,Ⅲ级(重度发育不良)(M8077/2),grade III (severe dysplasia) (M8077/2),D06.9,0.9527888894081116,,,,,
1414,4,外阴(外阴上皮内肿瘤),vulva (VIN),N90.3,0.9490435719490051,,,,,
1414,5,I 级,grade I,N90.0,0.8263195157051086,,,,,
1414,5,Ⅱ级,grade II,N90.1,0.9169219136238098,,,,,
1414,5,Ⅲ级(重度发育不良)(M8077/2),grade III (severe dysplasia) (M8077/2),D07.1,0.9890592098236084,,,,,
1415,4,阴道(阴道上皮内肿瘤),vagina (VAIN),N89.3,0.9679672122001648,,,,,
1415,5,Ⅰ级,grade I,N89.0,0.8846348524093628,,,,,
1415,5,Ⅱ级,grade II,N89.1,0.9012615084648132,,,,,
1415,5,Ⅲ级(重度发育不良)(M8077/2),grade III (severe dysplasia) (M8077/2),D07.2,0.9696553349494934,,,,,
1415,2,肿瘤病毒，作为分类于他处疾病的原因,"Oncovirus, as cause of disease classified elsewhere",B97.3,0.9996331930160522,,,,,
1415,2,肿物,Mass,,0.9955191612243652,,,,,
1415,3,恶性(M8000/3)-见肿瘤，恶性,"malignant (M8000/3) - see Neoplasm, malignant",,0.9824966192245483,,,,,
1415,3,肺,lung,R91,0.9791905283927917,,,,,
1415,3,腹部，腹内(弥漫性)(全身性),"abdominal, intra-abdominal (diffuse) (generalized)",R19.0,0.9906628727912903,,,,,
1415,3,颈部,neck,R22.1,0.9577991366386414,,,,,
1415,3,局部(皮肤),localized (skin),R22.9,0.9913298487663269,,,,,
1415,4,多部位,multiple sites,R22.7,0.9721704721450806,,,,,
1415,4,颈部,neck,R22.1,0.9837558269500732,,,,,
1415,4,躯干,trunk,R22.2,0.9185707569122314,,,,,
1415,4,头部,head,R22.0,0.9491248726844788,,,,,
1415,4,胸部,chest,R22.2,0.9789214730262756,,,,,
1415,4,肢,limb,,0.704380214214325,,,,,
1415,5,上,upper,R22.3,0.950267493724823,,,,,
1415,5,下,lower,R22.4,0.8994696736335754,,,,,
1415,3,囊性-见囊肿,cystic - see Cyst,,0.9589429497718811,,,,,
1415,3,盆腔(弥漫性)(全身性),pelvic (diffuse) (generalized),R19.0,0.9759904146194458,,,,,
1415,3,脐(弥漫性)(全身性),umbilical (diffuse) (generalized),R19.0,0.977604866027832,,,,,
1415,3,浅表(局部),superficial (localized),R22.9,0.9927133321762085,,,,,
1415,3,乳房,breast,N63,0.9715374112129211,,,,,
1415,3,肾,kidney,N28.8,0.9685120582580566,,,,,
1415,3,特指的器官NEC-见病，按部位,"specified organ NEC - see Disease, by site",,0.9771179556846619,,,,,
1415,3,头部,head,R22.0,0.9275715351104736,,,,,
1415,3,胸,chest,R22.2,0.9863664507865906,,,,,
1415,3,胸骨后甲状腺(另见甲状腺肿),substernal thyroid (see also Goiter),E04.9,0.9989137649536133,,,,,
1415,2,肿胀,"Swelling (of), Engorgement",,0.9941498041152954,,,,,
1415,3,臂,arm,M79.8,0.9682084321975708,,,,,
1415,3,苍白-见结核，关节炎,"white - see Tuberculosis, arthritis",,0.9828570485115051,,,,,
1415,3,肺(被动的)(另见水肿，肺),"lung, pulmonary (passive) (see also Edema, lung)",J81,0.9763544797897339,,,,,
1415,3,腹部，腹内(与任何具体器官无关的),"abdomen, intra-abdominal (not referable to any particular organ)",R19.0,0.9982264637947083,,,,,
1415,3,睾丸,testis,N50.8,0.9775819778442383,,,,,
1415,3,关节,joint,M25.4,0.9911243319511414,,,,,
1415,3,踝,ankle,M25.4,0.97866290807724,,,,,
1415,3,脚趾,toe,M79.8,0.9850441813468933,,,,,
1415,3,颈部(局部性),neck (localized),R22.1,0.9909719228744507,,,,,
1416,3,颈淋巴结,cervical gland,R59.0,0.9815488457679749,,,,,
1416,3,静脉，视网膜,"venous, retina",H34.8,0.9863085746765137,,,,,
1416,3,局部性(皮肤),localized (skin),R22.9,0.9643115401268005,,,,,
1416,4,多部位,multiple sites,R22.7,0.9165030121803284,,,,,
1416,4,颈部,neck,R22.1,0.963082492351532,,,,,
1416,4,躯干,trunk,R22.2,0.865399956703186,,,,,
1416,4,头部,head,R22.0,0.9503275752067566,,,,,
1416,4,胸部,chest,R22.2,0.8957536816596985,,,,,
1416,4,肢,limb,,0.7836386561393738,,,,,
1416,5,上,upper,R22.3,0.9151652455329895,,,,,
1416,5,下,lower,R22.4,0.9187021255493164,,,,,
1416,3,卡拉巴,Calabar,B74.3,0.9920320510864258,,,,,
1416,3,盆腔,pelvic,R19.0,0.980150580406189,,,,,
1416,3,脐,umbilical,R19.0,0.9912880659103394,,,,,
1416,3,乳房,breast,N64.5,0.9887503385543823,,,,,
1416,4,产褥期、产后,"puerperal, postpartum",O92.2,0.9402573704719543,,,,,
1416,4,新生儿,newborn,P83.4,0.9888890981674194,,,,,
1416,3,手，手指,"hand, finger",M79.8,0.984152615070343,,,,,
1416,3,头(局部性),head (localized),R22.0,0.9832569360733032,,,,,
1416,3,腿,leg,M79.8,0.9775471687316895,,,,,
1416,3,胃,stomach,K31.8,0.9481252431869507,,,,,
1416,3,腺体,glands,R59.9,0.9927997589111328,,,,,
1416,4,局部性,localized,R59.0,0.9258492588996887,,,,,
1416,4,全身性,generalized,R59.1,0.964766263961792,,,,,
1416,3,小管性,tubular,N28.8,0.9600790143013,,,,,
1416,3,胸部，局部性,"chest, localized",R22.2,0.9948304295539856,,,,,
1416,3,炎性-见炎症,inflammatory - see Inflammation,,0.9912041425704956,,,,,
1416,3,阴囊,scrotum,N50.8,0.9767595529556274,,,,,
1416,3,游走性，由于棘颚口线虫,"wandering, due to Gnathostoma (spinigerum)",B83.1,0.9957194328308105,,,,,
1416,3,肢(下)(上),"extremity, limb (lower) (upper)",M79.8,0.975033700466156,,,,,
1416,3,足,foot,M79.8,0.9680768251419067,,,,,
1416,1,zhòng 中,,,0.9452518224716187,,,,,
1416,2,中毒[1][主要为动植物、食物造成的中毒](急性)(另见 药物和化学制剂表),Poisoning (acute) (see also Table of drugs and chemicals),T65.9,0.9843496680259705,,,,,
1416,3,贝壳类(有毒的),"mussels, shellfish (noxious)",T61.2,0.9798629879951477,,,,,
1416,4,细菌性(另见中毒[2]，食物中毒，按媒介物),"bacterial (see also Intoxication, foodborne, by agent)",A05.9,0.9822542667388916,,,,,
1416,3,蚕豆,fava bean,D55.0,0.9617568254470825,,,,,
1416,3,海产品(有毒的),seafood (noxious),T61.9,0.9839315414428711,,,,,
1416,4,特指的 NEC,specified NEC,T61.8,0.9401296973228455,,,,,
1416,4,细菌性(另见中毒[2]，食物中毒，按媒介物),"bacterial (see also Intoxication, foodborne, by agent)",A05.9,0.9740965962409973,,,,,
1417,3,浆果，有毒的,"berries, noxious",T62.1,0.9959778785705566,,,,,
1417,3,流行性，鱼(有毒的)(另见中毒[1]，鱼中毒),"epidemic, fish (noxious) (see also Poisoning, ichthyotoxism)",T61.9,0.9865053296089172,,,,,
1417,4,细菌性,bacterial,A05.9,0.9744293093681335,,,,,
1417,3,蘑菇(有毒的),mushroom (noxious),T62.0,0.98236483335495,,,,,
1417,3,葡萄球菌，食物,"staphylococcus, food",A05.0,0.9876797795295715,,,,,
1417,3,鲭鱼肉,scombroid fish,T61.1,0.9337986707687378,,,,,
1417,3,肉毒，肉毒梭状芽胞杆菌,"botulism, Clostridium botulinum",A05.1,0.9969683289527893,,,,,
1417,3,沙门菌(亚利桑那)(猪霍乱)(小肠炎)(鼠伤寒),Salmonella(arizonae)(cholerae-suis)(enteritidis) (typhimurium),A02.9,0.9866867065429688,,,,,
1417,3,食物(急性)(致病的)(感染的)(有毒的)NEC,"food, ptomaine (acute) (diseased) (infected) (noxious) NEC",T62.9,0.9714775085449219,,,,,
1417,4,细菌性(另见中毒[2]，食物中毒，按媒介物),"bacterial (see also Intoxication, foodborne, by agent)",A05.9,0.9806621670722961,,,,,
1417,4,有毒的或天然毒性的,noxious or naturally toxic,T62.9,0.9722033739089966,,,,,
1417,5,海产品,seafood,T61.9,0.936488926410675,,,,,
1417,6,特指的 NEC,specified NEC,T61.8,0.9674479961395264,,,,,
1417,5,浆果,berries,T62.1,0.9809731245040894,,,,,
1417,5,蘑菇,mushrooms,T62.0,0.9925640821456909,,,,,
1417,4,特指的 NEC,specified NEC,T62.8,0.9720960259437561,,,,,
1417,5,鱼NEC,fish NEC,T61.2,0.9233059883117676,,,,,
1417,6,鲭鱼肉,scombroid,T61.1,0.9054732918739319,,,,,
1417,5,鱼肉,ciguatera,T61.0,0.8923993706703186,,,,,
1417,5,植物 NEC,plants NEC,T62.2,0.9578090906143188,,,,,
1417,3,细菌性毒素NEC,bacterial toxins NEC,A05.9,0.9756613969802856,,,,,
1417,3,药物-见药物和化学制剂表,drug – see Table of drugs and chemicals,,0.9724979400634766,,,,,
1417,3,有毒食物,noxious foodstuffs,T62.9,0.9493967890739441,,,,,
1417,4,特指的NEC,specified NEC,T62.8,0.9913274645805359,,,,,
1417,3,鱼肉毒素,ciguatera fish,T61.0,0.9832574725151062,,,,,
1417,3,鱼中毒,ichthyotoxism,T61.9,0.9838305711746216,,,,,
1417,4,细菌性(另见中毒[2]，食物中毒，按媒介物),"bacterial (see also Intoxication, foodborne, by agent)",A05.9,0.9782046675682068,,,,,
1417,4,由于,due to,,0.7658682465553284,,,,,
1417,5,贝壳类NEC,shellfish NEC,T61.2,0.9621773958206177,,,,,
1417,5,海产品,seafood,T61.9,0.9723427891731262,,,,,
1417,6,特指的 NEC,specified NEC,T61.8,0.9784529805183411,,,,,
1417,5,鲭鱼肉,scombroid,T61.1,0.9550020098686218,,,,,
1417,5,鱼(有毒的)NEC,fish (noxious) NEC,T61.2,0.9529963135719299,,,,,
1417,5,鱼肉毒,ciguatera,T61.0,0.9675001502037048,,,,,
1417,3,植物，有毒的,"plants, noxious",T62.2,0.9924022555351257,,,,,
1418,2,中毒[2][主要为物质的化学成分造成的中毒],Intoxication,,0.9992952942848206,,,,,
1418,3,苯丙胺(或相关物质)(急性),amfetamine (or related substnace) (acute),F15.0,0.9813148379325867,,,,,
1418,3,苯环利定(或相关物质)(急性),phencyclidine (or related substance) (acute),F19.0,0.9787243008613586,,,,,
1418,3,肠,intestinal,K63.8,0.9912423491477966,,,,,
1418,3,催眠剂(急性),hypnotic (acute),F13.0,0.9753065705299377,,,,,
1418,3,大麻类(急性),cannabinoids (acute),F12.0,0.9769202470779419,,,,,
1418,3,感染性(另见休克，感染性),"septic (see also Shock, septic)",A41.9,0.9890325665473938,,,,,
1418,4,产程期间,during labor,O75.3,0.9091188907623291,,,,,
1418,4,产褥期、产后、分娩,"puerperal, postpartum, childbirth",O85,0.9552018046379089,,,,,
1418,4,后,following,,0.9698152542114258,,,,,
1418,5,流产(随后发生),abortion (subsequent episode),O08.0,0.9413822293281555,,,,,
1418,5,近期发生-见流产,current episode - see Abortion,,0.9298477172851562,,,,,
1418,5,异位妊娠,ectopic gestation,O08.0,0.8971097469329834,,,,,
1418,4,全身性,general,A41.9,0.9841815829277039,,,,,
1418,3,化学物质(另见药物和化学制剂表),chemical (see also Table of drugs and chemicals),T65.9,0.995784342288971,,,,,
1418,4,经过胎盘或乳汁-见吸收不良，化学性，通过胎盘,"via placenta or breast milk - see Absorption, chemical, through placenta",,0.9729428291320801,,,,,
1418,3,挥发性溶剂(急性),volatile solvents (acute),F18.0,0.9806180000305176,,,,,
1418,3,甲醇(急性),methyl alcohol (acute),F10.0,0.9744366407394409,,,,,
1418,3,精神活性物质NEC,psychoactive substance NEC,F19.0,0.9951305389404297,,,,,
1418,3,酒精(性)(乙醇)(异丙醇)(甲醇)(丙醇)(急性)(伴有),"alcohol, alcoholic (Ethyl) (isopropyl) (methyl) (propanol) (methanol) (acute) (with)",F10.0,0.9715508818626404,,,,,
1418,4,病理性,pathological,F10.0,0.9799665212631226,,,,,
1418,4,戒断状态,withdrawal state,F10.3,0.9897546172142029,,,,,
1418,5,伴有谵妄,with delirium,F10.4,0.9793851971626282,,,,,
1418,4,宿醉效应,hangover effects,F10.0,0.9831697344779968,,,,,
1418,4,特应性,idiosyncratic,F10.0,0.9859199523925781,,,,,
1418,4,谵妄,delirium,F10.0,0.9839134216308594,,,,,
1418,3,咖啡因(急性),caffeine (acute),F15.0,0.9851107001304626,,,,,
1418,3,抗焦虑药(急性),anxiolytic (acute),F13.0,0.9736373424530029,,,,,
1418,3,可卡因(急性),cocaine (acute),F14.0,0.9888448715209961,,,,,
1418,3,类阿片(急性),opioid (acute),F11.0,0.9567911028862,,,,,
1418,3,毛细血管，出血性,"capillary, hemorrhagic",D69.0,0.9819418787956238,,,,,
1418,3,母体药物，经过胎盘或乳汁-见吸收不良，母体药物，通过胎盘,"maternal medication, via placenta or breast milk - see Absorption, maternal medication, through placenta",,0.9847400784492493,,,,,
1418,3,尿毒症-见尿毒症,uremic - see Uremia,,0.9720492362976074,,,,,
1418,3,食物,foodborne,A05.9,0.9892882108688354,,,,,
1418,4,肠原性中毒，葡萄球菌性,"enterotoxin, staphylococcal",A05.0,0.9706160426139832,,,,,
1418,4,典型，由于肉毒梭状芽胞杆菌,"classical, due to Clostridium botulinum",A05.1,0.9811637997627258,,,,,
1418,4,细菌性,bacterial,A05.9,0.9772283434867859,,,,,
1418,4,由于,due to,,0.9097663164138794,,,,,
1418,5,副溶血性弧菌,Vibrio parahaemolyticus,A05.3,0.9805120825767517,,,,,
1418,5,蜡样芽胞杆菌,Bacillus cereus,A05.4,0.9871777296066284,,,,,
1419,5,葡萄球菌,Staphylococcus,A05.0,0.9699183106422424,,,,,
1419,5,沙门菌,salmonella,A02.9,0.9574565887451172,,,,,
1419,6,伴有,with,,0.8242897987365723,,,,,
1419,3,败血症,septicemia,A02.1,0.9549509286880493,,,,,
1419,7,局部感染,localized infection(s),A02.2,0.9906395673751831,,,,,
1419,7,特指的临床表现NEC,specified manifestation NEC,A02.8,0.9413424134254456,,,,,
1419,7,胃肠炎,(gastro)enteritis,A02.0,0.9892237186431885,,,,,
1419,4,产气荚膜,perfringens,A05.2,0.9752101898193359,,,,,
1419,5,肉毒,botulinum,A05.1,0.9848272204399109,,,,,
1419,6,韦尔希,welchii,A05.2,0.9814634323120117,,,,,
1419,5,梭状芽胞杆菌,Clostridium,,0.920852780342102,,,,,
1419,6,产气荚膜,perfringens,A05.2,0.9647883772850037,,,,,
1419,6,艰难,difficile,A04.7,0.9840017557144165,,,,,
1419,6,肉毒,botulinum,A05.1,0.9811892509460449,,,,,
1419,5,细菌,bacterium,A05.9,0.9855161905288696,,,,,
1419,6,特指的NEC,specified NEC,A05.8,0.9580981731414795,,,,,
1419,3,水,water,E87.7,0.9864943623542786,,,,,
1419,3,胎儿或新生儿，经过胎盘或乳汁-见吸收不良，化学性，通过胎盘,"fetus or newborn, via placenta or breast milk – see Absorption, chemical, through placenta",,0.9655270576477051,,,,,
1419,3,吸入剂(急性),inhalant (acute),F18.0,0.9688002467155457,,,,,
1419,3,小肠-见中毒[2]，肠,"enteric — see Intoxication, intestinal",,0.9601349830627441,,,,,
1419,3,血清(预防性)(治疗性),serum (prophylactic) (therapeutic),T80.6,0.9927985668182373,,,,,
1419,3,药物,drug,,0.952271580696106,,,,,
1419,4,成瘾,addictive,,0.8688871264457703,,,,,
1419,5,急性-编码于F10-F19伴有第四位数.0,acute –code to F10-F19 with fourth character .0,,0.9524044990539551,,,,,
1419,4,经过胎盘或乳汁-见吸收不良，药物，成瘾性，通过胎盘,"via placenta or breast milk - see Absorption, drug, addictive, through placenta",,0.9581411480903625,,,,,
1419,4,过量或给错或服错药物-见药物和化学制剂表,overdose or wrong substance given or taken – see Table of drugs and chemicals,,0.9670658111572266,,,,,
1419,4,恰当使用正确的物质(另见变态反应，药物),"correct substance properly administered (see also Allergy, drug)",T88.7,0.9794981479644775,,,,,
1419,4,新生儿,newborn,P93,0.9567819833755493,,,,,
1419,3,意指,meaning,,0.9489935040473938,,,,,
1419,4,酒醉性-编码到F10-F19伴有第四位数.0,inebriation - code to F10-F19 with fourth character.0,,0.9644190073013306,,,,,
1419,4,药物性-见药物和化学制剂表,poisoning — see Table of drugs and chemicals,,0.9644145369529724,,,,,
1419,3,镇静剂(急性),sedative (acute),F13.0,0.9851884245872498,,,,,
1419,3,致幻觉性(急性),hallucinogenic (acute),F16.0,0.9630638360977173,,,,,
1419,2,中风-见卒中,Apoplexia,,0.9490339159965515,,,,,
1420,2,中暑,"Heat, Thermic (effects)",T67.9,0.9771895408630371,,,,,
1420,3,卒中,"apoplexy, stroke",T67.0,0.9049323201179504,,,,,
1420,3,高热,hyperpyrexia,T67.0,0.9881230592727661,,,,,
1420,3,痉挛,cramps,T67.2,0.9805406332015991,,,,,
1420,3,疲劳性(短暂性),fatigue (transient),T67.6,0.9561654329299927,,,,,
1420,3,热性,"fever, pyrexia",T67.0,0.9440301060676575,,,,,
1420,3,衰竭,exhaustion,T67.5,0.9836997985839844,,,,,
1420,4,脱水,anhydrotic,T67.3,0.9603567123413086,,,,,
1420,4,由于,due to,,0.7828546762466431,,,,,
1420,5,水缺失,water depletion,T67.3,0.9643372893333435,,,,,
1420,6,伴有盐缺失,with salt depletion,T67.4,0.9566559195518494,,,,,
1420,5,盐(和水)缺失,salt (and water) depletion,T67.4,0.9664016962051392,,,,,
1420,3,水肿,edema,T67.7,0.9866541028022766,,,,,
1420,3,虚脱(另见中暑，衰竭),"collapse, prostration (see also Heat, exhaustion)",T67.1,0.9842769503593445,,,,,
1420,3,晕厥,syncope,T67.1,0.9840732216835022,,,,,
1420,1,zhòng 重,,,0.9402755498886108,,,,,
1420,2,重于胎龄儿 NEC(胎儿或婴儿),Heavy-for-dates NEC (fetus or infant),P08.1,0.9786235094070435,,,,,
1420,3,特大(4500克或以上),exceptionally (4500g or more),P08.0,0.9897279739379883,,,,,
1420,2,重症的-见情况,Gravis - see condition,,0.9632007479667664,,,,,
1420,1,zhōu 舟,,,0.9193031191825867,,,,,
1420,2,舟状头,Scaphocephaly,Q75.0,0.9994667172431946,,,,,
1420,1,zhōu 周,,,0.9474151730537415,,,,,
1420,2,周期(性),"Cycle, Periodic",,0.9984575510025024,,,,,
1420,3,无排卵,anovulatory,N97.0,0.9818121194839478,,,,,
1420,3,月经，不规则,"menstrual, irregular",N92.6,0.9920709133148193,,,,,
1420,2,周期性呕吐,Cyclical vomiting,R11,0.9269378185272217,,,,,
1420,3,心因性,psychogenic,F50.5,0.9899218678474426,,,,,
1420,2,周转斜视-现译名旋转斜视,Cyclotropia,,0.9906017780303955,,,,,
1420,1,zhōu 粥,,,0.9818296432495117,,,,,
1420,2,粥样斑(另见动脉硬化),"Atheroma, atheromatous (see also Arteriosclerosis)",I70.9,0.9706652164459229,,,,,
1420,3,二尖(瓣),mitral (valve),I34.8,0.9345338940620422,,,,,
1420,3,三尖(瓣)(心脏),tricuspid (heart) (valve),I36.8,0.9526941180229187,,,,,
1420,3,瓣膜 -见 心内膜炎,"valve, valvular - see Endocarditis",,0.9475707411766052,,,,,
1420,3,变性-见动脉硬化,degeneration - see Arteriosclerosis,,0.9918330311775208,,,,,
1420,3,大脑(动脉),cerebral (artery),I67.2,0.9570191502571106,,,,,
1421,3,动脉-见动脉硬化,artery -see Arteriosclerosis,,0.9426518678665161,,,,,
1421,3,肺(心脏)瓣膜(另见心内膜炎，肺),pulmonary valve (heart) (see also Endoca pulmonary),I37.8,0.9585747122764587,,,,,
1421,3,冠状(动脉),coronary (artery),I25.1,0.961342990398407,,,,,
1421,3,基底(动脉),basilar (artery),I67.2,0.9267401099205017,,,,,
1421,3,颈(总)(内)动脉,carotid (artery) (common) (internal),I67.2,0.9693701863288879,,,,,
1421,3,髂总动脉,aorto-iliac,I70.0,0.9489098787307739,,,,,
1421,3,心肌,"myocardium, myocardial",I25.1,0.9794106483459473,,,,,
1421,3,心脏,"heart, cardiac",I25.1,0.974782407283783,,,,,
1421,3,主动脉,"aorta, aortic",I70.0,0.9885125160217285,,,,,
1421,4,瓣膜(另见心内膜炎，主动脉),"valve (see also Endocarditis, aortic)",I35.8,0.9695547223091125,,,,,
1421,3,椎骨(动脉),vertebral (artery),I67.2,0.9041944146156311,,,,,
1421,1,zhóu 轴,,,0.9295009970664978,,,,,
1421,2,轴索断伤-见损伤，神经,"Axonotmesis – see Injury, nerve",,0.960540235042572,,,,,
1421,1,zhǒu 肘,,,0.9176012873649597,,,,,
1421,2,肘，肘的,"Cubitus, Elbow",,0.9988418221473694,,,,,
1421,3,内翻(后天性),varus (acquired),M21.1,0.9697424173355103,,,,,
1421,4,佝偻病的晚期效应,late effect of rickets,E64.3,0.9862582087516785,,,,,
1421,4,先天性,congenital,Q68.8,0.9630464315414429,,,,,
1421,3,外翻(后天性),valgus (acquired),M21.0,0.9630415439605713,,,,,
1421,4,佝偻病的晚期效应,late effect of rickets,E64.3,0.9890304803848267,,,,,
1421,4,先天性,congenital,Q68.8,0.9658529162406921,,,,,
1421,1,zhòu 咒,,,0.9998024702072144,,,,,
1421,2,咒骂，强迫性,"Swearing, compulsive",F42.8,0.9989944100379944,,,,,
1421,3,在日勒·德拉图雷特综合征[抽动秽语综合征]中,in Gilles de la Tourette's syndrome,F95.2,0.9920470118522644,,,,,
1421,1,zhòu 昼,,,0.9998680353164673,,,,,
1421,2,昼盲,Hemeralopia (day blindness),H53.1,0.9875730872154236,,,,,
1421,3,维生素A缺乏,vitamin A deficiency,E50.5+ H58.1*,0.9666396975517273,,,,,
1421,1,zhòu 皱,,,0.9293650984764099,,,,,
1421,2,皱缩耳-现译名菜花状耳,"Cauliflower ear, Prizefighter ear",,0.9913848638534546,,,,,
1422,2,皱折，黄斑,"Puckering, macula",H35.3,0.989901602268219,,,,,
1422,2,皱折，皱襞(异常的)-另见异常，按部位,"Fold, folds (anomalous) – see also Anomaly, by site",,0.9875015020370483,,,,,
1422,3,内眦赘皮,epicanthic,Q10.3,0.9536824822425842,,,,,
1422,3,特塞梅特膜,Descemet's membrane,H18.3,0.995976448059082,,,,,
1422,3,心脏,heart,Q24.8,0.9552215933799744,,,,,
1422,1,zhòu 骤,,,0.9761444926261902,,,,,
1422,2,骤增，血栓栓子性-见栓塞,"Shower, thromboembolic - see Embolism",,0.9910354614257812,,,,,
1422,1,zhū 侏,,,0.994010865688324,,,,,
1422,2,侏儒症,"Dwarfism, Nanism, nanosomia",E34.3,0.9855289459228516,,,,,
1422,3,垂体性,"hypophyseal, pituitary",E23.0,0.9982663989067078,,,,,
1422,3,季肋发育不全性,hypochondroplastic,Q77.4,0.9819341897964478,,,,,
1422,3,拉伦型[拉伦侏儒症],Laron-type,E34.3,0.9930490851402283,,,,,
1422,3,洛兰(-勒维)型[洛兰(-勒维)侏儒症],Lorain(-Levi) type,E23.0,0.9927147030830383,,,,,
1422,3,软骨发育不全性,achondroplastic,Q77.4,0.9882435202598572,,,,,
1422,3,肾病糖尿性(伴有血磷酸盐过少性佝偻病),nephrotic-glycosuric (with hypophosphatemic rickets),E72.0+ N16.3*,0.9762216806411743,,,,,
1422,3,肾性,"renal, renis, renalis",N25.0,0.994057297706604,,,,,
1422,3,体质性,constitutional,E34.3,0.9988396763801575,,,,,
1422,3,先天性,congenital,E34.3,0.9718797206878662,,,,,
1422,3,心理社会性,psychosocial,E34.3,0.9996072053909302,,,,,
1422,3,胰腺性,pancreatic,K86.8,0.9751511812210083,,,,,
1422,3,婴儿,infantile,E34.3,0.9937694072723389,,,,,
1422,3,营养性,nutritional,E45,0.9682796597480774,,,,,
1422,3,营养障碍性,metatropic,Q77.8,0.9828239679336548,,,,,
1422,3,致死性,thanatophoric,Q77.1,0.9524646997451782,,,,,
1422,1,zhū 珠,,,0.9027441143989563,,,,,
1422,2,珠蛋白尿,Globinuria,R82.3,0.9970487356185913,,,,,
1422,1,zhū 猪,,,0.9998131394386292,,,,,
1422,2,猪腹病,Pig-bel,A05.2,0.9504910707473755,,,,,
1422,2,猪囊尾蚴病[囊虫病],"Cysticercosis, cysticerciasis",B69.9,0.9663134217262268,,,,,
1422,3,伴有癫痫发作,with epileptiform fits,B69.0+ G94.8*,0.9660274386405945,,,,,
1422,3,大脑,cerebral,B69.0+ G94.8*,0.9578905701637268,,,,,
1423,3,脑,brain,B69.0+ G94.8*,0.9438228011131287,,,,,
1423,3,特指的NEC,specified NEC,B69.8,0.9859350323677063,,,,,
1423,3,眼,ocular,B69.1+ H45.1*,0.9613281488418579,,,,,
1423,3,中枢神经系统,central nervous system,B69.0+ G99.8*,0.9768345952033997,,,,,
1423,1,zhū 蛛,,,0.9984101057052612,,,,,
1423,2,蛛毒中毒,"Arachnidism, Araneism",T63.3,0.9755638837814331,,,,,
1423,2,蛛网膜下的 - 见情况,Subarachnoid - see condition,,0.9417881369590759,,,,,
1423,2,蛛网膜炎(急性)(粘连的)(基底)(脑脊髓)(另见脑膜炎),"Arachnitis, Arachnoiditis (acute) (adhesive)(basal) (cerebrospinal) (see also Meningitis)",G03.9,0.9769323468208313,,,,,
1423,3,结核性,tuberculous,A17.0+ G01*,0.9675953984260559,,,,,
1423,3,梅毒性(晚期)(三期),syphilitic (late) (tertiary),A52.1+ G01*,0.9641053080558777,,,,,
1423,3,脑膜炎球菌性(慢性),meningococcal (chronic),A39.0+ G01*,0.9723802804946899,,,,,
1423,1,zhū 潴,,,0.9964668154716492,,,,,
1423,2,潴留，遗留,"Retention, retained",,0.9967204928398132,,,,,
1423,3,半月板(另见紊乱，半月板),"meniscus (see also Derangement, meniscus)",M23.3,0.9873409271240234,,,,,
1423,3,产后物(分娩后)(伴有出血),secundines (following delivery) (with hemorrhage),O72.0,0.9671987295150757,,,,,
1423,4,伴有流产-见流产，按类型,"with abortion - see Abortion, by type",,0.9497527480125427,,,,,
1423,4,并发于产褥期(延迟出血),complicating puerperium (delayed hemorrhage),O72.2,0.9374498128890991,,,,,
1423,4,不伴有出血,without hemorrhage,O73.0,0.9173904061317444,,,,,
1423,4,部分,partial,O72.2,0.8652315139770508,,,,,
1423,5,不伴有出血,without hemorrhage,O73.1,0.9570955038070679,,,,,
1423,3,氮，肾外性,"nitrogen, extrarenal",R39.2,0.9928627014160156,,,,,
1423,3,粪便(另见便秘),fecal (see also Constipation),K59.0,0.9857742786407471,,,,,
1423,3,卵巢综合征,ovary syndrome,N99.8,0.9544610381126404,,,,,
1423,3,囊肿-见囊肿,cyst - see Cyst,,0.9814295172691345,,,,,
1423,3,尿,urine,R33,0.913847029209137,,,,,
1423,4,心因性,psychogenic,F45.3,0.9859615564346313,,,,,
1423,3,妊娠产物,products of conception,,0.9946670532226562,,,,,
1423,4,后,following,,0.6816844940185547,,,,,
1423,5,分娩(伴有出血),delivery (with hemorrhage),O72.2,0.9800535440444946,,,,,
1423,6,不伴有出血,without hemorrhage,O73.1,0.9380834102630615,,,,,
1423,3,流产-见流产，按类型,"abortion - see Abortion, by type",,0.994927704334259,,,,,
1423,4,早期妊娠(死胎儿),early pregnancy (dead fetus),O02.1,0.9491109251976013,,,,,
1423,3,乳牙,deciduous tooth,K00.6,0.9614635705947876,,,,,
1423,3,乳汁(产褥期、产后),"milk (puerperal, postpartum)",O92.7,0.9840607643127441,,,,,
1423,3,水(组织内)(另见水肿),water (in tissues) (see also Edema),R60.9,0.9590190649032593,,,,,
1424,3,死的,dead,,0.9911980628967285,,,,,
1424,4,卵,ovum,O02.0,0.9272344708442688,,,,,
1424,4,胎儿(足月或近足月)(对母体),fetus (at or near term) (mother),O36.4,0.958425760269165,,,,,
1424,5,早期胎儿死亡,early fetal death,O02.1,0.9529246687889099,,,,,
1424,3,胎儿，死的,"fetus, dead",O36.4,0.973545491695404,,,,,
1424,4,早期,early,O02.1,0.8485322594642639,,,,,
1424,3,胎膜(并发于分娩)(伴有出血),membranes (complicating delivery) (with hemorrhage),O72.2,0.9830220341682434,,,,,
1424,4,伴有流产-见流产，按类型,"with abortion - see Abortion, by type",,0.9530100226402283,,,,,
1424,4,不伴有出血,without hemorrhage,O73.1,0.9368746876716614,,,,,
1424,3,胎盘(全部)(伴有出血),placenta (total) (with hemorrhage),O72.0,0.9820058941841125,,,,,
1424,4,不伴有出血,without hemorrhage,O73.0,0.9618679881095886,,,,,
1424,4,部分或碎片(伴有出血),portions or fragments (with hemorrhage),O72.2,0.9627161026000977,,,,,
1424,5,不伴有出血,without hemorrhage,O73.1,0.9487012624740601,,,,,
1424,3,蜕膜(分娩后)(碎片)(伴有出血),decidua (following delivery) (fragments) (with hemorrhage),O72.2,0.9823038578033447,,,,,
1424,4,伴有流产-见流产，按类型,"with abortion - see Abortion, by type",,0.9607582092285156,,,,,
1424,4,不伴有出血,without hemorrhage,O73.1,0.9512209892272949,,,,,
1424,3,牙根,dental root,K08.3,0.9464201331138611,,,,,
1424,3,液体,fluid,R60.9,0.9775962829589844,,,,,
1424,3,异物 - 另见 异物，残留,"foreign body - see also Foreign body, retained",,0.9040781855583191,,,,,
1424,4,近期创伤-作为异物，按部位或类型编码,"current trauma - code as Foreign body, by site or type",,0.980349063873291,,,,,
1424,3,阴蒂垢,"smegma, clitoris",N90.8,0.9818227291107178,,,,,
1424,3,月经,menses,N94.8,0.9572260975837708,,,,,
1424,3,子宫内避孕装置，妊娠中,"intrauterine contraceptive device, in pregnancy",O26.3,0.9747673273086548,,,,,
1424,1,zhú 竹,,,0.9998412132263184,,,,,
1424,2,竹原病[过氧化氢酶缺乏],Takahara's disease,E80.3,0.9998480677604675,,,,,
1424,1,zhǔ 主,,,0.9095473289489746,,,,,
1424,2,主动脉的 - 见情况,"Aorta, aortic - see condition",,0.9816800355911255,,,,,
1424,2,主动脉动脉瘤-现译名主动脉瘤,Aortic aneurysm,,0.9666855931282043,,,,,
1424,2,主动脉缩窄(导管前)(导管后),Coarctation of aorta (preductal) (postductal),Q25.1,0.9894624352455139,,,,,
1424,2,主动脉炎(非梅毒性)(钙化性),Aortitis (nonsyphilitic) (calcific),I77.6,0.9781082272529602,,,,,
1424,3,德勒-黑勒,Doehle-Heller,A52.0+ I79.1*,0.957014262676239,,,,,
1424,3,动脉硬化性,arteriosclerotic,I70.0,0.9808406829833984,,,,,
1424,3,风湿性(另见心内膜炎，急性，风湿性),"rheumatic (see also Endocarditis, acute, rheumatic)",I01.1,0.9359326362609863,,,,,
1424,3,梅毒性,luetic/syphilitic,A52.0+ I79.1*,0.973138689994812,,,,,
1424,4,先天性,congenital,A50.5+ I79.1*,0.9515669345855713,,,,,
1424,3,特异性(梅毒性),specific (syphilitic),A52.0+ I79.1*,0.9636496305465698,,,,,
1425,2,主动脉增宽(另见动脉瘤，主动脉),"Widening aorta (see also Aneurysm, aorta)",I71.9,0.9908605217933655,,,,,
1425,3,破裂,ruptured,I71.8,0.9848023653030396,,,,,
1425,2,主动脉中层炎 - 见 主动脉炎,Mesaortitis - see Aortitis,,0.9181674122810364,,,,,
1425,2,主诉 -另见病,Complaint - see also Disease,,0.9343971610069275,,,,,
1425,3,肠，功能性,"bowel, intestine, functional",K59.9,0.9904322028160095,,,,,
1425,4,心因性,psychogenic,F45.3,0.9705532193183899,,,,,
1425,1,zhù 助,,,0.9999396800994873,,,,,
1425,2,助产[强迫分娩] NEC,Forced birth or delivery NEC,O83.9,0.9770475029945374,,,,,
1425,3,影响到胎儿或新生儿,affecting fetus or newborn,P03.8,0.9941839575767517,,,,,
1425,1,zhù 住,,,0.9999574422836304,,,,,
1425,2,住院 - 见 入院,Admission,,0.9130429029464722,,,,,
1425,1,zhù 贮,,,0.9998072385787964,,,,,
1425,2,贮积病，糖原性(另见病，糖原贮积),"Thesaurismosis, glycogen (see also Disease, glycogen storage)",E74.0,0.9927210807800293,,,,,
1425,1,zhù 注,,,0.9998209476470947,,,,,
1425,2,注射，创伤性喷射(空气)(工业性)(油漆或染料)(水),"Injection, traumatic jet (air) (industrial) (paint or dye) (water)",T70.4,0.9552574157714844,,,,,
1425,2,注意力,Attention,,0.999983012676239,,,,,
1425,3,缺乏障碍或综合征,deficit disorder or syndrome,F98.8,0.9931119680404663,,,,,
1425,4,伴有多动,with hyperactivity,F90.0,0.9819529056549072,,,,,
1425,1,zhù 柱,,,0.9168317914009094,,,,,
1425,2,柱，脊柱，椎骨的-见情况,"Column, spinal, vertebral - see condition",,0.9972161054611206,,,,,
1425,1,zhuǎ 爪,,,0.9991380572319031,,,,,
1425,2,爪形手(后天性),Clawhand (acquired),M21.5,0.9736194610595703,,,,,
1425,3,先天性(肌肉骨骼变形),congenital,Q68.1,0.9903734922409058,,,,,
1425,2,爪形手(后天性),Main en griffe (acquired),M21.5,0.9797954559326172,,,,,
1425,3,先天性(其他畸形),congenital,Q74.0,0.9664322137832642,,,,,
1425,2,爪形趾(先天性),Clawtoe (congenital),Q66.8,0.9726400375366211,,,,,
1425,3,后天性,acquired,M20.5,0.9947826266288757,,,,,
1425,2,爪形足(先天性),Clawfoot (congenital),Q66.8,0.9989194273948669,,,,,
1425,3,后天性,acquired,M21.5,0.9626094102859497,,,,,
1426,1,zhuǎn 转,,,,,,,,
1426,2,转换性癔症、神经症或反应,"Conversion hysteria, neurosis or reaction",F44.9,0.9746233820915222,,,,,
1426,2,转胎位术,Version,,0.9999130964279175,,,,,
1426,3,伴有牵引术,with extraction,O83.2,0.9756542444229126,,,,,
1426,4,影响到胎儿或新生儿,affecting fetus or newborn,P01.7,0.9795949459075928,,,,,
1426,3,宫颈(另见错位，子宫),"cervix (see also Malposition, uterus)",N85.4,0.9861498475074768,,,,,
1426,3,子宫(感染后)(产后，陈旧性)(另见错位，子宫),"uterus (postinfectional) (postpartal, old) (see also Malposition, uterus)",N85.4,0.9782753586769104,,,,,
1426,4,外侧-见侧倾，子宫,"lateral - see Lateroversion, uterus",,0.9348373413085938,,,,,
1426,4,向前-见前倾，子宫,"forward - see Anteversion, uterus",,0.9576244354248047,,,,,
1426,2,转移(性),"Metastasis, metastatic",,0.9998226165771484,,,,,
1426,3,癌瘤或肿瘤(M8000/6),cancer or neoplasm (M8000/6),C80,0.9791585206985474,,,,,
1426,4,到特指部位(M8000/6)-见肿瘤，继发性，按部位,"to specified site (M8000/6) - see Neoplasm, secondary, by site",,0.9813982844352722,,,,,
1426,4,自特指部位(M8000/3)-见肿瘤，恶性，按部位,"from specified site (M8000/3)- see Neoplasm, malignant, by site",,0.983603298664093,,,,,
1426,3,播散(到)(M8000/6)-见肿瘤，继发性，按部位,"spread (to) (M8000/6) - see Neoplasm, secondary, by site",,0.9840943217277527,,,,,
1426,3,沉积(于)(M8000/6)- 见肿瘤，继发性，按部位,"deposits (in) (M8000/6) - see Neoplasm, secondary, by site",,0.963344156742096,,,,,
1426,3,钙化,calcification,E83.5,0.955845296382904,,,,,
1426,3,脓肿-见脓肿,abscess - see Abscess,,0.988974392414093,,,,,
1426,2,转置-见错位,Transposed - see Transposition,,0.9996061325073242,,,,,
1426,1,zhuāng 装,,,0.9459450244903564,,,,,
1426,2,装置,Device,,0.9998698234558105,,,,,
1426,3,避孕-见避孕(用具)，装置,"contraceptive - see Contraceptive, device",,0.9609357714653015,,,,,
1426,3,"大脑脑室(交通性),原位","cerebral ventricle (communicating), in situ",Z98.2,0.9801104664802551,,,,,
1426,3,引流，脑脊液，原位,"drainage, cerebrospinal fluid, in situ",Z98.2,0.9611607193946838,,,,,
1426,1,zhuàng 状,,,0.9566863179206848,,,,,
1426,2,状态,"State (of), Status (post)",,0.9060562252998352,,,,,
1426,3,不安,restlessness,R45.1,0.9390028715133667,,,,,
1426,3,残留型精神分裂症性,residual schizophrenic,F20.5,0.9848809838294983,,,,,
1426,3,产后NEC(常规随诊),postpartum NEC (routine follow-up),Z39.2,0.9748049378395081,,,,,
1426,4,即刻医疗照顾,care immediately after delivery,Z39.0,0.957402229309082,,,,,
1426,3,肠搭桥术后,intestinal bypass,Z98.0,0.997208297252655,,,,,
1426,3,大发作,grand mal,G41.0,0.9971030354499817,,,,,
1426,3,大理石样,marmoratus,G80.3,0.9894954562187195,,,,,
1426,3,胆囊切除术后,cholecystectomy,Z90.4,0.996315062046051,,,,,
1426,3,癫痫(持续),epilepticus,G41.9,0.9401782155036926,,,,,
1426,4,部分,partial,G41.8,0.9570367336273193,,,,,
1426,4,大发作,grand mal,G41.0,0.9511240124702454,,,,,
1427,4,复杂部分,complex partial,G41.2,0.9788828492164612,,,,,
1427,4,精神运动性,psychomotor,G41.2,0.9749274849891663,,,,,
1427,4,局灶性运动性,focal motor,G41.8,0.9794800281524658,,,,,
1427,4,颞叶,temporal lobe,G41.2,0.9447363615036011,,,,,
1427,4,强直性阵挛性,tonic-clonic,G41.0,0.9934836030006409,,,,,
1427,4,特指的 NEC,specified NEC,G41.8,0.9817422032356262,,,,,
1427,4,小发作,petit mal,G41.1,0.9504580497741699,,,,,
1427,3,肺(完全)(部分)切除术后,pneumonectomy (complete) (partial),Z90.2,0.9713777899742126,,,,,
1427,3,分离性,dissociative,F44.9,0.9972417950630188,,,,,
1427,3,分流，脑脊液,"shunt, cerebrospinal fluid",Z98.2,0.995220422744751,,,,,
1427,3,更年期，女性,"climacteric, female",N95.1,0.9899102449417114,,,,,
1427,3,关节固定术后,arthrodesis,Z98.1,0.9841600060462952,,,,,
1427,3,冠状动脉血管成形术后,coronary artery angioplasty,Z95.5,0.9981780052185059,,,,,
1427,3,喉切除术后,laryngectomy,Z90.0,0.9707170128822327,,,,,
1427,3,幻觉，药物引起的-见F11-F19伴有第四位数.5,"hallucinatory, induced by drug - see F11-F19 with fourth character.5",,0.9975924491882324,,,,,
1427,3,回肠造口术后,ileostomy,Z93.2,0.9892474412918091,,,,,
1427,3,激越,agitated,R45.1,0.9632561206817627,,,,,
1427,4,急性应激反应,acute reaction to stress,F43.0,0.9556379914283752,,,,,
1427,3,甲状腺切除术后(甲状腺功能减退症),thyroidectomy (hypothyroidism),E89.0,0.9867998361587524,,,,,
1427,3,焦虑(神经症性),anxiety (neurotic),F41.1,0.9937068223953247,,,,,
1427,3,结肠(完全)(部分)切除术后,colectomy (complete) (partial),Z90.4,0.9718526601791382,,,,,
1427,3,结肠造口术后,colostomy,Z93.3,0.968268632888794,,,,,
1427,3,戒断-见戒断，状态,"withdrawal, see Withdrawal, state",,0.9931244850158691,,,,,
1427,3,紧张(情绪性),stress (emotional),R45.7,0.9920058250427246,,,,,
1427,3,惊恐,panic,F41.0,0.9595382809638977,,,,,
1427,3,惊厥(另见惊厥),convulsive (see also Convulsions),R56.8,0.9860818982124329,,,,,
1427,3,精力耗尽,vital exhaustion,Z73.0,0.981975793838501,,,,,
1427,3,精神病，器质性,"psychotic, organic",F06.8,0.973174512386322,,,,,
1427,4,老年性或早老性NEC,senile or presenile NEC,F03,0.9609026908874512,,,,,
1427,4,偏执和情感混合性,mixed paranoid and affective,F06.8,0.9708844423294067,,,,,
1427,3,精神病态型(体质性),psychopathic (constitutional),F60.2,0.9901082515716553,,,,,
1427,3,精神错乱(心因性),confusional (psychogenic),F44.8,0.9752094149589539,,,,,
1427,4,癫疯性,epileptic,F05.8,0.9270860552787781,,,,,
1427,4,反应性(来自情绪性应激、心理创伤),"reactive (from emotional stress, psychological trauma)",F44.8,0.986362874507904,,,,,
1427,4,急性或亚急性(另见谵妄),acute or subacute (see also Delirium),F05.9,0.9659801125526428,,,,,
1427,5,伴有衰老或痴呆,with senility or dementia,F05.1,0.9870882630348206,,,,,
1427,3,绝经期,menopausal,N95.1,0.9496800303459167,,,,,
1427,4,人工,artificial,N95.3,0.9147824048995972,,,,,
1427,3,恐怖,phobic,F40.9,0.974130392074585,,,,,
1427,3,恐惧，忧虑,apprehension,F41.1,0.9789403676986694,,,,,
1428,3,卵巢(双侧)(单侧)切除术后,oophorectomy (bilateral) (unilateral),Z90.7,0.9835636615753174,,,,,
1428,3,朦胧[暂时性意识丧失],twilight,,0.943925142288208,,,,,
1428,4,癫痛性,epileptic,F05.8,0.873400092124939,,,,,
1428,4,心因性,psychogenic,F44.8,0.9792375564575195,,,,,
1428,3,梦样(精神分裂症样),oneiroid (schizophrenia-like),F23.2,0.9689369201660156,,,,,
1428,3,模糊，癫痫性或阵发性,clouded epileptic or paroxysmal,G40.8,0.9482687711715698,,,,,
1428,3,脑白质切断术后,postleukotomy,F07.0,0.9894224405288696,,,,,
1428,3,脑震荡后,postcommotio cerebri,F07.2,0.9935556054115295,,,,,
1428,3,尿道造口术后,urethrostomy,Z93.6,0.9539440274238586,,,,,
1428,3,膀胱切除术后,cystectomy (urinary bladder),Z90.6,0.9716264009475708,,,,,
1428,3,膀胱造口术后,cystostomy,Z93.5,0.9676728844642639,,,,,
1428,3,脾切除术后,splenectomy,D73.0,0.9655116200447083,,,,,
1428,3,偏头痛,migrainosus,G43.2,0.9993640184402466,,,,,
1428,3,起搏器安装后,pacemaker,,0.9986277222633362,,,,,
1428,4,脑,brain,Z96.8,0.9174674153327942,,,,,
1428,4,特指的NEC,specified NEC,Z96.8,0.9944674968719482,,,,,
1428,4,心脏,cardiac,Z95.0,0.974798321723938,,,,,
1428,3,器质性,organic,,0.9999036192893982,,,,,
1428,4,幻觉(非酒精中毒性),hallucinatory (nonalcoholic),F06.0,0.9807161688804626,,,,,
1428,4,偏执(-幻觉),paranoid(-hallucinatory),F06.2,0.9739730954170227,,,,,
1428,3,气管造口术后,tracheostomy,Z93.0,0.9890097379684448,,,,,
1428,3,强迫动作,compulsive,F42.1,0.9987325668334961,,,,,
1428,4,合并有强迫思维,mixed with obsessional thoughts,F42.2,0.9869758486747742,,,,,
1428,3,强迫思维,obsessional,F42.0,0.9965676069259644,,,,,
1428,4,合并有强迫动作,mixed with compulsive acts,F42.2,0.9783697724342346,,,,,
1428,3,情感和偏执混合性，器质性精神病的,"affective and paranoid, mixed, organic psychotic",F06.8,0.9934346675872803,,,,,
1428,3,情绪冲动(紧张),emotional shock (stress),R45.7,0.9734620451927185,,,,,
1428,3,人工造口术后,artificial opening (of),Z93.9,0.9672949910163879,,,,,
1428,4,泌尿道NEC,urinary tract NEC,Z93.6,0.9941127300262451,,,,,
1428,4,特指的NEC,specified NEC,Z93.8,0.9782952666282654,,,,,
1428,4,胃肠道NEC,gastrointestinal tract NEC,Z93.4,0.9692182540893555,,,,,
1428,4,阴道,vagina,Z93.8,0.8832623958587646,,,,,
1428,3,人类免疫缺陷病毒[HIV]感染，无症状,"human immunodeficiency virus (HIV) infection, asymptomatic",Z21,0.9912935495376587,,,,,
1428,3,妊娠(另见妊娠),pregnant (see also Pregnancy),Z33,0.967255711555481,,,,,
1428,3,乳房(双侧)(单侧)切除术后,mastectomy (bilateral) (unilateral),Z90.1,0.9806665778160095,,,,,
1428,3,神经症性NEC,neurotic NEC,F48.9,0.9491245746612549,,,,,
1428,4,伴有人格解体,with depersonalization,F48.1,0.9601675271987915,,,,,
1428,3,肾(双侧)(单侧)切除术后,nephrectomy (bilateral) (unilateral),Z90.5,0.9727264046669006,,,,,
1428,3,肾上腺(双侧)(单侧)切除术后.,adrenalectomy (bilateral) (unilateral),E89.6,0.9693723320960999,,,,,
1428,3,肾透析,renal dialysis,Z99.2,0.9926520586013794,,,,,
1428,3,肾造口术后,nephrostomy,Z93.6,0.9746336936950684,,,,,
1429,3,失神，癫疯性,"absence, epileptic",G41.1,0.9287202954292297,,,,,
1429,3,手术后 NEC,"postoperative, postsurgical NEC",Z98.8,0.9855088591575623,,,,,
1429,3,输卵管卵巢(双侧)(单侧)切除术后.,salpingo-oophorectomy (bilateral) (unilateral),Z90.7,0.9880006313323975,,,,,
1429,3,输尿管造口术后,ureterostomy,Z93.6,0.9929996132850647,,,,,
1429,3,特发性惊厥持续,convulsivus idiopathicus,G41.0,0.981495201587677,,,,,
1429,3,体力耗尽,burn-out,Z73.0,0.9996234774589539,,,,,
1429,3,妄想狂样,paranoid,F22.0,0.9988671541213989,,,,,
1429,4,单纯性,simple,F22.0,0.9769412279129028,,,,,
1429,4,更年期,"climacteric, involutional",F22.8,0.9415378570556641,,,,,
1429,4,绝经期,menopausal,F22.8,0.9836071133613586,,,,,
1429,4,老年性,senile,F03,0.9269256591796875,,,,,
1429,4,器质性,organic,F06.2,0.9378517866134644,,,,,
1429,4,药物引起的-编码于F10-F19伴有第四位数.5,induced by drug - code to F10-F19 with fourth character.5,,0.9750816822052002,,,,,
1429,3,危象,crisis,F43.0,0.9815232157707214,,,,,
1429,3,胃(完全)(部分)切除术后,gastrectomy (complete) (partial),Z90.3,0.9788004755973816,,,,,
1429,3,胃造口术后,gastrostomy,Z93.1,0.9987218379974365,,,,,
1429,3,吻合术后,anastomosis,Z98.0,0.9944490790367126,,,,,
1429,3,小发作,petit mal,G41.1,0.9802096486091614,,,,,
1429,3,哮喘持续,asthmaticus,J46,0.9838224053382874,,,,,
1429,3,心因性，朦胧,"psychogenic, twilight",F44.8,0.9805436134338379,,,,,
1429,3,药剂长期(近期)服用 NEC,medicament regimen for a long term (current) NEC,Z92.2,0.9869992136955261,,,,,
1429,4,阿司匹林,aspirin,Z92.2,0.9872006773948669,,,,,
1429,4,抗凝剂,anticoagulants,Z92.1,0.9674561023712158,,,,,
1429,3,移植术后-见移植,transplant - see Transplant,,0.9906895756721497,,,,,
1429,3,胰切除术后,pancreatectomy,Z90.4,0.9923645257949829,,,,,
1429,3,抑郁NEC,depressive NEC,F32.9,0.9813147187232971,,,,,
1429,4,神经症性,neurotic,F34.1,0.9481653571128845,,,,,
1429,3,应激(精神性),tension (mental),F48.9,0.9879637360572815,,,,,
1429,4,特指的NEC,specified NEC,F48.8,0.9817282557487488,,,,,
1429,3,周围血管成形术后 NEC,angioplasty (peripheral) NEC,Z95.8,0.9731731414794922,,,,,
1429,4,冠状动脉NEC,coronary artery NEC,Z95.5,0.9720833897590637,,,,,
1429,3,主动脉冠状动脉搭桥术后,aortocoronary bypass,Z95.1,0.976342499256134,,,,,
1429,3,子宫(完全)(部分)切除术后,hysterectomy (complete) (partial),Z90.7,0.9678989052772522,,,,,
1429,1,zhuī 椎,,,0.9988399744033813,,,,,
1429,2,椎板切除术后综合征 NEC,Postlaminectomy syndrome NEC,M96.1,0.985978901386261,,,,,
1429,2,椎骨的 - 见情况,"Vertebra, vertebral - see condition",,0.9520949125289917,,,,,
1429,2,椎管积水,Hydrorachis,Q06.4,0.9999037981033325,,,,,
1429,2,椎管内出血,"Hematorachis, hematorrhachis",G95.1,0.9902522563934326,,,,,
1429,3,胎儿或新生儿(产伤),fetus or newborn (birth injury),P11.5,0.9787227511405945,,,,,
1429,2,椎间盘的 - 见情况,Intervertebral disk - see condition,,0.9505631327629089,,,,,
1430,1,zhuī 锥,,,,,,,,
1430,2,锥虫病,Trypanosomiasis,,0.9731068015098572,,,,,
1430,3,巴西-见锥虫病，美洲,"Brazilian - see Trypanosomiasis, American",,0.9955638647079468,,,,,
1430,3,东非,East African,B56.1,0.8974686861038208,,,,,
1430,3,西非,West African,B56.0,0.971393346786499,,,,,
1430,3,非洲,African,B56.9,0.9957884550094604,,,,,
1430,4,东部,East,B56.1,0.9614198207855225,,,,,
1430,4,西部,West,B56.0,0.947006106376648,,,,,
1430,4,由于布鲁斯锥虫,due to Trypanosoma brucei,,0.9211676716804504,,,,,
1430,5,冈比亚,gambiense,B56.0,0.9804750680923462,,,,,
1430,5,津巴布韦,rhodesiense,B56.1,0.9877839088439941,,,,,
1430,3,冈比亚,"gambiensis, Gambian",B56.0,0.9943884611129761,,,,,
1430,3,津巴布韦,"rhodesiensis, Rhodesian",B56.1,0.9924082159996033,,,,,
1430,3,美洲(另见查加斯病),American (see also Chagas' disease),B57.2,0.9800418019294739,,,,,
1430,4,伴有,with,,0.8338114023208618,,,,,
1430,5,累及其他器官,other organ involvement,B57.5,0.9859226942062378,,,,,
1430,5,累及心脏,heart involvement,B57.2+ I41.2*,0.9849483370780945,,,,,
1430,3,南美-见查加斯病,South American -see Chagas' disease,,0.9863341450691223,,,,,
1430,3,由于,due to Trypanosoma,,0.9755048155784607,,,,,
1430,4,布鲁斯冈比亚锥虫,brucei gambiense,B56.0,0.9959946870803833,,,,,
1430,4,布鲁斯津巴布韦锥虫,brucei rhodesiense,B56.1,0.9924238920211792,,,,,
1430,4,克鲁斯锥虫-见查加斯病,cruzi - see Chagas' disease,,0.9744311571121216,,,,,
1430,3,在,where,,0.9812201857566833,,,,,
1430,4,查加斯病流行的地区,Chagas' disease is prevalent,B57.2,0.9905850887298584,,,,,
1430,4,非洲锥虫病流行的地区,African trypanosomiasis is prevalent,B56.9,0.9883261322975159,,,,,
1430,1,zhuì 坠,,,0.9460006356239319,,,,,
1430,2,坠积性的 - 见情况,Hypostatic - see condition,,0.9176506996154785,,,,,
1430,1,zhuì 惴,,,0.9962366819381714,,,,,
1430,2,惴惴不安，异常的,"Apprehensiveness, abnormal",F41.9,0.9977352619171143,,,,,
1430,1,zhuì 赘,,,0.999230682849884,,,,,
1430,2,赘生物 - 另见情况,"Tag, Vegetation, vegetative - see also condition",L91.8,0.9673938751220703,,,,,
1430,3,扁桃体,tonsil,J35.8,0.9706337451934814,,,,,
1430,3,腺样体,adenoid,J35.8,0.9474794268608093,,,,,
1430,3,心内膜(急性)(任何瓣膜)(亚急性),endocarditis (acute) (any valve) (subacute),I33.0,0.966713011264801,,,,,
1430,3,心脏(真菌性)(瓣膜),heart (mycotic) (valve),I33.0,0.9474666118621826,,,,,
1431,1,zhǔn 准,,,0.9494192600250244,,,,,
1431,2,准备性医疗，为随后的治疗 NEC,Preparatory care for subsequent treatment NEC,Z51.4,0.9829223155975342,,,,,
1431,3,为透析,for dialysis,Z49.0,0.9943543672561646,,,,,
1431,1,zhuó 灼,,,0.980225145816803,,,,,
1431,2,灼痛,Burning,,0.9996882081031799,,,,,
1431,3,感觉,sensation,R20.8,0.961226761341095,,,,,
1431,3,舌,tongue,K14.6,0.9755527973175049,,,,,
1431,3,足综合征,feet syndrome,E53.9,0.9957315325737,,,,,
1431,2,灼性神经痛,Causalgia,G56.4,0.999567449092865,,,,,
1431,1,zhuó 浊,,,0.9300257563591003,,,,,
1431,2,浊音，心脏的(减少)(增加),"Dullness, cardiac (decreased) (increased)",R01.2,0.9766718745231628,,,,,
1431,1,zhuó 着,,,0.9817959666252136,,,,,
1431,2,着色过浅，血细胞,"Hypochromasia, blood cells",D50.8,0.997044563293457,,,,,
1431,2,着色芽生菌病(另见着色真菌病),Chromoblastomycosis (see also Chromomycosis),B43.9,0.998762309551239,,,,,
1431,2,着色真菌病,Chromomycosis,B43.9,0.9807354211807251,,,,,
1431,3,大脑,cerebral,B43.1+ G07*,0.973030686378479,,,,,
1431,3,脑脓肿,brain abscess,B43.1+ G07*,0.9788094758987427,,,,,
1431,3,皮肤,"cutaneous, skin",B43.0+ L99.8*,0.9830376505851746,,,,,
1431,3,皮下脓肿或囊肿,subcutaneous abscess or cyst,B43.2+ L99.8*,0.9916698336601257,,,,,
1431,3,特指的NEC,specified NEC,B43.8,0.9944512248039246,,,,,
1431,1,zī 咨,,,0.8739855885505676,,,,,
1431,2,咨询,Counseling,Z71.9,0.9985125064849854,,,,,
1431,3,避孕,contraceptive,Z30.0,0.996112585067749,,,,,
1431,3,对未在场的第三方的,for non-attending third party,Z71.0,0.9983388185501099,,,,,
1431,4,性行为和性取向有关的,related to sexual bahavior or orientation,Z70.2,0.9865541458129883,,,,,
1431,3,健康(指导)(教育)(另见咨询，医疗),"health (advice) (education) (instruction) (see also Counseling, medical)",Z71.9,0.9761828184127808,,,,,
1431,3,酒精滥用,alcohol abuse,Z71.4,0.9705677032470703,,,,,
1431,3,男女乱交,promiscuity,Z70.1,0.9694788455963135,,,,,
1431,3,人类免疫缺陷病毒,human immunodeficiency virus (HIV),Z71.7,0.9952470660209656,,,,,
1431,3,生育的,procreative,Z31.6,0.9694223403930664,,,,,
1431,3,特指的理由NEC,specified reason NEC,Z71.8,0.9945052266120911,,,,,
1432,3,同血缘,consanguinity,Z71.8,0.9824311137199402,,,,,
1432,3,物质滥用,substance abuse,Z71.8,0.9897562265396118,,,,,
1432,4,酒精,alcohol,Z71.4,0.9858283996582031,,,,,
1432,4,烟草,tobacco,Z71.6,0.8915359973907471,,,,,
1432,4,药物,drug,Z71.5,0.9374822974205017,,,,,
1432,3,吸烟,tobacco use,Z71.6,0.9862037301063538,,,,,
1432,3,性(有关),"sex, sexual (related to)",Z70.9,0.9932399988174438,,,,,
1432,4,代表第三方,on behalf of third party,Z70.2,0.9417306184768677,,,,,
1432,4,态度,attitude(s),Z70.0,0.9293674826622009,,,,,
1432,4,特指的理由NEC,specified reason NEC,Z70.8,0.9844844341278076,,,,,
1432,4,无反应性,non-responsiveness,Z70.1,0.9761154651641846,,,,,
1432,4,行为或取向,behavior or orientation,Z70.1,0.9569635987281799,,,,,
1432,4,综合涉及,combined concerns,Z70.3,0.9798052906990051,,,,,
1432,3,阳痿,impotence,Z70.1,0.9874706268310547,,,,,
1432,3,药物滥用,drug abuse,Z71.5,0.9870760440826416,,,,,
1432,3,医疗(为),medical (for),Z71.9,0.9575687646865845,,,,,
1432,4,代表他人,on behalf of another,Z71.0,0.9853498339653015,,,,,
1432,5,性行为或性取向有关的,related to sexual behavior or orientation,Z70.2,0.9866418838500977,,,,,
1432,4,独自生活者,person living alone,Z60.2,0.9794480204582214,,,,,
1432,4,公共机构居住者,institutional resident,Z59.3,0.9703156352043152,,,,,
1432,4,恐惧主诉但未发现疾病,feared complaint and no disease found,Z71.1,0.9785218834877014,,,,,
1432,4,情况未证实,condition not demonstrated,Z71.1,0.9806918501853943,,,,,
1432,4,人类免疫缺陷病毒,human immunodeficiency virus (HIV),Z71.7,0.9664302468299866,,,,,
1432,4,特指的理由 NEC,specified reason NEC,Z71.8,0.9831189513206482,,,,,
1432,4,同血缘,consanguinity,Z71.8,0.9599319696426392,,,,,
1432,4,住校者,boarding school resident,Z59.3,0.9788163900375366,,,,,
1432,3,遗传,genetic,Z31.5,0.9977912902832031,,,,,
1432,3,饮食,dietary,Z71.3,0.9529332518577576,,,,,
1432,1,zī 姿,,,0.9992119669914246,,,,,
1432,2,姿势，癔症性,"Postures, hysterical",F44.2,0.9604088068008423,,,,,
1432,2,姿势异常,Malposture,R29.3,0.9999444484710693,,,,,
1432,1,zī 滋,,,0.9997315406799316,,,,,
1432,2,滋养层病(M9100/0)(另见胎块，水泡状),"Trophoblastic disease (M9100/0)(see also Mole, hydatidiform)",O01.9,0.977974534034729,,,,,
1432,3,以前的，影响妊娠处理,"previous, affecting management of pregnancy",Z35.1,0.9856826663017273,,,,,
1433,1,zǐ 子,,,0.9031847715377808,,,,,
1433,2,子弹伤-另见伤口，开放性,"Bullet wound - see also Wound, open",,0.98310786485672,,,,,
1433,3,骨折-作为骨折，按部位编码,"fracture - code as Fracture, by site",,0.993803083896637,,,,,
1433,3,内部器官-见损伤，按部位,"internal organ - see Injury, by site",,0.9945657253265381,,,,,
1433,2,子宫不规则出血,Metrorrhagia,N92.1,0.9901415109634399,,,,,
1433,3,产后NEC(无张力性)(胎盘娩出后),postpartum NEC (atonic) (following delivery of placenta),O72.1,0.9668241739273071,,,,,
1433,4,延迟性或继发性,delayed or secondary,O72.2,0.9849459528923035,,,,,
1433,3,更年期,climacteric,N92.4,0.9548710584640503,,,,,
1433,3,更年前期或绝经前期,preclimacteric or premenopausal,N92.4,0.9911714792251587,,,,,
1433,3,绝经期,menopausal,N92.4,0.9659371972084045,,,,,
1433,3,心因性,psychogenic,F45.8,0.9951727986335754,,,,,
1433,2,子宫肥大,Uteromegaly,N85.2,0.9563007354736328,,,,,
1433,2,子宫附件炎(化脓性)(另见输卵管卵巢炎),Adnexitis (suppurative) (see also Salpingo-oophoritis),N70.9,0.99847412109375,,,,,
1433,2,子宫腹膜炎(另见腹膜炎，盆腔，女性),"Metroperitonitis (see also Peritonitis, pelvic, female)",N73.5,0.9941480159759521,,,,,
1433,2,子宫肌层的 - 见情况,Myometrium - see condition,,0.9556272625923157,,,,,
1433,2,子宫肌内膜炎(另见子宫内膜炎),Endomyometritis (see also Endometritis),N71.9,0.9952579736709595,,,,,
1433,2,子宫肌炎(另见子宫内膜炎),Myometritis (see also Endometritis),N71.9,0.9976914525032043,,,,,
1433,2,子宫积脓，脓性子宫炎(另见子宫内膜炎),"Pyometra, pyometrium, pyometritis (see also Endometritis)",N71.9,0.9750555753707886,,,,,
1433,2,子宫积水,Hydrometra,N85.8,0.9753998517990112,,,,,
1433,2,子宫积血,Hematometra,N85.7,0.9632255434989929,,,,,
1433,3,伴有阴道积血,with hematocolpos,N89.7,0.9949663877487183,,,,,
1433,2,子宫口的 - 见情况,"Os, uterus - see condition",,0.974448025226593,,,,,
1433,2,子宫内避孕装置,Intrauterine contraceptive device,,0.9999361038208008,,,,,
1433,3,放置,insertion,Z30.1,0.9745559692382812,,,,,
1433,3,检查、重新放置、取出,"checking, reinsertion, removal",Z30.5,0.9737902283668518,,,,,
1433,3,妊娠时具有,retention in pregnancy,O26.3,0.9897632002830505,,,,,
1433,3,原位,in situ,Z97.5,0.989429771900177,,,,,
1433,2,子宫内膜的 - 见情况,Endometrium - see condition,,0.9757185578346252,,,,,
1433,2,子宫内膜炎(非特异性)(化脓性)(脓毒性),Endometritis (nonspecific) (purulent) (septic) (suppurative),N71.9,0.9822840690612793,,,,,
1433,3,急性,acute,N71.0,0.9790588021278381,,,,,
1433,3,亚急性,subacute,N71.0,0.9737597703933716,,,,,
1433,3,慢性,chronic,N71.1,0.9462882280349731,,,,,
1433,3,并发于妊娠,complicating pregnancy,O23.5,0.9932729005813599,,,,,
1433,4,影响到胎儿或新生儿,affecting fetus or newborn,P00.8,0.9660199880599976,,,,,
1433,3,产褥期、产后,"puerperal, postpartum",O85,0.9524273872375488,,,,,
1433,3,宫颈(伴有糜烂或外翻)(另见宫颈炎),"cervix, cervical (with erosion or ectropion) (see also Cervicitis)",N72,0.998296856880188,,,,,
1433,4,增生性,hyperplastic,N72,0.9546706676483154,,,,,
1434,3,后,following,,0.9648802876472473,,,,,
1434,4,流产(随后发生),abortion (subsequent episode),O08.0,0.9745813012123108,,,,,
1434,5,近期发生-见流产,current episode - see Abortion,,0.9749959111213684,,,,,
1434,4,异位妊娠或葡萄胎妊娠,ectopic or molar pregnancy,O08.0,0.9660614132881165,,,,,
1434,3,结核性,tuberculous,A18.1+ N74.1*,0.9587881565093994,,,,,
1434,3,老年性(萎缩性),senile (atrophic),N71.9,0.9681263566017151,,,,,
1434,3,淋病性，淋球菌性(急性)(慢性),"blenorrhagic, gonococcal, gonorrheal (acute) (chronic)",A54.2+ N74.3*,0.9558548331260681,,,,,
1434,3,衣原体性,chlamydial,A56.1+ N74.4*,0.9432265162467957,,,,,
1434,3,增生性,hyperplastic,N85.0,0.9701350331306458,,,,,
1434,4,宫颈,cervix,N72,0.885995090007782,,,,,
1434,2,子宫内膜异位,"Adenomyosis, Endometriosis",N80.0,0.9917926788330078,,,,,
1434,3,肠,intestine,N80.5,0.9528208374977112,,,,,
1434,3,间质(M8931/1),stromal (M8931/1),D39.0,0.993396520614624,,,,,
1434,3,卵巢,"ovary, ovarian",N80.1,0.98753821849823,,,,,
1434,3,盆腔腹膜,pelvic peritoneum,N80.3,0.98842453956604,,,,,
1434,3,皮肤(瘢痕),skin (scar),N80.6,0.9621524810791016,,,,,
1434,3,输卵管,fallopian tube,N80.2,0.9488813281059265,,,,,
1434,3,特指部位 NEC,specified site NEC,N80.8,0.9931021332740784,,,,,
1434,3,阴道,vagina,N80.4,0.9848290681838989,,,,,
1434,3,直肠阴道隔,rectovaginal septum,N80.4,0.9711706042289734,,,,,
1434,3,子宫,uterus,N80.0,0.9553979635238647,,,,,
1434,2,子宫旁组织的 - 见情况,"Parametrium, parametric - see condition",,0.9672797322273254,,,,,
1434,2,子宫旁组织炎(另见病，盆腔，炎性),"Parametritis (see also Disease, pelvis, inflammatory)",N73.2,0.9911137223243713,,,,,
1434,2,子宫膀胱的 - 见情况,Uterovesical - see condition,,0.9239189028739929,,,,,
1434,2,子宫破裂-见破裂，子宫,"Disruptio uteri, Metrorrhexis - see Rupture, uterus",,0.9891412854194641,,,,,
1434,2,子宫切除术，剖宫产,"Hysterectomy, cesarean",O82.2,0.979202389717102,,,,,
1434,2,子宫切开术，影响到胎儿或新生儿,"Hysterotomy, affecting fetus or newborn",P03.8,0.9758148193359375,,,,,
1434,2,子宫渗血,Metrostaxis,N93.8,0.9852825999259949,,,,,
1434,2,子宫输卵管炎(另见输卵管卵巢炎),Metrosalpingitis (see also Salpingo-oophoritis),N70.9,0.992712140083313,,,,,
1434,2,子宫输卵管周炎(另见输卵管卵巢炎),Perimetrosalpingitis (see also Salpingo-oophoritis),N70.9,0.9998413324356079,,,,,
1434,2,子宫胎盘卒中(并发于分娩)(另见胎盘早剥),Couvelaire syndrome or uterus (complicating delivery) (see also Abruptio placentae),O45.8,0.900019645690918,,,,,
1434,2,子宫痛，妊娠子宫,"Hysteralgia, pregnant uterus",O26.8,0.9887793660163879,,,,,
1434,2,子宫脱垂(另见脱垂，子宫),"Procidentia (uteri) (see also Prolapse, uterus)",N81.3,0.9923113584518433,,,,,
1434,2,子宫外膜炎(另见子宫内膜炎),Perimetritis (see also Endometritis),N71.9,0.9996243119239807,,,,,
1434,2,子宫外妊娠(另见妊娠，按部位),"Extrauterine gestation or pregnancy (see also Pregnancy, by site)",O00.9,0.9812231063842773,,,,,
1434,2,子宫炎(卡他性)(出血性)(脓毒性)(化脓性)(另见子宫内膜炎),Metritis (catarrhal) (hemorrhagic) (septic) (suppurative) (see also Endometritis),N71.9,0.9860211610794067,,,,,
1434,3,宫颈(另见宫颈炎),cervical (see also Cervicitis),N72,0.9892899394035339,,,,,
1435,2,子宫阴道的-见情况,Uterovaginal - see condition,,0.9818755388259888,,,,,
1435,2,子宫阴道积水,Hydrometrocolpos,N89.8,0.9779987931251526,,,,,
1435,2,子宫阴道炎(另见子宫内膜炎),Metrovaginitis (see also Endometritis),N71.9,0.9997401833534241,,,,,
1435,2,子宫周的 - 见情况,Periuterine - see condition,,0.9582653045654297,,,,,
1435,2,子痫(性)(昏迷)(抽搐)(谵妄)(伴有原有的或与妊娠有关的高血压) NEC,"Eclampsia, eclamptic (coma) (convulsions) (delirium) (with pre-existing or pregnancy- related hypertension) NEC",O15.9,0.984656035900116,,,,,
1435,3,产后,postpartum,O15.2,0.9464335441589355,,,,,
1435,3,产褥期,puerperal,O15.2,0.9668093919754028,,,,,
1435,3,男性,male,R56.8,0.9518564343452454,,,,,
1435,3,妊娠,pregnancy,O15.0,0.9719110727310181,,,,,
1435,4,影响到胎儿或新生儿,affecting fetus or newborn,P00.0,0.9662392735481262,,,,,
1435,3,与妊娠或分娩无关的,not associated with pregnancy or childbirth,R56.8,0.9874809980392456,,,,,
1435,3,在产程和分娩中,during labor and delivery,O15.1,0.987299382686615,,,,,
1435,1,zǐ 籽,,,0.9180467128753662,,,,,
1435,2,籽骨炎,Sesamoiditis,M86.8,0.9883816838264465,,,,,
1435,1,zǐ 紫,,,0.9021512866020203,,,,,
1435,2,紫癜,"Pupura,Peliosis",D69.2,0.9995549321174622,,,,,
1435,3,暴发性,"fulminans, fulminous",D65,0.9860146045684814,,,,,
1435,3,变应性,allergic,D69.0,0.9880807995796204,,,,,
1435,3,出血性,"hemorrhagic, hemorrhagica",D69.3,0.9885603189468384,,,,,
1435,4,非由于血小板减少,not due to thrombocytopenia,D69.0,0.9897834658622742,,,,,
1435,3,传染性,infectious,D69.0,0.9938018918037415,,,,,
1435,3,单纯性,simplex,D69.2,0.9961901903152466,,,,,
1435,3,恶性,malignant,D69.0,0.9725515842437744,,,,,
1435,3,非血小板减少性,"nonthrombocytopenic, nonthrombopenic",D69.2,0.976917564868927,,,,,
1435,4,出血性,hemorrhagic,D69.0,0.9268901944160461,,,,,
1435,4,特发性,idiopathic,D69.0,0.9766982197761536,,,,,
1435,3,风湿性,rheumatica,D69.0,0.9615575075149536,,,,,
1435,3,腹,abdominal,D69.0,0.9550706744194031,,,,,
1435,3,肝,hepatis,K76.4,0.9940868020057678,,,,,
1435,4,伴有中毒性肝病,with toxic liver disease,K71.8,0.9898631572723389,,,,,
1435,3,高丙球蛋白血症性(良性)(瓦尔登斯特伦),hypergammaglobulinemic (benign) (Waldenström's),D89.0,0.9801440238952637,,,,,
1435,3,关节炎性,arthritic,D69.0,0.9654024839401245,,,,,
1435,3,过敏性,anaphylactoid,D69.0,0.9921137094497681,,,,,
1435,3,亨诺克(-舍恩莱因),Henoch(-Schönlein),D69.0,0.9739919304847717,,,,,
1435,3,坏疽性,gangrenous,D65,0.9641573429107666,,,,,
1435,3,老年,senile,D69.2,0.949479341506958,,,,,
1435,3,冷球蛋白血症,cryoglobulinemic,D89.1,0.9961662292480469,,,,,
1436,3,毛细血管脆性，特发性,"capillary fragility, idiopathic",D69.8,0.972470223903656,,,,,
1436,3,毛细血管扩张性环状,annularis telangiectodes,L81.7,0.9830090403556824,,,,,
1436,3,内脏症状性,visceral symptoms,D69.0,0.9880966544151306,,,,,
1436,3,溶解血栓性(另见纤维蛋白溶解),thrombolytic (see also Fibrinolysis),D65,0.9947177767753601,,,,,
1436,3,舍恩莱因(-亨诺克),Schönlein(-Henoch),D69.0,0.9647464752197266,,,,,
1436,3,神经性,nervosa,D69.0,0.9793719053268433,,,,,
1436,3,特发性(血小板减少性),idiopathic (thrombocytopenic),D69.3,0.9790346622467041,,,,,
1436,4,非血小板减少性,nonthrombocytopenic,D69.0,0.9787663817405701,,,,,
1436,3,维生素C缺乏性,scorbutic,E54+ D77*,0.9795631766319275,,,,,
1436,3,细菌性,bacterial,D69.0,0.9858736991882324,,,,,
1436,3,纤维蛋白溶解性(另见纤维蛋白溶解),fibrinolytic (see also Fibrinolysis),D65,0.9891836643218994,,,,,
1436,3,血管性,vascular,D69.0,0.9582920074462891,,,,,
1436,3,血栓形成性，血小板减少性,"thrombotic, thrombocytopenic",M31.1,0.9954584240913391,,,,,
1436,3,血小板减少性(先天性)(遗传性)(另见血小板减少),"thrombocytopenic, thrombopenic (congenital) (hereditary) (see also Thrombocytopenia)",D69.4,0.9929832220077515,,,,,
1436,4,特发性,idiopathic,D69.3,0.9926977157592773,,,,,
1436,4,新生儿，暂时性,"neonatal, transitory",P61.0,0.9498141407966614,,,,,
1436,4,血栓形成性,thrombotic,M31.1,0.9756097793579102,,,,,
1436,3,症状性,symptomatica,D69.0,0.9882728457450867,,,,,
1436,3,中毒性,toxic,D69.0,0.9714937806129456,,,,,
1436,2,紫绀-现译名发绀,Cyanosis,,0.9538688063621521,,,,,
1436,1,zì 自,,,0.9169460535049438,,,,,
1436,2,自残,Self-mutilation,,0.9996718168258667,,,,,
1436,3,史(个人),history (personal),Z91.5,0.9899169206619263,,,,,
1436,4,在家,in family,Z81.8,0.9728600382804871,,,,,
1436,3,(声称)企图之后的观察,observation following (alleged) attempt,Z03.8,0.9971433877944946,,,,,
1436,2,自动症,Automatism,,0.9999733567237854,,,,,
1436,3,癫痛性,epileptic,G40.2,0.9200294017791748,,,,,
1436,3,阵发性，特发性,"paroxysmal, idiopathic",G40.2,0.9931744933128357,,,,,
1436,2,自发性- 另见情况,Spontaneous – see also condition,,0.9185316562652588,,,,,
1436,3,骨折(原因不知),fracture (cause unknown),M84.4,0.9736183285713196,,,,,
1436,2,自发性指[趾]脱落(阿洪病),Dactylolysis spontanea (ainhum),L94.6,0.9865968227386475,,,,,
1436,2,自服毒,Self-poisoning,,0.9999909400939941,,,,,
1436,3,史(个人),history (personal),Z91.5,0.9690020680427551,,,,,
1436,4,家庭中,in family,Z81.8,0.9678316116333008,,,,,
1436,3,在(可疑)企图后的观察,observation following (alleged) attempt,Z03.6,0.9811339974403381,,,,,
1436,2,自解言语症,Idioglossia,F80.0,0.9998453259468079,,,,,
1436,2,自然流产,Miscarriage,O03,0.9326370358467102,,,,,
1437,2,自杀(未遂),"Suicide, suicidal (attempted)",,0.9996947646141052,,,,,
1437,3,创伤NEC(另见损伤的性质和部位),trauma NEC (see also Nature and site of injury),T14.9,0.9901267886161804,,,,,
1437,3,倾向,tendencies,R45.8,0.9458310604095459,,,,,
1437,4,精神障碍的组成部分-见情况,constituting part of a mental disorder - see condition,,0.9504708647727966,,,,,
1437,3,史(个人),history of (personal),Z91.5,0.991185188293457,,,,,
1437,4,家族,in family,Z81.8,0.9033700227737427,,,,,
1437,3,危险,risk,R45.8,0.9525647759437561,,,,,
1437,4,精神障碍的组成部分-见情况,constituting part of a mental disorder - see condition,,0.9508317708969116,,,,,
1437,3,用毒物-见药物和化学制剂表,by poisoning - see Table of drugs and chemicals,,0.9919670224189758,,,,,
1437,3,在可疑企图后的观察,observation following alleged attempt,Z03.8,0.9932817816734314,,,,,
1437,2,自杀危险,"Risk, suicidal",R45.8,0.9999656677246094,,,,,
1437,3,精神障碍的组成部分-见情况,constituting part of a mental disorder - see condition,,0.991097092628479,,,,,
1437,2,自身部位失认,Autotopagnosia,R48.1,0.9999793767929077,,,,,
1437,2,自身过敏，红细胞,"Autosensitivity, erythrocyte",D69.2,0.9955013394355774,,,,,
1437,2,自身红细胞致敏(综合征),Autoerythrocyte sensitization (syndrome),D69.2,0.9998970031738281,,,,,
1437,2,自身免疫病(全身性)NEC,Autoimmune disease (systemic) NEC,M35.9,0.9756827354431152,,,,,
1437,2,自身消化,Autodigestion,R68.8,0.951055645942688,,,,,
1437,2,自身致敏，皮肤,"Autosensitization, cutaneous",L30.2,0.999938428401947,,,,,
1437,2,自身中毒,"Autointoxication, Autotoxemia",R68.8,0.9817060232162476,,,,,
1437,2,自我伤害(企图),Self-harm (attempted),,0.9998965859413147,,,,,
1437,3,史(个人),history (personal),Z91.5,0.9896957874298096,,,,,
1437,4,家庭中,in family,Z81.8,0.9854682683944702,,,,,
1437,3,在(可疑)企图后的观察,observation following (alleged) attempt,Z03.8,0.9877240657806396,,,,,
1437,2,自我损害行为(生活方式),Self-damaging behavior (lifestyle),Z72.8,0.9997990727424622,,,,,
1437,2,自主神经机能异常(家族性),Dysautonomia (familial),G90.1,0.9786996245384216,,,,,
1437,2,自主性,"Autonomic, autonomous",,0.9998403191566467,,,,,
1437,3,膀胱(神经源性),bladder (neurogenic),N31.2,0.9812084436416626,,,,,
1437,3,癔症发作,hysteria seizure,F44.5,0.9562786221504211,,,,,
1437,1,zōng 综,,,0.9361407160758972,,,,,
1437,2,综合征-另见病,Syndrome - see also Disease,,0.9996867179870605,,,,,
1437,3,6p 缺失,"6 p deletion, 6 p minus",Q93.5,0.8947290778160095,,,,,
1437,3,"48,XXXX染色体","48,XXXX chromosome",Q97.1,0.938523530960083,,,,,
1437,3,"49,XXXXX染色体","49,XXXXX chromosome",Q97.1,0.8795120120048523,,,,,
1437,3,HIV感染，急性,"HIV infection, acute",B23.0,0.9901217818260193,,,,,
1437,3,XXY 染色体,XXY,Q98.0,0.96165931224823,,,,,
1437,3,XXXX染色体，女性,"XXXX, female",Q97.1,0.933931291103363,,,,,
1437,3,XXXXX 染色体，女性,"XXXXX, female",Q97.1,0.9021326899528503,,,,,
1437,3,XXXXY 染色体,XXXXY,Q98.1,0.9331185817718506,,,,,
1438,3,白血病前期(M9989/1),preleukemic (M9989/1),D46.9,0.9861570596694946,,,,,
1438,3,败血症性肾上腺出血,septicemic adrenal hemorrhage,A39.1+ E35.1*,0.95367431640625,,,,,
1438,3,瓣膜切开术后,postvalvulotomy,I97.0,0.9853602051734924,,,,,
1438,3,背外侧髓性,dorsolateral medullary,I66.3+ G46.4*,0.9774172306060791,,,,,
1438,3,笨拙儿童,"clumsiness, clumsy child",F82,0.9965369701385498,,,,,
1438,3,臂丛,brachial plexus,G54.0,0.9964225888252258,,,,,
1438,3,边缘性癫疯性人格,limbic epilepsy personality,F07.0,0.9544270634651184,,,,,
1438,3,病毒,virus,B34.9,0.9397261142730713,,,,,
1438,3,病毒感染后NEC,postviral NEC,R53,0.9664846658706665,,,,,
1438,4,疲劳,fatigue,G93.3,0.9543989896774292,,,,,
1438,3,病窦,sick sinus,I49.5,0.936447262763977,,,,,
1438,3,病态甲状腺机能正常,sick-euthyroid,E07.8,0.9961764812469482,,,,,
1438,3,并腿畸形,sirenomelia,Q87.2,0.9959679841995239,,,,,
1438,3,玻璃体(白内障手术后)(接触),vitreous (following cataract surgery) (touch),H59.0,0.9867866039276123,,,,,
1438,3,玻璃体角膜,vitreal corneal,H59.0,0.9944069385528564,,,,,
1438,3,不动，固定(截瘫性),"immobility, immobilization (paraplegic)",M62.3,0.9847027063369751,,,,,
1438,3,残留卵巢,residual ovary,N99.8,0.9877724647521973,,,,,
1438,3,苍白球色素变性(进行性),pigmentary pallidal degeneration (progressive),G23.0,0.9698231220245361,,,,,
1438,3,产后全垂体功能减退(希恩),postpartum panhypopituitary (Sheehan),E23.0,0.9881784915924072,,,,,
1438,3,常染色体(另见异常的，常染色体 NEC),"autosomal (see also Abnormal, autosomes NEC)",Q99.9,0.9606274962425232,,,,,
1438,3,肠系膜,mesenteric,,0.9853721857070923,,,,,
1438,4,动脉(上),artery (superior),K55.1,0.9813278317451477,,,,,
1438,4,血管机能不全,vascular insufficiency,K55.1,0.9716264009475708,,,,,
1438,3,肠系膜动脉性十二指肠闭塞,aortomesenteric duodenum occlusion,K31.5,0.993574321269989,,,,,
1438,3,充血性痛经,congestive dysmenorrhea,N94.6,0.9948543310165405,,,,,
1438,3,创伤性血管痉挛,traumatic vasospastic,T75.2,0.9927300810813904,,,,,
1438,3,垂体功能减退,hypopituitarism,E23.0,0.9750095009803772,,,,,
1438,3,丛集性头痛,cluster headache,G44.0,0.9727075695991516,,,,,
1438,3,脆性X染色体,fragile X,Q99.2,0.9903345108032227,,,,,
1438,3,大剂量维生素B₆,megavitamin-B₆,E67.2,0.9207213521003723,,,,,
1438,3,大脑被盖,tegmental,G93.8,0.976142406463623,,,,,
1438,3,大脑动脉,cerebral artery,,0.9996803998947144,,,,,
1438,4,前,anterior,I66.1+ G46.1*,0.9420997500419617,,,,,
1438,4,中,middle,I66.0+ G46.0*,0.9680720567703247,,,,,
1438,4,后,posterior,I66.2+ G46.2*,0.9438710808753967,,,,,
1438,3,单纯,pure,,0.9987885355949402,,,,,
1438,4,感觉性腔隙,sensory lacunar,I67.9+ G46.6*,0.9435945749282837,,,,,
1438,4,运动性腔隙,motor lacunar,I67.9+ G46.5*,0.9799094200134277,,,,,
1438,3,单眼固定,monofixation,H50.4,0.987593412399292,,,,,
1438,3,胆囊切除术后,postcholecystectomy,K91.5,0.9949036836624146,,,,,
1438,3,胆汁浓缩(新生儿),inspissated bile (newborn),P59.1,0.9750086665153503,,,,,
1439,3,低,low,,0.9401668310165405,,,,,
1439,4,背,back,M54.5,0.9455606937408447,,,,,
1439,5,心因性,psychogenic,F45.4,0.9859440922737122,,,,,
1439,4,气压,atmospheric pressure,T70.2,0.9367784857749939,,,,,
1439,3,低钾血症,hypopotassemia,E87.6,0.970320999622345,,,,,
1439,3,低钠,hyponatremic,E87.1,0.9793301820755005,,,,,
1439,3,低钠血症,hyponatraemia,E87.1,0.9789866209030151,,,,,
1439,3,低位神经根，新生儿(产伤),"lower radicular, newborn (birth injury)",P14.8,0.9916489124298096,,,,,
1439,3,低血钾,hypokalemic,E87.6,0.969512403011322,,,,,
1439,3,低血压，母体,"hypotension, maternal",O26.5,0.9914078712463379,,,,,
1439,3,第一鳃弓,first arch,Q87.0,0.9886077642440796,,,,,
1439,3,癫痛(另见癫痛),epileptic (see also Epilepsy),G40.9,0.8937340378761292,,,,,
1439,4,特指的,special,G40.5,0.9726805090904236,,,,,
1439,3,动眼,oculomotor,H51.9,0.9524786472320557,,,,,
1439,3,豆状核，进行性,"lenticular, progressive",E83.0,0.9946452975273132,,,,,
1439,3,短肋,short rib,Q77.2,0.9960036873817444,,,,,
1439,3,多处手术,multiple operations,F68.1,0.9956854581832886,,,,,
1439,3,多动(另见运动过度),hyperkinetic (see also Hyperkinesia),F90.9,0.9916301369667053,,,,,
1439,4,心脏,heart,I51.8,0.9448341727256775,,,,,
1439,3,多动腿,restless legs,G25.8,0.9869545698165894,,,,,
1439,3,多脉管炎重叠,polyangiitis overlap,M30.8,0.9956077933311462,,,,,
1439,3,多泡肺,bubbly lung,P27.0,0.9873772859573364,,,,,
1439,3,多腺体(代偿性)(M8360/1),"pluriglandular, polyglandular (compensatory) (M8360/1)",D44.8,0.9921995997428894,,,,,
1439,4,自身免疫性,autoimmune,E31.0,0.9940547943115234,,,,,
1439,3,多营养不良，婴儿期,"pluricarential, polycarential, of infancy",E40,0.9949957728385925,,,,,
1439,3,多种(营养)缺乏,plurideficiency,E40,0.9743466377258301,,,,,
1439,3,额叶,frontal lobe,F07.0,0.9969826936721802,,,,,
1439,3,恶性抗精神病药,malignant neuroleptic,G21.0,0.9895748496055603,,,,,
1439,3,儿童受虐NEC,child maltreatment NEC,T74.9,0.9602330923080444,,,,,
1439,3,耳-腭-指[趾],oto-palatal-digital,Q87.0,0.9910944700241089,,,,,
1439,3,耳石,otolith,H81.8,0.9250743389129639,,,,,
1439,3,反应性气道动能不全,reactive airways dysfunction,J68.3,0.9983534812927246,,,,,
1439,3,肥胖性生殖无能,adiposogenital,E23.6,0.9942914247512817,,,,,
1439,3,肺,pulmonary,,0.9836101531982422,,,,,
1439,4,动脉硬化,arteriosclerosis,I27.0,0.9888250231742859,,,,,
1439,4,发育未成熟(威尔逊-米基迪),dysmaturity (Wilson-Mikity),P27.0,0.970624566078186,,,,,
1439,4,肾(出血性)(古德帕斯丘),renal (hemorrhagic) (Goodpasture's),M31.0,0.9715613126754761,,,,,
1439,3,肺泡毛细血管阻滞,alveolocapillary block,J84.1,0.9973892569541931,,,,,
1439,3,肺心性肥胖症,cardiopulmonary-obesity,E66.2,0.9896717071533203,,,,,
1439,3,跗骨小管,tarsal tunnel,G57.5,0.9970808029174805,,,,,
1440,3,腹(型),abdominal,,0.9399884343147278,,,,,
1440,4,肌肉[腹肌]缺乏,muscle deficiency,Q79.4,0.9730502963066101,,,,,
1440,4,急性[急腹症],acute,R10.0,0.9563703536987305,,,,,
1440,4,偏头痛,migraine,G43.1,0.9709007143974304,,,,,
1440,3,腹腔动脉压迫,celiac artery compression,I77.4,0.9825633764266968,,,,,
1440,3,干眼,dry eye,H04.1,0.9587109684944153,,,,,
1440,3,干燥,sicca,M35.0,0.958228349685669,,,,,
1440,3,肝曲,hepatic flexure,K59.8,0.9880876541137695,,,,,
1440,3,肝肾,hepatorenal,K76.7,0.97490394115448,,,,,
1440,4,产后，产褥期，分娩后,"postpartum, puerperal, following delivery",O90.4,0.9616726040840149,,,,,
1440,4,手术后或操作后,postoperative or postprocedural,K91.8,0.9630140662193298,,,,,
1440,3,冈上肌,supraspinatus,M75.1,0.9569417834281921,,,,,
1440,3,高免疫球蛋白E(IgE),hyperimmunoglobulin E (IgE),D82.4,0.9768006801605225,,,,,
1440,3,高血钾,hyperkalemic,E87.5,0.9765372276306152,,,,,
1440,3,睾丸女性化,testicular feminization,E34.5,0.9627335667610168,,,,,
1440,3,更年期,climacteric,N95.1,0.9903767108917236,,,,,
1440,3,共济失调-毛细血管扩张症,ataxia-telangiectasia,G11.3,0.9976643323898315,,,,,
1440,3,孤儿院(童年),institutional (childhood),F94.2,0.9905552864074707,,,,,
1440,3,骨髓增生(慢性)(M9960/1),myeloproliferative (chronic) (M9960/1),D47.1,0.9810121059417725,,,,,
1440,3,骨髓增生异常(M9989/1),myelodysplastic (M9989/1),D46.9,0.9863693714141846,,,,,
1440,4,特指的NEC,specified NEC,D46.7,0.9833164811134338,,,,,
1440,3,骨质疏松-骨软化症,osteoporosis-osteomalacia,M83.8,0.9974642395973206,,,,,
1440,3,冠状动脉,coronary,,0.9681156873703003,,,,,
1440,4,急性NEC,acute NEC,I24.9,0.9786836504936218,,,,,
1440,4,中间型,intermediate,I20.0,0.9895154237747192,,,,,
1440,3,腘蹼,popliteal web,Q87.8,0.9753403663635254,,,,,
1440,3,过敏性,irritable,,0.9592663049697876,,,,,
1440,4,大肠,bowel,K58.9,0.898578405380249,,,,,
1440,5,伴有腹泻,with diarrhea,K58.0,0.9664660096168518,,,,,
1440,5,心因性,psychogenic,F45.3,0.9883752465248108,,,,,
1440,4,心脏(心因性),heart (psychogenic),F45.3,0.9662887454032898,,,,,
1440,4,虚弱,weakness,F48.0,0.9867007732391357,,,,,
1440,3,过早衰老,premature senility,E34.8,0.9881942272186279,,,,,
1440,3,汗潴留,sweat retention,L74.0,0.9974202513694763,,,,,
1440,3,汉坦病毒(心)-肺综合征(HPS)(HCPS),Hantavirus (cardio)-pulmonary (HPS) (HCPS),B33.4+ J17.1*,0.9362249970436096,,,,,
1440,3,颌动瞬目,jaw-winking,Q07.8,0.9837080836296082,,,,,
1440,3,黑寡妇蜘蛛咬伤,black widow spider bite,T63.3,0.9820374846458435,,,,,
1440,3,红细胞碎裂,erythrocyte fragmentation,D59.4,0.9969083070755005,,,,,
1440,3,后颈交感神经,posterior cervical sympathetic,M53.0,0.9978554248809814,,,,,
1440,3,后天性免疫缺陷-见人(类)，免疫缺陷病毒[HIV]病,"acquired immunodeficiency – see Human, immunodeficiency virus (HIV) disease",,0.9702714085578918,,,,,
1441,3,呼吸,respiratory,,0.9676921367645264,,,,,
1441,4,窘迫(特发性)(新生儿),distress(idiopathic) (newborn) .,P22,0.9598612189292908,,,,,
1441,5,成人型,adult,J80,0.9406087398529053,,,,,
1441,4,严重急性,severe acute,U04.9,0.9641801714897156,,,,,
1441,3,幻肢(不伴有疼痛),phantom limb (without pain),G54.7,0.9893937706947327,,,,,
1441,4,伴有疼痛,with pain,G54.6,0.9828548431396484,,,,,
1441,3,换气过度,hyperventilation,F45.3,0.9898479580879211,,,,,
1441,3,黄甲,yellow nail,L60.5,0.9968909025192261,,,,,
1441,3,灰白(新生儿),gray (newborn),P93,0.9749591946601868,,,,,
1441,4,血小板,platelet,D69.1,0.944936990737915,,,,,
1441,3,回旋套，肩,"rotator cuff, shoulder",M75.1,0.9943285584449768,,,,,
1441,3,喙突下-胸小肌,subcoracoid-pectoralis minor,G54.0,0.9968124628067017,,,,,
1441,3,机能性,functional,,0.9795017242431641,,,,,
1441,4,肠,bowel,K59.9,0.9605600833892822,,,,,
1441,4,青春前期阉人,prepuberal castrate,E29.1,0.9862166047096252,,,,,
1441,3,肌无力(于),myasthenic (in),G70.9,0.9460979700088501,,,,,
1441,4,甲状腺毒症(甲状腺功能亢进症),thyrotoxicosis (hyperthyroidism),E05.9+ G73.0*,0.9868943691253662,,,,,
1441,4,内分泌病NEC,endocrine disease NEC,E34.9+ G73.0*,0.9852206110954285,,,,,
1441,4,糖尿病-编码于E10-E14伴有第四位数.4,diabetes mellitus - code to E10-E14 with fourth character.4,,0.9845401644706726,,,,,
1441,4,肿瘤NEC(M8000/1)(另见 肿瘤),neoplastic disease NEC (M8000/1) (see also Neoplasm),D48.9+ G73.2*,0.9853471517562866,,,,,
1441,3,肌震颤性(威尔逊病),amyostatic (Wilson's disease),E83.0,0.9941982626914978,,,,,
1441,3,基底动脉,basilar artery,G45.0,0.9720860719680786,,,,,
1441,3,畸形，先天性，由于,"malformation, congenital, due to",,0.9876976013183594,,,,,
1441,4,苄丙酮香豆素[华法林],warfarin,Q86.2,0.9845067262649536,,,,,
1441,4,酒精性,alcohol,Q86.0,0.9393705725669861,,,,,
1441,4,外源性原因NEC,exogenous cause NEC,Q86.8,0.9703071117401123,,,,,
1441,4,乙内酰脲,hydantoin,Q86.1,0.9582878351211548,,,,,
1441,3,急腹的[急腹症],acute abdominal,R10.0,0.9844043850898743,,,,,
1441,3,急性颈椎[挥鞭伤],whiplash,S13.4,0.9927632212638855,,,,,
1441,3,棘突间韧带,interspinous ligament,M48.8,0.9955286979675293,,,,,
1441,3,挤压,crush,T79.5,0.975999116897583,,,,,
1441,3,脊髓损伤(另见损伤，脊髓，按部位),"spinal cord injury (see also Injury, spinal cord, by region)",T09.3,0.9915279746055603,,,,,
1441,3,脊髓圆锥,conus medullaris,G95.8,0.98978191614151,,,,,
1441,3,脊椎缺损、肛门闭锁、气管食管瘘、桡骨及肾脏发育异常VATER,VATER,Q87.2,0.9722840785980225,,,,,
1441,3,脊椎源性(痛),vertebrogenic (pain),M54.8,0.9790531396865845,,,,,
1441,3,家族性湿疹-血小板减少(维斯科特-奥尔德里奇),familial eczema-thrombocytopenia (Wiskott-Aldrich),D82.0,0.9883396625518799,,,,,
1441,3,甲髌骨,nail patella,Q87.2,0.9788414835929871,,,,,
1441,3,甲状腺-肾上腺皮质机能不全,thyroid-adrenocortical insufficiency,E31.0,0.9974350333213806,,,,,
1441,3,甲状腺肿聋,goiter-deafness,E07.1,0.9942806363105774,,,,,
1441,3,钾中毒,potassium intoxication,E87.5,0.9787231683731079,,,,,
1442,3,肩-手,hand-shoulder,G90.8,0.9680662155151367,,,,,
1442,3,肩腓,scapuloperoneal,G71.0,0.9481082558631897,,,,,
1442,3,肩手,shoulder-hand,M89.0,0.9792692065238953,,,,,
1442,3,僵人,stiff man,G25.8,0.9792693853378296,,,,,
1442,3,交感神经,sympathetic,,0.9907644391059875,,,,,
1442,4,颈，麻痹,cervical paralysis,G90.2,0.956754744052887,,,,,
1442,4,盆腔，女性,"pelvic, female",N94.8,0.9724900126457214,,,,,
1442,3,结缔组织,connective tissue,M35.9,0.9990717768669128,,,,,
1442,4,重叠NEC,overlap NEC,M35.1,0.9809299111366272,,,,,
1442,3,戒断-见戒断，状态,"withdrawal - see Withdrawal, state",,0.9828517436981201,,,,,
1442,4,药物,drug,,0.9406410455703735,,,,,
1442,5,使用治疗性，新生儿,"therapeutic use, newborn",P96.2,0.9778717160224915,,,,,
1442,5,有药瘾母亲的婴儿,infant of dependent mother,P96.1,0.9820374846458435,,,,,
1442,3,戒酒,alcohol withdrawal,F10.3,0.9887627363204956,,,,,
1442,4,伴有谵妄,with delirium,F10.4,0.9879430532455444,,,,,
1442,3,经前期紧张,premenstrual tension,N94.3,0.975994348526001,,,,,
1442,3,精神-器质性(非精神病程度).,psycho-organic (nonpsychotic severity),F07.9,0.9868101477622986,,,,,
1442,4,急性或亚急性,acute or subacute,F05.9,0.9723676443099976,,,,,
1442,4,特指的NEC,specified NEC,F07.8,0.9571923017501831,,,,,
1442,3,精神分裂，童年NEC,"schizophrenic, of childhood NEC",F84.5,0.9868676066398621,,,,,
1442,3,颈(根),cervical (root),M53.1,0.980519711971283,,,,,
1442,4,后，交感神经系统,"posterior, sympathicus",M53.0,0.955229640007019,,,,,
1442,4,交感神经麻痹,sympathetic paralysis,G90.2,0.9824419021606445,,,,,
1442,4,肋,rib,Q76.5,0.8669676780700684,,,,,
1442,4,融合,fusion,Q76.1,0.8671178221702576,,,,,
1442,4,椎间盘,disk,M50.1+ G55.1*,0.9544798731803894,,,,,
1442,3,颈臂(弥漫性),cervicobrachial (diffuse),M53.1,0.9546041488647461,,,,,
1442,3,颈动脉,carotid,,0.9920529127120972,,,,,
1442,4,动脉(半球),artery (hemispheric),G45.1,0.9764747023582458,,,,,
1442,5,内,internal,G45.1,0.9549293518066406,,,,,
1442,4,窦,sinus,G90.0,0.9661740064620972,,,,,
1442,3,颈静脉孔,jugular foramen,G52.7,0.957733690738678,,,,,
1442,3,颈颅,cervicocranial,M53.0,0.9748309254646301,,,,,
1442,3,颈胸出口,cervicothoracic outlet,G54.0,0.9678784012794495,,,,,
1442,3,胫,tibial,,0.930630624294281,,,,,
1442,4,后,posterior,M76.8,0.8489658832550049,,,,,
1442,4,前,anterior,M76.8,0.8630946278572083,,,,,
1442,3,痉挛,spasmodic,,0.9930616021156311,,,,,
1442,4,瞬目,winking,F95.8,0.976170003414154,,,,,
1442,4,向上运动，眼,"upward movement, eyes",H51.8,0.9573913216590881,,,,,
1442,3,静脉炎后,postphlebitic,I87.0,0.977735161781311,,,,,
1442,3,巨血小板(贝尔纳德-苏利耶),giant platelet (Bernard-Soulier),D69.1,0.9957953095436096,,,,,
1443,3,绝经,menopause,N95.1,0.9814198017120361,,,,,
1443,4,人工(绝经)后,postartificial,N95.3,0.9460673332214355,,,,,
1443,3,抗利尿激素分泌不足,inappropriate secretion of antidiuretic hormone,E22.2,0.9831410646438599,,,,,
1443,3,抗磷脂,antiphospholipid,D68.8,0.9801157116889954,,,,,
1443,3,抗卵巢,resistant ovary,E28.3,0.9978013634681702,,,,,
1443,3,抗体缺乏,antibody deficiency,D80.9,0.9951632022857666,,,,,
1443,4,低丙球蛋白血症性,hypogammaglobulinemic,D80.1,0.9598424434661865,,,,,
1443,5,遗传性,hereditary,D80.0,0.9605491757392883,,,,,
1443,4,无丙球蛋白血症性,agammaglobulinemic,D80.1,0.9528076648712158,,,,,
1443,5,遗传性,hereditary,D80.0,0.988323450088501,,,,,
1443,3,抗心肌磷脂,antimyocardial phospholipid,D68.8,0.9963611364364624,,,,,
1443,3,抗心磷脂抗体,anticardiolipin,D68.8,0.980714738368988,,,,,
1443,3,空巢,empty nest,Z60.0,0.9825915098190308,,,,,
1443,3,口-面-指[趾],oro-facial-digital,Q87.0,0.9923602342605591,,,,,
1443,3,阔韧带撕裂,broad ligament laceration,N83.8,0.9735763669013977,,,,,
1443,3,蓝色尿布,blue diaper,E70.8,0.958866536617279,,,,,
1443,3,狼疮抗凝因子,lupus anticoagulant,D68.8,0.9934112429618835,,,,,
1443,3,肋骨与肋软骨连接处,"chondrocostal junction, costochondral junction",M94.0,0.9890040159225464,,,,,
1443,3,肋锁,costoclavicular,G54.0,0.994777500629425,,,,,
1443,3,类癌,carcinoid,E34.0,0.9884275197982788,,,,,
1443,3,类糙皮病,pellagroid,E52,0.9535502195358276,,,,,
1443,3,类组胺(鱼中毒),histamine-like (fish poisoning),T61.1,0.9676474332809448,,,,,
1443,3,冷伤(新生儿),cold injury (newborn),P80.0,0.9801698327064514,,,,,
1443,3,连合部切开术后,postcommissurotomy,I97.0,0.9781133532524109,,,,,
1443,3,淋巴细胞稀少,bare lymphocyte,D81.6,0.9696354269981384,,,,,
1443,3,流行性呕吐,epidemic vomiting,A08.1,0.969017505645752,,,,,
1443,3,颅椎,craniovertebral,M53.0,0.9820587038993835,,,,,
1443,3,卵巢,ovary,,0.9888132214546204,,,,,
1443,4,残留,residual,N99.8,0.9900235533714294,,,,,
1443,4,多囊,polycystic,E28.2,0.9612715244293213,,,,,
1443,4,抗,resistant,E28.3,0.9621641635894775,,,,,
1443,4,硬囊,sclerocystic,E28.2,0.9812653064727783,,,,,
1443,3,麻痹,paralytic,G83.9,0.9778262376785278,,,,,
1443,4,特指的NEC,specified NEC,G83.8,0.9886981248855591,,,,,
1443,3,马尾,cauda equina,G83.4,0.9916180968284607,,,,,
1443,3,慢性疼痛性人格,chronic pain personality,F62.8,0.9982084631919861,,,,,
1443,3,盲袢,blind loop,K90.2,0.9534096717834473,,,,,
1443,4,手术后,postsurgical,K91.2,0.9649538993835449,,,,,
1443,4,先天性,congenital,Q43.8,0.9342721700668335,,,,,
1443,3,猫叫,"cat-cry, cri-du-chat",Q93.4,0.9839602708816528,,,,,
1443,3,毛细管扩张-色素沉着-白内障,telangiectasic-pigmentation-cataract,Q82.8,0.9947240948677063,,,,,
1443,3,梅腹,prune belly,Q79.4,0.9393994212150574,,,,,
1444,3,萌牙,teething,K00.7,0.984490692615509,,,,,
1444,3,迷路,labyrinthine,H83.2,0.9963673949241638,,,,,
1444,3,迷走-舌下神经,vago-hypoglossal,G52.7,0.9641363024711609,,,,,
1444,3,迷走神经切断术后.,postvagotomy,K91.1,0.9738790988922119,,,,,
1444,3,免疫缺陷,immunodeficiency,,0.9907086491584778,,,,,
1444,4,合并,combined,D81.9,0.8894408345222473,,,,,
1444,4,后天性-见人(类)，免疫缺陷病毒[HIV]病,"acquired - see Human, immunodeficiency virus (HIV) disease",,0.9654862284660339,,,,,
1444,3,面痛，阵发性,"facial pain, paroxysmal",G50.0,0.9947429299354553,,,,,
1444,3,母体低血压,maternal hypotension,O26.5,0.9777867794036865,,,,,
1444,3,纳尔逊,Nelson's,E24.1,0.9779916405677795,,,,,
1444,3,钠,salt,,0.8956747055053711,,,,,
1444,4,低,low,N28.8,0.929904580116272,,,,,
1444,4,缺乏,depletion,E87.1,0.9306191205978394,,,,,
1444,5,由于热NEC,due to heat NEC,T67.8,0.9484617114067078,,,,,
1444,6,引起热衰竭或虚脱,causing heat exhaustion or prostration,T67.4,0.9857866764068604,,,,,
1444,3,脑,brain,F06.9,0.9949452877044678,,,,,
1444,4,创伤后，非精神病性,"post-traumatic, nonpsychotic",F07.2,0.9865429401397705,,,,,
1444,4,急性或亚急性(另见谵妄),acute or subacute (see also Delirium),F05.9,0.9758133292198181,,,,,
1444,4,精神病性,psychotic,F06.8,0.9764045476913452,,,,,
1444,4,酒精中毒性(慢性),alcoholic (chronic),F10.7,0.9481675624847412,,,,,
1444,4,器质性,organic,F06.9,0.9820704460144043,,,,,
1444,5,创伤后(非精神病性),post-traumatic (nonpsychotic),F07.2,0.977279007434845,,,,,
1444,6,精神病性,psychotic,F06.8,0.9446375370025635,,,,,
1444,4,人格改变,personality change,F07.0,0.9702551364898682,,,,,
1444,4,先天性-见发育迟缓，精神,"congenital - see Retardation, mental",,0.96516352891922,,,,,
1444,3,脑白质切断术后,postleukotomy,F07.0,0.9685029983520508,,,,,
1444,3,脑卒中,stroke,I64,0.9780362844467163,,,,,
1444,3,脑挫伤后,postcontusional,F07.2,0.9703192114830017,,,,,
1444,3,脑干卒中,brain stem stroke,I67.9+ G46.3*,0.984603226184845,,,,,
1444,3,脑桥NEC,pontine NEC,G93.8,0.9872353076934814,,,,,
1444,3,脑血管病中血管NEC,vascular NEC in cerebrovascular disease,I67.9+ G46.8*,0.9883366227149963,,,,,
1444,3,脑炎后,postencephalitic,F07.1,0.9914272427558899,,,,,
1444,3,脑叶切断术,lobotomy,F07.0,0.9664120078086853,,,,,
1444,3,脑震荡(后),"concussion, postconcussional",F07.2,0.974577009677887,,,,,
1444,3,内拉东,Nelaton's,G60.8,0.9886788129806519,,,,,
1444,3,内脏幼虫移行,visceral larva migrans,B83.0,0.9639067053794861,,,,,
1444,3,能生育的无睾,fertile eunuch,E23.0,0.9567617774009705,,,,,
1444,3,粘膜皮肤淋巴结(急性发热性)(MCLS),mucocutaneous lymph node (acute febrile) (MCLS),M30.3,0.9837783575057983,,,,,
1444,3,尿道,urethral,N34.3,0.9820150136947632,,,,,
1444,3,尿道-眼-关节,urethro-oculo-articular,M02.3,0.998350203037262,,,,,
1445,3,尿毒症，慢性(另见 衰竭，肾，慢性),"uremia, chronic (see also Failure, renal, chronic)",N18.9,0.9744336009025574,,,,,
1445,3,颞下颌关节-疼痛-功能紊乱,temporomandibular joint-pain-dysfunction,K07.6,0.9867698550224304,,,,,
1445,3,颞岩尖,temporal pyramidal apex,H66.0,0.9677400588989258,,,,,
1445,3,帕金森(另见帕金森综合征),parkinsonian (see also Parkinsonism),G20,0.9869022965431213,,,,,
1445,3,盆腔充血纤维变性，女性,"congestion-fibrosis (pelvic), female",N94.8,0.9717980623245239,,,,,
1445,3,碰撞，肩,"impingement, shoulder",M75.4,0.9905856847763062,,,,,
1445,3,脾曲,splenic flexure,K59.8,0.9643116593360901,,,,,
1445,3,疲劳,fatigue,F48.0,0.9865788221359253,,,,,
1445,4,病毒感染后,postviral,G93.3,0.980981707572937,,,,,
1445,4,慢性,chronic,G93.3,0.981383740901947,,,,,
1445,3,偏头痛,migraine,G43.9,0.9745731949806213,,,,,
1445,3,平卧位低血压(母体),supine hypotensive (maternal),O26.5,0.986933708190918,,,,,
1445,3,葡萄球菌性烫伤样皮肤,staphylococcal scalded skin,L00,0.9708059430122375,,,,,
1445,3,槭糖尿,maple-syrup-urine,E71.0,0.9785580039024353,,,,,
1445,3,器质性遗忘(非酒精性或药物性),organic amnesic (not alcohol- or drug-induced),F04,0.9908352494239807,,,,,
1445,3,气锤,pneumatic hammer,T75.2,0.9612501859664917,,,,,
1445,3,髂胫带,iliotibial band,M76.3,0.9945962429046631,,,,,
1445,3,前,anterior,,0.9913283586502075,,,,,
1445,4,脊髓动脉,spinal artery,G95.1,0.9850108027458191,,,,,
1445,5,压迫,compression,M47.0+ G99.2*,0.9784408211708069,,,,,
1445,4,胸壁,chest wall,R07.3,0.9935712814331055,,,,,
1445,3,腔静脉(下)(上)(阻塞),vena cava (inferior) (superior) (obstruction),I87.1,0.964131772518158,,,,,
1445,3,腔隙(深部)(后部),compartment (deep) (posterior),T79.6,0.9862951040267944,,,,,
1445,4,非创伤性,non-traumatic,M62.2,0.9864996075630188,,,,,
1445,3,青铜色婴儿,bronze baby,P83.8,0.9818097352981567,,,,,
1445,3,倾倒(胃切除术后),dumping (postgastrectomy),K91.1,0.9742432832717896,,,,,
1445,3,丘脑,thalamic,G93.8,0.9902121424674988,,,,,
1445,3,去纤维蛋白(另见纤维蛋白溶解),defibrination (see also Fibrinolysis),D65,0.9959182739257812,,,,,
1445,4,伴有,with,,0.7519094944000244,,,,,
1445,5,产前出血,antepartum hemorrhage,O46.0,0.9072288870811462,,,,,
1445,5,产时出血,intrapartum hemorrhage,O67.0,0.9742961525917053,,,,,
1445,5,胎盘早期剥离,premature separation of placenta,O45.0,0.9490877389907837,,,,,
1445,4,产后,postpartum,O72.3,0.8683733940124512,,,,,
1445,4,胎儿或新生儿,fetus or newborn,P60,0.9579995274543762,,,,,
1445,3,全身性，肿瘤性(恶性),"generalized, neoplastic (malignant)",C80,0.992507815361023,,,,,
1445,3,全身炎症反应,systemic inflammatory response,,0.994520366191864,,,,,
1445,4,传染性病因的,infectious origin,,0.9211270809173584,,,,,
1445,5,伴有器官衰竭,with organ failure,R65.1,0.9575849175453186,,,,,
1445,5,不伴有器官衰竭,without organ failure,R65.0,0.9667758345603943,,,,,
1445,4,非传染性病因的,on-infectious origin,,0.9480308890342712,,,,,
1445,5,伴有器官衰竭,with organ failure,R65.3,0.9842147827148438,,,,,
1445,5,不伴有器官衰竭,without organ failure,R65.2,0.9825234413146973,,,,,
1445,4,未特指病因的,unspecified origin,R65.9,0.985695481300354,,,,,
1446,3,缺碘，先天性,"iodine-deficiency, congenital",E00.9,0.9869334697723389,,,,,
1446,4,型,type,,0.8854190707206726,,,,,
1446,5,混合,mixed,E00.2,0.979884684085846,,,,,
1446,5,粘液水肿,myxedematous,E00.1,0.9259790182113647,,,,,
1446,5,神经病,neurological,E00.0,0.9253751635551453,,,,,
1446,3,染色体,chromosome,,0.9999205470085144,,,,,
1446,4,4短臂缺失,4 short arm deletion,Q93.3,0.9774432182312012,,,,,
1446,4,5短臂缺失,5 short arm deletion,Q93.4,0.9323568940162659,,,,,
1446,4,18号染色体长臂缺失,chromosome 18 long arm deletion,Q93.5,0.9681189656257629,,,,,
1446,4,21号染色体长臂缺失,chromosome 21 long arm deletion,Q93.5,0.8969405293464661,,,,,
1446,3,人格解体(-现实解体),depersonalization(-derealization),F48.1,0.9843460321426392,,,,,
1446,3,人工绝经后,post-artificial-menopause,N95.3,0.9964866638183594,,,,,
1446,3,溶血性尿毒症,hemolytic-uremic,D59.3,0.9888316988945007,,,,,
1446,3,乳-碱,milk-alkali,E83.5,0.9783613681793213,,,,,
1446,3,乳房切除术后淋巴水肿,postmastectomy lymphedema,I97.2,0.9819464087486267,,,,,
1446,3,入脑前动脉(双侧)(多发性),precerebral artery (bilateral) (multiple),G45.2,0.9903367161750793,,,,,
1446,3,三X染色体，女性,"triple X, female",Q97.0,0.9796801805496216,,,,,
1446,3,三体性NEC,trisomy NEC,Q92.9,0.9420121908187866,,,,,
1446,4,13,13,Q91.7,0.9707682728767395,,,,,
1446,5,减数分裂不分离,meiotic nondisjunction,Q91.4,0.9835497736930847,,,,,
1446,5,同源嵌合体,mosaicism,Q91.5,0.9655736088752747,,,,,
1446,5,易位,translocation,Q91.6,0.9581842422485352,,,,,
1446,5,有丝分裂不分离,mitotic nondisjunction,Q91.5,0.9806501865386963,,,,,
1446,4,18,18,Q91.3,0.9281794428825378,,,,,
1446,5,减数分裂不分离,meiotic nondisjunction,Q91.0,0.9798778891563416,,,,,
1446,5,同源嵌合体,mosaicism,Q91.1,0.9480019807815552,,,,,
1446,5,易位,translocation,Q91.2,0.9185231328010559,,,,,
1446,5,有丝分裂不分离.,mitotic nondisjunction,Q91.1,0.9706960320472717,,,,,
1446,4,20号染色体(q)(p),chromosome 20 (q)(p),Q92.8,0.9633542895317078,,,,,
1446,4,21,21,Q90.9,0.924072265625,,,,,
1446,5,减数分裂不分离,meiotic nondisjunction,Q90.0,0.9584358930587769,,,,,
1446,5,同源嵌合体,mosaicism,Q90.1,0.9346511960029602,,,,,
1446,5,易位,translocation,Q90.2,0.9415944814682007,,,,,
1446,5,有丝分裂不分离,mitotic nondisjunction,Q90.1,0.9787343144416809,,,,,
1446,4,22,22,Q92.8,0.9394391775131226,,,,,
1446,3,上,superior,,0.9451224207878113,,,,,
1446,4,肠系膜(上)动脉,mesenteric artery,K55.1,0.9726230502128601,,,,,
1446,4,腔静脉,vena cava,I87.1,0.9638930559158325,,,,,
1446,4,小脑(上)动脉,cerebellar artery,I63.8,0.9510635137557983,,,,,
1446,3,哨型面,whistling face,Q87.0,0.9920896887779236,,,,,
1446,3,神经根NEC,radicular NEC,M54.1,0.9791108965873718,,,,,
1446,4,上肢，新生儿(产伤),"upper limbs, newborn (birth injury)",P14.3,0.9809497594833374,,,,,
1446,3,神经节(脑基底节),ganglion (basal ganglia brain),G25.9,0.9987451434135437,,,,,
1447,3,肾病(先天性)(另见肾病),nephrotic (congenital) (see also Nephrosis) .,N04,0.9849525690078735,,,,,
1447,3,肾上腺,adrenal,,0.9384425282478333,,,,,
1447,4,出血(脑膜炎球菌性),hemorrhage (meningococcal),A39.1+ E35.1*,0.976250410079956,,,,,
1447,4,脑膜炎球菌性,meningococcic,A39.1+ E35.1*,0.9693427085876465,,,,,
1447,3,肾上腺皮质-见库欣综合征,adrenocortical - see Cushing's syndrome,,0.9884859919548035,,,,,
1447,3,肾上腺性征,adrenogenital,E25.9,0.9914372563362122,,,,,
1447,4,先天性，与酶缺乏有关,"congenital, associated with enzyme deficiency",E25.0,0.9739254713058472,,,,,
1447,3,肾炎(另见肾炎),nephritic (see also Nephritis),N05,0.9799238443374634,,,,,
1447,4,注：当一个术语只索引至三位数水平时，如：N03.-，则应参阅第一卷N00-N08的第四位数亚目列表。,"Note- Where a term is indexed only at the three- character level, e.g., N03.-, reference should be made to the list of fourth-character subdivisions in Volume 1 at N00-N08.",,0.9865724444389343,,,,,
1447,4,急性,acute,N00,0.94437175989151,,,,,
1447,4,慢性,chronic,N03,0.957921028137207,,,,,
1447,4,伴有水肿-见肾病,with edema - see Nephrosis,,0.9549070596694946,,,,,
1447,4,急进型,rapidly progressive,N01,0.942572295665741,,,,,
1447,3,生殖道-肛门直肠,genito-anorectal,A55,0.994337797164917,,,,,
1447,3,失盐,salt-losing,N28.8,0.9891700744628906,,,,,
1447,3,视力定向障碍,visual disorientation,H53.8,0.9792725443840027,,,,,
1447,3,嗜酸性粒细胞增多-肌痛,eosinophilia-myalgia,M35.8,0.979496419429779,,,,,
1447,3,嗜银性,argentaffin,E34.0,0.9739499688148499,,,,,
1447,3,噬红细胞性，与感染有关,"hemophagocytic, infection-associated",D76.2,0.9802603125572205,,,,,
1447,3,手术后 NEC,postoperative NEC,T81.9,0.9519227743148804,,,,,
1447,3,受虐,battered,,0.957762598991394,,,,,
1447,4,配偶,spouse,T74.1,0.9677532911300659,,,,,
1447,4,婴儿或儿童,baby or child,T74.1,0.9959169030189514,,,,,
1447,3,输入性肠袢梗阻NEC,afferent loop NEC,K91.8,0.9887356758117676,,,,,
1447,3,衰竭,exhaustion,F48.0,0.9764174222946167,,,,,
1447,3,双侧多囊卵巢,bilateral polycystic ovarian,E28.2,0.996439516544342,,,,,
1447,3,双胎(之间)输血,twin (to twin) transfusion,,0.9862865805625916,,,,,
1447,4,母亲,mother,O43.0,0.9549579620361328,,,,,
1447,4,胎儿或新生儿的,in fetus or newborn,P02.3,0.9964478015899658,,,,,
1447,3,睡眠过度-食欲过盛,hypersomnia-bulimia,G47.8,0.988234281539917,,,,,
1447,3,睡眠时相延迟,delayed sleep phase,G47.2,0.9862375259399414,,,,,
1447,3,松弛,floppy,,0.9482223391532898,,,,,
1447,4,二尖瓣瓣膜[二尖瓣脱垂综合征],mitral valve,I34.1,0.9712210297584534,,,,,
1447,4,婴儿,baby,P94.2,0.9085913300514221,,,,,
1447,3,松果体,pineal,E34.8,0.9597463607788086,,,,,
1447,3,锁骨下动脉分流,subclavian steal,G45.8,0.9720062017440796,,,,,
1447,3,胎儿,fetal,,0.9720180630683899,,,,,
1447,4,酒精性(畸形的),alcohol (dysmorphic),Q86.0,0.9671869277954102,,,,,
1447,4,乙内酰脲,hydantoin,Q86.1,0.9601438641548157,,,,,
1447,3,胎粪栓塞(新生儿),meconium plug (newborn),P76.0,0.9823305606842041,,,,,
1448,4,机能不全，机能障碍,"insufficiency, dysfunction",O43.8,0.9716658592224121,,,,,
1448,4,影响到胎儿或新生儿 .,affecting fetus or newborn,P02.2,0.9601322412490845,,,,,
1448,4,输血(对母体),transfusion (mother),O43.0,0.9584402441978455,,,,,
1448,5,胎儿或新生儿内,in fetus or newborn,P02.3,0.9595314860343933,,,,,
1448,3,糖尿病母亲的婴儿,infant of diabetic mother,P70.1,0.9941067695617676,,,,,
1448,4,妊娠糖尿病,gestational diabetes,P70.0,0.9132696986198425,,,,,
1448,3,特发性心脏呼吸窘迫，新生儿,"idiopathic cardiorespiratory distress, newborn",P22.0,0.9927923083305359,,,,,
1448,3,疼痛-见痛,pain - see Pain,,0.976593554019928,,,,,
1448,3,体蒂,body stalk(er),Q79.5,0.9734850525856018,,,,,
1448,3,头痛 NEC,headache NEC,G44.8,0.9715576171875,,,,,
1448,3,脱髓鞘,demyelinating,G37.9,0.9043587446212769,,,,,
1448,3,外侧,lateral,,0.9557530879974365,,,,,
1448,4,大腿皮神经,cutaneous nerve of thigh .,G57.1,0.9705460667610168,,,,,
1448,4,髓样,medullary,I66.3+ G46.4*,0.9276963472366333,,,,,
1448,3,外展过度,hyperabduction,G54.0,0.9541454315185547,,,,,
1448,3,弯刀,scimitar,Q26.8,0.9661523699760437,,,,,
1448,3,腕管,carpal tunnel,G56.0,0.9921280145645142,,,,,
1448,3,维生素B₆缺乏,vitamin B₆ deficiency,E53.1,0.9598936438560486,,,,,
1448,3,味觉出汗,gustatory sweating,G50.8,0.9969849586486816,,,,,
1448,3,胃部手术后,postgastric surgery,K91.1,0.962232768535614,,,,,
1448,3,胃空肠袢梗阻,gastrojejunal loop obstruction,K91.8,0.981514036655426,,,,,
1448,3,胃切除术后(倾倒),postgastrectomy (dumping),K91.1,0.9719342589378357,,,,,
1448,3,胃食管撕裂-出血,gastroesophageal laceration-hemorrhage,K22.6,0.9911213517189026,,,,,
1448,3,五X染色体,penta X,Q97.1,0.9718435406684875,,,,,
1448,3,吸入，新生儿(大量),"aspiration, of newborn (massive)",P24.9,0.9726256728172302,,,,,
1448,4,胎粪,meconium,P24.0,0.9804117679595947,,,,,
1448,3,吸收不良,malabsorption,K90.9,0.9858335256576538,,,,,
1448,3,手术后,postsurgical,K91.2,0.9286395907402039,,,,,
1448,3,下颌面发育不全.,mandibulofacial dysostosis,Q75.4,0.9793047904968262,,,,,
1448,3,下腔静脉,inferior vena cava,I87.1,0.9776824116706848,,,,,
1448,3,先天性,congenital,,0.972334086894989,,,,,
1448,4,风疹(表现),rubella (manifest),P35.0,0.9936100840568542,,,,,
1448,4,面双侧瘫,facial diplegia,Q87.0,0.9794719219207764,,,,,
1448,4,脑性肌肥大,muscular hypertrophy-cerebral,Q87.8,0.9738956093788147,,,,,
1448,4,眼-耳-椎骨,oculo-auriculovertebral,Q87.0,0.9820346832275391,,,,,
1448,4,眼面双侧瘫(默比乌斯),oculofacial diplegia (Moebius),Q87.0,0.9870983958244324,,,,,
1448,4,影响多个系统NEC,affecting multiple systems NEC,Q87.8,0.9741289615631104,,,,,
1448,3,"陷夹-见神经病(变),陷夹","entrapment - see Neuropathy, entrapment",,0.9683209657669067,,,,,
1448,3,向上凝视,upward gaze,H51.8,0.9879634380340576,,,,,
1448,3,消化性溃疡-见溃疡，消化性,"peptic ulcer - see Ulcer, peptic",,0.9904575943946838,,,,,
1448,3,消瘦，HIV病所致,"wasting, resulting from HIV disease",B22.2,0.9929593801498413,,,,,
1449,3,小颌-舌下垂,micrognathia-glossoptosis,Q87.0,0.9850497245788574,,,,,
1449,3,小脑,cerebellar,,0.9661590456962585,,,,,
1449,3,遗传性,hereditary,G11.9,0.9813059568405151,,,,,
1449,4,卒中,stroke,I67.9+ G46.4*,0.9862009286880493,,,,,
1449,3,小泡性肺换气不足,alveolar hypoventilation,E66.2,0.9761707782745361,,,,,
1449,3,斜角肌(前),scalenus anticus (anterior),G54.0,0.9978806376457214,,,,,
1449,3,心动过速-心动过缓,tachycardia-bradycardia,I49.5,0.9668811559677124,,,,,
1449,3,心肌梗死后,postmyocardial infarction,I24.1,0.9744333624839783,,,,,
1449,3,心肌梗死前,preinfarction,I20.0,0.9609322547912598,,,,,
1449,3,心绞痛(另见心绞痛),anginal (see also Angina),I20.9,0.9815845489501953,,,,,
1449,3,心切开术后,postcardiotomy,I97.0,0.9267537593841553,,,,,
1449,3,心肾性(另见高血压，心肾性),"cardiorenal (see also Hypertension, cardiorenal)",I13.9,0.903710663318634,,,,,
1449,3,心性呼吸窘迫(特发性)，新生儿,"cardiorespiratory distress (idiopathic), newborn",P22.0,0.9985279440879822,,,,,
1449,3,心血管肾性(另见高血压，心肾性),"cardiovascular renal (see also Hypertension, cardiorenal)",I13.9,0.9740720391273499,,,,,
1449,3,胸出口(压迫),thoracic outlet (compression),G54.0,0.9926798939704895,,,,,
1449,3,雄激素抵抗,androgen resistance,E34.5,0.9461390972137451,,,,,
1449,3,休克，毒性,"shock, toxic",A48.3,0.9883559346199036,,,,,
1449,3,休克肺,shock-lung,J80,0.9689690470695496,,,,,
1449,3,眩晕,vertiginous,H81.9,0.940729558467865,,,,,
1449,3,血管痉挛(创伤性),vasospastic (traumatic),T75.2,0.9923802018165588,,,,,
1449,3,血管迷走神经,vasovagal,R55,0.9943702816963196,,,,,
1449,3,血管运动,vasomotor,I73.9,0.9728611707687378,,,,,
1449,2,血小板减少-桡骨缺失 TAR,TAR (thrombocytopenia with absent radius),Q87.2,0.9667561054229736,,,,,
1449,3,压迫,compression,T79.5,0.9893301725387573,,,,,
1449,4,腹腔动脉,celiac artery,I77.4,0.986173152923584,,,,,
1449,4,脊髓前动脉和椎动脉,anterior spinal and vertebral artery,M47.0+ G99.2*,0.9827155470848083,,,,,
1449,4,马尾,cauda equina,G83.4,0.9537210464477539,,,,,
1449,3,咽囊,pharyngeal pouch,D82.1,0.9786877036094666,,,,,
1449,3,延髓性(进行性),bulbar (progressive),G12.2,0.9797226190567017,,,,,
1449,3,严重急性呼吸综合征[SARS],severe acute respiratory syndrome (SARS),U04.9,0.972601056098938,,,,,
1449,3,盐,salt,,0.8964278101921082,,,,,
1449,4,低,low,E87.1,0.8637322187423706,,,,,
1449,3,眼回缩,eye retraction,H50.8,0.989650547504425,,,,,
1449,3,眼肌麻痹-小脑共济失调,ophthalmoplegia-cerebellar ataxia,H49.0,0.9755711555480957,,,,,
1449,3,眼睑-颧骨-下颌骨,eyelid-malar-mandible,Q87.0,0.981394350528717,,,,,
1449,3,眼球后缩,retraction,H50.8,0.9684308171272278,,,,,
1449,3,药物戒断，有药瘾母体的婴儿,"drug withdrawal, infant of dependent mother .",P96.1,0.9740686416625977,,,,,
1449,3,依赖-编码于F10-F19伴有第四位数.2,dependence – code to F10-F19 with fourth character.2,,0.9605450630187988,,,,,
1450,3,遗忘(性)(虚谈)(由于)F1x.6,"amnesic, amnestic (confabulatory) (due to) F1x.6",,0.983217179775238,,,,,
1450,4,酒精中毒性,alcohol-induced,F10.6,0.9892356991767883,,,,,
1450,4,器质性,organic,,0.8430258631706238,,,,,
1450,5,酒精中毒性,alcohol-induced,F10.6,0.9830120205879211,,,,,
1450,5,药物性-编码于F11-F19伴有第四位数.6,drug-induced - code to F11-F19 with fourth character.6,,0.972454845905304,,,,,
1450,4,药物性-编码于F11-F19伴有第四位数.6,drug-induced - code to F11-F19 with fourth character.6,,0.9807181358337402,,,,,
1450,4,镇静或催眠剂,sedative or hypnotic,F13.6,0.9891824126243591,,,,,
1450,3,异位促肾上腺皮质激素,ectopic ACTH,E24.3,0.9989475607872009,,,,,
1450,3,隐眼,cryptophthalmos,Q87.0,0.9807636141777039,,,,,
1450,3,婴儿猝死,sudden infant death,R95,0.9707679748535156,,,,,
1450,3,用力(心因性),effort (psychogenic),F45.3,0.9731589555740356,,,,,
1450,3,由于...异常,due to abnormality,,0.977156400680542,,,,,
1450,4,染色体,chromosomal,Q99.9,0.9356529712677002,,,,,
1450,4,特指的 NEC,specified NEC,Q99.8,0.956585168838501,,,,,
1450,3,性,sex,,0.9182944297790527,,,,,
1450,4,男性表型,male phenotype,Q98.9,0.9372909665107727,,,,,
1450,5,女性表型,female phenotype,Q97.9,0.9391365051269531,,,,,
1450,3,右,right,,0.9335855841636658,,,,,
1450,4,心发育不全,"heart, hypoplastic",Q22.6,0.9849379658699036,,,,,
1450,4,心室阻塞-见衰竭，心力，充血性,"ventricular obstruction – see Failure, heart, congestive",,0.9448665380477905,,,,,
1450,3,幼稚(垂体),infantilism (pituitary),E23.0,0.989059567451477,,,,,
1450,3,月经,menstruation,N94.3,0.992872416973114,,,,,
1450,3,运动不良，发育性,"dyspraxia, developmental",F82,0.9903393983840942,,,,,
1450,3,运动过强,hypermobility,M35.7,0.9693447351455688,,,,,
1450,3,躁狂-抑郁(另见障碍，双相，情感性),"manic-depressive (see also Disorder, bipolar, affective)",F31.9,0.9856081604957581,,,,,
1450,3,震颤麻痹(另见帕金森综合征),paralysis agitans (see also Parkinsonism),G20,0.984911322593689,,,,,
1450,3,阵发性面痛,paroxysmal facial pain,G50.0,0.9847462773323059,,,,,
1450,3,直背,"flat back, straight back",M40.3,0.9969025254249573,,,,,
1450,4,先天性,congenital,Q76.4,0.9849427938461304,,,,,
1450,3,中间型冠状动脉,intermediate coronary,I20.0,0.9876168966293335,,,,,
1450,3,中脑 NEC,midbrain NEC,G93.8,0.9670128226280212,,,,,
1450,3,中叶(肺),middle lobe (lung),J98.1,0.9934671521186829,,,,,
1450,3,中毒性休克,toxic shock,A48.3,0.9860707521438599,,,,,
1450,3,主动脉,aortic,,0.9693445563316345,,,,,
1450,4,权,bifurçation,I74.0,0.9351367354393005,,,,,
1450,4,弓,arch,M31.4,0.9497182369232178,,,,,
1450,3,椎,vertebral,,0.9830418825149536,,,,,
1450,4,动脉,artery,G45.0,0.9789466857910156,,,,,
1450,5,压迫,compression,M47.0+ G99.2*,0.9634217619895935,,,,,
1450,4,分流,steal,G45.0,0.9794652462005615,,,,,
