image_page,level,chinese,english,code,confidence,malignant_primary,malignant_secondary,in_situ,benign,uncertain_or_unspecified
151,4,孔,foramen,,0.8693757057189941,,,,,
151,5,博塔洛,botalli,Q21.1,0.9587768316268921,,,,,
151,5,卵圆,ovale,Q21.1,0.9483314156532288,,,,,
151,4,口,ostium,,0.910590410232544,,,,,
151,5,房间隔,"interatrial, interauricular",Q21.1,0.9747986197471619,,,,,
151,4,眶顶,roof of orbit,Q75.8,0.9522106647491455,,,,,
151,4,颅,skull,Q75.0,0.9164601564407349,,,,,
151,5,伴有,with,,0.8471860289573669,,,,,
151,6,脑积水,hydrocephalus,Q03.9,0.9914482235908508,,,,,
151,7,伴有脊柱裂(另见脊柱裂，伴有脑积水),"with spina bifida (see also Spina bifida, with hydrocephalus)",Q05.4,0.976850688457489,,,,,
151,6,脑膨出(另见脑膨出),encephalocele (see also Encephalocele),Q01.9,0.9870741367340088,,,,,
151,6,无脑儿,anencephaly,Q00.0,0.9209336638450623,,,,,
151,6,小头畸形,microcephaly,Q02,0.9515380859375,,,,,
151,4,卵黄管,vitelline duct,Q43.0,0.975610077381134,,,,,
151,4,脉络膜,choroid,Q14.3,0.9542287588119507,,,,,
151,4,脐肠系膜管,omphalomesenteric duct,Q43.0,0.978888213634491,,,,,
151,4,气管,trachea,Q32.1,0.9712794423103333,,,,,
151,4,器官或部位未列出-见异常，按部位,"organ or site not listed - see Anomaly, by site",,0.9718265533447266,,,,,
151,4,鳃裂或鳃窦,branchial cleft or sinus,Q18.0,0.9827480316162109,,,,,
151,4,生殖器官或生殖系统,"genitalia, genital organ(s) or system",,0.9427621960639954,,,,,
151,5,男性,male,Q55.8,0.8920793533325195,,,,,
151,5,女性,female,Q52.8,0.919522762298584,,,,,
151,6,内 NEC,internal NEC,Q52.8,0.9172980189323425,,,,,
151,6,外,external,Q52.7,0.948095440864563,,,,,
151,4,声门,glottis,Q31.8,0.9517419338226318,,,,,
151,4,食管与支气管或气管交通,esophagus with communication to bronchus or trachea,Q39.1,0.9848576784133911,,,,,
151,4,视神经入口,optic nerve entry,Q14.2,0.9750202894210815,,,,,
151,4,视网膜,retina,Q14.1,0.9735022187232971,,,,,
151,4,心脏瓣膜尖 NEC,"cusps, heart valve NEC",Q24.8,0.9746019840240479,,,,,
151,4,眼睑,eyelid,Q10.3,0.96708744764328,,,,,
151,4,中隔,septum,,0.9078611135482788,,,,,
151,5,鼻,nasal,Q30.3,0.9099604487419128,,,,,
151,4,子宫,uterus,Q51.8,0.9756898880004883,,,,,
151,3,勃起,erection,N48.4,0.969603419303894,,,,,
151,3,肠旋转,"rotation, intestine",Q43.3,0.9758195877075195,,,,,
151,3,换气，肺(新生儿)NEC,"aeration, lung (newborn) NEC",P28.1,0.9589250683784485,,,,,
151,3,融合-见不完全，闭合,"fusion - see Imperfect, closure",,0.9891788959503174,,,,,
151,3,心室间隔,"septum, ventricular",Q21.0,0.9855836033821106,,,,,
151,3,姿势,posture,R29.3,0.9805264472961426,,,,,
152,2,不完全性脱位 - 另见 脱位,Subluxation - see also Dislocation,,0.9045634269714355,,,,,
152,3,髌骨，复发性,"patella, recurrent",M22.1,0.9887418150901794,,,,,
152,3,病理性,pathological,M24.3,0.9977492094039917,,,,,
152,3,耻骨联合，在妊娠、分娩或产褥期中,"symphysis (pubis), in pregnancy, childbirth or puerperium",O26.7,0.9951117038726807,,,,,
152,3,复征，椎骨的,"complex, vertebral",M99.1,0.9887999892234802,,,,,
152,3,寰枢，复发性,"atlantoaxial, recurrent",M43.4,0.9927708506584167,,,,,
152,4,伴有脊髓病,with myelopathy,M43.3,0.9585877656936646,,,,,
152,3,晶状体,lens,H27.1,0.9707702398300171,,,,,
152,3,先天性NEC-另见错位，先天性,"congenital NEC - see also Malposition, congenital",,0.9899448752403259,,,,,
152,4,关节(除外髋关节),joint (excluding hip),,0.9217982888221741,,,,,
152,5,肩,shoulder,Q68.8,0.969426155090332,,,,,
152,5,上/下肢,upper/lower limb,Q68.8,0.9393085837364197,,,,,
152,4,髋,hip,Q65.5,0.9283528923988342,,,,,
152,5,单侧,unilateral,Q65.3,0.8761855363845825,,,,,
152,5,双侧,bilateral,Q65.4,0.9651839137077332,,,,,
152,3,椎骨，复发性NEC,"vertebral, recurrent NEC",M43.5,0.9396592974662781,,,,,
152,2,不稳定(疾患),"Labile, Unstable",,0.9998296499252319,,,,,
152,3,背NEC,back NEC,M53.2,0.9411056041717529,,,,,
152,3,产式(对母体),lie (mother),O32.0,0.9739285111427307,,,,,
152,4,胎儿或新生儿，分娩前,"fetus or newborn, before labor",P01.7,0.9774717688560486,,,,,
152,3,骶髂关节,sacroiliac,M53.2,0.9909051060676575,,,,,
152,3,关节(另见不稳定性，关节),"joint (see also Instability, joint)",M25.3,0.9986878633499146,,,,,
152,4,继发于关节假体取出,secondary to removal of joint prosthesis,M96.8,0.9874670505523682,,,,,
152,3,脊柱NEC,spine NEC,M53.2,0.9573356509208679,,,,,
152,3,髋关节(先天性),hip (congenital),Q65.6,0.9880850315093994,,,,,
152,4,后天性,acquired,M24.8,0.9656282663345337,,,,,
152,3,血管舒缩系统,vasomotor system,I73.9,0.9949873089790344,,,,,
152,3,血压,blood pressure,R09.8,0.9921812415122986,,,,,
152,3,腰骶关节(先天性),lumbosacral joint (congenital),Q76.4,0.9767616987228394,,,,,
152,4,后天性,acquired,M53.2,0.9747316241264343,,,,,
152,2,不稳定性,Instability,,0.999983012676239,,,,,
152,3,关节(创伤后),joint (post-traumatic),M25.3,0.952707827091217,,,,,
152,4,骶髂,sacroiliac,M53.2,0.9194014668464661,,,,,
152,4,继发于关节假体取出,secondary to removal of joint prosthesis,M96.8,0.9497029781341553,,,,,
152,4,特指的NEC,specified NEC,M25.3,0.9872496128082275,,,,,
152,4,腰骶,lumbosacral,M53.2,0.9821674823760986,,,,,
152,4,由于陈旧性韧带损伤,due to old ligament injury,M24.2,0.9688065052032471,,,,,
152,3,脊柱,spine,M53.2,0.9598694443702698,,,,,
152,3,情绪(过度),emotional (excessive),F60.3,0.9765721559524536,,,,,
152,3,人格(情绪),personality (emotional),F60.3,0.9882073402404785,,,,,
152,3,神经,nervous,F48.8,0.9828274846076965,,,,,
152,3,膝(慢性),knee (chronic),M23.5,0.9636656641960144,,,,,
152,3,血管运动性,vasomotor,R55,0.9924553036689758,,,,,
152,3,腰骶,lumbosacral,M53.2,0.9846162796020508,,,,,
153,2,不消化,Apepsia,K31.8,0.9617573618888855,,,,,
153,3,心因性,psychogenic,F45.3,0.9522171020507812,,,,,
153,2,不协调，动作失调,"Incoordinate, incoordination",,0.9995245933532715,,,,,
153,3,肌肉,muscular,R27.8,0.9663792252540588,,,,,
153,3,子宫(活动)(收缩)(并发于分娩),uterus (action) (contractions) (complicating delivery),O62.4,0.9683705568313599,,,,,
153,4,影响到胎儿或新生儿,affecting fetus or newborn,P03.6,0.9612188935279846,,,,,
153,2,不愉快,Unhappiness,R45.2,0.9457828998565674,,,,,
153,2,不孕症，不育,"Infertility, Sterility",,0.9987806677818298,,,,,
153,3,男性,male,N46,0.9365671873092651,,,,,
153,3,女性,female,N97.9,0.9412950873374939,,,,,
153,4,不植入,nonimplantation,N97.2,0.9832627177238464,,,,,
153,4,以前的，需要妊娠监督,"previous, requiring supervision of pregnancy",Z35.0,0.9871568083763123,,,,,
153,4,与...有关,associated with,,0.8756240606307983,,,,,
153,5,不排卵,anovulation,N97.0,0.9623309969902039,,,,,
153,5,垂体下丘脑原因,pituitary-hypothalamic origin,E23.0,0.9927061796188354,,,,,
153,5,宫颈(粘液)疾病或异常,cervical (mucus) disease or anomaly,N97.3,0.9872170686721802,,,,,
153,5,男性因素,male factors,N97.4,0.9244396686553955,,,,,
153,5,输卵管疾病或异常,fallopian tube disease or anomaly,N97.1,0.9913360476493835,,,,,
153,5,斯坦-勒旺塔尔综合征,Stein-Leventhal syndrome,E28.2,0.9552280306816101,,,,,
153,5,特指原因 NEC,specified origin NEC,N97.8,0.9603584408760071,,,,,
153,5,先天性异常,congenital anomaly,,0.9854865074157715,,,,,
153,6,宫颈,cervix,N97.3,0.9336144328117371,,,,,
153,6,输卵管,fallopian tube,N97.1,0.9584536552429199,,,,,
153,6,阴道,vagina,N97.8,0.9470781683921814,,,,,
153,6,子宫,uterus,N97.2,0.8992820382118225,,,,,
153,5,阴道疾病或异常,vaginal disease or anomaly,N97.8,0.9656181335449219,,,,,
153,5,子宫疾病或异常,uterine disease or anomaly,N97.2,0.9663391709327698,,,,,
153,3,相对,relative,N96,0.9302264451980591,,,,,
153,2,不正常的 - 见异常,Abnormal,,0.9267927408218384,,,,,
153,2,不植入，卵子,"Nonimplantation, ovum",N97.2,0.9937334656715393,,,,,
153,2,不足,"Insufficiency, Lack of",,0.9996941089630127,,,,,
153,3,儿童受父母的监督,supervision of child by parent,Z62.0,0.9977288246154785,,,,,
153,3,福利支持,welfare support,Z59.7,0.9909181594848633,,,,,
153,3,排卵,ovulation,N97.0,0.9643994569778442,,,,,
153,3,生长,growth,R62.8,0.9762155413627625,,,,,
153,3,旋转-见旋转不良,rotation - see Malrotation,,0.961711049079895,,,,,
153,3,由于自我忽视引起,due to self neglect,,0.9592389464378357,,,,,
153,4,进食,intake of food,R63.6,0.9692143201828003,,,,,
153,4,饮水,intake of water,R63.6,0.9474355578422546,,,,,
154,1,bù 布,,,,,,,,
154,2,布尔内维尔病[结节性硬化症],Bourneville's disease,Q85.1,0.987525463104248,,,,,
154,2,布弗雷(-霍夫曼)综合征[心房阵发性心搏过速],Bouveret(-Hoffmann) syndrome,I47.9,0.9126996994018555,,,,,
154,2,布-加-现译名巴德-基亚里或巴德-吉亚利,Budd-Chiari,,0.9994758367538452,,,,,
154,2,布坎南病或布坎南骨软骨病,Buchanan's disease or osteochondrosis,M91.0,0.972227931022644,,,,,
154,2,布拉德古德病[乳腺囊性病],Bloodgood's disease,N60.1,0.9997925162315369,,,,,
154,2,布拉德利病[流行性恶心呕吐],Bradley's disease,A08.1,0.9997953176498413,,,,,
154,2,布拉韦-杰克逊癫疯,Bravais-jacksonian epilepsy,G40.1,0.9590347409248352,,,,,
154,2,布莱克芬-戴蒙德贫血或综合征[先天性再生不良性贫血],Blackfan-Diamond anemia or syndrome,D61.0,0.9947057366371155,,,,,
154,2,布赖斯基病[外阴干皱],Breisky's disease,N90.4,0.9827852249145508,,,,,
154,2,布赖特[布莱特],Bright's,,0.9983826875686646,,,,,
154,3,病(另见肾炎),disease (see also Nephritis),N05,0.9809634685516357,,,,,
154,4,动脉硬化性(另见高血压，肾性),"arteriosclerotic (see also Hypertension, kidney)",I12.9,0.9630224108695984,,,,,
154,2,布朗-塞卡尔病、麻痹或综合征[脊髓半侧损害综合征],"Brown-Séquard disease, paralysis or syndrome",G83.8,0.9686776995658875,,,,,
154,2,布朗病或骨软骨病[胫骨内翻],Blount's disease or osteochondrosis,M92.5,0.9887255430221558,,,,,
154,2,布朗鞘综合征,Brown's sheath syndrome,H50.6,0.9706204533576965,,,,,
154,2,布勒托诺病或布勒托诺咽峡炎[白喉],Bretonneau's disease or angina,A36.0,0.9981998801231384,,,,,
154,2,布雷达病(另见雅司病),Breda's disease (see also Yaws),A66.9,0.9972798228263855,,,,,
154,2,布雷热斯病,Braziers' disease,T56.8,0.9980403780937195,,,,,
154,2,布雷斯福德病或布雷斯福德骨软骨病[桡骨头骨软骨病],Brailsford's disease or osteochondrosis,M92.1,0.969109296798706,,,,,
154,2,布里尔(-津瑟)病,Brill(-Zinsser) disease,A75.1,0.9987175464630127,,,,,
154,2,布里尔-西默斯病[结节性淋巴瘤](M9690/3),Brill-Symmers' disease (M9690/3),C82.9,0.9860088229179382,,,,,
154,2,布里凯障碍或布里凯综合征[躯体化障碍],Briquet's disorder or syndrome,F45.0,0.9997637867927551,,,,,
154,2,布里索幼稚型[婴儿粘液性水肿]或布里索侏儒症,Brissaud's infantilism or dwarfism,E23.0,0.9985499978065491,,,,,
154,2,布卢姆(-马哈切克)(-托尔)综合征[皮肤色素先天性异常综合征],Bloom(-Machacek)(-Torre) syndrome,Q82.8,0.9904438853263855,,,,,
154,2,布鲁顿X连锁无丙球蛋白血症,Bruton's X-linked agammaglobulinemia,D80.0,0.9746540188789368,,,,,
154,2,布鲁格施综合征[肢厚皮病],Brugsch's syndrome,Q82.8,0.9997537136077881,,,,,
154,2,布鲁克-德朗热病,Bruck-de Lange disease,Q87.1,0.9998443722724915,,,,,
154,2,布鲁克病,Bruck's disease,M21.8,0.9538469314575195,,,,,
154,2,布鲁克瘤(M8100/0)-见肿瘤，皮肤，良性,"Brooke's tumor (M8100/0) - see Neoplasm, skin, benign",,0.9744611978530884,,,,,
154,2,布鲁氏菌病 - 见 布氏菌病,Brucella,,0.9338790774345398,,,,,
154,2,布鲁斯败血症,Bruce septicemia,A23.0,0.9999346137046814,,,,,
154,2,布伦纳,Brenner,,0.9996602535247803,,,,,
154,3,瘤(良性)(M9000/0),tumor (benign) (M9000/0),D27,0.9655073881149292,,,,,
154,4,恶性(M9000/3),malignant (M9000/3),C56,0.9743101596832275,,,,,
154,4,交界恶性(M9000/1),borderline malignancy (M9000/1),D39.1,0.9909418821334839,,,,,
154,4,增生性(M9000/1),proliferating (M9000/1),D39.1,0.9881926774978638,,,,,
155,2,布罗迪脓肿或布罗迪病[骨骺端脓肿],Brodie's abscess or disease,M86.8,0.9921955466270447,,,,,
155,2,布罗克综合征[中叶综合征],Brock's syndrome,J98.1,0.9999434351921082,,,,,
155,2,布洛赫-苏兹贝格病或综合征[色素失调症],Bloch-Sulzberger disease or syndrome,Q82.3,0.9995545148849487,,,,,
155,2,布洛克病[立行不能],Blocq's disease,F44.4,0.9999334812164307,,,,,
155,2,布沙尔 - 现译名 布夏尔,Bouchard,,0.9584057331085205,,,,,
155,2,布施克,Buschke's,,0.9999355673789978,,,,,
155,3,病[隐球菌病],disease,B45.3+ M90.2*,0.9774278402328491,,,,,
155,3,硬肿病,scleredema,M34.8,0.9765580296516418,,,,,
155,2,布氏菌病(感染),"Brucella, brucellosis (infection)",A23.9,0.9982051253318787,,,,,
155,3,败血症,septicemia,A23.9,0.990485668182373,,,,,
155,3,马耳他,melitensis,A23.0,0.9556626081466675,,,,,
155,4,特指的 NEC,specified NEC,A23.8,0.9854639768600464,,,,,
155,3,混合的,mixed,A23.8,0.9590256214141846,,,,,
155,3,流产,abortus,A23.1,0.9922392964363098,,,,,
155,3,马耳他,melitensis,A23.0,0.9925650358200073,,,,,
155,3,犬,canis,A23.3,0.9614181518554688,,,,,
155,3,猪,suis,A23.2,0.9669348001480103,,,,,
155,2,布斯-布施克病[隐球菌病],Busse-Buschke disease,B45.3+ M90.2*,0.9820058345794678,,,,,
155,2,布汪巴热,Bwamba fever,A92.8,0.9997332096099854,,,,,
155,2,布夏尔结节(伴有关节病),Bouchard's nodes (with arthropathy),M15.2,0.9963015913963318,,,,,
155,2,布约病或布约综合征[风湿性心内膜炎],Bouillaud's disease or syndrome,I01.8,0.9810190796852112,,,,,
155,1,bù 步,,,0.9989106059074402,,,,,
155,2,步态,Gait,,0.9994056224822998,,,,,
155,3,共济失调,ataxic,R26.0,0.9920299053192139,,,,,
155,3,痉挛,spastic,R26.1,0.9931496381759644,,,,,
155,3,麻痹,paralytic,R26.1,0.9522823095321655,,,,,
155,3,蹒跚,staggering,R26.0,0.9949737787246704,,,,,
155,3,异常,abnormality,R26.8,0.9920518398284912,,,,,
155,3,障碍,disturbance,R26.8,0.9809289574623108,,,,,
155,2,步行,Walking,,0.9999184608459473,,,,,
155,3,困难,difficulty,R26.2,0.9509145021438599,,,,,
155,4,心因性,psychogenic,F44.4,0.9628156423568726,,,,,
155,3,睡眠[睡行症],sleep,F51.3,0.9850359559059143,,,,,
155,4,癔症性,hysterical,F44.8,0.948799729347229,,,,,
155,2,步行困难,Dysbasia,R26.2,0.9999657869338989,,,,,
155,3,非器质性原因,nonorganic origin,F44.4,0.9979420304298401,,,,,
155,3,脊柱前凸性(进行性),lordotica (progressiva),G24.1,0.9846973419189453,,,,,
155,3,心因性,psychogenic,F44.4,0.9700616002082825,,,,,
155,3,血管硬化性间歇性,angiosclerotica intermittens,I73.9,0.9836957454681396,,,,,
155,3,癔症性,hysterical,F44.4,0.9450649619102478,,,,,
156,0,C,,,0.9997991919517517,,,,,
156,1,cā 擦,,,0.9982535243034363,,,,,
156,2,擦烂,Intertrigo,L30.4,0.9422892332077026,,,,,
156,2,擦伤(另见损伤，浅表),"Abrasion (see also Injury, superficial)",T14.0,0.9935979247093201,,,,,
156,1,cái 财,,,0.9992008209228516,,,,,
156,2,财政问题影响照料 NEC,Financial problem affecting care NEC,Z59.9,0.9754559397697449,,,,,
156,3,破产,bankruptcy,Z59.8,0.9976217746734619,,,,,
156,3,丧失抵押品赎取权,foreclosure on loan,Z59.8,0.998375654220581,,,,,
156,1,cǎi 采,,,0.9683403968811035,,,,,
156,2,采海绵潜水员病,"Skevas-Zerfus disease, Sponge-diver's disease",T63.6,0.9998443722724915,,,,,
156,2,采取卵子，为体外受精,Harvesting ovum for in vitro fertilization,Z31.2,0.9954703450202942,,,,,
156,1,cài 菜,,,0.9384326934814453,,,,,
156,2,菜花状耳,"Cauliflower ear, Prizefighter ear",M95.1,0.9997224807739258,,,,,
156,1,cán 残,,,0.9020222425460815,,,,,
156,2,残疾,Disability,,0.9998838305473328,,,,,
156,3,活动受限,limiting activities,Z73.6,0.9828738570213318,,,,,
156,2,残留牙根,Buried roots,K08.3,0.988541305065155,,,,,
156,2,残留状态(精神分裂性),Restzustand (schizophrenic),F20.5,0.9854939579963684,,,,,
156,2,残余 - 另见情况,"Remains, Residual - see also condition",,0.9427261352539062,,,,,
156,3,克洛凯管,canal of Cloquet,Q14.0,0.98149573802948,,,,,
156,3,卵巢综合征,ovary syndrome,N99.8,0.9935063719749451,,,,,
156,3,尿,urine,R39.1,0.9681728482246399,,,,,
156,3,情感性障碍(由于饮酒或服药引起的)-编码于F10-F19伴有第四位数.7,affective disorder (due to alcohol or drug use) - code to F10-F19 with fourth character.7,,0.9864646792411804,,,,,
156,3,人格和行为障碍(由于饮酒或服药引起的)-编码于F10-F19伴有第四位数.7,disorder of personality and behavior (due to alcohol or drug use) - code to F10-F19 with fourth character.7,,0.99949049949646,,,,,
156,3,眼被囊(混浊的),capsule (opaque),Q14.8,0.989643931388855,,,,,
156,3,状态，精神分裂性,"state, schizophrenic",F20.5,0.9873880743980408,,,,,
157,1,cán 蚕,,,,,,,,
157,2,蚕豆病(贫血),Favism (anemia),D55.0,0.9867718815803528,,,,,
157,1,cāng 苍,,,0.921759843826294,,,,,
157,2,苍白，白 - 另见情况,"Pallor, White - see also condition",R23.1,0.921241283416748,,,,,
157,3,斑损害，牙,"spot lesions, teeth",K02.0,0.9801562428474426,,,,,
157,3,口腔,mouth,B37.0,0.9578924775123596,,,,,
157,3,视神经盘，颞侧,"optic disk, temporal",H47.2,0.9922468662261963,,,,,
157,3,腿，产褥期、产后或分娩,"leg, puerperal, postpartum or childbirth",O87.1,0.989299476146698,,,,,
157,2,苍白密螺旋体感染(另见梅毒),Treponema pallidum infection (see also Syphilis),A53.9,0.9998824000358582,,,,,
157,1,cáng 藏,,,0.9449045658111572,,,,,
157,2,藏毛的 - 见情况,Pilonidal - see condition,,0.9263512492179871,,,,,
157,1,cāo 操,,,0.9514148831367493,,,,,
157,2,操作(手术的),Procedure (surgical),,0.9998370409011841,,,,,
157,3,非以改善健康状况为目的的,for purpose other than remedying health state,Z41.9,0.9878928065299988,,,,,
157,4,特指的 NEC,specified NEC,Z41.8,0.9567586779594421,,,,,
157,3,母体(与近期分娩无关)，影响到胎儿或新生儿,"maternal (unrelated to current delivery), affecting fetus or newborn",P00.6,0.9964330196380615,,,,,
157,4,非手术(医疗),nonsurgical (medical),P00.7,0.9828711152076721,,,,,
157,3,未做,not done,Z53.9,0.9850345253944397,,,,,
157,4,由于,because of,,0.7123845815658569,,,,,
157,5,病人的决定NEC,patient's decision NEC,Z53.2,0.9880350232124329,,,,,
157,6,信仰或群体压力的原因,for reasons of belief or group pressure,Z53.1,0.9635285139083862,,,,,
157,5,管理的理由,administrative reasons,Z53.8,0.9985775947570801,,,,,
157,5,禁忌证,contraindication,Z53.0,0.9782409071922302,,,,,
157,5,特指的理由 NEC,specified reason NEC,Z53.8,0.9738282561302185,,,,,
157,3,选择性(另见手术，选择性),"elective (see also Surgery, elective)",Z41.9,0.9872545003890991,,,,,
157,4,耳穿刺,ear piercing,Z41.3,0.9843800067901611,,,,,
157,4,特指的 NEC,specified NEC,Z41.8,0.9699422121047974,,,,,
157,1,cāo 糙,,,0.9893161058425903,,,,,
157,2,糙皮病(酒精性),Pellagra (alcoholic),E52,0.9728514552116394,,,,,
158,1,cǎo 草,,,,,,,,
158,2,草酸尿,Oxaluria,E74.8,0.9921400547027588,,,,,
158,2,草酸盐沉着症,Oxalosis,E74.8,0.9924632906913757,,,,,
158,2,草莓状胆囊,Strawberry gallbladder,K82.4,0.9950498938560486,,,,,
158,1,cè 侧,,,,,,,,
158,2,侧倾,Lateroversion,,0.9992763996124268,,,,,
158,3,"宫颈-见侧倾,子宫","cervix - see Lateroversion, uterus",,0.9552052617073059,,,,,
158,3,子宫(颈)(感染后)(产后，陈旧性),"uterus, uterine (cervix) (postinfectional) (postpartal, old)",N85.4,0.9853034615516663,,,,,
158,4,先天性,congenital,Q51.8,0.9257791042327881,,,,,
158,4,在妊娠或分娩中,in pregnancy or childbirth,O34.5,0.9838501811027527,,,,,
158,5,影响到胎儿或新生儿,affecting fetus or newborn,P03.8,0.9697627425193787,,,,,
158,2,侧屈，侧移-见侧倾,"Lateroflexion, Laterocession - see Lateroversion",,0.9959872364997864,,,,,
158,1,cè 策,,,0.9999127388000488,,,,,
158,2,策尔韦格综合征[脑肝肾综合征],Zellweger's syndrome,Q87.8,0.992140531539917,,,,,
158,1,chā 差,,,0.9999476671218872,,,,,
158,2,差异，腿长(后天性),"Discrepancy, leg length (acquired)",M21.7,0.9996792078018188,,,,,
158,3,先天性,congenital,Q72.9,0.9948281645774841,,,,,
158,1,chā 插,,,0.999636173248291,,,,,
158,2,插管困难或失败,"Intubation, difficult or failed",T88.4,0.984950602054596,,,,,
158,1,chá 查,,,0.9999115467071533,,,,,
158,2,查格雷斯热[巴拿马热],Chagres fever,B50.9,0.9999604225158691,,,,,
158,2,查加斯(-马扎)病[美洲锥虫病](慢性),Chagas'(-Mazza) disease (chronic),B57.2,0.9994574785232544,,,,,
158,3,急性(伴有),acute (with),B57.1,0.9956223368644714,,,,,
158,4,心肌炎,myocarditis,B57.0+ I41.2*,0.9881889820098877,,,,,
158,4,心血管病NEC,cardiovascular NEC,B57.0+ I98.1*,0.9667379260063171,,,,,
158,3,伴有,with,,0.9566994905471802,,,,,
158,4,巨结肠,megacolon,B57.3+ K93.1*,0.940376877784729,,,,,
158,4,巨食管,megaesophagus,B57.3+ K23.1*,0.9482676386833191,,,,,
158,4,累及其他器官,other organ involvement,B57.5,0.9788023829460144,,,,,
158,4,累及神经系统,nervous system involvement,B57.4,0.9934217929840088,,,,,
158,4,累及消化系统NEC,digestive system involvement NEC,B57.3+ K93.8*,0.9894120097160339,,,,,
158,4,累及心血管NEC,cardiovascular involvement NEC,B57.2+ I98.1*,0.965399980545044,,,,,
158,4,心肌炎,myocarditis,B57.2+ I41.2*,0.9806026220321655,,,,,
159,1,chà 杈,,,,,,,,
159,2,杈(先天性),Bifurcation (congenital),,0.9900538921356201,,,,,
159,3,胆囊,gallbladder,Q44.1,0.9856907725334167,,,,,
159,3,脊椎,vertebra,Q76.4,0.9925051331520081,,,,,
159,3,肋骨,rib,Q76.6,0.9728742837905884,,,,,
159,3,尿道,urethra,Q64.7,0.997636616230011,,,,,
159,3,气管,trachea,Q32.1,0.9776095747947693,,,,,
159,3,舌,tongue,Q38.3,0.9908599257469177,,,,,
159,3,肾盂,"kidney pelvis, renal pelvis",Q63.8,0.9823071956634521,,,,,
159,3,输尿管,ureter,Q62.8,0.9849223494529724,,,,,
159,1,chán 缠,,,0.9888839721679688,,,,,
159,2,缠绕,Entanglement,,0.9998856782913208,,,,,
159,3,脐带,umbilical cord(s),O69.2,0.9793330430984497,,,,,
159,4,伴有压迫,with compression,O69.2,0.9787518978118896,,,,,
159,4,单羊膜囊内双胎的,of twins in monoamniotic sac,O69.2,0.9811621904373169,,,,,
159,4,绕颈(伴有压迫),around neck (with compression),O69.1,0.9569977521896362,,,,,
159,4,影响到胎儿或新生儿,affecting fetus or newborn,P02.5,0.9791707992553711,,,,,
159,1,chán 蟾,,,0.9641608595848083,,,,,
159,2,蟾皮病(维生素A缺乏),Phrynoderma (vitamin A deficiency),E50.8+ L86*,0.993871808052063,,,,,
159,1,chǎn 产,,,0.9199919104576111,,,,,
159,2,产程,Labor,,0.9999862909317017,,,,,
159,3,不规则,irregular,O62.2,0.9495421648025513,,,,,
159,4,影响到胎儿或新生儿,affecting fetus or newborn,P03.6,0.9820608496665955,,,,,
159,3,不协调,"dyscoordinate, incoordinate",O62.4,0.9188140034675598,,,,,
159,4,影响到胎儿或新生儿,affecting fetus or newborn,P03.6,0.973413348197937,,,,,
159,3,长-见产程，延长,"long - see Labor, prolonged",,0.9635191559791565,,,,,
159,3,低张性,hypotonic,O62.2,0.9903756380081177,,,,,
159,4,原发性,primary,O62.0,0.9630807042121887,,,,,
159,4,继发性,secondary,O62.1,0.9535914659500122,,,,,
159,4,影响到胎儿或新生儿,affecting fetus or newborn,P03.6,0.9889489412307739,,,,,
159,3,高张性,hypertonic,O62.4,0.979785144329071,,,,,
159,4,影响到胎儿或新生儿,affecting fetus or newborn,P03.6,0.9903295040130615,,,,,
159,3,活跃期受阻,arrested active phase,O62.1,0.9825371503829956,,,,,
159,4,影响到胎儿或新生儿,affecting fetus or newborn,P03.6,0.9828974604606628,,,,,
160,3,延长或拖延,prolonged or protracted,O63.9,0.9952077269554138,,,,,
160,4,第一期,first stage,O63.0,0.8766580820083618,,,,,
160,4,第二期,second stage,O63.1,0.8830142617225647,,,,,
160,4,影响到胎儿或新生儿,affecting fetus or newborn,P03.8,0.9792367219924927,,,,,
160,3,异常NEC,abnormal NEC,O75.8,0.9874260425567627,,,,,
160,4,影响到胎儿或新生儿,affecting fetus or newborn,P03.6,0.9753144383430481,,,,,
160,3,阵缩微细,desultory,O62.2,0.9838853478431702,,,,,
160,4,影响到胎儿或新生儿,affecting fetus or newborn,P03.6,0.959429919719696,,,,,
160,2,产后的 - 见情况,Postpartum - see condition,,0.9494975209236145,,,,,
160,2,产科损伤NEC(并发于分娩),Obstetric trauma NEC (complicating delivery),O71.9,0.9662783741950989,,,,,
160,3,流产后(随后发生),following abortion (subsequent episode),O08.6,0.9898387789726257,,,,,
160,4,近期发生-见流产,current episode - see Abortion,,0.9719187617301941,,,,,
160,3,影响到胎儿或新生儿,affecting fetus or newborn,P03.8,0.9855492115020752,,,,,
160,2,产气荚膜梭状芽胞杆菌，作为分类于他处疾病的原因,"Clostridium perfringens, as cause of disease classified elsewhere",B96.7,0.9472103118896484,,,,,
160,2,产前(的),"Antenatal, Antepartum, Prenatal",,0.9830695986747742,,,,,
160,3,保健，正常妊娠,"care, normal pregnancy",Z34.9,0.9901545643806458,,,,,
160,4,初次,first,Z34.0,0.9492667317390442,,,,,
160,4,特指的 NEC,specified NEC,Z34.8,0.9829773306846619,,,,,
160,3,筛选(为),screening (for),Z36.9,0.9827627539634705,,,,,
160,4,基于羊膜穿刺术,based on amniocentesis,Z36.2,0.9552568197250366,,,,,
160,4,畸形，用超声和其他物理方法,malformations using ultrasound and other physical methods,Z36.3,0.9831904768943787,,,,,
160,4,染色体异常,chromosomal anomalies,Z36.0,0.9848836064338684,,,,,
160,4,胎儿生长发育迟缓，用超声和其他物理方法,fetal growth retardation using ultrasound and other physical methods,Z36.4,0.9883559942245483,,,,,
160,4,特指的NEC,specified NEC,Z36.8,0.9711244702339172,,,,,
160,4,同种免疫,isoimmunization,Z36.5,0.9658269286155701,,,,,
160,4,血红蛋白病,hemoglobinopathy,Z36.8,0.9833247661590576,,,,,
160,4,羊水中甲胎蛋白水平增高,raised alphafetoprotein levels in amniotic fluid,Z36.1,0.9613230228424072,,,,,
160,4,异常所见-见异常的，所见，产前筛选，母亲,"abnormal findings - see Abnormal, finding, antenatal screening, mother",,0.9726206064224243,,,,,
160,3,死亡，原因不知-见死亡，胎儿,"death, cause unknown - see Death, fetus",,0.9675351977348328,,,,,
160,2,产钳术 NEC,Forceps delivery NEC,O81.3,0.9811661839485168,,,,,
160,3,影响到胎儿或新生儿,affecting fetus or newborn,P03.2,0.9840026497840881,,,,,
160,2,产褥期(的),"Postnatal, Puerperal, puerperium",,0.9926362633705139,,,,,
160,3,白蛋白尿(急性)(亚急性),albuminuria (acute) (subacute),O12.1,0.9764930009841919,,,,,
160,4,伴有水肿,with edema,O12.2,0.910381555557251,,,,,
160,3,败血症,septicemia,O85,0.9370332360267639,,,,,
160,3,并发症,complications,O90.9,0.973601222038269,,,,,
160,4,特指的NEC,specified NEC,O90.8,0.9527145624160767,,,,,
161,3,出血(另见出血，产后),"hemorrhage (see also Hemorrhage, postpartum)",O72.1,0.9843469262123108,,,,,
161,4,大脑,cerebral,O99.4,0.8966757655143738,,,,,
161,4,颅内,intracranial,O99.4,0.9184505939483643,,,,,
161,4,脑,brain,O99.4,0.8719362020492554,,,,,
161,4,脑(脊)膜,meningeal,O99.4,0.9170544743537903,,,,,
161,4,脑桥(内),"intrapontine, pontine",O99.4,0.9551565051078796,,,,,
161,4,脑室,ventricular,O99.4,0.9074728488922119,,,,,
161,4,内囊,internal capsule,O99.4,0.8855440020561218,,,,,
161,4,皮层(下),"cortical, subcortical",O99.4,0.9278616905212402,,,,,
161,4,小脑,cerebellar,O99.4,0.8658900260925293,,,,,
161,4,延迟(子宫),delayed (uterine),O72.2,0.9462632536888123,,,,,
161,4,延髓,bulbar,O99.4,0.9126163125038147,,,,,
161,4,硬膜外,extradural,O99.4,0.9292818903923035,,,,,
161,4,硬膜下,subdural,O99.4,0.9578468799591064,,,,,
161,4,蛛网膜下,subarachnoid,O99.4,0.9503024816513062,,,,,
161,4,子宫，延迟,"uterine, delayed",O72.2,0.9524860978126526,,,,,
161,3,卒中,"apoplexy, stroke",O99.4,0.8942923545837402,,,,,
161,3,肥大，乳房,"hypertrophy, breast",O92.2,0.9832721948623657,,,,,
161,3,肺炎，栓子-见产褥期，栓塞,"pneumonia, embolic - see Puerperal, embolism",,0.990454375743866,,,,,
161,3,复旧不全(子宫),subinvolution (uterus),O90.8,0.9502611756324768,,,,,
161,3,腹膜感染,peritoneal infection,O85,0.973019003868103,,,,,
161,3,腹膜炎(盆腔),peritonitis (pelvic),O85,0.9869920611381531,,,,,
161,3,肝肾综合征,hepatorenal syndrome,O90.4,0.9390309453010559,,,,,
161,3,感染,infection,O86.4,0.9831598997116089,,,,,
161,4,腹膜,peritoneum,O85,0.9258054494857788,,,,,
161,4,宫颈,cervix,O86.1,0.940293550491333,,,,,
161,4,静脉-见产褥期，静脉炎,"vein - see Puerperal, phlebitis",,0.9585310816764832,,,,,
161,4,泌尿(道)NEC,urinary (tract) NEC,O86.2,0.9847015142440796,,,,,
161,5,无症状,asymptomatic,O86.2,0.9116857051849365,,,,,
161,4,全身性,generalized,O85,0.8663206100463867,,,,,
161,4,乳头,nipple,O91.0,0.9613717198371887,,,,,
161,4,肾(大肠杆菌),"kidney, renal (Bacillus coli)",O86.2,0.9535821676254272,,,,,
161,4,生殖道 NEC,genital tract NEC,O86.1,0.9172767996788025,,,,,
161,5,产科手术伤口,obstetric surgical wound,O86.0,0.9356446862220764,,,,,
161,5,轻微或局部NEC,minor or localized NEC,O86.1,0.9298339486122131,,,,,
161,4,特指的NEC,specified NEC,O86.8,0.9883268475532532,,,,,
161,4,阴道,vagina,O86.1,0.8772956728935242,,,,,
161,3,宫颈内膜炎,endotrachelitis,O86.1,0.9745174050331116,,,,,
161,3,宫颈炎,cervicitis,O86.1,0.9825472235679626,,,,,
161,3,股白肿,"milk leg, phlegmasia alba dolens, white leg",O87.1,0.9687765836715698,,,,,
161,3,化脓-见产褥期，脓肿,"suppuration - see Puerperal, abscess",,0.9550536870956421,,,,,
162,3,坏死，肝(急性)(亚急性)(在亚目K72.0中的情况),"necrosis, liver (acute) (subacute) (conditions in category K72.0)",O90.8,0.9539939761161804,,,,,
162,4,伴有肾衰竭,with renal failure,O90.4,0.9701177477836609,,,,,
162,3,疾病,disease,O90.9,0.9357311725616455,,,,,
162,4,非产科NEC(另见妊娠，并发，在下列类目中的情况),"nonobstetric NEC (see also Pregnancy, complicated by, conditions in)",O99.8,0.9749243259429932,,,,,
162,4,脑血管(急性),cerebrovascular (acute),O99.4,0.9542955160140991,,,,,
162,4,乳房NEC,breast NEC,O92.2,0.9575904607772827,,,,,
162,4,肾NEC,renal NEC,O90.8,0.9690583944320679,,,,,
162,4,输卵管-卵巢,tubo-ovarian,O86.1,0.9691205620765686,,,,,
162,4,瓦尔苏阿尼,Valsuani's,O99.0,0.9395076632499695,,,,,
162,3,疾患,disorder,O90.9,0.9583663940429688,,,,,
162,4,哺乳,lactation,O92.7,0.9111125469207764,,,,,
162,4,非产科NEC(另见妊娠，并发，在下列类目中的情况),"nonobstetric NEC (see also Pregnancy, complicated by, conditions in)",O99.8,0.923937201499939,,,,,
162,3,继发性会阴撕裂,secondary perineal tear,O90.1,0.9896100759506226,,,,,
162,3,甲状腺炎,thyroiditis,O90.5,0.9857369661331177,,,,,
162,3,精神病,psychosis,F53.1,0.9953039288520813,,,,,
162,3,静脉内膜炎-见产褥期，静脉炎,"endophlebitis - see Puerperal, phlebitis",,0.9830470085144043,,,,,
162,3,静脉曲张(腿),varicose veins (legs),O87.8,0.9687464833259583,,,,,
162,4,外阴或会阴,vulva or perineum,O87.8,0.9724752306938171,,,,,
162,3,静脉血栓形成，深部,"phlebothrombosis, deep",O87.1,0.9750354886054993,,,,,
162,3,静脉炎,phlebitis,O87.9,0.9733258485794067,,,,,
162,4,盆腔,pelvic,O87.1,0.9328911900520325,,,,,
162,4,浅表性,superficial,O87.0,0.9624454975128174,,,,,
162,4,深部,deep,O87.1,0.9703542590141296,,,,,
162,3,静脉周炎-见产褥期，静脉炎,"periphlebitis - see Puerperal, phlebitis",,0.9942432641983032,,,,,
162,3,淋巴管炎,lymphangitis,O86.8,0.9753862619400024,,,,,
162,4,乳房,breast,O91.2,0.9527608156204224,,,,,
162,3,瘘,fistula,,0.9688719511032104,,,,,
162,4,乳房(由于乳腺炎),breast (due to mastitis),O91.1,0.939342737197876,,,,,
162,4,乳头,nipple,O91.0,0.9397478103637695,,,,,
162,3,麻痹，膀胱(括约肌),"paralysis, bladder (sphincter)",O90.8,0.9614076614379883,,,,,
162,3,麻醉死亡,anesthetic death,O89.8,0.9625236392021179,,,,,
162,3,脑血管疾患(在I60-I69中的情况),cerebrovascular disorder (conditions in I60-I69),O99.4,0.9750213623046875,,,,,
162,3,尿毒症(由于肾衰竭),uremia (due to renal failure),O90.4,0.9424643516540527,,,,,
162,3,凝血障碍(任何),coagulopathy (any),O72.3,0.9769089221954346,,,,,
162,3,脓毒症(盆腔),"pyemia, sepsis (pelvic)",O85,0.9563224911689758,,,,,
162,3,脓性膀胱炎,pyocystitis,O86.2,0.9649850130081177,,,,,
162,3,脓性肾炎,pyonephritis,O86.2,0.9838994741439819,,,,,
162,3,脓性输卵管炎,pyosalpingitis,O85,0.9820855259895325,,,,,
162,3,脓血症,pyohemia,O85,0.978240430355072,,,,,
163,3,脓肿,abscess,,0.733276903629303,,,,,
163,4,腹膜,peritoneum,O85,0.6208844184875488,,,,,
163,4,宫颈,cervix (uteri),O86.1,0.4794687330722809,,,,,
163,4,泌尿道NEC,urinary tract NEC,O86.2,0.5936729311943054,,,,,
163,4,前庭大腺,Bartholin's gland,O86.1,0.4582253098487854,,,,,
163,4,乳房,"breast, mammary",O91.1,0.6358736157417297,,,,,
163,4,乳头,nipple,O91.0,0.587690532207489,,,,,
163,4,乳晕,areola,O91.0,0.6218156814575195,,,,,
163,4,乳晕下,subareolar,O91.1,0.5909789800643921,,,,,
163,4,肾,kidney,O86.2,0.28341543674468994,,,,,
163,4,生殖器官,genital organ,O86.1,0.7102193832397461,,,,,
163,4,外阴阴道腺,vulvovaginal gland,O86.1,0.6939243078231812,,,,,
163,4,阴道(壁),vagina (wall),O86.1,0.7636639475822449,,,,,
163,4,阴道直肠,vaginorectal,O86.1,0.581253170967102,,,,,
163,4,子宫,uterus,O86.1,0.66034996509552,,,,,
163,3,膀胱肾盂炎,cystopyelitis,O86.2,0.7131909728050232,,,,,
163,3,膀胱炎,cystitis,O86.2,0.6271684169769287,,,,,
163,3,盆腔腹膜炎,pelviperitonitis,O85,0.7047066688537598,,,,,
163,3,偏瘫，大脑的,"hemiplegia, cerebral",O99.4,0.7293822169303894,,,,,
163,3,贫血,anemia,O99.0,0.6642808318138123,,,,,
163,3,破裂,disruption,,0.585847020149231,,,,,
163,4,会阴裂伤伤口,perineal laceration wound,O90.1,0.7634243965148926,,,,,
163,4,会阴切开术伤口,episiotomy wound,O90.1,0.5362085700035095,,,,,
163,4,剖宫产伤口,cesarean wound,O90.0,0.8438278436660767,,,,,
163,3,破伤风,tetanus,A34,0.38442081212997437,,,,,
163,3,缺血，大脑的,"ischemia, cerebral",O99.4,0.8560636639595032,,,,,
163,3,热(脓毒症),fever (sepsis),O85,0.6976045370101929,,,,,
163,4,热性发热(原因不明),pyrexia (of unknown origin),O86.4,0.938035249710083,,,,,
163,3,热性发热(原因不明),pyrexia (of unknown origin),O86.4,0.6879501342773438,,,,,
163,3,乳房硬结(纤维性),induration breast (fibrous),O92.2,0.7652329206466675,,,,,
163,3,乳管炎,galactophoritis,O91.2,0.6594493985176086,,,,,
163,3,乳头裂,"fissure, nipple",O92.1,0.3361457288265228,,,,,
163,3,乳头炎,"mammillitis, thelitis",O91.0,0.9717519283294678,,,,,
163,3,乳腺炎，乳房炎,"mastitis, mammitis",O91.2,0.9713667035102844,,,,,
163,4,化脓性,purulent,O91.1,0.926759660243988,,,,,
163,3,乳溢,galactorrhea,O92.6,0.5585705637931824,,,,,
163,3,肾,renal,,0.9060428142547607,,,,,
163,4,病NEC,disease NEC,O90.8,0.9673834443092346,,,,,
163,4,衰竭,failure,O90.4,0.8336852192878723,,,,,
163,3,肾小球病(在N00-N07中的情况),glomerular diseases (conditions in N00-N07),O90.8,0.9681932330131531,,,,,
163,4,伴有高血压，原有的,"with hypertension, pre-existing",O10.2,0.9724854230880737,,,,,
163,3,肾盂膀胱炎,pyelocystitis,O86.2,0.9605829119682312,,,,,
164,3,肾盂肾病,pyelonephrosis,O86.2,0.9674328565597534,,,,,
164,3,肾盂肾炎,pyelonephritis,O86.2,0.9619516134262085,,,,,
164,3,肾盂炎,pyelitis,O86.2,0.9578731656074524,,,,,
164,3,肾周炎,perinephritis,O86.2,0.9758421182632446,,,,,
164,3,失败,failure,,0.9486502408981323,,,,,
164,4,哺乳(完全),lactation (complete),O92.3,0.9507872462272644,,,,,
164,5,部分,partial,O92.4,0.8686853647232056,,,,,
164,3,输卵管腹膜炎,salpingoperitonitis,O85,0.9732141494750977,,,,,
164,3,输卵管卵巢炎,salpingo-ovaritis,O86.1,0.9912912845611572,,,,,
164,3,衰竭,failure,,0.938572347164154,,,,,
164,4,肾，急性,"renal, acute",O90.4,0.9188176989555359,,,,,
164,3,栓塞(肺)(凝血),embolism (pulmonary) (blood clot),O88.2,0.9806143045425415,,,,,
164,4,空气,air,O88.0,0.8853805661201477,,,,,
164,4,脓毒性，脓毒症性,"septic, pyemic",O88.3,0.9744920134544373,,,,,
164,4,羊水,amniotic fluid,O88.1,0.8571614027023315,,,,,
164,4,脂肪,fat,O88.8,0.9101864695549011,,,,,
164,3,死亡(突然)(原因不知),death (sudden) (cause unknown),O95,0.9578141570091248,,,,,
164,3,胎盘息肉,placental polyp,O90.8,0.9779646396636963,,,,,
164,3,外阴炎,vulvitis,O86.1,0.9762468338012695,,,,,
164,3,外阴阴道炎,vulvovaginitis,O86.1,0.992745578289032,,,,,
164,3,先兆子痫(另见先兆子痫),pre-eclampsia (see also Pre-eclampsia),O14.9,0.9908377528190613,,,,,
164,4,伴有原有的高血压,with pre-existing hypertension,O11,0.9302771091461182,,,,,
164,4,重度,severe,O14.1,0.9209676384925842,,,,,
164,3,纤维蛋白原缺乏血症，或其他凝血缺陷,"afibrinogenemia, or other coagulation defect",O72.3,0.9938204288482666,,,,,
164,3,心肌病,cardiomyopathy,O90.3,0.9636721014976501,,,,,
164,3,血栓形成(静脉)-见血栓形成，产褥期,"thrombosis (venous) - see Thrombosis, puerperal",,0.991640567779541,,,,,
164,3,血栓性静脉炎(浅表性),thrombophlebitis (superficial),O87.0,0.9807977676391602,,,,,
164,4,盆腔,pelvic,O87.1,0.9522488713264465,,,,,
164,4,深部,deep,O87.1,0.9696823954582214,,,,,
164,3,血小板减少,thrombocytopenia,O72.3,0.9758578538894653,,,,,
164,3,血质不调,blood dyscrasia,O72.3,0.9899088740348816,,,,,
164,3,血肿，硬膜下,"hematoma, subdural",O99.4,0.9535557627677917,,,,,
164,3,阴道旁炎，阴道周炎,"paravaginitis, perivaginitis",O86,0.99064040184021,,,,,
164,3,阴道炎,vaginitis,O86.1,0.9641845226287842,,,,,
164,3,躁狂,mania,F30.8,0.9650272727012634,,,,,
164,3,谵妄NEC,delirium NEC,F05.8,0.9647184014320374,,,,,
164,3,痔,hemorrhoids,O87.2,0.9535974860191345,,,,,
164,3,潴留,retention,,0.9660485982894897,,,,,
164,4,产后物-见潴留，产后物,"secundines - see Retention, secundines",,0.9606773257255554,,,,,
164,4,胎盘-见潴留，胎盘,"placenta - see Retention, placenta",,0.9391151070594788,,,,,
164,4,蜕膜-见潴留，蜕膜,"decidua - see Retention, decidua",,0.9529644250869751,,,,,
165,3,子宫不规则出血(另见出血，产后),"metrorrhagia (see also Hemorrhage, postpartum)",O72.1,0.9762691259384155,,,,,
165,4,延迟(继发性),delayed (secondary),O72.2,0.9793969392776489,,,,,
165,3,子宫附件炎,adnexitis,O86.1,0.9639370441436768,,,,,
165,3,子宫腹膜炎,metroperitonitis,O85,0.9705805778503418,,,,,
165,3,子宫积脓,pyometra,O85,0.888784646987915,,,,,
165,3,子宫旁组织炎,parametritis,O85,0.9755167961120605,,,,,
165,3,子宫输卵管炎,metrosalpingitis,O85,0.9599180817604065,,,,,
165,3,子宫输卵管周炎,perimetrosalpingitis,O85,0.9807137846946716,,,,,
165,3,子宫外膜炎,perimetritis,O86.1,0.9350395202636719,,,,,
165,3,子宫阴道炎,metrovaginitis,O85,0.9781213402748108,,,,,
165,3,子痫(伴有原有的高血压),eclampsia (with pre-existing hypertension),O15.2,0.9833781123161316,,,,,
165,2,产式异常(孕产妇医疗)(另见先露，胎儿，异常的),"Lie, abnormal (maternal care) (see also Presentation, fetal, abnormal)",O32.9,0.9050390124320984,,,,,
165,3,分娩前，影响到胎儿或新生儿,"before labor, affecting fetus or newborn",P01.7,0.997424840927124,,,,,
165,1,chǎn 铲,,,0.9539830684661865,,,,,
165,2,铲形门齿,Shovel-shaped incisors,K00.2,0.9742648005485535,,,,,
165,2,铲状甲,Spading nail,L60.8,0.9631741642951965,,,,,
165,3,先天性,congenital,Q84.6,0.993472158908844,,,,,
165,2,铲状手(先天性),Spade-like hand (congenital),Q68.1,0.9919718503952026,,,,,
165,1,chàn 颤,,,0.9807849526405334,,,,,
165,2,颤搐,Twitching,R25.3,0.9828189015388489,,,,,
165,1,cháng 长,,,0.9724230766296387,,,,,
165,2,长,Long,,0.9996416568756104,,,,,
165,3,产程[滞产],labor,O63.9,0.9785923957824707,,,,,
165,4,第一期,first stage,O63.0,0.9030014872550964,,,,,
165,4,第二期,second stage,O63.1,0.8878868818283081,,,,,
165,4,影响到胎儿或新生儿,affecting fetus or newborn,P03,0.9438222050666809,,,,,
165,3,长期(近期)使用,term use (current) of,,0.9628903865814209,,,,,
165,4,阿司匹林,aspirin,Z92.2,0.9853188991546631,,,,,
165,4,抗凝剂,anticoagulants,Z92.1,0.9621555209159851,,,,,
165,4,药剂 NEC,medicaments NEC,Z92.2,0.9485155344009399,,,,,
165,2,长度不等(后天性)(臂)(腿)(肢),Unequal length (acquired) (arm) (leg) (limb),M21.7,0.9991063475608826,,,,,
165,2,长冠牙,Taurodontism,K00.2,0.9565425515174866,,,,,
165,2,长结肠,Dolichocolon,Q43.8,0.979196310043335,,,,,
165,2,长头,Dolichocephaly,Q67.2,0.9999432563781738,,,,,
166,1,cháng 肠,,,0.971837043762207,,,,,
166,2,肠病,Enteropathy,K63.9,0.9430515766143799,,,,,
166,3,蛋白质丢失性,protein-losing,K90.4,0.9608603119850159,,,,,
166,3,麸胶敏感性,gluten-sensitive,K90.0,0.9742059707641602,,,,,
166,2,肠病毒，作为分类于他处疾病的原因,"Enterovirus, as cause of disease classified elsewhere",B97.1,0.9998562335968018,,,,,
166,2,肠出血,Enterorrhagia,K92.2,0.9969832301139832,,,,,
166,2,肠的 - 见情况,"Bowel, Intestine, intestinal - see condition",,0.9776143431663513,,,,,
166,2,肠梗阻(结肠)(抑制性),Ileus (bowel)(colon) (inhibitory) (intestine),K56.7,0.9891318678855896,,,,,
166,3,梗阻性NEC,obstructive NEC,K56.6,0.9871145486831665,,,,,
166,3,机械性 NEC,mechanical NEC,K56.6,0.9522079825401306,,,,,
166,3,麻痹性(曾译名无动力性),adynamic/paralytic,K56.0,0.9949324727058411,,,,,
166,3,神经源性,neurogenic,K56.0,0.9827302098274231,,,,,
166,4,赫尔施普龙病或巨结肠,Hirschsprung's disease or megacolon,Q43.1,0.9933704137802124,,,,,
166,3,十二指肠(慢性),duodenal (chronic),K31.5,0.9742109775543213,,,,,
166,3,胎粪性,meconium,E84.1+ P75*,0.9632964134216309,,,,,
166,4,意指胎粪性便秘(不伴有囊性纤维化),meaning meconium plug (without cystic fibrosis),P76.0,0.9963909983634949,,,,,
166,3,新生儿,newborn,,0.931606113910675,,,,,
166,4,由于胎粪,due to meconium,E84.1+ P75*,0.9619868397712708,,,,,
166,5,意指胎粪性便秘(不伴有囊性纤维化),meaning meconium plug (without cystic fibrosis),P76.0,0.9905985593795776,,,,,
166,4,暂时性,transitory,P76.1,0.9902103543281555,,,,,
166,3,由于胆石(肠内),due to gallstone (in intestine),K56.3,0.9983246326446533,,,,,
166,2,肠结石，肠石病(嵌塞),"Enterolith, enterolithiasis (impaction)",K56.4,0.99470454454422,,,,,
166,2,肠蜣螂病,Scarabiasis,B88.2,0.9924361109733582,,,,,
166,2,肠疝(另见疝，腹),"Enterocele (see also Hernia, abdomen)",K46.9,0.9801449179649353,,,,,
166,2,肠伤寒,Ileotyphus,A01.0,0.999815821647644,,,,,
166,2,肠套叠(另见套叠),Telescoped bowel or intestine (see also Intussusception),K56.1,0.98508620262146,,,,,
166,2,肠痛,Enteralgia,R10.4,0.9788088798522949,,,,,
166,2,肠胃炎 -见 小肠炎,Enterogastritis - see Enteritis,,0.9210906028747559,,,,,
166,2,肠系膜的-见情况,"Mesentery, mesenteric - see condition",,0.9992390871047974,,,,,
166,2,肠狭窄(另见梗阻，肠),"Enterostenosis (see also Obstruction, intestine)",K56.6,0.9951230883598328,,,,,
166,2,肠下垂,Enteroptosis,K63.4,0.9997473359107971,,,,,
166,2,肠炎 -见 小肠炎,Enteritis,,0.9201834797859192,,,,,
166,2,肠造口机能障碍,"Enterostomy, malfunctioning",K91.4,0.9990620613098145,,,,,
166,1,cháng 常,,,0.9404959082603455,,,,,
166,2,常春藤、橡树、漆树或其他植物性皮炎中毒(变应性)(接触性),"Poison ivy, oak, sumac or other plant dermatitis (allergic) (contact)",L23.7,0.9881271123886108,,,,,
166,2,常染色体的-见情况，按涉及的染色体,Autosome - see condition by chromosome involved,,0.9894635081291199,,,,,
167,1,chāo 超,,,,,,,,
167,2,超敏感性,"Hypersensitiveness, Hypersensitivity",,0.9867902398109436,,,,,
167,3,迷路,labyrinth,H83.2,0.973791778087616,,,,,
167,1,cháo 潮,,,0.9433819651603699,,,,,
167,2,潮红,Flushing,R23.2,0.9836279153823853,,,,,
167,1,chén 尘,,,0.963704526424408,,,,,
167,2,尘肺-现译名肺尘埃沉着病,Pneumoconiosis,,0.991607666015625,,,,,
167,2,尘网形成- 见肺尘埃沉着病,"Reticulation, dust - see Pneumoconiosis",,0.9633387923240662,,,,,
167,1,chén 沉,,,0.9662325978279114,,,,,
167,2,沉积，沉着,Deposit,,0.9998834729194641,,,,,
167,3,胆固醇,cholesterol,,0.9626186490058899,,,,,
167,4,玻璃(体)(液),vitreous (body) (humor),H43.2,0.9495775103569031,,,,,
167,4,视网膜,retina,H35.8,0.9487581849098206,,,,,
167,3,钙化性，钙-见钙化,"calcareous, calcium - see Calcification",,0.9919065237045288,,,,,
167,3,骨，在伯克结节病中,bone in Boeck's sarcoid,D86.8,0.9968442916870117,,,,,
167,3,含铁血黄素，在陈旧性角膜瘢痕中,hemosiderin in old scars of cornea,H18.0,0.9967501759529114,,,,,
167,3,角膜,cornea,H18.0,0.9397189021110535,,,,,
167,3,结晶，玻璃(体)(液),"crystallin, vitreous (body) (humor)",H43.2,0.9763953685760498,,,,,
167,3,结膜,conjunctiva,H11.1,0.9728990197181702,,,,,
167,3,晶体中的金属,metallic in lens,H26.8,0.9812363982200623,,,,,
167,3,尿酸盐，肾(另见结石，肾),"urate, kidney (see also Calculus, kidney)",N20.0,0.991485595703125,,,,,
167,3,皮肤,skin,R23.8,0.9550601840019226,,,,,
167,3,牙(槟榔)(黑色)(绿色)(白垢)(橙色)(烟草),"tooth, teeth (betel) (black) (green) (materia alba) (orange) (tobacco)",K03.6,0.9680216908454895,,,,,
167,2,沉思,Rumination,,0.9998465776443481,,,,,
167,3,强迫性,obsessional,F42.0,0.9692571759223938,,,,,
167,3,神经症性,neurotic,F42.0,0.9626973867416382,,,,,
167,3,心因性,psychogenic,F42.0,0.9654024839401245,,,,,
167,1,chéng 成,,,0.9776532053947449,,,,,
167,2,成(神经)胶质细胞瘤(多形性)[胶质母细胞瘤](M9440/3),Glioblastoma (multiforme) (M9440/3),,0.9993191361427307,,,,,
167,3,伴有肉瘤成分(M9442/3),with sarcomatous component (M9442/3),,0.9989577531814575,,,,,
167,4,特指部位-见肿瘤，恶性,"specified site - see Neoplasm, malignant",,0.9759295582771301,,,,,
167,4,未特指部位,unspecified site,C71.9,0.9884529709815979,,,,,
168,3,巨细胞(M9441/3),giant cell (M9441/3),,0.9846163988113403,,,,,
168,4,特指部位-见 肿瘤，恶性,"specified site - see Neoplasm, malignant",,0.9512798190116882,,,,,
168,4,未特指部位,unspecified site,C71.9,0.9323872327804565,,,,,
168,3,特指部位-见肿瘤，恶性,"specified site - see Neoplasm, malignant",,0.9653503894805908,,,,,
168,3,未特指部位,unspecified site,C71.9,0.9527063369750977,,,,,
168,2,成感觉神经细胞瘤[感觉神经母细胞瘤](M9522/3),Esthesioneuroblastoma (M9522/3),C30.0,0.9986681342124939,,,,,
168,2,成睾丸细胞瘤[睾丸母细胞瘤](M9071/3),Orchioblastoma (M9071/3),C62.9,0.9992814660072327,,,,,
168,2,成骨不全,Osteogenesis imperfecta,Q78.0,0.998030424118042,,,,,
168,2,成骨细胞瘤[骨母细胞瘤](M9200/0)-见肿瘤，骨，良性,"Osteoblastoma (M9200/0) - see Neoplasm, bone, benign",,0.979979395866394,,,,,
168,3,侵袭性(M9200/1)-见肿瘤，骨，动态未定,"aggressive (M9200/1) - see Neoplasm, bone, uncertain behavior",,0.9841057658195496,,,,,
168,2,成黑素细胞瘤(M8720/3)-见黑色素瘤,Melanoblastoma (M8720/3) - see Melanoma,,0.9947586059570312,,,,,
168,2,成肌细胞瘤[肌母细胞瘤]，颗粒细胞(M9580/0)-另见肿瘤，结缔组织，良性,"Myoblastoma, granular cell (M9580/0) - see also Neoplasm, connective tissue, benign",,0.989967405796051,,,,,
168,3,恶性(M9580/3)-见肿瘤，结缔组织，恶性,"malignant (M9580/3) - see Neoplasm, connective tissue, malignant",,0.9788301587104797,,,,,
168,3,舌(M9580/0),tongue (M9580/0),D10.1,0.9699792861938477,,,,,
168,2,成交感神经细胞瘤[交感神经母细胞瘤](M9500/3),"Sympathicoblastoma, Sympathoblastoma (M9500/3)",,0.9993612170219421,,,,,
168,3,特指部位-见肿瘤，恶性,"specified site - see Neoplasm, malignant",,0.9960222840309143,,,,,
168,3,未特指部位,unspecified site,C74.9,0.9647409319877625,,,,,
168,2,成胶质细胞瘤(M9422/3),Spongioblastoma (M9422/3),,0.999920666217804,,,,,
168,3,多形(M9440/3),multiforme (M9440/3),,0.9777929186820984,,,,,
168,4,特指部位-见肿瘤，恶性,"specified site - see Neoplasm, malignant",,0.9739612340927124,,,,,
168,4,未特指部位,unspecified site,C71.9,0.9729997515678406,,,,,
168,3,极性(M9423/3),polare (M9423/3),,0.9905833005905151,,,,,
168,4,特指部位-见肿瘤，恶性,"specified site - see Neoplasm, malignant",,0.9801680445671082,,,,,
168,4,未特指部位,unspecified site,C71.9,0.9102585911750793,,,,,
168,3,特指部位-见肿瘤，恶性,"specified site -see Neoplasm, malignant",,0.9744116067886353,,,,,
168,3,未特指部位,unspecified site,C71.9,0.9646256566047668,,,,,
168,3,原始极性(M9443/3),primitive polar (M9443/3),,0.9770251512527466,,,,,
168,4,特指部位-见肿瘤，恶性,"specified site - see Neoplasm, malignant",,0.9674590826034546,,,,,
168,4,未特指部位,unspecified site,C71.9,0.9812076687812805,,,,,
168,2,成颗粒组织(异常)(过度),Granulation tissue (abnormal) (excessive),L92.9,0.9978328347206116,,,,,
168,3,乳突切除术后空腔,postmastoidectomy cavity,H95.1,0.9777721762657166,,,,,
168,2,成平滑肌细胞瘤[平滑肌母细胞瘤](M8891/0)-见肿瘤，结缔组织，良性,"Leiomyoblastoma (M8891/0) - see Neoplasm, connective tissue, benign",,0.9911500215530396,,,,,
168,2,成软骨细胞瘤[软骨母细胞瘤](M9230/0)-另见肿瘤，骨，良性,"Chondroblastoma (M9230/0) - see also Neoplasm, bone, benign",,0.9924041628837585,,,,,
168,3,恶性(M9230/3)-见肿瘤，骨，恶性,"malignant (M9230/3) - see Neoplasm, bone, malignant",,0.9776514172554016,,,,,
168,2,成少突神经胶质细胞瘤[少突胶质母细胞瘤](M9460/3),Oligodendroblastoma (M9460/3),,0.9994617700576782,,,,,
168,3,特指部位-见肿瘤，恶性,"specified site - see Neoplasm, malignant",,0.9815710783004761,,,,,
168,3,未特指部位,unspecified site,C71.9,0.9891438484191895,,,,,
169,2,成神经管细胞瘤[髓母细胞瘤](M9470/3),Medulloblastoma (M9470/3),,0.9997876882553101,,,,,
169,3,促结缔组织增生性(M9471/3),desmoplastic (M9471/3),C71.6,0.991408109664917,,,,,
169,3,特指部位 -见 肿瘤，恶性,"specified site - see Neoplasm, malignant",,0.9276253581047058,,,,,
169,3,未特指部位,unspecified site,C71.6,0.9578929543495178,,,,,
169,2,成神经细胞瘤[神经母细胞瘤](M9500/3),Neuroblastoma (M9500/3),,0.9997601509094238,,,,,
169,3,特指部位-见肿瘤，恶性,"specified site - see Neoplasm, malignant",,0.9982617497444153,,,,,
169,3,未特指部位,unspecified site,C74.9,0.9625616669654846,,,,,
169,3,嗅神经(M9522/3),olfactory (M9522/3),C30.0,0.9773156046867371,,,,,
169,2,成视网膜细胞瘤[视网膜母细胞瘤](M9510/3),Retinoblastoma (M9510/3),C69.2,0.9977150559425354,,,,,
169,3,未分化的(M9512/3),undifferentiated (M9512/3),C69.2,0.9796489477157593,,,,,
169,3,已分化的(M9511/3),differentiated (M9511/3),C69.2,0.9615689516067505,,,,,
169,2,成室管膜细胞瘤[室管膜母细胞瘤](M9392/3),Ependymoblastoma (M9392/3),,0.9856696128845215,,,,,
169,3,特指部位-见肿瘤，恶性,"specified site - see Neoplasm, malignant",,0.9898821115493774,,,,,
169,3,未特指部位,unspecified site,C71.9,0.9580375552177429,,,,,
169,2,成嗜铬细胞瘤[嗜铬母细胞瘤](M8700/3),Pheochromoblastoma (M8700/3),,0.9986498355865479,,,,,
169,3,特指部位-见肿瘤，恶性,"specified site - see Neoplasm, malignant",,0.9932052493095398,,,,,
169,3,未特指部位,unspecified site,C74.1,0.9595744609832764,,,,,
169,2,成熟期的 - 见情况,Autumn - see condition,,0.9216753840446472,,,,,
169,2,成松果体细胞瘤[松果体母细胞瘤](M9362/3),"Pinealoblastoma, Pineoblastoma (M9362/3)",C75.3,0.9993957281112671,,,,,
169,2,成髓样肌细胞瘤[髓肌母细胞瘤](M9472/3),Medullomyoblastoma (M9472/3),,0.9983029365539551,,,,,
169,3,特指部位 - 见 肿瘤，恶性,"specified site - see Neoplasm, malignant",,0.9298704862594604,,,,,
169,3,未特指部位,unspecified site,C71.6,0.9491106867790222,,,,,
169,2,成星形细胞瘤[星形母细胞瘤](M9430/3),Astroblastoma (M9430/3),,0.99950110912323,,,,,
169,3,特指部位-见 肿瘤，恶性,"specified site - see Neoplasm, malignant",,0.9641964435577393,,,,,
169,3,未特指部位,unspecified site,C71.9,0.9601313471794128,,,,,
169,2,成性腺细胞瘤[性腺母细胞瘤](M9073/1),Gonadoblastoma (M9073/1),,0.9790903925895691,,,,,
169,3,特指部位-见肿瘤，动态未定,"specified site - see Neoplasm, uncertain behavior",,0.9898371696472168,,,,,
169,3,未特指部位,unspecified site,,0.9945071935653687,,,,,
169,4,男性,male,D40.1,0.9325619339942932,,,,,
169,4,女性,female,D39.1,0.9290276765823364,,,,,
169,2,成血管细胞瘤[血管母细胞瘤](M9161/1)-见肿瘤，结缔组织，动态未定,"Angioblastoma, Hemangioblastoma (M9161/1) - see Neoplasm, connective tissue, uncertain behavior",,0.9780300855636597,,,,,
169,2,成牙骨质细胞瘤[牙骨质母细胞瘤]，良性(M9273/0),"Cementoblastoma, benign (M9273/0)",D16.5,0.978482186794281,,,,,
169,3,上颌(骨),upper jaw (bone),D16.4,0.9799338579177856,,,,,
169,2,成胰岛细胞瘤[胰岛母细胞瘤](M8150/0),Nesidioblastoma (M8150/0),,0.9996806979179382,,,,,
169,3,特指部位NEC-见肿瘤，良性,"specified site NEC - see Neoplasm, benign",,0.9943820834159851,,,,,
169,3,未特指部位,unspecified site,D13.7,0.989041268825531,,,,,
169,3,胰腺,pancreas,D13.7,0.9589365720748901,,,,,
170,2,成釉细胞瘤[釉质母细胞瘤](M9310/0)-另见釉质瘤,"Adamantoblastoma, Ameloblastoma (M9310/0) - see also Adamantinoma",,0.9711508750915527,,,,,
170,3,长骨(M9261/3),long bones (M9261/3),C40.9,0.994558572769165,,,,,
170,3,恶性(M9310/3),malignant (M9310/3),C41.1,0.9772552847862244,,,,,
170,4,颌(骨)(下),jaw (bone) (lower),C41.1,0.9489219188690186,,,,,
170,5,上,upper,C41.0,0.8725560903549194,,,,,
170,3,颌(骨)(下),jaw (bone)(lower),D16.5,0.9638047218322754,,,,,
170,4,上,upper,D16.4,0.9612293839454651,,,,,
170,3,胫骨(M9261/3),tibial (M9261/3),C40.2,0.9748982191085815,,,,,
170,3,下颌骨,mandible,D16.5,0.9400209784507751,,,,,
170,2,成釉质细胞瘤(M9310/0)-见釉质瘤,Adamantinoblastoma (M9310/0) - see Adamantinoma,,0.9842774868011475,,,,,
170,2,成脂肪细胞瘤[脂肪母细胞瘤](M8881/0)-见脂肪瘤,Lipoblastoma (M8881/0) - see Lipoma,,0.9960631728172302,,,,,
170,2,成脂肪细胞瘤病[脂肪母细胞瘤病](M8881/0)-见脂肪瘤,Lipoblastomatosis (M8881/0) - see Lipoma,,0.998082160949707,,,,,
170,1,chī 痴,,,0.9998564720153809,,,,,
170,2,痴呆(持续性),Dementia (persisting),F03,0.9948834180831909,,,,,
170,3,阿尔茨海默型,Alzheimer's type,G30.9+ F00.9*,0.9672421813011169,,,,,
170,3,变性性(原发性),degenerative (primary),F03,0.9823572635650635,,,,,
170,3,动脉硬化性(另见痴呆，血管性),"arteriosclerotic (see also Dementia, vascular)",F01.9,0.9980610609054565,,,,,
170,3,多发脑梗死性,multi-infarct,I63+ F03*,0.963489294052124,,,,,
170,3,非典型，阿尔茨海默型,"atypical, Alzheimer's type",G30.8+ F00.2*,0.9751376509666443,,,,,
170,3,见于(由于),in (due to),,0.9571648240089417,,,,,
170,4,阿尔茨海默病,Alzheimer's disease,G30.9+ F00.9*,0.9794837832450867,,,,,
170,5,伴有发病,with onset,,0.824042022228241,,,,,
170,6,早,early,G30.0+ F00.0*,0.9531316757202148,,,,,
170,6,晚,late,G30.1+ F00.1*,0.9022983312606812,,,,,
170,5,非典型,atypical,G30.8+ F00.2*,0.9656239748001099,,,,,
170,5,混合型,mixed type,G30.8+ F00.2*,0.9781166315078735,,,,,
170,4,病因学未知,unknown etiology,F03,0.9297296404838562,,,,,
170,4,糙皮病,pellagra,E52+ F02.8*,0.9754505157470703,,,,,
170,4,癫痫,epilepsy,G40 F02.8*,0.8992401361465454,,,,,
170,4,动脉硬化性脑病,arteriosclerotic brain disease,F01.9,0.9910510182380676,,,,,
170,4,多发性,multiple,,0.8835300207138062,,,,,
170,5,病因,etiologies,F03,0.9826641082763672,,,,,
170,5,硬化,sclerosis,G35+ F02.8*,0.8976128697395325,,,,,
170,4,肝豆状核变性,hepatolenticular degeneration,E83.0+ F02.8*,0.9800119996070862,,,,,
170,4,高钙血症,hypercalcemia,E83.5+ F02.8*,0.9806725382804871,,,,,
170,4,亨廷顿病或亨廷顿舞蹈症,Huntington's disease or chorea,G10+ F02.2*,0.9792526364326477,,,,,
170,4,挥发性溶剂,volatile solvents,F18.7,0.9916510581970215,,,,,
171,4,甲状腺功能减退症，后天性,"hypothyroidism, acquired",E03 F02.8*,0.9727599620819092,,,,,
171,5,由于碘缺乏,due to iodine-deficiency,E01 F02.8*,0.935437798500061,,,,,
171,4,结节性多动脉炎,polyarteritis nodosa,M30.0+ F02.8*,0.9485088586807251,,,,,
171,4,酒精中毒,alcohol,F10.7,0.9431054592132568,,,,,
171,4,克罗伊茨费尔特-雅各布病[痉挛性假性硬化],Creutzfeldt-Jakob disease,A81.0+ F02.1*,0.9622603058815002,,,,,
171,4,脑脂沉积症,cerebral lipidoses,E75 F02.8*,0.9703822135925293,,,,,
171,4,帕金森病(帕金森综合征),Parkinson's disease (parkinsonism)/paralysis agitans,G20+ F02.3*,0.9702684283256531,,,,,
171,4,皮克病,Pick's disease,G31.0+ F02.0*,0.9639745354652405,,,,,
171,4,人类免疫缺陷病毒[HIV]病,human immunodeficiency virus (HIV) disease,B22.0+ F02.4*,0.9788051843643188,,,,,
171,4,神经错乱的全身性麻痹,general paralysis of the insane,A52.1+ F02.8*,0.9882546067237854,,,,,
171,4,神经梅毒,neurosyphilis,A52.1+ F02.8*,0.9547156691551208,,,,,
171,4,维生素B₁₂缺乏,vitamin B12 deficiency,E53.8+ F02.8*,0.9499727487564087,,,,,
171,4,吸入剂,inhalants,F18.7,0.9542464017868042,,,,,
171,4,系统性红斑狼疮,systemic lupus erythematosus,M32 F02.8*,0.9653522968292236,,,,,
171,4,烟酸缺乏,niacin deficiency,E52+ F02.8*,0.9596545696258545,,,,,
171,4,药物(残余)-编码于F10-F19伴有第四位数.7,drugs (residual) - code to F10-F19 with fourth character .7,,0.982256293296814,,,,,
171,4,震颤麻痹-现译名帕金森病,paralysis agitans,,0.9681166410446167,,,,,
171,4,镇静剂、催眠剂或抗焦虑药,"sedatives, hypnotics or anxiolytics",F13.7,0.9822199940681458,,,,,
171,4,中毒性(另见药物和化学制剂表),intoxication (see also Table of drugs and chemicals),T65.9+ F02.8*,0.9870114326477051,,,,,
171,4,锥虫病，非洲,"trypanosomiasis, African",B56 F02.8*,0.9732043147087097,,,,,
171,3,进行性，梅毒性,"progressive, syphilitic",A52.1+ F02.8*,0.967631995677948,,,,,
171,3,酒精中毒性,alcoholic,F10.7,0.9707741141319275,,,,,
171,3,老年性,"old age, senile",F03,0.9464626908302307,,,,,
171,4,阿尔茨海默型,Alzheimer's type,G30.1+ F00.1*,0.9708744287490845,,,,,
171,4,伴有急性意识错乱状态,with acute confusional state,F05.1,0.9934468865394592,,,,,
171,4,抑郁或妄想狂样型,depressed or paranoid type,F03,0.9831777811050415,,,,,
171,3,路易体,Lewy body,G31.8,0.9747143387794495,,,,,
171,3,麻痹性(梅毒性),"paralytica, paralytic, paretic (syphilitic)",A52.1+ F02.8*,0.9733638763427734,,,,,
171,4,幼年型,juvenilis,A50.4,0.9935781359672546,,,,,
171,3,尿毒症性,uremic,N18.8+ F02.8*,0.9840737581253052,,,,,
171,3,人类免疫缺陷病毒(HIV)病所致,resulting from HIV disease,B22.0+ F02.4*,0.9903404712677002,,,,,
171,3,血管性，脑血管,"vascular, cerebrovascular (of)",F01.9,0.98508220911026,,,,,
171,4,多发脑梗死性,multi-infarct,I63.9+ F03*,0.9486130475997925,,,,,
171,4,急性发病,acute onset,F01.0,0.9649760127067566,,,,,
171,4,皮层为主,predominantly cortical,F01.1,0.9753692746162415,,,,,
171,4,皮层下,subcortical,F01.2,0.9577152132987976,,,,,
171,4,皮层和皮层下混合型,mixed cortical and subcortical,F01.3,0.9778984785079956,,,,,
171,4,特指的 NEC,specified NEC,F01.8,0.9825116395950317,,,,,
172,3,婴儿,"infantile, infantilis",F84.3,0.9581184387207031,,,,,
172,3,原发变性性,primary degenerative,F03,0.9838194251060486,,,,,
172,3,早老性,presenile,F03,0.942191481590271,,,,,
172,4,阿尔茨海默型,Alzheimer's type,G30.0+ F00.0*,0.9663456082344055,,,,,
172,3,早熟性(另见精神分裂症),praecox (see also Schizophrenia),F20.9,0.9779365658760071,,,,,
172,2,痴愚者(智商35-49),"Imbecile, imbecility (I.Q. 35-49)",F71,0.9725104570388794,,,,,
172,1,chí 弛,,,0.9632085561752319,,,,,
172,2,弛缓不能-现译名失弛缓症,Achalasia,,0.9732496738433838,,,,,
172,2,弛缓性 - 另见情况,Flaccid - see also condition,,0.9708498120307922,,,,,
172,3,腭，先天性,"palate, congenital",Q38.5,0.9881020188331604,,,,,
172,1,chí 迟,,,0.9996225833892822,,,,,
172,2,迟,Late,,0.9999901056289673,,,,,
172,3,学步,walker,R62.0,0.9648786783218384,,,,,
172,3,学语,talker,R62.0,0.9488080143928528,,,,,
172,2,迟缓,Retardation,,0.9995094537734985,,,,,
172,3,软骨内骨生长,endochondral bone growth,M89.2,0.9820971488952637,,,,,
172,3,生长(另见迟缓，体格发育),"growth (see also Retardation, physical)",R62.8,0.9854916930198669,,,,,
172,4,胎儿,fetus,P05.9,0.994206428527832,,,,,
172,5,影响妊娠处理,affecting management of pregnancy,O36.5,0.9788686037063599,,,,,
172,3,体格发育(儿童),physical (child),R62.8,0.970517635345459,,,,,
172,4,胎儿,fetus,P05.9,0.975944995880127,,,,,
172,4,由于营养不良,due to malnutrition,E45,0.9879005551338196,,,,,
172,3,子宫内生长,intrauterine growth,P05.9,0.9612153768539429,,,,,
172,4,影响妊娠处理,affecting management of pregnancy,O36.5,0.9809755682945251,,,,,
172,2,迟延-见延迟,Delayed,,0.9994989037513733,,,,,
172,2,迟滞，眼睑(神经性),"Lag, lid (nervous)",H02.5,0.9662820100784302,,,,,
172,1,chí 持,,,0.954855740070343,,,,,
172,2,持续性,"Persistence, persistent",,0.9865230917930603,,,,,
172,3,胎儿,fetal,,0.9707062840461731,,,,,
172,4,血红蛋白增多，遗传性(HPFH),"hemoglobin, hereditary (HPFH)",D56.4,0.9896486401557922,,,,,
172,4,循环,circulation,P29.3,0.9611963629722595,,,,,
172,3,通道-见瘘，先天性,"communication - see Fistula, congenital",,0.9844177961349487,,,,,
172,3,胸(腺)(增生),thymus (gland) (hyperplasia),E32.0,0.9759060144424438,,,,,
172,3,血红蛋白，胎儿(遗传性)(HPFH),"hemoglobin, fetal (hereditary) (HPFH)",D56.4,0.9768763184547424,,,,,
172,3,枕后位,occipitoposterior (position),O32.8,0.9689607620239258,,,,,
172,4,影响到胎儿或新生儿,affecting fetus or newborn,P03.1,0.9867897033691406,,,,,
172,4,造成梗阻性分娩,causing obstructed labour,O64.0,0.9784764647483826,,,,,
173,3,枕横(位),occipitotransverse (position),O64.0,0.9785320162773132,,,,,
173,4,影响到胎儿或新生儿,affecting fetus or newborn,P03.1,0.9899946451187134,,,,,
173,2,持续言语[持续动作](强直性),Perseveration (tonic),R48.8,0.9989132881164551,,,,,
173,1,chí 匙,,,0.9995791912078857,,,,,
173,2,匙状甲[反甲],Koilonychia/Spoon nail,L60.3,0.9998731017112732,,,,,
173,3,先天性,congenital,Q84.6,0.9509889483451843,,,,,
173,1,chǐ 尺,,,0.9991561770439148,,,,,
173,2,尺的 - 见情况,Ulnar - see condition,,0.8768991827964783,,,,,
173,1,chǐ 齿,,,0.9999023675918579,,,,,
173,2,齿突、齿中齿或牙套叠,"Dens evaginatus, in dente or invaginatus",K00.2,0.972388744354248,,,,,
173,2,齿音发音不清,Lisping,F80.8,0.9908654689788818,,,,,
173,2,齿龈溃疡,Gumboil,K04.6,0.9990941286087036,,,,,
173,1,chōng 冲,,,0.9998459815979004,,,,,
173,2,冲动发放,Discharge,,0.9999309778213501,,,,,
173,3,特发性间脑自主,diencephalic autonomic idiopathic,G40.5,0.9976078271865845,,,,,
173,2,冲击波(爆炸产生的)(空气)(水力)(浸泡)(水下),Blast (air) (hydraulic) (immersion) (underwater),,0.9886613488197327,,,,,
173,3,盲,blindness,S05.8,0.967528760433197,,,,,
173,3,损伤,injury,T14.8,0.9660807847976685,,,,,
173,4,腹部或胸部-见损伤，按部位,"abdomen or thorax - see Injury, by site",,0.9806103110313416,,,,,
173,4,综合征 NEC,syndrome NEC,T70.8,0.983505129814148,,,,,
173,2,冲浪者结节,Surfer's knots or nodules,T14.0,0.9847493767738342,,,,,
173,2,冲突(伴有)-另见不和,Conflict (with) - see also Discord,,0.9888458251953125,,,,,
173,3,社会职责 NEC,social role NEC,Z73.5,0.9565557837486267,,,,,
173,1,chōng 充,,,0.9356773495674133,,,,,
173,2,充血(被动性),"Congestion, Congestive, Hyperemia (passive)",,0.9903478622436523,,,,,
173,3,急性,acute,R68.8,0.9591214060783386,,,,,
173,3,肠,intestine,K59.8,0.9684798121452332,,,,,
173,3,大脑,cerebral,I67.8,0.9368658065795898,,,,,
173,4,耳，内部,"ear, internal",H83.0,0.9552683234214783,,,,,
173,4,肺(另见水肿，肺),"lung, pulmonary (see also Edema, lung)",J81,0.969821572303772,,,,,
173,3,肝(活动性),liver (active),K76.8,0.9581637978553772,,,,,
173,3,肛门粘膜,anal mucosa,K62.8,0.957786500453949,,,,,
174,3,虹膜,iris,H21.1,0.8235597610473633,,,,,
174,3,结膜,conjunctiva,H11.4,0.5349599123001099,,,,,
174,4,眶,"orbit, orbital",,0.6839480996131897,,,,,
174,5,炎性,inflammatory,H05.0,0.9268817901611328,,,,,
174,3,迷路,labyrinth,H83.0,0.9133725762367249,,,,,
174,3,膀胱,bladder,N32.8,0.48589128255844116,,,,,
174,4,肾,"kidney, renal",N28.8,0.5245723724365234,,,,,
174,3,视网膜,retina,H35.8,0.9871935844421387,,,,,
174,3,胃,stomach,K31.8,0.4438229501247406,,,,,
174,3,小肠,enteric,K59.8,0.9574465155601501,,,,,
174,3,眼,eye,H11.4,0.5631106495857239,,,,,
174,3,眼睑(活动性),eyelid (active),H02.8,0.9901779294013977,,,,,
174,3,慢性,chronic,,0.6552330851554871,,,,,
174,4,肠,"bowel, intestine",K63.8,0.988274097442627,,,,,
174,3,肺(坠积性)(另见水肿，肺),"lung (hypostatic) (see also Edema, lung)",J81,0.937244713306427,,,,,
174,4,活动性或急性(另见肺炎),active or acute (see also Pneumonia),J18.2,0.9796343445777893,,,,,
174,4,肝,"hepatic, liver",K76.1,0.6181584000587463,,,,,
174,3,喉,larynx,J37.0,0.9011613130569458,,,,,
174,3,脊髓,spinal cord,G95.1,0.93883216381073,,,,,
174,3,精囊,seminal vesicle,N50.1,0.9707046747207642,,,,,
174,3,静脉,venous,I87.8,0.3172333836555481,,,,,
174,3,眶,"orbit, orbital",H05.2,0.6246618628501892,,,,,
174,4,炎性,inflammatory,H05.1,0.6600644588470459,,,,,
174,3,卵巢,ovary,N83.8,0.6566051840782166,,,,,
174,3,迷路,labyrinth,H83.8,0.5154751539230347,,,,,
174,3,面部，由于产伤,"facial, due to birth injury",P15.4,0.9365463852882385,,,,,
174,3,脑,brain,G93.8,0.9643826484680176,,,,,
174,3,内脏,viscera,R68.8,0.48165279626846313,,,,,
174,3,尿道,urethra,N36.8,0.9043707251548767,,,,,
174,3,膀胱,bladder,N32.8,0.501005232334137,,,,,
174,3,盆腔，女性,"pelvic, female",N94.8,0.9740559458732605,,,,,
174,3,脾,spleen,D73.2,0.7095985412597656,,,,,
174,4,气管-见气管炎,trachea - see Tracheitis,,0.9252536296844482,,,,,
174,3,前列腺(活动性),prostate (active),N42.1,0.7831892371177673,,,,,
174,3,全身性,general,R68.8,0.5612901449203491,,,,,
174,3,乳房,breast,N64.5,0.5389546155929565,,,,,
174,4,肾,"kidney, renal",N28.8,0.4148573875427246,,,,,
174,3,声门,glottis,J37.0,0.6111039519309998,,,,,
174,3,十二指肠,duodenum,K31.8,0.7166986465454102,,,,,
174,3,视网膜,retina,H35.8,0.49312371015548706,,,,,
175,3,胃,stomach,K31.8,0.9408550262451172,,,,,
175,3,心脏(另见衰竭，心力，充血性),"heart (see also Failure, heart, congestive)",I50.0,0.9554430842399597,,,,,
175,3,胸(另见水肿，肺),"chest (see also Edema, lung)",J81,0.967979371547699,,,,,
175,3,胸膜,pleural,J94.8,0.9697819948196411,,,,,
175,3,循环系NEC,circulatory NEC,I99,0.9413354992866516,,,,,
175,3,眼,eye,H11.4,0.960250973701477,,,,,
175,3,胰腺,pancreas,K86.8,0.9662050604820251,,,,,
175,3,支气管,bronchial,J98.0,0.953133761882782,,,,,
175,3,坠积性，肺(另见水肿，肺),"hypostatic, lung (see also Edema, lung)",J81,0.9809373021125793,,,,,
175,3,子宫,uterus,N85.8,0.9595210552215576,,,,,
175,1,chóng 虫,,,0.999964714050293,,,,,
175,2,虫霉病,Entomophthoromycosis,B46.8,0.9999849796295166,,,,,
175,2,虫蛀样足底,Worm-eaten soles,A66.3,0.999742865562439,,,,,
175,1,chóng 重,,,0.9999509453773499,,,,,
175,2,重叠,Overriding,,0.9976335763931274,,,,,
175,3,手指(后天性),finger (acquired),M20.0,0.9942014217376709,,,,,
175,4,先天性,congenital,Q68.1,0.9603056907653809,,,,,
175,3,脚趾(后天性),toe (acquired),M20.5,0.9763093590736389,,,,,
175,4,先天性,congenital,Q66.8,0.9362533688545227,,,,,
175,3,主动脉,aorta,Q25.4,0.9499033093452454,,,,,
175,2,重叠趾(后天性),Overlapping toe (acquired),M20.5,0.999130368232727,,,,,
175,3,先天性(第五趾),congenital (fifth toe),Q66.8,0.9762751460075378,,,,,
175,2,重复,Duplication,,0.9999793171882629,,,,,
175,3,染色体NEC,chromosome NEC,,0.961027979850769,,,,,
175,4,伴有复合体重排NEC,with complex rearrangements NEC,Q92.5,0.9857006072998047,,,,,
175,4,仅见于前中期,seen only at prometaphase,Q92.4,0.961340069770813,,,,,
175,2,重复畸形[双重]-另见副,"Duplex, duplication - see also Accessory",,0.9957756996154785,,,,,
175,3,肠(大)(小),intestine (large) (small),Q43.4,0.9704593420028687,,,,,
175,3,胆管(任何),biliary duct (any),Q44.5,0.9695774912834167,,,,,
175,3,胆囊管,cystic duct,Q44.5,0.9685500264167786,,,,,
175,3,额鼻突,frontonasal process,Q75.8,0.9688972234725952,,,,,
175,3,肝,liver,Q44.7,0.9477502107620239,,,,,
175,3,肛门,anus,Q43.4,0.9382202625274658,,,,,
175,3,呼吸器官NEC,respiratory organs NEC,Q34.8,0.9964966177940369,,,,,
175,3,脊髓(不完全),spinal cord (incomplete),Q06.8,0.9914809465408325,,,,,
175,3,阑尾(和盲肠),appendix (and cecum),Q43.4,0.9908196926116943,,,,,
175,3,盲肠(和阑尾),cecum (and appendix),Q43.4,0.9829896092414856,,,,,
176,3,膀胱,bladder,Q64.7,0.9583116173744202,,,,,
176,3,肾,kidney,Q63.0,0.9808882474899292,,,,,
176,3,食管,"esophagus, oesophagus",Q39.8,0.9903444051742554,,,,,
176,3,胎盘,placenta,O43.1,0.9519636631011963,,,,,
176,3,胃,stomach,Q40.2,0.9866580963134766,,,,,
176,3,涎腺管,salivary duct,Q38.4,0.9966944456100464,,,,,
176,3,消化道，消化器官NEC,"alimentary tract, digestive organs NEC",Q45.8,0.9923712611198425,,,,,
176,3,胰腺,pancreas,Q45.3,0.9814187288284302,,,,,
176,3,阴茎,penis,Q55.6,0.9787289500236511,,,,,
176,2,重排，染色体,"Rearrangement, chromosomal",,0.9999631643295288,,,,,
176,3,平衡,balanced (in),Q95.9,0.9870315790176392,,,,,
176,4,特指的NEC,specified NEC,Q95.8,0.9667990803718567,,,,,
176,4,异常个体中(常染色体),abnormal individual (autosomal),Q95.2,0.9815484285354614,,,,,
176,5,无性(常)染色体,non-sex (autosomal) chromosomes,Q95.2,0.9781190156936646,,,,,
176,5,性染色体或无性染色体,sex/non-sex chromosomes,Q95.3,0.9813540577888489,,,,,
176,2,重新放置避孕装置,"Reinsertion, contraceptive device",Z30.5,0.9823571443557739,,,,,
176,2,重新训练,Retraining,,0.9999362230300903,,,,,
176,3,日常生活活动NEC,activities of daily living NEC,Z50.8,0.9820603132247925,,,,,
176,1,chōu 抽,,,0.9171023368835449,,,,,
176,2,抽搐(特发性)-另见惊厥(另见发作),Convulsions (idiopathic) (see also Seizure(s)),R56.8,0.9754196405410767,,,,,
176,3,变性性(全身性)(局部性),degenerative (generalized) (localized),G25.6,0.9936389327049255,,,,,
176,4,面部,facial,G25.6,0.909876823425293,,,,,
176,3,额手鞠躬,salaam,R25.8,0.9867045879364014,,,,,
176,3,反射性,reflex,R25.8,0.9289260506629944,,,,,
176,3,分离性,dissociative,F44.5,0.9701336026191711,,,,,
176,3,肌阵挛(癫疯),myoclonic,G40.3,0.9425915479660034,,,,,
176,3,杰克逊(癫疯),jacksonian,G40.1,0.9215399622917175,,,,,
176,3,精神运动性,psychomotor,G40.2,0.9983291029930115,,,,,
176,3,麻痹性,paretic,A52.1,0.9704563021659851,,,,,
176,3,尿毒症性,uremic,N19,0.966976523399353,,,,,
176,3,破伤风，强直性(另见破伤风),"tetanus, tetanic (see also Tetanus)",A35,0.9844970703125,,,,,
176,3,器质性原因,organic origin,G25.6,0.9984709620475769,,,,,
176,3,替代症，腹部的,"equivalent, abdominal",G40.8,0.9979877471923828,,,,,
176,3,舞蹈病后,postchoreic,G25.6,0.9973258972167969,,,,,
176,3,药物性,drug-induced,G25.6,0.9993254542350769,,,,,
176,3,癔症性,hysterical,F44.5,0.9661909937858582,,,,,
177,2,抽动(障碍),Tic (disorder),F95.9,0.9998940825462341,,,,,
177,3,德拉图雷特[抽动秽语综合征],de la Tourette,F95.2,0.9809868931770325,,,,,
177,3,短暂性,transient,F95.0,0.9861504435539246,,,,,
177,3,发声和多种运动联合,combined vocal and multiple motor,F95.2,0.9986376762390137,,,,,
177,3,呼吸,breathing,F95.8,0.9566382169723511,,,,,
177,3,痉挛性,spasm,F95.9,0.9480132460594177,,,,,
177,3,轮匝肌,orbicularis,F95.8,0.9947707653045654,,,,,
177,3,慢性,chronic,,0.9611455798149109,,,,,
177,4,发声,vocal,F95.1,0.9136969447135925,,,,,
177,4,运动,motor,F95.1,0.9513436555862427,,,,,
177,3,特指的 NEC,specified NEC,F95.8,0.9060280919075012,,,,,
177,3,习惯性,habit,F95.9,0.977879524230957,,,,,
177,3,眼睑,eyelid,F95.8,0.9807175993919373,,,,,
177,3,职业性,occupational,F48.8,0.9520716667175293,,,,,
177,1,chòu 臭,,,0.9998744130134583,,,,,
177,2,臭鼻症,Ozena,J31.0,0.9565269947052002,,,,,
177,2,臭汗(症),"Bromhidrosis, Bromidrosis, Osmidrosis",L75.0,0.9555461406707764,,,,,
177,2,臭汗恐怖,Bromidrosiphobia,F40.2,0.9902480840682983,,,,,
177,1,chū 出,,,0.9998794794082642,,,,,
177,2,出汗过度,"Sweating, excessive",R61.9,0.9608587026596069,,,,,
177,2,出口 - 另见情况,Outlet - see also condition,,0.9525233507156372,,,,,
177,3,双，右心室(先天性),"double, right ventricle (congenital)",Q20.1,0.9786796569824219,,,,,
177,2,出生，娩出,Birth,,0.9990195035934448,,,,,
177,3,不成熟儿(在28和37整周之间),immature (between 28 and 37 completed weeks),P07.3,0.9842195510864258,,,,,
177,4,极度(小于28整周),extremely (less than 28 completed weeks),P07.2,0.9807873964309692,,,,,
177,3,产钳术，影响到胎儿或新生儿,"forceps, affecting fetus or newborn",P03.2,0.9972696900367737,,,,,
177,3,创伤-见出生，损伤,"trauma - see Birth, injury",,0.9715390801429749,,,,,
177,3,多胎，影响到胎儿或新生儿,"multiple, affecting fetus or newborn",P01.5,0.9980666637420654,,,,,
177,3,过期(42周或以上),post-term (42 weeks or more),P08.2,0.9831056594848633,,,,,
177,3,过早(婴儿)[早产儿],premature (infant),P07.3,0.9918727278709412,,,,,
177,3,急产，影响到胎儿或新生儿,"precipitate, affecting fetus or newborn",P03.5,0.973665714263916,,,,,
177,3,困难[难产]NEC，影响到胎儿或新生儿,"difficult NEC, affecting fetus or newborn",P03.9,0.9686497449874878,,,,,
177,3,麻痹，新生儿，NEC(产伤),"palsy or paralysis, newborn, NEC (birth injury)",P14.9,0.9907388687133789,,,,,
177,3,器械NEC，影响到胎儿或新生儿,"instrumental NEC, affecting fetus or newborn",P03.8,0.9863232970237732,,,,,
177,3,强迫NEC，影响到胎儿或新生儿,"forced NEC, affecting fetus or newborn",P03.8,0.985855221748352,,,,,
177,3,强迫或引产，影响到胎儿或新生儿,"forced or induced, affecting fetus or newborn",P03.8,0.9990319609642029,,,,,
177,3,缺乏照料，在分娩中或产后,"inattention, lack of care, at or after",T74.0,0.9909526109695435,,,,,
177,3,缺陷-见异常,defect - see Anomaly,,0.9882233738899231,,,,,
177,3,双胎，影响到胎儿或新生儿,"twin, affecting fetus or newborn",P01.5,0.9966335296630859,,,,,
178,3,损伤[产伤],injury [birth injury],P15.9,0.8653642535209656,,,,,
178,4,臂丛 NEC,brachial plexus NEC,P14.3,0.9242583513259888,,,,,
178,4,大脑出血,cerebral hemorrhage,P10.1,0.9388399124145508,,,,,
178,4,肝,liver,P15.0,0.9076006412506104,,,,,
178,4,睾丸,testes,P15.5,0.9471242427825928,,,,,
178,4,骨折,fracture,,0.8500109314918518,,,,,
178,5,长骨，除外股骨,"long bone, except femur",P13.3,0.9806711673736572,,,,,
178,5,肱骨,humerus,P13.3,0.9630253314971924,,,,,
178,5,骨,bone,P13.9,0.902410626411438,,,,,
178,6,特指的NEC,specified NEC,P13.8,0.9561873078346252,,,,,
178,5,股骨,femur,P13.2,0.9803915023803711,,,,,
178,5,脊柱,spine,P11.5,0.9716440439224243,,,,,
178,5,胫骨和腓骨,tibia and fibula,P13.3,0.9858970046043396,,,,,
178,5,颅,skull,P13.0,0.9100068211555481,,,,,
178,5,桡骨和尺骨,radius and ulna,P13.3,0.9838133454322815,,,,,
178,5,锁骨,clavicle,P13.4,0.966346025466919,,,,,
178,4,基底节,basal ganglia,P11.1,0.9727410078048706,,,,,
178,4,脊髓,spinal cord,P11.5,0.9561125636100769,,,,,
178,4,脊柱,spine,P11.5,0.9409117102622986,,,,,
178,4,裂伤,laceration,,0.9327782988548279,,,,,
178,5,被手术刀,by scalpel,P15.8,0.9753044247627258,,,,,
178,5,脑,brain,P10.1,0.9636181592941284,,,,,
178,5,周围神经,peripheral nerve,P14.9,0.9726805686950684,,,,,
178,4,颅NEC,skull NEC,P13.1,0.9619354009628296,,,,,
178,5,骨折,fracture,P13.0,0.9608443379402161,,,,,
178,4,颅内,intracranial,P11.2,0.9738215208053589,,,,,
178,5,裂伤或出血,laceration or hemorrhage,P10.9,0.9765177965164185,,,,,
178,6,特指的NEC,specified NEC,P10.8,0.958143413066864,,,,,
178,4,面部,face,P15.4,0.9491403698921204,,,,,
178,4,脑(压迫)(压力性),brain (compression) (pressure),P11.2,0.9168038368225098,,,,,
178,4,脑脊膜,meninges,,0.8955711126327515,,,,,
178,5,脊髓,spinal cord,P11.5,0.9506316781044006,,,,,
178,5,脑,brain,P11.1,0.9537642002105713,,,,,
178,4,脑幕撕裂,tentorial tear,P10.4,0.9958397150039673,,,,,
178,4,脑室内出血,intraventricular hemorrhage,P10.2,0.9540055990219116,,,,,
178,4,皮下脂肪坏死,subcutaneous fat necrosis,P15.6,0.9287521243095398,,,,,
178,4,脾,spleen,P15.1,0.9077713489532471,,,,,
178,4,神经,nerve,,0.8158633708953857,,,,,
178,5,臂丛,brachial plexus,P14.3,0.950069010257721,,,,,
178,5,膈(麻痹),phrenic (paralysis),P14.2,0.9283334612846375,,,,,
178,5,颅NEC(除外面部),cranial NEC (except facial),P11.4,0.967743992805481,,,,,
178,5,面部,facial,P11.3,0.9328126907348633,,,,,
178,5,周围,peripheral,P14.9,0.9108924865722656,,,,,
179,4,手术刀伤口,scalpel wound,P15.8,0.9221009016036987,,,,,
179,4,特指类型NEC,specified type NEC,P15.8,0.9629037976264954,,,,,
179,4,头皮,scalp,P12.9,0.9555800557136536,,,,,
179,4,外生殖器,external genitalia,P15.5,0.9856504797935486,,,,,
179,4,外阴,vulva,P15.5,0.9738196730613708,,,,,
179,4,小脑,cerebellum,P11.1,0.9534537196159363,,,,,
179,4,胸骨乳突的(血肿),sternomastoid (hematoma),P15.2,0.9898566007614136,,,,,
179,4,眼,eye,P15.3,0.9302070140838623,,,,,
179,4,阴茎,penis,P15.5,0.9671246409416199,,,,,
179,4,阴囊,scrotum,P15.5,0.989363968372345,,,,,
179,4,硬膜下出血,subdural hemorrhage,P10.0,0.9748948812484741,,,,,
179,4,中枢神经系统 NEC,central nervous system NEC,P11.9,0.963135302066803,,,,,
179,4,蛛网膜下出血,subarachnoid hemorrhage,P10.3,0.9803414344787598,,,,,
179,3,体重,weight,,0.9342655539512634,,,,,
179,4,4500克或以上,4500 grams or more,P08.0,0.9479303359985352,,,,,
179,4,低(在1000和2499克之间),low (between 1000 and 2499 grams),P07.1,0.9619369506835938,,,,,
179,5,极(999克或以下),extremely (999 grams or less),P07.0,0.9608672261238098,,,,,
179,3,吸杯，影响到胎儿或新生儿,"ventouse, affecting fetus or newborn",P03.3,0.9741560220718384,,,,,
179,3,休克，新生儿,"shock, newborn",P96.8,0.949400007724762,,,,,
179,3,延长，延迟(胎儿)，影响到胎儿或新生儿,"prolonged, delayed (fetus), affecting fetus or newborn",P03.8,0.9722216725349426,,,,,
179,3,异常的NEC，影响到胎儿或新生儿,"abnormal NEC, affecting fetus or newborn",P03.9,0.9875558614730835,,,,,
179,3,引产，影响到胎儿或新生儿,"induced, affecting fetus or newborn",P03.8,0.9724304676055908,,,,,
179,3,真空吸引器，影响到胎儿或新生儿,"vacuum extractor, affecting fetus or newborn",P03.3,0.985441267490387,,,,,
179,2,出血(性)(另见流血),"Hemorrhage, hemorrhagic (see also Bleeding)",R58,0.9998517632484436,,,,,
179,3,鼻,nose,R04.0,0.9510001540184021,,,,,
179,4,新生儿,newborn,P54.8,0.9821412563323975,,,,,
179,3,鼻后部,postnasal,R04.0,0.9406861066818237,,,,,
179,3,鼻甲,nasal turbinate,R04.0,0.9454288482666016,,,,,
179,4,新生儿,newborn,P54.8,0.9544464349746704,,,,,
179,3,扁桃体,tonsil,J35.8,0.9920361638069153,,,,,
179,3,扁桃体周组织,peritonsillar tissue,J35.8,0.9873432517051697,,,,,
179,4,感染引起的,due to infection,J36,0.9484136700630188,,,,,
179,3,病,disease,D69.9,0.9661615490913391,,,,,
179,4,胎儿或新生儿,fetus or newborn,P53,0.9896419644355774,,,,,
179,4,特指类型NEC,specified type NEC,D69.8,0.9704509377479553,,,,,
180,3,并发,complicating,,0.9690383672714233,,,,,
180,4,分娩,delivery,O67.9,0.8922447562217712,,,,,
180,5,影响到胎儿或新生儿,affecting fetus or newborn,P02,0.9418582916259766,,,,,
180,5,由于,due to,,0.8245193362236023,,,,,
180,6,创伤,trauma,O67.8,0.9461299180984497,,,,,
180,7,影响到胎儿或新生儿,affecting fetus or newborn,P03.8,0.9622423648834229,,,,,
180,6,低置胎盘,low-lying placenta,O44.1,0.9530935287475586,,,,,
180,7,影响到胎儿或新生儿,affecting fetus or newborn,P02.0,0.9662247896194458,,,,,
180,6,前置胎盘,placenta previa,O44.1,0.9586209058761597,,,,,
180,4,影响到胎儿或新生儿,affecting fetus or newborn,P02.0,0.9890655875205994,,,,,
180,6,胎盘过早剥离(另见胎盘早剥),premature separation of placenta (see also Abruptio placentae),O45.9,0.9936832189559937,,,,,
180,4,影响到胎儿或新生儿,affecting fetus or newborn,P02.1,0.991493821144104,,,,,
180,6,滞留的,retained,,0.8741318583488464,,,,,
180,7,产后物,secundines,O72.2,0.9434801936149597,,,,,
180,4,部分,partial,O72.2,0.9069414138793945,,,,,
180,7,妊娠产物,products of conception,O72.2,0.8585391044616699,,,,,
180,7,胎盘,placenta,O72.0,0.9338807463645935,,,,,
180,6,子宫平滑肌瘤,uterine leiomyoma,O67.8,0.9644493460655212,,,,,
180,4,影响到胎儿或新生儿,affecting fetus or newborn,P03.8,0.9697638154029846,,,,,
180,5,与凝血缺陷有关,associated with coagulation defect,O67.0,0.9955980181694031,,,,,
180,4,纤维蛋白原缺乏血症,afibrinogenemia,O67.0,0.9500839710235596,,,,,
180,5,影响到胎儿或新生儿,affecting fetus or newborn,P03.8,0.9382718205451965,,,,,
180,4,影响到胎儿或新生儿,affecting fetus or newborn,P03.8,0.947445273399353,,,,,
180,4,手术操作,surgical procedure,T81.0,0.9006452560424805,,,,,
180,4,异位妊娠或葡萄胎妊娠(随后发生),ectopic or molar pregnancy (subsequent episode),O08.1,0.9625972509384155,,,,,
180,3,玻璃体(液)(眼内)[玻璃体积血],vitreous (humor) (intraocular),H43.1,0.9861003160476685,,,,,
180,3,产前(另见出血，妊娠),"antepartum (see also Hemorrhage, pregnancy)",O46.9,0.9858477115631104,,,,,
180,4,伴有,with,,0.8272446990013123,,,,,
180,5,播散性血管内凝血,disseminated intravascular coagulation,O46.0,0.9909979104995728,,,,,
180,5,凝血缺陷,coagulation defect,O46.0,0.97495037317276,,,,,
180,5,纤维蛋白原缺乏血症,afibrinogenemia,O46.0,0.9591573476791382,,,,,
180,4,影响到胎儿或新生儿,affecting fetus or newborn,P02.1,0.984610378742218,,,,,
180,3,产后NEC(胎盘娩出后),"after delivery, postpartum NEC (following delivery of placenta)",O72.1,0.9847683310508728,,,,,
180,4,第三产程,third stage,O72.0,0.950325071811676,,,,,
180,4,胎盘滞留,retained placenta,O72.0,0.9574183821678162,,,,,
180,4,延迟性或继发性,delayed or secondary,O72.2,0.9654175639152527,,,,,
180,3,产褥期(另见出血，产后),"puerperal (see also Hemorrhage, postpartum)",O72.1,0.9894664287567139,,,,,
180,4,延迟性或继发性,delayed or secondary,O72.2,0.9707536697387695,,,,,
180,3,产时(另见出血，并发，分娩),"intrapartum (see also Hemorrhage, complicating, delivery)",O67.9,0.9684366583824158,,,,,
181,3,肠(道),"bowel,intestine",K92.2,0.9638266563415527,,,,,
181,4,新生儿,newborn,P54.3,0.9345972537994385,,,,,
181,3,肠系膜,mesentery,K66.1,0.9587884545326233,,,,,
181,4,新生儿,newborn,P54.3,0.9568634033203125,,,,,
181,3,创伤性-作为损伤，按类型和部位编码,"traumatic - code as Injury, by type and site",,0.9913339614868164,,,,,
181,4,复发性或继发性(在损伤的初期出血后发生的),recurrent or secondary (following initial hemorrhage at time of injury),T79.2,0.9650192260742188,,,,,
181,4,颅内,intracranial,S06.8,0.9785570502281189,,,,,
181,4,小脑,cerebellar,S06.8,0.9722821116447449,,,,,
181,3,垂体(腺),pituitary (gland),E23.6,0.9834889769554138,,,,,
181,3,卒中(发作)(另见出血，脑内),"apoplexy (stroke) (see also Hemorrhage, intracerebral)",I61.9,0.9759687185287476,,,,,
181,3,大脑(另见出血，脑内),"cerebral, cerebrum (see also Hemorrhage, intracerebral)",I61.9,0.9766180515289307,,,,,
181,4,胎儿或新生儿(缺氧性),fetus or newborn (anoxic),P52.4,0.9903745651245117,,,,,
181,5,产伤,birth injury,P10.1,0.9633013010025024,,,,,
181,4,叶,lobe,I61.1,0.9062522649765015,,,,,
181,3,第三产程(产后),third stage (postpartum),O72.0,0.9763010144233704,,,,,
181,3,动脉,artery,R58,0.9726177453994751,,,,,
181,4,脑(另见 出血，脑内),"brain (see also Hemorrhage, intracerebral)",I61.9,0.9630751013755798,,,,,
181,3,豆状核纹状体动脉,lenticular striate artery,I61.0,0.9938182830810547,,,,,
181,3,多肌炎-见多肌炎,polymyositis - see Polymyositis,,0.9818634390830994,,,,,
181,3,耳蜗,cochlea,H83.8,0.9503834247589111,,,,,
181,3,肺,"lung, pulmonary",R04.8,0.9942348003387451,,,,,
181,4,结核性-见结核，肺,"tuberculous - see Tuberculosis, pulmona",,0.9568883776664734,,,,,
181,4,新生儿,newborn,P26.9,0.977940559387207,,,,,
181,5,大量,massive,P26.1,0.9516319036483765,,,,,
181,5,结核性-见结核，,"tuberculous - see Tuberculosis, pulmonary",,0.9535549283027649,,,,,
181,5,特指的NEC,specified NEC,P26.8,0.9532431960105896,,,,,
181,3,肺泡内，新生儿,"intra-alveolar (lung), newborn",P26.8,0.9941442608833313,,,,,
181,3,分娩-见出血，并发，分娩,"childbirth, parturition - see Hemorrhage, complicating, delivery",,0.9853635430335999,,,,,
181,3,复发性创伤性，在损伤的初期出血后发生的,"recurrent traumatic, following initial hemorrhage at time of injury",T79.2,0.9988220930099487,,,,,
181,3,腹部,abdomen,R58,0.964806854724884,,,,,
181,3,腹膜,"peritoneum, peritoneal",K66.1,0.9882897734642029,,,,,
181,3,腹膜后,retroperitoneal,R58,0.9925493001937866,,,,,
181,3,腹膜内,intraperitoneal,K66.1,0.9742962121963501,,,,,
181,3,腹内,intra-abdominal,R58,0.9565411806106567,,,,,
181,3,肝,liver,K76.8,0.9628654718399048,,,,,
181,3,肛门(括约肌),anus (sphincter),K62.5,0.96890789270401,,,,,
181,3,睾丸,testis,N50.1,0.9826249480247498,,,,,
181,3,格拉夫卵泡囊肿(破裂),graafian follicle cyst (ruptured),N83.0,0.9898425936698914,,,,,
181,3,膈下,subdiaphragmatic,R58,0.9979836344718933,,,,,
182,3,宫颈(残端)NEC,cervix (uteri) (stump) NEC,N88.8,0.9644798040390015,,,,,
182,3,骨膜下,subperiosteal,M89.8,0.9956857562065125,,,,,
182,3,关节(非创伤性),joint (nontraumatic),M25.0,0.994000256061554,,,,,
182,3,过度，流产后或异位妊娠(随后发生),"excessive, following abortion or ectopic pregnancy (subsequent episode)",O08.1,0.98614102602005,,,,,
182,3,虹膜(感染后)(炎症后)(毒性),iris (postinfectional) (postinflammatory) (toxic),H21.0,0.9745170474052429,,,,,
182,3,后颅凹(非创伤性),posterior fossa (nontraumatic),I61.8,0.978644073009491,,,,,
182,4,胎儿或新生儿,fetus or newborn,P52.6,0.9526494741439819,,,,,
182,3,呼吸道,respiratory passage or tract,R04.9,0.9552209377288818,,,,,
182,4,特指的NEC,specified NEC,R04.8,0.9756916165351868,,,,,
182,3,黄体囊肿(破裂),corpus luteum (ruptured) cyst,N83.1,0.9922917485237122,,,,,
182,3,肌肉,muscle,M62.8,0.9914426207542419,,,,,
182,3,基底(神经节),basilar (ganglion),I61.0,0.9722769856452942,,,,,
182,3,脊(髓),spinal (cord),G95.1,0.9672187566757202,,,,,
182,4,胎儿或新生儿(产伤),fetus or newborn (birth injury),P11.5,0.987573504447937,,,,,
182,3,继发性(非创伤性),secondary (nontraumatic),R58,0.9738150238990784,,,,,
182,4,在损伤的初期出血后发生的,following initial hemorrhage at time of injury,T79.2,0.9888537526130676,,,,,
182,3,甲(指甲下的),nail (subungual),L60.8,0.9888386726379395,,,,,
182,3,甲状旁(腺)(自发性),parathyroid (gland) (spontaneous),E21.4,0.9664762020111084,,,,,
182,3,甲状腺(囊肿),thyroid (cyst) (gland),E07.8,0.9651618599891663,,,,,
182,3,结肠,colon,K92.2,0.991334855556488,,,,,
182,3,结核性NEC-见结核，肺,"tuberculous NEC - see Tuberculosis, pulmonary",,0.949367105960846,,,,,
182,3,结膜，结膜下,"conjunctiva, ubconjunctival",H11.3,0.9955083131790161,,,,,
182,4,产伤,birth injury,P15.3,0.9596675634384155,,,,,
182,4,新生儿,newborn,P54.8,0.9836161732673645,,,,,
182,3,结扎，血管,"ligature, vessel",T81.0,0.9901497960090637,,,,,
182,3,睫状体,ciliary body,H21.0,0.9970678091049194,,,,,
182,3,截肢残端(手术的),amputation stump (surgical),T81.0,0.9900498986244202,,,,,
182,4,继发性，延迟,"secondary, delayed",T87.6,0.9840723276138306,,,,,
182,3,经间期(规则),intermenstrual (regular),N92.3,0.9936157464981079,,,,,
182,4,不规则,irregular,N92.1,0.9618536233901978,,,,,
182,3,精囊,seminal vesicle,N50.1,0.9884498715400696,,,,,
182,3,精索,spermatic cord,N50.1,0.9817935228347778,,,,,
182,3,绝经后期,postmenopausal,N95.0,0.9749115705490112,,,,,
182,3,口腔,mouth,K13.7,0.9910011887550354,,,,,
182,3,眶,"orbit, orbital",H05.2,0.9972010850906372,,,,,
182,3,溃疡-作为溃疡，按部位，伴有出血编码,"ulcer - code as Ulcer, by site, with hemorrhage",K27.4,0.9856442213058472,,,,,
182,3,流产后(随后发生),following abortion (subsequent episode),O08.1,0.9759959578514099,,,,,
182,4,近期发生-见流产,current episode - see Abortion,,0.9512381553649902,,,,,
182,3,颅(另见出血，颅内),"cranial (see also Hemorrhage, intracranial)",I62.9,0.9793621301651001,,,,,
183,3,颅骨腱膜下(大量)，产伤,"epicranial subaponeurotic (massive), birth injury",P12.2,0.9714733958244324,,,,,
183,3,颅内(非创伤性),intracranial (nontraumatic),I62.9,0.9781608581542969,,,,,
183,4,产伤,birth injury,P10.9,0.9475666284561157,,,,,
183,4,创伤性,traumatic,S06.8,0.9517072439193726,,,,,
183,4,胎儿或新生儿,fetus or newborn,P52.9,0.9332084059715271,,,,,
183,5,特指的 NEC,specified NEC,P52.8,0.9539456963539124,,,,,
183,3,卵巢NEC,ovary NEC,N83.8,0.9273297786712646,,,,,
183,3,脉络膜(逐出性),choroid (expulsive),H31.3,0.9713630080223083,,,,,
183,3,盲肠,cecum,K92.2,0.9891166687011719,,,,,
183,3,毛细血管,capillary,I78.8,0.9356650114059448,,,,,
183,4,原发性,primary,D69.8,0.9545326828956604,,,,,
183,3,迷路,labyrinth,H83.8,0.961857259273529,,,,,
183,3,泌尿生殖(道)NEC,genitourinary (tract) NEC,R31,0.9688063859939575,,,,,
183,3,母体妊娠，影响到胎儿或新生儿,"maternal gestational, affecting fetus or newborn",P02.1,0.9946510195732117,,,,,
183,3,幕(创伤性)NEC,tentorium (traumatic) NEC,S06.8,0.9873027205467224,,,,,
183,4,非创伤性-见出血，硬膜下,"nontraumatic - see Hemorrhage, subdural",,0.9699617028236389,,,,,
183,4,胎儿或新生儿(产伤),fetus or newborn (birth injury),P10.4,0.9544931054115295,,,,,
183,3,幕下(另见出血，硬膜下),"subtentorial (see also Hemorrhage, subdural)",I62.0,0.962408185005188,,,,,
183,3,难免性(产前)(由于前置胎盘),unavoidable (antepartum) (due to placenta previa),O44.1,0.9024070501327515,,,,,
183,4,影响到胎儿或新生儿,affecting fetus or newborn,P02.0,0.9706332087516785,,,,,
183,3,脑(脑干)(粟粒性)(非创伤性),brain (brainstem) (miliary) (nontraumatic),I61.9,0.9704922437667847,,,,,
183,4,产褥期、产后或妊娠分娩期,"puerperal, postpartum or in childbirth or pregnancy",O99.4,0.9699281454086304,,,,,
183,4,创伤性,traumatic,S06.8,0.9374504089355469,,,,,
183,4,胎儿或新生儿,fetus or newborn,P52.4,0.9797214269638062,,,,,
183,5,产伤,birth injury,P10.1,0.9458898305892944,,,,,
183,4,硬膜外(创伤性),epidural or extradural (traumatic),S06.4,0.9865098595619202,,,,,
183,4,硬膜下-见出血，硬膜下,"subdural - see Hemorrhage, subdural",,0.9614318013191223,,,,,
183,4,由于,due to,,0.7772748470306396,,,,,
183,5,产伤,birth injury,P10.1,0.9675739407539368,,,,,
183,5,动脉瘤破裂(先天性)(另见出血，蛛网膜下),"rupture of aneurysm (congenital) (see also Hemorrhage, subarachnoid)",I60.9,0.9106868505477905,,,,,
183,5,梅毒,syphilis,A52.0+ I68.8*,0.9450622797012329,,,,,
183,4,蛛网膜下-见出血，蛛网膜下,"subarachnoid - see Hemorrhage, subarachnoid",,0.9669272899627686,,,,,
183,3,脑脊膜，(中)(脑)(脊)膜,"meninges, meningeal (brain) (middle)",I60.8,0.9685456156730652,,,,,
183,4,脊-见出血，脊髓,"spinal cord - see Hemorrhage, spinal cord",,0.9206017255783081,,,,,
183,3,脑脊髓(另见出血，脑内),"cerebrospinal (see also Hemorrhage, intracerebral)",I61.9,0.9792265295982361,,,,,
183,3,脑膜,membrane (brain),I60.8,0.9705730080604553,,,,,
183,4,脊-见出血，脊髓,"spinal cord - see Hemorrhage, spinal cord",,0.912805438041687,,,,,
183,3,脑脑膜,cerebromeningeal,I61.8,0.9969125986099243,,,,,
184,3,脑内(非创伤性),intracerebral (nontraumatic),I61.9,0.9718262553215027,,,,,
184,4,并发于妊娠、分娩或产褥期,"complicating pregnancy, childbirth or puerperium",O99.4,0.9557549357414246,,,,,
184,4,创伤性(弥漫性),traumatic (diffuse),S06.2,0.991238534450531,,,,,
184,5,局部,focal,S06.3,0.924331545829773,,,,,
184,4,多处局部,multiple localized,I61.6,0.9395439624786377,,,,,
184,4,见于,in,,0.845099687576294,,,,,
184,4,半球,hemisphere,I61.2,0.9491639733314514,,,,,
184,3,皮层下,subcortical,I61.0,0.9025246500968933,,,,,
184,3,皮质,cortical,I61.1,0.9587334990501404,,,,,
184,5,脑干,brain stem,I61.3,0.9580528736114502,,,,,
184,4,小脑,cerebellum,I61.4,0.9547290802001953,,,,,
184,3,脑室内,intraventricular,I61.5,0.9543387293815613,,,,,
184,4,浅表性,superficial,I61.1,0.9685494303703308,,,,,
184,4,深部,deep,I61.0,0.9342449307441711,,,,,
184,4,胎儿或新生儿,fetus or newborn,P52.4,0.9634522199630737,,,,,
184,5,产伤,birth injury,P10.1,0.9853394031524658,,,,,
184,4,特指的NEC,specified NEC,I61.8,0.9700398445129395,,,,,
184,3,脑桥，脑桥内,"pons, pontine, intrapontine",I61.3,0.9894159436225891,,,,,
184,3,脑上部灰质炎,"polioencephalitis, superior",E51.2+ G32.8*,0.9841241240501404,,,,,
184,3,脑室，脑室内,"ventricular, intraventricular",I61.5,0.9893506765365601,,,,,
184,4,胎儿或新生儿(非创伤性),fetus or newborn (nontraumatic),P52.3,0.9743390083312988,,,,,
184,5,产伤,birth injury,P10.2,0.9337727427482605,,,,,
184,3,度,grade,,0.922960102558136,,,,,
184,4,I,I,P52.0,0.9638670086860657,,,,,
184,4,Ⅱ,II,P52.1,0.8203965425491333,,,,,
184,5,Ⅲ,Ⅲ,P52.2,0.8636086583137512,,,,,
184,3,脑血管(另见出血，脑内),"cerebrovascular (see also Hemorrhage, intracerebral)",I61.9,0.9905173182487488,,,,,
184,4,创伤性,traumatic,S06.2 I61.9,0.9652185440063477,,,,,
184,3,内部(器官)NEC,internal (organs) NEC,R58,0.9330081939697266,,,,,
184,4,耳,ear,H83.8,0.9362659454345703,,,,,
184,4,囊(脑),capsule,I61.0,0.9111210107803345,,,,,
184,4,新生儿,newborn,P54.8,0.9919739961624146,,,,,
184,3,内脏NEC,viscera NEC,R58,0.9446161389350891,,,,,
184,4,新生儿,newborn,P54.8,0.982012927532196,,,,,
184,3,粘膜NEC,mucous membrane NEC,R58,0.9984332919120789,,,,,
184,4,新生儿,newborn,P54.8,0.9563758373260498,,,,,
184,3,尿道(特发性),urethra (idiopathic),N36.8,0.9827150702476501,,,,,
184,3,膀胱，膀胱内,"bladder, vesical, intravesical",N32.8,0.9859459400177002,,,,,
184,3,肺泡,alveolar,,0.659071147441864,,,,,
184,4,肺，新生儿,"lung, newborn",P26.8,0.9781287312507629,,,,,
185,3,盆腔内,intrapelvic,,0.9660941958427429,,,,,
185,4,男性,male,K66.1,0.9444929957389832,,,,,
185,4,女性,female,N94.8,0.9430825114250183,,,,,
185,3,皮层下(脑),subcortical (brain),I61.0,0.9625864624977112,,,,,
185,3,皮肤,"cutaneous, skin",R23.3,0.9689202904701233,,,,,
185,4,红细胞自身致敏作用引起的,"due to autosensitivity, erythrocyte",D69.2,0.9847924113273621,,,,,
185,4,胎儿或新生儿,fetus or newborn,P54.5,0.9576621055603027,,,,,
185,3,皮下,subcutaneous,R23.3,0.9752573370933533,,,,,
185,3,皮质(脑),cortical (brain),I61.1,0.9546148777008057,,,,,
185,3,脾,spleen,D73.5,0.9652748703956604,,,,,
185,3,贫血性(慢性),anemia (chronic),D50.0,0.9755207300186157,,,,,
185,4,急性,acute,D62,0.8686316609382629,,,,,
185,3,脐,"funis, umbilicus, umbilical",,0.9978682994842529,,,,,
185,4,残端,stump,P51.9,0.970309317111969,,,,,
185,4,带,cord,,0.8689422607421875,,,,,
185,5,并发于分娩,complicating delivery,O69.5,0.980181872844696,,,,,
185,5,产后，新生儿,"after birth, newborn",P51.9,0.9524818658828735,,,,,
185,5,胎儿，自断裂脐带处,"fetus, from ruptured cord",P50.1,0.9729050993919373,,,,,
185,4,新生儿,newborn,P51.9,0.9577137231826782,,,,,
185,5,大量,massive,P51.0,0.9298815727233887,,,,,
185,5,结扎滑脱,slipped ligature,P51.8,0.9743061661720276,,,,,
185,3,气管，气管内-见出血，,"trachea, endotracheal - see Hemorrhage, lung",,0.9915863871574402,,,,,
185,3,气管支气管,tracheobronchial,R04.8,0.9337376952171326,,,,,
185,4,新生儿,newborn,P26.0,0.9711494445800781,,,,,
185,3,前房(眼),"chamber, anterior (eye)",H21.0,0.9813376665115356,,,,,
185,3,前列腺,prostate,N42.1,0.9620484113693237,,,,,
185,3,鞘膜,tunica vaginalis,N50.1,0.980374276638031,,,,,
185,3,妊娠-另见出血，产前,"pregnancy - see also Hemorrhage, antepartum",,0.9948314428329468,,,,,
185,4,难免性-见出血，妊娠，由于，前置胎盘,"unavoidable - see Hemorrhage, pregnancy, due to, placenta previa",,0.9695812463760376,,,,,
185,4,以前的，影响妊娠和分娩的处理,"previous, affecting management of pregnancy, childbirth",Z35.2,0.9956469535827637,,,,,
185,3,妊娠-另见出血，产前,"pregnancy - see also Hemorrhage, antepartum",,0.978101909160614,,,,,
185,4,由于,due to,,0.8111100792884827,,,,,
185,5,创伤，影响到胎儿或新生儿,"trauma, affecting fetus or newborn",P02.1,0.9752438068389893,,,,,
185,5,平滑肌瘤，子宫,"leiomyoma, uterus",O46.8,0.9432839155197144,,,,,
185,6,影响到胎儿或新生儿,affecting fetus or newborn,P02.1,0.9675129055976868,,,,,
185,5,前置胎盘,placenta previa,O44.1,0.9791589975357056,,,,,
185,6,影响到胎儿或新生儿,affecting fetus or newborn,P02.0,0.9533157348632812,,,,,
185,5,胎盘早剥,abruptio placentae,O45.9,0.9596325755119324,,,,,
185,6,影响到胎儿或新生儿,affecting fetus or newborn,P02.1,0.9938444495201111,,,,,
186,6,胎盘早期剥离(正常植入的)-另见胎盘早剥,premature separation of placenta (normally implanted) (see also Abruptio placentae),O45.9,0.9744590520858765,,,,,
186,4,影响到胎儿或新生儿,affecting fetus or newborn,P02.1,0.96583491563797,,,,,
186,5,先兆流产,threatened abortion,O20.0,0.9734739065170288,,,,,
186,4,影响到胎儿或新生儿,affecting fetus or newborn,P02.1,0.9833943843841553,,,,,
186,5,纤维蛋白原缺乏血症或其他凝血缺陷(在类目D65-D68中的情况),"afibrinogenemia, or other coagulation defect (conditions in category D65-D68)",O46.0,0.9922489523887634,,,,,
186,4,影响到胎儿或新生儿,affecting fetus or newborn,P02.1,0.9651591181755066,,,,,
186,4,早期,early,O20.9,0.8937817811965942,,,,,
186,5,影响到胎儿或新生儿,affecting fetus or newborn,P02.1,0.9760518670082092,,,,,
186,3,乳房,breast,N64.5,0.9918054938316345,,,,,
186,3,乳头,nipple,N64.5,0.9861104488372803,,,,,
186,3,舌,tongue,K14.8,0.9774450659751892,,,,,
186,3,肾,kidney,N28.8,0.9772412180900574,,,,,
186,3,肾上腺,"adrenal, suprarenal (capsule) (gland)",E27.4,0.9851629734039307,,,,,
186,4,髓质,medulla,E27.8,0.9528583288192749,,,,,
186,4,新生儿,newborn,P54.4,0.9530893564224243,,,,,
186,3,肾性[血尿],renal,R31,0.9477705955505371,,,,,
186,3,十二指肠,"duodenum, duodenal",K92.2,0.9935052394866943,,,,,
186,4,溃疡-见溃疡，十二指肠，伴有，出血,"ulcer - see Ulcer, duodenum, with hemorrhage",,0.9691782593727112,,,,,
186,3,食管,esophagus,K22.8,0.9794569611549377,,,,,
186,4,静脉曲张,varix,I85.0,0.9630277156829834,,,,,
186,3,视神经(鞘),optic nerve (sheath),H47.0,0.9848435521125793,,,,,
186,3,视网膜(血管),"retina, retinal (vessels)",H35.6,0.9748134613037109,,,,,
186,4,糖尿病性(另见E10-E14伴有第四位数.3),diabetic (see also E10-E14 with fourth character.3),E14.3+ H36.0*,0.9548832774162292,,,,,
186,3,视网膜前，视网膜下,"preretinal, subretinal",H35.6,0.9881884455680847,,,,,
186,3,室管膜下,subependymal,,0.9739357233047485,,,,,
186,4,胎儿或新生儿,fetus or newborn,P52.0,0.9663394689559937,,,,,
186,5,伴有脑室内扩散,with intraventricular extension,P52.1,0.9842775464057922,,,,,
186,6,和大脑内扩散,and intracerebral extension,P52.2,0.9759443402290344,,,,,
186,3,手术后,postoperative,T81.0,0.9553302526473999,,,,,
186,3,输精管,vas deferens,N50.1,0.9970263242721558,,,,,
186,3,输卵管,"fallopian tube, oviduct",N83.6,0.9570896625518799,,,,,
186,3,素质(家族性),diathesis (familial),D69.9,0.9860848188400269,,,,,
186,3,髓内 NEC,intramedullary NEC,G95.1,0.9540449380874634,,,,,
186,3,髓质,medulla,I61.3,0.9562941789627075,,,,,
187,3,胎儿(特指部位NEC),"fetal, fetus (specified sites NEC)",P50.9,0.986740231513977,,,,,
187,4,进入,into,,0.8542352914810181,,,,,
187,5,母体循环,maternal circulation,P50.4,0.9897282123565674,,,,,
187,6,影响妊娠处理或产褥期,affecting management of pregnancy or puerperium,O43.0,0.9630829691886902,,,,,
187,5,双胎之另一胎儿,co-twin,P50.3,0.9819003939628601,,,,,
187,4,特指的NEC,specified NEC,P50.8,0.9643687009811401,,,,,
187,4,自,from,,0.8908044695854187,,,,,
187,5,断裂的脐带,ruptured cord,P50.1,0.9911097288131714,,,,,
187,5,双胎脐带断端,cut end of co-twin's cord,P50.5,0.9764778017997742,,,,,
187,5,胎盘,placenta,P50.2,0.9421719312667847,,,,,
187,5,血管前置,vasa previa,P50.0,0.9899337291717529,,,,,
187,3,胎儿-母体,fetal-maternal,P50.4,0.9952782392501831,,,,,
187,4,影响妊娠处理或产褥期,affecting management of pregnancy or puerperium,O43.0,0.9239711761474609,,,,,
187,3,胎盘NEC,placenta NEC,O46.8,0.9952344298362732,,,,,
187,4,产前,antepartum,O46.8,0.9157366156578064,,,,,
187,4,产时,intrapartum,O67.8,0.8870172500610352,,,,,
187,4,前置,previa,O44.1,0.9164205193519592,,,,,
187,5,影响到胎儿或新生儿,affecting fetus or newborn,P02.0,0.9626700282096863,,,,,
187,4,影响到胎儿或新生儿,affecting fetus or newborn,P02.1,0.9894475936889648,,,,,
187,4,由于手术或器械的损伤,from surgical or instrumental damage,O46.8,0.9731976985931396,,,,,
187,5,产前,antepartum,O46.8,0.9550468325614929,,,,,
187,5,产时,intrapartum,O67.8,0.9486257433891296,,,,,
187,5,影响到胎儿或新生儿,affecting fetus or newborn,P02,0.9806365966796875,,,,,
187,3,头皮,scalp,R58,0.9911428093910217,,,,,
187,3,透明膜[玻璃膜]下,subhyaloid,H35.6,0.9840286374092102,,,,,
187,3,外阴,vulva,N90.8,0.9858599305152893,,,,,
187,3,网膜,omentum,K66.1,0.9278694987297058,,,,,
187,3,胃,"gastric, stomach",K92.2,0.9919271469116211,,,,,
187,4,溃疡-见溃疡，胃，伴有，出血,"ulcer - see Ulcer, stomach, with hemorrhage",,0.957121729850769,,,,,
187,4,新生儿,newborn,P54.3,0.988217294216156,,,,,
187,3,胃肠(道),"gastroenteric, gastrointestinal (tract)",K92.2,0.9878694415092468,,,,,
187,4,新生儿,newborn,P54.3,0.9924412965774536,,,,,
187,3,膝(关节)(非创伤性),knee (joint) (nontraumatic),M25.0,0.9639018774032593,,,,,
187,3,纤维蛋白溶解性(后天性)(另见纤维蛋白溶解),fibrinolytic (acquired) (see also Fibrinolysis),D65,0.9925639629364014,,,,,
187,3,纤维蛋白原溶解(另见纤维蛋白溶解),fibrinogenolysis (see also Fibrinolysis),D65,0.9891732931137085,,,,,
187,3,腺样体,adenoid,J35.8,0.9657922983169556,,,,,
187,3,小脑(内)(非创伤性),"cerebellar, cerebellum, intracerebellar (nontraumatic)",I61.4,0.9837827682495117,,,,,
187,4,创伤性,traumatic,S06.8,0.9748236536979675,,,,,
187,4,胎儿或新生儿,fetus or newborn,P52.6,0.9226831793785095,,,,,
187,3,心包炎,"pericardium, pericarditis",I31.2,0.9516044855117798,,,,,
187,4,风湿性,rheumatic,I09.2,0.9751846194267273,,,,,
188,3,心脏(另见心炎),heart (see also Carditis),I51.8,0.9685148000717163,,,,,
188,3,新生儿,newborn,P54.9,0.9638217687606812,,,,,
188,4,特指的 NEC,specified NEC,P54.8,0.9572392702102661,,,,,
188,3,胸(腺),thymus (gland),E32.8,0.9821633696556091,,,,,
188,3,·一胸部-见出血，肺,"thorax - see Hemorrhage, lung",,0.9579582214355469,,,,,
188,3,胸膜-见出血；肺,"pleura - see Hemorrhage, lung",,0.9231845140457153,,,,,
188,3,血管前置,vasa previa,O69.4,0.9702804088592529,,,,,
188,4,影响到胎儿或新生儿,affecting fetus or newborn,P50.0,0.9372246265411377,,,,,
188,3,牙槽,"alveolar, alveolus",K08.8,0.9706506133079529,,,,,
188,4,突,process,K08.8,0.9658895134925842,,,,,
188,3,牙龈,gingiva,K06.8,0.922931969165802,,,,,
188,3,咽喉,throat,R04.1,0.9426723718643188,,,,,
188,3,咽下部(咽喉),hypopharyngeal (throat),R58,0.9862790107727051,,,,,
188,3,延迟性,delayed,,0.9578397274017334,,,,,
188,4,产后,postpartum,O72.2,0.9181483387947083,,,,,
188,4,后,following,,0.8212065696716309,,,,,
188,5,流产(随后发生),abortion (subsequent episode),O08.1,0.9544026851654053,,,,,
188,5,异位妊娠或葡萄胎妊娠C,ectopic or molar pregnancy,O08.1,0.9620827436447144,,,,,
188,3,延髓性,bulbar,I61.5,0.9443531036376953,,,,,
188,3,眼NEC,eye NEC,H57.8,0.9665490984916687,,,,,
188,4,底,fundus,H35.6,0.9118883609771729,,,,,
188,3,眼内,intraocular,H44.8,0.9837347865104675,,,,,
188,3,眼球,globe (eye),H44.8,0.9914854764938354,,,,,
188,3,胰腺,pancreas,K86.8,0.97077476978302,,,,,
188,3,意外的产前,accidental antepartum,O46.9,0.9947811365127563,,,,,
188,4,影响到胎儿或新生儿,affecting fetus or newborn,P02.1,0.9907175898551941,,,,,
188,3,阴道(异常的),vagina (abnormal),N93.9,0.9890514612197876,,,,,
188,4,新生儿,newborn,P54.6,0.9759792685508728,,,,,
188,3,阴茎,penis,N48.8,0.9567844271659851,,,,,
188,3,阴囊,scrotum,N50.1,0.959531307220459,,,,,
188,3,龈,gum,K06.8,0.9900239706039429,,,,,
188,3,隐匿性NEC,concealed NEC,R58,0.9597421288490295,,,,,
188,3,硬膜外(创伤性),"epidural, extradural (traumatic)",S06.4,0.9933380484580994,,,,,
188,4,产伤,birth injury,P10.8,0.9592811465263367,,,,,
188,4,非创伤性,nontraumatic,I62.1,0.965634822845459,,,,,
188,4,胎儿或新生儿(缺氧性)(非创伤性),fetus or newborn (anoxic) (nontraumatic),P52.8,0.977351188659668,,,,,
188,3,硬膜下(急性)(非创伤性),subdural (acute) (nontraumatic),I62.0,0.9573007822036743,,,,,
188,4,产伤,birth injury,P10.0,0.9359037280082703,,,,,
188,4,创伤性,traumatic,S06.5,0.9828140139579773,,,,,
188,5,脊髓,spinal,G95.1,0.9652370810508728,,,,,
188,5,胎儿或新生儿(缺氧性),fetus or newborn (anoxic) (hypoxic),P52.8,0.9711300730705261,,,,,
188,5,产伤,birth injury,P10.0,0.9861489534378052,,,,,
189,3,硬脑脊膜-见出血，硬膜下,"dura mater - see Hemorrhage, subdural",,0.9891790151596069,,,,,
189,3,由于或与...有关,due to or associated with,,0.9818112254142761,,,,,
189,4,纤维蛋白原缺乏血症或其他凝血缺陷(类目D65-D69中的情况),afibrinogenemia or other coagulation defect (conditions in category D65-D69),,0.9698992967605591,,,,,
189,5,产前,antepartum,O46.0,0.9055922627449036,,,,,
189,5,产时,intrapartum,O67.0,0.9181369543075562,,,,,
189,4,装置、植入物或移植物(另见并发症，按部位和类型)导管 NEC,"device, implant or graft (see also Complications, by site and type), catheter NEC",T85.8,0.9340489506721497,,,,,
189,5,泌尿系(留置),urinary (indwelling),T83.8,0.9546827077865601,,,,,
189,3,输注 NEC,infusion NEC,T82.8,0.9788768291473389,,,,,
189,3,脊髓(硬膜外)(硬膜下),spinal (epidural) (subdural),T85.8,0.9623662829399109,,,,,
189,3,透析(肾),dialysis (renal),T82.8,0.964153528213501,,,,,
189,3,腹膜内,intraperitoneal,T85.8,0.9690648317337036,,,,,
189,5,电(极)(脉冲发生器)(刺激器),electronic (electrode) (pulse generator) (stimulator),,0.9921798706054688,,,,,
189,6,骨,bone,T84.8,0.9563713669776917,,,,,
189,6,泌尿系,urinary,T83.8,0.9546530246734619,,,,,
189,6,神经系统(脑)(周围神经)(脊髓),nervous system (brain) (peripheral nerve) (spinal),T85.8,0.9891951680183411,,,,,
189,6,心脏,cardiac,T82.8,0.9549041390419006,,,,,
189,4,动脉移植物 NEC,arterial graft NEC,T82.8,0.9615064263343811,,,,,
189,5,关节假体,joint prosthesis,T84.8,0.989835798740387,,,,,
189,4,矫形外科 NEC,orthopedic NEC,T84.8,0.9562813639640808,,,,,
189,4,泌尿系 NEC,urinary NEC,T83.8,0.9666784405708313,,,,,
189,4,脑室颅内分流,ventricular intracranial shunt,T85.8,0.9810529947280884,,,,,
189,5,内固定(矫形外科) NEC NEC,"fixation, internal (orthopedic) NEC",T84.8,0.9625545144081116,,,,,
189,4,乳房,breast,T85.8,0.9624556303024292,,,,,
189,4,生殖系NEC,genital NEC,T83.8,0.9292004704475403,,,,,
189,5,特指的 NEC,specified NEC,T85.8,0.9250556230545044,,,,,
189,5,胃肠(胆管)(食管),gastrointestinal (bile duct) (esophagus),T85.8,0.9696013331413269,,,,,
189,5,心脏 NEC,heart NEC,T82.8,0.9199920892715454,,,,,
189,5,血管NEC,vascular NEC,T82.8,0.9566127061843872,,,,,
189,5,眼(角膜移植物)(眶植入物)NEC,ocular (corneal graft) (orbital implant) NEC,T85.8,0.9819110035896301,,,,,
189,3,瘀点,petechial,R23.3,0.9211665391921997,,,,,
189,4,由于自身致敏作用，红细胞,"due to autosensitivity, erythrocyte",D69.2,0.9728615283966064,,,,,
189,3,支气管-见出血，肺,"bronchial tube, bronchus - see Hemorrhage, lung",,0.9742200970649719,,,,,
189,3,支气管肺-见出血，肺,"bronchopulmonary - see Hemorrhage, lung",,0.9952577352523804,,,,,
189,3,直肠(括约肌),rectum (sphincter),K62.5,0.9917638897895813,,,,,
189,4,新生儿,newborn,P54.2,0.9535112380981445,,,,,
189,3,指甲下,subungual,L60.8,0.9892924427986145,,,,,
189,3,蛛网膜-见出血，蛛网膜,"arachnoid - see Hemorrhage, subarachnoid",,0.9781432747840881,,,,,
190,3,蛛网膜下(非创伤性),subarachnoid (nontraumatic),I60.9,0.9754432439804077,,,,,
190,4,产褥期、产后或妊娠分娩期,"puerperal, postpartum or in childbirth or pregnancy",O99.4,0.9750118255615234,,,,,
190,4,创伤性,traumatic,S06.6,0.9536406993865967,,,,,
190,4,胎儿或新生儿,fetus or newborn,P52.5,0.9810006022453308,,,,,
190,5,产伤,birth injury,P10.3,0.9894466400146484,,,,,
190,4,特指的NEC,specified NEC,I60.8,0.9299314618110657,,,,,
190,4,自,from,,0.8989757299423218,,,,,
190,5,多条颅内动脉,multiple intracranial arteries,I60.6,0.9622767567634583,,,,,
190,5,海绵窦,cavernous sinus,I60.8,0.9771707653999329,,,,,
190,5,后交通动脉,posterior communicating artery,I60.3,0.9794348478317261,,,,,
190,5,基底动脉,basilar artery,I60.4,0.9752219915390015,,,,,
190,5,颈动脉弯管和权,carotid siphon and bifurcation,I60.0,0.9351155161857605,,,,,
190,5,颅内动脉,intracranial artery,I60.7,0.966770589351654,,,,,
190,6,特指的 NEC,specified NEC,I60.6,0.9586211442947388,,,,,
190,5,前交通动脉,anterior communicating artery,I60.2,0.9792582988739014,,,,,
190,5,中,middle,,0.5844430327415466,,,,,
190,6,脑动脉,cerebral artery,I60.1,0.9586979150772095,,,,,
190,6,脑膜动脉,meningeal artery,I60.8,0.9724955558776855,,,,,
190,5,椎动脉,vertebral artery,I60.5,0.9857835173606873,,,,,
190,3,子宫(异常的),"uterus, uterine (abnormal)",N93.9,0.9592905640602112,,,,,
190,4,并发于分娩 - 见 出血，并发，分娩,"complicating delivery - see Hemorrhage, complicating, delivery",,0.9161491394042969,,,,,
190,4,产后-见出血，产后,"postpartum - see Hemorrhage, postpartum",,0.9637618660926819,,,,,
190,4,更年期,climacteric,N92.4,0.9830986261367798,,,,,
190,4,更年前期或绝经前期,preclimacteric or premenopausal,N92.4,0.9743955135345459,,,,,
190,4,功能障碍性或功能性,dysfunctional or functional,N93.8,0.9870813488960266,,,,,
190,4,经间期(规则),intermenstrual (regular),N92.3,0.9905023574829102,,,,,
190,5,不规则,irregular,N92.1,0.9765735268592834,,,,,
190,4,绝经后期,postmenopausal,N95.0,0.9641067385673523,,,,,
190,4,青春期,pubertal,N92.2,0.9678142070770264,,,,,
190,4,青春期前,prepubertal,N93.8,0.9705182909965515,,,,,
190,3,子宫内,intrauterine,N85.7,0.9804507493972778,,,,,
190,4,并发于分娩(另见出血，并发，分娩),"complicating delivery (see also Hemorrhage, complicating, delivery)",O67.9,0.9437246918678284,,,,,
190,4,产后-见出血，产后,"postpartum - see Hemorrhage, postpartum",,0.9427009224891663,,,,,
190,3,子宫炎(另见子宫内膜炎),metritis (see also Endometritis),N71.9,0.9931043982505798,,,,,
190,3,紫癜(原发性),purpura (primary),D69.3,0.9906582832336426,,,,,
190,3,自,from,,0.9168060421943665,,,,,
190,4,耳(非创伤性),ear (nontraumatic),H92.2,0.9790632128715515,,,,,
190,4,气管造口术吻合口,tracheostomy stoma,J95.0,0.9737899303436279,,,,,
190,3,纵隔-见出血，肺,"mediastinum - see Hemorrhage, lung",,0.9716699719429016,,,,,
191,2,出血，经间期NEC(规则),"Spotting, intermenstrual NEC (regular)",N92.3,0.9742656350135803,,,,,
191,3,不规则,irregular,N92.1,0.951148509979248,,,,,
191,2,出血、凝血或凝血酶原时间延长(另见缺陷，凝血),"Prolongation of bleeding, coagulation or prothrombin time (see also Defect, coagulation)",D68.9,0.9918864965438843,,,,,
191,2,出血性白细胞缺乏症,Aleukia hemorrhagica,D61.9,0.9999498128890991,,,,,
191,2,出血性脊髓炎,Hematomyelitis,G04.9,0.9727045893669128,,,,,
191,2,出牙[萌牙](综合征),Dentition (syndrome),K00.7,0.9790233373641968,,,,,
191,3,过早,premature,K00.6,0.9952473044395447,,,,,
191,3,困难,difficult,K00.7,0.9816417694091797,,,,,
191,3,延迟,"delayed, retarded",K00.6,0.9964753985404968,,,,,
191,3,早,precocious,K00.6,0.9962940216064453,,,,,
191,2,出狱引起的焦虑,"Release from prison, anxiety concerning",Z65.2,0.9983984231948853,,,,,
191,1,chū 初,,,0.9999669194221497,,,,,
191,2,初产妇，初孕妇,"Primipara, Primigravida",,0.9990280866622925,,,,,
191,3,高龄，影响妊娠、产程和分娩的处理(仅为监督),"elderly, affecting management of pregnancy, labor and delivery (supervision only)",Z35.5,0.9923725128173828,,,,,
191,3,极年轻，影响妊娠、产程和分娩的处理(仅为监督),"very young, affecting management of pregnancy, labor and delivery (supervision only)",Z35.6,0.958301305770874,,,,,
191,2,初期脊椎前移(先天性),Prespondylolisthesis (congenital),Q76.2,0.9784918427467346,,,,,
191,1,chú 除,,,0.9997859597206116,,,,,
191,2,除极(又称去极化)，过早,"Depolarization, premature",I49.4,0.9828149080276489,,,,,
191,3,交界性,junctional,I49.2,0.9817285537719727,,,,,
191,3,特指的 NEC,specified NEC,I49.4,0.941589891910553,,,,,
191,3,心房,atrial,I49.1,0.9807289838790894,,,,,
191,3,心室,ventricular,I49.3,0.9955666065216064,,,,,
191,2,除脏术,Evisceration,,0.9998905658721924,,,,,
191,3,产伤,birth injury,P15.8,0.9770689606666565,,,,,
191,3,创伤性NEC,traumatic NEC,T06.5,0.9631005525588989,,,,,
191,4,眼,eye,S05.7,0.9531571269035339,,,,,
191,3,手术伤口,operative wound,T81.3,0.9816245436668396,,,,,
191,1,chǔ 杵,,,0.9984349012374878,,,,,
191,2,杵状指(甲),Clubbing of finger(s) (nails),R68.3,0.983159601688385,,,,,
191,1,chǔ 储,,,0.9995845556259155,,,,,
191,2,储备，减少或降低,"Reserve, decreased or low",,0.9990049004554749,,,,,
191,3,肾,kidney,N28.8,0.9793012142181396,,,,,
191,3,心脏-见病，心脏,"cardiac - see Disease, heart",,0.9868448376655579,,,,,
192,1,chǔ 处,,,,,,,,
192,2,处境性,Situational,,0.9999845623970032,,,,,
192,3,反应(另见 反应，调节),"reaction (see also Reaction, adjustment)",F43.2,0.9738524556159973,,,,,
192,4,急性,acute,F43.0,0.9558055400848389,,,,,
192,3,适应不良(另见反应，调节),"maladjustment (see also Reaction, adjustment)",F43.2,0.9953047633171082,,,,,
192,3,障碍(短暂性)(另见反应，调节),"disturbance (transient) (see also Reaction, adjustment)",F43.2,0.9715156555175781,,,,,
192,4,急性,acute,F43.0,0.9532248377799988,,,,,
192,2,处女膜的 - 见情况,Hymen - see condition,,0.9558655023574829,,,,,
192,1,chù 触,,,0.9999792575836182,,,,,
192,2,触染性软疣 -现译名传染性软疣,Molluscum contagiosum,,0.9663699865341187,,,,,
192,1,chuān 川,,,0.9980869889259338,,,,,
192,2,川崎综合征[粘膜皮肤淋巴结综合征],Kawasaki's syndrome,M30.3,0.9864497184753418,,,,,
192,1,chuān 穿,,,0.9999251961708069,,,,,
192,2,穿刺(另见伤口，开放性),"Puncture (see also Wound, open)",T14.1,0.995754599571228,,,,,
192,3,被,by,,0.981005847454071,,,,,
192,4,手术伤口中意外遗留的异物,foreign body left accidentally in operation wound,T81.5,0.9810472726821899,,,,,
192,4,在操作中(任何)器械，意外的,"instrument (any) during a procedure, accidental",T81.2,0.9824762940406799,,,,,
192,4,装置、植入物或移植物-见并发症，按部位和类型，机械性,"device, implant or graft - see Complications, by site and type, mechanical",,0.9581279754638672,,,,,
192,3,创伤性，心脏,"traumatic, heart",S26.8,0.9941601753234863,,,,,
192,4,伴有心包积血,with hemopericardium,S26.0,0.9713016152381897,,,,,
192,3,多处,multiple,T01.9,0.972966194152832,,,,,
192,3,意外的，并发手术,"accidental, complicating surgery",T81.2,0.993423342704773,,,,,
192,2,穿孔(非创伤性)(另见破裂),"Perforation, perforated (nontraumatic) (see also Rupture)",,0.9978340268135071,,,,,
192,3,被,by,,0.9941996932029724,,,,,
192,4,异物(外部)-另见伤口，开放性，按部位,"foreign body (external site) - see also Wound, open, by site",,0.9403147101402283,,,,,
192,5,内部-见异物,internal site - see Foreign body,,0.9553049802780151,,,,,
192,5,手术伤口中意外遗留的,left accidentally in operation wound,T81.5,0.9453660249710083,,,,,
192,4,在操作中(任何)器械，意外的,"instrument (any) during a procedure, accidental",T81.2,0.9620720148086548,,,,,
193,4,装置、植入物或移植物(另见并发症，按部位和类型),"device, implant or graft (see also Complications, by site and type)",T85.6,0.9691813588142395,,,,,
193,5,导管NEC,catheter NEC,T85.6,0.9585624933242798,,,,,
193,6,泌尿系(留置),urinary (indwelling),T83.0,0.9649184942245483,,,,,
193,6,输注 NEC,infusion NEC,T82.5,0.973337709903717,,,,,
193,7,脊髓(硬膜外)(硬膜下),spinal (epidural) (subdural),T85.6,0.9560365080833435,,,,,
193,6,透析(肾),dialysis (renal),T82.4,0.9804519414901733,,,,,
193,7,腹膜内的,intraperitoneal,T85.6,0.9803363680839539,,,,,
193,5,电(极)(脉冲发生器)(刺激器),electronic (electrode) (pulse generator) (stimulator),,0.9920677542686462,,,,,
193,6,骨,bone,T84.3,0.9308063983917236,,,,,
193,6,泌尿系,urinary,T83.1,0.9954058527946472,,,,,
193,6,神经系统(脑)(周围神经)(脊髓),nervous system (brain) (peripheral nerve) (spinal),T85.1,0.9760450124740601,,,,,
193,6,心脏,cardiac,T82.1,0.9373911023139954,,,,,
193,5,动脉移植物 NEC,arterial graft NEC,T82.3,0.967960774898529,,,,,
193,6,冠状动脉(搭桥术),coronary (bypass),T82.2,0.9686160087585449,,,,,
193,5,关节假体,joint prosthesis,T84.0,0.9690973162651062,,,,,
193,5,矫形外科 NEC,orthopedic NEC,T84.4,0.940706729888916,,,,,
193,6,骨移植物,bone graft,T84.3,0.9737985134124756,,,,,
193,5,泌尿系 NEC,urinary NEC,T83.1,0.9474173188209534,,,,,
193,6,移植物,graft,T83.2,0.9287487268447876,,,,,
193,5,脑室颅内分流,ventricular intracranial shunt,T85.0,0.9571091532707214,,,,,
193,5,内固定(矫形外科) NEC,"fixation, internal (orthopedic) NEC",T84.2,0.9552342891693115,,,,,
193,6,四肢骨,bones of limb,T84.1,0.932796835899353,,,,,
193,5,乳房(植入物),breast (implant),T85.4,0.941856861114502,,,,,
193,5,生殖系 NEC,genital NEC,T83.4,0.9755531549453735,,,,,
193,6,子宫内避孕装置,intrauterine contraceptive device,T83.3,0.9542637467384338,,,,,
193,5,特指的 NEC,specified NEC,T85.6,0.9608262181282043,,,,,
193,5,胃肠(胆管)(食管),gastrointestinal (bile duct) (esophagus),T85.5,0.9628486633300781,,,,,
193,5,心脏 NEC,heart NEC,T82.5,0.9637265205383301,,,,,
193,6,瓣膜(假体),valve (prosthesis),T82.0,0.9660135507583618,,,,,
193,7,移植物,graft,T82.2,0.9407529234886169,,,,,
193,5,血管 NEC,vascular NEC,T82.5,0.9057819247245789,,,,,
193,5,眼(管移植物)(眶植入物) NEC,ocular (canal graft) (orbital implant) NEC,T85.3,0.9317808151245117,,,,,
193,6,眼内晶状体,intraocular lens,T85.2,0.9781332015991211,,,,,
193,3,鼻,nose,,0.9982991218566895,,,,,
193,3,窦,sinus,J34.8,0.9493920803070068,,,,,
193,5,先天性,congenital,Q30.8,0.9643232822418213,,,,,
193,4,中隔,septum,J34.8,0.96339350938797,,,,,
193,5,梅毒性,syphilitic,A52.7+ J99.8*,0.9579850435256958,,,,,
193,5,先天性,congenital,Q30.3,0.9607553482055664,,,,,
194,3,肠NEC,"bowel,intestine NEC",K63.1,0.9638718962669373,,,,,
194,4,产伤性,obstetric trauma,O71.5,0.9186242818832397,,,,,
194,4,创伤性,traumatic,S36.9,0.9653592109680176,,,,,
194,4,溃疡性NEC,ulcerative NEC,K63.1,0.9881711006164551,,,,,
194,5,胎儿或新生儿,fetus or newborn,P78.0,0.9582418203353882,,,,,
194,4,胎儿或新生儿,fetus or newborn,P78.0,0.9828953742980957,,,,,
194,3,创伤性-见 伤口,traumatic - see Wound,,0.9619920253753662,,,,,
194,3,胆囊，胆囊管,"gallbladder, cystic duct",K82.2,0.99575275182724,,,,,
194,3,胆总管(肝总管),"bile duct (common), common duct (bile) (hepatic)",K83.2,0.9872912764549255,,,,,
194,3,窦(副)(慢性)(鼻),sinus (accessory) (chronic) (nasal),J34.8,0.9794851541519165,,,,,
194,3,腭(另见裂，腭),"palate (see also Cleft, palate)",Q35.9,0.9870006442070007,,,,,
194,4,梅毒性,syphilitic,A52.7+ K93.8*,0.9758080244064331,,,,,
194,4,软(另见裂，腭，软),"soft (see also Cleft, palate, soft)",Q35.3,0.9607939124107361,,,,,
194,5,梅毒性,syphilitic,A52.7+ K93.8*,0.9606664180755615,,,,,
194,3,腭穹(另见裂，腭，硬),"palatine vault (see also Cleft, palate, hard)",Q35.1,0.9794701933860779,,,,,
194,4,梅毒性,syphilitic,A52.7+ K93.8*,0.9515225887298584,,,,,
194,5,先天性,congenital,A50.5,0.9673162698745728,,,,,
194,3,耳鼓-见穿孔，鼓室,"ear drum - see Perforation, tympanum",,0.986122727394104,,,,,
194,3,宫颈,cervix (uteri),N88.8,0.9365704655647278,,,,,
194,4,产伤性,obstetric trauma,O71.3,0.9692288637161255,,,,,
194,3,鼓膜松弛部(耳鼓),pars flaccida (ear drum),H72.1,0.9850993156433105,,,,,
194,3,鼓室(膜)(创伤后持续性)(炎症后),"membrana tympani, tympanum (membrane) (persistent post-traumatic) (postinflammatory)",H72.9,0.9948451519012451,,,,,
194,4,边缘NEC,marginal NEC,H72.2,0.9787129759788513,,,,,
194,4,创伤性,traumatic,S09.2,0.9966073632240295,,,,,
194,4,上隐窝,attic,H72.1,0.9500842094421387,,,,,
194,4,松弛部,pars flaccida,H72.1,0.9898511171340942,,,,,
194,4,特指的NEC,specified NEC,H72.8,0.9819983243942261,,,,,
194,4,中央部,central,H72.0,0.9415668249130249,,,,,
194,3,回肠,ileum,K63.1,0.9731013178825378,,,,,
194,4,产伤性,obstetric trauma,O71.5,0.929844081401825,,,,,
194,4,创伤性,traumatic,S36.4,0.9851275086402893,,,,,
194,4,胎儿或新生儿,fetus or newborn,P78.0,0.9726124405860901,,,,,
194,3,会阴-见撕裂伤，会阴,"perineum - see Laceration, perineum",,0.9940948486328125,,,,,
194,3,角膜(由于溃疡),cornea (due to ulceration),H16.0,0.9922714233398438,,,,,
194,3,结肠,colon,K63.1,0.9694223999977112,,,,,
194,4,产伤性,obstetric trauma,O71.5,0.9538545608520508,,,,,
194,4,创伤性,traumatic,S36.5,0.9920535087585449,,,,,
194,4,胎儿或新生儿,fetus or newborn,P78.0,0.9794378280639648,,,,,
195,3,空肠,"jejunum, jejunal",K63.1,0.9633874893188477,,,,,
195,4,产伤性,obstetric trauma,O71.5,0.8929681777954102,,,,,
195,4,创伤性,traumatic,S36.4,0.9598526954650879,,,,,
195,4,溃疡-见溃疡，胃空肠，伴有，穿孔,"ulcer - see Ulcer, gastrojejunal, with perforation",,0.9561523795127869,,,,,
195,4,胎儿或新生儿,fetus or newborn,P78.0,0.9822529554367065,,,,,
195,3,溃疡-见溃疡，按部位，伴有，穿孔,"ulcer - see Ulcer, by site, with perforation",,0.979095458984375,,,,,
195,3,阔韧带,broad ligament,N83.8,0.9731308817863464,,,,,
195,4,产伤性,obstetric trauma,O71.6,0.9441375732421875,,,,,
195,3,阑尾炎,appendix,K35.0,0.9901333451271057,,,,,
195,3,尿道,urethra,N36.8,0.9875217080116272,,,,,
195,4,产伤性,obstetric trauma,O71.5,0.9725942611694336,,,,,
195,3,膀胱(泌尿道),bladder (urinary),,0.9782931804656982,,,,,
195,4,产伤性,obstetric trauma,O71.5,0.9495709538459778,,,,,
195,4,创伤性,traumatic,S37.2,0.9391524791717529,,,,,
195,3,盆腔,pelvic,,0.982647716999054,,,,,
195,4,底,floor,S31.0,0.9543333053588867,,,,,
195,5,产伤性,obstetric trauma,O70.1,0.8946470022201538,,,,,
195,4,器官NEC,organ NEC,S37.8,0.965221107006073,,,,,
195,5,伴有流产(随后发生),with abortion (subsequent episode),O08.6,0.9631547331809998,,,,,
195,5,近期发生-见流产,current episode - see Abortion,,0.9686409831047058,,,,,
195,5,产伤性,obstetric trauma,O71.5,0.8822678923606873,,,,,
195,3,憩室(肠)(另见憩室),diverticulum (intestine) (see also Diverticula),K57.8,0.9867884516716003,,,,,
195,3,乳突(鼓窦)(气房),mastoid (antrum) (cell),H70.8,0.9774742722511292,,,,,
195,3,伤寒，胃肠道,"typhoid, gastrointestinal",A01.0,0.9897722601890564,,,,,
195,3,食管,esophagus,K22.3,0.9848380088806152,,,,,
195,3,手术(意外的)(血管)(被器械所致的)(神经)(器官),surgical (accidental) (blood vessel) (by instrument) (nerve) (organ),T81.2,0.9848545789718628,,,,,
195,3,输尿管,ureter,N28.8,0.9924150109291077,,,,,
195,3,心脏瓣膜 -见 心内膜炎,heart valve - see Endocarditis,,0.9271936416625977,,,,,
195,3,悬雍垂,uvula,K13.7,0.9906898140907288,,,,,
195,4,梅毒性,syphilitic,A52.7+ K93.8*,0.9482925534248352,,,,,
195,3,咽,pharynx,J39.2,0.9863758683204651,,,,,
195,3,眼，创伤性(另见贯通伤，眼球),"eye, traumatic (see also Penetrating wound, eyeball)",S05.6,0.9916440844535828,,,,,
195,3,乙状结肠,sigmoid,K63.1,0.9850528836250305,,,,,
195,4,产伤性,obstetric trauma,O71.5,0.9065226316452026,,,,,
195,4,创伤性,traumatic,S36.5,0.9871426820755005,,,,,
195,4,胎儿或新生儿,fetus or newborn,P78.0,0.9410911798477173,,,,,
195,3,阴道-见撕裂伤，阴道,"vagina - see Laceration, vagina",,0.9683042764663696,,,,,
195,3,在操作中(血管)(神经)(器官)意外的,accidental during procedure (blood vessel) (nerve) (organ),T81.2,0.9969394207000732,,,,,
196,3,直肠,rectum,K62.8,0.9495933055877686,,,,,
196,4,产伤性,obstetric trauma,O71.5,0.937676727771759,,,,,
196,4,创伤性,traumatic,S36.6,0.9456872940063477,,,,,
196,4,胎儿或新生儿,fetus or newborn,P78.0,0.9304879307746887,,,,,
196,3,子宫,uterus,,0.9785093665122986,,,,,
196,4,被子宫内避孕装置,by intrauterine contraceptive device,T83.3,0.9830732941627502,,,,,
196,4,产伤性,obstetric trauma,O71.1,0.8982682824134827,,,,,
196,4,创伤性,traumatic,S37.6,0.955934464931488,,,,,
196,2,穿颅术，胎儿,"Craniotomy, fetus",P03.8,0.9934849143028259,,,,,
196,3,以促进分娩,to facilitate delivery,O83.4,0.9940378665924072,,,,,
196,2,穿透-见 穿孔,Penetration - see Perforation,,0.932923436164856,,,,,
196,1,chuán 传,,,0.999968945980072,,,,,
196,2,传染性，感染性的 - 见情况,"Infectious, infective - see condition",,0.9512577056884766,,,,,
196,2,传染性单核细胞增多症,Pfeiffer's disease,B27.0,0.9877021312713623,,,,,
196,2,传染性口角炎(唇)NEC(由于),"Angulus infectiosus (lips), Perlèche NEC (due to)",K13.0,0.999095618724823,,,,,
196,3,念珠菌病性,"candidiasis, moniliasis",B37.8,0.9937657117843628,,,,,
196,3,维生素B₂(核黄素)缺乏,vitamin B2 (riboflavin) deficiency,E53.0+ K93.8*,0.9774127006530762,,,,,
196,2,传染性软疣(上皮性),Molluscum contagiosum (epitheliale),B08.1,0.999840497970581,,,,,
196,3,眼睑,eyelid,B08.1+ H03.1*,0.9740200042724609,,,,,
196,1,chuán 船,,,0.9845161437988281,,,,,
196,2,船坞病或船坞眼[流行性角膜结膜炎],Shipyard disease or eye,B30.0+ H19.2*,0.9780023097991943,,,,,
196,1,chuǎn 喘,,,0.9768129587173462,,,,,
196,2,喘鸣,Stridor,R06.1,0.9560379981994629,,,,,
196,3,先天性(喉) NEC,congenital (larynx) NEC,P28.8,0.9633648991584778,,,,,
196,2,喘鸣性的 - 见情况,Stridulous - see condition,,0.9647257924079895,,,,,
196,3,先天性(喉),congenital (larynx),P28.8,0.971014678478241,,,,,
196,2,喘息,Wheezing,R06.2,0.9998742938041687,,,,,
197,1,chuāng 创,,,,,,,,
197,2,创伤(另见损伤),"Scar, scarring, Trauma, traumatism (see also Injury)",T14.9,0.9981756806373596,,,,,
197,3,产科,obstetric,O71.9,0.927807092666626,,,,,
197,4,特指的 NEC,specified NEC,O71.8,0.9316493272781372,,,,,
197,3,出生-见出生，损伤,"birth - see Birth, injury",,0.9622781276702881,,,,,
197,3,分娩中 NEC,during delivery NEC,O71.9,0.9669523239135742,,,,,
197,3,母体，在妊娠中，影响到胎儿或新生儿,"maternal, during pregnancy, affecting fetus or newborn",P00.5,0.9618767499923706,,,,,
197,3,声,acoustic,H83.3,0.9625492095947266,,,,,
197,3,心理,psychic,Z91.4,0.9956449270248413,,,,,
197,3,以前的大，影响妊娠处理,"previous major, affecting management of pregnancy",Z35.8,0.9908022284507751,,,,,
197,2,创伤后脑综合征，非精神病性,"Post-traumatic brain syndrome, nonpsychotic",F07.2,0.999757707118988,,,,,
197,2,创伤性的 - 见情况,Traumatic - see condition,,0.9694339036941528,,,,,
197,1,chuāng 疮,,,0.9999592900276184,,,,,
197,2,疮,Sore,,0.9999396800994873,,,,,
197,3,东方(疖),oriental,B55.1,0.9124417901039124,,,,,
197,3,沙漠[热带溃疡](另见溃疡，皮肤),"desert, veldt (see also Ulcer, skin)",L98.4,0.9899547696113586,,,,,
197,3,压[褥疮],pressure,L89,0.991784393787384,,,,,
197,4,程度,stage,,0.8350415229797363,,,,,
197,5,Ⅰ期,I,L89.0,0.8997681140899658,,,,,
197,5,Ⅱ期,II,L89.1,0.8313736319541931,,,,,
197,5,Ⅲ期,III,L89.2,0.8715237975120544,,,,,
197,5,Ⅳ期,IV,L89.3,0.8607912063598633,,,,,
197,1,chuāng 窗,,,0.9999507069587708,,,,,
197,2,窗-另见不完全，闭合,"Window - see also Imperfect, closure",,0.9976218938827515,,,,,
197,3,主动脉肺动脉,aorticopulmonary,Q21.4,0.978029727935791,,,,,
197,1,chuī 吹,,,0.9995877146720886,,,,,
197,2,吹气术，输卵管,"Insufflation, fallopian",Z31.4,0.983517587184906,,,,,
198,1,chuí 垂,,,,,,,,
198,2,垂体的 - 见情况,Pituitary gland - see condition,,0.9630563259124756,,,,,
198,2,垂体功能减退症(幼年),Hypopituitarism (juvenile),E23.0,0.9779021143913269,,,,,
198,3,操作后,postprocedural,E89.3,0.9808026552200317,,,,,
198,3,产后,postpartum,E23.0,0.9648551940917969,,,,,
198,3,放射后,postirradiation,E89.3,0.9754458665847778,,,,,
198,3,药物性,drug-induced,E23.1,0.980331301689148,,,,,
198,3,医源性 NEC,iatrogenic NEC,E23.1,0.9470006227493286,,,,,
198,3,由于,due to,,0.959691047668457,,,,,
198,4,垂体切除术,hypophysectomy,E89.3,0.9594940543174744,,,,,
198,4,放射治疗,radiotherapy,E89.3,0.9685873985290527,,,,,
198,2,垂体功能亢进,Hyperpituitarism,E22.9,0.9619702696800232,,,,,
198,2,垂体功能障碍,Dyspituitarism,E23.3,0.9717016816139221,,,,,
198,2,垂体性 - 另见情况,"Hypophyseal, hypophysis - see also condition",,0.9429952502250671,,,,,
198,3,巨人症,gigantism,E22.0,0.9933409094810486,,,,,
198,3,侏儒,dwarfism,E23.0,0.9941532015800476,,,,,
198,2,垂直距骨,Vertical talus,Q66.8,0.9998565912246704,,,,,
198,1,chuí 槌,,,0.926297128200531,,,,,
198,2,槌状指(后天性),Mallet finger (acquired),M20.0,0.9847058653831482,,,,,
198,3,佝偻病的晚期效应,late effect of rickets,E64.3,0.9648939967155457,,,,,
198,3,先天性,congenital,Q74.0,0.989244818687439,,,,,
198,1,chuí 锤,,,0.9506781101226807,,,,,
198,2,锤状趾(后天性)NEC,Hammer toe (acquired) NEC,M20.4,0.9905402064323425,,,,,
198,3,佝偻病的晚期效应,late effect of rickets,E64.3,0.9877598285675049,,,,,
198,3,先天性,congenital,Q66.8,0.9656028747558594,,,,,
198,1,chún 唇,,,0.9244546890258789,,,,,
198,2,唇鞭毛虫病,Chilomastigiasis,A07.8,0.9645307064056396,,,,,
198,2,唇的 - 见情况,Lip - see condition,,0.9473426938056946,,,,,
198,2,唇干裂(口角),Cheilosis (angular),K13.0,0.9983651638031006,,,,,
198,3,伴有糙皮病,with pellagra,E52+ K93.8*,0.9540270566940308,,,,,
198,3,由于维生素B₂(核黄素)缺乏,due to vitamin B2 (riboflavin) deficiency,E53.0+ K93.8*,0.9625513553619385,,,,,
198,2,唇裂(另见裂，唇),"Cheiloschisis, Labium leporinum (see also Cleft, lip)",Q36.9,0.9704794883728027,,,,,
198,2,唇疱疹,Coldsore,B00.1,0.9652637839317322,,,,,
198,2,唇舌麻痹,Labioglossal paralysis,G12.2,0.9834434390068054,,,,,
198,2,唇痛,Cheilodynia,K13.0,0.999930202960968,,,,,
199,2,唇炎(口角)(表皮脱落性)(腺性),Cheilitis (angular) (exfoliative) (glandular),K13.0,0.9999057650566101,,,,,
199,3,光化性(由于日光),actinic (due to sun),L56.8,0.9921669960021973,,,,,
199,4,非日光性,other than from sun,L59.8,0.988948404788971,,,,,
199,3,念珠菌性,candidal,B37.8,0.9887883067131042,,,,,
199,2,唇状突出，宫颈,"Lipping, cervix",N86,0.9931593537330627,,,,,
199,1,chún 醇,,,0.9452321529388428,,,,,
199,2,醇中毒(另见酒精中毒),Ethanolism (see also Alcoholism),F10.2,0.9917057156562805,,,,,
199,1,cí 雌,,,0.965478241443634,,,,,
199,2,雌激素过多(药物性)(医源性),Hyperestrogenism (drug-induced) (iatrogenic),E28.0,0.9936245083808899,,,,,
199,1,cì 刺,,,0.9960463643074036,,,,,
199,2,刺激，兴奋,"Excitation, Irritation",,0.9796062111854553,,,,,
199,3,臂丛,brachial plexus,G54.0,0.9756098389625549,,,,,
199,3,反应性(由于情绪应激，心理创伤),"reactive (from emotional stress, psychological trauma)",F30.8,0.9672288298606873,,,,,
199,3,肛门,anus,K62.8,0.9558566212654114,,,,,
199,3,宫颈(另见宫颈炎),cervix (see also Cervicitis),N72,0.9820786714553833,,,,,
199,3,会阴 NEC,perineum NEC,L29.3,0.9646319150924683,,,,,
199,3,脊(髓)-见脊髓病,spinal (cord) - see Myelopathy,,0.9713889360427856,,,,,
199,3,交感神经 NEC,sympathetic nerve NEC,G90.8,0.9523767232894897,,,,,
199,3,颅神经-见疾患，神经，颅,"cranial nerve - see Disorder, nerve, cranial",,0.9859167337417603,,,,,
199,3,脉络膜，交感神经,"choroid, sympathetic",H44.1,0.9937289357185364,,,,,
199,3,迷路,labyrinth,H83.2,0.980708122253418,,,,,
199,3,脑脊膜(创伤性)(另见损伤，颅内),"meninges (traumatic) (see also Injury, intracranial)",S06.0,0.9827314615249634,,,,,
199,4,非创伤性-见假性脑膜炎,nontraumatic- see Meningismus,,0.9364993572235107,,,,,
199,3,膀胱,bladder,N32.8,0.9706026911735535,,,,,
199,3,神经(另见疾患，神经),"nerve, nervous (see also Disorder, nerve)",R45.0,0.9823196530342102,,,,,
199,3,胃,"gastric, stomach",K31.8,0.9433094263076782,,,,,
199,4,心因性,psychogenic,F45.3,0.9848716259002686,,,,,
199,3,心因性,psychogenic,F30.8,0.9977294206619263,,,,,
199,3,咽,pharynx,J39.2,0.9386882781982422,,,,,
199,3,眼球，交感神经,"globe, sympathetic",H44.1,0.9965921640396118,,,,,
199,3,腰骶丛,lumbosacral plexus,G54.1,0.9673839807510376,,,,,
199,3,阴道,vagina,N89.8,0.9865882396697998,,,,,
199,3,阴茎,penis,N48.8,0.9473473429679871,,,,,
199,3,周围自主神经系统,peripheral autonomic nervous system,G90.8,0.9923273921012878,,,,,
199,2,刺伤-另见伤口，开放性,"Stab - see also Wound, open",,0.9751434326171875,,,,,
199,3,内部器官-见损伤，按部位,"internal organs - see Injury, by site",,0.9815191030502319,,,,,
199,2,刺状红细胞增多,Acanthocytosis,E78.6,0.9995773434638977,,,,,
200,1,cù 卒,,,0.9994807243347168,,,,,
200,2,卒中(脑)(麻痹性)(又称中风),"Apoplexia, Apoplexy, Apoplectic, Stroke (apoplectic) (brain) (paralytic)",I64,0.979044497013092,,,,,
200,3,充血性,congestive,I64,0.9785265922546387,,,,,
200,3,出血性(卒中)(另见出血，脑内),"hemorrhagic (stroke) (see also Hemorrhage, intracerebral)",I61.9,0.9576543569564819,,,,,
200,3,大脑,cerebral,I64,0.9858872294425964,,,,,
200,3,癫癇性 - 见 癫癇,epileptic - see Epilepsy,,0.7565244436264038,,,,,
200,3,发作,"attack, fit, seizure, stroke",I64,0.931948721408844,,,,,
200,3,基底(动脉),basilar,I64,0.9828557968139648,,,,,
200,3,进行性,progressive,I64,0.9981300830841064,,,,,
200,3,毛细血管性,capillary,I64,0.9759891033172607,,,,,
200,3,脑,brain,I64,0.9626646041870117,,,,,
200,3,脑脊膜，出血性(另见出血，蛛网膜下),"meninges, hemorrhagic (see also Hemorrhage, subarachnoid)",I60.9,0.969295084476471,,,,,
200,3,尿毒症的,uremic,N18.8+ I68.8*,0.9475786089897156,,,,,
200,3,热,heat,T67.0,0.9893558025360107,,,,,
200,3,栓子,embolic,I63.4,0.9811262488365173,,,,,
200,3,舞蹈症,chorea,I64,0.9615601897239685,,,,,
200,3,心(房)(室)(另见梗死，心肌),"heart (auricle) (ventricle) (see also Infarct, myocardium)",I21.9,0.9782667756080627,,,,,
200,3,心脏-见病，心脏,"heart - see Disease, heart",,0.9900941252708435,,,,,
200,3,血栓形成性,thrombotic,I63.3,0.9663869738578796,,,,,
200,3,延髓性,bulbar,I64,0.9753760695457458,,,,,
200,2,卒中样惊厥(大脑缺血),Apoplectiform convulsions (cerebral ischemia),I67.8,0.9823448657989502,,,,,
200,1,cù 猝,,,0.9996798634529114,,,,,
200,2,猝倒症(特发性),Cataplexy (idiopathic),G47.4,0.9926669001579285,,,,,
200,1,cuī 催,,,0.9996843934059143,,,,,
200,2,催眠疗法NEC,Hypnotherapy NEC,Z50.4,0.9951778650283813,,,,,
200,2,催乳素瘤(M8271/0),Prolactinoma (M8271/0),,0.9998995065689087,,,,,
200,3,特指部位-见肿瘤，良性,"specified site - see Neoplasm, ben",,0.9636020660400391,,,,,
200,3,未特指部位,unspecified site,D35.2,0.9809281826019287,,,,,
200,1,cuì 脆,,,0.9993841648101807,,,,,
200,2,脆,Fragilitas,,0.99998939037323,,,,,
200,3,脆发症,crinium,L67.8,0.9550376534461975,,,,,
200,3,骨脆症(伴有蓝巩膜)(遗传性),ossium (with blue sclerae) (hereditary),Q78.0,0.9747101664543152,,,,,
200,3,甲,unguium,L60.3,0.9768486022949219,,,,,
200,4,先天性,congenital,Q84.6,0.95899498462677,,,,,
