image_page,level,chinese,english,code,confidence,malignant_primary,malignant_secondary,in_situ,benign,uncertain_or_unspecified
1001,3,盘形,disciformis,H35.3,0.9913318157196045,,,,,
1001,3,妊娠性,gravidarum,O26.8,0.9849186539649963,,,,,
1001,3,色素性[视网膜色素变性],pigmentosa,H35.5,0.9686720371246338,,,,,
1001,3,肾性,renal,N18.8+ H32.8*,0.970221996307373,,,,,
1001,3,糖尿病性(另见E10-E14伴有第四位数.3),diabetic (see also E10-E14 with fourth character.3),E14.3+ H36.0*,0.9617080688476562,,,,,
1001,2,视网膜粥肿栓塞,Hollenhorst's plaque,H34.2,0.9808943867683411,,,,,
1001,2,视物变形,Metamorphopsia,H53.1,0.9954350590705872,,,,,
1001,2,视物显大，视物显大症,"Macropsia, Megalopsia",H53.1,0.999937891960144,,,,,
1001,2,视物显多症,Polyopia,H53.8,0.9932093620300293,,,,,
1001,2,视物显小症,Micropsia,H53.1,0.9957424402236938,,,,,
1001,2,视轴矫正训练,Orthoptic training,Z50.6,0.9997932314872742,,,,,
1001,1,shì 拭,,,0.9387058019638062,,,,,
1001,2,拭子意外遗留在手术伤口内,Swab inadvertently left in operation wound,T81.5,0.9978763461112976,,,,,
1001,1,shì 适,,,0.9999150037765503,,,,,
1001,2,适应不良,"Maladaptation, Maladjustment",,0.9998683929443359,,,,,
1001,3,处境(另见反应，调节),"situational (see also Reaction, adjustment)",F43.2,0.9796169400215149,,,,,
1001,3,单纯性，成人(另见 反应，调节),"simple, adult (see also Reaction, adjustment)",F43.2,0.977574348449707,,,,,
1001,3,夫妇间,conjugal,Z63.0,0.9865424633026123,,,,,
1001,3,婚姻,marital,Z63.0,0.952006459236145,,,,,
1001,4,涉及离婚或疏远,involving divorce or estrangement,Z63.5,0.9786054491996765,,,,,
1001,3,教育,educational,Z55.4,0.9793960452079773,,,,,
1001,3,社会(由于),social (due to),Z60.9,0.9748201966285706,,,,,
1001,4,排斥,rejection,Z60.4,0.9296717047691345,,,,,
1001,4,排斥和隔离,exclusion and isolation,Z60.4,0.9710695147514343,,,,,
1001,4,歧视和迫害(感觉),discrimination and persecution (perceived),Z60.5,0.9877732992172241,,,,,
1001,4,生活周期(生活期)转换,life-cycle (phase of life) transition,Z60.0,0.9698578715324402,,,,,
1001,4,特指的理由 NEC,specified reason NEC,Z60.8,0.9755786657333374,,,,,
1001,4,文化适应困难,acculturation difficulty,Z60.3,0.9938464760780334,,,,,
1001,3,职业 NEC,occupational NEC,Z56.7,0.9313169121742249,,,,,
1001,2,适应反应,Adaptation reaction,F43.2,0.9749005436897278,,,,,
1001,2,适应性,Adjustment,,0.9999861717224121,,,,,
1001,3,反应,reaction,F43.2,0.9146855473518372,,,,,
1001,3,障碍,disorder,F43.2,0.9916353225708008,,,,,
1001,1,shì 室,,,0.9997189044952393,,,,,
1001,2,室管膜病,Ependymopathy,G93.8,0.9998853802680969,,,,,
1002,2,室管膜瘤(上皮性)(恶性)(M9391/3),Ependymoma (epithelial) (malignant) (M9391/3),,0.9917808771133423,,,,,
1002,3,间变的(M9392/3),anaplastic (M9392/3),,0.9899898767471313,,,,,
1002,4,特指部位-见肿瘤，恶性,"specified site - see Neoplasm, malignant",,0.9791430234909058,,,,,
1002,4,未特指部位,unspecified site,C71.9,0.9668009877204895,,,,,
1002,3,粘液乳头状(M9394/1),myxopapillary (M9394/1),D43.2,0.9621745944023132,,,,,
1002,4,特指部位-见肿瘤，动态未定,"specified site - see Neoplasm, uncertain behavior",,0.9698985815048218,,,,,
1002,4,未特指部位,unspecified site,D43.2,0.9660962224006653,,,,,
1002,3,乳头状(M9393/1),papillary (M9393/1),D43.2,0.9677773714065552,,,,,
1002,4,特指部位-见肿瘤，动态未定,"specified site - see Neoplasm, uncertain behavior",,0.9859761595726013,,,,,
1002,4,未特指部位,unspecified site,D43.2,0.9275935292243958,,,,,
1002,3,特指部位-见肿瘤，恶性,"specified site - see Neoplasm, malignant",,0.966562032699585,,,,,
1002,3,未特指部位,unspecified site,C71.9,0.9786019325256348,,,,,
1002,2,室管膜炎(急性)(大脑)(慢性)(颗粒性)(另见脑脊髓炎),Ependymitis (acute) (cerebral) (chronic) (granular) (see also Encephalomyelitis),G04.9,0.9913113713264465,,,,,
1002,1,shì 释,,,0.9993509650230408,,,,,
1002,2,释放(自),Discharge (from),,0.9977695345878601,,,,,
1002,3,监狱，引起焦虑,"prison, anxiety concerning",Z65.2,0.9791560173034668,,,,,
1002,1,shì 嗜,,,0.9997766017913818,,,,,
1002,2,嗜铬细胞瘤[副神经节瘤](M8700/0)-另见肿瘤，良性,"Chromaffinoma, Pheochromocytoma (M8700/0) see also Neoplasm, benign",,0.9950546622276306,,,,,
1002,3,恶性(M8700/3)-见肿瘤，恶性,"malignant (M8700/3) - see Neoplasm, malignant",,0.9927188754081726,,,,,
1002,4,特指部位-见肿瘤，恶性,"specified site - see Neoplasm, malignant",,0.9527616500854492,,,,,
1002,4,未特指部位,unspecified site,C74.1,0.9772058129310608,,,,,
1002,3,特指部位-见肿瘤，良性,"specified site - see Neoplasm, benign",,0.9899541735649109,,,,,
1002,3,未特指部位,unspecified site,D35.0,0.9944283962249756,,,,,
1002,2,嗜碱性粒细胞增多,Basophilia,D75.8,0.9998956918716431,,,,,
1002,2,嗜碱性粒细胞增多症(肾上腺皮质的)(库欣)(垂体),Basophilism (cortico-adrenal) (Cushing's) (pituitary),E24.0,0.9893739223480225,,,,,
1002,2,嗜眠,Somnolence,R40.0,0.9528928995132446,,,,,
1002,3,非器质性原因,nonorganic origin,F51.1,0.9960299134254456,,,,,
1002,3,周期性,periodic,G47.8,0.9946826100349426,,,,,
1002,2,嗜眠症(器质性),Hypersomnia (organic),G47.1,0.9962185025215149,,,,,
1002,3,非器质性原因,nonorganic origin,F51.1,0.9972482323646545,,,,,
1002,3,原发性,primary,F51.1,0.9510387182235718,,,,,
1002,2,嗜睡,Lethargy,R53,0.9824633598327637,,,,,
1002,2,嗜酸性粒细胞减少,"Eosinopenia, Hypoeosinophilia",D72.8,0.9994670152664185,,,,,
1002,2,嗜酸性粒细胞增多(变应性)(遗传性),Eosinophilia (allergic) (hereditary),D72.1,0.9881114959716797,,,,,
1002,3,肺 NEC,pulmonary NEC,J82,0.9218891263008118,,,,,
1002,3,热带(肺),tropical (pulmonary),J82,0.9885883927345276,,,,,
1002,2,嗜酸性粒细胞增多-肌痛综合征,Eosinophilia-myalgia syndrome,M35.8,0.9998282194137573,,,,,
1002,2,嗜酸细胞瘤(M8290/0)-见肿瘤，良性,"Oncocytoma (M8290/0) - see Neoplasm, benign",,0.9852239489555359,,,,,
1003,2,嗜银细胞瘤(M8241/1)-另见 肿瘤，动态未定,"Argentaffinoma (M8241/1)-see also Neoplasm, uncertain behavior",,0.9707690477371216,,,,,
1003,3,恶性(M8241/3)-见肿瘤，恶性,"malignant (M8241/3) - see Neoplasm, malignant",,0.9812629818916321,,,,,
1003,1,shì 噬,,,0.9989811182022095,,,,,
1003,2,噬红细胞作用,Erythrophagocytosis,D75.8,0.9726393222808838,,,,,
1003,1,shì 螫,,,0.8931647539138794,,,,,
1003,2,螫伤(有毒动物)(伴有变态反应或过敏性休克),Sting (venomous) (with allergic or anaphylactic shock),T63.9,0.992594301700592,,,,,
1003,3,海葵,sea anemone,T63.6,0.9584858417510986,,,,,
1003,3,海生动物NEC,marine animal NEC,T63.6,0.9469016194343567,,,,,
1003,3,海星,starfish,T63.6,0.9725019931793213,,,,,
1003,3,海蛰(僧帽水母),jellyfish (Portuguese man-of-war),T63.6,0.9902871251106262,,,,,
1003,3,节肢动物 NEC,arthropod NEC,T63.4,0.943526029586792,,,,,
1003,3,昆虫，有毒的NEC(蜜蜂)(大黄蜂)(胡蜂),"insect, venomous NEC (bee) (hornet) (wasp)",T63.4,0.9723409414291382,,,,,
1003,4,无毒的-见损伤，浅表,"nonvenomous - see Injury, superficial",,0.9727227687835693,,,,,
1003,3,水生贝壳类动物,shellfish,T63.6,0.9747980237007141,,,,,
1003,3,蝎子,scorpion,T63.2,0.9921448826789856,,,,,
1003,3,鱼,fish,T63.5,0.9645837545394897,,,,,
1003,3,植物,plant,L24.7,0.9496205449104309,,,,,
1003,1,shōu 收,,,,,,,,
1003,2,收割工人肺,Harvester's lung,J67.0,0.9822624325752258,,,,,
1003,2,收缩,"Constriction, contracted",,0.9989228248596191,,,,,
1003,3,过早,premature,,0.9997259974479675,,,,,
1003,4,房室,auriculoventricular,I49.4,0.9349786043167114,,,,,
1003,4,交界性,junctional,I49.2,0.9512932896614075,,,,,
1003,4,心房,atrium,I49.1,0.9754783511161804,,,,,
1003,4,心室,ventricular,I49.3,0.985706627368927,,,,,
1003,4,心脏,heart,I49.4,0.9838395714759827,,,,,
1003,3,环(班德尔)(并发于分娩),ring (Bandl's) (complicating delivery) .,O62,0.9650512933731079,,,,,
1003,4,影响到胎儿或新生儿,affecting fetus or newborn,P03.6,0.9832696914672852,,,,,
1003,3,环状难产(子宫),ring dystocia (uterus),O62.4,0.9830141067504883,,,,,
1003,3,·—影响到胎儿或新生儿 .,affecting fetus or newborn,P03.6,0.9328318238258362,,,,,
1003,3,视野(功能性)(周围),visual field (functional) (peripheral),H53.4,0.9813695549964905,,,,,
1003,3,造成的窒息,asphyxiation or suffocation by,T71,0.9630239605903625,,,,,
1003,3,子宫,uterus,N85.8,0.9350172877311707,,,,,
1003,4,不良,poor,O62.2,0.9406217336654663,,,,,
1003,4,不协调(并发于分娩).,"dyscoordinate, incoordinate (complicating delivery)",O62.4,0.9840841889381409,,,,,
1003,4,低张性 NEC,hypotonic NEC,O62.2,0.95656418800354,,,,,
1004,4,乏力,inadequate,,0.8284597396850586,,,,,
1004,5,原发性,primary,O62.0,0.9320641160011292,,,,,
1004,5,继发性,secondary,O62.1,0.9844360947608948,,,,,
1004,4,高张性,hypertonic,O62.4,0.975381076335907,,,,,
1004,4,强直性(并发于分娩),tetanic (complicating delivery),O62.4,0.9804845452308655,,,,,
1004,4,沙漏式(并发于分娩),hourglass (complicating delivery),O62.4,0.984821081161499,,,,,
1004,4,异常的NEC,abnormal NEC,O62.9,0.9667760729789734,,,,,
1004,5,影响到胎儿或新生儿,affecting fetus or newborn,P03.6,0.9924277067184448,,,,,
1004,4,阵挛性(并发于分娩),clonic (complicating delivery),O62.4,0.9738383293151855,,,,,
1004,1,shǒu 手,,,0.9449236989021301,,,,,
1004,2,手的 - 见情况,Hand - see condition,,0.9596518278121948,,,,,
1004,2,手动的 - 见情况,Manual - see condition,,0.9595673084259033,,,,,
1004,2,手枪伤-见枪伤,Pistol wound - see Gunshot wound,,0.9939305782318115,,,,,
1004,2,手术,Operation,R69,0.9447140693664551,,,,,
1004,3,母体，与近期分娩无关，影响到胎儿或新生儿,"maternal, unrelated to current delivery, affecting fetus or newborn",P00.6,0.9965673685073853,,,,,
1004,3,为分娩的，影响到胎儿或新生儿(另见分娩，按类型，影响到胎儿),"for delivery, affecting fetus or newborn (see also Delivery, by type, affecting fetus)",P03.8,0.9930035471916199,,,,,
1004,2,手术的 - 见情况,Operative - see condition,,0.9779928922653198,,,,,
1004,2,手术后的 - 见情况,Postoperative - see condition,,0.9575490951538086,,,,,
1004,2,手术后状态NEC(另见状态(后)),Postsurgery status NEC (see also Status (post)),Z98.8,0.9904077649116516,,,,,
1004,2,手淫(过度),"Masturbation, Onanism (excessive)",F98.8,0.9990536570549011,,,,,
1004,2,手指的-见情况,Finger - see condition,,0.9994632005691528,,,,,
1004,2,手足搐搦(由于),Tetany (due to),R29.0,0.9889350533485413,,,,,
1004,3,抽搐,convulsions,R29.0,0.996349573135376,,,,,
1004,4,癔症性,hysterical,F44.5,0.9546987414360046,,,,,
1004,3,多动,hyperkinetic,R29.0,0.9961011409759521,,,,,
1004,4,癔症性,hysterical,F44.5,0.9467228651046753,,,,,
1004,3,功能性(癔症性),functional (hysterical),F44.5,0.9730480909347534,,,,,
1004,3,呼吸过度,hyperpnea,R06.4,0.9718915224075317,,,,,
1004,4,心因性,psychogenic,F45.3,0.9452442526817322,,,,,
1004,4,癔症性,hysterical,F45.3,0.9574373960494995,,,,,
1004,3,甲状(旁)腺切除术后,post-(para)thyroidectomy,E89.2,0.9937684535980225,,,,,
1004,3,甲状旁(腺),parathyroid (gland),E20.9,0.978688657283783,,,,,
1004,3,甲状旁腺缺失性,parathyroprival,E89.2,0.997352659702301,,,,,
1004,3,碱中毒,alkalosis,E87.3,0.9979891180992126,,,,,
1004,3,手术后,postoperative,E89.2,0.9685472249984741,,,,,
1004,3,通气过度(另见换气过度),hyperventilation (see also Hyperventilation),R06.4,0.9875518679618835,,,,,
1004,4,心因性,psychogenic,F45.3,0.986718475818634,,,,,
1004,4,癔症性,hysterical,F45.3,0.9380712509155273,,,,,
1005,3,新生儿(不伴有钙或镁缺乏),neonatal (without calcium or magnesium deficiency),P71.3,0.9900059700012207,,,,,
1005,3,心因性(转换反应),psychogenic (conversion reaction),F44.5,0.9870647192001343,,,,,
1005,3,癔症性,hysterical,F44.5,0.950840950012207,,,,,
1005,3,与佝偻病有关的,associated with rickets,E55.0,0.971547544002533,,,,,
1005,2,手足发绀(又称肢端发绀),Acrocyanosis,I73.8,0.975359320640564,,,,,
1005,3,新生儿,newborn,P28.2,0.9626685976982117,,,,,
1005,2,手足徐动症(后天性),Athetosis (acquired),R25.8,0.9993091821670532,,,,,
1005,3,单侧,unilateral,R25.8,0.9839787483215332,,,,,
1005,3,双侧(先天性),"bilateral, double (congenital)",G80.3,0.9782604575157166,,,,,
1005,3,先天性(双侧),congenital (bilateral) (double),G80.3,0.9650716781616211,,,,,
1005,1,shòu 受,,,0.9262681007385254,,,,,
1005,2,受害人,Victim (of),,0.9998669028282166,,,,,
1005,3,犯罪行为的,crime,Z65.4,0.9659008383750916,,,,,
1005,3,恐怖主义的,terrorism,Z65.4,0.9688158631324768,,,,,
1005,3,酷刑折磨的 NEC,torture NEC,Z65.4,0.9763852953910828,,,,,
1005,3,灾害的,disaster,Z65.5,0.9918278455734253,,,,,
1005,3,战争的,war,Z65.5,0.9652136564254761,,,,,
1005,2,受虐,Battered,,0.9990431070327759,,,,,
1005,3,配偶综合征,spouse syndrome,T74.1,0.9840268492698669,,,,,
1005,3,婴儿或儿童(综合征)NEC,baby or child (syndrome) NEC,T74.1,0.9539426565170288,,,,,
1005,2,受损(另见障碍，品行),"Destructiveness (see also Disorder, conduct)",F91.8,0.9944549202919006,,,,,
1005,3,调节反应,adjustment reaction,F43.2,0.9669120907783508,,,,,
1005,2,受限,"Limitation, limited",,0.9999186396598816,,,,,
1005,3,活动，由于残疾,activities due to disability,Z73.6,0.9838123321533203,,,,,
1005,3,心脏储备-见病，心脏,"cardiac reserve - see Disease, heart",,0.9761067032814026,,,,,
1005,2,受阻,Arrest,,0.9999622106552124,,,,,
1005,3,产程活跃期,active phase of labor,O62.1,0.9942441582679749,,,,,
1005,4,影响到胎儿或新生儿,affecting fetus or newborn,P03.6,0.963422954082489,,,,,
1005,3,横位(深部),transverse (deep),O64.0,0.9732539653778076,,,,,
1005,3,深部横位,deep transverse,O64.0,0.9581676721572876,,,,,
1005,4,影响到胎儿或新生儿,affecting fetus or newborn,P03.1,0.979830801486969,,,,,
1005,3,在盆腔的任何平面,any plane in pelvis,,0.9573043584823608,,,,,
1005,4,并发于分娩,complicating delivery,O66.9,0.9494495987892151,,,,,
1005,1,shòu 授,,,0.9997785687446594,,,,,
1005,2,授精，人工,"Insemination, artificial",Z31.1,0.9988370537757874,,,,,
1005,2,授精(又称受精)(辅助) NEC,Fertilization (assisted) NEC .,Z31,0.9756530523300171,,,,,
1005,3,体外,in vitro,Z31.2,0.9439042210578918,,,,,
1006,1,shòu 兽,,,0.9285251498222351,,,,,
1006,2,兽奸,Bestiality,F65.8,0.9966516494750977,,,,,
1006,1,shū 书,,,0.999902069568634,,,,,
1006,2,书写不能 - 见 失写症,Agraphia,,0.9113976955413818,,,,,
1006,2,书写痉挛,Graphospasm,F48.8,0.9520195126533508,,,,,
1006,3,器质性,organic,G25.8,0.9838374853134155,,,,,
1006,2,书写困难,Dysgraphia,R27.8,0.9856759905815125,,,,,
1006,1,shū 舒,,,0.9780412912368774,,,,,
1006,2,舒尔策型肢端感觉异常，单纯性,"Schultze's type acroparesthesia, simple",I73.8,0.9948955774307251,,,,,
1006,2,舒尔茨病[粒细胞缺乏症],Schultz's disease,D70,0.9851956963539124,,,,,
1006,2,舒尔曼病或骨软骨病[幼年椎骨骺骨软骨病],Scheuermann's disease or osteochondrosis,M42.0,0.9932897686958313,,,,,
1006,2,舒血管肠肽瘤(M8155/3)-见 肿瘤，恶性,"Vipoma (M8155/3) - see Neoplasm, malignant",,0.9792194366455078,,,,,
1006,1,shū 疏,,,0.9997949600219727,,,,,
1006,2,疏松，骨质,"Rarefaction, bone",M85.8,0.9853871464729309,,,,,
1006,2,疏远,Estrangement,Z63.5,0.9393592476844788,,,,,
1006,1,shū 输,,,0.999546468257904,,,,,
1006,2,输精管成形术，即往绝育术后的,"Vasoplasty, after previous sterilization",Z31.0,0.9800715446472168,,,,,
1006,2,输精管的 - 见情况,Vas deferens - see condition,,0.9854506254196167,,,,,
1006,2,输精管炎(结节性),"Deferentitis, Vas deferentitis, Vasitis (nodosa)",N49.1,0.9946686029434204,,,,,
1006,3,结核性,tuberculous,A18.1+ N51.8*,0.9827442169189453,,,,,
1006,3,淋病性(急性)(慢性),gonorrheal (acute)(chronic),A54.2+ N51.8*,0.9832456707954407,,,,,
1006,2,输精管周炎(慢性),Perivasitis (chronic),N49.1,0.9809936285018921,,,,,
1006,2,输卵管,Fallopian,,0.9998652338981628,,,,,
1006,3,吹气术,insufflation,Z31.4,0.9983485341072083,,,,,
1006,3,管的 - 见情况,tube - see condition,,0.9575789570808411,,,,,
1006,2,输卵管成形术，即往绝育术后的,"Tuboplasty, after previous sterilization",Z31.0,0.9844245910644531,,,,,
1006,2,输卵管的 -见情况,Oviduct - see condition,,0.9523400068283081,,,,,
1006,2,输卵管腹膜炎(另见输卵管卵巢炎),"Perisalpingitis, Salpingoperitonitis (see also Salpingo-oophoritis)",N70.9,0.9797509908676147,,,,,
1006,2,输卵管或输精管-另见情况,"Tube, tubal, tubular - see also condition",,0.9998117089271545,,,,,
1006,3,为结扎而入院,"ligation, admission for",Z30.2,0.9839771389961243,,,,,
1006,2,输卵管积脓，脓性输卵管炎(另见输卵管卵巢炎),"Pyosalpinx, pyosalpingitis (see also Salpingo-oophoritis)",N70.9,0.9494146704673767,,,,,
1006,3,急性,acute,N70.0,0.9820165634155273,,,,,
1006,3,慢性,chronic,N70.1,0.9879250526428223,,,,,
1007,2,输卵管积水(滤泡性),Hydrosalpinx (fallopian tube) (follicularis),N70.1,0.9898777604103088,,,,,
1007,2,输卵管积血,"Hematosalpinx, Hemosalpinx",N83.6,0.9860802888870239,,,,,
1007,3,伴有,with,,0.9493905305862427,,,,,
1007,4,阴道积血,hematocolpos,N89.7,0.9667226672172546,,,,,
1007,4,子宫积血,hematometra,N85.7,0.8848984837532043,,,,,
1007,5,伴有阴道积血,with hematocolpos,N89.7,0.9758514761924744,,,,,
1007,3,感染性(另见输卵管卵巢炎),infectional (see also Salpingo-oophoritis),N70.9,0.9907262921333313,,,,,
1007,2,输卵管卵巢的-见情况,Tubo-ovarian - see condition,,0.9849472641944885,,,,,
1007,2,输卵管卵巢炎(化脓性)(破裂)(脓毒性),"Salpingo-oophoritis, Salpingo-ovaritis (purulent) (ruptured)(septic) (suppurative)",N70.9,0.984912097454071,,,,,
1007,3,急性,acute,N70.0,0.9456078410148621,,,,,
1007,4,后,following,,0.7615342140197754,,,,,
1007,5,流产(随后发生),abortion (subsequent episode),O08.0,0.9788436889648438,,,,,
1007,5,近期发生-见流产,current episode - see Abortion,,0.9656067490577698,,,,,
1007,5,异位妊娠或葡萄胎妊娠,ectopic or molar pregnancy,O08.0,0.9636332988739014,,,,,
1007,4,淋球菌性,gonococcal,A54.2+ N74.3*,0.9957656860351562,,,,,
1007,3,慢性(另见输卵管卵巢炎，按类型，慢性),"chronic (see also Salpingo-oophoritis, by type, chronic)",N70.1,0.9885492324829102,,,,,
1007,3,并发于妊娠,complicating pregnancy,O23.5,0.9891199469566345,,,,,
1007,4,影响到胎儿或新生儿,affecting fetus or newborn,P00.8,0.9872725605964661,,,,,
1007,3,产褥期,puerperal,O86.1,0.9508668780326843,,,,,
1007,3,后,following,,0.9973762631416321,,,,,
1007,4,流产(随后发生),abortion (subsequent episode),O08.0,0.9822279810905457,,,,,
1007,5,近期发生·-见流产,current episode - see Abortion,,0.9682738184928894,,,,,
1007,4,异位妊娠或葡萄胎妊娠,ectopic or molar pregnancy,O08.0,0.9625058174133301,,,,,
1007,3,结核性(急性)(慢性),tuberculous (acute) (chronic),A18.1+ N74.1*,0.9745074510574341,,,,,
1007,3,淋球菌性(急性)(慢性),gonococcal (acute) (chronic),A54.2+ N74.3*,0.9787590503692627,,,,,
1007,3,特异性,specific,A54.2+ N74.3*,0.979973554611206,,,,,
1007,3,性病性,venereal,A54.2+ N74.3*,0.9884458780288696,,,,,
1007,2,输卵管内膜瘤(M8932/0),Endosalpingioma (M8932/0),D28.2,0.9940758943557739,,,,,
1007,2,输卵管疝,Salpingocele,N83.4,0.9981065392494202,,,,,
1007,2,输卵管阻塞,Nonpatent fallopian tube,N97.1,0.999846339225769,,,,,
1007,2,输卵管炎(另见输卵管卵巢炎),Salpingitis (fallopian tube) (see also Salpingo-oophoritis),N70.9,0.9491724371910095,,,,,
1007,3,急性,acute,N70.0,0.9801763892173767,,,,,
1007,3,慢性,chronic,N70.1,0.9590138792991638,,,,,
1007,3,结核性(急性)(慢性),tuberculous (acute) (chronic),A18.1+ N74.1*,0.9587065577507019,,,,,
1007,3,淋球菌性(急性)(慢性),gonococcal (acute)(chronic),A54.2+ N74.3*,0.9726433753967285,,,,,
1007,3,特异性(急性)(慢性)(淋球菌性),specific (acute) (chronic) (gonococcal),A54.2+ N74.3*,0.9634061455726624,,,,,
1007,3,性病性(急性)(慢性)(淋球菌性),venereal (acute) (chronic) (gonococcal),A54.2+ N74.3*,0.9959204792976379,,,,,
1007,3,衣原体性,chlamydial,A56.1+ N74.4*,0.974706768989563,,,,,
1007,2,输尿管的-见情况,"Ureter, ureteral - see condition",,0.9985822439193726,,,,,
1007,2,输尿管积脓,Pyoureter,N28.8,0.9931312203407288,,,,,
1007,3,结核性,tuberculous,A18.1+ N29.1*,0.966762125492096,,,,,
1008,2,输尿管积水(另见 肾积水),Hydroureter (see also Hydronephrosis),N13.4,0.9634659290313721,,,,,
1008,3,伴有感染,with infection,N13.6,0.9624007940292358,,,,,
1008,3,先天性,congenital,Q62.3,0.9946196675300598,,,,,
1008,2,输尿管积水性肾病(另见 肾积水),Hydroureteronephrosis (see also Hydronephrosis),N13.3,0.9821147322654724,,,,,
1008,3,伴有感染,with infection,N13.6,0.9765082597732544,,,,,
1008,2,输尿管扩张(另见输尿管积水),Ureterectasis (see also Hydroureter),N13.4,0.9817920923233032,,,,,
1008,3,先天性,congenital,Q62.3,0.9683354496955872,,,,,
1008,2,输尿管石(病)(另见结石，输尿管),"Ureterolith, ureterolithiasis (see also Calculus, ureter)",N20.1,0.9744710326194763,,,,,
1008,2,输尿管痛,Ureteralgia,N23,0.973158061504364,,,,,
1008,2,输尿管脱垂,Ureterocele,N28.8,0.9991238713264465,,,,,
1008,2,输尿管炎,Ureteritis,N28.8,0.9893152117729187,,,,,
1008,3,非特异性,nonspecific,N28.8,0.9723386764526367,,,,,
1008,3,淋球菌性(急性)(慢性),gonococcal (acute) (chronic),A54.2+ N29.1*,0.9613511562347412,,,,,
1008,3,囊性,cystica,N28.8,0.9795145988464355,,,,,
1008,3,由于结石,due to calculus,N20.1,0.9982173442840576,,,,,
1008,4,伴有肾结石,"with calculus, kidney",N20.2,0.9344374537467957,,,,,
1008,5,伴有肾积水,with hydronephrosis,N13.2,0.976438581943512,,,,,
1008,2,输尿管阴道的 - 见情况,Urethrovaginal - see condition,,0.9232612252235413,,,,,
1008,2,输尿管造口,Ureterostomy,,0.999858558177948,,,,,
1008,3,维护,attention to,Z43.6,0.9968993663787842,,,,,
1008,3,状态,status,Z93.6,0.9585349559783936,,,,,
1008,2,输尿管直肠的 - 见情况,Urethrorectal - see condition,,0.9639303684234619,,,,,
1008,2,输尿管周炎,Periureteritis,N28.8,0.998995304107666,,,,,
1008,2,输血,Transfusion,,0.9999204277992249,,,,,
1008,3,反应(有害的)-见并发症，输,"reaction (adverse) - see Complications, transfusion",,0.9835320711135864,,,,,
1008,3,孪生儿对孪生儿的,twin-to-twin,O43.0,0.9701951742172241,,,,,
1008,3,母体胎儿的(对母体),maternofetal (mother),O43.0,0.9771291017532349,,,,,
1008,3,胎儿母体的(对母体),fetomaternal (mother),O43.0,0.9633764624595642,,,,,
1008,3,胎盘(综合征)(对母体),placental (syndrome) (mother),O43.0,0.9774588346481323,,,,,
1008,4,胎儿或新生儿的,in fetus or newborn,P02.3,0.9510723352432251,,,,,
1008,3,血液,blood,,0.9675940871238708,,,,,
1008,4,不伴有报告诊断,without reported diagnosis,Z51.3,0.9811330437660217,,,,,
1008,4,反应或并发症-见并发症，输血,"reaction or complication - see Complications, transfusion",,0.9534421563148499,,,,,
1008,2,输注并发症，意外事故或反应-见并发症，输注,"Infusion complication, misadventure or reaction - see Complications, infusion",,0.9936413168907166,,,,,
1008,1,shǔ 鼠,,,0.9449536204338074,,,,,
1008,2,鼠，关节,"Mice, Mouse, joint",M24.0,0.9954649806022644,,,,,
1008,3,膝,knee,M23.4,0.9538573622703552,,,,,
1009,2,鼠型斑疹伤寒,Tabardillo,A75.9,0.9997506141662598,,,,,
1009,3,虱媒介,louse-borne,A75.0,0.9653698801994324,,,,,
1009,3,蚤媒介,flea-borne,A75.2,0.9529439806938171,,,,,
1009,2,鼠咬热(螺菌型),Sodoku,A25.0,0.9989336729049683,,,,,
1009,2,鼠疫,"Plague, Pest, Pestis",A20.9,0.9906330704689026,,,,,
1009,3,败血型,septicemic,A20.7,0.9986883997917175,,,,,
1009,3,暴发性,fulminans,A20.0,0.9941948652267456,,,,,
1009,3,扁桃体,tonsillar,A20.8,0.9917551279067993,,,,,
1009,3,不卧床[轻鼠疫],ambulatory,A20.8,0.9870849847793579,,,,,
1009,3,顿挫性,abortive,A20.8,0.9632570147514343,,,,,
1009,3,肺炎型，肺性(原发性)(继发性),"pneumonica, pneumonic, pulmonary, pulmonic (primary)(secondary)",A20.2,0.988261342048645,,,,,
1009,3,蜂窝织皮下型,cellulocutaneous,A20.1,0.9948101043701172,,,,,
1009,3,腹股沟淋巴结,"bubonic, bubonica",A20.0,0.9740338921546936,,,,,
1009,3,脑膜炎型,meningitis,A20.3+ G01*,0.9698374271392822,,,,,
1009,3,皮肤腹股沟淋巴结,cutaneobubonic,A20.1,0.984957754611969,,,,,
1009,3,轻型,minor,A20.8,0.9503562450408936,,,,,
1009,3,无症状,asymptomatic,A20.8,0.9954494833946228,,,,,
1009,3,腺,"bubonic, bubonica",A20.0,0.9932262301445007,,,,,
1009,3,咽,pharyngeal,A20.8,0.9631242752075195,,,,,
1009,1,shù 术,,,0.9999070763587952,,,,,
1009,2,术后治疗(另见照料),Aftercare (see also Care),Z51.9,0.9989008903503418,,,,,
1009,3,矫形外科(另见取出),orthopedic (see also Removal),Z47.9,0.9804517030715942,,,,,
1009,4,特指的 NEC,specified NEC,Z47.8,0.9748595952987671,,,,,
1009,3,涉及透析,involving dialysis,,0.973158061504364,,,,,
1009,4,腹膜,peritoneal,Z49.2,0.9860906600952148,,,,,
1009,4,肾,renal,Z49.1,0.9716677665710449,,,,,
1009,4,体外,extracorporeal,Z49.1,0.9454274773597717,,,,,
1009,3,特指类型NEC,specified type NEC,Z51.8,0.9905697703361511,,,,,
1009,3,外科手术后,following surgery,Z48.9,0.9982290863990784,,,,,
1009,4,特指的NEC,specified NEC,Z48.8,0.9950330257415771,,,,,
1009,3,正牙学,orthodontics,Z51.8,0.9943928122520447,,,,,
1009,1,shù 束,,,0.9051488041877747,,,,,
1009,2,束,Bundle,,0.9997156262397766,,,,,
1009,3,希氏 - 见情况,of His - see condition,,0.9586840867996216,,,,,
1009,3,支传导阻滞(完全)(假)(不完全)-见阻滞(传导)，束支,"branch block (complete) (false) (incomplete) - see Block, bundle-branch",,0.9765556454658508,,,,,
1010,1,shù 树,,,,,,,,
1010,2,树胶样肿(梅毒性),Gumma (syphilitic),A52.7,0.998772919178009,,,,,
1010,3,鼻,nose,A52.7+ J99.8*,0.9674356579780579,,,,,
1010,3,鼻咽,nasopharynx,A52.7+ J99.8*,0.9779107570648193,,,,,
1010,3,扁桃体,tonsil,A52.7+ J99.8*,0.9874812364578247,,,,,
1010,3,垂体,pituitary,A52.7+ E35.8*,0.9598982930183411,,,,,
1010,3,动脉,artery,A52.0+ I79.8*,0.9355489015579224,,,,,
1010,4,大脑,cerebral,A52.0+ I68.8*,0.9244108200073242,,,,,
1010,3,腭(软),palate (soft),A52.7+ K93.8*,0.9716514348983765,,,,,
1010,3,肝,liver,A52.7+ K77.0*,0.988702654838562,,,,,
1010,3,骨,bone,A52.7+ M90.2*,0.9618903398513794,,,,,
1010,4,雅司病的(晚期),of yaws (late),A66.6+ M90.2*,0.9884476065635681,,,,,
1010,3,虹膜,iris,A52.7+ H22.8*,0.9538766145706177,,,,,
1010,3,喉,larynx,A52.7+ J99.8*,0.9820045828819275,,,,,
1010,3,脊髓,spinal cord,A52.1+ G07*,0.9849644899368286,,,,,
1010,3,结核性,tuberculous,A18.4,0.9797949194908142,,,,,
1010,3,睫状体,ciliary body,A52.7+ H22.8*,0.974643349647522,,,,,
1010,3,眶,orbit,A52.7+ H06.3*,0.97833651304245,,,,,
1010,3,淋巴结(结核),scrofulous (tuberculous),A18.4,0.9843652248382568,,,,,
1010,3,颅内,intracranial,A52.1+ G07*,0.9890828728675842,,,,,
1010,3,马尾,cauda equina,A52.1+ G07*,0.9499448537826538,,,,,
1010,3,脑,brain,A52.1+ G07*,0.9655926823616028,,,,,
1010,3,脑脊膜,meninges,A52.1+ G07*,0.9707856178283691,,,,,
1010,3,皮肤,skin,A52.7+ L99.8*,0.9430091381072998,,,,,
1010,3,气管,trachea,A52.7+ J99.8*,0.9609383344650269,,,,,
1010,3,软脑脊膜,leptomeninges,A52.1+ G07*,0.9782570600509644,,,,,
1010,3,舌,tongue,A52.7+ K93.8*,0.9793564677238464,,,,,
1010,3,神经梅毒性,neurosyphilitic,A52.3,0.9932138323783875,,,,,
1010,3,肾,kidney,A52.7+ N29.0*,0.9692456126213074,,,,,
1010,3,输尿管,ureter,A52.7+ N29.1*,0.9778598546981812,,,,,
1010,3,特指部位 NEC,"specified site NEC ,7",A52.7,0.9632519483566284,,,,,
1010,3,先天性,congenital,A50.5,0.9522991180419922,,,,,
1010,3,心包,pericardium,A52.0+ I32.0*,0.9626442790031433,,,,,
1010,3,心肌,myocardium,A52.0+ I41.0*,0.958707332611084,,,,,
1010,3,心脏,heart,A52.0+ I52.0*,0.9530019760131836,,,,,
1010,3,雅司病，雅司病引起的溃疡性,"yaws, ulcerative due to yaws",A66.4,0.9956888556480408,,,,,
1010,4,骨,bone,A66.6+ M90.2*,0.9706053733825684,,,,,
1010,3,咽,pharynx,A52.7+ J99.8*,0.9617801904678345,,,,,
1010,3,眼睑,eyelid,A52.7+ H03.1*,0.966159462928772,,,,,
1010,3,阴茎,penis,A52.7+ N51.8*,0.9931908845901489,,,,,
1010,3,中枢神经系统,central nervous system,A52.3,0.9963972568511963,,,,,
1011,1,shù 竖,,,0.9392144083976746,,,,,
1011,2,竖起趾,Cocked up toe,M20.5,0.99614018201828,,,,,
1011,1,shuāi 衰,,,0.9990894198417664,,,,,
1011,2,衰竭(全身 NEC),"Collapse, Exhaustion, Failure, Failed, Prostration (physical NEC)",R53,0.9841842651367188,,,,,
1011,3,并发于妊娠,complicating pregnancy,O26.8,0.9794965386390686,,,,,
1011,3,充血性(另见衰竭，心力，充血性),"congestive (see also Failure, heart, congestive)",I50.0,0.9576162695884705,,,,,
1011,3,代偿性-见病，心脏,"compensation - see Disease, heart",,0.9743492007255554,,,,,
1011,3,窦房传导(另见衰竭，心力),"sinoauricular (see also Failure, heart)",I50.9,0.9648152589797974,,,,,
1011,3,多腺体，自身免疫性,"polyglandular, autoimmune",E31.0,0.9916882514953613,,,,,
1011,3,二尖瓣,mitral,I05.8,0.9273694157600403,,,,,
1011,3,肝,"hepatic, liver",K72.9,0.9882758855819702,,,,,
1011,4,急性或亚急性,acute or subacute,K72.0,0.953624427318573,,,,,
1011,4,慢性,chronic,K72.1,0.953852653503418,,,,,
1011,4,伴有,with,,0.7911590933799744,,,,,
1011,5,其他器官衰竭，对每个部位编码(另见衰竭，器官，多处 NEC),"other organ failure, code each site (see also Failure organ multiple NEC)",,0.9549373984336853,,,,,
1011,4,酒精性(急性)(慢性)(亚急性)(伴有或不伴有肝昏迷),alcoholic (acute) (chronic) (subacute) (with or without hepatic coma),K70.4,0.9663355946540833,,,,,
1011,4,手术后,postoperative,K91.8,0.9355685710906982,,,,,
1011,4,由于药物(急性)(慢性)(亚急性),due to drugs (acute) (chronic) (subacute),K71.1,0.9772013425827026,,,,,
1011,3,肝肾,hepatorenal,K76.7,0.9628728032112122,,,,,
1011,3,睾丸内分泌功能,testicular endocrine function,E29.1,0.9543495774269104,,,,,
1011,3,冠状动脉(另见供血不足，冠状动脉),"coronary (see also Insufficiency, coronary)",I24.8,0.9789167046546936,,,,,
1011,3,呼吸,"respiration, respiratory",J96.9,0.9973056316375732,,,,,
1011,4,急性,acute,J96.0,0.9293684363365173,,,,,
1011,4,慢性,chronic,J96.1,0.9796006679534912,,,,,
1011,4,伴有,with,,0.7384836673736572,,,,,
1011,5,其他器官衰竭，对每个部位编码(另见衰竭，器官，多处NEC),"other organ failure, code each site (see also Failure organ multiple NEC)",,0.9841319918632507,,,,,
1011,4,操作后,postprocedural,J95.8,0.976807713508606,,,,,
1011,4,新生儿,newborn,P28.5,0.9630060195922852,,,,,
1011,4,中枢,center,G93.8,0.9665771126747131,,,,,
1011,3,精力NEC,vital NEC,Z73.0,0.9595991969108582,,,,,
1011,3,精神病性,psychosis,F43.0,0.9604552984237671,,,,,
1011,3,老年性(全身性),"old age, senile (general)",R54,0.9822336435317993,,,,,
1011,3,卵巢功能(原发性),ovarian (primary),E28.3,0.9822895526885986,,,,,
1011,4,操作后(部分切除后)(辐照后)(手术后),postprocedural (postablative) (postirradiation) (postsurgical),E89.4,0.9829277992248535,,,,,
1011,4,医源性,iatrogenic,E89.4,0.9810070991516113,,,,,
1011,3,泌尿系-见衰竭，肾,"urinary - see Failure, renal",,0.9812113046646118,,,,,
1011,3,母体，并发于分娩,"maternal, complicating delivery",O75.8,0.9884463548660278,,,,,
1011,4,影响到胎儿或新生儿,affecting fetus or newborn,P03.8,0.9581558704376221,,,,,
1012,3,脑血管,cerebrovascular,I67.9,0.9882240295410156,,,,,
1012,3,器官-见衰竭，按部位,"organ – see Failure, by site",,0.9655471444129944,,,,,
1012,4,多处 NEC,multiple NEC,R68.8,0.908013641834259,,,,,
1012,3,热(另见中暑，衰竭),"heat (see also Heat, exhaustion)",T67.5,0.9872236251831055,,,,,
1012,3,神经循环性,neurocirculatory,F45.3,0.9837813973426819,,,,,
1012,3,肾,"kidney, renal",N19,0.9206936955451965,,,,,
1012,4,急性,acute,N17.9,0.9228283762931824,,,,,
1012,4,伴有,with,,0.7277028560638428,,,,,
1012,5,皮质坏死,cortical necrosis,N17.1,0.9208081364631653,,,,,
1012,6,髓样坏死,medullary necrosis,N17.2,0.9139023423194885,,,,,
1012,6,小管性坏死,tubular necrosis,N17.0,0.9370630383491516,,,,,
1012,4,特指的NEC,specified NEC,N17.8,0.9571196436882019,,,,,
1012,4,慢性,chronic,N18.9,0.9582899808883667,,,,,
1012,5,高血压性(另见高血压，肾性),"hypertensive (see also Hypertension, kidney)",I12.0,0.9296477437019348,,,,,
1012,4,肾终末期,end stage renal disease,N18.0,0.9883085489273071,,,,,
1012,4,伴有,with,,0.8826271295547485,,,,,
1012,5,高血压(另见高血压，肾性),"hypertension (see also Hypertension, kidney)",I12.0,0.9283066987991333,,,,,
1012,5,高血压心脏病(在中的情况),hypertensive heart disease (conditions in ),I11 I13.1,0.9412609338760376,,,,,
1012,3,伴有,with,,0.8956984281539917,,,,,
1012,4,心力衰竭(充血性),heart failure (congestive),I13.2,0.9463151097297668,,,,,
1012,4,其他器官衰竭，对每个部位编码(另见衰竭，器官，多处NEC),"other organ failure, code each site (see also Failure organ multiple NEC)",,0.9611678123474121,,,,,
1012,5,小管性坏死(急性),tubular necrosis (acute),N17.0,0.9918335676193237,,,,,
1012,4,操作后,postprocedural,N99.0,0.9834920167922974,,,,,
1012,4,高血压性(另见高血压，肾性),"hypertensive (see also Hypertension, kidney)",I12.0,0.9682806730270386,,,,,
1012,4,后,following,,0.8524085879325867,,,,,
1012,5,产程和分娩(急性),labor and delivery (acute),O90.4,0.9712963104248047,,,,,
1012,5,挤压,crushing,T79.5,0.9790780544281006,,,,,
1012,4,流产(随后发生),abortion (subsequent episode),O08.4,0.9605726003646851,,,,,
1012,4,近期发生-见流产,current episode – see Abortion,,0.9003728628158569,,,,,
1012,5,异位妊娠或葡萄胎妊娠,ectopic or molar pregnancy,O08.4,0.9613919854164124,,,,,
1012,4,先天性,congenital,P96.0,0.9844727516174316,,,,,
1012,4,终末期(慢性),end stage (chronic),N18.0,0.9700621366500854,,,,,
1012,3,肾上腺,adrenal,E27.2,0.996060848236084,,,,,
1012,3,生命中枢，胎儿或新生儿,"vital centers, fetus or newborn",P91.8,0.9729618430137634,,,,,
1012,3,胎儿或新生儿,fetus or newborn,P96.8,0.9964008927345276,,,,,
1012,3,心肌(另见衰竭，心力),"myocardial, myocardium, myocardium, m",I50.9,0.9808037877082825,,,,,
1013,3,心力[心](急性)(突然),heart (acute)(sudden),I50.9,0.9493168592453003,,,,,
1013,4,伴有,with,,0.7524006366729736,,,,,
1013,5,代偿失调(另见衰竭，心力，充血性),"decompensation (see also Failure, heart, congestive)",I50.9,0.9492329955101013,,,,,
1013,5,急性肺水肿-见衰竭，心室，左,"acute pulmonary edema - see Failure, ventricular, left",,0.960360586643219,,,,,
1013,5,扩张-见病，心脏,"dilatation - see Disease, heart",,0.9258574843406677,,,,,
1013,5,其他器官衰竭，对每个部位编码(另见衰竭，器官，多处NEC),"other organ failure, code each site (see also Failure organ multiple NEC)",,0.9710980653762817,,,,,
1013,4,瓣膜-见心内膜炎,valvular - see Endocarditis,,0.9495165944099426,,,,,
1013,4,变性性(另见变性，心肌),"degenerative (see also Degeneration, myocardial)",I51.5,0.9164462089538574,,,,,
1013,4,并发,complicating,,0.8303890228271484,,,,,
1013,5,分娩(剖宫产)(器械的),delivery (cesarean) (instrumental),O75.4,0.9565045237541199,,,,,
1013,4,麻醉(全身)(局部)或其他镇静剂,anesthesia (general) (local) or other sedation,,0.980090856552124,,,,,
1013,5,产后，产褥期,"postpartum, puerperal",O89.1,0.9265993237495422,,,,,
1013,5,妊娠中,in pregnancy,O29.1,0.9325746893882751,,,,,
1013,5,在产程和分娩中,during labor and delivery,O74.2,0.9436269998550415,,,,,
1013,5,手术,surgery,T81.8,0.9277999997138977,,,,,
1013,4,充血性,congestive,I50.0,0.9627970457077026,,,,,
1013,5,高血压性(另见高血压，心脏),"hypertensive (see also Hypertension, heart)",I11.0,0.9547664523124695,,,,,
1013,6,伴有肾病,with renal disease,I13.0,0.9002857208251953,,,,,
1013,7,伴有肾衰竭,with renal failure,I13.2,0.9393752217292786,,,,,
1013,5,新生儿,newborn,P29.0,0.9489338994026184,,,,,
1013,4,风湿性(慢性)(非活动性)-见情况，按瓣膜，风湿性,"rheumatic (chronic) (inactive) - see condition, by valve, rheumatic",,0.9730162620544434,,,,,
1013,4,高排出量-见病，心脏,"high output - see Disease, heart",,0.9480645060539246,,,,,
1013,4,高血压性(另见高血压，心脏),"hypertensive (see also Hypertension, heart)",I11.0,0.9500840306282043,,,,,
1013,5,伴有肾病,with renal disease,I13.0,0.9530764222145081,,,,,
1013,6,伴有肾衰竭,with renal failure,I13.2,0.97409588098526,,,,,
1013,4,甲状腺毒性(另见甲状腺毒症)?,thyrotoxic (see also Thyrotoxicosis) ?,E05.9 I43.8*,0.967751681804657,,,,,
1013,3,老年性,senile,R54,0.967345118522644,,,,,
1013,4,器质性-见病，心脏,"organic - see Disease, heart",,0.9388606548309326,,,,,
1013,4,缺血性,ischemic,I25.5,0.9771456718444824,,,,,
1013,4,手术后,postoperative,I97.8,0.9455376863479614,,,,,
1013,5,心脏手术,cardiac surgery,I97.1,0.9607877135276794,,,,,
1013,4,特指的，在某次操作中或由于某次操作,"specified, during or due to a procedure",T81.8,0.9522926211357117,,,,,
1013,5,心脏外科手术的远期效应,long-term effect of cardiac surgery,I97.1,0.9803072214126587,,,,,
1013,4,新生儿,newborn,P29.0,0.9577608108520508,,,,,
1013,4,由于存在心脏假体,due to presence of cardiac prosthesis,I97.1,0.9697801470756531,,,,,
1013,4,右(心室)(继发于左心衰竭)(另见衰竭，心力，充血性),"right (ventricular) (secondary to left heart failure) (see also Failure, heart, congestive)",I50.0,0.9710169434547424,,,,,
1013,4,左(心室)(另见衰竭，心室，左),"left (ventricular) (see also Failure, ventricular, left)",I50.1,0.9662420749664307,,,,,
1014,3,心肾性,cardiorenal,I13.2,0.9658099412918091,,,,,
1014,4,高血压性,hypertensive,I13.2,0.9730824828147888,,,,,
1014,4,慢性,chronic,I50.9,0.9717496633529663,,,,,
1014,3,心室(另见衰竭，心力),"ventricular (see also Failure, heart)",I50.9,0.9655511379241943,,,,,
1014,4,右(另见衰竭，心力，充血性),"right (see also Failure, heart, congestive)",I50.0,0.9487845301628113,,,,,
1014,4,左,left,I50.1,0.890968918800354,,,,,
1014,4,伴有风湿热(中的情况),with rheumatic fever (conditions in ),I00,0.9875926375389099,,,,,
1014,3,非活动性或静止的(伴有舞蹈症),inactive or quiescent (with chorea),I09.8,0.9746587872505188,,,,,
1014,3,活动性,active,I01.8,0.9678782224655151,,,,,
1014,4,伴有舞蹈症,with chorea,I02.0,0.9332829713821411,,,,,
1014,3,风湿性(慢性)(非活动性)(伴有舞蹈症),rheumatic (chronic) (inactive) (with chorea),I09.8,0.973253071308136,,,,,
1014,4,活动性或急性,active or acute,I01.8,0.9293259382247925,,,,,
1014,5,伴有舞蹈症,with chorea,I02.0,0.9727293252944946,,,,,
1014,4,高血压性(另见高血压，心脏),"hypertensive (see also Hypertension, heart)",I11.0,0.9537256360054016,,,,,
1014,3,心血管,cardiovascular,R57.9,0.9797345399856567,,,,,
1014,4,新生儿,newborn,P29.8,0.9865244030952454,,,,,
1014,3,心因性,psychogenic,F48.0,0.9775068759918213,,,,,
1014,3,心脏(另见衰竭，心力),"cardiac, heart (see also Failure, heart)",I50.9,0.9694837331771851,,,,,
1014,3,心脏呼吸[呼吸循环](另见衰竭，心力),"cardiorespiratory (see also Failure, heart)",R09.2,0.9758474826812744,,,,,
1014,4,特指的，在某次操作中或由于某次操作,"specified, during or due to a procedure",T81.8,0.9613126516342163,,,,,
1014,5,心脏外科手术的远期效应,long-term effect of cardiac surgery,I97.1,0.9737719297409058,,,,,
1014,4,新生儿,newborn,P29.0,0.9424314498901367,,,,,
1014,3,循环(周围),"circulation, circulatory (peripheral)",R57.9,0.9947395920753479,,,,,
1014,4,后,following,,0.9296687245368958,,,,,
1014,5,流产(随后发生),abortion (subsequent episode),O08.3,0.9653939008712769,,,,,
1014,4,近期发生-见流产,current episode — see Abortion,,0.9221154451370239,,,,,
1014,5,异位妊娠或葡萄胎妊娠,ectopic or molar pregnancy,O08.3,0.9624910354614258,,,,,
1014,4,胎儿或新生儿,etus or newborn,P29.8,0.973483145236969,,,,,
1014,4,在产程和分娩中或以后,during or after labor and delivery,O75.1,0.9743480682373047,,,,,
1014,3,由于,due to,,0.973004937171936,,,,,
1014,4,暴露于(不良环境),exposure,T73.2,0.9664320945739746,,,,,
1014,4,过度劳累,excessive exertion,T73.3,0.9891892075538635,,,,,
1014,4,寒冷,cold,T69.8,0.9743503928184509,,,,,
1014,4,妊娠,pregnancy,O26.8,0.9487171173095703,,,,,
1014,4,神经衰弱,neurasthenia,F48.0,0.9868457913398743,,,,,
1014,3,谵妄,delirium,F43.0,0.9838472008705139,,,,,
1014,3,战斗,battle,F43.0,0.9972785711288452,,,,,
1014,3,主动脉(瓣),aortic (valve),I35.8,0.9501514434814453,,,,,
1014,4,风湿性,rheumatic,I06.8,0.9644180536270142,,,,,
1014,3,左右心室,biventricular,I50.0,0.9739057421684265,,,,,
1015,2,衰老(另见老年性),"Senile, senility (see also Senile)",R54,0.9891780018806458,,,,,
1015,2,衰弱,Infirmity,R68.8,0.9939277172088623,,,,,
1015,3,老年性,senile,R54,0.9504777193069458,,,,,
1015,2,衰弱，无力(慢性)(全身性)(另见衰竭),"Asthenia, Asthenic, Prostration, Worn out (see also Exhaustion)",R53,0.99538254737854,,,,,
1015,3,反应功能(精神生理学功能),reaction (psychophysiologic),F48.0,0.9856722950935364,,,,,
1015,3,精神神经症型,psychoneurotic,F48.0,0.9898995161056519,,,,,
1015,3,精神生理学功能,psychophysiologic,F48.0,0.9915278553962708,,,,,
1015,3,神经症性,neurotic,F48.0,0.9594283699989319,,,,,
1015,3,心肌(另见衰竭，心力),"myocardial (see also Failure, heart)",I50.9,0.9775801301002502,,,,,
1015,4,心因性,psychogenic,F45.3,0.9787706136703491,,,,,
1015,3,心血管(另见衰竭，心力),"cardiovascular (see also Failure, heart)",I50.9,0.9719359874725342,,,,,
1015,4,心因性,psychogenic,F45.3,0.975071370601654,,,,,
1015,3,心因性,psychogenic,F48.0,0.9994122385978699,,,,,
1015,3,心脏(另见衰竭，心力),"cardiac, heart (see also Failure, heart)",I50.9,0.9706263542175293,,,,,
1015,4,心因性,psychogenic,F45.3,0.9915158152580261,,,,,
1015,3,癔症性,hysterical,F44.4,0.9540007710456848,,,,,
1015,2,衰退(全身性)(另见虚弱),"Decline (general), Deterioration, Senile, Senility (see also Debility)",R53,0.9993315935134888,,,,,
1015,3,癫疯性,epileptic,F06.8,0.9188926219940186,,,,,
1015,3,宫颈(萎缩性),cervix (atrophic),N88.8,0.9892444014549255,,,,,
1015,3,精神(另见精神病),mental (see also Psychosis),F29,0.9971315860748291,,,,,
1015,3,酒精性(酒精中毒性),alcohol (alcoholic),F10.1,0.9691780805587769,,,,,
1015,3,老年性(单纯性),senile (simple),R54,0.9859647154808044,,,,,
1015,3,卵巢(萎缩性),ovary (atrophic),N83.3,0.9685952663421631,,,,,
1015,3,全身性,general physical,R53,0.9721207022666931,,,,,
1015,3,认知，与年龄有关,"cognitive, age-associated",R41.8,0.9924046397209167,,,,,
1015,3,输卵管(萎缩性),fallopian tube (atrophic),N83.3,0.9847517013549805,,,,,
1015,3,心肌(另见变性，心肌),"myocardial, myocardium (see also Degeneration, myocardial)",I51.5,0.9659136533737183,,,,,
1015,3,心脏(另见变性，心肌),"heart, cardiac (see also Degeneration, myocardial)",I51.5,0.9497645497322083,,,,,
1015,3,子宫内膜(萎缩性),endometrium (atrophic),N85.8,0.9838740229606628,,,,,
1015,1,shuān 栓,,,0.9683637619018555,,,,,
1015,2,栓塞(脓毒性),Embolism (septic),I74.9,0.974114179611206,,,,,
1015,3,败血症性-见败血症,septicemic – see Septicemia,,0.9593459367752075,,,,,
1015,3,产科性(肺),obstetric (pulmonary),O88.2,0.965860903263092,,,,,
1015,4,空气,air,O88.0,0.9042739868164062,,,,,
1015,4,脓毒性，脓毒症性,"septic, pyemic",O88.3,0.9699790477752686,,,,,
1015,4,特指的NEC,specified NEC,O88.8,0.9786795973777771,,,,,
1015,4,血凝块,blood clot,O88.2,0.969948947429657,,,,,
1015,4,羊水,amniotic fluid,O88.1,0.8759666681289673,,,,,
1015,4,脂肪,fat,O88.8,0.922851026058197,,,,,
1016,3,产褥期-见栓塞，产科性,"puerperal - see Embolism, obstetric",,0.9936068654060364,,,,,
1016,3,肠，肠系膜(动脉)(静脉)(伴有坏疽),"intestine, mesenteric (artery) (vein) (with gangrene)",K55.0,0.982239842414856,,,,,
1016,3,垂体,pituitary,E23.6,0.96071857213974,,,,,
1016,3,"大脑(另见闭塞,动脉,大脑)","cerebral (see also Occlusion, artery, cerebral)",I66.9,0.9537985920906067,,,,,
1016,3,动脉,artery,I74.9,0.9582843780517578,,,,,
1016,4,肠系膜(伴有坏疽),mesenteric (with gangrene),K55.0,0.9806912541389465,,,,,
1016,4,垂体,hypophyseal,I66.8,0.8868758082389832,,,,,
1016,4,大脑(另见闭塞，动脉，大脑),"cerebral (see also Occlusion, artery, cerebral)",I66.9,0.9235643744468689,,,,,
1016,4,肺-见栓塞，肺,"pulmonary - see Embolism, pulmonary",,0.9070321321487427,,,,,
1016,4,冠状(另见梗死，心肌),"coronary(see also Infarct, myocardium)",I21.9,0.9652426242828369,,,,,
1016,5,未造成梗死,not resulting in infarction,I24.0,0.9858524799346924,,,,,
1016,4,后交通,communicating posterior,I66.8,0.9727023839950562,,,,,
1016,4,基底(另见闭塞，动脉，基底),"basilar (see also Occlusion, artery, basilar)",I65.1,0.9698992371559143,,,,,
1016,4,颈动脉(总)(内)(另见闭塞，动脉，颈),"carotid (common) (internal) (see also Occlusion, artery, carotid)",I65.2,0.9622204303741455,,,,,
1016,4,脉络膜(前),choroidal (anterior),I66.8,0.9258401393890381,,,,,
1016,4,迷路,"auditory, internal",I65.8,0.9519579410552979,,,,,
1016,4,脑桥,pontine,I66.8,0.9789137244224548,,,,,
1016,4,髂,iliac,I74.5,0.9593294858932495,,,,,
1016,4,入脑前(另见闭塞，动脉，入脑前),"precerebral (see also Occlusion, artery, precerebral)",I65.9,0.9690017104148865,,,,,
1016,4,肾,renal,N28.0,0.9470489025115967,,,,,
1016,4,视网膜,retinal,H34.2,0.9962294697761536,,,,,
1016,4,特指的NEC,specified NEC,I74.8,0.994693398475647,,,,,
1016,4,小脑(前下)(后下)(上)(另见闭塞，动脉，小脑),"cerebellar (anterior inferior) (posterior inferior) (superior) (see also Occlusion, artery, cerebellar)",I66.3,0.9215437769889832,,,,,
1016,4,眼,ophthalmic,H34.2,0.9754860401153564,,,,,
1016,4,肢,limb,I74.4,0.9045079946517944,,,,,
1016,5,上,upper,I74.2,0.9010922312736511,,,,,
1016,5,下,lower,I74.3,0.8810314536094666,,,,,
1016,4,周围,peripheral,I74.4,0.9654213786125183,,,,,
1016,4,椎骨(另见闭塞，动脉，椎),"vertebral (see also Occlusion, artery, vertebral)",I65.0,0.9426021575927734,,,,,
1016,3,窦-见栓塞，颅内，静脉窦,"sinus - see Embolism, intracranial, venous sinus",,0.9774186015129089,,,,,
1016,3,多发性NEC,multiple NEC,I74.9,0.9912002086639404,,,,,
1016,3,反常的NEC,paradoxical NEC,I74.9,0.9940664172172546,,,,,
1016,3,肥皂，流产后,"soap, following abortion",O08.2,0.9785683751106262,,,,,
1016,3,肺(动脉)(静脉)(大块),"lung, pulmonary (artery)(vein)(massive)",I26.9,0.9775412082672119,,,,,
1016,4,伴有急性肺心病,with acute cor pulmonale,I26.0,0.9395771622657776,,,,,
1016,4,在妊娠、分娩或产褥期中-见栓塞，产科性,"in pregnancy, childbirth or puerperium - see Embolism, obstetric",,0.9644171595573425,,,,,
1016,3,分娩，母亲-见栓塞，产科性,"birth, mother - see Embolism, obstetric",,0.969415545463562,,,,,
1017,3,肝(静脉),hepatic (vein),I82.0,0.9572240114212036,,,,,
1017,3,股,femoral,I74.3,0.9472357630729675,,,,,
1017,4,静脉(浅),vein (superficial),I80.1,0.959506094455719,,,,,
1017,3,冠状(动脉或静脉)(全身性)(另见梗死，心肌),"coronary (artery or vein) (systemic) (see also Infarct, myocardium)",I21.9,0.9509519934654236,,,,,
1017,4,未造成梗死,not resulting in infarction,I24.0,0.9841490387916565,,,,,
1017,3,"海绵窦(静脉)-见栓塞,颅内,静脉窦","cavernous sinus (venous) - see Embolism, intracranial venous sinus",,0.9518553018569946,,,,,
1017,3,后,following,,0.9651569128036499,,,,,
1017,4,流产(随后发生),abortion (subsequent episode),O08.2,0.9718742370605469,,,,,
1017,5,近期发生-见流产,current episode - see Abortion,,0.9547911286354065,,,,,
1017,4,输注、治疗性注射或输血,"infusion, therapeutic injection or transfusion",,0.9642207026481628,,,,,
1017,5,空气,air,T80.0,0.920926034450531,,,,,
1017,5,血栓,thrombus,T80.1,0.93086838722229,,,,,
1017,4,异位妊娠或葡萄胎妊娠,ectopic or molar pregnancy,O08.2,0.9637225866317749,,,,,
1017,3,脊髓,spinal cord,G95.1,0.9794202446937561,,,,,
1017,4,生脓性原因,pyogenic origin,G06.1,0.9797382950782776,,,,,
1017,3,颈(总)(内)动脉(另见闭塞，动脉，颈),"carotid (artery) (common) (internal) (see a Occlusion, artery, carotid)",I65.2,0.9671201705932617,,,,,
1017,3,静脉,vein,I82.9,0.9295445084571838,,,,,
1017,4,肠系膜(伴有坏疽),mesenteric (withgangrene) .,K55.0,0.9666163921356201,,,,,
1017,4,大脑,cerebral,I67.6,0.9419313073158264,,,,,
1017,4,肺-见栓塞，肺,"pulmonary - see Embolism, pulmonary",,0.9494906663894653,,,,,
1017,4,肝,hepatic,I82.0,0.921523928642273,,,,,
1017,4,冠状(另见梗死，心肌),"coronary (see also Infarct, myocardium)",I21.9,0.9651575088500977,,,,,
1017,5,未造成梗死,not resulting in infarction,I24.0,0.9620674848556519,,,,,
1017,4,门,portal,I81,0.7047715783119202,,,,,
1017,4,肾,renal,I82.3,0.9237103462219238,,,,,
1017,4,特指的NEC,specified NEC,I82.8,0.9906089305877686,,,,,
1017,3,空气(任何部位)(创伤性),air (any site) (traumatic),T79.0,0.9662256240844727,,,,,
1017,4,后,following,,0.8915465474128723,,,,,
1017,5,操作 NEC,procedure NEC,T81.7,0.9528157114982605,,,,,
1017,5,流产-见栓塞，后，流产,"abortion - see Embolism, following, abortion",,0.9141336679458618,,,,,
1017,5,输注、治疗性注射或输血,"infusion, therapeutic injection or transfusion",T80.0,0.9923892021179199,,,,,
1017,4,在妊娠、分娩或产褥期中,"in pregnancy, childbirth or puerperium",O88.0,0.9772969484329224,,,,,
1017,3,颅内(另见闭塞，动脉，大脑),"intracranial (see also Occlusion, artery, cerebral)",I66.9,0.9745147824287415,,,,,
1017,4,静脉窦(任何),venous sinus (any),G08,0.9730584025382996,,,,,
1017,5,非生脓性,nonpyogenic,I67.6,0.9714490175247192,,,,,
1017,3,毛细血管,capillary,I78.8,0.9733494520187378,,,,,
1017,3,门(静脉),portal (vein),I81,0.9751931428909302,,,,,
1017,3,脑(另见闭塞，动脉，大脑),"brain (see also Occlusion, artery, cerebral)",I66.9,0.9461745023727417,,,,,
1017,4,在妊娠、分娩或产褥期中,"in pregnancy, childbirth or puerperium",O88.2,0.9820706248283386,,,,,
1018,3,脑脊膜,meninges,I66.8,0.95633864402771,,,,,
1018,3,"脑血管(另见闭塞，动脉,大脑)","vessels of brain (see also Occlusion, artery, cerebral)",I66.9,0.9533823728561401,,,,,
1018,3,脓毒性(多发性)(另见败血症),pyemic (multiple) (see also Septicemia),A41.9,0.9810797572135925,,,,,
1018,4,产褥期、产后或分娩中(任何病原体),"puerperal, postpartal or in childbirth (any organism)",O88.3,0.9827113151550293,,,,,
1018,4,肺炎球菌性,pneumococcal,A40.3,0.9615117311477661,,,,,
1018,5,伴有肺炎,with pneumonia,J13,0.9863952398300171,,,,,
1018,4,后,following,,0.7968928813934326,,,,,
1018,5,流产(随后发生),abortion (subsequent episode),O08.2,0.9597352147102356,,,,,
1018,4,近期发生-见流产,current episode - see Abortion,,0.937749445438385,,,,,
1018,4,异位妊娠或葡萄胎妊娠.,ectopic or molar pregnancy,O08.2,0.9392256140708923,,,,,
1018,4,链球菌性,streptococcal,A40.9,0.9748908877372742,,,,,
1018,4,葡萄球菌性,staphylococcal,A41.2,0.9704731106758118,,,,,
1018,4,特指的病原体NEC,specified organism NEC,A41.8,0.9795942902565002,,,,,
1018,3,脾(动脉),"spleen, splenic (artery)",I74.8,0.9749298691749573,,,,,
1018,3,腔静脉,vena cava,I82.2,0.9523345828056335,,,,,
1018,3,入脑前动脉(另见闭塞，动脉，入脑前),"precerebral artery (see also Occlusion, artery precerebral)",I65.9,0.975269079208374,,,,,
1018,3,肾(动脉),"kidney, renal (artery)",N28.0,0.976076602935791,,,,,
1018,4,静脉,vein,I82.3,0.9724014401435852,,,,,
1018,3,矢状窦(静脉)-见栓塞，颅内，静脉窦,"longitudinal sinus (venous) - see Embolism, intracranial, venous sinus",,0.9694534540176392,,,,,
1018,3,视网膜(性),"retina, retinal",H34.2,0.9777728915214539,,,,,
1018,3,手术后,postoperative,T81.7,0.9900566935539246,,,,,
1018,3,腿,leg,I80.3,0.9445987939834595,,,,,
1018,3,外侧窦(静脉)-见栓塞，颅内，静脉窦,"lateral sinus (venous) - see Embolism, intracranial, venous sinus",,0.9886235594749451,,,,,
1018,3,下肢,lower extremity,I80.3,0.9570668935775757,,,,,
1018,4,动脉,arterial,I74.3,0.9813123345375061,,,,,
1018,3,心脏(脂肪性)(另见梗死，心肌),"cardiac, heart (fatty) (see also Infarct, myocardium)",I21.9,0.9770189523696899,,,,,
1018,4,未造成梗死,not resultingin infarction,I24.0,0.9535214900970459,,,,,
1018,3,血凝块,blood clot,,0.9845602512359619,,,,,
1018,4,后,following,,0.8530235290527344,,,,,
1018,5,流产,abortion,O08.2,0.9090697169303894,,,,,
1018,4,在妊娠、分娩或产褥期中,"in pregnancy, childbirth or puerperium",O88.2,0.9730021357536316,,,,,
1018,3,血栓(血栓栓塞)，输注、治疗性注射或输血后,"thrombus (thromboembolism), following infusion, therapeutic injection or transfusion",T80.1,0.9804955720901489,,,,,
1018,3,眼,"eye, ophthalmic",H34.2,0.9733006954193115,,,,,
1018,3,羊水(肺),amniotic fluid (pulmonary),O88.1,0.988301694393158,,,,,
1018,4,流产后-见栓塞，后，流产,"following abortion - see Embolism, following, abortion",,0.9314748644828796,,,,,
1018,3,阴茎,penis,N48.8,0.9733045101165771,,,,,
1019,3,由于装置、植入物或移植物引起的(另见并发症，按部位和类型，特指的NEC),"due to device, implant or graft (see also Complications, by site and type, specified NEC)",T85.8,0.9937434196472168,,,,,
1019,4,导管NEC,catheter NEC,T85.8,0.957431972026825,,,,,
1019,5,泌尿系(留置),urinary (indwelling),T83.8,0.9793190360069275,,,,,
1019,5,输注NEC,infusion NEC,T82.8,0.9338414669036865,,,,,
1019,6,脊髓(硬膜外)(硬膜下),spinal (epidural) (subdural),T85.8,0.9630600810050964,,,,,
1019,5,透析(肾),dialysis (renal),T82.8,0.9528905749320984,,,,,
1019,6,腹膜内,intraperitoneal,T85.8,0.9675262570381165,,,,,
1019,4,电(极)(脉冲发生器)(刺激器),electronic (electrode) (pulse generator) (stimulator),,0.9550349116325378,,,,,
1019,5,骨,bone,T84.8,0.8788857460021973,,,,,
1019,5,泌尿系,urinary,T83.8,0.9469369649887085,,,,,
1019,5,神经系统(脑)(周围神经)(脊髓),nervous system (brain) (peripheral nerve) (spinal),T85.8,0.9768883585929871,,,,,
1019,5,心脏,cardiac,T82.8,0.9522987604141235,,,,,
1019,4,动脉移植物NEC,arterial graft NEC,T82.8,0.9695894122123718,,,,,
1019,4,关节假体,joint prosthesis,T84.8,0.9408667683601379,,,,,
1019,4,矫形外科(骨移植物)NEC,orthopedic (bone graft) NEC,T84.8,0.9660568237304688,,,,,
1019,4,泌尿系(移植物)NEC,urinary (graft) NEC,T83.8,0.9684468507766724,,,,,
1019,4,脑室颅内分流,ventricular intracranial shunt,T85.8,0.9787488579750061,,,,,
1019,4,内固定(矫形外科)NEC,"fixation, internal (orthopedic) NEC",T84.8,0.9800103306770325,,,,,
1019,4,乳房(植入物),breast (implant),T85.8,0.975974440574646,,,,,
1019,4,生殖系NEC,genital NEC,T83.8,0.9852286577224731,,,,,
1019,4,特指的NEC,specified NEC,T85.8,0.9815875291824341,,,,,
1019,4,胃肠(胆管)(食管),gastrointestinal (bile duct) (esophagus),T85.8,0.9718232154846191,,,,,
1019,4,心脏(移植物)(瓣膜),heart (graft) (valve),T82.8,0.9770991206169128,,,,,
1019,4,血管NEC,vascular NEC,T82.8,0.9787129163742065,,,,,
1019,4,眼(角膜移植物)(眶植入物),ocular (corneal graft) (orbital implant),T85.8,0.973048985004425,,,,,
1019,3,在妊娠、分娩或产褥期中(另见栓塞，产科性),"in pregnancy, childbirth or puerperium (see also Embolism, obstetric)",O88.2,0.9914409518241882,,,,,
1019,3,脂肪(大脑)(肺)(全身性),fat (cerebral) (pulmonary) (systemic),T79.1,0.9808000922203064,,,,,
1019,4,并发于分娩,complicating delivery,O88.8,0.9661328792572021,,,,,
1019,3,周围动脉NEC .,peripheral artery NEC,I74.4,0.9603745341300964,,,,,
1019,3,主动脉,"aorta, aortic",I74.1,0.9804896116256714,,,,,
1019,4,鞍状,saddle,I74.0,0.959199070930481,,,,,
1019,4,权,bifurcation,I74.0,0.9015510082244873,,,,,
1019,4,腹,abdominal,I74.0,0.8821722269058228,,,,,
1019,4,胸,thoracic,I74.1,0.963798463344574,,,,,
1019,3,椎管内静脉窦或静脉G,intraspinal venous sinuses or veins,,0.9992559552192688,,,,,
1019,4,非生脓性,nonpyogenic,G95.1,0.981109082698822,,,,,
1019,2,栓子-见栓塞,Embolus – see Embolism,,0.9886331558227539,,,,,
1019,2,栓子的 - 见情况,Embolic – see condition,,0.9120981693267822,,,,,
1020,3,出口,outlet,,0.9997751116752625,,,,,
1020,4,右心室,right ventricle,Q20.1,0.9635934829711914,,,,,
1020,4,左心室,left ventricle,Q20.2,0.9594243764877319,,,,,
1020,3,耳道,auditory canal,Q17.8,0.9594892859458923,,,,,
1020,3,宫颈,cervix,Q51.8,0.9856834411621094,,,,,
1020,4,伴有双子宫(和阴道),with doubling of uterus (and vagina),Q51.1,0.9471352696418762,,,,,
1020,3,外口,external os,Q51.8,0.9281216859817505,,,,,
1020,3,畸胎,monster,Q89.4,0.9805706143379211,,,,,
1020,3,泌尿道,urinary meatus,Q64.7,0.9920939207077026,,,,,
1020,3,尿道,urethra,Q64.7,0.9883822202682495,,,,,
1020,3,尿道口,meatus urinarius,Q64.7,0.9980798363685608,,,,,
1020,3,膀胱,bladder,Q64.7,0.9872280955314636,,,,,
1020,3,清蛋白,albumin,E88.0,0.9616252779960632,,,,,
1020,3,舌,tongue,Q38.3,0.9665167927742004,,,,,
1020,3,肾，伴有双(肾)盂,kidney with double pelvis (renal),Q63.0,0.9823741316795349,,,,,
1020,3,肾盂，伴有双输尿管,pelvis (renal) with double ureter,Q62.5,0.987099826335907,,,,,
1020,3,视力[复视],vision,H53.2,0.9855685830116272,,,,,
1020,3,输尿管(单或双侧),ureter (one or both sides),Q62.5,0.9892212748527527,,,,,
1020,4,伴有双(肾)盂,with double pelvis (renal),Q62.5,0.9258340001106262,,,,,
1020,3,外阴,vulva,Q52.7,0.9654445648193359,,,,,
1020,3,心耳,auricle (heart),Q20.8,0.9862056970596313,,,,,
1020,3,心室入口,inlet ventricle,Q20.4,0.9849010109901428,,,,,
1020,3,阴道,vagina,Q52.1,0.9521294832229614,,,,,
1020,4,伴有双子宫(和宫颈),with double uterus (and cervix),Q51.1,0.9817984104156494,,,,,
1020,4,主动脉弓,aortic arch,Q25.4,0.9676375985145569,,,,,
1020,3,子宫,uterus,Q51.2,0.9636681079864502,,,,,
1020,4,伴有,with,,0.8645429611206055,,,,,
1020,5,双宫颈(和阴道),double cervix (and vagina),Q51.1,0.9824650883674622,,,,,
1020,5,双阴道(和宫颈),double vagina (and cervix),Q51.1,0.9824734330177307,,,,,
1020,4,在妊娠或分娩中,in pregnancy or childbirth,O34.0,0.9583698511123657,,,,,
1020,3,引起梗阻性分娩,causing obstructed labor,O65.5,0.9831141829490662,,,,,
1020,4,影响到胎儿或新生儿,affecting fetus or newborn .,P03,0.9725819826126099,,,,,
1020,1,shuāng 双,,,,,,,,
1020,2,双白蛋白血症,Bisalbuminemia,E88.0,0.9999570846557617,,,,,
1020,2,双侧的 - 见情况,Bilateral - see condition,,0.925139844417572,,,,,
1020,2,双侧瘫痪(上肢),Diplegia (upper limbs),G83.0,0.9640346169471741,,,,,
1020,3,下肢,lower limbs,G82.2,0.9779680967330933,,,,,
1020,3,先天性(大脑),congenital (cerebral),G80.8,0.9855117797851562,,,,,
1020,4,痉挛性,spastic,G80.1,0.9678152799606323,,,,,
1020,2,双分,"Biparta, bipartite",,0.9997889399528503,,,,,
1020,3,髌骨,patella,Q74.1,0.982551097869873,,,,,
1020,3,腕舟状骨,carpal scaphoid,Q74.0,0.9944496750831604,,,,,
1020,3,阴道,vagina,Q52.1,0.9630512595176697,,,,,
1021,2,双格胃,Bilocular stomach,K31.2,0.9622319340705872,,,,,
1021,2,双角子宫,Bicornate or bicornis uterus,Q51.3,0.9987186193466187,,,,,
1021,3,在妊娠或分娩中,in pregnancy or childbirth,O34.0,0.993958592414856,,,,,
1021,4,引起梗阻性分娩,causing obstructed labor,O65.5,0.9387922286987305,,,,,
1021,4,影响到胎儿或新生儿,affecting fetus or newborn,P03.8,0.9740443229675293,,,,,
1021,2,双口子宫(上部单一性),Biforis uterus (suprasimplex),Q51.3,0.9929461479187012,,,,,
1021,2,双毛症,Districhiasis,L68.8,0.999761700630188,,,,,
1021,2,双面联胎,Janiceps,Q89.4,0.9998997449874878,,,,,
1021,2,双腔吸虫病,Dicroceliasis,B66.2,0.9990718364715576,,,,,
1021,2,双球菌性的 - 见情况,"Diplococcus, diplococcal - see conditio",,0.9636785387992859,,,,,
1021,2,双人精神病-见二联性精神病,Folie a deus,,0.9957647323608398,,,,,
1021,2,双生牙,"Gemination, tooth, teeth",K00.2,0.9678376317024231,,,,,
1021,2,双胎(妊娠)(胎儿或新生儿),Twin (pregnancy) (fetus or newborn),P01.5,0.9762356877326965,,,,,
1021,3,并发于妊娠,complicating pregnancy,O30.0,0.9955049157142639,,,,,
1021,3,联体,conjoined,Q89.4,0.9947503209114075,,,,,
1021,2,双胎交锁引起梗阻性分娩,Locked twins causing obstructed labor,O66.1,0.9849398136138916,,,,,
1021,3,影响到胎儿或新生儿,affecting fetus or newborn,P03.1,0.9843591451644897,,,,,
1021,2,双头畸胎，双头畸形,"Dicephalus, dicephaly",Q89.4,0.998663067817688,,,,,
1021,2,双阴茎畸胎,Diphallus,Q55.6,0.9930736422538757,,,,,
1021,2,双重-现译名重复畸形,"Duplex, duplication",,0.9997600317001343,,,,,
1021,2,双子宫(另见双，子宫),"Didelphia, didelphys (see also Double, uterus)",Q51.2,0.9722120761871338,,,,,
1021,1,shuǐ 水,,,0.9799903035163879,,,,,
1021,2,水,Water,,0.9999868869781494,,,,,
1021,3,负荷,loading,E87.7,0.950485110282898,,,,,
1021,3,裂(老年性白内障),clefts (senile cataract),H25.0,0.9875770807266235,,,,,
1021,3,缺乏,"deprivation of, lack of",T73.1,0.9923936724662781,,,,,
1021,3,污染(暴露于),pollution (exposure to),Z58.2,0.9822244048118591,,,,,
1021,3,癣,itch,B76.9,0.9789402484893799,,,,,
1021,3,在,on,,0.9959781765937805,,,,,
1021,4,脑内 -见 脑积水,brain - see Hydrocephalus,,0.8800201416015625,,,,,
1021,4,胸内,chest,J94.8,0.9714370369911194,,,,,
1021,3,中毒,intoxication,E87.7,0.9575520753860474,,,,,
1021,3,水痘,"ickenpox, Varicella",B01.9,0.9433755874633789,,,,,
1021,3,伴有,with,,0.9998264312744141,,,,,
1021,4,并发症 NEC .,complications NEC,B01.8,0.942512571811676,,,,,
1021,4,肺炎,pneumonia,B01.2+ J17.1*,0.9794720411300659,,,,,
1021,4,脑膜炎.,meningitis,B01.0+ G02.0*,0.9720652103424072,,,,,
1021,4,脑炎,encephalitis,B01.1+ G05.1*,0.9467635154724121,,,,,
1021,3,先天性,congenital,P35.8,0.985528290271759,,,,,
1021,2,水囊瘤(先天性)(囊性)(M9173/0),Hygroma (congenital) (cystic) (M9173/0),D18.1,0.9941820502281189,,,,,
1021,3,髌前,"praepatellare, prepatellar",M70.4,0.9455352425575256,,,,,
1022,2,水疱(病)(另见损伤，浅表),"Blister, Hydroa (see also Injury, superficial)",R23.8,0.9843377470970154,,,,,
1022,3,多发性，皮肤，非创伤性,"multiple, skin, nontraumatic",R23.8,0.9872298240661621,,,,,
1022,3,发热,fever,B00.1,0.9908576011657715,,,,,
1022,3,甲虫皮炎,beetle dermatitis,L24.8,0.9956565499305725,,,,,
1022,3,牛痘样,vacciniforme,L56.4,0.9933382272720337,,,,,
1022,3,夏令,estivale,L56.4,0.996777355670929,,,,,
1022,3,由于烧伤-见烧伤，按部位，第二,"due to burn - see Burn, by site, second degree",,0.988384485244751,,,,,
1022,2,水泡状的 - 见情况,Vesicular - see condition,,0.9221852421760559,,,,,
1022,2,水眼[眼积水],Hydrophthalmos,Q15.0,0.9810641407966614,,,,,
1022,2,水杨酸中毒,Salicylism,,0.9999083280563354,,,,,
1022,3,过量或给错或服错所致,overdose or wrong substance given or taken,T39.0,0.9927673935890198,,,,,
1022,3,滥用,abuse,F55,0.9555152654647827,,,,,
1022,2,水蛭(外部)(另见水蛭病),Leeches (external) (see also Hirudiniasis),B88.3,0.9899209141731262,,,,,
1022,3,内部,internal,B83.4,0.9974086284637451,,,,,
1022,2,水肿,"Choked, Edema, Edematous, Hydrops, Oedema, Oedematous",R60.9,0.999306857585907,,,,,
1022,3,伴有肾炎(另见肾病),with nephritis (see also Nephrosis),N04,0.9862924218177795,,,,,
1022,3,贝尔林(创伤性)[视网膜震荡],Berlin's (traumatic),S05.8,0.992354691028595,,,,,
1022,3,鼻咽,nasopharynx,J39.2,0.9718371629714966,,,,,
1022,3,并发于妊娠,complicating pregnancy,O12.0,0.984618604183197,,,,,
1022,3,传染性,infectious,R60.9,0.9830840826034546,,,,,
1022,3,大脑-见水肿，脑,"cerebral - see Edema, brain",,0.9767205119132996,,,,,
1022,3,肺(急性),lung (acute),J81,0.962928295135498,,,,,
1022,4,慢性,chronic,J81,0.914360761642456,,,,,
1022,5,由于,due to,,0.7294158339500427,,,,,
1022,6,化学制剂、气体、烟雾或蒸气(吸入),"chemicals, gases, fumes or vapors (inhalation)",J68.4,0.9888905882835388,,,,,
1022,6,外部物质,external agent,J70.9,0.940299391746521,,,,,
1022,7,特指的NEC,specified NEC,J70.8,0.9474913477897644,,,,,
1022,4,伴有心脏情况或衰竭(另见衰竭，心室，左),"with heart condition or failure (see also Failure, ventricular, left)",I50.1,0.9181723594665527,,,,,
1022,4,化学性(急性),chemical (acute),J68.1,0.9577663540840149,,,,,
1022,5,慢性,chronic,J68.4,0.9699738621711731,,,,,
1022,4,由于,due to,,0.8400968909263611,,,,,
1022,5,濒临淹死,near drowning,T75.1,0.9565837979316711,,,,,
1022,5,辐射,radiation,J70.0,0.9307669401168823,,,,,
1022,5,高海拔,high altitude,T70.2,0.9184790849685669,,,,,
1022,5,化学制剂、烟雾或蒸气(吸入),"chemicals, fumes or vapors (inhalation)",J68.1,0.9866079688072205,,,,,
1022,5,外部物质,external agent,J70.9,0.9998106956481934,,,,,
1022,6,特指的NEC,specified NEC,J70.8,0.9956203699111938,,,,,
1022,4,意指衰竭，左心室I,"meaning failure, left ventricle",,0.9776739478111267,,,,,
1022,4,终末期,terminal,J81,0.9381968975067139,,,,,
1022,3,高温性,heat,T67.7,0.945587694644928,,,,,
1022,3,睾丸,testis,N50.8,0.9848975539207458,,,,,
1023,3,宫颈(急性),cervix (uteri) (acute),N88.8,0.9703658819198608,,,,,
1023,4,产褥期、产后,"puerperal, postpartum",O90.8,0.9329219460487366,,,,,
1023,3,关节,joint,M25.4,0.9979259371757507,,,,,
1023,3,虹膜,iris,H21.8,0.9952579736709595,,,,,
1023,3,喉(另见水肿，声门),"larynx (see also Edema, glottis)",J38.4,0.9727297425270081,,,,,
1023,3,黄斑,macula,H35.8,0.9758592844009399,,,,,
1023,3,会厌-见水肿，声门,"epiglottis - see Edema, glottis",,0.9816998243331909,,,,,
1023,3,饥饿性(另见营养不良，重度),"starvation (see also Malnutrition, severe)",E43,0.9964114427566528,,,,,
1023,3,脊(髓)(非创伤性)(血管性),spinal (cord) (nontraumatic) (vascular),G95.1,0.9700966477394104,,,,,
1023,4,创伤性,traumatic,T09.3,0.9728474020957947,,,,,
1023,3,角膜NEC,cornea NEC,H18.2,0.9823839664459229,,,,,
1023,3,结膜,conjunctiva,H11.4,0.9941019415855408,,,,,
1023,3,截肢残端(手术的),amputation stump (surgical),T87.6,0.9907577037811279,,,,,
1023,3,精囊,seminal vesicle,N50.8,0.986021101474762,,,,,
1023,3,精索,spermatic cord,N50.8,0.9710419178009033,,,,,
1023,3,局限性,localized,R60.0,0.9767054319381714,,,,,
1023,4,由于静脉阻塞,due to venous obstruction,I87.1,0.9542199373245239,,,,,
1023,3,眶,orbit,H05.2,0.9372112154960632,,,,,
1023,3,昆克[血管神经性],Ouincke's,T78.3,0.9577866792678833,,,,,
1023,4,遗传性,hereditary,D84.1,0.8877362608909607,,,,,
1023,3,淋巴管内性,endolymphatic,H81.0,0.9600244164466858,,,,,
1023,3,淋巴性,lymphatic,I89.0,0.9685189127922058,,,,,
1023,4,由于乳房切除术,due to mastectomy,I97.2,0.9789762496948242,,,,,
1023,3,米尔罗伊,Milroy's,Q82.0,0.9606063961982727,,,,,
1023,3,脑，脑脊髓,"brain, cerebrospinal",G93.6,0.9919560551643372,,,,,
1023,4,创伤性,traumatic,S06.1,0.986719012260437,,,,,
1023,4,胎儿或新生儿(缺氧或缺氧),fetus or newborn (anoxia or hypoxia),P52.4,0.9774673581123352,,,,,
1023,5,产伤,birth injury,P11.0,0.9563676118850708,,,,,
1023,4,由于产伤,due to birth injury,P11.0,0.9808043837547302,,,,,
1023,3,鞘膜,tunica vaginalis,N50.8,0.9795241355895996,,,,,
1023,3,全身性,generalized,R60.1,0.9690918922424316,,,,,
1023,3,妊娠,gestational,O12.0,0.9830899238586426,,,,,
1023,4,伴有蛋白尿,with proteinuria,Q12.2 O12.2,0.9275761246681213,,,,,
1023,3,声门(上)(下)(梗阻性)(被动的),"glottis, glottic, glottidis (supraglottic) (subglottic)",J38.4,0.9865975975990295,,,,,
1023,4,变应性,allergic,T78.3,0.9513919949531555,,,,,
1023,5,遗传性,hereditary,D84.1,0.939243495464325,,,,,
1023,3,食盐性,salt,E87.0,0.9882110953330994,,,,,
1023,3,视(神经)盘或视神经,optic disk or nerve,H47.1,0.9588502049446106,,,,,
1023,3,视乳头，视盘,"papilla, optic, disk",H47.1,0.9846391677856445,,,,,
1023,3,视网膜,retina,H35.8,0.9959281086921692,,,,,
1023,3,输精管,vas deferens,N50.8,0.9562355875968933,,,,,
1024,3,胎儿或新生儿,fetal(is) or newborn,P83.2,0.9934675693511963,,,,,
1024,4,NEC,NEC,P83.3,0.9126695394515991,,,,,
1024,4,特发性,idiopathic,P83.2,0.9789348840713501,,,,,
1024,4,影响妊娠处理,affecting management of pregnancy,O36.2,0.9829084873199463,,,,,
1024,4,由于,due to,,0.8065798282623291,,,,,
1024,5,ABO同种免疫,ABOisoimmunization,P56.0,0.986778974533081,,,,,
1024,4,影响妊娠处理,affecting management of pregnancy,O36.1,0.8935497999191284,,,,,
1024,5,Rh血型不配合,Rh incompatibility,P56.0,0.9265413880348206,,,,,
1024,4,影响妊娠处理,affecting management of pregnancy,O36.0,0.9433419108390808,,,,,
1024,5,溶血性疾病NEC,hemolytic disease NEC,P56.9,0.9512748718261719,,,,,
1024,5,同种免疫(ABO)(Rh).,isoimmunization (ABO) (Rh),P56.0,0.9705063700675964,,,,,
1024,3,特发性，急性,"essential, acute",T78.3,0.998984694480896,,,,,
1024,4,遗传性,hereditary,D84.1,0.9767153859138489,,,,,
1024,3,腿,legs,R60.0,0.9673988819122314,,,,,
1024,4,由于静脉阻塞,due to venous obstruction,I87.1,0.9698413014411926,,,,,
1024,3,外阴(急性),vulva (acute),N90.8,0.989283561706543,,,,,
1024,3,下肢-见水肿，腿,"extremities, lower, lower limbs - see Edema, legs",,0.9851706027984619,,,,,
1024,3,新生儿,newborn,P83.3,0.9785672426223755,,,,,
1024,3,心血管(另见衰竭，心力，充血性),"cardiovascular (see also Failure, heart, congestive)",I50.0,0.9769616723060608,,,,,
1024,3,心源性(另见衰竭，心力，充血性),"cardiac (see also Failure, heart, congestive)",I50.0,0.9811654686927795,,,,,
1024,3,心脏(另见衰竭，心力，充血性),"heart (see also Failure, heart, congestive)",I50.0,0.9805645942687988,,,,,
1024,3,血管痉挛性,angiospastic,I73.9,0.9639144539833069,,,,,
1024,3,血管神经性(变应性)(急性)(任何部位)(伴有荨麻疹),"angioneurotic, circumscribed (allergic) (acute) (any site) (with urticaria)",T78.3,0.973787784576416,,,,,
1024,3,遗传性,hereditary,D84.1,0.9833810925483704,,,,,
1024,3,咽,pharynx,J39.2,0.9878921508789062,,,,,
1024,3,眼睑NEC,eyelid NEC,H02.8,0.9387543201446533,,,,,
1024,3,阴茎,penis,N48.8,0.966736376285553,,,,,
1024,3,阴囊,scrotum,N50.8,0.9703585505485535,,,,,
1024,3,引起(对母体)梗阻性分娩,causing obstructed labor (mother),O66.3,0.9947035312652588,,,,,
1024,3,营养不良性(另见营养不良，重度),"famine (see also Malnutrition, severe)",E43,0.9798707365989685,,,,,
1024,3,营养缺乏性(另见营养不良，重度),"inanition (see also Malnutrition, severe)",E43,0.9963180422782898,,,,,
1024,3,营养性(另见营养不良，重度),"nutritional (see also Malnutrition, severe)",E43,0.9820454120635986,,,,,
1024,4,伴有色素沉着异常，皮肤和毛发,"with dyspigmentation, skin and hair",E40,0.9761952757835388,,,,,
1024,3,由于淋巴阻塞,due to lymphatic obstruction,I89.0,0.9762098789215088,,,,,
1024,3,指压性[压凹性],pitting,R60.9,0.9657552242279053,,,,,
1024,3,中毒性NEC,toxic NEC,R60.9,0.9525101780891418,,,,,
1024,3,周期性,periodic,T78.3,0.988422691822052,,,,,
1024,4,遗传性,hereditary,D84.1,0.9653698205947876,,,,,
1024,2,水俣病,Minamata disease,T56.1,0.9457371234893799,,,,,
1024,2,水蛭病,Hirudiniasis,,0.9971392750740051,,,,,
1024,3,内部,internal,B83.4,0.9921705722808838,,,,,
1024,3,外部,external,B88.3,0.9924654364585876,,,,,
1025,1,shuì 睡,,,,,,,,
1025,2,睡眠,Sleep,,0.9999772310256958,,,,,
1025,3,呼吸暂停,apnea,G47.3,0.965203046798706,,,,,
1025,4,新生儿,newborn,P28.3,0.9729189872741699,,,,,
1025,3,疾患或障碍,disorder or disturbance,G47.9,0.9978162050247192,,,,,
1025,4,非器质性原因,nonorganic origin,F51.9,0.9918892979621887,,,,,
1025,4,特指的 NEC,specified NEC,G47.8,0.9449838399887085,,,,,
1025,3,节律倒向,rhythm inversion,G47.2,0.9951326251029968,,,,,
1025,4,非器质性原因,nonorganic origin,F51.2,0.9772652387619019,,,,,
1025,3,惊[睡惊症],terrors,F51.4,0.9941720366477966,,,,,
1025,3,行[睡行症],walking,F51.3,0.9779658317565918,,,,,
1025,4,癔症性,hysterical,F44.8,0.9222960472106934,,,,,
1025,3,障碍,disturbance,G47.9,0.9860028624534607,,,,,
1025,2,睡眠障碍(另见障碍，睡眠),"Dyssomnia (see also Disorder, sleep)",G47.9,0.9967812299728394,,,,,
1025,1,shǔn 吮,,,0.9890565872192383,,,,,
1025,2,吮吸拇指(过度)，儿童,"Sucking thumb, child (excessive)",F98.8,0.9883912801742554,,,,,
1025,1,shuō 说,,,0.9997285008430481,,,,,
1025,2,说谎者，说谎癖，病理性,"Liar, Mendacity, pathologic",F60.2,0.9993938207626343,,,,,
1025,2,说示不能,Asymbolia,R48.8,0.9963241815567017,,,,,
1025,1,shuò 朔,,,0.9999561309814453,,,,,
1025,2,朔伊尔曼病或朔伊尔曼骨软骨病[幼年椎骨骺骨软骨病],Scheuermann's disease or osteochondrosis,M42.0,0.9711235165596008,,,,,
1025,1,sī 丝,,,0.9981880187988281,,,,,
1025,2,丝虫病,"Filaria, filarial, filariasis",B74.9,0.999912679195404,,,,,
1025,3,斑氏,bancroftian,B74.0,0.9619211554527283,,,,,
1025,3,马来,Malayan,B74.1,0.9436774849891663,,,,,
1025,3,特指类型NEC,specified type NEC,B74.8,0.990594744682312,,,,,
1025,3,由于,due to,,0.9364709854125977,,,,,
1025,4,奥扎尔德曼森线虫引起的,Mansonella ozzardi,B74.4,0.9950335621833801,,,,,
1025,4,布鲁格(马来)丝虫引起的,Brugia (malayi),B74.1,0.9692630767822266,,,,,
1025,5,帝汶丝虫引起的,timori,B74.2,0.9509332180023193,,,,,
1025,4,吴策线虫(斑氏)引起的,Wuchereria (bancrofti),B74.0,0.9642124176025391,,,,,
1026,1,sī 私,,,0.9991698265075684,,,,,
1026,2,私生(不想要的妊娠),Illegitimacy (unwanted pregnancy),Z64.0,0.9905288815498352,,,,,
1026,3,高危妊娠监督,supervision of high-risk pregnancy,Z35.7,0.9908417463302612,,,,,
1026,1,sī 思,,,0.9990493655204773,,,,,
1026,2,思乡病,Homesickness,F43.2,0.9994739890098572,,,,,
1026,1,sī 斯,,,0.9994369149208069,,,,,
1026,2,斯德奇(-韦伯)(-季米特里)(-卡利舍)病或综合征,Sturge(-Weber)(-Dimitri)(-Kalischer) disease or syndrome,Q85.8,0.9997797012329102,,,,,
1026,2,斯德奇-又译名斯特奇,Sturge,,0.9964317083358765,,,,,
1026,2,斯蒂尔-里查森-奥尔谢夫斯基病或综合征,Steele-Richardson-Olszewski disease or syndrome,G23.1,0.9998872876167297,,,,,
1026,2,斯蒂尔病或斯蒂尔综合征(幼年)[系统性幼年型类风湿关节炎],Still's disease or syndrome (juvenile),M08.2,0.9411831498146057,,,,,
1026,3,成年型,adult-onset,M06.1,0.986365556716919,,,,,
1026,2,斯凯尔杰沃病[非性病性梅毒],Skerljevo,A65,0.9998255968093872,,,,,
1026,2,斯路德神经痛(综合征),Sluder's neuralgia (syndrome),G44.8,0.9759126901626587,,,,,
1026,2,斯内登-威尔金森病或综合征[角质层下小脓疱性皮炎],Sneddon-Wilkinson disease or syndrome,L13.1,0.9980465173721313,,,,,
1026,2,斯潘塞病[流行性胃肠炎],Spencer's disease,A08.1,0.999814510345459,,,,,
1026,2,斯塔夫尼囊肿或斯塔夫尼腔,Stafne's cyst or cavity,K10.0,0.9997955560684204,,,,,
1026,2,斯坦-勒旺塔尔综合征,Stein-Leventhal syndrome,E28.2,0.9997010827064514,,,,,
1026,2,斯坦顿病(另见类鼻疽),Stanton's disease (see also Melioidosis),A24.4,0.9896632432937622,,,,,
1026,2,斯坦纳特病[营养不良性肌强直],Steinert's disease,G71.1,0.9998685121536255,,,,,
1026,2,斯图尔特(因子X)缺乏病,Stuart deficiency disease (factor X),D68.2,0.9767086505889893,,,,,
1026,2,斯图尔特-莫雷尔综合征[额骨内面骨肥厚],Stewart-Morel syndrome,M85.2,0.9997386932373047,,,,,
1026,2,斯图尔特-普劳厄因子(因子X)缺乏,Stuart-Prower factor deficiency (factor X),D68.2,0.9998510479927063,,,,,
1026,2,斯托克斯-亚当斯病或综合征-见阿-斯综合征,Stokes-Adams disease or syndrome,,0.9999232292175293,,,,,
1026,2,斯托克维斯(-塔尔玛)病[肠原性紫绀],Stokvis(-Talma) disease,D74.8,0.987197995185852,,,,,
1026,2,斯威夫特(-菲尔)病[肢痛症],Swift(-Feer) disease,T56.1,0.9808378219604492,,,,,
1026,2,斯威特病或斯威特皮肤病,Sweet's disease or dermatosis,L98.2,0.9915109872817993,,,,,
1026,1,sī 撕,,,0.9980144500732422,,,,,
1026,2,撕裂，撕裂伤(创伤性)-另见伤口，开放性,"Laceration, Tear, torn (traumatic) - see also Wound, open",T14.1,0.9842340350151062,,,,,
1026,3,半月板(膝)(近期损伤),meniscus (knee) (current injury),S83.2,0.9806954860687256,,,,,
1026,4,陈旧性(前角)(外侧)(内侧)(后角),old(anterior horn) (lateral) (medial) (posterior horn),M23.2,0.9757384657859802,,,,,
1026,4,桶柄状,bucket handle,S83.2,0.9582449197769165,,,,,
1026,5,陈旧性(前角)(外侧)(内侧)(后角),old (anterior horn) (lateral) (medial) (posterior horn),M23.2,0.9684056639671326,,,,,
1026,4,膝以外部位-见扭伤，按部位编码,"site other than knee - code as Sprain, by site",,0.9672232270240784,,,,,
1027,3,半月软骨，膝(另见撕裂，半月板),"semilunar cartilage, knee (see also Tear, meniscus)",S83.2,0.9860625863075256,,,,,
1027,3,伴有流产(随后发生),with abortion (subsequent episode),O08.6,0.9690493941307068,,,,,
1027,4,近期发生-见流产,current episode - see Abortion,,0.9535418748855591,,,,,
1027,3,肠,bowel,,0.9793494343757629,,,,,
1027,4,并发流产-编码于O03-O07伴有第四位数.3或.8,complicating abortion - code to O03-O07 with fourth character .3 or.8,,0.9652537703514099,,,,,
1027,4,产伤,obstetric trauma,O71.5,0.9453108906745911,,,,,
1027,3,大脑(弥漫性),cerebral (diffuse),S06.2,0.9682298302650452,,,,,
1027,4,分娩中,during birth,P10.8,0.9644772410392761,,,,,
1027,5,伴有出血,with hemorrhage,P10.1,0.949787974357605,,,,,
1027,4,局部,focal,S06.3,0.9688187837600708,,,,,
1027,3,多处,multiple,T01.9,0.973511278629303,,,,,
1027,3,腹膜，产伤,"peritoneum, obstetric trauma",O71.5,0.9944324493408203,,,,,
1027,3,冈上肌(完全)(不完全)(非创伤性),supraspinatus (complete) (incomplete) (nontraumatic),M75.1,0.9837831258773804,,,,,
1027,3,肛门(括约肌),anus (sphincter),S31.8,0.9897446632385254,,,,,
1027,4,并发于分娩,complicating delivery,O70.2,0.9661169052124023,,,,,
1027,5,伴有肛门或直肠粘膜裂伤,with laceration of anal or rectal mucosa,O70.3,0.9614721536636353,,,,,
1027,4,非创伤性，非产褥期(另见裂，肛门),"nontraumatic, nonpuerperal (see also Fissure, anus)",K60.2,0.987465500831604,,,,,
1027,3,跟腱,Achilles tendon,S86.0,0.9963130354881287,,,,,
1027,3,宫颈,cervix (uteri),,0.981269896030426,,,,,
1027,4,产伤(近期),obstetric trauma (current),O71.3,0.9583895206451416,,,,,
1027,4,陈旧性(产后),old (postpartal),N88.1,0.9807542562484741,,,,,
1027,4,创伤性,traumatic,S37.6,0.9923936128616333,,,,,
1027,4,非产褥期，非创伤性,"nonpuerperal, nontraumatic",N88.1,0.9759213924407959,,,,,
1027,3,关节囊-见扭伤,"capsule, joint - see Sprain",,0.9816800355911255,,,,,
1027,3,关节软骨，陈旧性,"articular cartilage, old",M24.1,0.9972488880157471,,,,,
1027,3,回旋套(完全)(不完全)(非创伤性),rotator cuff (complete) (incomplete) (nontraumatic),M75.1,0.9716269969940186,,,,,
1027,4,创伤性(肌腱),traumatic (tendon),S46.0,0.9710131287574768,,,,,
1027,5,关节囊,capsule,S43.4,0.9770147204399109,,,,,
1027,3,会阴,"perineum, perineal",S31.0,0.9870984554290771,,,,,
1027,4,并发于分娩,complicating delivery,O70.9,0.9888383746147156,,,,,
1027,5,度,first degree,O70.0,0.9775697588920593,,,,,
1027,5,二度,second degree,O70.1,0.8871667385101318,,,,,
1027,5,三度,third degree,O70.2,0.9137191772460938,,,,,
1027,5,四度,fourth degree,O70.3,0.9492809772491455,,,,,
1027,5,继发性,secondary,O90.1,0.9605497717857361,,,,,
1027,5,涉及,involving,,0.9996846318244934,,,,,
1027,6,处女膜,hymen,O70.0,0.9849629998207092,,,,,
1027,6,肛门(括约肌),anus(sphincter),O70.2,0.966450572013855,,,,,
1027,6,会阴肌肉,perineal muscles,O70.1,0.944358766078949,,,,,
1028,6,括约肌(肛门),sphincter (anal),O70.2,0.9855222105979919,,,,,
1028,7,伴有肛门或直肠粘膜,with anal or rectal mucosa,O70.3,0.9580557942390442,,,,,
1028,6,盆底,pelvic floor,O70.1,0.9861262440681458,,,,,
1028,6,皮肤,skin,O70.0,0.9613286256790161,,,,,
1028,3,外阴,vulva,O70.0,0.9668020009994507,,,,,
1028,3,阴唇，阴唇系带,"labia, fourchette",O70.0,0.9665358066558838,,,,,
1028,6,阴道,vagina,O70.0,0.9663971662521362,,,,,
1028,6,阴道肌肉,vaginal muscles,O70.1,0.9729241132736206,,,,,
1028,6,直肠阴道隔,rectovaginal septum,O70.2,0.9730115532875061,,,,,
1028,4,伴有肛门或直肠粘膜,with anal or rectal mucosa,O70.3,0.9696469902992249,,,,,
1028,5,中心性,central,O70.9,0.9640579223632812,,,,,
1028,5,陈旧性(产后),old (postpartal),N81.8,0.9840946793556213,,,,,
1028,4,肌肉，并发于分娩,"muscles, complicating delivery",O70.1,0.9353109002113342,,,,,
1028,4,继发性(产后),secondary (postpartal),O90.1,0.8785452246665955,,,,,
1028,4,男性,male,S31.0,0.9401348829269409,,,,,
1028,3,肌肉-见损伤，肌,"muscle - see Injury, muscle",,0.9949600696563721,,,,,
1028,3,脊髓(脑脊膜)(另见损伤，脊髓，按部位),"spinal cord (meninges) (see also Injury, spinal cord, by region)",T09.3,0.9934634566307068,,,,,
1028,4,胎儿或新生儿(产伤),fetus or newborn (birth injury),P11.5,0.9605695009231567,,,,,
1028,3,腱(另见损伤，肌(腱)),"tendon (see also Injury, muscle (tendon))",T14.6,0.9939853549003601,,,,,
1028,4,跟,Achilles,S86.0,0.9473627209663391,,,,,
1028,3,心腱索NEC,chordae tendineae NEC,I51.1,0.9843063950538635,,,,,
1028,4,复发伴有急性心肌梗死-见梗死，心肌,"recurrent with acute myocardial infarction - see Infarction, myocardial",,0.9575270414352417,,,,,
1028,4,急性心肌梗死后(近期并发症),following acute myocardial infarction (current combination),I23.4,0.9660452008247375,,,,,
1028,3,阔韧带,broad ligament,,0.9574992656707764,,,,,
1028,4,产伤,obstetric trauma,O71.6,0.9523665904998779,,,,,
1028,4,撕裂综合征,laceration syndrome,N83.8,0.9811217784881592,,,,,
1028,4,综合征(撕裂),syndrome (laceration),N83.8,0.9548575282096863,,,,,
1028,3,颅内NEC,intracranial NEC,S06.2,0.9761068820953369,,,,,
1028,4,产伤,birth injury,P10.9,0.9497635364532471,,,,,
1028,3,脑(任何部分)(皮质)(弥漫性)(膜),brain (any part) (cortex) (diffuse) (membrane),S06.2,0.9680991768836975,,,,,
1028,3,脑脊膜,meninges,S06.2,0.9825901389122009,,,,,
1028,3,脑幕，出生时,"tentorial, at birth",P10.4,0.9943544268608093,,,,,
1028,3,内部器官-见损伤，按部位,"internal organ - see Injury, by site",,0.9852787852287292,,,,,
1028,3,尿道，产伤,"urethra, obstetric trauma",O71.5,0.985232949256897,,,,,
1028,3,尿道周组织,periurethral tissue,S37.8,0.9871775507926941,,,,,
1028,4,产伤,obstetric trauma,O71.5,0.938664436340332,,,,,
1029,3,膀胱,bladder (urinary),S37.2,0.9739091992378235,,,,,
1029,4,产伤,obstetric trauma,O71.5,0.894038736820221,,,,,
1029,4,创伤性,traumatic,S37.2,0.977514922618866,,,,,
1029,3,盆腔,pelvic,,0.9849551916122437,,,,,
1029,4,底_,floor,S31.0,0.8918166756629944,,,,,
1029,4,并发于分娩,complicating delivery,O70,0.8655935525894165,,,,,
1029,4,陈旧性(产后),old (postpartal),N81.8,0.96809321641922,,,,,
1029,5,非产褥期,nonpuerperal,S31.0,0.9654446840286255,,,,,
1029,4,器官NEC，产伤,"organ NEC, obstetric trauma",O71.5,0.9702592492103577,,,,,
1029,3,皮质(大脑),cortex (cerebral),S06.2,0.9975677132606506,,,,,
1029,3,脐带,umbilical cord,,0.9838219285011292,,,,,
1029,4,并发于分娩,complicating delivery,O69.8,0.9639074206352234,,,,,
1029,4,影响到胎儿或新生儿,affecting fetus or newborn,P50.1,0.9463024735450745,,,,,
1029,3,韧带(另见扭伤),ligament (see also Sprain),T14.3,0.9934903979301453,,,,,
1029,3,软骨-另见扭伤,cartilage - see also Sprain,,0.983142614364624,,,,,
1029,4,产伤(近期),obstetrical trauma (current),O71.3,0.9664652943611145,,,,,
1029,4,陈旧性,old,N88.1,0.971171498298645,,,,,
1029,4,创伤性,traumatic,S37.6,0.9923688173294067,,,,,
1029,4,关节，陈旧性,"articular, old",M24.1,0.9732474684715271,,,,,
1029,3,神经-见损伤，神经,"nerve - see Injury, nerve",,0.978439450263977,,,,,
1029,3,视网膜(马蹄形)(不伴有脱离),"retina, retinal (horseshoe) (without detachment)",H33.3,0.9750608801841736,,,,,
1029,4,伴有脱离,with detachment,H33.0,0.9964283108711243,,,,,
1029,3,桶柄状(膝)(半月板),bucket handle (knee) (meniscus),S83.2,0.9884216785430908,,,,,
1029,4,陈旧性,old,M23.2,0.9921311140060425,,,,,
1029,3,外阴,vulva,S31.4,0.9907781481742859,,,,,
1029,4,并发于分娩,complicating delivery,O70.0,0.9826205968856812,,,,,
1029,4,陈旧性(产后),old (postpartal),N90.8,0.9826078414916992,,,,,
1029,4,非产褥期，非创伤性,"nonpuerperal, nontraumatic",N90.8,0.9802196025848389,,,,,
1029,3,膝软骨,knee cartilage,,0.9791756272315979,,,,,
1029,4,陈旧性,old,M23.2,0.9796335101127625,,,,,
1029,4,关节(近期),articular (current),S83.3,0.9784253835678101,,,,,
1029,3,小脑,cerebellum,S06.2,0.9636398553848267,,,,,
1029,3,小脑幕,tentorium cerebelli,S06.2,0.9950997233390808,,,,,
1029,4,分娩中,during birth,P10.8,0.9704044461250305,,,,,
1029,5,伴有出血,with hemorrhage,P10.1,0.9527562260627747,,,,,
1029,4,局部,focal,S06.3,0.8980308771133423,,,,,
1029,3,心脏,heart,S26.8,0.9960495829582214,,,,,
1029,4,伴有心包积血,with hemopericardium,S26.0,0.9712713956832886,,,,,
1029,3,血管-见损伤，血管,"blood vessel - see Injury, blood vessel",,0.9787508249282837,,,,,
1029,3,眼NEC,ocular NEC,S05.3,0.9702747464179993,,,,,
1029,3,眼(球)(不伴有眼内组织脱出或缺失),eye(ball) (without prolapse or loss of intraocular tissue),S05.3,0.991697371006012,,,,,
1030,3,眼睑,eyelid,S01.1,0.9637107849121094,,,,,
1030,4,伴有眼内组织脱出或缺失,with prolapse or loss of intraocular tissue,S05.2,0.9345662593841553,,,,,
1030,4,贯通性,penetrating,S05.6,0.9626847505569458,,,,,
1030,4,附器NEC,adnexa NEC,S01.1,0.9780640006065369,,,,,
1030,3,意外，在手术中,"accidental, complicating surgery",T81.2,0.9829031825065613,,,,,
1030,3,阴唇，并发于分娩,"labia, complicating delivery",O70.0,0.9890093803405762,,,,,
1030,3,阴唇系带，并发于分娩,"fourchette, complicating delivery",O70.0,0.972779393196106,,,,,
1030,3,阴道(高位),vagina (high),S31.4,0.9764279127120972,,,,,
1030,4,并发于分娩,complicating delivery,O71.4,0.964122474193573,,,,,
1030,5,伴有会阴,with perineum,O70.0,0.9473969340324402,,,,,
1030,6,肌肉,muscles,O70.1,0.9624585509300232,,,,,
1030,4,陈旧性(产后),old (postpartal),N89.8,0.9884867668151855,,,,,
1030,4,非产褥期，非创伤性,"nonpuerperal, nontraumatic",N89.8,0.9822660684585571,,,,,
1030,3,引起宫颈外翻(陈旧性),causing eversion of cervix uteri (old),N86,0.9907553791999817,,,,,
1030,3,直肠阴道(隔),rectovaginal (septum),S31.8,0.9714728593826294,,,,,
1030,4,并发于分娩,complicating delivery,O71.4,0.9718630909919739,,,,,
1030,5,伴有会阴,with perineum,O70.2,0.9597382545471191,,,,,
1030,6,涉及肛门或直肠粘膜,involving anal or rectal mucosa,O70.3,0.9774010181427002,,,,,
1030,4,陈旧性(产后),old (postpartal),N89.8,0.9785568118095398,,,,,
1030,4,非产褥期，非创伤性,"nonpuerperal, nontraumatic",N89.8,0.9791138172149658,,,,,
1030,3,中心性(会阴)，并发于分娩,"central (perineal), complicating delivery",O70.9,0.9820059537887573,,,,,
1030,3,子宫,uterus,S37.6,0.9595112204551697,,,,,
1030,4,产伤 NEC,obstetric trauma NEC,O71.1,0.9834327697753906,,,,,
1030,4,陈旧性(产后),old (postpartal),N85.8,0.980542778968811,,,,,
1030,4,非产褥期，非创伤性,"nonpuerperal, nontraumatic",N85.8,0.9970870018005371,,,,,
1030,2,撕去-见撕脱,Evulsion - see Avulsion,,0.9991843700408936,,,,,
1030,2,撕脱(创伤性),Avulsion (traumatic),T14.7,0.9952071309089661,,,,,
1030,3,耻骨联合软骨(内部)，并发于分娩,"symphyseal cartilage (inner), complicating delivery",O71.6,0.9494041204452515,,,,,
1030,3,骨-见骨折，按部位,"bone - see Fracture, by site",,0.9731384515762329,,,,,
1030,3,关节(另见脱位，按部位),"joint (see also Dislocation, by site)",T14.3,0.9874014258384705,,,,,
1030,4,囊-见扭伤，按部位,"capsule - see Sprain, by site",,0.9710368514060974,,,,,
1030,3,肌肉-见损伤，肌,"muscle - see Injury, muscle",,0.9881653189659119,,,,,
1030,3,腱-见损伤，肌,"tendon - see Injury, muscle",,0.96164870262146,,,,,
1030,3,内部器官或部位-见损伤，按部位,"internal organ or site - see Injury, by site",,0.9958542585372925,,,,,
1030,3,皮肤和皮下组织-见伤口，开放性，按部位,"skin and subcutaneous tissue - see Wound, open, by site",,0.9951756596565247,,,,,
1030,3,韧带-见扭伤，按部位,"ligament - see Sprain, by site",,0.9793206453323364,,,,,
1030,3,软骨(另见脱位，按部位),"cartilage (see also Dislocation, by site)",T14.3,0.9718136191368103,,,,,
1030,4,耻骨联合(内部)，并发于分娩,"symphyseal (inner), complicating delivery",O71.6,0.9756852984428406,,,,,
1030,3,神经(根)-见损伤，神经,"nerve (root) - see Injury, nerve",,0.9778459668159485,,,,,
1030,3,四肢以外的其他外部-见伤口，开放性，按部位,"external site other than limb - see Wound, open, by site",,0.9904658198356628,,,,,
1031,3,头(颅内)NEC,head NEC (intracranial),S08.9,0.9837123155593872,,,,,
1031,4,头皮,scalp,S08.0,0.9063969850540161,,,,,
1031,4,外部NEC,external site NEC,S08.8,0.9796391725540161,,,,,
1031,4,完全,complete,S18,0.9578437805175781,,,,,
1031,4,头皮,scalp,S08.0,0.9448606967926025,,,,,
1031,3,血管-见损伤，血管,"blood vessel - see Injury, blood vessel",,0.9909537434577942,,,,,
1031,3,牙,tooth,S03.2,0.9547531008720398,,,,,
1031,3,眼,eye,S05.7,0.9583760499954224,,,,,
1031,3,肢-另见切断，创伤性，按部位,"limb - see also Amputation, traumatic, by site",,0.9848262667655945,,,,,
1031,4,皮肤和皮下组织-见伤口，开放性，按部位,"skin and subcutaneous tissue - see Wound,open, by site",,0.9732452034950256,,,,,
1031,1,sǐ 死,,,0.9016485214233398,,,,,
1031,2,死,Dead,,0.9999771118164062,,,,,
1031,3,卵，遗留的,"ovum, retained",O02.0,0.9455273747444153,,,,,
1031,3,迷路,labyrinth,H83.2,0.9952716827392578,,,,,
1031,3,胎儿，遗留的(对母体).,"fetus, retained (mother)",O36.4,0.9673197269439697,,,,,
1031,4,早期妊娠,early pregnancy,O02.1,0.96518874168396,,,,,
1031,2,死产(胎儿) NEC,"Deadborn, Stillbirth (fetus) NEC",P95,0.9948611855506897,,,,,
1031,2,死骨片,Sequestrum,,0.9999909400939941,,,,,
1031,3,鼻窦(旁窦)的(另见鼻窦炎),sinus (accessory) (nasal) (see also Sinusitis),J32.9,0.9678859710693359,,,,,
1031,3,骨的,bone,M86.6,0.9541312456130981,,,,,
1031,3,颌骨的,jaw bone,K10.2,0.9802474975585938,,,,,
1031,3,眶的,orbit,H05.1,0.9899051189422607,,,,,
1031,3,牙的,dental,K10.2,0.9580644369125366,,,,,
1031,2,死精症,Necrospermia,N46,0.9712664484977722,,,,,
1031,2,死亡,"Death, Died",,0.9997988343238831,,,,,
1031,3,产后(原因未述及)(突然),after delivery (cause not stated) (sudden),O95,0.9755069017410278,,,,,
1031,3,产科(原因不知),obstetric (cause unknown),O95,0.9327477812767029,,,,,
1031,4,影响到胎儿或新生儿,affecting fetus or newborn,P01.6,0.9716787934303284,,,,,
1031,4,在产后42天至1年之间,between 42 days and one year after delivery,O96,0.9491299390792847,,,,,
1031,4,在产后1年或以上,one year or more after delivery,O97,0.9756065011024475,,,,,
1031,3,家庭成员,family member,Z63.4,0.9542078375816345,,,,,
1031,3,麻醉药,anesthetic,,0.9795064330101013,,,,,
1031,4,产后，产褥期,"postpartum, puerperal",O89.8,0.9446183443069458,,,,,
1031,4,分娩中,during delivery,O74.8,0.9421302676200867,,,,,
1031,4,妊娠中,in pregnancy,O29.8,0.950046181678772,,,,,
1031,4,由于,due to,,0.7308969497680664,,,,,
1031,5,过量或给错药物.,overdose or wrong substance given,T41,0.9575326442718506,,,,,
1031,5,特指的麻醉药-见药物和化学制剂表,specified anesthetic - see Table of drugs and chemicals,,0.9672952890396118,,,,,
1031,5,恰当使用正确的物质,correct substance properly administered,T88.2,0.9918056726455688,,,,,
1032,3,麻醉下NEC,under anesthesia NEC,,0.9845083355903625,,,,,
1032,4,分娩中,during delivery,O74.8,0.9154974818229675,,,,,
1032,4,由于,due to,,0.8050106763839722,,,,,
1032,4,过量或给错药物,overdose or wrong substance given,T41,0.9777547717094421,,,,,
1032,3,特指的麻醉药-见药物和化学制剂表,specified anesthetic - see Table of drugs and chemicals,,0.9801443219184875,,,,,
1032,4,恰当使用正确的物质,correct substance properly administered,T88.2,0.9906006455421448,,,,,
1032,3,没有,without,,0.925308346748352,,,,,
1032,4,疾病体征,sign of disease,R96.1,0.9455484747886658,,,,,
1032,4,医疗照顾(原因不知),medical attention (cause unknown),R98,0.9752327799797058,,,,,
1032,3,脑,brain,,0.9919688701629639,,,,,
1032,4,缺氧性(另见缺氧，大脑),"anoxic (see also Anoxia, cerebral)",G93.1,0.9770839214324951,,,,,
1032,3,瞬间不明原因的,instantaneous unexplained,R96.0,0.997745156288147,,,,,
1032,3,胎儿(原因未述及)(子宫内),"fetus, fetal (cause not stated) (intrauterine)",P95,0.9927709102630615,,,,,
1032,4,晚期，影响妊娠处理,"late, affecting management of pregnancy",O36.4,0.9711534976959229,,,,,
1032,4,早期，伴有潴留,"early, with retention",O02.1,0.9412406086921692,,,,,
1032,3,突然不明原因的(原因不知).,sudden (cause unknown) unexplained,R96.0,0.996792197227478,,,,,
1032,4,产褥期间,"puerperal, during puerperium",O95,0.9465439319610596,,,,,
1032,4,分娩中,during delivery,O95,0.8802507519721985,,,,,
1032,4,婴儿,infant,R95,0.982744574546814,,,,,
1032,3,无疾病体征的,without sign of disease,R96.1,0.9933116436004639,,,,,
1032,3,无人在场的(原因不知),unattended (cause unknown),R98,0.998976469039917,,,,,
1032,3,新生儿 NEC,neonatal NEC,P96.8,0.9680077433586121,,,,,
1032,3,心脏病，突然,"cardiac, sudden",I46.1,0.9807111620903015,,,,,
1032,3,已知非由于暴力或瞬发，但又不能发现其原因,"known not to be violent or instantaneous, cause unknown",R96.1,0.9765694737434387,,,,,
1032,3,婴儿(猝死),"cot, crib",R95,0.9611539840698242,,,,,
1032,3,原因不知,cause unknown,R99,0.9936900734901428,,,,,
1032,3,孕产妇-见死亡，产科,"maternal - see Death, obstetric",,0.9837686419487,,,,,
1032,3,子宫内(晚期)，并发于妊娠,"intrauterine (late), complicating pregnancy",O36.4,0.990614652633667,,,,,
1032,2,死亡，原因不知,"Mortality, unknown cause",R99,0.9983633160591125,,,,,
1032,1,sì 四,,,0.9685602188110352,,,,,
1032,2,四尖的主动脉瓣,Quadricuspid aortic valve,Q23.8,0.999109148979187,,,,,
1032,2,四胎，影响到胎儿或新生儿,"Quadruplet, affecting fetus or newborn",P01.5,0.9910945892333984,,,,,
1032,3,妊娠,pregnancy,O30.2,0.9902159571647644,,,,,
1032,2,四肢瘫痪,"Quadriplegia, Tetraplegia",G82.5,0.9987741112709045,,,,,
1032,3,创伤性,traumatic,T91.3,0.948261559009552,,,,,
1032,4,近期发生,current episode,S14.1,0.9923109412193298,,,,,
1032,3,痉挛性,spinal,G82.4,0.9861479997634888,,,,,
1032,4,先天性(大脑),congenital (cerebral),G80.0,0.974443793296814,,,,,
1032,3,栓子性(近期发生),embolic (current episode),I63.4,0.9753023386001587,,,,,
1033,3,松弛性,flaccid,G82.3,0.9835745096206665,,,,,
1033,4,先天性(大脑),congenital (cerebral),G80.8,0.9677796959877014,,,,,
1033,5,痉挛性_,spastic,G80.0,0.9217837452888489,,,,,
1033,3,先天性(大脑性),congenital (cerebral),G80.8,0.9969327449798584,,,,,
1033,4,痉挛性,spastic,G80.0,0.9358733892440796,,,,,
1033,3,新生儿 NEC,newborn NEC,P11.9,0.982720673084259,,,,,
1033,3,血栓形成性(近期发生),thrombotic (current episode),I63.3,0.9749165177345276,,,,,
1033,1,sì 似,,,0.9635556936264038,,,,,
1033,2,似腹盘吸虫病,"Gastrodisciasis, gastrodiscoidiasis",B66.8,0.9998596906661987,,,,,
1033,1,sì 饲,,,0.9633288383483887,,,,,
1033,2,饲肥星形细胞瘤(M9411/3),Gemistocytoma (M9411/3),,0.9999169111251831,,,,,
1033,3,特指部位-见肿瘤，恶性,"specified site - see Neoplasm, malignant",,0.9963566660881042,,,,,
1033,3,未特指部位,unspecified site,C71.9,0.9957987070083618,,,,,
1033,1,sōng 松,,,0.9675207138061523,,,,,
1033,2,松弛，弛缓-另见休息,"Lax, laxity, Relaxation - see also Relaxation",,0.9842451214790344,,,,,
1033,3,背部韧带,back ligaments,M53.2,0.9774826765060425,,,,,
1033,3,贲门食管,cardioesophageal,K21.9,0.9786388278007507,,,,,
1033,3,骶髂(关节),sacroiliac (joint),M53.2,0.9542664885520935,,,,,
1033,3,肛门(括约肌),anus (sphincter),K62.8,0.9857927560806274,,,,,
1033,4,心因性,psychogenic,F45.8,0.9712793231010437,,,,,
1033,3,膈,diaphragm,J98.6,0.9930528402328491,,,,,
1033,3,弓(足),arch (foot),M21.4,0.9725313186645508,,,,,
1033,4,先天性,congenital,Q66.5,0.8790088891983032,,,,,
1033,3,关节(囊)(麻痹性),joint (capsule) (paralytic),M25.2,0.9769608974456787,,,,,
1033,4,先天性NEC,congenital NEC,Q74.8,0.9749870300292969,,,,,
1033,3,会阴,perineum,N81.8,0.9831808805465698,,,,,
1033,3,尿道(括约肌),urethra (sphincter),N36.8,0.9690505266189575,,,,,
1033,3,膀胱(括约肌),"bladder, vesical (sphincter)",N31.2,0.9878119230270386,,,,,
1033,3,盆底,pelvic floor,N81.8,0.9608536958694458,,,,,
1033,3,皮肤(后天性),skin (acquired),L57.4,0.9678239822387695,,,,,
1033,4,先天性,congenital,Q82.8,0.9269116520881653,,,,,
1033,3,韧带,ligament(ous),M24.2,0.995943546295166,,,,,
1033,4,家族性,familial,M35.7,0.9873573184013367,,,,,
1033,4,膝,knee,M23.8,0.936657190322876,,,,,
1033,3,腰骶(关节),lumbosacral (joint),M53.2,0.9938402771949768,,,,,
1033,3,阴囊,scrotum,N50.8,0.9805294871330261,,,,,
1034,3,直肠(括约肌),rectum (sphincter),K62.8,0.9951092004776001,,,,,
1034,3,姿势,posture,R29.3,0.9845308661460876,,,,,
1034,2,松弛(心脏括约肌),Chalasia (cardiac sphincter),K21.9,0.9895954132080078,,,,,
1034,2,松弛嵴,Flabby ridge,K06.8,0.9540970325469971,,,,,
1034,2,松果体或松果腺的 - 见情况,Pineal body or gland - see condition,,0.9604365229606628,,,,,
1034,2,松果体机能减退,Hypopinealism,E34.8,0.9920759201049805,,,,,
1034,2,松果体机能亢进,Hyperpinealism,E34.8,0.9790451526641846,,,,,
1034,2,松果体瘤(M9360/1),Pinealoma (M9360/1),D44.5,0.9799124002456665,,,,,
1034,2,松果体细胞瘤(M9361/1),Pineocytoma (M9361/1),D44.5,0.9911761283874512,,,,,
1034,2,松解，脊椎,"Dissolution, vertebra",M81.9,0.9578104019165039,,,,,
1034,2,松散,Bulky,,0.9999508261680603,,,,,
1034,3,大便,stools,R19.5,0.9627358913421631,,,,,
1034,1,sòng 宋,,,0.9805440902709961,,,,,
1034,2,宋内痢疾,Sonne dysentery,A03.3,0.9634162187576294,,,,,
1034,1,sòng 诵,en82,,0.6130396723747253,,,,,
1034,2,诵读困难,Dyslexia,R48.0,0.9870399236679077,,,,,
1034,3,发育性,developmental,F81.0,0.9848432540893555,,,,,
1034,1,sù 诉,,,0.999837338924408,,,,,
1034,2,诉讼引起的焦虑,"Litigation, anxiety concerning",Z65.3,0.9707959294319153,,,,,
1034,1,sù 素,,,0.9999696612358093,,,,,
1034,2,素质,Diathesis,,0.9999750256538391,,,,,
1034,3,出血(家族性),hemorrhagic (familial),D69.9,0.99091637134552,,,,,
1034,3,痛风[关节炎体质],gouty,M10.9,0.9903472065925598,,,,,
1034,1,sù 宿,,,0.9999498724937439,,,,,
1034,2,宿醉(酒精),Hangover (alcohol),F10.0,0.9945635199546814,,,,,
1034,1,sù 粟,,,0.8908851146697998,,,,,
1034,2,粟粒性的 - 见情况,Miliary - see condition,,0.9761233329772949,,,,,
1034,2,粟粒疹,Milium,L72.0,0.9998090267181396,,,,,
1034,3,胶状,colloid,L57.8,0.9924017786979675,,,,,
1035,2,粟疹[汗疹][痱子],Miliaria,L74.3,0.9934373497962952,,,,,
1035,3,白,alba,L74.1,0.9460075497627258,,,,,
1035,3,顶(浆分)泌腺,apocrine,L75.2,0.9948256015777588,,,,,
1035,3,红,rubra,L74.0,0.9652336239814758,,,,,
1035,3,晶状,crystallina,L74.1,0.9725484848022461,,,,,
1035,3,热带,tropicalis,L74.2,0.9446858167648315,,,,,
1035,3,深部,profunda,L74.2,0.9302070140838623,,,,,
1035,1,suān 酸,,,0.9736408591270447,,,,,
1035,2,酸,Acid,,0.999874472618103,,,,,
1035,3,磷酸酶缺乏,phosphatase deficiency,E83.3,0.9705853462219238,,,,,
1035,3,缺乏,deficiency,,0.9615163207054138,,,,,
1035,4,泛酸,pantothenic,E53.8,0.9741978645324707,,,,,
1035,4,抗坏血酸,ascorbic,E54,0.9666612148284912,,,,,
1035,4,烟酸,nicotinic,E52,0.9750388264656067,,,,,
1035,4,烟酰胺,amide nicotinic,E52,0.9360879063606262,,,,,
1035,4,叶酸,folic,E53.8,0.9784052968025208,,,,,
1035,3,烧伤-见腐蚀伤,burn – see Corrosion,,0.9621244072914124,,,,,
1035,3,胃,stomach,K31.8,0.9785934090614319,,,,,
1035,4,心因性,psychogenic,F45.3,0.9932928085327148,,,,,
1035,3,中毒,intoxication,E87.2,0.9453451633453369,,,,,
1035,2,酸尿症,Aciduria,,0.9999319911003113,,,,,
1035,3,精氨(基)琥珀酸性,argininosuccinic,E72.2,0.982758641242981,,,,,
1035,3,乳清酸性(先天性)(遗传性)(嘧啶缺乏),orotic (congenital) (hereditary) (pyrimidine deficiency),E79.8,0.9882148504257202,,,,,
1035,4,贫血,anemia,D53.0,0.8951059579849243,,,,,
1035,3,戊二酸性,glutaric,E72.3,0.9444423317909241,,,,,
1035,2,酸血症,Acidemia,E87.2,0.9842285513877869,,,,,
1035,3,丙酸性,propionic,E71.1,0.9382163286209106,,,,,
1035,3,甲基丙二酸性,methylmalonic,E71.1,0.957069456577301,,,,,
1035,3,精氨(基)琥珀酸性,argininosuccinic,E72.2,0.9949647784233093,,,,,
1035,3,六氢嘧啶羧酸性,pipecolic,E72.3,0.9624152779579163,,,,,
1035,3,"胎儿-见窘迫,胎儿","fetal – see Distress, fetal",,0.9195472598075867,,,,,
1035,3,异缬氨酸性,isovaleric,E71.1,0.9734436869621277,,,,,
1035,2,酸中毒(乳酸性)(呼吸性),Acidosis (lactic) (respiratory),E87.2,0.9742243885993958,,,,,
1035,3,代谢性 NEC,metabolic NEC,E87.2,0.9294523000717163,,,,,
1035,4,晚期，新生儿的,"late, of newborn",P74.0,0.9742266535758972,,,,,
1035,3,肾(高氯血症性)(小管性),renal (hyperchloremic) (tubular),N25.8,0.9631505012512207,,,,,
1035,3,肾小管性,"kidney, tubular",N25.8,0.8873687386512756,,,,,
1035,3,胎儿-见窘迫，胎儿,"fetal – see Distress, fetal",,0.9156533479690552,,,,,
1035,3,糖尿病性-见E10-E14伴有第四位数.1,diabetic – see E10-E14 with fourth character .1,,0.9581007361412048,,,,,
1035,3,子宫内-见窘迫，胎儿,"intrauterine – see Distress, fetal",,0.9315770864486694,,,,,
1036,1,suǐ 髓,,,,,,,,
1036,2,髓核的 - 见情况,Nucleus pulposus - see condition,,0.9395707249641418,,,,,
1036,2,髓鞘破坏，脑桥，中枢性,"Myelinolysis, pontine, central",G37.2,0.9991582632064819,,,,,
1036,2,髓上皮瘤(M9501/3)-另见肿瘤，恶性,"Medulloepithelioma (M9501/3) - see also Neoplasm, malignant",,0.9987418055534363,,,,,
1036,3,畸胎样(M9502/3)-见肿瘤，恶性,"teratoid (M9502/3) - see Neoplasm, malignant",,0.9874623417854309,,,,,
1036,2,髓石(牙髓),Denticles (pulp),K04.2,0.9955776333808899,,,,,
1036,2,髓细胞性的 - 见情况,Myelogenous - see condition,,0.9798285961151123,,,,,
1036,2,髓样的 - 见情况,Myeloid - see condition,,0.969494104385376,,,,,
1036,2,髓质的 - 见情况,Medulla - see condition,,0.9394397735595703,,,,,
1036,2,髓质囊性肾,Medullary cystic kidney,Q61.5,0.9853922128677368,,,,,
1036,1,suì 碎,,,0.899120032787323,,,,,
1036,2,碎颅术，胎儿,"Cranioclasis, fetus",P03.8,0.9613612294197083,,,,,
1036,2,碎胎术(对母体)(以促进分娩),Embryotomy (mother) (to facilitate delivery),O83.4,0.9865995645523071,,,,,
1036,3,胎儿,fetus,P03.8,0.9461880922317505,,,,,
1036,1,sǔn 损,,,0.9270931482315063,,,,,
1036,2,损害(非创伤性),"Damage, Impaired/Impairment(function), Lesion (nontraumatic)",,0.9998531341552734,,,,,
1036,3,X线(辐射)NEC,X-ray (radiation) NEC,T66,0.9485937356948853,,,,,
1036,3,瓣膜-见心内膜炎,valvular - see Endocarditis,,0.9754592180252075,,,,,
1036,3,贲门,cardia,K22.9,0.9725334644317627,,,,,
1036,3,鼻(内),nose (internal),J34.8,0.9735440611839294,,,,,
1036,3,鼻窦(旁窦),sinus (accessory)(nasal),J34.8,0.9785358309745789,,,,,
1036,3,臂丛,brachial plexus,G54.0,0.9874171614646912,,,,,
1036,3,扁桃体窝,tonsillar fossa,J35.9,0.998448371887207,,,,,
1036,3,变性性-见变性,degenerative - see Degeneration,,0.9803779721260071,,,,,
1036,3,肠,intestine,K63.9,0.9806149005889893,,,,,
1036,3,创伤性NEC(另见损伤，按部位和类型),"traumatic NEC (see also Injury, by site and type)",T14.9,0.9821897149085999,,,,,
1036,3,唇,lip,K13.0,0.9737480282783508,,,,,
1036,3,大脑NEC-见损害，脑,"cerebral NEC - see Damage, brain",,0.9927474856376648,,,,,
1036,3,胆管(另见病，胆总管),"bile duct (see also Disease, bile duct (common))",K83.9,0.993304431438446,,,,,
1036,3,骶髂(关节)(陈旧性),sacroiliac (joint) (old),M53.3,0.9570319652557373,,,,,
1036,3,动脉硬化性 - 见 动脉硬化,arteriosclerotic - see Arteriosclerosis,,0.9212762117385864,,,,,
1036,3,二尖瓣,mitral,I05.9,0.9391207098960876,,,,,
1036,3,非对抗疗法-见损害，生物力学,"nonallopathic - see Lesion, biomechanical",,0.9824801087379456,,,,,
1036,3,肺,pulmonary,J98.4,0.9824802875518799,,,,,
1036,4,瓣膜,valve,I37.9,0.9888019561767578,,,,,
1036,3,肺(钱币形),lung (coin),R91,0.952206552028656,,,,,
1037,3,辐射 NEC,radiation NEC,T66,0.9626893401145935,,,,,
1037,3,钙化性 -见 钙化,calcified - see Calcification,,0.9205915331840515,,,,,
1037,3,肝(功能),liver (function),K72.9,0.994911789894104,,,,,
1037,3,肝(非创伤性),liver (nontraumatic),K76.9,0.9794703722000122,,,,,
1037,4,酒精性,alcoholic,K70.9,0.9686809778213501,,,,,
1037,4,由于药物-见病，肝，中毒,"due to drugs - see Disease, liver",,0.955976128578186,,,,,
1037,4,中毒性-见病，肝，中毒性,"toxic - see Disease, liver, toxic",,0.9528244137763977,,,,,
1037,3,肛门直肠,anorectal,K62.9,0.9531937837600708,,,,,
1037,3,梗阻性-见梗阻,obstructive - see Obstruction,,0.9974376559257507,,,,,
1037,3,骨,bone,M89.9,0.9770448207855225,,,,,
1037,3,骨质溶解性,osteolytic,M89.5,0.972765326499939,,,,,
1037,3,鼓索,chorda tympani,G51.8,0.9610611796379089,,,,,
1037,3,关节,joint,M25.9,0.9963551163673401,,,,,
1037,4,骶髂(陈旧性),sacroiliac (old),M53.3,0.9776666760444641,,,,,
1037,3,冠状动脉(另见缺血，心脏),"coronary artery (see also Ischemia, heart)",I25.9,0.9655726552009583,,,,,
1037,3,喉神经(复发性),laryngeal nerve (recurrent),G52.2,0.9928531646728516,,,,,
1037,3,化学性，流产后(随后发生),"chemical, following abortion (subsequent episode)",O08.6,0.974826991558075,,,,,
1037,3,回肠,ileum,K63.9,0.9646181464195251,,,,,
1037,3,回盲部,ileocecal,K63.9,0.962206244468689,,,,,
1037,3,基底神经节,basal.ganglion,G25.9,0.9479072093963623,,,,,
1037,3,脊髓,spinal cord,G95.9,0.9959443807601929,,,,,
1037,4,创伤(完全性)(不完全性)(横断性)(另见损伤，脊髓，按部位),"traumatic (complete) (incomplete) (transverse) (see also Injury, spinal cord, by region)",T09.3,0.9592350125312805,,,,,
1037,4,先天性,congenital,Q06.9,0.9697257280349731,,,,,
1037,3,继发性-见梅毒，二期,"secondary - see Syphilis, secondary",,0.9774078726768494,,,,,
1037,3,加塞神经节,gasserian ganglion,G50.8,0.9737672209739685,,,,,
1037,3,颊窝,buccal cavity,K13.7,0.9797738790512085,,,,,
1037,3,肩,shoulder,M75.9,0.9642520546913147,,,,,
1037,4,特指的 NEC,specified NEC,M75.8,0.9541579484939575,,,,,
1037,3,交叉内(视),intrachiasmal (optic),H47.4,0.9719824194908142,,,,,
1037,3,角化病的-见角化病,keratotic - see Keratosis,,0.9910231232643127,,,,,
1037,3,角化过度症(另见角化过度),hyperkeratotic (see also Hyperkeratosis),,0.9935788512229919,,,,,
1037,3,结肠,colon,K63.9,0.9835401177406311,,,,,
1037,3,结膜,conjunctiva,H11.9,0.9923321604728699,,,,,
1037,3,颈(神经)根NEC,cervical (nerve) root NEC,G54.2,0.965394914150238,,,,,
1037,3,口腔，口腔粘膜,"mouth, oral mucosa",K13.7,0.975514829158783,,,,,
1037,3,溃疡性-见溃疡,ulcerated or ulcerative - see Ulcer,,0.9802584052085876,,,,,
1037,3,镭 NEC,radium NEC,T66,0.9126186370849609,,,,,
1037,3,类军刀伤,en coup de sabre,L94.1,0.9930285811424255,,,,,
1037,3,颅内，占位性[颅内占位性病变]NEC,"intracranial, space-occupying NEC",R90.0,0.9808259606361389,,,,,
1037,3,马尾,cauda equina,G83.4,0.9929296970367432,,,,,
1037,3,盲肠,cecum,K63.9,0.9790485501289368,,,,,
1038,3,梅毒性-见梅毒,syphilitic - see Syphilis,,0.9890437722206116,,,,,
1038,3,囊性-见囊肿,cystic - see Cyst,,0.9720354080200195,,,,,
1038,3,脑(非创伤性),brain (nontraumatic),G93.9,0.9866921901702881,,,,,
1038,4,儿童 NEC,child NEC,G80.9,0.9415372610092163,,,,,
1038,4,缺氧性,"anoxic, hypoxic",G93.1,0.9620547294616699,,,,,
1038,5,操作所致,resulting from a procedure,G97.8,0.9328300952911377,,,,,
1038,4,出生时,at birth,P20.9,0.9676321744918823,,,,,
1038,4,胎儿,fetal,P21.9,0.8780829310417175,,,,,
1038,4,新生儿,newborn,P21.9,0.8931933045387268,,,,,
1038,5,子宫内,intrauterine,P20.9,0.9131704568862915,,,,,
1038,4,先天性,congenital,Q04.9,0.896198570728302,,,,,
1038,5,非新生儿,not newborn,G80.9,0.9902188181877136,,,,,
1038,5,新生儿,newborn,P11.2,0.9437265396118164,,,,,
1038,4,血管,vascular,I67.9,0.89266037940979,,,,,
1038,5,变性性,degenerative,I67.9,0.9692820310592651,,,,,
1038,4,由于产伤,due to birth injury,P11.2,0.981777548789978,,,,,
1038,4,子宫内,intrauterine,G80.9,0.9852122068405151,,,,,
1038,3,脑内-见损害，脑,"intracerebral - see Lesion, brain",,0.9895313382148743,,,,,
1038,3,脑血管,cerebrovascular,I67.9,0.9580742120742798,,,,,
1038,3,盆腔,pelvic,,0.9890379309654236,,,,,
1038,4,关节或韧带，分娩中,"joint or ligament, during delivery",O71.6,0.9696087837219238,,,,,
1038,4,器官NEC,organ NEC,,0.9514947533607483,,,,,
1038,5,分娩中,during delivery,O71.5,0.9493412971496582,,,,,
1038,5,后,following,,0.7507850527763367,,,,,
1038,6,流产(随后发生),abortion (subsequent episode),O08.6,0.9459040760993958,,,,,
1038,5,近期发生-见流产,current episode - see Abortion,,0.9484355449676514,,,,,
1038,6,异位妊娠或葡萄胎妊娠,ectopic or molar pregnancy,O08.6,0.958454430103302,,,,,
1038,3,皮肤,skin,L98.9,0.9607522487640381,,,,,
1038,4,化脓性,suppurative,L08.0,0.9948333501815796,,,,,
1038,3,脾,spleen,D73.8,0.9767409563064575,,,,,
1038,3,品他病-见品他病，损害,"carate, pinta - see Pinta, lesions",,0.9962173700332642,,,,,
1038,3,器官或部位NEC-见病，按部位,"organ or site NEC - see Disease, by site",,0.9984452724456787,,,,,
1038,4,创伤性-见损伤，按部位,"traumatic - see Injury, by site",,0.9799343347549438,,,,,
1038,3,钱币形，肺,"coin, lung",R91,0.9824575781822205,,,,,
1038,3,认知(功能),cognitive(function),,0.984363853931427,,,,,
1038,4,持续性(由于),persisting (due to),,0.9376143217086792,,,,,
1038,5,酒精,alcohol,F10.7,0.9588338732719421,,,,,
1038,5,使用致幻剂,hallucinogen use,F16.7,0.9898422956466675,,,,,
1038,5,镇静剂,sedatives,F13.7,0.9575464725494385,,,,,
1038,4,轻度,mild,F06.7,0.9600740075111389,,,,,
1038,3,三尖(瓣),tricuspid (valve),I07.9,0.9500048756599426,,,,,
1038,4,非风湿性,nonrheumatic,I36.9,0.9813666939735413,,,,,
1039,3,三期-见梅毒，三期,"tertiary - see Syphilis, tertiary",,0.9869273900985718,,,,,
1039,3,色素(皮肤),pigment (skin),L81.9,0.9950953125953674,,,,,
1039,3,神经(另见疾患，神经),"nerve (see also Disorder, nerve)",G58.9,0.9839310050010681,,,,,
1039,3,神经系统，先天性,"nervous system, congenital",Q07.9,0.9734154939651489,,,,,
1039,3,肾(另见病，肾),"kidney, renal (see also Disease, renal)",N28.9,0.9776861071586609,,,,,
1039,4,急性,acute,N17,0.9561840891838074,,,,,
1039,3,肾(功能)(另见衰竭，肾),"kidney, renal (function) (see also Failure, renal)",N19,0.9839047789573669,,,,,
1039,4,所致疾患,disorder resulting from,N25.9,0.9520986676216125,,,,,
1039,3,肾小球,glomerular,,0.9665868282318115,,,,,
1039,4,极微的改变-编码于N00-N07伴有第四位数.0,minimal change - code to N00-N07 with fourth character.0,,0.9829696416854858,,,,,
1039,4,局灶性和节段性-编码于N00-N07伴有第四位数.1,focal and segmental - code to N00-N07 with fourth character.1,,0.9876804351806641,,,,,
1039,3,生物力学,biomechanical,M99.9,0.9911221265792847,,,,,
1039,4,特指的NEC,specified NEC,M99.8,0.9895639419555664,,,,,
1039,3,十二指肠,duodenum,K31.9,0.9921428561210632,,,,,
1039,3,视交叉，视前交叉,"chiasmal, prechiasmal (optic)",H47.4,0.9868797659873962,,,,,
1039,3,视力(功能)NEC,vision (function) NEC,H54.9,0.9960075616836548,,,,,
1039,3,视力,visual,,0.9174739718437195,,,,,
1039,4,双眼,binocular,H54.9,0.9589194059371948,,,,,
1039,5,轻度,mild,H54.3,0.9715301990509033,,,,,
1039,5,中度,noderate .,H54.2,0.9401441812515259,,,,,
1039,5,重度,severe,H54.1,0.9162652492523193,,,,,
1039,4,单眼,onocular,,0.8196569681167603,,,,,
1039,5,中度,moderate,H54.6,0.950634777545929,,,,,
1039,5,重度,severe,H54.5,0.9547263383865356,,,,,
1039,3,视网膜,"retina, retinal",H35.9,0.998128354549408,,,,,
1039,4,血管,vascular,H35.0,0.9431775212287903,,,,,
1039,3,听觉(功能)-见聋,hearing (function) - see Deafness,,0.9829569458961487,,,,,
1039,3,听力辨别(功能),auditory discrimination (function),H93.2,0.9925112724304199,,,,,
1039,3,听神经,auditory nerve,H93.3,0.9991121292114258,,,,,
1039,3,尾骨，并发于分娩,"coccyx, complicating delivery",O71.6,0.9884353876113892,,,,,
1039,3,胃,"gastric, stomach",K31.9,0.9703081250190735,,,,,
1039,3,胃肠,gastrointestinal,K63.9,0.9968306422233582,,,,,
1039,3,胃十二指肠,gastroduodenal,K31.9,0.9904939532279968,,,,,
1039,3,无牙牙槽嵴，与创伤有关，由于创伤性咬合,"edentulous (alveolar) ridge, associated with trauma, due to traumatic occlusion",K06.2,0.9754980802536011,,,,,
1039,3,息肉样-见息肉,polypoid - see Polyp,,0.9763230085372925,,,,,
1039,3,下丘脑,hypothalamic,E23.7,0.9929132461547852,,,,,
1039,3,先天性-见异常，按部位,"congenital - see Anomaly, by site",,0.9947523474693298,,,,,
1039,3,涎腺,salivary gland,K11.9,0.9896095395088196,,,,,
1039,4,良性淋巴上皮,benign lymphoepithelial,K11.8,0.9725412726402283,,,,,
1039,3,消化性NEC,peptic NEC,K27.9,0.9346983432769775,,,,,
1039,3,心(功能)-见病，心脏,"heart(function) - see Disease, heart",,0.962285041809082,,,,,
1040,3,心肌(功能)(另见机能不全，心肌),"myocardium, myocardial (function) (see also Insufficiency, myocardial)",I50.9,0.9781733751296997,,,,,
1040,3,心内膜下(另见变性，心肌),"subendocardium, subendocardial (see also Degeneration, myocardial)",I51.5,0.980987548828125,,,,,
1040,3,心肾性(血管性)(另见高血压，心肾性),"cardiorenal (vascular) (see also Hypertension, cardiorenal)",I13.9,0.9671301245689392,,,,,
1040,3,心脏-另见病，心脏,"cardiac - see also Disease, heart",I51.9,0.9882762432098389,,,,,
1040,4,瓣膜-见心内膜炎,valvular - see Endocarditis,,0.9345758557319641,,,,,
1040,4,功能-见病，心脏,"function - see Disease, heart",,0.9461682438850403,,,,,
1040,4,器质性-见病，心脏,"heart (organic) - see Disease, heart",,0.9244163036346436,,,,,
1040,4,先天性,congenital,Q24.9,0.9539673924446106,,,,,
1040,3,胸(神经)根NEC,thoracic root (nerve) NEC,G54.3,0.9803326725959778,,,,,
1040,3,血管,vascular,I99,0.940646231174469,,,,,
1040,4,脐带，并发于分娩,"umbilical cord, complicating delivery",O69.5,0.9833247661590576,,,,,
1040,5,影响到胎儿或新生儿,affecting fetus or newborn,P02.6,0.9875606298446655,,,,,
1040,4,视网膜,"retina, retinal",H35.0,0.9873858094215393,,,,,
1040,4,影响中枢神经系统,affecting central nervous system,I67.9,0.9748036861419678,,,,,
1040,3,血管中心性免疫增生性(M9766/1),angiocentric immunoproliferative (M9766/1),D47.7,0.9970649480819702,,,,,
1040,3,牙,"tooth, teeth",K08.9,0.9353449940681458,,,,,
1040,4,白斑,white spot,K02.0,0.9524424076080322,,,,,
1040,3,牙槽突,alveolar process,K08.9,0.9407999515533447,,,,,
1040,3,牙龈，与创伤有关,"gingiva, associated with trauma",K06.2,0.9876025319099426,,,,,
1040,3,牙周，由于创伤性验,"periodontal, due to traumatic occlusion",K05.5,0.9725109934806824,,,,,
1040,3,咽,pharynx,J39.2,0.9820994734764099,,,,,
1040,3,炎性-见 炎症,inflammatory - see Inflammation,,0.9420884847640991,,,,,
1040,3,眼，产伤,"eye, birth injury",P15.3,0.9937100410461426,,,,,
1040,3,眼睑,eyelid,H02.9,0.9515181183815002,,,,,
1040,3,腰骶,lumbosacral,,0.9575262069702148,,,,,
1040,4,丛,plexus,G54.1,0.8773376941680908,,,,,
1040,4,神经根 NEC,root (nerve) NEC,G54.4,0.977434515953064,,,,,
1040,3,乙状结肠,sigmoid,K63.9,0.9634038805961609,,,,,
1040,3,幽门,pylorus,K31.9,0.9753381013870239,,,,,
1040,3,疣状-见疣,warty - see Verruca,,0.971494197845459,,,,,
1040,3,原发性,primary,,0.9828962683677673,,,,,
1040,4,梅毒,syphilis,A51.0,0.9442676305770874,,,,,
1040,4,品他病,"carate, pinta",A67.0,0.9472226500511169,,,,,
1040,4,雅司病,yaws,A66.0,0.9630931615829468,,,,,
1040,3,运动皮质NEC,motor cortex NEC,G93.8,0.9756770730018616,,,,,
1040,3,直肠括约肌,rectal sphincter,R19.8,0.9860114455223083,,,,,
1040,3,直肠乙状结肠,ectosigmoid,K63.9,0.9990548491477966,,,,,
1040,3,主动脉(瓣),aortic (valve),I35.9,0.9609563946723938,,,,,
1040,3,子宫,uterus,N85.9,0.9776188731193542,,,,,
1040,3,眦,canthus,H02.9,0.9946955442428589,,,,,
1040,3,坐骨神经,sciatic nerve,G57.0,0.9843697547912598,,,,,
1041,2,损坏,Damage,,0.9998816251754761,,,,,
1041,3,会阴(产科性),perineum (obstetric),O90.1,0.9827756285667419,,,,,
1041,3,神经,nervous,F48.8,0.987211287021637,,,,,
1041,3,装置、移植物或植入物(另见并发症，按部位和类型，机械性),"device, graft or implant (see also Complications, by site and type, mechanical)",T85.8,0.9882575869560242,,,,,
1041,4,导管NEC,catheter NEC,T85.6,0.9252210855484009,,,,,
1041,4,泌尿系(留置),urinary (indwelling),T83.0,0.9649785757064819,,,,,
1041,4,输注 NEC,infusion NEC,T82.5,0.9182111620903015,,,,,
1041,4,脊髓(硬膜外)(硬膜下),spinal (epidural) (subdural),T85.6,0.9563156962394714,,,,,
1041,3,透析(肾),dialysis (renal),T82.4,0.993678867816925,,,,,
1041,4,腹膜内的,intraperitoneal,T85.6,0.9362391829490662,,,,,
1041,4,电(极)(脉冲发生器)(刺激器),electronic (electrode) (pulse generator) (stimulator),,0.9566612243652344,,,,,
1041,4,骨,bone,T84.3,0.8988741040229797,,,,,
1041,4,泌尿系,urinary,T83.1,0.9864550828933716,,,,,
1041,5,神经系统(脑)(周围神经)(脊髓),nervous system (brain) (peripheral nerve) (spinal),T85.1,0.9734725952148438,,,,,
1041,5,心脏,cardiac,T82.1,0.9825133085250854,,,,,
1041,4,动脉移植物 NEC,arterial graft NEC,T82.3,0.9711360931396484,,,,,
1041,5,冠状动脉(搭桥术),coronary(bypass),T82.2,0.9886764287948608,,,,,
1041,4,关节假体,joint prosthesis,T84.0,0.9433963298797607,,,,,
1041,4,矫形外科NEC,orthopedic NEC,T84.4,0.9905291199684143,,,,,
1041,5,骨移植物,bone graft,T84.3,0.972649872303009,,,,,
1041,4,角膜,corneal,T85.3,0.9755327701568604,,,,,
1041,4,泌尿系NEC,urinary NEC,T83.1,0.9667869210243225,,,,,
1041,5,移植物,graft,T83.2,0.9692525267601013,,,,,
1041,4,脑室颅内分流,ventricular intracranial shunt,T85.0,0.9847694039344788,,,,,
1041,4,内固定(矫形外科) NEC,"fixation, internal (orthopedic) NEC .",T84.2,0.9658463597297668,,,,,
1041,5,四肢骨,bones of limb,T84.1,0.9462379217147827,,,,,
1041,4,乳房,breast,T85.4,0.9652999043464661,,,,,
1041,4,生殖系 NEC,genital NEC,T83.4,0.9041756391525269,,,,,
1041,5,子宫内避孕装置,intrauterine contraceptive device,T83.3,0.982352077960968,,,,,
1041,4,特指的 NEC,specified NEC,T85.6,0.9479802250862122,,,,,
1041,4,胃肠(胆管)(食管),gastrointestinal (bile duct) (esophagus),T85.5,0.9714224338531494,,,,,
1041,4,心脏 NEC,heart NEC,T82.5,0.9580275416374207,,,,,
1041,5,瓣膜(假体),valve (prosthesis),T82.0,0.9619835019111633,,,,,
1041,6,移植物:2,graft,T82.2,0.933049738407135,,,,,
1041,4,血管 NEC,vascular NEC,T82.5,0.8755141496658325,,,,,
1041,4,眼(角膜移植物)(眶植入物) NEC,ocular (corneal graft) (orbital implant) NEC,T85.3,0.9819900989532471,,,,,
1041,5,眼内晶状体,intraocular lens,T85.2,0.9733870029449463,,,,,
1041,2,损伤(另见特指的损伤类型),Injury (see also specified injury type),T14.9,0.9983182549476624,,,,,
1041,3,X线NEC,X-ray NEC,T66,0.9554598927497864,,,,,
1041,3,包皮,prepuce,S39.9,0.9622777104377747,,,,,
1041,3,背,back,S39.9,0.9446596503257751,,,,,
1041,3,鼻(中隔)(窦),"nasal, nose (septum) (sinus)",S09.9,0.9773438572883606,,,,,
1042,3,鼻咽,nasopharynx,S09.9,0.9832677841186523,,,,,
1042,3,臂，臂丛,"arm, brachial plexus",S14.3,0.9893122911453247,,,,,
1042,4,新生儿,newborn,P14.3,0.9305459856987,,,,,
1042,4,上,upper,S49.9,0.8857549428939819,,,,,
1042,5,"和肩(水平),多处","and shoulder (level), multiple",S49.7,0.9290671944618225,,,,,
1042,5,特指的NEC,specified NEC,S49.8,0.9369084239006042,,,,,
1042,4,下-见损伤，前臂,"lower - see Injury, forearm",,0.9467055201530457,,,,,
1042,4,意指上肢-见损伤，肢，上,"meaning upper limb - see Injury, limb, upper",,0.9580646753311157,,,,,
1042,3,扁桃体,tonsil,S09.9,0.9863017797470093,,,,,
1042,3,玻璃体(液),vitreous (humor),S05.9,0.9916536808013916,,,,,
1042,4,特指的NEC,specified NEC,S05.8,0.9891524910926819,,,,,
1042,3,产科(另见分娩，并发，按损伤类型),"obstetric (see also Delivery, complicated by, injury by type)",O71.9,0.9430460929870605,,,,,
1042,4,特指的NEC,specified NEC,O71.8,0.9619863629341125,,,,,
1042,3,肠,intestine,S36.9,0.9966362714767456,,,,,
1042,4,大,large,S36.5,0.8598413467407227,,,,,
1042,4,小,small,S36.4,0.9662175178527832,,,,,
1042,3,肠系膜,"mesenteric, mesentery",S36.8,0.9846261143684387,,,,,
1042,4,丛(下)(上),plexus (inferior) (superior),S34.5,0.950894832611084,,,,,
1042,4,动脉(下)(上),artery (inferior) (superior),S35.2,0.961254894733429,,,,,
1042,4,静脉(下)(上),vein (inferior) (superior),S35.3,0.984433114528656,,,,,
1042,3,耻骨区,pubic region,S39.9,0.9834728240966797,,,,,
1042,3,冲击波(爆炸产生的)(空气)(水力)(水下)NEC,blast (air) (hydraulic) (immersion) (underwater) NEC,T14.8,0.9951962232589722,,,,,
1042,4,多处身体器官,multiple body organs,T70.8,0.9791666865348816,,,,,
1042,4,脑,brain,S06.0,0.9834113717079163,,,,,
1042,4,全身性,generalized,T70.8,0.9707125425338745,,,,,
1042,3,出生(胎儿或新生儿)(另见出生，损伤),"birth, childbirth, delivery (fetus or newborn)(see also Birth, injury)",P15.9,0.9828677177429199,,,,,
1042,4,母体NEC,maternal NEC,O71.9,0.9712158441543579,,,,,
1042,3,处女膜,hymen,S39.9,0.9649953842163086,,,,,
1042,3,穿孔-见穿孔，按部位，创伤性,"perforated, perforating - see Perforation, by site, traumatic",,0.9914669394493103,,,,,
1042,4,未作为创伤索引部位者，见伤口,"site not indexed as traumatic, see Wound",,0.9779400825500488,,,,,
1042,3,唇,lip,S09.9,0.9586378335952759,,,,,
1042,3,丛,plexus,,0.9582087397575378,,,,,
1042,4,臂,brachial,S14.3,0.9646906852722168,,,,,
1042,4,肠系膜,mesenteric,S34.5,0.9379353523254395,,,,,
1042,4,肺.,pulmonary,S24.4,0.966471254825592,,,,,
1042,4,腹腔,celiac,S34.5,0.9231847524642944,,,,,
1042,4,腹下,hypogastric,S34.5,0.9046486616134644,,,,,
1042,4,食管,esophageal,S24.4,0.9262259006500244,,,,,
1042,4,心,cardiac,S24.4,0.925859272480011,,,,,
1042,4,腰骶,"lumbar, lumbosacral",S34.4,0.9683976769447327,,,,,
1043,3,大脑,cerebral,S06.9,0.9696847796440125,,,,,
1043,4,局部,focal,S06.3,0.9646733403205872,,,,,
1043,4,弥漫性,diffuse,S06.2,0.9896245002746582,,,,,
1043,4,特指的NEC,specified NEC,S06.8,0.9551119804382324,,,,,
1043,3,大腿,thigh,S79.9,0.9948791861534119,,,,,
1043,4,和髋，多处,"and hip, multiple",S79.7,0.9847583174705505,,,,,
1043,4,特指的NEC,specified NEC,S79.8,0.9946038722991943,,,,,
1043,3,胆管，胆囊管,"bile duct, cystic duct",S36.1,0.9927601218223572,,,,,
1043,3,胆囊,gallbladder,S36.1,0.993004560470581,,,,,
1043,3,胆总管,common bile duct,S36.1,0.9977778792381287,,,,,
1043,3,骶丛,sacral plexus,S34.4,0.9482981562614441,,,,,
1043,3,顶(区)(头皮),parietal (region) (scalp),S09.9,0.9909999966621399,,,,,
1043,4,叶(另见损伤，颅内),"lobe (see also Injury, intracranial)",S06.8,0.9759771823883057,,,,,
1043,3,动脉(并发创伤)(另见损伤，血管),"artery (complicating trauma) (see also Injury, blood vessel)",T14.5,0.9842936396598816,,,,,
1043,4,大脑或脑(脊)膜,cerebral or meningeal,S06.8,0.9791292548179626,,,,,
1043,4,心性,cardial,S25.8,0.9748589396476746,,,,,
1043,3,窦,sinus,,0.9645328521728516,,,,,
1043,4,鼻,nasal,S09.9,0.9461128115653992,,,,,
1043,4,海绵,cavernous,S06.8,0.978983461856842,,,,,
1043,3,多处,multiple sites,T07,0.9846976399421692,,,,,
1043,4,注：部位可分类于同一个三位数或四位数标题的多处损伤，应分类于该标题。可分类于同一节内不同三位数类目的多处损伤，应指定到该身体部位用于多处损伤的亚目。可分类于不同身体部位的多处损伤，应编码到T00-T07。,Note:Multiple injuries of sites classifiable to the same three- or four-character rubric should be classified to that rubric. Multiple injuries classifiable to different three- character categories within the same block should be assigned to the subcategory for multiple injuries of that body region. Multiple injuries of sites classifiable to,,0.9709035754203796,,,,,
1043,4,大腿(和髋),thigh (and hip),S79.7,0.9882710576057434,,,,,
1043,4,腹部、下背和骨盆,"abdomen, lower back and pelvis",S39.7,0.9822253584861755,,,,,
1043,4,腹内器官,intra-abdominal organs,S36.7,0.9528173804283142,,,,,
1043,5,伴有盆腔器官,with pelvic organs,S39.6,0.9728819727897644,,,,,
1043,4,踝(和足),ankle (and foot),S99.7,0.9810104966163635,,,,,
1043,4,肌腱,muscle and tendons,T06.4,0.9737191796302795,,,,,
1043,4,肩(和上臂),shoulder (and upper arm),S49.7,0.9564225077629089,,,,,
1043,4,颈,neck,S19.7,0.9585217833518982,,,,,
1043,4,髋(和大腿),hip (and thigh),S79.7,0.9551845788955688,,,,,
1043,4,盆腔器官,pelvic organs,S37.7,0.942400336265564,,,,,
1043,5,伴有腹内器官,with intra-abdominal organs,S39.6,0.9666919708251953,,,,,
1043,4,前臂,forearm,S59.7,0.9046112895011902,,,,,
1043,4,躯干，内,"trunk, internal",T06.5,0.9573509693145752,,,,,
1044,4,上臂(和肩),"arm, upper (and shoulder)",S49.7,0.9499844312667847,,,,,
1044,4,手(和腕),hand (and wrist),S69.7,0.9656119346618652,,,,,
1044,4,特指的 NEC,specified NEC,T06.8,0.9712281823158264,,,,,
1044,4,头部,head,S09.7,0.9548590779304504,,,,,
1044,4,腕(和手),wrist (and hand),S69.7,0.9725493788719177,,,,,
1044,4,膝NEC,knee NEC,S83.7,0.9803231358528137,,,,,
1044,5,和小腿,and lower leg,S89.7,0.9356089234352112,,,,,
1044,4,小腿(和膝),"leg, lower (and knee)",S89.7,0.9764034152030945,,,,,
1044,4,胸,"thorax, thoracic",S29.7,0.9463610053062439,,,,,
1044,5,内,internal,S27.7,0.9395100474357605,,,,,
1044,4,胸内器官,intrathoracic organs,S27.7,0.9668541550636292,,,,,
1044,4,血管,blood vessels,T06.3,0.9211366176605225,,,,,
1044,4,足(和踝),foot (and ankle),S99.7,0.9763852953910828,,,,,
1044,3,额,brow,S09.9,0.968061089515686,,,,,
1044,3,腭(硬)(软),palate (hard) (soft),S09.9,0.9838507771492004,,,,,
1044,3,耳(廓)(外)(管),ear (auricle) (external) (canal),S09.9,0.9676434397697449,,,,,
1044,3,耳道(外),auditory canal (external) (meatus),S09.9,0.9659299254417419,,,,,
1044,3,肺,lung,S27.3,0.96044921875,,,,,
1044,4,伴有,with,,0.7765816450119019,,,,,
1044,5,气胸,pneumothorax,S27.0,0.975560188293457,,,,,
1044,5,气血胸,pneumohemothorax,S27.2,0.9567741751670837,,,,,
1044,5,血气胸,hemopneumothorax,S27.2,0.9595521688461304,,,,,
1044,5,血胸,hemothorax,S27.1,0.916119396686554,,,,,
1044,4,特指的 NEC,specified NEC,S27.3,0.9779289960861206,,,,,
1044,3,辐射NEC,radiation NEC,T66,0.9682885408401489,,,,,
1044,3,附睾,epididymis,S39.9,0.9786849021911621,,,,,
1044,3,腹部,"abdomen, abdominal",S39.9,0.9890226721763611,,,,,
1044,4,伴有盆腔器官,with pelvic organs,S39.6,0.9740520119667053,,,,,
1044,4,特指的NEC,specified NEC,S39.8,0.9717799425125122,,,,,
1044,3,腹股沟,groin,S39.9,0.9598987698554993,,,,,
1044,3,腹膜，腹膜后,"peritoneum, retroperitoneal",S36.8,0.9752135276794434,,,,,
1044,3,腹内器官,intra-abdominal organ,S36.9,0.9954842925071716,,,,,
1044,4,伴有胸内(和盆腔)器官,with intrathoracic (and pelvic) organs,T06.5,0.984168291091919,,,,,
1044,4,多处,multiple,S36.7,0.967416524887085,,,,,
1044,4,特指的 NEC,specified NEC,S36.8,0.9646535515785217,,,,,
1044,3,腹腔神经节或腹腔丛,celiac ganglion or plexus,S34.5,0.98737633228302,,,,,
1044,3,腹下丛,hypogastric plexus,S34.5,0.9739654660224915,,,,,
1044,3,肝，肝管,"liver, hepatic duct",S36.1,0.98773592710495,,,,,
1044,3,肛门,anus,S39.9,0.9537379741668701,,,,,
1044,3,睾丸,testis,S39.9,0.9830337166786194,,,,,
1044,3,膈,diaphragm,S27.8,0.9922547340393066,,,,,
1045,3,跟腱,Achilles tendon,S86.0,0.9471983313560486,,,,,
1045,3,宫颈,cervix (uteri),S37.6,0.9807372093200684,,,,,
1045,3,巩膜,sclera,S05.8,0.9877108931541443,,,,,
1045,4,贯通性,penetrating,S05.6,0.9371129274368286,,,,,
1045,3,骨骼，产伤,"skeleton, birth injury",P13.9,0.9956331849098206,,,,,
1045,4,特指部位 NEC,specified part NEC,P13.8,0.9730721712112427,,,,,
1045,3,关节NEC,joint NEC,T14.9,0.9806677103042603,,,,,
1045,4,陈旧性或残留,old or residual,M25.8,0.9844372272491455,,,,,
1045,3,海绵窦,cavernous sinus,S06.8,0.9642106890678406,,,,,
1045,3,颌，颌下区,"jaw, submaxillary region",S09.9,0.9841616749763489,,,,,
1045,3,虹膜,iris,S05.8,0.9428825378417969,,,,,
1045,4,贯通性,penetrating,S05.6,0.978783369064331,,,,,
1045,3,红外线NEC,infrared rays NEC,T66,0.9819186925888062,,,,,
1045,3,喉NEC,larynx NEC,S19.8,0.9730726480484009,,,,,
1045,3,踝,ankle,S99.9,0.9780585765838623,,,,,
1045,4,特指的NEC,specified NEC,S99.8,0.9764449000358582,,,,,
1045,3,回肠,ileum,S36.4,0.9666317105293274,,,,,
1045,3,回旋套,rotator cuff,S46.0,0.9833767414093018,,,,,
1045,3,会厌NEC,epiglottis NEC,S19.8,0.964804470539093,,,,,
1045,3,会阴,perineum,S39.9,0.9436431527137756,,,,,
1045,3,肌(腱)(筋膜),muscle (and fascia) (and tendon),T14.6,0.9787187576293945,,,,,
1045,4,二头肌(NEC部位),biceps (parts NEC),S46.2,0.9800848364830017,,,,,
1045,5,长头,long head,S46.1,0.9494403600692749,,,,,
1045,4,三头肌,triceps,S46.3,0.9622459411621094,,,,,
1045,4,四头肌(大腿),quadriceps (thigh),S76.1,0.9910449385643005,,,,,
1045,4,臂,arm,,0.7235459685325623,,,,,
1045,5,上(水平),upper (level),S46.9,0.9473170638084412,,,,,
1045,6,和肩，多处,"and shoulder, multiple",S46.7,0.9813967347145081,,,,,
1045,6,特指的 NEC,specified NEC,S46.8,0.9551656246185303,,,,,
1045,4,意指上肢,meaning upper limb long,T11.5,0.9441661834716797,,,,,
1045,5,屈肌，趾，在踝和足水平,"flexor, toe, at ankle and foot level",S96.0,0.9605893492698669,,,,,
1045,5,伸肌，趾，在踝和足水平,"extensor, toe, at ankle and foot level",S96.1,0.95937579870224,,,,,
1045,5,头，二头肌,"head, biceps",S46.1,0.9569233059883118,,,,,
1045,4,大腿NEC(水平),thigh NEC (level),S76.4,0.9652281999588013,,,,,
1045,5,和髋，多处,"and hip, multiple",S76.7,0.9829727411270142,,,,,
1045,5,后肌(群),posterior muscle (group),S76.3,0.9398755431175232,,,,,
1045,5,内收,adductor,S76.2,0.9754172563552856,,,,,
1045,5,四头肌,quadriceps,S76.1,0.9546062350273132,,,,,
1045,4,多处,multiple,T06.4,0.9364859461784363,,,,,
1045,5,大腿(和髋)水平,thigh (and hip) level,S76.7,0.9861851930618286,,,,,
1045,5,踝和足水平,ankle and foot level,S96.7,0.9658246636390686,,,,,
1046,5,肩(和上臂)水平,shoulder (and upper arm) level,S46.7,0.9676270484924316,,,,,
1046,5,髋(和大腿)水平,hip (and thigh) level,S76.7,0.9640244245529175,,,,,
1046,5,前臂(水平),forearm (level),S56.7,0.93292635679245,,,,,
1046,5,屈肌，腕(和手)水平,"flexor, wrist (and hand) level",S66.6,0.9510860443115234,,,,,
1046,5,上臂(和肩)水平,"arm, upper (and shoulder) level",S46.7,0.9755862355232239,,,,,
1046,5,伸肌，腕(和手)水平,"extensor, wrist (and hand) level",S66.7,0.9668917059898376,,,,,
1046,5,腿,leg,,0.7740212678909302,,,,,
1046,6,大,— upper,S76.7,0.9191529750823975,,,,,
1046,6,小,lower,S86.7,0.8830960392951965,,,,,
1046,4,腓侧肌群，在小腿水平,"peroneal muscle group, at lower leg level",S86.3,0.980323314666748,,,,,
1046,4,腹部,abdomen,S39.0,0.9738039374351501,,,,,
1046,4,骨盆,pelvis,S39.0,0.9640766382217407,,,,,
1046,4,后肌(群),posterior muscle (group),,0.8532082438468933,,,,,
1046,5,大腿水平,thigh level,S76.3,0.9486286640167236,,,,,
1046,5,小腿水平,"leg level, lower",S86.1,0.9698187708854675,,,,,
1046,4,踝(水平),ankle (level),S96.9,0.9682984352111816,,,,,
1046,5,和足，多处,"and foot, multiple",S96.7,0.9833896160125732,,,,,
1046,5,特指的NEC,specified NEC,S96.8,0.971710741519928,,,,,
1046,4,肩,shoulder,S46.9,0.7649374008178711,,,,,
1046,5,和上臂水平，多处,"and upper arm level, multiple",S46.7,0.9674333930015564,,,,,
1046,5,回旋套,rotator cuff,S46.0,0.9742270112037659,,,,,
1046,5,特指的NEC,specified NEC,S46.8,0.9690658450126648,,,,,
1046,4,颈(水平),neck (level),S16,0.9768725037574768,,,,,
1046,4,髋(水平) NEC,hip (level) NEC,S76.0,0.9710149168968201,,,,,
1046,5,和大腿，多处,"and thigh, multiple",S76.7,0.9828847646713257,,,,,
1046,4,内,intrinsic,,0.6504278182983398,,,,,
1046,5,踝和足水平,ankle and foot level,S96.2,0.9489901065826416,,,,,
1046,5,拇指，在腕和手水平,"thumb, at wrist and hand level",S66.4,0.9567214250564575,,,,,
1046,5,手指(拇指以外)，在腕和手水平,"finger (other than thumb), at wrist and hand level",S66.5,0.9724389910697937,,,,,
1046,5,足(水平),foot (level),S96.2,0.9830887317657471,,,,,
1046,4,前臂(水平),forearm (level),S56.8,0.9830753207206726,,,,,
1046,5,多处,multiple,S56.7,0.8974457383155823,,,,,
1046,4,前部肌群，在小腿水平,"anterior muscle group, at leg level (lower)",S86.2,0.9766002893447876,,,,,
1046,4,躯干,trunk,T09.5,0.9337842464447021,,,,,
1046,4,屈肌,flexor,,0.845154881477356,,,,,
1046,5,多处，腕(和手)水平,"multiple, wrist (and hand) level",S66.6,0.9710047841072083,,,,,
1046,5,脚趾(长)(踝水平)(足水平),toe (long) (ankle level) (foot level),S96.0,0.981257975101471,,,,,
1046,5,拇指，长(腕和手水平),"thumb, long (wrist and hand level)",S66.0,0.9877161383628845,,,,,
1046,6,前臂水平,forearm level,S56.0,0.9856034517288208,,,,,
1046,5,前臂水平，特指的NEC,"forearm level, specified NEC",S56.2,0.9838286638259888,,,,,
1047,5,手指(拇指以外)，前臂水平,"finger(s) (other than thumb), forearm level",S56.1,0.9668068885803223,,,,,
1047,6,腕和手水平,wrist and hand level,S66.1,0.9905146956443787,,,,,
1047,5,腕和手(水平)，多处,"wrist and hand (level), multiple",S66.6,0.9486868977546692,,,,,
1047,4,上肢,upper limb,T11.5,0.9088478088378906,,,,,
1047,4,伸肌,extensor,,0.8147441744804382,,,,,
1047,5,多处，腕(和手)水平,"multiple, wrist (and hand) level",S66.7,0.9715955257415771,,,,,
1047,5,脚趾(大)(踝水平)(足水平),toe (large) (ankle level) (foot level),S96.1,0.966472864151001,,,,,
1047,5,拇指，前臂水平,"thumb, forearm level",S56.3,0.9769484400749207,,,,,
1047,6,腕和手水平,wrist and hand level,S66.2,0.9159150123596191,,,,,
1047,5,前臂水平，特指的NEC,"forearm level, specified NEC",S56.5,0.9324033856391907,,,,,
1047,5,手指(拇指以外)，前臂水平,"finger(s) (other than thumb), forearm level",S56.4,0.9677795171737671,,,,,
1047,6,腕和手水平,wrist and hand level,S66.3,0.9902939796447754,,,,,
1047,5,腕和手水平，多处,"wrist and hand level, multiple",S66.7,0.9779952764511108,,,,,
1047,4,手(水平),hand (level),S66.9,0.9206393361091614,,,,,
1047,5,特指的NEC,specified NEC,S66.8,0.9751464128494263,,,,,
1047,4,头部,head,S09.1,0.943827211856842,,,,,
1047,4,腿,leg,,0.755652904510498,,,,,
1047,5,小(水平),lower (level),S86.9,0.9754292368888855,,,,,
1047,6,多处,multiple,S86.7,0.9338562488555908,,,,,
1047,6,特指的NEC,specified NEC,S86.8,0.9666761159896851,,,,,
1047,5,意指下肢,meaning lower limb,T13.5,0.9878988862037659,,,,,
1047,4,外展肌，拇指，前臂水平,"abductor, thumb, forearm level",S56.3,0.9792405962944031,,,,,
1047,4,腕(和手)水平,wrist (and hand) level,S66.9,0.9705093502998352,,,,,
1047,4,下背,lower back,S39.0,0.9753949642181396,,,,,
1047,4,胸(水平),thorax (level),S29.0,0.9504777193069458,,,,,
1047,4,肢，,limb,,0.8602560758590698,,,,,
1047,5,上,upper,T11.5,0.8869253993034363,,,,,
1047,5,下,lower,T13.5,0.9110419750213623,,,,,
1047,4,足(水平),foot (level),S96.9,0.9598760604858398,,,,,
1047,5,和踝，多处,"and ankle, multiple",S96.7,0.9820438027381897,,,,,
1047,5,特指的 NEC,specified NEC,S96.8,0.9526420831680298,,,,,
1047,3,急性颈椎[挥鞭伤],whiplash (cervical spine),S13.4,0.9936209917068481,,,,,
1047,3,挤压-见挤压,crushing - see Crush,,0.9859698414802551,,,,,
1047,3,脊髓,spinal cord,T09.3,0.9831393361091614,,,,,
1047,4,伴有涉及身体多个部位的神经,with nerves involving multiple body regions,T06.1,0.9754667282104492,,,,,
1047,4,背部,dorsal,S24.1,0.981191873550415,,,,,
1047,4,丛,plexus,T09.4,0.8789677619934082,,,,,
1047,5,臂,brachial,S14.3,0.937764048576355,,,,,
1047,5,多部位,multiple sites,T06.1,0.9285737872123718,,,,,
1047,5,躯干,trunk,T09.4,0.9643757939338684,,,,,
1047,5,腰骶,lumbosacral,S34.4,0.9852086305618286,,,,,
1048,4,颈部,cervical (neck),S14.1,0.9707587957382202,,,,,
1048,5,伴有脑(多处),with brain (multiple),T06.0,0.9937410354614258,,,,,
1048,4,神经根 NEC,nerve root NEC,T09.4,0.9760979413986206,,,,,
1048,5,背,dorsal,S24.2,0.9562028050422668,,,,,
1048,5,骶,sacral,S34.2,0.9162898063659668,,,,,
1048,5,颈,cervical,S14.2,0.9170714616775513,,,,,
1048,5,胸,thoracic,S24.2,0.92007976770401,,,,,
1048,5,腰骶,"lumbar, lumbosacral",S34.2,0.8911197185516357,,,,,
1048,4,胸部,thoracic,S24.1,0.9677765965461731,,,,,
1048,4,腰部,lumbar,S34.1,0.9358111619949341,,,,,
1048,3,脊(椎),spine or spinal,T09.9,0.9899011254310608,,,,,
1048,4,背椎,dorsal,S29.9,0.9130456447601318,,,,,
1048,4,骶椎,sacral,S39.9,0.9854804277420044,,,,,
1048,4,寰枢椎,atlanto axil,S19.9,0.9824414253234863,,,,,
1048,4,寰枕椎,atlanto occipital,S19.9,0.9777868986129761,,,,,
1048,4,寰椎,atlas,S19.9,0.9789713621139526,,,,,
1048,4,颈椎,cervical,S19.9,0.961887776851654,,,,,
1048,4,枢椎,axis,S19.9,0.965514063835144,,,,,
1048,3,尾椎,coccyx,S39.9,0.962881326675415,,,,,
1048,4,胸椎,thoracic,S39.9,0.9822683334350586,,,,,
1048,4,腰椎,lumbar,S39.9,0.938721776008606,,,,,
1048,4,腰骶椎,lumbar sacral,S39.9,0.9781202077865601,,,,,
1048,3,颊(壁)，颊区,"cheek (wall), malar region",S09.9,0.9639809131622314,,,,,
1048,3,甲状(腺) NEC,thyroid (gland) NEC,S19.8,0.9543667435646057,,,,,
1048,3,尖锐-见伤口,sharp - see Wound,,0.9963349103927612,,,,,
1048,3,肩,shoulder,S49.9,0.9638528823852539,,,,,
1048,4,和上臂水平，多处,"and upper arm level, multiple",S49.7,0.9805819392204285,,,,,
1048,4,特指的NEC,specified NEC,S49.8,0.9652975797653198,,,,,
1048,3,肩胛区,scapular region,S49.9,0.9938560724258423,,,,,
1048,3,腱(另见损伤，肌，按部位),"tendon (see also Injury, muscle, by site)",T14.6,0.9850490689277649,,,,,
1048,4,腹部,abdomen,S39.0,0.9649050831794739,,,,,
1048,4,跟腱,Achilles,S86.0,0.9611464142799377,,,,,
1048,4,盆腔器官,pelvic organs,S39.0,0.9809954166412354,,,,,
1048,4,下背,lower back,S39.0,0.9578985571861267,,,,,
1048,3,脚趾,toe,S99.9,0.9864034652709961,,,,,
1048,3,角膜,cornea,S05.8,0.9917563796043396,,,,,
1048,4,磨损,abrasion,S05.0,0.9740171432495117,,,,,
1048,3,结肠,colon,S36.5,0.9953815340995789,,,,,
1048,3,结膜(浅)，结膜下,"conjunctiva (superficial), subconjunctival",S05.0,0.9826639890670776,,,,,
1048,3,筋膜-见损伤，肌,"fascia - see Injury, muscle",,0.9949257969856262,,,,,
1048,3,晶状体(眼),lens (eye),S05.8,0.9887697696685791,,,,,
1048,4,贯通性,penetrating,S05.6,0.9722997546195984,,,,,
1049,3,精囊,seminal vesicle,S37.8,0.9993274211883545,,,,,
1049,3,精索(阴囊),spermatic cord (scrotal),S39.9,0.9745728373527527,,,,,
1049,4,盆腔区,pelvic region,S37.8,0.8990830779075623,,,,,
1049,3,颈,neck,S19.9,0.9840226173400879,,,,,
1049,4,多处,multiple,S19.7,0.926217257976532,,,,,
1049,4,特指的NEC,specified NEC,S19.8,0.9639358520507812,,,,,
1049,3,静脉(另见损伤，血管),"vein (see also Injury, blood vessel)",T14.5,0.9819967746734619,,,,,
1049,3,开放性-见伤口,open - see Wound,,0.988983690738678,,,,,
1049,3,颏，颏下区,"chin, submental region",S09.9,0.9239475131034851,,,,,
1049,3,空肠,jejunum,S36.4,0.955698549747467,,,,,
1049,3,口腔,mouth,S09.9,0.9875054359436035,,,,,
1049,3,髋,hip,S79.9,0.9511253237724304,,,,,
1049,4,和大腿，多处,"and thigh, multiple",S79.7,0.95771723985672,,,,,
1049,4,特指的 NEC,specified NEC,S79.8,0.9545847177505493,,,,,
1049,3,眶(区),"orbit, orbital (region)",S05.9,0.9674345850944519,,,,,
1049,4,贯通性(伴有异物),penetrating (with foreign body),S05.4,0.9700326323509216,,,,,
1049,4,特指的 NEC,specified NEC,S05.8,0.9470685124397278,,,,,
1049,3,眶上,supraorbital,S09.9,0.9690626859664917,,,,,
1049,3,阔韧带,broad ligament,S37.8,0.9526297450065613,,,,,
1049,3,肋部，肋软骨NEC,"costal region, costochondral NEC",S29.9,0.9897462129592896,,,,,
1049,3,泪管,lacrimal duct,S05.8,0.9977594614028931,,,,,
1049,3,淋巴胸导管,lymphatic thoracic duct,S27.8,0.9902082681655884,,,,,
1049,3,颅NEC,"cranial, skull NEC",S09.9,0.9926536679267883,,,,,
1049,4,腔,cavity,S06.8,0.9150221347808838,,,,,
1049,4,神经-见损伤，神经，颅,"nerve - see Injury, nerve, cranial",,0.9682307839393616,,,,,
1049,3,颅内,intracranial,S06.9,0.9701433777809143,,,,,
1049,4,伴有延长的昏迷,with prolonged coma,S06.7,0.9767329692840576,,,,,
1049,4,特指的 NEC,specified NEC,S06.8,0.9803587794303894,,,,,
1049,3,卵巢,ovary,S37.4,0.9453439712524414,,,,,
1049,3,马尾,cauda equina,S34.3,0.9596255421638489,,,,,
1049,3,脉络膜(眼),choroid (eye),S05.8,0.9492555856704712,,,,,
1049,3,盲肠,cecum,S36.5,0.9523372650146484,,,,,
1049,3,眉毛,eyebrow,S09.9,0.9586132764816284,,,,,
1049,3,迷路，耳,"labyrinth, ear",S09.9,0.9951152801513672,,,,,
1049,3,面部,face,S09.9,0.9815760254859924,,,,,
1049,3,拇指,thumb,S69.9,0.9659538865089417,,,,,
1049,3,母体，在妊娠中，影响到胎儿或新生儿,"maternal, during pregnancy, affecting fetus o",P00.5,0.9933300018310547,,,,,
1049,3,脑,brain,S06.9,0.9619035720825195,,,,,
1049,4,伴有,with,,0.7874245047569275,,,,,
1049,5,脊髓(颈部)(多处),spinal cord (neck) (multiple),T06.0,0.9636075496673584,,,,,
1049,5,颅神经(多处),cranial nerve(s) (multiple),S09.7,0.988815188407898,,,,,
1049,4,局灶性,focal,S06.3,0.9493421912193298,,,,,
1050,4,弥漫性,diffuse,S06.2,0.9837395548820496,,,,,
1050,4,特指的NEC,specified NEC,S06.8,0.9745039939880371,,,,,
1050,3,脑膜，脑脊膜(大脑),"membrane, brain, meninges (cerebral)",S06.8,0.9882011413574219,,,,,
1050,3,脑膜动脉,meningeal artery,S06.5,0.9822289943695068,,,,,
1050,3,内部,internal,T14.8,0.9811453223228455,,,,,
1050,4,注：对异物经自然腔口进入所致的内部器官损伤(如：吸入、摄入、吞入)-见异物，经腔口进入。,"Note: For injury of internal organ(s) by foreign body entering through a naturalorifice (e.g. inhaled, ingested or swallowed) - see Foreign body, entering through orifice.",,0.9851879477500916,,,,,
1050,4,多处,multiple,T06.5,0.9383726119995117,,,,,
1050,5,腹内器官,intra-abdominal organs,S36.7,0.9330387711524963,,,,,
1050,6,伴有胸内器官,with intrathoracic organ(s),T06.5,0.9796923995018005,,,,,
1050,5,盆腔器官,pelvic organs,S37.7,0.969656765460968,,,,,
1050,5,胸内器官,intrathoracic organs,S27.7,0.9901212453842163,,,,,
1050,6,伴有腹内器官,with intra-abdominal organ(s),T06.5,0.9750765562057495,,,,,
1050,4,宫颈,cervix (uteri),S37.6,0.9562932252883911,,,,,
1050,5,产伤,obstetric trauma,O71.3,0.9541309475898743,,,,,
1050,4,膀胱(括约肌),bladder (sphincter),S37.2,0.9864811897277832,,,,,
1050,5,产伤,obstetric trauma,O71.5,0.8932154774665833,,,,,
1050,4,盆腔(器官),"pelvis, pelvic (organ)",S37.9,0.9574167728424072,,,,,
1050,5,产伤 NEC,obstetric trauma NEC,O71.5,0.9341801404953003,,,,,
1050,6,破裂或穿孔,rupture or perforation,O71.1,0.9332058429718018,,,,,
1050,5,和腹部、下背，多处,"and abdomen, lower back, multiple",S39.7,0.9990249276161194,,,,,
1050,5,后,following,,0.9805580377578735,,,,,
1050,6,流产(随后发生),abortion (subsequent episode),O08.6,0.9832648038864136,,,,,
1050,4,近期发生-见流产,current episode - see Abortion,,0.954603374004364,,,,,
1050,6,异位妊娠或葡萄胎妊娠(随后发生),ectopic or molar pregnancy (subsequent episode),O08.6,0.9719513654708862,,,,,
1050,4,近期发生-见妊娠，按部位,"current episode - see Pregnancy, by site",,0.959391713142395,,,,,
1050,5,特指的NEC,specified NEC,S39.8,0.9648061990737915,,,,,
1050,4,胸(另见损伤，胸内器官),"chest (see also Injury, intrathoracic organ)",S27.9,0.9708498120307922,,,,,
1050,3,内脏(腹部),"scera, visceral (abdominal)",S36.8,0.9824719429016113,,,,,
1050,4,多处,multiple,S36.7,0.961516797542572,,,,,
1050,4,胸部NEC,horacic NEC,S27.8,0.9680967330932617,,,,,
1050,5,多处,multiple,S27.7,0.9034246206283569,,,,,
1050,3,尿道(括约肌),ethra (sphincter),S37.3,0.9723262190818787,,,,,
1050,3,尿道周组织,periurethral tissue,S37.3,0.9795424938201904,,,,,
1050,4,并发于分娩,complicating delivery,O71.5,0.94419264793396,,,,,
1050,3,颞，颞区,"temple, temporal region",S09.9,0.9710897207260132,,,,,
1050,3,膀胱(括约肌),"bladder, vesical (sphincter)",S37.2,0.9880692362785339,,,,,
1050,4,产伤,obstetric trauma,O71.5,0.9489309787750244,,,,,
