image_page,level,chinese,english,code,confidence,malignant_primary,malignant_secondary,in_situ,benign,uncertain_or_unspecified
651,1,lòu 漏,,,,,,,,
651,2,漏出,"Extravasation, Leak, leakage",,0.9865607619285583,,,,,
651,3,脑脊液,cerebrospinal fluid,G96.0,0.9874154925346375,,,,,
651,4,来自脊柱(腰)穿刺,from spinal (lumbar) puncture,G97.0,0.983590841293335,,,,,
651,3,尿,urine,R39.0,0.9380533695220947,,,,,
651,3,乳糜液进入肠系膜,chyle into mesentery,I89.8,0.9764569401741028,,,,,
651,3,血(显微镜下)，胎儿的，进入母体循环影响妊娠或产褥期的处理,"blood (microscopic), fetal, into maternal circulation. affecting management of pregnancy or puerperium",O43.0,0.9033001065254211,,,,,
651,3,血液,blood,R58,0.95533287525177,,,,,
651,3,羊水(另见破裂，胎膜，过早),"amniotic fluid (see also Rupture, membranes, premature)",O42.9,0.9634153246879578,,,,,
651,4,伴有产程延长,with delayed delivery,O75.6,0.942488968372345,,,,,
651,3,装置、植入物或移植物(另见并发症，按部位和类型),"device, implant or graft (see also Complications, by site and type)",T85.6,0.9652883410453796,,,,,
651,4,导管NEC,catheter NEC,T85.6,0.9279287457466125,,,,,
651,5,泌尿系(留置),urinary (indwelling),T83.0,0.9754651188850403,,,,,
651,5,输注NEC,infusion NEC,T82.5,0.9933128356933594,,,,,
651,6,脊髓(硬膜外)(硬膜下),spinal (epidural) (subdural),T85.6,0.9525343179702759,,,,,
651,5,透析(肾),dialysis (renal),T82.4,0.9834985136985779,,,,,
651,6,腹膜内,intraperitoneal,T85.6,0.9821460843086243,,,,,
651,4,动脉移植物NEC,arterial graft NEC,T82.3,0.9670416712760925,,,,,
651,5,冠状动脉(搭桥术),coronary (bypass),T82.2,0.9709540009498596,,,,,
651,4,矫形外科NEC,orthopedic NEC,T84.4,0.9670949578285217,,,,,
651,4,泌尿系NEC,urinary NEC,T83.1,0.9880552291870117,,,,,
651,5,移植物,graft,T83.2,0.9612767100334167,,,,,
651,4,脑室颅内分流,ventricular intracranial shunt,T85.0,0.9823818206787109,,,,,
651,4,乳房(植入物),breast (implant),T85.4,0.9739803671836853,,,,,
651,4,生殖系NEC,genital NEC,T83.4,0.993520200252533,,,,,
651,4,特指的NEC,specified NEC,T85.6,0.9981235265731812,,,,,
651,4,胃肠(胆管)(食管),gastrointestinal (bile duct) (esophagus),T85.5,0.9682192802429199,,,,,
651,4,心脏NEC,heart NEC,T82.5,0.9622772932052612,,,,,
651,5,瓣膜(假体),valve (prosthesis),T82.0,0.9653851389884949,,,,,
651,6,移植物,graft,T82.2,0.9646601676940918,,,,,
651,4,血管NEC,vascular NEC,T82.5,0.9579542875289917,,,,,
651,4,眼(角膜移植物)(眶植入物)NEC,ocular (corneal graft) (orbital implant) NEC,T85.3,0.9941511154174805,,,,,
651,5,眼内晶状体,intraocular lens,T85.2,0.993047833442688,,,,,
651,2,漏斗,Funnel,,0.9998781681060791,,,,,
651,3,骨盆(后天性),pelvis (acquired),M95.5,0.9858596920967102,,,,,
651,4,伴有胎盆不称,with disproportion (fetopelvic),O33.3,0.9922981858253479,,,,,
651,5,引起梗阻性分娩,causing obstructed labor,O65.3,0.9662924408912659,,,,,
651,5,影响到胎儿或新生儿,affecting fetus or newborn,P03.1,0.983633816242218,,,,,
651,4,先天性,congenital,Q74.2,0.9700976610183716,,,,,
652,3,胸(后天性),"breast, chest (acquired)",M95.4,0.9879946708679199,,,,,
652,4,佝偻病的晚期效应,late effect of rickets,E64.3,0.9813528060913086,,,,,
652,4,先天性,congenital,Q67.6,0.9336087107658386,,,,,
652,2,漏血心 -见 心内膜炎,Leaky heart - see Endocarditis,,0.936248779296875,,,,,
652,1,lú 卢,,,0.8910393714904785,,,,,
652,2,卢茨(-斯普伦多雷-德阿尔梅达)病(另见副球孢子菌病),Lutz(-Splendore-de Almeida) disease (see also Paracoccidioidomycosis),B41.9,0.9988188743591309,,,,,
652,2,卢滕巴赫病或综合征[房间隔缺损合并二尖瓣狭窄],Lutembacher's disease or syndrome,O21.1 Q21.1,0.9001150131225586,,,,,
652,1,lú 颅,,,0.9804118275642395,,,,,
652,2,颅的 - 见情况,"Cranial, Cranium - see condition",,0.9392779469490051,,,,,
652,2,颅顶骨多孔畸形(颅),Craniofenestria (skull),Q75.8,0.9891223907470703,,,,,
652,2,颅顶骨内面凹陷(颅),Craniolacunia (skull),Q75.8,0.9995421171188354,,,,,
652,2,颅缝早闭,Craniosynostosis,Q75.0,0.9986278414726257,,,,,
652,2,颅骨软化(原因不知),Craniotabes (cause unknown),M83.8,0.991378903388977,,,,,
652,3,佝偻病性,rachitic,E64.3,0.9851484298706055,,,,,
652,3,梅毒性,syphilitic,A50.5,0.97993403673172,,,,,
652,3,新生儿,neonatal,P96.3,0.9578434824943542,,,,,
652,2,颅骨锁骨发育不良,Cleidocranial dysostosis,Q74.0,0.9998624324798584,,,,,
652,2,颅脊柱裂(全),Craniorachischisis (totalis),Q00.1,0.9950781464576721,,,,,
652,2,颅联体,Craniopagus,Q89.4,0.9994907379150391,,,,,
652,2,颅裂畸形,Cranioschisis,Q75.8,0.9989446997642517,,,,,
652,2,颅内的-见情况,Intracranial - see condition,,0.9947401881217957,,,,,
652,2,颅腔积气,Pneumocephalus,G93.8,0.9998198747634888,,,,,
652,2,颅腔隙,Lacunar skull,Q75.8,0.9998113512992859,,,,,
652,2,颅臀-指[趾]发育障碍,Dyscranio-pygo-phalangy,Q87.0,0.9997511506080627,,,,,
652,2,颅狭小,Craniostenosis,Q75.0,0.9959115982055664,,,,,
652,2,颅咽的- 见情况,Craniopharyngeal - see condition,,0.9361827373504639,,,,,
652,2,颅咽管瘤(M9350/1),Craniopharyngioma (M9350/1),D44.4,0.9815393686294556,,,,,
652,1,lǔ 鲁,,,0.9661272168159485,,,,,
652,2,鲁滨逊(出汗性)外胚层发育不良或鲁滨逊综合征,Robinson's (hidrotic) ectodermal dysplasia or syndrome,Q82.4,0.9993232488632202,,,,,
652,2,鲁宾斯坦-泰比综合征,Rubinstein-Taybi syndrome,Q87.2,0.9873494505882263,,,,,
652,2,鲁塞尔-西尔弗综合征-现译名拉塞尔-西尔弗综合征,Russell-Silver syndrome,,0.9962509870529175,,,,,
652,2,鲁斯特病(结核性颈脊柱炎),Rust's disease (tuberculous cervical spondylitis),A18.0+ M49.0*,0.9797132611274719,,,,,
652,2,鲁西-莱维综合征[遗传性运动失调性起立困难],Roussy-Lévy syndrome,G60.0,0.9990164041519165,,,,,
653,1,lù 鹿,,,0.9996501803398132,,,,,
653,2,鹿角形结石(另见结石，肾),"Staghorn calculus (see also Calculus, kidney)",N20.0,0.9944189786911011,,,,,
653,1,lù 路,,,0.9998294711112976,,,,,
653,2,路德维希咽峡炎或路德维希病,Ludwig's angina or disease,K12.2,0.9995566606521606,,,,,
653,2,路易斯-巴尔综合征[共济失调性毛细血管扩张症],Louis-Bar syndrome,G11.3,0.9990880489349365,,,,,
653,2,路易体(痴呆)(病),Lewy body (ies) (dementia)(disease),G31.8,0.9969754815101624,,,,,
653,1,lù 露,,,0.8843995332717896,,,,,
653,2,露阴癖,Exhibitionism,F65.2,0.9792241454124451,,,,,
653,1,lù 绿,,,0.9275258183479309,,,,,
653,2,绿色瘤(M9930/3),Chloroma (M9930/3),C92.3,0.9912084937095642,,,,,
653,2,绿色盲(完全)(不完全),Deuteranopia (complete) (incomplete),H53.5,0.9878625273704529,,,,,
653,2,绿色弱视(异常的三色视者),Deuteranomaly (anomalous trichromat),H53.5,0.9989863038063049,,,,,
653,1,lù 滤,,,0.8911314606666565,,,,,
653,2,滤泡性的 - 见情况,Follicular - see condition,,0.9304925203323364,,,,,
653,2,滤泡性腺瘤，小梁性(M8332/3),Wuchernde Struma Langhans (M8332/3),C73,0.9971197247505188,,,,,
653,1,luán 挛,,,0.9800620675086975,,,,,
653,2,挛缩，狭窄(另见狭窄),"Constriction, Contraction (see also Stricture)",,0.9939908385276794,,,,,
653,3,瘢痕(性)-见瘢痕,"scar, cicatricial - see Cicatrix",,0.9855014085769653,,,,,
653,3,包皮(后天性),prepuce (acquired),N47,0.9885492920875549,,,,,
653,3,肠(另见梗阻，肠),"intestine (see also Obstruction, intestine)",K56.6,0.9658409953117371,,,,,
653,3,迟缓性-见挛缩，麻痹性,"flaccid - see Contraction, paralytic",,0.9887643456459045,,,,,
653,3,胆囊(另见梗阻，胆囊),"gallbladder (see also Obstruction, gallbladder)",K82.0,0.9865384697914124,,,,,
653,3,迪皮特朗,Dupuytren's,M72.0,0.9842579364776611,,,,,
653,3,福克曼(缺血性),Volkmann's (ischemic),T79.6,0.9865016937255859,,,,,
653,3,跟腱,Achilles tendon,M67.0,0.9948932528495789,,,,,
653,4,先天性,congenital,Q66.8,0.9651340246200562,,,,,
653,3,宫颈(另见狭窄，宫颈),"cervix (see also Stricture, cervix)",N88.2,0.9784070253372192,,,,,
653,3,关节(外展)(后天性)(内收)(屈曲)(旋转),joint (abduction) (acquired) (adduction) (flexion) (rotation),M24.5,0.9746173620223999,,,,,
653,4,先天性NEC,congenital NEC,Q68.8,0.9607461094856262,,,,,
653,5,髋,hip,Q65.8,0.9236724376678467,,,,,
653,4,癔症性,hysterical,F44.4,0.9490795135498047,,,,,
654,3,喉,larynx,J38.6,0.9761468172073364,,,,,
654,4,先天性,congenital,Q31.9,0.9524215459823608,,,,,
654,5,声门下,subglottic,Q31.1,0.9701087474822998,,,,,
654,5,特指的 NEC,specified NEC,Q31.8,0.9398884177207947,,,,,
654,3,肌(感染后)(体位性) NEC,muscle (postinfective) (postural) NEC,M62.4,0.9836717844009399,,,,,
654,4,伴有关节挛缩,with contracture of joint,M24.5,0.9257708787918091,,,,,
654,4,缺血性(福克曼),ischemic (Volkmann's),T79.6,0.9659789204597473,,,,,
654,4,先天性,congenital,Q79.8,0.9639327526092529,,,,,
654,4,心因性,psychogenic,F45.8,0.9486543536186218,,,,,
654,5,转换反应,conversion reaction,F44.4,0.9489138126373291,,,,,
654,4,眼外(另见斜视),"extraocular, eye (extrinsic) (see also Strabismus)",H50.8,0.9739850759506226,,,,,
654,5,麻痹性,paralytic,H49.9,0.9827312231063843,,,,,
654,4,癔症性,hysterical,F44.4,0.9497846364974976,,,,,
654,3,脊柱,spine,M43.9,0.9895583987236023,,,,,
654,3,腱(鞘)(另见短，腱),"tendon (sheath) (see also Short, tendon)",M67.1,0.9719404578208923,,,,,
654,4,伴有关节挛缩,with contracture of joint,M24.5,0.9622840881347656,,,,,
654,3,脚趾,toe,M20.5,0.9888502359390259,,,,,
654,3,结膜，沙眼性，活动性,"conjunctiva, trachomatous, active",A71.1,0.9948943853378296,,,,,
654,3,截肢残端(屈曲)(晚期)(手术的),amputation stump (flexion) (late) (surgical),T87.6,0.9870529770851135,,,,,
654,3,痉挛性-见痉挛,spastic - see Spasm,,0.9768627285957336,,,,,
654,3,髋(另见挛缩，关节),"hip (see also Contraction, joint)",M24.5,0.9853011965751648,,,,,
654,3,麻痹性,paralytic,,0.9928116798400879,,,,,
654,4,关节(另见挛缩，关节),"joint (see also Contraction, joint)",M24.5,0.9601714015007019,,,,,
654,4,肌肉,muscle,M62.4,0.9694731831550598,,,,,
654,5,眼(另见斜视，麻痹性),"ocular (see also Strabismus, paralytic)",H49.9,0.9736806154251099,,,,,
654,3,尿道(另见狭窄，尿道),"urethra (see also Stricture, urethra)",N35.9,0.9932011961936951,,,,,
654,3,器官或部位，先天性NEC-见闭锁，按部位,"organ or site, congenital NEC - see Atresia, by site",,0.99681156873703,,,,,
654,3,前列腺,prostate,N42.8,0.99533611536026,,,,,
654,3,韧带,ligament,M24.2,0.98405921459198,,,,,
654,4,先天性,congenital,Q79.8,0.9373498558998108,,,,,
654,3,沙漏状,hourglass,,0.9687398672103882,,,,,
654,4,胆囊,gallbladder,K82.8,0.9698342084884644,,,,,
654,5,先天性,congenital,Q44.1,0.9268322587013245,,,,,
654,4,膀胱,bladder,N32.8,0.9530400037765503,,,,,
654,5,先天性,congenital,Q64.7,0.9597839713096619,,,,,
654,4,胃,stomach,K31.8,0.8994655609130859,,,,,
654,5,先天性,congenital,Q40.2,0.9640309810638428,,,,,
654,5,心因性,psychogenic,F45.3,0.9790912866592407,,,,,
654,4,子宫(并发于分娩),uterus (complicating delivery),O62.4,0.9506779909133911,,,,,
654,5,影响到胎儿或新生儿,affecting fetus or newborn,P03.6,0.9888430237770081,,,,,
654,3,烧伤(陈旧性)-见瘢痕,burn (old) - see Cicatrix,,0.9518937468528748,,,,,
655,3,肾(颗粒性)(继发性)(另见硬化，肾),"kidney (granular) (secondary) (see also Sclerosis, renal)",N26,0.9785558581352234,,,,,
655,4,结核性,tuberculous,A18.1+ N29.1*,0.9842771887779236,,,,,
655,4,肾积水性,hydronephritic,N13.3,0.9638833403587341,,,,,
655,5,伴有感染,with infection,N13.6,0.9677784442901611,,,,,
655,4,肾盂肾炎性(另见肾盂炎，慢性),"pyelonephritic (see also Pyelitis, chronic)",N11.9,0.975874125957489,,,,,
655,4,先天性,congenital,Q63.8,0.9360885620117188,,,,,
655,3,十二指肠,duodenum,K31.5,0.9744347333908081,,,,,
655,3,食管,esophagus,K22.2,0.9915494918823242,,,,,
655,3,手指 NEC,finger NEC,M20.0,0.9687211513519287,,,,,
655,4,关节(另见挛缩，关节),"joint (see also Contraction, joint)",M24.5,0.9560464024543762,,,,,
655,4,先天性,congenital,Q68.8,0.947540283203125,,,,,
655,3,输尿管,ureter,N13.5,0.9666524529457092,,,,,
655,4,伴有感染,with infection,N13.6,0.9744073748588562,,,,,
655,3,外耳道,"external canal, ear",H61.3,0.9799965620040894,,,,,
655,3,胃,stomach,K31.8,0.9594314694404602,,,,,
655,4,沙漏状,hourglass,K31.8,0.9611153602600098,,,,,
655,5,先天性,congenital,Q40.2,0.9667715430259705,,,,,
655,4,心因性,psychogenic,F45.3,0.9763248562812805,,,,,
655,4,心因性,psychogenic,F45.3,0.9791828393936157,,,,,
655,3,胸锁乳突(肌)，先天性,"sternocleidomastoid (muscle), congenital",Q68.0,0.983914315700531,,,,,
655,3,眼肌(另见斜视),ocular muscle (see also Strabismus),H50.8,0.9894559979438782,,,,,
655,3,眼睑,eyelid,H02.5,0.9652764797210693,,,,,
655,3,掌筋膜,palmar fascia,M72.0,0.9675549268722534,,,,,
655,3,支气管,bronchial,J98.0,0.9838577508926392,,,,,
655,1,luǎn 卵,,,0.9857096076011658,,,,,
655,2,卵巢-另见情况,"Ovary, ovarian - see also condition",,0.9982692003250122,,,,,
655,3,抗(卵巢)综合征,resistant syndrome,E28.3,0.9956777095794678,,,,,
655,2,卵巢的胎性剩余，在输卵管中,"Rests, ovarian, in fallopian tube",Q50.6,0.9876075387001038,,,,,
655,2,卵巢机能减退,"Hypo-ovarianism, hypo-ovarism",E28.3,0.9803313612937927,,,,,
655,2,卵巢机能亢进,Hyperovarism,E28.8,0.9744263291358948,,,,,
655,2,卵巢脓肿(另见输卵管卵巢炎),Pyo-ovarium (see also Salpingo-oophoritis),N70.9,0.9994077682495117,,,,,
655,2,卵巢膨出,Oophorocele,N83.4,0.9540857076644897,,,,,
655,2,卵巢突出,Ovariocele,N83.4,0.9824506640434265,,,,,
655,2,卵巢炎(囊性)(感染性)(间质性)(另见输卵管卵巢炎),"Oophoritis, Ovaritis (cystic) (infectional) (interstitial) (see also Salpingo-oophoritis)",N70.9,0.990750253200531,,,,,
655,3,急性,acute,N70.0,0.9664245247840881,,,,,
655,3,慢性,chronic,N70.1,0.968476414680481,,,,,
655,2,卵巢周炎(另见输卵管卵巢炎),Perioophoritis (see also Salpingo-oophoritis),N70.9,0.9868407845497131,,,,,
655,2,卵的 - 见情况,Ovum - see condition,,0.9247044920921326,,,,,
655,2,卵睾体[两性生殖腺],Ovotestis,Q56.0,0.9989610314369202,,,,,
656,2,卵黄管永存,"Vitelline duct, persistent",Q43.0,0.9614086747169495,,,,,
656,2,卵泡,Follicle,,0.9996682405471802,,,,,
656,3,宫颈(纳博特)(破裂),cervix (nabothian) (ruptured),N88.8,0.9879922866821289,,,,,
656,3,纳博特,nabothian,N88.8,0.995503306388855,,,,,
656,2,卵泡膜细胞增殖症，卵巢,Hyperthecosis ovary,E28.8,0.9998002052307129,,,,,
656,2,卵形红细胞症(先天性)(遗传性)(另见椭圆形红细胞增多症),Ovalocytosis (congenital) (hereditary) (see also Elliptocytosis),D58.1,0.9917330145835876,,,,,
656,2,卵圆孔(未关闭)(未闭)(永存),Foramen ovale (nonclosure) (patent) (persistent),Q21.1,0.9864556789398193,,,,,
656,1,lún 伦,,,0.9703059196472168,,,,,
656,2,伦纳特淋巴瘤(M9704/3),Lennert's lymphoma (M9704/3),C84.3,0.989123523235321,,,,,
656,2,伦诺克斯-加斯托综合征[小儿癫疯性脑病],Lennox-Gastaut syndrome,G40.4,0.9747706055641174,,,,,
656,1,lún 轮,,,0.9546338319778442,,,,,
656,2,轮廓胎盘(另见胎盘，异常的),"Circumvallate placenta (see also Placenta, abnormal)",O43.1,0.9009491801261902,,,,,
656,1,luó 罗,,,0.9366081953048706,,,,,
656,2,罗-阿窦[罗基坦斯基-阿绍夫窦](胆囊),Rokitansky-Aschoff sinuses (gallbladder),K82.8,0.9964860677719116,,,,,
656,2,罗阿丝虫病,"Loiasis, Loa loa, loaiasis, loasis",B74.3,0.9723892211914062,,,,,
656,3,伴有结膜侵染,with conjunctival infestation,B74.3+ H13.0*,0.9960445761680603,,,,,
656,3,眼睑,eyelid,B74.3+ H03.0*,0.9623218774795532,,,,,
656,2,罗比诺-西尔弗曼-史密斯综合征,Robinow-Silvermann-Smith syndrome,Q87.1,0.9955399632453918,,,,,
656,2,罗宾(-皮埃尔)综合征,Robin(-Pierre) syndrome,Q87.0,0.997020959854126,,,,,
656,2,罗伯特骨盆,Robert's pelvis,Q74.2,0.9998485445976257,,,,,
656,3,伴有胎盆不称,with disproportion (fetopelvic),O33.0,0.9891051054000854,,,,,
656,4,引起梗阻性分娩,causing obstructed labor,O65.0,0.9606332778930664,,,,,
656,2,罗布尔斯病[中美洲盘尾丝虫病],Robles' disease,B73,0.9947118163108826,,,,,
656,2,罗杰病[室间隔缺损],Roger's disease,Q21.0,0.9996638894081116,,,,,
656,2,罗森巴赫类丹毒,Rosenbach's erysipeloid,A26.0,0.9899538159370422,,,,,
656,2,罗森塔尔病或罗森塔尔综合征,Rosenthal's disease or syndrome,D68.1,0.9872676730155945,,,,,
656,2,罗斯巴赫病[胃酸过多],Rossbach's disease,K31.8,0.9942591786384583,,,,,
656,3,心因性,psychogenic,F45.3,0.9896185398101807,,,,,
656,2,罗斯河病或罗斯河热,Ross River disease or fever,B33.1,0.9985456466674805,,,,,
656,2,罗斯坦哮喘(另见衰竭，心室，左),"Rostan's asthma (see also Failure, ventricular, left)",I50.1,0.9401547312736511,,,,,
656,2,罗特(-伯恩哈特)病或综合征(感觉异样的股痛),Roth(-Bernhardt) disease or syndrome (meralgia paraesthetica),G57.1,0.9993467926979065,,,,,
656,2,罗特蒙德(-汤姆森)综合征,Rothmund(-Thomson) syndrome,Q82.8,0.9955037236213684,,,,,
656,2,罗托病或罗托综合征[慢性家族性非溶血性黄疸],Rotor's disease or syndrome,E80.6,0.996900200843811,,,,,
657,1,luó 啰,,,0.9705849885940552,,,,,
657,2,啰音,Rales,R09.8,0.9990454316139221,,,,,
657,1,luó 螺,,,0.9173747897148132,,,,,
657,2,螺菌病,Spirillosis,A25.0,0.9602330327033997,,,,,
657,2,螺旋体病,Spirochetosis,A69.9,0.9738564491271973,,,,,
657,3,出血性黄疸,icterohemorrhagic,A27.0,0.9734182357788086,,,,,
657,2,螺旋体性的 - 见情况,Spirochetal - see condition,,0.9689286947250366,,,,,
657,2,螺旋状食管,Corkscrew esophagus,K22.4,0.986890435218811,,,,,
657,1,luǒ 瘰,,,0.9362632036209106,,,,,
657,2,瘰疠，瘰疠质(颈淋巴结结核病),"Scrofula, scrofulosis (tuberculosis of cervical lymph glands)",A18.2,0.9870560765266418,,,,,
657,2,瘰疬性皮肤结核(任何部位)(原发性),"Scrofuloderma, scrofulodermia (any site) (primary)",A18.4,0.9889445304870605,,,,,
657,1,luò 洛,,,0.9997456073760986,,,,,
657,2,洛博病[瘢痕瘤性芽生菌病],Lobo's disease,B48.0,0.9974737167358398,,,,,
657,2,洛布斯坦(-埃克曼)综合征[成骨不全],Lobstein(-Ekman) syndrome,Q78.0,0.9867763519287109,,,,,
657,2,洛兰(-勒维)身材矮小症[洛兰(-勒维)侏儒症],Lorain(-Levi) short stature syndrome,E23.0,0.9943516850471497,,,,,
657,2,洛努瓦-邦索德腺脂瘤病,Launois-Bensaude adenolipomatosis,E88.8,0.9952881932258606,,,,,
657,2,洛努瓦综合征,Launois' syndrome,E22.0,0.9973455667495728,,,,,
657,2,洛塞-米尔克曼(-德布雷)综合征,Looser-Milkman(-Debray) syndrome,M83.8,0.9978649616241455,,,,,
657,2,洛氏综合征-现译名 眼脑肾综合征,Lowe's syndrome,,0.9467254281044006,,,,,
657,1,luò 落,,,0.922247052192688,,,,,
657,2,落后,Lack of,,0.9998118281364441,,,,,
657,3,在校成绩,achievement in school,Z55.3,0.9907111525535583,,,,,
657,2,落基山(斑点)热,Rocky Mountain fever (spotted),A77.0,0.9995995759963989,,,,,
658,0,M,,,,,,,,
658,1,má 麻,,,0.9998562335968018,,,,,
658,2,麻痹[瘫痪]，麻痹性(完全性)(不完全性)(另见轻瘫),"Paralysis, paralytic, Paresis, Palsy (complete) (incomplete) (see also Paresis)",G83.9,0.9890565872192383,,,,,
658,3,伴有梅毒,with syphilis,A52.1,0.9764517545700073,,,,,
658,3,贝尔,Bell's,G51.0,0.9848343133926392,,,,,
658,3,贝内迪克特,Benedikt's,I67.9+ G46.3*,0.9583396911621094,,,,,
658,3,臂,arm,G83.2,0.9799538850784302,,,,,
658,3,臂丛 NEC,brachial plexus NEC,G54.0,0.952523946762085,,,,,
658,4,产伤性,birth injury,P14.3,0.9602451920509338,,,,,
658,4,新生儿,newborn,P14.3,0.9572305083274841,,,,,
658,4,短暂性,transient,R29.8,0.961064875125885,,,,,
658,5,创伤性NEC(另见损伤，神经，上肢),"traumatic NEC (see also Injury, nerve, upper limb)",T11.3,0.9912641644477844,,,,,
658,4,双,both,G83.0,0.9468773603439331,,,,,
658,3,心因性,psychogenic,F44.4,0.9725030660629272,,,,,
658,3,癔症性,hysterical,F44.4,0.9577564001083374,,,,,
658,3,布朗-塞卡尔,Brown-Séquard,G83.8,0.9831938743591309,,,,,
658,3,步态,gait,R26.1,0.9513515830039978,,,,,
658,3,侧索,lateral,G12.2,0.9668107032775879,,,,,
658,3,产伤性,birth injury,P14.9,0.985212504863739,,,,,
658,3,肠梗阻(另见肠梗阻),ileus (see also Ileus),K56.0,0.9827658534049988,,,,,
658,3,肠或结肠(另见肠梗阻),"bowel, colon or intestine (see also Ileus)",K56.0,0.9851655960083008,,,,,
658,3,痴呆,dementia,A52.1,0.9690380096435547,,,,,
658,3,创伤性，短暂性 NEC(另见损伤，神经),"traumatic, transient NEC (see also Injury, nerve)",T14.4,0.9752098917961121,,,,,
658,3,唇,lip,K13.0,0.9518669843673706,,,,,
658,3,唇舌(喉)(咽),labioglossal (laryngeal) (pharyngeal),G12.2,0.9978805780410767,,,,,
658,3,卒中(近期发生),stroke (current episode),I64,0.9697044491767883,,,,,
658,3,单瘫-见单瘫,monoplegic - see Monoplegia,,0.9879379272460938,,,,,
658,3,迪谢内[脊髓性肌萎缩],Duchenne's,,0.9834334850311279,,,,,
658,4,产伤性,birth injury,P14.0,0.9638941884040833,,,,,
658,4,由于或与...有关,due to or associated with,,0.9778404235839844,,,,,
658,5,运动神经元病,motor neuron disease,G12.2,0.9347810745239258,,,,,
658,5,肌营养不良,muscular dystrophy,G71.0,0.9583051204681396,,,,,
658,3,动眼(神经),oculomotor (nerve),H49.0,0.9917443990707397,,,,,
658,4,双外侧,external bilateral,H49.0,0.9822643995285034,,,,,
658,3,短暂性,transient,,0.9461733102798462,,,,,
658,4,臂或腿 NEC,arm or leg NEC,R29.8,0.9436273574829102,,,,,
658,4,创伤性NEC(另见损伤，神经),"traumatic NEC (see also Injury, nerve)",T14.4,0.9856138825416565,,,,,
658,3,厄尔布(-迪谢内)(出生)(新生儿),Erb(-Duchenne)(birth)(newborn),P14.0,0.9859898686408997,,,,,
658,3,厄尔布梅毒性痉挛性脊髓,Erb's syphilitic spastic spinal,A52.1,0.9902940988540649,,,,,
659,3,腭(软),palate (soft),K13.7,0.9943752288818359,,,,,
659,3,腭帆,velum palatinum,K13.7,0.9752174019813538,,,,,
659,3,腓侧(神经),peroneal (nerve),G57.3,0.9749457240104675,,,,,
659,3,福克曼(并发创伤),Volkmann's (complicating trauma),T79.6,0.9890820980072021,,,,,
659,3,匐行性,creeping,G12.2,0.9535342454910278,,,,,
659,3,感染性(另见脊髓灰质炎，麻痹性),"infective (see also Poliomyelitis, paralytic)",A80.3,0.9878855347633362,,,,,
659,3,肛门(括约肌),anus (sphincter),K62.8,0.9672501683235168,,,,,
659,3,膈肌(弛缓性),diaphragm (flaccid),J98.6,0.9900020360946655,,,,,
659,4,由于在操作中膈神经被意外切断引起的,due to accidental section of phrenic nerve during procedure,T81.2,0.9630634784698486,,,,,
659,3,共济失调(遗传性),ataxic (hereditary),G11.9,0.9836050868034363,,,,,
659,4,全身性(梅毒性),general (syphilitic),A52.1,0.9831099510192871,,,,,
659,3,核间性,internuclear,H51.2,0.998012363910675,,,,,
659,3,核上性,supranuclear,G12.2,0.9774531126022339,,,,,
659,3,虹膜,iris,H57.0,0.9796281456947327,,,,,
659,4,由于白喉(毒素),due to diphtheria (toxin),A36.8+ H22.8*,0.9668322205543518,,,,,
659,3,喉,larynx,J38.0,0.979834794998169,,,,,
659,4,由于白喉(毒素),due to diphtheria (toxin),A36.2,0.9605814814567566,,,,,
659,3,喉神经(双侧)(复发性)(上)(单侧),laryngeal nerve (bilateral) (recurrent) (superior) (unilateral),J38.0,0.9848816990852356,,,,,
659,3,呼吸(肌),respiratory (muscle),R06.8,0.9855113625526428,,,,,
659,4,中枢 NEC,center NEC,G93.8,0.955439567565918,,,,,
659,3,滑车(神经),trochlear (nerve),H49.1,0.984055757522583,,,,,
659,3,肌肉NEC,"muscle, muscular NEC",G72.8,0.9648259282112122,,,,,
659,4,假肥大性,pseudohypertrophic,G71.0,0.9802842736244202,,,,,
659,4,进行性,progressive,G12.2,0.9802426695823669,,,,,
659,4,缺血性(并发创伤)(福克曼),ischemic (complicating trauma) (Volkmann's),T79.6,0.9697135090827942,,,,,
659,4,眼(外),eye (extrinsic),H49.9,0.9706867337226868,,,,,
659,5,内,intrinsic,H52.5,0.9156835079193115,,,,,
659,5,斜,oblique,H49.1,0.9191452860832214,,,,,
659,4,由于神经损害NEC,due to nerve lesion NEC,G58.9,0.9694663286209106,,,,,
659,3,肌萎缩型,amyotrophic,G12.2,0.9983428120613098,,,,,
659,3,集中[辐凑],convergence,H51.1,0.9775461554527283,,,,,
659,3,脊(髓),spinal (cord),G83.8,0.9805390238761902,,,,,
659,4,急性(另见脊髓灰质炎，麻痹性),"acute (see also Poliomyelitis, paralytic)",A80.3,0.9828789234161377,,,,,
659,4,进行性,progressive,G12.2,0.9437540769577026,,,,,
659,4,痉挛性NEC-见瘫痪，大脑性，痉挛性,"spastic NEC - see Palsy, cerebral, spastic",,0.9687544703483582,,,,,
659,4,上行性急性,ascending acute,G61.0,0.9802640080451965,,,,,
659,4,萎缩性(急性)(另见脊髓灰质炎，麻痹性),"atrophic (acute) (see also Poliomyelitis, paralytic)",A80.3,0.96896892786026,,,,,
659,5,痉挛性，梅毒性,"spastic, syphilitic",A52.1,0.9541549682617188,,,,,
659,4,先天性NEC-见瘫痪，大脑性,"congenital NEC - see Palsy, cerebral",,0.9852429628372192,,,,,
659,4,婴儿(另见脊髓灰质炎，麻痹性),"infantile (see also Poliomyelitis, paralytic)",A80.3,0.9849954843521118,,,,,
660,3,脊髓灰质炎(近期)(另见脊髓灰质炎，麻痹性),"poliomyelitis (current) (see also Poliomyelitis, paralytic)",A80.3,0.9941279292106628,,,,,
660,3,加压病,compressed air,T70.3,0.9788408875465393,,,,,
660,3,家族性(周期性)(复发性),familial (periodic) (recurrent),G72.3,0.9760810732841492,,,,,
660,4,痉挛性,spastic,G11.4,0.952128529548645,,,,,
660,3,假肥大性(肌肉),pseudohypertrophic (muscle),G71.0,0.9810636043548584,,,,,
660,3,假延髓病型,pseudobulbar,G12.2,0.9909182190895081,,,,,
660,3,姜酒中毒性,jake,T62.2,0.9761613011360168,,,,,
660,3,交感神经,sympathetic,G90.8,0.9731674194335938,,,,,
660,4,颈,cervical,G90.2,0.8559577465057373,,,,,
660,4,神经系统-见神经病(变)，周围，自主,"nervous system - see Neuropathy, peripheral, autonomic",,0.9225002527236938,,,,,
660,3,交替性,alternating,G83.8,0.951235294342041,,,,,
660,4,动眼,oculomotor,G83.8,0.9139702916145325,,,,,
660,3,结肠 NEC,colon NEC,K56.0,0.9743622541427612,,,,,
660,3,进行性(萎缩性)(延髓性)(脊髓),progressive (atrophic) (bulbar) (spinal),G12.2,0.9887576699256897,,,,,
660,4,全身性,general,A52.1,0.934369683265686,,,,,
660,4,婴儿急性(另见脊髓灰质炎，麻痹性),"infantile acute (see also Poliomyelitis, paralytic)",A80.3,0.9927093386650085,,,,,
660,3,颈交感神经,cervical sympathetic,G90.2,0.9864144921302795,,,,,
660,3,痉挛性,spastic,G83.9,0.9645611643791199,,,,,
660,4,非婴儿或先天性(大脑),not infantile or congenital (cerebral),G83.9,0.9912853240966797,,,,,
660,4,家族性,familial,G11.4,0.9610253572463989,,,,,
660,4,梅毒性(脊髓),syphilitic (spinal),A52.1,0.97551429271698,,,,,
660,4,先天性(大脑)-见瘫痪，大脑性，痉挛性,"congenital (cerebral)(spinal) - see Palsy, cerebral, spastic",,0.9715827107429504,,,,,
660,4,遗传性,hereditary,G11.4,0.9800146818161011,,,,,
660,4,婴儿大脑-见瘫痪，大脑性，痉挛性,"cerebral infantile - see Palsy, cerebral, spastic",,0.958703339099884,,,,,
660,3,居布勒-米亚尔[交叉性面瘫偏瘫综合征],Gubler-Millard,I67.9+ G46.3*,0.9721702337265015,,,,,
660,3,克隆普克(-德热里纳)(产伤性)(新生儿),Klumpke(-Déjerine) (birth injury) (newborn),P14.1,0.9757163524627686,,,,,
660,3,兰德里,Landry's,G61.0,0.9781626462936401,,,,,
660,3,老年性 NEC,senile NEC,G83.9,0.9584307074546814,,,,,
660,3,利绍尔,Lissauer's,A52.1,0.9869916439056396,,,,,
660,3,联合,association,G12.2,0.9818711876869202,,,,,
660,3,梅毒性(全身性),syphilitic (general),A52.1,0.9828706383705139,,,,,
660,4,先天性,congenital,A50.4,0.9549954533576965,,,,,
660,3,梅毒性痉挛性脊髓(厄尔布),syphilitic spastic spinal (Erb's),A52.1,0.9959281086921692,,,,,
660,3,米亚尔-居布勒-福维尔[交叉性面瘫偏瘫综合征],Millard-Gubler-Foville,I67.9+ G46.3*,0.9549549221992493,,,,,
660,3,面部(神经),facial (nerve),G51.0,0.9866517186164856,,,,,
660,4,产伤性,birth injury,P11.3,0.9704124927520752,,,,,
660,4,新生儿,newborn,P11.3,0.9638271331787109,,,,,
660,3,尿毒症性,uremic,N18.8+ G99.8*,0.9458100199699402,,,,,
661,3,膀胱(神经源性)(括约肌)NEC,"bladder, vesical (neurogenic)(sphincter) NEC",N31.2,0.9731479287147522,,,,,
661,4,产褥期、产后,"puerperal, postpartum",O90.8,0.9556508660316467,,,,,
661,3,膀胱括约肌(另见麻痹，膀胱),"sphincter, bladder (see also Paralysis, bladder)",N31.2,0.9855383634567261,,,,,
661,3,蜱性,tick,T63.4,0.9581193327903748,,,,,
661,3,偏瘫性-见偏瘫,hemiplegic - see Hemiplegia,,0.9817911386489868,,,,,
661,3,铅毒性,"lead, saturnine",T56.0,0.9618146419525146,,,,,
661,3,潜水员,diver's,T70.3,0.9616747498512268,,,,,
661,3,全身性(进行性)(梅毒性),general (progressive) (syphilitic),A52.1,0.9764854311943054,,,,,
661,4,幼年型,juvenile,A50.4,0.9602623581886292,,,,,
661,3,缺血性，福克曼(并发创伤),"ischemic, Volkmann's (complicating trauma)",T79.6,0.9901747703552246,,,,,
661,3,桡神经,radial nerve,G56.3,0.9537326693534851,,,,,
661,4,产伤性,birth injury,P14.3,0.9664549231529236,,,,,
661,3,塞斯坦-舍奈,Cestan-Chenais,G46.3* I63.0+,0.9666515588760376,,,,,
661,3,散开[双眼外展](核性),divergence (nuclear),H51.8,0.9902136921882629,,,,,
661,3,上睑提肌,levator palpebrae superioris,H02.4,0.9410403966903687,,,,,
661,3,上行性(脊髓)，急性,"ascending (spinal), acute",G61.0,0.9647676348686218,,,,,
661,3,上肢,upper limb,G83.2,0.987062931060791,,,,,
661,4,双(另见双侧瘫痪),both (see also Diplegia),G83.0,0.9875513911247253,,,,,
661,3,舌,tongue,K14.8,0.9573330879211426,,,,,
661,3,神经-另见疾患，神经,"nerve - see also Disorder, nerve",,0.9900761246681213,,,,,
661,4,产伤性,birth injury,P14.9,0.9862334132194519,,,,,
661,4,第三[动眼],third or oculomotor,H49.0,0.9478421807289124,,,,,
661,4,第四[滑车],fourth or trochlear,H49.1,0.9542030096054077,,,,,
661,4,第六[展],sixth or abducent,H49.2,0.9456289410591125,,,,,
661,4,第七[面],seventh or facial,G51.0,0.9200642108917236,,,,,
661,5,新生儿(产伤性),newborn (birth injury),P11.3,0.9763438105583191,,,,,
661,4,膈(产伤性),phrenic (birth injury),P14.2,0.983000636100769,,,,,
661,4,梅毒性,syphilitic,A52.1+ G59.8*,0.9656518697738647,,,,,
661,4,面,facial,G51.0,0.8501993417739868,,,,,
661,5,产伤性,birth injury,P11.3,0.9601309895515442,,,,,
661,5,新生儿,newborn,P11.3,0.9744011759757996,,,,,
661,4,桡,radial,G56.3,0.9001975655555725,,,,,
661,5,产伤性,birth injury,P14.3,0.9693508148193359,,,,,
661,5,新生儿,newborn,P14.3,0.9659726023674011,,,,,
661,4,新生儿(产伤性),newborn (birth injury),P14.9,0.9668830633163452,,,,,
661,3,神经错乱性(梅毒性),insane (syphilitic),A52.1,0.9792720675468445,,,,,
661,3,声带,vocal cords,J38.0,0.9976837635040283,,,,,
661,3,声门,glottis,J38.0,0.9533180594444275,,,,,
661,3,食管,esophagus,K22.8,0.9690627455711365,,,,,
661,3,手,hand,G83.2,0.9781711101531982,,,,,
661,4,心因性,psychogenic,F44.4,0.966650128364563,,,,,
661,4,癔症性,hysterical,F44.4,0.9482372999191284,,,,,
662,3,栓子性(近期发生),embolic (current episode),I63.4,0.970900297164917,,,,,
662,3,双侧瘫 - 见 双侧瘫痪,diplegic - see Diplegia,,0.9422556757926941,,,,,
662,3,四肢瘫(另见四肢瘫痪),quadriplegic (see also Tetraplegia),G82.5,0.9772549867630005,,,,,
662,3,调节,accommodation,H52.5,0.947407066822052,,,,,
662,4,癔症性,hysterical,F44.8,0.9440325498580933,,,,,
662,3,同向性运动(注视)(眼的),conjugate movement (gaze) (of eye),H51.0,0.9618485569953918,,,,,
662,4,皮质(核性)(核上性),cortical (nuclear) (supranuclear),H51.0,0.9623396992683411,,,,,
662,3,腿,leg,G83.1,0.9564463496208191,,,,,
662,4,短暂性,transient or transitory,R29.8,0.9415563344955444,,,,,
662,4,双(另见 截瘫),both (see also Paraplegia),G82.2,0.9343603253364563,,,,,
662,4,心因性,psychogenic,F44.4,0.9371384978294373,,,,,
662,4,癔症性,hysterical,F44.4,0.9267017245292664,,,,,
662,3,吞咽,deglutition,R13,0.9748144149780273,,,,,
662,4,癔症性,hysterical,F44.4,0.939670205116272,,,,,
662,3,臀,gluteal,G54.1,0.9893636703491211,,,,,
662,3,托德,Todd's,G83.8,0.9574372172355652,,,,,
662,3,外肌，眼,"extrinsic muscle, eye",H49.9,0.9902192950248718,,,,,
662,3,韦伯,Weber's,I67.9+ G46.3*,0.9522566199302673,,,,,
662,3,萎缩性,atrophic,G58.9,0.9964720606803894,,,,,
662,4,脊柱(急性)(另见脊髓灰质炎，麻痹性),"spinal (acute) (see also Poliomyelitis, paralytic)",A80.3,0.9657109975814819,,,,,
662,4,进行性,progressive,G12.2,0.9539166688919067,,,,,
662,4,婴儿，急性(另见脊髓灰质炎，麻痹性),"infantile, acute (see also Poliomyelitis, paralytic)",A80.3,0.9681450724601746,,,,,
662,3,胃,stomach,K31.8,0.9382893443107605,,,,,
662,3,下行性(脊髓)NEC,descending (spinal) NEC,G12.2,0.9604143500328064,,,,,
662,3,下肢,lower limb,G83.1,0.9579961895942688,,,,,
662,4,双(另见截瘫),both (see also Paraplegia),G82.2,0.9852043390274048,,,,,
662,3,夏科-马里-图思型[进行性神经性肌萎缩],Charcot-Marie-Tooth type,G60.0,0.9873622059822083,,,,,
662,3,先天性(大脑)-见瘫痪，大脑性,"congenital (cerebral)(spinal) - see Palsy, cerebral",,0.9845811128616333,,,,,
662,3,消瘦,wasting,G12.2,0.969523012638092,,,,,
662,3,斜方肌,trapezius,G52.8,0.9948743581771851,,,,,
662,3,心因性,psychogenic,F44.4,0.9824613928794861,,,,,
662,3,心性(另见衰竭，心力),"cordis/heart (see also Failure, heart)",I50.9,0.9720554351806641,,,,,
662,3,心脏,cardiac,I46.9,0.9839984774589539,,,,,
662,3,胸乳肌,sternomastoid,G52.8,0.9755687713623047,,,,,
662,3,悬雍垂,uvula,K13.7,0.9457923769950867,,,,,
662,4,白喉后的,postdiphtheritic,A36.0,0.9825296401977539,,,,,
662,3,血管运动性 NEC,vasomotor NEC,G90.8,0.9854668974876404,,,,,
662,3,牙买加姜酒中毒性,Jamaica ginger,G62.2,0.9814498424530029,,,,,
662,3,咽喉,"pharynx, throat",J39.2,0.976559579372406,,,,,
662,4,白喉性,diphtheritic,A36.0,0.9700638055801392,,,,,
662,4,肌肉,muscle,J39.2,0.96266770362854,,,,,
663,3,咽门,fauces,J39.2,0.9878660440444946,,,,,
663,3,延髓(大脑被盖),medullary (tegmental),G83.8,0.9803853034973145,,,,,
663,3,延髓性(慢性)(进行性),bulbar (chronic) (progressive),G12.2,0.9733793139457703,,,,,
663,4,核上性,supranuclear,G12.2,0.9489908814430237,,,,,
663,4,脊髓灰质炎的(另见脊髓灰质炎，麻痹性),"poliomyelitic (see also Poliomyelitis, paralytic)",A80.3,0.9720003008842468,,,,,
663,4,假,pseudo-,G12.2,0.8820245862007141,,,,,
663,4,婴儿(另见脊髓灰质炎，麻痹性),"infantile (see also Poliomyelitis, paralytic)",A80.3,0.9850277900695801,,,,,
663,3,眼肌(外)NEC,"eye muscle, ocular (extrinsic) NEC",H49.9,0.9708368182182312,,,,,
663,4,内,intrinsic,H52.5,0.8832794427871704,,,,,
663,3,眼面，先天性(默比乌斯),"oculofacial, congenital (Moebius)",Q87.0,0.9900888204574585,,,,,
663,3,眼色素层腮腺炎型[葡萄膜腮腺炎型],uveoparotitic,D86.8,0.9965270161628723,,,,,
663,3,腰部交替性,middle alternating,G83.8,0.9885804057121277,,,,,
663,3,摇动性(另见帕金森综合征),shaking (see also Parkinsonism),G20,0.9969580173492432,,,,,
663,3,腋,axillary,G54.0,0.983642041683197,,,,,
663,3,癔症性,hysterical,F44.4,0.9541290998458862,,,,,
663,3,婴儿(另见脊髓灰质炎，麻痹性),"infantile (see also Poliomyelitis, paralytic)",A80.3,0.9899778366088867,,,,,
663,4,大脑性-见麻痹，大脑性,"cerebral - see Palsy, cerebral",,0.916011393070221,,,,,
663,4,痉挛性-见瘫痪，大脑性，痉挛性,"spastic - see Palsy, cerebral, spastic",,0.9758099913597107,,,,,
663,4,延髓性(另见脊髓灰质炎，麻痹性),"bulbar (see also Poliomyelitis, paralytic)",A80.3,0.9916293025016785,,,,,
663,3,由于颅内或脊髓产伤引起的-见麻痹，大脑性,"due to intracranial or spinal birth injury - see Palsy, cerebral",,0.9977380037307739,,,,,
663,3,右侧-见偏瘫,right side - see Hemiplegia,,0.9974446296691895,,,,,
663,3,幼年型全身性,juvenile general,A50.4,0.9985101222991943,,,,,
663,3,运动性 NEC,motor NEC,G83.9,0.985480546951294,,,,,
663,3,展(神经),abducent (nerve),H49.2,0.9793647527694702,,,,,
663,3,震颤(另见帕金森综合征),"agitans, trembling (see also Parkinsonism)",G20,0.9833968877792358,,,,,
663,4,动脉硬化性,arteriosclerotic,G21.4,0.9790402054786682,,,,,
663,3,支气管,bronchial,J98.0,0.9765855073928833,,,,,
663,3,肢 NEC,limb NEC,G83.3,0.9317759871482849,,,,,
663,4,短暂性(原因不知),transient (cause unknown),R29.8,0.9879562854766846,,,,,
663,4,四(另见四肢瘫痪),all four (see also Tetraplegia),G82.5,0.9814950227737427,,,,,
663,3,直肌(眼),rectus muscle (eye),H49.9,0.9774942398071289,,,,,
663,3,中脑性NEC,mesencephalic NEC,G83.8,0.9566962718963623,,,,,
663,4,被盖[中脑盖],tegmental,G83.8,0.9788375496864319,,,,,
663,3,周期性(家族性)(高血钾性)(低血钾性)(肌强直性)(血钾量正常的),periodic (familial) (hyperkalemic) (hypokalemic) (myotonic) (normokalemic),G72.3,0.9774729609489441,,,,,
663,3,"周围自主神经系统-见神经病(变)，周围,自主","peripheral autonomic nervous system - see Neuropathy, peripheral, autonomic",,0.954718828201294,,,,,
663,3,注视，同向性,"gaze, conjugate",H51.0,0.9837793111801147,,,,,
663,3,综合征,syndrome,G83.9,0.9863534569740295,,,,,
663,4,特指的 NEC,specified NEC,G83.8,0.9509435296058655,,,,,
663,3,左侧-见偏瘫,left side - see Hemiplegia,,0.9787672758102417,,,,,
663,2,麻刺感(皮肤),Tingling sensation (skin),R20.2,0.9763308167457581,,,,,
664,2,麻风,"Lepra, Leprosy",A30.9,0.9797255992889404,,,,,
664,3,BB 型,BB,A30.3,0.9188116788864136,,,,,
664,3,BL 型,BL,A30.4,0.92844158411026,,,,,
664,3,BT 型,BT,A30.2,0.9762032628059387,,,,,
664,3,I 型,I,A30.0,0.9826761484146118,,,,,
664,3,LL 型,LL,A30.5,0.9369213581085205,,,,,
664,3,TT 型,TT,A30.1,0.9823271632194519,,,,,
664,3,斑疹麻木型,maculoanesthetic,A30.9,0.970420777797699,,,,,
664,3,斑疹性,macular,A30.9,0.944100022315979,,,,,
664,3,混合性,mixed,A30.3,0.9287505745887756,,,,,
664,3,角膜,cornea,A30 H19.2*,0.9779926538467407,,,,,
664,3,结核样型(大)(小),tuberculoid (major) (minor),A30.1,0.9730667471885681,,,,,
664,3,结节性,nodular,A30.5,0.961022675037384,,,,,
664,3,瘤型(弥漫性)(浸润性)(斑疹性)(神经炎性)(结节性),lepromatous (diffuse) (infiltrated) (macular) (neuritic) (nodular),A30.5,0.9797347784042358,,,,,
664,3,麻木型,anesthetic,A30.9,0.9856649041175842,,,,,
664,3,神经性,neural,A30.9,0.9589796662330627,,,,,
664,3,双型性(浸润性)(神经炎性),dimorphous (infiltrated) (neuritic),A30.3,0.9840415120124817,,,,,
664,3,特指类型NEC,specified type NEC,A30.8,0.9641300439834595,,,,,
664,3,未定类(斑疹性)(神经炎性),indeterminate (macular) (neuritic),A30.0,0.9734029173851013,,,,,
664,3,眼睑,eyelid,A30 H03.1*,0.9664308428764343,,,,,
664,3,中间界线类(浸润性)(神经炎性),borderline (infiltrated) (neuritic),A30.3,0.9711097478866577,,,,,
664,4,偏结核样型,tuberculoid,A30.2,0.9575007557868958,,,,,
664,4,偏瘤型,lepromatous,A30.4,0.9552528262138367,,,,,
664,2,麻木,Numbness,R20.8,0.9823408722877502,,,,,
664,2,麻疹(黑)(出血性)(遏抑性),"Measles, Morbilli, Rubeola (black) (hemorrhagic) (suppressed)",B05.9,0.9760836362838745,,,,,
664,3,伴有,with,,0.9192822575569153,,,,,
664,4,并发症NEC,complications NEC,B05.8,0.9744928479194641,,,,,
664,4,肠并发症,intestinal complications,B05.4+ K93.8*,0.9644398093223572,,,,,
664,4,肺炎,pneumonia,B05.2+ J17.1*,0.9613442420959473,,,,,
664,4,角膜炎(角膜结膜炎),keratitis (keratoconjunctivitis),B05.8+ H19.2*,0.957527756690979,,,,,
664,4,脑膜炎,meningitis,B05.1+ G02.0*,0.9623968601226807,,,,,
664,4,脑炎,encephalitis,B05.0+ G05.1*,0.9672058820724487,,,,,
664,4,中耳炎,otitis media,B05.3+ H67.1*,0.9807978272438049,,,,,
664,3,德国(另见风疹),German (see also Rubella),B06.9,0.967359185218811,,,,,
664,3,意指风疹(另见风疹),meaning rubella (see also Rubella),B06.9,0.9948040246963501,,,,,
664,2,麻疹后并发症NEC(另见情况),Postmeasles complication NEC (see also condition),B05.8,0.9951866269111633,,,,,
665,2,麻醉(另见效应，有害，麻醉),"Anesthesia, anesthetic (see also Effect, adverse, anesthesia)",R20.0,0.9910485148429871,,,,,
665,3,并发症或反应NEC(另见 并发症，麻醉),"complication or reaction NEC (see also Complications, anesthesia)",T88.5,0.9803288578987122,,,,,
665,4,由于,due to,,0.7489573955535889,,,,,
665,5,过量或给错药物,overdose or wrong substance given .,T41,0.9787304997444153,,,,,
665,4,特指的麻醉药-见药物和化学制剂表,specified anesthetic - see Table of drugs and chemicals,,0.9796563386917114,,,,,
665,5,恰当使用正确的物质,correct substance properly administered,T88.5,0.9829941987991333,,,,,
665,3,二氧化碳(呼吸),carbon dioxide (respiratory),R06.8,0.9788100123405457,,,,,
665,3,角膜,cornea,H18.8,0.953858494758606,,,,,
665,3,死于,death from,,0.9809969067573547,,,,,
665,4,产后，产褥期,"postpartum, puerperal",O89.8,0.9431483745574951,,,,,
665,4,分娩中,during delivery,O74.8,0.8683754801750183,,,,,
665,4,过量或给错药物,overdose or wrong substance given,T41,0.9781019687652588,,,,,
665,5,特指的麻醉药-见药物和化学制剂表,specified anesthetic - see Table of drugs and chemicals,,0.9881840348243713,,,,,
665,4,恰当使用正确的物质,correct substance properly administered,T88.2,0.9920198917388916,,,,,
665,4,妊娠中,in pregnancy,O29.9,0.9603932499885559,,,,,
665,3,休克,shock,T88.2,0.9784709811210632,,,,,
665,4,过量或给错药物,overdose or wrong substance given,T41,0.980875551700592,,,,,
665,5,特指的麻醉药-见药物和化学制剂表,specified anesthetic - see Table of drugs and chemicals,,0.9769282937049866,,,,,
665,4,恰当使用正确的物质,correct substance properly administered,T88.2,0.9859740734100342,,,,,
665,3,由于药物,due to drug,,0.9457807540893555,,,,,
665,4,过量或给错或服错药物,overdose or wrong substance given or taken,T40.6,0.982099175453186,,,,,
665,5,特指的药物 - 见药物和化学制剂表,— — specified drug - see Table of drugs and chemicals,,0.9400438070297241,,,,,
665,4,恰当使用正确的物质,correct substance properly administered,R41.8,0.9806080460548401,,,,,
665,2,麻醉品瘾-见依赖，按药物,"Narcotism - see Dependence, by drug",,0.9976380467414856,,,,,
665,3,过量或给错或服错药物,overdose or wrong substance given or taken,T40.6,0.982631266117096,,,,,
665,4,特指的药物-见药物和化学制剂表,specified drug - see Table of drugs and chemicals,,0.9905776977539062,,,,,
665,1,mǎ 马,,,0.9985954165458679,,,,,
665,2,马鼻疽,Equinia,A24.0,0.9985644817352295,,,,,
665,2,马德隆,Madelung's,,0.9996699094772339,,,,,
665,3,病,disease,,0.9787480235099792,,,,,
665,4,对称性脂肪瘤，颈,"symmetrical lipomas, neck",E88.8,0.9796686768531799,,,,,
665,4,桡骨畸形,radial deformity,Q74.0,0.9684428572654724,,,,,
665,3,畸形(桡骨),deformity (radius),Q74.0,0.9903310537338257,,,,,
665,2,马登沃克综合征,Marden Walker syndrome,Q89.7,0.9671229124069214,,,,,
665,2,马尔堡病毒病,Marburg virus disease,A98.3,0.9999770522117615,,,,,
665,2,马尔基亚法瓦(-比尼亚米)综合征或病[进行性胼胝体变性],Marchiafava(-Bignami) syndrome or disease,G37.1,0.9229938983917236,,,,,
665,2,马尔基亚法瓦-米凯利综合征[阵发性夜间血红蛋白尿],Marchiafava-Micheli syndrome,D59.5,0.9094187021255493,,,,,
666,2,马尔凯萨尼(-魏尔)综合征,Marchesani(-Weill) syndrome,Q87.0,0.9816027283668518,,,,,
666,2,马凡-现译名马方,Marfan,,0.9997289180755615,,,,,
666,2,马方综合征,Marfan's syndrome,Q87.4,0.9550216197967529,,,,,
666,2,马富奇综合征[内生软骨瘤病合并多发性皮肤或内脏血管瘤],Maffucci's syndrome,Q78.4,0.980064332485199,,,,,
666,2,马库斯-耿氏综合征,Marcus Gunn's syndrome,Q07.8,0.9687709808349609,,,,,
666,2,马拉巴癣(任何部位),Malabar itch (any site),B35.5,0.9915780425071716,,,,,
666,2,马拉色病(囊性)[睾丸囊肿],Malassez's disease (cystic),N50.8,0.9993688464164734,,,,,
666,2,马勒布瘤(M8110/0)-见肿瘤，皮肤，良性,"Malherbe's tumor (M8110/0) - see Neoplasm, skin, benign",,0.9877159595489502,,,,,
666,2,马里-夏科-图思神经性肌萎缩,Marie-Charcot-Tooth neuropathic muscular atrophy,G60.0,0.9997373819351196,,,,,
666,2,马罗托-拉米综合征[粘多糖贮积病](轻度)(重度),Maroteaux-Lamy syndrome (mild) (severe),E76.2,0.9312311410903931,,,,,
666,2,马洛里-魏斯综合征[马洛里-魏斯撕裂][食管贲门粘膜裂伤],Mallory-Weiss syndrome,K22.6,0.9905076026916504,,,,,
666,2,马洛里小体,Mallory's bodies,R89.7,0.9770681262016296,,,,,
666,2,马斯特斯-艾伦综合征[阔韧带撕裂],Masters-Allen syndrome,N83.8,0.9892927408218384,,,,,
666,2,马蹄内翻足(先天性)(畸形足),Equinovarus (congenital) (talipes),Q66.0,0.9973598718643188,,,,,
666,3,后天性,acquired,M21.5,0.9887295365333557,,,,,
666,2,马蹄形肾(先天性),Horseshoe kidney (congenital),Q63.1,0.9753092527389526,,,,,
666,2,马尾的 - 见情况,Cauda equina - see condition,,0.9024254679679871,,,,,
666,2,马约基,Majocchi's,,0.998672604560852,,,,,
666,3,病[毛细血管扩张性环状紫癜],disease,L81.7,0.9956797361373901,,,,,
666,3,肉芽肿,granuloma,B35.8,0.9928022623062134,,,,,
666,1,mǎ 吗,,,0.9997386932373047,,,,,
666,2,吗啡狂,Morphinomania,F11.2,0.9868180751800537,,,,,
666,2,吗啡瘾,Morphinism,F11.2,0.9861160516738892,,,,,
666,1,mǎ 玛,,,0.9959385991096497,,,,,
666,2,玛丽,Marie's,,0.9989451169967651,,,,,
666,3,病或综合征(肢端肥大症),disease or syndrome (acromegaly),E22.0,0.998445451259613,,,,,
666,3,小脑性共济失调(晚期发病),cerebellar ataxia (late-onset),G11.2,0.9945116639137268,,,,,
666,2,玛丽-班贝格尔病[肥大性肺性骨关节病],Marie-Bamberger disease,M89.4,0.9998686909675598,,,,,
666,2,玛丽-施特伦佩尔关节炎、病或脊柱炎[类风湿性脊柱炎],"Marie-Strümpell arthritis, disease or spondylitis",M45,0.9856330752372742,,,,,
666,2,玛丽昂病,Marion's disease,N32.0,0.999907374382019,,,,,
666,1,mái 埋,,,0.9978384971618652,,,,,
666,2,埋伏牙,"Embedded tooth, teeth",K01.0,0.9998517036437988,,,,,
666,3,伴有位置异常(同一牙或邻近牙),with abnormal position (same or adjacent tooth),K07.3,0.9988399147987366,,,,,
667,1,mài 迈,,,,,,,,
667,2,迈博姆,Meibomian,,0.9999456405639648,,,,,
667,3,睑腺炎,"sty, stye",H00.0,0.9667665958404541,,,,,
667,3,囊肿，感染性[睑板腺囊肿],"cyst, infected",H00.0,0.9638760089874268,,,,,
667,3,腺[睑板腺]的-见情况,gland - see condition,,0.9900091290473938,,,,,
667,2,迈诺特-冯·维勒布兰德-尤尔根斯病,Minot-von Willebrand-Jurgens disease,D68.0,0.9993414282798767,,,,,
667,1,mài 麦,,,0.9373275637626648,,,,,
667,2,麦地那龙线虫病(感染)(侵染),"Dracontiasis, Guinea worm (infection) (infestation)",B72,0.9993355870246887,,,,,
667,2,麦角骨化醇缺乏(另见缺乏，骨化醇，维生素D2),"Viosterol deficiency (see also Deficiency, calciferol)",E55.9,0.9790846109390259,,,,,
667,2,麦角中毒,Ergotism,T62.2,0.9999569654464722,,,,,
667,3,以麦角为药(治疗偏头痛),from ergot used as drug (migraine therapy),,0.9995223879814148,,,,,
667,4,过量或给错或服错药物,overdose or wrong substance given or taken,T48.0,0.9686486721038818,,,,,
667,4,恰当使用正确的物质,correct substance properly administered,G92,0.9916500449180603,,,,,
667,2,麦角甾醇缺乏(维生素D),Ergosterol deficiency (vitamin D),E55.9,0.9968864321708679,,,,,
667,3,伴有,with,,0.9049296379089355,,,,,
667,4,成人骨软化,adult osteomalacia,M83.8,0.9793607592582703,,,,,
667,4,佝偻病(另见佝偻病),rickets (see also Rickets),E55.0,0.9714096188545227,,,,,
667,2,麦卡德尔(-施密德)(-皮尔逊)病(糖原贮积),McArdle(-Schmid)(-Pearson) disease (glycogen storage),E74.0,0.999435544013977,,,,,
667,2,麦克尔-又译名梅克尔,Meckel,,0.9856804013252258,,,,,
667,2,麦克劳德综合征,MacLeod's syndrome,J43.0,0.9973214268684387,,,,,
667,2,麦粒肿-现译名睑腺炎,Hordeolum,,0.9764828681945801,,,,,
667,2,麦丘恩-奥尔布赖特综合征,McCune-Albright syndrome,Q78.1,0.9997840523719788,,,,,
667,2,麦芽工人肺,Maltworker's lung,J67.4,0.999954879283905,,,,,
667,1,mài 脉,,,0.9999465346336365,,,,,
667,2,脉(搏),Pulse,,0.9984883666038513,,,,,
667,3,二联,bigeminal,R00.8,0.9412506818771362,,,,,
667,3,交替,alternating,R00.8,0.9664512276649475,,,,,
667,3,弱,weak,R09.8,0.9074540138244629,,,,,
667,3,微弱，快速，由于损伤后休克引起的,"feeble, rapid, due to shock following injury",T79.4,0.9877177476882935,,,,,
667,2,脉管曲张-见静脉曲张,Varices - see Varix,,0.9949148297309875,,,,,
667,2,脉络丛脑膜炎(急性)(淋巴细胞性)(浆液性),Choriomeningitis (acute) (lymphocytic) (serous),A87.2+ G02.0*,0.9444183707237244,,,,,
667,2,脉络丛脑炎(急性)(淋巴细胞性)(浆液性),Chorioencephalitis (acute) (lymphocytic) (serous),A87.2+ G05.1*,0.9591315388679504,,,,,
667,2,脉络膜病,Choroidopathy,H31.9,0.9674126505851746,,,,,
667,3,变性性,degenerative,H31.1,0.9793974161148071,,,,,
667,3,遗传性,hereditary,H31.2,0.9728835225105286,,,,,
668,2,脉络膜的 - 见情况,Choroid - see condition,,0.9712637662887573,,,,,
668,2,脉络膜视网膜病变，中心性浆液性,"Chorioretinopathy, Choroidoretinopathy, central serous",H35.7,0.9958889484405518,,,,,
668,2,脉络膜视网膜炎,"Chorioretinitis, Choroidoretinitis",H30.9,0.9860819578170776,,,,,
668,3,播散性,disseminated,H30.1,0.9909654855728149,,,,,
668,4,神经梅毒性,in neurosyphilis,A52.1+ H32.0*,0.9792675971984863,,,,,
668,3,见于(由于),in (due to),,0.9763633608818054,,,,,
668,4,弓形虫病(后天性),toxoplasmosis (acquired),B58.0+ H32.0*,0.9810478091239929,,,,,
668,5,先天性(活动),congenital (active),P37.1+ H32.0*,0.9682499766349792,,,,,
668,4,结核病,tuberculosis,A18.5+ H32.0*,0.9723199605941772,,,,,
668,4,梅毒(继发性)-见脉络膜视网膜炎，梅毒性,"syphilis (secondary) - see Chorioretinitis, syphilitic",,0.9608842730522156,,,,,
668,4,组织胞浆菌病,histoplasmosis,B39.9+ H32.0*,0.9818657040596008,,,,,
668,3,结核性,tuberculous,A18.5+ H32.0*,0.9824539422988892,,,,,
668,3,进行性近视(变性),progressive myopia (degeneration),H44.2,0.9910399317741394,,,,,
668,3,近乳头状,"juxtapapillary, juxtapapillaris",H30.0,0.9945057034492493,,,,,
668,3,局灶性(急性)(慢性)(中心性)(渗出性)(詹森),focal (acute) (chronic) (central) (exudative) (Jensen's),H30.0,0.9684277176856995,,,,,
668,3,梅毒性(继发性),syphilitic (secondary),A51.4+ H32.0*,0.9823026061058044,,,,,
668,4,晚期,late,A52.7+ H32.0*,0.9775428771972656,,,,,
668,4,先天性(早期),congenital (early),A50.0+ H32.0*,0.9514859318733215,,,,,
668,5,晚期,late,A50.3+ H32.0*,0.9901204705238342,,,,,
668,3,特指的NEC,specified NEC,H30.8,0.9500420689582825,,,,,
668,3,组织胞浆菌性,histoplasmic,B39.9+ H32.0*,0.9592510461807251,,,,,
668,2,脉络膜炎(另见脉络膜视网膜炎),Choroiditis (see also Chorioretinitis),H30.9,0.9938289523124695,,,,,
668,3,结核性,tuberculous,A18.5+ H32.0*,0.9741612672805786,,,,,
668,3,麻风性,leprous,A30 H32.0*,0.961785078048706,,,,,
668,3,梅毒性(继发性),syphilitic (secondary),A51.4+ H32.0*,0.9746347069740295,,,,,
668,4,晚期,late,A52.7+ H32.0*,0.9553510546684265,,,,,
668,4,先天性(早期),congenital (early),A50.0+ H32.0*,0.9813398718833923,,,,,
668,5,晚期,late,A50.3+ H32.0*,0.9630874991416931,,,,,
668,1,mán 鳗,,,0.964754581451416,,,,,
668,2,鳗形线虫病(另见类圆线虫病).,Anguillulosis (see also Strongyloidiasis),B78.9,0.9928943514823914,,,,,
668,1,mán 螨,,,0.9547613859176636,,,,,
668,2,螨(侵染),Mite(s) (infestation),B88.9,0.9939351677894592,,,,,
668,2,螨病,Acariasis,B88.0,0.9911421537399292,,,,,
668,3,疥疮,scabies,B86,0.954349935054779,,,,,
668,2,螨恐怖,Acarophobia,F40.2,0.9950616359710693,,,,,
668,2,螨性皮炎(荨麻疹样),Acarodermatitis (urticarioides),B88.0+ L99.8*,0.9790140390396118,,,,,
669,1,màn 曼,,,,,,,,
669,2,曼森,Manson's,,0.9954910278320312,,,,,
669,3,病[肠道血吸虫病],disease,B65.1,0.9942999482154846,,,,,
669,3,化脓症,pyosis,L00,0.9872772097587585,,,,,
669,3,血吸虫病,schistosomiasis,B65.1,0.9576085805892944,,,,,
669,2,曼森丝虫病,"Mansonelliasis, mansonellosis",B74.4,0.9995523691177368,,,,,
669,1,màn 慢,,,0.9459339380264282,,,,,
669,2,慢,Slow,,0.9997864365577698,,,,,
669,3,重新包扎(短暂性)，外科手术后,rebound (transient) following surgery,Z48.8,0.9922081232070923,,,,,
669,3,胎儿生长 NEC,fetalgrowth NEC,P05.9,0.9537976980209351,,,,,
669,4,影响妊娠处理,affecting management of pregnancy,O36.5,0.984470009803772,,,,,
669,3,进食，新生儿,"feeding, newborn",P92.2,0.9787309169769287,,,,,
669,3,心脏(搏动),heart(beat),R00.1,0.9554989337921143,,,,,
669,2,慢病毒，作为分类于他处疾病的原因,"Lentivirus, as cause of disease classified elsewhere",B97.3,0.9997553825378418,,,,,
669,2,慢性鼻疽,Farcy,A24.0,0.9598833322525024,,,,,
669,2,慢性的 - 见情况,Chronic - see condition,,0.9783701300621033,,,,,
669,2,慢性光线性皮炎,Sailor's skin,L57.8,0.9983587861061096,,,,,
669,2,慢性淋巴细胞性甲状腺炎[桥本病或桥本甲状腺炎],Hashimoto's disease or thyroiditis,E06.3,0.9646595120429993,,,,,
669,2,慢性淋病性尿道炎(淋球菌性),Gleet (gonococcal),A54.0,0.9916877746582031,,,,,
669,2,慢性瘰疠(原发性)(结核),Scrofulosus lichen (primary) (tuberculous),A18.4,0.9887266755104065,,,,,
669,2,慢性特发性组织细胞增多症[汉-许-克病或综合征],Hand-Schüller-Christian disease or syndrome,D76.0,0.969878077507019,,,,,
669,1,máng 盲,,,0.9998461008071899,,,,,
669,2,盲(后天性)(先天性)(双眼),"Blind, Blindness (acquired) (congenital) (both eyes) (binocular)",H54.0,0.9973642826080322,,,,,
669,3,冲击波,blast,S05.8,0.962325394153595,,,,,
669,3,创伤性(近期发生),traumatic (current episode),S05.9,0.9677687287330627,,,,,
669,3,单眼(另一眼正常),one eye (monocular) (other eye normal),H54.4,0.9873534440994263,,,,,
669,4,视力低下，另一眼,"low vision, other eye",H54.4,0.975660502910614,,,,,
669,3,道或管，先天性NEC-见闭锁，按部位,"tract or tube, congenital NEC - see Atresia, by site",,0.9893584251403809,,,,,
669,3,点，增大,"spot, enlarged",H53.4,0.9817215204238892,,,,,
669,3,短暂性,transient,H53.1,0.9560993313789368,,,,,
669,3,河,river,B73+ H45.1*,0.9826253056526184,,,,,
669,3,精神性[视觉性失认],mind,R48.8,0.9952525496482849,,,,,
669,3,囊，输卵管(先天性),"sac, fallopian tube (congenital)",Q50.6,0.9806866645812988,,,,,
669,3,尿毒症性,uremic,N19,0.9913572669029236,,,,,
669,3,袢综合征,loop syndrome,K90.2,0.9638547897338867,,,,,
669,4,先天性,congenital,Q43.8,0.9622529745101929,,,,,
670,3,情绪性(癔症性),emotional (hysterical),F44.6,0.9620366096496582,,,,,
670,3,日光(性),"sun, solar",H31.0,0.9716421961784363,,,,,
670,3,日蚀性(全部),eclipse (total),H31.0,0.9587641358375549,,,,,
670,3,色,color,H53.5,0.9970006942749023,,,,,
670,3,文字(发育性),word (developmental),F81.0,0.9882441163063049,,,,,
670,3,心因性,psychic,F44.6,0.9680569767951965,,,,,
670,3,雪,snow,H16.1,0.9645499587059021,,,,,
670,3,夜,night,H53.6,0.9568384885787964,,,,,
670,4,维生素A缺乏,vitamin A deficiency,E50.5,0.9762778878211975,,,,,
670,3,癔症性,hysterical,F44.6,0.9285427331924438,,,,,
670,3,由于损伤(近期发生),due to injury (current episode),S05.9,0.9908130168914795,,,,,
670,4,后遗症,sequelae,T90.4,0.9582475423812866,,,,,
670,3,震荡性,concussion,S05.8,0.9360951781272888,,,,,
670,3,支气管(先天性),bronchus (congenital),Q32.4,0.9824383854866028,,,,,
670,3,昼,day,H53.1,0.9552966356277466,,,,,
670,2,盲肠的 - 见情况,Cecum - see condition,,0.9268773198127747,,,,,
670,2,盲肠后的 - 见情况,Retrocecal - see condition,,0.9441564679145813,,,,,
670,2,盲肠炎,Cecitis,K52.9,0.99983149766922,,,,,
670,3,伴有穿孔、腹膜炎或破裂,"with perforation, peritonitis, or rupture",K65.8,0.9774270057678223,,,,,
670,1,māo 猫,,,0.997520923614502,,,,,
670,2,猫,Cat,,0.9991130232810974,,,,,
670,3,耳,ear,Q17.3,0.9709394574165344,,,,,
670,3,叫综合征,cry syndrome,Q93.4,0.9913010001182556,,,,,
670,2,猫叫综合征,Cri-du-chat syndrome,Q93.4,0.9942565560340881,,,,,
670,2,猫抓(另见损伤，浅表),"Catscratch, Scratch (see also Injury, superficial)",T14.0,0.9892025589942932,,,,,
670,3,病或热,disease or fever,A28.1,0.9462469816207886,,,,,
670,1,máo 毛,,,0.9119389653205872,,,,,
670,2,毛孢子菌病,Piedra,B36.8,0.9717510342597961,,,,,
670,3,苍白,white,B36.2,0.9751320481300354,,,,,
670,3,黑,black,B36.3,0.9394649267196655,,,,,
670,2,毛病-另见病,Trouble - see also Disease,,0.9948018193244934,,,,,
670,3,窦(另见鼻窦炎),sinus (see also Sinusitis),J32.9,0.9807741641998291,,,,,
670,3,神经质,nervous,R45.0,0.973260223865509,,,,,
670,3,肾(另见病，肾),"kidney (see also Disease, renal)",N28.9,0.9686183929443359,,,,,
670,3,心脏-见病，心脏,"heart - see Disease, heart",,0.9732804894447327,,,,,
670,2,毛滴虫病-现译名滴虫病,Trichomoniasis,,0.9854279160499573,,,,,
671,2,毛发 - 另见情况,"Hair, Pili - see also condition",,0.970931887626648,,,,,
671,3,拔,plucking,F63.3,0.9873754978179932,,,,,
671,4,刻板性运动障碍,in stereotyped movement disorder,F98.4,0.9938611388206482,,,,,
671,3,环形或扭曲(先天性),annulati or torti (congenital),Q84.1,0.9851304888725281,,,,,
671,3,长入或包入肉内,incarnati,L73.1,0.9761031270027161,,,,,
671,2,毛发菌病,Trichomycosis,,0.9996700882911682,,,,,
671,3,结节性,"nodosa, nodularis",B36.8,0.9786726236343384,,,,,
671,3,腋窝,axillaris,A48.8,0.9947449564933777,,,,,
671,2,毛发缺乏(另见脱发),"Atrichia, atrichosis (see also Alopecia)",L65.9,0.9995526671409607,,,,,
671,3,先天性(普遍),congenital (universal),Q84.0,0.9836372137069702,,,,,
671,2,毛发上皮瘤(M8100/0)-见肿瘤，皮肤，良性,"Trichoepithelioma (M8100/0) - see Neoplasm, skin, benign",,0.9871344566345215,,,,,
671,2,毛发稀少(另见脱发),"Hypotrichosis, Oligotrichia (see also Alopecia)",L65.9,0.9997795224189758,,,,,
671,3,感染后 NEC,postinfective NEC,L65.8,0.9787216782569885,,,,,
671,3,先天性,congenital,Q84.0,0.9926565885543823,,,,,
671,3,由于细胞毒素药物NEC,due to cytotoxic drugs NEC,L65.8,0.9792725443840027,,,,,
671,2,毛根鞘瘤(M8102/0)-见肿瘤，皮肤，良性,"Tricholemmoma (M8102/0) - see Neoplasm, skin, benign",,0.9888589382171631,,,,,
671,2,毛基质瘤(M8110/0)-见肿瘤，皮肤，良性,"Pilomatrixoma (M8110/0) - see Neoplasm, skin, benign",,0.9850684404373169,,,,,
671,3,恶性(M8110/3)-见肿瘤，皮肤，恶性,"malignant (M8110/3) - see Neoplasm, skin malignant",,0.9739289879798889,,,,,
671,2,毛霉病,Mucormycosis,B46.5,0.9999259114265442,,,,,
671,3,鼻大脑,rhinocerebral,B46.1+ G99.8*,0.9811670184135437,,,,,
671,3,播散性,disseminated,B46.4,0.9764288067817688,,,,,
671,3,肺,pulmonary,B46.0+ J99.8*,0.9844002723693848,,,,,
671,3,皮肤,"cutaneous, skin",B46.3+ L99.8*,0.9493722319602966,,,,,
671,3,皮下,subcutaneous,B46.3+ L99.8*,0.9621993899345398,,,,,
671,3,全身性,generalized,B46.4,0.9924279451370239,,,,,
671,3,胃肠,gastrointestinal,B46.2+ K93.8*,0.9656625390052795,,,,,
671,2,毛囊瘤(M8101/0)-见肿瘤，皮肤，良性,"Trichofolliculoma (M8101/0) - see Neoplasm, skin, benign",,0.9808087944984436,,,,,
671,2,毛囊炎,Folliculitis,L73.9,0.9997265934944153,,,,,
671,3,瘢痕疙瘩性,"keloid, keloidalis",L73.0,0.9828339219093323,,,,,
671,3,穿掘脓肿性,abscedens et suffodiens,L66.3,0.9946525692939758,,,,,
671,3,淋球菌性(急性)(慢性),gonococcal (acute) (chronic),A54.0,0.9785522222518921,,,,,
671,3,脱发性,decalvans,L66.2,0.9897038340568542,,,,,
671,3,网状红斑性,ulerythematosa reticulata,L66.4,0.997850775718689,,,,,
671,3,小脓疱性,pustular,L01.0,0.9922172427177429,,,,,
671,2,毛囊脂螨(侵染),Demodex folliculorum (infestation),B88.0,0.9985367655754089,,,,,
671,2,毛囊周炎,Perifolliculitis,L08.8,0.9999425411224365,,,,,
671,3,表面脓疱性,superficial pustular,L01.0,0.9988422989845276,,,,,
671,3,头部穿掘(脓肿性),capitis abscedens (et suffodiens),L66.3,0.9924665689468384,,,,,
671,2,毛石,Trichobezoar,T18.9,0.9999656677246094,,,,,
671,3,肠,intestine,T18.3,0.9194099307060242,,,,,
671,3,胃,stomach,T18.2,0.9844467043876648,,,,,
672,2,毛首鞭虫感染或侵染(任何部位),Trichuris trichiura infection or infestation (any site),B79,0.9931031465530396,,,,,
672,2,毛细线虫病(肠道),Capillariasis (intestinal),B81.1,0.9853842258453369,,,,,
672,3,肝,hepatic,B83.8,0.9666685461997986,,,,,
672,2,毛细血管的 - 见情况,Capillary - see condition,,0.9681795239448547,,,,,
672,2,毛细血管扩张(疣性),"Telangiectasia, telangiectasis (verrucous)",I78.1,0.9938862919807434,,,,,
672,3,出血性，遗传性(先天性)(老年性),"hemorrhagic, hereditary (congenital) (senile)",I78.0,0.9636058211326599,,,,,
672,3,共济失调(小脑)(路易斯-巴尔),ataxic (cerebellar) (Louis-Bar),G11.3,0.9912235736846924,,,,,
672,3,蛛形,spider,I78.1,0.9552838802337646,,,,,
672,2,毛癣菌病(另见 皮肤癣菌病),Trichophytosis (see also Dermatophytosis),B35.9,0.9643536806106567,,,,,
672,3,甲,unguium,B35.1,0.9354973435401917,,,,,
672,2,毛癣菌疹，毛癣菌感染(另见 皮肤癣菌病),"Trichophytid, Trichophyton infection (see also Dermatophytosis)",B35.9,0.9630151391029358,,,,,
672,2,毛圆线虫病(小肠),"Trichostrongyliasis, trichostrongylosis (small intestine)",B81.2,0.9990428686141968,,,,,
672,2,毛圆线虫感染,Trichostrongylus infection,B81.2,0.9676241278648376,,,,,
672,2,毛植物石,Trichophytobezoar,T18.9,0.9999793171882629,,,,,
672,3,肠,intestine,T18.3,0.9269736409187317,,,,,
672,3,胃,stomach,T18.2,0.9527231454849243,,,,,
672,1,méi 梅,,,0.9139367341995239,,,,,
672,2,梅(-黑格林)异常或综合征,May(-Hegglin) anomaly or syndrome,D72.0,0.9823765754699707,,,,,
672,2,梅尔克松-(罗森塔尔)综合征[梅-(罗)综合征],Melkersson(-Rosenthal) syndrome,G51.2,0.9913737177848816,,,,,
672,2,梅茨巴赫-佩利措伊斯病[家族性脑白质病],Merzbacher-Pelizaeus disease,E75.2,0.999396800994873,,,,,
672,2,梅毒(性)(后天性),"Syphilis, syphilitic (acquired)",A53.9,0.986248254776001,,,,,
672,3,初期,primary,A51.0,0.9637654423713684,,,,,
672,4,扁桃体,tonsils,A51.2,0.9526392221450806,,,,,
672,4,唇,lip,A51.2,0.9407004117965698,,,,,
672,4,肛门,anal,A51.1,0.9139620065689087,,,,,
672,4,和二期(另见梅毒，二期),"and secondary (see also Syphilis, secondary)",A51.4,0.9602136015892029,,,,,
672,4,生殖器,genital,A51.0,0.988416850566864,,,,,
672,4,生殖器外的下疳 NEC,extragenital chancre NEC,A51.2,0.971854567527771,,,,,
672,4,手指,fingers,A51.2,0.9260239005088806,,,,,
672,4,特指部位 NEC,specified site NEC,A51.2,0.9800335168838501,,,,,
672,3,二期(和初期),secondary (and primary),A51.4,0.9819211363792419,,,,,
672,4,扁桃体,tonsil,A51.3,0.9819682836532593,,,,,
672,4,复发(已治疗，未治疗),"relapse (treated, untreated)",A51.4,0.9812424778938293,,,,,
672,4,肝,liver,A51.4+ K77.0*,0.9636231660842896,,,,,
672,4,肝炎,hepatitis,A51.4+ K77.0*,0.9671816825866699,,,,,
672,4,肛门,anus,A51.3,0.9739234447479248,,,,,
672,4,骨,bone,A51.4+ M90.2*,0.9872884154319763,,,,,
672,4,骨膜，骨膜炎,"periosteum, periostitis",A51.4+ M90.1*,0.9564123153686523,,,,,
672,4,口腔,mouth,A51.3,0.9256873726844788,,,,,
673,4,溃疡,ulcer,A51.3,0.9032110571861267,,,,,
673,4,淋巴结炎,lymphadenitis,A51.4,0.9502627849578857,,,,,
673,4,脉络膜视网膜炎，脉络膜炎,"chorioretinitis, choroiditis",A51.4+ H32.0*,0.9745240807533264,,,,,
673,4,脑膜炎(急性),meningitis (acute),A51.4+ G01*,0.9700868725776672,,,,,
673,4,内脏NEC,viscera NEC,A51.4,0.9610913395881653,,,,,
673,4,粘膜,mucous membranes,A51.3,0.9437086582183838,,,,,
673,4,皮肤,skin,A51.3,0.9716958999633789,,,,,
673,4,特指形式NEC,specified form NEC,A51.4,0.9637786746025085,,,,,
673,4,外阴,vulva,A51.3,0.9494299292564392,,,,,
673,4,腺病,adenopathy,A51.4,0.968397855758667,,,,,
673,4,咽,pharynx,A51.3,0.912461519241333,,,,,
673,3,三期,tertiary,A52.9,0.9725595116615295,,,,,
673,4,多发性NEC,multiple NEC,A52.7,0.9468621611595154,,,,,
673,4,特指部位NEC,specified site NEC,A52.7,0.9917699694633484,,,,,
673,4,心血管,cardiovascular,A52.0+ I98.0*,0.9738995432853699,,,,,
673,4,有症状NEC,with symptoms NEC,A52.7,0.9507865309715271,,,,,
673,4,中枢神经系统,central nervous system,A52.3,0.9833187460899353,,,,,
673,3,早期NEC,early NEC,A51.9,0.9859806299209595,,,,,
673,4,复发(已治疗，未治疗),"relapse (treated, untreated)",A51.9,0.9849027991294861,,,,,
673,4,溃疡,ulcer,A51.3,0.9375847578048706,,,,,
673,4,皮肤,skin,A51.3,0.9168198108673096,,,,,
673,4,潜伏性(感染后少于两年)(没有临床表现),latent (less than 2 years after infection) (without manifestations),A51.5,0.975102424621582,,,,,
673,5,脑脊液试验阴性,negative spinal fluid test,A51.5,0.9820643067359924,,,,,
673,5,血清学阳性,serology positive,A51.5,0.9382354021072388,,,,,
673,5,治疗后血清学复发,serological relapse after treatment,A51.5,0.9934660792350769,,,,,
673,4,心血管,cardiovascular,A52.0+ I98.0*,0.9749792218208313,,,,,
673,4,有症状的,symptomatic,A51.9,0.9811863303184509,,,,,
673,5,初期，除外生殖器以外的下疳,"primary, except extragenital chancre",A51.0,0.9693976640701294,,,,,
673,5,二期(另见梅毒，二期),"secondary (see also Syphilis, secondary)",A51.3,0.977443277835846,,,,,
673,6,复发(已治疗，未治疗),"relapse (treated, untreated)",A51.4,0.978158175945282,,,,,
673,5,生殖器以外的下疳,extragenital chancre,A51.2,0.9797365665435791,,,,,
673,3,晚期,late,A52.9,0.969509482383728,,,,,
673,4,脊髓痨,tabes,A52.1,0.962611198425293,,,,,
673,4,麻痹性,paresis,A52.1,0.9578578472137451,,,,,
673,4,潜伏性(感染后两年或以上)(没有临床表现),latent (2 years or more after infection) (without manifestations),A52.8,0.9792575240135193,,,,,
673,5,脑脊液试验阴性,negative spinal fluid test,A52.8,0.9568198919296265,,,,,
673,5,血清学阳性,serology positive,A52.8,0.9631296992301941,,,,,
673,4,肾,kidney,A52.7+ N29.0*,0.9747532606124878,,,,,
673,4,特指部位NEC,specified site NEC,A52.7,0.9657952189445496,,,,,
673,4,心血管,cardiovascular,A52.0+ I98.0*,0.9772157073020935,,,,,
674,4,有症状或有临床表现,symptomatic or with manifestations,A52.7,0.9726338982582092,,,,,
674,4,中枢神经系统,central nervous system,A52.3,0.9481782913208008,,,,,
674,3,暗点(中心性),scotoma (central),A52.7+ H58.1*,0.9662551879882812,,,,,
674,3,白斑病,leukoderma,A51.3+ L99.8*,0.9767817854881287,,,,,
674,4,晚期,late,A52.7+ L99.8*,0.9598288536071777,,,,,
674,3,斑状皮萎缩,macular atrophy of skin,A51.3+ L99.8*,0.9779391884803772,,,,,
674,4,条纹状,striated,A52.7+ L99.8*,0.9472367763519287,,,,,
674,3,鼻(晚期),nose (late),A52.7+ J99.8*,0.9526171684265137,,,,,
674,4,鞍背状畸形,saddle back deformity,A50.5,0.9684116244316101,,,,,
674,3,鼻窦(晚期),nasal sinus (late),A52.7+ J99.8*,0.971464216709137,,,,,
674,3,扁桃体(舌)(晚期),tonsil (lingual) (late),A52.7+ J99.8*,0.9700478315353394,,,,,
674,4,初期,primary,A51.2,0.9762070775032043,,,,,
674,4,二期,secondary,A51.3,0.9199215769767761,,,,,
674,3,并发于妊娠、分娩或产褥期,"complicating pregnancy, childbirth or puerperium",O98.1,0.9847989678382874,,,,,
674,4,影响到胎儿或新生儿,affecting fetus or newborn,P00.2,0.9614713191986084,,,,,
674,3,玻璃体(混浊)(晚期),vitreous (opacities) (late),A52.7+ H45.8*,0.9606548547744751,,,,,
674,4,出血,hemorrhage,A52.7+ H45.0*,0.9549561738967896,,,,,
674,3,玻璃体(膜)炎,hyalitis,A52.7+ H45.8*,0.9697903394699097,,,,,
674,3,肠(晚期),intestine (late),A52.7+ K93.8*,0.9919468760490417,,,,,
674,3,迟发性遗传性(另见梅毒，先天性，晚期),"hereditaria tarda (see also Syphilis, congenital, late)",A50.7,0.9808306694030762,,,,,
674,3,垂体(腺),pituitary (gland),A52.7+ E35.8*,0.9813458919525146,,,,,
674,3,唇,lip,A51.3,0.9670508503913879,,,,,
674,4,下疳(初期),chancre (primary),A51.2,0.9818382263183594,,,,,
674,4,晚期,late,A52.7+ K93.8*,0.9552445411682129,,,,,
674,3,大脑,cerebral,A52.1+ G94.8*,0.9840686321258545,,,,,
674,4,脑脊膜血管,meningovascular,A52.1+ G01*,0.96397465467453,,,,,
674,4,神经(多发性麻痹),nerves (multiple palsies),A52.1+ G53.1*,0.9793007969856262,,,,,
674,4,血栓形成,thrombosis,A52.0+ I68.8*,0.9542696475982666,,,,,
674,4,硬化,sclerosis,A52.1+ G94.8*,0.9663594365119934,,,,,
674,3,单瘫,monoplegia,A52.1,0.9963550567626953,,,,,
674,3,胆囊(晚期),gallbladder (late),A52.7+ K87.0*,0.9750424027442932,,,,,
674,3,地方性,endemic,A65,0.9392539262771606,,,,,
674,3,第七神经(麻痹),seventh nerve (paralysis),A52.1+ G53.8*,0.98358553647995,,,,,
674,3,第八神经(神经炎),eighth nerve (neuritis),A52.1+ H94.0*,0.9807133078575134,,,,,
674,3,动脉闭塞病,occlusive arterial disease,A52.0+ I79.8*,0.9781568646430969,,,,,
674,3,动脉瘤(主动脉)(破裂),aneurysm (aorta) (ruptured),A52.0+ I79.0*,0.9573653340339661,,,,,
674,4,先天性,congenital,A50.5+ I79.0*,0.9610472321510315,,,,,
674,4,中枢神经系统,central nervous system,A52.0+ I68.8*,0.9635453224182129,,,,,
674,3,动脉中层炎,mesarteritis,A52.0+ I79.8*,0.9712969064712524,,,,,
674,4,脑,brain,A52.0+ I68.1*,0.930478572845459,,,,,
675,3,窦，鼻窦炎(晚期),"sinus, sinusitis (late)",A52.7+ J99.8*,0.9690189957618713,,,,,
675,3,腭(晚期),palate (late),A52.7+ K93.8*,0.9502843618392944,,,,,
675,3,耳,ear,A52.7+ H94.8*,0.9747520685195923,,,,,
675,4,内,inner,A52.7+ H94.8*,0.9201005697250366,,,,,
675,5,神经(第八),nerve (eighth),A52.1+ H94.0*,0.962821900844574,,,,,
675,5,神经梅毒复发,neurorecurrence,A52.1+ H94.0*,0.9797420501708984,,,,,
675,3,二尖瓣狭窄,mitral stenosis,A52.0+ I39.0*,0.9538949728012085,,,,,
675,3,非活动性-见梅毒，潜伏性,"inactive - see Syphilis, latent",,0.9886926412582397,,,,,
675,3,非性病性,nonvenereal,A65,0.9901376962661743,,,,,
675,3,肺(晚期),"lung, pulmonary (late)",A52.7+ J99.8*,0.9696232676506042,,,,,
675,4,动脉,artery,A52.0+ I98.0*,0.9776061177253723,,,,,
675,3,夫妇间,conjugal,A53.9,0.9898979067802429,,,,,
675,4,脊髓痨,tabes,A52.1,0.9725345373153687,,,,,
675,3,附睾(晚期),epididymis (late),A52.7+ N51.1*,0.9785914421081543,,,,,
675,3,腹部(晚期),abdomen (late),A52.7,0.9908403754234314,,,,,
675,3,腹股沟淋巴结炎(初期),bubo (primary),A51.0,0.9745126962661743,,,,,
675,3,肝,liver,A52.7+ K77.0*,0.9550553560256958,,,,,
675,3,肝病,hepatis,A52.7+ K77.0*,0.9474056959152222,,,,,
675,3,肝动脉,hepatic artery,A52.0+ I79.8*,0.9640100598335266,,,,,
675,3,感觉异常,paresthesia,A52.1,0.99615478515625,,,,,
675,3,肛门(晚期),anus (late),A52.7+ K93.8*,0.9722602963447571,,,,,
675,4,初期,primary,A51.1,0.8930346369743347,,,,,
675,4,二期,secondary,A51.3,0.8961620330810547,,,,,
675,3,睾丸,testis,A52.7+ N51.1*,0.984323263168335,,,,,
675,3,宫颈(晚期),cervix (late),A52.7+ N74.2*,0.9703183770179749,,,,,
675,3,巩膜(晚期),sclera (late),A52.7+ H19.0*,0.9706133604049683,,,,,
675,3,巩膜外层炎(晚期),episcleritis (late),A52.7+ H19.0*,0.971734344959259,,,,,
675,3,共济失调(运动性),ataxia (locomotor),A52.1,0.9796832203865051,,,,,
675,3,骨(晚期),"bone, osseous (late)",A52.7+ M90.2*,0.9744594097137451,,,,,
675,3,骨骺炎(先天性)(早期),epiphysitis (congenital) (early),A50.0+ M90.2*,0.9639010429382324,,,,,
675,3,骨膜(晚期),periosteum (late),A52.7+ M90.1*,0.9802205562591553,,,,,
675,4,先天性(早期),congenital (early),A50.0+ M90.1*,0.9686259031295776,,,,,
675,4,早期(二期),early(secondary),A51.4+ M90.1*,0.9801645278930664,,,,,
675,3,骨破坏,destruction of bone,A52.7+ M90.2*,0.9894492626190186,,,,,
675,3,骨软骨炎(先天性)(早期),osteochondritis (congenital) (early),A50.0+ M90.2*,0.9659741520881653,,,,,
675,3,骨折,fracture,A52.7+ M90.2*,0.959578275680542,,,,,
675,3,骨质疏松症,osteoporosis,A52.7+ M90.2*,0.9782191514968872,,,,,
675,3,二期,secondary,A51.4+ M90.2*,0.9473750591278076,,,,,
675,3,骨骼系统,skeletal system,A52.7+ M90.2*,0.9724334478378296,,,,,
675,3,关节(晚期),joint (late),A52.7+ M14.8*,0.9833071231842041,,,,,
675,3,冠状(动脉)(硬化),coronary (artery) (sclerosis),A52.0+ I52.0*,0.9756483435630798,,,,,
675,3,合并脊髓硬化,combined spinal sclerosis,A52.1+ G32.0*,0.9797601699829102,,,,,
676,3,虹膜，虹膜炎(二期),"iris, iritis (secondary)",A51.4+ H22.0*,0.9791342616081238,,,,,
676,4,晚期,late,A52.7+ H22.0*,0.938978910446167,,,,,
676,3,喉(晚期),larynx (late),A52.7+ J99.8*,0.9816439151763916,,,,,
676,3,呼吸道(晚期),respiratory tract (late),A52.7+ J99.8*,0.9824406504631042,,,,,
676,3,滑膜,synovium,A52.7+ M68.0*,0.9873539209365845,,,,,
676,3,滑囊(晚期),bursa (late),A52.7+ M73.1*,0.9525529146194458,,,,,
676,3,会厌(晚期),epiglottis (late),A52.7+ J99.8*,0.9562333822250366,,,,,
676,3,肌肉,muscle,A52.7+ M63.0*,0.9414663910865784,,,,,
676,3,脊(髓),spinal (cord),A52.1,0.973723292350769,,,,,
676,3,脊髓变性,"degeneration, spinal cord",A52.1,0.9822593331336975,,,,,
676,3,脊髓病性膀胱,cord bladder,A52.1,0.9720551371574402,,,,,
676,3,脊髓痨(晚期),tabes dorsalis (late),A52.1,0.9678536653518677,,,,,
676,4,幼年,juvenile,A50.4,0.9850266575813293,,,,,
676,3,脊髓痨型,tabetic type,A52.1,0.9923846125602722,,,,,
676,4,幼年,juvenile,A50.4,0.9728415608406067,,,,,
676,3,脊髓痨性麻痹性痴呆,taboparesis,A52.1,0.9559698104858398,,,,,
676,4,幼年,juvenile,A50.4,0.9827973246574402,,,,,
676,3,脊柱炎,spondylitis,A52.7+ M49.3*,0.9658138751983643,,,,,
676,3,甲状腺(晚期),thyroid (late),A52.7+ E35.0*,0.9771720170974731,,,,,
676,3,腱(晚期),tendon (late),A52.7+ M68.0*,0.9867900609970093,,,,,
676,3,角膜，晚期,"cornea, late",A52.7+ H19.2*,0.9757851362228394,,,,,
676,3,角膜炎(先天性)(间质性)(晚期),keratitis (congenital) (interstitial) (late),A50.3+ H19.2*,0.9805582761764526,,,,,
676,3,结肠(晚期),colon (late),A52.7+ K93.8*,0.9641884565353394,,,,,
676,3,结节性浅表性(晚期),nodular superficial (late),A52.7,0.986673891544342,,,,,
676,3,结膜(晚期),conjunctiva (late),A52.7+ H13.1*,0.9939247965812683,,,,,
676,3,睫状体(二期),ciliary body (secondary),A51.4+ H22.0*,0.9793089032173157,,,,,
676,4,晚期,late,A52.7+ H22.0*,0.9594533443450928,,,,,
676,3,近期后天性，有症状NEC,"recently acquired, symptomatic NEC",A51.9,0.9931654334068298,,,,,
676,3,晶状体(晚期),lens (late),A52.7+ H28.8*,0.9625892639160156,,,,,
676,3,精囊(晚期),seminal vesicle (late),A52.7+ N51.8*,0.9863865375518799,,,,,
676,3,精索(晚期),spermatic cord (late),A52.7+ N51.8*,0.9809327721595764,,,,,
676,3,痉挛性脊髓麻痹,spastic spinal paralysis,A52.1,0.9956575036048889,,,,,
676,3,口腔(二期),mouth (secondary),A51.3,0.9787676334381104,,,,,
676,4,晚期,late,A52.7+ K93.8*,0.9604123830795288,,,,,
676,3,眶(晚期),orbit (late),A52.7+ H06.3*,0.972973108291626,,,,,
676,3,溃疡(任何部位)(早期)(二期),ulcer (any site) (early) (secondary),A51.3,0.9750744104385376,,,,,
676,4,穿孔性,perforating,A52.7,0.9697169065475464,,,,,
676,5,足,foot,A52.1,0.9083192348480225,,,,,
676,4,晚期,late,A52.7,0.9581648707389832,,,,,
676,3,扩张，主动脉,"dilatation, aorta",A52.0+ I79.0*,0.9603102803230286,,,,,
676,3,泪道(晚期),lacrimal passages (late),A52.7+ H06.0*,0.9707945585250854,,,,,
676,3,泪囊炎(晚期),dacryocystitis (late),A52.7+ H06.0*,0.9920471906661987,,,,,
677,3,利绍尔麻痹,Lissauer's paralysis,A52.1,0.9860045909881592,,,,,
677,3,两岁以下的NEC(另见梅毒，先天性，早期),"age under 2 years NEC (see also Syphilis, congenital, early)",A50.2,0.9693853855133057,,,,,
677,4,后天性,acquired,A51.9,0.9637154340744019,,,,,
677,3,两岁以下引起死亡的(另见梅毒，先天性，早期),"causing death under 2 years of age (see also Syphilis, congenital, early)",A50.2,0.96165931224823,,,,,
677,4,指出为后天性,stated to be acquired,A51.9,0.9850242137908936,,,,,
677,3,淋巴结炎(二期),lymphadenitis (secondary),A51.4,0.9810185432434082,,,,,
677,3,淋巴腺(早期)(二期),lymph gland (early) (secondary),A51.4,0.9590191841125488,,,,,
677,4,晚期,late,A52.7+ I98.8*,0.9723111391067505,,,,,
677,3,颅神经,cranial nerve,A52.1+ G53.8*,0.9641395807266235,,,,,
677,4,多发性麻痹,multiple palsies,A52.1+ G53.1*,0.9878776669502258,,,,,
677,3,卵巢(晚期),ovary (late),A52.7+ N74.2*,0.9714427590370178,,,,,
677,3,麻痹(全身性),"paralysis, paresis (general)",A52.1,0.966732382774353,,,,,
677,4,幼年,juvenile,A50.4,0.9851364493370056,,,,,
677,3,麻痹性痴呆,dementia paralytica,A52.1,0.9834655523300171,,,,,
677,4,幼年型,juvenilis,A50.4,0.990107536315918,,,,,
677,3,脉络膜视网膜炎,"chorioretinitis, choroidoretinitis",A51.4+ H32.0*,0.9495523571968079,,,,,
677,4,晚期,late,A52.7+ H32.0*,0.9726247191429138,,,,,
677,3,脉络膜炎-见梅毒，脉络膜视网膜炎,"choroiditis - see Syphilitic, chorioretinitis",,0.9926823973655701,,,,,
677,3,门静脉,portal vein,A52.0+ I98.0*,0.9711930155754089,,,,,
677,3,泌尿生殖器(晚期),urogenital (late),A52.7,0.9737101793289185,,,,,
677,3,母体，影响到胎儿或新生儿,"maternal, affecting fetus or newborn",P00.2,0.991839587688446,,,,,
677,4,婴儿显现梅毒-见梅毒，先天性,"manifest syphilis in infant - see Syphilis, congenital",,0.9796123504638672,,,,,
677,3,脑,brain,A52.1+ G94.8*,0.9675416350364685,,,,,
677,3,脑脊膜(粘连),meninges (adhesive) (brain) (spinal cord),A52.1+ G01*,0.9628956913948059,,,,,
677,3,脑脊膜血管,meningovascular,A52.1+ G01*,0.9662501215934753,,,,,
677,4,先天性,congenital,A50.4+ G01*,0.9598046541213989,,,,,
677,3,脑脊髓(脊髓痨型),cerebrospinal (tabetic type),A52.1,0.9891820549964905,,,,,
677,3,脑膜脑炎,meningoencephalitis,A52.1+ G05.0*,0.9543846845626831,,,,,
677,3,脑膜炎,meningitis,A52.1+ G01*,0.9599816203117371,,,,,
677,4,急性(二期),acute (secondary),A51.4+ G01*,0.9579669833183289,,,,,
677,4,先天性,congenital,A50.4+ G01*,0.956020176410675,,,,,
677,3,脑桥损害,pontine lesion,A52.1+ G94.8*,0.9744147062301636,,,,,
677,3,脑血管,cerebrovascular,A52.0+ I68.8*,0.9625468254089355,,,,,
677,3,内耳,internal ear,A52.7+ H94.8*,0.9502102732658386,,,,,
677,3,内脏(腹部)(晚期),viscera (abdominal) (late),A52.7,0.9839547872543335,,,,,
677,4,二期,secondary,A51.4,0.8859283924102783,,,,,
677,3,粘膜皮肤(二期),mucocutaneous(secondary)A5,A51.3,0.9868476390838623,,,,,
677,4,晚期,late,A52.7,0.9561915993690491,,,,,
677,3,粘液,mucous,,0.9993661046028137,,,,,
677,4,斑,patches,A51.3,0.982918381690979,,,,,
677,5,先天性,congenital,A50.0,0.9779808521270752,,,,,
678,4,膜(二期),nembrane (secondary),A51.3,0.93161940574646,,,,,
678,5,晚期,late,A52.7,0.9551683664321899,,,,,
678,3,尿道(晚期),urethra (late),A52.7+ N37.0*,0.9749619364738464,,,,,
678,3,帕金森病或综合征,Parkinson's disease or syndrome,A52.1+ G22*,0.9898127317428589,,,,,
678,3,膀胱(晚期),"bladder, vesicae urinariae (late)",A52.7+ N33.8*,0.9856312274932861,,,,,
678,3,皮肤(早期)(二期)(伴有溃疡),"cutaneous, skin (early)(secondary)(with ulceration)",A51.3,0.9852429032325745,,,,,
678,4,晚期或三期,late or tertiary,A52.7+ L99.8*,0.9745213389396667,,,,,
678,3,皮肤萎缩斑,atrophoderma maculatum,A51.3+ L99.8*,0.9925161004066467,,,,,
678,3,脾,spleen,A52.7+ D77*,0.9870725274085999,,,,,
678,3,脾大,splenomegaly,A52.7+ D77*,0.9519177079200745,,,,,
678,3,脾炎,lienitis,A52.7+ D77*,0.9709960222244263,,,,,
678,3,偏侧感觉缺失,hemianesthesia,A52.1,0.9893100261688232,,,,,
678,3,偏盲,hemianopsia,A52.7+ H58.1*,0.9790346026420593,,,,,
678,3,偏瘫,hemiplegia,A52.1,0.9620030522346497,,,,,
678,3,贫血(晚期),anemia (late),A52.7+ D63.8*,0.9658201932907104,,,,,
678,3,葡萄膜[色素层](二期),uveal tract (secondary),A51.4+ H22.0*,0.9839179515838623,,,,,
678,4,晚期,late,A52.7+ H22.0*,0.9383999705314636,,,,,
678,3,葡萄肿,staphyloma,A52.7+ H19.8*,0.9687336683273315,,,,,
678,3,气管(晚期),trachea (late),A52.7+ J99.8*,0.9689193367958069,,,,,
678,3,器质性,organic,A53.9,0.9591131210327148,,,,,
678,3,前列腺(晚期),prostate (late),A52.7+ N51.0*,0.9760720729827881,,,,,
678,3,潜伏性,latent,A53.0,0.974571704864502,,,,,
678,4,早期，或感染后少于两年,"early, or less than 2 years after infection",A51.5,0.985466480255127,,,,,
678,4,晚期，或感染后两年或以上,"late, or 2 years or more after infection",A52.8,0.9849263429641724,,,,,
678,4,潜伏性梅毒的随诊,follow-up of latent syphilis,A53.0,0.9795281887054443,,,,,
678,5,感染日期未特指的,date of infection unspecified,A53.0,0.9475520849227905,,,,,
678,5,晚期，或感染后两年或以上,"late, or 2 years or more after infection",A52.8,0.9773584604263306,,,,,
678,4,血清学阳性,positive serology,A53.0,0.9940665364265442,,,,,
678,5,感染日期未特指的,date of infection unspecified,A53.0,0.9945321679115295,,,,,
678,4,早期，或感染后少于两年,"early, or less than 2 years after infection",A51.5,0.9758525490760803,,,,,
678,4,晚期，或感染后两年或以上,"late, or 2 years or more after infection",A52.8,0.9577243328094482,,,,,
678,4,有体征或症状-作为梅毒，按部位和分期编码,"with signs or symptoms - code as Syphilis, by site and stage",,0.9665339589118958,,,,,
678,4,中枢神经系统,central nervous system,A52.2,0.9899113774299622,,,,,
678,3,鞘膜(晚期),tunica vaginalis (late),A52.7+ N51.8*,0.9806244969367981,,,,,
678,3,青光眼,glaucoma,A52.7+ H42.8*,0.9659006595611572,,,,,
678,3,轻偏瘫,hemiparesis,A52.1,0.9891805052757263,,,,,
678,3,球后神经炎,retrobulbar neuritis,A52.1+ H48.1*,0.9824193120002747,,,,,
678,3,全身性,general,A53.9,0.9838159084320068,,,,,
678,4,麻痹,paralysis,A52.1,0.963055431842804,,,,,
678,5,幼年,juvenile,A50.4,0.9775742292404175,,,,,
679,3,乳房(晚期),breast (late),A52.7,0.980959415435791,,,,,
679,3,软骨膜炎，喉(晚期),"perichondritis, larynx (late)",A52.7+ J99.8*,0.9767459630966187,,,,,
679,3,舌(晚期),tongue (late),A52.7+ K93.8*,0.9782705307006836,,,,,
679,3,神经麻痹(任何颅神经),nerve palsy (any cranial nerve),A52.1+ G53.8*,0.9696224331855774,,,,,
679,4,多发性,multiple,A52.1+ G53.1*,0.9272361397743225,,,,,
679,3,神经系统，中枢,"nervous system, central",A52.3,0.9888859391212463,,,,,
679,3,神经炎,neuritis,A52.1+ G59.8*,0.976691722869873,,,,,
679,4,听,acoustic,A52.1+ H94.0*,0.9393307566642761,,,,,
679,3,肾(晚期),kidney (late),A52.7+ N29.0*,0.9538573026657104,,,,,
679,3,肾病综合征(二期),nephrotic syndrome (secondary),A51.4+ N08.0*,0.9531255960464478,,,,,
679,3,肾上(腺)(伴有皮质机能减退),adrenal (gland) (with cortical hypofunction),A52.7+ E35.1*,0.9855233430862427,,,,,
679,3,肾盂肾炎(晚期),pyelonephritis (late),A52.7+ N16.0*,0.9677014946937561,,,,,
679,3,生殖器(初期),genital (primary),A51.0,0.9638900756835938,,,,,
679,3,湿疣(扁平),condyloma (latum),A51.3,0.9623354077339172,,,,,
679,3,食管(晚期),"esophagus, oesophagus (late)",A52.7+ K23.8*,0.9819179177284241,,,,,
679,3,视神经(萎缩)(神经炎)(乳头),optic nerve (atrophy) (neuritis) (papilla),A52.1+ H48.0*,0.9709755778312683,,,,,
679,3,视神经视网膜炎,neuroretinitis,A52.1+ H36.8*,0.9780519604682922,,,,,
679,3,视网膜，晚期,"retina, late",A52.7+ H32.0*,0.9617183804512024,,,,,
679,3,视网膜神经梅毒复发,neurorecidive of retina,A52.1+ H36.8*,0.9843804836273193,,,,,
679,3,输卵管(晚期),"fallopian tube, oviduct (late)",A52.7+ N74.2*,0.9849233627319336,,,,,
679,3,输卵管炎,salpingitis,A52.7+ N74.2*,0.9852909445762634,,,,,
679,3,输血引起的,due to blood transfusion,A53.9,0.9873519539833069,,,,,
679,3,树胶样肿NEC,gumma NEC,A52.7,0.9589258432388306,,,,,
679,4,先天性,congenital,A50.5,0.9604981541633606,,,,,
679,4,心血管系统,cardiovascular system,A52.0+ I98.0*,0.9691230058670044,,,,,
679,4,中枢神经系统,central nervous system,A52.3,0.9836620092391968,,,,,
679,3,胎盘,placenta,O98.1,0.9382911920547485,,,,,
679,3,特征(先天性),stigmata (congenital),A50.5,0.971068263053894,,,,,
679,3,天疱疮(先天性),pemphigus (congenital),A50.0,0.9853488206863403,,,,,
679,3,听神经,acoustic nerve,A52.1+ H94.0*,0.9838520288467407,,,,,
679,3,脱发(二期),alopecia (secondary),A51.3+ L99.8*,0.970596969127655,,,,,
679,3,外阴,vulva,A51.0,0.9624042510986328,,,,,
679,4,二期,secondary,A51.3,0.922980010509491,,,,,
679,4,晚期,late,A52.7+ N77.1*,0.9788488149642944,,,,,
679,3,胃(晚期)(息肉病),"gastric, stomach, ventriculi (late) (polyposis)",A52.7+ K93.8*,0.9764105677604675,,,,,
679,3,无症状的-见梅毒，潜伏性,"asymptomatic - see Syphilis, latent",,0.9800233840942383,,,,,
679,3,下垂(眼睑),ptosis (eyelid),A52.7+ H03.1*,0.9644837379455566,,,,,
679,3,下疳(多发性),chancre (multiple),A51.0,0.9793378710746765,,,,,
679,4,罗莱,Rollet's,A51.0,0.9757503867149353,,,,,
679,4,生殖器以外的,extragenital,A51.2,0.9931986927986145,,,,,
679,3,夏科关节,Charcot's joint,A52.1+ M14.6*,0.9812780618667603,,,,,
680,3,先天性,congenital,A50.9,0.9666247367858887,,,,,
680,4,早期或出生后少于两年NEC,"early, or less than 2 years after birth NEC",A50.2,0.9741866588592529,,,,,
680,5,潜伏性(没有临床表现),latent (without manifestations),A50.1,0.9778267741203308,,,,,
680,6,脑脊液试验阴性.,negative spinal fluid test,A50.1,0.9637621641159058,,,,,
680,6,血清学阳性.,serology positive,A50.1,0.9574131965637207,,,,,
680,5,有临床表现,with manifestations,A50.0,0.8982279896736145,,,,,
680,5,有症状的,symptomatic,A50.0,0.9694645404815674,,,,,
680,4,晚期，或出生后两年或以上NEC,"late, or 2 years or more after birth NEC",A50.7,0.9837331771850586,,,,,
680,5,基质性角膜炎,interstitial keratitis,A50.3+ H19.2*,0.9501015543937683,,,,,
680,3,脉络膜视网膜炎，脉络膜炎,"chorioretinitis, choroiditis",A50.3+ H32.0*,0.9813234210014343,,,,,
680,5,潜伏性(没有临床表现),latent (without manifestations),A50.6,0.9887322783470154,,,,,
680,6,脑脊液试验阴性,negative spinal fluid test,A50.6,0.9798930883407593,,,,,
680,6,血清学阳性,serology positive,A50.6,0.9703015685081482,,,,,
680,5,有症状或有临床表现NEC,symptomatic or with manifestations NEC,A50.5,0.9627828001976013,,,,,
680,5,幼年神经梅毒,juvenile neurosyphilis,A50.4,0.9946727752685547,,,,,
680,4,伴有,with,,0.8176034092903137,,,,,
680,5,脊髓(痨),tabes (dorsalis),A50.4,0.9425118565559387,,,,,
680,5,脊髓痨性麻痹性痴呆,taboparesis,A50.4,0.9796101450920105,,,,,
680,5,麻痹(全身性),paresis (general),A50.4,0.9758610725402832,,,,,
680,4,基质性角膜炎,interstitial keratitis,A50.3+ H19.2*,0.9784340858459473,,,,,
680,4,脉络膜视网膜炎，脉络膜炎,"chorioretinitis, choroiditis",A50.0+ H32.0*,0.9900602698326111,,,,,
680,4,幼年神经梅毒,juvenile neurosyphilis,A50.4,0.9955163598060608,,,,,
680,3,腺病(二期),adenopathy (secondary),A51.4,0.9662866592407227,,,,,
680,3,小肠,small intestine,A52.7+ K93.8*,0.9633176922798157,,,,,
680,3,心瓣炎NEC,valvulitis NEC,A52.0+ I39.8*,0.9690836071968079,,,,,
680,3,心包,pericardium,A52.0+ I32.0*,0.9747759103775024,,,,,
680,3,心动过速,tachycardia,A52.0+ I52.0*,0.9728557467460632,,,,,
680,3,心房纤颤,auricular fibrillation,A52.0+ I52.0*,0.9744935035705566,,,,,
680,3,心肌,myocardium,A52.0+ I41.0*,0.9456802010536194,,,,,
680,3,心内膜炎,endocarditis,A52.0+ I39.8*,0.9512807130813599,,,,,
680,4,肺,pulmonary,A52.0+ I39.3*,0.9433463215827942,,,,,
680,4,主动脉的,aortic,A52.0+ I39.1*,0.9539074301719666,,,,,
680,3,心血管,cardiovascular,A52.0+ I98.0*,0.9770433902740479,,,,,
680,3,心脏(传导阻滞)(代偿失调)(病)(衰竭),heart (block) (decompensation) (disease) (failure),A52.0+ I52.0*,0.9607236981391907,,,,,
680,4,瓣膜NEC,valve NEC,A52.0+ I39.8*,0.9474411606788635,,,,,
680,3,心脏代偿失调,cardiac decompensation,A52.0+ I52.0*,0.9689438343048096,,,,,
680,3,新生儿-见梅毒，先天性,"neonatorum - see Syphilis, congenital",,0.9900672435760498,,,,,
680,3,胸(腺)(晚期),thymus (gland) (late),A52.7+ E35.8*,0.9455856680870056,,,,,
680,3,胸部,thorax,A52.7,0.9860907196998596,,,,,
680,3,胸膜(晚期),pleura (late),A52.7+ J99.8*,0.9768550992012024,,,,,
680,3,悬雍垂(晚期)(穿孔性).,uvula (late) (perforated),A52.7+ K93.8*,0.9468478560447693,,,,,
681,3,血管,vascular,A52.0+ I98.0*,0.934205949306488,,,,,
681,4,脑(大脑),brain (cerebral),A52.0+ I68.8*,0.966770350933075,,,,,
681,3,血清反应阳性,seropositive,,0.9915975332260132,,,,,
681,4,仅见-见梅毒，潜伏性,"only finding - see Syphilis, latent",,0.9665877223014832,,,,,
681,4,潜伏性梅毒的随诊-见梅毒，潜伏性,"follow-up of latent syphilis - see Syphilis, latent",,0.9821469783782959,,,,,
681,4,有体征或症状-作为梅毒，按部位和分期编码,"with signs or symptoms - code as Syphilis,by site and stage",,0.9337946772575378,,,,,
681,3,咽(晚期),pharynx (late),A52.7+ J99.8*,0.9813421964645386,,,,,
681,4,二期,secondary,A51.3,0.9246876835823059,,,,,
681,3,咽鼓管,eustachian tube,A52.7+ J99.8*,0.9609061479568481,,,,,
681,3,咽喉,throat,A52.7+ J99.8*,0.9848936796188354,,,,,
681,3,岩骨(晚期),petrous bone (late),A52.7+ M90.2*,0.9820234775543213,,,,,
681,3,延髓麻痹,bulbar palsy,A52.1,0.9855682849884033,,,,,
681,3,眼(晚期),"eye, ophthalmic (late)",A52.7+ H58.8*,0.9823963642120361,,,,,
681,3,眼病,oculopathy,A52.7+ H58.8*,0.9709457159042358,,,,,
681,3,眼睑(晚期)(伴有树胶样肿),eyelid (late) (with gumma),A52.7+ H03.1*,0.9773800373077393,,,,,
681,3,眼色素层炎[葡萄膜炎](二期),uveitis (secondary),A51.4+ H22.0*,0.9921056628227234,,,,,
681,4,晚期,late,A52.7+ H22.0*,0.9608769416809082,,,,,
681,3,遗传性(另见梅毒，先天性),"hereditary, inherited (see also Syphilis, congenital)",A50.9,0.9832139015197754,,,,,
681,3,胰腺(晚期),pancreas (late),A52.7+ K87.1*,0.9767009615898132,,,,,
681,3,阴道,vagina,A51.0,0.9594146013259888,,,,,
681,4,晚期,late,A52.7+ N77.1*,0.9882649779319763,,,,,
681,3,阴茎(下疳),penis (chancre),A51.0,0.9643735885620117,,,,,
681,4,晚期,late,A52.7+ N51.8*,0.9901973009109497,,,,,
681,3,阴囊(晚期),scrotum (late),A52.7+ N51.8*,0.9676985740661621,,,,,
681,3,婴儿-见梅毒，先天性,"infantum - see Syphilis, congenital",,0.9911120533943176,,,,,
681,3,硬化,sclerosis,,0.9500993490219116,,,,,
681,4,大脑,cerebral,A52.1+ G94.8*,0.9445640444755554,,,,,
681,4,多发性,multiple,A52.1+ G99.8*,0.972892701625824,,,,,
681,4,冠状动脉,coronary,A52.0+ I52.0*,0.9589735865592957,,,,,
681,3,硬脑脊膜,dura mater,A52.1+ G01*,0.9554751515388489,,,,,
681,3,运动性共济失调,locomotor ataxia,A52.1,0.9914985299110413,,,,,
681,3,阵发性心动过速,paroxysmal tachycardia,A52.0+ I52.0*,0.9743649363517761,,,,,
681,3,支气管(晚期),bronchus (late),A52.7+ J99.8*,0.975723385810852,,,,,
681,3,直肠(晚期),rectum (late),A52.7+ K93.8*,0.9596005082130432,,,,,
681,3,中耳,middle ear,A52.7+ H75.8*,0.9746984839439392,,,,,
681,3,中枢神经系统(晚期)(复发性)(三期),central nervous system (late) (recurrent) (relapse) (tertiary),A52.3,0.9937117695808411,,,,,
681,4,伴有,with,,0.7413672208786011,,,,,
681,5,共济失调,ataxia,A52.1,0.9860731959342957,,,,,
681,5,脊髓(痨),tabes (dorsalis),A52.1,0.9272162914276123,,,,,
681,6,幼年,juvenile,A50.4,0.9859449863433838,,,,,
682,3,脊髓痨性麻痹性痴呆.,taboparesis,A52.1,0.976924479007721,,,,,
682,4,幼年,juvenile,A50.4,0.9980238080024719,,,,,
682,3,麻痹(全身性).,paresis (general),A52.1,0.9424880146980286,,,,,
682,4,幼年,juvenile,A50.4,0.9838030338287354,,,,,
682,5,全身麻痹,general paralysis,A52.1,0.9567533731460571,,,,,
682,4,幼年,juvenile,A50.4,0.9061307907104492,,,,,
682,3,动脉瘤,aneurysm,A52.0+ I68.8*,0.9524970650672913,,,,,
682,4,特指性质或部位 NEC,specified nature or site NEC,A52.1,0.9634346961975098,,,,,
682,4,先天性,congenital,A50.4,0.9742565155029297,,,,,
682,3,血管性,vascular,A52.0+ I68.8*,0.9633088111877441,,,,,
682,4,血清学可疑，阴性或阳性,"serology doubtful, negative, or positive",A52.3,0.9752446413040161,,,,,
682,4,幼年,juvenile,A50.4,0.980402410030365,,,,,
682,3,周围神经,peripheral nerve,A52.7+ G59.8*,0.973682165145874,,,,,
682,3,蛛网膜(粘连)(大脑)(脊髓),arachnoid (adhesive) (cerebral) (spinal),A52.1+ G01*,0.9760404825210571,,,,,
682,3,主动脉(腹)(弓)(胸),aorta (abdominal) (arch) (thoracic),A52.0+ I79.1*,0.9734781384468079,,,,,
682,4,动脉瘤,aneurysm,A52.0+ I79.0*,0.9702063202857971,,,,,
682,3,主动脉(关闭不全)(回流)(狭窄),aortic (insufficiency) (regurgitation) (stenosis),A52.0+ I39.1*,0.9202179908752441,,,,,
682,4,动脉瘤,aneurysm,A52.0+ I79.0*,0.9632136225700378,,,,,
682,3,子宫(晚期),uterus (late),A52.7+ N74.2*,0.9763120412826538,,,,,
682,3,纵隔(晚期),mediastinum (late),A52.7+ J99.8*,0.9881460666656494,,,,,
682,2,梅毒(性病性)，梅毒性-见梅毒,"Lues (venerea), luetic – see Syphilis",,0.9605712294578552,,,,,
682,2,梅毒恐怖,Syphilophobia,F45.2,0.9997801780700684,,,,,
682,2,梅毒瘤,Syphiloma,A52.7,0.9580929279327393,,,,,
682,3,先天性,congenital,A50.5,0.95277339220047,,,,,
682,3,心血管系统,cardiovascular system,A52.0+ I98.0*,0.9613472819328308,,,,,
682,3,循环系统,circulatory system,A52.0+ I98.0*,0.9521645903587341,,,,,
682,3,中枢神经系统,central nervous system,A52.3,0.9874559044837952,,,,,
682,2,梅毒血清学,Serology for syphilis,,0.9878999590873718,,,,,
682,3,复能的,reactivated,A53.0,0.9772136211395264,,,,,
682,3,假阳性,false-positive,R76.2,0.9845072627067566,,,,,
682,3,可疑的,doubtful,,0.9825764894485474,,,,,
682,4,潜伏性梅毒的随诊-见梅毒，潜伏性,"— follow-up of latent syphilis — see Syphilis, latent",,0.9587319493293762,,,,,
682,4,有体征或症状-作为梅毒.按部位和分期编码,"— with signs or symptoms – code as Syphilis, by site and stage",,0.95392245054245,,,,,
682,3,阳性,positive,A53.0,0.9762746095657349,,,,,
682,4,假,false,R76.2,0.9281478524208069,,,,,
682,4,有体征或症状-作为梅毒.按部位和分期编码,"with signs or symptoms – code as Syphilis, by site and stage",,0.9609314203262329,,,,,
683,2,梅毒疹,Syphilid,A51.3,0.9949837327003479,,,,,
683,3,结节状(晚期),tubercular (late),A52.7+ L99.8*,0.9885141253471375,,,,,
683,4,先天性,congenital,A50.0,0.981132984161377,,,,,
683,3,新生儿,newborn,A50.0,0.9651961326599121,,,,,
683,2,梅多综合征,Meadow's syndrome,Q86.1,0.999387800693512,,,,,
683,2,梅克尔-格鲁贝尔综合征,Meckel-Gruber syndrome,Q61.9,0.9989579319953918,,,,,
683,2,梅克尔憩室炎、梅克尔憩室[麦克尔](移位)(肥大),"Meckel's diverticulitis, diverticulum (displaced) (hypertrophic)",Q43.0,0.9974485635757446,,,,,
683,2,梅克尔细胞瘤(M8247/3)-见肿瘤，皮肤，恶性,"Merkel cell tumor (M8247/3) - see Neoplasm, skin, malignant",,0.9915814399719238,,,,,
683,2,梅勒尼,Meleney's,,0.9996024370193481,,,,,
683,3,坏疽(皮肤),gangrene (cutaneous),L98.4,0.9882346987724304,,,,,
683,3,溃疡(慢性潜行性),ulcer (chronic undermining),L98.4,0.9741077423095703,,,,,
683,2,梅内特里耶病或综合征,Ménétrier's disease or syndrome,K29.6,0.9942495822906494,,,,,
683,2,梅尼埃病[美尼尔病]、梅尼埃综合征或梅尼埃眩晕,"Ménière's disease, syndrome or vertigo",H81.0,0.9728074073791504,,,,,
683,2,梅热综合征,Meige's syndrome,Q82.0,0.9999144673347473,,,,,
683,2,梅耶尔-施维克拉特和魏尔综合征,Meyer-Schwickerath and Weyer's syndrome,Q87.0,0.9999533891677856,,,,,
683,1,méi 煤,,,0.9685965776443481,,,,,
683,2,煤炭工肺或煤炭工肺尘埃沉着病,Coalworker's lung or pneumoconiosis,J60,0.9889029264450073,,,,,
683,1,méi 霉,,,0.9997949600219727,,,,,
683,2,霉菌-现译名真菌,Fungous,,0.9798019528388977,,,,,
683,2,霉菌性口炎- 现译名 真菌性口炎,Muguet,,0.952888011932373,,,,,
683,1,měi 美,,,0.9714213609695435,,,,,
683,2,美尼尔-现译名梅尼埃,Meniere,,0.9998708963394165,,,,,
683,2,美洲钩虫病,Necatoriasis,B76.1,0.9750539660453796,,,,,
683,2,美洲钩虫感染或侵染,Necator americanus infection or infestation,B76.1,0.9721221327781677,,,,,
683,2,美洲利什曼病,Espundia,B55.2,0.9999495148658752,,,,,
683,1,měi 镁,,,0.9797961115837097,,,,,
683,2,镁代谢紊乱,Magnesium metabolism disorder,E83.4,0.966332197189331,,,,,
684,1,mén 门,,,,,,,,
684,2,门德尔松综合征[肺部酸吸入综合征](由于麻醉),Mendelson's syndrome (due to anesthesia),J95.4,0.9996442198753357,,,,,
684,3,产后，产褥期,"postpartum, puerperal",O89.0,0.9823779463768005,,,,,
684,3,妊娠中,in pregnancy,O29.0,0.9930033087730408,,,,,
684,3,在产程和分娩中,in labor and delivery,O74.0,0.9707265496253967,,,,,
684,2,门的 - 见情况,"Hilum, Portal - see condition",,0.9397715330123901,,,,,
684,2,门静脉炎,Pylephlebitis,K75.1,0.9976468086242676,,,,,
684,2,门克 - 现译名 门克斯,Menkes,,0.9384603500366211,,,,,
684,2,门克斯病或综合征[钢发综合征][遗传性铜吸收障碍],Menkes' disease or syndrome,E83.0,0.94879150390625,,,,,
684,3,意指槭糖尿病,meaning maple-syrup-urine disease,E71.0,0.9868014454841614,,,,,
684,1,méng 萌,,,0.954703152179718,,,,,
684,2,萌出,Eruption,,0.9999579191207886,,,,,
684,3,牙，异常(不完全)(晚期)(过早)(序列),"tooth, teeth, abnormal (incomplete) (late) (premature) (sequence)",K00.6,0.9925716519355774,,,,,
684,2,萌牙综合征,Teething syndrome,K00.7,0.9707595705986023,,,,,
684,1,méng 蒙,,,0.9998510479927063,,,,,
684,2,蒙多病,Mondor's disease,I80.8,0.953156590461731,,,,,
684,2,蒙赫病[慢性高山病],Monge's disease,T70.2,0.9998087286949158,,,,,
684,2,蒙克贝格动脉硬化、变性、病或硬化,"Mönckeberg's arteriosclerosis, degeneration, disease or sclerosis",I70.2,0.9975780844688416,,,,,
684,2,蒙泰贾骨折(-脱位)[尺骨骨干骨折兼桡骨头脱位],Monteggia's fracture(-dislocation),S52.0,0.9963672161102295,,,,,
684,1,méng 朦,,,0.9439805150032043,,,,,
684,2,朦胧状态(非精神障碍性),Clouded state,R40.1,0.9793225526809692,,,,,
684,3,癫疯性,epileptic,G40.8,0.9144545793533325,,,,,
684,3,阵发性,paroxysmal,G40.8,0.9861739277839661,,,,,
684,2,朦胧状态(精神障碍性),Twilight state,,0.9997081160545349,,,,,
684,3,癫疯性,epileptic,F05.8,0.8723598718643188,,,,,
684,3,心因性,psychogenic,F44.8,0.9915319085121155,,,,,
684,1,mèng 梦,,,0.9999481439590454,,,,,
684,2,梦境状态，癔症性,"Dream state, hysterical",F44.8,0.9821834564208984,,,,,
684,2,梦性精神病,Oneirophrenia,F23.2,0.992069661617279,,,,,
684,2,梦魇,Nightmares,F51.5,0.9609073400497437,,,,,
685,1,mí 弥,,,,,,,,
685,2,弥漫性的 - 见情况,Diffuse - see condition,,0.983851432800293,,,,,
685,2,弥漫性特发性骨肥厚,DISH (diffuse idiopathic skeletal hyperostosis),M48.1,0.9982691407203674,,,,,
685,1,mí 迷,,,0.9987111687660217,,,,,
685,2,迷路炎(局部)(破坏性)(弥漫性)(内耳)(潜伏性)(化脓性),Labyrinthitis (circumscribed) (destructive) (diffuse) (inner ear) (latent) (purulent) (suppurative),H83.0,0.994376540184021,,,,,
685,3,梅毒性,syphilitic,A52.7+ H94.8*,0.9683839678764343,,,,,
685,2,迷路周炎(急性),Perilabyrinthitis (acute),H83.0,0.9953118562698364,,,,,
685,2,迷走神经过敏,Vagotonia,G52.2,0.9999212622642517,,,,,
685,1,mí 猕,,,0.8884093761444092,,,,,
685,2,猕(因子)血型不配合- 见 Rh(因子)，血型不配合,"Rhesus (factor) incompatibility - see Rh, incompatibility",,0.9666393995285034,,,,,
685,2,猕猴耳,Macacus ear,Q17.3,0.9998765587806702,,,,,
685,1,mí 醚,,,0.9147545099258423,,,,,
685,2,醚瘾,Etherism,F18.2,0.9449410438537598,,,,,
685,1,mí 糜,,,0.9982160925865173,,,,,
685,2,糜烂，侵蚀，腐蚀,Erosion,,0.9993266463279724,,,,,
685,3,肠,intestine,K63.3,0.9773470759391785,,,,,
685,3,动脉,artery,I77.8,0.9735888838768005,,,,,
685,3,宫颈(后天性)(慢性)(先天性),cervix (uteri) (acquired) (chronic) (congenital),N86,0.988245964050293,,,,,
685,4,伴有宫颈炎,with cervicitis,N72,0.9513400793075562,,,,,
685,3,骨,bone,M85.8,0.9563009142875671,,,,,
685,3,脊柱，动脉瘤性,"spine, aneurysmal",A52.0+ I68.8*,0.9740713834762573,,,,,
685,3,角膜(非创伤性),cornea (nontraumatic),H16.0,0.9905215501785278,,,,,
685,4,创伤性,traumatic,S05.0,0.949293315410614,,,,,
685,4,复发性,recurrent,H18.8,0.9896607398986816,,,,,
685,3,淋巴管,lymphatic vessel,I89.8,0.9723244309425354,,,,,
685,3,尿道,urethra,N36.8,0.9566020965576172,,,,,
685,3,软骨(关节),cartilage (joint),M94.8,0.982001781463623,,,,,
685,3,十二指肠，幽门后壁-见溃疡，十二指肠,"duodenum, postpyloric - see Ulcer, duodenum",,0.9925172924995422,,,,,
685,3,食管,esophagus,K22.1,0.9405310750007629,,,,,
685,3,胃-见溃疡，胃,"gastric, stomach - see Ulcer, stomach",,0.993187427520752,,,,,
685,3,胃空肠-见溃疡，胃空肠,"gastrojejunal - see Ulcer, gastrojejunal",,0.9909036159515381,,,,,
685,3,牙(由于饮食、药物或呕吐)(特发性)(职业性),"dental, teeth (due to diet, drugs or vomiting) (idiopathic) (occupational)",K03.2,0.9867374300956726,,,,,
685,3,幽门(溃疡)-见溃疡，胃,"pylorus, pyloric (ulcer) - see Ulcer, stomach",,0.9926060438156128,,,,,
685,3,支气管,bronchus,J98.0,0.9892747402191162,,,,,
685,3,子宫,uterus,N85.8,0.9813042879104614,,,,,
686,1,mǐ 米,,,,,,,,
686,2,米贝利病(汗孔角化病),Mibelli's disease (porokeratosis),Q82.8,0.9897894263267517,,,,,
686,2,米尔克曼病或米尔克曼综合征[全身骨内多发性吸收],Milkman's disease or syndrome,M83.8,0.9269325733184814,,,,,
686,2,米尔罗伊病[遗传性下肢水肿],Milroy's disease,Q82.0,0.9834864139556885,,,,,
686,2,米尔斯病[上行性偏瘫],Mills' disease,G81.9,0.9916753768920898,,,,,
686,2,米基迪-威尔逊病或综合征[肺发育未成熟],Mikity-Wilson disease or syndrome,P27.0,0.9992895722389221,,,,,
686,2,米库利奇病或综合征[米库利兹综合征][淋巴细胞性泪腺涎腺慢性肿大],Mikulicz' disease or syndrome,K11.8,0.9808642864227295,,,,,
686,2,米勒哮喘[喘鸣性喉痉挛],Millar's asthma,J38.5,0.9988648891448975,,,,,
686,2,米粒样小体,Rice bodies,M24.0,0.9958251714706421,,,,,
686,3,膝,knee,M23.4,0.95150226354599,,,,,
686,2,米诺尔病(脊髓出血),Minor's disease (hematomyelia),G95.1,0.9878339767456055,,,,,
686,2,米切尔病[红斑性肢痛病],Mitchell's disease,I73.8,0.9927196502685547,,,,,
686,2,米斯谢尔弹性组织瘤,Miescher's elastoma,L87.2,0.9916431903839111,,,,,
686,2,米亚尔-居布勒(-福维尔)麻痹或综合征[交叉性面瘫偏瘫综合征],Millard-Gubler(-Foville) paralysis or syndrome,I67.9+ G46.3*,0.9086534976959229,,,,,
686,2,米耶特综合征,Mietens' syndrome,Q87.2,0.9798827171325684,,,,,
686,1,mì 泌,,,0.8921358585357666,,,,,
686,2,泌尿生殖系统的 - 见情况,Genitourinary system - see condition,,0.9465419054031372,,,,,
686,2,泌尿系的-见情况,Urinary - see condition,,0.9816609025001526,,,,,
686,1,mì 密,,,0.9962778091430664,,,,,
686,2,密度,Density,,0.9999674558639526,,,,,
686,3,肺(结节性),lung (nodular),J98.4,0.9909905195236206,,,,,
686,3,增加，骨(播散性)(全身性)(斑点),"increased, bone (disseminated) (generalized) (spotted)",M85.8,0.9787490963935852,,,,,
686,2,密螺旋体病，由于,Treponematosis due to,,0.9993966221809387,,,,,
686,3,苍白密螺旋体-见梅毒,Treponema pallidum - see Syphilis,,0.9973991513252258,,,,,
686,3,极细密螺旋体-见雅司病,Treponema pertenue - see Yaws,,0.9890798926353455,,,,,
686,1,mì 蜜,,,0.9960630536079407,,,,,
686,2,蜜蜂螫伤(伴有变应性或过敏性休克),Bee sting (with allergic or anaphylactic shock),T63.4,0.9958736896514893,,,,,
686,1,mián 棉,,,0.9791964888572693,,,,,
686,2,棉屑沉着病,Byssinosis,J66.0,0.9895427227020264,,,,,
687,1,miǎn 免,,,,,,,,
687,2,免疫后并发症或反应-见并发症，接种,"Postimmunization complication or reaction - see Complications, vaccination",,0.992329478263855,,,,,
687,2,免疫接种(另见接种),Immunization (see also Vaccination),Z26.9,0.9943210482597351,,,,,
687,3,ABO(另见同种免疫，胎儿，ABO),"ABO (see also Isoimmunization, fetus, ABO)",,0.9768664836883545,,,,,
687,4,影响妊娠处理,affecting management of pregnancy,O36.1,0.9937576651573181,,,,,
687,5,见于胎儿或新生儿,in fetus or newborn,P55.1,0.9804331064224243,,,,,
687,3,Rh因子-另见同种免疫，胎儿，Rh,"Rh factor - see also Isoimmunization, fetus, Rh",,0.9569994807243347,,,,,
687,4,影响妊娠处理,affecting management of pregnancy,O36.0,0.9871515035629272,,,,,
687,4,由于输血,from transfusion,T80.4,0.9877280592918396,,,,,
687,3,并发症-见并发症，接种,"complication - see Complications, vaccination",,0.9747253656387329,,,,,
687,2,免疫力缺乏NEC,Immune compromised NEC,D89.9,0.9944739937782288,,,,,
687,2,免疫疗法，预防性,"Immunotherapy, prophylactic",Z29.1,0.9999206066131592,,,,,
687,2,免疫缺陷,Immunodeficiency,D84.9,0.9579504728317261,,,,,
687,3,EB病毒遗传缺陷反应后的,following hereditary defective response to Epstein-Barr virus (EBV),D82.3,0.9806052446365356,,,,,
687,3,伴有,with,,0.9336740374565125,,,,,
687,4,部分白化病,partial albinism,D82.8,0.9651110768318176,,,,,
687,4,短肢身材,short-limbed stature,D82.2,0.9780049920082092,,,,,
687,4,抗体缺陷,antibody defects,D80.9,0.9893491864204407,,,,,
687,5,特指类型NEC,specified type NEC,D80.8,0.9667643904685974,,,,,
687,4,免疫球蛋白M增多(IgM),increased immunoglobulin in M (IgM),D80.5,0.9826768636703491,,,,,
687,4,血小板减少和湿疹,thrombocytopenia and eczema,D82.0,0.9954147934913635,,,,,
687,4,严重缺陷,major defect,D82.9,0.9655795693397522,,,,,
687,5,特指类型NEC,specified type NEC,D82.8,0.9733391404151917,,,,,
687,3,常见变异型,common variable,D83.9,0.9541740417480469,,,,,
687,4,伴有,with,,0.7455558776855469,,,,,
687,5,B细胞数量和功能异常,abnormalities of B-cell numbers and function,D83.0,0.9917022585868835,,,,,
687,5,对B或T细胞的自身抗体,autoantibodies to B- or T-cells,D83.2,0.9935393929481506,,,,,
687,5,免疫调节的T细胞疾患,immunoregulatory T-cell disorders,D83.1,0.9863228797912598,,,,,
687,4,特指类型 NEC,specified type NEC,D83.8,0.9639394283294678,,,,,
687,3,抗体伴有,antibody with,,0.996606171131134,,,,,
687,4,高免疫球蛋白血症,hyperimmunoglobulinemia,D80.6,0.9836757779121399,,,,,
687,4,接近正常的免疫球蛋白,near-normal immunoglobulins,D80.6,0.9910281896591187,,,,,
687,3,联合,combined,D81.9,0.9565436244010925,,,,,
687,4,特指类型NEC,specified type NEC,D81.8,0.9585949778556824,,,,,
687,4,严重的(SCID),severe (SCID),D81.9,0.9698823094367981,,,,,
687,5,伴有,with,,0.8147670030593872,,,,,
687,6,低或正常数量的B细胞,low or normal B-cell numbers,D81.2,0.9926828742027283,,,,,
687,6,低数量的T和B细胞,low T—and B-cell numbers,D81.1,0.9595215916633606,,,,,
687,6,网状组织发育不全,reticular dysgenesis,D81.0,0.9847201108932495,,,,,
687,3,特指类型NEC,specified type NEC,D84.8,0.9827051162719727,,,,,
688,3,选择性，免疫球蛋白,"selective, immunoglobulin",,0.9903756380081177,,,,,
688,4,A(免疫球蛋白A),A(IgA),D80.2,0.9525149464607239,,,,,
688,4,G(免疫球蛋白 G)(亚类) G .,G (IgG) (subclasses),D80.3,0.9189215898513794,,,,,
688,4,M(免疫球蛋白M),M (IgM),D80.4,0.9007486701011658,,,,,
688,2,免疫细胞瘤(M9671/3),Immunocytoma (M9671/3),C83.0,0.9910722970962524,,,,,
688,1,miàn 面,,,0.9263027310371399,,,,,
688,2,面部角膜皱缩,Rhytidosis facialis,L98.8,0.9826338291168213,,,,,
688,2,面部两侧痉挛,Paraspasmus facialis,G51.8,0.9971290230751038,,,,,
688,2,面的 - 另见情况,"Face, facial - see also condition",,0.9192548394203186,,,,,
688,2,面颈神经痛，自主(另见神经病(变)，周围，自主),"Faciocephalalgia, autonomic (see also Neuropathy, peripheral, autonomic)",G90.0,0.9601907730102539,,,,,
688,3,先露，影响到胎儿或新生儿,"presentation, affecting fetus or newborn",P01.7,0.9825944900512695,,,,,
688,1,miáo 苗,,,0.9434704184532166,,,,,
688,2,苗勒[米勒]混合瘤(M8950/3),Müllerian mixed tumor (M8950/3),,0.9847023487091064,,,,,
688,3,特指部位-见肿瘤，恶性,"specified site - see Neoplasm, malignant",,0.9938817620277405,,,,,
688,3,未特指部位,unspecified site,C54.9,0.998355507850647,,,,,
688,1,míng 明,,,0.9240765571594238,,,,,
688,2,明科夫斯基-肖法尔综合征(另见球形红细胞增多症),Minkowski-Chauffard syndrome (see also Spherocytosis),D58.0,0.950959324836731,,,,,
688,2,明希豪森-现译名明肖森,Münchhausen,,0.9983121752738953,,,,,
688,2,明希迈尔综合征[弥漫性进行性骨化性多肌炎],Münchmeyer's syndrome,M61.1,0.9818539023399353,,,,,
688,2,明肖森综合征[夸大综合征],Münchhausen's syndrome,F68.1,0.9936443567276001,,,,,
688,1,mìng 命,,,0.9141807556152344,,,,,
688,2,命名不能症,Anomia,R48.8,0.9693179130554199,,,,,
688,1,mó 模,,,0.9998801350593567,,,,,
688,2,模仿言语,Echolalia,R48.8,0.9871505498886108,,,,,
688,1,mó 膜,,,0.9998838305473328,,,,,
688,2,膜 - 另见情况,"Membrane(s), membranous - see also condition",,0.9607357978820801,,,,,
688,3,襞，先天性-见蹼状,"folds, congenital - see Web",,0.9873220324516296,,,,,
688,3,玻璃体,vitreous,H43.3,0.9735358357429504,,,,,
688,3,继发性白内障,secondary cataract,H26.4,0.9994787573814392,,,,,
689,3,杰克逊,Jackson's,Q43.3,0.9239490628242493,,,,,
689,3,瞳孔,pupillary,H21.4,0.9973025918006897,,,,,
689,4,永存,persistent,Q13.8,0.9351517558097839,,,,,
689,2,膜壳绦虫，膜壳绦虫病(长)(感染)(侵染)(短),"Hymenolepis, hymenolepiasis (diminuta) (infection) (infestation) (nana)",B71.0,0.9709314703941345,,,,,
689,2,膜性晶状体后囊,Membrana capsularis lentis posterior,Q13.8,0.9953171014785767,,,,,
689,2,膜状胎盘,Membranacea placenta,O43.1,0.9828908443450928,,,,,
689,2,膜状子宫,Membranaceous uterus,N85.8,0.9667647480964661,,,,,
689,1,mó 摩,,,0.9998884201049805,,,,,
689,2,摩擦(音),Friction,,0.9987505078315735,,,,,
689,3,心前区,precordial,R01.2,0.958373486995697,,,,,
689,3,音，胸,"sounds, chest",R09.8,0.9809648394584656,,,,,
689,3,震颤，心脏的,"fremitus, cardiac",R01.2,0.9687684774398804,,,,,
689,3,灼伤-见烧伤，按部位,"burn - see Burn, by site",,0.9903166890144348,,,,,
689,2,摩擦癖,Frotteurism,F65.8,0.9488449096679688,,,,,
689,1,mó 磨,,,0.9997605681419373,,,,,
689,2,磨工肺或磨工肺尘埃沉着病,Grinder's (Millstone maker's) lung or pneumoconiosis,J62.8,0.9942530989646912,,,,,
689,2,磨耗，牙(过度)(硬组织),"Attrition, tooth, teeth (excessive) (hard tissues)",K03.0,0.975558340549469,,,,,
689,2,磨损，牙(邻面)(硬组织)(邻间)(验面),"Wear, worn, tooth, teeth (approximal) (hard tissues) (interproximal) (occlusal)",K03.0,0.9799753427505493,,,,,
689,3,牙(净齿剂)(习惯性)(硬组织)(职业性)(宗教仪式的)(传统性)(楔状缺损),"tooth, teeth (dentifrice) (habitual) (hard tissues) (occupational) (ritual) (traditional) (wedge defect)",K03.1,0.976690411567688,,,,,
689,2,磨牙,"Grinding, teeth",F45.8,0.985113263130188,,,,,
689,2,磨牙旁额外牙,Paramolar,K00.1,0.9994511008262634,,,,,
689,3,引起密集,causing crowding,K07.3,0.9880676865577698,,,,,
689,1,mó 蘑,,,0.9372085332870483,,,,,
689,2,蘑菇工人病或蘑菇工人肺,Mushroom-worker's disease or lung,J67.5,0.9728409051895142,,,,,
689,1,mò 末,,,0.9998753666877747,,,,,
689,2,末端,Termination,,0.9999913573265076,,,,,
689,3,异常的-另见错位，先天性,"anomalous - see also Malposition, congenital",,0.9904488921165466,,,,,
689,4,右肺静脉,right pulmonary vein,Q26.3,0.991814374923706,,,,,
689,2,末梢传导阻滞(心脏),Arborization block (heart),I45.5,0.9862943887710571,,,,,
690,1,mò 莫,,,0.9995699524879456,,,,,
690,2,莫顿跖骨痛(神经痛)(神经瘤),Morton's metatarsalgia (neuralgia) (neuroma),G57.6,0.9961899518966675,,,,,
690,2,莫基奥(-乌尔里克)(-布雷斯福德)病或综合征[粘多糖贮积症IV型],Morquio (-Ullrich) (-Brailsford) disease or syndrome,E76.2,0.965852677822113,,,,,
690,2,莫尔加尼,Morgagni's,,0.9996692538261414,,,,,
690,3,囊肿、器官、囊或附件,"cyst, organ, hydatid or appendage",,0.9879910945892334,,,,,
690,4,男性(附睾),male (epididymal),Q55.4,0.9782062768936157,,,,,
690,5,睾丸,testicular,Q55.2,0.9056375622749329,,,,,
690,4,女性,female,Q50.5,0.9319813847541809,,,,,
690,3,综合征[额骨内面骨肥厚],syndrome,M85.2,0.9884715676307678,,,,,
690,2,莫尔加尼-斯托克斯-亚当斯综合征[莫-阿-斯综合征],Morgagni-Stokes-Adams syndrome,I45.9,0.9253612160682678,,,,,
690,2,莫尔加尼-特纳(-奥尔布赖特)综合征,Morgagni-Turner(-Albright) syndrome,Q96.9,0.999739944934845,,,,,
690,2,莫尔加尼器官(存留),Organ of Morgagni (persistence of),,0.988092303276062,,,,,
690,3,男性(附睾),male (epididymal),Q55.4,0.9746453166007996,,,,,
690,4,睾丸,testicular,Q55.2,0.9302240014076233,,,,,
690,3,女性,female,Q50.5,0.992770254611969,,,,,
690,2,莫尔万病或莫尔万综合征,Morvan's disease or syndrome,G60.8,0.9999202489852905,,,,,
690,2,莫尔综合征(Ⅰ和Ⅱ型),Mohr's syndrome (types I and II),Q87.0,0.9914231896400452,,,,,
690,2,莫克莱尔病或莫克莱尔骨软骨病,Mauclaire's disease or osteochondrosis,M92.2,0.9999290108680725,,,,,
690,2,莫拉-阿克森费尔德结膜炎[双杆菌结膜炎],Morax-Axenfeld conjunctivitis,H10.2,0.9997792840003967,,,,,
690,2,莫雷尔(-斯图尔特)(-莫尔加尼)综合征,Morel(-Stewart)(-Morgagni) syndrome,M85.2,0.9891617894172668,,,,,
690,2,莫雷尔-克雷珀林病(另见精神分裂症),Morel-Kraepelin disease (see also Schizophrenia),F20.9,0.9997820854187012,,,,,
690,2,莫伦溃疡(角膜),Mooren's ulcer (cornea),H16.0,0.993945837020874,,,,,
690,2,莫塞尔小体,Mooser's bodies,A75.2,0.9802993535995483,,,,,
690,2,莫斯科维茨病[血栓性血小板减少性紫癜],Moschowitz' disease,M31.1,0.9888091087341309,,,,,
690,1,mò 默,,,0.999513566493988,,,,,
690,2,默比乌斯,Moebius,,0.9999498128890991,,,,,
690,3,病(眼肌麻痹性偏头痛),disease (ophthalmoplegic migraine),G43.8,0.9983038306236267,,,,,
690,3,综合征,syndrome,Q87.0,0.9975221753120422,,,,,
690,4,先天性眼面麻痹(伴有其他异常),congenital oculofacial paralysis (with other anomalies),Q87.0,0.988793134689331,,,,,
690,4,眼肌麻痹性偏头痛,ophthalmoplegic migraine,G43.8,0.9897057414054871,,,,,
690,2,默勒舌炎[慢性舌乳头炎],Moeller's glossitis,K14.0,0.9996247887611389,,,,,
691,1,mǔ 母,,,,,,,,
691,2,母体情况，影响到胎儿或新生儿,"Maternal condition, affecting fetus or newborn",P00.9,0.9979524612426758,,,,,
691,3,癌瘤化疗,cancer chemotherapy,P04.1,0.9950620532035828,,,,,
691,3,暴露于环境中化学物质,exposure to environmental chemical substances,P04.6,0.9727158546447754,,,,,
691,3,出血，妊娠,"hemorrhage, gestational",P02.1,0.9750538468360901,,,,,
691,3,传染病和寄生虫病(A00-B99、J10-J11中的情况),"infectious and parasitic diseases (conditions in A00-B99, J10-J11)",P00.2,0.9696314334869385,,,,,
691,3,蛋白尿,proteinuria,P00.1,0.9647957682609558,,,,,
691,3,毒血症(妊娠的),toxemia (of pregnancy),P00.0,0.9644240140914917,,,,,
691,3,风湿性心脏病(慢性)(I05-I09中的情况),rheumatic heart disease (chronic)(conditionsin 105-),P00.3 I09,0.9345291256904602,,,,,
691,3,风疹(中的情况),rubella (conditions in ),B06 P00.2,0.993619441986084,,,,,
691,4,婴儿或胎儿中表现的,manifest rubella in the infant or fetus,P35.0,0.9858120083808899,,,,,
691,3,肝坏死性,necrosis of liver,P00.8,0.9770603775978088,,,,,
691,3,肝炎，急性、恶性或亚急性,"hepatitis, acute, malignant or subacute",P00.8,0.997600793838501,,,,,
691,3,高血压(O10-O11，O13-O16 中的情况),"hypertension (conditions in O10-O11, O13-O16)",P00.0,0.9655669331550598,,,,,
691,3,弓形虫病( 中的情况),toxoplasmosis (conditions in),B58 P00.2,0.995381772518158,,,,,
691,4,婴儿或胎儿中表现的(急性)(慢性)(亚急性),manifest toxoplasmosis (acute) (chronic) (subacute) in the infant or fetus,P37.1,0.9715061783790588,,,,,
691,3,"呼吸道疾病(J00-J99,Q30-Q34中的情况)","respiratory disease (conditions in J00-J99, Q30-Q34)",P00.3,0.9843380451202393,,,,,
691,3,化学物质通过胎盘传播(另见吸收不良，化学性，通过胎盘),"transmission of chemical substance through the placenta (see also Absorption, chemical, through placenta)",P04.8,0.9968239665031433,,,,,
691,3,急性黄色肝萎缩,acute yellow atrophy of liver,P00.8,0.9861611127853394,,,,,
691,3,疾病 NEC,disease NEC,P00.9,0.976392388343811,,,,,
691,3,剧吐(妊娠性),hyperemesis (gravidarum),P01.8,0.9729187488555908,,,,,
691,3,瘤，阴道,"tumor, vagina",O34.6,0.96693354845047,,,,,
691,3,流感,influenza,P00.2,0.9548004865646362,,,,,
691,4,婴儿的流感症状,manifest influenza in the infant,P35.8,0.9676682949066162,,,,,
691,3,麻醉或痛觉缺失,anesthesia or analgesia,P04.0,0.9969272613525391,,,,,
691,3,梅毒(A50-A53中的情况),syphilis(conditions in A50-A53),P00.2,0.9798484444618225,,,,,
691,4,婴儿或胎儿的梅毒症状,manifest syphilis in the infant or fetus,A50.0,0.9924634099006653,,,,,
691,3,泌尿道情况(N00-N39中的情况),urinary tract conditions (conditions in N00-N39),P00.1,0.9972957372665405,,,,,
691,3,尿毒症,uremia,P00.1,0.970673680305481,,,,,
691,3,疟疾,malaria,P00.2,0.9788527488708496,,,,,
691,4,婴儿或胎儿的疟疾症状NEC,manifest malaria NEC in infant or fetus,P37.4,0.9860371351242065,,,,,
691,5,恶性,falciparum,P37.3,0.9877667427062988,,,,,
691,3,呕吐(恶性)(持续性)(不良),vomiting (pernicious) (persistent) (vicious),P01.8,0.9852595329284668,,,,,
691,3,妊娠并发症NEC,complication of pregnancy NEC,P01.9,0.9748111367225647,,,,,
691,3,绒毛膜羊膜炎,chorioamnionitis,P02.7,0.9960557818412781,,,,,
691,3,肾病或肾衰竭,renal disease or failure,P00.1,0.9990932941436768,,,,,
691,3,肾皮质坏死,cortical necrosis of kidney,P00.1,0.9684886932373047,,,,,
691,3,肾小球病(N00-N08中的情况),glomerular diseases (conditions in N00-N08),P00.1,0.9954424500465393,,,,,
692,3,肾炎、肾病综合征和肾病(N00-N08中的情况),"nephritis, nephrotic syndrome and nephrosis (conditions in N00-N08)",P00.1,0.9835817217826843,,,,,
692,3,肾盂炎或肾盂肾炎,pyelitis or pyelonephritis,P00.1,0.9761983752250671,,,,,
692,3,生殖道感染 NEC,genital tract infections NEC,P00.8,0.9694512486457825,,,,,
692,3,失血(妊娠),blood loss (gestational),P02.1,0.9944716095924377,,,,,
692,3,死亡,death,P01.6,0.9280632734298706,,,,,
692,3,损伤(S00-T79中的情况),injury (conditions in S00-T79),P00.5,0.9988158941268921,,,,,
692,3,糖尿病(E10-E14中的情况),diabetes mellitus (conditions in E10-E14),P70.1,0.9967169165611267,,,,,
692,3,吸烟,tobacco use,P04.2,0.9950742721557617,,,,,
692,3,细胞毒素性药物,cytotoxic drug,P04.1,0.978325366973877,,,,,
692,3,先天性心脏病(Q20-Q24 中的情况),congenital heart disease (conditions in Q20-Q24),P00.3,0.9890975952148438,,,,,
692,3,先兆子痫,pre-eclampsia,P00.0,0.9856711626052856,,,,,
692,3,血栓性静脉炎,thrombophlebitis,P00.3,0.9925823211669922,,,,,
692,3,循环系疾病(I00-I99，Q20-Q28中的情况),"circulatory disease (conditions in I00-I99, Q20-Q28)",P00.3,0.986973226070404,,,,,
692,3,以前的子宫或盆腔器官手术,"previous surgery, uterus or pelvic organs",P03.8,0.9813298583030701,,,,,
692,3,阴道隔,septate vagina,P03.8,0.9642154574394226,,,,,
692,3,阴道狭窄,stenosis or stricture of vagina,P03.8,0.9884272217750549,,,,,
692,3,饮酒,alcohol use,P04.3,0.9582152962684631,,,,,
692,3,营养不良,malnutrition,P00.4,0.9861620664596558,,,,,
692,3,营养疾患(E40-E64中的情况),nutritional disorder (conditions in E40-E64),P00.4,0.985767126083374,,,,,
692,3,有害物质通过乳房、乳汁或胎盘传播,noxious influence transmitted via breast milk or placenta,P04.9,0.9917277097702026,,,,,
692,4,特指的NEC,specified NEC,P04.8,0.9801353812217712,,,,,
692,3,与近期妊娠无关的手术,operation (surgery) unrelated to current pregnancy,P00.6,0.9944173097610474,,,,,
692,4,对子宫或盆腔器官,to uterus or pelvic organs,P03.8,0.9907580018043518,,,,,
692,3,子痫,eclampsia,P00.0,0.9770621657371521,,,,,
692,2,母体受放射线照射，影响到胎儿或新生儿,"Radiology, maternal, affecting fetus or newborn",P00.7,0.9815903306007385,,,,,
692,1,mǔ 拇,,,0.9973264336585999,,,,,
692,2,拇指 - 另见情况,Thumb - see also condition,,0.9480765461921692,,,,,
692,3,吮吸(儿童问题),sucking (child problem),F98.8,0.9828461408615112,,,,,
692,2,拇指三指节畸形,Triphalangeal thumb,Q74.0,0.9997590184211731,,,,,
693,1,mǔ 姆,,,0.7550420165061951,,,,,
693,2,蹕,Hallux,,0.25068485736846924,,,,,
693,3,槌状(后天性) NEC,malleus (acquired) NEC,M20.3,0.9657735824584961,,,,,
693,3,畸形(后天性) NEC,deformity (acquired) NEC,M20.3,0.9592596888542175,,,,,
693,3,僵(后天性),rigidus (acquired),M20.2,0.9785215854644775,,,,,
693,4,佝偻病的晚期效应,late effect of rickets,E64.3,0.9885216355323792,,,,,
693,4,先天性,congenital,Q74.2,0.9326920509338379,,,,,
693,3,内翻(后天性),varus (acquired),M20.3,0.9847231507301331,,,,,
693,4,先天性,congenital,Q66.3,0.9508268237113953,,,,,
693,3,外翻(后天性),valgus (acquired),M20.1,0.9845809936523438,,,,,
693,4,先天性,congenital,Q66.8,0.8905737996101379,,,,,
693,2,蹲囊炎,Bunion,M20.1,0.8749948740005493,,,,,
693,2,蹲内翻(双侧),Primus varus (bilateral),Q66.3,0.9545580744743347,,,,,
693,1,mù 木,,,0.9417635202407837,,,,,
693,2,木僵,Stupor,R40.1,0.9667667150497437,,,,,
693,3,对异常应激反应的(短暂性),reaction to exceptional stress (transient),F43.0,0.987520694732666,,,,,
693,3,分离性,dissociative,F44.2,0.9602545499801636,,,,,
693,3,紧张性,catatonic,F20.2,0.9470958709716797,,,,,
693,3,心因性(无力性),psychogenic (anergic),F44.2,0.9888418912887573,,,,,
693,3,抑郁,depressive,F32.8,0.9678689241409302,,,,,
693,3,躁狂-抑郁性,manic-depressive,F31.8,0.9820790886878967,,,,,
693,3,躁狂性,manic,F30.2,0.9581284523010254,,,,,
693,2,木屑肺炎,Wood lung or pneumonitis,J67.8,0.9840556979179382,,,,,
693,1,mù 幕,,,0.892652153968811,,,,,
693,2,幕下的 - 见情况,Subtentorial - see condition,,0.9448577165603638,,,,,
693,1,mù 穆,,,0.999944269657135,,,,,
693,2,穆尔综合征[腹性癫痫],Moore's syndrome,G40.8,0.9517625570297241,,,,,
693,2,穆哈-黑贝曼病[急性苔癣样糠疹],Mucha-Habermann disease,L41.0,0.9992865324020386,,,,,
693,2,穆里病(间歇性血红蛋白尿),Murri's disease (intermittent hemoglobinuria),D59.6,0.9761816263198853,,,,,
694,0,N,,,,,,,,
694,1,nà 那,,,0.9999225735664368,,,,,
694,2,那加溃疡(另见溃疡，皮肤),"Naga sore (see also Ulcer, skin)",L98.4,0.9899024963378906,,,,,
694,1,nà 纳,,,0.9996307492256165,,,,,
694,2,纳尔逊综合征,Nelson's syndrome,E24.1,0.9911670088768005,,,,,
694,2,纳夫齐格综合征[斜角肌综合征],Naffziger's syndrome,G54.0,0.9999062418937683,,,,,
694,2,纳格勒阿米巴病(伴有),Naegleriasis (with),B60.2,0.9937692284584045,,,,,
694,3,脑膜脑炎,meningoencephalitis,B60.2+ G05.2*,0.9503417611122131,,,,,
694,2,纳归虫病-现译名纳格勒阿米巴病,Naegleriasis,,0.999685525894165,,,,,
694,2,纳贾 - 现译名纳贾尔,Najjar,,0.9304391741752625,,,,,
694,1,nǎi 奶,,,0.9279509782791138,,,,,
694,2,奶酪工人肺,Cheese-worker's lung,J67.8,0.9844411611557007,,,,,
694,1,nài 奈,,,0.9999237060546875,,,,,
694,2,奈瑟球菌感染NEC- 见淋球菌,Neisserian infection NEC - see Gonococcus,,0.969447910785675,,,,,
694,2,奈泽洛夫综合征[胸腺发育异常综合征],Nezelof's syndrome,D81.4,0.9995478987693787,,,,,
694,1,nài 耐,,,0.9632498025894165,,,,,
694,2,耐受不良 -现译名 不耐受,Intolerance,,0.9561914205551147,,,,,
694,2,耐药(对),"Resistance, resistant (to)",,0.9998161196708679,,,,,
694,3,抗生素，按照菌株,"antibiotic(s), by bacterial agent",,0.989236056804657,,,,,
694,4,甲氧西林,methicillin,U80.1,0.9576547145843506,,,,,
694,4,多种,multiple,U88,0.9360585808753967,,,,,
694,4,青霉素,penicillin,U80.0,0.9807559251785278,,,,,
694,4,青霉素类,penicillin-related,U80.8,0.9391897320747375,,,,,
694,4,特指的(单一的)NEC,specified (single) NEC,U89.8,0.9617507457733154,,,,,
694,5,多种,multiple,U88,0.7948963642120361,,,,,
694,4,万古霉素,vancomycin,U81.0,0.9431043863296509,,,,,
694,4,万古霉素类,vancomycin-related,U81.8,0.9218747019767761,,,,,
695,1,nán 男,,,,,,,,
695,2,男性化(女性)伴有肾上腺增生,"Virilization, Virilism, Masculinization (female) with adrenal hyperplasia",E25.9,0.9923245906829834,,,,,
695,3,先天性,congenital,E25.0,0.9946929812431335,,,,,
695,2,男性母细胞瘤(M8630/1),"Androblastoma, Arrhenoblastoma (M8630/1)",,0.9997770190238953,,,,,
695,3,恶性(M8630/3),malignant (M8630/3),,0.9824186563491821,,,,,
695,4,特指部位-见肿瘤，恶性,"specified site - see Neoplasm, malignant",,0.9763174653053284,,,,,
695,4,未特指部位,unspecified site,,0.9202245473861694,,,,,
695,5,男性,male,C62.9,0.9532474279403687,,,,,
695,5,女性,female,C56,0.8788843154907227,,,,,
695,3,良性(M8630/0),benign (M8630/0),,0.970749020576477,,,,,
695,4,特指部位-见肿瘤，良性,"specified site - see Neoplasm, benign",,0.9860458970069885,,,,,
695,4,未特指部位,unspecified site,,0.9398557543754578,,,,,
695,5,男性,male,D29.2,0.9569406509399414,,,,,
695,5,女性,female,D27,0.9165605306625366,,,,,
695,3,特指部位-见肿瘤，动态未定,"specified site - see Neoplasm, uncertain behavior",,0.9927454590797424,,,,,
695,3,未特指部位,unspecified site,,0.9945977330207825,,,,,
695,4,男性,male,D40.1,0.9369629621505737,,,,,
695,4,女性,female,D39.1,0.9329026341438293,,,,,
695,3,小管性(M8640/0),tubular (M8640/0),,0.9777370095252991,,,,,
695,4,伴有脂质贮积(M8641/0),with lipid storage (M8641/0),,0.9831312894821167,,,,,
695,5,特指部位-见肿瘤，良性,"specified site - see Neoplasm, benign",,0.9527650475502014,,,,,
695,4,未特指部位,unspecified site,,0.9317189455032349,,,,,
695,5,男性,male,D29.2,0.9644567370414734,,,,,
695,5,女性,female,D27,0.8621312975883484,,,,,
695,4,特指部位-见肿瘤，良性,"specified site - see Neoplasm, benign",,0.9727315306663513,,,,,
695,4,未特指部位,unspecified site,,0.9061152338981628,,,,,
695,5,男性,male,D29.2,0.9621353149414062,,,,,
695,5,女性,female,D27,0.9182357788085938,,,,,
695,2,男性色情狂,Satyriasis,F52.7,0.9998650550842285,,,,,
695,2,男性型[男性样]骨盆,Male type [Android] pelvis,Q74.2,0.9897715449333191,,,,,
695,3,伴有胎盆不称,with disproportion (fetopelvic),O33.3,0.9897284507751465,,,,,
695,4,引起梗阻性分娩,causing obstructed labor,O65.3,0.9603485465049744,,,,,
695,4,影响到胎儿或新生儿,affecting fetus or newborn,P03.1,0.9886407256126404,,,,,
695,2,男子乳腺发育,Gynecomastia,N62,0.9993194937705994,,,,,
695,1,nán 南,,,0.9939783811569214,,,,,
695,2,南美芽生菌病-现译名阿尔梅达病,Almeida's disease,,0.9995951056480408,,,,,
696,1,nán 难,,,,,,,,
696,2,难产,Dystocia,O66.9,0.9817778468132019,,,,,
696,3,宫口梗阻性(低张性),cervical (hypotonic),O62.2,0.9813017845153809,,,,,
696,4,原发性,primary,O62.0,0.9508407711982727,,,,,
696,4,继发性,secondary,O62.1,0.9530273675918579,,,,,
696,4,影响到胎儿或新生儿,affecting fetus or newborn,P03.6,0.9693055152893066,,,,,
696,3,肩(带),shoulder (girdle),O66.0,0.9792446494102478,,,,,
696,4,引起梗阻性分娩,causing obstructed labor,O66.0,0.9711610078811646,,,,,
696,4,影响到胎儿或新生儿,affecting fetus or newborn,P03.1,0.9787137508392334,,,,,
696,3,母体,maternal,O66.9,0.9214730262756348,,,,,
696,4,影响到胎儿或新生儿,affecting fetus or newborn,P03.1,0.9663533568382263,,,,,
696,3,收缩环性,contraction ring,O62.4,0.9694089293479919,,,,,
696,4,影响到胎儿或新生儿,affecting fetus or newborn,P03.6,0.9702163934707642,,,,,
696,3,胎儿,"fetal, fetus",O66.9,0.9769039750099182,,,,,
696,4,特大,oversized,O66.2,0.9252230525016785,,,,,
696,4,异常 NEC,abnormality NEC,O66.3,0.9096251726150513,,,,,
696,4,影响到胎儿或新生儿,affecting fetus or newborn,P03.1,0.9803511500358582,,,,,
696,3,胎位性,positional,O64.9,0.992571234703064,,,,,
696,4,影响到胎儿或新生儿,affecting fetus or newborn,P03.1,0.9766993522644043,,,,,
696,3,子宫性NEC,uterine NEC,O62.4,0.948072075843811,,,,,
696,4,影响到胎儿或新生儿,affecting fetus or newborn,P03.6,0.9617197513580322,,,,,
696,1,nǎn 赧,,,0.9483415484428406,,,,,
696,2,赧颜恐怖[红色恐怖],Erythrophobia,F40.2,0.9899770021438599,,,,,
696,1,náng 囊,,,0.9692482948303223,,,,,
696,2,囊,Pouch,,0.9996670484542847,,,,,
696,3,食管，先天性,"esophagus, esophageal, congenital",Q39.6,0.9980071187019348,,,,,
696,4,后天性,acquired,K22.5,0.954799234867096,,,,,
696,3,胃,gastric,K31.4,0.9444106817245483,,,,,
696,3,咽,pharynx,Q38.7,0.9739634394645691,,,,,
696,3,支气管,bronchus,Q32.4,0.9964321851730347,,,,,
696,2,囊的 - 见情况,Capsule - see condition,,0.9487897157669067,,,,,
696,2,囊瘤(M8440/0)-另见肿瘤，良性,"Cystoma (M8440/0) - see also Neoplasm, benign",,0.9685335755348206,,,,,
696,3,浆液性(M8441/0),serous(M8441/0),,0.9766393899917603,,,,,
696,4,特指部位-见肿瘤，良性,"specified site - see Neoplasm, benign",,0.9801342487335205,,,,,
696,4,未特指部位,unspecified site,D27,0.9649029970169067,,,,,
696,3,粘蛋白性(M8470/0),mucinous (M8470/0),,0.9887243509292603,,,,,
696,4,特指部位-见肿瘤，良性,"specified site - see Neoplasm, benign",,0.9457597732543945,,,,,
696,4,未特指部位,unspecified site,D27,0.9839898347854614,,,,,
697,2,囊泡,Vesicle,,0.9997383952140808,,,,,
697,3,精 -见情况,seminal - see condition,,0.9438648223876953,,,,,
697,3,皮肤,"cutaneous, skin",R23.8,0.9585611820220947,,,,,
697,2,囊尾蚴纤维素侵染-见猪囊尾蚴病[囊虫病],Cysticercus cellulose infestation - see Cysticercosis,,0.9943769574165344,,,,,
697,2,囊腺癌(M8440/3)- 另见 肿瘤，恶性,"Cystadenocarcinoma (M8440/3) - see also Neoplasm, malignant",,0.9638261795043945,,,,,
697,3,胆管(M8161/3),bile duct (M8161/3),C22.1,0.9858955144882202,,,,,
697,3,假粘液性(M8470/3),pseudomucinous (M8470/3),,0.9848120212554932,,,,,
697,4,乳头状(M8471/3),papillary (M8471/3),,0.9471455216407776,,,,,
697,5,特指部位-见肿瘤，恶性,"specified site - see Neoplasm, malignant",,0.9746521711349487,,,,,
697,5,未特指部位,unspecified site,C56,0.8837155699729919,,,,,
697,4,特指部位-见肿瘤，恶性,"specified site - see Neoplasm, malignant",,0.9643346071243286,,,,,
697,4,未特指部位,unspecified site,C56,0.9297623634338379,,,,,
697,3,浆液性(M8441/3),serous (M8441/3),,0.9898138046264648,,,,,
697,4,乳头状(M8460/3),papillary (M8460/3),,0.9630061984062195,,,,,
697,5,特指部位-见肿瘤，恶性,"specified site - see Neoplasm, malignant",,0.9517179727554321,,,,,
697,5,未特指部位,unspecified site,C56,0.9706823825836182,,,,,
697,4,特指部位-见肿瘤，恶性,"specified site - see Neoplasm, malignant",,0.9619082808494568,,,,,
697,4,未特指部位,unspecified site,C56,0.9121679663658142,,,,,
697,3,粘蛋白性(M8470/3),mucinous (M8470/3),,0.9832559823989868,,,,,
697,4,乳头状(M8471/3),papillary (M8471/3),,0.9757528901100159,,,,,
697,5,特指部位-见肿瘤，恶性,"specified site - see Neoplasm, malignant",,0.9600903391838074,,,,,
697,5,未特指部位,unspecified site,C56,0.9052156805992126,,,,,
697,4,特指部位-见肿瘤，恶性,"specified site - see Neoplasm, malignant",,0.9773244857788086,,,,,
697,4,未特指部位,unspecified site,C56,0.9656854867935181,,,,,
697,3,乳头状(M8450/3),papillary (M8450/3),,0.9744775891304016,,,,,
697,4,假粘液性(M8471/3),pseudomucinous (M8471/3),,0.9780880808830261,,,,,
697,5,特指部位-见肿瘤，恶性,"specified site - see Neoplasm, malignant",,0.9431555867195129,,,,,
697,5,未特指部位,unspecified site,C56,0.9210093021392822,,,,,
697,4,浆液性(M8460/3),serous(M8460/3),,0.9810295104980469,,,,,
697,5,特指部位-见肿瘤，恶性,"specified site - see Neoplasm, malignant",,0.9589046835899353,,,,,
697,5,未特指部位,unspecified site,C56,0.9640039205551147,,,,,
697,4,粘蛋白性(M8471/3),mucinous(M8471/3),,0.9739571213722229,,,,,
697,5,特指部位-见肿瘤，,"specified site - see Neoplasm, malignant",,0.9735308289527893,,,,,
697,5,未特指部位,unspecified site,C56,0.9389317035675049,,,,,
697,4,特指部位-见肿瘤，恶性,"specified site - see Neoplasm, malignant",,0.9395332932472229,,,,,
697,4,未特指部位,unspecified site,C56,0.9770610928535461,,,,,
697,3,子宫内膜样(M8380/3)-见肿瘤，恶性,"endometrioid (M8380/3) - see Neoplasm, malignant",,0.9851365685462952,,,,,
697,4,特指部位-见肿瘤，恶性,"specified site - see Neoplasm, malignant",,0.9738528728485107,,,,,
697,4,未特指部位,unspecified site,,0.8919733166694641,,,,,
697,5,男性,male,C61,0.9623634219169617,,,,,
697,5,女性,female,C56,0.899255633354187,,,,,
698,2,囊腺瘤(M8440/0)-另见肿瘤，良性,"Cystadenoma (M8440/0) - see also Neoplasm, benign",,0.98973548412323,,,,,
698,3,胆管(M8161/0),bile duct (M8161/0),D13.4,0.9755319356918335,,,,,
698,3,恶性(M8440/3)-见肿瘤，恶性,"malignant (M8440/3) - see Neoplasm, malignant",,0.9830629825592041,,,,,
698,3,假粘液性(M8470/0),pseudomucinous (M8470/0),,0.9779264330863953,,,,,
698,4,交界恶性(M8472/1),borderline malignancy (M8472/1),,0.9788733720779419,,,,,
698,5,卵巢(M8472/3),ovary (M8472/3),C56,0.9782113432884216,,,,,
698,5,特指部位NEC-见肿瘤，动态未定,"specified site NEC - see Neoplasm, uncertain behavior",,0.9739086627960205,,,,,
698,5,未特指部位,unspecified site,C56,0.9768686294555664,,,,,
698,4,乳头状(M8471/0),papillary (M8471/0),,0.9892951846122742,,,,,
698,5,交界恶性(M8473/1),borderline malignancy (M8473/1),,0.9386799335479736,,,,,
698,6,卵巢(M8473/3),ovary (M8473/3),C56,0.9789536595344543,,,,,
698,5,特指部位 NEC-见肿瘤，动态未定,"specified site NEC - see Neoplasm, uncertain behavior",,0.9553408622741699,,,,,
698,5,未特指部位,unspecified site,C56,0.9740457534790039,,,,,
698,5,特指部位-见肿瘤，良性,"specified site - see Neoplasm, benign",,0.969670832157135,,,,,
698,5,未特指部位,unspecified site,D27,0.9572080373764038,,,,,
698,4,特指部位-见肿瘤，良性,"specified site - see Neoplasm, benign",,0.9849953055381775,,,,,
698,4,未特指部位,unspecified site,D27,0.9796539545059204,,,,,
698,3,浆液性(M8441/0),serous (M8441/0),,0.9804837703704834,,,,,
698,4,交界恶性(M8442/1),borderline malignancy (M8442/1),,0.9654114246368408,,,,,
698,5,卵巢(M8442/3),ovary (M8442/3),C56,0.9743005037307739,,,,,
698,5,特指部位NEC-见肿瘤，动态未定,"specified site NEC - see Neoplasm, uncertain behavior",,0.9745153188705444,,,,,
698,5,未特指部位,unspecified site,C56,0.9779258370399475,,,,,
698,4,乳头状(M8460/0),papillary (M8460/0),,0.9897536039352417,,,,,
698,4,交界恶性(M8462/1),borderline malignancy (M8462/1),,0.9919539093971252,,,,,
698,5,卵巢(M8462/3),ovary (M8462/3),C56,0.9799139499664307,,,,,
698,5,特指部位NEC-见 肿瘤，动态未定,"specified site NEC - see Neoplasm, uncertain behavior",,0.9377043843269348,,,,,
698,5,未特指部位,unspecified site,C56,0.9432868957519531,,,,,
698,4,特指部位-见肿瘤，良性,"specified site - see Neoplasm, benign",,0.9512262344360352,,,,,
698,5,未特指部位,unspecified site,D27,0.9302688837051392,,,,,
698,4,特指部位-见肿瘤，良性,"specified site - see Neoplasm, benign",,0.9659249782562256,,,,,
698,4,未特指部位,unspecified site,D27,0.9619590640068054,,,,,
698,3,粘蛋白性(M8470/0),mucinous (M8470/0),,0.9795253276824951,,,,,
698,4,交界恶性(M8472/1),borderline malignancy (M8472/1),,0.9803215861320496,,,,,
698,5,卵巢(M8472/3),ovary (M8472/3),C56,0.9719251394271851,,,,,
698,5,特指部位NEC-见肿瘤，动态未定,"specified site NEC - see Neoplasm, uncertain behavior",,0.9459940195083618,,,,,
698,5,未特指部位,unspecified site,C56,0.9614278078079224,,,,,
699,4,乳头状(M8471/0),papillary (M8471/0),,0.9911234974861145,,,,,
699,5,交界恶性(M8473/1),borderline malignancy (M8473/1),,0.984289288520813,,,,,
699,6,卵巢(M8473/3),ovary (M8473/3),C56,0.9809545278549194,,,,,
699,6,特指部位NEC-见肿瘤，动态未定,"specified site NEC - see Neoplasm, uncertain behavior",,0.9770533442497253,,,,,
699,4,未特指部位,unspecified site,C56,0.928780734539032,,,,,
699,5,特指部位-见肿瘤，良性,"specified site - see Neoplasm, benign",,0.9453727006912231,,,,,
699,5,未特指部位,unspecified site,D27,0.9189653396606445,,,,,
699,4,特指部位-见肿瘤，良性,"specified site - see Neoplasm, benign",,0.9598510265350342,,,,,
699,4,未特指部位,unspecified site,D27,0.9352909326553345,,,,,
699,3,乳头状(M8450/0),papillary (M8450/0),,0.9626907110214233,,,,,
699,4,假粘液性(M8471/0),pseudomucinous (M8471/0),,0.9903790950775146,,,,,
699,5,交界恶性(M8473/1),borderline malignancy (M8473/1),,0.9774551391601562,,,,,
699,6,卵巢(M8473/3),ovary (M8473/3),C56,0.9433441162109375,,,,,
699,4,特指部位NEC-见肿瘤，动态未定,"specified site NEC - see Neoplasm, uncertain behavior",,0.9802096486091614,,,,,
699,4,未特指部位,unspecified site,C56,0.9836214780807495,,,,,
699,4,特指部位-见肿瘤，良性,"specified site - see Neoplasm, benign",,0.9372014403343201,,,,,
699,5,未特指部位,unspecified site,D27,0.946350634098053,,,,,
699,4,浆液性(M8460/0),serous (M8460/0),,0.9940994381904602,,,,,
699,4,交界恶性(M8462/1),borderline malignancy (M8462/1),,0.989180326461792,,,,,
699,5,卵巢(M8462/3),ovary (M8462/3),C56,0.932371973991394,,,,,
699,5,特指部位NEC-见肿瘤，动态未定,"specified site NEC - see Neoplasm, uncertain behavior",,0.9848872423171997,,,,,
699,5,未特指部位,unspecified site,C56,0.940176784992218,,,,,
699,5,特指部位-见肿瘤，良性,"specified site - see Neoplasm, benign",,0.9648770689964294,,,,,
699,5,未特指部位,unspecified site,D27,0.9308872222900391,,,,,
699,4,交界恶性(M8451/1),borderline malignancy (M8451/1),,0.9820845127105713,,,,,
699,5,卵巢(M8451/3),ovary (M8451/3),C56,0.9702094793319702,,,,,
699,5,特指部位NEC-见肿瘤，动态未定,"specified site NEC - see Neoplasm, uncertain behavior",,0.9878273010253906,,,,,
699,5,未特指部位,unspecified site,C56,0.9533311724662781,,,,,
699,4,淋巴瘤性(M8561/0),lymphomatosum (M8561/0),,0.9882327914237976,,,,,
699,5,特指部位-见肿瘤，良性,"specified site - see Neoplasm, benign",,0.9559347033500671,,,,,
699,5,未特指部位,unspecified site,D11.9,0.9409465193748474,,,,,
699,4,粘蛋白性(M8471/0),mucinous (M8471/0),,0.9584513306617737,,,,,
699,5,交界恶性(M8473/1),borderline malignancy (M8473/1),,0.9491499662399292,,,,,
699,6,卵巢(M8473/3),ovary (M8473/3),C56,0.9688517451286316,,,,,
699,5,特指部位NEC-见肿瘤，动态未定,"specified site NEC - see Neoplasm, uncertain behavior",,0.9829016327857971,,,,,
699,5,未特指部位,unspecified site,C56,0.9621523022651672,,,,,
699,4,特指部位-见肿瘤，良性,"specified site - see Neoplasm, benign",,0.9392168521881104,,,,,
699,4,未特指部位,unspecified site,D27,0.9736007452011108,,,,,
700,4,特指部位-见肿瘤，良性,"specified site - see Neoplasm, benign",,0.9596267342567444,,,,,
700,4,未特指部位,unspecified site,D27,0.9213116765022278,,,,,
700,3,子宫内膜样(M8380/0)-另见肿瘤，良性,"endometrioid (M8380/0) - see also Neoplasm, benign",,0.9768465161323547,,,,,
700,4,交界恶性(M8380/1)-见肿瘤，动态未定,"borderline malignancy (M8380/1) - see Neoplasm, uncertain behavior",,0.9694428443908691,,,,,
700,2,囊腺纤维瘤(M9013/0),Cystadenofibroma (M9013/0),,0.99965900182724,,,,,
700,3,浆液性(M9014/0),serous (M9014/0),,0.9945083260536194,,,,,
700,4,特指部位-见肿瘤，良性,"specified site - see Neoplasm, benign",,0.9698336720466614,,,,,
700,4,未特指部位,unspecified site,D27,0.9761412739753723,,,,,
700,3,粘蛋白性(M9015/0),mucinous (M9015/0),,0.9732841849327087,,,,,
700,4,特指部位-见肿瘤，良性,"specified site - see Neoplasm, benign",,0.9821754097938538,,,,,
700,4,未特指部位,unspecified site,D27,0.9345948696136475,,,,,
700,3,透明细胞(M8313/0)-见肿瘤，良性,"clear cell (M8313/0) - see Neoplasm, benign",,0.9870789647102356,,,,,
700,3,特指部位-见肿瘤，良性,"specified site - see Neoplasm, benign",,0.9884185791015625,,,,,
700,3,未特指部位,unspecified site,D27,0.9627171754837036,,,,,
700,3,子宫内膜样(M8381/0),endometrioid (M8381/0),D27,0.9840794801712036,,,,,
700,4,恶性(M8381/3),malignant (M8381/3),C56,0.9684016704559326,,,,,
700,4,交界恶性(M8381/1),borderline malignancy (M8381/1),D39.1,0.9747595191001892,,,,,
700,2,囊形的 - 见情况,Saccular - see condition,,0.9657822847366333,,,,,
700,2,囊性 - 另见情况,Cystic - see also condition,,0.973495364189148,,,,,
700,3,半月板,meniscus,M23.0,0.980115532875061,,,,,
700,3,肺病,lung disease,J98.4,0.9907285571098328,,,,,
700,4,先天性,congenital,Q33.0,0.947217583656311,,,,,
700,3,肝，先天性,"liver, congenital",Q44.6,0.9942929744720459,,,,,
700,3,管[胆囊管]的-见情况,duct - see condition,,0.9854819178581238,,,,,
700,3,黄体(出血性),corpus luteum (hemorrhagic),N83.1,0.986989438533783,,,,,
700,3,卵巢,ovary,N83.2,0.9802999496459961,,,,,
700,3,乳房(慢性),breast (chronic),N60.1,0.9903619289398193,,,,,
700,4,伴有上皮增生,with epithelial proliferation,N60.3,0.9784470200538635,,,,,
700,3,肾,kidney,Q61.9,0.9374343752861023,,,,,
700,4,髓样,medullary,Q61.5,0.9429811835289001,,,,,
700,3,髓样，肾,"medullary, kidney",Q61.5,0.9751775860786438,,,,,
700,3,纤维变性(另见纤维化，囊性),"fibrosis (see also Fibrosis, cystic)",E84.9,0.9715999960899353,,,,,
700,3,眼球(先天性),eyeball (congenital),Q11.0,0.9772714972496033,,,,,
700,2,囊性肾盂输卵管炎,Pyeloureteritis cystica,N28.8,0.9907422661781311,,,,,
700,2,囊炎 - 现译名 滑囊炎,Bursitis,,0.9586613178253174,,,,,
700,2,囊炎(关节),Capsulitis (joint),M77.9,0.9677622318267822,,,,,
700,3,肝,hepatic,K65.8,0.9646991491317749,,,,,
700,3,粘连性,adhesive,M77.9,0.9721345901489258,,,,,
700,4,肩,shoulder,M75.0,0.9215558767318726,,,,,
