image_page,level,chinese,english,code,confidence,malignant_primary,malignant_secondary,in_situ,benign,uncertain_or_unspecified
201,2,脆发病(结节性)(折入性),Trichorrhexis (nodosa) (invaginata),L67.0,0.9963657855987549,,,,,
201,2,脆甲症,Onychorrhexis,L60.3,0.9624195098876953,,,,,
201,3,先天性,congenital,Q84.6,0.9853806495666504,,,,,
201,2,脆弱,"Fragile, fragility",,0.999291181564331,,,,,
201,3,骨，先天性(伴有蓝巩膜),"bone, congenital (with blue sclera)",Q78.0,0.9852780103683472,,,,,
201,3,甲,nails,L60.3,0.9674022793769836,,,,,
201,3,毛发,hair,L67.8,0.9478509426116943,,,,,
201,3,毛细血管(遗传性),capillary (hereditary),D69.8,0.9891418814659119,,,,,
201,2,脆弱型,Brittle,,0.9999523162841797,,,,,
201,3,骨病,bones disease,Q78.0,0.9814414978027344,,,,,
201,3,甲,nails,L60.3,0.9456387162208557,,,,,
201,4,先天性,congenital,Q84.6,0.885960042476654,,,,,
201,2,脆弱性骨硬化,Osteopoikilosis,Q78.8,0.9597101807594299,,,,,
201,2,脆性,Fragility,,0.9999449253082275,,,,,
201,3,X染色体,X chromosome,Q99.2,0.9760105013847351,,,,,
201,3,常染色体位点,autosomal site,Q95.5,0.999157726764679,,,,,
201,3,非性染色体位点,non-sex chromosome site,Q95.5,0.9949730634689331,,,,,
201,1,cún 存,,,0.9640873074531555,,,,,
201,2,存留,"Persistence, persistent",,0.9999666810035706,,,,,
201,3,初(乳牙),primary (deciduous),,0.9844179153442383,,,,,
201,4,牙,teeth,K00.6,0.9184029698371887,,,,,
201,2,存在- 见 具有,Presence - see Presence,,0.9064234495162964,,,,,
201,1,cuō 搓,,,0.9993630647659302,,,,,
201,2,搓丸子者手(固有的)(另见帕金森综合征),Pill-roller hand (intrinsic) (see also Parkinsonism),G20,0.9986474514007568,,,,,
201,1,cuó 痤,,,0.9511296153068542,,,,,
201,2,痤疮,Acne,L70.9,0.9990199208259583,,,,,
201,3,瘢瘤性,keloid,L73.0,0.9515541791915894,,,,,
201,3,表皮脱落性,excoriée (des jeunes filles),L70.5,0.9686310291290283,,,,,
201,3,痘疹样,varioliformis,L70.2,0.9831393361091614,,,,,
201,3,额面,frontalis,L70.2,0.9666174650192261,,,,,
201,3,恶病质(黑布拉),cachecticorum (Hebra),L70.8,0.9835534691810608,,,,,
201,3,坏死性(粟粒性),"necrotic, necrotica (miliaris)",L70.2,0.9900799989700317,,,,,
201,3,结节性,nodular,L70.0,0.9789980053901672,,,,,
201,3,酒渣鼻,rosacea,L71.9,0.9812819361686707,,,,,
201,3,聚会性,conglobata,L70.1,0.9742052555084229,,,,,
201,3,囊性,cystic,L70.0,0.9826488494873047,,,,,
202,3,热带,tropica,L70.3,0.9706230163574219,,,,,
202,3,人工性,artificialis,L70.8,0.9662294387817383,,,,,
202,3,特指的 NEC,specified NEC,L70.8,0.9662982821464539,,,,,
202,3,脱发性,decalvans,L66.2,0.9803805351257324,,,,,
202,3,萎缩性,atrophica,L70.2,0.9723964929580688,,,,,
202,3,小脓疱性,pustular,L70.0,0.9737579822540283,,,,,
202,3,寻常,vulgaris,L70.0,0.9510163068771362,,,,,
202,3,婴儿,infantile,L70.4,0.9553946256637573,,,,,
202,3,硬结性,indurata,L70.0,0.993722677230835,,,,,
202,3,职业性,occupational,L70.8,0.9516598582267761,,,,,
202,2,痤疮炎(原发性),Acnitis (primary),A18.4,0.9810752868652344,,,,,
202,1,cuò 挫,,,0.9996941089630127,,,,,
202,2,挫伤(皮肤表面完整)(另见损伤，浅表),"Contusion (skin surface intact) (see also Injury, superficial)",T14.0,0.9977891445159912,,,,,
202,3,伴有,with,,0.9488837122917175,,,,,
202,4,挤压伤-见挤压,crush injury - see Crush,,0.9634726643562317,,,,,
202,4,开放性伤口-见伤口，开放性,"open wound - see Wound, open",,0.9477332830429077,,,,,
202,4,神经损伤-见损伤，神经,"nerve injury - see Injury, nerve",,0.9740831851959229,,,,,
202,3,包皮,prepuce,S30.2,0.9977613687515259,,,,,
202,3,臂,arm,,0.8418542146682739,,,,,
202,4,上(和肩),upper (and shoulder),S40.0,0.9572241306304932,,,,,
202,4,意指上肢,meaning upper limb,T11.0,0.9744967818260193,,,,,
202,3,耻骨区,pubic region,S30.1,0.9628003239631653,,,,,
202,3,大脑(弥漫性),cerebral (diffuse),S06.2,0.9815708994865417,,,,,
202,4,局部,focal,S06.3,0.9565057158470154,,,,,
202,3,大腿,thigh,S70.1,0.9693886637687683,,,,,
202,3,骶骨区,sacral region,S30.0,0.9967806339263916,,,,,
202,3,顶,parietal,,0.9613959193229675,,,,,
202,4,部(头皮),region (scalp),S00.0,0.9780470132827759,,,,,
202,4,叶(脑),lobe (brain),S06.3,0.9748135209083557,,,,,
202,3,额,brow,S00.1,0.99248868227005,,,,,
202,3,附睾,epididymis,S30.2,0.9757788181304932,,,,,
202,3,附器，眼NEC,"adnexa, eye NEC",S05.8,0.9951825737953186,,,,,
202,3,腹部(肌肉)(壁),"abdomen, abdominal (muscle) (wall)",S30.1,0.9725061655044556,,,,,
202,3,腹股沟(区),"groin, inguinal region",S30.1,0.919566810131073,,,,,
202,3,睾丸,testis,S30.2,0.9699852466583252,,,,,
202,3,巩膜,sclera,S05.1,0.9552215933799744,,,,,
202,3,股四头肌,quadriceps femoris,S70.1,0.9709023833274841,,,,,
202,3,骨NEC,bone NEC,T14.0,0.9460552334785461,,,,,
202,3,骨膜下 NEC,subperiosteal NEC,T14.0,0.969822883605957,,,,,
202,3,骨盆,pelvis,S30.0,0.9267880916595459,,,,,
203,3,腘间隙,popliteal space,S80.1,0.9639075398445129,,,,,
203,3,海绵体,corpus cavernosum,S30.2,0.9443308115005493,,,,,
203,3,虹膜(眼),iris (eye),S05.1,0.9969055652618408,,,,,
203,3,喉,larynx,S10.0,0.9402737021446228,,,,,
203,3,踝,ankle,S90.0,0.946620762348175,,,,,
203,4,和足，多发性,"and foot, multiple",S90.7,0.9737600088119507,,,,,
203,3,会阴,perineum,S30.2,0.9979103207588196,,,,,
203,3,肌肉,muscle,T14.6,0.9497944712638855,,,,,
203,3,脊髓-另见损伤，脊髓，按部位,"spinal cord - see also Injury, spinal cord, by region",,0.9968239665031433,,,,,
203,4,圆锥,conus medullaris,S34.3,0.9806852340698242,,,,,
203,4,马尾,cauda equina,S34.3,0.9228991270065308,,,,,
203,3,脊柱,spine (spinal),T09.0,0.9770499467849731,,,,,
203,4,背,dorsal,S20.2,0.9268406629562378,,,,,
203,4,骶,sacral,S30.0,0.9549831748008728,,,,,
203,4,第二颈椎,axis,S10.8,0.9520994424819946,,,,,
203,4,寰椎,atlas,S10.8,0.9498021602630615,,,,,
203,4,颈椎,cervical,S10.8,0.980545163154602,,,,,
203,4,尾骨,coccyx,S30.0,0.9506728053092957,,,,,
203,4,胸,thoracic,S20.2,0.971625030040741,,,,,
203,4,腰,lumbar,S30.0,0.9565947651863098,,,,,
203,4,腰骶,lumbar sacral,S30.0,0.9784431457519531,,,,,
203,3,甲,nail,,0.9922279119491577,,,,,
203,4,脚趾,toe,S90.2,0.9598076343536377,,,,,
203,4,手指,finger,S60.1,0.9620484113693237,,,,,
203,3,肩(和臂),shoulder (and arm),S40.0,0.9939275979995728,,,,,
203,4,多发性,multiple,S40.7,0.9656769037246704,,,,,
203,3,肩胛间区,interscapular region,S20.2,0.9962128400802612,,,,,
203,3,肩胛区,scapular region,S40.0,0.984393298625946,,,,,
203,4,多发性,multiple,S40.7,0.9632796049118042,,,,,
203,3,角膜,cornea,S05.1,0.9732825756072998,,,,,
203,4,伴有异物,with foreign body,T15.0,0.9943608045578003,,,,,
203,3,脚趾 .0,toe(s),S90.1,0.9452643990516663,,,,,
203,4,伴有伤及甲(床),with damage to nail(s) (matrix),S90.2,0.9750512838363647,,,,,
203,3,结膜,conjunctiva,S05.0,0.9942456483840942,,,,,
203,4,伴有异物(结膜囊中),with foreign body(in conjunctival sac),T15.1,0.9807987809181213,,,,,
203,3,结膜下,subconjunctival,S05.0,0.9938023090362549,,,,,
203,3,晶状体,lens,S05.1,0.9705532193183899,,,,,
203,3,颈,neck,S10.9,0.9678728580474854,,,,,
203,3,髋,hip,S70.0,0.943710446357727,,,,,
203,3,眶(区)(组织),orbit (region) (tissues),S05.1,0.973287045955658,,,,,
203,3,眶上,supraorbital,S00.8,0.9911087155342102,,,,,
203,3,肋部,costal region,S20.2,0.9615238904953003,,,,,
204,3,泪器、泪腺或泪囊,"lacrimal apparatus, gland or sac",S05.8,0.995157778263092,,,,,
204,3,眉毛,eyebrow,S00.1,0.9604294896125793,,,,,
204,3,拇指,thumb,S60.0,0.9410202503204346,,,,,
204,4,伴有伤及甲(床),with damage to nail (matrix),S60.1,0.9637497067451477,,,,,
204,3,脑(弥漫性),brain (diffuse),S06.2,0.986554741859436,,,,,
204,3,脑膜,"membrane, brain",S06.8,0.9832894802093506,,,,,
204,4,局部,focal,S06.3,0.9649439454078674,,,,,
204,3,颞(部),"temple, temporal (region)",S00.8,0.9879103899002075,,,,,
204,4,区,region,S00.8,0.8477532863616943,,,,,
204,4,叶(脑),lobe (brain),S06.3,0.9323975443840027,,,,,
204,3,皮肤NEC,skin NEC,T14.0,0.9531455039978027,,,,,
204,3,皮下 NEC,subcutaneous NEC,T14.0,0.9132509827613831,,,,,
204,3,皮质(脑)(大脑)(局部),cortex (brain) (cerebral) (focal),S06.3,0.9790396690368652,,,,,
204,4,弥漫性,diffuse,S06.2,0.9722165465354919,,,,,
204,3,气管(神经),trachea (cervical),S10.0,0.9741317629814148,,,,,
204,4,胸的,thoracic,S27.5,0.9748072028160095,,,,,
204,3,髂部,iliac region,S30.1,0.9840923547744751,,,,,
204,3,前臂,forearm,S50.1,0.9667820930480957,,,,,
204,4,肘,elbow,S50.0,0.8978039026260376,,,,,
204,3,鞘膜,tunica vaginalis,S30.2,0.998096227645874,,,,,
204,3,乳房,breast,S20.0,0.9566963911056519,,,,,
204,3,上腹部,epigastric region,S30.1,0.9387469291687012,,,,,
204,3,神经-见损伤，神经,"nerve - see Injury, nerve",,0.9779061079025269,,,,,
204,3,声带,vocal cord(s),S10.0,0.9976209402084351,,,,,
204,3,食管(胸的),esophagus (thoracic),S27.8,0.9661937355995178,,,,,
204,4,神经,cervical,S10.0,0.9903252720832825,,,,,
204,3,手,hand,S60.2,0.9913906455039978,,,,,
204,4,仅手指,finger(s) (alone),S60.0,0.9655475616455078,,,,,
204,5,伴有伤及甲(床),with damage to nail (matrix),S60.1,0.9715802073478699,,,,,
204,4,腕,wrist,S60.2,0.9907141923904419,,,,,
204,3,手指,finger(s),S60.0,0.9616995453834534,,,,,
204,4,伴有伤及甲(床),with damage to nail (matrix),S60.1,0.9863766431808472,,,,,
204,3,锁骨上窝,supraclavicular fossa,S10.8,0.9779618382453918,,,,,
204,3,胎儿或新生儿,fetus or newborn,P54.5,0.9693814516067505,,,,,
204,3,头皮,scalp,S00.0,0.9703688621520996,,,,,
204,4,由于产伤,due to birth injury,P12.3,0.9877781271934509,,,,,
204,3,腿,leg,,0.980225145816803,,,,,
204,4,小,lower,S80.1,0.9436973333358765,,,,,
204,5,多发性,multiple,S80.7,0.9636541604995728,,,,,
204,5,膝,knee,S80.0,0.9735875129699707,,,,,
204,4,意指下肢,meaning lower limb,T13.0,0.9713290333747864,,,,,
205,3,臀部,buttock,S30.0,0.9595651626586914,,,,,
205,3,外生殖器,"genital organs, external",S30.2,0.9950668215751648,,,,,
205,3,外阴,vulva,S30.2,0.9833083748817444,,,,,
205,3,腕,wrist,S60.2,0.9738453030586243,,,,,
205,3,膝,knee,S80.0,0.9796424508094788,,,,,
205,3,下背,lower back,S30.0,0.9933330416679382,,,,,
205,3,小脑,cerebellum,S06.2,0.9915285706520081,,,,,
205,3,胁腹,flank,S30.1,0.9863530993461609,,,,,
205,3,胸(壁)，胸部,"chest (wall), sternal region, thorax",S20.2,0.9780489802360535,,,,,
205,3,咽(喉),"pharynx, throat",S10.0,0.9930499792098999,,,,,
205,3,眼NEC,eye NEC,S05.8,0.9788060188293457,,,,,
205,3,眼睑(和眼周区),eyelid (and periocular area),S00.1,0.9851983189582825,,,,,
205,3,眼球,"eyeball, globe (eye)",S05.1,0.9748362898826599,,,,,
205,3,眼周区,periocular area,S00.1,0.9949897527694702,,,,,
205,3,腰部,lumbar region,S30.0,0.9888633489608765,,,,,
205,3,腋,axilla,S40.0,0.936484694480896,,,,,
205,3,阴部,pudendum,S30.2,0.9838395714759827,,,,,
205,3,阴唇(大)(小),labium (majus) (minus),S30.2,0.9663867354393005,,,,,
205,3,阴道,vagina,S30.2,0.9767851829528809,,,,,
205,3,阴蒂,clitoris,S30.2,0.9594792723655701,,,,,
205,3,阴茎,penis,S30.2,0.9368219375610352,,,,,
205,3,阴囊,scrotum,S30.2,0.9838603734970093,,,,,
205,3,枕,occipital,,0.9732419848442078,,,,,
205,4,部(头皮),region (scalp),S00.0,0.9629400372505188,,,,,
205,4,叶(脑),lobe (brain),S06.3,0.9671164155006409,,,,,
205,3,肢,limb,,0.9922578930854797,,,,,
205,4,上,upper,T11.0,0.8553210496902466,,,,,
205,4,下,lower,T13.0,0.839531660079956,,,,,
205,3,肘,elbow,S50.0,0.9241204261779785,,,,,
205,3,眦，眼,"canthus, eye",S00.1,0.9832391142845154,,,,,
205,3,足(除外仅趾),foot (except toe(s) alone),S90.3,0.9919627904891968,,,,,
205,4,脚趾,toe(s),S90.1,0.9143622517585754,,,,,
205,5,伴有伤及甲(床),with damage to nail (matrix),S90.2,0.9845134019851685,,,,,
205,4,特指部位 NEC,specified part NEC,S90.3,0.9752874374389648,,,,,
205,3,足跟,heel,S90.3,0.965763509273529,,,,,
205,1,cuò 锉,,,0.9333944320678711,,,,,
205,2,锉刀工病[铅中毒],File-cutter's disease,T56.0,0.995938777923584,,,,,
206,1,cuò 错,,,0.9020642042160034,,,,,
206,2,错构瘤，错构胚细胞瘤[错构母细胞瘤],"Hamartoma, hamartoblastoma",Q85.9,0.9725267291069031,,,,,
206,3,上皮性(牙龈)、牙源性、中心性或周围(M9321/0),"epithelial (gingival), odontogenic, central or peripheral (M9321/0)",D16.5,0.9788807034492493,,,,,
206,4,上颌(骨),upper jaw (bone),D16.4,0.970069408416748,,,,,
206,2,错构瘤病,Hamartosis,Q85.9,0.9634213447570801,,,,,
206,2,错验(牙),Malocclusion (teeth),K07.4,0.9504328370094299,,,,,
206,3,颞下颌(关节),temporomandibular (joint),K07.6,0.9932100176811218,,,,,
206,3,由于,due to,,0.9468856453895569,,,,,
206,4,口腔呼吸,mouth breathing,K07.5,0.977756142616272,,,,,
206,4,舔舌、咬唇或吮指习惯,"tongue, lip or finger habits",K07.5,0.9902634620666504,,,,,
206,4,移位或缺牙,displaced or missing teeth,K07.3,0.9818148612976074,,,,,
206,4,异常吞咽,abnormal swallowing,K07.5,0.9760844707489014,,,,,
206,2,错乱,Derangement,,0.9995526671409607,,,,,
206,3,精神(另见精神病),mental (see also Psychosis),F29,0.9946969747543335,,,,,
206,2,错位(先天性),"Malposition, Misplaced, Misplacement, Transposition (congenital)",,0.9997397661209106,,,,,
206,3,肠(大)(小),intestine (large)(small),Q43.8,0.9926544427871704,,,,,
206,3,大血管(完全性)(部分性),great vessels (complete) (partial),Q20.3,0.9782279133796692,,,,,
206,3,胆囊,gallbladder,K82.8,0.9853451251983643,,,,,
206,3,耳,ear,Q17.4,0.9607653617858887,,,,,
206,3,腹部内脏,abdominal viscera,Q89.3,0.9744156002998352,,,,,
206,3,宫颈-见错位，子宫,"cervix - see Malposition, uterus",,0.97670978307724,,,,,
206,3,合理,corrected,Q20.5,0.9808872938156128,,,,,
206,3,结肠,colon,Q43.8,0.9638323783874512,,,,,
206,3,阑尾,appendix,Q43.8,0.9691538214683533,,,,,
206,3,内脏(腹部的)(胸部的),viscera (abdominal) (thoracic),Q89.3,0.9766095876693726,,,,,
206,3,盆腔器官或组织NEC，在妊娠或分娩中,"pelvic organs or tissues NEC, in pregnancy or childbirth",O34.8,0.9960684776306152,,,,,
206,4,引起梗阻性分娩,causing obstructed labor,O65.5,0.9587405323982239,,,,,
206,3,器官或部位，先天性NEC-见错位，先天性,"organ or site, congenital NEC - see Malposition, congenital",,0.9969937205314636,,,,,
206,3,肾(后天性),kidney (acquired),N28.8,0.9816553592681885,,,,,
206,4,先天性,congenital,Q63.2,0.9681158065795898,,,,,
206,3,胎儿NEC(另见先露，胎儿),"fetus NEC (see also Presentation, fetal)",O32.9,0.9930306673049927,,,,,
206,4,引起梗阻性分娩,causing obstructed labor,O64.9,0.9645103812217712,,,,,
206,4,在多胎妊娠中(一个胎儿或以上),in multiple gestation (of one fetus or more),O32.5,0.9830747246742249,,,,,
206,5,引起梗阻性分娩,causing obstructed labor,O64.8,0.9719263911247253,,,,,
206,3,胎盘(另见胎盘，前置),"placenta (see also Placenta, previa)",O44.1,0.9832807183265686,,,,,
206,3,胃,stomach,Q40.2,0.9759272336959839,,,,,
206,4,伴有内脏完全错位,with complete transposition of viscera,Q89.3,0.9883862733840942,,,,,
206,3,胃，后天性,"stomach, acquired",K31.8,0.9941303133964539,,,,,
207,3,先天性,congenital,,0.9584600329399109,,,,,
207,4,鼻(中隔),"nose, nasal (septum)",Q30.8,0.9210464358329773,,,,,
207,4,臂丛,brachial plexus,Q07.8,0.9605945944786072,,,,,
207,4,髌骨,patella,Q74.1,0.9389374256134033,,,,,
207,4,肠(大)(小),intestine (large) (small),Q43.8,0.9658569097518921,,,,,
207,5,伴有异常的粘连、固定或旋转不良,"with anomalous adhesions, fixation or malrotation",Q43.3,0.9610667824745178,,,,,
207,4,耻骨联合,symphysis pubis,Q74.2,0.9506439566612244,,,,,
207,4,垂体(腺),pituitary (gland),Q89.2,0.9377511143684387,,,,,
207,4,胆管或胆道,biliary duct or passage,Q44.5,0.9704280495643616,,,,,
207,4,胆囊,gallbladder,Q44.1,0.9178609848022461,,,,,
207,4,动脉(周围),artery (peripheral),Q27.8,0.979925274848938,,,,,
207,5,肺,pulmonary,Q25.7,0.9491584300994873,,,,,
207,5,冠状,coronary,Q24.5,0.917894184589386,,,,,
207,4,动脉干,arterial trunk,Q25.4,0.9593014717102051,,,,,
207,4,耳(廓)(外),ear (auricle) (external),Q17.4,0.9427576065063477,,,,,
207,5,听小骨,ossicles,Q16.3,0.9841232895851135,,,,,
207,4,耳道,auditory canal,Q17.8,0.9101810455322266,,,,,
207,5,引起听觉障碍,causing impairment of hearing,Q16.9,0.9608483910560608,,,,,
207,4,耳廓,auricle (ear),Q17.4,0.8887741565704346,,,,,
207,5,颈,cervical,Q18.2,0.9467192888259888,,,,,
207,5,引起听觉障碍,causing impairment of hearing,Q16.9,0.9812664985656738,,,,,
207,4,肺(叶),lung (lobe),Q33.8,0.9179756045341492,,,,,
207,4,肝,liver,Q44.7,0.8655910491943359,,,,,
207,4,肝管,hepatic duct,Q44.5,0.8825433254241943,,,,,
207,4,关节NEC,joint NEC,Q68.8,0.956808865070343,,,,,
207,4,喉,larynx,Q31.8,0.9613441228866577,,,,,
207,4,呼吸器官或呼吸系统NEC,respiratory organ or system NEC,Q34.8,0.9948115944862366,,,,,
207,4,会厌,epiglottis,Q31.8,0.9012545347213745,,,,,
207,4,脊髓,spinal cord,Q06.8,0.976873517036438,,,,,
207,4,甲,nail(s),Q84.6,0.8961436152458191,,,,,
207,4,甲状(腺)(组织),thyroid (gland) (tissue),Q89.2,0.9765583276748657,,,,,
207,5,软骨,cartilage,Q31.8,0.9659394025802612,,,,,
207,4,甲状旁(腺),parathyroid (gland),Q89.2,0.9798986911773682,,,,,
207,4,肩,shoulder,Q74.0,0.9198269844055176,,,,,
207,4,肩胛骨,scapula,Q74.0,0.9521366357803345,,,,,
207,4,脚趾,toe(s),Q66.9,0.9241629838943481,,,,,
207,5,额外,supernumerary,Q69.2,0.952467143535614,,,,,
207,3,结肠,colon,Q43.8,0.932367742061615,,,,,
207,4,静脉(周围),vein(s) (peripheral),Q27.8,0.942832350730896,,,,,
207,5,大,great,Q26.8,0.8723745346069336,,,,,
207,4,髋关节,hip (joint),Q65.8,0.9137580990791321,,,,,
208,3,阑尾,appendix,Q43.8,0.9303892254829407,,,,,
208,4,肋骨(胸廓),rib (cage),Q76.6,0.9751245975494385,,,,,
208,5,颈部额外,supernumerary in cervical region,Q76.5,0.976026177406311,,,,,
208,4,卵巢,ovary,Q50.3,0.923852264881134,,,,,
208,4,盲肠,cecum,Q43.8,0.919975996017456,,,,,
208,4,面容,facial features,Q18.8,0.8758944272994995,,,,,
208,4,脑组织,brain tissue,Q04.8,0.9421167373657227,,,,,
208,4,内分泌(腺)NEC,endocrine (gland) NEC,Q89.2,0.9774828553199768,,,,,
208,4,膀胱(粘膜),bladder (mucosa),Q64.1,0.9722131490707397,,,,,
208,5,外置或外翻,exteriorized or extroverted,Q64.1,0.9699993133544922,,,,,
208,4,脾,spleen,Q89.0,0.9576684832572937,,,,,
208,4,气管,trachea,Q32.1,0.9244992733001709,,,,,
208,4,器官或部位未列出-见异常，按部位,"organ or site not listed - see Anomaly, by site",,0.9788380861282349,,,,,
208,4,腔静脉(下)(上),vena cava (inferior) (superior),Q26.8,0.956818699836731,,,,,
208,4,乳房,breast,Q83.8,0.9662654399871826,,,,,
208,4,舌,tongue,Q38.3,0.880843997001648,,,,,
208,4,神经系统NEC,"nerve, nervous system NEC",Q07.8,0.9646461009979248,,,,,
208,4,肾,kidney,Q63.2,0.9169136881828308,,,,,
208,4,肾上(腺),adrenal (gland),Q89.1,0.9635975360870361,,,,,
208,4,生殖器官或生殖道,"genitalia, genital organ(s) or tract",,0.9243459701538086,,,,,
208,5,男性,male,Q55.8,0.9413648843765259,,,,,
208,4,女性,female,Q52.8,0.9478278756141663,,,,,
208,5,内NEC,internal NEC,Q52.8,0.9169304370880127,,,,,
208,6,外,external,Q52.7,0.9129029512405396,,,,,
208,4,声门,glottis,Q31.8,0.9758084416389465,,,,,
208,4,手,hand,Q68.1 O68.1,0.8896259665489197,,,,,
208,4,手指,finger(s),Q68.1,0.9184341430664062,,,,,
208,5,额外,supernumerary,Q69.0,0.9651781916618347,,,,,
208,4,输卵管,fallopian tube,Q50.6,0.9755260348320007,,,,,
208,4,锁骨,clavicle,Q74.0,0.9647417068481445,,,,,
208,3,胃,stomach,Q40.2,0.9658937454223633,,,,,
208,4,胃肠道,gastrointestinal tract,Q45.8,0.9760260581970215,,,,,
208,4,消化器官或消化道 NEC,"alimentary tract, digestive'organ or tract NEC",Q45.8,0.9707807302474976,,,,,
208,5,上,upper,Q40.8,0.8706135153770447,,,,,
208,5,下,lower,Q43.8,0.8637709021568298,,,,,
208,4,心脏,heart,Q24.8,0.9608004093170166,,,,,
208,5,右位心,dextrocardia,Q24.0,0.9774304628372192,,,,,
208,4,伴有内脏完全错位,with complete transposition of viscera,Q89.3,0.9662699699401855,,,,,
208,4,胸(腺),thymus (gland),Q89.2,0.9489231109619141,,,,,
208,4,胸骨NEC,sternum NEC,Q76.7,0.9940395355224609,,,,,
208,4,咽鼓管,eustachian tube,Q17.8,0.9735643863677979,,,,,
209,4,眼,eye,Q15.8,0.9246001839637756,,,,,
209,4,胰腺,pancreas,Q45.3,0.9639207124710083,,,,,
209,4,支气管,bronchus,Q32.4,0.9180688858032227,,,,,
209,4,肢,limb,Q68.8,0.9079873561859131,,,,,
209,5,上,upper,Q68.8,0.9024787545204163,,,,,
209,5,下,lower,Q68.8,0.8545233607292175,,,,,
209,4,周围血管系统,peripheral vascular system,Q27.8,0.9508817195892334,,,,,
209,4,主动脉,aorta,Q25.4,0.9091051816940308,,,,,
209,4,子宫,uterus,Q51.8,0.9210303425788879,,,,,
209,4,足,foot,Q66.9,0.9287859201431274,,,,,
209,3,心脏,heart,Q24.0,0.9352870583534241,,,,,
209,4,伴有内脏完全错位,with complete transposition of viscera,Q89.3,0.9839795231819153,,,,,
209,3,先天性NEC,"heart, congenital NEC",Q24.8,0.9844421744346619,,,,,
209,3,牙(伴有嵌塞),"tooth, teeth (with impaction)",K07.3,0.9872087836265564,,,,,
209,3,主动脉(向右侧),aorta (dextra),Q20.3,0.987425684928894,,,,,
209,3,装置、植入物或移植物(另见并发症，按部位和类型，机械性),"device, implant or graft (see also Complications, by site and type, mechanical)",T85.6,0.9897197484970093,,,,,
209,4,导管NEC,catheter NEC,T85.6,0.9759777188301086,,,,,
209,5,泌尿系(留置),urinary (indwelling),T83.0,0.980075478553772,,,,,
209,5,输注 NEC,infusion NEC,T82.5,0.9654625058174133,,,,,
209,6,脊髓(硬膜外)(硬膜下),spinal (epidural) (subdural),T85.6,0.9676229357719421,,,,,
209,5,透析(肾),dialysis (renal),T82.4,0.9466874599456787,,,,,
209,6,腹膜内,intraperitoneal,T85.6,0.9727403521537781,,,,,
209,4,电(极)(脉冲发生器)(刺激器),electronic (electrode) (pulse generator) (stimulator),,0.9573119282722473,,,,,
209,5,骨,bone,T84.3,0.9091718196868896,,,,,
209,5,泌尿系,urinary,T83.1,0.9582269191741943,,,,,
209,5,神经系统(脑)(周围神经)(脊髓),nervous system (brain) (peripheral nerve) (spinal),T85.1,0.9849146008491516,,,,,
209,5,心脏,cardiac,T82.1,0.9439249038696289,,,,,
209,4,动脉移植物 NEC,arterial graft NEC,T82.3,0.9534515142440796,,,,,
209,5,冠状动脉(搭桥术),coronary (bypass),T82.2,0.9584270119667053,,,,,
209,4,关节假体,joint prosthesis,T84.0,0.9688146710395813,,,,,
209,4,矫形外科NEC,orthopedic NEC,T84.4,0.992131233215332,,,,,
209,5,骨移植物,bone graft,T84.3,0.9794824719429016,,,,,
209,4,泌尿系NEC,urinary NEC,T83.1,0.9710765480995178,,,,,
209,5,移植物,graft,T83.2,0.9609522819519043,,,,,
209,4,脑室颅内分流,ventricular intracranial shunt,T85.0,0.9893573522567749,,,,,
209,4,内固定(矫形外科)NEC,"fixation, internal (orthopedic) NEC",T84.2,0.9824291467666626,,,,,
209,5,四肢骨,bones of limb,T84.1,0.9669859409332275,,,,,
209,4,乳房(植入物),breast (implant),T85.4,0.9853990077972412,,,,,
210,4,生殖系NEC,genital NEC,T83.4,0.9831603765487671,,,,,
210,5,子宫内避孕装置,intrauterine contraceptive device,T83.3,0.9878812432289124,,,,,
210,4,特指的 NEC,specified NEC,T85.6,0.9425370693206787,,,,,
210,4,胃肠(胆管)(食管),gastrointestinal (bile duct) (esophagus),T85.5,0.9677882194519043,,,,,
210,4,心脏 NEC,heart NEC,T82.5,0.9384331703186035,,,,,
210,5,瓣膜(假体),valve (prosthesis),T82.0,0.9770722389221191,,,,,
210,6,移植物,graft,T82.2,0.955311119556427,,,,,
210,4,血管NEC,vascular NEC,T82.5,0.9749553203582764,,,,,
210,4,眼(管道移植物)(眶植入物) NEC,ocular (canal graft) (orbital implant) NEC,T85.3,0.9720538854598999,,,,,
210,5,眼内晶状体,intraocular lens,T85.2,0.9930310845375061,,,,,
210,3,子宫(后天性)(急性)(粘连)(任何程度)(无症状)(感染后)(产后，陈旧性),"uterus (acquired) (acute) (adherent) (any degree) (asymptomatic) (postinfectional) (postpartal, old)",N85.4,0.9839502573013306,,,,,
210,4,俯屈,flexion,N85.4,0.9472026824951172,,,,,
210,5,外侧(另见侧倾，子宫),"lateral (see also Lateroversion, uterus)",N85.4,0.9773010611534119,,,,,
210,4,后屈或后倾(另见后倾，子宫),"retroflexion or retroversion (see also Retroversion, uterus)",N85.4,0.9704065918922424,,,,,
210,4,内翻,inversion,N85.5,0.9543789029121399,,,,,
210,4,前屈或前倾(另见前倾，子宫),"anteflexion or anteversion (see also Anteversion, uterus)",N85.4,0.9776996374130249,,,,,
210,4,外侧(俯屈)(转胎位术)(另见侧倾，子宫),"lateral (flexion) (version) (see also Lateroversion, uterus)",N85.4,0.9711846709251404,,,,,
210,4,在妊娠或分娩中,in pregnancy or childbirth,O34.5,0.9809879660606384,,,,,
210,5,引起梗阻性分娩,causing obstructed labor,O65.5,0.9921138882637024,,,,,
210,2,错误的药物(错误给予) NEC,Wrong drug (given in error) NEC,T50.9,0.9858265519142151,,,,,
210,3,特指的药物或物质-见药物和化学制剂表,specified drug or substance - see Table of drugs and chemicals,,0.9984121322631836,,,,,
210,2,错语症,Paraphasia,R47.0,0.977340817451477,,,,,
211,0,D,,,0.9999533891677856,,,,,
211,1,dá 达,,,0.9999434351921082,,,,,
211,2,达布尼流行性感冒[流行性肌痛],Dabney's grip,B33.0,0.9996523857116699,,,,,
211,2,达顿回归热(西非),Dutton's relapsing fever (West African),A68.1,0.9984664916992188,,,,,
211,2,达尔文结节,Darwin's tubercle,Q17.8,0.9813547730445862,,,,,
211,2,达科斯塔综合征[神经性循环衰弱],Da Costa's syndrome,F45.3,0.9977545142173767,,,,,
211,2,达里耶(-怀特)病[毛囊角化病](先天性),Darier(-White) disease (congenital),Q82.8,0.9808224439620972,,,,,
211,2,达里耶-鲁西结节病,Darier-Roussy sarcoid,D86.3,0.9912339448928833,,,,,
211,3,意指离心性环形红斑,meaning erythema annulare centrifugum,L53.1,0.9948710799217224,,,,,
211,2,达林病或组织胞浆菌病,Darling's disease or histoplasmosis,B39.4,0.9875892400741577,,,,,
211,2,达娜-帕特南综合征-见变性，混合,"Dana-Putnam syndrome - see Degeneration, combined",,0.9985088109970093,,,,,
211,1,dǎ 打,,,0.9986798167228699,,,,,
211,2,打赌和赌博,Betting and gambling,Z72.6,0.9937941431999207,,,,,
211,3,病理性(强迫性),pathological (compulsive),F63.0,0.9914265275001526,,,,,
211,2,打谷者肺,Thresher's lung,J67.0,0.9652145504951477,,,,,
211,2,打击(过度),Beat(s),,0.9998212456703186,,,,,
211,3,手(粘液囊炎),hand,M70.1,0.96245938539505,,,,,
211,3,膝(粘液囊炎),knee,M70.5,0.9781423211097717,,,,,
211,3,肘(粘液囊炎),elbow,M70.3,0.9527397751808167,,,,,
211,2,打结(真性)，脐带,"Knot (true), umbilical cord",O69.2,0.9614142179489136,,,,,
211,3,影响到胎儿或新生儿,affecting fetus or newborn,P02.5,0.9692577123641968,,,,,
211,2,打淫秽电话,Telephone scatologia,F65.8,0.958689272403717,,,,,
211,2,打鼾,Snoring,R06.5,0.9929717779159546,,,,,
211,1,dà 大,,,0.9999301433563232,,,,,
211,2,大,Large,,0.9999895095825195,,,,,
211,3,耳，先天性,"ear, congenital",Q17.1,0.9679392576217651,,,,,
211,3,胎儿-见过大胎儿,fetus - see Oversize fetus,,0.998193621635437,,,,,
211,2,大孢子菌病,Adiaspiromycosis,B48.8,0.9927564859390259,,,,,
211,2,大便困难,Dyschezia,R19.8,0.9994805455207825,,,,,
211,2,大便失禁,Encopresis,R15,0.9997038841247559,,,,,
211,3,非器质性原因,nonorganic origin,F98.1,0.9925166964530945,,,,,
211,3,功能性,functional,F98.1,0.9978559017181396,,,,,
211,3,心因性,psychogenic,F98.1,0.979773223400116,,,,,
211,2,大肠杆菌，作为分类于他处疾病的原因,"Escherichia (E.) coli, as cause of disease classified elsewhere",B96.2,0.9871178269386292,,,,,
211,2,大肠杆菌病 NEC,Colibacillosis NEC,A49.8,0.965275228023529,,,,,
211,3,全身性,generalized,A41.5,0.9737520217895508,,,,,
212,2,大肠杆菌性膀胱炎(另见膀胱炎),Colicystitis (see also Cystitis),N30.8,0.9913121461868286,,,,,
212,2,大的 - 见情况,Major - see condition,,0.9546716213226318,,,,,
212,2,大发作,Grand mal,G40.3,0.9652283787727356,,,,,
212,3,持续状态(癫痫),status (epilepticus),G41.0,0.9466843605041504,,,,,
212,3,癫癇(特发性),epilepsy (idiopathic),G40.6,0.9032889604568481,,,,,
212,4,觉醒时,on awakening,G40.3,0.9550957083702087,,,,,
212,3,突然(伴有或不伴有小发作),seizure (with or without petit mal),G40.6,0.9877797365188599,,,,,
212,4,觉醒时,on awakening,G40.3,0.9625673890113831,,,,,
212,2,大骨节病,Kaschin-Beck disease,M12.1,0.9916282892227173,,,,,
212,2,大红细胞性的 - 见情况,Macrocytic - see condition,,0.9857884049415588,,,,,
212,2,大红细胞症,Macrocytosis,D75.8,0.9925588965415955,,,,,
212,2,大火灾 - 另见 烧伤,Conflagration - see also Burn,,0.9585177898406982,,,,,
212,3,窒息(由于烟、气体、烟雾或蒸气的吸入),"asphyxia (by inhalation of smoke, gases, fumes or vapors)",T59.9,0.9961942434310913,,,,,
212,4,特指的物质-见药物和化学制剂表,specified agent - see Table of drugs and chemicals,,0.9759252071380615,,,,,
212,2,大剂量维生素B₆综合征,Megavitamin-B6 syndrome,E67.2,0.9845452308654785,,,,,
212,2,大角膜[巨角膜],"Keratomegaly, Macrocornea, Megalocornea",Q13.4,0.9998205900192261,,,,,
212,3,伴有青光眼,with glaucoma,Q15.0,0.992212176322937,,,,,
212,2,大口畸形(先天性),Macrostomia (congenital),Q18.4,0.9996192455291748,,,,,
212,2,大理石样-见坚硬,Marble,,0.999449610710144,,,,,
212,2,大量的 - 见情况,Massive - see condition,,0.9421787261962891,,,,,
212,2,大麻沉着病,Cannabinosis,J66.2,0.9998825788497925,,,,,
212,2,大脑的 - 见情况,"Cerebral, Cerebrum - see condition",,0.9179372787475586,,,,,
212,2,大脑灰质营养不良-见阿尔珀斯病,Alpers' disease,,0.9796949625015259,,,,,
212,2,大脑两半球并合畸胎,Cyclencephaly,Q04.9,0.9999502897262573,,,,,
212,2,大脑神经胶质瘤病(M9381/3),Gliomatosis cerebri (M9381/3),C71.0,0.991820216178894,,,,,
212,2,大脑炎-见脑炎,Cerebritis - see Encephalitis,,0.9704678654670715,,,,,
212,2,大疱,"Bleb(s), Bulla(e)",R23.8,0.999327540397644,,,,,
212,3,肺(破裂),lung (ruptured),J43.9,0.9877689480781555,,,,,
212,4,胎儿或新生儿,fetus or newborn,P25.8,0.9895504713058472,,,,,
212,3,肺气肿(肺),emphysematous (lung),J43.9,0.9943944215774536,,,,,
212,4,胎儿或新生儿,fetus or newborn,P25.8,0.9796764254570007,,,,,
212,2,大腿的 - 见情况,Thigh - see condition,,0.9572697877883911,,,,,
212,2,大叶的-见情况,Lobar - see condition,,0.988254189491272,,,,,
212,2,大于胎龄NEC(胎儿或婴儿),Large-for-dates NEC (fetus or infant),P08.1,0.9813048243522644,,,,,
212,3,特大(4500克或以上),exceptionally (4500 g or more),P08.0,0.9570692181587219,,,,,
212,3,影响妊娠处理,affecting management of pregnancy,O36.6,0.9844323992729187,,,,,
212,2,大原病[日本土拉菌病](另见土拉菌病),Ohara's disease (see also Tularemia),A21.9,0.9957786798477173,,,,,
212,1,dài 代,,,0.9999597668647766,,,,,
212,2,代偿机能,Compensation,,0.9999288320541382,,,,,
212,3,衰竭-见病，心脏,"failure - see Disease, heart",,0.9926849007606506,,,,,
213,2,代偿失调(另见机能减退),Decompensation (see also Hypofunction),,0.9999009966850281,,,,,
213,3,肝(另见衰竭，肝),"hepatic (see also Failure, hepatic)",K72.9,0.9870582818984985,,,,,
213,3,呼吸,respiratory,J98.8,0.9937949776649475,,,,,
213,3,心肌(急性)(慢性)(另见病，心脏),"myocardial (acute) (chronic) (see also Disease, heart)",I51.9,0.9227363467216492,,,,,
213,3,心肾性,cardiorenal,I13.2,0.9793040752410889,,,,,
213,3,心血管(另见病，心血管),"cardiovascular (see also Disease, cardiovascular)",I51.6,0.9855444431304932,,,,,
213,3,心脏(急性)(慢性)(另见病，心脏),"cardiac, heart (acute) (chronic) (see also Disease, heart)",I51.9,0.9678083062171936,,,,,
213,2,代为受过，影响儿童,"Scapegoating, affecting child",Z62.3,0.9701941609382629,,,,,
213,2,代谢减退,Hypometabolism,R63.8,0.9997063875198364,,,,,
213,1,dài 带,,,0.9977931976318359,,,,,
213,2,带，束，环,Band(s),,0.9997203946113586,,,,,
213,3,肠(粘连)(另见粘连，腹膜),"intestinal (adhesive) (see also Adhesions, peritoneum)",K66.0,0.9813403487205505,,,,,
213,3,胆囊(先天性),gallbladder (congenital),Q44.1,0.9804356098175049,,,,,
213,3,腹膜(粘连)(另见粘连，腹膜),"peritoneal (adhesive) (see also Adhesions, peritoneum)",K66.0,0.9766123294830322,,,,,
213,3,梗阻性,obstructive,,0.9640017151832581,,,,,
213,4,肠,intestine,K56.5,0.8602875471115112,,,,,
213,4,腹膜,peritoneum,K56.5,0.9348891377449036,,,,,
213,3,宫颈,cervix,N88.1,0.9740886688232422,,,,,
213,3,阑尾周，先天性,"periappendiceal, congenital",Q43.3,0.9908173680305481,,,,,
213,3,缩窄，先天性,"constricting, congenital",Q79.8,0.9806962013244629,,,,,
213,3,异常的或先天性-另见异常，按部位,"anomalous or congenital - see also Anomaly, by site",,0.9853233098983765,,,,,
213,4,网膜,omentum,Q43.3,0.9877480268478394,,,,,
213,4,心脏(房)(心室),heart (atrial) (ventricular),Q24.8,0.9669095873832703,,,,,
213,3,阴道,vagina,N89.5,0.974076509475708,,,,,
213,3,粘连(另见粘连，腹膜),"adhesive (see also Adhesions, peritoneum)",K66.0,0.9921838641166687,,,,,
213,3,子宫,uterus,N73.6,0.8955633640289307,,,,,
213,4,内,internal,N85.6,0.93863844871521,,,,,
213,2,带状疱疹-见疱疹(性)，带状疱疹,"Shingles, Zona, Zoster (herpes) - see Herpes, zoster",,0.9954596757888794,,,,,
213,2,带状疱疹后(三叉)神经痛,Postherpetic neuralgia (zoster) (trigeminal),B02.2+ G53.0*,0.9780335426330566,,,,,
213,1,dài 逮,,,0.999190092086792,,,,,
213,2,逮捕,Arrest,,0.9998655319213867,,,,,
213,3,依法，引起的焦虑,"legal, anxiety concerning",Z65.3,0.9954633116722107,,,,,
213,1,dài 戴,,,0.9999603033065796,,,,,
213,2,戴克-杨贫血(继发性)(症状性),Dyke-Young anemia (secondary) (symptomatic),D59.1,0.9989686012268066,,,,,
214,1,dān 丹,,,,,,,,
214,2,丹迪-沃克综合征,Dandy-Walker syndrome,Q03.1,0.9999058246612549,,,,,
214,2,丹毒(坏疽性)(婴儿)(新生儿)(蜂窝织炎性)(化脓性),Erysipelas (gangrenous) (infantile) (newborn) (phlegmonous) (suppurative),A46,0.9560712575912476,,,,,
214,3,产褥期、产后,"puerperal, postpartum",O86.8,0.9577352404594421,,,,,
214,3,外耳,external ear,A46+ H62.0*,0.980053186416626,,,,,
214,2,丹吉尔病[高密度脂蛋白缺乏症],Tangier disease,E78.6,0.9913369417190552,,,,,
214,2,丹尼-马方梅毒性综合征,Dennie-Marfan syphilitic syndrome,A50.4,0.9964309930801392,,,,,
214,1,dān 单,,,0.9523247480392456,,,,,
214,2,单,Single,,0.9921022057533264,,,,,
214,3,脐动脉,umbilical artery,Q27.0,0.9818519949913025,,,,,
214,3,心房,atrium,Q21.2,0.9860386252403259,,,,,
214,3,心室,ventricle,Q20.4,0.9665184020996094,,,,,
214,2,单侧 - 另见情况,Unilateral - see also condition,,0.9200713634490967,,,,,
214,3,发育，乳房,"development, breast",N64.8,0.993804395198822,,,,,
214,3,器官或部位，先天性NEC-见缺如，按部位,"organ or site, congenital NEC - see Agenesis, by site",,0.9914713501930237,,,,,
214,2,单纯性的 - 见情况,"Simple, simplex - see condition",,0.9176381230354309,,,,,
214,2,单房心脏,Unilocular heart,Q20.8,0.9997557401657104,,,,,
214,2,单睾丸,"Monorchism, monorchidism",Q55.0,0.9942624568939209,,,,,
214,2,单个肾，先天性,"Solitary kidney, congenital",Q60.0,0.9970779418945312,,,,,
214,2,单关节炎 NEC,Monoarthritis NEC,M13.1,0.9946300387382507,,,,,
214,2,单核细胞性的 - 见情况,Monocytic - see condition,,0.9737184643745422,,,,,
214,2,单核细胞增多(症状性),Monocytosis (symptomatic),D72.8,0.9952532052993774,,,,,
214,2,单核细胞增多症，传染性NEC,"Mononucleosis, infectious NEC",B27.9,0.9802668690681458,,,,,
214,3,γ疱疹病毒性,gammaherpesviral,B27.0,0.9630728363990784,,,,,
214,3,爱泼斯坦-巴尔(病毒性),Epstein-Barr (virus),B27.0,0.9829555153846741,,,,,
214,3,巨细胞病毒性,cytomegaloviral,B27.1,0.9789741635322571,,,,,
214,3,特指的 NEC,specified NEC,B27.8,0.9604440331459045,,,,,
214,2,单角子宫,Unicornate uterus,Q51.4,0.9993409514427185,,,,,
214,2,单狂(另见精神病),Monomania (see also Psychosis),F28,0.9992210268974304,,,,,
214,3,好争辩的,querulans,F22.8,0.9820899963378906,,,,,
214,3,酒精中毒性,alcoholic,F10.5,0.9768672585487366,,,,,
214,3,老年性,senile,F03,0.8879812955856323,,,,,
214,3,药物性-编码于F11-F19伴有第四位数.5,drug-induced - code to F11-F19 with fourth character .5,,0.9857491850852966,,,,,
214,2,单神经病(另见单神经炎),Mononeuropathy (see also Mononeuritis),G58.9,0.9975500106811523,,,,,
214,3,糖尿病性NEC(另见E10-E14伴有第四位数.4),diabetic NEC (see also E10-E14 with fourth character .4),E14.4+ G59.0*,0.9769176840782166,,,,,
214,2,单神经炎,Mononeuritis,G58.9,0.9975537061691284,,,,,
214,3,尺神经,ulnar nerve,G56.2,0.9963328838348389,,,,,
214,3,多发性,multiplex,G58.7,0.9716336131095886,,,,,
214,3,股神经,femoral nerve,G57.2,0.9967888593673706,,,,,
214,3,胫神经,tibial nerve,G57.4,0.992242157459259,,,,,
215,3,颅神经-见疾患，神经，颅[脑],"cranial nerve - see Disorder, nerve, cranial",,0.9911326169967651,,,,,
215,3,桡神经,radial nerve,G56.3,0.9630045890808105,,,,,
215,3,上肢,upper limb,G56.9,0.9931774139404297,,,,,
215,4,特指的神经NEC,specified nerve NEC,G56.8,0.967728853225708,,,,,
215,3,特指的 NEC,specified NEC,G58.8,0.9677048921585083,,,,,
215,3,外侧,lateral,,0.9990600943565369,,,,,
215,4,大腿皮肤神经,cutaneous nerve of thigh,G57.1,0.9937416315078735,,,,,
215,4,腘神经,popliteal nerve,G57.3,0.8996433019638062,,,,,
215,3,下肢,lower limb,G57.9,0.9844027757644653,,,,,
215,4,特指的神经NEC,specified nerve NEC,G57.8,0.9880790114402771,,,,,
215,3,正中神经,median nerve,G56.1,0.9706020951271057,,,,,
215,3,跖神经,plantar nerve,G57.6,0.9713276028633118,,,,,
215,3,中腘神经,medial popliteal nerve,G57.4,0.9635725021362305,,,,,
215,3,坐骨神经,sciatic nerve,G57.0,0.9887836575508118,,,,,
215,2,单瘫,Monoplegia,G83.3,0.9995654821395874,,,,,
215,3,短暂性,transient,R29.8,0.9647416472434998,,,,,
215,3,上肢,upper limb,G83.2,0.9238763451576233,,,,,
215,3,栓子(近期发生),embolic (current episode),I63.4,0.9745675325393677,,,,,
215,3,下肢,lower limb,G83.1,0.9591388702392578,,,,,
215,3,先天性(大脑性),congenital (cerebral),G80.8,0.9913827776908875,,,,,
215,4,痉挛性,spastic,G80.1,0.9763798117637634,,,,,
215,3,心因性(转换反应),psychogenic (conversion reaction),F44.4,0.9932142496109009,,,,,
215,3,血栓性(近期发生),thrombotic (current episode),I63.3,0.97886723279953,,,,,
215,3,癔症性(短暂性),hysterical (transient),F44.4,0.964136004447937,,,,,
215,3,婴儿(大脑性)(脊髓性),infantile (cerebral) (spinal),G80.8,0.9723333716392517,,,,,
215,2,单体性(另见缺失，染色体),"Monosomy (see also Deletion, chromosome)",Q93.9,0.9922440052032471,,,,,
215,3,XX,XX,Q96.9,0.99397212266922,,,,,
215,3,全染色体,whole chromosome,,0.9972419738769531,,,,,
215,4,减数分裂不分离,meiotic nondisjunction,Q93.0,0.9859001040458679,,,,,
215,4,同源嵌合体,mosaicism,Q93.1,0.9885358214378357,,,,,
215,4,有丝分裂不分离,mitotic nondisjunction,Q93.1,0.9710434675216675,,,,,
215,3,特指的NEC,specified NEC,Q93.8,0.9603210687637329,,,,,
215,1,dǎn 胆,,,0.9567696452140808,,,,,
215,2,胆道出血,Hematobilia,K83.8,0.9569034576416016,,,,,
215,2,胆的 - 见情况,Biliary - see condition,,0.9327346682548523,,,,,
215,2,胆固醇沉积,Cholesterol deposit,,0.9999055862426758,,,,,
215,3,玻璃(体),vitreous (body),H43.2,0.9666824340820312,,,,,
215,3,视网膜,retina,H35.8,0.964531660079956,,,,,
215,2,胆固醇沉着症(胆囊),"Cholesterolosis, cholesterosis (gallbladder)",K82.4,0.9996911287307739,,,,,
215,3,脑腱,cerebrotendinous,E75.5,0.9627162218093872,,,,,
215,2,胆固醇血症(特发性)(家族性)(遗传性)(纯),Cholesterolemia (essential) (familial) (hereditary) (pure),E78.0,0.998429000377655,,,,,
216,2,胆管癌(M8160/3),Cholangiocarcinoma (M8160/3),,0.9999211430549622,,,,,
216,3,肝,liver,C22.1,0.9671752452850342,,,,,
216,3,特指部位 NEC-见 肿瘤，恶性,"specified site NEC - see Neoplasm, malignant",,0.9450130462646484,,,,,
216,3,未特指部位,unspecified site,C22.1,0.9871721863746643,,,,,
216,3,与肝细胞癌，联合性(M8180/3),"with hepatocellular carcinoma, combined (M8180/3)",C22.0,0.9963048100471497,,,,,
216,2,胆管的 - 见情况,Gall duct - see condition,,0.9525153636932373,,,,,
216,2,胆管肝细胞癌(M8180/3),Hepatocholangiocarcinoma (M8180/3),C22.0,0.9974818229675293,,,,,
216,2,胆管肝细胞瘤(M8180/3),Cholangiohepatoma (M8180/3),C22.0,0.9891306757926941,,,,,
216,2,胆管扩张,Cholangiectasis,K83.8,0.9999667406082153,,,,,
216,2,胆管瘤(M8160/0),Cholangioma (M8160/0),D13.4,0.9993711113929749,,,,,
216,3,恶性(M8160/3)-见胆管癌,malignant (M8160/3) - see Cholangiocarcinoma,,0.9916523694992065,,,,,
216,2,胆管炎(原发性)(复发性)(硬化性)(继发性)(狭窄性)(化脓性),Cholangitis (primary) (recurrent) (sclerosing) (secondary) (stenosing) (suppurative),K83.0,0.9724713563919067,,,,,
216,3,伴有结石，胆管,"with calculus, bile duct",K80.3,0.9902552366256714,,,,,
216,4,和胆囊炎,and cholecystitis,K80.4,0.9626790881156921,,,,,
216,3,慢性非化脓性破坏性,chronic nonsuppurative destructive,K74.3,0.9960116744041443,,,,,
216,2,胆红素代谢紊乱,Bilirubin metabolism disorder,E80.7,0.9765834808349609,,,,,
216,3,特指的 NEC,specified NEC,E80.6,0.9699862599372864,,,,,
216,2,胆红素脑病[核黄疸],Kernicterus,R17,0.9966074824333191,,,,,
216,3,新生儿,newborn,P57.9,0.9586539268493652,,,,,
216,4,特指类型NEC,specified type NEC,P57.8,0.9702408909797668,,,,,
216,4,由于同种免疫(在 中的情况),due to isoimmunization (conditions in),P55 P57.0,0.975951075553894,,,,,
216,2,胆红素血症，家族性非溶血性,"Bilirubinemia, familial nonhemolytic",E80.4,0.9771650433540344,,,,,
216,2,胆囊胆管炎(另见胆囊炎，急性),"Angiocholecystitis (see also Cholecystitis, acute)",K81.0,0.9969839453697205,,,,,
216,2,胆囊的 - 见情况,Gallbladder - see condition,,0.9807125926017761,,,,,
216,2,胆囊扩张,Cholecystectasia,K82.8,0.9988353848457336,,,,,
216,2,胆囊切除术后综合征,Postcholecystectomy syndrome,K91.5,0.9954209923744202,,,,,
216,2,胆囊石病,Cholecystolithiasis,K80.2,0.953045666217804,,,,,
216,2,胆囊炎,Cholecystitis,K81.9,0.9540349245071411,,,,,
216,3,急性,acute,K81.0,0.9640854001045227,,,,,
216,4,伴有,with,,0.8763391971588135,,,,,
216,5,胆石症,cholelithiasis,K80.0,0.9842020273208618,,,,,
216,5,胆总管结石病,choledocholithiasis,K80.4,0.9384440183639526,,,,,
216,5,结石，石头在,"calculus, stones in",,0.904354453086853,,,,,
216,6,胆囊管内,cystic duct,K80.0,0.9489914774894714,,,,,
216,6,胆囊内,gallbladder,K80.0,0.9448506236076355,,,,,
216,3,慢性,chronic,K81.1,0.9476600289344788,,,,,
216,3,伴有,with,,0.9875353574752808,,,,,
216,4,胆石症,cholelithiasis,K80.1,0.9330493807792664,,,,,
216,4,胆总管结石病,choledocholithiasis,K80.4,0.9773364663124084,,,,,
216,4,结石，石头在,"calculus, stones in",,0.9074753522872925,,,,,
216,5,胆囊管内,cystic duct,K80.1,0.9705851078033447,,,,,
216,5,胆囊内,gallbladder,K80.1,0.985316812992096,,,,,
216,5,胆总管(肝总管)内,bile duct (common) (hepatic),K80.4,0.9543119072914124,,,,,
217,3,肺气肿性(急性),emphysematous (acute),K81.0,0.9776443839073181,,,,,
217,3,化脓性,suppurative,K81.0,0.9715229272842407,,,,,
217,3,坏疽性,gangrenous,K81.0,0.9763189554214478,,,,,
217,3,特指的 NEC,specified NEC,K81.8,0.9624540209770203,,,,,
217,2,胆石症(胆囊管)(胆囊)(嵌顿性)(多发性),"Cholelithiasis, Gallstone (colic) (cystic duct) (gallbladder) (impacted) (multiple)",K80.2,0.9780867099761963,,,,,
217,3,伴有胆囊炎(慢性),with cholecystitis (chronic),K80.1,0.9825160503387451,,,,,
217,4,急性,acute,K80.0,0.9018130302429199,,,,,
217,3,胆总管(肝管),bile duct (common) (hepatic),K80.5,0.9863449931144714,,,,,
217,3,肝管,hepatic duct,K80.5,0.9852356910705566,,,,,
217,3,特指的 NEC,specified NEC,K80.8,0.9823755025863647,,,,,
217,3,引起肠梗阻,causing intestinal obstruction,K56.3,0.9924955368041992,,,,,
217,2,胆小管炎(急性)(慢性)(肝外)(坏疽性)(肝内),Cholangiolitis (acute) (chronic) (extrahepatic) (gangrenous) (intrahepatic),K83.0,0.9949960708618164,,,,,
217,2,胆血症(另见黄疸),Cholemia (see also Jaundice),R17,0.9426764249801636,,,,,
217,3,吉尔伯特,Gilbert's,E80.4,0.9888134598731995,,,,,
217,3,家族性(单纯性)(先天性),familial (simple) (congenital),E80.4,0.9969601035118103,,,,,
217,2,胆汁,Bile,,0.9998079538345337,,,,,
217,3,管的 - 见情况,duct - see condition,,0.9339425563812256,,,,,
217,3,尿中色素,pigments in urine,R82.2,0.9975401759147644,,,,,
217,2,胆汁的(发作)(另见呕吐),Bilious (attack) (see also Vomiting),R11,0.9945195913314819,,,,,
217,2,胆汁尿,"Biliuria, Choluria",R82.2,0.9988431334495544,,,,,
217,2,胆汁浓缩综合征(新生儿),Inspissated bile syndrome (newborn),P59.1,0.9726654887199402,,,,,
217,2,胆汁性腹膜炎,"Choleperitoneum, choleperitonitis",K65.8,0.9995802640914917,,,,,
217,2,胆汁淤积NEC,Cholestasis NEC,K83.1,0.9986302256584167,,,,,
217,3,伴有肝细胞损伤,with hepatocyte injury,K71.0,0.9842159748077393,,,,,
217,3,单纯,pure,K71.0,0.9469642043113708,,,,,
217,2,胆脂瘤(中)(耳)(乳突)(伴有反应),Cholesteatoma (ear) (middle) (mastoid) (with reaction),H71,0.9978148937225342,,,,,
217,3,鼓室,tympani,H71,0.9561489224433899,,,,,
217,3,乳突后切除术空腔(复发性),postmastoidectomy cavity (recurrent),H95.0,0.985203206539154,,,,,
217,3,外耳(管),external ear (canal),H60.4,0.9957244992256165,,,,,
217,2,胆总管结石病,Choledocholithiasis (common duct),K80.5,0.9830740690231323,,,,,
217,3,伴有,with,,0.9310280084609985,,,,,
217,4,胆管炎,cholangitis,K80.3,0.9196635484695435,,,,,
217,4,胆囊炎(和胆管炎),cholecystitis (and cholangitis),K80.4,0.9834654331207275,,,,,
217,3,囊性,cystic,K80.2,0.9337740540504456,,,,,
217,2,胆总管石,Choledocholith,K80.5,0.9999760389328003,,,,,
217,2,胆总管炎(化脓性),Choledochitis (suppurative),K83.0,0.9675118923187256,,,,,
218,1,dàn 蛋,,,,,,,,
218,2,蛋氨酸吸收不良病,Oast-house-urine disease,E72.1,0.9998940229415894,,,,,
218,2,蛋氨酸血症,Methioninemia,E72.1,0.9999433755874634,,,,,
218,2,蛋白,Protein,,0.9998674392700195,,,,,
218,3,病(预防性)(治疗性),sickness (prophylactic) (therapeutic),T80.6,0.9906667470932007,,,,,
218,3,缺乏NEC(另见营养不良),deficiency NEC (see also Malnutrition),E46,0.9933368563652039,,,,,
218,3,营养不良(另见营养不良),malnutrition (see also Malnutrition),E46,0.9876827001571655,,,,,
218,2,蛋白沉着症,Proteinosis,,0.9998655319213867,,,,,
218,3,肺泡,alveolar (pulmonary),J84.0,0.9491136074066162,,,,,
218,3,脂或脂样(乌尔巴赫),lipid or lipoid (of Urbach),E78.8,0.9981090426445007,,,,,
218,2,蛋白尿,Proteinuria,R80,0.979594349861145,,,,,
218,3,本周[本斯·琼斯]NEC,Bence Jones NEC,R80,0.9721941351890564,,,,,
218,3,并发于妊娠、分娩或产褥期,"complicating pregnancy, childbirth or puerperium",O12.1,0.9960437417030334,,,,,
218,4,有意义的，伴有妊娠高血压(另见先兆子痫),"significant, with gestational hypertension (see also Pre-eclampsia)",O14.9,0.920811653137207,,,,,
218,4,在原有的高血压疾患上并发,superimposed on pre-existing hypertensive disorder,O11,0.9569628238677979,,,,,
218,3,持续性,persistent,N39.1,0.9663560390472412,,,,,
218,4,伴有肾小球损害-见蛋白尿，孤立性，伴有肾小球损害,"with glomerular lesion - see Proteinuria, isolated, with glomerular lesion",,0.9649350047111511,,,,,
218,3,孤立性,isolated,R80,0.9455766081809998,,,,,
218,4,伴有肾小球损害,with glomerular lesion,N06.9,0.9915967583656311,,,,,
218,5,极微的改变,minimal change,N06.0,0.9891245365142822,,,,,
218,5,局灶性和节段性透明变性或硬化,focal and segmental hyalinosis or sclerosis,N06.1,0.9561737179756165,,,,,
218,5,膜(弥漫性),membranous (diffuse),N06.2,0.9791780710220337,,,,,
218,5,肾小球膜性增殖性(弥漫性),mesangial proliferative (diffuse),N06.3,0.9739803075790405,,,,,
218,5,特指病理学NEC,specified pathology NEC,N06.8,0.9642828702926636,,,,,
218,3,妊娠,gestational,O12.1,0.9718188047409058,,,,,
218,4,伴有水肿,with edema,O12.2,0.9419752359390259,,,,,
218,3,体位性,postural,N39.2,0.9938069581985474,,,,,
218,3,先兆子痫(另见先兆子痫),pre-eclamptic (see also Pre-eclampsia),O14.9,0.981319010257721,,,,,
218,4,影响到胎儿或新生儿,affecting fetus or newborn,P00.0,0.9695844054222107,,,,,
218,3,直立性,orthostatic,N39.2,0.9976236820220947,,,,,
218,4,伴有肾小球损害-见蛋白尿，孤立性，伴有肾小球损害,with glomerular lesion - see Pr with glomerular lesion,,0.9590398073196411,,,,,
218,2,蛋白血症,Proteinemia,R77.9,0.9835165143013,,,,,
218,3,过度,excessive,E88.0,0.9906027317047119,,,,,
218,2,蛋壳状甲,Egg shell nails,L60.3,0.9603459239006042,,,,,
218,3,先天性,congenital,Q84.6,0.9980611801147461,,,,,
218,1,dàn 氮,,,0.9999145865440369,,,,,
218,2,氮质血症,Azotemia,R79.8,0.999795138835907,,,,,
218,3,过度-见 尿毒症,excessive - see Uremia,,0.9473487138748169,,,,,
219,1,dāng 当,,,,,,,,
219,2,当洛综合征,Danlos' syndrome,Q79.6,0.9996122121810913,,,,,
219,1,dǎo 岛,,,0.9401130676269531,,,,,
219,2,岛,Islands of,,0.9999787211418152,,,,,
219,3,颌下腺,submaxillary glands in,,0.9986159205436707,,,,,
219,4,筋膜中的,fascia,Q38.6,0.9219785928726196,,,,,
219,4,颈肌中的,neck muscles,Q38.6,0.9810137152671814,,,,,
219,4,淋巴结中的,lymph nodes,Q38.6,0.9892849922180176,,,,,
219,3,腮腺组织,parotid tissue in,,0.9685986638069153,,,,,
219,4,颈结构中的,neck structures,Q38.6,0.9282851815223694,,,,,
219,4,淋巴结中的,—lymph nodes,Q38.6,0.9736770391464233,,,,,
219,1,dǎo 倒,,,0.99989914894104,,,,,
219,2,倒下,Dropped,,0.9999942779541016,,,,,
219,3,死亡，不明原因的,"dead, unexplained",R96.0,0.9918276071548462,,,,,
219,2,倒睫(眼睑),Trichiasis (eyelid),H02.0,0.9620423316955566,,,,,
219,2,倒位,Inversion,,0.9999862313270569,,,,,
219,3,正常个体中染色体,chromosome in normal individual,Q95.1,0.9979482889175415,,,,,
219,1,dào 倒,,,0.9999848008155823,,,,,
219,2,倒错，反常,"Perversion, perverted",,0.9998499751091003,,,,,
219,3,食欲,appetite,F50.8,0.9940661787986755,,,,,
219,4,心因性,psychogenic,F50.8,0.9857116937637329,,,,,
219,3,性欲(另见偏离，性欲),"sexual (see also Deviation, sexual)",F65.9,0.9908338189125061,,,,,
219,3,嗅觉和味觉,sense of smell and taste,R43.8,0.9917615652084351,,,,,
219,4,心因性,psychogenic,F45.8,0.9885953068733215,,,,,
219,2,倒置,Inversion,,0.9999749660491943,,,,,
219,3,清蛋白-球蛋白比,albumin-globulin (A-G) ratio,E88.0,0.9724423885345459,,,,,
219,3,生理节律,circadian rhythm,G47.2,0.9974960088729858,,,,,
219,4,心因性,psychogenic,F51.2,0.9915508031845093,,,,,
219,3,睡眠节律,sleep rhythm,G47.2,0.9746585488319397,,,,,
219,4,非器质性原因,nonorganic origin,F51.2,0.9871043562889099,,,,,
219,3,昼夜节律,nyctohemeral rhythm,G47.2,0.9833661317825317,,,,,
219,4,心因性,psychogenic,F51.2,0.9836533069610596,,,,,
219,1,dào 盗,,,0.9411686658859253,,,,,
219,2,盗,Night,,0.9613211154937744,,,,,
219,3,汗,sweats,R61.9,0.9335113167762756,,,,,
220,1,dào 道,,,,,,,,
220,2,道格拉斯[直肠子宫]囊或陷窝的 - 见情况,Douglas' pouch or cul-de-sac - see condition,,0.9787212610244751,,,,,
220,2,道森(包含体)脑炎,Dawson's (inclusion body) encephalitis,A81.1,0.972583532333374,,,,,
220,1,dé 得,,,0.9999344944953918,,,,,
220,2,得不到,"Inaccessible, inaccessibility",,0.999798059463501,,,,,
220,3,其他辅助设施,other helping agencies,Z75.4,0.9722477197647095,,,,,
220,3,卫生保健NEC,health care NEC,Z75.3,0.9780732989311218,,,,,
220,4,由于,due to,,0.7726819515228271,,,,,
220,5,等待期,waiting period,Z75.2,0.9695128798484802,,,,,
220,6,住入他处有医疗设施场所,for admission to facility elsewhere,Z75.1,0.9759054183959961,,,,,
220,1,dé 德,,,0.9996686577796936,,,,,
220,2,德伯曼(-古热罗)病[淋巴皮肤孢子丝菌病],De Beurmann(-Gougerot) disease,B42.1,0.998511016368866,,,,,
220,2,德戈病[恶性丘疹病],Degos' disease,I77.8,0.984246551990509,,,,,
220,2,德哈特综合征,Dhat syndrome,F48.8,0.9838249683380127,,,,,
220,2,德奎尔万,De Quervain's,,0.9997939467430115,,,,,
220,3,病[疼痛性腱鞘炎],disease,M65.4,0.9918310046195984,,,,,
220,3,甲状腺炎,thyroiditis,E06.1,0.9850141406059265,,,,,
220,2,德拉图雷特综合征[抽动秽语综合征],De la Tourette's syndrome,F95.2,0.9998438358306885,,,,,
220,2,德朗热综合征,De Lange's syndrome,Q87.1,0.9963375329971313,,,,,
220,2,德勒-黑勒主动脉炎,Doehle-Heller aortitis,A52.0+ I79.1*,0.9635525941848755,,,,,
220,2,德雷格尔-现译名德雷格,Drager,,0.9997832775115967,,,,,
220,2,德雷克斯勒(夏威夷)(感染),Drechslera (hawaiiensis) (infection),B43.8,0.9840091466903687,,,,,
220,2,德里疗,Delhi boil or button,B55.1,0.9496321082115173,,,,,
220,2,德摩根斑[樱色血管瘤],De Morgan's spots,I78.1,0.9794356822967529,,,,,
220,2,德乔治综合征,Di George's syndrome,D82.1,0.9993727207183838,,,,,
220,2,德热里纳-鲁西综合征[丘脑综合征],Déjerine-Roussy syndrome,G93.8,0.9999088048934937,,,,,
220,2,德热里纳-索塔斯病或神经病(肥大性),Déjerine-Sottas disease or neuropathy (hypertrophic),G60.0,0.9994608759880066,,,,,
220,2,德热里纳-托马斯萎缩[橄榄体脑桥小脑萎缩],Déjerine-Thomas atrophy,G23.8,0.9994878172874451,,,,,
220,2,德托尼-范科尼(-德勃雷)综合征,De Toni-Fanconi(-Debré) syndrome,E72.0,0.999673068523407,,,,,
220,2,德韦尔吉病[毛发红糠疹],Devergie's disease,L44.0,0.9989115595817566,,,,,
220,2,德维克病[视神经脊髓炎],Devic's disease,G36.0,0.9991273283958435,,,,,
220,1,dēng 登,,,0.9998329877853394,,,,,
220,2,登革(热)(古典),Dengue (classical) (fever),A90,0.9989772439002991,,,,,
220,3,出血(热),hemorrhagic,A91,0.9741002917289734,,,,,
221,1,děng 等,,,0.9995342493057251,,,,,
221,2,等孢球虫病,"Isosporiasis, isosporosis",A07.3,0.9990806579589844,,,,,
221,2,等孢子虫病-现译名等孢球虫病,Isosporiasis,,0.9766250252723694,,,,,
221,2,等待住院者,"Waiting list, person on",Z75.1,0.9999203085899353,,,,,
221,3,接受社会服务机构的检查,undergoing social service agency investigation,Z75.2,0.9711106419563293,,,,,
221,1,dī 低,,,0.9997370839118958,,,,,
221,2,低，差,Low,,0.9997759461402893,,,,,
221,3,成绩，学校,"achiever, school",Z55.3,0.9952202439308167,,,,,
221,3,出生体重(2499克或以下),birthweight (2499 grams or less),P07.1,0.9822357892990112,,,,,
221,4,极度(999克或以下),extreme (999 grams or less),P07.0,0.9825328588485718,,,,,
221,4,胎龄,for gestational age,P05.0,0.9230978488922119,,,,,
221,3,储备，肾,"reserve, kidney",N28.8,0.9871060252189636,,,,,
221,3,功能-另见机能减退,function - see also Hypofunction,,0.9843665957450867,,,,,
221,4,肾(另见衰竭，肾),"kidney (see also Failure, renal)",N19,0.9611886739730835,,,,,
221,3,基础代谢率,basal metabolic rate,R94.8,0.9960373044013977,,,,,
221,3,收入,income,Z59.6,0.9617941379547119,,,,,
221,3,位耳,set ears,Q17.4,0.9626046419143677,,,,,
221,3,文化水平,level of literacy,Z55.0,0.9792914986610413,,,,,
221,3,心脏储备-见病，心脏,"cardiac reserve - see Disease, heart",,0.9829227328300476,,,,,
221,3,血红蛋白,hemoglobin,D64.9,0.9722554683685303,,,,,
221,3,血小板(另见血小板减少),platelets (blood) (see also Thrombocytopenia),D69.6,0.9943115711212158,,,,,
221,3,血压(另见低血压),blood pressure (see also Hypotension),I95.9,0.9769682288169861,,,,,
221,4,读数(偶然)(孤立)(非特异),reading (incidental) (isolated) (nonspecific),R03.1,0.9803770780563354,,,,,
221,3,盐综合征,salt syndrome,E87.1,0.9823881983757019,,,,,
221,3,植入，胎盘(另见胎盘，前置),"implantation, insertion, placenta (see also Placenta, previa)",O44.1,0.977932870388031,,,,,
221,3,置,lying,,0.9876225590705872,,,,,
221,4,器官或部位，先天性-见错位，先天性,"organ or site, congenital - see Malposition, congenital",,0.9666199088096619,,,,,
221,4,肾,kidney,N28.8,0.9664502143859863,,,,,
221,4,胎盘(另见胎盘，前置),"placenta (see also Placenta, previa)",O44.1,0.9773610234260559,,,,,
221,2,低α脂蛋白血症,Hypoalphalipoproteinemia,E78.6,0.997016966342926,,,,,
221,2,低β脂蛋白血症(家族性),Hypobetalipoproteinemia (familial),E78.6,0.9989722967147827,,,,,
221,2,低丙球蛋白血症(另见无丙球蛋白血症),Hypogammaglobulinemia (see also Agammaglobulinemia),D80.1,0.9998663067817688,,,,,
221,3,短暂性，婴儿期,"transient, of infancy",D80.7,0.9650968909263611,,,,,
221,3,非家族性,nonfamilial,D80.1,0.990372896194458,,,,,
221,3,遗传性,hereditary,D80.0,0.9785699248313904,,,,,
221,2,低蛋白血,Hypoproteinemia,E77.8,0.9986315369606018,,,,,
221,2,低钙血症,Hypocalcemia,E83.5,0.9998977184295654,,,,,
221,3,磷负荷(新生儿),phosphate-loading (newborn),P71.1,0.9810152649879456,,,,,
221,3,新生儿,neonatal,P71.1,0.9580686092376709,,,,,
221,4,牛乳性,due to cow's milk,P71.0,0.9764276742935181,,,,,
221,3,饮食性,dietary,E58,0.9408024549484253,,,,,
222,2,低钾血症,"Hypokalemia, Hypopotassemia",E87.6,0.9499540328979492,,,,,
222,2,低磷酸盐血症，磷酸酶过少症(后天性)(先天性)(家族性)(肾),"Hypophosphatemia, hypophosphatasia (acquired) (congenital) (familial) (renal)",E83.3,0.9721570014953613,,,,,
222,2,低氯血症,Hypochloremia,E87.8,0.9520670771598816,,,,,
222,2,低镁血症,Hypomagnesemia,E83.4,0.9650103449821472,,,,,
222,3,新生儿,neonatal,P71.2,0.9671661853790283,,,,,
222,2,低密度脂蛋白型高脂蛋白血症,Low-density-lipoprotein-type (LDL) hyperlipoproteinemia,E78.0,0.999314546585083,,,,,
222,2,低钠血症,Hyponatremia,E87.1,0.9740197062492371,,,,,
222,2,低能[心智虚弱],Feeble-minded,F70,0.9736753702163696,,,,,
222,2,低凝血酶原血症(先天性)(遗传性)(特发性),Hypoprothrombinemia (congenital) (hereditary) (idiopathic),D68.2,0.9953603148460388,,,,,
222,3,后天性,acquired,D68.4,0.9685240983963013,,,,,
222,3,新生儿，短暂性,"newborn, transient",P61.6,0.9938964247703552,,,,,
222,2,低气压病,"Hypobarism,Hypobaropathy",T70.2,0.9986425638198853,,,,,
222,2,低前转变素血症，先天性(遗传性),"Hypoproconvertinemia, congenital (hereditary)",D68.2,0.9991036057472229,,,,,
222,2,低热-现译名轻热,Febricula,,0.9873629808425903,,,,,
222,2,低渗尿,Hyposthenuria,N28.8,0.9713118672370911,,,,,
222,2,低渗透性,Hypo-osmolality,E87.1,0.9641392827033997,,,,,
222,2,低体温(意外的)(由于),Hypothermia (accidental) (due to),T68,0.9979128241539001,,,,,
222,3,低温环境,low environmental temperature,T68,0.9834256172180176,,,,,
222,3,麻醉,anesthesia,T88.5,0.9922889471054077,,,,,
222,3,新生儿,neonatal,P80.9,0.9952012896537781,,,,,
222,4,轻度,mild,P80.8,0.9841131567955017,,,,,
222,4,重度(慢性)(冷伤综合征),severe (chronic) (cold injury syndrome),P80.0,0.9882288575172424,,,,,
222,4,环境性(轻度)NEC,environmental (mild) NEC,P80.8,0.9861868619918823,,,,,
222,4,特指的 NEC,specified NEC,P80.8,0.9479318261146545,,,,,
222,3,与低温环境无关的,not associated with low environmental temperature,R68.0,0.9986487030982971,,,,,
222,2,低体重儿(婴儿),Light-for-dates (infant),P05.0,0.9998141527175903,,,,,
222,3,和小于胎龄,and small-for-dates,P05.1,0.9735674262046814,,,,,
222,3,影响妊娠处理,affecting management of pregnancy,O36.5,0.9807347655296326,,,,,
222,2,低铁血症,Hyposiderinemia,D50.9,0.9901973009109497,,,,,
222,2,低温,Hypopyrexia,R68.0,0.9373288750648499,,,,,
222,2,低纤维蛋白原血症,Hypofibrinogenemia,D68.8,0.9840827584266663,,,,,
222,3,后天性,acquired,D65,0.9788618087768555,,,,,
222,3,先天性(遗传性),congenital (hereditary),D68.2,0.9590969681739807,,,,,
222,2,低血糖(症)(自发性),"Glycopenia, Hypoglycemia (spontaneous)",E16.2,0.9908522963523865,,,,,
222,3,反应性(非药物性),reactive (not drug-induced),E16.1,0.9986041784286499,,,,,
222,3,功能性，非高胰岛素性.,"functional, nonhyperinsulinemic",E16.1,0.9934679269790649,,,,,
222,3,昏迷,coma,E15,0.9862075448036194,,,,,
222,4,糖尿病性-编码于E10-E14伴有第四位数.0,diabetic - code to E10-E14 with fourth character.0,,0.9757871627807617,,,,,
223,3,见于糖尿病母亲的婴儿,in infant of diabetic mother,P70.1,0.9986963868141174,,,,,
223,4,妊娠糖尿病,gestational diabetes,P70.0,0.9599818587303162,,,,,
223,3,亮氨酸性,leucine-induced,E71.1,0.9357022643089294,,,,,
223,3,新生儿(暂时性),neonatal (transitory),P70.4,0.9939923882484436,,,,,
223,4,母体糖尿病,maternal diabetes,P70.1,0.9144995808601379,,,,,
223,5,妊娠,gestational,P70.0,0.9681468605995178,,,,,
223,4,医源性,iatrogenic,P70.3,0.9777950048446655,,,,,
223,3,药物性,drug-induced,E16.0,0.9954556226730347,,,,,
223,4,伴有昏迷(非糖尿病性),with coma (nondiabetic),E15,0.9531241655349731,,,,,
223,3,医源性,iatrogenic,E16.0,0.9953389167785645,,,,,
223,4,伴有昏迷(非糖尿病性),with coma (nondiabetic),E15,0.9609627723693848,,,,,
223,3,饮食咨询和监督,dietary counseling and surveillance,Z71.3,0.9938638806343079,,,,,
223,3,婴儿,infantile,E16.1,0.9554688334465027,,,,,
223,3,由于胰岛素,due to insulin,E16.0,0.980625331401825,,,,,
223,4,伴有昏迷(非糖尿病性),with coma (nondiabetic),E15,0.9650546312332153,,,,,
223,4,医疗中意外事故,therapeutic misadventure,T38.3,0.9768165946006775,,,,,
223,3,暂时性，新生儿,transitory neonatal,P70.4,0.9952204823493958,,,,,
223,2,低血压(动脉性)(体质性),Hypotension (arterial) (constitutional),I95.9,0.991694450378418,,,,,
223,3,颅内，脑室分流后(脑室造口引流术),"intracranial, following ventricular shunting (ventriculostomy)",G97.2,0.9948243498802185,,,,,
223,3,慢性,chronic,I95.8,0.9581280946731567,,,,,
223,3,母体，综合征(产程和分娩后),"maternal, syndrome (following labor and delivery)",O26.5,0.9942264556884766,,,,,
223,3,神经源性，直立性,"neurogenic, orthostatic",G90.3,0.9942061305046082,,,,,
223,3,特发性(永久性),idiopathic (permanent),I95.0,0.9734659790992737,,,,,
223,3,特指的 NEC,specified NEC,I95.8,0.9395961761474609,,,,,
223,3,体位性[直立性],postural,I95.1,0.9788445234298706,,,,,
223,3,药物性,drug-induced,I95.2,0.9437798261642456,,,,,
223,3,直立性(慢性),orthostatic (chronic),I95.1,0.959649920463562,,,,,
223,4,神经源性,neurogenic,G90.3,0.9848783016204834,,,,,
223,2,低于正常的调节(老年性),Subnormal accommodation (old age),H52.4,0.9927914142608643,,,,,
223,2,低脂蛋白血症(α)(β),Hypolipoproteinemia (alpha) (beta),E78.6,0.9759268164634705,,,,,
223,1,dī 滴,,,0.9989573359489441,,,,,
223,2,滴虫病,Trichomoniasis,A59.9,0.9999281167984009,,,,,
223,3,肠,intestinal,A07.8,0.9515551328659058,,,,,
223,3,宫颈,cervix,A59.0+ N74.8*,0.9428213238716125,,,,,
223,3,精囊,seminal vesicles,A59.0+ N51.8*,0.9928649663925171,,,,,
223,3,泌尿生殖道,urogenitalis,A59.0,0.9583009481430054,,,,,
223,3,尿道,urethra,A59.0+ N37.0*,0.9833613038063049,,,,,
223,3,膀胱,bladder,A59.0+ N33.8*,0.971956193447113,,,,,
223,3,前列腺,prostate,A59.0+ N51.0*,0.9861387014389038,,,,,
223,3,特指部位 NEC,specified site NEC,A59.8,0.9507814645767212,,,,,
223,3,外阴,vulva,A59.0+ N77.1*,0.9792213439941406,,,,,
223,3,阴道,vagina,A59.0+ N77.1*,0.9549556970596313,,,,,
224,1,dí 迪,,,0.9349995851516724,,,,,
224,2,迪宾 -现译名 杜宾,Dubin,,0.9175773859024048,,,,,
224,2,迪布瓦病(胸腺),Dubois' disease (thymus gland),A50.5+ E35.8*,0.9762746691703796,,,,,
224,2,迪厄拉富瓦病或迪厄拉富瓦溃疡[胃浅表性溃疡],Dieulafoy's disease or ulcer,K25.0,0.9941704869270325,,,,,
224,2,迪格奥尔格综合征-现译名 德乔治综合征,Di George's syndrome,,0.9802059531211853,,,,,
224,2,迪古列尔莫病[巨红细胞性骨髓增殖](M9841/3),Di Guglielmo's disease (M9841/3),C94.0,0.9971531629562378,,,,,
224,2,迪朗-尼古拉-法夫尔病[性病性淋巴肉芽肿],Durand-Nicolas-Favre disease,A55,0.9995134472846985,,,,,
224,2,迪罗齐耶病[先天性二尖瓣狭窄],Duroziez' disease,Q23.2,0.9859358668327332,,,,,
224,2,迪皮特朗挛缩或迪皮特朗病,Dupuytren's contraction or disease,M72.0,0.9938963055610657,,,,,
224,2,迪普莱滑囊炎或迪普莱关节周炎,Duplay's bursitis or periarthritis,M75.0,0.9964641332626343,,,,,
224,2,迪谢内,Duchenne's,,0.9999272227287292,,,,,
224,3,病或综合征,disease or syndrome,,0.998920738697052,,,,,
224,4,肌营养不良,muscular dystrophy,G71.0,0.9930575489997864,,,,,
224,4,运动神经元病[脊髓性肌萎缩],motor neuron disease,G12.2,0.976728081703186,,,,,
224,3,麻痹,paralysis,G71.0,0.9749211072921753,,,,,
224,4,产伤,birth injury,P14.0,0.9899024963378906,,,,,
224,4,由于合并,due to or associated with,,0.8783596158027649,,,,,
224,5,运动神经元疾病,motor neuron disease,G12.2,0.9632249474525452,,,,,
224,5,肌营养不良,muscular dystrophy,G71.0,0.9734243154525757,,,,,
224,3,运动性共济失调(梅毒性),locomotor ataxia (syphilitic),A52.1,0.9937474727630615,,,,,
224,2,迪谢内-阿朗肌萎缩[脊髓性肌萎缩],Duchenne-Aran muscular atrophy,G12.2,0.9995536208152771,,,,,
224,2,迪谢内-格里辛格病[假性肥大性肌萎缩],Duchenne-Griesinger disease,G71.0,0.9997156262397766,,,,,
224,2,迪亚兹病或骨软骨病(幼年)(距骨),Diaz's disease or osteochondrosis (juvenile) (talus),M92.6,0.9993200302124023,,,,,
224,1,dí 敌,,,0.981501042842865,,,,,
224,2,敌视,Hostility,R45.5,0.9837442636489868,,,,,
224,3,对儿童,towards child,Z62.3,0.9916788339614868,,,,,
224,1,dǐ 抵,,,0.9505075216293335,,,,,
224,2,抵抗,Resistance,,0.9996281862258911,,,,,
224,3,激活的蛋白C[凝血因子V莱顿突变],activated protein C [factor V Leiden mutation],D68.5,0.9677545428276062,,,,,
224,1,dǐ 底,,,0.8834928274154663,,,,,
224,2,底的 - 见情况,Floor - see condition,,0.9792709946632385,,,,,
224,1,dǐ 骶,,,0.9976229071617126,,,,,
224,2,骶部痛,Sacrodynia,M53.3,0.9775822162628174,,,,,
224,2,骶骨的 - 见情况,Sacrum - see condition,,0.9483895897865295,,,,,
225,2,骶骨融合,Sacralization,Q76.4,0.9993212223052979,,,,,
225,2,骶骨痛,Sacralgia,M53.3,0.9574344158172607,,,,,
225,2,骶髂关节的 - 见情况,Sacroiliac joint - see condition,,0.9268529415130615,,,,,
225,2,骶髂关节炎 NEC,Sacroiliitis NEC,M46.1,0.9766397476196289,,,,,
225,1,dì 地,,,0.9131355285644531,,,,,
225,2,地方性的 - 见情况,Endemic - see condition,,0.9614462852478027,,,,,
225,2,地方性多神经炎,Panneuritis endemica,E51.1+ G63.4*,0.9737142324447632,,,,,
225,2,地窖装填工病,Silo-filler's disease,J68.8,0.9999004006385803,,,,,
225,2,地霉病,Geotrichosis,B48.3,0.9890324473381042,,,,,
225,2,地丝菌病-现译名地霉病,Geotrichosis,,0.9997094869613647,,,,,
225,2,地图舌,Geographic tongue,K14.1,0.9596116542816162,,,,,
225,2,地中海,Mediterranean,,0.999981701374054,,,,,
225,3,病或综合征(血液病的),disease or syndrome (hemipathic),D56.9,0.9987066984176636,,,,,
225,3,热,fever,A23.9,0.9897570610046387,,,,,
225,4,家族性,familial,E85.0,0.953522264957428,,,,,
225,2,地中海贫血(病)[珠蛋白生成障碍性贫血],"Thalassanemia, Thalassemia (anemia) (disease)",D56.9,0.998957097530365,,,,,
225,3,α型,alpha,D56.0,0.9692258834838867,,,,,
225,3,β型(严重的),beta (severe),D56.1,0.9967620968818665,,,,,
225,4,镰状细胞,sickle-cell,D57.2,0.9737808108329773,,,,,
225,3,δ-β型,delta-beta,D56.2,0.9229908585548401,,,,,
225,3,轻型,minor,D56.9,0.9715890884399414,,,,,
225,3,中间型,intermedia,D56.1,0.9533475041389465,,,,,
225,3,重型,major,D56.1,0.9460737109184265,,,,,
225,3,伴有其他血红蛋白病NEC,with other hemoglobinopathy NEC,D56.9,0.9739663600921631,,,,,
225,3,变型,variants,D56.8,0.9762036204338074,,,,,
225,3,混合型(伴有其他血红蛋白病),mixed (with other hemoglobinopathy),D56.9,0.9893845319747925,,,,,
225,3,镰状细胞,sickle-cell,D57.2,0.9795777797698975,,,,,
225,3,特性,trait,D56.3,0.9548909068107605,,,,,
225,3,特指型NEC,specified type NEC,D56.8,0.9914252161979675,,,,,
225,1,dì 第,,,0.8978138566017151,,,,,
225,2,第四,Fourth,,0.9999797344207764,,,,,
225,3,颅神经 - 见情况,cranial nerve - see condition,,0.9352981448173523,,,,,
225,3,磨牙,molar,K00.1,0.95274418592453,,,,,
225,2,第五病[传染性红斑],Fifth disease,B08.3,0.9998727440834045,,,,,
225,2,第六病[猝发疹],Sixth disease,B08.2,0.9715502858161926,,,,,
225,1,dì 蒂,,,0.8974839448928833,,,,,
225,2,蒂比耶日-魏森巴赫综合征[钙质沉着症],Thibierge-Weissenbach syndrome,M34.8,0.9911255240440369,,,,,
225,2,蒂策病或蒂策综合征,Tietze's disease or syndrome,M94.0,0.9822179079055786,,,,,
226,1,diān 癫,,,0.9794023633003235,,,,,
226,2,癫痛 - 又称 癫痫,Epilepsy,,0.8571743965148926,,,,,
226,2,癫痛(性),"Epilepsy, epileptic, epilepsia",G40.9,0.9136343598365784,,,,,
226,3,伴有,with,,0.9900569915771484,,,,,
226,4,复杂部分发作,complex partial seizures,G40.2,0.9834638237953186,,,,,
226,4,肌阵挛小发作,myoclonic absences,G40.4,0.9938293099403381,,,,,
226,4,肌阵挛站立不能性发作,myoclonic-astatic seizures,G40.4,0.9875214695930481,,,,,
226,4,简单部分发作,simple partial seizures,G40.1,0.9921587705612183,,,,,
226,4,觉醒时的大发作,grand mal seizures on awakening,G40.3,0.9826764464378357,,,,,
226,3,边缘系统,limbic system,G40.2,0.99720299243927,,,,,
226,3,布拉韦-杰克逊(癫癇),Bravais-jacksonian,G40.1,0.9316906929016113,,,,,
226,3,部分(局灶性),partial (focalized),G40.1,0.9860594272613525,,,,,
226,4,伴有,with,,0.7821321487426758,,,,,
226,5,记忆和形成概念的障碍,memory and ideational disturbances,G40.2,0.9975520968437195,,,,,
226,5,意识改变,alteration of consciousness,G40.2,0.9878838658332825,,,,,
226,4,继发性全身,secondarily generalized,G40.1,0.9848875403404236,,,,,
226,3,部分性连续状态,partialis continua,G40.5,0.9826478362083435,,,,,
226,3,部分运动性,motor partial,G40.1,0.9709711074829102,,,,,
226,3,持续状态,status,G41.9,0.9954496026039124,,,,,
226,4,小发作,petit mal/absence,G41.1,0.9214174747467041,,,,,
226,4,大发作,grand mal,G41.0,0.916469395160675,,,,,
226,4,复杂部分,complex partial,G41.2,0.9857439398765564,,,,,
226,4,精神运动性,psychomotor,G41.2,0.9585993885993958,,,,,
226,4,局灶运动性,focal motor,G41.8,0.9777737259864807,,,,,
226,4,颞叶,temporal lobe,G41.2,0.9708360433578491,,,,,
226,4,强直阵挛性,tonic-clonic,G41.0,0.9936531186103821,,,,,
226,4,特指的 NEC,specified NEC,G41.8,0.9664417505264282,,,,,
226,3,创伤性(损伤未特指的),traumatic (injury unspecified),T90.5,0.9956451654434204,,,,,
226,4,损伤特指的-编码于特指损伤的后遗症,injury specified - code to Sequelae of specified injury,,0.9692526459693909,,,,,
226,3,(突然)大发作,"grand mal, major (seizure)",G40.6,0.9714794158935547,,,,,
226,4,觉醒时,on awakening,G40.3,0.9868300557136536,,,,,
226,3,大脑性,cerebral,G40.9,0.9458637833595276,,,,,
226,3,儿童期(良性)(伴有),childhood (benign) (with),,0.9664523005485535,,,,,
226,4,枕部发作的脑电图,occipital EEG paroxysms,G40.0,0.9917340874671936,,,,,
226,4,中颞部棘波的脑电图,centrotemporal EEG spikes,G40.0,0.9726995229721069,,,,,
226,3,发作(另见发作，癫疯),"attack, fits, seizure(see also Seizure, epileptic)",G40.9,0.9583784937858582,,,,,
226,4,伴有意识改变,with alteration of consciousness,G40.2,0.9865710735321045,,,,,
226,4,不伴有意识改变,without alteration of consciousness,G40.1,0.9908999800682068,,,,,
226,3,反射,reflex,G40.8,0.9208296537399292,,,,,
226,3,腹型,abdominal,G40.8,0.9919285178184509,,,,,
226,3,更年期,climacteric,G40.8,0.992497444152832,,,,,
226,3,钩回(脑回),uncinate (gyrus),G40.2,0.9767613410949707,,,,,
227,3,昏迷,coma,G40.8,0.9575149416923523,,,,,
227,3,混合(型),mixed (type),G40.3,0.9665988087654114,,,,,
227,3,肌阵挛,"myoclonus, myoclonic",G40.3,0.9678551554679871,,,,,
227,4,进行性(家族性),progressive (familial),G40.3,0.9669042825698853,,,,,
227,4,良性，婴儿期的,"benign, of infancy",G40.3,0.9652347564697266,,,,,
227,4,幼年,juvenile,G40.3,0.9384641647338867,,,,,
227,3,寄生虫性NEC,parasitic NEC,B71.9+ G94.8*,0.9634401798248291,,,,,
227,3,杰克逊(癫疯)(运动性)(感觉性),jacksonian (motor) (sensory),G40.1,0.9370028376579285,,,,,
227,3,进行性(家族性)肌阵挛,progressive (familial) myoclonic,G40.3,0.9788110256195068,,,,,
227,3,惊厥,convulsions,G40.9,0.9906914830207825,,,,,
227,3,精神感觉性,psychosensory,G40.2,0.9869018793106079,,,,,
227,3,精神运动性,psychomotor,G40.2,0.9922249913215637,,,,,
227,3,局部相关性(局灶性)(部分),localization-related (focal) (partial),G40.8,0.9802137017250061,,,,,
227,4,特发性,idiopathic,G40.0,0.9983606934547424,,,,,
227,4,症状性,symptomatic,G40.1,0.9753020405769348,,,,,
227,4,伴有,with,,0.9024674892425537,,,,,
227,5,复杂部分发作,complex partial seizures,G40.2,0.9820898175239563,,,,,
227,5,简单部分发作,simple partial seizures,G40.1,0.963550865650177,,,,,
227,5,意识改变,alteration of consciousness,G40.2,0.9599913954734802,,,,,
227,4,不伴有意识改变,without alteration of consciousness,G40.1,0.9918135404586792,,,,,
227,3,局灶(运动性),focal (motor),G40.1,0.9787439107894897,,,,,
227,3,科热夫尼科夫,Kozhevnikof's,G40.5,0.9787527322769165,,,,,
227,3,老年性,senile,G40.8,0.9724133014678955,,,,,
227,3,朦胧状态,twilight,F05.8,0.9462355971336365,,,,,
227,3,模糊状态,clouded state,G40.8,0.9898517727851868,,,,,
227,3,内脏性,visceral,G40.8,0.9633384346961975,,,,,
227,3,颞叶,temporal lobe,G40.2,0.9741848707199097,,,,,
227,3,皮质性(局灶性)(运动性),cortical (focal) (motor) .,G40.1,0.9721785187721252,,,,,
227,3,前奔性,procursiva,G40.2,0.9735410809516907,,,,,
227,3,强直性(-阵挛性),tonic(-clonic),G40.3,0.9901164174079895,,,,,
227,3,轻微,minor,G40.3,0.9646444320678711,,,,,
227,3,躯体感觉性,somatosensory,G40.1,0.9955881237983704,,,,,
227,3,躯体运动性,somatomotor,G40.1,0.988632082939148,,,,,
227,3,全身性,generalized,G40.3,0.9968400597572327,,,,,
227,4,非惊厥性,nonconvulsive,G40.3,0.9949444532394409,,,,,
227,4,惊厥性,convulsive,G40.3,0.9834686517715454,,,,,
227,4,屈曲,flexion,G40.3,0.9819311499595642,,,,,
227,4,特发性,idiopathic,G40.3,0.9622282385826111,,,,,
227,4,特指的 NEC,specified NEC,G40.4,0.9455926418304443,,,,,
227,3,视觉性,visual,G40.8,0.9518900513648987,,,,,
227,3,衰退(精神),deterioration (mental),F06.8,0.9807676672935486,,,,,
227,3,特发性,idiopathic,G40.9,0.9948899745941162,,,,,
227,4,局部相关性,localization-related,G40.0,0.9655155539512634,,,,,
227,4,全身性,generalized,G40.3,0.9790387153625488,,,,,
228,3,特指类型 NEC,specified type NEC,G40.8,0.9661007523536682,,,,,
228,3,替代症,equivalent,G40.8,0.9922881126403809,,,,,
228,3,翁弗里希特(-兰德堡)(家族性肌阵挛),Unverricht(-Lundborg) (familial myoclonic),G40.3,0.9823699593544006,,,,,
228,3,小发作(幼年)(儿童期),petit mal/absence (juvenile) (childhood),G40.3,0.9896789789199829,,,,,
228,3,音乐源性,musicogenic,G40.8,0.9718316197395325,,,,,
228,3,由于梅毒引起的,due to syphilis,A52.1+ G94.8*,0.9898794889450073,,,,,
228,3,与下列原因有关,related to,,0.9540159106254578,,,,,
228,4,激素改变,hormonal changes,G40.5,0.9513943791389465,,,,,
228,4,酒精,alcohol,G40.5,0.9392226934432983,,,,,
228,4,睡眠缺乏,sleep deprivation,G40.5,0.9694133996963501,,,,,
228,4,外因NEC,external cause NEC,G40.5,0.9750888347625732,,,,,
228,4,药物,drugs,G40.5,0.9311813116073608,,,,,
228,4,应激,stress,G40.5,0.9651894569396973,,,,,
228,3,运动不能性,akinetic,G40.3,0.9953060150146484,,,,,
228,3,阵挛性,clonic,G40.3,0.9933282136917114,,,,,
228,3,症状性NEC,symptomatic NEC,G40.8,0.9772230386734009,,,,,
228,4,伴有,with,,0.7514384984970093,,,,,
228,5,复杂部分发作,complex partial seizures,G40.2,0.99479740858078,,,,,
228,5,简单部分发作,simple partial seizures,G40.1,0.9485993385314941,,,,,
228,3,周围性,peripheral,G40.8,0.9693130254745483,,,,,
228,3,猪囊尾蚴病[囊虫病],cysticercosis,B69.0+ G94.8*,0.9570396542549133,,,,,
228,3,自动症,automatism,G40.2,0.9470186233520508,,,,,
228,3,综合征,syndrome,,0.9700230360031128,,,,,
228,4,伴有,with,,0.8338086605072021,,,,,
228,5,复杂部分发作,complex partial seizures,G40.2,0.9843932390213013,,,,,
228,5,简单部分发作,simple partial seizures,G40.1,0.9660181403160095,,,,,
228,5,局限性发作,seizures of localized onset,G40.0,0.9582922458648682,,,,,
228,4,全身性,generalized,G40.4,0.8957144021987915,,,,,
228,5,特发性,idiopathic,G40.3,0.9683026671409607,,,,,
228,4,特殊的 NEC,special NEC,G40.5,0.9494141936302185,,,,,
228,2,癫癇大发作,Haut mal,G40.6,0.9299148321151733,,,,,
228,2,癫疯小发作(特发性),"Pyknoepilepsy, pyknolepsy (idiopathic)",G40.3,0.9596452116966248,,,,,
228,1,diǎn 点,,,0.9330945611000061,,,,,
228,2,点头痉挛,Spasmus nutans,F98.4,0.9905644655227661,,,,,
228,2,点状骺,Stippled epiphyses,Q78.8,0.9023373126983643,,,,,
228,1,diàn 电,,,0.9852778911590576,,,,,
228,2,电解质失衡,Electrolyte imbalance,E87.8,0.9841935634613037,,,,,
228,2,电流，电效应(震荡)(致命)(非致命)(休克),"Electric current, electricity, effects (concussion) (fatal) (nonfatal) (shock)",T75.4,0.9932987689971924,,,,,
228,3,烧伤-见烧伤,burn - see Burn,,0.9726214408874512,,,,,
228,2,电死,Electrocution,T75.4,0.9414706826210022,,,,,
229,1,diàn 淀,,,,,,,,
229,2,淀粉样变(全身性)(原发性),Amyloidosis (generalized) (primary),E85.9,0.9982156753540039,,,,,
229,3,伴有累及肺,with lung involvement,E85.4+ J99.8*,0.9725857973098755,,,,,
229,3,非神经病性家族遗传性,non-neuropathic heredofamilial,E85.0,0.9703600406646729,,,,,
229,3,肺,pulmonary,E85.4+ J99.8*,0.9792771339416504,,,,,
229,3,肝,liver,E85.4+ K77.8*,0.9607292413711548,,,,,
229,3,家族性,familial,E85.2,0.9817383289337158,,,,,
229,3,家族遗传性,heredofamilial,E85.2,0.9804457426071167,,,,,
229,4,非神经病性,non-neuropathic,E85.0,0.9818835258483887,,,,,
229,4,神经病性,neuropathic,E85.1,0.9694094061851501,,,,,
229,3,局部性,localized,E85.4,0.963951826095581,,,,,
229,3,皮肤(慢性)(斑疹性),skin (lichen) (macular),E85.4+ L99.0*,0.9837974905967712,,,,,
229,3,葡萄牙型,Portuguese,E85.1,0.9819669127464294,,,,,
229,3,器官限定性,organ-limited,E85.4,0.9683300852775574,,,,,
229,3,全身性，继发性,"systemic, secondary",E85.3,0.9941339492797852,,,,,
229,3,神经病性家族遗传性,neuropathic heredofamilial,E85.1,0.9791224598884583,,,,,
229,3,声门下,subglottic,E85.4+ J99.8*,0.9628584384918213,,,,,
229,3,特指的 NEC,specified NEC,E85.8,0.9784741997718811,,,,,
229,3,心脏,heart,E85.4+ I43.1*,0.9192703366279602,,,,,
229,3,血液透析有关的,hemodialysis-associated,E85.3,0.9880130887031555,,,,,
229,3,遗传性,genetic,E85.2,0.9960861206054688,,,,,
229,2,淀粉样心脏(病),Amyloid heart (disease),E85.4+ I43.1*,0.9817919731140137,,,,,
229,1,diào 调,,,0.9999410510063171,,,,,
229,2,调查(另见检查),Investigation (see also Examination),Z04.9,0.9993934631347656,,,,,
229,3,变应原,allergens,Z01.5,0.919370174407959,,,,,
229,3,临床研究项目(对照),clinical research subject (control),Z00.6,0.9664676189422607,,,,,
229,1,diē 跌,,,0.8413564562797546,,,,,
229,2,跌落，跌倒,Falls,,0.9999666213989258,,,,,
229,3,反复,repeated,R29.6,0.9828760623931885,,,,,
229,1,dié 迭,,,0.9357107281684875,,,,,
229,2,迭盖，牙,"Imbrication, teeth",K07.3,0.9922887086868286,,,,,
229,2,迭宫属病,Spirometrosis,B70.1,0.9894431829452515,,,,,
229,1,dié 叠,,,0.9994249939918518,,,,,
229,2,叠瓦癣(癣菌病),Tokelau (ringworm),B35.5,0.9958248734474182,,,,,
230,1,dié 蝶,,,0.9998235106468201,,,,,
230,2,蝶鞍上的 - 见情况,Suprasellar - see condition,,0.9644309282302856,,,,,
230,2,蝶窦的 - 见情况,Sphenoidal - see condition,,0.9806138277053833,,,,,
230,2,蝶窦炎(慢性)(另见 鼻窦炎，蝶窦),Sphenoiditis (chronic) (see also Sinusitis sphenoidal),J32.3,0.961078405380249,,,,,
230,1,dīng 钉,,,0.9348428845405579,,,,,
230,2,钉状牙,Peg-shaped teeth,K00.2,0.9995641708374023,,,,,
230,1,dīng 耵,,,0.9864827990531921,,,,,
230,2,耵聍，耳内(累积)(栓塞),"Cerumen, Wax in ear (accumulation) (impacted)",H61.2,0.9945370554924011,,,,,
230,1,dǐng 顶,,,0.9622747898101807,,,,,
230,2,顶泌性汗腺化生(乳房),Apocrine metaplasia (breast),N60.8,0.9972875118255615,,,,,
230,1,dìng 定,,,0.9488318562507629,,,,,
230,2,定向障碍,Disorientation,R41.0,0.9913342595100403,,,,,
230,3,心因性,psychogenic,F44.8,0.958518385887146,,,,,
230,2,定罪(依法)引起焦虑,"Conviction (legal), anxiety concerning",Z65.0,0.9457886219024658,,,,,
230,3,伴有监禁,with imprisonment,Z65.1,0.9657535552978516,,,,,
230,1,dōng 东,,,0.9768015742301941,,,,,
230,2,东方疗[皮肤利什曼病],Aleppo boil,B55.1,0.9623795747756958,,,,,
230,1,dōng 冬,,,0.9998189806938171,,,,,
230,2,冬季 - 见情况,Winter - see condition,,0.9022198915481567,,,,,
230,1,dòng 动,,,0.9411149024963379,,,,,
230,2,动静脉的 - 见情况,Arteriovenous - see condition,,0.9349082112312317,,,,,
230,2,动脉,Artery,,0.9999335408210754,,,,,
230,3,脓肿,abscess,I77.8,0.9911099672317505,,,,,
230,2,动脉病,Arteriopathy,I77.9,0.9366047382354736,,,,,
230,2,动脉的 - 另见情况,"Artery, arterial - see also condition",,0.9161176681518555,,,,,
230,3,单脐,single umbilical,Q27.0,0.9977378845214844,,,,,
230,2,动脉痉挛,Arteriospasm,I73.9,0.9583105444908142,,,,,
231,2,动脉瘤(吻合)(动脉)(蜿蜒状)(弥漫性)(假性)(梭形)(多发性)(囊状),Aneurysm (anastomotic) (artery) (cirsoid) (diffuse) (false) (fusiform) (multiple) (saccular),I72.9,0.9599562883377075,,,,,
231,3,二尖瓣(心脏),mitral (heart) (valve),I34.8,0.9394747614860535,,,,,
231,3,三尖(瓣)(心脏),tricuspid (heart) (valve),I07.8,0.9628668427467346,,,,,
231,3,瓣膜-见心内膜炎,"valve, valvular - see Endocarditis",,0.9967246055603027,,,,,
231,3,创伤性(并发症)(早期)，特指部位- 见损伤，血管,"traumatic (complication) (early), specified site see Injury, blood vessel",,0.9578118920326233,,,,,
231,3,大脑-见动脉瘤，脑,"cerebral - see Aneurysm, brain",,0.9830700159072876,,,,,
231,3,动静脉(先天性)(周围),arteriovenous (congenital) (peripheral),Q27.3,0.9891117811203003,,,,,
231,4,创伤性(并发症)(早期),traumatic (complication) (early),T14.5,0.9726428985595703,,,,,
231,5,特指部位-见损伤，血管，按部位，特指,"specified site - see Injury, blood vessel, by site, specified",,0.9802778959274292,,,,,
231,4,后天性,acquired,I77.0,0.9653897285461426,,,,,
231,5,肺,pulmonary,I28.0,0.9646161198616028,,,,,
231,5,脑,brain,I67.1,0.926456868648529,,,,,
231,4,脑,brain,Q28.2,0.9330968856811523,,,,,
231,5,破裂,ruptured,I60.8,0.9630919098854065,,,,,
231,4,入脑前血管,precerebral vessels,Q28.0,0.984795868396759,,,,,
231,4,特指部位NEC,specified site NEC,Q27.3,0.9565855860710144,,,,,
231,5,后天性,acquired,I77.0,0.9517744183540344,,,,,
231,3,动脉硬化性,arteriosclerotic,I72.9,0.9868407845497131,,,,,
231,4,大脑,cerebral,I67.1,0.9512063264846802,,,,,
231,5,破裂(另见出血，蛛网膜下),"ruptured (see also Hemorrhage, subarachnoid)",I60.9,0.9521852135658264,,,,,
231,3,动脉圆锥(另见动脉瘤，心脏),"conus arteriosus (see also Aneurysm, heart)",I25.3,0.966921865940094,,,,,
231,3,房间隔(另见动脉瘤，心脏),"interauricular septum (see also Aneurysm, heart)",I25.3,0.9833858013153076,,,,,
231,3,肺,pulmonary,I28.1,0.9562852382659912,,,,,
231,4,瓣膜(心脏)(另见心内膜炎，肺),"— valve (heart) (see also Endocarditis, pulmonary)",I37.8,0.939530074596405,,,,,
231,4,动静脉,arteriovenous,Q25.7,0.9213190078735352,,,,,
231,5,后天性,acquired,I28.0,0.8930835723876953,,,,,
231,4,梅毒性,syphilitic,A52.0+ I79.8*,0.9714869260787964,,,,,
231,3,腹(主动脉),abdominal (aorta),I71.4,0.9827072620391846,,,,,
231,4,夹层(破裂),dissecting (ruptured),I71.0,0.963994562625885,,,,,
231,4,梅毒性,syphilitic,A52.0+ I79.0*,0.9690906405448914,,,,,
231,4,破裂,ruptured,I71.3,0.9832165837287903,,,,,
231,3,感染性,infective,I72.9,0.9816357493400574,,,,,
231,3,股(动脉)(破裂),femoral (artery) (ruptured),I72.4,0.9641001224517822,,,,,
231,3,冠状(动脉硬化性)(动脉),coronary (arteriosclerotic) (artery),I25.4,0.9648289084434509,,,,,
231,4,动静脉，先天性,"arteriovenous, congenital",Q24.5,0.9848995804786682,,,,,
231,4,静脉,vein,I25.8,0.9779038429260254,,,,,
231,4,梅毒性,syphilitic,A52.0+ I52.0*,0.968206524848938,,,,,
231,4,破裂(另见梗死，心肌),"ruptured (see also Infarct, myocardium)",I21.9,0.9778065085411072,,,,,
231,4,先天性,congenital,Q24.5,0.9488124847412109,,,,,
231,3,胸(动脉)(破裂),popliteal (artery) (ruptured),I72.4,0.9251993298530579,,,,,
231,3,海绵窦,cavernous sinus,I67.1,0.9785584211349487,,,,,
231,4,动静脉(先天性)(未破裂),arteriovenous (congenital) (nonruptured),Q28.3,0.9892799258232117,,,,,
231,5,破裂,ruptured,I60.8,0.9776766300201416,,,,,
232,3,基底-见动脉瘤，脑,"basal - see Aneurysm, brain",,0.9788839221000671,,,,,
232,3,脊(髓),spinal (cord),I72.8,0.9268409609794617,,,,,
232,4,梅毒性(出血),syphilitic (hemorrhage),A52.0+ I79.8*,0.9587069153785706,,,,,
232,3,夹层,dissecting,I72.9,0.9709335565567017,,,,,
232,4,梅毒性,syphilitic,A52.0+ I79.0*,0.9683100581169128,,,,,
232,4,主动脉(任何部分)(破裂),aorta (any part) (ruptured),I71.0,0.9509989023208618,,,,,
232,3,结膜,conjunctiva,H11.4,0.9475720524787903,,,,,
232,3,颈动脉(内),carotid (internal),I72.0,0.933269739151001,,,,,
232,4,梅毒性,syphilitic,A52.0+ I79.8*,0.9604558944702148,,,,,
232,5,颅内,intracranial,A52.0+ I68.8*,0.8925566077232361,,,,,
232,4,破裂入脑,ruptured into brain,I60.0,0.9715282917022705,,,,,
232,3,颈静脉,jugular vein,I86.8,0.9554919004440308,,,,,
232,3,静脉(另见静脉曲张),venous (see also Varix),I86.8,0.966849684715271,,,,,
232,4,先天性,congenital,Q27.8,0.9296390414237976,,,,,
232,3,拉斯穆森NEC,Rasmussen's NEC,A16.2,0.9788743257522583,,,,,
232,3,梅毒性(主动脉),syphilitic (aorta),A52.0+ I79.0*,0.9594318866729736,,,,,
232,4,脊柱,"spine, spinal",A52.0+ I79.8*,0.9574865102767944,,,,,
232,4,先天性(晚期),congenital (late),A50.5+ I79.0*,0.9688460230827332,,,,,
232,4,中枢神经系统,central nervous system,A52.0+ I68.8*,0.9670408964157104,,,,,
232,3,脑,brain,I67.1,0.9847264289855957,,,,,
232,4,动静脉(先天性)(未破裂),arteriovenous (congenital) (nonruptured),Q28.2,0.976340115070343,,,,,
232,5,后天性,acquired,I67.1,0.891477644443512,,,,,
232,6,破裂,ruptured,I60.8,0.9037749171257019,,,,,
232,6,破裂,ruptured,I60.8,0.8941285610198975,,,,,
232,4,动脉硬化性,arteriosclerotic,I67.1,0.9739735722541809,,,,,
232,4,破裂(另见出血，蛛网膜下),"ruptured (see also Hemorrhage, subarachnoid)",I60.9,0.9416168928146362,,,,,
232,4,颅内小囊状(未破裂),berry (nonruptured),I67.1,0.9682043790817261,,,,,
232,5,破裂(另见出血，蛛网膜下),"ruptured (see also Hemorrhage, subarachnoid)",I60.7,0.9456936120986938,,,,,
232,4,梅毒性(出血),syphilitic (hemorrhage),A52.0+ I68.8*,0.9678764343261719,,,,,
232,4,脑脊膜,meninges,I67.1,0.966174304485321,,,,,
232,5,破裂,ruptured,I60.8,0.9401848912239075,,,,,
232,4,破裂NEC(另见出血，蛛网膜下),"ruptured NEC (see also Hemorrhage, subarachnoid)",I60.9,0.9523032903671265,,,,,
232,4,先天性,congenital,Q28.3,0.9672155380249023,,,,,
232,5,破裂,ruptured,I60.7,0.9640512466430664,,,,,
232,3,脾,splenic,I72.8,0.9832390546798706,,,,,
232,3,葡萄状[蔓状](周围),racemose (peripheral),I72.9,0.9564250707626343,,,,,
232,4,先天性,congenital,Q27.8,0.9687398076057434,,,,,
232,3,髂(总)(动脉)(破裂),iliac (common) (artery) (ruptured),I72.3,0.9811131358146667,,,,,
232,3,入脑前，先天性(未破裂),"precerebral, congenital (nonruptured)",Q28.1,0.9977003335952759,,,,,
232,3,上肢(破裂),upper limb (ruptured),I72.1,0.9858933687210083,,,,,
232,3,肾(动脉),renal (artery),I72.2,0.9424393177032471,,,,,
232,3,真菌性,mycotic,I72.9,0.9832359552383423,,,,,
232,4,破裂，脑(另见出血，蛛网膜下),"ruptured, brain (see also Hemorrhage, subarachnoid)",I60.9,0.9494783282279968,,,,,
233,3,视网膜,retina,H35.0,0.987726628780365,,,,,
233,4,糖尿病性(另见E10-E14伴有第四位数.3),diabetic (see also E10-E14 with fourth character.3),E14.3+ H36.0*,0.9625723361968994,,,,,
233,4,先天性,congenital,Q14.1,0.9210017919540405,,,,,
233,3,室间隔(另见动脉瘤，心脏),"interventricular septum (see also Aneurysm, heart)",I25.3,0.9869155883789062,,,,,
233,3,粟粒性,miliary,I67.1,0.9368472695350647,,,,,
233,4,破裂(另见出血，蛛网膜下),"ruptured (see also Hemorrhage, subarachnoid)",I60.7,0.9696308970451355,,,,,
233,3,锁骨下(动脉)(破裂),subclavian (artery) (ruptured),I72.8,0.9776872396469116,,,,,
233,4,梅毒性,syphilitic,A52.0+ I79.8*,0.9562633633613586,,,,,
233,3,威利斯环[大脑动脉环],circle of Willis,I67.1,0.984832763671875,,,,,
233,4,破裂,ruptured,I60.6,0.969473123550415,,,,,
233,4,先天性,congenital,Q28.3,0.9524440765380859,,,,,
233,5,破裂,ruptured,I60.6,0.938851535320282,,,,,
233,3,无名动脉(非梅毒性),innominate (nonsyphilitic),I72.8,0.9676256775856018,,,,,
233,4,梅毒性,syphilitic,A52.0+ I79.8*,0.9465614557266235,,,,,
233,3,下肢,lower limb,I72.4,0.9834510684013367,,,,,
233,3,先天性(周围),congenital (peripheral),Q27.8,0.989650309085846,,,,,
233,4,肺动脉,pulmonary,Q25.7,0.9750497937202454,,,,,
233,4,冠状动脉,coronary,Q24.5,0.9419784545898438,,,,,
233,4,脑,brain,Q28.3,0.9041228890419006,,,,,
233,5,破裂(另见出血，蛛网膜下),"ruptured (see also Hemorrhage, subarachnoid)",I60.9,0.9453780651092529,,,,,
233,4,视网膜,retina,Q14.1,0.9641565084457397,,,,,
233,3,心壁(另见动脉瘤，心脏),"mural (see also Aneurysm, heart)",I25.3,0.9924685955047607,,,,,
233,3,心肌(另见动脉瘤，心脏),"myocardium (see also Aneurysm, heart)",I25.3,0.9801996350288391,,,,,
233,3,心室[心室壁瘤](另见动脉瘤，心脏),"ventricle (see also Aneurysm, heart)",I25.3,0.9832318425178528,,,,,
233,3,心性(假)(另见动脉瘤，心脏),"cardiac (false) (see also Aneurysm, heart)",I25.3,0.9731000065803528,,,,,
233,3,心脏(壁)(慢性或伴有提及持续时间超过4周者),heart (wall) (chronic or with a stated duration of over 4 weeks),I25.3,0.9025663137435913,,,,,
233,4,瓣膜 - 见 心内膜炎,valve - see Endocarditis,,0.894389808177948,,,,,
233,4,急性或伴有提及持续时间在4周或小于4周者,acute or with a stated duration of 4 weeks or less,I21.9,0.9711289405822754,,,,,
233,3,胸部(主动脉)(弓)(非梅毒性),"chest, thorax, thoracic (aorta) (arch) (nonsyphilitic)",I71.2,0.9819462299346924,,,,,
233,4,夹层(破裂),dissecting (ruptured),I71.0,0.9544765949249268,,,,,
233,4,梅毒性,syphilitic,A52.0+ I79.0*,0.9643126130104065,,,,,
233,4,破裂,ruptured,I71.1,0.937752902507782,,,,,
233,3,胸腹(主动脉),thoracoabdominal (aorta),I71.6,0.9422869086265564,,,,,
233,4,破裂,ruptured,I71.5,0.9664108753204346,,,,,
233,3,胸内(非梅毒性),intrathoracic (nonsyphilitic),I71.2,0.9675154089927673,,,,,
233,4,梅毒性,syphilitic,A52.0+ I79.0*,0.9697546362876892,,,,,
233,4,破裂,ruptured,I71.1,0.9804521203041077,,,,,
233,3,圆柱状(主动脉),cylindroid (aorta),I71.9,0.9465178847312927,,,,,
233,4,梅毒性,syphilitic,A52.0+ I79.0*,0.9702619910240173,,,,,
233,4,破裂,ruptured,I71.8,0.9861902594566345,,,,,
233,3,中枢神经系统，梅毒性,"central nervous system, syphilitic",A52.0+ I68.8*,0.9633134007453918,,,,,
234,3,周围 NEC,peripheral NEC,I72.8,0.9129104614257812,,,,,
234,4,先天性,congenital,Q27.8,0.9456600546836853,,,,,
234,3,主动脉(非梅毒性),"aorta, aortic (nonsyphilitic)",I71.9,0.988555908203125,,,,,
234,4,瓣膜(心脏)(另见心内膜炎，主动脉),"valve (heart) (see also Endocarditis, aortic)",I35.8,0.983279824256897,,,,,
234,4,动脉硬化性 NEC,arteriosclerotic NEC,I71.9,0.9632070064544678,,,,,
234,5,破裂,ruptured,I71.8,0.94453364610672,,,,,
234,4,窦，先天性,"sinus, congenital",Q25.4,0.9497606754302979,,,,,
234,4,腹,abdominal,I71.4,0.878221869468689,,,,,
234,5,破裂,ruptured,I71.3,0.9814621806144714,,,,,
234,4,弓,arch,I71.2,0.885731041431427,,,,,
234,5,破裂,ruptured,I71.1,0.9449144601821899,,,,,
234,4,横,transverse,I71.2,0.8980143666267395,,,,,
234,5,破裂,ruptured,I71.1,0.9369168281555176,,,,,
234,4,夹层(任何部分)(破裂),dissecting (any part) (ruptured),I71.0,0.9552392363548279,,,,,
234,4,降,descending,I71.9,0.9789109230041504,,,,,
234,5,腹,abdominal,I71.4,0.9762144088745117,,,,,
234,6,破裂,ruptured,I71.3,0.971251368522644,,,,,
234,4,破裂,ruptured,I71.8,0.9730366468429565,,,,,
234,5,胸,thoracic,I71.2,0.9825938940048218,,,,,
234,4,破裂,ruptured,I71.1,0.9572380781173706,,,,,
234,4,梅毒性,syphilitic,A52.0+ I79.0*,0.9708150029182434,,,,,
234,4,破裂,ruptured,I71.8,0.9097578525543213,,,,,
234,4,升,ascending,I71.2,0.8827726244926453,,,,,
234,5,破裂,ruptured,I71.1,0.9059622287750244,,,,,
234,4,先天性,congenital,Q25.4,0.9711867570877075,,,,,
234,4,胸(弓),"thorax, thoracic (arch)",I71.2,0.9622790813446045,,,,,
234,5,破裂,ruptured,I71.1,0.9382926821708679,,,,,
234,4,胸腹,thoracoabdominal,I71.6,0.9770846366882324,,,,,
234,5,破裂,ruptured,I71.5,0.9425386786460876,,,,,
234,3,纵隔的(非梅毒性),mediastinal (nonsyphilitic),I72.8,0.9750848412513733,,,,,
234,4,梅毒性,syphilitic,A52.0+ I79.8*,0.9736396670341492,,,,,
234,2,动脉内膜炎(细菌性)(感染性)(脓毒性)(亚急性),Endarteritis (bacterial) (infective) (septic) (subacute),I77.6,0.9040666818618774,,,,,
234,3,闭塞性(另见动脉硬化),obliterans (see also Arteriosclerosis),I70.9,0.9776268005371094,,,,,
234,4,肺,pulmonary,I28.8,0.9340561628341675,,,,,
234,3,变形性- 见动脉硬化,deformans - see Arteriosclerosis,,0.9540053009986877,,,,,
234,3,大脑或脑脊髓,cerebral or cerebrospinal,I67.7,0.983834981918335,,,,,
234,3,结核性,tuberculous,A18.8+ I79.8*,0.9571099877357483,,,,,
234,3,老年性-见动脉硬化,senile - see Arteriosclerosis,,0.9849680662155151,,,,,
234,3,梅毒性,syphilitic,A52.0+ I79.8*,0.9472613334655762,,,,,
234,4,脑或大脑,brain or cerebral,A52.0+ I68.1*,0.9745007753372192,,,,,
234,4,先天性,congenital,A50.5+ I79.8*,0.9407833814620972,,,,,
234,3,脑,brain,I67.7,0.9495034217834473,,,,,
234,3,视网膜,retina,H35.0,0.9548406004905701,,,,,
234,3,栓子(另见栓塞),embolic (see also Embolism),I74.9,0.984503448009491,,,,,
234,2,动脉石- 见动脉硬化,Arteriolith - see Arteriosclerosis,,0.955021858215332,,,,,
234,2,动脉纤维化-见动脉硬化,Arteriofibrosis - see Arteriosclerosis,,0.9924243092536926,,,,,
235,2,动脉炎,Arteritis,I77.6,0.9245267510414124,,,,,
235,3,闭塞性-见动脉硬化,obliterans - see Arteriosclerosis,,0.9861136078834534,,,,,
235,3,变形性-见动脉硬化,deformans - see Arteriosclerosis,,0.993192732334137,,,,,
235,3,变应性(血管炎),allergic,M31.0,0.9921789169311523,,,,,
235,3,大脑,cerebral,I67.7,0.9891366958618164,,,,,
235,4,结核性,tuberculous,A18.8+ I68.1*,0.9707894325256348,,,,,
235,4,利斯特菌,listerial,A32.8+ I68.1*,0.9605978727340698,,,,,
235,4,梅毒性,syphilitic,A52.0+ I68.1*,0.9548094272613525,,,,,
235,4,系统性红斑狼疮的,in systemic lupus erythematosus,M32.1+ I68.2*,0.9746562838554382,,,,,
235,3,风湿性-见热，风湿热性,"rheumatic - see Fever, rheumatic",,0.9945303201675415,,,,,
235,3,冠状(动脉),coronary (artery),I25.8,0.947788655757904,,,,,
235,4,风湿性,rheumatic,I01.8,0.9775582551956177,,,,,
235,5,慢性,chronic,I09.8,0.9394158124923706,,,,,
235,4,梅毒性,syphilitic,A52.0+ I52.0*,0.938869059085846,,,,,
235,3,化脓性,suppurative,I77.2,0.9715344905853271,,,,,
235,3,坏死性或引起坏死的,necrosing or necrotizing,M31.9,0.9868198037147522,,,,,
235,4,特指的NEC,specified NEC,M31.8,0.9691632390022278,,,,,
235,3,结节性,nodosa,M30.0,0.9821447730064392,,,,,
235,3,巨细胞NEC,giant cell NEC,M31.6,0.9345040917396545,,,,,
235,4,伴有风湿性多肌痛,with polymyalgia rheumatica,M31.5,0.9921380281448364,,,,,
235,3,老年性-见动脉硬化,senile - see Arteriosclerosis,,0.9894391894340515,,,,,
235,3,颅(左)(右)，巨细胞,"cranial (left) (right), giant cell",M31.6,0.9719964265823364,,,,,
235,3,梅毒性(全身性),syphilitic (general),A52.0+ I79.8*,0.9706471562385559,,,,,
235,4,冠状动脉,coronary,A52.0+ I52.0*,0.9734885096549988,,,,,
235,4,脊柱,spinal,A52.0+ I79.8*,0.9163773655891418,,,,,
235,4,脑,brain,A52.0+ I68.1*,0.942965030670166,,,,,
235,3,脑,brain,I67.7,0.9172286987304688,,,,,
235,4,梅毒性,syphilitic,A52.0+ I68.1*,0.9778880476951599,,,,,
235,3,年轻女性主动脉弓综合征,young female aortic arch syndrome,M31.4,0.9859682321548462,,,,,
235,3,颞，巨细胞,"temporal, giant cell",M31.6,0.98094642162323,,,,,
235,3,无脉病,brachiocephalic,M31.4,0.9735291600227356,,,,,
235,3,主动脉(非梅毒性),aorta (nonsyphilitic),I77.6,0.9738211035728455,,,,,
235,4,梅毒性,syphilitic,A52.0+ I79.1*,0.9752434492111206,,,,,
235,3,主动脉弓,aortic arch,M31.4,0.952205240726471,,,,,
235,2,动脉硬化(弥漫性)(病)(全身性)(闭塞性)(老年性)(伴有钙化),"Arteriosclerosis, arteriosclerotic (diffuse) (disease) (general) (obliterans) (senile) (with calcification)",I70.9,0.9505225419998169,,,,,
235,3,肠系膜(慢性),mesenteric (chronic),K55.1,0.9815396666526794,,,,,
235,3,大脑,cerebral,I67.2,0.9540189504623413,,,,,
235,3,肺,pulmonary,I27.0,0.9664647579193115,,,,,
235,3,冠状(动脉),coronary (artery),I25.1,0.9657004475593567,,,,,
235,3,脊(髓),spinal (cord),G95.1,0.9698066711425781,,,,,
235,3,蒙克贝格,Mönckeberg's,I70.2,0.9614737629890442,,,,,
235,3,脑(血管),"brain, cerebrovascular",I67.2,0.9775428175926208,,,,,
236,3,肾(小动脉)(另见高血压，肾性),"kidney, renal (arterioles) (see also Hypertension, kidney)",I12.9,0.9662700295448303,,,,,
236,4,动脉,artery,I70.1,0.9343082308769226,,,,,
236,3,视网膜(血管性),retina (vascular),I70.8,0.9834882616996765,,,,,
236,3,四肢(动脉),arteries of extremities,I70.2,0.9595821499824524,,,,,
236,3,特指的动脉NEC,specified artery NEC,I70.8,0.9818449020385742,,,,,
236,3,心肾性(另见高血压，心肾性),"cardiorenal (see also Hypertension, cardiorenal)",I13.9,0.9305921792984009,,,,,
236,3,心血管,cardiovascular,I25.0,0.9905038475990295,,,,,
236,3,心脏(病),"cardiac, cardiopathy, heart (disease)",I25.1,0.9814510345458984,,,,,
236,3,中层,medial,I70.2,0.9698295593261719,,,,,
236,3,中枢神经系统,central nervous system,I67.2,0.9557051062583923,,,,,
236,3,周围(四肢的),peripheral (of extremities),I70.2,0.9779567122459412,,,,,
236,3,主动脉,aorta,I70.0,0.9649497866630554,,,,,
236,3,椎骨(动脉),vertebral (artery),I67.2,0.9660890102386475,,,,,
236,2,动脉硬化症 - 见 动脉硬化,Atherosclerosis - see Arteriosclerosis,,0.9407820701599121,,,,,
236,2,动脉中层炎 - 见 动脉炎,Mesarteritis - see Arteritis,,0.9094472527503967,,,,,
236,2,动脉粥样化- 现译名 粥样斑,"Atheroma, atheromatous",,0.9581406712532043,,,,,
236,2,动脉粥样化病 - 见 动脉硬化,Atheromatosis - see Arteriosclerosis,,0.9370410442352295,,,,,
236,2,动物恐怖,Zoophobia,F40.2,0.9700400233268738,,,,,
236,2,动眼综合征,Oculomotor syndrome,H51.9,0.9895867705345154,,,,,
236,1,dòng 冻,,,0.9791876673698425,,,,,
236,2,冻疮,"Chilblain(s), Pernio",T69.1,0.999820351600647,,,,,
236,2,冻伤,Frostbite,T35.7,0.9556169509887695,,,,,
236,3,伴有,with,,0.9695148468017578,,,,,
236,4,非全层皮肤丢失-见冻伤，按部位，浅表性,"partial thickness skin loss - see Frostbite, by site. superficial",,0.9829753637313843,,,,,
236,4,组织坏死-见冻伤，按部位，伴有组织坏死,"tissue necrosis - see Frostbite, by site, with tissue necrosis",,0.9751224517822266,,,,,
236,3,臂(意指上肢)(上)-见冻伤，肢，上,"arm (meaning upper limb) (upper) - see Frostbite, limb, upper",,0.9731987118721008,,,,,
236,3,大腿,thigh,T35.5,0.9877617359161377,,,,,
236,4,伴有组织坏死,with tissue necrosis,T34.6,0.9638732075691223,,,,,
236,4,浅表性,superficial,T33.6,0.9500030279159546,,,,,
236,3,腹壁,abdominal wall,T35.3,0.9858951568603516,,,,,
236,4,伴有组织坏死,with tissue necrosis,T34.3,0.9824253916740417,,,,,
236,4,浅表性,superficial,T33.3,0.9696212410926819,,,,,
236,3,骨盆,pelvis,T35.3,0.9745457172393799,,,,,
236,4,伴有组织坏死,with tissue necrosis,T34.3,0.9586611986160278,,,,,
236,4,浅表性,superficial,T33.3,0.9662541151046753,,,,,
237,3,踝(和足)(单独),ankle (and foot) (alone),T35.5,0.9583227634429932,,,,,
237,4,伴有,with,,0.7863363027572632,,,,,
237,5,腿-见冻伤，肢，下,"leg - see Frostbite, limb, lowe",,0.9027790427207947,,,,,
237,5,组织坏死,tissue necrosis,T34.8,0.9659619331359863,,,,,
237,4,浅表性,superficial,T33.8,0.9470567107200623,,,,,
237,3,脚趾,toes,T35.5,0.9660532474517822,,,,,
237,4,伴有组织坏死,with tissue necrosis,T34.8,0.9874500632286072,,,,,
237,4,浅表性,superficial,T33.8,0.9734123945236206,,,,,
237,3,颈部,neck,T35.2,0.9873301982879639,,,,,
237,4,伴有组织坏死.,with tissue necrosis,T34.1,0.9688012003898621,,,,,
237,4,浅表性,superficial,T33.1,0.960405707359314,,,,,
237,3,髋(和大腿),hip (and thigh),T35.5,0.990807056427002,,,,,
237,4,伴有组织坏死,with tissue necrosis,T34.6,0.9700309634208679,,,,,
237,4,浅表性,superficial,T33.6,0.9840573668479919,,,,,
237,3,面部,face,T35.2,0.9056403636932373,,,,,
237,4,伴有组织坏死,with tissue necrosis,T34.0,0.9940778017044067,,,,,
237,4,浅表性,superficial,T33.0,0.9752112030982971,,,,,
237,3,浅表性,superficial,T33.9,0.954074501991272,,,,,
237,4,身体多个部位,multiple body regions,T35.0,0.9787633419036865,,,,,
237,4,特指部位NEC,specified site NEC,T33.9,0.9714571833610535,,,,,
237,3,躯干,trunk,T35.3,0.9803557395935059,,,,,
237,4,伴有组织坏死,with tissue necrosis,T34.9,0.9906880259513855,,,,,
237,4,浅表性,superficial,T33.9,0.9661033153533936,,,,,
237,3,身体多个部位,multiple body regions,T35.6,0.9953970313072205,,,,,
237,4,伴有组织坏死,with tissue necrosis,T35.1,0.9943898320198059,,,,,
237,4,浅表性,superficial,T35.0,0.9910259246826172,,,,,
237,3,手(和手指)(单独),hand (and fingers) (alone),T35.4,0.9703769087791443,,,,,
237,4,伴有,with,,0.7851287126541138,,,,,
237,5,臂-见冻伤，肢，上,"arm - see Frostbite, limb, upper",,0.9635353088378906,,,,,
237,5,组织坏死,tissue necrosis,T34.5,0.9877620339393616,,,,,
237,4,浅表性,superficial,T33.5,0.9703528881072998,,,,,
237,3,手指,fingers,T35.4,0.9841813445091248,,,,,
237,4,伴有组织坏死,with tissue necrosis,T34.5,0.9756731390953064,,,,,
237,4,浅表性,superficial,T33.5,0.977783203125,,,,,
237,3,头部,head,T35.2,0.9680009484291077,,,,,
237,4,伴有组织坏死,with tissue necrosis,T34.0,0.9819279909133911,,,,,
237,4,浅表性,superficial,T33.0,0.9724993705749512,,,,,
237,3,腿,leg,,0.8914546966552734,,,,,
237,4,小,lower,,0.6466855406761169,,,,,
237,5,伴有组织坏死,with tissue necrosis,T34.7,0.9885019659996033,,,,,
237,5,浅表性,superficial,T33.7,0.9649412631988525,,,,,
237,4,意指下肢-见冻伤，肢，,"meaning lower limb - see Frostbite, limb, lower",,0.9343776106834412,,,,,
238,3,腕(和手)(单独),wrist (and hand) (alone),T35.4,0.9828470349311829,,,,,
238,4,伴有,with,,0.7256172895431519,,,,,
238,5,臂-见冻伤，肢，,"arm - see Frostbite, limb, upp",,0.9333958029747009,,,,,
238,5,组织坏死,tissue necrosis,T34.5,0.951694905757904,,,,,
238,4,浅表性,superficial,T33.5,0.9706524610519409,,,,,
238,3,膝,knee,T35.5,0.9640412926673889,,,,,
238,4,伴有组织坏死,with tissue necrosis,T34.7,0.9776905179023743,,,,,
238,4,浅表性,superficial,T33.7,0.9953433871269226,,,,,
238,3,胸部,thorax,T35.3,0.9766253232955933,,,,,
238,4,伴有组织坏死,with tissue necrosis,T34.2,0.9859551787376404,,,,,
238,4,浅表性,superficial,T33.2,0.972268283367157,,,,,
238,3,肢,limb,,0.9746570587158203,,,,,
238,4,上,upper,T35.4,0.8918858766555786,,,,,
238,5,伴有组织坏死,with tissue necrosis,T34.4,0.9805914163589478,,,,,
238,5,浅表性,superficial,T33.4,0.9663078784942627,,,,,
238,4,下,lower,T35.5,0.8856168389320374,,,,,
238,5,。———伴有组织坏死,with tissue necrosis,T34.9,0.9655182361602783,,,,,
238,5,浅表性,superficial,T33.9,0.9704325795173645,,,,,
238,3,足(和趾)(单独),foot (and toes) (alone),T35.5,0.9615053534507751,,,,,
238,4,伴有,with,,0.7808472514152527,,,,,
238,5,腿-见冻伤，肢，下,"leg - see Frostbite, limb, lower",,0.9447433948516846,,,,,
238,5,组织坏死,tissue necrosis,T34.8,0.9475477337837219,,,,,
238,4,浅表性,superficial,T33.8,0.9949976801872253,,,,,
238,1,dòu 豆,,,0.9998841881752014,,,,,
238,2,豆状核变性，进行性,"Lenticular degeneration, progressive",E83.0,0.999366283416748,,,,,
238,1,dòu 窦,,,0.9998748302459717,,,,,
238,2,窦(道)-另见瘘,Sinus - see also Fistula,,0.9859049916267395,,,,,
238,3,边缘，破裂或出血,"marginal, ruptured or bleeding",O46.8,0.9895632863044739,,,,,
238,4,伴有前置胎盘,with placenta previa,O44.1,0.9300193786621094,,,,,
238,5,影响到胎儿或新生儿,affecting fetus or newborn,P02.0,0.989929735660553,,,,,
238,4,影响到胎儿或新生儿,affecting fetus or newborn,P02.1,0.9744234085083008,,,,,
238,3,藏毛(感染性)(直肠),pilonidal (infected) (rectum),L05.9,0.974670946598053,,,,,
238,4,伴有脓肿,with abscess,L05.0,0.9840040802955627,,,,,
238,3,道(感染后)-见瘘,tract (postinfective) - see Fistula,,0.981452226638794,,,,,
238,3,耳屏前,pretragal,Q18.1,0.9559537172317505,,,,,
238,3,耳前,preauricular,Q18.1,0.9576137661933899,,,,,
238,3,感染性，皮肤 NEC,"infected, skin NEC",L08.8,0.938315212726593,,,,,
238,3,睾丸,testis,N50.8,0.8965218663215637,,,,,
238,3,近中的，面部和颈部,"medial, face and neck",Q18.8,0.98269122838974,,,,,
238,3,颅骨膜(血),pericranii,Q01.9,0.9970256686210632,,,,,
238,3,罗-阿[罗基坦斯基-阿绍夫](胆囊),Rokitansky-Aschoff (gallbladder),K82.8,0.9868782162666321,,,,,
239,3,皮肤(先天性),dermal (congenital),L05.9,0.9771709442138672,,,,,
239,4,伴有脓肿,with abscess,L05.0,0.958665668964386,,,,,
239,4,尾骨，藏毛-见窦(道)，尾骨,"coccygeal, pilonidal - see Sinus, coccygeal",,0.9316613674163818,,,,,
239,3,鳃裂(外)(内),branchial cleft (external) (internal),Q18.0,0.9799812436103821,,,,,
239,3,尾骨,coccygeal,L05.9,0.9729762673377991,,,,,
239,4,伴有脓肿,with abscess,L05.0,0.9700504541397095,,,,,
239,3,牙,dental,K04.6,0.970459520816803,,,,,
239,3,直肠阴道,rectovaginal,N82.3,0.9797832369804382,,,,,
239,2,窦，混浊的,"Cloudy antrum, antra",J32.0,0.9989718198776245,,,,,
239,2,窦的 - 见情况,"Antrum, antral - see condition",,0.9703640937805176,,,,,
239,2,窦性,Sinus,,0.999987781047821,,,,,
239,3,间歇,pause,I45.5,0.9618349075317383,,,,,
239,3,停搏,arrest,I45.5,0.9829860329627991,,,,,
239,3,心动过缓,bradycardia,R00.1,0.9765622615814209,,,,,
239,3,心动过速,tachycardia,R00.0,0.9884512424468994,,,,,
239,4,阵发性,paroxysmal,I47.1,0.9175349473953247,,,,,
239,3,心律不齐,arrhythmia,I49.8,0.977544903755188,,,,,
239,2,窦炎(慢性),Antritis (chronic),J32.0,0.9996764063835144,,,,,
239,3,急性,acute,J01.0,0.9703229069709778,,,,,
239,1,dú 毒,,,0.9380440711975098,,,,,
239,2,毒性(中毒)-另见情况,"Toxic, Toxicity (poisoning) - see also condition",T65.9,0.9974148869514465,,,,,
239,3,蚕豆,fava bean,D55.0,0.9828532934188843,,,,,
239,3,甲状(腺)(另见甲状腺毒症),thyroid (gland) (see also Thyrotoxicosis),E05.9,0.97735196352005,,,,,
239,3,休克综合征,shock syndrome,A48.3,0.978638231754303,,,,,
239,3,由于药物或非医药物质-见药物和化学制剂表,from drug or nonmedicinal substance - see Table of drugs and chemicals,,0.9970205426216125,,,,,
239,2,毒血症,"Toxicemia, Toxemia",R68.8,0.9855590462684631,,,,,
239,3,泌尿性(另见尿毒症),urinary (see also Uremia),N19,0.9882498979568481,,,,,
239,3,尿毒症性(另见尿毒症),uremic (see also Uremia),N19,0.9771440029144287,,,,,
239,3,脓毒性(另见败血症),septic (see also Septicemia),A41.9,0.989534318447113,,,,,
239,3,疲劳性,fatigue,R68.8,0.9936081767082214,,,,,
239,3,妊娠(另见先兆子痫),of pregnancy (see also Pre-eclampsia),O14.9,0.979217529296875,,,,,
239,4,影响到胎儿或新生儿,affecting fetus or newborn,P00.0,0.9879288673400879,,,,,
239,3,妊娠母体的，影响到胎儿或新生儿,"maternal (of pregnancy), affecting fetus or newborn",P00.0,0.9974361062049866,,,,,
239,3,烧伤-见烧伤,burn - see Burn,,0.9747115969657898,,,,,
239,3,肾性(另见尿毒症),kidney (see also Uremia),N19,0.9651410579681396,,,,,
239,3,细菌性-见败血症,bacterial - see Septicemia,,0.9864060282707214,,,,,
239,3,先兆子痫(另见先兆子痫),pre-eclamptic (see also Pre-eclampsia),O14.9,0.9913409352302551,,,,,
239,3,心肌-见心肌炎，中毒性,"myocardial - see Myocarditis, toxic",,0.987260103225708,,,,,
239,3,郁滞性,stasis,R68.8,0.9957587122917175,,,,,
239,3,子痫性(另见子痫),eclamptic (see also Eclampsia),O15.9,0.9711582064628601,,,,,
240,2,毒液，有毒动物的,"Venom, venomous",,0.9999809861183167,,,,,
240,3,被咬伤或螫伤(动物或昆虫)(伴有变态或过敏性休克),bite or sting (animal or insect) (with allergic or anaphylactic shock),T63.9,0.9734905958175659,,,,,
240,4,贝壳类,shellfish,T63.6,0.962735652923584,,,,,
240,4,海葵,sea anemone,T63.6,0.9482523202896118,,,,,
240,4,海蛇,sea-snake,T63.0,0.9847250580787659,,,,,
240,4,海生动物NEC,marine animal NEC,T63.6,0.9912931323051453,,,,,
240,4,海星,starfish,T63.6,0.9559214115142822,,,,,
240,4,海蛰,jellyfish,T63.6,0.9697659611701965,,,,,
240,4,节肢动物NEC,arthropod NEC,T63.4,0.9643697738647461,,,,,
240,4,蝎子,scorpion,T63.2,0.9131333827972412,,,,,
240,4,蜘蛛,spider,T63.3,0.9524847865104675,,,,,
240,4,昆虫 NEC,insect NEC,T63.4,0.9583492279052734,,,,,
240,4,爬行动物 NEC,reptile NEC,T63.1,0.9699700474739075,,,,,
240,4,蛇,snake,T63.0,0.9641971588134766,,,,,
240,4,蜥蜴,lizard,T63.1,0.9456523656845093,,,,,
240,3,中毒-见毒液，被咬伤或螫伤,"poisoning - see Venom, bite or stin",,0.970550537109375,,,,,
240,1,dú 独,,,0.9999682307243347,,,,,
240,2,独星蜱热[美洲钝眼蜱热],Lone Star fever,A77.0,0.9943443536758423,,,,,
240,2,独眼畸胎,"Cyclopia, cyclops",Q87.0,0.994846761226654,,,,,
240,2,独眼者,Cyclopism,Q87.0,0.9999011158943176,,,,,
240,1,dú 读,,,0.9185056686401367,,,,,
240,2,读字倒反,Strephosymbolia,F81.0,0.9568861126899719,,,,,
240,3,继发于器质性损害,secondary to organic lesion,R48.8,0.9860342741012573,,,,,
240,1,dǔ 赌,,,0.9979440569877625,,,,,
240,2,赌博,Gambling,Z72.6,0.9998112916946411,,,,,
240,3,病理性(强迫性),pathological (compulsive),F63.0,0.9866689443588257,,,,,
240,1,dù 杜,,,0.9661415815353394,,,,,
240,2,杜安综合征[后退性斜视],Duane's syndrome,H50.8,0.9999239444732666,,,,,
240,2,杜宾-约翰逊病或杜宾-约翰逊综合征[黄疸-肝脏色素沉着综合征],Dubin-Johnson disease or syndrome,E80.6,0.9788346886634827,,,,,
240,2,杜博维茨综合征,Dubowitz' syndrome,Q87.1,0.9880409240722656,,,,,
240,2,杜克雷下疳,Ducrey's chancre,A57,0.9988397359848022,,,,,
240,2,杜林病[疱疹样皮炎],Duhring's disease,L13.0,0.9996813535690308,,,,,
240,2,杜姆杜马病[黑热病，经典型内脏利什曼病],Dumdum fever,B55.0,0.9849264621734619,,,,,
241,1,dù 妒,,,,,,,,
241,2,妒嫉症,Jealousy,,0.9994149208068848,,,,,
241,3,儿童期,childhood,F93.8,0.985456109046936,,,,,
241,3,酒精中毒性,alcoholic,F10.5,0.9861429333686829,,,,,
241,3,同胞,sibling,F93.3,0.9769617319107056,,,,,
241,1,duān 端,,,0.9620723128318787,,,,,
241,2,端坐呼吸,Orthopnea,R06.0,0.9829151034355164,,,,,
241,1,duǎn 短,,,0.9477443099021912,,,,,
241,2,短，缩短,Short,,0.9997942447662354,,,,,
241,3,臂(后天性),arm (acquired),M21.7,0.9888586401939392,,,,,
241,4,先天性,congenital,Q71.8,0.9348500967025757,,,,,
241,3,大腿(后天性),thigh (acquired),M21.7,0.9922698736190796,,,,,
241,4,先天性,congenital,Q72.4,0.9505529403686523,,,,,
241,3,胆囊管，先天性,"cystic duct, congenital",Q44.5,0.9853962659835815,,,,,
241,3,胆总管，先天性,"common bile duct, congenital",Q44.5,0.9909020662307739,,,,,
241,3,短肢身材，伴有免疫缺陷,"limbed stature, with immunodeficiency",D82.2,0.9971556067466736,,,,,
241,3,腭，先天性,"palate, congenital",Q38.5,0.9918534755706787,,,,,
241,3,股骨(后天性),femur (acquired),M21.7,0.9923457503318787,,,,,
241,4,先天性,congenital,Q72.4,0.9298295974731445,,,,,
241,3,腱,tendon,M67.1,0.9861669540405273,,,,,
241,4,伴有关节挛缩,with contracture of joint,M24.5,0.9466391801834106,,,,,
241,4,跟腱(后天性),Achilles (acquired),M67.0,0.9807676076889038,,,,,
241,5,先天性,congenital,Q66.8,0.9427469372749329,,,,,
241,4,先天性,congenital,Q79.8,0.9535560011863708,,,,,
241,3,胫前肌(腱),tibialis anterior (tendon),M67.1,0.9905461668968201,,,,,
241,3,髋(后天性),hip (acquired),M21.7,0.9829806089401245,,,,,
241,4,先天性,congenital,Q65.8,0.9605330228805542,,,,,
241,3,肋骨综合征,rib syndrome,Q77.2,0.9808929562568665,,,,,
241,3,尿道,urethra,N36.8,0.9699283242225647,,,,,
241,3,脐带，并发于分娩,"cord (umbilical), complicating delivery",O69.3,0.9899954795837402,,,,,
241,4,影响到胎儿或新生儿,affecting fetus or newborn,P02.6,0.9840949773788452,,,,,
241,3,器官或部位，先天性NEC-见扭转,"organ or site, congenital NEC - see Distortion",,0.993120551109314,,,,,
241,3,桡骨(后天性),radius (acquired),M21.7,0.9731053709983826,,,,,
241,4,先天性,congenital,Q71.4,0.9187307953834534,,,,,
241,3,食管(先天性),esophagus (congenital),Q39.8,0.988130509853363,,,,,
241,3,腿(后天性),leg (acquired),M21.7,0.9877399206161499,,,,,
241,4,先天性,congenital,Q72.8,0.9236804246902466,,,,,
241,3,系带，舌(先天性),"frenum, frenulum, linguae (congenital)",Q38.1,0.9947054982185364,,,,,
241,3,悬雍垂，先天性,"uvula, congenital",Q38.5,0.9822518825531006,,,,,
241,3,阴道(先天性),vagina (congenital),Q52.4,0.9602699875831604,,,,,
241,3,跖骨(先天性),metatarsus (congenital),Q66.8,0.9862865805625916,,,,,
241,4,后天性,acquired,M21.8,0.9219566583633423,,,,,
242,2,短绌,Dropped,,0.9657996892929077,,,,,
242,3,心率,heart beats,I45.9,0.9656891226768494,,,,,
242,2,短促,Shortening,,0.9998716115951538,,,,,
242,3,呼吸,breath,R06.0,0.955419659614563,,,,,
242,2,短颈,Brevicollis,Q76.4,0.9999606013298035,,,,,
242,2,短头畸形,Brachycephaly,Q75.0,0.9995481371879578,,,,,
242,2,短吻鳄皮肤病,Alligator skin disease,Q80.9,0.9978200197219849,,,,,
242,2,短暂性(意指无家可归)(另见情况),Transient (meaning homeless) (see also condition),Z59.0,0.9952432513237,,,,,
242,2,短肢[海豹肢],Phocomelia,Q73.1,0.9995488524436951,,,,,
242,3,上肢,upper limb,Q71.1,0.9484009146690369,,,,,
242,3,下肢,lower limb,Q72.1,0.9668180346488953,,,,,
242,2,短肢畸形(未特指的),Ectromelia,Q73.8,0.9997576475143433,,,,,
242,3,上肢,upper limb,Q71.9,0.9753192663192749,,,,,
242,3,下肢,lower limb,Q72.9,0.9599602222442627,,,,,
242,1,duàn 断,,,0.9998795390129089,,,,,
242,2,断，折断,Broken,,0.9998841285705566,,,,,
242,3,背-见骨折，脊椎,"back - see Fracture, vertebra",,0.9798417687416077,,,,,
242,3,鼻,nose,S02.2,0.9897738099098206,,,,,
242,3,臂,arm,,0.9997125864028931,,,,,
242,4,上-见骨折，上臂,"upper - see Fracture, arm, upper",,0.9168510437011719,,,,,
242,4,意指上肢-见骨折，肢，上,"meaning upper limb - see Fracture, limb, upper",,0.9603070020675659,,,,,
242,3,骨-见骨折,bone - see Fracture,,0.9829913973808289,,,,,
242,3,腿,leg,,0.9896948337554932,,,,,
242,4,小-见骨折，小腿,"lower - see Fracture, leg, lower",,0.9430162310600281,,,,,
242,4,意指下肢-见骨折，肢，下,"meaning lower limb - see Fracture, limb, lower",,0.9235560297966003,,,,,
242,3,牙,"tooth, teeth",S02.5,0.9071769714355469,,,,,
242,3,植入物或内装置-见并发症，按部位和类型，机械性,"implant or internal device - see Complications, by site and type, mechanical",,0.9903737902641296,,,,,
242,3,足弓,arches,M21.4,0.9722054600715637,,,,,
242,4,先天性,congenital,Q66.5,0.9548062086105347,,,,,
242,2,断裂,"Rupture, ruptured",,0.9999380111694336,,,,,
242,3,半月板(膝)(另见撕裂，半月板),"meniscus (knee) (see also Tear, meniscus)",S83.2,0.9718234539031982,,,,,
242,4,陈旧性(另见紊乱，半月板),"old (see also Derangement, meniscus)",M23.2,0.9642289280891418,,,,,
242,4,膝以外部位-作为扭伤编码,site other than knee - code as Sprain,,0.9484780430793762,,,,,
242,3,骨-见骨折,bone - see Fracture,,0.9866511225700378,,,,,
242,3,腱索NEC,chordae tendineae NEC,I51.1,0.9585710763931274,,,,,
242,4,急性心肌梗死后(近期并发症),following acute myocardial infarction (current complication),I23.4,0.9607275128364563,,,,,
242,4,同时伴有急性心肌梗死-见梗死，心肌,"concurrent with acute myocardial infarction - see Infarct, myocardium",,0.9708461761474609,,,,,
242,3,软骨(关节)(近期)(另见扭伤),cartilage (articular) (current) (see also Sprain),T14.3,0.9728185534477234,,,,,
242,4,半月-见撕裂，半月板,"semilunar - see Tear, meniscus",,0.9307056069374084,,,,,
242,4,膝,knee,S83.3,0.9566822648048401,,,,,
242,3,椎间盘-见移位，椎间盘,"intervertebral disk - see Displacement, intervertebral disk",,0.9923324584960938,,,,,
243,2,断裂，视网膜(不伴有脱离),"Break, retina (without detachment)",H33.3,0.999204158782959,,,,,
243,3,伴有视网膜脱离,with retinal detachment,H33.0,0.9760631322860718,,,,,
243,2,断头术，砍头,Decapitation,S18,0.9665290713310242,,,,,
243,3,胎儿(以促进分娩),fetal (to facilitate delivery),P03.8,0.9959446787834167,,,,,
243,1,duàn 锻,,,0.9874013066291809,,,,,
243,2,锻炼,Exercise,,0.9999454021453857,,,,,
243,3,呼吸,breathing,Z50.1,0.9918568134307861,,,,,
243,3,矫正性 NEC,remedial NEC,Z50.1,0.9706133604049683,,,,,
243,3,治疗性 NEC,therapeutic NEC,Z50.1,0.9517956972122192,,,,,
243,1,duì 对,,,0.9990901947021484,,,,,
243,2,对变应原脱敏,Desensitization to allergens,Z51.6,0.9904451370239258,,,,,
243,2,对侧感觉,"Allocheiria, allochiria",R20.8,0.9919610023498535,,,,,
243,1,dùn 盾,,,0.9843233823776245,,,,,
243,2,盾状肾,Shield kidney,Q63.1,0.9999215602874756,,,,,
243,1,duō 多,,,0.9993143677711487,,,,,
243,2,多-另见情况,"Multiple, multiplex - see also conditio",,0.9984429478645325,,,,,
243,3,胎分娩-见分娩，多胎,"delivery - see Delivery, multiple",,0.984663188457489,,,,,
243,3,胎出生，影响到胎儿或新生儿,"birth, affecting fetus or newborn",P01.5,0.9832500219345093,,,,,
243,3,指[趾](先天性),digits (congenital),Q69.9,0.9986864328384399,,,,,
243,2,多倍体,Polyploidy,Q92.7,0.9999537467956543,,,,,
243,2,多产-见经产妇,Multiparity,,0.9979314208030701,,,,,
243,2,多重,"Multiple, multiplex",,0.9999775886535645,,,,,
243,3,人格,personality,F44.8,0.9873061776161194,,,,,
243,2,多动,"Hyperactive, Overactive",,0.985706090927124,,,,,
243,3,儿童[注意缺陷障碍],child,F90.9,0.9625201225280762,,,,,
243,4,注意力缺陷,attention deficit,F90.0,0.9922540783882141,,,,,
243,3,障碍，与精神发育迟缓和刻板运动有关,"disorder, associated with mental retardation and stereotyped movements",F84.4,0.988399088382721,,,,,
243,2,多动脉炎,Polyarteritis,,0.9998958110809326,,,,,
243,3,显微镜下,microscopic,M31.7,0.9571025967597961,,,,,
243,2,多动腿(综合征),Restless legs (syndrome),G25.8,0.9991763830184937,,,,,
243,2,多耳畸形,Polyotia,Q17.0,0.9999251961708069,,,,,
243,2,多发性-另见情况,"Multiple, multiplex - see also condition",,0.9925438165664673,,,,,
243,3,恶性肿瘤，HIV病所致,"malignant neoplasms, resulting from HIV disease",B21.7,0.9852089285850525,,,,,
243,3,感染，HIV病所致,"infections, resulting from HIV disease",B20.7,0.9944303631782532,,,,,
243,3,疾病NEC，HIV病所致,"diseases NEC, resulting from HIV disease",B22.7,0.9782493114471436,,,,,
243,2,多发性肌阵挛,Paramyoclonus multiplex,G25.3,0.9998812079429626,,,,,
244,2,"多发性脑脊膜瘤(弥漫性)(M9530/1) - 见 肿瘤,脑脊膜，动态未定","Meningiomatosis (diffuse) (M9530/1) - see Neoplasm, meninges, uncertain behavior",,0.9634736180305481,,,,,
244,2,多发性血管瘤(全身性),Hemangiomatosis (systemic),Q82.8,0.9991434812545776,,,,,
244,3,涉及单一部位(M9120/0)-见血管瘤,involving single site (M9120/0) - see Hemangioma,,0.9760649800300598,,,,,
244,2,多发性硬化,Sclose en plaques,G35,0.9520485401153564,,,,,
244,2,多睾畸形,"Polyorchism, polyorchidism",Q55.2,0.9973239898681641,,,,,
244,2,多骨纤维性结构不良,Polyostotic fibrous dysplasia,Q78.1,0.9997991323471069,,,,,
244,2,多关节病,Polyarthrosis,M15.9,0.9899096488952637,,,,,
244,3,创伤后,post-traumatic,M15.3,0.9837349653244019,,,,,
244,3,特指的 NEC,specified NEC,M15.8,0.9866852164268494,,,,,
244,3,原发性,primary,M15.0,0.9690151214599609,,,,,
244,2,多关节痛,Polyarthralgia,M25.5,0.9535757899284363,,,,,
244,3,心因性,psychogenic,F45.4,0.9929840564727783,,,,,
244,2,多关节炎，多关节病(另见关节炎),"Polyarthritis, polyarthropathy (see also Arthritis)",M13.0,0.9958319067955017,,,,,
244,3,风湿性，急性-见热，风湿热,"rheumatic, acute - see Fever, rheumatic",,0.9956052899360657,,,,,
244,3,感染性-见关节炎，传染性,"infective - see Arthritis, infectious",,0.9962555766105652,,,,,
244,3,流行性(澳大利亚)(伴有疹病),epidemic (Australian) (with exanthema),B33.1,0.9835197329521179,,,,,
244,3,炎性,inflammatory,M06.4,0.9939448833465576,,,,,
244,3,由于或与其他特指情况有关 - 见 关节炎i,due to or associated with other specified conditions - see Arthritis,,0.9564019441604614,,,,,
244,3,游走性-见热，风湿热,"migratory - see Fever, rheumatic",,0.9867619872093201,,,,,
244,3,幼年型(慢性)(血清反应阴性的),juvenile (chronic) (seronegative),M08.3,0.980086624622345,,,,,
244,2,多汗,"Hyperhidrosis, hyperidrosis",R61.9,0.9999274015426636,,,,,
244,3,局部性,localized,R61.0,0.9723522663116455,,,,,
244,3,全身性,generalized,R61.1,0.9476855397224426,,,,,
244,3,心因性,psychogenic,F45.8,0.980718731880188,,,,,
244,2,多肌痛,Polymyalgia,M35.3,0.9743825197219849,,,,,
244,3,动脉性，巨细胞,"arteritica, giant cell",M31.5,0.976655125617981,,,,,
244,3,风湿性,rheumatica,M35.3,0.9751354455947876,,,,,
244,4,伴有巨细胞动脉炎,with giant cell arteritis,M31.5,0.9483057856559753,,,,,
244,2,多肌炎(急性)(慢性)(出血性),Polymyositis (acute) (chronic) (hemorrhagic),M33.2,0.9893121123313904,,,,,
244,3,伴有累及,with involvement of,,0.9934902191162109,,,,,
244,4,肺,lung,M33.2+ J99.1*,0.9748279452323914,,,,,
244,4,皮肤,skin,M33.9,0.944394588470459,,,,,
244,3,骨化性(全身性)(进行性),ossificans (generalisata) (progressiva),M61.1,0.9722310900688171,,,,,
244,2,多甲畸形,Polyunguia,Q84.6,0.9999377131462097,,,,,
244,2,多浆膜炎,Polyserositis,,0.9999397993087769,,,,,
244,3,结核性,tuberculous,A19.9,0.9980884194374084,,,,,
244,4,急性,acute,A19.1,0.9540019035339355,,,,,
244,4,慢性,chronic,A19.8,0.9651435017585754,,,,,
244,3,周期性，家族性,"periodic, familial",E85.0,0.9911662340164185,,,,,
244,2,多脉管炎,Polyangiitis,M30.0,0.9923809766769409,,,,,
244,3,重叠综合征,overlap syndrome,M30.8,0.9659942984580994,,,,,
244,3,显微镜下,microscopic,M31.7,0.9876412153244019,,,,,
245,2,多毛(症),Hypertrichosis,L68.9,0.99974125623703,,,,,
245,3,局部性,localized,L68.2,0.9639223217964172,,,,,
245,3,胎毛,lanuginosa,Q84.2,0.9925433993339539,,,,,
245,4,后天性,acquired,L68.1,0.9250182509422302,,,,,
245,3,特指的 NEC,specified NEC,L68.8,0.9733883738517761,,,,,
245,3,先天性,congenital,Q84.2,0.9866108894348145,,,,,
245,3,眼睑,eyelid,H02.8,0.9607997536659241,,,,,
245,2,多毛症,Polytrichia,L68.3,0.9817391633987427,,,,,
245,2,多毛症(男性型),"Hirsutism, hirsuties",L68.0,0.9998846054077148,,,,,
245,2,多囊(病),Polycystic (disease),,0.9996228218078613,,,,,
245,3,变性，肾,"degeneration, kidney",Q61.3,0.9951725602149963,,,,,
245,4,常染色体显性(成人型),autosomal dominant (adult type),Q61.2,0.9760626554489136,,,,,
245,4,常染色体隐性(婴儿型),autosomal recessive (infantile type),Q61.1,0.9623057842254639,,,,,
245,3,肺,lung,J98.4,0.9532598853111267,,,,,
245,4,先天性,congenital,Q33.0,0.931828498840332,,,,,
245,3,肝,liver,Q44.6,0.9588451981544495,,,,,
245,3,卵巢,"ovary, ovaries",E28.2,0.960869550704956,,,,,
245,3,肾,kidney,Q61.3,0.9722381234169006,,,,,
245,4,常染色体显性(成人型),autosomal dominant (adult type),Q61.2,0.9781525135040283,,,,,
245,4,常染色体隐性(婴儿型),autosomal recessive (infantile type),Q61.1,0.9888143539428711,,,,,
245,2,多尿(夜间),"Diuresis, Polyuria (nocturnal)",R35,0.9713740348815918,,,,,
245,3,心因性,psychogenic,F45.3,0.9740324020385742,,,,,
245,2,多诺霍综合征,Donohue's syndrome,E34.8,0.9999486804008484,,,,,
245,2,多泡肺综合征,Bubbly lung syndrome,P27.0,0.9610547423362732,,,,,
245,2,多胚瘤(M9072/3)-见肿瘤，恶性,"Polyembryoma (M9072/3) - see Neoplasm, malignant",,0.9952439665794373,,,,,
245,2,多乳房,Polymastia,Q83.1,0.9702779054641724,,,,,
245,2,多软骨炎(萎缩性)(慢性),Polychondritis (atrophic) (chronic),M94.8,0.9884535670280457,,,,,
245,3,复发性,relapsing,M94.1,0.9623287916183472,,,,,
245,2,多神经病(周围),Polyneuropathy (peripheral),G62.9,0.9926721453666687,,,,,
245,3,带状疱疹后,postherpetic (zoster),B02.2+ G63.0*,0.9896185398101807,,,,,
245,3,淀粉样(葡萄牙型),amyloid (Portuguese),E85.1+ G63.3*,0.9730944037437439,,,,,
245,3,辐射性,radiation-induced,G62.8,0.9745179414749146,,,,,
245,3,感觉性(遗传性)(特发性),sensory (hereditary) (idiopathic),G60.8,0.9741479158401489,,,,,
245,3,见于(由于),in (due to),,0.9673795104026794,,,,,
245,4,白喉,diphtheria,A36.8+ G63.0*,0.9496098756790161,,,,,
245,4,卟啉病,porphyria,E80.2+ G63.3*,0.9526519775390625,,,,,
245,4,糙皮病,pellagra,E52+ G63.4*,0.9865767359733582,,,,,
245,4,传染性,infectious,,0.8244621157646179,,,,,
245,5,单核细胞增多症,mononucleosis,B27 G63.0*,0.9801947474479675,,,,,
245,5,疾病 NEC,disease NEC,B99+ G63.0*,0.949480414390564,,,,,
245,4,代谢性疾病 NEC,metabolic disease NEC,E88.9+ G63.3*,0.9587323665618896,,,,,
245,4,带状疱疹,herpes zoster,B02.2+ G63.0*,0.9729957580566406,,,,,
245,4,低血糖症,hypoglycemia,E16.2+ G63.3*,0.9695578217506409,,,,,
245,4,淀粉样变，家族性(葡萄牙型),"amyloidosis, familial (Portuguese)",E85.1+ G63.3*,0.9820314049720764,,,,,
246,4,毒性物质 NEC NEC,toxic agent NEC,G62.2,0.9739068746566772,,,,,
246,4,恶性肿瘤NEC(M8000/3)(另见 肿瘤，恶性),"malignant neoplasm NEC (M8000/3) (see also Neoplasm, malignant)",C80+ G63.1*,0.9685379862785339,,,,,
246,4,辐射,radiation,G62.8,0.991550862789154,,,,,
246,4,寄生虫病 NEC,parasitic disease NEC,B89+ G63.0*,0.9511522054672241,,,,,
246,4,胶原血管性疾病 NEC,collagen vascular disease NEC,M35.9+ G63.5*,0.9479393362998962,,,,,
246,4,脚气病,beriberi,E51.1+ G63.4*,0.9818590879440308,,,,,
246,4,结核,tuberculosis,A17.8+ G63.0*,0.9777133464813232,,,,,
246,4,结节病,sarcoidosis,D86.8+ G63.8*,0.9827433228492737,,,,,
246,4,结节性多动脉炎,polyarteritis nodosa,M30.0+ G63.5*,0.9793357849121094,,,,,
246,4,酒精,alcohol,G62.1,0.958626925945282,,,,,
246,4,抗破伤风血清,antitetanus serum,G61.1,0.9854211211204529,,,,,
246,4,莱姆病,Lyme disease,A69.2+ G63.0*,0.9784937500953674,,,,,
246,4,类风湿关节炎,rheumatoid arthritis,M05.3+ G63.6*,0.9656842350959778,,,,,
246,4,流行性腮腺炎,mumps,B26.8+ G63.0*,0.9705538749694824,,,,,
246,4,麻风,leprosy,A30 G63.0*,0.9416862726211548,,,,,
246,4,梅毒(晚期),syphilis (late),A52.1+ G63.0*,0.9817339181900024,,,,,
246,5,先天性,congenital,A50.4+ G63.0*,0.9691001772880554,,,,,
246,4,内分泌疾病 NEC,endocrine disease NEC,E34.9+ G63.3*,0.9793121814727783,,,,,
246,4,尿毒症,uremia,N18.8+ G63.8*,0.9854512810707092,,,,,
246,4,铅,lead,G62.2,0.9025107622146606,,,,,
246,4,全身性,systemic,,0.9171127080917358,,,,,
246,5,红斑狼疮,lupus erythematosus,M32.1+ G63.5*,0.9720614552497864,,,,,
246,5,结缔组织疾患,connective tissue disorder,M35.9+ G63.5*,0.9649409055709839,,,,,
246,4,三(邻)甲酚磷酸酯,triorthocresyl phosphate,G62.2,0.9364551305770874,,,,,
246,4,砷,arsenic,G62.2,0.9295695424079895,,,,,
246,4,糖尿病(另见E10-E14伴有第四位数.4),diabetes (see also E10-E14 with fourth character .4),E14.4+ G63.2*,0.9572579264640808,,,,,
246,4,维生素B缺乏,deficiency of B vitamins,E53.9+ G63.4*,0.968950092792511,,,,,
246,4,维生素B缺乏,vitamin B deficiency,E53.8+ G63.4*,0.9792137145996094,,,,,
246,4,伴有贫血(恶性),with anemia (pernicious),D51.0+ G63.4*,0.9886491298675537,,,,,
246,4,由于饮食缺乏,due to dietary deficiency,D51.3+ G63.4*,0.9621171355247498,,,,,
246,4,维生素缺乏(病)NEC,"lack of vitamin, avitaminosis NEC",E56.9+ G63.4*,0.9947080016136169,,,,,
246,4,显微镜下多脉管炎,microscopic polyangiitis,M31.7+ G63.5*,0.983672022819519,,,,,
246,4,血清,serum,G61.1,0.9434754848480225,,,,,
246,4,药物或药剂,drug or medicament,G62.0,0.9868891835212708,,,,,
246,5,过量或给错或服错药物,overdose or wrong substance given or taken,T50.9,0.9781924486160278,,,,,
246,6,特指的药物-见药物和化学制剂表,— specified drug - see Table of drugs and chemicals,,0.9642592072486877,,,,,
246,4,营养缺乏NEC,nutritional deficiency NEC,E63.9+ G63.4*,0.9455937743186951,,,,,
246,4,有机磷酸盐化合物,organophosphate compounds,G62.2,0.9420217275619507,,,,,
246,4,肿瘤疾病NEC(M8000/1)(另见 肿瘤),neoplastic disease NEC (M8000/1) (see also Neoplasm),D48.9+ G63.1*,0.9666487574577332,,,,,
247,3,酒精性,alcoholic,G62.1,0.9476495981216431,,,,,
247,3,梅毒性(晚期),syphilitic (late),A52.1+ G63.0*,0.9666445851325989,,,,,
247,4,先天性,congenital,A50.4+ G63.0*,0.9789235591888428,,,,,
247,3,砷性,arsenical,G62.2,0.9882402420043945,,,,,
247,3,糖尿病性(另见E10-E14伴有第四位数.4),diabetic (see also E10-E14 with fourth character.4),E14.4+ G63.2*,0.9588740468025208,,,,,
247,3,特发性进行性,idiopathic progressive,G60.3,0.9986181855201721,,,,,
247,3,特指的 NEC,specified NEC,G62.8,0.9787535667419434,,,,,
247,3,炎性,inflammatory,G61.9,0.9795416593551636,,,,,
247,4,特指的 NEC,specified NEC,G61.8,0.9471749067306519,,,,,
247,3,药物性,drug-induced,G62.0,0.9627667665481567,,,,,
247,3,遗传性,hereditary,G60.9,0.9728115200996399,,,,,
247,4,特指的NEC,specified NEC,G60.8,0.936275839805603,,,,,
247,3,营养性NEC .,nutritional NEC,E63.9+ G63.4*,0.9541159868240356,,,,,
247,2,多神经根神经病(急性)(感染后),Polyradiculoneuropathy (acute) (postinfective),G61.0,0.9897587299346924,,,,,
247,2,多神经根炎(另见多神经病),Polyradiculitis (see also Polyneuropathy),G62.9,0.9904121160507202,,,,,
247,2,多神经炎(另见多神经病),"Polyneuritis, polyneuritic (see also Polyneuropathy)",G62.9,0.9997537136077881,,,,,
247,3,白喉性,diphtheritic,A36.8+ G63.0*,0.978446364402771,,,,,
247,3,地方性,endemic,E51.1+ G63.4*,0.9661383032798767,,,,,
247,3,感染后(急性),postinfective (acute),G61.0,0.9724950194358826,,,,,
247,3,感染性(急性),infective (acute),G61.0,0.9854297637939453,,,,,
247,3,红皮水肿病,erythredema,T56.1,0.9876630306243896,,,,,
247,3,急性感染(后),acute (post-)infective,G61.0,0.986490786075592,,,,,
247,3,颅,cranialis,G52.7,0.9638518691062927,,,,,
247,3,热病性，急性,"febrile, acute",G61.0,0.9791663289070129,,,,,
247,3,糖尿病性(另见E10-E14伴有第四位数.4),diabetic (see also E10-E14 with fourth character.4),E14.4+ G63.2*,0.9828499555587769,,,,,
247,3,特指的 NEC,specified NEC,G62.8,0.9493206143379211,,,,,
247,3,营养性,nutritional,E63.9+ G63.4*,0.9511361122131348,,,,,
247,3,由于维生素缺乏NEC,due to lack of vitamin NEC,E56.9+ G63.4*,0.9784766435623169,,,,,
247,2,多神经炎型遗传性运动失调,Heredopathia atactica polyneuritiformis,G60.1,0.9999644160270691,,,,,
247,2,多生牙-又称额外牙,Supernumerary teeth,,0.988419771194458,,,,,
247,2,多食,Polyphagia,R63.2,0.976006269454956,,,,,
247,2,多瞳,Polycoria,Q13.2,0.9992871880531311,,,,,
247,2,多头蚴病,Coenurosis,B71.8,0.9890682697296143,,,,,
247,2,多涎(周期性),Ptyalism (periodic),K11.7,0.9985273480415344,,,,,
247,3,妊娠,pregnancy,O26.8,0.9870665073394775,,,,,
247,3,心因性,psychogenic,F45.3,0.9966534376144409,,,,,
247,3,癔症性,hysterical,F45.3,0.9651140570640564,,,,,
247,2,多腺体,Polyglandular,,0.9999584555625916,,,,,
247,3,功能障碍,dysfunction,E31.9,0.9870938062667847,,,,,
247,3,缺乏,deficiency,E31.0,0.9946053624153137,,,,,
247,3,体液不调,dyscrasia,E31.9,0.9869860410690308,,,,,
248,2,多腺炎(另见 腺炎),Polyadenitis (see also Adenitis),I88.9,0.9689358472824097,,,,,
248,3,恶性,malignant,A20.0,0.9668555855751038,,,,,
248,2,多形糜烂性红斑[多发性口面糜烂性外胚层病],Ectodermosis erosiva pluriorificialis,L51.1,0.9933750033378601,,,,,
248,2,多叶胎盘,Multipartita placenta,O43.1,0.9519433975219727,,,,,
248,2,多营养不良综合征，婴儿期,Polycarential syndrome of infancy,E40,0.9989198446273804,,,,,
248,2,多余(先天性),Supernumerary (congenital),,0.9973427653312683,,,,,
248,3,鼻泪管,lacrimonasal duct,Q10.6,0.9883211851119995,,,,,
248,3,处女膜,hymen,Q52.4,0.9668735861778259,,,,,
248,3,耳(垂),"ear, lobule (ear)",Q17.0,0.9957302808761597,,,,,
248,3,肺尖,pulmonary cusps,Q22.3,0.9455759525299072,,,,,
248,3,跗骨,tarsal bones,Q74.2,0.997744619846344,,,,,
248,3,睾丸,testis,Q55.2,0.9946575164794922,,,,,
248,3,骨,bone,Q79.8,0.9817607998847961,,,,,
248,3,肌肉,muscle,Q79.8,0.9712629318237305,,,,,
248,3,脚趾,toe,Q69.2,0.9589598178863525,,,,,
248,3,卵巢,ovary,Q50.3,0.9701889157295227,,,,,
248,3,拇指,thumb,Q69.1,0.967773973941803,,,,,
248,3,乳房,breast,Q83.1,0.9635327458381653,,,,,
248,3,乳头,nipple(s),Q83.3,0.9696152806282043,,,,,
248,3,手指,finger,Q69.0,0.9600051641464233,,,,,
248,3,输卵管,"fallopian tube, oviduct",Q50.6,0.9978644847869873,,,,,
248,3,听小骨,auditory ossicles,Q16.3,0.9952859878540039,,,,,
248,3,腕骨,carpal bones,Q74.0,0.9775789976119995,,,,,
248,3,心脏瓣膜尖 NEC,"cusps, heart valve NEC",Q24.8,0.9520193338394165,,,,,
248,4,肺动脉,pulmonary,Q22.3,0.9738497734069824,,,,,
248,4,主动脉,aortic,Q23.8,0.938630223274231,,,,,
248,3,阴道,vagina,Q52.1,0.9082275032997131,,,,,
248,3,指[趾],digit(s),Q69.9,0.9834921956062317,,,,,
248,3,主动脉尖,aortic cusps,Q23.8,0.9547388553619385,,,,,
248,3,子宫,uterus,Q51.2,0.9626671075820923,,,,,
248,2,多余的[过长的],"Redundant, redundancy",,0.9996099472045898,,,,,
248,3,包皮(先天性),"foreskin, prepuce (congenital)",N47,0.976905107498169,,,,,
248,3,肠(先天性),intestine (congenital),Q43.8,0.9798076748847961,,,,,
248,3,肛门(先天性),anus (congenital),Q43.8,0.9664607644081116,,,,,
248,3,结肠(先天性),colon (congenital),Q43.8,0.9775288105010986,,,,,
248,3,膜[脂肪垫](腹膜),panniculus (abdominal),E65,0.9956799745559692,,,,,
248,3,皮肤(面部),skin (of face),L57.4,0.997209370136261,,,,,
248,4,眼睑,eyelids,H02.3,0.9819973707199097,,,,,
248,3,器官或部位，先天性NEC-见副,"organ or site, congenital NEC - see Accessor",,0.9857046604156494,,,,,
248,3,胃,stomach,K31.8,0.9689292311668396,,,,,
248,3,乙状结肠(先天性),sigmoid (congenital),Q43.8,0.9722945690155029,,,,,
248,3,阴唇,labia,N90.6,0.9185159206390381,,,,,
248,3,阴蒂,clitoris,N90.8,0.9710204601287842,,,,,
249,3,阴囊,scrotum,N50.8,0.9597272872924805,,,,,
249,3,幽门,pylorus,K31.8,0.9444228410720825,,,,,
249,3,直肠(先天性),rectum (congenital),Q43.8,0.9799767732620239,,,,,
249,2,多余手(和短缺手)(固有的),Plus (and minus) hand (intrinsic),M21.8,0.9765390157699585,,,,,
249,2,多指[趾]和并指[趾],Polysyndactyly,Q70.4,0.9767751097679138,,,,,
249,2,多指[趾]畸形,"Polydactylism, polydactyly",Q69.9,0.999940812587738,,,,,
249,2,多种营养不良，假胡勒[粘脂贮积症Ⅲ型],"Polydystrophy, pseudo-Hurler",E77.0,0.998376190662384,,,,,
249,2,多足虫病,Myriapodiasis,B88.2,0.9724041223526001,,,,,
250,0,E,,,0.9998468160629272,,,,,
250,1,é 鹅,,,0.9999125003814697,,,,,
250,2,鹅口疮(另见 念珠菌病),Thrush (see also Candidiasis),B37.9,0.970410168170929,,,,,
250,3,口腔,oral,B37.0,0.9567500352859497,,,,,
250,3,阴道[念珠菌病],vaginal,B37.3+ N77.1*,0.9495006799697876,,,,,
250,1,é 额,,,0.9999274611473083,,,,,
250,2,额-另见情况,Frontal - see also condition,,0.9346361756324768,,,,,
250,3,叶综合征,lobe syndrome,F07.0,0.9776930212974548,,,,,
250,2,额手鞠躬,Salaam,,0.9995419383049011,,,,,
250,3,抽动,tic,R25.8,0.9388079047203064,,,,,
250,3,发作,attack(s),G40.4,0.9915595054626465,,,,,
250,2,额外(另见副),"Extra, Supernumerary (see also Accessory)",,0.9994077086448669,,,,,
250,3,标记染色体,marker chromosomes,Q92.6,0.982804536819458,,,,,
250,3,脊椎,vertebra,Q76.4,0.9741593599319458,,,,,
250,3,肋(骨),rib,Q76.6,0.976282000541687,,,,,
250,4,颈或第一(综合征),cervical or first (syndrome),Q76.5,0.9762139320373535,,,,,
250,3,器官或部位未列出-见副,organ or site not listed - see Accessory,,0.9798796772956848,,,,,
250,3,肾,kidney,Q63.0,0.9559484124183655,,,,,
250,3,牙[多生牙],teeth,K00.1,0.9595489501953125,,,,,
250,4,引起密集,causing crowding,K07.3,0.9553896188735962,,,,,
250,3,牙根,roots (of teeth),K00.2,0.9630225300788879,,,,,
250,2,额外牙,Supplementary teeth,K00.1,0.9583733677864075,,,,,
250,3,引起密集,causing crowding,K07.3,0.9877644181251526,,,,,
250,1,ě 恶,,,0.9994862079620361,,,,,
250,2,恶心(另见呕吐),Nausea (see also Vomiting),R11,0.9951400756835938,,,,,
250,3,流行性,epidemic,A08.1,0.9799458384513855,,,,,
250,3,妊娠性-见剧吐，妊娠,"gravidarum - see Hyperemesis, gravidarum",,0.9912740588188171,,,,,
250,3,晕船性,marina,T75.3,0.9703872203826904,,,,,
250,1,è 厄,,,0.999852180480957,,,,,
250,2,厄尔布,Erb's,,0.9998907446861267,,,,,
250,3,病[进行性肌营养不良],disease,G71.0,0.973281741142273,,,,,
250,3,假肥大性肌营养不良,pseudohypertrophic muscular dystrophy,G71.0,0.9975061416625977,,,,,
250,3,麻痹(臂)(出生)(新生儿),"palsy, paralysis (brachial) (birth) (newborn)",P14.0,0.9828673005104065,,,,,
250,4,脊柱(痉挛性)，梅毒性,"spinal (spastic), syphilitic",A52.1,0.9846112132072449,,,,,
