image_page,level,chinese,english,code,confidence,malignant_primary,malignant_secondary,in_situ,benign,uncertain_or_unspecified
851,3,子宫内膜炎(非特异性)(化脓性)(脓毒性),endometritis (nonspecific) (purulent) (septic) (suppurative),,0.9659906625747681,,,,,
851,4,母体，并发于妊娠，影响到胎儿或新生儿,"maternal, complicating pregnancy, affecting fetus or newborn",P00.8,0.9803069829940796,,,,,
851,3,子宫切开术，影响到胎儿或新生儿,"hysterotomy, affecting fetus or newborn",P03.8,0.9854534864425659,,,,,
851,3,子痫(性)(昏迷)(抽搐)(谵妄)(伴有原有的或与妊娠有关的高血压)NEC,"eclampsia, eclamptic(coma)(convulsions) (delirium) (with pre-existing or pregnancy-related hypertension) NEC",,0.9795141220092773,,,,,
851,4,妊娠，影响到胎儿或新生儿,"pregnancy, affecting fetus or newborn",P00.0,0.9678610563278198,,,,,
851,3,紫癜，血小板减少性(先天性)(遗传性)，新生儿，暂时性,"purpura, thrombocytopenic (congenital) (hereditary), neonatal, transitory",P61.0,0.9935266971588135,,,,,
851,3,综合征-另见起源于围生期的情况，疾病,"syndrome - see also Conditions originating in the perinatal period, disease",,0.9921486377716064,,,,,
851,4,胆汁浓缩(新生儿),inspissated bile(newborn),P59.1,0.9705195426940918,,,,,
851,4,低位神经根，新生儿(产伤),"lower radicular, newborn(birth injury)",P14.8,0.9825916290283203,,,,,
851,4,低心排血量，新生儿,"low cardiac output, newborn",P29.8,0.9743605852127075,,,,,
851,4,多泡肺,bubbly lung,P27.0,0.9879182577133179,,,,,
851,4,肺发育未成熟(威尔逊-米基迪),pulmonary dysmaturity (Wilson-Mikity),P27.0,0.9932704567909241,,,,,
851,4,灌注，新生儿,"perfusion, newborn",P28.8,0.9850053191184998,,,,,
851,4,呼吸窘迫(特发性)(新生儿),respiratory distress (idiopathic) (newborn),P22.0,0.9681677222251892,,,,,
851,4,灰白(新生儿),gray(newborn),P93,0.9811980128288269,,,,,
851,4,戒断，药物,"withdrawal, drug",,0.9152392148971558,,,,,
851,5,有药瘾母亲的婴儿,infant of dependent mother,P96.1,0.9813824892044067,,,,,
851,5,治疗性使用，新生儿,"therapeutic use, newborn",P96.2,0.9686312675476074,,,,,
851,4,冷伤(新生儿),cold injury(newborn),P80.0,0.9768521189689636,,,,,
851,4,青铜色婴儿,bronze baby,P83.8,0.9751384854316711,,,,,
851,4,去纤维蛋白，胎儿或新生儿,"defibrination, fetus or newborn",P60,0.956912100315094,,,,,
851,4,神经根 NEC，上肢，新生儿(产伤),"radicular NEC, upper limbs, newborn (birth injury)",P14.3,0.9564677476882935,,,,,
851,3,湿肺，新生儿,"wet lung, newborn",P22.1,0.9800654649734497,,,,,
851,4,输血，胎儿母体的,"transfusion, fetomaternal",P50.4,0.9556114673614502,,,,,
851,4,双胎(之间)输血，胎儿或新生儿,"twin (to twin) transfusion, in fetus or newborn",P02.3,0.9489583969116211,,,,,
851,4,松弛，婴儿,"floppy, baby",P94.2,0.9636664390563965,,,,,
851,4,胎儿母体的功能障碍,fetomaternal dysfunctional,P02.2,0.9868454933166504,,,,,
851,4,胎儿输血,fetal transfusion,P02.3,0.9714105725288391,,,,,
851,4,胎粪栓塞(新生儿),meconium plug(newborn),P76.0,0.9784687757492065,,,,,
851,4,胎盘,placental,,0.8614929914474487,,,,,
851,4,机能不全，影响到胎儿或新生儿,"insufficiency, affecting fetus or newborn",P02.2,0.9876697063446045,,,,,
851,5,机能障碍，影响到胎儿或新生儿,"dysfunction, affecting fetus or newborn",P02.2,0.9594849944114685,,,,,
851,5,输血，胎儿或新生儿,"transfusion, in fetus or newborn",P02.3,0.9541131258010864,,,,,
851,4,糖尿病母亲的婴儿,infant of diabetic mother,P70.1,0.9731650352478027,,,,,
851,5,妊娠糖尿病,gestational diabetes,P70.0,0.974187970161438,,,,,
851,4,特发性心脏呼吸窘迫，新生儿,"idiopathic cardiorespiratory distress, newborn",P22.0,0.9946109652519226,,,,,
852,4,吸入，新生儿(大量),"aspiration, of newborn(massive)",P24.9,0.9487000703811646,,,,,
852,5,胎粪,meconium,P24.0,0.9229006767272949,,,,,
852,4,先天性风疹(表现),congenital rubella (manifest),P35.0,0.9868696928024292,,,,,
852,4,心脏呼吸窘迫(特发性)，新生儿,"cardiorespiratory distress(idiopathic), newborn",P22.0,0.9727631211280823,,,,,
852,4,药物戒断，有药瘾母体的婴儿,"drug withdrawal, infant of dependent mother",P96.1,0.9836128950119019,,,,,
852,3,纵隔积气，先天性或围生儿(新生儿),"pneumomediastinum, congenital or perinatal (newborn)",P25.2,0.9919955730438232,,,,,
852,3,阻断,interruption (of),,0.9864564538002014,,,,,
852,4,新生儿呼吸,"respiration, newborn",P28.8,0.9565515518188477,,,,,
852,4,新生儿氧循环,"oxygen cycle, newborn",P28.8,0.9816955924034119,,,,,
852,3,阻滞,"arrest, arrested",,0.9952475428581238,,,,,
852,4,深部横位，影响到胎儿或新生儿,"deep transverse, affecting fetus or newborn",P03.1,0.9695761203765869,,,,,
852,1,qì 气,,,0.9005804061889648,,,,,
852,2,气锤(钻)综合征,Pneumatic hammer (drill) syndrome,T75.2,0.9998911619186401,,,,,
852,2,气鼓(腹部)(肠),"Tympanites, Tympany (abdominal) (intestinal)",R14,0.9743591547012329,,,,,
852,3,胸部,chest,R09.8,0.9466901421546936,,,,,
852,2,气管的-见情况,Trachea - see condition,,0.9935400485992432,,,,,
852,2,气管粘膜疝样突出(外)(内),Tracheocele (external) (internal),J39.8,0.9713158011436462,,,,,
852,3,先天性,congenital,Q32.1,0.9712028503417969,,,,,
852,2,气管软化,Tracheomalacia,J39.8,0.9997353553771973,,,,,
852,3,先天性,congenital,Q32.0,0.9644640684127808,,,,,
852,2,气管狭窄,Tracheostenosis,J39.8,0.9996635913848877,,,,,
852,2,气管咽炎(急性),Tracheopharyngitis (acute),J06.8,0.9998375177383423,,,,,
852,3,慢性,chronic,J42,0.9932869076728821,,,,,
852,3,由于外部物质-见炎症，呼吸道，上，由于,"due to external agent - see Inflammation, respiratory, upper, due to",,0.9888005256652832,,,,,
852,2,气管炎(急性)(卡他性)(婴儿)(膜性)(成形性)(肺炎球菌性)(病毒性),Tracheitis (acute) (catarrhal) (infantile) (membranous) (plastic) (pneumococcal) (viral),J04.1,0.9948932528495789,,,,,
852,3,白喉性,diphtheritic,A36.8,0.9922505617141724,,,,,
852,3,伴有,with,,0.9618808627128601,,,,,
852,4,喉炎(急性),laryngitis (acute),J04.2,0.9815672636032104,,,,,
852,5,慢性,chronic,J37.1,0.9451128840446472,,,,,
852,5,结核性NEC,tuberculous NEC,A16.4,0.9599722623825073,,,,,
852,4,支气管炎(15岁及以上),bronchitis (15 years of age and above),J40,0.9908947944641113,,,,,
852,5,15岁以下,under 15 years of age,J20,0.9614710211753845,,,,,
852,5,急性或亚急性(另见支气管炎，急性),"acute or subacute (see also Bronchitis, acute)",J20.9,0.9835026860237122,,,,,
852,3,慢性,chronic,J42 J20.9,0.9313427209854126,,,,,
852,4,结核性 NEC,tuberculous NEC,A16.4,0.9689220786094666,,,,,
853,3,慢性,chronic,J42,0.9557607173919678,,,,,
853,4,伴有,with,,0.7682685852050781,,,,,
853,5,喉炎(慢性),laryngitis (chronic),J37.1,0.9730949401855469,,,,,
853,5,支气管炎(慢性),bronchitis (chronic),J42,0.9801235795021057,,,,,
853,3,结核性,tuberculous,A16.4,0.9706811904907227,,,,,
853,4,伴有细菌学和组织学证实,with bacteriological and histological confirmation,A15.5,0.9705169200897217,,,,,
853,3,链球菌性,streptococcal,J04.1,0.9950917959213257,,,,,
853,3,梅毒性,syphilitic,A52.7+ J99.8*,0.9411309957504272,,,,,
853,3,由于外部物质-见炎症，呼吸道，上，由于,"due to external agent - see Inflammation, respiratory, upper, due to",,0.9866271018981934,,,,,
853,2,气管造口,Tracheostomy,,0.9999337196350098,,,,,
853,3,状态,status,Z93.0,0.9764955043792725,,,,,
853,4,机能障碍,malfunctioning,J95.0,0.9815847277641296,,,,,
853,4,维护,attention to,Z43.0,0.9770615100860596,,,,,
853,2,气管支气管的-见情况,Tracheobronchial - see condition,,0.9987187385559082,,,,,
853,2,气管支气管局限性肺炎-见肺炎，支气管,"Tracheobronchopneumonitis - see Pneumonia, broncho",,0.9991512298583984,,,,,
853,2,气管支气管炎(15岁及以上)(另见支气管炎),Tracheobronchitis (15 years of age and above) (see also Bronchitis),J40,0.9833913445472717,,,,,
853,3,15岁以下,under 15 years of age,J20,0.9566745162010193,,,,,
853,3,急性或亚急性(另见支气管炎，急性),"acute or subacute (see also Bronchitis, acute)",J20.9,0.9925795197486877,,,,,
853,3,慢性,chronic,J42,0.9542272090911865,,,,,
853,3,老年性(慢性),senile (chronic),J42,0.9932022094726562,,,,,
853,3,流感性(另见流行性感冒，伴有，呼吸道表现),"influenzal (see also Influenza, with, respiratory manifestations)",J11.1,0.9906122088432312,,,,,
853,3,由于,due to,,0.983677864074707,,,,,
853,4,土拉菌,Francisella tularensis,A21.8,0.9680320620536804,,,,,
853,4,支气管败血性博德特杆菌,Bordetella bronchiseptica,A37.8,0.9928386211395264,,,,,
853,2,气瘤，肺膨出,Pneumatocele,J98.4,0.9698287844657898,,,,,
853,3,颅内,intracranial,G93.8,0.9929766654968262,,,,,
853,2,气尿,Pneumaturia,R39.8,0.995168149471283,,,,,
853,2,气脓心包,Pneumopyopericardium,I30.1,0.9830837845802307,,,,,
853,2,气脓胸(另见脓气胸),Pneumopyothorax (see also Pyopneumothorax),J86.9,0.9998145699501038,,,,,
853,2,气泡栓塞-见空气，栓塞，按类型,"Pneumathemia - see Air, embolism, by type",,0.992927074432373,,,,,
853,2,气球病(另见效应，有害，高海拔),"Balloon disease (see also Effect, adverse, high altitude)",T70.2,0.9840213656425476,,,,,
853,2,气水心包(另见 心包炎),Pneumohydropericardium (see also Pericarditis),I31.9,0.9583808779716492,,,,,
853,2,气水胸(另见胸腔积液),Pneumohydrothorax (see also Hydrothorax),J94.8,0.999807596206665,,,,,
853,2,气体,Gas,,0.9990658164024353,,,,,
853,3,坏疽,gangrene,A48.0,0.9421665668487549,,,,,
853,3,胃内,on stomach,R14,0.9388622641563416,,,,,
853,3,胀痛,pain,R14,0.992057740688324,,,,,
854,3,窒息，吸入，中毒NEC,"asphyxia, asphyxiation, inhalation, poisoning, suffocation NEC",T59.9,0.9707724452018738,,,,,
854,4,特指气体-见药物和化学制剂表,specified gas - see Table of drugs and chemicals,,0.9801662564277649,,,,,
854,2,气胸,Pneumothorax,J93.9,0.9933914542198181,,,,,
854,3,急性,acute,J93.8,0.9683344960212708,,,,,
854,3,慢性,chronic,J93.8,0.964789092540741,,,,,
854,3,创伤性,traumatic,S27.0,0.9805843830108643,,,,,
854,4,伴有血胸,with hemothorax,S27.2,0.9586402773857117,,,,,
854,3,结核性NEC(另见结核，肺),"tuberculous NEC (see also Tuberculosis, pulmonary)",A16.2,0.9961942434310913,,,,,
854,3,特指的 NEC,specified NEC,J93.8,0.9943978190422058,,,,,
854,3,围生期,perinatal period,P25.1,0.9988212585449219,,,,,
854,3,先天性,congenital,P25.1,0.976895809173584,,,,,
854,3,由于胸壁或肺的手术性损伤,due to operative injury of chest wall or lung,J95.8,0.9995238780975342,,,,,
854,4,意外穿刺或撕裂,accidental puncture or laceration,T81.2,0.9828657507896423,,,,,
854,3,张力性(自发性),tension (spontaneous),J93.0,0.9715307354927063,,,,,
854,3,自发性 NEC,spontaneous NEC,J93.1,0.945831835269928,,,,,
854,4,胎儿或新生儿,fetus or newborn,P25.1,0.985088050365448,,,,,
854,4,张力性,tension,J93.0,0.9638916254043579,,,,,
854,2,气血心包,Pneumohemopericardium,I31.2,0.9962946772575378,,,,,
854,3,风湿性,rheumatic,I09.2,0.9213539958000183,,,,,
854,2,气血胸-另见血胸,Pneumohemothorax - see also Hemothorax,,0.9987552762031555,,,,,
854,3,创伤性,traumatic,S27.2,0.9982094764709473,,,,,
854,2,气压病,Dysbarism,T70.3,0.9912208914756775,,,,,
854,2,气压伤(航空性),Barotrauma,T70.2,0.9998195767402649,,,,,
854,3,鼻窦,sinus,T70.1,0.9677128195762634,,,,,
854,3,牙痛,odontalgia,T70.2,0.9521437287330627,,,,,
854,3,中耳,otitic,T70.0,0.9626146554946899,,,,,
854,2,气压损伤性耳炎,Aerotitis,T70.0,0.9986781477928162,,,,,
854,2,气压损伤性中耳炎,Barotitis,T70.0,0.9999333620071411,,,,,
854,2,气压性鼻窦炎,Barosinusitis,T70.1,0.9826071262359619,,,,,
854,2,气压性牙痛,Barodontalgia,T70.2,0.9886988401412964,,,,,
854,2,气胀,Flatulence,R14,0.934664249420166,,,,,
854,3,心因性,psychogenic,F45.3,0.9707056283950806,,,,,
854,2,气窒(减压病造成的),Chokes (resulting from bends),T70.3,0.9782240390777588,,,,,
854,2,气肿-见栓塞，空气,"Aerocele - see Embolism, air",,0.9914789199829102,,,,,
854,2,气肿(萎缩性)(慢性)(小叶间)(肺)(阻塞性)(老年性),Emphysema (atrophic) (chronic) (interlobular) (lung) (obstructive) (pulmonary) (senile),J43.9,0.9788562655448914,,,,,
854,3,层状组织,laminated tissue,T79.7,0.9796337485313416,,,,,
854,4,手术的,surgical,T81.8,0.962855339050293,,,,,
854,3,创伤性(皮下),traumatic (subcutaneous),T79.7,0.9939782619476318,,,,,
854,3,大疱性,bullous,J43.9,0.9775320291519165,,,,,
854,3,代偿性,compensatory,J98.3,0.9936118125915527,,,,,
855,3,单侧,unilateral,J43.0,0.9432775974273682,,,,,
855,3,间质性,interstitial,J98.2,0.9961244463920593,,,,,
855,4,围生期,perinatal period,P25.0,0.9798179268836975,,,,,
855,4,先天性,congenital,P25.0,0.9773595929145813,,,,,
855,3,结缔组织(创伤性),connective tissue (traumatic),T79.7,0.9940640926361084,,,,,
855,4,手术的,surgical,T81.8,0.9375783801078796,,,,,
855,3,结膜,conjunctiva,H11.8,0.9738967418670654,,,,,
855,3,眶,"orbit, orbital",H05.8,0.9538931846618652,,,,,
855,3,皮下(创伤性),subcutaneous (traumatic),T79.7,0.9755306243896484,,,,,
855,4,操作后,postprocedural,T81.8,0.9318901300430298,,,,,
855,4,手术的,surgical,T81.8,0.9615196585655212,,,,,
855,3,全腺泡性,panacinar,J43.1,0.9785836935043335,,,,,
855,3,全叶性,panlobular,J43.1,0.9961044192314148,,,,,
855,3,手术的,surgical,T81.8,0.9717775583267212,,,,,
855,3,水泡状,vesicular,J43.9,0.9522708058357239,,,,,
855,3,胎儿或新生儿(间质性),fetus or newborn (interstitial),P25.0,0.9861990809440613,,,,,
855,3,特指的NEC,specified NEC,J43.8,0.9700106382369995,,,,,
855,3,细胞性组织(创伤性),cellular tissue (traumatic),T79.7,0.9941350221633911,,,,,
855,4,手术的,surgical,T81.8,0.966866135597229,,,,,
855,3,先天性(间质性),congenital (interstitial),P25.0,0.9843769669532776,,,,,
855,3,小叶中心性,centrilobular,J43.2,0.9827159643173218,,,,,
855,3,眼睑,eyelid(s),H02.8,0.9804172515869141,,,,,
855,4,创伤性,traumatic,T79.7,0.9515613317489624,,,,,
855,4,手术的,surgical,T81.8,0.9884732961654663,,,,,
855,3,由于化学制剂、气体、烟雾或蒸气,"due to chemicals, gases, fumes or vapors",J68.4,0.9976065754890442,,,,,
855,3,纵隔,mediastinal,J98.2,0.9742825627326965,,,,,
855,4,胎儿或新生儿,fetus or newborn,P25.2,0.9860187768936157,,,,,
855,2,气哽感觉,Choking sensation,R06.8,0.9919102787971497,,,,,
855,1,qì 弃,,,0.9066944122314453,,,,,
855,2,弃婴,Foundling,Z76.1,0.9589641094207764,,,,,
855,1,qì 槭,,,0.9085435271263123,,,,,
855,2,槭糖尿病,Maple-syrup-urine disease,E71.0,0.9838106036186218,,,,,
855,1,qì 器,,,0.9978063702583313,,,,,
855,2,器官距离过远(眼眶),Hypertelorism (ocular) (orbital),Q75.2,0.9805976152420044,,,,,
855,2,器质性的 - 见情况,Organic - see condition,,0.958301842212677,,,,,
856,1,qì 憩,,,0.9524401426315308,,,,,
856,2,憩室，憩室炎，憩室病(急性)(多发性),"Diverticula, diverticulitis, diverticulosis, diverticulum (acute) (multiple)",K57.9,0.9839953184127808,,,,,
856,3,贲门,cardia (stomach),K22.5,0.9560534358024597,,,,,
856,3,岑克尔(食管),Zenker's (esophagus),K22.5,0.9544691443443298,,,,,
856,3,肠,intestine,K57.9,0.9919593334197998,,,,,
856,4,伴有脓肿、穿孔或腹膜炎,"with abscess, perforation or peritonitis",K57.8,0.9898872375488281,,,,,
856,4,大,large,K57.3,0.8819897174835205,,,,,
856,5,伴有脓肿、穿孔或腹膜炎,"with abscess, perforation or peritonitis",K57.2,0.971450686454773,,,,,
856,4,大和小,both large and small,K57.5,0.904981791973114,,,,,
856,5,伴有脓肿、穿孔或腹膜炎,"with abscess, perforation or peritonitis",K57.4,0.9851679801940918,,,,,
856,4,小,small,K57.1,0.895954966545105,,,,,
856,5,伴有脓肿、穿孔或腹膜炎,"with abscess, perforation or peritonitis",K57.0,0.9901146292686462,,,,,
856,4,先天性,congenital,Q43.8,0.9731978178024292,,,,,
856,3,回肠(另见憩室，肠，小),"ileum (see also Diverticula, intestine, small)",K57.1,0.9569969177246094,,,,,
856,3,结肠(另见憩室，肠，大),"colon (see also Diverticula, intestine, large)",K57.3,0.992488443851471,,,,,
856,4,先天性,congenital,Q43.8,0.9757813215255737,,,,,
856,3,精囊,seminal vesicle,N50.8,0.994267463684082,,,,,
856,3,空肠(另见憩室，肠，小),"jejunum (see also Diverticula, intestine, small)",K57.1,0.9902006387710571,,,,,
856,3,阑尾(非炎性),appendix (noninflammatory),K38.2,0.9839988350868225,,,,,
856,3,盲肠(另见憩室，肠，大),"cecum (see also Diverticula, intestine, large)",K57.3,0.9947274327278137,,,,,
856,4,先天性,congenital,Q43.8,0.9661977291107178,,,,,
856,3,梅克尔[麦克尔](移位的)(肥大性),Meckel's (displaced) (hypertrophic),Q43.0,0.9795860052108765,,,,,
856,3,尿道(后天性),urethra (acquired),N36.1,0.9781666398048401,,,,,
856,4,先天性,congenital,Q64.7,0.9332597851753235,,,,,
856,3,膀胱(括约肌),"bladder, vesical (sphincter)",N32.3,0.9773275852203369,,,,,
856,4,先天性,congenital,Q64.6,0.9329628944396973,,,,,
856,3,气管(后天性),trachea (acquired),J39.8,0.9875125885009766,,,,,
856,3,肾盏,"calyx, calyceal (kidney)",N28.8,0.968659520149231,,,,,
856,3,十二指肠(另见憩室，肠，小),"duodenum (see also Diverticula, intestine, small)",K57.1,0.9934931993484497,,,,,
856,4,先天性,congenital,Q43.8,0.9785216450691223,,,,,
856,3,食管(先天性),esophagus (congenital),Q39.6,0.958528459072113,,,,,
856,4,后天性(膈上的)(内压性)(牵引性),acquired (epiphrenic) (pulsion) (traction),K22.5,0.9629325866699219,,,,,
856,3,输卵管,fallopian tube,N83.8,0.997046172618866,,,,,
856,3,输尿管(后天性),ureter (acquired),N28.8,0.9778800010681152,,,,,
856,3,输尿管膀胱口,ureterovesical orifice,N28.8,0.9949597120285034,,,,,
856,4,先天性,congenital,Q62.8,0.9635846614837646,,,,,
856,3,胃(后天性),"gastric, stomach (acquired)",K31.4,0.987989068031311,,,,,
856,4,先天性,congenital,Q40.2,0.9297475814819336,,,,,
856,3,心包(先天性)(囊肿),pericardium (congenital) (cyst),Q24.8,0.9811142086982727,,,,,
856,3,心室，左(先天性),"ventricle, left (congenital)",Q24.8,0.9937131404876709,,,,,
856,3,心脏(先天性),heart (congenital),Q24.8,0.9780000448226929,,,,,
856,3,咽(先天性),pharynx (congenital),Q38.7,0.9959572553634644,,,,,
857,3,咽鼓管,eustachian tube,H69.8,0.9956262111663818,,,,,
857,3,咽食管(先天性),pharyngoesophageal (congenital),Q39.6,0.9898398518562317,,,,,
857,4,后天性,acquired,K22.5,0.9470811486244202,,,,,
857,3,乙状结肠(另见憩室，肠，大),"sigmoid (see also Diverticula, intestine, large)",K57.3,0.9841393232345581,,,,,
857,4,先天性,congenital,Q43.8,0.9566272497177124,,,,,
857,3,支气管(先天性),bronchus (congenital),Q32.4,0.9982424974441528,,,,,
857,4,后天性,acquired,J98.0,0.9266523122787476,,,,,
857,3,直肠(另见憩室，肠，大),"rectum (see also Diverticula, intestine, large)",K57.3,0.9853649139404297,,,,,
857,3,直肠乙状结肠(另见憩室，肠，大),"rectosigmoid (see also Diverticula, intestine, large)",K57.3,0.9904344081878662,,,,,
857,4,先天性,congenital,Q43.8,0.9340095520019531,,,,,
857,2,憩室炎(大脑)(另见脑炎),Diverticulitis (cerebrum) (see also Encephalitis),G04.9,0.9783015847206116,,,,,
857,2,憩室周炎(肠)(另见憩室),Peridiverticulitis (intestine) (see also Diverticula),K57.9,0.9943387508392334,,,,,
857,1,qiǎ 髂,,,0.9970693588256836,,,,,
857,2,髂的 - 见情况,Iliac – see condition,,0.8635220527648926,,,,,
857,1,qiān 牵,,,0.9561400413513184,,,,,
857,2,牵连感觉,Synesthesia,R20.8,0.999907910823822,,,,,
857,2,牵引术,Extraction,,0.9997780919075012,,,,,
857,3,胎臀NEC,breech NEC,O83.0,0.9642544984817505,,,,,
857,4,影响到胎儿或新生儿,affecting fetus or newborn,P03.0,0.9856701493263245,,,,,
857,3,用钩(胎儿),with hook (fetus),P03.8,0.964113712310791,,,,,
857,3,用手NEC,manual NEC,O83.2,0.9597747921943665,,,,,
857,3,真空(分娩),vacuum (delivery),O81.4,0.9714734554290771,,,,,
857,3,转胎位术后,after version,O83.2,0.9490668773651123,,,,,
857,1,qiān 铅,,,0.9936099648475647,,,,,
857,2,铅毒的 - 见情况,Saturnine – see condition,,0.9287939071655273,,,,,
857,2,铅绞痛,Devonshire colic,T56.0,0.9736493229866028,,,,,
857,2,铅矿工肺,Lead miner's lung,J63.8,0.984489917755127,,,,,
857,2,铅中毒,"Plumbism, Saturnism",T56.0,0.9674052000045776,,,,,
857,1,qián 荨,,,0.9483945965766907,,,,,
857,2,荨[旧读音:钱]麻疹-见荨[现读音:寻]麻疹,Urticaria,,0.9565466046333313,,,,,
858,1,qián 前,,,0.9399508833885193,,,,,
858,2,前β脂蛋白血症(家族性),Prebetalipoproteinemia (familial),E78.1,0.9993298053741455,,,,,
858,2,前臂的 - 见情况,Forearm - see condition,,0.9581636786460876,,,,,
858,2,前的 - 见情况,Anterior - see condition,,0.9518201947212219,,,,,
858,2,前房积脓,Hypopyon (eye) (anterior chamber),H20.0,0.9777935743331909,,,,,
858,2,前房积血,Hyphema,H21.0,0.9932804107666016,,,,,
858,3,创伤性,traumatic,S05.1,0.978793740272522,,,,,
858,2,前房角粘连,Goniosynechiae,H21.5,0.9735365509986877,,,,,
858,2,前房出血-现译名前房积血,Hyphema,,0.9848037362098694,,,,,
858,2,前列腺病态,Prostatism,N40,0.9789806604385376,,,,,
858,2,前列腺的 - 见情况,"Prostate, prostatic - see condition",,0.9824023246765137,,,,,
858,2,前列腺膀胱炎,Prostatocystitis,N41.3,0.9880680441856384,,,,,
858,2,前列腺炎(充血性)(化脓性),Prostatitis (congestive) (suppurative),N41.9,0.9947533011436462,,,,,
858,3,急性,acute,N41.0,0.9642708897590637,,,,,
858,3,亚急性,subacute,N41.1,0.9789014458656311,,,,,
858,3,慢性,chronic,N41.1,0.9879714250564575,,,,,
858,3,伴有膀胱炎,with cystitis,N41.3,0.9979196786880493,,,,,
858,3,肥大性,hypertrophic,N41.1,0.9855493307113647,,,,,
858,3,结核性,tuberculous,A18.1+ N51.0*,0.9692351818084717,,,,,
858,3,淋球菌性(急性)(慢性),gonococcal (acute)(chronic),A54.2+ N51.0*,0.9832213521003723,,,,,
858,3,毛滴虫性,trichomonal,A59.0+ N51.0*,0.9684580564498901,,,,,
858,3,肉芽肿性,granulomatous,N41.1,0.9544599056243896,,,,,
858,3,特指类型NEC,specified type NEC,N41.8,0.9683132171630859,,,,,
858,3,纤维性,fibrous,N41.1,0.9763950109481812,,,,,
858,3,由于(阴道)毛滴虫引起的,due to Trichomonas (vaginalis),A59.0+ N51.0*,0.9943952560424805,,,,,
858,2,前列腺液溢,Prostatorrhea,N42.8,0.991979718208313,,,,,
858,2,前列腺周炎(另见前列腺炎),Periprostatitis (see also Prostatitis),N41.9,0.9850857257843018,,,,,
858,2,前磨牙化，尖牙,"Premolarization, cuspids",K00.2,0.998664915561676,,,,,
858,2,前磨牙磨牙化,Molarization of premolars,K00.2,0.9987339973449707,,,,,
858,2,前脑无裂畸形,Holoprosencephaly,Q04.2,0.9850073456764221,,,,,
858,2,前倾,Anteversion,,0.9988596439361572,,,,,
858,3,宫颈(另见前倾，子宫),"cervix (see also Anteversion, uterus)",N85.4,0.9864823818206787,,,,,
858,3,股骨(颈)，先天性,"femur (neck), congenital",Q65.8,0.9840268492698669,,,,,
858,3,子宫(宫颈)(感染后)(产后，陈旧性),"uterus, uterine (cervix) (postinfectional) (postpartal, old)",N85.4,0.9936082363128662,,,,,
858,4,先天性,congenital,Q51.8,0.9600780606269836,,,,,
858,4,在妊娠或分娩中,in pregnancy or childbirth,O34.5,0.9534184336662292,,,,,
858,5,引起梗阻性分娩,causing obstructed labor,O65.5,0.9696250557899475,,,,,
858,6,影响到胎儿或新生儿,affecting fetus or newborn,P03.1,0.9735178351402283,,,,,
858,5,影响到胎儿或新生儿,affecting fetus or newborn,P03.8,0.9826904535293579,,,,,
858,2,前屈-见前倾,Anteflexion - see Anteversion,,0.9894940853118896,,,,,
859,2,前庭大腺炎(化脓性),Bartholinitis (suppurating),N75.8,0.9886918663978577,,,,,
859,3,淋球菌性(急性)(慢性)(伴有脓肿),gonococcal (acute) (chronic) (with abscess),A54.1,0.9728336930274963,,,,,
859,2,前庭炎(耳),Vestibulitis (ear),H83.0,0.9846084713935852,,,,,
859,3,鼻(外),nose (external),J34.8,0.979428231716156,,,,,
859,2,前脱位，髋，先天性,"Preluxation, hip, congenital",Q65.6,0.9853836297988892,,,,,
859,2,前置,Previa,,0.9999368786811829,,,,,
859,3,胎盘(伴有出血)(另见胎盘，前置),"placenta (with hemorrhage) (see also Placenta, previa)",O44.1,0.9892228841781616,,,,,
859,4,影响到胎儿或新生儿,affecting fetus or newborn,P02.0,0.9605974555015564,,,,,
859,3,血管,vasa,O69.4,0.9591147899627686,,,,,
859,4,影响到胎儿或新生儿,affecting fetus or newborn,P02.6,0.9809979796409607,,,,,
859,2,前置血管 - 现译名 血管前置,Vasa previa,,0.9055157899856567,,,,,
859,1,qián 箱,,,0.9460933208465576,,,,,
859,2,箱闭[嵌顿],"Incarceration, incarcerated",,0.9060264229774475,,,,,
859,3,虹膜，伤口内,"iris, in wound",S05.2,0.9890456199645996,,,,,
859,3,晶状体，伤口内,"lens, in wound",S05.2,0.9792619347572327,,,,,
859,3,疝(另见疝，按部位，伴有梗阻),"hernia (see also Hernia, by site, with obstruction)",K46.0,0.9900934100151062,,,,,
859,4,伴有坏疽(另见疝，按部位，伴有坏疽),"with gangrene (see also Hernia, by site, with gangrene)",K46.1,0.989224374294281,,,,,
859,3,子宫,uterus,N85.8,0.9911314845085144,,,,,
859,4,妊娠,gravid,O34.5,0.9677742719650269,,,,,
859,5,引起梗阻性分娩,gravid causing obstructed labor,O65.5 O34.5,0.9465308785438538,,,,,
859,1,qián 潜,,,0.9170150756835938,,,,,
859,2,潜涵病,Caisson disease,T70.3,0.9846932888031006,,,,,
859,2,潜水员麻痹或压缩,"Diver's palsy, paralysis or squeeze",T70.3,0.9995543360710144,,,,,
859,2,潜血,Occult,,0.9972188472747803,,,,,
859,3,大便,blood in feces,R19.5,0.967995822429657,,,,,
859,2,潜蚤病,Tungiasis,B88.1,0.9629544019699097,,,,,
859,2,潜蚤病[由刚果嗜皮菌造成的放线菌病],Dermatophilosis,A48.8,0.9994751214981079,,,,,
859,1,qiǎn 浅,,,0.9540244936943054,,,,,
859,2,浅髋臼,"Shallowness, acetabulum",M24.8,0.9661253690719604,,,,,
859,1,qiàn 嵌,,,0.9569065570831299,,,,,
859,2,嵌,Ingrowing,,0.9840070009231567,,,,,
859,3,甲(指)(趾),nail (finger) (toe),L60.0,0.962365984916687,,,,,
859,3,毛发(须),hair (beard),L73.1,0.9551052451133728,,,,,
859,2,嵌顿包茎(先天性)(由于感染),"Paraphimosis, Phimosis (congenital)(due to infection)",N47,0.9601201415061951,,,,,
860,1,qiàn-qiáng 嵌枪腔强,,,0.9835870265960693,,,,,
860,2,嵌顿胎盘(伴有出血),Trapped placenta (with hemorrhage),O72.0,0.9690698981285095,,,,,
860,3,不伴有出血,without hemorrhage,O73.0,0.9453464150428772,,,,,
860,2,嵌甲,"Onychocryptosis, Unguis incarnatus",L60.0,0.9473491311073303,,,,,
860,2,嵌塞，嵌顿性,"Impaction, impacted",,0.9989754557609558,,,,,
860,3,鼻甲,turbinate,J34.8,0.9887157082557678,,,,,
860,3,肠、结肠或直肠(结石性)(粪便)NEC,"bowel, intestine, colon or rectum (fecal) NEC",K56.4,0.9932154417037964,,,,,
860,4,胆石性，伴有肠梗阻,"gallstone, with ileus",K56.3,0.9903126955032349,,,,,
860,3,胆囊(另见胆石症),gallbladder (see also Cholelithiasis),K80.2,0.9910444617271423,,,,,
860,3,胆石性(另见胆石症),gallstone(s) (see also Cholelithiasis),K80.2,0.9923775792121887,,,,,
860,4,肠内，伴有梗阻(任何部分),"in intestine, with obstruction (any part)",K56.3,0.9821502566337585,,,,,
860,4,胆囊管,cystic duct,K80.2,0.9652748107910156,,,,,
860,4,胆总管(肝管),bile duct (common) (hepatic),K80.5,0.9800281524658203,,,,,
860,3,耵聍(耳)(外),cerumen (ear) (external),H61.2,0.9799751043319702,,,,,
860,3,粪便,"fecal, feces",K56.4,0.9755014181137085,,,,,
860,3,骨折-见骨折，按部位,"fracture - see Fracture, by site",,0.9834771752357483,,,,,
860,3,肩,shoulder,O66.0,0.9948486089706421,,,,,
860,4,引起梗阻性分娩,causing obstructed labor,O66.0,0.9793614149093628,,,,,
860,4,影响到胎儿或新生儿,affecting fetus or newborn,P03.1,0.9879926443099976,,,,,
860,3,结石 - 见 结石,calculus - see Calculus,,0.9180914163589478,,,,,
860,1,qiāng 枪,,,0.9621513485908508,,,,,
860,2,枪伤 - 另见伤口，开放性,"Gunshot wound - see also Wound, open",,0.9280944466590881,,,,,
860,3,骨折-作为骨折，按部位编码,"fracture – code as Fracture, by site",,0.9742793440818787,,,,,
860,3,内部器官-见损伤，按部位,"internal organs - see Injury, by site",,0.9916839599609375,,,,,
860,1,qiāng 腔,,,0.9304622411727905,,,,,
860,2,腔,Cavity,,0.9982288479804993,,,,,
860,3,肺-见肺空洞,"lung, pulmonary - see Cavitation of lung",,0.9777539968490601,,,,,
860,3,视乳头,optic papilla,Q14.2,0.9746184349060059,,,,,
860,1,qiáng 强,,,0.9836750626564026,,,,,
860,2,强光眼炎,Photophthalmia,H16.1,0.982714831829071,,,,,
860,2,强奸,Rape,T74.2,0.9864062070846558,,,,,
860,2,强直 - 另见情况,"Rigid, rigidity - see also condition",,0.9241556525230408,,,,,
860,3,处女膜(后天性)(先天性),hymen (acquired) (congenital),N89.6,0.9745143055915833,,,,,
860,3,腹部,abdominal,R19.3,0.9844703674316406,,,,,
860,4,伴有严重的腹痛,with severe abdominal pain,R10.0,0.9935401082038879,,,,,
861,3,宫颈,cervix (uteri),,0.9869165420532227,,,,,
861,4,在妊娠或分娩中,in pregnancy or childbirth,O34.4,0.9529370665550232,,,,,
861,5,引起梗阻性分娩,causing obstructed labor,O65.5,0.9732376933097839,,,,,
861,6,影响到胎儿或新生儿,affecting fetus or newborn,P03.1,0.9699071645736694,,,,,
861,5,影响到胎儿或新生儿,affecting fetus or newborn,P03.8,0.992847204208374,,,,,
861,3,关节，多发性，先天性,"articular, multiple, congenital",Q68.8,0.996392011642456,,,,,
861,3,会阴或外阴,perineum or vulva,,0.9985020160675049,,,,,
861,4,在妊娠或分娩中,in pregnancy or childbirth,O34.7,0.9589177370071411,,,,,
861,5,引起梗阻性分娩,causing obstructed labor,O65.5,0.9629248976707458,,,,,
861,4,影响到胎儿或新生儿,affecting fetus or newborn,P03.1,0.9790521264076233,,,,,
861,3,脊柱,spine,M53.8,0.9530705213546753,,,,,
861,3,盆底,pelvic floor,,0.9956334829330444,,,,,
861,4,在妊娠或分娩中,in pregnancy or childbirth,O34.8,0.9809488654136658,,,,,
861,5,引起梗阻性分娩,causing obstructed labor,O65.5,0.9828155040740967,,,,,
861,6,影响到胎儿或新生儿,affecting fetus or newborn,P03.1,0.9868559241294861,,,,,
861,5,影响到胎儿或新生儿,affecting fetus or newborn,P03.8,0.9745869040489197,,,,,
861,3,阴道,vagina,,0.9908800721168518,,,,,
861,4,在妊娠或分娩中,in pregnancy or childbirth,O34.6,0.9707064032554626,,,,,
861,5,引起梗阻性分娩,causing obstructed labor,O65.5,0.9799768924713135,,,,,
861,6,影响到胎儿或新生儿,affecting fetus or newborn,P03.8,0.9870633482933044,,,,,
861,2,强直性瞳孔,Tonic pupil,H57.0,0.9764231443405151,,,,,
861,1,qiǎng 羟,,,0.9578804969787598,,,,,
861,2,羟氨酸血症,Hydroxyprolinemia,E72.5,0.9997593760490417,,,,,
861,2,羟基犬尿氨酸尿,Hydroxykynureninuria,E70.8,0.9997698664665222,,,,,
861,2,羟赖氨酸血症,Hydroxylysinemia,E72.3,0.9805811047554016,,,,,
861,1,qiǎng 强,,,0.978626549243927,,,,,
861,2,强迫(思维),"Obsession, obsessional",F42.0,0.9951075911521912,,,,,
861,3,方式,rituals,F42.1,0.9824331402778625,,,,,
861,3,观念和精神映像,ideas and mental images,F42.0,0.9939089417457581,,,,,
861,3,穷思竭虑,ruminations,F42.0,0.9703335165977478,,,,,
861,3,神经症,neurosis,F42.0,0.9589378237724304,,,,,
861,3,思维,thoughts,F42.0,0.9761593341827393,,,,,
861,3,状态,state,F42.0,0.9809911847114563,,,,,
861,4,合并有强迫性行为,mixed with compulsive acts,F42.2,0.958543062210083,,,,,
861,3,综合征,syndrome,F42.0,0.9554967880249023,,,,,
861,2,强迫性,"Compulsion, compulsive",,0.9992381930351257,,,,,
861,3,抽动和痉挛,tics and spasms,F95.9,0.9966745376586914,,,,,
861,3,赌博,gambling,F63.0,0.9874362945556641,,,,,
862,3,发誓,swearing,F42.8,0.9768944382667542,,,,,
862,4,在日勒·德拉图雷特综合征[抽动秽语综合征]中,in Gilles de la Tourette's syndrome,F95.2,0.9897303581237793,,,,,
862,3,人格,personality,F60.5,0.9639418125152588,,,,,
862,3,神经症,neurosis,F42.1,0.9586597681045532,,,,,
862,3,状态,states,F42.1,0.9864253997802734,,,,,
862,4,混合，伴有强迫性想法,mixed with obsessional thoughts,F42.2,0.983465313911438,,,,,
862,2,强迫性神经症或强迫性反应,Obsessive-compulsive neurosis or reaction,F42.9,0.9997687339782715,,,,,
862,1,qiáo 桥,,,0.9538531303405762,,,,,
862,2,桥本甲状腺毒症(短暂性),Hashitoxicosis (transient),E06.3,0.9987284541130066,,,,,
862,1,qiǎo 巧,,,0.9549694061279297,,,,,
862,2,巧克力囊肿(卵巢),Chocolate cyst (ovary),N80.1,0.9682945013046265,,,,,
862,1,qiào 鞘,,,0.9117719531059265,,,,,
862,2,鞘(腱)的-见情况,Sheath (tendon) - see condition,,0.9986602663993835,,,,,
862,2,鞘膜积液(精索)(睾丸)(鞘膜),Hydrocele (spermatic cord) (testis) (tunica vaginalis),N43.3,0.9887303709983826,,,,,
862,3,包绕性,encysted,N43.0,0.9940465688705444,,,,,
862,3,感染性,infected,N43.1,0.985182523727417,,,,,
862,3,脊柱(另见脊柱裂),spinalis (see also Spina bifida),Q05.9,0.9868571162223816,,,,,
862,4,伴有脑积水(另见脊柱裂，伴有脑积水),"with hydrocephalus (see also Spina bifida, with hydrocephalus)",Q05.4,0.9699870347976685,,,,,
862,3,努克管,canal of Nuck,N94.8,0.9891144633293152,,,,,
862,3,女性NEC,female NEC,N94.8,0.9469754099845886,,,,,
862,3,胎儿或新生儿,fetus or newborn,P83.5,0.9984282851219177,,,,,
862,3,特指的NEC,specified NEC,N43.2,0.9593343734741211,,,,,
862,3,外阴,vulva,N90.8,0.994917094707489,,,,,
862,3,先天性,congenital,P83.5,0.9992771148681641,,,,,
862,3,圆韧带,round ligament,N94.8,0.9988577365875244,,,,,
862,1,qiē 切,,,0.9993323087692261,,,,,
862,2,切迪阿克-东(-施泰因布林克)异常、病或综合征[遗传性白细胞颗粒异常综合征],"Chediak-Higashi (-Steinbrinck) anomaly, disease or syndrome",E70.3,0.9956895709037781,,,,,
862,2,切断-另见缺失，按四肢或器官，后天性,"Amputation, Section - see also Absence, by limb or organ, acquired",,0.9779321551322937,,,,,
862,3,残端(手术),stump (surgical),,0.992315411567688,,,,,
862,4,异常，疼痛或伴有并发症(晚期),"abnormal, painful, or with complication (late)",T87.6,0.9715530276298523,,,,,
862,4,愈合的或陈旧的NEC,healed or old NEC,Z89.9,0.9771686792373657,,,,,
863,3,创伤性(完全)(部分),traumatic (complete) (partial),T14.7,0.9881813526153564,,,,,
863,4,鼻,nose,S08.8,0.9548638463020325,,,,,
863,4,臂,arm,,0.8224795460700989,,,,,
863,5,上,upper,S48.9,0.9632818698883057,,,,,
863,6,在肩关节,at shoulder joint,S48.0,0.9774944186210632,,,,,
863,6,在肩和肘之间,between shoulder and elbow,S48.1,0.9741325974464417,,,,,
863,5,意指上肢-见切断，创伤性，肢，上,"meaning upper limb - see Amputation, traumatic, limb, upper",,0.9732779264450073,,,,,
863,4,大腿,thigh,S78.9,0.9285271763801575,,,,,
863,5,在髋关节,at hip joint,S78.0,0.9777376055717468,,,,,
863,5,在髋和膝之间,between hip and knee,S78.1,0.985927939414978,,,,,
863,4,多发性,multiple,T05.9,0.969286322593689,,,,,
863,5,特指部位 NEC,specified site NEC,T05.8,0.983160138130188,,,,,
863,4,耳,ear,S08.1,0.87986159324646,,,,,
863,4,腹部、下背和骨盆NEC,"abdomen, lower back and pelvis NEC",S38.3,0.9903626441955566,,,,,
863,4,睾丸,testis,S38.2,0.9576005935668945,,,,,
863,4,骨盆,pelvis,S38.3,0.9756271839141846,,,,,
863,4,肩,shoulder,S48.9,0.953191339969635,,,,,
863,5,在肩关节,at shoulder joint,S48.0,0.9121460914611816,,,,,
863,4,脚趾,toe(s),,0.9266064763069153,,,,,
863,5,个,one,S98.1,0.9122818112373352,,,,,
863,6,伴有足的其他部分,with other parts of foot,S98.3,0.9868226647377014,,,,,
863,5,两个或多个,two or more,S98.2,0.9927904605865479,,,,,
863,6,伴有足的其他部分,with other parts of foot,S98.3,0.987812340259552,,,,,
863,4,髋(和大腿),hip (and thigh),S78.9,0.9670226573944092,,,,,
863,5,在髋关节,at hip joint,S78.0,0.9856567978858948,,,,,
863,4,拇指,thumb,S68.0,0.9680100679397583,,,,,
863,4,前臂,forearm,S58.9,0.9470407962799072,,,,,
863,5,在肘和腕之间,between elbow and wrist,S58.1,0.9866475462913513,,,,,
863,5,在肘水平,at elbow level,S58.0,0.9462487697601318,,,,,
863,4,躯干NEC,trunk NEC,T09.6,0.9750369787216187,,,,,
863,4,上肢,upper limb(s),T11.6,0.9728520512580872,,,,,
863,5,和下肢，任何水平,"with lower limb(s), any level(s)",T05.6,0.9744116067886353,,,,,
863,5,双,both,T05.2,0.8954365849494934,,,,,
863,4,生殖器(外),genital organ(s) (external),S38.2,0.9853034615516663,,,,,
863,4,手,hand,S68.9,0.8776504993438721,,,,,
863,5,和另一上肢(臂)(任何水平，除外手),"and other upper limb(s) (arm) (any level, except hand)",T05.1,0.9819079637527466,,,,,
863,5,和腕,and wrist,S68.9,0.9628204703330994,,,,,
863,6,部位NEC,parts NEC,S68.8,0.985386312007904,,,,,
863,5,双,both,T05.0,0.9598958492279053,,,,,
863,5,在腕水平,at wrist level,S68.4,0.9908599853515625,,,,,
864,4,手指,finger,,0.7615237236022949,,,,,
864,5,个(除外拇指),one (except thumb),S68.1,0.9656239151954651,,,,,
864,6,伴有腕和手的其他部分,with other parts of wrist and hand,S68.3,0.964361846446991,,,,,
864,5,两个或多个(除外拇指),two or more (except thumb),S68.2,0.9833605289459229,,,,,
864,6,伴有腕和手的其他部分,with other parts of wrist and hand,S68.3,0.9739525318145752,,,,,
864,4,头部,head,,0.9884998202323914,,,,,
864,5,鼻,nose,S08.8,0.9956576228141785,,,,,
864,5,部分,part,S08.9,0.9439400434494019,,,,,
864,6,特指的NEC,specified NEC,S08.8,0.9706153869628906,,,,,
864,6,头皮,scalp,S08.0,0.9390847086906433,,,,,
864,4,耳,ear,S08.1,0.882225513458252,,,,,
864,5,砍头(在颈水平),decapitation (at neck level),S18,0.9587042927742004,,,,,
864,4,腿,leg,,0.8089548945426941,,,,,
864,3,小,lower,S88.9,0.9047502279281616,,,,,
864,3,和另一足,and other foot,T05.4,0.9522044062614441,,,,,
864,4,双(任何水平),both (any level),T05.5,0.958987295627594,,,,,
864,4,在膝和踝之间,between knee and ankle,S88.1,0.9889549612998962,,,,,
864,4,在膝水平,at knee level,S88.0,0.9829572439193726,,,,,
864,4,意指下肢-见切断，创伤性，肢，下,"meaning lower limb - see Amputation, traumatic, limb, lower",,0.9651517868041992,,,,,
864,4,外阴,vulva,S38.2,0.9690907001495361,,,,,
864,4,腕,wrist,S68.9,0.9858936071395874,,,,,
864,5,部位 NEC,parts NEC,S68.8,0.9694806337356567,,,,,
864,4,下肢，除外趾,lower limb(s) except toe(s),T13.6,0.9786676168441772,,,,,
864,4,胸部，一部分,"thorax, part of",S28.1,0.9629663228988647,,,,,
864,4,阴唇(大)(小),labium (majus) (minus),S38.2,0.9720963835716248,,,,,
864,4,阴茎,penis,S38.2,0.9785910844802856,,,,,
864,4,阴囊,scrotum,S38.2,0.9598567485809326,,,,,
864,4,肢,limb,T14.7,0.9222893714904785,,,,,
864,5,上,upper,T11.6,0.8825845718383789,,,,,
864,6,和另一手,and other hand,T05.1,0.9750308394432068,,,,,
864,5,双,both,T05.2,0.8782362937927246,,,,,
864,3,下,lower,T13.6,0.9934888482093811,,,,,
864,4,和另一足,and other foot,T05.4,0.9257649779319763,,,,,
864,4,双,both,T05.5,0.9182683825492859,,,,,
864,4,足,foot,S98.4,0.9983891844749451,,,,,
864,5,和另一下肢(腿)(任何水平，除外足),"and other lower limb(s) (leg) (any level, except foot)",T05.4,0.9621727466583252,,,,,
864,5,两个或多个脚趾,two or more toes,S98.2,0.9609407782554626,,,,,
864,5,其他部分,two or more toes,S98.3 S98.2,0.9788477420806885,,,,,
864,5,双,other parts,T05.3 S98.3,0.9225658774375916,,,,,
864,4,个脚趾,both one toe,S98.1 T05.3,0.9803730249404907,,,,,
865,5,在踝水平,at ankle level,S98.0,0.9343504905700684,,,,,
865,5,足和趾的一部分,parts of foot and toe(s),S98.3,0.9724314212799072,,,,,
865,3,宫颈,cervix (uteri),Z90.7,0.9683659672737122,,,,,
865,4,在妊娠或分娩中,in pregnancy or childbirth,O34.4,0.9583786725997925,,,,,
865,3,神经，创伤性-见损伤，神经,"nerve, traumatic – see Injury, nerve",,0.9732509851455688,,,,,
865,3,神经瘤,neuroma,T87.3,0.9717716574668884,,,,,
865,3,胎儿任何部分的，以促进分娩,"any part of fetus, to facilitate delivery",P03.8,0.9973334074020386,,,,,
865,2,切恩-斯托克斯呼吸(呼吸音),Cheyne-Stokes breathing (respiration),R06.3,0.9981011748313904,,,,,
865,2,切开,Division,,0.9999781250953674,,,,,
865,3,肌肉(近期)(部分或完全)(另见损伤，肌),"muscle (current) (partial or complete) (see also Injury, muscle)",T14.6,0.9869959354400635,,,,,
865,4,伴有开放性伤口-见伤口，开放性,"with open wound – see Wound, open",,0.9530394673347473,,,,,
865,3,脊髓-见损伤，脊髓，按部位,"spinal cord – see Injury, spinal cord, by region",,0.9679908752441406,,,,,
865,3,韧带(近期)(部分或完全)(另见扭伤),ligament (current) (partial or complete) (see also Sprain),T14.3,0.9665756225585938,,,,,
865,4,伴有开放性伤口-见伤口，开放性,"— with open wound — see Wound, open",,0.9457296133041382,,,,,
865,3,神经(创伤性)-见损伤，神经,"nerve (traumatic) – see Injury, nerve",,0.9674569964408875,,,,,
865,2,切开的伤口,Incised wound,,0.9999338388442993,,,,,
865,3,内部器官-见损伤，按部位,"internal organs – see Injury, by site",,0.9783382415771484,,,,,
865,3,外部-见伤口，开放性,"external- see Wound, open",,0.9581543207168579,,,,,
865,2,切开术,Section,,0.99989253282547,,,,,
865,3,剖宫产(另见分娩，剖宫产),"cesarean (see also Delivery, cesarean)",O82.9,0.9811736941337585,,,,,
865,4,死后的，影响到胎儿或新生儿,"postmortem, affecting fetus or newborn",P01.6,0.9737694263458252,,,,,
865,4,以前的，在妊娠或分娩中,"previous, in pregnancy or childbirth",O34.2,0.9482861757278442,,,,,
865,5,影响到胎儿或新生儿,affecting fetus or newborn,P03.8,0.9828623533248901,,,,,
865,4,影响到胎儿或新生儿,affecting fetus or newborn,P03.4,0.9624271392822266,,,,,
865,2,切口(外)-另见伤口，开放性,"Cut, Incision, incisional (external) – see also Wound, open",,0.9847235679626465,,,,,
865,3,创伤性,traumatic,,0.9658435583114624,,,,,
865,4,内部器官-见损伤，按部位,"internal organs – see Injury, by site",,0.9339717030525208,,,,,
865,4,外部-见伤口，开放性,"external -see Wound, open",,0.9394717216491699,,,,,
865,3,肌肉-见损伤，肌,"muscle— see Injury, muscle",,0.9489921927452087,,,,,
865,3,疝-见疝，腹,"hernia – see Hernia, ventral",,0.9337061047554016,,,,,
865,3,手术，并发症-见并发症，手术操作,"surgical, complication – see Complications, surgical procedure",,0.9643464088439941,,,,,
865,2,切肢者(双侧)(陈旧性),Amputee (bilateral) (old),Z89.9,0.9976143836975098,,,,,
866,1,qīn 侵,,,,,,,,
866,2,侵染,Infestation,B88.9,0.9999648928642273,,,,,
866,3,注：寄生虫病可能被描述为“感染”或“侵染”；因此两个主导词都应查阅。,Note: Parasitic diseases may be described as either 'infections' or 'infestations'; both lead terms should therefore be consulted.,,0.9931513071060181,,,,,
866,3,鞭虫,"Trichocephalus, whipworm",B79,0.9966060519218445,,,,,
866,3,并殖吸虫(卫斯特曼),Paragonimus (westermani),B66.4,0.9948983788490295,,,,,
866,3,布鲁格丝虫(马来),Brugia (malayi),B74.1,0.9942941665649414,,,,,
866,4,帝汶,timori,B74.2,0.9831941723823547,,,,,
866,3,布氏姜片虫(肠),Fasciolopsis (buski) (intestine),B66.5,0.9666796922683716,,,,,
866,3,肠 NEC,intestinal NEC,B82.9,0.9528562426567078,,,,,
866,3,穿皮潜蚤,Tunga penetrans,B88.1,0.9674740433692932,,,,,
866,3,迭宫属幼虫,Spirometra larvae,B70.1,0.9931745529174805,,,,,
866,3,短小绦虫,dwarf tapeworm,B71.0,0.9758611917495728,,,,,
866,3,粪类圆线虫(另见类圆线虫病),Strongyloides stercoralis (see also Strongyloidiasis),B78.9,0.9948261976242065,,,,,
866,3,副圆线虫,Parastrongylus,,0.9972690343856812,,,,,
866,4,哥斯达黎加,costaricensis,B81.3,0.9899691343307495,,,,,
866,4,广州,cantonensis,B83.2,0.9780020117759705,,,,,
866,3,肝片吸虫,Distoma hepaticum,B66.3,0.9587297439575195,,,,,
866,3,弓蛔虫(犬)(猫),Toxocara (canis) (cati) (felis),B83.0,0.9827285408973694,,,,,
866,3,钩虫,hookworm,B76.9,0.978737473487854,,,,,
866,3,后睾吸虫(猫)(麝猫),Opisthorchis (felineus) (viverrini),B66.0,0.9746996760368347,,,,,
866,3,后殖吸虫(横川),Metagonimus (yokogawai),B66.8,0.9826709032058716,,,,,
866,3,蛔虫(大) NEC,"Ascaris lumbricoides, roundworm (large) NEC",B82.0,0.9655249714851379,,,,,
866,4,蛔虫病,Ascariasis,B77,0.9920225143432617,,,,,
866,3,鸡皮刺螨,Dermanyssus gallinae,B88.0,0.9963418841362,,,,,
866,3,棘唇属(常现)(链尾),Acanthocheilonema (perstans) (streptocerca),B74.4,0.9896177053451538,,,,,
866,3,棘球蚴(另见 棘球蚴),Echinococcus (see also Echinococcus),B67.9,0.9595838189125061,,,,,
866,3,寄生虫,"parasite, parasitic",B89,0.9896423816680908,,,,,
866,4,肠道NEC,intestinal NEC,B82.9,0.9745112061500549,,,,,
866,4,皮肤,skin,B88.9,0.9676198363304138,,,,,
866,4,眼睑,eyelid,B89+ H03.0*,0.9787240624427795,,,,,
866,3,节肢动物 NEC,arthropod NEC,B88.2,0.9656254053115845,,,,,
866,3,结肠肠袋虫,Balantidium coli,A07.0,0.9959086775779724,,,,,
866,3,结节线虫(猴),Oesophagostomum (apiostomum),B81.8,0.9933425784111023,,,,,
866,3,疥疮,scabies,B86,0.9358039498329163,,,,,
866,3,疥螨,Sarcoptes scabiei,B86,0.9972924590110779,,,,,
866,3,巨大殖孔绦虫,Diplogonoporus (grandis),B71.8,0.9927281737327576,,,,,
866,3,剧扰四爪螨,Tetranychus molestissimus,B88.0,0.9988111853599548,,,,,
866,3,眶，寄生虫NEC,"orbit, parasitic NEC",B89+ H06.1*,0.9702026844024658,,,,,
866,3,阔节绦虫,broad tapeworm,B70.0,0.9950370788574219,,,,,
866,4,幼虫,larval,B70.1,0.9592207074165344,,,,,
866,3,兰伯贾第虫[肠兰伯鞭毛虫],Giardia lamblia,A07.1,0.9860692620277405,,,,,
867,3,利什曼原虫-见利什曼病,Leishmania - see Leishmaniasis,,0.9725797772407532,,,,,
867,3,镰形星隙吸虫,Stellantchasmus falcatus,B66.8,0.9833298921585083,,,,,
867,3,裂头属(阔节),"Bothriocephalus, Dibothriocephalus (latus)",B70.0,0.9972772598266602,,,,,
867,3,幼虫,larval,B70.1,0.955247163772583,,,,,
867,3,裂头绦虫(成虫)(肠)(阔节)(太平洋区),Diphyllobothrium (adult) (intestinal) (latum) (pacificum),B70.0,0.9817265272140503,,,,,
867,4,幼虫,larval,B70.1,0.9724767208099365,,,,,
867,3,裂头蚴(巴克斯特)(幼虫)(曼森)(芽殖),Sparganum (baxteri) (larval) (mansoni) (proliferum),B70.1,0.9836035966873169,,,,,
867,3,螺旋蝇(另见蝇蛆病),screw worms (see also Myiasis),B87.9,0.9903641939163208,,,,,
867,3,罗阿丝虫,Loa loa,B74.3,0.9667380452156067,,,,,
867,4,结膜,conjunctival,B74.3+ H13.0*,0.9820175170898438,,,,,
867,3,麦地那龙线虫,"Dracunculus medinensis, guinea worm, Medina (worm)",B72,0.9969402551651001,,,,,
867,3,螨,mites,B88.9,0.9874117970466614,,,,,
867,4,痒,scabic,B86,0.8906014561653137,,,,,
867,3,曼森线虫(奥扎尔德)(常现)(链尾),Mansonella (ozzardi) (perstans) (streptocerca),B74.4,0.9898704886436462,,,,,
867,3,猫肝吸虫,cat liver fluke,B66.0,0.9977434277534485,,,,,
867,3,猫绦虫,rat tapeworm,B71.0,0.9920809864997864,,,,,
867,3,毛滴虫-见感染，毛滴虫,"Trichomonas - see Infection, Trichomonas",,0.9925185441970825,,,,,
867,3,毛首鞭虫,Trichuris (trichiura),B79,0.995387077331543,,,,,
867,3,毛细线虫-见感染，毛细线虫,"Capillaria - see Infection, Capillaria",,0.9901484847068787,,,,,
867,3,毛圆线虫,Trichostrongylus,B81.2,0.9969252943992615,,,,,
867,3,美洲钩虫,"Necator americanus, Uncinaria americana",B76.1,0.9582106471061707,,,,,
867,3,美洲吸血异脂螨,Liponyssoides sanguineus,B88.0,0.9915232062339783,,,,,
867,3,膜壳绦虫(长)(短),Hymenolepis (diminuta) (nana),B71.0,0.9875380396842957,,,,,
867,3,蛲虫,"Enterobius (Oxyuris) vermicularis, pinworm, threadworm",B80,0.8566083312034607,,,,,
867,3,内阿米巴(溶组织)-见阿米巴病,Entamoeba (histolytica) - see Amebiasis,,0.9909384846687317,,,,,
867,3,牛肉绦虫,beef tapeworm,B68.1,0.9716745615005493,,,,,
867,3,皮肤 NEC,skin NEC,B88.9,0.9523708820343018,,,,,
867,3,皮蝇属(人)(另见蝇蛆病),Dermatobia (hominis) (see also Myiasis),B87.9,0.9962754249572754,,,,,
867,3,片吸虫(大)(肝)(印度),Fasciola (gigantica) (hepatica) (indica),B66.3,0.9726154804229736,,,,,
867,3,球虫,coccidial,A07.3,0.9951068162918091,,,,,
867,3,蛆(另见蝇蛆病),maggots (see also Myiasis),B87.9,0.994605302810669,,,,,
867,3,犬复孔绦虫,Dipylidium caninum,B71.1,0.9910078644752502,,,,,
867,3,犬绦虫,dog tapeworm,B71.1,0.9723314046859741,,,,,
867,3,人似腹盘吸虫,Gastrodiscoides hominis,B66.8,0.9952953457832336,,,,,
867,3,蠕虫,"helminth, worms",B83.9,0.986559271812439,,,,,
867,4,肠道,intestinal,B82.0,0.9357684254646301,,,,,
867,5,混合型(可分类到B65.0-B81.3和B81.8中一个以上类目),mixed (types classifiable to more than one of the rubrics B65.0-B81.3 and B81.8),B81.4,0.9539803862571716,,,,,
867,5,特指类型NEC,specified type NEC,B81.8,0.9601643085479736,,,,,
867,4,特指类型NEC,specified type NEC,B83.8,0.9606415629386902,,,,,
867,3,沙蚤[穿皮潜蚤],"chigo, chigoe, sandflea",B88.1,0.9926883578300476,,,,,
868,3,舌形虫,"Linguatula, Pentastoma",B88.8,0.9491032361984253,,,,,
868,3,虱,"Pediculus, lice, louse",B85.2,0.9990044832229614,,,,,
868,4,混合的(可分类到超过标题B85.0-B85.3一个以上的),mixed (classifiable to more than one of the rubrics B85.0-B85.3),B85.4,0.9876266717910767,,,,,
868,4,体(人)(任何部位),corporis (humanus) (any site),B85.1,0.9653300046920776,,,,,
868,4,头部(人)(任何部位),capitis (humanus) (any site),B85.0,0.945652425289154,,,,,
868,4,阴部(任何部位),pubis (any site),B85.3,0.9805071353912354,,,,,
868,3,十二指肠钩虫(巴西)(犬)(斯里兰卡),Ancylostoma (braziliense) (caninum) (ceylanicum) (duodenal),B76.0,0.9960967302322388,,,,,
868,4,特指类型NEC,specified type NEC,B76.8,0.9822743535041809,,,,,
868,3,水蛭(水生)(陆地)(另见水蛭病),leeches (aquatic) (land) (see also Hirudiniasis),B88.3,0.981031060218811,,,,,
868,3,丝虫,filarial,B74.9,0.9939183592796326,,,,,
868,4,结膜,conjunctiva,B74 H13.0*,0.9474454522132874,,,,,
868,4,特指类型NEC,specified type NEC,B74.8,0.9710087180137634,,,,,
868,3,缩小三齿线虫,Ternidens diminutus,B81.8,0.981476902961731,,,,,
868,3,绦虫NEC,"cestodes, tapeworm NEC",B71.9,0.9477539658546448,,,,,
868,4,阔节,broad,B70.0,0.9447883367538452,,,,,
868,5,幼虫,larval,B70.1,0.9623169302940369,,,,,
868,4,缩小膜壳,rat,B71.0,0.9719375967979431,,,,,
868,4,牛肉,beef,B68.1,0.8920451402664185,,,,,
868,4,犬,dog,B71.1,0.8783062696456909,,,,,
868,4,缩小,dwarf,B71.0,0.9901036024093628,,,,,
868,4,特指类型NEC,specified type NEC,B71.8,0.957058310508728,,,,,
868,4,鱼,fish,B70.0,0.9530973434448242,,,,,
868,5,幼虫,larval,B70.1,0.9671309590339661,,,,,
868,4,猪肉,pork,B68.0,0.9839972257614136,,,,,
868,3,绦虫病,Taenia,B68.9,0.9942498803138733,,,,,
868,4,牛肉,saginata,B68.1,0.8679457902908325,,,,,
868,4,无钩,mediocanellata,B68.1,0.9742146730422974,,,,,
868,4,猪肉(肠型),solium (intestinal form),B68.0,0.9937124848365784,,,,,
868,5,幼虫型(另见猪囊尾蚴病[囊虫病]),larval form (see also Cysticercosis),B69.9,0.991416335105896,,,,,
868,3,特指类型 NEC,specified type NEC,B88.8,0.9729450941085815,,,,,
868,3,筒线虫,Gongylonema,B83.8,0.98553466796875,,,,,
868,3,胃蝇属(肠)(另见蝇蛆病),Gasterophilus (intestinalis) (see also Myiasis),B87.9,0.9868385791778564,,,,,
868,3,吴策线虫(斑氏),Wuchereria (bancrofti),B74.0,0.9897698163986206,,,,,
868,3,吸虫NEC,"fluke, trematode(s) NEC",B66.9,0.93963623046875,,,,,
868,4,肠,intestinal,B66.5,0.9474872946739197,,,,,
868,4,肺(东方),lung (oriental),B66.4,0.9802869558334351,,,,,
868,4,肝(羊),liver (sheep),B66.3,0.9511070251464844,,,,,
868,5,东方,oriental,B66.1,0.9100650548934937,,,,,
868,5,由于华支睾吸虫,due to Clonorchis sinensis,B66.1,0.916756272315979,,,,,
868,5,中华,Chinese,B66.1,0.9531269073486328,,,,,
868,4,猫肝,cat liver,B66.0,0.9010031223297119,,,,,
869,4,血液NEC(另见血吸虫病),blood NEC (see also Schistosomiasis),B65.9,0.9866727590560913,,,,,
869,4,羊肝,sheep liver,B66.3,0.9491191506385803,,,,,
869,3,线虫 NEC(肠道),nematode NEC (intestinal),B82.0,0.9787947535514832,,,,,
869,4,钩虫(属),Ancylostoma (species),B76.0,0.9548937678337097,,,,,
869,4,特指的 NEC,specified NEC,B81.8,0.9673603177070618,,,,,
869,3,旋毛线虫,Trichinella (spiralis),B75,0.9924255609512329,,,,,
869,3,旋盘尾丝虫,Onchocerca (volvulus),B73,0.9803529977798462,,,,,
869,3,血吸虫，裂体吸虫,"Schistosoma, schistosome",B65.9,0.993848979473114,,,,,
869,4,埃及,haematobium,B65.0,0.9449509382247925,,,,,
869,4,刚果,intercalatum,B65.8,0.9512979388237,,,,,
869,4,曼森,mansoni,B65.1,0.988196611404419,,,,,
869,4,牛,bovis,B65.8,0.892660915851593,,,,,
869,4,日本,japonicum,B65.2,0.9295741319656372,,,,,
869,4,梭形,spindale,B65.8,0.9859642386436462,,,,,
869,4,特指类型NEC,specified type NEC,B65.8,0.9908946752548218,,,,,
869,4,尾蚴,cercariae,B65.3,0.959600031375885,,,,,
869,4,羊,mattheei,B65.8,0.8864248394966125,,,,,
869,4,湄公,mekongi,B65.8,0.9800345301628113,,,,,
869,3,亚马孙河吸血鲇,candiru,B88.8,0.9951630234718323,,,,,
869,3,眼睑,eyelid,,0.9787575602531433,,,,,
869,4,寄生虫 NEC,parasitic NEC,B89+ H03.0*,0.9524088501930237,,,,,
869,4,见于(由于),in (due to),,0.8744112253189087,,,,,
869,5,利什曼病,leishmaniasis,B55.1+ H03.0*,0.9684528112411499,,,,,
869,5,罗阿丝虫病,loiasis,B74.3+ H03.0*,0.9839524626731873,,,,,
869,5,盘尾丝虫病,onchocerciasis,B73+ H03.0*,0.9610896706581116,,,,,
869,5,阴虱病,phthiriasis,B85.3+ H03.0*,0.9845120906829834,,,,,
869,3,羊狂蝇(另见蝇蛆病),Oestrus ovis (see also Myiasis),B87.9,0.9800761342048645,,,,,
869,3,恙螨，恙螨属(致痒),"chigger, Trombicula (irritans)",B88.0,0.9817424416542053,,,,,
869,3,伊族棘口吸虫,Echinostoma ilocanum,B66.8,0.9839775562286377,,,,,
869,3,异尖线虫病，异尖线虫蚴,"anisakiasis, Anisakis larvae",B81.0,0.9915741086006165,,,,,
869,3,异形吸虫,Heterophyes (heterophyes),B66.8,0.9954602718353271,,,,,
869,3,阴虱，阴虱属(阴部)(任何部位),"crab-lice, Pthirus, Phthirus (pubis) (any site)",B85.3,0.9870827794075012,,,,,
869,4,伴有任何可分类到B85.0-B85.2的侵染,with any infestation classifiable to B85.0-B85.2,B85.4,0.9883575439453125,,,,,
869,3,蝇幼虫(另见蝇蛆病),fly larvae (see also Myiasis),B87.9,0.9867531657218933,,,,,
869,3,有蔓母草,Vandellia cirrhosa,B88.8,0.9855614304542542,,,,,
869,3,鱼绦虫,fish tapeworm,B70.0,0.965715229511261,,,,,
869,4,幼虫,larval,B70.1,0.9684853553771973,,,,,
869,3,原虫NEC,protozoal NEC,B64,0.9683455228805542,,,,,
869,4,肠内的,intestinal,A07.9,0.9497530460357666,,,,,
869,5,特指的NEC,specified NEC,A07.8,0.9850602149963379,,,,,
869,4,特指的 NEC,specified NEC,B60.8,0.9623668789863586,,,,,
870,3,支睾吸虫(华支睾吸虫)(肝),Clonorchis (sinensis) (liver),B66.1,0.985198974609375,,,,,
870,3,支双腔吸虫,Dicrocoelium dendriticum,B66.2,0.9961766600608826,,,,,
870,3,脂螨属(毛囊),Demodex (folliculorum),B88.0,0.9861401319503784,,,,,
870,4,眼睑,eyelid,B88.0+ H03.0*,0.9578943252563477,,,,,
870,3,猪囊尾蚴(另见猪囊尾蚴病[囊虫病]),Cysticercus cellulosae (see also Cysticercosis),B69.9,0.9950698614120483,,,,,
870,3,猪肉绦虫(成虫),pork tapeworm (adult),B68.0,0.9952425360679626,,,,,
870,2,侵袭性甲状腺炎,Ligneous thyroiditis,E06.5,0.9656827449798584,,,,,
870,1,qīng 青,,,0.9590488076210022,,,,,
870,2,青斑(环状)(网状),Livedo (annularis) (racemosa) (reticularis),R23.1,0.9882897138595581,,,,,
870,2,青春期(发育状态),Puberty (development state),Z00.3,0.991019070148468,,,,,
870,3,出血(过度),bleeding (excessive),N92.2,0.9704190492630005,,,,,
870,3,过早,premature,E30.1,0.9813206195831299,,,,,
870,4,由于,due to,,0.7938961386680603,,,,,
870,5,垂体(前叶[腺垂体])机能亢进,pituitary (anterior) hyperfunction,E22.8,0.9719135165214539,,,,,
870,5,肾上腺皮质机能亢进,adrenal cortical hyperfunction,E25.8,0.9936227202415466,,,,,
870,5,松果体瘤,pineal.tumor,E34.8,0.9921879768371582,,,,,
870,3,延迟,delayed,E30.0,0.9668599963188171,,,,,
870,3,早熟,precocious,E30.1,0.9959827661514282,,,,,
870,4,中枢性,central,E22.8,0.9506605267524719,,,,,
870,2,青春型精神分裂症，青春痴呆(精神分裂症),"Hebephrenia, hebephrenic (schizophrenia)",F20.1,0.9997431039810181,,,,,
870,2,青光眼,Glaucoma,H40.9,0.9474264979362488,,,,,
870,3,急性,acute,H40.2,0.9928032159805298,,,,,
870,4,继发性NEC,secondary NEC,H40.5,0.9754735827445984,,,,,
870,4,狭角性,narrow angle,H40.2,0.9857184886932373,,,,,
870,3,慢性,chronic,H40.1,0.9590740203857422,,,,,
870,4,闭角型,angle-closure,H40.2,0.988131582736969,,,,,
870,4,单纯性[原发性开角型青光眼],simple,H40.1,0.9774230718612671,,,,,
870,4,非充血性,noncongestive,H40.1,0.9907699227333069,,,,,
870,4,开角型,open-angle,H40.1,0.9603909254074097,,,,,
870,3,伴有晶状体假性剥脱,with pseudoexfoliation of lens,H40.1,0.9910969138145447,,,,,
870,3,闭角型(急性)(慢性)(间歇性)(原发性)(残余期),"angle-closure, closed angle (acute) (chronic) (intermittent) (primary) (residual state)",H40.2,0.9871631264686584,,,,,
870,3,创伤性,traumatic,H40.3,0.9805323481559753,,,,,
870,4,新生儿(产伤),newborn (birth injury),P15.3,0.9832060933113098,,,,,
870,3,单纯性(慢性),"simple, simplex (chronic)",H40.1,0.9814462661743164,,,,,
870,3,低张力,low-tension,H40.1,0.985335648059845,,,,,
870,3,恶性,malignant,H40.2,0.9432576298713684,,,,,
870,3,非充血性(慢性),noncongestive (chronic),H40.1,0.9813816547393799,,,,,
870,3,非梗阻性,nonobstructive,H40.1,0.9820926785469055,,,,,
870,3,分泌过多性,hypersecretion,H40.8,0.9715214967727661,,,,,
870,3,感染后,postinfectious,H40.4,0.9656117558479309,,,,,
871,3,梗阻性,obstructive,H40.2,0.981532871723175,,,,,
871,4,由于晶状体改变,due to lens changes,H40.5,0.9660364985466003,,,,,
871,3,继发性NEC(另见青光眼，见于),"secondary NEC (see also Glaucoma, in)",H40.5,0.9810212850570679,,,,,
871,3,见于(由于),in (due to),,0.9879772067070007,,,,,
871,4,代谢性疾病NEC,metabolic disease NEC,E88.9+ H42.0*,0.9886065125465393,,,,,
871,4,淀粉样变,amyloidosis,E85 H42.0*,0.9901931285858154,,,,,
871,4,过熟期白内障,hypermature cataract,H40.5,0.9804409742355347,,,,,
871,4,虹膜发红,rubeosis of iris,H40.5,0.9624921679496765,,,,,
871,4,虹膜睫状体炎,iridocyclitis,H40.4,0.9496342539787292,,,,,
871,4,晶状体疾患NEC,disorder of lens NEC,H40.5,0.973669707775116,,,,,
871,4,晶状体脱位,dislocation of lens,H40.5,0.981765627861023,,,,,
871,4,里格尔异常,Rieger's anomaly,Q13.8+ H42.8*,0.9672959446907043,,,,,
871,4,内分泌病NEC,endocrine disease NEC,E34.9+ H42.0*,0.9863957166671753,,,,,
871,4,盘尾丝虫病,onchocerciasis,B73+ H42.8*,0.9797496199607849,,,,,
871,4,视网膜性静脉闭塞,retinal vein occlusion,H40.5,0.9840292930603027,,,,,
871,4,无虹膜,aniridia,Q13.1+ H42.8*,0.9315555691719055,,,,,
871,4,眼,eye,,0.7892107367515564,,,,,
871,5,创伤,trauma,H40.3,0.9901484251022339,,,,,
871,5,炎症,inflammation,H40.4,0.937902569770813,,,,,
871,4,眼疾患NEC,ocular disorders NEC,H40.5,0.9628960490226746,,,,,
871,4,眼脑肾综合征,Lowe's syndrome,E72.0+ H42.0*,0.9457589983940125,,,,,
871,4,眼球震荡,concussion of globe,H40.3,0.9934749603271484,,,,,
871,4,眼球肿瘤,tumor of globe,H40.5,0.9710327386856079,,,,,
871,4,药物,drugs,H40.6,0.9645825624465942,,,,,
871,3,交界性,borderline,H40.0,0.990278959274292,,,,,
871,3,结核性,tuberculous,A18.5+ H42.8*,0.9679808020591736,,,,,
871,3,晶状体溶解性,phacolytic,H40.5,0.9710057377815247,,,,,
871,3,绝对期,absolute,H44.5,0.9615175724029541,,,,,
871,3,开角型(原发性)(残余期),open-angle (primary) (residual stage),H40.1,0.9891818761825562,,,,,
871,3,可疑,suspect,H40.0,0.9684877991676331,,,,,
871,3,梅毒性,syphilitic,A52.7+ H42.8*,0.9892972707748413,,,,,
871,3,囊膜性(伴有晶状体假性剥脱),capsular (with pseudoexfoliation of lens),H40.1,0.9942461848258972,,,,,
871,3,皮质类固醇诱发性,corticosteroid-induced,H40.6,0.9874827265739441,,,,,
871,3,色素性,pigmentary,H40.1,0.9854954481124878,,,,,
871,3,特指的 NEC,specified NEC,H40.8,0.9724259972572327,,,,,
871,3,狭角性,narrow angle,H40.2,0.9607106447219849,,,,,
871,3,先天性,congenital,Q15.0,0.9647005796432495,,,,,
871,3,新生儿,newborn,Q15.0,0.9754663705825806,,,,,
871,3,婴儿,infantile,Q15.0,0.9612670540809631,,,,,
871,2,青光眼斑(囊下),Glaucomatous flecks (subcapsular),H26.2,0.9818909764289856,,,,,
871,2,青霉病,Penicillosis,B48.4,0.9715873003005981,,,,,
871,2,青年角膜弓,Embryotoxon,Q13.4,0.9861778020858765,,,,,
872,2,青铜色婴儿综合征,Bronze baby syndrome,P83.8,0.9641937017440796,,,,,
872,2,青枝型骨折 - 作为骨折，按部位编码,"Greenstick fracture - code as Fracture, by site",,0.9460482001304626,,,,,
872,2,青肿(皮肤表面完整)(另见 挫伤),Bruise (skin surface intact) (see also Contusion),T14.0,0.9667109847068787,,,,,
872,3,伴有开放性伤口-见伤口，开放性,"with open wound – see Wound, open",,0.9564340710639954,,,,,
872,3,内部器官-见损伤，按部位,"internal organ – see Injury, by site",,0.988750159740448,,,,,
872,3,脐带,umbilical cord,O69.5,0.9660944938659668,,,,,
872,4,影响到胎儿或新生儿,affecting fetus or newborn,P02.6,0.9781965613365173,,,,,
872,3,胎儿或新生儿,fetus or newborn,P54.5,0.9975071549415588,,,,,
872,3,头皮，由于产伤，新生儿,"scalp, due to birth injury, newborn",P12.3,0.9716780185699463,,,,,
872,2,青紫心脏病,Cyanotic heart disease,I24.9,0.9889507293701172,,,,,
872,3,先天性,congenital,Q24.9,0.9901176691055298,,,,,
872,1,qīng 轻,,,0.9996435046195984,,,,,
872,2,轻(于),Light,,0.9995714426040649,,,,,
872,3,胎龄的胎儿或新生儿,"fetus or newborn, for gestational age",P05.0,0.9889546632766724,,,,,
872,3,头[头晕目眩],headedness,R42,0.9678075313568115,,,,,
872,2,轻昏迷,Semicoma,R40.1,0.9607757925987244,,,,,
872,2,轻截瘫(另见截瘫),Paraparesis (see also Paraplegia),G82.2,0.999646008014679,,,,,
872,2,轻偏瘫(另见偏瘫),Hemiparesis (see also Hemiplegia),G81.9,0.9704938530921936,,,,,
872,2,轻热(持续性)(单纯性),Febricula (continued) (simple),R50.9,0.9985336661338806,,,,,
872,2,轻瘫(另见麻痹),Paresis (see also Paralysis),G83.9,0.9945238828659058,,,,,
872,3,伯恩哈特,Bernhardt's,G57.1,0.9820542931556702,,,,,
872,3,假肥大性,pseudohypertrophic,G71.0,0.998038649559021,,,,,
872,3,膀胱(括约肌)(另见麻痹，膀胱),"bladder (sphincter) (see also Paralysis, bladder)",N31.2,0.9878202080726624,,,,,
872,4,脊髓痨性,tabetic,A52.1,0.9906149506568909,,,,,
872,3,周围进行性(特发性),peripheral progressive (idiopathic),G60.3,0.9611282348632812,,,,,
872,2,轻躁狂，亚躁狂反应,"Hypomania, hypomanic reaction",F30.0,0.9983494281768799,,,,,
872,1,qīng 倾,,,0.9996250867843628,,,,,
872,2,倾倒综合征(胃切除术后),Dumping syndrome (postgastrectomy),K91.1,0.9983216524124146,,,,,
872,2,倾向,Tendency,,0.9994165301322937,,,,,
872,3,出血(另见缺陷，凝血),"bleeding (see also Defect, coagulation)",D68.9,0.9905314445495605,,,,,
872,3,跌倒,to fall,R29.6,0.966812014579773,,,,,
872,3,妄想狂样,paranoid,F61,0.9236167073249817,,,,,
872,3,自杀,suicide,R45.8,0.9931869506835938,,,,,
872,4,精神障碍的组成部分-见情况,constituting part of a mental disorder condition,,0.9620378613471985,,,,,
872,2,倾斜脊椎,Tilting vertebra,M43.8,0.9913662075996399,,,,,
873,1,qíng 情,,,,,,,,
873,2,情感淡漠,Apathy,R45.3,0.9998359680175781,,,,,
873,2,情况 - 见病,Condition - see Disease,,0.9010186791419983,,,,,
873,2,情绪，病理性,"Emotionality, pathological",F60.3,0.9932215213775635,,,,,
873,1,qiū 丘,,,0.9368449449539185,,,,,
873,2,丘-斯综合征[丘格-斯特劳斯][变应性肉芽肿性血管炎],Churg-Strauss syndrome,M30.1,0.9708590507507324,,,,,
873,2,丘疹,"Papule(s), Pimple",R23.8,0.968239426612854,,,,,
873,2,丘疹病，淋巴瘤样,"Papulosis, lymphomatoid",L41.2,0.9994441866874695,,,,,
873,3,戈特龙,Gottron's,L94.4,0.9683036208152771,,,,,
873,3,品他病(初期),"carate, pinta (primary)",A67.0,0.986818253993988,,,,,
873,3,纤维性，鼻的(M8724/0),"fibrous, of nose (M8724/0)",D22.3,0.9762617349624634,,,,,
873,1,qiú 球,,,0.9745087623596191,,,,,
873,2,球孢子菌病,"Coccidioidomycosis, coccidioidosis",B38.9,0.9690946936607361,,,,,
873,3,播散性,disseminated,B38.7,0.9739271402359009,,,,,
873,3,肺,pulmonary,B38.2+ J99.8*,0.9455066323280334,,,,,
873,4,急性,acute,B38.0+ J99.8*,0.9568769335746765,,,,,
873,4,慢性,chronic,B38.1+ J99.8*,0.9687313437461853,,,,,
873,3,脑脊膜,meninges,B38.4+ G02.1*,0.9697365164756775,,,,,
873,3,皮肤,"cutaneous, skin",B38.3+ L99.8*,0.9647387862205505,,,,,
873,3,前列腺,prostate,B38.8+ N51.0*,0.9938608407974243,,,,,
873,3,全身性,generalized,B38.7,0.9540929794311523,,,,,
873,3,特指的 NEC,specified NEC,B38.8,0.9863885045051575,,,,,
873,2,球虫病(肠道),Coccidiosis (intestinal),A07.3,0.9833090901374817,,,,,
873,2,球后的 - 见情况,Retrobulbar - see condition,,0.9656757712364197,,,,,
873,2,球结膜水肿,"Chemosis, conjunctiva",H11.4,0.9778028726577759,,,,,
873,2,球空洞症 - 现译名 延髓空洞症,Syringobulbia,,0.9545669555664062,,,,,
873,2,球拍状胎盘-见胎盘，异常的,"Battledore placenta - see Placenta, abnormal",,0.9982081055641174,,,,,
873,2,球形包涵体贫血，先天性,"Heinz body anemia, congenital",D58.2,0.983599066734314,,,,,
873,2,球形红细胞增多症(先天性)(家族性)(遗传性),Spherocytosis (congenital) (familial) (hereditary),D58.0,0.9984340071678162,,,,,
873,3,镰状细胞(病),sickle-cell (disease),D57.8,0.9825984239578247,,,,,
873,3,血红蛋白病,hemoglobin disease,D58.0,0.9759599566459656,,,,,
873,2,球形角膜,Keratoglobus,H18.7,0.9708711504936218,,,,,
873,3,先天性,congenital,Q15.8,0.9817249178886414,,,,,
873,4,伴有青光眼,with glaucoma,Q15.0,0.9816034436225891,,,,,
873,2,球形晶状体(先天性),"Spherophakia, Lentiglobus (congenital)",Q12.4,0.9991807341575623,,,,,
873,3,后部,posterior,Q12.8,0.9720720648765564,,,,,
873,2,球形增加，晶状体(先天性),"Sphericity, increased, lens (congenital)",Q12.4,0.9988648891448975,,,,,
874,1,qū 曲,,,,,,,,
874,2,曲-见屈曲,Flexure - see Flexion,,0.9961205720901489,,,,,
874,2,曲解,Distortion,,0.9999717473983765,,,,,
874,3,家中交往,intrafamilial communications,Z63.8,0.9920889735221863,,,,,
874,2,曲霉(黄曲霉)(烟曲霉)(感染)(土曲霉)(另见曲霉病),Aspergillus (flavus) (fumigatus) (infection) (terreus) (see also Aspergillosis),B44.9,0.9745466113090515,,,,,
874,2,曲霉病，曲霉肿,"Aspergillosis, aspergilloma",B44.9,0.9715979695320129,,,,,
874,3,伴有肺炎+,with pneumonia,B44 J17.2*,0.9497551321983337,,,,,
874,3,扁桃体,tonsillar,B44.2+ J99.8*,0.9512816667556763,,,,,
874,3,播散性,disseminated,B44.7,0.9708027839660645,,,,,
874,3,肺NEC,pulmonary NEC,B44.1+ J99.8*,0.9448508024215698,,,,,
874,4,侵袭性,invasive,B44.0+ J99.8*,0.9733836650848389,,,,,
874,3,全身性,generalized,B44.7,0.9947112202644348,,,,,
874,3,特指的 NEC,specified NEC,B44.8,0.9674382209777832,,,,,
874,2,曲张(性),Varicose,,0.9999303817749023,,,,,
874,3,动脉瘤(破裂),aneurysm (ruptured),I77.0,0.952534556388855,,,,,
874,3,静脉(下肢)(破裂),vein (lower limb) (ruptured),I83.9,0.9715701341629028,,,,,
874,4,产褥期(生殖)(下肢),puerperium (genital) (lower limb),O87.8,0.9722272157669067,,,,,
874,5,肛门或直肠,anus or rectum,O87.2,0.9474915266036987,,,,,
874,4,发炎或感染的,inflamed or infected,I83.1,0.9824233651161194,,,,,
874,5,伴有溃疡,with ulcer,I83.2,0.9384998083114624,,,,,
874,4,肛门-见痔,anus - see Hemorrhoids,,0.9314413070678711,,,,,
874,4,溃疡性,ulcerated,I83.0,0.9606704711914062,,,,,
874,5,发炎或感染的,inflamed or infected,I83.2,0.9502331614494324,,,,,
874,4,盆腔,pelvis,I86.2,0.936821699142456,,,,,
874,4,脐带，影响到胎儿或新生儿,"umbilical cord, affecting fetus or newborn",P02.6,0.976962149143219,,,,,
874,4,妊娠(下肢),pregnancy (lower limb),O22.0,0.9837628602981567,,,,,
874,5,肛门或直肠,anus or rectum,O22.4,0.9363593459129333,,,,,
874,5,生殖系(会阴、阴道或外阴).,"genital (perineum, vagina or vulva)",O22.1,0.9629538655281067,,,,,
874,4,舌下,sublingual,I86.0,0.9270280003547668,,,,,
874,4,食管(溃疡性),esophagus (ulcerated),I85.9,0.9579903483390808,,,,,
874,5,出血,bleeding,I85.0,0.8855838775634766,,,,,
874,4,特指部位NEC,specified site NEC,I86.8,0.9669586420059204,,,,,
874,4,外阴,vulva,I86.3,0.9360911250114441,,,,,
874,4,先天性(周围),congenital (peripheral),Q27.8,0.9537276029586792,,,,,
874,4,阴囊(溃疡性),scrotum (ulcerated),I86.1,0.9664433002471924,,,,,
874,4,直肠-见痔，内,"rectum - see Hemorrhoids, internal",,0.9454455971717834,,,,,
874,3,静脉炎-见静脉曲张，发炎,"phlebitis - see Varicose vein, inflamed",,0.9968807101249695,,,,,
874,3,溃疡(下肢，任何部分),"ulcer (lower limb, any part)",I83.0,0.9800478219985962,,,,,
874,4,鼻中隔,nasal septum,I86.8,0.9585355520248413,,,,,
874,4,发炎或感染的,inflamed or infected,I83.2,0.9803550243377686,,,,,
875,4,肛门,anus,I84.8,0.9152672290802002,,,,,
875,5,内,internal,I84.1,0.9398818016052246,,,,,
875,5,外,external,I84.4,0.9346590042114258,,,,,
875,4,食管,esophagus,I85.9,0.8794727921485901,,,,,
875,5,出血,bleeding,I85.0,0.9133812785148621,,,,,
875,4,特指部位NEC,specified site NEC,I86.8,0.9901022911071777,,,,,
875,4,阴囊,scrotum,I86.1,0.9567168354988098,,,,,
875,4,"直肠 - 见曲张(性),溃疡,肛门","rectum - see Varicose, ulcer, anus",,0.9325496554374695,,,,,
875,3,瘤·-见静脉曲张,tumor - see Varicose vein,,0.9233728051185608,,,,,
875,3,皮炎,dermatitis,I83.1,0.9684783816337585,,,,,
875,3,湿疹,eczema,I83.1,0.9772871732711792,,,,,
875,3,胎盘血管,placental vessel,O43.8,0.9716201424598694,,,,,
875,3,血管,vessel,I83.9,0.9477927088737488,,,,,
875,4,胎盘,placenta,O43.8,0.9504396915435791,,,,,
875,1,qū 驱,,,0.9592041969299316,,,,,
875,2,驱血法-见出血,Exsanguination - see Hemorrhage,,0.9868859052658081,,,,,
875,1,qū 屈,,,0.9999520182609558,,,,,
875,2,屈光不正,Ametropia,H52.7,0.9998356699943542,,,,,
875,2,屈光参差(先天性),Anisometropia (congenital),H52.3,0.9991803169250488,,,,,
875,2,屈光误差,Refractive error,H52.7,0.9957731366157532,,,,,
875,2,屈梅尔病或屈梅尔脊柱炎[脊柱压缩性骨折],Kümmell's disease or spondylitis,M48.3,0.9947443604469299,,,,,
875,2,屈曲,Flexion,,0.9996710419654846,,,,,
875,3,畸形，关节,"deformity, joint",M21.2,0.9915931820869446,,,,,
875,4,髋，先天性,"hip, congenital",Q65.8,0.9647881388664246,,,,,
875,3,挛缩，关节(另见挛缩，关节),"contracture, joint (see also Contraction, joint)",M24.5,0.9900022745132446,,,,,
875,1,qū 躯,,,0.9996817111968994,,,,,
875,2,躯干的 - 见情况,Trunk - see condition,,0.874948263168335,,,,,
875,2,躯干横切(腹部)(胸部),"Transection, trunk (abdomen) (thorax)",T05.8,0.9792273044586182,,,,,
875,2,躯干前屈症[驼背](癔症性),Camptocormia (hysterical),F44.4,0.9602946043014526,,,,,
875,2,躯体化反应，躯体性反应-见障碍，躯体形式,"Somatization reaction, somatic reaction - see Disorder, somatoform",,0.9762025475502014,,,,,
875,2,躯体完全分解,"Disintegration, complete, of the body",R68.8,0.9794213175773621,,,,,
876,1,qǔ 取,,,,,,,,
876,2,取出，更换,Change(s),,0.9999219179153442,,,,,
876,3,避孕装置,contraceptive device,Z30.5,0.9743978977203369,,,,,
876,3,缝线,suture,Z48.0,0.957878828048706,,,,,
876,3,敷料,dressing,Z48.0,0.9671395421028137,,,,,
876,3,固定装置(内),fixation device (internal),Z47.0,0.9861498475074768,,,,,
876,4,外,external,Z47.8,0.8946681022644043,,,,,
876,3,基施纳丝,Kirschner wire,Z47.0,0.9850491881370544,,,,,
876,3,夹板，外,"splint, external",Z47.8,0.982729971408844,,,,,
876,3,留置导管,indwelling catheter,Z46.6,0.9949679970741272,,,,,
876,3,起搏器,pacemaker,Z45.0,0.9711444973945618,,,,,
876,3,牵引装置,traction device,Z47.8,0.9898092746734619,,,,,
876,3,石膏绷带,plaster cast,Z47.8,0.9965327382087708,,,,,
876,2,取胎术-见牵引术,Extraction,,0.9985815286636353,,,,,
876,2,取消的(手术)操作,Cancelled procedure (surgical),Z53.9,0.9988893866539001,,,,,
876,3,接种,vaccination,Z28.9,0.986985445022583,,,,,
876,4,由于,because of,,0.7191026210784912,,,,,
876,5,病人的决定NEC,patient's decision NEC,Z28.2,0.9598380923271179,,,,,
876,6,信仰或群体压力的原因,for reasons of belief or group pressure,Z28.1,0.9881554841995239,,,,,
876,5,禁忌证,contraindication,Z28.0,0.9642858505249023,,,,,
876,5,特指的理由NEC,specified reason NEC,Z28.8,0.9537747502326965,,,,,
876,3,由于,because of,,0.9621980786323547,,,,,
876,4,病人的决定NEC,patient's decision NEC,Z53.2,0.9778943061828613,,,,,
876,5,信仰或群体压力的原因,for reasons of belief or group pressure,Z53.1,0.9790465235710144,,,,,
876,4,禁忌证,contraindication,Z53.0,0.9283815026283264,,,,,
876,4,特指的理由 NEC,specified reason NEC,Z53.8,0.9825042486190796,,,,,
876,1,qǔ 龋,,,0.9052480459213257,,,,,
876,2,龋,Caries,,0.9942924976348877,,,,,
876,3,初始,initial,K02.0,0.9369449019432068,,,,,
876,3,牙,"dental, tooth, teeth",K02.9,0.8894531726837158,,,,,
876,3,牙本质(急性)(慢性),dentin (acute) (chronic),K02.1,0.9751476049423218,,,,,
876,3,牙骨质,cementum,K02.2,0.9693443179130554,,,,,
876,4,静止,arrested,K02.3,0.9202531576156616,,,,,
876,4,特指的NEC,specified NEC,K02.8,0.9840773940086365,,,,,
876,3,釉质(急性)(慢性，初期),"enamel (acute) (chronic, incipient)",K02.0,0.9666866064071655,,,,,
876,2,龋牙,Carious teeth,K02.9,0.9776267409324646,,,,,
877,1,qù 去,,,0.9999273419380188,,,,,
877,2,去除(自),Removal (from) (of),,0.9653778076171875,,,,,
877,3,板(骨折),plate (fracture),Z47.0,0.9799861311912537,,,,,
877,3,导管(留置的)(泌尿),catheter (indwelling) (urinary),Z46.6,0.9735868573188782,,,,,
877,4,血管 NEC,vascular NEC,Z45.2,0.9313597083091736,,,,,
877,4,自人工造口-见维护，人工，造口,"from artificial opening - see Attention to, artificial, opening",,0.9513004422187805,,,,,
877,3,钉,pin,Z47.0,0.9450980424880981,,,,,
877,3,缝线,suture,Z48.0,0.9403570890426636,,,,,
877,3,敷料,dressing,Z48.0,0.9456406235694885,,,,,
877,3,杆,rod,Z47.0,0.9381200671195984,,,,,
877,3,鼓膜切开术装置(移植片固定模)(管),myringotomy device (stent) (tube),Z45.8,0.9869796633720398,,,,,
877,3,基施纳钢丝,Kirschner wire,Z47.0,0.994813084602356,,,,,
877,3,夹板，外部,"splint, external",Z47.8,0.9922820329666138,,,,,
877,3,螺丝钉,screw,Z47.0,0.9304540753364563,,,,,
877,3,器官，预防性(为肿瘤处理),"organ, prophylactic (for neoplasm management)",Z40.0,0.9917859435081482,,,,,
877,3,牵引装置，外部,"traction device, external",Z47.8,0.9911973476409912,,,,,
877,3,石膏绷带,plaster cast,Z47.8,0.9977883696556091,,,,,
877,3,心脏脉冲发生器(电池)(寿命到期),cardiac pulse generator (battery) (end-of-life),Z45.0,0.9705284237861633,,,,,
877,3,血管通路装置或导管,vascular access device or catheter,Z45.2,0.9875113368034363,,,,,
877,3,装置,device,,0.9679068326950073,,,,,
877,4,避孕,contraceptive,Z30.5,0.9800195693969727,,,,,
877,4,固定(内部),fixation (internal),Z47.0,0.9781482219696045,,,,,
877,5,外部,external,Z47.8,0.9436227083206177,,,,,
877,4,二一牵引,traction,Z47.8,0.9343504309654236,,,,,
877,2,去极化-现译名除极,Depolarization,,0.9854921698570251,,,,,
877,2,去纤维蛋白(综合征),Defibrination (syndrome),D65,0.9769081473350525,,,,,
877,3,产后,postpartum,O72.3,0.9201210737228394,,,,,
877,3,产前,antepartum,O46.0,0.9791790246963501,,,,,
877,4,影响到胎儿或新生儿,affecting fetus or newborn,P02.1,0.969653308391571,,,,,
877,3,产时,intrapartum,O67.0,0.9671002626419067,,,,,
877,3,后,following,,0.9452446699142456,,,,,
877,4,流产(随后发生),abortion (subsequent episode),O08.1,0.9305299520492554,,,,,
877,5,近期发生-见流产,current episode - see Abortion,,0.9673300385475159,,,,,
877,4,异位妊娠或葡萄胎妊娠,ectopic or molar pregnancy,O08.1,0.9729246497154236,,,,,
877,3,胎儿或新生儿,fetus or newborn,P60,0.9990353584289551,,,,,
877,1,quán 全,,,0.9973659515380859,,,,,
877,2,全瓣膜病(未特指病因),Panvalvular disease (unspecified origin),I08.9,0.9750978946685791,,,,,
877,3,特指的NEC(未特指病因),specified NEC (unspecified origin),I08.8,0.9781915545463562,,,,,
878,2,全鼻窦炎(慢性)(增生性)(非化脓性)(化脓性),Pansinusitis (chronic) (hyperplastic) (nonpurulent) (purulent),J32.4,0.9971452355384827,,,,,
878,3,急性,acute,J01.4,0.9550433158874512,,,,,
878,3,结核性,tuberculous,A16.8,0.951047420501709,,,,,
878,4,伴有细菌学和组织学证实,with bacteriological and histological confirmation,A15.8,0.9902264475822449,,,,,
878,2,全垂体功能减退症,Panhypopituitarism,E23.0,0.9998557567596436,,,,,
878,3,青春期前,prepubertal,E23.0,0.9502601027488708,,,,,
878,2,全骨髓萎缩,Panmyelophthisis,D61.9,0.9677917957305908,,,,,
878,2,全骨髓增殖症(急性)(M9931/3),Panmyelosis (acute) (M9931/3),C94.4,0.9895727038383484,,,,,
878,2,全结肠炎，溃疡性(慢性),"Pancolitis, ulcerative (chronic)",K51.0,0.9947847723960876,,,,,
878,2,全脑炎，亚急性，硬化性,"Panencephalitis, subacute, sclerosing",A81.1,0.9939033389091492,,,,,
878,2,全色盲(后天性)(先天性),"Achromatism, achromatopsia (acquired) (congenital)",H53.5,0.9990836381912231,,,,,
878,2,全色盲，单色视症(后天性)(先天性),"Monochromat(ism), monochromatopsia (acquired) (congenital)",H53.5,0.9820792078971863,,,,,
878,2,全色素层炎(交感性),Panuveitis (sympathetic),H44.1,0.9948096871376038,,,,,
878,2,全身水肿,Anasarca,R60.1,0.9962490797042847,,,,,
878,3,胎儿或新生儿,fetus or newborn,P83.2,0.9699333906173706,,,,,
878,3,心性(另见衰竭，心力，充血性),"cardiac (see also Failure, heart, congestive)",I50.0,0.9747657775878906,,,,,
878,2,全身性的 - 见情况,"General, generalized - see condition",,0.9137557744979858,,,,,
878,2,全心炎(急性)(慢性),Pancarditis (acute) (chronic),I51.8,0.9847321510314941,,,,,
878,3,风湿性,rheumatic,I09.8,0.96949303150177,,,,,
878,4,活动性或急性,active or acute,I01.8,0.949626088142395,,,,,
878,2,全血管炎,Panangiitis,M30.0,0.9979666471481323,,,,,
878,2,全眼球脓炎-现译名全眼球炎,Panophthalmitis,,0.999695897102356,,,,,
878,2,全眼球炎,Panophthalmitis,H44.0,0.9798941612243652,,,,,
878,1,quán 拳,,,0.9918301701545715,,,,,
878,2,拳击手酩酊状态,Punch drunk,F07.2,0.978264331817627,,,,,
878,1,quán 醛,,,0.9928784370422363,,,,,
878,2,醛固酮过多症,Hyperaldosteronism,E26.9,0.9998819231987,,,,,
878,3,原发性(由于(双侧)肾上腺增生),primary (due to (bilateral) adrenal hyperplasia),E26.0,0.98835289478302,,,,,
878,3,继发性,secondary,E26.1,0.9950506091117859,,,,,
878,3,特指的NEC,specified NEC,E26.8,0.9587453603744507,,,,,
878,2,醛固酮减少症,Hypoaldosteronism,E27.4,0.9993875026702881,,,,,
878,2,醛固酮增多症(另见醛固酮过多症),Aldosteronism (see also Hyperaldosteronism),E26.9,0.9989728331565857,,,,,
878,2,醛甾酮过少症-现译名醛固酮减少症,Hypoaldosteronism,,0.992134690284729,,,,,
879,1,quē 缺,,,,,,,,
879,2,缺乏(症)，不足,"Deficiency, deficient, Deficit, Insufficiency, Lack of",,0.990545928478241,,,,,
879,3,11β-羟化酶,11 beta-hydroxylase,E25.0,0.9815254211425781,,,,,
879,3,21-羟化酶,21-hydroxylase,E25.0,0.9771853685379028,,,,,
879,3,3β羟甾类脱氢酶,3β-hydroxysteroid dehydrogenase,E25.0,0.9827465415000916,,,,,
879,3,5-α还原酶(伴有男性假两性同体),5-α-reductase (with male pseudohermaphroditism),E29.1,0.9862403869628906,,,,,
879,3,AC球蛋白(先天性)(遗传性),AC globulin (congenital) (hereditary),D68.2,0.9617968201637268,,,,,
879,4,后天性,acquired,D68.4,0.944905161857605,,,,,
879,3,NADH-正铁血红蛋白还原酶(先天性),NADH-methemoglobin reductase (congenital),D74.0,0.977597177028656,,,,,
879,3,NADH黄递酶或还原酶(先天性),NADH diaphorase or reductase (congenital),D74.0,0.9813042283058167,,,,,
879,3,PTA(血浆凝血激酶前质),PTA (plasma thromboplastin antecedent),D68.1,0.9727864265441895,,,,,
879,3,PTC(血浆凝血激酶成分),PTC (plasma thromboplastin component),D67,0.9483216404914856,,,,,
879,3,SPCA(因子 VII),SPCA (factor VII),D68.2,0.9521497488021851,,,,,
879,3,α1抗胰蛋白酶,α-1-antitrypsin,E88.0,0.9644420146942139,,,,,
879,3,β葡萄糖醛酸酶,β-glucuronidase,E76.2,0.9784743785858154,,,,,
879,3,氨基酸类,amino-acids,E72.9,0.9537827968597412,,,,,
879,3,半乳糖-1-磷酸盐尿苷酸转移酶,galactose-1-phosphate uridyl transferase,E74.2,0.997214138507843,,,,,
879,3,半乳糖激酶,galactokinase,E74.2,0.9899129867553711,,,,,
879,3,苯丙氨酸羟化酶,phenylalanine hydroxylase,E70.1,0.9736844897270203,,,,,
879,3,吡哆胺，吡哆醛,"pyridoxamine, pyridoxal",E53.1,0.9882723093032837,,,,,
879,3,吡哆醇(衍生物),pyridoxine (derivatives),E53.1,0.9832576513290405,,,,,
879,3,必需脂肪酸,essential fatty acid (EFA),E63.0,0.9805220365524292,,,,,
879,3,丙酮酸盐,pyruvate,,0.9637230634689331,,,,,
879,4,脱氢酶,dehydrogenase,E74.4,0.9865339398384094,,,,,
879,4,羧酶,carboxylase,E74.4,0.9367311596870422,,,,,
879,3,补体1酯酶抑制剂 .,C1 esterase inhibitor (C1-INH),D84.1,0.984205424785614,,,,,
879,3,不稳定因子(先天性)(遗传性),labile factor (congenital) (hereditary),D68.2,0.985805332660675,,,,,
879,4,后天性,acquired,D68.4,0.9564160108566284,,,,,
879,3,财源,financial resources,Z59.6,0.9781777262687683,,,,,
879,3,产前保健，影响妊娠处理,"prenatal care, affecting management of pregnancy",Z35.3,0.9965687990188599,,,,,
879,3,充足的食物NEC,adequate food NEC,Z59.4,0.9545959234237671,,,,,
879,3,垂体素(单一的),pituitary hormone (isolated),E23.0,0.9912840723991394,,,,,
879,3,次黄嘌呤(-鸟嘌呤)磷酸核糖转移酶,hypoxanthine(-guanine)-phosphoribosyltransferase (HG-PRT) (total H-PRT),E79.1,0.9893742203712463,,,,,
879,3,促性腺激素(孤立的),gonadotropin (isolated),E23.0,0.9653127789497375,,,,,
879,3,蛋白(另见营养不良),protein (see also Malnutrition),E46,0.985192596912384,,,,,
879,4,C,C,D68.5,0.9930436611175537,,,,,
879,4,S,S,D68.5,0.9568760991096497,,,,,
879,3,道德(精神病性),moral,F60.2,0.9626593589782715,,,,,
879,3,碘,iodine,E61.8,0.980596125125885,,,,,
879,4,先天性综合征(另见综合征，缺碘，先天性),"congenital syndrome (see also Syndrome, iodine- deficiency, congenital)",E00.9,0.9661913514137268,,,,,
880,3,多种营养元素,multiple nutrient elements,E61.7,0.970992922782898,,,,,
880,3,多腺体,polyglandular,E31.8,0.9719879031181335,,,,,
880,4,自身免疫性,autoimmune,E31.0,0.9905142784118652,,,,,
880,3,二糖酶,disaccharidase,E73.9,0.9530731439590454,,,,,
880,3,钒,vanadium,E61.6,0.9656914472579956,,,,,
880,3,泛酸,pantothenic acid,E53.8,0.9231583476066589,,,,,
880,3,分泌,secretion,,0.9961229562759399,,,,,
880,4,卵巢,ovary,E28.3,0.9636840224266052,,,,,
880,4,尿,urine,R34,0.828453004360199,,,,,
880,4,涎腺(任何),salivary gland (any),K11.7,0.9748548269271851,,,,,
880,3,父母对儿童的监督和管教,parental supervision or control of child,Z62.0,0.9972288608551025,,,,,
880,3,腹肌(缺乏)综合征,abdominal muscle syndrome,Q79.4,0.9662060141563416,,,,,
880,3,钙(饮食性),calcium (dietary),E58,0.9527124166488647,,,,,
880,3,肝磷酸化酶,hepatophosphorylase,E74.0,0.9639586210250854,,,,,
880,3,铬,chromium,E61.4,0.9958345293998718,,,,,
880,3,供能(另见营养不良),energy supply (see also Malnutrition),E46,0.9834012389183044,,,,,
880,4,严重的(另见营养不良，重度),"severe (see also Malnutrition, severe)",E43,0.9859321713447571,,,,,
880,3,骨化醇，维生素D2,calciferol,E55.9,0.981989860534668,,,,,
880,4,伴有,with,,0.7655317783355713,,,,,
880,5,成人骨软化症,adult osteomalacia,M83.8,0.9934485554695129,,,,,
880,5,佝偻病(另见佝偻病),rickets (see also Rickets),E55.0,0.9817330241203308,,,,,
880,3,"果糖-1,6-二磷酸","fructose 1,6-diphosphatase",E74.1,0.9829230904579163,,,,,
880,3,果糖激酶,fructokinase,E74.1,0.995835542678833,,,,,
880,3,哈格曼因子,Hageman factor,D68.2,0.9879339337348938,,,,,
880,3,核黄素,riboflavin,E53.0,0.9539164304733276,,,,,
880,3,胡萝卜素,carotene,E50.9,0.9768762588500977,,,,,
880,3,肌磷酸化酶,myophosphorylase,E74.0,0.9554517865180969,,,,,
880,3,肌肉肉毒碱(棕榈酰转移酶),muscle carnitine (palmityltransferase),E71.3,0.9935981631278992,,,,,
880,3,激素,hormone,,0.931911289691925,,,,,
880,4,垂体,pituitary,E23.0,0.9098840355873108,,,,,
880,4,睾丸,testicular,E29.1,0.9468843340873718,,,,,
880,4,前垂体(部分)NEC,anterior pituitary (partial) NEC,E23.0,0.9694693088531494,,,,,
880,5,生长,growth,E23.0,0.9119731783866882,,,,,
880,4,生长(单一的),growth (isolated),E23.0,0.9761907458305359,,,,,
880,3,记忆(另见遗忘症),memory (see also Amnesia),R41.3,0.9745276570320129,,,,,
880,4,轻度，器质性脑损害后.,"mild, following organic brain damage",F06.7,0.9799047708511353,,,,,
880,3,甲状旁(腺),parathyroid (gland),E20.9,0.9647694230079651,,,,,
880,3,钾,"kalium, potassium (K)",E87.6,0.9722790718078613,,,,,
880,3,假胆碱酯酶,pseudocholinesterase,E88.0,0.9832183718681335,,,,,
880,3,抗坏血酸,ascorbic acid,E54,0.98745197057724,,,,,
880,3,抗凝血酶,antithrombin,D68.5,0.9921489953994751,,,,,
881,3,抗体，伴有,"antibody, with",,0.9868146181106567,,,,,
881,4,高免疫球蛋白血症,hyperimmunoglobulinemia,D80.6,0.9663916826248169,,,,,
881,4,接近正常的免疫球蛋白,near-normal immunoglobins,D80.6,0.9716142416000366,,,,,
881,3,抗血友病性球蛋白 NEC,anti-hemophilic globulin NEC,D66,0.9626696109771729,,,,,
881,3,空暇时间(影响生活方式),leisure time (affecting lifestyle),Z73.2,0.9801640510559082,,,,,
881,3,矿物质 NEC,mineral NEC,E61.8,0.9578227400779724,,,,,
881,3,泪液(后天性),lacrimal fluid (acquired),H04.1,0.9845812320709229,,,,,
881,4,先天性,congenital,Q10.6,0.9461302757263184,,,,,
881,3,磷酸烯醇丙酮酸羧激酶,phosphoenolpyruvate carboxykinase,E74.4,0.9864814877510071,,,,,
881,3,硫胺，硫胺素(氯化物),"aneurin, thiamine, thiaminic (chloride)",E51.9,0.9940516352653503,,,,,
881,4,脚气病,beriberi,E51.1,0.9711501002311707,,,,,
881,4,特指的NEC,specified NEC,E51.8,0.9689730405807495,,,,,
881,3,硫酸酯酶,sulfatase,E75.2,0.9843786358833313,,,,,
881,3,卵磷脂胆固醇酰基转移酶,lecithin cholesterol acyltransferase,E78.6,0.9958229064941406,,,,,
881,3,麦角骨化醇(另见缺乏，骨化醇，维生素D2),"viosterol (see also Deficiency, calciferol)",E55.9,0.9897633194923401,,,,,
881,3,麦角甾醇,ergosterol,E55.9,0.9698448181152344,,,,,
881,4,伴有,with,,0.8174751996994019,,,,,
881,5,成人骨软化症,adult osteomalacia,M83.8,0.9925234913825989,,,,,
881,5,佝偻病(另见佝偻病),rickets (see also Rickets),E55.0,0.9874506592750549,,,,,
881,3,酶，循环性NEC,"enzymes, circulating NEC",E88.0,0.9725095629692078,,,,,
881,3,镁,magnesium,E61.2,0.9815396666526794,,,,,
881,3,锰,manganese,E61.3,0.9305249452590942,,,,,
881,3,免疫球蛋白，选择性,"immunoglobulin, selective",,0.9938201904296875,,,,,
881,4,A(免疫球蛋白A),A (IgA),D80.2,0.9326900243759155,,,,,
881,4,G(免疫球蛋白G)(亚类),G (IgG) (subclasses),D80.3,0.9575951099395752,,,,,
881,4,M(免疫球蛋白M),M (IgM),D80.4,0.9676634669303894,,,,,
881,3,钼(营养性),molybdenum (nutritional),E61.5,0.9928228259086609,,,,,
881,3,钠,"natrium, sodium (Na)",E87.1,0.9850760698318481,,,,,
881,3,内在因子(先天性),intrinsic factor (congenital),D51.0,0.9968275427818298,,,,,
881,3,能够给予必要照顾的人,person able to render necessary care,Z74.2,0.9967539310455322,,,,,
881,3,鸟氨酸氨甲酰基转移酶,ornithine transcarbamylase,E72.4,0.9906011819839478,,,,,
881,3,尿黑酸1，2-二氧化酶,"homogentisate 1,2-dioxygenase",E70.2,0.9818167090415955,,,,,
881,3,凝血(另见缺乏，因子),"coagulation, clotting (blood) (see also Deficiency, factor)",D68.9,0.9870495200157166,,,,,
881,4,产后,postpartum,O72.3,0.879108726978302,,,,,
881,4,产前,antepartum,O46.0,0.8820492625236511,,,,,
881,5,影响到胎儿或新生儿,affecting fetus or newborn,P02.1,0.9847481846809387,,,,,
881,4,后天性(任何),acquired (any),D68.4,0.9622640609741211,,,,,
881,4,凝血因子NEC(另见缺乏，因子),"clotting factor NEC (see also Deficiency, factor)",D68.2,0.9900416135787964,,,,,
881,4,特指的 NEC,specified NEC,D68.8,0.9758411645889282,,,,,
881,4,新生儿，短暂性,"newborn, transient",P61.6,0.9582777619361877,,,,,
882,4,由于,due to,,0.7422081232070923,,,,,
882,5,肝病,liver disease,D68.4,0.9201763868331909,,,,,
882,5,高凝血酶原血症,hyperprothrombinemia,D68.4,0.9346219301223755,,,,,
882,5,维生素K缺乏,vitamin K deficiency,D68.4,0.9881121516227722,,,,,
882,3,凝血酶原(先天性)(遗传性),prothrombin (congenital) (hereditary),D68.2,0.984236478805542,,,,,
882,4,后天性,acquired,D68.4,0.9546666145324707,,,,,
882,3,凝血因子NEC(遗传性)(另见缺乏，因子),"clotting factor NEC (hereditary) (see also Deficiency, factor)",D68.2,0.9905415177345276,,,,,
882,3,嘌呤核苷磷酸化酶,purine nucleoside phosphorylase (PNP),D81.5,0.9968962073326111,,,,,
882,3,贫血-见贫血,anemia - see Anemia,,0.9771420359611511,,,,,
882,3,葡萄糖-6-磷酸酶,glucose-6-phosphatase,E74.0,0.9888812303543091,,,,,
882,3,葡萄糖-6-磷酸脱氢酶贫血,glucose-6-phosphate dehydrogenase anemia,D55.0,0.9964312314987183,,,,,
882,3,葡萄糖醛酸转移酶,glucuronyl transferase,E80.5,0.9921711683273315,,,,,
882,3,前加速因子(先天性)(遗传性),proaccelerin (congenital) (hereditary),D68.2,0.9850879907608032,,,,,
882,4,后天性,acquired,D68.4,0.9475348591804504,,,,,
882,3,前转变素因子(先天性)(遗传性),proconvertin factor (congenital) (hereditary),D68.2,0.9809815883636475,,,,,
882,4,后天性,acquired,D68.4,0.9473493695259094,,,,,
882,3,氰钴胺素,cyanocobalamin,E53.8,0.9795548319816589,,,,,
882,3,取暖,heating,Z59.1,0.9898049235343933,,,,,
882,3,去支链酶(局限性糊精聚积病),debrancher enzyme (limit dextrinosis),E74.0,0.988786518573761,,,,,
882,3,醛缩酶(遗传性),aldolase (hereditary),E74.1,0.98473060131073,,,,,
882,3,热能，重度,"calorie, severe",E43,0.992398738861084,,,,,
882,4,伴有消瘦,with marasmus,E41,0.9841805696487427,,,,,
882,5,和恶性营养不良病[夸希奥科病],and kwashiorkor,E42,0.9788429737091064,,,,,
882,3,肉毒碱(棕榈酰转移酶)，肌肉,"carnitine (palmityltransferase), muscle",E71.3,0.9957309365272522,,,,,
882,3,乳糖,lactase,,0.9779884815216064,,,,,
882,4,继发性,secondary,E73.1,0.9413766264915466,,,,,
882,4,先天性,congenital,E73.0,0.9482486844062805,,,,,
882,3,社会保险,social insurance,Z59.7,0.9893457889556885,,,,,
882,3,身体锻炼,physical exercise,Z72.3,0.994410514831543,,,,,
882,3,肾上腺皮质,corticoadrenal,E27.4,0.9727030992507935,,,,,
882,4,原发性,primary,E27.1,0.9490801095962524,,,,,
882,3,生长激素(特发性)(单一的),growth hormone (idiopathic) (isolated),E23.0,0.9865092635154724,,,,,
882,3,生物素,biotin,E53.8,0.9787119626998901,,,,,
882,3,生物素依赖羧化酶,biotin-dependent carboxylase,D81.8,0.9893752932548523,,,,,
882,3,生育酚,tocopherol,E56.0,0.9928291440010071,,,,,
882,3,食物,"food, nourishment",T73.0,0.991978645324707,,,,,
882,3,食欲缺乏(另见厌食),appetite (see also Anorexia),R63.0,0.9976656436920166,,,,,
882,3,水,water,T73.1,0.974517285823822,,,,,
882,3,水肿(营养缺乏性)(另见营养不良，重度),"edema (see also Malnutrition, severe)",E43,0.9899617433547974,,,,,
882,3,斯图尔特-普劳厄(因子X),Stuart-Prower (factor X),D68.2,0.9790922999382019,,,,,
882,3,酸性磷酸酶,acid phosphatase,E83.3,0.9922532439231873,,,,,
883,3,糖原合成酶,glycogen synthetase,E74.0,0.993615984916687,,,,,
883,3,铁,iron,E61.1,0.9834760427474976,,,,,
883,3,铜(营养),copper (nutritional),E61.0,0.9935873746871948,,,,,
883,3,维生素(多种),vitamin (multiple),E56.9,0.9885240197181702,,,,,
883,4,A,A,E50.9,0.9351853132247925,,,,,
883,5,伴有,with,,0.7520711421966553,,,,,
883,6,比奥斑(角膜),Bitot's spot (corneal),E50.1,0.9844957590103149,,,,,
883,6,干眼症,xerophthalmia,E50.7+ H19.8*,0.9680931568145752,,,,,
883,6,干燥,xerosis,,0.9937412142753601,,,,,
883,7,角膜,cornea,E50.2+ H19.8*,0.9795824289321899,,,,,
883,8,和溃疡,and ulceration,E50.3+ H19.8*,0.9674055576324463,,,,,
883,7,结膜,conjunctival,E50.0+ H13.8*,0.9822438955307007,,,,,
883,8,和比奥斑,and Bitot's spot,E50.1+ H13.8*,0.9671730399131775,,,,,
883,6,角膜瘢痕，干眼性,"scar of cornea, xerophthalmic",E50.6+ H19.8*,0.9898104071617126,,,,,
883,6,角膜软化症,keratomalacia,E50.4+ H19.8*,0.9780904650688171,,,,,
883,6,临床表现NEC,manifestations NEC,E50.8,0.9682613015174866,,,,,
883,6,滤泡性角化病,follicular keratosis,E50.8+ L86*,0.969411313533783,,,,,
883,6,皮肤干燥病,xeroderma,E50.8+ L86*,0.9797239303588867,,,,,
883,6,夜盲,night blindness,E50.5+ H58.1*,0.9452984929084778,,,,,
883,5,后遗症,sequelae,E64.1,0.9040527939796448,,,,,
883,4,B(复合性)NEC,B (complex) NEC,E53.9,0.9594281911849976,,,,,
883,4,B₁,B1,E51.9,0.9599924087524414,,,,,
883,4,B₂(核黄素),B2 (riboflavin),E53.0,0.9698870778083801,,,,,
883,4,B₆,B6,E53.1,0.8972985148429871,,,,,
883,4,B₁₂,B12,E53.8,0.8972985148429871,,,,,
883,5,脚气病,beriberi,E51.1,0.959394633769989,,,,,
883,6,伴有循环系统临床表现,with circulatory system manifestations,E51.1+ I98.8*,0.9267914295196533,,,,,
883,4,B 族,group B,E53.9,0.9038208723068237,,,,,
883,5,特指的 NEC,specified NEC,E53.8,0.9108698964118958,,,,,
883,3,伴有,with,,0.9825273156166077,,,,,
883,4,糙皮病,pellagra,E52,0.9599832892417908,,,,,
883,4,脚气病,beriberi,E51.1,0.9713640809059143,,,,,
883,4,C,C,E54,0.8689255118370056,,,,,
883,5,后遗症,sequelae,E64.2,0.9080045819282532,,,,,
883,4,D,D,E55.9,0.9275510311126709,,,,,
883,3,伴有,with,,0.929939866065979,,,,,
883,4,成人骨软化症,adult osteomalacia,M83.8,0.9605623483657837,,,,,
883,5,佝偻病(另见佝偻病),rickets (see also Rickets),E55.0,0.9616868495941162,,,,,
883,4,E,E,E56.0,0.8786044716835022,,,,,
883,4,H(生物素),H (biotin),E53.8,0.9694235920906067,,,,,
883,4,K,K,E56.1,0.9640136957168579,,,,,
883,5,新生儿的,of newborn,P53,0.9445492029190063,,,,,
884,4,P,P,E56.8,0.9173997044563293,,,,,
884,4,PP(预防糙皮病),PP (pellagra-preventing),E52,0.9763033986091614,,,,,
884,4,硫胺素,thiamine,E51.9,0.9616442918777466,,,,,
884,5,脚气病(另见脚气病),beriberi (see also Beriberi),E51.1,0.981792688369751,,,,,
884,4,特指的NEC,specified NEC,E56.8,0.9899563193321228,,,,,
884,3,稳定因子(先天性)(遗传性),stable factor (congenital) (hereditary),D68.2,0.9799675345420837,,,,,
884,4,后天性,acquired,D68.4,0.9838249087333679,,,,,
884,3,物质资源[收入],material resources,Z59.6,0.9848888516426086,,,,,
884,3,硒(饮食性),selenium (dietary),E59,0.9769098162651062,,,,,
884,3,纤维蛋白稳定因子(先天性)(遗传性),fibrin-stabilizing factor (congenital) (hereditary),D68.2,0.9941749572753906,,,,,
884,4,后天性,acquired,D68.4,0.9750728607177734,,,,,
884,3,纤维蛋白原(先天性)(遗传性),fibrinogen (congenital) (hereditary),D68.2,0.9799728989601135,,,,,
884,4,后天性,acquired,D65,0.8892725706100464,,,,,
884,3,腺苷脱氨酶(ADA),adenosine deaminase (ADA),D81.3,0.957510232925415,,,,,
884,3,协调,coordination,R27.8,0.9557165503501892,,,,,
884,3,锌，饮食,"zinc, dietary",E60,0.9849331378936768,,,,,
884,3,性,sexual,,0.9873409867286682,,,,,
884,4,乐,enjoyment,F52.1,0.9427701234817505,,,,,
884,4,欲,desire,F52.0,0.9255678653717041,,,,,
884,3,休息(影响生活方式),relaxation (affecting lifestyle),Z73.2,0.9785606265068054,,,,,
884,3,血红蛋白,hemoglobin,D64.9,0.9734396934509277,,,,,
884,3,血浆凝血激酶,plasma thromboplastin,,0.9972484707832336,,,,,
884,4,成分(PTC),component (PTC),D67,0.9683504104614258,,,,,
884,4,前质(PTA),antecedent (PTA),D68.1,0.9937198758125305,,,,,
884,3,血浆铜蓝蛋白(威尔逊),ceruloplasmin (Wilson),E83.0,0.9815914630889893,,,,,
884,3,血清抗胰蛋白酶，家族性,"serum antitrypsin, familial",E88.0,0.9858482480049133,,,,,
884,3,血液中丙种球蛋白,gammaglobulin in blood,D80.1,0.9977498054504395,,,,,
884,4,遗传性,hereditary,D80.0,0.9381837248802185,,,,,
884,3,牙数目(另见无牙症),number of teeth (see also Anodontia),K00.0,0.9833064079284668,,,,,
884,3,亚硫酸盐氧化酶,sulfite oxidase,E72.1,0.996912956237793,,,,,
884,3,烟酸，烟酰胺(-色氨酸),"nicotinic acid, nicotinamide, niacin (amide) (-tryptophan)",E52,0.9924845695495605,,,,,
884,3,盐,salt,E87.1,0.9527183771133423,,,,,
884,3,氧(另见缺氧),oxygen (see also Anoxia),R09.0,0.9903191328048706,,,,,
884,4,全身性(由于窒息)(环境中缺氧含量),systemic (by suffocation) (low content in atmosphere),T71,0.9784821271896362,,,,,
884,3,叶酸，叶酸盐,"folic acid, folate",E53.8,0.9983736872673035,,,,,
884,3,胰抗脂肪肝素,lipocaic,K86.8,0.9626147747039795,,,,,
884,3,因子-另见缺乏，凝血,"factor - see also Deficiency, coagulation",,0.948699414730072,,,,,
884,4,Ⅰ(先天性)(遗传性),I (congenital) (hereditary),D68.2,0.9687235355377197,,,,,
884,4,Ⅱ(先天性)(遗传性),Ⅱ(congenital) (hereditary),D68.2,0.9746100306510925,,,,,
884,4,V(先天性)(遗传性),V (congenital) (hereditary),D68.2,0.9502367377281189,,,,,
885,4,VII(先天性)(遗传性),VII(congenital) (hereditary),D68.2,0.9654463529586792,,,,,
885,4,VI(先天性)(功能性)(遗传性)(伴有功能性缺陷),VIII (congenital) (functional) (hereditary) (with functional defect),D66,0.9434601068496704,,,,,
885,5,伴有血管性缺陷,with vascular defect,D68.0,0.9586950540542603,,,,,
885,4,X(先天性)(功能性)(遗传性)(伴有功能性缺陷),IX (congenital) (functional) (hereditary) (with functional defect),D67,0.9597970247268677,,,,,
885,4,X(先天性)(遗传性),X (congenital) (hereditary),D68.2,0.9527437686920166,,,,,
885,4,XI(先天性)(遗传性),XI (congenital) (hereditary),D68.1,0.9759544730186462,,,,,
885,4,XII(先天性)(遗传性),XII(congenital) (hereditary),D68.2,0.9688751697540283,,,,,
885,4,XIII(先天性)(遗传性),— XIII(congenital) (hereditary),D68.2,0.9158679246902466,,,,,
885,4,多种(先天性),multiple (congenital),D68.8,0.9358165264129639,,,,,
885,5,后天性,acquired,D68.4,0.950164258480072,,,,,
885,4,哈格曼,Hageman,D68.2,0.9772619009017944,,,,,
885,3,饮食,diet dietary,E63.9,0.9953568577766418,,,,,
885,3,隐蔽所[住处],shelter,Z59.0,0.9797612428665161,,,,,
885,3,营养,"nutrition, nutritional",E63.9,0.9870398044586182,,,,,
885,4,后遗症-见后遗症，营养缺乏,"sequelae - see Sequelae, nutritional deficiency",,0.9360882639884949,,,,,
885,4,特指的NEC,specified NEC,E63.8,0.976073682308197,,,,,
885,3,营养元素,nutrient element,E61.9,0.9956342577934265,,,,,
885,4,多种,multiple,E61.7,0.9534597396850586,,,,,
885,4,特指的NEC,specified NEC,E61.8,0.9642466902732849,,,,,
885,3,在儿童期的学习体验,learning experiences in childhood,Z62.5,0.9795352816581726,,,,,
885,3,在儿童期的游戏体验,play experience in childhood,Z62.5,0.9983558654785156,,,,,
885,3,照料,care,,0.9099162817001343,,,,,
885,4,婴儿(在分娩中或产后)的,of infant (at or after birth),T74.0,0.9780146479606628,,,,,
885,4,在家中,in home,Z74.2,0.9792462587356567,,,,,
885,3,蔗糖酶,sucrase,E74.3,0.9893471598625183,,,,,
885,3,支链酶(支链淀粉病),brancher enzyme (amylopectinosis),E74.0,0.9887813329696655,,,,,
885,3,脂蛋白(家族性)(高密度),lipoprotein (familial) (high density),E78.6,0.9875510931015015,,,,,
885,3,主要组织相容性复合体,major histocompatibility complex,,0.9961051940917969,,,,,
885,4,级,class I,D81.6,0.8908785581588745,,,,,
885,4,二级,class II,D81.7,0.9274415969848633,,,,,
885,3,住处(永久性)(暂时性),housing (permanent) (temporary),Z59.0,0.9844192862510681,,,,,
885,4,足够的,adequate,Z59.1,0.9643220901489258,,,,,
885,3,注意力-见注意力，缺乏障碍或综合征,"attention - see Attention, deficit disorder or syndrome",,0.9981306195259094,,,,,
885,3,转钴胺素Ⅱ(贫血),transcobalamin II (anemia),D51.2,0.9758026599884033,,,,,
885,2,缺乏的效应,Deprivation (effects),T73.9,0.9711127877235413,,,,,
885,3,蛋白质(另见营养不良),protein (see also Malnutrition),E46,0.9815412163734436,,,,,
885,4,重度(另见营养不良，重度),"severe (see also Malnutrition, severe)",E43,0.9735749363899231,,,,,
885,3,教养,cultural,Z60.3,0.9930027723312378,,,,,
885,3,食物,food,T73.0,0.9739276766777039,,,,,
886,3,水,water,T73.1,0.9565974473953247,,,,,
886,3,特指的 NEC,specified NEC,T73.8,0.9471124410629272,,,,,
886,3,维生素类(另见缺乏，维生素),"vitamins (see also Deficiency, vitamin)",E56.9,0.9903310537338257,,,,,
886,3,症状，综合征，(麻醉类)药-编码于F10-F19伴有第四位数.3,"symptoms, syndrome, drug (narcotic) - code to F10-F19 with fourth character.3",,0.994940996170044,,,,,
886,2,缺乏教养或因此在思想感情上受到的震扰,Cultural deprivation or shock,Z60.3,0.9814808964729309,,,,,
886,2,缺乏免疫(系统) NEC,Compromised immune (system) NEC,D89.9,0.986417293548584,,,,,
886,2,缺过氧化氢酶血，过氧化氢酶缺乏症,"Acatalasemia, acatalasia",E80.3,0.9998579621315002,,,,,
886,2,缺如(另见不发生),"Agenesis, Absence",,0.9990686774253845,,,,,
886,3,鼻,nose,Q30.1,0.9604179859161377,,,,,
886,3,臂(完全),arm (complete),Q71.0,0.9666020274162292,,,,,
886,3,髌骨,patella,Q74.1,0.9732922315597534,,,,,
886,3,肠(小),intestine (small),Q41.9,0.9892062544822693,,,,,
886,4,大,large,Q42.9,0.9329660534858704,,,,,
886,5,特指的NEC,specified NEC,Q42.8,0.9833529591560364,,,,,
886,3,尺骨,ulna,Q71.5,0.9304311871528625,,,,,
886,3,处女膜,hymen,Q52.4,0.9888718724250793,,,,,
886,3,垂体(腺),pituitary(gland),Q89.2,0.9823163151741028,,,,,
886,3,唇,lip,Q38.0,0.9629273414611816,,,,,
886,3,胆管或胆道,bile duct or passage,Q44.5,0.9846869707107544,,,,,
886,3,胆囊,gallbladder,Q44.0,0.9679720401763916,,,,,
886,3,骶骨,sacrum,Q76.4,0.9791220426559448,,,,,
886,3,动脉(周围),artery (peripheral),Q27.9,0.9821703433990479,,,,,
886,4,冠状,coronary,Q24.5,0.9471690058708191,,,,,
886,4,脑,brain,Q28.3,0.8834314346313477,,,,,
886,4,脐,umbilical,Q27.0,0.9553006887435913,,,,,
886,4,特指的NEC,specified NEC,Q27.8,0.9773771166801453,,,,,
886,3,耳,ear,Q16.9,0.9506174921989441,,,,,
886,4,廓,auricle,Q16.0,0.9488171339035034,,,,,
886,4,叶,lobe,Q17.8,0.8748698234558105,,,,,
886,3,腓骨,fibula,Q72.6,0.9835041761398315,,,,,
886,3,跗骨,tarsus,Q72.3,0.9726827144622803,,,,,
886,3,肝,"hepatic, liver",Q44.7,0.9796366691589355,,,,,
886,3,肛门，肛(管),"anus, anal (canal)",O42.3 Q42.3,0.9534041881561279,,,,,
886,4,伴有瘘,with fistula,Q42.2,0.9568148851394653,,,,,
886,3,睾丸,testicle,Q55.0,0.9978876113891602,,,,,
886,3,膈(伴有疝),diaphragm (with hernia),Q79.1,0.9943987131118774,,,,,
886,3,宫颈,cervix,Q51.5,0.9796254634857178,,,,,
886,3,肱骨,humerus,Q71.8,0.9562413096427917,,,,,
886,3,股骨,femur,Q72.4,0.9922639727592468,,,,,
886,3,骨 NEC,bone NEC,Q79.9,0.8971816897392273,,,,,
886,3,骨道(耳),osseous meatus (ear),Q16.1,0.9734894633293152,,,,,
886,3,核性,nuclear,Q07.8,0.9748916625976562,,,,,
887,3,颌,jaw,K07.0,0.9383847117424011,,,,,
887,3,颌下腺(先天性),submaxillary gland(s) (congenital),Q38.4,0.9754506945610046,,,,,
887,3,虹膜(扩张纤维),iris (dilator fibers),Q13.1,0.986585259437561,,,,,
887,3,喉,larynx,Q31.8,0.9940791726112366,,,,,
887,3,呼吸器官 NEC,respiratory organ NEC,Q34.8,0.9593393206596375,,,,,
887,3,环状软骨,cricoid cartilage,Q31.8,0.9885784983634949,,,,,
887,3,回肠,ileum,Q41.2,0.9537071585655212,,,,,
887,3,会厌,epiglottis,Q31.8,0.9734393358230591,,,,,
887,3,肌肉,muscle,Q79.8,0.970044732093811,,,,,
887,4,眼,ocular,Q15.8,0.9366213083267212,,,,,
887,4,眼睑,eyelid,Q10.3,0.9403659701347351,,,,,
887,3,肌肉骨骼系统NEC,musculoskeletal system NEC,Q79.8,0.9696590900421143,,,,,
887,3,脊髓,spinal cord,Q06.0,0.9817104339599609,,,,,
887,3,脊柱，脊椎,"spine, vertebra",Q76.4,0.9772346615791321,,,,,
887,3,甲,nail(s),Q84.3,0.983834445476532,,,,,
887,3,甲状(腺),thyroid (gland),E03.1,0.9802035689353943,,,,,
887,4,软骨,cartilage,Q31.8,0.9570579528808594,,,,,
887,3,甲状旁(腺),parathyroid (gland),Q89.2,0.9676619172096252,,,,,
887,3,间隔,septum,,0.948792576789856,,,,,
887,4,房,atrial,Q21.1,0.8972083330154419,,,,,
887,4,心室,ventricular,Q20.4,0.9766359329223633,,,,,
887,4,在主动脉和肺动脉之间,between aorta and pulmonary artery,Q21.4,0.9788205623626709,,,,,
887,3,肩带骨[上肢带骨](完全)(部分),shoulder girdle (complete) (partial),Q74.0,0.9830698370933533,,,,,
887,3,肩胛骨,scapula,Q74.0,0.9700993299484253,,,,,
887,3,腱,tendon,Q79.8,0.9659997224807739,,,,,
887,3,脚趾(和足)(完全)(部分),toe (and foot) (complete) (partial),Q72.3,0.9818239808082581,,,,,
887,3,结肠,colon,Q42.9,0.9363565444946289,,,,,
887,4,特指的 NEC,specified NEC,Q42.8,0.9449121356010437,,,,,
887,3,睫,cilia,Q10.3,0.9753329753875732,,,,,
887,3,晶状体,lens,Q12.3,0.9409655928611755,,,,,
887,3,胫骨,tibia,Q72.5,0.920123815536499,,,,,
887,3,胫腓,tibiofibular,Q72.8,0.9412268400192261,,,,,
887,3,精囊,seminal vesicles,Q55.4,0.9824021458625793,,,,,
887,3,精索,spermatic cord,Q55.4,0.9847968220710754,,,,,
887,3,颈，部分,"neck, part",Q18.8,0.9874932765960693,,,,,
887,3,静脉(周围),vein(s) (peripheral),Q27.9,0.966641902923584,,,,,
887,4,大 NEC,great NEC,Q26.8,0.8732850551605225,,,,,
887,4,门,portal,Q26.5,0.9349768161773682,,,,,
887,4,脑,brain,Q28.3,0.9538135528564453,,,,,
887,3,颏,chin,Q18.8,0.9509477019309998,,,,,
887,3,空肠,jejunum,Q41.1,0.9481959939002991,,,,,
887,3,眶顶,roof of orbit,Q75.8,0.9959176778793335,,,,,
888,3,阑尾,appendix,Q42.8,0.9839648008346558,,,,,
888,3,肋骨,rib,Q76.6,0.9806604385375977,,,,,
888,3,泪点,punctum lacrimale,Q10.4,0.9935749173164368,,,,,
888,3,泪管,canaliculus lacrimalis,Q10.4,0.9969865083694458,,,,,
888,3,泪器,lacrimal apparatus,Q10.4,0.9953778386116028,,,,,
888,3,颅(骨),skull(bone),Q75.8,0.9948370456695557,,,,,
888,4,伴有,with,,0.7826879620552063,,,,,
888,5,脑积水,hydrocephalus,Q03.9,0.9623995423316956,,,,,
888,6,伴有脊柱裂(另见脊柱裂，伴有脑积水),"with spina bifida (see also Spina bifida, with hydrocephalus)",Q05.4,0.981673538684845,,,,,
888,5,脑膨出(另见脑膨出),encephalocele (see also Encephalocele),Q01.9,0.956781268119812,,,,,
888,5,无脑儿,anencephaly,Q00.0,0.966528594493866,,,,,
888,5,小头畸形,microcephaly,Q02,0.9446770548820496,,,,,
888,3,卵巢,ovary,Q50.0,0.9638532996177673,,,,,
888,3,盲肠,cecum,Q42.8,0.985081136226654,,,,,
888,3,毛发,hair,Q84.0,0.9363762140274048,,,,,
888,3,泌尿道NEC,urinary tract NEC,Q64.8,0.9400705099105835,,,,,
888,3,面,face,,0.9484246969223022,,,,,
888,4,骨NEC,bones NEC,Q75.8,0.9616613984107971,,,,,
888,4,特指部位NEC,specified part NEC,Q18.8,0.9731120467185974,,,,,
888,3,膜迷路,"labyrinth, membranous",Q16.5,0.9931415915489197,,,,,
888,3,脑,brain,Q00.0,0.9597237706184387,,,,,
888,4,部分,of part of,Q04.3,0.9435770511627197,,,,,
888,3,内分泌(腺)NEC,endocrine (gland) NEC,Q89.2,0.9497737884521484,,,,,
888,3,尿道,urethra,Q64.5,0.9780692458152771,,,,,
888,3,膀胱,bladder,Q64.5,0.9624161720275879,,,,,
888,3,盆腔带(完全)(部分),pelvic girdle (complete) (partial),Q74.2,0.9982475638389587,,,,,
888,3,脾,spleen,Q89.0,0.9687824845314026,,,,,
888,3,胼胝体,corpus callosum,Q04.0,0.9804551601409912,,,,,
888,3,气管(软骨),trachea (cartilage),Q32.1,0.9644289612770081,,,,,
888,3,器官,organ,,0.9483222961425781,,,,,
888,4,或部位未列出-见异常，按部位,"or site not listed - see Anomaly, by site",,0.9601870775222778,,,,,
888,4,科尔蒂[螺旋器],of Corti,Q16.5,0.9762250781059265,,,,,
888,3,前列腺,prostate,Q55.4,0.9881244897842407,,,,,
888,3,腔静脉(下)(上),vena cava (inferior) (superior),Q26.8,0.9845718741416931,,,,,
888,3,桡尺骨,radioulnar,Q71.8,0.9650075435638428,,,,,
888,3,桡骨,radius,Q71.4,0.9866209626197815,,,,,
888,3,乳房(伴有乳头存在),breast (with nipple present),Q83.8,0.9676740169525146,,,,,
888,4,伴有乳头缺失,with absent nipple,Q83.0,0.9813436269760132,,,,,
888,3,乳头,nipple,Q83.2,0.9488474130630493,,,,,
888,3,软骨,cartilage,Q79.9,0.9416338801383972,,,,,
888,3,腮腺,parotid gland(s),Q38.4,0.9915496706962585,,,,,
889,3,上肢,upper limb,Q71.0,0.947892427444458,,,,,
889,4,伴有手存在,with hand present,Q71.1,0.936408519744873,,,,,
889,3,舌,tongue,Q38.3,0.9708003997802734,,,,,
889,3,射精管,ejaculatory duct,Q55.4,0.9887486100196838,,,,,
889,3,神经，神经系统，部位NEC,"nerve, nervous system, part NEC",Q07.8,0.9966970682144165,,,,,
889,3,肾(部分),"kidney(s), renal (partial)",Q60.2,0.9805034399032593,,,,,
889,4,单侧,unilateral,Q60.0,0.9044278264045715,,,,,
889,4,双侧,bilateral,Q60.1,0.9383518695831299,,,,,
889,3,肾上(腺),adrenal (gland),Q89.1,0.9586095809936523,,,,,
889,3,生殖器，生殖(器官),"genitalia, genital (organ(s))",,0.9723749756813049,,,,,
889,4,男性,male,Q55.8,0.9390565156936646,,,,,
889,4,女性,female,Q52.8,0.9144471287727356,,,,,
889,5,内NEC,internal NEC,Q52.8,0.931187629699707,,,,,
889,5,外,external,Q52.7,0.8843217492103577,,,,,
889,3,声门,glottis,Q31.8,0.9480348229408264,,,,,
889,3,十二指肠,duodenum,Q41.0,0.9811812043190002,,,,,
889,3,食管,"esophagus, oesophagus",Q39.8,0.9853673577308655,,,,,
889,3,手(和手指)(完全)(部分),hand (and fingers) (complete) (partial),Q71.3,0.966556966304779,,,,,
889,3,输精管,vas deferens,Q55.4,0.9912754893302917,,,,,
889,3,输卵管,"fallopian tube, oviduct",Q50.6,0.9980722069740295,,,,,
889,3,输尿管,ureter,Q62.4,0.987743079662323,,,,,
889,3,锁骨,clavicle,Q74.0,0.9650556445121765,,,,,
889,3,腿,leg,,0.9941827654838562,,,,,
889,4,小,lower,Q72.8,0.9126439094543457,,,,,
889,5,和足,and foot,Q72.2,0.9525928497314453,,,,,
889,4,意指下肢,meaning lower limb,Q72.0,0.9605499505996704,,,,,
889,3,外阴,vulva,Q52.7,0.9786622524261475,,,,,
889,3,腕骨,carpus,Q71.3,0.9874292016029358,,,,,
889,3,尾骨,coccyx,Q76.4,0.9785009622573853,,,,,
889,3,、一胃,"gastric, stomach",Q40.2,0.9763550758361816,,,,,
889,3,下颌骨，上颌骨,"mandible, maxilla",K07.0,0.9882378578186035,,,,,
889,3,涎腺,salivary gland,Q38.4,0.9860446453094482,,,,,
889,3,消化器官或消化道(完全)(部分)NEC,"digestive organ(s) or tract, alimentary tract (complete) (partial) NEC",Q45.8,0.9841592311859131,,,,,
889,4,上,upper,Q40.8,0.8841516971588135,,,,,
889,3,小脑，小脑吲部,"cerebellum, vermis of cerebellum",Q04.3,0.9923277497291565,,,,,
889,3,心包,pericardium,Q24.8,0.9485318660736084,,,,,
889,3,心脏,heart,Q24.8,0.9711959958076477,,,,,
889,4,瓣膜NEC,valve NEC,Q24.8,0.9601818919181824,,,,,
889,3,胸(腺),thymus (gland),Q89.2,0.9867465496063232,,,,,
889,3,胸骨,sternum,Q76.7,0.9777383804321289,,,,,
889,3,悬雍垂,uvula,Q38.5,0.9689138531684875,,,,,
889,3,循环系统，部位NEC,"circulatory system, part NEC",Q28.9,0.9970746636390686,,,,,
890,3,咽鼓(管)(外),"auditory, eustachian tube (canal) (external)",Q16.1,0.9883642196655273,,,,,
890,3,眼,eye,Q11.1,0.9675384759902954,,,,,
890,4,附器,adnexa,Q15.8,0.9785833358764648,,,,,
890,3,眼睑(皱折),eyelid (fold),Q10.3,0.9522263407707214,,,,,
890,3,胰腺,pancreas,Q45.0,0.9753383994102478,,,,,
890,3,阴唇(大)(小),labium (majus)(minus),Q52.7,0.9654013514518738,,,,,
890,3,阴道,vagina,Q52.0,0.9679687023162842,,,,,
890,3,阴蒂,clitoris,Q52.6,0.9723827242851257,,,,,
890,3,阴茎,penis,Q55.5,0.9880542755126953,,,,,
890,3,阴囊,scrotum,Q55.2,0.9851048588752747,,,,,
890,3,圆韧带,round ligament,Q52.8,0.986235499382019,,,,,
890,3,掌骨,metacarpus,Q71.3,0.968939483165741,,,,,
890,3,砧骨,incus,Q16.3,0.9782809615135193,,,,,
890,3,支气管,bronchus,Q32.4,0.9854812622070312,,,,,
890,3,肢(完全),limb (complete),Q73.0,0.9711349010467529,,,,,
890,4,上,upper :0,Q71.0,0.8833075165748596,,,,,
890,4,下,lower,Q72.0,0.9358193278312683,,,,,
890,3,跖骨,metatarsus,Q72.3,0.9777835607528687,,,,,
890,3,直肠,rectum,Q42.1,0.9801244735717773,,,,,
890,4,伴有瘘,with fistula,Q42.0,0.9680096507072449,,,,,
890,3,主动脉,aorta,Q25.4,0.9893401265144348,,,,,
890,3,子宫,uterus,Q51.0,0.9695982336997986,,,,,
890,3,足(和趾)(完全)(部分),foot (and toes) (complete) (partial),Q72.3,0.9922432899475098,,,,,
890,2,缺少-见缺失,Absence,,0.9791415333747864,,,,,
890,2,缺失[缺如](器官或部位)(完全或部分),"Absence, Deletion, Depletion, Loss (of), Missing (organ or part) (complete or partial)",,0.9782830476760864,,,,,
890,3,鼻(先天性),nose (congenital),Q30.1,0.9845244288444519,,,,,
890,4,后天性,acquired,Z90.0,0.9853320121765137,,,,,
890,3,臂(后天性)(单侧),arm (acquired) (unilateral),Z89.2,0.983505129814148,,,,,
890,4,伴有腿(任何水平),with leg (any level),Z89.8,0.9684149026870728,,,,,
890,4,双侧(任何水平),bilateral (any level),Z89.3,0.9779729247093201,,,,,
890,5,伴有腿(任何水平),with leg(s) (any level),Z89.8,0.9648306965827942,,,,,
890,4,先天性,congenital,Q71.9,0.9663496613502502,,,,,
890,3,髌骨，先天性,"patella, congenital",Q74.1,0.9726768732070923,,,,,
890,3,常染色体,autosome,Q93.9,0.9716470837593079,,,,,
890,4,特指的 NEC,specified NEC,Q93.8,0.9364709258079529,,,,,
890,3,18或21号染色体长臂或综合征,long arm chromosome 18 or 21 syndrome,Q93.5,0.9915066361427307,,,,,
890,4,伴有复合体重排NEC,with complex rearrangements NEC,Q93.7,0.95859694480896,,,,,
890,4,特指的NEC,specified NEC,Q93.8,0.9688636064529419,,,,,
890,3,肠(后天性)(小),intestine (acquired) (small),Z90.4,0.9578475952148438,,,,,
891,3,肠音,bowel sounds,R19.1,0.9824045896530151,,,,,
891,4,大,large,Z90.4,0.8798137903213501,,,,,
891,5,先天性,congenital,Q42.9,0.953430712223053,,,,,
891,5,特指的NEC,specified NEC,Q42.8,0.9746425747871399,,,,,
891,4,先天性,congenital,Q41.9,0.907000720500946,,,,,
891,5,特指的NEC,specified NEC,Q41.8,0.9629723429679871,,,,,
891,3,处女膜(先天性),hymen (congenital),Q52.4,0.9842746257781982,,,,,
891,3,垂体(先天性),pituitary gland (congenital),Q89.2,0.9837647676467896,,,,,
891,4,后天性,acquired,E89.3,0.9655292630195618,,,,,
891,3,胆囊(后天性),gallbladder (acquired),Z90.4,0.9989420771598816,,,,,
891,4,先天性,congenital,Q44.0,0.9798746109008789,,,,,
891,3,胆汁、胆管，先天性.,"bile, biliary duct, congenital",Q44.5,0.9992401599884033,,,,,
891,3,骶骨，先天性,"sacrum, congenital",Q76.4,0.9821835160255432,,,,,
891,3,动脉(先天性)(周围),artery (congenital) (peripheral),Q27.8,0.9794471263885498,,,,,
891,4,肺,pulmonary,Q25.7,0.9727545380592346,,,,,
891,4,冠状,coronary,Q24.5,0.950796365737915,,,,,
891,4,脑,brain,Q28.3,0.8765304088592529,,,,,
891,3,耳(后天性),ear (acquired),Z90.0,0.9694787263870239,,,,,
891,4,先天性,congenital,Q16.9,0.9688851237297058,,,,,
891,5,廓,auricle,Q16.0,0.940039336681366,,,,,
891,5,叶，耳垂,"lobe, lobule",Q17.8,0.9208857417106628,,,,,
891,3,耳廓，先天性,"auricle (ear), congenital",Q16.0,0.9865924119949341,,,,,
891,3,房间隔(先天性),atrial septum (congenital),Q21.1,0.9944745898246765,,,,,
891,3,肺(裂)(叶)(双侧)(单侧)(先天性),lung (fissure) (lobe) (bilateral) (unilateral) (congenital),Q33.3,0.9653364419937134,,,,,
891,4,后天性(任何部分),acquired (any part),Z90.2,0.9879446625709534,,,,,
891,3,附睾(先天性),epididymis (congenital),Q55.4,0.9803622364997864,,,,,
891,4,后天性,acquired,Z90.7,0.969986617565155,,,,,
891,3,肝(先天性),liver (congenital),Q44.7,0.9901738166809082,,,,,
891,3,肛门(先天性),anus (congenital),Q42.3,0.987449586391449,,,,,
891,4,伴有瘘,with fistula,Q42.2,0.9591922760009766,,,,,
891,3,睾丸(先天性),testis (congenital),Q55.0,0.9842506647109985,,,,,
891,4,后天性,acquired,Z90.7,0.9718229174613953,,,,,
891,3,膈(伴有疝)，先天性,"diaphragm (with hernia), congenital",Q79.1,0.9825194478034973,,,,,
891,3,宫颈(后天性),cervix (acquired),Z90.7,0.9830849766731262,,,,,
891,4,先天性,congenital,Q51.5,0.9693973660469055,,,,,
891,3,股骨，先天性,"femur, congenital",Q72.4,0.9914624691009521,,,,,
891,3,关节，先天性NEC,"joint, congenital NEC",Q74.8,0.980179488658905,,,,,
891,3,横位主动脉弓，先天性,"transverse aortic arch, congenital",Q25.4,0.9970462918281555,,,,,
891,3,虹膜，先天性,"iris, congenital",Q13.1,0.9925916790962219,,,,,
891,3,喉(先天性),larynx (congenital),Q31.8,0.9882943034172058,,,,,
891,4,后天性,acquired,Z90.0,0.9640096426010132,,,,,
891,3,踝(后天性)-见缺失，足和踝,"ankle (acquired) - see Absence, foot and ankle",,0.9974451065063477,,,,,
892,3,环状软骨，先天性,"cricoid cartilage, congenital",Q31.8,0.9605710506439209,,,,,
892,3,回肠(后天性),ileum (acquired),Z90.4,0.9466785788536072,,,,,
892,4,先天性,congenital,Q41.2,0.9391794204711914,,,,,
892,3,会厌，先天性,"epiglottis, congenital",Q31.8,0.9882974028587341,,,,,
892,3,肌肉(先天性)(胸),muscle (congenital) (pectoral),Q79.8,0.9584500193595886,,,,,
892,4,眼,ocular,Q10.3,0.8956425786018372,,,,,
892,3,脊柱，脊椎，先天性,"spine, vertebra, congenital",Q76.4,0.992379367351532,,,,,
892,3,记忆(另见遗忘症),memory (see also Amnesia),R41.3,0.9863396883010864,,,,,
892,4,轻度，器质性脑损害后,"mild, following organic brain damage",F06.7,0.9870820641517639,,,,,
892,3,家庭成员(在家中引起问题),family member (causing problem in home),Z63.3,0.9987267255783081,,,,,
892,3,甲状(腺)(后天性),thyroid (gland) (acquired),E89.0,0.9701586365699768,,,,,
892,4,软骨，先天性,"cartilage, congenital",Q31.8,0.9869579672813416,,,,,
892,4,先天性,congenital,E03.1,0.9622457027435303,,,,,
892,3,甲状旁腺(后天性),parathyroid gland (acquired),E89.2,0.9966372847557068,,,,,
892,4,先天性,congenital,Q89.2,0.9561656713485718,,,,,
892,3,钾,potassium,E87.6,0.98876953125,,,,,
892,3,间隔,septum,,0.9585322737693787,,,,,
892,4,房(先天性),atrial (congenital),Q21.1,0.9634854197502136,,,,,
892,4,心室(先天性),ventricular (congenital),Q20.4,0.9628812670707703,,,,,
892,4,在主动脉和肺动脉之间,between aorta and pulmonary artery,Q21.4,0.9605187177658081,,,,,
892,3,腱(先天性),tendon (congenital),Q79.8,0.9939351677894592,,,,,
892,3,脚趾(后天性)(单侧)(双侧).,toe(s) (acquired) (unilateral) (bilateral),Z89.4,0.9710338115692139,,,,,
892,4,伴有足-见缺失，足和踝,"with foot - see Absence, foot and ankle",,0.9386820197105408,,,,,
892,4,先天性,congenital,Q72.3,0.9038231372833252,,,,,
892,3,睫(先天性),cilia (congenital),Q10.3,0.9763204455375671,,,,,
892,4,后天性,acquired,H02.7,0.9758421182632446,,,,,
892,3,晶状体(后天性),lens (acquired),H27.0,0.9702904224395752,,,,,
892,4,先天性,congenital,Q12.3,0.9237621426582336,,,,,
892,3,精囊(先天性),seminal vesicles (congenital),Q55.4,0.9965575933456421,,,,,
892,4,后天性,acquired,Z90.7,0.9780763387680054,,,,,
892,3,精索，先天性,"spermatic cord, congenital",Q55.4,0.9815293550491333,,,,,
892,3,静脉(周围)，先天性,"vein (peripheral), congenital",Q27.8,0.9814816117286682,,,,,
892,4,大,great,Q26.8,0.9238057136535645,,,,,
892,4,门,portal,Q26.5,0.9571956992149353,,,,,
892,4,脑,brain,Q28.3,0.9287135601043701,,,,,
892,4,特指的NEC,specified NEC,Q27.8,0.9859501123428345,,,,,
892,3,颏(先天性),chin (congenital),Q18.8,0.9687747955322266,,,,,
892,3,空肠(后天性),jejunum (acquired),Z90.4,0.9914596080780029,,,,,
892,4,先天性,congenital,Q41.1,0.9162015914916992,,,,,
892,3,阔韧带,broad ligament,Q50.6,0.9971801042556763,,,,,
892,3,阑尾，先天性,"appendix, congenital",Q42.8,0.9939694404602051,,,,,
892,3,肋骨(后天性),rib (acquired),Z90.8,0.9650356769561768,,,,,
892,4,先天性,congenital,Q76.6,0.9606107473373413,,,,,
892,3,泪点(先天性),punctum lacrimale (congenital),Q10.4,0.9861420392990112,,,,,
893,3,泪管，先天性,"canaliculus lacrimalis, congenital",Q10.4,0.9887053966522217,,,,,
893,3,冷感,cold sense,R20.8,0.9721041321754456,,,,,
893,3,颅骨,skull bone,Q75.8,0.9968157410621643,,,,,
893,4,伴有,with,,0.7917512059211731,,,,,
893,5,脑积水,hydrocephalus,Q03.9,0.9441380500793457,,,,,
893,6,伴有脊柱裂(另见脊柱裂，伴有脑积水),"with spina bifida (see also Spina bifida, with hydrocephalus)",Q05.4,0.985140323638916,,,,,
893,5,脑膨出(另见脑膨出),encephalocele (see also Encephalocele),Q01.9,0.981942355632782,,,,,
893,5,无脑儿,anencephaly,Q00.0,0.9213234186172485,,,,,
893,5,小头畸形,microcephaly,Q02,0.9443286657333374,,,,,
893,3,卵巢(后天性),ovary (acquired),Z90.7,0.9741156101226807,,,,,
893,4,先天性,congenital,Q50.0,0.9789787530899048,,,,,
893,3,毛发，非瘢痕性(另见脱发),"hair, nonscarring (see also Alopecia)",L65.9,0.9780359864234924,,,,,
893,3,泌尿生殖器官，先天性NEC,"genitourinary organs, congenital NEC",,0.98193359375,,,,,
893,4,男性,male,Q55.8,0.9583560824394226,,,,,
893,4,女性,female,Q52.8,0.948155403137207,,,,,
893,3,拇指(后天性)(单侧),thumb (acquired) (unilateral),Z89.0,0.9848040342330933,,,,,
893,4,双侧,bilateral,Z89.3,0.9862385988235474,,,,,
893,4,先天性,congenital,Q71.3,0.965276837348938,,,,,
893,3,脑,brain,Q00.0,0.9939517378807068,,,,,
893,4,部分,part of,Q04.3,0.9463334679603577,,,,,
893,3,内耳，先天性,"inner ear, congenital",Q16.5,0.9858170747756958,,,,,
893,3,内分泌腺(先天性)NEC,endocrine gland (congenital) NEC,Q89.2,0.9972124695777893,,,,,
893,4,后天性,acquired,E89.9,0.9570043683052063,,,,,
893,3,尿道，先天性,"urethra, congenital",Q64.5,0.9956060647964478,,,,,
893,3,膀胱(后天性),bladder (acquired),Z90.6,0.9921358227729797,,,,,
893,4,先天性,congenital,Q64.5,0.9393199682235718,,,,,
893,3,脾(先天性),spleen (congenital),Q89.0,0.9868438243865967,,,,,
893,4,后天性,acquired,D73.0,0.9281858801841736,,,,,
893,3,胼胝体,corpus callosum,Q04.0,0.9854126572608948,,,,,
893,3,脐动脉，先天性,"umbilical artery, congenital",Q27.0,0.9941899180412292,,,,,
893,3,气管(软骨)，先天性,"trachea (cartilage), congenital",Q32.1,0.9893255829811096,,,,,
893,3,器官,organ,,0.9999036192893982,,,,,
893,4,后天性,acquired,Z90.8,0.9823101758956909,,,,,
893,4,科尔蒂[螺旋器]，先天性,"of Corti, congenital",Q16.5,0.9789550304412842,,,,,
893,4,先天性,congenital,Q89.8,0.956574559211731,,,,,
893,3,器官或部位-见缺失，按部位，后天性,"organ or part - see Absence, by site, acquired",,0.9850651621818542,,,,,
893,3,前臂(后天性)(单侧)(另见缺失，臂),"forearm (acquired) (unilateral) (see also Absence, arm)",Z89.2,0.9735794067382812,,,,,
893,4,先天性,congenital,Q71.1,0.9587060213088989,,,,,
893,5,和手,and hand,Q71.2,0.9379413723945618,,,,,
893,3,前列腺(后天性),prostate (acquired),Z90.7,0.9654114842414856,,,,,
893,4,先天性,congenital,Q55.4,0.9355233907699585,,,,,
894,3,腔静脉(下)(上)，先天性,"vena cava (inferior) (superior), congenital",Q26.8,0.9766353964805603,,,,,
894,3,染色体,chromosome,,0.9981626868247986,,,,,
894,4,伴有复合体重排NEC,with complex rearrangements NEC,Q93.7,0.9520827531814575,,,,,
894,4,部分,part,Q93.5,0.8969240188598633,,,,,
894,4,短臂,short arm,,0.8443072438240051,,,,,
894,5,4,4,Q93.3,0.8555768728256226,,,,,
894,5,5,5,Q93.4,0.9282688498497009,,,,,
894,5,特指部位 NEC,specified part NEC,Q93.5,0.9347115755081177,,,,,
894,4,仅见于前中期,seen only at prometaphase,Q93.6,0.9461154937744141,,,,,
894,4,特指部位NEC,specified part NEC,Q93.5,0.9827845096588135,,,,,
894,3,桡骨，先天性,"radius, congenital",Q71.4,0.9940596222877502,,,,,
894,3,热感,heat sense,R20.8,0.9593453407287598,,,,,
894,3,乳房(后天性),breast(s) (acquired),Z90.1,0.9658020734786987,,,,,
894,4,先天性,congenital,Q83.8,0.9482548236846924,,,,,
894,3,乳头，先天性,"nipple, congenital",Q83.2,0.9745213985443115,,,,,
894,3,上臂和前臂，伴有手存在，先天性,"upper arm and forearm with hand present, congenital",Q71.1,0.99169921875,,,,,
894,3,上腔静脉，先天性,"superior vena cava, congenital",Q26.8,0.9957907199859619,,,,,
894,3,舌，先天性,"tongue, congenital",Q38.3,0.9944755434989929,,,,,
894,3,射精管(先天性),ejaculatory duct (congenital),Q55.4,0.9958989024162292,,,,,
894,3,肾(后天性),kidney(s) (acquired),Z90.5,0.9659093022346497,,,,,
894,3,肾上(腺)(先天性),adrenal (gland) (congenital),Q89.1,0.9766281247138977,,,,,
894,4,后天性,acquired,E89.6,0.9647490978240967,,,,,
894,4,先天性,congenital,Q60.2,0.9215587377548218,,,,,
894,5,单侧,unilateral,Q60.0,0.9650217294692993,,,,,
894,5,双侧,bilateral,Q60.1,0.9660184979438782,,,,,
894,3,生殖器官,genital organs,,0.9966336488723755,,,,,
894,4,后天性(女性)(男性),acquired (female) (male) .,Z90,0.9711312055587769,,,,,
894,4,男性，先天性,"male, congenital",Q55.8,0.9903068542480469,,,,,
894,4,女性，先天性,"female, congenital",Q52.8,0.9846947193145752,,,,,
894,5,内NEC,internal NEC,Q52.8,0.968629002571106,,,,,
894,5,外,external,Q52.7,0.862478494644165,,,,,
894,3,声门，先天性,"glottis, congenital",Q31.8,0.9871315360069275,,,,,
894,3,十二指肠(后天性),duodenum (acquired),Z90.4,0.9905164241790771,,,,,
894,4,先天性,congenital,Q41.0,0.9431494474411011,,,,,
894,3,食管(先天性),esophagus (congenital),Q39.8,0.9858063459396362,,,,,
894,4,后天性(部分),acquired (partial),Z90.4,0.9746514558792114,,,,,
894,3,手和腕(后天性)(单侧),hand and wrist (acquired) (unilateral),Z89.1,0.9876502752304077,,,,,
894,4,伴有下肢(任何水平),with lower limb (any level),Z89.8,0.9724860191345215,,,,,
894,4,双侧,bilateral,Z89.3,0.9828211665153503,,,,,
894,5,伴有下肢(任何水平),with lower limb (any level),Z89.8,0.9733911156654358,,,,,
894,4,先天性,congenital,Q71.3,0.9754465818405151,,,,,
895,3,手指(后天性)(单侧),finger(s) (acquired) (unilateral),Z89.0,0.9667800068855286,,,,,
895,4,双侧.,bilateral,Z89.3,0.8651058077812195,,,,,
895,4,先天性,congenital,Q71.3,0.935334324836731,,,,,
895,3,输精管(先天性),vas deferens (congenital),Q55.4,0.9970030188560486,,,,,
895,4,后天性,acquired,Z90.7,0.9313125610351562,,,,,
895,3,输卵管(后天性).,"fallopian tube(s), oviduct (acquired)",Z90.7,0.9664730429649353,,,,,
895,4,先天性,congenital,Q50.6,0.9659702181816101,,,,,
895,3,输尿管(先天性),ureter (congenital),Q62.4,0.9698411226272583,,,,,
895,4,后天性,acquired,Z90.6,0.9750596880912781,,,,,
895,3,体积,volume,,0.9422412514686584,,,,,
895,4,细胞外液,extracellular fluid,E86,0.9746868014335632,,,,,
895,4,血浆,plasma,E86,0.8958845734596252,,,,,
895,3,头，部分(后天性) NEC,"head, part (acquired) NEC",Z90.0,0.9692276120185852,,,,,
895,3,腿(后天性)(膝上)(单侧),leg (acquired) (above knee) (unilateral),Z89.6,0.977006733417511,,,,,
895,4,伴有臂(任何水平),with arm(s) (any level),Z89.8,0.9532805681228638,,,,,
895,4,双侧(任何水平),bilateral (any level),Z89.7,0.9769850373268127,,,,,
895,5,伴有臂(任何水平),with arm(s) (any level),Z89.8,0.9447293877601624,,,,,
895,4,膝下,below knee,Z89.5,0.9372231960296631,,,,,
895,4,先天性,congenital,Q72.8,0.951318085193634,,,,,
895,3,外耳道(先天性),auditory canal (congenital) (external),Q16.1,0.9951075315475464,,,,,
895,3,外阴，先天性,"vulva, congenital",Q52.7,0.988511323928833,,,,,
895,3,腕(后天性)(另见缺失，手和腕),"wrist (acquired) (see also Absence, hand and wrist)",Z89.1,0.9934680461883545,,,,,
895,3,尾骨(先天性),coccyx (congenital),Q76.4,0.9860671162605286,,,,,
895,3,胃(后天性)(部分),stomach (acquired) (partial),Z90.3,0.9818111062049866,,,,,
895,4,先天性,congenital,Q40.2,0.8731308579444885,,,,,
895,3,先天性,congenital,,0.9994307160377502,,,,,
895,4,鼻中隔-见不完全，闭合,"septum - see Imperfect, closure",,0.9474340677261353,,,,,
895,4,器官或部位NEC-见缺如,organ or site NEC - see Agenesis,,0.9693140387535095,,,,,
895,4,腔-见闭锁,lumen - see Atresia,,0.9524029493331909,,,,,
895,3,涎腺，先天性,"salivary gland(s), congenital",Q38.4,0.9920262098312378,,,,,
895,3,消化道(先天性),alimentary tract (congenital),Q45.8,0.9933682680130005,,,,,
895,4,上,upper,Q40.8,0.9143534898757935,,,,,
895,3,消化器官或消化道(后天性),digestive organ(s) or tract (acquired),Z90.4,0.9925669431686401,,,,,
895,4,先天性,congenital,Q45.8,0.9498482942581177,,,,,
895,3,小脑(吲部),cerebellum (vermis),Q04.3,0.9825317859649658,,,,,
895,3,心包(先天性),pericardium (congenital),Q24.8,0.989126980304718,,,,,
895,3,性染色体,sex chromosome,,0.9880975484848022,,,,,
895,4,男性表型,male phenotype,Q98.8,0.9865104556083679,,,,,
895,4,女性表型,female phenotype,Q97.8,0.9750204682350159,,,,,
895,3,性欲,sexual desire,F52.0,0.9998121857643127,,,,,
895,3,胸骨，先天性,"sternum, congenital",Q76.7,0.996534526348114,,,,,
895,3,悬雍垂，先天性,"uvula, congenital",Q38.5,0.992280125617981,,,,,
896,3,血液中清蛋白,albumin in blood,E88.0,0.9625568389892578,,,,,
896,3,血中丙种球蛋白,gamma globulin in blood,D80.1,0.9827882051467896,,,,,
896,4,遗传性,hereditary,D80.0,0.9218114614486694,,,,,
896,3,牙(先天性),"tooth, teeth (congenital)",K00.0,0.9878687262535095,,,,,
896,4,后天性,acquired,K08.1,0.9434112906455994,,,,,
896,5,伴有错验,with malocclusion,K07.3,0.9660705924034119,,,,,
896,4,由于意外事故、拔牙或局部牙周病,"due to accident, extraction or local periodontal disease",K08.1,0.9780362844467163,,,,,
896,3,咽鼓管(先天性),eustachian tube (congenital),Q16.2,0.9883521795272827,,,,,
896,3,盐或钠,salt or sodium,E87.1,0.9975953698158264,,,,,
896,4,引起热衰竭或虚脱,causing heat exhaustion or prostration,T67.4,0.9631530046463013,,,,,
896,3,眼(后天性),eye (acquired),Z90.0,0.9671677350997925,,,,,
896,4,肌肉(先天性),muscle (congenital),Q10.3,0.9430599808692932,,,,,
896,4,先天性,congenital,Q11.1,0.9122152924537659,,,,,
896,3,眼睑(皱折)(先天性),eyelid (fold) (congenital),Q10.3,0.9710181951522827,,,,,
896,4,后天性,acquired,Z90.0,0.9072163105010986,,,,,
896,3,眼球(后天性),"eyeball, globe (acquired)",Z90.0,0.9713089466094971,,,,,
896,4,先天性,congenital,Q11.1,0.9262282848358154,,,,,
896,3,液体(急性),fluid (acute),E86,0.9659268260002136,,,,,
896,4,胎儿或新生儿,fetus or newborn,P74.1,0.9780821204185486,,,,,
896,3,胰腺(先天性),pancreas (congenital),Q45.0,0.9811895489692688,,,,,
896,4,后天性,acquired,Z90.4,0.9353983998298645,,,,,
896,3,阴道，先天性,"vagina, congenital",Q52.0,0.9956392049789429,,,,,
896,3,阴蒂(先天性),clitoris (congenital),Q52.6,0.9666561484336853,,,,,
896,3,阴茎(先天性),penis (congenital),Q55.5,0.972571611404419,,,,,
896,4,后天性,acquired,Z90.7,0.9841794967651367,,,,,
896,3,阴囊，先天性,"scrotum, congenital",Q55.2,0.9644971489906311,,,,,
896,3,月经(另见闭经),menstruation (see also Amenorrhea),N91.2,0.9906517863273621,,,,,
896,3,砧骨(后天性),incus (acquired),H74.3,0.9885164499282837,,,,,
896,4,先天性,congenital,Q16.3,0.9511137008666992,,,,,
896,3,支气管(先天性),bronchus (congenital),O32.4 Q32.4,0.9604737162590027,,,,,
896,3,肢(后天性),"extremity, limb (acquired)",Z89.9,0.9733218550682068,,,,,
896,4,上(单侧),upper (unilateral),Z89.2,0.9509024620056152,,,,,
896,5,和下肢(任何水平),with lower extremity (any level),Z89.8,0.9593254327774048,,,,,
896,5,双侧(任何水平),bilateral (any level),Z89.3,0.9684435129165649,,,,,
896,4,下(膝上)(单侧),lower (above knee) (unilateral),Z89.6,0.9281390905380249,,,,,
896,5,和上肢(任何水平),with upper extremity (any level),Z89.8,0.9606319069862366,,,,,
896,5,双侧(任何水平),bilateral (any level),Z89.7,0.9583362340927124,,,,,
896,6,和上肢(任何水平),with upper extremity (any level),Z89.8,0.9682878851890564,,,,,
896,5,膝下(单侧),below knee (unilateral),Z89.5,0.9813507199287415,,,,,
896,4,先天性,congenital,Q73.0,0.9515246152877808,,,,,
896,3,肢或肢体，创伤性，近期-见切断，创伤性,"limb or member, traumatic, current - see Amputation, traumatic",,0.990898072719574,,,,,
897,3,直肠(先天性),rectum (congenital),Q42.1,0.9974574446678162,,,,,
897,4,伴有瘘,with fistula,Q42.0,0.9427816271781921,,,,,
897,4,后天性,acquired,Z90.4,0.9400144219398499,,,,,
897,3,中性粒细胞,neutrophil,D70,0.9504930377006531,,,,,
897,3,主动脉(先天性),aorta (congenital),Q25.4,0.9889490604400635,,,,,
897,3,子宫(后天性),uterus (acquired),Z90.7,0.9835761189460754,,,,,
897,4,先天性,congenital,Q51.0,0.9301656484603882,,,,,
897,3,足和踝(后天性)(单侧),foot and ankle (acquired) (unilateral),Z89.4,0.9798331260681152,,,,,
897,4,伴有上肢(任何水平),with upper limb (any level),Z89.8,0.9795295000076294,,,,,
897,4,双侧,bilateral,Z89.7,0.8897489905357361,,,,,
897,5,伴有上肢(任何水平),with upper limb (any level),Z89.8,0.9796677827835083,,,,,
897,4,先天性,congenital,Q72.3,0.9195848107337952,,,,,
897,2,缺损,"Coloboma, defective",Q13.0,0.9872279167175293,,,,,
897,3,艾森门格尔,Eisenmenger's,Q21.8,0.9434362053871155,,,,,
897,3,充盈,filling,,0.9656115174293518,,,,,
897,4,膀胱,bladder,R93.4,0.9492742419242859,,,,,
897,4,肾,kidney,R93.4,0.9197112917900085,,,,,
897,4,输尿管,ureter,R93.4,0.9674547910690308,,,,,
897,3,发育性-另见异常,developmental - see also Anomaly,,0.9838123917579651,,,,,
897,4,马尾,cauda equina,Q06.3,0.9792708158493042,,,,,
897,3,房间隔(第二孔)[继发孔型房间隔缺损](Ⅱ型),"atrial, interatrial, interauricular (septal)(ostium secundum)(type I)",Q21.1,0.9490352272987366,,,,,
897,4,第一孔(Ⅰ型),ostium primum (type I),Q21.2,0.9569423794746399,,,,,
897,5,急性心肌梗死后(近期并发症),following acute myocardial infarction (current complication),I23.1,0.9660372734069824,,,,,
897,3,房室,atrioventricular,,0.9821084141731262,,,,,
897,4,管,canal,Q21.2,0.8760539293289185,,,,,
897,4,间隔.,septum,Q21.2,0.9366582632064819,,,,,
897,3,腹壁，先天性,"abdominal wall, congenital",Q79.5,0.9831856489181519,,,,,
897,3,膈,diaphragm,,0.9369082450866699,,,,,
897,4,伴有升高、膨升或疝-见疝，膈,"with elevation, eventration or hernia - see Hernia, diaphragm",,0.9630537033081055,,,,,
897,3,先天性,diaphragm,Q79.1,0.9679718017578125,,,,,
897,4,伴有疝,congenital,Q79.0 Q79.1,0.9326649308204651,,,,,
897,5,严重的(伴有疝),with hernia gross (with hernia),Q79.0,0.9569687247276306,,,,,
897,3,冠状动脉窦,coronary sinus,Q21.1,0.9779370427131653,,,,,
897,3,虹膜,iris,Q13.0,0.9940681457519531,,,,,
897,3,呼吸系统，先天性,"respiratory system, congenital",Q34.9,0.9653724431991577,,,,,
897,3,间隔(心脏)NEC,septal (heart) NEC,Q21.9,0.9922533631324768,,,,,
897,4,房,atrial,,0.7396036982536316,,,,,
897,5,急性心肌梗死后(近期并发症),following acute myocardial infarction,I23,0.988518238067627,,,,,
897,5,同时伴有急性心肌梗死-见梗死，心肌,"(current complication) concurrent with acute myocardial infarction - see Infarct, myocardium",I23.1,0.9726497530937195,,,,,
898,4,后天性(房)(心房)(心室)(陈旧性),acquired (atrial) (auricular) (ventricular) (old),I51.0,0.951786994934082,,,,,
898,4,心室(另见缺损，心室间隔),"ventricular (see also Defect, ventricular septal)",Q21.0,0.9818775057792664,,,,,
898,3,晶状体,lens,Q12.2,0.9684547185897827,,,,,
898,3,静脉窦,sinus venosus,Q21.1,0.9924240112304688,,,,,
898,3,孔,ostium,,0.9082704186439514,,,,,
898,4,第一,primum,Q21.2,0.8776480555534363,,,,,
898,4,第二,secundum,Q21.1,0.8951936364173889,,,,,
898,3,肾盂,renal pelvis,Q63.8,0.9757480621337891,,,,,
898,4,梗阻性,obstructive,Q62.3,0.9232977032661438,,,,,
898,3,食管，先天性,"esophagus, congenital",Q39.9,0.9877352714538574,,,,,
898,3,室间隔,interventricular septal,Q21.0,0.9990237355232239,,,,,
898,4,伴有主动脉右位、肺动脉狭窄和右心室肥大,"with dextroposition of aorta, pulmonary stenosis and hypertrophy of right ventricle",Q21.3,0.9601353406906128,,,,,
898,4,法洛[法乐]四联症的,in tetralogy of Fallot,Q21.3,0.9761778116226196,,,,,
898,3,视神经盘,optic disk,Q14.2,0.9975969791412354,,,,,
898,3,特塞梅特膜，先天性,"Descemet's membrane, congenital",Q13.8,0.9951783418655396,,,,,
898,3,外胚层，先天性,"ectodermal, congenital",Q82.9,0.9892160892486572,,,,,
898,3,先天性，器官或部位未列出-见异常，按部位,"congenital, organ or site not listed - see Anomaly, by site",,0.9972802996635437,,,,,
898,3,按部位,site,,0.9999849200248718,,,,,
898,3,楔状，牙(磨损),"wedge, tooth, teeth (abrasion)",K03.1,0.9839558005332947,,,,,
898,3,心房间隔,auricular septal,Q21.1,0.9729199409484863,,,,,
898,3,心内膜垫,"cushion, endocardial",Q21.2,0.982236385345459,,,,,
898,3,心室间隔,ventricular septal,Q21.0,0.9913897514343262,,,,,
898,4,法洛[法乐]四联症的,in tetralogy of Fallot,Q21.3,0.989886999130249,,,,,
898,4,急性心肌梗死后(近期并发症),following acute myocardial infarction (current complication),I23.2,0.9674367308616638,,,,,
898,4,同时伴有急性心肌梗死-见梗死，心肌,"concurrent with acute myocardial infarction - see Infarct, myocardium",,0.9642887115478516,,,,,
898,3,血管(局部),vascular (local),I99,0.960926353931427,,,,,
898,4,先天性,congenital,Q27.9,0.9381953477859497,,,,,
898,3,循环系统,circulation,I99,0.9642677307128906,,,,,
898,4,先天性,congenital,Q28.9,0.925239086151123,,,,,
898,4,新生儿,newborn,Q28.9,0.9637199640274048,,,,,
898,3,延髓性间隔,bulbar septum,Q21.0,0.9928725957870483,,,,,
898,3,眼底,fundus,Q14.8,0.9900078177452087,,,,,
898,3,眼睑,eyelid,Q10.3,0.9660604000091553,,,,,
898,3,主动脉肺动脉间隔,aortopulmonary septum,Q21.4,0.9946852922439575,,,,,
898,2,缺损(圆形)，穿孔,Hole (round),,0.9919100999832153,,,,,
898,3,黄斑,macula,H35.3,0.946064293384552,,,,,
898,3,视网膜(不伴有脱离),retina (without detachment),H33.3,0.9852091670036316,,,,,
898,4,伴有脱离,with detachment,H33.0,0.9906861782073975,,,,,
899,2,缺陷,"Defect, defective, Deficiency, deficient",,0.998332142829895,,,,,
899,3,11β-羟化酶,11 beta-hydroxylase,E25.0,0.9707828760147095,,,,,
899,3,21-羟化酶,21-hydroxylase,E25.0,0.9579636454582214,,,,,
899,3,3β羟甾类脱氢酶,3βhydroxysteroid dehydrogenase,E25.0,0.9857699275016785,,,,,
899,3,κ轻链,kappa light chain,D80.8,0.9661402106285095,,,,,
899,3,变体，溶酶体酶，翻译后,"modification, lysosomal enzymes, post-translational",E77.0,0.9968434572219849,,,,,
899,3,补体系统,complement system,D84.1,0.9780482649803162,,,,,
899,3,传导,conduction,I45.9,0.9856586456298828,,,,,
899,4,骨-见聋，传导性,"bone - see Deafness, conductive",,0.9278936386108398,,,,,
899,3,"代谢(先天性)-见障碍,代谢","ametropia - see disorder, metabolism",,0.9777154922485352,,,,,
899,3,胆红素分泌NEC,bilirubin excretion NEC,E80.6,0.9825883507728577,,,,,
899,3,股骨，近端局灶性[近侧股骨灶性缺损](先天性),"femoral, proximal focal (congenital)",Q72.4,0.9986361861228943,,,,,
899,3,过氧化氢酶，过氧化物酶,"catalase, peroxidase",E80.3,0.9911229014396667,,,,,
899,3,哈格曼(因子),Hageman (factor),D68.2,0.9907498359680176,,,,,
899,3,甲状(腺)(另见甲状腺功能减退症),thyroid (gland) (see also Hypothyroidism),E03.9,0.9765971302986145,,,,,
899,3,精神(家族性)(遗传性)-见发育迟缓，精神,"mental (familial) (hereditary) - see Retardation, mental",,0.975068211555481,,,,,
899,3,抗体免疫,antibody immunodeficiency,D80.9,0.9970723986625671,,,,,
899,3,淋巴细胞机能抗原1,lymphocyte function antigen-1 (LFA-1),D84.0,0.967850923538208,,,,,
899,3,颅面轴,craniofacial axis,Q75.0,0.9930336475372314,,,,,
899,3,酶,enzyme,,0.9359091520309448,,,,,
899,4,过氧化氢酶，过氧化物酶,"catalase, peroxidase",E80.3,0.986203670501709,,,,,
899,3,免疫(另见免疫缺陷),"immunity, immuno (see also Immunodeficiency)",D84.9,0.9943860173225403,,,,,
899,4,联合,combined,D81.9,0.9193833470344543,,,,,
899,4,体液,humoral,D80.9,0.9628270864486694,,,,,
899,4,细胞间接,cell-mediated,D84.8,0.9926897287368774,,,,,
899,3,内分泌,endocrine,E34.9,0.994756281375885,,,,,
899,3,凝血(因子)(另见缺乏，因子),"coagulation (factor) (see also Deficiency, factor)",D68.9,0.9764388799667358,,,,,
899,4,产后,postpartum,O72.3,0.94020676612854,,,,,
899,4,产前伴有出血,antepartum with hemorrhage,O46.0,0.992203950881958,,,,,
899,5,胎盘早期剥离,premature separation of placenta,O45.0,0.9833340048789978,,,,,
899,5,影响到胎儿或新生儿,affecting fetus or newborn,P02.1,0.977080762386322,,,,,
899,4,产时,intrapartum,O67.0,0.9577496647834778,,,,,
899,4,新生儿，短暂性,"newborn, transient",P61.6,0.9771620631217957,,,,,
899,3,溶酶体酶翻译后变体,"lysosomal enzyme, post-translational modification",E77.0,0.9886605143547058,,,,,
899,3,伸肌系带,extensor retinaculum,M62.8,0.9958388209342957,,,,,
899,3,神经管,neural tube,Q07.9,0.9644835591316223,,,,,
899,3,生物合成，(睾丸)雄激素,"biosynthesis, androgen (testicular)",E29.1,0.9776612520217896,,,,,
899,3,声音,voice,R49.8,0.9428936243057251,,,,,
899,3,视力NEC,vision NEC,H54.9,0.9707347750663757,,,,,
899,3,视野,visual field,H53.4,0.9974101185798645,,,,,
900,3,胎盘，胎盘供血-见机能不全，胎盘,"placenta, placental blood supply - see Insufficiency, placental",,0.9969044923782349,,,,,
900,3,糖蛋白递降分解,"degradation, glycoprotein, glycoprotein degradation",E77.1,0.9966822266578674,,,,,
900,3,体位性NEC，脊柱,"postural NEC, spine",M43.9,0.9673953652381897,,,,,
900,3,听觉(另见聋),hearing (see also Deafness),H91.9,0.9970760345458984,,,,,
900,3,细胞膜受体复合体(CR3),cell membrane receptor complex (CR3),D71,0.9836963415145874,,,,,
900,3,心肌(另见机能不全，心肌),"myocardial (see also Insufficiency, myocardial)",I50.0,0.9893816709518433,,,,,
900,3,学习(特异性),learning (specific),F81.9,0.9840327501296997,,,,,
900,3,血管,vascular,I99,0.951859176158905,,,,,
900,3,血小板，质量,"platelets, qualitative",D69.1,0.995027482509613,,,,,
900,3,言语 NEC,speech NEC,R47.8,0.9292359948158264,,,,,
900,4,发育性,developmental,F80.9,0.9732940793037415,,,,,
900,3,中枢神经系统,central nervous system,G96.8,0.9953758716583252,,,,,
900,3,注意力(障碍)(综合征),attention (disorder) (syndrome),F98.8,0.9929742813110352,,,,,
900,4,伴有多动,with hyperactivity,F90.0,0.9816372394561768,,,,,
900,2,缺血，缺血性,"Ischemia, ischemic",I99,0.9825082421302795,,,,,
900,3,肠(大)(小),intestine (large) (small),K55.9,0.9653102159500122,,,,,
900,4,急性,acute,K55.0,0.9672377109527588,,,,,
900,4,慢性,chronic,K55.1,0.8988642692565918,,,,,
900,3,肠系膜，急性,"mesenteric, acute",K55.0,0.9813117384910583,,,,,
900,4,慢性,chronic,K55.1,0.9529862999916077,,,,,
900,3,大脑(慢性)(全身性),cerebral (chronic) (generalized),I67.8,0.9579533934593201,,,,,
900,4,产褥期、产后、分娩,"puerperal, postpartum, childbirth",O99.4,0.9622528553009033,,,,,
900,4,动脉硬化性,arteriosclerotic,I67.2,0.97259920835495,,,,,
900,4,短暂性,transient,G45.9,0.9869964718818665,,,,,
900,4,间歇性,intermittent,G45.9,0.9888567924499512,,,,,
900,4,局部复发,recurrent focal,G45.8,0.9622644186019897,,,,,
900,4,新生儿,newborn,P91.0,0.9761064052581787,,,,,
900,3,梗死，肌肉,"infarction, muscle",M62.2,0.9652068614959717,,,,,
900,3,冠状动脉(另见缺血，心脏),"coronary (see also Ischemia, heart)",I25.9,0.9739211201667786,,,,,
900,3,肌肉，创伤性,"muscle, traumatic",T79.6,0.9783365726470947,,,,,
900,3,脊髓,spinal cord,G95.1,0.9933693408966064,,,,,
900,3,脑(另见缺血，大脑),"brain (see also Ischemia, cerebral)",I67.8,0.9852527379989624,,,,,
900,3,肾,kidney,N28.0,0.9341800212860107,,,,,
900,3,视网膜(性),"retina, retinal",H34.2,0.9889736771583557,,,,,
900,3,心肌(慢性或伴有提及持续时间超过4周者),"myocardium, myocardial (chronic or with a stated duration of over 4 weeks)",I25.9,0.937648594379425,,,,,
900,4,短暂性，新生儿,"transient, of newborn",P29.4,0.9835276007652283,,,,,
900,4,无症状性,silent (asymptomatic),I25.6,0.9345855712890625,,,,,
900,3,心肌病,cardiomyopathy,I25.5,0.9543978571891785,,,,,
900,3,心内膜下(另见供血不足，冠状动脉),"subendocardial (see also Insufficiency, coronary)",I24.8,0.9839950799942017,,,,,
