image_page,level,chinese,english,code,confidence,malignant_primary,malignant_secondary,in_situ,benign,uncertain_or_unspecified
51,3,胸壁,chest wall,M95.4,0.9876013398170471,,,,,
51,3,胸骨,sternum,M95.4,0.9911273717880249,,,,,
51,3,跖骨-见凹陷，足弓,"metatarsus - see Depression, arches",,0.9806149005889893,,,,,
51,3,子宫,uterus,N85.8,0.9675089120864868,,,,,
51,3,足弓,arches,M21.4,0.9913724064826965,,,,,
51,4,先天性,congenital,Q66.5,0.8936055898666382,,,,,
51,1,ào 奥,,,0.9131034016609192,,,,,
51,2,奥-弗综合征[颅和面骨营养不良综合征],Ostrum-Furst syndrome,Q75.8,0.9994625449180603,,,,,
51,2,奥本海姆-乌尔巴赫病[脂质渐进性坏死],Oppenheim-Urbach disease,L92.1,0.9993374943733215,,,,,
51,2,奥本海姆病[先天性肌弛缓],Oppenheim's disease,G70.2,0.9866611361503601,,,,,
51,2,奥伯梅尔回归热(欧洲),Obermeyer's relapsing fever (European),A68.0,0.9781056642532349,,,,,
51,2,奥尔波特综合征[家族性出血性肾炎],Alport's syndrome,Q87.8,0.9998916387557983,,,,,
51,2,奥尔布赖特(-麦丘恩)(-斯滕伯格)综合征[播散性纤维性骨炎],Albright(-McCune)(-Sternberg),Q78.1,0.9796392917633057,,,,,
51,2,奥尔德里奇(-威斯科特)综合征[湿疹-血小板减少-免疫缺陷综合征],Aldrich(-Wiskott) syndrome,D82.0,0.9596080780029297,,,,,
51,2,奥尔德异常或奥尔德综合征[白细胞颗粒异常],Alder's anomaly or syndrome,D72.0,0.9974323511123657,,,,,
51,2,奥夫伦病[副血友病],Owren's disease,D68.2,0.9730539917945862,,,,,
51,2,奥利耶病[内生软骨瘤病],Ollier's disease,Q78.4,0.9998121857643127,,,,,
51,2,奥蒙德病(伴有输尿管阻塞),Ormond's disease (with ureteral obstruction),N13.5,0.994743287563324,,,,,
51,3,伴有感染,with infection,N13.6,0.9883304834365845,,,,,
51,2,奥皮茨病[血栓静脉炎性脾肿大],Opitz' disease,D73.2,0.9822224378585815,,,,,
51,2,奥斯古德-施拉特病[胫骨粗隆骨软骨病],Osgood-Schlatter disease or osteochondrosis,M92.5,0.998526394367218,,,,,
51,2,奥斯科格综合征,Aarskog's syndrome,Q87.1,0.9999343752861023,,,,,
51,2,奥斯勒-朗迪病[遗传性出血性毛细血管病],Osler-Rendu disease,I78.0,0.9891186356544495,,,,,
51,2,奥斯勒结节[指尖部位痛性小结],Osler's nodes,I33.0,0.9945395588874817,,,,,
51,2,奥斯特赖歇尔-特纳综合征,Osterreicher-Turner syndrome,Q87.2,0.9999174475669861,,,,,
51,2,奥斯汀·弗林特杂音(主动脉关闭不全),Austin Flint murmur (aortic insufficiency),I35.1,0.9823310971260071,,,,,
51,2,奥托病或奥托骨盆,Otto's disease or pelvis,M24.7,0.9995499849319458,,,,,
51,2,奥耶斯基病[假狂犬病],Aujeszky's disease,B33.8,0.9980996251106262,,,,,
51,2,奥伊伦堡病[先天性肌强直],Eulenburg's disease,G71.1,0.9852384328842163,,,,,
51,1,ào 澳,,,0.8820381164550781,,,,,
51,2,澳大利亚,Australian,,0.9999830722808838,,,,,
51,3,Q 热,Q fever,A78,0.9685078263282776,,,,,
51,3,X脑炎,X disease,A83.4,0.954607367515564,,,,,
52,0,B,,,,,,,,
52,1,bā 巴,,,0.9997527003288269,,,,,
52,2,巴贝虫病,Babesiosis,B60.0,0.9999573230743408,,,,,
52,2,巴宾斯基综合征[各型神经梅毒合并心血管病],Babinski's syndrome,A52.7,0.9998056292533875,,,,,
52,2,巴德-基亚里综合征[巴德-吉亚利综合征][肝静脉。阻塞综合征],Budd-Chiari syndrome,I82.0,0.9376499056816101,,,,,
52,2,巴德-恰里-现译名巴德-基亚里或巴德-吉亚利，又称布-加综合征,Budd-Chiari,,0.994815468788147,,,,,
52,2,巴蒂分枝杆菌感染,Battey mycobacterium infection,A31.0,0.9868246912956238,,,,,
52,2,巴尔干流行性感冒,Balkan grippe,A78,0.9999601244926453,,,,,
52,2,巴尔库病或巴尔库坏疽[沙漠疮](另见溃疡，皮肤),"Barcoo disease or rot (see also Ulcer, skin)",L98.4,0.9904476404190063,,,,,
52,2,巴尔通体病,Bartonellosis,A44.9,0.9999850392341614,,,,,
52,3,粘膜皮肤,mucocutaneous,A44.1,0.9925129413604736,,,,,
52,3,皮肤,cutaneous,A44.1,0.9347885847091675,,,,,
52,3,全身性,systemic,A44.0,0.9561012387275696,,,,,
52,3,特指的 NEC,specified NEC,A44.8,0.9640949368476868,,,,,
52,2,巴拉克尔(-西蒙斯)病或综合征[进行性脂肪营养不良],Barraquer(-Simons) disease or syndrome,E88.1,0.9756848812103271,,,,,
52,2,巴雷-吉兰病或综合征[急性感染性多神经炎],Barré-Guillain disease or syndrome,G61.0,0.9997905492782593,,,,,
52,2,巴雷特,Barrett's,,0.9999081492424011,,,,,
52,3,病,disease,K22.7,0.9901148080825806,,,,,
52,3,溃疡,ulcer,K22.1,0.9614563584327698,,,,,
52,3,食管,esophagus,K22.7,0.9658125638961792,,,,,
52,3,综合征,syndrome,K22.7,0.9709678292274475,,,,,
52,2,巴龙·明肖森综合征[夸大综合征],Baron Münchhausen syndrome,F68.1,0.9882394075393677,,,,,
52,2,巴洛-现译名巴尔洛,Barlow,,0.9899783730506897,,,,,
52,2,巴洛病[同心圆性硬化],Baló's disease (concentric sclerosis),G37.5,0.9964041709899902,,,,,
52,2,巴洛病[婴儿维生素C缺乏症],Barlow's disease,E54,0.9995604157447815,,,,,
52,2,巴洛综合征,Barlow syndrome,E54,0.9999362230300903,,,,,
52,2,巴森-科恩茨维格病或综合征[无β脂蛋白血症],Bassen-Kornzweig disease or syndrome,E78.6,0.9897313117980957,,,,,
52,2,巴斯德菌病(另见感染，巴斯德菌),"Pasteurellosis (see also Infection, Pasteurella)",A28.0,0.9947732090950012,,,,,
52,2,巴斯特鲁普病[棘突接触],Baastrup's disease,M48.2,0.9999125003814697,,,,,
52,2,巴特综合征[先天性醛固酮过多症],Bartter's syndrome,E26.8,0.9996939897537231,,,,,
52,2,巴滕(-马尤)病,Batten(-Mayou) disease,E75.4,0.9997886419296265,,,,,
52,3,视网膜,retina,E75.4+ H36.8*,0.9482496976852417,,,,,
52,2,巴西天疱疮,Fogo selvagem,L10.3,0.9550567269325256,,,,,
52,2,巴赞病(原发性)(结核),Bazin's disease (primary) (tuberculous),A18.4,0.9987429976463318,,,,,
52,2,巴泽多病[甲状腺功能异常],Basedow's disease,E05.0,0.9997948408126831,,,,,
53,1,bā 疤,,,,,,,,
53,2,疤痕,Macula,,0.9992388486862183,,,,,
53,3,角膜,"cornea, corneal",H17.8,0.9785236120223999,,,,,
53,1,bá 拔,,,0.9970141053199768,,,,,
53,2,拔毛发，病理性(强迫性),"Hair-pulling, pathological (compulsive)",F63.3,0.9883226752281189,,,,,
53,2,拔毛狂,Trichotillomania,F63.3,0.9506293535232544,,,,,
53,1,bái 白,,,0.9857727885246277,,,,,
53,2,白斑(病),Leukoplakia,,0.9988828897476196,,,,,
53,3,肛门,anus,K62.8,0.9609269499778748,,,,,
53,3,宫颈,cervix (uteri),N88.0,0.9936623573303223,,,,,
53,3,喉,larynx,J38.7,0.9868234992027283,,,,,
53,3,颊侧,buccal,K13.2,0.9737135171890259,,,,,
53,3,口腔,mouth,K13.2,0.9668360352516174,,,,,
53,3,口腔上皮，包括舌(粘膜),"oral epithelium, including tongue (mucosa)",K13.2,0.9924554824829102,,,,,
53,3,毛状(口腔粘膜)(舌),hairy (oral mucosa) (tongue),K13.3,0.995938777923584,,,,,
53,3,梅毒性(晚期),syphilitic (late),A52.7,0.9886846542358398,,,,,
53,3,尿道(感染后),urethra (postinfectional),N36.8,0.9859835505485535,,,,,
53,3,膀胱(感染后),bladder (postinfectional),N32.8,0.9827656745910645,,,,,
53,3,舌,tongue,K13.2,0.9281442761421204,,,,,
53,3,肾盂,"kidney (pelvis), pelvis (kidney)",N28.8,0.9158297777175903,,,,,
53,3,声带,vocal cord,J38.3,0.950903058052063,,,,,
53,3,食管,esophagus,K22.8,0.9673335552215576,,,,,
53,3,输尿管(感染后),ureter (postinfectional),N28.8,0.9895684123039246,,,,,
53,3,外阴,vulva,N90.4,0.9591395854949951,,,,,
53,3,阴道,vagina,N89.4,0.94553542137146,,,,,
53,3,阴茎(感染性),penis (infectional),N48.0,0.9901508092880249,,,,,
53,3,直肠,rectum,K62.8,0.9775252938270569,,,,,
53,3,子宫,uterus,N85.8,0.9762322306632996,,,,,
53,2,白斑病 NEC,"Leukoderma, leukodermia NEC",L81.5,0.9880747199058533,,,,,
53,3,梅毒性,syphilitic,A51.3+ L99.8*,0.9641127586364746,,,,,
53,4,晚期,late,A52.7+ L99.8*,0.9689926505088806,,,,,
53,2,白痴(者)(先天性),"Idiot, idiocy (congenital)",F73,0.9992924332618713,,,,,
53,3,黑矇性[比(-扬)][家族性][婴儿(晚期)][幼年(晚期)][福格特-施皮格尔迈尔],amaurotic (Bielschowsky(-Jansky)) (familial) (infantile (late)) (juvenile (late)) (Vogt-Spielmeyer),E75.4,0.9883320927619934,,,,,
53,2,白带,Leukorrhea,N89.8,0.9476586580276489,,,,,
53,3,毛滴虫性(阴道),"due to Trichomonas (vaginalis), trichomonal",A59.0,0.9969960451126099,,,,,
53,2,白蛋白—现译名清蛋白,Albumin,A59.0,0.9587336182594299,,,,,
54,2,白蛋白尿(急性)(亚急性)(慢性)(另见蛋白尿),"Albuminuria, albuminuric (acute) (subacute) (chronic) (see also Proteinuria)",R80,0.983074426651001,,,,,
54,3,并发于妊娠、分娩或产褥期,"complicating pregnancy, childbirth or puerperium",O12.1,0.9948123097419739,,,,,
54,4,伴有,with,,0.8658269047737122,,,,,
54,5,妊娠高血压(另见先兆子痫),gestational hypertension (see also Pre-eclampsia),O14.9,0.9287925958633423,,,,,
54,5,原有的高血压疾患,pre-existing hypertensive disorder,O11,0.9455754160881042,,,,,
54,3,妊娠,gestational,O12.1,0.9418643712997437,,,,,
54,4,伴有,with,,0.7929893732070923,,,,,
54,5,妊娠高血压(另见先兆子痫),gestational hypertension (see also Pre-eclampsia),O14.9,0.9399007558822632,,,,,
54,5,原有的高血压疾患,pre-existing hypertensive disorder,O11,0.9549927115440369,,,,,
54,3,体位性,postural,N39.2,0.9498947858810425,,,,,
54,3,先兆子痫(另见先兆子痫),pre-eclamptic (see also Pre-eclampsia),O14.9,0.9728537797927856,,,,,
54,4,严重的,severe,O14.1,0.8990716934204102,,,,,
54,5,影响到胎儿或新生儿,affecting fetus or newborn,P00.0,0.9739189147949219,,,,,
54,4,影响到胎儿或新生儿,affecting fetus or newborn,P00.0,0.9699498414993286,,,,,
54,3,直立性,orthostatic,N39.2,0.9552634358406067,,,,,
54,2,白癜风,Vitiligo,L80,0.94423907995224,,,,,
54,3,品他病,pinta,A67.2,0.9839999675750732,,,,,
54,3,外阴,vulva,N90.8,0.9687883257865906,,,,,
54,3,眼睑,eyelid,H02.7,0.9758821129798889,,,,,
54,2,白发(眉毛)(睫毛),Poliosis (eyebrow) (eyelashes),L67.1,0.9935262203216553,,,,,
54,3,局限性，后天性,"circumscripta, acquired",L67.1,0.9929813742637634,,,,,
54,2,白黑变病，遗传性,"Leukomelanopathy, hereditary",D72.0,0.9989238977432251,,,,,
54,2,白喉(性)(坏疽性)(出血性),"Diphtheria, diphtheritic (gangrenous) (hemorrhagic)",A36.5 A36.9,0.9609196782112122,,,,,
54,3,鼻，前部,"nasal, anterior",A36.8,0.9824880361557007,,,,,
54,3,鼻咽,nasopharyngeal,A36.1,0.9881652593612671,,,,,
54,3,扁桃体,tonsillar,A36.0,0.9815390110015869,,,,,
54,3,感染伤口,infection of wound,A36.3,0.9774832129478455,,,,,
54,3,喉,laryngeal,A36.2,0.9589593410491943,,,,,
54,3,皮肤,cutaneous,A36.3,0.9304989576339722,,,,,
54,3,神经病性并发症,neurological complication,A36.8,0.9927787184715271,,,,,
54,3,特指部位 NEC,specified site NEC,A36.8,0.9793713092803955,,,,,
54,3,心肌炎,myocarditis,A36.8+ I41.0*,0.9581080079078674,,,,,
54,3,咽,"faucial, pharyngeal",A36.0,0.9503620862960815,,,,,
54,2,白化病(皮肤)(全身性)(孤立的)(部分),"Albinism, Albinismus, albino (cutaneous) (generalized) (isolated) (partial)",E70.3,0.9737838506698608,,,,,
54,3,眼，眼部皮肤,"ocular, oculocutaneous",E70.3,0.982803463935852,,,,,
54,2,白甲(点状)(纹状),"Leukonychia, Leukopathia unguium (punctata) (striata)",L60.8,0.9887733459472656,,,,,
54,3,先天性,congenital,Q84.4,0.9785128235816956,,,,,
55,3,板层(绕核),zonular (perinuclear),Q12.0,0.9793872237205505,,,,,
55,3,并发性,complicated,H26.2,0.9512720108032227,,,,,
55,3,玻璃工人的,glass-blower's,H26.8,0.9814887642860413,,,,,
55,3,创伤性,traumatic,H26.1,0.9707844853401184,,,,,
55,3,电击性,electric,H26.8,0.9478800892829895,,,,,
55,3,放射性,irradiational,H26.8,0.981928825378418,,,,,
55,3,核性,nuclear,,0.9965343475341797,,,,,
55,4,胚胎,embryonal,Q12.0,0.9217479228973389,,,,,
55,4,硬化,sclerosis,H25.1,0.9427911639213562,,,,,
55,3,虹膜异色性,heterochromic,H26.2,0.9741419553756714,,,,,
55,3,花冠状,coronary,Q12.0,0.9770318865776062,,,,,
55,3,肌强直性,myotonic,G71.1+ H28.2*,0.9733880162239075,,,,,
55,3,继发性,secondary,H26.4,0.9905933141708374,,,,,
55,4,见于眼病,to eye disease,H26.2,0.9716323614120483,,,,,
55,3,见于(由于),in (due to),,0.9917957186698914,,,,,
55,4,代谢性疾病NEC,metabolic disease NEC,E88.9+ H28.1*,0.9786216616630554,,,,,
55,4,肌强直性疾患,myotonic disorders,G71.1+ H28.2*,0.9652469754219055,,,,,
55,4,甲状旁腺功能减退症,hypoparathyroidism,E20+ H28.1*,0.9704506993293762,,,,,
55,4,慢性虹膜睫状体炎,chronic iridocyclitis,H26.2,0.9745432138442993,,,,,
55,4,内分泌病NEC,endocrine disease NEC,E34.9+ H28.1*,0.9729976654052734,,,,,
55,4,糖尿病(另见E10-E14伴有第四位数.3),diabetes (see also E10-E14 with fourth character .3),E14.3+ H28.0*,0.9317876100540161,,,,,
55,4,眼病,eye disease,H26.2,0.9428213834762573,,,,,
55,4,营养性疾病NEC,nutritional disease NEC,E63.9+ H28.1*,0.9943222999572754,,,,,
55,4,营养不良-脱水,malnutrition-dehydration,E46+ H28.1*,0.9485366344451904,,,,,
55,3,晶状,crystalline,Q12.0,0.9845367074012756,,,,,
55,3,蓝,blue,Q12.0,0.9365953803062439,,,,,
55,3,老年性[年龄相关性],senile[age-related],H25.9,0.9706089496612549,,,,,
55,4,初期,incipient,H25.0,0.9188197255134583,,,,,
55,4,点状,punctate,H25.0,0.8759570121765137,,,,,
55,4,过熟期,hypermature,H25.2,0.9238830208778381,,,,,
55,4,核性(硬化),nuclear (sclerosis),H25.1,0.9860672354698181,,,,,
55,4,合并型,combined forms,H25.8,0.973701000213623,,,,,
55,4,花冠状,coronary,H25.0,0.9717524647712708,,,,,
55,4,莫尔加尼型,morgagnian type,H25.2,0.9863224029541016,,,,,
55,4,囊下(前)(后)极,polar subcapsular (anterior) (posterior),H25.0,0.9316344261169434,,,,,
55,4,皮质性,cortical,H25.0,0.9747415781021118,,,,,
55,4,特指的NEC,specified NEC,H25.8,0.9608510732650757,,,,,
55,4,棕色,brunescens,H25.1,0.8863441944122314,,,,,
55,3,莫尔加尼,morgagnian,H25.2,0.9936205744743347,,,,,
55,3,粘液水肿,myxedema,E03.9+ H28.1*,0.9681207537651062,,,,,
56,3,前,anterior,,0.9984245300292969,,,,,
56,4,和后轴胚胎性,and posterior axial embryonal,Q12.0,0.9830043911933899,,,,,
56,4,锥体,pyramidal,Q12.0,0.9442206621170044,,,,,
56,3,热辐射,heat ray,H26.8,0.9731517434120178,,,,,
56,3,珊瑚状,coralliform,Q12.0,0.991166353225708,,,,,
56,3,糖尿病性(另见E10-E14伴有第四位数.3),diabetic (see also E10-E14 with fourth character .3),E14.3+ H28.0*,0.9449396729469299,,,,,
56,3,蔚蓝色,cerulean,Q12.0,0.9692004919052124,,,,,
56,3,先天性,congenital,Q12.0,0.9626553654670715,,,,,
56,3,药物性,drug-induced,H26.3,0.9565436244010925,,,,,
56,3,婴儿,infantile,H26.0,0.9700707197189331,,,,,
56,4,营养不良-脱水,malnutrition-dehydration,E46+ H28.1*,0.9645240306854248,,,,,
56,3,由于辐射,due to radiation,H26.8,0.9885812997817993,,,,,
56,3,幼年性,juvenile,H26.0,0.9874233603477478,,,,,
56,3,早老性,presenile,H26.0,0.966943085193634,,,,,
56,3,中心性,central,Q12.0,0.948405921459198,,,,,
56,3,中毒性,toxic,H26.3,0.9717304110527039,,,,,
56,2,白塞-又译名贝赫切特,Behçet,,0.9943550825119019,,,,,
56,2,白塞病或综合征[生殖器溃疡、口疮及葡萄膜炎],Behçet's disease or syndrome,M35.2,0.998766303062439,,,,,
56,2,白色(斑块状)萎缩症(米利安),Atrophie blanche (en plaque) (de Milian),L95.0,0.9990999102592468,,,,,
56,2,白色水肿，口腔上皮,"Leukoedema, oral epithelium",K13.2,0.9917616248130798,,,,,
56,2,白细胞减少(恶性),"Hypoleukocytosis, Leukopenia (malignant)",D70,0.9998554587364197,,,,,
56,2,白细胞减少的 - 见情况,Leukopenic - see condition,,0.9532763957977295,,,,,
56,2,白细胞增多,Leukocytosis,D72.8,0.9999831318855286,,,,,
56,2,白血病(M9800/3),Leukemia (M9800/3),C95.9,0.9999154210090637,,,,,
56,3,急性NEC(M9801/3),acute NEC (M9801/3),C95.0,0.971817135810852,,,,,
56,3,亚急性 NEC(M9802/3),subacute NEC (M9802/3),C95.2,0.9679760336875916,,,,,
56,3,慢性 NEC (M9803/3),chronic NEC (M9803/3),C95.1,0.9819234609603882,,,,,
56,3,成人T细胞(M9827/3),adult T-cell (M9827/3),C91.5,0.9942876696586609,,,,,
56,3,单核-粒细胞，急性(M9867/3)-见白血病，粒单核细胞,"monomyelocytic, acute (M9867/3) - see Leukemia, myelomonocytic",,0.9829814434051514,,,,,
56,3,单核细胞(样)(M9890/3),"monocytic, monocytoid (M9890/3)",C93.9,0.9777961373329163,,,,,
56,4,急性(M9891/3),acute (M9891/3),C93.0,0.9721060395240784,,,,,
56,4,亚急性(M9892/3),subacute (M9892/3),C93.2,0.9769213795661926,,,,,
56,4,慢性(M9893/3),chronic (M9893/3),C93.1,0.9730092287063599,,,,,
56,4,非白血性(M9894/3),aleukemic (M9894/3),C93.7,0.9823794364929199,,,,,
56,4,内格利型(M9863/3),Naegeli-type (M9863/3),C92.1,0.9866076707839966,,,,,
56,3,多毛细胞(M9940/3),hairy cell (M9940/3),C91.4,0.9727169275283813,,,,,
56,3,非白血性 NEC(M9804/3),aleukemic NEC (M9804/3),C95.7,0.9686716198921204,,,,,
56,3,肥大细胞(M9900/3),mast cell (M9900/3),C94.3,0.9891761541366577,,,,,
56,3,干细胞(M9801/3),stem cell (M9801/3),C95.0,0.9723751544952393,,,,,
56,3,脊髓发育不良性,myelodysplastic,C94.7,0.992883026599884,,,,,
56,3,浆细胞(性)(M9830/3),"plasma cell, plasmacytic (M9830/3)",C90.1,0.9807997345924377,,,,,
57,3,巨核细胞(M9910/3),megakaryocytic (M9910/3),C94.2,0.5998743176460266,,,,,
57,3,粒单核细胞,myelomonocytic,,0.974287748336792,,,,,
57,4,急性(M9867/3),acute (M9867/3),C92.5,0.9350446462631226,,,,,
57,4,慢性（M9868/3）,chronic (M9868/3),C92.7,0.9358242154121399,,,,,
57,3,粒细胞性(M9860/3),granulocytic (M9860/3),C92.9,0.9822071194648743,,,,,
57,4,急性（M9861/3）,acute (M9861/3),C92.0,0.8806967735290527,,,,,
57,4,亚急性(M9862/3)(M),subacute (M9862/3),C92.2,0.9203911423683167,,,,,
57,4,慢性(M9863/3),chronic (M9863/3),C92.1,0.9562921524047852,,,,,
57,4,非白血性(M9864/3),aleukemic (M9864/3),C92.7,0.9669503569602966,,,,,
57,4,原始细胞性(M9861/3),blastic (M9861/3),C92.0,0.9698344469070435,,,,,
57,3,淋巴肉瘤细胞(M9850/3),lymphosarcoma cell (M9850/3),C94.7,0.980829656124115,,,,,
57,3,淋巴细胞性(M9820/3),lymphocytic (M9820/3),C91.9,0.9694551825523376,,,,,
57,4,亚急性(M9822/3),subacute (M9822/3),C91.2,0.8843079209327698,,,,,
57,4,慢性(M9823/3),chronic (M9823/3),C91.1,0.8283870816230774,,,,,
57,4,非白血性(M9824/3),aleukemic (M9824/3),C91.7,0.8986188769340515,,,,,
57,3,淋巴性(M9820/3),lymphatic (M9820/3),C91.9,0.9245760440826416,,,,,
57,4,急性(M9821/3),acute (M9821/3),C91.0,0.9052455425262451,,,,,
57,4,亚急性(M9822/3),subacute (M9822/3),C91.2,0.9296351671218872,,,,,
57,4,慢性(M9823/3),chronic (M9823/3),C91.1,0.8944458961486816,,,,,
57,4,非白血性(M9824/3),aleukemic (M9824/3),C91.7,0.9076148271560669,,,,,
57,3,淋巴样(M9820/3),lymphoid (M9820/3),C91.9,0.9226241111755371,,,,,
57,4,急性(M9821/3),acute (M9821/3),C91.0,0.9809771180152893,,,,,
57,4,亚急性(M9822/3),subacute (M9822/3),C91.2,0.9528141617774963,,,,,
57,4,慢性(M9823/3),chronic (M9823/3),C91.1,0.9426292181015015,,,,,
57,4,非白血性(M9824/3),aleukemic (M9824/3),C91.7,0.9718097448348999,,,,,
57,4,原始细胞性(M9821/3),blastic (M9821/3),C91.0,0.9752983450889587,,,,,
57,3,淋巴源性(M9820/3)-见白血病，淋巴样,"lymphogenous (M9820/3) - see Leukemia, lymphoid",,0.9702538847923279,,,,,
57,3,内格利型单核细胞性(M9863/3),Naegeli-type monocytic (M9863/3),C92.1,0.9821337461471558,,,,,
57,3,嗜碱细胞(M9870/3),basophilic (M9870/3),C92.7,0.830146849155426,,,,,
57,3,嗜酸细胞(M9880/3),eosinophilic (M9880/3),C92.7,0.9718859791755676,,,,,
57,3,髓细胞性(M9860/3),myelogenous (M9860/3),C92.9,0.9774670004844666,,,,,
57,4,急性(M9861/3),acute (M9861/3),C92.0,0.9664219617843628,,,,,
57,4,亚急性(M9862/3),subacute (M9862/3),C92.2,0.9776772856712341,,,,,
57,4,慢性(M9863/3),chronic (M9863/3),C92.1,0.9614740610122681,,,,,
57,4,非白血性(M9864/3),aleukemic (M9864/3),C92.7,0.9736039042472839,,,,,
57,3,髓样(M9860/3),myeloid (M9860/3),C92.9,0.9628694653511047,,,,,
57,4,急性(M9861/3),acute (M9861/3),C92.0,0.9823917746543884,,,,,
57,4,亚急性(M9862/3),subacute (M9862/3),C92.2,0.9849036335945129,,,,,
57,4,慢性(M9863/3),chronic (M9863/3),C92.1,0.9824047088623047,,,,,
57,4,非白血性(M9864/3),aleukemic (M9864/3),C92.7,0.9930025935173035,,,,,
57,3,未分化细胞(M9801/3),undifferentiated (M9801/3),C95.0,0.9936493635177612,,,,,
58,3,血小板性(M9910/3),thrombocytic (M9910/3),C94.2,0.9862259030342102,,,,,
58,3,幼淋巴细胞(M9825/3),prolymphocytic (M9825/3),C91.3,0.9840386509895325,,,,,
58,3,原单核细胞(急性)(M9891/3),monoblastic (acute) (M9891/3),C93.0,0.9880145192146301,,,,,
58,3,原淋巴细胞(M9821/3),lymphoblastic (M9821/3),C91.0,0.9794013500213623,,,,,
58,3,原始(细胞)(M9801/3),blast (cell) (M9801/3),C95.0,0.9760712385177612,,,,,
58,3,原始粒细胞(急性)(M9861/3),myeloblastic (acute) (M9861/3),C92.0,0.9841089248657227,,,,,
58,4,亚急性(M9862/3),subacute (M9862/3),C92.2,0.9848398566246033,,,,,
58,4,慢性(M9863/3),chronic (M9863/3),C92.1,0.9739336371421814,,,,,
58,4,非白血性(M9864/3),aleukemic (M9864/3),C92.7,0.9874648451805115,,,,,
58,4,原始细胞性(M9861/3),blastic (M9861/3),C92.0,0.9801924824714661,,,,,
58,3,原始细胞性(M9801/3),blastic (M9801/3),C95.0,0.9759799242019653,,,,,
58,4,粒细胞(M9861/3),granulocytic (M9861/3),C92.0,0.9803877472877502,,,,,
58,3,早幼粒细胞，急性(M9866/3),"promyelocytic, acute (M9866/3)",C92.4,0.9890527725219727,,,,,
58,3,中幼粒细胞(M9860/3),myelocytic (M9860/3),C92.9,0.9827972650527954,,,,,
58,4,急性(M9861/3),acute (M9861/3),C92.0,0.9931316375732422,,,,,
58,4,慢性(M9863/3),chronic (M9863/3),C92.1,0.9809474945068359,,,,,
58,3,组织细胞(M9890/3),histiocytic (M9890/3),C93.9,0.9801889061927795,,,,,
58,2,白血病前期(综合征)(M9989/1),Preleukemia (syndrome) (M9989/1),D46.9,0.9807716608047485,,,,,
58,2,白血病性肉瘤(M9850/3),Leukosarcoma (M9850/3),C94.7,0.9805219769477844,,,,,
58,2,白质脑炎[白质脑病](感染后),Leukoencephalitis (postinfectious),G04.8,0.9946600198745728,,,,,
58,3,急性(亚急性)出血性,acute (subacute) hemorrhagic,G36.1,0.9832399487495422,,,,,
58,4,人工免疫后或疫苗接种后,postimmunization or postvaccinal,G04.0,0.9661667346954346,,,,,
58,3,亚急性硬化性,subacute sclerosing,A81.1,0.9653444290161133,,,,,
58,3,范·博盖尔特(硬化性),van Bogaert's (sclerosing),A81.1,0.9898569583892822,,,,,
58,2,白质软化，脑，新生儿,"Leukomalacia, cerebral, newborn",P91.2,0.9987978339195251,,,,,
58,1,bǎi 百,,,0.9998119473457336,,,,,
58,2,百日咳,"Pertussis, Whooping cough",A37.9,0.9844297766685486,,,,,
58,3,伴有肺炎,with pneumonia,A37+ J17.0*,0.9606435298919678,,,,,
58,3,博德特杆菌,Bordetella,,0.9831283092498779,,,,,
58,4,百日咳,pertussis,A37.0,0.9483566284179688,,,,,
58,4,副百日咳,parapertussis,A37.1,0.9501955509185791,,,,,
58,4,支气管败血性,bronchiseptica,A37.8,0.9924218058586121,,,,,
59,1,bài 败,,,,,,,,
59,2,败血病-现译名 败血症,Septicemia,,0.9212999939918518,,,,,
59,2,败血症(性)(全身性)(化脓性),"Septicemia, septicemic (generalized) (suppurative)",A41.9,0.9973060488700867,,,,,
59,3,巴斯德菌出血败血性,Pasteurella multocida,A28.0,0.9750979542732239,,,,,
59,3,布氏菌(另见 布氏菌病),Brucella (see also Brucellosis),A23.9,0.9709296822547913,,,,,
59,4,操作后,postprocedural,T81.4,0.9856189489364624,,,,,
59,3,产程期间的,during labor,O75.3,0.9722447991371155,,,,,
59,3,产褥期、产后,"puerperal, postpartum",O85,0.9627326726913452,,,,,
59,3,肠外耶尔森菌病,extraintestinal yersiniosis,A28.2,0.974215567111969,,,,,
59,3,大肠杆菌,Escherichia coli,A41.5,0.9900457262992859,,,,,
59,3,丹毒丝菌(猪丹毒)(类丹毒),Erysipelothrix (rhusiopathiae) (erysipeloid),A26.7,0.9897958636283875,,,,,
59,3,单核细胞增多性利斯特菌,Listeria monocytogenes,A32.7,0.9827544093132019,,,,,
59,3,放线菌病性,actinomycotic,A42.7,0.9742664098739624,,,,,
59,4,肺炎球菌性,pneumococcal,A40.3,0.9639637470245361,,,,,
59,3,革兰氏阴性(病原体),Gram-negative (organism),A41.5,0.9919809103012085,,,,,
59,4,厌氧性,anaerobic,A41.4,0.9118388891220093,,,,,
59,3,后,following,,0.9640244245529175,,,,,
59,4,流产(随后发生),abortion (subsequent episode),O08.0,0.9647189378738403,,,,,
59,5,近期发生-见流产,current episode - see Abortion,,0.9679456353187561,,,,,
59,4,免疫接种,immunization,T88.0,0.9522023797035217,,,,,
59,4,输注、治疗性注射或输血,"infusion, therapeutic injection or transfusion",T80.2,0.9901673197746277,,,,,
59,4,异位妊娠或葡萄胎妊娠,ectopic or molar pregnancy,O08.0,0.9560115933418274,,,,,
59,3,坏疽性,gangrenous,A41.9,0.9653986096382141,,,,,
59,3,类鼻疽,melioidosis,A24.1,0.9691502451896667,,,,,
59,3,链球菌(性),"Streptococcus, streptococcal",A40.9,0.9903897047042847,,,,,
59,4,肺炎,pneumoniae,A40.3,0.9710449576377869,,,,,
59,4,生脓,pyogenes,A40.0,0.9602355360984802,,,,,
59,4,特指的NEC,specified NEC,A40.8,0.9635266661643982,,,,,
59,4,无乳,agalactiae,A40.1,0.9751441478729248,,,,,
59,4,新生儿,neonatal,P36.1,0.9416190981864929,,,,,
59,4,族,group,,0.8900553584098816,,,,,
59,5,A,A,A40.0,0.9086011648178101,,,,,
59,3,淋球菌性,gonococcal,A54.8,0.9706211686134338,,,,,
59,3,流感嗜血杆菌,Haemophilus influenzae,A41.3,0.9975547790527344,,,,,
59,3,脑(脊)膜-见脑膜炎,meningeal - see Meningitis,,0.9896822571754456,,,,,
59,3,脑膜炎球菌性,meningococcal,A39.4,0.9877592921257019,,,,,
59,4,急性,acute,A39.2,0.9633879065513611,,,,,
59,4,慢性,chronic,A39.3,0.9795352816581726,,,,,
59,3,念珠菌性,candidal,B37.7,0.9780351519584656,,,,,
60,3,疱疹病毒性,herpesviral,B00.7,0.9914143681526184,,,,,
60,3,葡萄球菌性,"Staphylococcus, staphylococcal",A41.2,0.9945690035820007,,,,,
60,4,金黄色,aureus,A41.0,0.9430806040763855,,,,,
60,4,凝固酶阴性,coagulase-negative,A41.1,0.9744162559509277,,,,,
60,4,特指的NEC,specified NEC,A41.1,0.9772731065750122,,,,,
60,3,沙门菌性(亚利桑那)(猪霍乱)(小肠炎)(鼠伤寒),Salmonella (arizonae) (cholerae-suis) (enteritidis) (typhimurium),A02.1,0.9829595685005188,,,,,
60,3,肾上腺出血综合征(脑膜炎球菌性),adrenal haemorrhage syndrome (meningococcal),A39.1+ E35.1*,0.9829366207122803,,,,,
60,3,鼠疫耶尔森菌,Yersinia pestis,A20.7,0.9938916563987732,,,,,
60,4,特指的病原体NEC,specified organism NEC,A41.8,0.9822786450386047,,,,,
60,3,土拉菌性,tularemic,A21.7,0.9400054812431335,,,,,
60,3,新生儿NEC(另见脓毒症，新生儿),"newborn NEC (see also Sepsis, newborn)",P36.9,0.9800528883934021,,,,,
60,3,芽胞杆菌炭疽,Bacillus anthracis,A22.7,0.9928489923477173,,,,,
60,4,厌氧性,anaerobic,A41.4,0.9501012563705444,,,,,
60,4,由于输注、治疗性注射或输血引起的,"due to infusion, therapeutic injection or transfusion",T80.2,0.9920205473899841,,,,,
60,3,原因不明的,cryptogenic,A41.9,0.9863358736038208,,,,,
60,3,志贺菌性(另见痢疾，细菌性),"Shigella (see also Dysentery, bacillary)",A03.9,0.9940710663795471,,,,,
60,1,bài 拜,,,0.9999536871910095,,,,,
60,2,拜格尔病[热带毛孢子菌病],Beigel's disease,B36.8,0.999608039855957,,,,,
60,2,拜沃特综合征[挤压综合征],Bywaters' syndrome,T79.5,0.9960898756980896,,,,,
60,1,bān 扳,,,0.9261000752449036,,,,,
60,2,扳机指(后天性),Trigger finger (acquired),M65.3,0.9960229992866516,,,,,
60,3,先天性,congenital,Q74.0,0.973379909992218,,,,,
60,1,bān 班,,,0.9442655444145203,,,,,
60,2,班贝格尔-玛丽病[肥大性骨关节病],Bamberger-Marie disease,M89.4,0.9998461008071899,,,,,
60,2,班德尔环[病理性子宫收缩环](挛缩)，并发于分娩,"Bandl's ring (contraction), complicating delivery",O62.4,0.927901566028595,,,,,
60,3,影响到胎儿或新生儿,affecting fetus or newborn,P03.6,0.984362006187439,,,,,
60,2,班蒂病或班蒂综合征(伴有硬变)(伴有门脉高压),Banti's disease or syndrome (with cirrhosis) (with portal hypertension),K76.6,0.9880943298339844,,,,,
60,2,班都-现译名班德尔,Bandl,,0.9986233711242676,,,,,
60,2,班克罗夫特丝虫病,Bancroft's filariasis,B74.0,0.9908589720726013,,,,,
60,2,班尼斯特病[血管神经性水肿],Bannister's disease,T78.3,0.9995560646057129,,,,,
60,3,遗传性,hereditary,D84.1,0.9831372499465942,,,,,
60,2,班替 - 现译名 班蒂,Banti,,0.8945773839950562,,,,,
61,1,bān 斑,,,,,,,,
61,2,斑，点,"Mark, Patches, Plaque(s), Spots",,0.9996709823608398,,,,,
61,3,比奥,Bitot's,H11.1,0.9134731292724609,,,,,
61,4,维生素A缺乏,vitamin A deficiency,E50.1+ H13.8*,0.9743900299072266,,,,,
61,4,幼儿中的,in the young child,E50.1+ H13.8*,0.9412734508514404,,,,,
61,3,草莓,strawberry,Q82.5,0.9858059883117676,,,,,
61,3,德摩根[樱色血管瘤],de Morgan's,I78.1,0.9749876856803894,,,,,
61,3,动脉 - 见 动脉硬化,"artery, arterial - see Arteriosclerosis",,0.9043336510658264,,,,,
61,3,钙化-见钙化,calcareous - see Calcification,,0.994658350944519,,,,,
61,3,褐黄色[雀斑],liver,L81.4,0.9562070965766907,,,,,
61,3,红，品他病的,"erythematous, of pinta",A67.1,0.9632362127304077,,,,,
61,3,红莓,raspberry,Q82.5,0.9566619396209717,,,,,
61,3,咖啡牛乳色,cafau lait,L81.3,0.9698433876037598,,,,,
61,3,辣椒[红玉],Cayenne pepper,I78.1,0.992961049079895,,,,,
61,3,棉毛状，视网膜,"cotton wool, retina",H34.2,0.9766615629196167,,,,,
61,3,粘膜(梅毒性),mucous (syphilitic),A51.3,0.9687466621398926,,,,,
61,4,先天性,congenital,A50.0,0.9667035937309265,,,,,
61,3,舌,tongue,K13.2,0.9810236096382141,,,,,
61,3,视网膜粥肿栓塞,Hollenhorst's,H34.2,0.986559271812439,,,,,
61,3,文身,tattoo,L81.8,0.9615082144737244,,,,,
61,3,吸烟者(口腔),smokers' (mouth),K13.2,0.9718038439750671,,,,,
61,3,心外膜,epicardial,I31.8,0.9800029993057251,,,,,
61,3,胸膜(不伴有石棉沉着),pleural (without asbestos),J92.9,0.9885931015014648,,,,,
61,4,伴有石棉沉着,with asbestos,J92.0,0.9645880460739136,,,,,
61,3,延伸,stretch,L90.6,0.9799584746360779,,,,,
61,2,斑，青光眼(囊下),"Flecks, glaucomatous (subcapsular)",H26.2,0.999372124671936,,,,,
61,2,斑色(胎儿)[先天性鱼鳞癣胎儿],Harlequin (fetus),Q80.4,0.9976068139076233,,,,,
61,2,斑秃(另见脱发，局限性),"Pelade (see also Alopecia, areata)",L63.9,0.9830093383789062,,,,,
61,2,斑疹热-见热，斑疹热,"Spotted fever - see Fever, spotted",,0.9982663989067078,,,,,
61,2,斑疹伤寒(热),Typhus (fever),A75.9,0.9891871213912964,,,,,
61,3,北亚蜱媒介,North Asian tick-borne,A77.2,0.9963523745536804,,,,,
61,3,城市(马来西亚的),shop (of Malaysia),A75.2,0.9762169122695923,,,,,
61,3,丛林(中国)(印度)(马来西亚)(新几内亚),scrub (China) (India) (Malaysia) (New Guinea),A75.3,0.9879085421562195,,,,,
61,3,大脑,cerebral,A75.9+ G94.8*,0.9406694173812866,,,,,
61,3,地方性(蚤媒介),endemic (flea-borne),A75.2,0.9777238368988037,,,,,
61,3,典型性,classical,A75.0,0.9577866792678833,,,,,
61,3,非洲蜱传,African tick,A77.1,0.9884240031242371,,,,,
61,3,复发性[回归热](另见热，回归热),"recurrens (see also Fever, relapsing)",A68.9,0.9921959638595581,,,,,
61,3,腹部,"abdominal, abdominalis",A01.0,0.9961369037628174,,,,,
61,3,肯尼亚(蜱传),Kenya (tick),A77.1,0.9876682758331299,,,,,
61,3,昆士兰(澳大利亚)蜱传,Queensland tick,A77.3,0.9545685648918152,,,,,
61,3,流行性NEC,exanthematic NEC,A75.0,0.9698768258094788,,,,,
62,3,流行性(虱媒介),epidemic (louse-borne),A75.0,0.9695943593978882,,,,,
62,3,螨媒介,mite-borne,A75.3,0.9605826139450073,,,,,
62,3,墨西哥型,Mexican,A75.2,0.9669266939163208,,,,,
62,3,脑,brain,A75.9+ G94.8*,0.9640568494796753,,,,,
62,3,蜱媒介,tick-borne,A77.9,0.9920406341552734,,,,,
62,3,热带(螨媒介),tropical (mite-borne),A75.3,0.9733542799949646,,,,,
62,3,圣保罗(巴西)型,Sao Paulo,A77.0,0.9650770425796509,,,,,
62,3,虱媒介,louse-borne,A75.0,0.9506268501281738,,,,,
62,3,鼠,"murine, rat",A75.2,0.9935511350631714,,,,,
62,3,西伯利亚蜱传,Siberian tick,A77.2,0.9723322987556458,,,,,
62,3,印度蜱传,India tick,A77.1,0.949736475944519,,,,,
62,3,由于立克次体引起的,due to Rickettsia,,0.9705981016159058,,,,,
62,4,斑疹伤寒,typhi,A75.2,0.9891173243522644,,,,,
62,4,普氏,prowazekii,A75.0,0.9553776979446411,,,,,
62,5,再燃性,recrudescent,A75.1,0.9528536200523376,,,,,
62,4,恙虫热,tsutsugamushi,A75.3,0.9778040051460266,,,,,
62,3,再燃性,recrudescent,A75.1,0.9921638369560242,,,,,
62,3,蚤媒介,flea-borne,A75.2,0.9856462478637695,,,,,
62,2,斑痣性错构瘤病(另见具体人名命名的综合征),Phakomatosis (see also specific eponymous syndromes),Q85.9,0.9986634254455566,,,,,
62,3,布尔内维尔,Bourneville's,Q85.1,0.9751232266426086,,,,,
62,3,特指的 NEC,specified NEC,Q85.8,0.9750123023986816,,,,,
62,1,bān 瘢,,,0.9641294479370117,,,,,
62,2,瘢痕(粘连)(挛缩)(疼痛)(不良),"Cicatrix, Scar, Scarring (adherent) (contracted) (painful) (vicious)",L90.5,0.9961969256401062,,,,,
62,3,瘢痕疙瘩,keloid,L91.0,0.9977498054504395,,,,,
62,3,半月软骨-见紊乱，半月板,"semilunar cartilage - see Derangement, meniscus",,0.9803541302680969,,,,,
62,3,鼻咽,nasopharynx,J39.2,0.9853485822677612,,,,,
62,3,扁桃体(和腺样体),tonsil (and adenoid),J35.8,0.9845989942550659,,,,,
62,3,胆总管(肝总管),bile duct (common) (hepatic),K83.8,0.9855343699455261,,,,,
62,3,腭(软),palate (soft),K13.7,0.9874604344367981,,,,,
62,3,耳廓,auricle,H61.1,0.93101567029953,,,,,
62,3,肥大性,hypertrophic,L91.0,0.9984399080276489,,,,,
62,3,肺(底),lung (base),J98.4,0.9870954155921936,,,,,
62,3,肛门,anus,K62.8,0.9904863238334656,,,,,
62,3,宫颈,cervix,,0.9755781888961792,,,,,
62,4,手术后，产后,"postoperative, postpartal",N88.1,0.9900006055831909,,,,,
62,4,在妊娠或分娩中,in pregnancy or childbirth,O34.4,0.9753970503807068,,,,,
62,5,引起梗阻性分娩,causing obstructed labor,O65.5,0.9419659972190857,,,,,
62,5,影响到胎儿或新生儿,affecting fetus or newborn,P03.8,0.983773410320282,,,,,
63,3,骨,bone,M89.8,0.9746007919311523,,,,,
63,3,喉,larynx,J38.7,0.9616881012916565,,,,,
63,3,后极(眼),posterior pole (eye),H31.0,0.9923959374427795,,,,,
63,3,黄斑,macula,H31.0,0.9444763660430908,,,,,
63,3,肌肉,muscle,M62.8,0.9758374094963074,,,,,
63,4,伴有挛缩,with contracture,M62.4,0.9480031728744507,,,,,
63,3,角膜,cornea,H17.9,0.9856470823287964,,,,,
63,4,干眼性,xerophthalmic,H17.8,0.9103320240974426,,,,,
63,5,维生素A缺乏,vitamin A deficiency,E50.6+ H19.8*,0.9478338360786438,,,,,
63,4,结核性,tuberculous,A18.5+ H19.8*,0.9563517570495605,,,,,
63,3,结核性 NEC,tuberculous NEC,B90.9,0.9435966610908508,,,,,
63,3,结膜,conjunctiva,H11.2,0.9799994230270386,,,,,
63,3,精囊,seminal vesicle,N50.8,0.986172616481781,,,,,
63,3,口腔,mouth,K13.7,0.9697206020355225,,,,,
63,3,泪道,lacrimal passages,H04.5,0.9943494200706482,,,,,
63,3,脉络膜,choroid,H31.0,0.9739760160446167,,,,,
63,3,脉络膜视网膜,chorioretinal,H31.0,0.9812273979187012,,,,,
63,4,手术后,postsurgical,H59.8,0.9537473320960999,,,,,
63,3,脑,brain,G93.8,0.9728942513465881,,,,,
63,3,尿道,urethra,N36.8,0.9547074437141418,,,,,
63,3,膀胱,bladder,N32.8,0.9573714137077332,,,,,
63,3,皮肤,skin,L90.5,0.9563313126564026,,,,,
63,4,感染,infected,L08.8,0.9896727800369263,,,,,
63,4,感染后,postinfective,L90.5,0.9574083089828491,,,,,
63,4,结核性,tuberculous,B90.8,0.9690056443214417,,,,,
63,3,气管,trachea,J39.8,0.9740514755249023,,,,,
63,3,前列腺,prostate,N42.8,0.9571086168289185,,,,,
63,3,舌,tongue,K14.8,0.9320359826087952,,,,,
63,3,声带,vocal cord,J38.3,0.996372401714325,,,,,
63,3,十二指肠(球)，梗阻性,"duodenum (bulb), obstructive",K31.5,0.9830396175384521,,,,,
63,3,视网膜,retina,H31.0,0.9427725672721863,,,,,
63,3,收缩,atrophic,L90.5,0.9946302175521851,,,,,
63,3,痛性,painful,L90.5,0.9573929309844971,,,,,
63,3,外阴,vulva,N90.8,0.9344689249992371,,,,,
63,3,腺样体(和扁桃体),adenoid (and tonsil),J35.8,0.9837199449539185,,,,,
63,3,心肌,"myocardium, myocardial",I25.2,0.9848976731300354,,,,,
63,3,咽(喉),throat,J39.2,0.9940305948257446,,,,,
63,3,咽下部,hypopharynx,J39.2,0.9681603908538818,,,,,
63,3,眼睑,eyelid,H02.5,0.9628314971923828,,,,,
63,3,阴唇,labia,N90.8,0.9565064311027527,,,,,
63,3,阴道,vagina,N89.8,0.9929319620132446,,,,,
63,4,手术后,postoperative,N99.2,0.9899614453315735,,,,,
63,3,阴茎,penis,N48.8,0.9801942110061646,,,,,
64,3,由于,due to,,0.9922193884849548,,,,,
64,4,以前的剖宫产术，并发于妊娠或分娩,"previous cesarean section, complicating pregnancy or childbirth",O34.2,0.9815520644187927,,,,,
64,5,影响到胎儿或新生儿,affecting fetus or newborn .,P03.8,0.9790374040603638,,,,,
64,3,粘连性,adherent,L90.5,0.9773968458175659,,,,,
64,3,直肠,rectum,K62.8,0.9737967252731323,,,,,
64,3,中耳,middle ear,H74.8,0.931865930557251,,,,,
64,3,子宫,uterus,N85.8,0.9470142126083374,,,,,
64,4,在妊娠或分娩中,in pregnancy or childbirth,O34.2,0.9526416659355164,,,,,
64,5,影响到胎儿或新生儿,affecting fetus or newborn,P03.8,0.9824649095535278,,,,,
64,2,瘢痕疙瘩(另见瘢痕瘤),"Cheloid, Kelis (see also Keloid)",L91.0,0.9866532683372498,,,,,
64,2,瘢痕疙瘩性芽生菌病,Lobomycosis,B48.0,0.9884896278381348,,,,,
64,2,瘢痕瘤，瘤样，瘢痕疙瘩,"Keloid, cheloid",L91.0,0.9979003667831421,,,,,
64,3,艾迪生,Addison's,L94.0,0.990300178527832,,,,,
64,3,瘢痕[瘢痕疙瘩],scar,L91.0,0.9932072758674622,,,,,
64,3,角膜,cornea,H17.8,0.9505638480186462,,,,,
64,3,痤疮性[瘢瘤性痤疮],acne,L73.0,0.9439912438392639,,,,,
64,2,瘢痕性(畸形)- 见瘢痕,Cicatricial (deformity) - see Cicatrix,,0.9547943472862244,,,,,
64,2,瘢痕性红斑,Ulerythema,,0.9968990087509155,,,,,
64,3,眉部，先天性,"ophryogenes, congenital",Q84.2,0.9829928278923035,,,,,
64,3,须疮样,sycosiforme,L73.8,0.9817425608634949,,,,,
64,2,瘢痕性脑回,Ulegyria,Q04.8,0.9991448521614075,,,,,
64,1,bàn 半,,,0.9427898526191711,,,,,
64,2,半孢子菌病,Hemisporosis,B48.8,0.9734141826629639,,,,,
64,2,半脊椎(畸形),"Half vertebra, Hemivertebra",Q76.4,0.9996366500854492,,,,,
64,3,融合伴有脊柱侧弯,fusion with scoliosis,Q76.3,0.9832239747047424,,,,,
64,3,未分裂伴有脊柱侧弯,failure of segmentation with scoliosis,Q76.3,0.990752637386322,,,,,
64,2,半截断，脊髓-见损伤，脊髓，按部位,"Hemisection, spinal cord - see Injury, spinal cord, by region",,0.9967693090438843,,,,,
64,2,半乳糖尿(症),Galactosuria,E74.2,0.9999047517776489,,,,,
64,2,半乳糖血(症),Galactosemia,E74.2,0.9999209642410278,,,,,
64,2,半身不遂(另见偏瘫),Hemiparalysis (see also Hemiplegia),G81.9,0.9839781522750854,,,,,
64,2,半身帕金森综合征,Hemiparkinsonism,G20,0.9811691045761108,,,,,
64,2,半透明虹膜,"Translucency, iris",H21.2,0.969930112361908,,,,,
64,2,半无脑,Hemicrania,,0.9998971819877625,,,,,
64,3,先天性畸形,congenital malformation,Q00.0,0.9845635294914246,,,,,
64,2,半无脑儿,"Hemicephalus, hemicephaly",Q00.0,0.9880423545837402,,,,,
64,2,半心畸形,Hemicardia,Q24.8,0.9998173713684082,,,,,
64,2,半肢畸形,Hemimelia,Q73.8,0.9990317225456238,,,,,
64,3,上肢,upper limb,Q71.8,0.9699983596801758,,,,,
64,3,下肢,lower limb,Q72.8,0.9883559942245483,,,,,
65,1,bàn 瓣,,,,,,,,
65,2,瓣(形成)- 另见情况,"Valve, valvular (formation) - see also condition",,0.9611828327178955,,,,,
65,3,宫颈，内口,"cervix, internal os",Q51.8,0.9916803240776062,,,,,
65,3,尿道(先天性)(后),urethra (congenital) (posterior),Q64.2,0.9948858618736267,,,,,
65,3,输尿管(肾盂连接)(膀胱口),ureter (pelvic junction) (vesical orifice),Q62.3,0.9901834726333618,,,,,
65,3,先天性NEC-见闭锁，按部位,"congenital NEC - see Atresia, by site",,0.9865317940711975,,,,,
65,3,原位(交通性)脑室,cerebral ventricle (communicating) in situ,Z98.2,0.9988468885421753,,,,,
65,2,瓣膜切开术后综合征,Postvalvulotomy syndrome,I97.0,0.9793037176132202,,,,,
65,1,bāng 邦,,,0.9980775117874146,,,,,
65,2,邦瓦莱筑坝热,Bonvale dam fever,T73.3,0.9696855545043945,,,,,
65,1,bāng 帮,,,0.9167914390563965,,,,,
65,2,帮伙,Gang,,0.999712347984314,,,,,
65,3,成员，伴有社交紊乱型行为,membership with dissocial behavior,F91.2,0.9972192049026489,,,,,
65,3,行为，不伴有精神障碍表现,"activity, without manifest psychiatric disorder",Z03.2,0.9905927181243896,,,,,
65,1,bāo 包,,,0.9992650747299194,,,,,
65,2,包涵体，肝内胆囊(先天性),"Inclusion, gallbladder in liver (congenital)",Q44.1,0.9926548600196838,,,,,
65,3,软下疳,chancroidal,A57,0.9906031489372253,,,,,
65,2,包囊形成 - 见 囊肿,Encystment - see Cyst,,0.8961553573608398,,,,,
65,2,包皮的 - 见情况,Prepuce - see condition,,0.9392588138580322,,,,,
65,2,包皮环切术(缺少医疗指征)(宗教仪式的)(常规),Circumcision (in absence of medical indication) (ritual) (routine),Z41.2,0.9990394711494446,,,,,
65,2,包皮炎,Posthitis,N48.1,0.999876856803894,,,,,
65,1,bāo 孢,,,0.9443251490592957,,,,,
65,2,孢子丝菌病,Sporotrichosis,B42.9,0.999858021736145,,,,,
65,3,播散性,disseminated,B42.7,0.9640747308731079,,,,,
65,3,肺,pulmonary,B42.0+ J99.8*,0.9733756184577942,,,,,
65,3,关节炎,arthritis,B42.8+ M01.6*,0.9356501698493958,,,,,
65,3,淋巴皮肤的(混合性)(进行性),lymphocutaneous (fixed) (progressive),B42.1,0.994073748588562,,,,,
65,3,全身性,generalized,B42.7,0.9931493401527405,,,,,
65,3,特指的 NEC,specified NEC,B42.8,0.993324339389801,,,,,
65,1,bāo 剥,,,0.9014214277267456,,,,,
65,2,剥枫树皮者肺,Maple-bark-stripper's lung,J67.6,0.9898822903633118,,,,,
66,1,bào 鲍,,,,,,,,
66,2,鲍-克肝硬变、病或综合征[鲍姆加滕-克吕韦耶],"Baumgarten-Cruveilhier cirrhosis, disease or syndrome",K74.6,0.9910769462585449,,,,,
66,2,鲍恩,Bowen's,,0.9993894100189209,,,,,
66,3,病(M8081/2)-见肿瘤，皮肤，原位,"disease (M8081/2) - see Neoplasm, skin, in situ",,0.981834352016449,,,,,
66,3,皮肤病(癌前)(M8081/2)-见肿瘤，皮肤，原位,"dermatosis (precancerous) (M8081/2) - see Neoplasm,skin, in situ",,0.9840342402458191,,,,,
66,3,上皮瘤(M8081/2)-见肿瘤，皮肤，原位,"epithelioma (M8081/2) - see Neoplasm, skin, in situ",,0.981054961681366,,,,,
66,3,型,type,,0.9505975842475891,,,,,
66,4,表皮内鳞状细胞癌(M8081/2)-见肿瘤，皮肤，原位,"intraepidermal squamous cell carcinoma (M8081/2) - see Neoplasm, skin, in situ",,0.9798583984375,,,,,
66,4,表皮样原位癌(M8081/2)-见肿瘤，皮肤，原位,"epidermoid carcinoma in situ (M8081/2) - see Neoplasm, skin, in situ",,0.9768038988113403,,,,,
66,2,鲍洛 - 现译名 巴洛,Baló,,0.9212114214897156,,,,,
66,1,bào 暴,,,0.9999551177024841,,,,,
66,2,暴发的 - 见情况,"Fulminant, fulminating - see condition",,0.980962336063385,,,,,
66,2,暴露(于)(另见接触，与),"Exposure (to) (see also Contact, with)",T75.8,0.9837988018989563,,,,,
66,3,艾滋病毒,AIDS virus,Z20.6,0.9935042262077332,,,,,
66,3,病毒性疾病NEC,viral disease NEC,Z20.8,0.9941676259040833,,,,,
66,4,肝炎,hepatitis,Z20.5,0.9062442779541016,,,,,
66,3,肠道传染病,intestinal infectious disease,Z20.0,0.9820280075073242,,,,,
66,3,传染病,communicable disease,Z20.9,0.9529596567153931,,,,,
66,4,特指的NEC,specified NEC,Z20.8,0.9672493934631348,,,,,
66,3,大气,air,,0.9903156757354736,,,,,
66,4,污染(物) NEC,"contaminants, pollution NEC",Z58.1,0.9721894860267639,,,,,
66,5,烟草烟雾,tobaccosmoke,Z58.7,0.9632894396781921,,,,,
66,5,职业性NEC,occupational NEC,Z57.3,0.9584833979606628,,,,,
66,6,灰尘,dust,Z57.2,0.9156234264373779,,,,,
66,3,毒物(气体)(液体)(固体)(蒸气),toxic agents (gases) (liquids) (solids) (vapors),,0.9817962050437927,,,,,
66,4,工业 NEC,industrial NEC,Z57.5,0.9376630783081055,,,,,
66,5,非职业性,nonoccupational,Z58.5,0.9920177459716797,,,,,
66,4,农业,agricultural,Z57.4,0.8799029588699341,,,,,
66,5,非职业性,nonoccupational,Z58.5,0.9686747789382935,,,,,
66,3,风疹,"German measles, rubella",Z20.4,0.9349263906478882,,,,,
66,3,辐射 NEC,radiation NEC,Z58.4,0.9569630026817322,,,,,
66,4,职业性,occupational,Z57.1,0.9795265197753906,,,,,
66,3,工业毒物(气体)(液体)(固体)(蒸气),industrial toxic agents (gases) (liquids) (solids) (vapors),Z57.5,0.991859495639801,,,,,
66,4,非职业性,nonoccupational,Z58.5,0.9616569876670837,,,,,
66,3,寒冷，的效应,"cold, effects of",T69.9,0.9765920639038086,,,,,
66,4,特指的效应 NEC,specified effect NEC,T69.8,0.9679362177848816,,,,,
67,3,灰尘 NEC,dust NEC,Z58.1,0.9254481196403503,,,,,
67,4,职业性,occupational,Z57.2,0.9406883716583252,,,,,
67,3,霍乱,cholera,Z20.0,0.9752222895622253,,,,,
67,3,极端温度(职业性),extreme temperature (occupational),Z57.6,0.9936292767524719,,,,,
67,4,非职业性,nonoccupational,Z58.5,0.9595459699630737,,,,,
67,3,脊髓灰质炎,poliomyelitis,Z20.8,0.9974664449691772,,,,,
67,3,寄生虫病NEC,parasitic disease NEC,Z20.7,0.9621644020080566,,,,,
67,3,结核,tuberculosis,Z20.1,0.9942339062690735,,,,,
67,3,恐怖主义,terrorism,Z65.4,0.9950962066650391,,,,,
67,3,酷刑折磨,torture,Z65.4,0.9785498976707458,,,,,
67,3,狂犬病,rabies,Z20.3,0.9780479073524475,,,,,
67,3,淋病,gonorrhea,Z20.2,0.9941074848175049,,,,,
67,3,螨病,acariasis,Z20.7,0.9660553336143494,,,,,
67,3,梅毒,syphilis,Z20.2,0.9918516278266907,,,,,
67,3,农业毒物(气体)(液体)(固体)(蒸气),agricultural toxic agents (gases) (liquids) (solids) (vapors),Z57.4,0.9839011430740356,,,,,
67,4,非职业性,nonoccupational,Z58.5,0.9829330444335938,,,,,
67,3,迫害,persecution,Z60.5,0.9951794147491455,,,,,
67,3,歧视,discrimination,Z60.5,0.7189661264419556,,,,,
67,3,侵染(寄生虫性)NEC,infestation (parasitic) NEC,Z20.7,0.9851824641227722,,,,,
67,3,人类T亲淋巴1型病毒(HTLV-1),human T-lymphotropic virus type 1 (HTLV-1),Z20.8,0.9890155792236328,,,,,
67,3,人类免疫缺陷病毒[HIV],human immunodeficiency virus (HIV),Z20.6,0.9801361560821533,,,,,
67,3,虱病,pediculosis,Z20.7,0.994213342666626,,,,,
67,3,衰竭，由于(不良环境),"exhaustion, due to",T73.2,0.9676973819732666,,,,,
67,3,水污染,water pollution,Z58.2,0.9774752259254456,,,,,
67,3,天花(实验室的),smallpox (laboratory),Z20.8,0.9509545564651489,,,,,
67,3,土壤污染,soil pollution,Z58.3,0.9865442514419556,,,,,
67,4,职业性,occupational,Z57.8,0.9854068756103516,,,,,
67,3,污染NEC,pollution NEC,Z58.5,0.9825385212898254,,,,,
67,4,大气污染物NEC,air contaminants NEC,Z58.1,0.9640621542930603,,,,,
67,5,烟草烟雾,tobacco smoke,Z58.7,0.947737991809845,,,,,
67,5,职业性,occupational,Z57.3,0.9788356423377991,,,,,
67,4,灰尘 NEC,dust NEC,Z58.1,0.9499208331108093,,,,,
67,5,职业性,occupational,Z57.2,0.9607620239257812,,,,,
67,4,水,water,Z58.2,0.8973645567893982,,,,,
67,4,特指的 NEC,specified NEC,Z58.5,0.9695068597793579,,,,,
67,5,职业性,occupational,Z57.8,0.9502711892127991,,,,,
67,4,土壤,soil,Z58.3,0.9396025538444519,,,,,
67,5,职业性,occupational,Z57.8,0.9841612577438354,,,,,
67,4,噪声NEC,noise NEC,Z58.0,0.9955497980117798,,,,,
67,5,职业性,occupational,Z57.0,0.9936607480049133,,,,,
67,4,职业性,occupational,Z57.8,0.9528360366821289,,,,,
68,3,性传播疾病,sexually transmitted disease,Z20.2,0.9953773617744446,,,,,
68,3,灾害,disaster,Z65.5,0.9931219220161438,,,,,
68,3,噪声,noise,Z58.0,0.9562756419181824,,,,,
68,4,职业性,occupational,Z57.0,0.9717925190925598,,,,,
68,3,战争,war,Z65.5,0.9482372403144836,,,,,
68,3,振动,vibration,Z58.8,0.986224889755249,,,,,
68,4,职业性,occupational,Z57.7,0.9890486001968384,,,,,
68,3,职业性危险因素,occupational risk factor,Z57.9,0.9888927340507507,,,,,
68,4,特指的 NEC,specified NEC,Z57.8,0.959480881690979,,,,,
68,2,暴露过度(效应),Overexposure (effects),T73.9,0.9813094735145569,,,,,
68,3,衰竭,exhaustion,T73.2,0.9753559827804565,,,,,
68,2,暴露于(无机)粉尘,Dust exposure (inorganic),Z58.1,0.9885491728782654,,,,,
68,3,网状形成(另见肺尘埃沉着病),reticulation (see also Pneumoconiosis),J64,0.9928473830223083,,,,,
68,4,有机粉尘,organic dusts,J66.8,0.9911390542984009,,,,,
68,3,职业性,occupational,Z57.2,0.9858739972114563,,,,,
68,2,暴露于噪声,Noise exposure,Z58.0,0.9896888732910156,,,,,
68,3,职业性,occupational,Z57.0,0.9856374859809875,,,,,
68,1,běi 北,,,0.973251461982727,,,,,
68,2,北美芽生菌病,North American blastomycosis,B40.9,0.989936113357544,,,,,
68,1,bèi 贝,,,0.9998874068260193,,,,,
68,2,贝德纳尔,Bednar's,,0.999671995639801,,,,,
68,3,阿弗他溃疡,aphthae,K12.0,0.9627464413642883,,,,,
68,3,瘤(M8833/3)-见肿瘤，恶性,"tumor (M8833/3) - see Neoplasm, malignant",,0.9650599956512451,,,,,
68,2,贝尔,Bell's,,0.9998911023139954,,,,,
68,3,痉挛,spasm,G51.3,0.932259738445282,,,,,
68,3,面瘫,"palsy, paralysis",G51.0,0.9908275604248047,,,,,
68,3,躁狂,mania,F30.8,0.969031572341919,,,,,
68,2,贝尔病[成人视网膜黄斑变性],Behr's disease,H35.5,0.996573805809021,,,,,
68,2,贝尔茨病[脓肿性腺性唇炎],Baelz's disease,K13.0,0.9995362162590027,,,,,
68,2,贝尔林病或贝尔林水肿[视网膜震荡](创伤性),Berlin's disease or edema (traumatic),S05.8,0.9993295669555664,,,,,
68,2,贝尔纳德-霍纳综合征,Bernard-Horner syndrome,G90.2,0.999931275844574,,,,,
68,2,贝格尔病[免疫球蛋白A肾小球肾炎]-见肾病变，免疫球蛋白A,"Berger's disease - see Nephropathy, IgA",,0.999457836151123,,,,,
68,2,贝赫切特病或综合征[生殖器溃疡、口疮及眼色素层炎],Behçet's disease or syndrome,M35.2,0.9542166590690613,,,,,
69,2,贝克,Becker's,,0.9996631741523743,,,,,
69,3,心肌病,cardiomyopathy,I42.8,0.990339994430542,,,,,
69,3,营养不良[贝克肌营养不良],dystrophy,G71.0,0.9975519776344299,,,,,
69,3,着色毛状痣(M8720/0),pigmented hairy nevus (M8720/0),D22.5,0.977321982383728,,,,,
69,2,贝克囊肿[腘窝滑囊囊肿],Baker's cyst,M71.2,0.9860512018203735,,,,,
69,3,结核性,tuberculous,A18.0+ M01.1*,0.9682333469390869,,,,,
69,2,贝克威思-威德曼综合征,Beckwith-Wiedemann syndrome,Q87.3,0.9998494982719421,,,,,
69,2,贝内迪克特麻痹或综合征,Benedikt's paralysis or syndrome,I67.9+ G46.3*,0.9786807894706726,,,,,
69,2,贝内特骨折,Bennett's fracture,S62.2,0.9939966201782227,,,,,
69,2,贝尼耶,Besnier's,,0.9999517798423767,,,,,
69,3,冻疮样狼疮,lupus pernio,D86.3,0.9979257583618164,,,,,
69,3,痒疹,prurigo,L20.0,0.9958974123001099,,,,,
69,2,贝尼耶-伯克(-绍曼)病(另见结节病),Besnier-Boeck(-Schaumann) disease (see also Sarcoidosis),D86.9,0.9971129894256592,,,,,
69,2,贝切特-现译名贝赫切特[白塞],Behçet,,0.9993972182273865,,,,,
69,2,贝热龙病(癔症性舞蹈症),Bergeron's disease (hysterical chorea),F44.4,0.97037672996521,,,,,
69,2,贝斯特病[先天性黄斑变性],Best's disease,H35.5,0.9998236894607544,,,,,
69,2,贝特曼病[触染性软疣],Bateman's disease,B08.1,0.9777830839157104,,,,,
69,2,贝亚尔结膜炎或贝亚尔综合征,Béal conjunctivitis or syndrome,B30.2+ H13.1*,0.9802303910255432,,,,,
69,2,贝佐尔德脓肿,Bezold's abscess,H70.0,0.9772329330444336,,,,,
69,1,bèi 背,,,0.9128841161727905,,,,,
69,2,背部病,Dorsopathy,M53.9,0.9927035570144653,,,,,
69,3,变形性,deforming,M43.9,0.9923933148384094,,,,,
69,4,特指的NEC,specified NEC,M43.8,0.9887067079544067,,,,,
69,3,特指的NEC,specified NEC,M53.8,0.9865321516990662,,,,,
69,2,背的 - 见情况,Back - see condition,,0.9763343334197998,,,,,
69,2,背痛(体位性),"Backache, Dorsalgia (postural)",M54.9,0.9819825887680054,,,,,
69,3,骶髂部,sacroiliac,M53.3,0.9575799107551575,,,,,
69,3,特指的 NEC,specified NEC,M54.8,0.9611295461654663,,,,,
69,3,心因性,psychogenic,F45.4,0.9611066579818726,,,,,
69,1,bèi 悖,,,0.9973192811012268,,,,,
69,2,悖德型特征,Amoral traits,F61,0.9933004379272461,,,,,
69,1,bèi 被,,,0.9998462200164795,,,,,
69,2,被动的 - 见情况,Passive - see condition,,0.9795234203338623,,,,,
69,2,被忽视(新生儿),Neglect (newborn),T74.0,0.9996452927589417,,,,,
69,3,情感，在童年,"emotional, in childhood",Z62.4,0.9762965440750122,,,,,
69,2,被膜剥除术，肾,"Decapsulation, kidney",N28.8,0.9901294708251953,,,,,
69,2,被褥类，被窒息,"Bedclothes, asphyxiation or suffocation by",T71,0.9990699887275696,,,,,
70,1,bēn 奔,,,0.9737712740898132,,,,,
70,2,奔马律,Gallop rhythm,R00.8,0.9725981950759888,,,,,
70,1,bēn 贲,,,0.9293856620788574,,,,,
70,2,贲门的 - 见情况,"Cardia, cardial - see condition",,0.9703227281570435,,,,,
70,2,贲门痉挛(食管)(反射)(胃),Cardiospasm (esophagus) (reflex) (stomach),K22.0,0.9981378316879272,,,,,
70,3,先天性(不伴有提及巨食管),congenital (without mention of megaesophagus),Q40.2,0.9964897036552429,,,,,
70,4,伴有巨食管,with megaesophagus,Q39.5,0.988347053527832,,,,,
70,2,贲门松弛,Cardiochalasia,K21.9,0.999567449092865,,,,,
70,1,běn 本,,,0.9993958473205566,,,,,
70,2,本森病[星形玻璃体变性],Benson's disease,H43.2,0.9967110753059387,,,,,
70,2,本斯·琼斯 - 现译名 本周,Bence Jones,,0.9230470061302185,,,,,
70,2,本周蛋白尿 NEC,Bence Jones albuminuria or proteinuria NEC,R80,0.9568138718605042,,,,,
70,1,běn 苯,,,0.9998818039894104,,,,,
70,2,苯丙酮尿症,Phenylketonuria,E70.1,0.9997857213020325,,,,,
70,3,典型,classical,E70.0,0.9854081273078918,,,,,
70,3,母体,maternal,E70.1,0.9596964716911316,,,,,
70,1,bèn 笨,,,0.9999276399612427,,,,,
70,2,笨拙儿童综合征,"Clumsiness, clumsy child syndrome",F82,0.9759525060653687,,,,,
70,1,bēng 崩,,,0.9175260066986084,,,,,
70,2,崩蚀性溃疡(干性)(湿性)(另见坏疽),Phagedena (dry) (moist) (see also Gangrene),R02,0.9980337619781494,,,,,
70,3,几何图形,geometric,L88,0.9732544422149658,,,,,
70,3,热带(另见溃疡，皮肤),"tropical (see also Ulcer, skin)",L98.4,0.9742234349250793,,,,,
70,3,外阴,vulva,N76.6,0.959190845489502,,,,,
70,3,阴茎,penis,N48.2,0.9826350212097168,,,,,
70,1,bí 鼻,,,0.9371457099914551,,,,,
70,2,鼻(尖)切迹，先天性,"Notching nose, congenital (tip)",Q30.2,0.9829787015914917,,,,,
70,2,鼻孢子虫病 - 现译名 鼻孢子菌病,Rhinosporidiosis,,0.9378504157066345,,,,,
70,2,鼻孢子菌病,Rhinosporidiosis,B48.1,0.9603847861289978,,,,,
70,2,鼻病毒感染NEC,Rhinovirus infection NEC,B34.8,0.9893107414245605,,,,,
71,2,鼻的 - 见情况,"Nasal, Nose - see condition",,0.9576333165168762,,,,,
71,2,鼻窦炎(副)(慢性)(增生性)(非化脓性)(化脓性),Sinusitis (accessory) (chronic) (hyperplastic) (nasal) (nonpurulent) (purulent),J32.9,0.9826694130897522,,,,,
71,3,急性,acute,J01.9,0.9888991713523865,,,,,
71,4,蝶窦,sphenoidal,J01.3,0.989574134349823,,,,,
71,4,额窦,frontal,J01.1,0.9470354318618774,,,,,
71,4,筛窦,ethmoidal,J01.2,0.9855778217315674,,,,,
71,4,上颌窦,maxillary,J01.0,0.9709807634353638,,,,,
71,4,涉及超过一个窦但非全鼻窦炎,involving more than one sinus but not pansinusitis,J01.8,0.9910608530044556,,,,,
71,4,特指的 NEC,specified NEC,J01.8,0.9782951474189758,,,,,
71,3,变应性(另见鼻炎，变应性),"allergic (see also Rhinitis, allergic)",J30.3,0.9870640635490417,,,,,
71,3,蝶窦,sphenoidal,J32.3,0.9849174618721008,,,,,
71,4,急性,acute,J01.3,0.9419222474098206,,,,,
71,3,额窦,frontal,J32.1,0.9965070486068726,,,,,
71,4,急性,acute,J01.1,0.9406412243843079,,,,,
71,3,高海拔性,due to high altitude,T70.1,0.9830052852630615,,,,,
71,3,结核，任何窦,"tuberculous, any sinus",A16.8,0.9857226014137268,,,,,
71,4,伴有细菌学和组织学证实,with bacteriological and histological confirmation,A15.8,0.9946974515914917,,,,,
71,3,流感性(另见流行性感冒，伴有，呼吸道表现),"influenzal (see also Influenza, with, respiratory manifestations)",J11.1,0.9886628985404968,,,,,
71,3,筛窦,ethmoidal,J32.2,0.962915301322937,,,,,
71,4,急性,acute,J01.2,0.9796882271766663,,,,,
71,3,上颌窦,maxillary,J32.0,0.9597553610801697,,,,,
71,4,急性,acute,J01.0,0.9832117557525635,,,,,
71,3,涉及超过一个窦但非全鼻窦炎,involving more than one sinus but not pansinusitis,J32.8,0.9912182092666626,,,,,
71,2,鼻窦炎支气管扩张-内脏反位(综合征)(三联症),Sinusitis-bronchiectasis-situs inversus (syndrome) (triad),Q89.3,0.9852769374847412,,,,,
71,2,鼻骨增殖性骨膜炎[根度病],"Goundou, Henpue, henpuye",A66.6,0.9895296692848206,,,,,
71,2,鼻红粒病,Granulosis rubra nasi,L74.8,0.9999539256095886,,,,,
71,2,鼻疽,"Glanders, Malleus",A24.0,0.9790279269218445,,,,,
71,2,鼻卡他(急性),Coryza (acute),J00,0.9993326663970947,,,,,
71,3,伴有流感(另见流行性感冒，伴有，呼吸道表现),"with grippe or influenza (see also Influenza, with, respiratory manifestations)",J11.1,0.9977035522460938,,,,,
71,2,鼻泪的 -见情况,"Nasolachrymal, nasolacrimal - see condition",,0.9626805782318115,,,,,
71,2,鼻泪管的 - 见情况,Lacrimonasal duct - see condition,,0.9183260798454285,,,,,
71,2,鼻泪管石,Rhinodacryolith,H04.5,0.9947634935379028,,,,,
71,2,鼻流血,Nosebleed,R04.0,0.9954463243484497,,,,,
71,2,鼻漏,Rhinorrhea,J34.8,0.9889299869537354,,,,,
71,3,痉挛性(另见鼻炎，变应性),"spasmodic (see also Rhinitis, allergic)",J30.3,0.9769368171691895,,,,,
71,3,脑脊液,cerebrospinal (fluid),G96.0,0.9914947748184204,,,,,
71,3,阵发性(另见鼻炎，变应性),"paroxysmal (see also Rhinitis, allergic)",J30.3,0.9926822781562805,,,,,
72,2,鼻塞(非梅毒性),Snuffles (non-syphilitic),R06.5,0.9692693948745728,,,,,
72,3,梅毒性(婴儿),syphilitic (infant),A50.0+ J99.8*,0.982319712638855,,,,,
72,3,新生儿,newborn,P28.8,0.9645745158195496,,,,,
72,2,鼻上颌窦炎(慢性)(另见鼻窦炎，上颌窦),"Rhinoantritis (chronic) (see also Sinusitis, maxillary)",J32.0,0.9912316799163818,,,,,
72,2,鼻石(鼻窦),Rhinolith (nasal sinus),J34.8,0.9655024409294128,,,,,
72,2,鼻咽的 - 见情况,"Nasopharynx, nasopharyngeal - see condition",,0.9591028690338135,,,,,
72,2,鼻咽鼓管炎,Rhinosalpingitis,H68.0,0.9923824667930603,,,,,
72,2,鼻咽炎(急性)(感染性)(亚急性),"Nasopharyngitis, Rhinopharyngitis (acute) (infective) (subacute)",J00,0.9828585386276245,,,,,
72,3,慢性(化脓性)(溃疡性),chronic (suppurative) (ulcerative),J31.1,0.9695099592208862,,,,,
72,3,垂体,pituitary gland,Q89.2,0.9757646322250366,,,,,
72,3,毁形性,mutilans,A66.5+ J99.8*,0.9564800262451172,,,,,
72,3,链球菌性,streptococcal,J00,0.967082142829895,,,,,
72,3,脓毒性,septic,J00,0.9679811000823975,,,,,
72,3,破坏性溃疡性,destructive ulcerating,A66.5+ J99.8*,0.9386463165283203,,,,,
72,2,鼻炎(卡他性)(纤维蛋白性)(膜性),Rhinitis (catarrhal) (fibrinous) (membranous),J31.0,0.9970215559005737,,,,,
72,3,急性,acute,J00,0.9727619290351868,,,,,
72,3,慢性,chronic,J31.0,0.9604899287223816,,,,,
72,3,伴有咽喉痛 - 见 鼻咽炎,with sore throat - see Nasopharyngitis,,0.909846305847168,,,,,
72,3,变应性,allergic,J30.4,0.9757903814315796,,,,,
72,4,伴有哮喘,with asthma,J45.0,0.9800956845283508,,,,,
72,4,常年性,perennial,J30.3,0.9851938486099243,,,,,
72,4,非季节性,nonseasonal,J30.3,0.9849326610565186,,,,,
72,4,季节性 NEC,seasonal NEC,J30.2,0.9745051860809326,,,,,
72,4,特指的NEC,specified NEC,J30.3,0.9780314564704895,,,,,
72,4,由于花粉,due to pollen,J30.1,0.9603188037872314,,,,,
72,3,肥大性(慢性),hypertrophic (chronic),J31.0,0.9835566878318787,,,,,
72,3,肺炎球菌性,pneumococcal,J00,0.9844281673431396,,,,,
72,3,感染性,infective,J00,0.9821786284446716,,,,,
72,3,梗阻性(慢性),obstructive (chronic),J31.0,0.9867483973503113,,,,,
72,3,化脓性(慢性),purulent (chronic),J31.0,0.9871019124984741,,,,,
72,3,结核性,tuberculous,A16.8,0.9834516048431396,,,,,
72,4,伴有细菌学和组织学证实,with bacteriological and histological confirmation,A15.8,0.9663896560668945,,,,,
72,3,溃疡性(慢性),ulcerative (chronic),J31.0,0.9914454817771912,,,,,
72,3,梅毒性,syphilitic,A52.7+ J99.8*,0.9288303256034851,,,,,
72,4,先天性,congenital,A50.0+ J99.8*,0.9690870046615601,,,,,
72,3,肉芽肿性(慢性),granulomatous (chronic),J31.0,0.993241012096405,,,,,
72,3,萎缩性(慢性),atrophic (chronic),J31.0,0.9749036431312561,,,,,
72,3,血管运动性,vasomotor,J30.0,0.9825264811515808,,,,,
72,2,鼻音过轻,Hyponasality,R49.2,0.9596047401428223,,,,,
73,2,鼻增大,Rhinomegaly,J34.8,0.9855862855911255,,,,,
73,2,鼻赘[肥大性酒渣鼻],Rhinophyma,L71.1,0.9991623163223267,,,,,
73,1,bǐ 比,,,0.9584492444992065,,,,,
73,2,比-扬病[婴儿后期黑矇性痴呆],Bielschowsky(-Jansky) disease,E75.4,0.9935904741287231,,,,,
73,2,比安基综合征[失读-失语-失用综合征],Bianchi's syndrome,R48.8,0.9906591773033142,,,,,
73,2,比德-巴尔代-现译名别德尔-巴尔得,Biedl-Bardet,,0.9997824430465698,,,,,
73,2,比尔德病[神经衰弱],Beard's disease,F48.0,0.9999313354492188,,,,,
73,2,比尔格-格吕茨病或综合征[1型家族性高脂蛋白血症],Bürger-Grütz disease or syndrome,E78.3,0.9818600416183472,,,,,
73,2,比尔默贫血或比尔默病[恶性贫血],Biermer's anemia or disease,D51.0,0.9917874336242676,,,,,
73,2,比斯克拉疗,Biskra's button,B55.1,0.9656358957290649,,,,,
73,2,比耶特病,Biett's disease,L93.0,0.9994091987609863,,,,,
73,2,比翼线虫病,"Syngamiasis, syngamosis",B83.3,0.9991098046302795,,,,,
73,1,bǐ 彼,,,0.8990004062652588,,,,,
73,2,彼得异常,Peter's anomaly,Q13.4,0.9999023675918579,,,,,
73,1,bì 闭,,,0.8758822679519653,,,,,
73,2,闭合,Closure,,0.9999875426292419,,,,,
73,3,瓣膜-见心内膜炎,valve - see Endocarditis,,0.9804670810699463,,,,,
73,3,鼻，先天性,"nose, congenital",Q30.0,0.9572493433952332,,,,,
73,3,处女膜,hymen,N89.6,0.9269214272499084,,,,,
73,3,房间隔，缺陷,"interauricular septum, defective",Q21.1,0.9871968030929565,,,,,
73,3,泪管,lacrimal duct,H04.5,0.9982349276542664,,,,,
73,4,先天性,congenital,Q10.5,0.9431018829345703,,,,,
73,3,瘘，延迟-见瘘,"fistula, delayed - see Fistula",,0.9773905873298645,,,,,
73,3,颅缝，过早,"cranial sutures, premature",Q75.0,0.9957296252250671,,,,,
73,3,卵圆孔，不全,"foramen ovale, imperfect",Q21.1,0.9836437106132507,,,,,
73,3,缺陷或不全NEC-见不完全，闭合,"defective or imperfect NEC - see Imperfect, closure",,0.9833464026451111,,,,,
73,3,人工造口-见维护，人工，造口,"of artificial opening - see Attention, artificial, opening",,0.9927318096160889,,,,,
73,3,室间隔，缺陷,"interventricular septum, defective",Q21.0,0.9975993633270264,,,,,
73,3,外阴,vulva,N90.5,0.9570624232292175,,,,,
73,3,阴道,vagina,N89.5,0.9862439632415771,,,,,
73,2,闭经,Amenorrhea,N91.2,0.951722264289856,,,,,
73,3,原发性,primary,N91.0,0.9718927145004272,,,,,
73,3,继发性,secondary,N91.1,0.9628676176071167,,,,,
73,3,激素过多的,hyperhormonal,E28.8,0.9879981875419617,,,,,
74,2,闭塞(管腔),Obliteration,,0.9991796612739563,,,,,
74,3,胆管，胆总管(非结石性),"bile duct, common duct (noncalculous)",K83.1,0.9954596757888794,,,,,
74,3,胆囊管(另见梗阻，胆囊管),"cystic duct (see also Obstruction, cystic duct)",K82.0,0.9813851714134216,,,,,
74,3,动脉,artery,I77.1,0.9535942077636719,,,,,
74,3,静脉,vein,I87.8,0.9594268798828125,,,,,
74,3,阑尾(腔),appendix (lumen),K38.8,0.9735113382339478,,,,,
74,3,淋巴管,lymphatic vessel,I89.0,0.9585374593734741,,,,,
74,4,由于乳房切除术引起的,due to mastectomy,I97.2,0.9778029918670654,,,,,
74,3,尿道(另见狭窄，尿道),"urethra (see also Stricture, urethra)",N35.9,0.9925665259361267,,,,,
74,3,器官或部位，先天性 NEC - 见 闭锁，按部位,"organ or site, congenital NEC - see Atresia, by site",,0.9545897245407104,,,,,
74,3,输卵管,fallopian tube,N97.1,0.986003041267395,,,,,
74,3,输尿管,ureter,N13.5,0.9500786066055298,,,,,
74,4,伴有感染,with infection,N13.6,0.9906297922134399,,,,,
74,3,胎盘血管,placental blood vessels,O43.8,0.9931110143661499,,,,,
74,3,眼前房,"eye, anterior chamber",H44.4,0.9926549196243286,,,,,
74,2,闭塞，闭合,"Occlusion, occluded",,0.9358729124069214,,,,,
74,3,鼻,nose,J34.8,0.959362268447876,,,,,
74,3,肠(另见梗阻，肠),"bowel, intestine (see also Obstruction, intestine)",K56.6,0.989238977432251,,,,,
74,4,肠系膜动脉,mesenteric artery,K55.0,0.9966829419136047,,,,,
74,3,处女膜,hymen,N89.6,0.9487269520759583,,,,,
74,4,先天性,congenital,Q52.3,0.965461254119873,,,,,
74,3,大脑(动脉)-见闭塞，动脉，大脑,"cerebral (artery) - see Occlusion, artery, cerebral",,0.9775409698486328,,,,,
74,3,胆囊，胆囊管(另见梗阻，胆囊),"gallbladder, cystic duct (see also Obstruction, gallbladder)",K82.0,0.9861068725585938,,,,,
74,4,先天性(引起黄疸),congenital (causing jaundice),Q44.1,0.9542070627212524,,,,,
74,3,胆总管(肝总管)(非结石性),bile duct (common) (hepatic) (noncalculous),K83.1,0.9742631316184998,,,,,
74,3,动脉-另见栓塞，动脉,"artery - see also Embolism, artery",,0.9862068295478821,,,,,
74,4,肠系膜,mesenteric,K55.0,0.9808332920074463,,,,,
74,4,穿孔,perforating,I66.8,0.9768230319023132,,,,,
74,5,伴有梗死(由于),with infarction (due to),I63.5,0.9451333284378052,,,,,
74,6,栓塞,embolism,I63.4,0.9889004230499268,,,,,
74,6,血栓形成,thrombosis,I63.3,0.9674676060676575,,,,,
74,4,大脑,cerebral,I66.9,0.9322841167449951,,,,,
74,5,前,anterior,I66.1,0.8695714473724365,,,,,
74,6,伴有梗死(由于),with infarction (due to),I63.5,0.9557758569717407,,,,,
74,7,栓塞,embolism,I63.4,0.9504424333572388,,,,,
74,7,血栓形成,thrombosis,I63.3,0.945080041885376,,,,,
74,5,中,middle,I66.0,0.9517003297805786,,,,,
74,6,伴有梗死(由于),with infarction (due to),I63.5,0.9746924638748169,,,,,
74,7,栓塞,embolism,I63.4,0.9801152348518372,,,,,
74,7,血栓形成,thrombosis,I63.3,0.9566117525100708,,,,,
75,5,后,posterior,I66.2,0.9057608842849731,,,,,
75,6,伴有梗死(由于),with infarction (due to),I63.5,0.9566279053688049,,,,,
75,7,栓塞,embolism,I63.4,0.9610235691070557,,,,,
75,7,血栓形成,thrombosis,I63.3,0.9447376132011414,,,,,
75,5,伴有梗死(由于),with infarction (due to),I63.5,0.963869035243988,,,,,
75,6,栓塞,embolism,I63.4,0.947085440158844,,,,,
75,6,血栓形成,thrombosis,I63.3,0.9416642785072327,,,,,
75,5,多发性或双侧,multiple or bilateral,I66.4,0.9596365094184875,,,,,
75,6,伴有梗死(由于),with infarction (due to),I63.5,0.9786048531532288,,,,,
75,7,栓塞,embolism,I63.4,0.9505770802497864,,,,,
75,7,血栓形成,thrombosis,I63.3,0.9804171323776245,,,,,
75,5,双侧,bilateral,I66.4,0.9734708070755005,,,,,
75,5,特指的 NEC,specified NEC,I66.8,0.9226301312446594,,,,,
75,6,伴有梗死(由于),with infarction (due to),I63.5,0.9341912865638733,,,,,
75,7,栓塞,embolism,I63.4,0.9778698682785034,,,,,
75,7,血栓形成,thrombosis,I63.3,0.9684475064277649,,,,,
75,4,腹,abdominal,I74.0,0.9463281631469727,,,,,
75,4,后交通支,communicating posterior,I66.8,0.9733197689056396,,,,,
75,4,基底(伴有),basilar (with),I65.1,0.9647856950759888,,,,,
75,5,梗死(由于),infarction (due to),I63.2,0.9545606374740601,,,,,
75,6,栓塞,embolism,I63.1,0.9548409581184387,,,,,
75,6,血栓形成,thrombosis,I63.0,0.9705763459205627,,,,,
75,5,其他入脑前动脉,other precerebral artery,I65.3,0.9530210494995117,,,,,
75,4,颈(伴有),carotid (with),I65.2,0.9519312381744385,,,,,
75,5,梗死(由于),infarction (due to),I63.2,0.9752355813980103,,,,,
75,6,栓塞,embolism,I63.1,0.949318528175354,,,,,
75,6,血栓形成,thrombosis,I63.0,0.9923014640808105,,,,,
75,5,其他入脑前动脉,other precerebral artery,I65.3,0.9747737646102905,,,,,
75,5,双侧,bilateral,I65.3,0.9615225195884705,,,,,
75,4,脉络膜(前),choroidal (anterior),I66.8,0.9701420664787292,,,,,
75,4,迷路,"auditory, internal",I65.8,0.9753788113594055,,,,,
75,4,脑,brain or cerebral,I66.9,0.9095504283905029,,,,,
75,5,伴有梗死(由于),with infarction (due to),I63.5,0.9645661115646362,,,,,
75,6,栓塞,embolism,I63.4,0.9269306063652039,,,,,
75,6,血栓形成,thrombosis,I63.3,0.9575326442718506,,,,,
75,4,脑桥,pontine,I66.8,0.9143693447113037,,,,,
75,4,入脑前,precerebral,I65.9,0.9259004592895508,,,,,
75,5,伴有梗死(由于),with infarction (due to),I63.2,0.9570185542106628,,,,,
75,6,栓塞,embolism,I63.1,0.952739953994751,,,,,
75,6,血栓形成,thrombosis,I63.0,0.958875298500061,,,,,
76,5,产褥期、产后、分娩,"puerperal, postpartum, childbirth",O88.2,0.9394063949584961,,,,,
76,6,栓子,embolic,O88.2,0.9322437644004822,,,,,
76,5,多发性或双侧,multiple or bilateral,I65.3,0.9566795825958252,,,,,
76,6,伴有梗死(由于),with infarction (due to),I63.2,0.9579623341560364,,,,,
76,7,栓塞,embolism,I63.1,0.9642356634140015,,,,,
76,7,血栓形成,thrombosis,I63.0,0.9395098090171814,,,,,
76,5,特指的 NEC,specified NEC,I65.8,0.9186240434646606,,,,,
76,6,伴有梗死(由于),with infarction (due to),I63.2,0.9752371311187744,,,,,
76,7,栓塞,embolism,I63.1,0.9661763310432434,,,,,
76,7,血栓形成,thrombosis,I63.0,0.9327592849731445,,,,,
76,4,肾,renal,N28.0,0.9867991209030151,,,,,
76,4,视网膜(分枝)(部分性),retinal (branch) (partial),H34.2,0.9690088033676147,,,,,
76,5,短暂性,transient,H34.0,0.9921809434890747,,,,,
76,5,特指的NEC,specified NEC,H34.2,0.9740317463874817,,,,,
76,5,中央,central,H34.1,0.9140464663505554,,,,,
76,4,小脑(前下)(后下)(上),cerebellar (anterior inferior) (posterior inferior) (superior),I66.3,0.9446287155151367,,,,,
76,5,伴有梗死(由于),with infarction (due to),I63.5,0.9530380964279175,,,,,
76,6,栓塞,embolism,I63.4,0.9260991811752319,,,,,
76,6,血栓形成,thrombosis,I63.3,0.9738416075706482,,,,,
76,4,周围,peripheral,I77.9,0.917349100112915,,,,,
76,5,血栓形成性或栓子,thrombotic or embolic,I74.4,0.9830930829048157,,,,,
76,4,椎,vertebral,I65.0,0.8783074617385864,,,,,
76,5,伴有,with,,0.7985130548477173,,,,,
76,6,梗死(由于),infarction (due to),I63.2,0.9385888576507568,,,,,
76,7,栓塞,embolism,I63.1,0.9444656372070312,,,,,
76,7,血栓形成,thrombosis,I63.0,0.9821462035179138,,,,,
76,6,其他入脑前动脉,other precerebral artery,I65.3,0.9272456765174866,,,,,
76,5,双侧,bilateral,I65.3,0.9749650955200195,,,,,
76,3,肺,lung,J98.4,0.9807601571083069,,,,,
76,3,肛门,anus,K62.4,0.9993730783462524,,,,,
76,4,先天性,congenital,Q42.3,0.930727481842041,,,,,
76,5,伴有瘘,with fistula,Q42.2,0.9633877277374268,,,,,
76,3,宫颈，宫颈管(另见狭窄，宫颈),"cervix, cervical canal (uteri) (see also Stricture, cervix)",N88.2,0.9899125099182129,,,,,
76,3,冠状(动脉)(另见梗死，心肌),"coronary (artery) (see also Infarct, myocardium)",I21.9,0.9600421786308289,,,,,
76,4,未造成梗死,not resulting in infarction,I24.0,0.9896204471588135,,,,,
76,3,基底动脉-见闭塞，动脉，基底,"basilar artery - see Occlusion, artery, basilar",,0.9806737899780273,,,,,
76,3,结肠(另见梗阻，肠),"colon (see also Obstruction, intestine)",K56.6,0.9755802154541016,,,,,
76,3,颈(总)(内)动脉-见闭塞，动脉，颈,"carotid (artery) (common) (internal) - see Occlusion,artery, carotid",,0.9522511959075928,,,,,
77,3,静脉-见血栓形成,vein - see Thrombosis,,0.9672841429710388,,,,,
77,3,泪道,lacrimal passages,H04.5,0.9988225102424622,,,,,
77,3,泪点,punctum lacrimale,H04.5,0.9956929087638855,,,,,
77,3,淋巴管或淋巴道,lymph or lymphatic channel,I89.0,0.9875361919403076,,,,,
77,3,脑室 NEC,ventricle (brain) NEC,G91.1,0.9565448760986328,,,,,
77,3,脑血管(另见闭塞，动脉，大脑),"cerebrovascular (see also Occlusion, artery, cerebral)",I66.9,0.9731745719909668,,,,,
77,4,伴有梗死,with infarction,I63.5,0.9031757712364197,,,,,
77,4,弥漫性(不伴有梗死),diffuse (without infarction),I66.9,0.9617075324058533,,,,,
77,3,尿道(另见狭窄，尿道),"urethra (see also Stricture, urethra)",N35.9,0.9834356307983398,,,,,
77,4,先天性,congenital,Q64.3,0.9356812238693237,,,,,
77,3,器官或部位，先天性NEC-见闭锁，按部位,"organ or site, congenital NEC - see Atresia, by site",,0.9811936020851135,,,,,
77,3,腔静脉,vena cava,I82.2,0.9845624566078186,,,,,
77,3,乳腺管,mammary duct,N64.8,0.9803453683853149,,,,,
77,3,入脑前动脉-见闭塞，动脉，入脑前,"precerebral artery - see Occlusion, artery, precerebral",,0.9965269565582275,,,,,
77,3,肾动脉,renal artery,N28.0,0.943676769733429,,,,,
77,3,视网膜,retinal,,0.9288838505744934,,,,,
77,4,动脉(另见闭塞，动脉，视网膜),"artery (see also Occlusion, artery, retinal)",H34.2,0.9859130382537842,,,,,
77,4,静脉(中心性)(初期)(部分性)(分枝性),vein (central) (incipient) (partial) (tributary),H34.8,0.9758967161178589,,,,,
77,4,血管,vessels,H34.9,0.9626564383506775,,,,,
77,5,特指的NEC,specified NEC,H34.8,0.9731858372688293,,,,,
77,3,输卵管,"fallopian tube, oviduct, tubal",N97.1,0.9909591674804688,,,,,
77,4,先天性,congenital,Q50.6,0.9240530133247375,,,,,
77,3,输尿管(完全性)(部分性),ureter (complete) (partial),N13.5,0.9850236177444458,,,,,
77,4,先天性,congenital,Q62.1,0.9772390127182007,,,,,
77,3,输尿管膀胱口,ureterovesical orifice,N13.5,0.9823393225669861,,,,,
77,4,先天性,congenital,Q62.1,0.9302666187286377,,,,,
77,3,输尿管肾盂连接处,ureteropelvic junction,N13.5,0.9734371304512024,,,,,
77,4,先天性,congenital,Q62.1,0.9808380007743835,,,,,
77,3,栓子-见栓塞,embolic - see Embolism,,0.968238890171051,,,,,
77,3,瞳孔,pupil,H21.4,0.9735506176948547,,,,,
77,3,外阴,vulva,N90.5,0.9597867131233215,,,,,
77,3,西尔维于斯导水管,aqueduct of Sylvius,G91.1,0.990756094455719,,,,,
77,4,先天性,congenital,Q03.0,0.9792016744613647,,,,,
77,5,伴有脊柱裂(另见脊柱裂，伴有脑积水),"with spina bifida (see also Spina bifida, with hydrocephalus)",Q05.4,0.9525719285011292,,,,,
77,3,小脑(动脉)-见闭塞，动脉，小脑,"cerebellar (artery) - see Occlusion, artery, cerebellar",,0.9760115742683411,,,,,
77,3,胸导管,thoracic duct,I89.0,0.958082914352417,,,,,
77,3,血管NEC,"vascular, vessel (blood) NEC",I99,0.9488947987556458,,,,,
77,3,阴道,vagina,N89.5,0.9391067028045654,,,,,
77,3,幽门，成人(另见狭窄，幽门),"pylorus, adult ( see also Stricture, pylorus)",K31.1,0.9774429202079773,,,,,
77,3,椎(动脉)-见闭塞，动脉，椎,"vertebral (artery) - see Occlusion, artery, vertebral",,0.9832861423492432,,,,,
77,3,子宫,uterus,N85.8,0.9759925007820129,,,,,
78,2,闭锁,"Atresia, atretic",,0.9964244365692139,,,,,
78,3,二尖瓣,mitral valve,Q23.2,0.9752579927444458,,,,,
78,4,见于左心发育不全综合征,in hypoplastic left heart syndrome,Q23.4,0.987670361995697,,,,,
78,3,三尖瓣,tricuspid valve,Q22.4,0.9991333484649658,,,,,
78,3,鼻，鼻孔,"nose, nostril",Q30.0,0.9902372360229492,,,,,
78,3,鼻后孔,choana,Q30.0,0.9695156216621399,,,,,
78,3,鼻孔(前)(后),nares (anterior) (posterior),Q30.0,0.9794386625289917,,,,,
78,3,鼻咽,nasopharynx,Q34.8,0.9756354093551636,,,,,
78,4,后天性,acquired,J34.8,0.9770734906196594,,,,,
78,3,肠(小),intestine (small),Q41.9,0.9672442674636841,,,,,
78,4,大,large,Q42.9,0.8560630083084106,,,,,
78,5,特指的NEC,specified NEC,Q42.8,0.9499469995498657,,,,,
78,3,处女膜,hymen,Q52.3,0.9734297394752502,,,,,
78,4,后天性(感染后),acquired (postinfective),N89.6,0.9799816012382507,,,,,
78,3,胆(总)管(先天性)(肝),bile duct (common) (congenital) (hepatic),Q44.2,0.9831742644309998,,,,,
78,4,后天性(另见梗阻，胆管),"acquired (see also Obstruction, bile duct)",K83.1,0.977012038230896,,,,,
78,3,胆囊,gallbladder,Q44.1,0.9826085567474365,,,,,
78,3,胆囊管,cystic duct,Q44.2,0.951352596282959,,,,,
78,4,后天性(另见梗阻，胆囊),"acquired (see also Obstruction, gallbladder)",K82.0,0.9764510989189148,,,,,
78,3,胆总管,common duct,Q44.2,0.9753709435462952,,,,,
78,3,动脉 NEC,artery NEC,Q27.8,0.9603176712989807,,,,,
78,4,大脑,cerebral,Q28.3,0.9125859141349792,,,,,
78,4,肺,pulmonary,Q25.5,0.9563298225402832,,,,,
78,4,冠状动脉,coronary,Q24.5,0.9679552912712097,,,,,
78,4,脐,umbilical,Q27.0,0.9647995233535767,,,,,
78,4,眼,eye,Q15.8,0.967788815498352,,,,,
78,3,耳道(外),"auditory canal, ear canal (external)",Q16.1,0.9790180921554565,,,,,
78,3,肺(动脉),pulmonary (artery),Q25.5,0.9599443674087524,,,,,
78,4,瓣膜,valve,Q22.0,0.9632552266120911,,,,,
78,3,肛门，肛(管),"ani, anus, anal (canal)",Q42.3,0.9752041101455688,,,,,
78,4,伴有瘘,with fistula,Q42.2,0.9590873718261719,,,,,
78,3,宫颈(后天性),cervix (acquired),N88.2,0.9946303963661194,,,,,
78,4,先天性,congenital,Q51.8,0.9301562309265137,,,,,
78,4,在妊娠或分娩中,in pregnancy or childbirth,O34.4,0.9631495475769043,,,,,
78,5,引起梗阻性分娩,causing obstructed labor,O65.5,0.9707844853401184,,,,,
78,6,影响到胎儿或新生儿,affecting fetus or newborn,P03.1,0.9371389150619507,,,,,
78,3,骨道(耳),osseous meatus (ear),Q16.1,0.9778028130531311,,,,,
78,3,虹膜，滤角,"iris, filtration angle",Q15.0,0.9906445145606995,,,,,
78,3,喉,larynx,Q31.8,0.9599883556365967,,,,,
78,3,回肠,ileum,Q41.2,0.9552696347236633,,,,,
78,3,结肠,colon,Q42.9,0.9745845198631287,,,,,
78,4,特指的NEC,specified NEC,Q42.8,0.9648383855819702,,,,,
79,4,大,great,Q26.8,0.868853747844696,,,,,
79,3,肺,pulmonary,Q26.3,0.9172160029411316,,,,,
79,4,门,portal,Q26.5,0.9345707893371582,,,,,
79,3,空肠,jejunum,Q41.1,0.9918431043624878,,,,,
79,3,孔,foramen of,,0.9210063219070435,,,,,
79,4,第四脑室外侧,Luschka,Q03.1,0.9776318669319153,,,,,
79,5,伴有脊柱裂(另见脊柱裂，伴有脑积水).,"with spina bifida (see also Spina bifida, with hydrocephalu)",Q05.4,0.9945976734161377,,,,,
79,4,第四脑室正中,Magendie,Q03.1,0.960460364818573,,,,,
79,5,伴有脊柱裂(另见脊柱裂，伴有脑积水).,"with spina bifida (see also Spina bifida, with hydrocephalus)",Q05.4,0.9851754903793335,,,,,
79,3,泪器,lacrimal apparatus,Q10.4,0.9751216173171997,,,,,
79,3,盲肠,cecum,Q42.8,0.9559515118598938,,,,,
79,3,泌尿道NEC,urinary tract NEC,Q64.8,0.996096134185791,,,,,
79,3,尿道(瓣)，尿道口,"urethra, meatus urinarius (valvular)",Q64.3,0.9841127395629883,,,,,
79,3,膀胱(颈),bladder (neck),Q64.3,0.9737265706062317,,,,,
79,3,膀胱尿道口,vesicourethral orifice,Q64.3,0.9594053626060486,,,,,
79,3,气管,trachea,Q32.1,0.9590468406677246,,,,,
79,3,器官或部位NEC,organ or site NEC,Q89.8,0.9899824261665344,,,,,
79,3,腔静脉(下)(上),vena cava (inferior) (superior),Q26.8,0.9704084992408752,,,,,
79,3,腮管,parotid duct,Q38.4,0.9989340901374817,,,,,
79,4,后天性,acquired,K11.8,0.9704769253730774,,,,,
79,3,舌下腺,sublingual duct,Q38.4,0.9984582662582397,,,,,
79,4,后天性,acquired,K11.8,0.9804179072380066,,,,,
79,3,射精管,ejaculatory duct,Q55.4,0.9934098720550537,,,,,
79,3,生殖器官,genital organ,,0.9649192690849304,,,,,
79,4,内,internal,,0.7537955641746521,,,,,
79,5,男性,male,Q55.8,0.9038446545600891,,,,,
79,5,女性,female,Q52.8,0.9588268995285034,,,,,
79,4,外,external,,0.6652538776397705,,,,,
79,5,男性,male,Q55.8,0.9520871043205261,,,,,
79,5,女性,female,Q52.7,0.8846918344497681,,,,,
79,3,十二指肠,duodenum,Q41.0,0.993039071559906,,,,,
79,3,食管,"esophagus, gullet, oesophagus",Q39.0,0.9959098100662231,,,,,
79,4,伴有气管食管瘘,with tracheoesophageal fistula,Q39.1,0.9817513823509216,,,,,
79,3,输精管,vas deferens,Q55.3,0.9665462374687195,,,,,
79,3,输卵管(先天性),"fallopian tube, oviduct (congenital)",Q50.6,0.997678816318512,,,,,
79,4,后天性,acquired,N97.1,0.9813098907470703,,,,,
79,3,输尿管,ureter,Q62.1,0.9813538193702698,,,,,
79,3,输尿管膀胱口,ureterovesical orifice,Q62.1,0.9983291625976562,,,,,
79,3,输尿管肾盂连接,ureteropelvic junction,Q62.1,0.9876471757888794,,,,,
79,3,瞳孔,pupil,Q13.2,0.972194254398346,,,,,
80,3,外阴,vulva,Q52.7,0.9918093085289001,,,,,
80,4,后天性,acquired,N90.5,0.951232373714447,,,,,
80,3,西尔维于斯导水管,aqueduct of Sylvius,Q03.0,0.9956679940223694,,,,,
80,4,伴有脊柱裂(另见脊柱裂，伴有脑积水),"with spina bifida (see also Spina bifida, with hydrocephalus)",Q05.4,0.9666117429733276,,,,,
80,3,下颌下腺,submandibular duct,Q38.4,0.9859192371368408,,,,,
80,4,后天性,acquired,K11.8,0.9675458669662476,,,,,
80,3,涎腺管,salivary duct,Q38.4,0.9670124053955078,,,,,
80,4,后天性,acquired,K11.8,0.947650671005249,,,,,
80,3,消化器官或消化道NEC,"alimentary organ or tract, digestive organs NEC",Q45.8,0.9786518812179565,,,,,
80,4,上,upper,Q40.8,0.8990740776062012,,,,,
80,3,心脏瓣膜NEC,heart valve NEC,Q24.8,0.9725995063781738,,,,,
80,4,三尖瓣,tricuspid,Q22.4,0.953838050365448,,,,,
80,4,肺,pulmonary,Q22.0,0.9233511090278625,,,,,
80,3,血管NEC,vascular NEC,Q27.8,0.9475522041320801,,,,,
80,4,大脑,cerebral,Q28.3,0.9321817755699158,,,,,
80,3,咽鼓管,eustachian tube,Q17.8,0.9916641712188721,,,,,
80,3,阴道(先天性),vagina (congenital),Q52.4,0.9911419153213501,,,,,
80,4,后天性(感染后)(老年性),acquired (postinfectional) (senile),N89.5,0.9742097854614258,,,,,
80,3,支气管,bronchus,Q32.4,0.9827605485916138,,,,,
80,3,直肠,rectum,Q42.1,0.9775522947311401,,,,,
80,4,伴有瘘,with fistula,Q42.0,0.9740633964538574,,,,,
80,3,主动脉(弓)(环),aorta (arch) (ring),Q25.2,0.9867027401924133,,,,,
80,3,主动脉(口)(瓣膜),aortic (orifice) (valve),Q23.0,0.9726385474205017,,,,,
80,4,弓,arch,Q25.2,0.9612417221069336,,,,,
80,4,见于左心发育不全综合征,in hypoplastic left heart syndrome,Q23.4,0.9824144840240479,,,,,
80,4,先天性伴有升主动脉发育不全和左心室发育不全(伴有二尖瓣狭窄),congenital with hypoplasia of ascending aorta and defective development of left ventricle (with mitral stenosis),Q23.4,0.957190752029419,,,,,
80,3,子宫,uterus,Q51.8,0.9571881890296936,,,,,
80,4,后天性,acquired,N85.8,0.9421281218528748,,,,,
80,2,闭锁，瞳孔,"Seclusion, pupil",H21.4,0.9985572695732117,,,,,
80,2,闭锁不全-现译名关闭不全,Insufficiency,,0.999842643737793,,,,,
80,1,bì 秘,,,0.8871486186981201,,,,,
80,2,秘鲁疣,"Verruga peruana, peruviana",A44.1,0.9974851012229919,,,,,
80,1,bì 蓖,,,0.876675546169281,,,,,
80,2,蓖麻子中毒,Ricinism,T62.2,0.998501181602478,,,,,
81,1,bì 壁,,,,,,,,
81,2,壁的 - 见情况,Mural - see condition,,0.9728236794471741,,,,,
81,1,bì 避,,,0.9321157932281494,,,,,
81,2,避孕(用具),"Contraception, contraceptive",,0.9992745518684387,,,,,
81,3,处方,prescription,Z30.0,0.9655802249908447,,,,,
81,4,再次,repeat,Z30.4,0.9658820033073425,,,,,
81,3,管理,management,Z30.9,0.9410108923912048,,,,,
81,4,特指的NEC,specified NEC,Z30.8,0.9808443784713745,,,,,
81,3,监督(药),surveillance (drug),Z30.4,0.9731645584106445,,,,,
81,4,装置(子宫内),device (intrauterine),Z30.5,0.9756099581718445,,,,,
81,3,维持性(药),maintenance (drug),Z30.4,0.9609677791595459,,,,,
81,4,检查,examination,Z30.4,0.8956311345100403,,,,,
81,4,装置(子宫内),device (intrauterine),Z30.5,0.9669603109359741,,,,,
81,3,指导,advice,Z30.0,0.9811570644378662,,,,,
81,3,装置(子宫内)(原位),device (intrauterine) (in situ),Z97.5,0.9716033935546875,,,,,
81,4,并发症，机械性,"complications, mechanical",T83.3,0.9799909591674805,,,,,
81,4,重新放置,reinsertion,Z30.5,0.9477329254150391,,,,,
81,4,放置,insertion,Z30.1,0.9319717884063721,,,,,
81,4,检查,checking,Z30.5,0.9415204524993896,,,,,
81,4,取出,removal,Z30.5,0.9381490349769592,,,,,
81,4,引起月经过多,causing menorrhagia,T83.8,0.9883483648300171,,,,,
81,4,在适当的位置,in place,Z97.5,0.9660674333572388,,,,,
81,3,咨询,ounseling,Z30.0,0.9100896120071411,,,,,
81,2,避孕药的(初次)处方,Prescription of contraceptives (initial),Z30.0,0.996176540851593,,,,,
81,3,再次,repeat,Z30.4,0.9862163066864014,,,,,
81,1,bì 臂,,,0.8802423477172852,,,,,
81,2,臂的 - 见情况,"Arm, Brachial - see condition",,0.9665599465370178,,,,,
81,1,biān 边,,,0.9645666480064392,,,,,
81,2,边缘性癫疯性人格综合征,Limbic epilepsy personality syndrome,F07.0,0.9670710563659668,,,,,
81,2,边缘植入，胎盘-见胎盘，前置,"Marginal implantation, placenta - see Placenta, previa",,0.9964523315429688,,,,,
81,1,biān 鞭,,,0.9309657216072083,,,,,
81,2,鞭虫(病)(感染)(侵染),Whipworm (disease) (infection) (infestation),B79,0.9759743809700012,,,,,
81,2,鞭虫病,"Trichocephaliasis, Trichocephalosis, Trichuriasis",B79,0.9999678730964661,,,,,
81,2,鞭虫侵染,Trichocephalus infestation,B79,0.9684454202651978,,,,,
82,1,biǎn 扁,,,,,,,,
82,2,扁骨盆,Platypelloid pelvis,M95.5,0.9991142749786377,,,,,
82,3,伴有胎盆不称,with disproportion (fetopelvic),O33.0,0.995764970779419,,,,,
82,4,引起梗阻性分娩,causing obstructed labor,O65.0,0.9804523587226868,,,,,
82,4,影响到胎儿或新生儿,affecting fetus or newborn,P03.1,0.948657214641571,,,,,
82,3,先天性,congenital,Q74.2,0.9588755369186401,,,,,
82,2,扁后脑,"Impression, basilar",Q75.8,0.9996691942214966,,,,,
82,2,扁颅底,Platybasia,Q75.8,0.9994041323661804,,,,,
82,2,扁平-另见异常，按部位,"Flat - see also Anomaly, by site",,0.9969949126243591,,,,,
82,3,房(眼),chamber (eye),H44.4,0.9750919342041016,,,,,
82,3,骨盆,pelvis,M95.5,0.993987500667572,,,,,
82,4,伴有胎盆不称,with disproportion (fetopelvic),O33.0,0.9510959982872009,,,,,
82,5,引起梗阻性分娩,causing obstructed labor,O65.0,0.9547926783561707,,,,,
82,5,影响到胎儿或新生儿.,affecting fetus or newborn,P03.1,0.9884187579154968,,,,,
82,4,先天性,congenital,Q74.2,0.9810061454772949,,,,,
82,3,胸，先天性,"chest, congenital",Q67.8,0.9748067259788513,,,,,
82,3,足(后天性)(固定型)(疼痛)(姿势),foot (acquired) (fixed type) (painful) (postural),M21.4,0.9886287450790405,,,,,
82,4,佝偻病性(晚期效应),rachitic (late effect),E64.3,0.971435010433197,,,,,
82,4,僵硬,rigid,Q66.5,0.9325774312019348,,,,,
82,4,痉挛性(外翻),spastic (everted),Q66.5,0.9879586100578308,,,,,
82,4,先天性,congenital,Q66.5,0.9455986022949219,,,,,
82,2,扁平指[趾]甲(先天性),Platyonychia (congenital),Q84.6,0.9994692206382751,,,,,
82,3,后天性,acquired,L60.8,0.9939948320388794,,,,,
82,2,扁桃体襞,"Plica, tonsil",J35.8,0.9890928864479065,,,,,
82,2,扁桃体的 - 见情况,Tonsil - see condition,,0.9181262254714966,,,,,
82,2,扁桃体结石,Amygdalolith,J35.8,0.9999407529830933,,,,,
82,2,扁桃体咽炎,Tonsillopharyngitis,J06.8,0.9996646642684937,,,,,
82,2,扁桃体炎(急性)(滤泡性)(坏疽性)(感染性)(舌的)(脓毒性)(亚急性)(溃疡性),"Amygdalitis, Tonsillitis (acute) (follicular) (gangrenous) (infective) (lingual) (septic) (subacute) (ulcerative)",J03.9,0.9580559730529785,,,,,
82,3,慢性,chronic,J35.0,0.9877475500106812,,,,,
82,3,白喉性,diphtheritic,A36.0,0.9949226379394531,,,,,
82,3,樊尚,Vincent's,A69.1,0.9644687175750732,,,,,
82,3,肥大性,hypertrophic,J35.0,0.9966865181922913,,,,,
82,3,结核性,tuberculous,A16.8,0.9639928340911865,,,,,
82,4,伴有细菌学和组织学证实,with bacteriological and histological confirmation,A15.8,0.9921147227287292,,,,,
82,3,链球菌性,streptococcal,J03.0,0.9904085397720337,,,,,
82,3,葡萄球菌性,staphylococcal,J03.8,0.9729228019714355,,,,,
82,3,实质性,parenchymatous,J03.9,0.998167872428894,,,,,
82,3,特指的病原体NEC,specified organism NEC,J03.8,0.9964638948440552,,,,,
82,2,扁桃体周的 - 见情况,Peritonsillar - see condition,,0.958526611328125,,,,,
83,2,扁桃体周炎,Peritonsillitis,J36,0.9984292387962341,,,,,
83,2,扁椎骨,Platyspondylisis,Q76.4,0.9984973669052124,,,,,
83,1,biàn 变,,,0.9721732139587402,,,,,
83,2,变长，腿,"Lengthening, leg",M21.7,0.9519037008285522,,,,,
83,2,变平,Flattening,,0.9818903207778931,,,,,
83,3,鼻(先天性),nose (congenital),Q67.4,0.9712502360343933,,,,,
83,3,股骨头,"head, femur",M89.8,0.9575793147087097,,,,,
83,3,髋,hip,M91.2,0.9445303082466125,,,,,
83,2,变色，甲,"Discoloration, nails",L60.8,0.9979609251022339,,,,,
83,2,变色性皮癣[花斑癣],Chromophytosis,B36.0,0.9978471398353577,,,,,
83,2,变兽妄想,Lycanthropy,F22.8,0.9896944761276245,,,,,
83,2,变态反应，变应性(反应),"Allergy, allergic (reaction)",T78.4,0.985596239566803,,,,,
83,3,鼻的，由于季节性花粉,"nasal, seasonal due to pollen",J30.1,0.9986795783042908,,,,,
83,3,表皮性(动物)(鼻炎),epidermal (animal) (rhinitis),J30.3,0.9865602850914001,,,,,
83,3,草(花粉症)(花粉),grass (hay fever) (pollen),J30.1,0.9946557283401489,,,,,
83,4,哮喘,asthma,J45.0,0.9498957395553589,,,,,
83,3,动物性(皮屑)(表皮)(毛发)(鼻炎),animal (dander) (epidermal) (hair) (rhinitis),J30.3,0.9744657278060913,,,,,
83,3,花粉(任何)(花粉症),pollen (any) (hay fever),J30.1,0.9784097075462341,,,,,
83,4,哮喘,asthma,J45.0,0.9569514393806458,,,,,
83,3,灰尘(房屋)(仓库)(鼻炎),dust (house) (stock) (rhinitis),J30.3,0.9786635637283325,,,,,
83,4,伴有哮喘,with asthma,J45.0,0.9829455018043518,,,,,
83,3,结肠炎,colitis,K52.2,0.9423173666000366,,,,,
83,3,菌苗-见变态反应，血清,"vaccine - see Allergy, serum",,0.9686196446418762,,,,,
83,3,空气传播的物质 NEC(鼻炎),airborne substance NEC (rhinitis),J30.3,0.9763375520706177,,,,,
83,3,马血清-见变态反应，血清,"horse serum - see Allergy, serum",,0.9691028594970703,,,,,
83,3,毛发(动物)(鼻炎),hair (animal) (rhinitis),J30.3,0.9778682589530945,,,,,
83,3,玫瑰(花粉),rose (pollen),J30.1,0.9817072749137878,,,,,
83,3,美狗舌草(花粉),Senecio jacobae (pollen),J30.1,0.9903762936592102,,,,,
83,3,木棉花(鼻炎),kapok (rhinitis),J30.3,0.9921225309371948,,,,,
83,3,皮屑(动物)(鼻炎),dander (animal) (rhinitis),J30.3,0.9831022620201111,,,,,
83,3,皮炎(另见 皮炎，由于),"dermatitis (see also Dermatitis, due to)",L23.9,0.9712765216827393,,,,,
83,3,上呼吸道,upper respiratory,J30.4,0.9907980561256409,,,,,
83,3,生物学的-见变态反应，药物、药剂和生物学的,"biological - see Allergy, drug, medicament and biological",,0.9968627095222473,,,,,
83,3,湿疹(另见皮炎，由于),"eczema (see also Dermatitis, due to)",L23.9,0.9910025000572205,,,,,
83,3,食物(任何)(内服的)NEC,food (any) (ingested) NEC,T78.1,0.9720157384872437,,,,,
83,4,过敏性休克,anaphylactic shock,T78.0,0.9693530201911926,,,,,
83,4,接触皮肤,in contact with skin,L23.6,0.958560049533844,,,,,
83,4,饮食咨询和监督,dietary counseling and surveillance,Z71.3,0.9601434469223022,,,,,
83,3,树(任何)(花粉症)(花粉),tree (any) (hay fever) (pollen),J30.1,0.9658516645431519,,,,,
83,4,哮喘,asthma,J45.0,0.9758374094963074,,,,,
84,3,头皮屑(鼻炎),dandruff (rhinitis),J30.3,0.9762582182884216,,,,,
84,3,豚草(花粉症)(花粉),ragweed (hay fever) (pollen),J30.1,0.98481684923172,,,,,
84,4,哮喘,asthma,J45.0,0.9610293507575989,,,,,
84,3,胃肠,gastrointestinal,K52.2,0.981214165687561,,,,,
84,3,吸入剂(鼻炎),inhalant (rhinitis),J30.3,0.9855937957763672,,,,,
84,3,休克(过敏性),shock (anaphylactic),T78.2,0.9782107472419739,,,,,
84,4,由于,due to,,0.8277767896652222,,,,,
84,5,适当应用正确药物的有害效应,adverse effect of correct medicinal substance properly administered,T88.6,0.9743644595146179,,,,,
84,5,血清或免疫接种,serum or immunization,T80.5,0.9854061007499695,,,,,
84,3,血清(预防性)(治疗性),serum (prophylactic) (therapeutic),T80.6,0.9852231740951538,,,,,
84,4,过敏性休克,anaphylactic shock,T80.5,0.9926112294197083,,,,,
84,3,药物、药剂和生物学的(任何)(适当应用正确药物)(外用)(内用),"drug, medicament and biological (any) (correct medicinal substance properly administered) (external) (internal)",T88.7,0.977975070476532,,,,,
84,4,给错或服错药物NEC,wrong substance given or taken NEC,T50.9,0.9782589673995972,,,,,
84,5,特指的药物或物质-见药物和化学制剂表,specified drug or substance - see Table of drugs and chemicals,,0.9716460108757019,,,,,
84,3,医疗的-见变态反应，药物、药剂和生物学,"medicine - see Allergy, drug, medicament and biological",,0.9852475523948669,,,,,
84,3,羽毛(鼻炎),feathers (rhinitis),J30.3,0.9966579675674438,,,,,
84,2,变形，扭转(先天性),Distortion (congenital),,0.99210524559021,,,,,
84,3,鼻,nose,Q30.8,0.9015324115753174,,,,,
84,3,臂NEC,arm NEC,Q68.8,0.9621843099594116,,,,,
84,3,髌骨,patella,Q68.2,0.9733869433403015,,,,,
84,3,尺骨NEC,ulna NEC,Q68.8,0.9687001705169678,,,,,
84,3,处女膜,hymen,Q52.4,0.9596307277679443,,,,,
84,3,胆管或胆道,bile duct or passage,Q44.5,0.9894962906837463,,,,,
84,3,胆囊管,cystic duct,Q44.5,0.9911184310913086,,,,,
84,3,胆总管,common duct,Q44.5,0.9960858225822449,,,,,
84,3,骶骨,sacrum,Q76.4,0.9859253168106079,,,,,
84,3,骶髂关节,sacroiliac joint,Q74.2,0.9792307615280151,,,,,
84,3,耳(廓)(外),ear (auricle) (external),Q17.3,0.9522750377655029,,,,,
84,4,内,inner,Q16.5,0.9094273447990417,,,,,
84,4,听小骨,ossicles,Q16.3,0.9667686223983765,,,,,
84,3,腓骨 NEC,fibula NEC,Q68.8,0.95124351978302,,,,,
84,3,肝,liver,Q44.7,0.9385011196136475,,,,,
84,3,肝管,hepatic duct,Q44.5,0.9652479290962219,,,,,
84,3,宫颈,cervix (uteri),Q51.9,0.9780811071395874,,,,,
84,3,肱骨 NEC,humerus NEC,Q68.8,0.9497255682945251,,,,,
84,3,股骨 NEC,femur NEC,Q68.8,0.9439464211463928,,,,,
84,3,脊髓,spinal cord,Q06.8,0.9924425482749939,,,,,
84,3,脊柱，脊椎,"spine, vertebra",Q76.4,0.9569112658500671,,,,,
84,3,肩带骨[上肢带骨],shoulder girdle,Q74.0,0.9961793422698975,,,,,
85,3,脚趾,toe(s),Q66.9,0.9851120114326477,,,,,
85,3,晶状体,lens,Q12.8,0.9576532244682312,,,,,
85,3,胫骨NEC,tibia NEC,Q68.8,0.9510398507118225,,,,,
85,3,颅骨NEC,skull bone(s) NEC,Q75.8,0.994232177734375,,,,,
85,4,伴有,with,,0.8158278465270996,,,,,
85,5,脑积水,hydrocephalus,Q03.9,0.9352319240570068,,,,,
85,6,伴有脊柱裂(另见脊柱裂，伴有脑积水),"with spina bifida (see also Spina bifida, with hydrocephalus)",Q05.4,0.9656156301498413,,,,,
85,5,脑膨出(另见脑膨出),encephalocele (see also Encephalocele),Q01.9,0.9642630219459534,,,,,
85,5,小头畸形,microcephaly,Q02,0.975161612033844,,,,,
85,3,面骨 NEC,face bone(s) NEC,Q75.8,0.9638723134994507,,,,,
85,3,脑,brain,Q04.9,0.9468328356742859,,,,,
85,3,脑回,gyri,Q04.8,0.9811761379241943,,,,,
85,3,尿道,urethra,Q64.7,0.9780443906784058,,,,,
85,4,引起梗阻,causing obstruction,Q64.3,0.968784749507904,,,,,
85,3,膀胱,bladder,Q64.7,0.9767457246780396,,,,,
85,3,脾,spleen,Q89.0,0.9429755806922913,,,,,
85,3,气管(软骨),trachea (cartilage),Q32.1,0.9739769697189331,,,,,
85,3,器官,organ,,0.9627947211265564,,,,,
85,4,或部位未列出-见异常，按部位,"or site not listed - see Anomaly, by site",,0.9667521715164185,,,,,
85,4,科尔蒂[螺旋器],of Corti,Q16.5,0.9511394500732422,,,,,
85,3,桡骨NEC,radius NEC,Q68.8,0.9405577182769775,,,,,
85,3,舌,tongue,Q38.3,0.9758946299552917,,,,,
85,3,神经,nerve,Q07.8,0.9848463535308838,,,,,
85,3,手骨,hand bone(s),Q68.1,0.9624220132827759,,,,,
85,3,手指,finger(s),Q68.1,0.977147102355957,,,,,
85,3,输卵管,"fallopian tube, oviduct",Q50.6,0.9951015114784241,,,,,
85,3,输尿管,ureter,Q62.8,0.9677810668945312,,,,,
85,3,锁骨,clavicle,Q74.0,0.9689623117446899,,,,,
85,3,腿 NEC,leg NEC,Q68.8,0.9546709656715393,,,,,
85,3,外阴,vulva,Q52.7,0.9461372494697571,,,,,
85,3,腕(骨)(关节),wrist (bones) (joint),Q68.8,0.9731443524360657,,,,,
85,3,尾骨,coccyx,Q76.4,0.9582436680793762,,,,,
85,3,膝(关节),knee (joint),Q68.2,0.9966440796852112,,,,,
85,3,心(房)(心室),heart (auricle) (ventricle),Q24.8,0.9696813225746155,,,,,
85,4,瓣膜(尖),valve (cusp),Q24.8,0.9446139931678772,,,,,
85,3,胸(壁),"chest, thorax (wall)",Q67.8,0.9673905968666077,,,,,
85,4,骨性,bony,Q76.8,0.9281145930290222,,,,,
85,3,胸骨NEC,sternum NEC,Q76.7,0.9960192441940308,,,,,
85,4,骨性,bones,Q76.8,0.950336217880249,,,,,
85,3,咽鼓管,eustachian tube,Q17.8,0.9894461035728455,,,,,
85,3,眼(附器),eye (adnexa),Q15.8,0.9633243083953857,,,,,
86,3,腰骶(关节)(区),lumbosacral (joint) (region),Q76.4,0.9800857305526733,,,,,
86,3,腰椎,lumbar spine,Q76.4,0.9972825050354004,,,,,
86,4,伴有胎盆不称,with disproportion,O33.8,0.9787290692329407,,,,,
86,5,引起梗阻性分娩.,causing obstructed labor,O65.0,0.9333494901657104,,,,,
86,5,影响到胎儿或新生儿,affecting fetus or newborn,P03.1,0.934498131275177,,,,,
86,3,胰腺,pancreas,Q45.3,0.9420421719551086,,,,,
86,3,阴唇(大)(小),labium (majus) (minus),Q52.7,0.9676045775413513,,,,,
86,3,阴道,vagina,Q52.4,0.9629238843917847,,,,,
86,3,阴蒂,clitoris,Q52.6,0.9866336584091187,,,,,
86,3,子宫,uterus,Q51.9,0.9488210678100586,,,,,
86,3,足,foot,Q66.9,0.9822205901145935,,,,,
86,2,变形杆菌(奇异)(摩根)，作为分类于他处疾病的原因,"Proteus (mirabilis) (morganii), as cause of disease classified elsewhere",B96.4,0.9966399073600769,,,,,
86,2,变形性肌张力障碍,Tortipelvis,G24.1,0.9999383091926575,,,,,
86,2,变性,"Degeneration, degenerative",,0.9999831318855286,,,,,
86,3,二尖瓣-见关闭不全，二尖瓣,"mitral - see Insufficiency, mitral",,0.9865783452987671,,,,,
86,3,三尖(瓣)(心脏),tricuspid (heart) (valve),I07.9,0.9725335836410522,,,,,
86,3,半月板(另见紊乱，半月板),"meniscus (see also Derangement, meniscus)",M23.3,0.9924354553222656,,,,,
86,3,背侧索(脊髓)-见变性，混合,"dorsolateral (spinal cord) - see Degeneration, combined",,0.9879674911499023,,,,,
86,3,鼻甲,turbinate,J34.8,0.9942225217819214,,,,,
86,3,变化，脊柱或脊椎,"changes, spine or vertebra",M47.9,0.9883784651756287,,,,,
86,3,玻璃(体),vitreous (body),H43.8,0.9904676675796509,,,,,
86,3,玻璃样(弥漫性)(全身性)(局部性)-见变性，按部位,"hyaline (diffuse) (generalized) (localized) - see Degeneration, by site",,0.9807779788970947,,,,,
86,3,布鲁赫膜[脉络膜基底层],Bruch's membrane,H31.1,0.9953209757804871,,,,,
86,3,苍白球色素(进行性),pallidal pigmentary (progressive),G23.0,0.9897356033325195,,,,,
86,3,肠，淀粉样,"intestine, amyloid",E85.4+ K93.8*,0.9844560623168945,,,,,
86,3,垂体(腺),pituitary (gland),E23.6,0.9908719062805176,,,,,
86,3,大脑-见变性，脑,"cerebral - see Degeneration, brain",,0.9877611398696899,,,,,
86,3,淀粉样(另见淀粉样变),amyloid (see also Amyloidosis),E85.9,0.9853212237358093,,,,,
86,3,动脉(动脉粥样化)(钙化性)(另见动脉硬化),"artery, arterial (atheromatous) (calcareous) (see also Arteriosclerosis)",I70.9,0.9697416424751282,,,,,
86,4,大脑，淀粉样,"cerebral, amyloid",E85.4+ I68.0*,0.9465562701225281,,,,,
86,4,中层,medial,I70.2,0.9152839183807373,,,,,
86,3,动脉血管-见动脉硬化,arteriovascular - see Arteriosclerosis,,0.9874064922332764,,,,,
86,3,动脉粥样化-见动脉硬化,atheromatous - see Arteriosclerosis,,0.9862706065177917,,,,,
86,3,豆状核(家族性)(进行性)(威尔逊)(伴有肝硬变),lenticular (familial) (progressive) (Wilson's) (with cirrhosis of liver),E83.0,0.9721797108650208,,,,,
86,3,窦(囊性)(另见鼻窦炎),sinus (cystic) (see also Sinusitis),J32.9,0.9674078822135925,,,,,
86,4,息肉样[鼻窦息肉样退行性变],polypoid,J33.1,0.9733836054801941,,,,,
86,3,多系统,multi-system,G90.3,0.9938086271286011,,,,,
86,3,耳蜗,cochlear,H83.8,0.9680132269859314,,,,,
86,3,肺,lung,J98.4,0.9610344171524048,,,,,
87,3,肺瓣膜(心脏),pulmonary valve (heart),I37.8,0.9840561151504517,,,,,
87,3,钙化性 NEC,calcareous NEC,R89.7,0.9529822468757629,,,,,
87,3,肝(弥漫性) NEC,liver (diffuse) NEC,K76.8,0.9583329558372498,,,,,
87,4,淀粉样,amyloid,E85.4+ K77.8*,0.9825528860092163,,,,,
87,4,肥大性,hypertrophic,K76.8,0.9654062390327454,,,,,
87,4,囊性,cystic,K76.8,0.8940386772155762,,,,,
87,5,先天性,congenital,Q44.6,0.9669893383979797,,,,,
87,4,色素,pigmentary,K76.8,0.9438045024871826,,,,,
87,4,实质性，急性或亚急性,"parenchymatous, acute or subacute",K72.0,0.9896377325057983,,,,,
87,4,脂肪 NEC,fatty NEC,K76.0,0.9713812470436096,,,,,
87,5,酒精性,alcoholic,K70.0,0.9936124086380005,,,,,
87,4,中毒性(急性),toxic (acute),K71.9,0.9637892842292786,,,,,
87,3,肝豆状核(威尔逊),hepatolenticular (Wilson's),E83.0,0.9870654940605164,,,,,
87,3,肝肾,hepatorenal,K76.7,0.9722566604614258,,,,,
87,3,橄榄体脑桥小脑(家族性)(遗传性),olivopontocerebellar (familial) (hereditary),G23.8,0.9902804493904114,,,,,
87,3,宫颈,cervix,N88.8,0.9848893284797668,,,,,
87,4,由于辐射(预期效应),due to radiation (intended effect),N88.8,0.9801154732704163,,,,,
87,5,有害效应或意外事故,adverse effect or misadventure,N99.8,0.991488516330719,,,,,
87,3,骨NEC,bone NEC,M89.8,0.9332451224327087,,,,,
87,3,骨迷路,osseous labyrinth,H83.8,0.9932751655578613,,,,,
87,3,关节软骨NEC,articular cartilage NEC,M24.1,0.9866710305213928,,,,,
87,4,膝,knee,M23.3,0.9665079116821289,,,,,
87,3,虹膜(色素),iris (pigmentary),H21.2,0.9832318425178528,,,,,
87,3,后侧壁(脊髓)-见变性，混合,"posterolateral (spinal cord) - see Degeneration, combined",,0.985994279384613,,,,,
87,3,华勒[沃勒][断离神经纤维的脂肪变性]-见疾患，神经,"Wallerian - see Disorder, nerve",,0.992013692855835,,,,,
87,3,滑膜(髓样),synovial membrane (pulpy),M67.8,0.9833369255065918,,,,,
87,3,黄斑(后天性)(萎缩性)(渗出性)(老年性),"macula, macular (acquired) (atrophic) (exudative) (senile)",H35.3,0.9909770488739014,,,,,
87,4,先天性或遗传性,congenital or hereditary,H35.5,0.9866676330566406,,,,,
87,3,灰质(脑)(阿尔珀斯),grey matter (brain) (Alpers'),G31.8,0.976852297782898,,,,,
87,3,混合(脊髓)(亚急性),combined (spinal cord) (subacute),E53.8+ G32.0*,0.9752943515777588,,,,,
87,4,伴有贫血(恶性),with anemia (pernicious),D51.0+ G32.0*,0.9736664295196533,,,,,
87,5,由于饮食性维生素B₁₂缺乏,due to dietary vitamin B12 deficiency,D51.3+ G32.0*,0.9742172360420227,,,,,
87,4,在（由于）,— in (due to),,0.7866406440734863,,,,,
87,5,维生素B₁₂缺乏,vitamin B12 deficiency,E53.8+ G32.0*,0.9658992290496826,,,,,
87,6,贫血,anemia,D51.9+ G32.0*,0.9625208377838135,,,,,
87,3,肌肉(脂肪)(纤维性)(玻璃样)(进行性),muscle (fatty) (fibrous) (hyaline) (progressive),M62.8,0.9596176743507385,,,,,
87,4,心脏(另见变性，心肌),"heart (see also Degeneration, myocardial)",I51.5,0.9380805492401123,,,,,
87,3,基底核或基底节,basal nuclei or ganglia,G23.9,0.9962206482887268,,,,,
87,4,特指的 NEC,specified NEC,G23.8,0.972444474697113,,,,,
88,3,脊髓(索),spinal (cord),G31.8,0.9802745580673218,,,,,
88,4,背侧索-见变性，混合,"dorsolateral - see Degeneration, combined",,0.9496520161628723,,,,,
88,4,淀粉样,amyloid,E85.4+ G32.8*,0.9768801331520081,,,,,
88,4,后侧索-见变性，混合,"posterolateral - see Degeneration, combined",,0.9653022885322571,,,,,
88,4,混合(亚急性)-见变性，混合,"combined (subacute) - see Degeneration, combined",,0.9640586972236633,,,,,
88,4,家族性 NEC,familial NEC,G31.8,0.9299319982528687,,,,,
88,4,结核性,tuberculous,A17.8+ G07*,0.9801257252693176,,,,,
88,4,索-见变性，混合,"funicular - see Degeneration, combined",,0.9318335652351379,,,,,
88,4,亚急性混合-见变性，混合,"subacute combined - see Degeneration, combined",,0.9812741279602051,,,,,
88,4,脂肪,fatty,G31.8,0.9775976538658142,,,,,
88,3,脊柱关节(另见 脊椎关节强硬),facet joints (see also Spondylosis),M47.9,0.9764307141304016,,,,,
88,3,甲状(腺),thyroid (gland),E07.8,0.9779787659645081,,,,,
88,3,角膜,cornea,H18.4,0.9733837842941284,,,,,
88,4,玻璃样(陈旧性瘢痕的),hyaline (of old scars),H18.4,0.9850902557373047,,,,,
88,4,家族性，遗传性,"familial, hereditary",H18.5,0.9878838658332825,,,,,
88,4,老年性,senile,H18.4,0.9861283302307129,,,,,
88,3,结核性NEC(另见结核),tuberculous NEC (see also Tuberculosis),A16.9,0.9919961094856262,,,,,
88,3,结膜,conjunctiva,H11.1,0.9673954844474792,,,,,
88,3,睫状体,ciliary body,H21.2,0.9917543530464172,,,,,
88,3,晶状体,lens,H27.8,0.9408562183380127,,,,,
88,3,库恩特-尤尼乌斯,Kuhnt-Junius,H35.3,0.978800356388092,,,,,
88,3,老年性,senile,R54,0.9599806666374207,,,,,
88,4,脑,brain,G31.1,0.9652096033096313,,,,,
88,4,心脏或心肌(另见变性，心肌),"cardiac, heart or myocardium (see also Degeneration, myocardial)",I51.5,0.9581224322319031,,,,,
88,4,血管-见动脉硬化,vascular - see Arteriosclerosis,,0.9668925404548645,,,,,
88,3,淋巴腺,lymph gland,I89.8,0.9522414803504944,,,,,
88,4,玻璃样,hyaline,I89.8,0.9557801485061646,,,,,
88,3,卵巢,ovary,N83.8,0.9593884348869324,,,,,
88,4,囊性,cystic,N83.2,0.9771919846534729,,,,,
88,4,微小囊性,microcystic,N83.2,0.9934105277061462,,,,,
88,3,脉络膜，脉络膜视网膜(胶样)(玻璃疣),"choroids, chorioretinal (colloid) (drusen)",H31.1,0.9940322041511536,,,,,
88,4,遗传性,hereditary,H31.2,0.9865066409111023,,,,,
88,3,毛细血管(脂肪),capillaries (fatty),I78.8,0.9843002557754517,,,,,
88,4,淀粉样,amyloid,E85.8+ I79.8*,0.9457932710647583,,,,,
88,3,蒙克贝格,Mönckeberg's,I70.2,0.9849665760993958,,,,,
88,3,膜迷路，先天性(引起听觉障碍),"membranous labyrinth, congenital (causing impairment of hearing)",Q16.5,0.995346188545227,,,,,
88,3,脑(皮质)(进行性),brain (cortical) (progressive),G31.9,0.9848783612251282,,,,,
88,4,动脉硬化性,arteriosclerotic,I67.2,0.9747301936149597,,,,,
88,4,儿童期,childhood,G31.9,0.9646824598312378,,,,,
88,5,特指的NEC,specified NEC,G31.8,0.9608114957809448,,,,,
88,4,酒精性,alcoholic,G31.2,0.9944532513618469,,,,,
89,4,老年性 NEC,senile NEC,G31.1,0.9553413987159729,,,,,
89,4,囊性,cystic,G31.8,0.9750333428382874,,,,,
89,5,先天性,congenital,Q04.6,0.9253183603286743,,,,,
89,4,由于,in,,0.803907573223114,,,,,
89,5,法布里-安德森病,Fabry-Anderson disease,E75.2+ G32.8*,0.9621783494949341,,,,,
89,5,戈谢病,Gaucher's disease,E75.2+ G32.8*,0.9641358852386475,,,,,
89,5,亨特综合征,Hunter's syndrome,E76.1+ G32.8*,0.9688771963119507,,,,,
89,5,脚气病,beriberi,E51.1+ G32.8*,0.943090558052063,,,,,
89,5,酒精中毒,alcoholism,G31.2,0.9420180916786194,,,,,
89,3,脑血管病,cerebrovascular disease,I67.9,0.9563485383987427,,,,,
89,5,尼曼-皮克病,Niemann-Pick disease,E75.2+ G32.8*,0.9718548655509949,,,,,
89,3,粘多糖贮积病,mucopolysaccharidosis,E76.3+ G32.8*,0.9372716546058655,,,,,
89,3,粘液水肿,myxedema,E03.9+ G32.8*,0.9565079808235168,,,,,
89,5,神经鞘脂贮积症,sphingolipidosis,E75.3+ G32.8*,0.9622495770454407,,,,,
89,5,维生素B₁₂缺乏,vitamin B12 deficiency,E53.8+ G32.8*,0.9446802139282227,,,,,
89,5,先天性脑积水,congenital hydrocephalus,Q03.9,0.9758033156394958,,,,,
89,5,脂沉积症,lipidosis,,0.9402725696563721,,,,,
89,6,大脑,cerebral,E75.4+ G32.8*,0.9678983688354492,,,,,
89,6,全身性,generalized,E75.6+ G32.8*,0.966131865978241,,,,,
89,5,肿瘤疾病NEC(M8000/1)(另见肿瘤),neoplastic disease NEC (M8000/1) (see also Neoplasm),D48.9+ G32.8*,0.9673356413841248,,,,,
89,3,脑血管,cerebrovascular,I67.9,0.9743255376815796,,,,,
89,3,皮肤,"cutis, skin",L98.8,0.984105110168457,,,,,
89,4,淀粉样,amyloid,E85.4+ L99.0*,0.9688059091567993,,,,,
89,4,胶样,colloid,L98.8,0.9492116570472717,,,,,
89,3,皮质(小脑)(实质性),cortical (cerebellar) (parenchymatous),G31.8,0.9744905829429626,,,,,
89,4,酒精性,alcoholic,G31.2,0.9902541041374207,,,,,
89,4,弥漫性，由于动脉病,"diffuse, due to arteriopathy",I67.2,0.9681942462921143,,,,,
89,3,脾,spleen,D73.0,0.9900022745132446,,,,,
89,4,淀粉样,amyloid,E85.4+ D77*,0.9605427384376526,,,,,
89,3,前角，脊髓,"anterior cornua, spinal cord",G12.2,0.985979437828064,,,,,
89,3,缺血性-见缺血,ischemic - see Ischemia,,0.9940311312675476,,,,,
89,3,乳房,breast,N64.8,0.9426302313804626,,,,,
89,3,乳头,nipple,N64.8,0.9775972962379456,,,,,
89,3,色素(弥漫性)(全身性)(局部性)-见变性，按部位,"pigmentary (diffuse) (general) (localized) - see Degeneration, by site",,0.9840436577796936,,,,,
89,4,苍白球(进行性),pallidal (progressive),G23.0,0.9827854037284851,,,,,
89,3,神经-见疾患，神经,"nerve - see Disorder, nerve",,0.9880822896957397,,,,,
89,3,神经系统,nervous system,G31.9,0.9801798462867737,,,,,
89,4,淀粉样,amyloid,E85.4+ G99.8*,0.977554440498352,,,,,
89,4,酒精性,alcoholic,G31.2,0.9713752865791321,,,,,
89,4,特指的 NEC,specified NEC,G31.8,0.9420344829559326,,,,,
90,4,脂肪,fatty,G31.8,0.9645652770996094,,,,,
90,4,自主,autonomic,G90.9,0.940794825553894,,,,,
90,3,肾,"kidney, renal",N28.8,0.9845110774040222,,,,,
90,4,淀粉样,amyloid,E85.4+ N29.8*,0.9630565047264099,,,,,
90,4,囊性，先天性,"cystic, congenital",Q61.9,0.9735447764396667,,,,,
90,4,脂肪,fatty,N28.8,0.9662162065505981,,,,,
90,3,肾上腺(脂肪)(玻璃样)(感染性),"adrenal, suprarenal (capsule) (fatty) (gland) (hyaline)(infectional)",E27.8,0.9858909845352173,,,,,
90,3,视网膜(格状)(微囊样)(栅栏状)(铺路石状)(周围)(网状)(老年性),retina (lattice) (microcystoid) (palisade) (paving stone) (peripheral) (reticular) (senile),H35.4,0.970363974571228,,,,,
90,4,后极,posterior pole,H35.3,0.9569473266601562,,,,,
90,4,黄斑(囊性)(渗出性)(穿孔)(非渗出性)(假穿孔)(老年性)(毒性),macula (cystic) (exudative) (hole) (nonexudative) (pseudohole) (senile) (toxic),H35.3,0.9751104712486267,,,,,
90,4,库恩特-尤尼乌斯,Kuhnt-Junius,H35.3,0.9685163497924805,,,,,
90,4,色素[视网膜色素变性](原发性),pigmentary (primary),H35.5,0.9847325086593628,,,,,
90,4,遗传性(脑视网膜性)(先天性)(幼年)(斑)(周围)(色素),hereditary (cerebroretinal) (congenital) (juvenile) (macula) (peripheral) (pigmentary),H35.5,0.9530784487724304,,,,,
90,3,松果体,pineal gland,E34.8,0.9717730283737183,,,,,
90,3,髓磷脂，中枢神经系统,"myelin, central nervous system",G37.9,0.9883213639259338,,,,,
90,3,胎盘,placenta,O43.8,0.966180682182312,,,,,
90,3,毯层视网膜,tapetoretinal,H35.5,0.9931933283805847,,,,,
90,3,瞳孔缘,pupillary margin,H21.2,0.9972991943359375,,,,,
90,3,威尔逊肝豆状核,Wilson's hepatolenticular,E83.0,0.9914472103118896,,,,,
90,3,胃,stomach,K31.8,0.9477702379226685,,,,,
90,3,纹状体黑质,striatonigral,G23.2,0.9941247701644897,,,,,
90,3,小囊，先天性(引起听觉障碍),"saccule, congenital (causing impairment of hearing)",Q16.5,0.9910894632339478,,,,,
90,3,小脑,cerebellar,G31.9,0.984629213809967,,,,,
90,4,酒精性,alcoholic,G31.2,0.9832398295402527,,,,,
90,4,原发性(遗传性)(散发性),primary (hereditary) (sporadic),G11.9,0.976473867893219,,,,,
90,3,心壁(另见变性，心肌),"mural (see also Degeneration, myocardial)",I51.5,0.9879167079925537,,,,,
90,3,心肌(脂肪)(玻璃样)(老年性),"myocardial, myocardium (fatty) (hyaline) (senile)",I51.5,0.9133439064025879,,,,,
90,4,伴有风湿热（I00中的情况）,with rheumatic fever (conditions in I00),I09.0,0.9688604474067688,,,,,
90,5,活动性，急性或亚急性,"active, acute or subacute",I01.2,0.9625831842422485,,,,,
90,6,伴有舞蹈症,with chorea,I02.0,0.96500563621521,,,,,
90,5,非活动性或静止的（伴有舞蹈症）,inactive or quiescent (with chorea),I09.0,0.9753068685531616,,,,,
90,4,动脉硬化性,arteriosclerotic,I51.5,0.9766561388969421,,,,,
90,4,风湿性-见变性，心肌，伴有风湿热,"rheumatic - see Degeneration, myocardial, with rheumatic fever",,0.9731743335723877,,,,,
90,4,高血压性（另见高血压，心脏）,"hypertensive (see also Hypertension, heart)",I11.9,0.9535422325134277,,,,,
90,4,梅毒性,syphilitic,A52.0+ I52.0*,0.934087336063385,,,,,
90,4,先天性,congenital,Q24.8,0.9439867734909058,,,,,
91,3,心血管(另见病，心血管),"cardiovascular (see also Disease, cardiovascular)",I51.6,0.9617904424667358,,,,,
91,4,肾(另见高血压，心肾性),"renal (see also Hypertension, cardiorenal)",I13.9,0.9511337280273438,,,,,
91,3,心脏(另见 变性，心肌),"cardiac, heart (see also Degeneration, myocardial)",I51.5,0.9495232701301575,,,,,
91,4,瓣膜-见心内膜炎,"valve, valvular - see Endocarditis",,0.9192967414855957,,,,,
91,4,淀粉样,amyloid,E85.4+ I43.1*,0.9507980346679688,,,,,
91,4,动脉粥样化,atheromatous,I25.1,0.9671050906181335,,,,,
91,3,胸(腺),thymus (gland),E32.8,0.9594971537590027,,,,,
91,4,脂肪,fatty,E32.8,0.9772536754608154,,,,,
91,3,血管(老年性)-见动脉硬化,vascular (senile) - see Arteriosclerosis,,0.9725988507270813,,,,,
91,4,高血压性-见高血压,hypertensive - see Hypertension,,0.9441342949867249,,,,,
91,3,牙髓,dental pulp,K04.2,0.9838562607765198,,,,,
91,3,眼，黄斑性,"eye, macular",H35.3,0.9833877086639404,,,,,
91,4,后极(眼),posterior pole (eye),H35.3,0.9633570909500122,,,,,
91,4,先天性或遗传性,congenital or hereditary,H35.5,0.9762929677963257,,,,,
91,3,胰腺,pancreas,K86.8,0.9601600170135498,,,,,
91,4,结核性,tuberculous,A18.8+ K87.1*,0.9631873965263367,,,,,
91,3,阴茎,penis,N48.8,0.9933201670646667,,,,,
91,3,脂肪,fatty,,0.9240511059761047,,,,,
91,4,肝NEC,liver NEC,K76.0,0.9485952854156494,,,,,
91,5,酒精性,alcoholic,K70.0,0.9773246645927429,,,,,
91,4,胎盘-见胎盘，异常的,"placenta - see Placenta, abnormal",,0.9518529772758484,,,,,
91,3,主动脉,"aorta, aortic",I70.0,0.9570006132125854,,,,,
91,4,脂肪,fatty,I77.8,0.9177736639976501,,,,,
91,3,主动脉瓣(心脏)(另见心内膜炎，主动脉),"aortic valve (heart) (see also Endocarditis, aortic)",I35.8,0.9251497983932495,,,,,
91,3,椎间盘(病)NEC,intervertebral disk NEC,M51.3,0.9842368960380554,,,,,
91,4,伴有,with,,0.7630409002304077,,,,,
91,5,脊髓病,myelopathy,M51.0+ G99.2*,0.967720091342926,,,,,
91,5,神经根炎或神经根病,radiculitis or radiculopathy,M51.1+ G55.1*,0.9718027114868164,,,,,
91,4,颈、颈胸,"cervical, cervicothoracic",M50.3,0.9505286812782288,,,,,
91,4,伴有,with,,0.7874714136123657,,,,,
91,5,脊髓病,myelopathy,M50.0+ G99.2*,0.9574697017669678,,,,,
91,5,神经炎、神经根炎或神经根病,"neuritis, radiculitis or radiculopathy",M50.1+ G55.1*,0.9513843655586243,,,,,
91,4,胸、胸腰,"thoracic, thoracolumbar",M51.3,0.9892803430557251,,,,,
91,5,伴有,with,,0.8440459370613098,,,,,
91,6,脊髓病,myelopathy,M51.0+ G99.2*,0.9483503699302673,,,,,
91,6,神经炎、神经根炎、神经根病或坐骨神经痛,"neuritis, radiculitis, radiculopathy or sciatica",M51.1+ G55.1*,0.9413443803787231,,,,,
92,3,椎间盘(病) NÉC,intervertebral disk NEC,M51.3,0.930570125579834,,,,,
92,4,腰骶,"lumbar, lumbosacral",M51.3,0.96757972240448,,,,,
92,4,伴有,with,,0.7839051485061646,,,,,
92,5,脊髓病,myelopathy,M51.0+ G99.2*,0.9709486961364746,,,,,
92,4,神经炎、神经根炎、神经根病或坐骨神经痛,"neuritis, radiculitis, radiculopathy or sciatica",M51.1+ G55.1*,0.9439099431037903,,,,,
92,3,锥体束外,extrapyramidal,G25.9,0.9826363921165466,,,,,
92,3,子宫(囊性),uterus (cystic),N85.8,0.9986312985420227,,,,,
92,2,变异，地中海贫血性,"Variants, thalassemic",D56.8,0.994356095790863,,,,,
92,2,变异型心绞痛,Prinzmetal angina,I20.1,0.9987125396728516,,,,,
92,2,变硬,Hardening,,0.9999516606330872,,,,,
92,3,动脉-见 动脉硬化,artery - see Arteriosclerosis,,0.9489825367927551,,,,,
92,3,脑,brain,G93.8,0.9578534960746765,,,,,
92,2,变窄,Narrow,,0.9999337792396545,,,,,
92,3,骨盆-见狭窄，骨盆,"pelvis - see Contraction, pelvis",,0.9932824969291687,,,,,
92,3,前房角,anterior chamber angle,H40.0,0.9955999851226807,,,,,
92,1,biàn 便,,,0.999920666217804,,,,,
92,2,便秘(无张力性)(单纯性)(痉挛性),"Constipation, Costiveness (atonic) (simple) (spastic)",K59.0,0.9864782094955444,,,,,
92,3,神经源性,neurogenic,K59.0,0.9702578186988831,,,,,
92,3,心因性,psychogenic,F45.3,0.9960066676139832,,,,,
92,3,药物性,drug-induced,,0.9697348475456238,,,,,
92,4,过量或给错或服错药物,overdose or wrong substance given or taken,T50.9,0.9867109060287476,,,,,
92,5,特指的药物-见药物和化学制剂表,specified drug - see Table of drugs and chemicals,,0.9675175547599792,,,,,
92,4,恰当使用正确的物质,correct substance properly administered,K59.0,0.972190260887146,,,,,
92,1,biàn 辨,,,0.9590935707092285,,,,,
92,2,辨距困难,Dysmetria,R27.8,0.9798063039779663,,,,,
92,1,biāo 标,,,0.9591404795646667,,,,,
92,2,标记异染色质,Marker heterochromatin,Q95.4,0.9878836870193481,,,,,
92,1,biāo 凛,,,0.8303378224372864,,,,,
92,1,biāo 瘭,,,,,,,,
92,2,瘭疽[化脓性指头炎](伴有淋巴管炎),"Felon, Panaris, panaritium, Whitlow (with lymphangitis)",L03.0,0.9689213037490845,,,,,
92,3,疱疹病毒性,herpesviral,B00.8+ L99.8*,0.9241491556167603,,,,,
93,1,biǎo 表,,,,,,,,
93,2,表层巩膜炎-现译名巩膜外层炎,Episcleritis,,0.9996620416641235,,,,,
93,2,表皮的 - 见情况,"Epidermis, epidermal - see condition",,0.9368486404418945,,,,,
93,2,表皮松解症,Epidermolysis,,0.9999483823776245,,,,,
93,3,大疱性(先天性),bullosa (congenital),Q81.9,0.9769977331161499,,,,,
93,4,后天性,acquired,L12.3,0.9350996613502502,,,,,
93,4,单纯性,simplex,Q81.0,0.9168095588684082,,,,,
93,4,特指的 NEC,specified NEC,Q81.8,0.9390977621078491,,,,,
93,4,营养不良性,dystrophica,Q81.2,0.9652731418609619,,,,,
93,4,致死性,letalis,Q81.1,0.9693388938903809,,,,,
93,3,燃烧状坏死性,necroticans combustiformis,L51.2,0.9355968236923218,,,,,
93,4,由于药物,due to drug,,0.8931615352630615,,,,,
93,5,过量或给错或服错药物,overdose or wrong substance given or taken,T50.9,0.972339928150177,,,,,
93,4,特指的药物-见药物和化学制剂表,specified drug - see Table of drugs and chemicals,,0.9723221063613892,,,,,
93,5,恰当使用正确的物质,correct substance properly administered,L51.2,0.9776970148086548,,,,,
93,2,表皮脱落(创伤性)(另见损伤，浅表),"Excoriation (traumatic) (see also Injury, superficial)",T14.0,0.9941573143005371,,,,,
93,3,神经性,neurotic,L98.1,0.9730092287063599,,,,,
93,2,表皮脱落性的 - 见情况,Exfoliative - see condition,,0.9556167721748352,,,,,
93,2,表皮癣菌病(感染性)-见皮肤癣菌病,Epidermophytosis (infected) - see Dermatophytosis,,0.9967142939567566,,,,,
93,2,表皮癣菌疹 - 见 皮肤癣菌病,Epidermophytid - see Dermatophytosis,,0.9363762736320496,,,,,
93,1,bié 别,,,0.9040622711181641,,,,,
93,2,别赫捷列夫综合征[类风湿脊椎炎],Bechterev's[Bekhterev's] syndrome,M45,0.9859787821769714,,,,,
93,2,别德尔-巴尔得综合征,Biedl-Bardet syndrome,Q87.8,0.9999244213104248,,,,,
93,1,bīn 宾,,,0.9730039834976196,,,,,
93,2,宾斯万格-现译名宾斯旺格,Binswanger,,0.99969083070755,,,,,
93,2,宾斯旺格痴呆或病[进行性白质脑病],Binswanger's dementia or disease,I67.3,0.9771521091461182,,,,,
93,1,bīn 髌,,,0.904183566570282,,,,,
93,2,髌骨的 - 见情况,Patellar - see condition,,0.9545228481292725,,,,,
93,2,髌前囊炎,Housemaid's knee,M70.4,0.9880504608154297,,,,,
93,2,髌前脂质滑膜炎,Liposynovitis prepatellaris,E88.8,0.9857562184333801,,,,,
93,1,bīng 冰,,,0.9481884837150574,,,,,
93,2,冰冻(另见效应，有害，寒冷),"Freezing (see also Effect, adverse, cold)",T69.9,0.96433025598526,,,,,
94,1,bǐng 丙,,,,,,,,
94,2,丙球蛋白病,Gammopathy,,0.9999170303344727,,,,,
94,3,单克隆(M9765/1),monoclonal (M9765/1),D47.2,0.9877530336380005,,,,,
94,4,未确定意义的,of undetermined significance,D89.2,0.9817608594894409,,,,,
94,3,多克隆,polyclonal,D89.0,0.9971847534179688,,,,,
94,3,与淋巴浆细胞性体液不调有关(M9765/1),associated with lymphoplasmacytic dyscrasia (M9765/1),D47.2,0.9910139441490173,,,,,
94,2,丙酸血症,Propionic acidemia,E71.1,0.9791510701179504,,,,,
94,2,丙酮尿,Acetonuria,R82.4,0.9951028823852539,,,,,
94,2,丙酮血症,Acetonemia,R79.8,0.9877360463142395,,,,,
94,3,糖尿病性-见E10-E14伴有第四位数.1,diabetic - see E10-E14 with fourth character.1,,0.9885761141777039,,,,,
94,1,bǐng 饼,,,0.999764084815979,,,,,
94,2,饼状乳房(产后)(产褥期),Caked breast (postpartum) (puerperal),O92.2,0.9766737818717957,,,,,
94,2,饼状肾,Cake kidney,Q63.1,0.96048504114151,,,,,
94,1,bǐng 屏,,,0.9997564554214478,,,,,
94,2,屏气,Breathlessness,R06.8,0.9996902346611023,,,,,
94,1,bìng 并,,,0.9327358603477478,,,,,
94,2,并发症(由于),Complications (from) (of),,0.9958158731460571,,,,,
94,3,避孕装置，子宫内,"contraceptive device, intrauterine",T83.9,0.9850119352340698,,,,,
94,4,感染或炎症,infection or inflammation,T83.6,0.9707724452018738,,,,,
94,4,机械性,mechanical,T83.3,0.9599296450614929,,,,,
94,4,特指的NEC,specified NEC,T83.8,0.9786909818649292,,,,,
94,3,不可吸收性(永久性)缝线NEC,nonabsorbable (permanent) sutures NEC,T85.9,0.9768970608711243,,,,,
94,4,在骨修复中NEC-见并发症，固定装置，内,"in bone repair NEC - see Complications,fixation device, internal",,0.9746027588844299,,,,,
94,3,操作(手术照料或医疗照顾),procedure (surgical or medical care),T88.9,0.986581563949585,,,,,
94,4,注：当一次操作的并发症未被索引或者不是其内容或索引术语的同义词，就应做如下处理：,"Note: Whenever a complication of a procedure is not indexed or is not a synonym of an inclusion or indexed term, proceed as follows:",,0.9865979552268982,,,,,
94,4,编码到 T80-T88:,Code to T80-T88:,,0.9775194525718689,,,,,
94,5,机械并发症,mechanical complications,,0.9885104298591614,,,,,
94,5,医疗操作的早期并发,early complications of medical procedure,,0.9778867363929749,,,,,
94,4,编码到相应系统的章：,Code to the appropriate system chapter:,,0.9973397850990295,,,,,
94,5,功能性并发症,functional complications,,0.9993250370025635,,,,,
94,5,晚期并发症,late complications,,0.9986942410469055,,,,,
95,3,操作后,postprocedural,,0.9618170261383057,,,,,
95,4,代谢性,metabolic,E89.9,0.9689146876335144,,,,,
95,5,特指的NEC,specified NEC,E89.8,0.9642425179481506,,,,,
95,4,耳,ear,H95.9,0.9682360887527466,,,,,
95,5,特指的 NEC,specified NEC,H95.8,0.9708632230758667,,,,,
95,4,内分泌,endocrine,E89.9,0.937645673751831,,,,,
95,5,特指的NEC,specified NEC,E89.8,0.9528144001960754,,,,,
95,3,产程,labor,O75.9,0.9794785380363464,,,,,
95,4,特指的NEC,specified NEC,O75.8,0.962864875793457,,,,,
95,3,产科性,obstetric,O75.9,0.9426842927932739,,,,,
95,4,操作(器械)(手动)(手术)特指的NEC,procedure (instrumental) (manual) (surgical) specified NEC,O75.4,0.9785994291305542,,,,,
95,4,手术伤口 NEC,surgical wound NEC,O90.8,0.9165381789207458,,,,,
95,5,感染,infection,O86.0,0.9671164751052856,,,,,
95,5,血肿,hematoma,O90.2,0.8924092054367065,,,,,
95,4,特指的NEC,specified NEC,O75.8,0.9829151034355164,,,,,
95,3,产褥期-见产褥期,puerperium - see Puerperal,,0.984236478805542,,,,,
95,3,肠(造口),enterostomy (stoma),K91.4,0.9714033603668213,,,,,
95,3,超声治疗,ultrasound therapy,T88.9,0.9781356453895569,,,,,
95,3,穿刺，椎管,"puncture, spinal",G97.1,0.9684001803398132,,,,,
95,4,脑脊液漏出,cerebrospinal fluid leak,G97.0,0.9806176424026489,,,,,
95,4,头痛或反应,headache or reaction,G97.1,0.9823463559150696,,,,,
95,3,创伤(早期),trauma (early),T79.9,0.9578345417976379,,,,,
95,4,特指的 NEC,specified NEC,T79.8,0.9656693339347839,,,,,
95,3,代谢性,metabolic,E88.9,0.9964606761932373,,,,,
95,4,手术后,postoperative,E89.9,0.984335720539093,,,,,
95,5,特指的NEC,specified NEC,E89.8,0.9703022837638855,,,,,
95,3,胆管植入物(假体),bile duct implant (prosthetic),T85.9,0.9810584783554077,,,,,
95,4,感染或炎症,infection or inflammation,T85.7,0.9965369701385498,,,,,
95,4,机械性,mechanical,T85.5,0.9712852239608765,,,,,
95,4,特指的 NEC,specified NEC,T85.8,0.9772039651870728,,,,,
95,3,导管(装置)NEC,catheter (device) NEC,T85.9,0.9818935394287109,,,,,
95,4,感染或炎症,infection or inflammation .,T85.7,0.9785793423652649,,,,,
95,4,机械性,mechanical,T85.6,0.9695509076118469,,,,,
95,4,泌尿系(留置),urinary (indwelling),T83.9,0.9463530778884888,,,,,
95,5,感染或炎症,infection or inflammation,T83.5,0.9567756652832031,,,,,
95,5,机械性,mechanical,T83.0,0.9672874808311462,,,,,
95,5,尿道狭窄,urethral stricture,N99.1,0.9595746994018555,,,,,
95,5,特指的 NEC,specified NEC,T83.8,0.9382817149162292,,,,,
95,4,尿道，留置的-见并发症，导管，泌尿系,"urethral, indwelling - see Complications, catheter, urinary",,0.9708942174911499,,,,,
95,4,膀胱造口-见并发症，导管，泌尿系,"cystostomy - see Complications, catheter, urinary",,0.9606131315231323,,,,,
95,4,特指的NEC,specified NEC,T85.8,0.9790787696838379,,,,,
96,3,导尿管NEC(另见并发症，导管，泌尿系),"urethral catheter NEC (see also Complications, catheter, urinary)",T83.9,0.9775608777999878,,,,,
96,3,电击治疗,electroshock therapy,T88.9,0.9610262513160706,,,,,
96,4,特指的 NEC,specified NEC,T88.8,0.9496102929115295,,,,,
96,3,电子刺激器装置(电极)(脉冲发生器),electronic stimulator device (electrode(s)) (pulse generator),,0.9926214814186096,,,,,
96,4,骨,bone,T84.9,0.906564474105835,,,,,
96,5,感染或炎症,infection or inflammation,T84.7,0.9846677780151367,,,,,
96,5,机械性,mechanical,T84.3,0.9627388119697571,,,,,
96,5,特指的 NEC,specified NEC,T84.8,0.9550579190254211,,,,,
96,4,肌肉,muscle,T84.9,0.9579362869262695,,,,,
96,5,感染或炎症,infection or inflammation,T84.7,0.9217285513877869,,,,,
96,5,机械性,mechanical,T84.4,0.9496987462043762,,,,,
96,5,特指的 NEC,specified NEC,T84.8,0.9404345154762268,,,,,
96,4,膀胱(泌尿),bladder (urinary),T83.9,0.9794589877128601,,,,,
96,5,感染或炎症,infection or inflammation,T83.5,0.9562432765960693,,,,,
96,5,机械性,mechanical,T83.1,0.9285466074943542,,,,,
96,4,特指的 NEC,specified NEC,T83.8,0.957682728767395,,,,,
96,4,神经系统(脑)(周围神经)(脊髓),nervous system (brain) (peripheral nerve) (spinal cord),T85.9,0.987565815448761,,,,,
96,5,感染或炎症,infection or inflammation,T85.7,0.9584351181983948,,,,,
96,5,机械性,mechanical,T85.1,0.9668906927108765,,,,,
96,5,特指的NEC,specified NEC,T85.8,0.9528186917304993,,,,,
96,4,心脏(除颤器)(起搏器),cardiac (defibrillator) (pacemaker),T82.9,0.9660326242446899,,,,,
96,5,感染或炎症,infection or inflammation,T82.7,0.9686188101768494,,,,,
96,5,机械性,mechanical,T82.1,0.9618855714797974,,,,,
96,5,特指的NEC,specified NEC,T82.8,0.9497047066688538,,,,,
96,3,动静脉瘘或分流，手术形成的,"arteriovenous fistula or shunt, surgically created",T82.9,0.9970555901527405,,,,,
96,4,感染或炎症,infection or inflammation,T82.7,0.9944758415222168,,,,,
96,4,机械性,mechanical,T82.5,0.9722295999526978,,,,,
96,4,特指的NEC,specified NEC,T82.8,0.9826451539993286,,,,,
96,3,耳,ear,H93.9,0.9516637921333313,,,,,
96,4,手术后,postoperative,H95.9,0.9604552984237671,,,,,
96,5,特指的NEC,specified NEC,H95.8,0.9829742312431335,,,,,
96,3,反搏装置(气囊)，主动脉内的,"counterpulsation device (balloon), intra-aortic",T82.9,0.9961740970611572,,,,,
96,4,感染或炎症,infection or inflammation,T82.7,0.9556417465209961,,,,,
96,4,机械性,mechanical,T82.5,0.9690008759498596,,,,,
96,4,特指的 NEC,specified NEC,T82.8,0.9756526350975037,,,,,
96,3,放射治疗NEC,radiotherapy NEC,T66,0.9611828327178955,,,,,
96,4,脊柱侧弯,scoliosis,M96.5,0.948894739151001,,,,,
96,4,脊柱后凸,kyphosis,M96.2,0.9355918765068054,,,,,
97,3,肺移植、衰竭或排斥(免疫或非免疫原因),"lung transplant, failure or rejection (immune or nonimmune cause)",T86.8,0.9838104248046875,,,,,
97,4,和心脏,and heart,T86.3,0.9861663579940796,,,,,
97,3,分流(另见并发症，吻合),"bypass, shunt (see also Complications, anastomosis)",T85.9,0.9852078557014465,,,,,
97,4,动脉NEC-见并发症，移植物，动脉,"arterial NEC - see Complications, graft, arterial",,0.9781824350357056,,,,,
97,4,脑室(交通性),ventricular (communicating),T85.9,0.9696199893951416,,,,,
97,4,感染或炎症,infection or inflammation,T85.7,0.9773845672607422,,,,,
97,4,机械性,mechanical,T85.0,0.9505016207695007,,,,,
97,5,特指的 NEC,specified NEC,T85.8,0.9127434492111206,,,,,
97,4,血管,vascular,T82.9,0.94664466381073,,,,,
97,4,感染或炎症,infection or inflammation,T82.7,0.9613688588142395,,,,,
97,4,机械性,mechanical,T82.5,0.9369509816169739,,,,,
97,4,特指的NEC,specified NEC,T82.8,0.9540051221847534,,,,,
97,4,主动脉冠状动脉- 见并发症，冠状动脉(搭桥术)移植物,"aortocoronary - see Complications, coronary artery (bypass) graft",,0.9453580975532532,,,,,
97,3,分娩(另见并发症，产科性),"delivery (see also Complications, obstetric)",O75.9,0.9714686870574951,,,,,
97,4,操作(器械的)(手动的)(手术的),procedure (instrumental) (manual) (surgical),O75.4,0.9724758267402649,,,,,
97,4,特指的NEC,specified NEC,O75.8,0.9844977855682373,,,,,
97,3,缝线，永久性(金属丝),"suture, permanent (wire)",T85.9,0.9723286628723145,,,,,
97,4,感染或炎症 NEC,infection or inflammation NEC,T85.7,0.9519727230072021,,,,,
97,4,机械性,mechanical,T85.6,0.9708368182182312,,,,,
97,4,特指的NEC,specified NEC,T85.8,0.9716593623161316,,,,,
97,4,用于骨的修补-见并发症，固定装置，内,"in repair of bone - see Complications, fixation device, internal",,0.9666132926940918,,,,,
97,3,辐射,radiation,T66,0.9632063508033752,,,,,
97,3,腹膜内导管(透析)(输注),intraperitoneal catheter (dialysis) (infusion),T85.9,0.9838950037956238,,,,,
97,4,感染或炎症,infection or inflammation,T85.7,0.9889861345291138,,,,,
97,4,机械性,mechanical,T85.6,0.981016993522644,,,,,
97,4,特指的NEC,specified NEC,T85.8,0.9806755185127258,,,,,
97,3,肝移植、衰竭或排斥(免疫或非免疫原因),"liver transplant, failure or rejection (immune or nonimmune cause)",T86.4,0.999082088470459,,,,,
97,3,股动脉(搭桥术)移植物-见并发症，移植物，动脉,"femoral artery (bypass) graft - see Complications, graft, arterial",,0.9809921383857727,,,,,
97,3,股主动脉(搭桥术)移植物-见并发症，移植物，动脉,"aortofemoral (bypass) graft - see Complications, graft, arterial",,0.99616938829422,,,,,
97,3,骨,bone,,0.9443575739860535,,,,,
97,4,生长刺激器(电极),growth stimulator (electrode),T84.9,0.9839769005775452,,,,,
97,5,感染或炎症,infection or inflammation,T84.7,0.9581613540649414,,,,,
97,5,机械性,mechanical,T84.3,0.9927189350128174,,,,,
97,5,特指的NEC,specified NEC,T84.8,0.9877890348434448,,,,,
97,4,移植物,graft,T84.9,0.9562974572181702,,,,,
97,5,感染或炎症,infection or inflammation,T84.7,0.9632875919342041,,,,,
97,5,机械性,mechanical,T84.3,0.9693140387535095,,,,,
97,5,特指的NEC,specified NEC,T84.8,0.9859180450439453,,,,,
98,3,固定装置，内(矫形外科),"fixation device, internal (orthopedic)",T84.9,0.9928550720214844,,,,,
98,4,感染或炎症,infection or inflammation,T84.6,0.972875714302063,,,,,
98,4,机械性,mechanical,T84.2,0.963718593120575,,,,,
98,5,四肢骨,bones of limb,T84.1,0.9006941318511963,,,,,
98,4,特指的 NEC,specified NEC,T84.8,0.9611183404922485,,,,,
98,3,关节成形术,arthroplasty,T84.9,0.9998894333839417,,,,,
98,4,特指的 NEC,specified NEC,T84.8,0.9787655472755432,,,,,
98,3,关节假体，内(任何部位),"joint prosthesis, internal (any site)",T84.9,0.990830659866333,,,,,
98,4,感染或炎症,infection or inflammation,T84.5,0.9563060402870178,,,,,
98,4,机械性,mechanical,T84.0,0.939497709274292,,,,,
98,4,特指的 NEC,specified NEC,T84.8,0.9565854668617249,,,,,
98,3,冠状动脉(搭桥术)移植物,coronary artery (bypass) graft,T82.9,0.9905474781990051,,,,,
98,4,感染或炎症,infection or inflammation,T82.7,0.9861389994621277,,,,,
98,4,机械性,mechanical,T82.2,0.9776384234428406,,,,,
98,4,特指的 NEC,specified NEC,T82.8,0.9467419385910034,,,,,
98,3,灌注NEC,perfusion NEC,T80.9,0.9804080724716187,,,,,
98,3,光线治疗,phototherapy,T88.9,0.954349935054779,,,,,
98,4,特指的NEC,specified NEC,T88.8,0.9850894212722778,,,,,
98,3,后,following,,0.9579952359199524,,,,,
98,4,急性心肌梗死 NEC,acute myocardial infarction NEC,I23.8,0.9465150833129883,,,,,
98,5,动脉瘤(假性)(心壁)(未破裂),aneurysm (false) (of cardiac wall) (of heart wall) (non-ruptured),I23.3,0.9536537528038025,,,,,
98,5,缺损,defect,,0.9997443556785583,,,,,
98,6,间隔,septal,,0.9774817228317261,,,,,
98,7,(心)房,atrial (heart),I23.1,0.9779866337776184,,,,,
98,7,(心)室,ventricular (heart),I23.2,0.9063557982444763,,,,,
98,5,心包积血,haemopericardium,I23.0,0.9626262784004211,,,,,
98,5,破裂[断裂],rupture,,0.9946675896644592,,,,,
98,6,心壁,cardiac wall,I23.3,0.8890467882156372,,,,,
98,7,伴有心包积血,with haemopericardium,I23.0,0.8755507469177246,,,,,
98,6,腱索,chordae tendineae,I23.4,0.9869834184646606,,,,,
98,6,乳头肌,papillary muscle,I23.5,0.9730737805366516,,,,,
98,5,血栓形成,thrombosis,,0.9583515524864197,,,,,
98,6,心房,atrium,I23.6,0.9415848255157471,,,,,
98,6,心耳,auricular appendage,I23.6,0.9806774258613586,,,,,
98,6,心室,ventricle (heart),I23.6,0.9658828973770142,,,,,
98,4,流产,abortion,O08.9,0.8837950229644775,,,,,
98,5,特指的 NEC,specified NEC,O08.8,0.9391334056854248,,,,,
98,4,异位妊娠或葡萄胎妊娠,ectopic or molar pregnancy,O08.9,0.8842166066169739,,,,,
98,5,特指的NEC,specified NEC,O08.8,0.9519678354263306,,,,,
99,3,呼吸,respiratory,J98.9,0.967696487903595,,,,,
99,4,手术后,postoperative,J95.9,0.9400551915168762,,,,,
99,5,特指的 NEC,specified NEC,J95.8,0.8993242383003235,,,,,
99,4,治疗 NEC,therapy NEC,T81.8,0.645077109336853,,,,,
99,4,装置、植入物或移植物,"device, implant or graft",T85.9,0.9554424285888672,,,,,
99,5,感染或炎症,infection or inflammation,T85.7,0.9287567138671875,,,,,
99,5,机械性,mechanical,T85.6,0.8678011298179626,,,,,
99,5,特指的NEC,specified NEC,T85.8,0.900967538356781,,,,,
99,3,回肠(造口),ileostomy (stoma),K91.4,0.5451809167861938,,,,,
99,3,会阴切开术，破裂,"episiotomy, disruption",O90.1,0.9473410844802856,,,,,
99,3,会阴修补(产科)NEC,perineal repair (obstetrical) NEC,O90.8,0.9717546701431274,,,,,
99,4,感染(分娩后),infection (following delivery),O86.0,0.9174352884292603,,,,,
99,4,破裂,disruption,O90.1,0.973710298538208,,,,,
99,4,血肿,hematoma,O90.2,0.9388093948364258,,,,,
99,3,肌肉骨骼,musculoskeletal,M79.9,0.9914825558662415,,,,,
99,4,操作后,postprocedural,M96.9,0.9827723503112793,,,,,
99,5,特指的NEC,specified NEC,M96.8,0.9214168190956116,,,,,
99,3,脊椎,spinal,,0.9894075989723206,,,,,
99,4,穿刺或放液,puncture or tap,G97.1,0.7013964653015137,,,,,
99,5,脑脊液漏出,cerebrospinal fluid leak,G97.0,0.8908533453941345,,,,,
99,5,头痛或反应,headache or reaction,G97.1,0.8558347821235657,,,,,
99,4,导管(硬膜外)(硬膜下),catheter (epidural) (subdural),T85.9,0.9609039425849915,,,,,
99,5,感染或炎症,infection or inflammation,T85.7,0.9789413213729858,,,,,
99,5,机械性,mechanical,T85.6,0.9070828557014465,,,,,
99,5,特指的NEC,specified NEC,T85.8,0.9832338094711304,,,,,
99,4,麻醉-见并发症，麻醉，脊髓和硬膜外,"anesthesia - see Complications, anesthesia, spinal and epidural",,0.9589719176292419,,,,,
99,3,假体装置、移植物或植入物,"prosthetic device, graft or implant",T85.9,0.994989275932312,,,,,
99,4,感染或炎症NEC,infection or inflammation NEC,T85.7,0.9536188840866089,,,,,
99,4,关节,joint,T84.9,0.4503895938396454,,,,,
99,5,感染或炎症,infection or inflammation,T84.5,0.8712456822395325,,,,,
99,5,骨折，骨,"fracture, bone",M96.6,0.5123865604400635,,,,,
99,5,机械性,mechanical,T84.0,0.7427240014076233,,,,,
99,5,特指的NEC,specified NEC,T84.8,0.9107046127319336,,,,,
99,4,机械性NEC,mechanical NEC,T85.6,0.9311122298240662,,,,,
99,4,泌尿器官或泌尿道,urinary organ or tract,T83.9,0.9742072820663452,,,,,
99,5,感染或炎症,infection or inflammation,T83.5,0.8930690884590149,,,,,
99,5,机械性,mechanical,T83.1,0.9419994354248047,,,,,
99,5,特指的NEC,specified NEC,T83.8,0.917993426322937,,,,,
99,4,乳房,breast,T85.9,0.9233388304710388,,,,,
99,5,感染或炎症,infection or inflammation,T85.7,0.9952679872512817,,,,,
99,5,特指的 NEC,specified NEC,T85.8,0.9299662113189697,,,,,
100,4,生殖器官或生殖道,genital organ or tract,T83.9,0.9660775661468506,,,,,
100,5,感染或炎症,infection or inflammation,T83.6,0.9646173119544983,,,,,
100,5,机械性,mechanical,T83.4,0.9631144404411316,,,,,
100,5,特指的 NEC,specified NEC,T83.8,0.8650227785110474,,,,,
100,5,特指的NEC,specified NEC,T85.8,0.9343169927597046,,,,,
100,4,胃肠道,gastrointestinal tract,T85.9,0.9728638529777527,,,,,
100,5,感染或炎症,infection or inflammation,T85.7,0.9645232558250427,,,,,
100,5,机械性,mechanical,T85.5,0.9727882742881775,,,,,
100,5,特指的NEC,specified NEC,T85.8,0.8508233428001404,,,,,
100,4,心脏瓣膜,heart valve,T82.9,0.9941986203193665,,,,,
100,5,感染或炎症,infection or inflammation,T82.6,0.9893698692321777,,,,,
100,5,机械性,mechanical,T82.0,0.9486305117607117,,,,,
100,5,特指的NEC,specified NEC,T82.8,0.9845060706138611,,,,,
100,4,心脏和血管,cardiac and vascular,T82.9,0.9702370762825012,,,,,
100,4,血管,vascular,T82.9,0.935354471206665,,,,,
100,5,特指的NEC,specified NEC,T82.8,0.9602700471878052,,,,,
100,4,眼,eye,T85.9,0.9541497826576233,,,,,
100,5,感染或炎症,infection or inflammation,T85.7,0.9562417268753052,,,,,
100,5,机械性NEC,mechanical NEC,T85.3,0.9472420811653137,,,,,
100,6,眼内晶状体,intraocular lens,T85.2,0.9789204597473145,,,,,
100,5,特指的 NEC,specified NEC,T85.8,0.9589395523071289,,,,,
100,3,角膜移植物,corneal graft,T85.9,0.9900020360946655,,,,,
100,4,感染或炎症,infection or inflammation,T85.7,0.9873297810554504,,,,,
100,4,机械性,mechanical,T85.3,0.9907755255699158,,,,,
100,4,特指的NEC,specified NEC,T85.8,0.9456075429916382,,,,,
100,3,矫形外科,orthopedic,M79.9,0.9890320897102356,,,,,
100,4,骨折(放置植入物、关节假体、骨板后),"fracture (following insertion of implant, joint prosthesis, bone plate)",M96.6,0.9818657636642456,,,,,
100,4,关节假体,joint prosthesis,T84.9,0.9633219242095947,,,,,
100,5,感染或炎症,infection or inflammation,T84.5,0.9204130172729492,,,,,
100,5,机械性,mechanical,T84.0,0.9803770780563354,,,,,
100,5,特指的NEC,specified NEC,T84.8,0.9741014242172241,,,,,
100,4,内固定(甲)(板)(杆),internal fixation (nail) (plate) (rod),T84.9,0.9677802920341492,,,,,
100,5,感染或炎症NEC,infection or inflammation NEC,T84.6,0.9844562411308289,,,,,
100,5,机械性NEC,mechanical NEC,T84.2,0.9928662776947021,,,,,
100,6,四肢骨,bones of limb,T84.1,0.9731624126434326,,,,,
100,5,特指的 NEC,specified NEC,T84.8,0.9469690322875977,,,,,
100,4,装置、植入物或移植物,"device, implant or graft",T84.9,0.9821420311927795,,,,,
100,5,感染或炎症,infection or inflammation,T84.7,0.9922651052474976,,,,,
100,5,机械性,mechanical,T84.3,0.9390436410903931,,,,,
100,5,特指的 NEC,specified NEC,T84.8,0.9564497470855713,,,,,
