image_page,level,chinese,english,code,confidence,malignant_primary,malignant_secondary,in_situ,benign,uncertain_or_unspecified
801,3,不充分，不足,"inadequate, inadequacy",,0.9698675274848938,,,,,
801,4,发育,development,,0.7838938236236572,,,,,
801,5,肺，与孕期短有关,"lungs, associated with short gestation",P28.0,0.9752603769302368,,,,,
801,4,胎儿,fetus,P05.9,0.9419329166412354,,,,,
801,4,新生儿肺功能,"pulmonary function, newborn",P28.5,0.9362328052520752,,,,,
801,5,通气,ventilation,P28.5,0.9674819111824036,,,,,
801,4,新生儿通气,"ventilation, newborn",P28.5,0.9877299666404724,,,,,
801,3,不对称,asymmetry,,0.9891613721847534,,,,,
801,4,骨盆伴有胎盆不称，影响到胎儿或新生儿,"pelvis with disproportion (fetopelvic), affecting fetus or newborn",P03.1,0.9732427597045898,,,,,
801,4,腰椎伴有胎盆不称，影响到胎儿或新生儿,"lumbar spine with disproportion, affecting fetus or newborn",P03.1,0.9748001098632812,,,,,
801,3,不良,poor,,0.9544566869735718,,,,,
801,4,宫缩，产程，影响到胎儿或新生儿,"contractions, labor, affecting fetus or newborn",P03.6,0.9900910258293152,,,,,
801,3,胎儿生长 NEC,fetal growth NEC,P05.9,0.9763309955596924,,,,,
801,3,不能正常呼吸，新生儿,"inability to breathe properly, newborn",P28.8,0.9808937311172485,,,,,
801,3,不完全-另见情况,incomplete - see also condition,,0.9445111751556396,,,,,
801,3,扩张，肺(新生儿)NEC,"expansion, lungs(newborn) NEC",P28.1,0.9782020449638367,,,,,
801,3,不稳定产式，胎儿或新生儿，分娩前,"unstable lie, fetus or newborn, before labor",P01.7,0.9935479760169983,,,,,
801,3,不协调，动作失调,"incoordinate, incoordination",,0.983735203742981,,,,,
801,4,子宫(活动)(收缩)(并发于分娩),uterus(action)(contractions)(complicating delivery),,0.9540606141090393,,,,,
801,3,影响到胎儿或新生儿,affecting fetus or newborn,P03.6,0.9719944000244141,,,,,
801,3,操作(外科)，母体(与近期分娩无关)，影响到胎儿或新生儿,"procedure (surgical), maternal (unrelated to current delivery), affecting fetus or newborn",P00.6,0.96466064453125,,,,,
801,4,非外科(医疗),nonsurgical(medical),P00.7,0.9731780290603638,,,,,
801,3,侧倾，子宫(颈)，母体(感染后)(产后，陈旧性),"lateroversion, uterus, uterine, maternal (cervix) (postinfectional) (postpartal, old)",,0.9911617636680603,,,,,
801,4,在妊娠或分娩中，影响到胎儿或新生儿,"in pregnancy or childbirth, affecting fetus or newborn",P03.8,0.9633160829544067,,,,,
801,3,产程，分娩(另见起源于围生期的情况，分娩),"labor(see also Conditions originating in the perinatal period, delivery)",,0.9957424402236938,,,,,
801,4,不规则，影响到胎儿或新生儿,"irregular, affecting fetus or newborn",P03.6,0.9720894694328308,,,,,
801,4,不协调，影响到胎儿或新生儿,"dyscoordinate, incoordinate, affecting fetus or newborn",P03.6,0.977514386177063,,,,,
801,4,低张性，影响到胎儿或新生儿,"hypotonic, affecting fetus or newborn",P03.6,0.9924286007881165,,,,,
801,4,高张性，影响到胎儿或新生儿,"hypertonic, affecting fetus or newborn",P03.6,0.9912617206573486,,,,,
801,4,梗阻,obstructed,,0.8754763603210449,,,,,
801,5,被或由于,——by or due to,,0.8663040399551392,,,,,
801,6,胎盆不称NEC，影响到胎儿或新生儿,"disproportion, fetopelvic NEC, affecting fetus or newborn",P03.1,0.9899104833602905,,,,,
801,6,头盆不称(胎儿形成正常)，影响到胎儿或新生儿,"cephalopelvic disproportion (normally formed fetus), affecting fetus or newborn",P03.1,0.9894422292709351,,,,,
801,6,先露异常，影响到胎儿或新生儿,"malpresentation, affecting fetus or newborn",P03.1,0.9868597984313965,,,,,
802,4,异常的,abnormal,,0.8568280935287476,,,,,
802,4,骨盆(骨性)，影响到胎儿或新生儿,"pelvis(bony), affecting fetus or newborn",P03.1,0.9682156443595886,,,,,
802,4,胎儿大小，影响到胎儿或新生儿,"size, fetus, affecting fetus or newborn",P03.1,0.9625741243362427,,,,,
802,4,先露或位置，影响到胎儿或新生儿,"presentation or position, affecting fetus or newborn",P03.1,0.9629082679748535,,,,,
802,5,影响到胎儿或新生儿,affecting fetus or newborn,P03.1,0.9681989550590515,,,,,
802,4,活跃期受阻，影响到胎儿或新生儿,"arrested active phase, affecting fetus or newborn",P03.6,0.9701172113418579,,,,,
802,4,急产，影响到胎儿或新生儿,"precipitate, affecting fetus or newborn",P03.5,0.9686105847358704,,,,,
802,4,强迫或引产，影响到胎儿或新生儿,"forced or induced, affecting fetus or newborn",P03.8,0.9744775891304016,,,,,
802,4,延长或拖延，影响到胎儿或新生儿,"prolonged or protracted, affecting fetus or newborn",P03.8,0.9763292670249939,,,,,
802,4,异常的NEC，影响到胎儿或新生儿,"abnormal NEC, affecting fetus or newborn",P03.6,0.9613983035087585,,,,,
802,4,阵缩微细，影响到胎儿或新生儿,"desultory, affecting fetus or newborn",P03.6,0.9767584800720215,,,,,
802,3,产科损伤NEC(并发于分娩)，影响到胎儿或新生儿,"obstetric trauma NEC (complicating delivery), affecting fetus or newborn",P03.8,0.9866490960121155,,,,,
802,3,产钳分娩 NEC，影响到胎儿或新生儿,"forceps delivery NEC, affecting fetus or newborn",P03.2,0.9576420783996582,,,,,
802,3,产式异常(孕产妇医疗)(另见起源于围生期的情况，先露，胎儿，异常的),"lie, abnormal(maternal care)(see also Conditions originating in the perinatal period, presentation, fetal, abnormal)",,0.9828545451164246,,,,,
802,4,分娩前，影响到胎儿或新生儿,"before labor, affecting fetus or newborn",P01.7,0.9666451215744019,,,,,
802,3,肠梗阻(结肠)(抑制性)(神经源性)，新生儿，暂时性,"ileus (bowel) (colon) (inhibitory) (intestine) (neurogenic), newborn, transitory",P76.1,0.968120276927948,,,,,
802,3,肠扭转(结肠)，新生儿,"volvulus(bowel)(colon)(intestine), newborn",K56.2,0.9702381491661072,,,,,
802,3,成红细胞增多症(胎儿)(新生儿),erythroblastosis(fetalis)(newborn),P55.9,0.994174599647522,,,,,
802,4,由于,due to,,0.8603277206420898,,,,,
802,4,ABO(抗体)(血型不配合)(同种免疫),ABO(antibodies)(incompatibility) (isoimmunization),P55.1,0.9829026460647583,,,,,
802,4,Rh(抗体)(血型不配合)(同种免疫),Rh(antibodies)(incompatibility) (isoimmunization),P55.0,0.989104688167572,,,,,
802,3,成瘾，母体,"addiction, maternal",,0.9945220947265625,,,,,
802,4,酒精(乙醇)(甲醇)(木醇)，合并妊娠或分娩,"alcohol, alcoholic (ethyl) (methyl) (wood), complicating pregnancy or childbirth",,0.9768683910369873,,,,,
802,5,影响到胎儿或新生儿,affecting fetus or newborn,P04.3,0.9930742979049683,,,,,
802,4,药物NEC，母体，合并妊娠或分娩,"drug NEC, maternal, complicating pregnancy or childbirth",,0.9790527820587158,,,,,
802,5,新生儿的戒断症状,withdrawal symptoms in newborn,P96.1,0.9921247959136963,,,,,
802,5,影响到胎儿或新生儿,affecting fetus or newborn,P04.4,0.9804285168647766,,,,,
802,3,充血(慢性)(被动性),"congestion, congestive(chronic)(passive)",,0.9875597357749939,,,,,
802,3,面部，由于产伤,"facial, due to birth injury",P15.4,0.9868955016136169,,,,,
803,3,出生,birth,,0.9647498726844788,,,,,
803,3,不成熟儿(在28和37整周之间),immature (between 28 and 37 completed weeks),P07.3,0.9911328554153442,,,,,
803,4,极度(小于28整周),extremely (less than 28 completed weeks),P07.2,0.9767323136329651,,,,,
803,4,创伤-见起源于围生期的情况，出生，损伤,"trauma - see Conditions originating in perinatal period, birth, injury",,0.9664381742477417,,,,,
803,3,损伤[产伤],injury,P15.9,0.9576553702354431,,,,,
803,3,臂丛 NEC,brachial plexus NEC,P14.3,0.9149488806724548,,,,,
803,3,肝,liver,P15.0,0.9350764155387878,,,,,
803,4,睾丸,testes,P15.5,0.9856374263763428,,,,,
803,4,骨折,fracture,,0.8422527313232422,,,,,
803,4,长骨，除外股骨,"long bone, except femur",P13.3,0.9891214966773987,,,,,
803,4,肱骨,humerus,P13.3,0.9844895601272583,,,,,
803,4,股骨,femur,P13.2,0.9448568820953369,,,,,
803,3,骨,bone,P13.9,0.9552214741706848,,,,,
803,4,特指的NEC,specified NEC,P13.8,0.9595361948013306,,,,,
803,5,脊柱,spine,P11.5,0.9521506428718567,,,,,
803,4,胫骨和腓骨,tibia and fibula,P13.3,0.9787144064903259,,,,,
803,3,颅骨,skull,P13.0,0.9422552585601807,,,,,
803,4,桡骨和尺骨[臂骨],radius and ulna,P13.3,0.9629884958267212,,,,,
803,4,锁骨,clavicle,P13.4,0.9695431590080261,,,,,
803,3,基底神经节,basal ganglia,P11.1,0.9983819127082825,,,,,
803,3,脊膜,meninges,,0.9665531516075134,,,,,
803,3,脊髓,spinal cord,P11.5,0.9062506556510925,,,,,
803,3,脑,brain,P11.1,0.8909643888473511,,,,,
803,3,脊髓,spinal cord,P11.5,0.9667651057243347,,,,,
803,4,脊柱,spine,P11.5,0.9773558378219604,,,,,
803,4,颅NEC,skull NEC,P13.1,0.9676863551139832,,,,,
803,5,骨折,fracture,P13.0,0.9638140201568604,,,,,
803,5,颅内,intracranial,P11.2,0.9297586679458618,,,,,
803,6,撕裂或出血,laceration or hemorrhage,P10.9,0.9348492622375488,,,,,
803,5,特指的NEC,specified NEC,P10.8,0.9730761647224426,,,,,
803,5,面部,face,P15.4,0.8997734785079956,,,,,
803,4,脑(压迫)(压力性),brain(compression)(pressure),P11.2,0.9825146794319153,,,,,
803,4,脑出血,cerebral hemorrhage,P10.1,0.9322530627250671,,,,,
803,5,脑幕撕裂,tentorial tear,P10.4,0.9921998381614685,,,,,
803,5,脑室内出血,intraventricular hemorrhage,P10.2,0.9904747009277344,,,,,
803,5,脾,spleen,P15.1,0.9342067241668701,,,,,
803,3,神经,nerve,,0.9017828106880188,,,,,
803,4,臂丛,brachial plexus,P14.3,0.8907153010368347,,,,,
803,4,膈(麻痹),phrenic (paralysis),P14.2,0.9827554225921631,,,,,
803,4,颅NEC(除外面部),cranial NEC (except facial),P11.4,0.9710495471954346,,,,,
803,4,面部,facial,P11.3,0.8922902941703796,,,,,
803,5,周围,peripheral,P14.9,0.937839686870575,,,,,
803,5,手术刀伤口,scalpel wound,P15.8,0.9666739702224731,,,,,
804,5,撕裂,laceration,,0.9297454953193665,,,,,
804,6,被手术刀,by scalpel,P15.8,0.9691576361656189,,,,,
804,6,脑,brain,P10.1,0.9631111025810242,,,,,
804,5,周围神经,peripheral nerve,P14.9,0.9469648003578186,,,,,
804,5,特指部位或类型NEC,specified site or type NEC,P15.8,0.979786217212677,,,,,
804,4,头皮,scalp,P12.9,0.8967283964157104,,,,,
804,5,外生殖器,external genitalia,P15.5,0.960409939289093,,,,,
804,5,外阴,vulva,P15.5,0.8930332064628601,,,,,
804,5,小脑,cerebellum,P11.1,0.9512750506401062,,,,,
804,5,新生儿皮下脂肪坏死,subcutaneous fat necrosis,P15.6,0.9575524926185608,,,,,
804,5,胸骨乳突的(血肿),sternomastoid(hematoma),P15.2,0.9793093204498291,,,,,
804,5,眼,eye,P15.3,0.9177326560020447,,,,,
804,5,阴茎,penis,P15.5,0.9569389820098877,,,,,
804,5,阴囊,scrotum,P15.5,0.9494236707687378,,,,,
804,5,硬脑膜下出血,subdural hemorrhage,P10.0,0.9667982459068298,,,,,
804,5,中枢神经系统NEC,central nervous system NEC,P11.9,0.9689707159996033,,,,,
804,5,蛛网膜下腔出血,subarachnoid hemorrhage,P10.3,0.9582685232162476,,,,,
804,4,体重,weight,,0.8438620567321777,,,,,
804,5,出生体重4500克或以上,4500 grams or more,P08.0,0.9701277613639832,,,,,
804,5,低(出生体重在1000—2499克之间),low (between 1000 and 2499 grams at birth),P07.1,0.9516886472702026,,,,,
804,6,极低(出生体重在999克或以下),extremely (999 grams or less at birth),P07.0,0.9895889163017273,,,,,
804,4,新生儿瘫痪或麻痹，NEC(产伤),"palsy or paralysis, newborn, NEC(birth injury)",P14.9,0.992219090461731,,,,,
804,4,新生儿休克,"shock, newborn",P96.8,0.9885579943656921,,,,,
804,4,延迟，胎儿,"delayed, fetus",P03.8,0.9663653373718262,,,,,
804,4,早产儿,premature(infant),P07.3,0.9691057801246643,,,,,
804,3,出生于卫生间(另见分娩，急产，胎儿或新生儿),"born in toilet (see also Birth, precipitate fetus or newborn)",P03.5,0.9799167513847351,,,,,
804,3,出血(另见起源于围生期的情况，出血),"bleeding(see also Conditions originating in perinatal period, hemorrhage)",,0.9877782464027405,,,,,
804,4,脐带残端,umbilical stump,P51.9,0.9912528395652771,,,,,
804,4,新生儿阴道(异常的),"vagina, vaginal (abnormal), newborn",P54.6,0.9786509275436401,,,,,
804,4,新生儿直肠,"rectum, rectal, newborn",P54.2,0.9576684832572937,,,,,
804,3,出血(性),"hemorrhage, hemorrhagic",,0.9854488372802734,,,,,
804,4,并发于分娩,complicating delivery,,0.889369547367096,,,,,
804,5,影响到胎儿或新生儿,affecting fetus or newborn,P02.1,0.9849984049797058,,,,,
804,5,由于,due to,,0.7741641998291016,,,,,
804,6,创伤，影响到胎儿或新生儿,"trauma, affecting fetus or newborn",P03.8,0.9939396381378174,,,,,
804,6,低位胎盘，影响到胎儿或新生儿,"low-lying placenta, affecting fetus or newborn",P02.0,0.9920641183853149,,,,,
805,6,前置胎盘，影响到胎儿或新生儿,"placenta previa, affecting fetus or newborn",P02.0,0.9783870577812195,,,,,
805,6,胎盘早期剥离，影响到胎儿或新生儿,"premature separation of placenta, affecting fetus or newborn",P02.1,0.9897812008857727,,,,,
805,3,子宫平滑肌瘤，影响到胎儿或新生儿,"uterine leiomyoma, affecting fetus or newborn",P03.8,0.9974124431610107,,,,,
805,3,与凝血缺陷有关，母体，影响到胎儿或新生儿,"associated with coagulation defect, maternal, affecting fetus or newborn",P03.8,0.9630554914474487,,,,,
805,4,纤维蛋白原缺乏血症,afibrinogenemia,P03.8,0.974188506603241,,,,,
805,4,产前(另见起源于围生期的情况，出血，妊娠),"antepartum(see also Conditions originating in the perinatal period, hemorrhage, pregnancy)",,0.9856677651405334,,,,,
805,5,影响到胎儿或新生儿,affecting fetus or newborn,P02.1,0.9850523471832275,,,,,
805,4,结膜下，产伤,"subconjunctival, birth injury",P15.3,0.9567481279373169,,,,,
805,4,颅骨腱膜下(大量)，产伤,"epicranial subaponeurotic(massive), birth injury",P12.2,0.9752019643783569,,,,,
805,4,母体，妊娠，影响到胎儿或新生儿,"maternal, gestational, affecting fetus or newborn",P02.1,0.9832792282104492,,,,,
805,4,难免性(产前)(由于前置胎盘)，影响到胎儿或新生儿,"unavoidable (antepartum) (due to placenta previa), affecting fetus or newborn",P02.0,0.9468613862991333,,,,,
805,4,脑(粟粒性)(非创伤性)(瘀点),brain (miliary) (nontraumatic) (petechial),,0.9528313875198364,,,,,
805,5,胎儿或新生儿,fetus or newborn,P52.4,0.9785947799682617,,,,,
805,6,产伤,birth injury,P10.1,0.9293539524078369,,,,,
805,5,新生儿脑干,"stem, newborn",P52.4,0.9887872338294983,,,,,
805,5,由于产伤,due to birth injury,P10.1,0.9779150485992432,,,,,
805,4,脐,"umbilicus, umbilical",,0.699214518070221,,,,,
805,4,残端,stump,P51.9,0.96839839220047,,,,,
805,5,带,"cord,",,0.8337740302085876,,,,,
805,5,胎儿，自断裂脐带处,"fetus, from ruptured cord",P50.1,0.9340599775314331,,,,,
805,5,新生儿，出生后,"after birth, newborn",P51.9,0.9800101518630981,,,,,
805,3,新生儿,newborn,P51.9,0.952806293964386,,,,,
805,4,大量,massive,P51.0,0.8914552927017212,,,,,
805,5,结扎滑脱,slipped ligature,P51.8,0.9618664979934692,,,,,
805,4,脐带结扎滑脱,slipped umbilical ligature,P51.8,0.9912230372428894,,,,,
805,4,妊娠-另见 起源于围生期的情况，出血，产前,"pregnancy - see also Conditions originating in the perinatal period, hemorrhage, antepartum",,0.9474360942840576,,,,,
805,5,由于,due to,,0.7808211445808411,,,,,
805,5,创伤，影响到胎儿或新生儿,"trauma, affecting fetus or newborn",P02.1,0.9701617360115051,,,,,
805,6,前置胎盘，影响到胎儿或新生儿,"placenta previa, affecting fetus or newborn",P02.0,0.9786622524261475,,,,,
805,6,胎盘早期剥离(正常植入)，影响到胎儿或新生儿,"premature separation of placenta (normally implanted), affecting fetus or newborn",P02.1,0.9612256288528442,,,,,
805,6,先兆流产，影响到胎儿或新生儿,"threatened abortion, affecting fetus or newborn",P02.1,0.9745159149169922,,,,,
806,6,"纤维蛋白原缺乏血症或其他凝血缺陷(在类目D65-D68中的情况),影响到胎儿或新生儿","afibrinogenemia, or other coagulation defect (conditionsin category D65-D68), affecting fetus or newborn",P02.1,0.9602258801460266,,,,,
806,6,子宫平滑肌瘤，影响到胎儿或新生儿,"leiomyoma, uterus, affecting fetus or newborn",P02.1,0.9468427300453186,,,,,
806,5,早期，影响到胎儿或新生儿,"early, affecting fetus or newborn",P02.1,0.9529269933700562,,,,,
806,4,胎儿(另见起源于围生期的情况，出血，按特指部位),"fetal, fetus (see also Conditions arising in the perinatal period, hemorrhage, by specified sites)",P50.9,0.9464888572692871,,,,,
806,5,来自,from,,,,,,,
806,6,双胎脐带断端,cut end of co-twin's cord,P50.5,0.9760072827339172,,,,,
806,6,胎盘,placenta,P50.2,0.9229267239570618,,,,,
806,6,断裂的脐带,ruptured cord,P50.1,0.9801244735717773,,,,,
806,6,血管前置,vasa previa,P50.0,0.9713602662086487,,,,,
806,5,进入,into,,0.8688766360282898,,,,,
806,6,双胎之另一胎儿,co-twin,P50.3,0.9502159357070923,,,,,
806,6,母体循环,maternal circulation,P50.4,0.9562883973121643,,,,,
806,5,特指的 NEC,specified NEC,P50.8,0.9713183641433716,,,,,
806,4,胎儿-母体,fetal-maternal,P50.4,0.9920926094055176,,,,,
806,4,胎儿或新生儿,fetus or newborn,,0.9449067115783691,,,,,
806,5,大脑(缺氧性),"cerebral, cerebrum (anoxic)",P52.4,0.9443446397781372,,,,,
806,6,产伤,birth injury,P10.1,0.970131516456604,,,,,
806,5,后颅凹(非创伤性),posterior fossa (nontraumatic),P52.6,0.9416271448135376,,,,,
806,5,疾病,disease,P53,0.939511775970459,,,,,
806,5,脊(髓)(产伤),spinal (cord) (birth injury),P11.5,0.9589177370071411,,,,,
806,5,颅内(非创伤性),intracranial (nontraumatic),P52.9,0.9753618836402893,,,,,
806,6,产伤,birth injury,P10.9,0.9478080868721008,,,,,
806,6,特指的 NEC,specified NEC,P52.8,0.9677388072013855,,,,,
806,5,脑幕(创伤性)NEC(产伤),tentorium (traumatic) NEC (birth injury),P10.4,0.9821380972862244,,,,,
806,5,脑内(非创伤性),intracerebral (nontraumatic),P52.4,0.9895714521408081,,,,,
806,6,产伤,birth injury,P10.1,0.9692239165306091,,,,,
806,5,脑室内(非创伤性),intraventricular (nontraumatic),P52.3,0.9871070384979248,,,,,
806,6,产伤,birth injury,P10.2,0.928878903388977,,,,,
806,6,程度,grade,,0.9564282894134521,,,,,
806,7,一度,1,P52.0,0.9004007577896118,,,,,
806,7,二度,2,P52.1,0.9520065784454346,,,,,
806,7,三度,3,P52.2,0.9072430729866028,,,,,
806,7,四度,4,P52.2,,,,,,
806,5,皮肤,"cutaneous, skin",P54.5,0.9591777920722961,,,,,
807,5,室管膜下,subependymal,P52.0,0.9644278287887573,,,,,
807,6,伴有脑室内扩散,with intraventricular extension,P52.1,0.9741784334182739,,,,,
807,7,和大脑内扩散,and intracerebral extension,P52.2,0.9842394590377808,,,,,
807,5,小脑(非创伤性),"cerebellar, cerebellum (nontraumatic)",P52.6,0.9707309603691101,,,,,
807,5,硬膜外(缺氧性)(非创伤性),extradural (anoxic) (nontraumatic),P52.8,0.9763046503067017,,,,,
807,6,产伤,birth injury,P10.8,0.982344388961792,,,,,
807,5,蛛网膜下(非创伤性),subarachnoid (nontraumatic),P52.5,0.9857358336448669,,,,,
807,6,产伤,birth injury,P10.3,0.9679955244064331,,,,,
807,5,胎盘 NEC，影响到胎儿或新生儿,"placenta NEC, affecting fetus or newborn",P02.1,0.9819485545158386,,,,,
807,6,前置，影响到胎儿或新生儿,"previa, affecting fetus or newborn",P02.0,0.9607793092727661,,,,,
807,6,由于手术或器械的损伤，影响到胎儿或新生儿,"from surgical or instrumental damage, affecting fetus or newborn",P02.1,0.9674005508422852,,,,,
807,5,新生儿,newborn,P54.9,0.9889726042747498,,,,,
807,6,特指的 NEC,specified NEC,P54.8,0.982011616230011,,,,,
807,5,鼻,nose,P54.8,0.8919185996055603,,,,,
807,5,鼻甲,nasal turbinate,P54.8,0.9518770575523376,,,,,
807,5,肠,bowel,P54.3,0.9220909476280212,,,,,
807,5,肺,"lung, pulmonary",P26.9,0.9719310998916626,,,,,
807,6,大量,massive,P26.1,0.9805150628089905,,,,,
807,6,特指的 NEC,specified NEC,P26.8,0.9253848195075989,,,,,
807,5,肺泡、肺,"alveolar, lung",P26.8,0.9439995288848877,,,,,
807,6,肺泡内,intra-alveolar (lung),P26.8,0.9831526279449463,,,,,
807,5,结膜,conjunctiva,P54.8,0.971230685710907,,,,,
807,5,内部(器官)NEC,internal (organs) NEC,P54.8,0.9652318954467773,,,,,
807,5,内脏 NEC,viscera NEC,P54.8,0.9634159803390503,,,,,
807,5,粘膜 NEC,mucous membrane NEC,P54.8,0.9503394961357117,,,,,
807,5,脐,navel,P51.9,0.9589139223098755,,,,,
807,5,脐带(残端),cord (stump),P51.9,0.9750384092330933,,,,,
807,6,大量,massive umbilical,P51.0,0.8153384327888489,,,,,
807,5,气管支气管,tracheobronchial,P26.0,0.9444084167480469,,,,,
807,5,肾上腺(髓样),"adrenal, suprarenal (capsule) (gland)",P54.4,0.9860722422599792,,,,,
807,5,胃,stomach,P54.3,0.9683141708374023,,,,,
807,5,胃肠道,"gastroenteric, gastrointestinal (tract)",P54.3,0.9632598757743835,,,,,
807,5,阴道(异常的),vagina (abnormal),P54.6,0.9923612475395203,,,,,
807,5,直肠(括约肌),rectum (sphincter),P54.2,0.9885147213935852,,,,,
807,5,血管前置，影响到胎儿或新生儿,"vasa previa, affecting fetus or newborn",P50.0,0.9841015338897705,,,,,
807,5,意外的产前，影响到胎儿或新生儿,"accidental antepartum, affecting fetus or newborn",P02.1,0.9628772139549255,,,,,
807,5,硬膜下(急性),subdural (acute),,0.92488694190979,,,,,
807,6,胎儿或新生儿(非创伤性)(缺氧性),fetus or newborn (nontraumatic) (anoxic) (hypoxic),P52.8,0.9830866456031799,,,,,
807,7,产伤,birth injury,P10.0,0.9568824768066406,,,,,
808,3,出血斑[瘀斑](另见起源于围生期的情况，出血),"ecchymosis (see also Conditions originating in the perinatal period, hemorrhage)",,0.9772477149963379,,,,,
808,4,胎儿或新生儿,fetus or newborn,P54.5,0.9797731637954712,,,,,
808,3,除脏术，产伤,"evisceration, birth injury",P15.8,0.9736490249633789,,,,,
808,3,穿孔(非创伤性)(另见起源于围生期的情况，破裂),"perforation, perforated(nontraumatic)(see also Conditions originating in the perinatal period, rupture)",,0.9895431995391846,,,,,
808,4,肠(结肠)(回肠)(空肠)(直肠)(乙状结肠)，胎儿或新生儿,"intestine(bowel)(colon)(ileum)(jejunum) (rectum) (sigmoid), fetus or newborn",P78.0,0.9673062562942505,,,,,
808,3,穿颅术，胎儿,"craniotomy, fetus",P03.8,0.9724430441856384,,,,,
808,3,喘鸣，先天性(喉) NEC,"stridor, congenital (larynx) NEC",P28.8,0.9668952226638794,,,,,
808,3,创伤，(另见起源于围生期的情况，损伤),"trauma, traumatism(see also Conditions originating in the perinatal period, injury)",,0.9852156043052673,,,,,
808,4,出生-见起源于围生期的情况，出生，损伤,"birth - see Conditions originating in the perinatal period, birth, injury",,0.9681181907653809,,,,,
808,4,母体，在妊娠中，影响到胎儿或新生儿,"maternal, during pregnancy, affecting fetus or newborn",P00.5,0.9775129556655884,,,,,
808,3,卒中(脑)(麻痹性)，出血性，新生儿,"stroke (apoplectic) (brain) (paralytic), hemorrhagic, newborn",P52.4,0.949556827545166,,,,,
808,3,挫伤(皮肤表面完整),contusion (skin surface intact),,0.9983349442481995,,,,,
808,3,胎儿或新生儿,fetus or newborn,P54.5,0.9806474447250366,,,,,
808,4,头皮，由于产伤,"scalp, due to birth injury",P12.3,0.9789573550224304,,,,,
808,3,打结(真性)，脐带，影响到胎儿或新生儿,"knot (true), umbilical cord, affecting fetus or newborn",P02.5,0.970148503780365,,,,,
808,3,大于胎龄儿NEC(胎儿或婴儿),large-for-dates NEC (fetus or infant),P08.1,0.9868947267532349,,,,,
808,3,特大(4500克及以上),exceptionally(4500 g or more),P08.0,0.9730090498924255,,,,,
808,3,单纯性疱疹，先天性,"herpes simplex, congenital",P35.2,0.9919089078903198,,,,,
808,3,胆汁浓缩综合征(新生儿),inspissated bile syndrome(newborn),P59.1,0.987945020198822,,,,,
808,3,蛋白尿，先兆子痫，影响到胎儿或新生儿,"proteinuria, pre-eclamptic, affecting fetus or newborn",P00.0,0.9952747821807861,,,,,
808,3,低,low,,0.9994652271270752,,,,,
808,4,出生体重(2499克及以下)(另见起源于围生期的情况，体重),"birthweight (2499 grams or less) (see also Conditions originating in the perinatal period, weight)",P07.1,0.9370148181915283,,,,,
808,4,对胎龄而言,for gestational age,P05.0,0.9749929308891296,,,,,
808,5,极度(999克及以下),extreme(999 grams or less),P07.0,0.9639155864715576,,,,,
808,4,新生儿心排血量,"cardiac, output, newborn",P29.8,0.9939908385276794,,,,,
808,3,低(体)温(意外的)(由于),hypothermia(accidental)(due to),,0.9833515882492065,,,,,
808,4,新生儿,neonatal,P80.9,0.9752219915390015,,,,,
808,4,环境性(轻度) NEC,environmental(mild) NEC,P80.8,0.9584447145462036,,,,,
808,5,轻度,mild,P80.8,0.9377588033676147,,,,,
808,4,特指的 NEC,specified NEC,P80.8,0.9759479761123657,,,,,
808,4,严重的(慢性)(冷伤综合征),severe(chronic)(cold injury syndrome),P80.0,0.9899004101753235,,,,,
808,3,低钙血症，新生儿,"hypocalcemia, neonatal",P71.1,0.9670006632804871,,,,,
808,4,磷酸盐-负荷(新生儿),phosphate-loading(newborn),P71.1,0.9753788113594055,,,,,
808,4,牛乳性,due to cow's milk,P71.0,0.9872104525566101,,,,,
809,3,低镁血症，新生儿,"hypomagnesemia, neonatal",P71.2,0.9787575602531433,,,,,
809,3,低凝血酶原血症(先天性)(遗传性)(特发性)，新生儿，短暂性,"hypoprothrombinemia (congenital) (hereditary) (idiopathic), newborn, transient",P61.6,0.9793097376823425,,,,,
809,3,低体重儿(婴儿),light-for-dates (infant),P05.0,0.9870409369468689,,,,,
809,3,和小样儿,and small-for-dates,P05.1,0.9796620011329651,,,,,
809,3,低血糖症(自发性),hypoglycemia (spontaneous),,0.9732273817062378,,,,,
809,3,见于糖尿病母亲的婴儿,in infant of diabetic mother,P70.1,0.9729349613189697,,,,,
809,4,妊娠糖尿病,gestational diabetes,P70.0,0.9856986403465271,,,,,
809,4,新生儿(暂时性),neonatal(transitory),P70.4,0.9646301865577698,,,,,
809,4,母体糖尿病,maternal diabetes,P70.1,0.9726927876472473,,,,,
809,5,妊娠,gestational,P70.0,0.9652500152587891,,,,,
809,5,医源性,iatrogenic,P70.3,0.981058657169342,,,,,
809,3,迪谢内麻痹，产伤,"Duchenne's paralysis, birth injury",P14.0,0.992811381816864,,,,,
809,3,毒血症，母体(妊娠)，影响到胎儿或新生儿,"toxemia, maternal (of pregnancy), affecting fetus or newborn",P00.0,0.9969949126243591,,,,,
809,3,短，缩短,"short, shortening, shortness",,0.9988195300102234,,,,,
809,4,脐带，并发于分娩，影响到胎儿或新生儿,"cord (umbilical), complicating delivery, affecting fetus or newborn",P02.6,0.9750043749809265,,,,,
809,3,断头术，胎儿(以促进分娩),"decapitation, fetal (to facilitate delivery)",P03.8,0.9918818473815918,,,,,
809,3,多(胎),"multiple, multiplex",,0.9884092211723328,,,,,
809,3,出生，影响到胎儿或新生儿,"birth, affecting fetus or newborn",P01.5,0.9877967834472656,,,,,
809,3,多泡肺综合征,bubbly lung syndrome,P27.0,0.9757505059242249,,,,,
809,3,二联律,coupled rhythm,,0.9930515289306641,,,,,
809,4,胎儿,fetal,P20.9,0.9619437456130981,,,,,
809,4,新生儿,newborn,P29.1,0.9532821178436279,,,,,
809,3,二联脉,bigeminal pulse,,0.9905375242233276,,,,,
809,4,胎儿,fetal,P20.9,0.9619338512420654,,,,,
809,4,新生儿,newborn,P29.1,0.969914972782135,,,,,
809,3,发热(原因不明)，新生儿，环境引起的,"pyrexia (of unknown origin), newborn, environmentally-induced",P81.0,0.9854583740234375,,,,,
809,3,发热，新生儿,"fever, newborn",P81.9,0.9602340459823608,,,,,
809,4,环境性,environmental,P81.0,0.9776427745819092,,,,,
809,3,发育,development,,0.9948422908782959,,,,,
809,4,不完全,incomplete,P05.9,0.9738667607307434,,,,,
809,4,停止，胎儿,"arrested, fetus",P05.9,0.9525644779205322,,,,,
809,3,发育不全,"hypoplasia, hypoplastic",,0.9908853769302368,,,,,
809,4,肺(叶)(先天性)，与妊娠期短有关。,"lung (congenital) (lobe), associated with short gestation",P28.0,0.9770475029945374,,,,,
809,4,肺，与妊娠期短有关,"pulmonary, associated with short gestation",P28.0,0.9896159172058105,,,,,
809,3,发育迟缓,retardation,,0.9929894208908081,,,,,
809,4,身体，胎儿,"physical, fetus",P05.9,0.9680740833282471,,,,,
809,4,生长，胎儿,"growth, fetus",P05.9,0.934378981590271,,,,,
809,5,子宫内,intrauterine,P05.9,0.9639139771461487,,,,,
810,3,发育未成熟(另见起源于围生期的情况，未成熟),"dysmaturity(see also Conditions originating in the perinatal period, immaturity)",P05.0,0.9909841418266296,,,,,
810,4,肺(新生儿)(威尔逊一米基迪),pulmonary(newborn)(Wilson-Mikity),P27.0,0.9682016968727112,,,,,
810,3,发育异常-另见起源于围生期的情况，异常,"dysplasia - see also Conditions originating in the perinatal period, anomaly",,0.992032527923584,,,,,
810,4,肺(先天性)，与孕期短有关,"lung (congenital), associated with short gestation",P28.0,0.9822683334350586,,,,,
810,4,支气管肺的(围生期),bronchopulmonary (perinatal),P27.1,0.988701343536377,,,,,
810,3,发作,attack,,0.9453378319740295,,,,,
810,4,呼吸窘迫，新生儿,"respiration, respiratory, newborn",P28.2 P28.8,0.9626867175102234,,,,,
810,3,青紫，新生儿,"cyanotic, newborn",P28.2,0.9675635695457458,,,,,
810,3,发作[惊厥]，新生儿,"seizure(s), newborn",P90,0.9656914472579956,,,,,
810,3,反刍，新生儿,"rumination, newborn",P92.1,0.9743045568466187,,,,,
810,3,反流，食物，新生儿,"regurgitation, food, newborn",P92.1,0.9635870456695557,,,,,
810,3,反应-另见起源于围生期的情况，疾患,"reaction - see also Conditions originating in the perinatal period, disorder",,0.9859631657600403,,,,,
810,4,药物NEC,drug NEC,,0.9757548570632935,,,,,
810,5,戒断,withdrawal,,0.8356234431266785,,,,,
810,6,新生儿,newborn,P96.1,0.9588841795921326,,,,,
810,6,有药瘾母亲的婴儿,infant of dependent mother,P96.1,0.986950695514679,,,,,
810,5,新生儿,newborn,P93,0.9804904460906982,,,,,
810,3,放射线照射，母体，影响到胎儿或新生儿,"radiology, maternal, affecting fetus or newborn",P00.7,0.9932191967964172,,,,,
810,3,肺不张(大块)(部分)(压力性)(肺),atelectasis(massive)(partial)(pressure)(pulmonary),,0.9933319091796875,,,,,
810,3,胎儿或新生儿(继发性),fetus or newborn(secondary),P28.1,0.9821675419807434,,,,,
810,4,部分,partial,P28.1,0.9307678937911987,,,,,
810,5,次全,subtotal,P28.1,0.9547411203384399,,,,,
810,4,由于吸收,due to resorption,P28.1,0.9841558337211609,,,,,
810,4,原发性,primary,P28.0,0.9890684485435486,,,,,
810,3,肺充气不足，新生儿,"aeration lung imperfect, newborn",P28.1,0.9825772047042847,,,,,
810,3,肺大泡(破裂)，胎儿或新生儿,"bleb(s)/bulla(e), lung (ruptured), fetus or newborn",P25.8,0.9935368895530701,,,,,
810,3,肺代偿失调，新生儿,"decompensation, lung (pulmonary), newborn",P28.8,0.9941993951797485,,,,,
810,3,肺气肿(萎缩性)(慢性)(小叶间)(肺)(阻塞性)(老年性),emphysema (atrophic) (chronic)(interlobular) (lung) (obstructive) (pulmonary) (senile),,0.9736455082893372,,,,,
810,4,间质性，先天性,"interstitial, congenital",P25.0,0.988654375076294,,,,,
810,5,围生期,perinatal period,P25.0,0.9774087071418762,,,,,
810,3,胎儿或新生儿(间质性),fetus or newborn(interstitial),P25.0,0.9759798049926758,,,,,
810,4,胎儿或新生儿纵隔,"mediastinal, fetus or newborn",P25.2,0.9798782467842102,,,,,
810,3,先天性(间质性),congenital(interstitial),P25.0,0.9707682132720947,,,,,
811,3,肺炎(急性)(社区后天性)(双侧)(出血性)(叶)(移行性)(院内获得性)(原发性)(化脓性)(脓毒性)(未吸收),pneumonia/pneumonitis (acute)(community acquired) (double) (hemorrhagic) (lobe) (migratory) (nosocomial) (primary) (purulent) (septic) (unresolved),,0.9816424250602722,,,,,
811,3,病毒性(支气管)(间质性)(大叶性)，先天性,"viral, virus (broncho) (interstitial) (lobar), congenital",P23.0,0.9756059050559998,,,,,
811,4,风疹，先天性,"rubella, congenital",P35.0,0.9554666876792908,,,,,
811,4,见于(由于)，衣原体，新生儿,"in (due to), Chlamydia, neonatal",P23.1,0.9683040380477905,,,,,
811,4,胎粪,meconium,P24.0,0.9560964107513428,,,,,
811,4,吸入，误吸,aspiration,,0.898973286151886,,,,,
811,5,新生儿,newborn,P24.9,0.9675630331039429,,,,,
811,6,胎粪,meconium,P24.0,0.9795030951499939,,,,,
811,4,先天性(感染性),congenital(infective),P23.9,0.9623019099235535,,,,,
811,5,特指的NEC,specified NEC,P23.8,0.9851527810096741,,,,,
811,5,由于,due to,,0.7664035558700562,,,,,
811,6,病毒性病原体,viral agent,P23.0,0.9810075759887695,,,,,
811,5,大肠杆菌,Escherichia coli,P23.4,0.9445131421089172,,,,,
811,5,肺炎克雷白杆菌,Klebsiella pneumoniae,P23.6,0.9443931579589844,,,,,
811,4,感染性病原体NEC,infective organism NEC,P23.8,0.98431396484375,,,,,
811,4,假单胞菌,Pseudomonas,P23.5,0.9283421039581299,,,,,
811,4,链球菌属(除外B族),streptococcus (except group B),P23.6,0.9589667320251465,,,,,
811,4,B 族,group B,P23.3,0.9426191449165344,,,,,
811,3,流感嗜血杆菌,Haemophilus influenzae,P23.6,0.9776288270950317,,,,,
811,4,葡萄球菌,staphylococcus,P23.2,0.9258966445922852,,,,,
811,4,细菌 NEC,bacterium NEC,P23.6,0.9646032452583313,,,,,
811,5,衣原体,Chlamydia,P23.1,0.9482805728912354,,,,,
811,6,支原体,Mycoplasma,P23.6,0.9330360889434814,,,,,
811,4,新生儿,neonatal,P23.9,0.9902952909469604,,,,,
811,4,吸入,aspiration,P24.9,0.9838411808013916,,,,,
811,4,衣原体性，先天性,"chlamydial, congenital",P23.1,0.99161696434021,,,,,
811,4,由于弓形虫病，先天性,"due to toxoplasmosis, congenital",P37.1+ J17.3*,0.9764823913574219,,,,,
811,3,分娩(单胎),"birth,delivery(single)",,0.9840810298919678,,,,,
811,4,双胎，影响到胎儿或新生儿,"twin, affecting fetus or newborn",P01.5,0.9408844113349915,,,,,
811,4,多胎，影响到胎儿或新生儿,"multiple, affecting fetus or newborn",P01.5,0.9766407012939453,,,,,
811,4,产钳，影响到胎儿或新生儿,"forceps, affecting fetus or newborn",P03.2,0.9748291969299316,,,,,
811,4,迟缓，影响到胎儿或新生儿,"retarded, affecting fetus or newborn",P03.8,0.9686738848686218,,,,,
811,4,过快，新生儿,"extremely rapid, newborn",P03.5,0.941853940486908,,,,,
811,4,过期(42周或以上),post-term (42 weeks or more),P08.2,0.9622550010681152,,,,,
811,4,急产，影响到胎儿或新生儿,"precipitate, affecting fetus or newborn",P03.5,0.9850305318832397,,,,,
811,4,困难NEC，影响到胎儿或新生儿,"difficult NEC, affecting fetus or newborn",P03.9,0.987959086894989,,,,,
811,4,剖宫产(为)，影响到胎儿或新生儿,"cesarean (for), affecting fetus or newborn",P03.4,0.9609797596931458,,,,,
811,4,器械NEC，影响到胎儿或新生儿,"instrumental NEC, affecting fetus or newborn",P03.8,0.9768795967102051,,,,,
811,4,臀(位)NEC，影响到胎儿或新生儿,"breech NEC, affecting fetus or newborn",P03.0,0.9859606623649597,,,,,
812,4,吸杯 NEC，影响到胎儿或新生儿,"ventouse NEC, affecting fetus or newborn",P03.3,0.9673362374305725,,,,,
812,4,压迫 NEC，影响到胎儿或新生儿,"forced NEC, affecting fetus or newborn",P03.8,0.9768273234367371,,,,,
812,4,延长，影响到胎儿或新生儿,"prolonged, affecting fetus or newborn",P03.8,0.9651371240615845,,,,,
812,4,异常NEC，影响到胎儿或新生儿,"abnormal NEC, affecting fetus or newborn",P03.9,0.9610998034477234,,,,,
812,4,引产，影响到胎儿或新生儿,"induced, affecting fetus or newborn",P03.8,0.9676620960235596,,,,,
812,4,早产NEC，影响到胎儿或新生儿,"premature or preterm NEC, affecting fetus or newborn",P07.3,0.974391758441925,,,,,
812,4,真空吸引器，影响到胎儿或新生儿,"vacuum extractor, affecting fetus or newborn",P03.3,0.9764158129692078,,,,,
812,3,粪石[肠石](嵌塞)，先天性,"fecalith (impaction), congenital",P76.8,0.9869729280471802,,,,,
812,3,风疹,rubella,,0.9401836395263672,,,,,
812,4,母体，影响到胎儿或新生儿,"maternal, affecting fetus or newborn",P00.2,0.9596209526062012,,,,,
812,5,婴儿风疹表现,manifest rubella in infant,P35.0,0.9896909594535828,,,,,
812,4,先天性,congenital,P35.0,0.9821556210517883,,,,,
812,3,蜂窝织炎(弥漫性)(伴有淋巴管炎),cellulitis(diffuse)(with lymphangitis),,0.9934146404266357,,,,,
812,4,新生儿脐部,"navel, umbilicus, newborn",P38,0.980297863483429,,,,,
812,3,腹膜炎(粘连性)(纤维蛋白性)(伴有渗出),peritonitis(adhesive)(fibrinous)(with effusion),,0.9921442866325378,,,,,
812,3,胎粪(新生儿),meconium(newborn),P78.0,0.9747474789619446,,,,,
812,3,先天性NEC,congenital NEC,P78.1,0.9562527537345886,,,,,
812,4,新生儿,neonatal,P78.1,0.9392690658569336,,,,,
812,4,胎粪,meconium,P78.0,0.9788817167282104,,,,,
812,3,腹泻(病)(地方性)(婴儿)(夏季)(另见起源于围生期的情况，小肠炎),"diarrhea, diarrheal (disease) (endemic) (infantile) (summer) (see also Conditions originating in the perinatal period, enteritis)",,0.971202552318573,,,,,
812,4,新生儿(非感染性),neonatal (noninfective),P78.3,0.9658641815185547,,,,,
812,3,肝炎,hepatitis,,0.9463127255439758,,,,,
812,4,"病毒性(急性),先天性","viral, virus (acute), congenital",P35.3,0.9698848724365234,,,,,
812,4,弓形虫病，先天性(活动性),"in toxoplasmosis, congenital (active)",P37.1+ K77.0*,0.9842578172683716,,,,,
812,4,胎儿或新生儿,fetus or newborn,P59.2,0.9628974795341492,,,,,
812,4,新生儿(中毒性),neonatal (toxic),P59.2,0.9819782972335815,,,,,
812,3,感染(性)(机会性)(另见起源于围生期的情况，炎症),"infection, infected(opportunistic)(see also Conditions originating in the perinatal period, inflammation)",,0.9931426048278809,,,,,
812,4,肠道细菌(属)(阴沟)，新生儿,"Enterobacter (cloacae), newborn",P37.8,0.9750768542289734,,,,,
812,4,大肠杆菌NEC，先天性,"Escherichia (E.) coli NEC, congenital",P39.8,0.9884631633758545,,,,,
812,5,脓毒症,sepsis,P36.4,0.9596691727638245,,,,,
812,4,风疹，先天性,"rubella, congenital",P35.0,0.9699136018753052,,,,,
812,4,呼吸(道)NEC,respiratory(tract) NEC,,0.972227156162262,,,,,
812,5,胎儿,fetus,P28.8,0.942671000957489,,,,,
812,5,新生儿,"newborn, neonatal",P28.8,0.9543259739875793,,,,,
812,4,巨细胞病毒(性)，先天性,"cytomegalovirus, cytomegaloviral, congenital",P35.1,0.9691361784934998,,,,,
812,4,利斯特菌性单核细胞增多症，先天性,"Listeria monocytogenes, congenital",P37.2,0.9884598851203918,,,,,
813,4,链球菌(性)NEC,streptococcal NEC,,0.9445414543151855,,,,,
813,4,先天性,congenital,P39.8,0.9845273494720459,,,,,
813,5,脓毒症,sepsis,P36.1,0.9677929282188416,,,,,
813,5,B 族,group B,P36.0,0.9449945688247681,,,,,
813,4,泌尿(道)NEC,urinary(tract) NEC,,0.9735725522041321,,,,,
813,4,母体，并发于妊娠，影响到胎儿或新生儿,"maternal, complicating pregnancy, affecting fetus or newborn",P00.1,0.9494519829750061,,,,,
813,5,新生儿,newborn,P39.3,0.9290812015533447,,,,,
813,4,母体肾(皮质)(血源性),"kidney, maternal (cortex) (hematogenous)",,0.9481462836265564,,,,,
813,5,并发于妊娠，影响到胎儿或新生儿,"complicating pregnancy, affecting fetus or newborn",P00.1,0.9882367253303528,,,,,
813,4,母体生殖器官或生殖道,"genital organ or tract, maternal",,0.9513899683952332,,,,,
813,5,并发于妊娠，影响到胎儿或新生儿,"complicating pregnancy, affecting fetusor newborn",P00.8,0.9762292504310608,,,,,
813,4,念珠菌属(白色)(热带),Candida (albicans) (tropicalis),,0.971410870552063,,,,,
813,5,先天性,congenital,P37.5,0.9720278382301331,,,,,
813,4,新生儿,neonatal,P37.5,0.9892661571502686,,,,,
813,4,柠檬酸细菌属，新生儿,"Citrobacter, newborn",P37.8,0.9632412195205688,,,,,
813,3,疱疹(单纯性)，先天性,"herpes (simplex), congenital",P35.2,0.9914333820343018,,,,,
813,4,皮肤(局部)(葡萄球菌性)(链球菌(性)),skin(local) (staphylococcal) (streptococcal),,0.9627009034156799,,,,,
813,4,新生儿,newborn,P39.4,0.9810798168182373,,,,,
813,4,葡萄球菌性NEC,staphylococcal NEC,,0.9689832925796509,,,,,
813,5,新生儿,newborn,P37.8,0.9510725736618042,,,,,
813,5,新生儿溶血性,"hemolytic, newborn",P36.3,0.9719554781913757,,,,,
813,4,沙门菌(亚利桑那)(猪霍乱)(小肠炎)(鼠伤寒),Salmonella (arizonae) (cholerae-suis) (enteritidis) (typhimurium),,0.9779981374740601,,,,,
813,4,先天性,congenital,P39.8,0.9772253632545471,,,,,
813,4,梭状芽胞杆菌，先天性,"Clostridium, congenital",P39.8,0.984737753868103,,,,,
813,4,胎儿(另见起源于围生期的情况，感染，先天性),"fetus(see also Conditions originating in the perinatal period, infection, congenital)",P39.9,0.9634817242622375,,,,,
813,5,羊膜内NEC,intra—amniotic NEC,P39.2,0.9539485573768616,,,,,
813,4,围生期 NEC,perinatal period NEC,P39.9,0.9809964895248413,,,,,
813,5,特指类型NEC,specified type NEC,P39.8,0.9455384612083435,,,,,
813,3,先天性 NEC,congenital NEC,P39.9,0.9536113739013672,,,,,
813,4,病毒,virus,P35.9,0.9875009059906006,,,,,
813,4,特指类型NEC,specified type NEC,P35.8,0.9709197878837585,,,,,
813,5,传染病或寄生虫病,infectious or parasitic disease,P37.9,0.9640220403671265,,,,,
813,6,特指的 NEC,specified NEC,P37.8,0.9508421421051025,,,,,
813,4,大肠杆菌,Escherichia coli,P39.8,0.9910899996757507,,,,,
813,5,脓毒症,sepsis,P36.4,0.9803688526153564,,,,,
813,3,单纯疱疹,herpes simplex,P35.2,0.9699088931083679,,,,,
813,3,恶性疟原虫,Plasmodium falciparum,P37.3,0.9699718952178955,,,,,
813,3,风疹,rubella,P35.0,0.9614129066467285,,,,,
814,3,肝炎，病毒,"hepatitis, viral",P35.3,0.936125636100769,,,,,
814,3,弓形虫病(急性)(慢性)(亚急性),toxoplasmosis (acute) (chronic) (subacute),P37.1,0.9790081977844238,,,,,
814,3,脊髓灰质炎,poliomyelitis,P35.8,0.964741587638855,,,,,
814,3,结核,tuberculosis,P37.0,0.9361832737922668,,,,,
814,3,巨细胞病毒,cytomegalovirus,P35.1,0.937221109867096,,,,,
814,3,利斯特菌病(播散性),listeriosis (disseminated),P37.2,0.956344485282898,,,,,
814,3,链球菌(性)NEC,streptococcal NEC,P39.8,0.9686594009399414,,,,,
814,4,脓毒症,sepsis,P36.1,0.8825611472129822,,,,,
814,5,B 族,group B,P36.0,0.9503822326660156,,,,,
814,5,泌尿(道),urinary(tract),P39.3,0.9628329873085022,,,,,
814,3,念珠菌属(白色),Candida (albicans),P37.5,0.9975364804267883,,,,,
814,3,牛痘,vaccinia,P35.8,0.9189529418945312,,,,,
814,4,疟疾NEC,malaria NEC,P37.4,0.954431414604187,,,,,
814,4,恶性,falciparum,P37.3,0.9392975568771362,,,,,
814,4,皮肤,skin,P39.4,0.9325833916664124,,,,,
814,4,沙门菌,salmonella,P39.8,0.9704166650772095,,,,,
814,5,梭状芽胞杆菌，除外破伤风杆菌,"clostridium, other than Clostridium tetani",P39.8,0.9801080226898193,,,,,
814,4,新生儿,"newborn,neonatal",P39.9,0.9885842800140381,,,,,
814,4,多种微生物,"polymicrobial, newborn",P37.9,0.9715810418128967,,,,,
814,4,念珠菌病,"Monilia, neonatal",P37.5,0.9269114136695862,,,,,
814,4,皮肤,skin,P39.4,0.9533807039260864,,,,,
814,5,脐,"navel, umbilicus, newborn",P38,0.9393818974494934,,,,,
814,5,特指类型NEC(另见起源于围生期的情况，感染，先天性),"specified type NEC(see also Conditions originating in the perinatal period, infection, congenital)",P39.8,0.9863429069519043,,,,,
814,4,羊水或羊膜腔，影响到胎儿或新生儿,"amniotic fluid, sac or cavity, affecting fetus or newborn",P02.7,0.9730983972549438,,,,,
814,4,子宫内(并发于妊娠),intrauterine(complicating pregnancy),,0.9380847811698914,,,,,
814,5,胎儿或新生儿,fetus or newborn,P00.8,0.9601236581802368,,,,,
814,5,特指感染NEC，胎儿,"specified infection NEC, fetus",P39.2,0.9745186567306519,,,,,
814,3,高胆红素血症NEC,hyperbilirubinemia NEC,,0.9866212010383606,,,,,
814,4,新生儿(短暂性)(另见起源于围生期的情况，黄疸，胎儿或新生儿),"neonatal(transient)(see also Conditions originating in the perinatal period, jaundice, fetus or newborn)",P59.9,0.9716693162918091,,,,,
814,4,早产的,of prematurity,P59.0,0.9866382479667664,,,,,
814,3,高胆红素血症性脑病，新生儿,"encephalopathia hyperbilirubinemica, newborn",P57.9,0.9981991648674011,,,,,
814,3,由于同种免疫( 中的情况),due to isoimmunization(conditions in),P55 P57.0,0.987485408782959,,,,,
814,3,高镁血症，新生儿,"hypermagnesemia, neonatal",P71.8,0.9595839381217957,,,,,
814,3,高热(原因不明)，新生儿，环境性,"hyperthermia (of unknown origin), newborn, environmental",P81.0,0.9873539209365845,,,,,
815,3,高血压(急进型)(良性)(原发性)(特发性)(恶性)(全身性),"hypertension, hypertensive (accelerated) (benign) (essential) (idiopathic) (malignant) (primary) (systemic)",,0.978361964225769,,,,,
815,4,母体，并发于妊娠或分娩,"maternal, complicating pregnancy or childbirth",,0.9493944644927979,,,,,
815,5,影响到胎儿或新生儿,affecting fetus or newborn,P00.0,0.9864538908004761,,,,,
815,4,新生儿,newborn,P29.2,0.9678869247436523,,,,,
815,4,肺(动脉)(持续性),"pulmonary (artery), of newborn (persistent)",P29.3,0.9764073491096497,,,,,
815,3,梗死[梗塞]，胎盘(并发于妊娠)，影响到胎儿或新生儿,"infarct, infarction (of), placenta (complicating pregnancy), affecting fetus or newborn",P02.2,0.9951566457748413,,,,,
815,3,梗阻(性),"obstruction, obstructed, obstructive",,0.9881614446640015,,,,,
815,4,肠(机械性)(神经源性)(阵发性)(感染后)(反射性),intestine (mechanical) (neurogenic) (paroxysmal) (postinfective) (reflex),,0.963503360748291,,,,,
815,5,新生儿,newborn,P76.9,0.9550220370292664,,,,,
815,5,特指的NEC,specified NEC,P76.8,0.9799912571907043,,,,,
815,5,由于,due to,,0.8032115697860718,,,,,
815,6,粪石[肠石],fecaliths,P76.8,0.9380249381065369,,,,,
815,7,浓缩乳汁,inspissatedmilk,P76.2,0.9644429683685303,,,,,
815,7,胎粪(栓塞),meconium(plug),P76.0,0.9639238715171814,,,,,
815,4,分娩(另见起源于围生期的情况，分娩，梗阻性),"labor(see also Conditions originating in the perinatal period, labor, obstructed)",,0.9717739820480347,,,,,
815,5,影响到胎儿或新生儿,affecting fetus or newborn,P03.1,0.9838646650314331,,,,,
815,3,新生儿胎粪栓塞,"meconium plug, newborn",P76.0,0.986266553401947,,,,,
815,3,弓形虫病[弓形体病],"toxoplasma, toxoplasmosis",,0.9943185448646545,,,,,
815,3,母体，影响到胎儿或新生儿,"maternal, affecting fetus or newborn",P00.2,0.9867828488349915,,,,,
815,4,婴儿或胎儿弓形虫病表现(急性)(慢性)(亚急性),manifest toxoplasmosis in infant or fetus (acute)(chronic)(subacute),P37.1,0.9813114404678345,,,,,
815,3,先天性(急性)(慢性)(亚急性),congenital(acute)(chronic)(subacute),P37.1,0.9724549651145935,,,,,
815,3,弓形虫病脑膜脑炎，先天性,"meningoencephalitis, in toxoplasmosis, congenital",P37.1+ G05.2*,0.9791096448898315,,,,,
815,3,宫颈未闭，母体，并发于妊娠,"patent cervix, maternal, complicating pregnancy",,0.9972988963127136,,,,,
815,4,影响到胎儿或新生儿,affecting fetus or newborn,P01.0,0.9717377424240112,,,,,
815,3,宫颈炎，母体(急性)(慢性)(非性病性)(亚急性)(伴有溃疡),"cervicitis, maternal(acute)(chronic)(nonvenereal) (subacute)(with ulceration)",,0.9798799157142639,,,,,
815,4,合并妊娠，影响到胎儿或新生儿,"complicating pregnancy, affecting fetus or newborn",P00.8,0.9653159976005554,,,,,
815,3,宫口扩张，母体-另见起源于围生期的情况，机能不全，宫颈,"dilatation cervix(uteri), maternal - see also Conditions originating in the perinatal period. incompetency, cervix",,0.9849335551261902,,,,,
815,4,不完全、不良、缓慢，影响到胎儿或新生儿,"incomplete, poor, slow, affecting fetus or newborn",P03.6,0.9712087512016296,,,,,
815,3,宫内节育器(IUD)，影响到胎儿或新生儿,"intrauterine contraceptive device (IUD), affecting fetus or newborn",P01.8,0.9908218383789062,,,,,
815,4,佝偻病性骨盆，母体(晚期效应)，伴有胎盆不称，影响到胎儿或新生儿,"rachitic pelvis, maternal (late effect), with disproportion (fetopelvic), affecting fetusor newborn",P03.1,0.9918348789215088,,,,,
816,3,骨折(外展性)(内收性)(撕脱性)(粉碎性)(压缩性)(错位性)(斜性)(分离性),fracture (abduction) (adduction) (avulsion) (comminuted) (compression) (dislocation)(oblique) (separation),,0.9762327075004578,,,,,
816,4,股骨，产伤,"femur, femoral, birth injury",P13.2,0.9706905484199524,,,,,
816,4,骨NEC，产伤,"bone NEC, birth injury",P13.9,0.9718419313430786,,,,,
816,4,颅骨，产伤,"skull, birth injury",P13.0,0.9768586158752441,,,,,
816,4,锁骨(肩峰端)(韧带间)(干)，产伤,"clavicle (acromial end) (interligamentous) (shaft), birth injury",P13.4,0.9725877642631531,,,,,
816,4,椎骨(背)(体)(柱)(神经弓)(弓根)(棘突)(横突)，产伤,"vertebra, vertebral (back) (body) (column) (neural arch) (pedicle) (spinous process) (transverse process), birth injury",P11.5,0.9696840047836304,,,,,
816,3,关闭不全，宫颈(口)关闭不全，母体,"incompetency, incompetent cervix, cervical (os), maternal",,0.9931175708770752,,,,,
816,4,妊娠中，影响到胎儿或新生儿,"in pregnancy, affecting fetus or newborn",P01.0,0.9843667149543762,,,,,
816,3,过(度),"excess, excessive, excessively",,0.9923034310340881,,,,,
816,4,长脐带(缠绕)，影响到胎儿或新生儿,"long umbilical cord (entangled), affecting fetus or newborn",P02.5,0.9821017384529114,,,,,
816,4,大，胎儿或婴儿,"large, fetus or infant",P08.0,0.9170362949371338,,,,,
816,4,短脐带，影响到胎儿或新生儿,"short umbilical cord, affecting fetus or newborn",P02.6,0.9873886108398438,,,,,
816,3,过大胎儿,oversize fetus,P08.1,0.9637283086776733,,,,,
816,3,特大(超过4500克),exceptionally large(more than 4500 g),P08.0,0.9842760562896729,,,,,
816,4,引起胎盆不称，影响到胎儿或新生儿,"causing disproportion, affecting fetus or newborn",P03.1,0.9786512851715088,,,,,
816,3,过快,rapid,,0.9489615559577942,,,,,
816,4,第二产程(分娩)，影响到胎儿或新生儿,"second stage (delivery), affecting fetus or newborn",P03.5,0.9776366949081421,,,,,
816,4,心脏(搏动),heart(beat),,0.9625173211097717,,,,,
816,5,胎儿,fetal,P20.9,0.9794332385063171,,,,,
816,5,新生儿,newborn,P29.1,0.9632944464683533,,,,,
816,3,过熟儿(胎儿或新生儿),"hypermaturity, postmaturity, postmature(fetus or newborn)",P08.2,0.9964373111724854,,,,,
816,3,过月(妊娠)，婴儿,"postterm (pregnancy), infant",P08.2,0.9868177175521851,,,,,
816,3,过早,premature,,0.9654794931411743,,,,,
816,4,产程，新生儿 NEC,"labor, newborn NEC",P07.3,0.9592503309249878,,,,,
816,4,出生，新生儿NEC,"birth/delivery, newborn NEC",P07.3,0.9787278771400452,,,,,
816,4,破裂，胎膜或羊膜，影响到胎儿或新生儿,"rupture, membranes or amnion, affecting fetus or newborn",P01.1,0.9754705429077148,,,,,
816,3,黑粪，新生儿,"melena, newborn, neonatal",P54.1,0.9660778045654297,,,,,
816,4,由于吞咽母血引起的,due to swallowed maternal blood,P78.2,0.9899271726608276,,,,,
816,3,横(位),transverse,,0.9921931624412537,,,,,
816,4,产式,lie,,0.852242112159729,,,,,
816,5,分娩前，影响到胎儿或新生儿,"before labor, affecting fetus or newborn",P01.7,0.9777190685272217,,,,,
816,5,引起梗阻性分娩，影响到胎儿或新生儿,"causing obstructed labor, affecting fetus or newborn",P03.1,0.9640323519706726,,,,,
816,4,阻滞(深部)，产程中，影响到胎儿或新生儿,"arrest (deep), in labor, affecting fetus or newborn",P03.1,0.9611417651176453,,,,,
817,3,红斑(性),"erythema, erythematous",,0.9940162301063538,,,,,
817,3,新生儿,neonatorum,P83.8,0.9773815274238586,,,,,
817,4,皮疹,rash,P83.8,0.9640317559242249,,,,,
817,3,中毒性 NEC,"toxic, toxicum NEC",P83.1,0.9513352513313293,,,,,
817,3,红斑狼疮，系统性(盘状)(局限性),"lupus erythematosus, systemic (discoid) (local)",,0.994542121887207,,,,,
817,4,母体，影响到胎儿或新生儿,"maternal, affecting fetus or newborn",P00.8,0.9758914113044739,,,,,
817,3,红细胞增多(原发性)(猩红)(真性)，新生儿,"polycythemia (primary) (rubra) (vera), neonatorum",P61.1,0.9804819226264954,,,,,
817,3,喉痉挛(喘鸣性)，先天性,"laryngismus (stridulus), congenital",P28.8,0.9884694218635559,,,,,
817,3,呼吸产物，新生儿,"compromise, respiratory, newborn",P28.5,0.9966158866882324,,,,,
817,3,呼吸机能不全或不良，新生儿 NEC,"respiration, insufficient, or poor, newborn NEC",P28.5,0.9834098219871521,,,,,
817,3,呼吸急促，暂时性，新生儿,"tachypnea, transitory, of newborn",P22.1,0.9850519299507141,,,,,
817,3,呼吸疾患，新生儿,"catastrophe, catastrophy, cardiorespiratory, newborn",P28.8,0.9872308373451233,,,,,
817,3,呼吸窘迫综合征(新生儿),R.D.S. (newborn),P22.0,0.9949020743370056,,,,,
817,3,呼吸困难(夜间)(阵发性)，新生儿,"dyspnea (nocturnal) (paroxysmal), newborn",P22.8,0.9762554168701172,,,,,
817,3,呼吸停顿，新生儿,"standstill respiration, respiratory, newborn",P28.5,0.9842635989189148,,,,,
817,3,呼吸暂停(小发作)，新生儿 NEC,"apnea, apneic (spells), newborn NEC",P28.4,0.9513974189758301,,,,,
817,4,睡眠(原发性),sleep (primary),P28.3,0.9771720767021179,,,,,
817,3,化疗(期间)(为),chemotherapy(session)(for),,0.9824898838996887,,,,,
817,4,母体癌瘤，影响到胎儿或新生儿,"cancer, maternal, affecting fetus or newborn",P04.1,0.9799699187278748,,,,,
817,3,坏死(性)(缺血性)(坏死性),"necrosis, necrotic (ischemic) (necrotizing)",,0.9874994158744812,,,,,
817,4,母体肝(细胞),"liver (cell), maternal",,0.9294047951698303,,,,,
817,5,并发于妊娠或分娩，影响到胎儿或新生儿,"complicating pregnancy or childbirth, affecting fetus or newborn",P00.8,0.9632536768913269,,,,,
817,3,脐带，影响到胎儿或新生儿,"umbilical cord, affecting fetus or newborn",P02.6,0.9727614521980286,,,,,
817,4,肾(双侧),kidney(bilateral),,0.9213337302207947,,,,,
817,5,小管，并发于妊娠，影响到胎儿或新生儿,"tubular, complicating pregnancy, affecting fetus or newborn",P00.1,0.97021484375,,,,,
817,4,胎儿或新生儿皮下脂肪,"subcutaneous fat, fetus or newborn",P83.8,0.9605929851531982,,,,,
817,4,脂肪(全身性),fat(generalized),,0.9547826051712036,,,,,
817,4,皮下，由于产伤,"subcutaneous, due to birth injury",P15.6,0.9701807498931885,,,,,
817,3,环,ring(s),,0.9663376808166504,,,,,
817,4,班德尔，胎儿或新生儿,"Bandl's, fetus or newborn",P03.6,0.9740919470787048,,,,,
817,4,收缩(子宫)，并发于分娩，影响到胎儿或新生儿,"contraction, complicating delivery, affecting fetus or newborn",P03.6,0.9699888825416565,,,,,
817,4,缩复，子宫，病理性，影响到胎儿或新生儿,"retraction, uterus, pathological, affecting fetus or newborn",P03.6,0.9788128137588501,,,,,
817,3,换气不完全，肺(新生儿)NEC,"imperfect aeration, lung (newborn) NEC",P28.1,0.9682235717773438,,,,,
817,3,黄疸(黄色),jaundice(yellow),,0.9589883089065552,,,,,
817,4,核，新生儿-见起源于围生期的情况，新生儿胆红素脑病,"nuclear, newborn - see Conditions originating in the perinatal period, kernicterus of newborn",,0.9693201184272766,,,,,
817,4,母乳(抑制剂),breast-milk(inhibitor),P59.3,0.9740094542503357,,,,,
818,3,胎儿或新生儿(生理性),fetus or newborn(physiological),P59.9,0.959010124206543,,,,,
818,4,特指的原因NEC,specified cause NEC,P59.8,0.9718244075775146,,,,,
818,4,由于或与...有关,due to or associated with,,0.9428575038909912,,,,,
818,3,ABO,ABO,,0.9351292848587036,,,,,
818,3,抗体,antibodies,P55.1,0.9250090718269348,,,,,
818,4,同种免疫,isoimmunization,P55.1,0.9728434085845947,,,,,
818,3,血型不配合，母体/胎儿,"incompatibility, maternal/fetal",P55.1,0.9972116351127625,,,,,
818,3,Rh,Rh,,0.9881883263587952,,,,,
818,3,抗体,antibodies,P55.0,0.9670721888542175,,,,,
818,3,同种免疫,isoimmunization,P55.0,0.9531444311141968,,,,,
818,3,血型不配合，母体/胎儿,"incompatibility, maternal/fetal",P55.0,0.9737524390220642,,,,,
818,3,出血,bleeding,P58.1,0.94542396068573,,,,,
818,3,挫伤,bruising,P58.0,0.9639575481414795,,,,,
818,3,胆红素结合酶系统的缺失或不足(先天性),absence or deficiency of enzyme system for bilirubin conjugation (congenital),P59.8,0.9662756323814392,,,,,
818,3,胆汁浓缩综合征,inspissated bile syndrome,P59.1,0.9483786225318909,,,,,
818,4,肝细胞损伤,hepatocellular damage,P59.2,0.9505345821380615,,,,,
818,4,感染,infection,P58.2,0.8972004652023315,,,,,
818,4,过度溶血 NEC,excessive hemolysis NEC,P58.9,0.9133298397064209,,,,,
818,4,特指类型 NEC,specified type NEC,P58.8,0.9636580944061279,,,,,
818,3,红细胞增多,polycythemia,P58.3,0.9780077338218689,,,,,
818,3,结合反应延迟,delayed conjugation,P59.8,0.972565770149231,,,,,
818,4,与早产有关,associated with preterm delivery,P59.0,0.9835489392280579,,,,,
818,4,结合母乳抑制剂,breast milk inhibitors to conjugation,P59.3,0.9342756867408752,,,,,
818,3,同种免疫NEC,isoimmunization NEC,P55.9,0.9739286303520203,,,,,
818,4,吞咽母血,swallowed maternal blood,P58.5,0.9238555431365967,,,,,
818,4,血型不配合，母体/胎儿NEC,"incompatibility, maternal/fetal NEC",P55.9,0.967519223690033,,,,,
818,4,药物或毒素,drugs or toxins,,0.9544245004653931,,,,,
818,4,传给新生儿,given to newborn,P58.4,0.9166646599769592,,,,,
818,4,母体传播的,transmitted from mother,P58.4,0.9562503099441528,,,,,
818,4,遗传性溶血性贫血,hereditary hemolytic anemia,P58.8,0.9930568337440491,,,,,
818,5,早产,preterm delivery,P59.0,0.9765162467956543,,,,,
818,4,由于或与...有关,due to or associated with,,0.9456623196601868,,,,,
818,5,分娩中由于结合反应延迟而引起,delivery due to delayed conjugation,P59.0,0.9654039144515991,,,,,
818,5,早产,preterm delivery,P59.0,0.9804156422615051,,,,,
818,2,灰白综合征(新生儿),Gray syndrome(newborn),P93,0.9931178689002991,,,,,
818,3,毁胎以促进分娩,"destruction, live fetus to facilitate delivery (fetus)",P03.8,0.9914894700050354,,,,,
818,3,昏迷，新生儿,"coma, newborn",P91.5,0.9935210347175598,,,,,
818,3,活力缺乏，新生儿,"vitality, lack of, newborn",P96.8,0.9958773255348206,,,,,
819,3,机能不全，新生儿,"insufficiency, insufficient, newborn",,0.9929021596908569,,,,,
819,4,肺,"lung, pulmonary",P28.5,0.9657367467880249,,,,,
819,4,呼吸(急性),respiratory(acute),P28.5,0.9906221032142639,,,,,
819,4,胎盘，影响到胎儿或新生儿,"placental, affecting fetus or newborn",P02.2,0.9681455492973328,,,,,
819,4,通气、换气,"ventilation, ventilatory",P28.8,0.9779941439628601,,,,,
819,4,心肌(急性)(慢性),"myocardial, myocardium (acute) (chronic)",P29.0,0.9832876324653625,,,,,
819,4,心脏,heart,P29.0,0.9886616468429565,,,,,
819,4,循环NEC，胎儿或新生儿,"circulatory NEC, fetus or newborn",P29.8,0.98932284116745,,,,,
819,3,肌无力，重症肌无力，新生儿，短暂性,"myasthenia, myasthenic gravis, neonatal, transient",P94.0,0.981886625289917,,,,,
819,3,畸形(先天性)-另见起源于围生期的情况，异常,"malformation(congenital) - see also Conditions originating in the perinatal period, anomaly",,0.9898408651351929,,,,,
819,4,母体盆腔器官或组织NEC,"pelvic organs or tissues NEC, maternal",,0.9729212522506714,,,,,
819,5,在妊娠或分娩中，影响到胎儿或新生儿,"in pregnancy or childbirth, affecting fetus or newborn",P03.8,0.9757878184318542,,,,,
819,6,引起梗阻性分娩，影响到胎儿或新生儿,"causing obstructed labor, affecting fetus or newborn",P03.1,0.9599591493606567,,,,,
819,4,脐带NEC(并发于分娩),umbilical cord NEC(complicating delivery),,0.9866603016853333,,,,,
819,5,影响到胎儿或新生儿,affecting fetus or newborn,P02.6,0.9714925289154053,,,,,
819,3,急产，影响到胎儿或新生儿,"precipitate labor or delivery, affecting fetus or newborn",P03.5,0.9800585508346558,,,,,
819,3,疾患-另见 起源于围生期的情况，病,"disorder(of) - see also Conditions originating in the perinatal period, disease",,0.9749905467033386,,,,,
819,4,凝血(因子),coagulation (factor),,0.9724596738815308,,,,,
819,5,母体产前伴有出血，影响到胎儿或新生儿,"antepartum with hemorrhage, maternal, affecting fetus or newborn",P02.1,0.9756765365600586,,,,,
819,5,新生儿，短暂性,"newborn, transient",P61.6,0.9581469297409058,,,,,
819,4,胎儿或新生儿,fetus or newborn,P96.9,0.9789479374885559,,,,,
819,5,皮肤,skin,P83.9,0.9419594407081604,,,,,
819,6,特指的 NEC,specified NEC,P83.8,0.9543479681015015,,,,,
819,5,体被,integument,P83.9,0.9411779642105103,,,,,
819,6,特指的NEC,specified NEC,P83.8,0.956179678440094,,,,,
819,5,体温调节,temperature regulation,P81.9,0.9697160720825195,,,,,
819,6,特指的 NEC,specified NEC,P81.8,0.9480382204055786,,,,,
819,5,特指的NEC,specified NEC,P96.8,0.98650062084198,,,,,
819,5,消化(系统),digestive(system),P78.9,0.9735063314437866,,,,,
819,6,特指的NEC,specified NEC,P78.8,0.9747064113616943,,,,,
819,5,血液学,hematological,P61.9,0.9853590726852417,,,,,
819,6,特指的 NEC,specified NEC,P61.8,0.9621720910072327,,,,,
819,4,新生儿,neonatal,,0.8475369215011597,,,,,
819,5,氨基酸，暂时性,"amino-acid, transitory",P74.8,0.9167045950889587,,,,,
819,5,出血性 NEC,hemorrhagic NEC,P53,0.9104853272438049,,,,,
819,5,发作[惊厥],seizure,P90,0.9714364409446716,,,,,
820,5,肌肉紧张度,muscle tone,P94.9,0.9700673818588257,,,,,
820,6,特指的 NEC,specified NEC,P94.8,0.963757336139679,,,,,
820,5,甲状(腺)功能NEC，暂时性,"thyroid (gland) function NEC, transitory",P72.2,0.9750739932060242,,,,,
820,5,喂养,feeding,P92.9,0.9651917815208435,,,,,
820,4,羊膜或羊水，影响到胎儿或新生儿,"membranes or fluid, amniotic, affecting fetus or newborn",P02.9,0.9701986908912659,,,,,
820,3,脊髓出血(中心性)，胎儿或新生儿(产伤),"hematomyelia (central), fetus or newborn (birth injury)",P11.5,0.9935742616653442,,,,,
820,3,脊髓灰质炎(急性)(前角)(流行性)，先天性,"poliomyelitis (acute) (anterior) (epidemic), congenital",P35.8,0.9864650368690491,,,,,
820,3,脊椎关节强硬，母体,"spondylosis, maternal",,0.9858652353286743,,,,,
820,4,伴有胎盆不称，影响到胎儿或新生儿,"with disproportion (fetopelvic), affecting fetus or newborn",P03.1,0.9603446125984192,,,,,
820,3,脊椎滑脱，母体，腰骶区,"spondylolysis, maternal, lumbosacral region",,0.9971631169319153,,,,,
820,4,伴有胎盆不称，影响到胎儿或新生儿,"with disproportion (fetopelvic), affecting fetus or newborn",P03.1,0.9687584042549133,,,,,
820,3,脊椎前移，母体(后天性),"spondylolisthesis, maternal (acquired)",,0.9971928000450134,,,,,
820,4,伴有胎盆不称，影响到胎儿或新生儿,"with disproportion (fetopelvic), affecting fetus or newborn",P03.1,0.9806641936302185,,,,,
820,3,甲状旁腺功能减退症，新生儿，暂时性,"hypoparathyroidism, neonatal, transitory",P71.4,0.9948856830596924,,,,,
820,3,甲状腺毒症，新生儿,"thyrotoxicosis, neonatal",P72.1,0.9953535199165344,,,,,
820,3,甲状腺功能减退症(后天性)，新生儿，暂时性,"hypothyroidism (acquired), neonatal, transitory",P72.2,0.9920273423194885,,,,,
820,3,甲状腺功能亢进症(淡漠型)(潜伏性)(成人前的)(复发性)，新生儿，暂时性,"hyperthyroidism (apathetic) (latent) (pre-adult) (recurrent), neonatal, transitory",P72.1,0.9855169057846069,,,,,
820,3,甲状腺肿(游动性)(胸骨后),goiter(plunging)(substernal),,0.9943692684173584,,,,,
820,4,先天性(非毒性)，暂时性，伴有正常功能,"congenital (nontoxic), transitory, with normal functioning",P72.0,0.9856691956520081,,,,,
820,4,新生儿 NEC,neonatal NEC,P72.0,0.9612346291542053,,,,,
820,3,假麻痹，无张力性，先天性,"pseudoparalysis, atonic, congenital",P94.2,0.9983397126197815,,,,,
820,3,假硬化病，新生儿,"pseudosclerema, newborn",P83.8,0.9791992902755737,,,,,
820,3,假月经(新生儿),"pseudomenses, pseudomenstruation (newborn)",P54.6,0.9901369214057922,,,,,
820,3,肩嵌顿，影响到胎儿或新生儿,"impaction, impacted shoulder, affecting fetus or newborn",P03.1,0.9984176754951477,,,,,
820,3,交替脉或三联律,pulsus alternans or trigeminus,,0.9995241761207581,,,,,
820,4,胎儿,fetal,P20.9,0.9757553339004517,,,,,
820,4,新生儿,newborn,P29.1,0.9909005165100098,,,,,
820,3,节律障碍(心脏)，新生儿,"dysrhythmia (cardiac), newborn",P29.1,0.9690495729446411,,,,,
820,3,结核，结核性(干酪样)(变性)(坏疽)(坏死),"tuberculosis, tubercular, tuberculous (caseous) (degeneration) (gangrene) (necrosis)",,0.9975709915161133,,,,,
820,4,母体，并发于妊娠或分娩，影响到胎儿或新生儿,"maternal, complicating pregnancy or childbirth, affecting fetus or newborn",P00.2,0.9756466150283813,,,,,
820,4,先天性,congenital,P37.0,0.9782058596611023,,,,,
821,3,结膜炎(见于)(由于),conjunctivitis(in)(due to),,0.9910789132118225,,,,,
821,4,新生儿,neonatal,P39.1,0.9713171124458313,,,,,
821,3,衣原体性,chlamydial,P39.1,0.9834471344947815,,,,,
821,3,截瘫(下肢)，新生儿,"paraplegia (lower), newborn",P91.8,0.9702733159065247,,,,,
821,4,产伤,birth injury,P11.9,0.9689292907714844,,,,,
821,3,戒断状态、症状、综合征，新生儿,"withdrawal state, symptoms, syndrome, newborn",,0.9910667538642883,,,,,
821,4,恰当使用正确的治疗物质,correct therapeutic substance properly administered,P96.2,0.9782635569572449,,,,,
821,4,有药瘾母亲的婴儿,infant of dependent mother,P96.1,0.9698364734649658,,,,,
821,4,治疗性物质，新生儿,"therapeutic substance, neonatal",P96.2,0.990436851978302,,,,,
821,3,浸软胎儿或新生儿(原因未述及),maceration of fetus or newborn (cause not stated),P95,0.9904829263687134,,,,,
821,3,惊厥(特发性)，新生儿,"convulsions(idiopathic)/fit, newborn",P90,0.9651232361793518,,,,,
821,3,痉挛(性)(状态)(另见情况),"spasm(s), spastic, spasticity(see also condition)",,0.9979126453399658,,,,,
821,4,宫颈，母体，并发于分娩，影响到胎儿或新生儿,"cervix, maternal, complicating delivery, affecting fetus or newborn",P03.6,0.966654896736145,,,,,
821,4,子宫，母体，并发于分娩，影响到胎儿或,"uterus, maternal, complicating labor, affecting",,0.9783319234848022,,,,,
821,5,新生儿,fetus or newborn,P03.6,0.9846211671829224,,,,,
821,3,静脉曲张(破裂)，脐带，影响到胎儿或新生儿,"varicose vein/ varix (ruptured), umbilical cord, affecting fetus or newborn",P02.6,0.9978565573692322,,,,,
821,3,窘迫,"distress, embarrassment",,0.9915488958358765,,,,,
821,4,胎儿(综合征),fetal (syndrome),P20,0.9889718890190125,,,,,
821,5,首先察觉到,first noted,,0.9470031261444092,,,,,
821,6,在产程开始前,before onset of labor,P20.0,0.9841323494911194,,,,,
821,6,在产程和分娩中,during labor and delivery,P20.1,0.9805172085762024,,,,,
821,4,心脏,cardiac,,0.7964235544204712,,,,,
821,5,先天性,congenital,P20.9,0.9561799168586731,,,,,
821,5,新生儿,newborn,P29.8,0.979566752910614,,,,,
821,4,新生儿,newborn,,0.8135294914245605,,,,,
821,5,呼吸,respiratory,P22.9,0.9900497198104858,,,,,
821,6,特指的 NEC,specified NEC,P22.8,0.9500836730003357,,,,,
821,5,心肺,cardiopulmonary,P96.8,0.9584837555885315,,,,,
821,5,心脏呼吸[呼吸循环],cardiorespiratory,P96.8,0.9823244214057922,,,,,
821,5,循环,circulatory,P96.8,0.9821400046348572,,,,,
821,4,子宫内-见起源于围生期的情况，窘迫，胎儿,"intrauterine —see Conditions originating in the perinatal period, distress,fetal",,0.9289647936820984,,,,,
821,3,酒精中毒(急性)(慢性)，并发于妊娠或分娩,"alcoholism (acute) (chronic), complicating pregnancy or childbirth",,0.9956815838813782,,,,,
821,4,影响到胎儿或新生儿,affecting fetus or newborn,P04.3,0.9645740389823914,,,,,
821,3,剧吐(另见起源于围生期的情况，呕吐),"hyperemesis(see also Conditions originating in the perinatal period, vomiting)",,0.9862186908721924,,,,,
821,4,妊娠性，母体(轻度)，影响到胎儿或新生儿,"gravidarum, maternal (mild), affecting fetus or newborn",P01.8,0.9594404101371765,,,,,
822,3,菌血症,bacteremia,,0.951738715171814,,,,,
822,4,由于细菌病原体NEC-另见起源于围生期的情况，感染，按特指病原体,"due to bacterial organisms NEC - see also Conditions originating in the perinatal period, infection, by specified organism",,0.9688325524330139,,,,,
822,5,新生儿,newborn,P36.9,0.9507297873497009,,,,,
822,3,咯血，新生儿,"hemoptysis, newborn",P26.9,0.9615321755409241,,,,,
822,3,抗体(血型)(另见起源于围生期的情况，不配合),"antibodies(blood group)(see also Conditions originating in the perinatal period, incompatibility)",,0.9976251125335693,,,,,
822,4,抗-D，胎儿或新生儿,"anti-D, fetus or newborn",P55.0,0.968704879283905,,,,,
822,2,克隆普克(-德热里纳)瘫痪[麻痹](出生)(新生儿),"Klumpke(-Déjerine) palsy, paralysis (birth) (newborn)",P14.1,0.9674683809280396,,,,,
822,3,克汀病，呆小病(先天性)(地方性)(非甲状腺肿)(散发性),"cretin, cretinism(congenital)(endemic)(nongoitrous) (sporadic)",,0.9951049089431763,,,,,
822,4,母体骨盆，伴有胎盆不称，影响到胎儿或新生儿,"pelvis, maternal, with disproportion(fetopelvic), affecting fetus or newborn",P03.1,0.9514948129653931,,,,,
822,3,宽颅缝，新生儿,"wide cranial sutures, newborn",P96.3,0.9755851626396179,,,,,
822,3,溃疡(形成),"ulcer, ulcerated, ulcerating, ulceration, ulcerative",,0.9945992231369019,,,,,
822,4,肠，穿孔性，胎儿或新生儿,"intestine, intestinal, perforating, fetus or newborn",P78.0,0.983351469039917,,,,,
822,4,消化道(部位未特指)，新生儿,"peptic (site unspecified), newborn",P78.8,0.9775800108909607,,,,,
822,3,困难(于),"difficult, difficulty(in)",,0.9940578937530518,,,,,
822,3,分娩[难产]，影响到胎儿或新生儿,"birth, affecting fetus or newborn",P03.9,0.9670292139053345,,,,,
822,4,喂养，新生儿,"feeding, newborn",P92.9,0.9821630716323853,,,,,
822,5,母乳,breast,P92.5,0.9824432134628296,,,,,
822,5,特指的NEC,specified NEC,P92.8,0.9900239706039429,,,,,
822,4,新生儿呼吸,"respiratory, newborn",P28.8,0.9805857539176941,,,,,
822,3,泪囊炎(急性)(蜂窝织炎性)，新生儿,"dacryocystitis (acute) (phlegmonous), neonatal",P39.1,0.9954943656921387,,,,,
822,3,类人猿骨盆，母体,"anthropoid pelvis, maternal",,0.9973458647727966,,,,,
822,4,伴有胎盆不称，影响到胎儿或新生儿,"with disproportion(fetopelvic), affecting fetus or newborn",P03.1,0.9846765995025635,,,,,
822,3,冷伤综合征(新生儿),cold injury syndrome (newborn),P80.0,0.9955136179924011,,,,,
822,3,利斯特菌病，先天性(播散性),"listeriosis, listerellosis, congenital (disseminated)",P37.2,0.99431312084198,,,,,
822,4,胎儿,fetal,P37.2,0.9914286732673645,,,,,
822,4,新生儿(播散性),neonatal (disseminated),P37.2,0.9846423864364624,,,,,
822,3,连枷胸，新生儿(产伤),"flail chest, newborn (birth injury)",P13.8,0.9979888200759888,,,,,
822,3,淋巴结病(全身性)，由于弓形虫病,"lymphadenopathy (generalized), due to toxoplasmosis",,0.997044563293457,,,,,
822,4,先天性(急性)(慢性)(亚急性),congenital(acute)(chronic)(subacute),P37.1,0.9747337102890015,,,,,
822,3,淋病(急性)(慢性),gonorrhea(acute)(chronic),,0.9879449009895325,,,,,
822,4,母体，并发于妊娠或分娩,"maternal, complicating pregnancy or childbirth",,0.9626007676124573,,,,,
822,5,影响到胎儿或新生儿,affecting fetus or newborn,P00.2,0.9873250722885132,,,,,
822,3,淋球菌(病)(感染)(另见情况),"gonococcus, gonococcal(disease)(infection)(see also condition)",,0.9966031312942505,,,,,
822,4,母体，并发于妊娠或分娩,"maternal, complicating pregnancy or childbirth",,0.9733601808547974,,,,,
822,5,影响到胎儿或新生儿,affecting fetus or newborn,P00.2,0.9927282929420471,,,,,
823,3,流产(完全)(不完全),abortion(complete)(incomplete),,0.9822633266448975,,,,,
823,4,合法(人工)，胎儿,"legal (induced), fetus",P96.4,0.9531832337379456,,,,,
823,4,胎儿或新生儿,fetus or newborn,P96.4,0.9740565419197083,,,,,
823,4,习惯性或复发性，伴有近期流产，胎儿,"habitual or recurrent, with current abortion, fetus",P01.8,0.9922301173210144,,,,,
823,4,先兆(自然)，影响到胎儿或新生儿,"threatened (spontaneous), affecting fetus or newborn",P01.8,0.9652789831161499,,,,,
823,4,医疗性，胎儿,"medical, fetus",P96.4,0.9820876717567444,,,,,
823,4,治疗性，胎儿,"therapeutic, fetus",P96.4,0.98002690076828,,,,,
823,4,自然，胎儿,"spontaneous, fetus :8",P01.8,0.989389181137085,,,,,
823,5,先兆，影响到胎儿或新生儿,"threatened, affecting fetus or newborn",P01.8,0.9897395372390747,,,,,
823,3,流产者，习惯性或复发性NEC,"aborter, habitual or recurrent NEC",,0.9924716949462891,,,,,
823,4,近期流产，影响到胎儿或新生儿,"current abortion, affecting fetus or newborn",P01.8,0.9923607707023621,,,,,
823,3,流感(具体病毒未证实),influenza(specific virus not identified),,0.9938739538192749,,,,,
823,3,母体，影响到胎儿或新生儿,"maternal, affecting fetus or newborn",P00.2,0.9898175597190857,,,,,
823,3,漏斗骨盆，母体(后天性),"funnel pelvis, maternal (acquired)",,0.9939548373222351,,,,,
823,4,伴有胎盆不称，影响到胎儿或新生儿,"with disproportion(fetopelvic), affecting fetus or newborn",P03.1,0.9860977530479431,,,,,
823,3,漏气(支气管)(胸腔内)(肺)(胸膜)(胸腔)，新生儿,"leak, leakage of air (bronchus) (intrathoracic) (lung) (pleural) (pulmonary) (thorax), newborn",P25.1,0.9966661334037781,,,,,
823,3,颅骨软化(原因不明)，新生儿,"craniotabes (cause unknown), neonatal",P96.3,0.9672723412513733,,,,,
823,3,挛缩,"contraction, contracture, contracted",,0.993736982345581,,,,,
823,4,班德尔环[病理性子宫收缩环](并发于分娩)，影响到胎儿或新生儿,"ring (Bandl's) (complicating delivery), affecting fetus or newborn",P03.6,0.9797752499580383,,,,,
823,4,母体骨盆(后天性)(全身性),"pelvis, maternal (acquired) (general)",,0.956390380859375,,,,,
823,5,伴有胎盆不称，影响到胎儿或新生儿,"with disproportion (fetopelvic), affecting fetus or newborn",P03.1,0.974025309085846,,,,,
823,4,母体子宫异常NEC，影响到胎儿或新生儿,"uterus, maternal, abnormal NEC, affecting fetus or newborn",P03.6,0.9717022776603699,,,,,
823,4,沙漏状子宫(并发于分娩)，影响到胎儿或新生儿,"hourglass uterus (complicating delivery), affecting fetus or newborn",P03.6,0.9785893559455872,,,,,
823,3,酪氨酸血症，新生儿，暂时性,"tyrosinemia, newborn, transitory",P74.5,0.9924954175949097,,,,,
823,3,麻痹，瘫痪(完全性)(不完全性),"paralysis/palsy, paralytic(complete)(incomplete)",,0.9888488054275513,,,,,
823,3,埃尔布(-迪谢内)(出生)(新生儿),Erb(-Duchenne)(birth)(newborn),P14.0,0.9819322824478149,,,,,
823,4,臂丛NEC，产伤,"brachial plexus NEC, birth injury",P14.3,0.9685357809066772,,,,,
823,5,新生儿,newborn,P14.3,0.9636614918708801,,,,,
823,3,产伤,birth injury,P14.9,0.9811452627182007,,,,,
823,4,迪谢内[脊髓性肌萎缩]，产伤,"Duchenne's, birth injury",P14.0,0.9840607643127441,,,,,
823,3,克隆普克(-德热里纳)(产伤)(新生儿),Klumpke(-Déjerine)(birth injury)(newborn),P14.1,0.9670833945274353,,,,,
823,4,面(神经)，产伤,"facial (nerve), birth injury",P11.3,0.9478707909584045,,,,,
823,5,新生儿,newborn,P11.3,0.9652071595191956,,,,,
823,4,桡神经，产伤(新生儿),"radial nerve, birth injury (newborn)",P14.3,0.9886536002159119,,,,,
823,4,神经,nerve,,0.9309787154197693,,,,,
823,4,产伤,birth injury,P14.9,0.984937310218811,,,,,
823,5,第七[面](产伤)(新生儿),seventh or facial (birth injury) (newborn),P11.3,0.9543208479881287,,,,,
824,5,膈(产伤)(新生儿),phrenic (birth injury) (newborn),P14.2,0.9703943729400635,,,,,
824,5,面，产伤(新生儿),"facial, birth injury (newborn)",P11.3,0.9453997015953064,,,,,
824,5,桡，产伤(新生儿),"radial, birth injury (newborn)",P14.3,0.9509007930755615,,,,,
824,5,新生儿(产伤),newborn(birth injury),P14.9,0.9662266969680786,,,,,
824,4,新生儿,newborn,P91.8,0.978751540184021,,,,,
824,5,产伤,birth injury,P11.9,0.9720774292945862,,,,,
824,3,脉(搏),pulse,,0.9411476254463196,,,,,
824,4,二联,bigeminal,,0.8084328770637512,,,,,
824,5,胎儿,fetal,P20.9,0.9865942597389221,,,,,
824,5,新生儿,newborn,P29.1,0.9453983306884766,,,,,
824,4,交替,alternating,,0.7802966237068176,,,,,
824,5,胎儿,fetal,P20.9,0.9617946147918701,,,,,
824,5,新生儿,newborn,P29.1,0.9726566076278687,,,,,
824,3,脉络膜视网膜炎，由于弓形虫病，先天性(活动性),"chorioretinitis, in toxoplasmosis, congenital (active)",P37.1+ H32.0*,0.9631281495094299,,,,,
824,3,慢,slow,,0.9556127786636353,,,,,
824,4,进食，新生儿,"feeding, newborn",P92.2,0.9604257941246033,,,,,
824,3,胎儿生长 NEC,fetal growth NEC,P05.9,0.954605221748352,,,,,
824,4,心(跳),heart(beat),,0.8454952239990234,,,,,
824,5,胎儿,fetal,P20.9,0.9526922702789307,,,,,
824,5,新生儿,newborn,P29.1,0.9821779727935791,,,,,
824,3,梅毒(性)，母体(后天性)，影响到胎儿或新生儿,"syphilis, syphilitic, maternal (acquired), affecting fetus or newborn",P00.2,0.9938352108001709,,,,,
824,4,并发于妊娠或分娩,complicating pregnancy or childbirth,P00.2,0.9953879117965698,,,,,
824,2,米基迪-威尔逊病或综合征[肺发育未成熟],Mikity-Wilson disease or syndrome,P27.0,0.9928199052810669,,,,,
824,3,免疫,immunization,,0.9627504348754883,,,,,
824,4,ABO(另见起源于围生期的情况，同种免疫，ABO),"ABO(see also Conditions originating in the perinatal period, isoimmunization, ABO)",,0.99163419008255,,,,,
824,5,胎儿或新生儿，影响妊娠处理,"affecting management of pregnancy, in fetus or newborn",P55.1,0.9876292943954468,,,,,
824,3,面先露，影响到胎儿或新生儿,"face, facial presentation, affecting fetus or newborn",P01.7,0.9779269099235535,,,,,
824,3,母体情况，影响到胎儿或新生儿,"maternal condition, affecting fetus or newborn",P00.9,0.9786399602890015,,,,,
824,3,癌瘤化疗,cancer chemotherapy,P04.1,0.990727961063385,,,,,
824,4,扁骨盆，伴有胎盆不称,"platypelloid pelvis, with disproportion(fetopelvic)",,0.9629461169242859,,,,,
824,3,影响到胎儿或新生儿,affecting fetus or newborn,P03.1,0.9693695902824402,,,,,
824,3,暴露于环境中化学物质,exposure to environmental chemical substances,P04.6,0.9956250190734863,,,,,
824,3,出血，孕期,"hemorrhage, gestational",P02.1,0.9876652359962463,,,,,
824,3,"传染性疾病和寄生虫病(在A00-B99,J10-J11中的情况)","infectious and parasitic diseases (conditions in A00-B99,J10-J11)",P00.2,0.9911336302757263,,,,,
824,3,蛋白尿,proteinuria,P00.1,0.9518585801124573,,,,,
825,3,毒血症(妊娠的),toxemia(of pregnancy),P00.0,0.9643100500106812,,,,,
825,4,风湿性心脏病(慢性)(在I05-I09中的情况),rheumatic heart disease(chronic)(conditions in 105-),P00.3 I09,0.9493871927261353,,,,,
825,4,风疹(在中的情况),rubella(conditions in ),B06 P00.2,0.9884677529335022,,,,,
825,4,婴儿或胎儿的风疹表现,manifest rubella in the infant or fetus,P35.0,0.977512538433075,,,,,
825,3,肝坏死,necrosis of liver,P00.8,0.9504842758178711,,,,,
825,4,肝炎，急性，恶性或亚急性,"hepatitis, acute, malignant or subacute",P00.8,0.9891152381896973,,,,,
825,3,"高血压(在-011,013-中的情况)","hypertension(conditions in O10-O11, O13-O16)",O10 O16 P00.0,0.9089713096618652,,,,,
825,3,弓形虫病(在 中的情况),toxoplasmosis(conditions in),B58 P00.2,0.9722129702568054,,,,,
825,4,婴儿或胎儿的弓形虫病(急性)(慢性)(亚急性)表现,manifest toxoplasmosis (acute)(chronic) (subacute) in the infant or fetus,P37.1,0.9647315740585327,,,,,
825,3,呼吸道疾病(在J00-J99，Q30-Q34中的情况),"respiratory disease(conditions in J00-J99, Q30-Q34)",P00.3,0.9798456430435181,,,,,
825,4,化学物质经胎盘传递(另见起源于围生期的情况，吸收不良，化学(物质)，经胎盘),"transmission of chemical substance through the placenta (see also Conditions arising in the perinatal period, absorption, chemical, through placenta)",P04.8,0.9750704169273376,,,,,
825,3,急性黄色肝萎缩,acute yellow atrophy of liver,P00.8,0.9851433038711548,,,,,
825,3,疾病 NEC,disease NEC,P00.9,0.9664899706840515,,,,,
825,4,脊柱侧弯性骨盆伴有胎盆不称,scoliotic pelvis with disproportion(fetopelvic),,0.9599842429161072,,,,,
825,3,影响到胎儿或新生儿,affecting fetus or newborn,P03.1,0.984343945980072,,,,,
825,3,剧吐(妊娠性),hyperemesis(gravidarum),P01.8,0.9723570942878723,,,,,
825,3,流感,influenza,P00.2,0.9681018590927124,,,,,
825,4,婴儿的流感表现,manifest influenza in the infant,P35.8,0.9798989295959473,,,,,
825,4,麻醉或痛觉缺失,anesthesia or analgesia,P04.0,0.9859443306922913,,,,,
825,4,梅毒(在A50-A53中的情况),syphilis (conditions in A50-A53),P00.2,0.9880695343017578,,,,,
825,3,泌尿道情况(在N00-N39中的情况),urinary tract conditions(conditions in N00-N39),P00.1,0.9776354432106018,,,,,
825,4,男性型骨盆/男性样骨盆,male type pelvis/android pelvis,,0.964293360710144,,,,,
825,5,伴有胎盆不称，影响到胎儿或新生儿,"with disproportion(fetopelvic), affecting",,0.9713833332061768,,,,,
825,5,on,fetus or newborn,P03.1,0.8708909153938293,,,,,
825,4,尿毒症,uremia,P00.1,0.9787412881851196,,,,,
825,4,疟疾,malaria,P00.2,0.9868672490119934,,,,,
825,5,婴儿或胎儿的疟疾表现 NEC,manifest malaria NEC in infant or fetus,P37.4,0.9667127728462219,,,,,
825,6,恶性,falciparum,P37.3,0.9686775803565979,,,,,
825,4,呕吐(恶性)(持续性)(不良),vomiting(pernicious)(persistent)(vicious),P01.8,0.9661250710487366,,,,,
825,4,妊娠并发症NEC,complication of pregnancy NEC,P01.9,0.9662265777587891,,,,,
825,4,绒毛膜羊膜炎,chorioamnionitis,P02.7,0.9301143884658813,,,,,
825,4,肾病变或肾衰竭,renal disease or failure,P00.1,0.9848695397377014,,,,,
825,4,肾皮质坏死,cortical necrosis of kidney,P00.1,0.9832871556282043,,,,,
825,4,肾小球疾病(在N00-N08 中的情况),glomerular diseases(conditions in N00-N08),P00.1,0.9825294017791748,,,,,
825,4,肾炎、肾病综合征和肾病(在N00-N08中的情况),"nephritis, nephrotic syndrome and nephrosis (conditions in N00-N08)",P00.1,0.9871267080307007,,,,,
826,4,肾盂炎或肾盂肾炎,pyelitis or pyelonephritis,P00.1,0.9409364461898804,,,,,
826,4,生殖道感染 NEC,genital tract infections NEC,P00.8,0.9662834405899048,,,,,
826,4,失血(孕期),blood loss(gestational),P02.1,0.9457164406776428,,,,,
826,4,双角子宫，在妊娠或分娩中,"bicornate or bicornis uterus, in pregnancy or childbirth",,0.968859851360321,,,,,
826,5,影响到胎儿或新生儿,affecting fetus or newborn,P03.8,0.9690579175949097,,,,,
826,4,死亡,death,P01.6,0.9421390891075134,,,,,
826,4,损伤(在S00-T79中的情况),injury(conditions in S00-T79),P00.5,0.9816756844520569,,,,,
826,4,糖尿病(在E10-E14中的情况),diabetes mellitus(conditions in E10-E14),P70.1,0.9826573729515076,,,,,
826,4,吸烟,tobacco use,P04.2,0.9567521810531616,,,,,
826,3,细胞[中]毒类药,cytotoxic drug,P04.1,0.9429994821548462,,,,,
826,4,先天性心脏病(在Q20-Q24中的情况),congenital heart disease(conditions in Q20-Q24),P00.3,0.9862692952156067,,,,,
826,4,先兆子痫,pre-eclampsia,P00.0,0.983469545841217,,,,,
826,4,悬吊子宫，在妊娠或分娩中,"suspended uterus, in pregnancy or childbirth",,0.9611788392066956,,,,,
826,5,引起梗阻性分娩，影响到胎儿或新生儿,"causing obstructed labor, affecting fetus or newborn",P03.1,0.9647148251533508,,,,,
826,4,血栓性静脉炎,thrombophlebitis,P00.3,0.9292243123054504,,,,,
826,4,"循环系疾病(在I00-I99,Q20-Q28中的情况)","circulatory disease(conditions in 100-199, Q20-Q28)",P00.3,0.9703587293624878,,,,,
826,4,药物滥用,drug abuse,P04.4,0.9468407034873962,,,,,
826,4,以前的子宫或盆腔器官手术,"previous surgery, uterus or pelvic organs",P03.8,0.9847618341445923,,,,,
826,4,阴道隔,septate vagina,P03.8,0.9540795087814331,,,,,
826,4,阴道狭窄,stenosis or stricture of vagina,P03.8,0.9935462474822998,,,,,
826,4,饮酒,alcohol use,P04.3,0.9851818084716797,,,,,
826,4,营养不良,malnutrition,P00.4,0.9720819592475891,,,,,
826,4,营养疾患(在E40-E64中的情况),nutritional disorder(conditions in E40-E64),P00.4,0.992103636264801,,,,,
826,4,有害物质经母乳或胎盘传播,noxious influence transmitted via breast milk or placenta,P04.9,0.9866554737091064,,,,,
826,5,特指的 NEC,specified NEC,P04.8,0.960491955280304,,,,,
826,4,与近期妊娠无关的手术,operation/surgery unrelated to current pregnancy,P00.6,0.9867798089981079,,,,,
826,5,对子宫或盆腔器官,to uterus or pelvic organs,P03.8,0.9638934135437012,,,,,
826,4,猿样骨盆，伴有胎盆不称,"pithecoid pelvis, with disproportion(fetopelvic)",,0.9578276872634888,,,,,
826,3,影响到胎儿或新生儿,affecting fetus or newborn,P03.1,0.994245707988739,,,,,
826,4,子宫内圈,intrauterine coil,P01.8,0.965287446975708,,,,,
826,3,子痫,eclampsia,P00.0,0.9891899824142456,,,,,
826,3,难产,dystocia,,0.9486232399940491,,,,,
826,4,宫口梗阻性，母体(低张性)，影响到胎儿或新生儿,"cervical, maternal (hypotonic), affecting fetus or newborn",P03.6,0.9661591649055481,,,,,
826,4,肩(带)，影响到胎儿或新生儿,"shoulder (girdle), affecting fetus or newborn",P03.1,0.9440440535545349,,,,,
826,4,母体，影响到胎儿或新生儿,"maternal, affecting fetus or newborn",P03.1,0.9671306610107422,,,,,
826,4,胎儿，影响到胎儿或新生儿,"fetal, fetus, affecting fetus or newborn",P03.1,0.956577479839325,,,,,
827,4,胎位性，影响到胎儿或新生儿,"positional, affecting fetus or newborn",P03.1,0.9815109968185425,,,,,
827,4,影响到胎儿或新生儿,affecting fetus or newborn,P03.1,0.9708415865898132,,,,,
827,4,子宫NEC，母体，影响到胎儿或新生儿,"uterine NEC, maternal, affecting fetus or newborn",P03.6,0.9831842184066772,,,,,
827,4,子宫收缩环，母体，影响到胎儿或新生儿,"contraction ring, maternal, affecting fetus or newborn",P03.6,0.9691198468208313,,,,,
827,3,难以生存的(新生儿)(无法生存的),incompatible with life (newborn) (nonviable),P07.2,0.9938427805900574,,,,,
827,3,囊肿(胶样)(粘液性)(潴留)(单纯性),cyst(colloid)(mucous)(retention)(simple),,0.9871844053268433,,,,,
827,4,新生儿脑室周，后天性,"periventricular, acquired, newborn",P91.1,0.9797438383102417,,,,,
827,3,脑病(急性)(大脑),encephalopathy (acute) (cerebral),,0.9874082207679749,,,,,
827,4,产伤性,in birth injury,P11.1,0.9506025314331055,,,,,
827,4,缺血性,ischemic,,0.881814181804657,,,,,
827,5,新生儿,newborn,P91.0,0.9499213695526123,,,,,
827,5,缺氧性,anoxic(hypoxic),P21.9,0.9675634503364563,,,,,
827,3,新生儿高胆红素血症性,"hyperbilirubinemic, newborn",P57.9,0.981895923614502,,,,,
827,4,由于同种免疫( 中的情况),due toisoimmunization(conditions in),P55 P57.0,0.9871215224266052,,,,,
827,3,脑积水(后天性)(外部的)(内部的)(恶性)(复发性),hydrocephalus(acquired)(external)(internal) (malignant) (recurrent),,0.9888466596603394,,,,,
827,4,引起胎盆不称，影响到胎儿或新生儿,"causing disproportion, affecting fetus or newborn",P03.1,0.9751434922218323,,,,,
827,3,由于弓形虫病(先天性),due to toxoplasmosis(congenital),P37.1,0.9741625189781189,,,,,
827,3,脑脊膜脑脊髓炎，由于弓形虫或弓形虫病引起的，先天性,"meningoencephalomyelitis, due to toxoplasma or toxoplasmosis, congenital",P37.1+ G05.2*,0.9725815653800964,,,,,
827,3,粘液性,mucus,,0.948718249797821,,,,,
827,4,栓塞,plug,,0.8387511968612671,,,,,
827,5,气管支气管，新生儿,"tracheobronchial, newborn",P24.1,0.967755913734436,,,,,
827,4,吸入，新生儿,"aspiration, newborn",P24.1,0.9543519020080566,,,,,
827,4,窒息，新生儿,"asphyxia or suffocation, newborn",P24.1,0.9674919843673706,,,,,
827,3,念珠菌病，念珠菌性,"candidiasis/moniliasis, candidal",,0.9916869401931763,,,,,
827,3,先天性,congenital,P37.5,0.9627617001533508,,,,,
827,3,新生儿,neonatal,P37.5,0.9584411978721619,,,,,
827,3,尿毒症，尿毒症性(昏迷),"uremia, uremic(coma)",,0.9888312816619873,,,,,
827,3,母体NEC，影响到胎儿或新生儿,"maternal NEC, affecting fetus or newborn",P00.1,0.976540744304657,,,,,
827,3,先天性,congenital,P96.0,0.9693157076835632,,,,,
827,3,新生儿,newborn,P96.0,0.9801405072212219,,,,,
827,3,凝血病(另见起源于围生期的情况，缺陷，凝血),"coagulopathy (see also Conditions arising in the perinatal period, defect, coagulation)",,0.9879129528999329,,,,,
827,4,新生儿消耗性,"consumption, newborn",P60,0.9605944156646729,,,,,
827,3,牛痘(全身性)(局部性),vaccinia(generalized)(localized),,0.9854943156242371,,,,,
827,3,先天性,congenital,P35.8,0.9526876211166382,,,,,
827,3,脓毒性脐带,septic umbilical cord,P38,0.9983115792274475,,,,,
828,3,脓毒症(全身性)(另见起源于围生期的情况，败血症),"sepsis(generalized)(see also Conditions originating in the perinatal period, septicemia)",,0.9868087768554688,,,,,
828,4,脐(新生儿)(病原体未特指的),umbilical (newborn) (organism unspecified),P38,0.9756540060043335,,,,,
828,4,细菌性，新生儿,"bacterial, newborn",P36.9,0.9712140560150146,,,,,
828,4,特指类型NEC,specified type NEC,P36.8,0.9506330490112305,,,,,
828,5,由于,due to,,0.7717211842536926,,,,,
828,5,大肠杆菌,Escherichia coli,P36.4,0.9410930275917053,,,,,
828,5,链球菌属NEC,streptococcus NEC,P36.1,0.9679596424102783,,,,,
828,4,B 族,group B,P36.0,0.9285792112350464,,,,,
828,3,葡萄球菌 NEC,Staphylococcus NEC,P36.3,0.9561151266098022,,,,,
828,4,金黄色,aureus,P36.2,0.9573583602905273,,,,,
828,4,厌氧菌 NEC,anaerobes NEC,P36.5,0.9492031335830688,,,,,
828,4,新生儿 NEC,newborn NEC,P36.9,0.96834397315979,,,,,
828,5,特指的 NEC,specified NEC,P36.8,0.9369214773178101,,,,,
828,5,由于,due to,,0.799466073513031,,,,,
828,4,大肠杆菌,Escherichia coli,P36.4,0.9370217323303223,,,,,
828,4,链球菌属 NEC,streptococcus NEC,P36.1,0.9522664546966553,,,,,
828,5,B 族,group B,P36.0,0.9540775418281555,,,,,
828,4,葡萄球菌NEC,Staphylococcus NEC,P36.3,0.9835158586502075,,,,,
828,5,金黄色,aureus,P36.2,0.9448586702346802,,,,,
828,5,厌氧菌 NEC,anaerobes NEC,P36.5,0.953589141368866,,,,,
828,3,脓皮病NEC，新生儿,"pyoderma, pyodermia NEC, newborn",P39.4,0.9911158680915833,,,,,
828,3,脓肿(栓子)(感染性)(转移性)(多发性)(穿孔性)(化脓性)(脓毒性),abscess (embolic) (infective) (metastatic) (multiple) (perforated) (pyogenic) (septic),,0.9750756025314331,,,,,
828,4,母体肾，并发于妊娠,"kidney, maternal, complicating pregnancy",,0.9072015881538391,,,,,
828,5,影响到胎儿或新生儿,affecting fetus or newborn,P00.1,0.9831163883209229,,,,,
828,4,新生儿脐,"navel, umbilicus, newborn",P38,0.9819865822792053,,,,,
828,4,新生儿乳房(急性)(慢性)(非产褥期的),"breast (acute) (chronic) (nonpuerperal), newborn",P39.0,0.9686734080314636,,,,,
828,3,疟疾，先天性 NEC,"malaria, malarial fever, congenital NEC",P37.4,0.965648889541626,,,,,
828,4,恶性,falciparum,P37.3,0.9778006076812744,,,,,
828,3,呕吐(另见起源于围生期的情况，剧吐),"vomiting (see also Conditions originating in the perinatal period, hyperemesis)",,0.9987093210220337,,,,,
828,4,新生儿,newborn,P92.0,0.9687329530715942,,,,,
828,3,呕血，新生儿,"hematemesis, newborn, neonatal",P54.0,0.9677380323410034,,,,,
828,4,由于吞咽母血引起的,due to swallowed maternal blood,P78.2,0.9690529108047485,,,,,
828,3,膀胱膨出(-直肠膨出)，母体，在妊娠或分娩中,"cystocele(-rectocele), maternal, in pregnancy or childbirth",,0.9962880611419678,,,,,
828,4,引起梗阻性分娩,causing obstructed labor,,0.9599471688270569,,,,,
828,5,影响到胎儿或新生儿,affecting fetus or newborn,P03.1,0.9697749018669128,,,,,
828,4,影响到胎儿或新生儿,affecting fetus or newborn,P03.8,0.9650250673294067,,,,,
828,3,膀胱炎，母体(渗出性)(出血性)(脓毒性)(化脓性),"cystitis, maternal(exudative)(hemorrhagic)(septic) (suppurative)",,0.9923049211502075,,,,,
828,4,并发于妊娠，影响到胎儿或新生儿,"complicating pregnancy, affecting fetus or newborn",P00.1,0.9749495983123779,,,,,
829,3,偏瘫，新生儿 NEC,"hemiplegia, newborn NEC",P91.8,0.9746283292770386,,,,,
829,4,产伤,birth injury,P11.9,0.952592670917511,,,,,
829,3,贫血,anemia,,0.9280762076377869,,,,,
829,4,母体，妊娠期或并发于妊娠的,"maternal, of or complicating pregnancy",,0.9666080474853516,,,,,
829,4,影响到胎儿或新生儿,affecting fetus or newborn,P00.8,0.9650181531906128,,,,,
829,3,胎儿或新生儿,fetus or newborn,P61.4,0.9640186429023743,,,,,
829,4,出血后,posthemorrhagic,P61.3,0.9395463466644287,,,,,
829,4,急性溶血性(另见起源于围生期的情况，疾病，溶血性),"hemolytic, acute (see also Conditions originating in the perinatal period, disease, hemolytic)",P55.9,0.9809511303901672,,,,,
829,4,胎儿失血后的,following fetal blood loss,P61.3,0.973797082901001,,,,,
829,5,由于,due to,,0.8948776125907898,,,,,
829,5,ABO(抗体)(同种免疫)(母体/胎儿血型不配合),ABO(antibodies)(isoimmunization) (maternal/fetal incompatibility),P55.1,0.9614366292953491,,,,,
829,6,Rh(抗体)(同种免疫)(母体/胎儿血型不配合),Rh(antibodies)(isoimmunization) (maternal/fetal incompatibility),P55.0,0.9630454182624817,,,,,
829,5,幼红细胞性(另见起源于围生期的情况，疾病，溶血性),"erythroblastic (see also Conditions originating in the perinatal period, disease, hemolytic)",P55.9,0.9650365114212036,,,,,
829,4,先天性,congenital,P61.4,0.9794657826423645,,,,,
829,4,胎儿失血后的,following fetal blood loss,P61.3,0.9603313207626343,,,,,
829,4,由于同种免疫NEC,due to isoimmunization NEC,P55.9,0.9723209738731384,,,,,
829,4,新生儿出血后(慢性),"posthemorrhagic (chronic), newborn",P61.3,0.9675312042236328,,,,,
829,4,由于,due to,,0.7608087062835693,,,,,
829,5,胎儿失血,fetal blood loss,P61.3,0.9713819622993469,,,,,
829,4,早产,prematurity,P61.2,0.9505470395088196,,,,,
829,4,早产的,of prematurity,P61.2,0.9871352910995483,,,,,
829,3,破裂-另见起源于围生期的情况，穿孔,"rupture, ruptured - see also Conditions originating in the perinatal period, perforation",,0.992705762386322,,,,,
829,4,边缘窦(胎盘)(伴有出血)，影响到胎儿或新生儿,"marginal sinus (placental) (with hemorrhage), affecting fetus or newborn",P02.1,0.9633592367172241,,,,,
829,5,伴有前置胎盘，影响到胎儿或新生儿,"with placenta previa, affecting fetus or newborn",P02.0,0.939239501953125,,,,,
829,4,肠(结肠)(回肠)(空肠)(直肠)(乙状结肠)，胎儿或新生儿,"intestine(bowel)(colon)(ileum)(jejunum) (rectum) (sigmoid), fetus or newborn",P78.0,0.9765087962150574,,,,,
829,4,肝，产伤,"liver, birth injury",P15.0,0.9526566863059998,,,,,
829,4,脊髓，胎儿或新生儿(产伤),"spinal cord, fetus or newborn (birth injury)",P11.5,0.9817620515823364,,,,,
829,4,母体子宫,"uterus, maternal",,0.8540444374084473,,,,,
829,5,在产程中或产程后，影响到胎儿或新生儿,"during or after labor, affecting fetus or newborn",P03.8,0.9616110920906067,,,,,
829,4,脾(创伤性),spleen(traumatic),,0.9406308531761169,,,,,
829,4,产伤,birth injury,P15.1,0.9569892287254333,,,,,
829,5,先天性,congenital,P15.1,0.9844729900360107,,,,,
829,4,脐带，并发于分娩，影响到胎儿或新生儿,"umbilical cord, complicating delivery, affecting fetus or newborn",P50.1,0.9494041204452515,,,,,
829,4,肾，产伤,"kidney, birth injury",P15.8,0.9570503234863281,,,,,
830,4,胎膜,membranes,,0.9756237268447876,,,,,
830,5,在人工(破膜)后分娩延迟,"artificial, delayed delivery following",,0.9254521131515503,,,,,
830,5,影响到胎儿或新生儿,affecting fetus or newborn,P01.1,0.9759299159049988,,,,,
830,5,早产，影响到胎儿或新生儿,"premature, affecting fetus or newborn",P01.1,0.9708988070487976,,,,,
830,5,自发性，在(破膜)后分娩延迟,"spontaneous, delayed delivery following",,0.9444970488548279,,,,,
830,5,影响到胎儿或新生儿,affecting fetus or newborn,P01.1,0.9863646030426025,,,,,
830,4,囟门,fontanelle,P13.1,0.9437878727912903,,,,,
830,3,剖宫产，切开,"section, cesarean",,0.9954971671104431,,,,,
830,4,影响到胎儿或新生儿,affecting fetus or newborn,P03.4,0.971280574798584,,,,,
830,5,死后的,postmortem,P01.6,0.8988693356513977,,,,,
830,5,以前的，在妊娠或分娩中,"previous, in pregnancy or childbirth",P03.8,0.988323986530304,,,,,
830,3,剖宫产术,cesarean operation or section,,0.9965181946754456,,,,,
830,4,死后的，影响到胎儿或新生儿,"post mortem, affecting fetus or newborn",P01.6,0.9723253846168518,,,,,
830,4,影响到胎儿或新生儿,affecting fetus or newborn,P03.4,0.9545984268188477,,,,,
830,3,葡萄膜炎，由于弓形虫病，先天性,"uveitis (anterior), due to toxoplasmosis, congenital",P37.1+ H22.0*,0.9781733155250549,,,,,
830,3,脐出血，新生儿,"omphalorrhagia, newborn",P51.9,0.9872165322303772,,,,,
830,3,脐带,umbilical cord(s),,0.9953848719596863,,,,,
830,4,缠绕，影响到胎儿或新生儿,"entanglement, affecting fetus or newborn",P02.5,0.9476577043533325,,,,,
830,4,绞窄，胎儿或新生儿,"strangulation, strangulated, fetus or newborn",P02.5,0.9612550735473633,,,,,
830,5,伴有脐带脱垂,with cord prolapse,P02.4,0.969383955001831,,,,,
830,4,结扎不当(引起出血),improperly tied (causing hemorrhage),P51.8,0.964569091796875,,,,,
830,4,结扎不够,insufficiently tied,P51.8,0.9558416604995728,,,,,
830,4,结扎滑脱,"slipped, slipping ligature",P51.8,0.9683771133422852,,,,,
830,4,绕颈(紧)(伴有受压)，影响到胎儿或新生儿,"around neck (tightly) (with compression), affecting fetus or newborn",P02.5,0.9838009476661682,,,,,
830,4,绕颈，新生儿,"nuchal, newborn",P02.5,0.9459689259529114,,,,,
830,3,脐炎(先天性)(新生儿)(伴有轻度出血),omphalitis(congenital)(newborn)(with mild hemorrhage),P38,0.9985629320144653,,,,,
830,3,气体交换缺乏，新生儿,"lack of exchange of gases, newborn",P28.5,0.9892587065696716,,,,,
830,3,气胸,pneumothorax,,0.987362802028656,,,,,
830,3,围生期,perinatal period,P25.1,0.9816794395446777,,,,,
830,4,先天性,congenital,P25.1,0.9686122536659241,,,,,
830,4,新生儿,newborn,P25.1,0.9493102431297302,,,,,
830,4,自发性NEC,spontaneous NEC,,0.9502712488174438,,,,,
830,4,胎儿或新生儿,fetus or newborn,P25.1,0.9586813449859619,,,,,
830,3,牵引术,extraction,,0.9673513174057007,,,,,
830,4,胎臀NEC，影响到胎儿或新生儿,"breech NEC, affecting fetus or newborn",P03.0,0.9728286862373352,,,,,
830,3,用钩(胎儿),with hook(fetus),P03.8,0.9892033338546753,,,,,
831,3,前倾,anteversion,,0.9617972373962402,,,,,
831,4,母体子宫(颈)(感染后)(产后，陈旧性)，在妊娠或分娩中,"uterus, uterine, maternal (cervix) (postinfectional) (postpartal, old), in pregnancy or childbirth",,0.9684643745422363,,,,,
831,5,引起梗阻性分娩,causing obstructed labor,,0.9345426559448242,,,,,
831,6,影响到胎儿或新生儿,affecting fetus or newborn,P03.1,0.9945318698883057,,,,,
831,5,影响到胎儿或新生儿,affecting fetus or newborn,P03.8,0.9704994559288025,,,,,
831,3,前置,previa,,0.932924747467041,,,,,
831,4,胎盘(伴有出血)，影响到胎儿或新生儿,"placenta (with hemorrhage), affecting fetus or newborn",P02.0,0.9678325653076172,,,,,
831,4,血管，影响到胎儿或新生儿,"vasa, affecting fetus or newborn",P02.6,0.9683947563171387,,,,,
831,3,强直，母体，在妊娠或分娩中,"rigid, rigidity, maternal, in pregnancy or childbirth",,0.9958138465881348,,,,,
831,4,宫颈,cervix uteri,,0.8090871572494507,,,,,
831,5,引起梗阻性分娩，影响到胎儿或新生儿,"causing obstructed labor, affecting fetus or newborn",P03.1,0.987663745880127,,,,,
831,5,影响到胎儿或新生儿,affecting fetus or newborn,P03.8,0.9913390874862671,,,,,
831,4,骨盆底,pelvic floor,,0.8910850286483765,,,,,
831,5,引起梗阻性分娩，影响到胎儿或新生儿,"causing obstructed labor, affecting fetus or newborn",P03.1,0.9858423471450806,,,,,
831,5,影响到胎儿或新生儿,affecting fetus or newborn,P03.8,0.9581212997436523,,,,,
831,4,会阴或外阴,perineum or vulva,,0.8969755172729492,,,,,
831,5,引起梗阻性分娩，影响到胎儿或新生儿,"causing obstructed labor, affecting fetus or newborn",P03.1,0.984279990196228,,,,,
831,4,阴道,vagina,,0.9235752820968628,,,,,
831,5,引起梗阻性分娩，影响到胎儿或新生儿,"causing obstructed labor, affecting fetus or newborn",P03.8,0.9839795827865601,,,,,
831,3,鞘膜积液(精索)(睾丸)(鞘膜)，先天性,"hydrocele (spermatic cord) (testis) (tunica vaginalis), congenital",P83.5,0.9801066517829895,,,,,
831,3,胎儿或新生儿,fetus or newborn,P83.5,0.967477023601532,,,,,
831,3,切断，胎儿任何部分的，以促进分娩,"amputation, any part of fetus, to facilitate delivery",P03.8,0.992612898349762,,,,,
831,3,青光眼，创伤性，新生儿(产伤),"glaucoma, traumatic, newborn (birth injury)",P15.3,0.9957521557807922,,,,,
831,3,青铜色婴儿综合征,bronze baby syndrome,P83.8,0.9953025579452515,,,,,
831,3,青肿(皮肤表面完整),bruise (skin surface intact),,0.9973801970481873,,,,,
831,4,脐带，影响到胎儿或新生儿,"umbilical cord, affecting fetus or newborn",P02.6,0.9520334005355835,,,,,
831,3,胎儿或新生儿,fetus or newborn,P54.5,0.9630715250968933,,,,,
831,3,新生儿头皮，由于产伤,"scalp, due to birth injury, newborn",P12.3,0.9843705892562866,,,,,
831,3,轻于胎龄，胎儿或新生儿，,"light, fetus or newborn, for gestational age",P05.0,0.9985145926475525,,,,,
831,3,驱血法-见起源于围生期的情况，出血,"exsanguination - see Conditions originating in the perinatal period, hemorrhage",,0.9934273362159729,,,,,
831,3,去纤维蛋白(综合征),defibrination(syndrome),,0.9894049763679504,,,,,
831,4,母体产前，影响到胎儿或新生儿,"antepartum, maternal, affecting fetus or newborn",P02.1,0.9926214814186096,,,,,
831,3,胎儿或新生儿,fetus or newborn,P60,0.942748486995697,,,,,
831,3,全身水肿，胎儿或新生儿,"anasarca, fetus or newborn",P83.2,0.9981346130371094,,,,,
832,3,缺乏(症)，不足,"deficiency, deficient",,0.9785804152488708,,,,,
832,4,表面活性物质,surfactant,P28.0,0.9335381388664246,,,,,
832,4,凝血,coagulation,,0.9581441283226013,,,,,
832,5,母体产前，影响到胎儿或新生儿,"antepartum, maternal, affecting fetus or newborn",P02.1,0.9797793626785278,,,,,
832,4,新生儿，短暂性,"newborn, transient",P61.6,0.9687802195549011,,,,,
832,4,新生儿维生素K,"vitamin K, of newborn",P53,0.9705027341842651,,,,,
832,3,缺陷，凝血缺陷(因子),"defect, defective coagulation (factor)",,0.9874827861785889,,,,,
832,4,母体产前伴有出血，影响到胎儿或新生儿,"antepartum with hemorrhage, maternal, affecting fetus or newborn",P02.1,0.983670711517334,,,,,
832,4,新生儿，短暂性,"newborn, transient",P61.6,0.9850195646286011,,,,,
832,3,缺血，缺血性,"ischemia, ischemic",,0.9954920411109924,,,,,
832,4,大脑(慢性)(全身性),cerebral(chronic)(generalized),,0.9219974279403687,,,,,
832,5,新生儿,newborn,P91.0,0.9569026827812195,,,,,
832,5,产前,prenatal,P91.0,0.930097222328186,,,,,
832,4,新生儿心肌，短暂性,"myocardium, myocardial, transient, of newborn",P29.4,0.9870753288269043,,,,,
832,3,缺氧,"anoxia, hypoxia",,0.9911434650421143,,,,,
832,4,胎儿-见起源于围生期的情况，窘迫，胎儿,"fetal - see Conditions originating in the perinatal period, distress, fetal",,0.9604823589324951,,,,,
832,4,新生儿(另见起源于围生期的情况，窒息，新生儿),"newborn(see also Conditions originating in the perinatal period, asphyxia, newborn)",P21.9,0.9436787962913513,,,,,
832,5,大脑(另见起源于围生期的情况，窒息，新生儿),"cerebral (see also Conditions originating in the perinatal period, asphyxia, newborn)",P21.9,0.9603595733642578,,,,,
832,4,子宫内,intrauterine,P20.9,0.969321608543396,,,,,
832,5,首先察觉到的,first noted,,0.9656685590744019,,,,,
832,6,在产程开始前,before onset of labor,P20.0,0.9895564913749695,,,,,
832,6,在产程和分娩中,during labor and delivery,P20.1,0.9840119481086731,,,,,
832,3,缺氧血症-见起源于围生期的情况，缺氧,"anoxemia - see Conditions originating in the perinatal period, anoxia",,0.9806507229804993,,,,,
832,3,热带毛孢子菌，胎儿或新生儿(产伤)(由于真空吸引器),"chignon, fetus or newborn (birth injury) (from vacuum extraction)",P12.1,0.9881352782249451,,,,,
832,3,妊娠(单胎)(子宫),pregnancy(single)(uterine),,0.9859862923622131,,,,,
832,4,双胎，影响到胎儿或新生儿,"twin, affecting fetus or newborn",P01.5,0.9498117566108704,,,,,
832,4,三胎，影响到胎儿或新生儿,"triplet, affecting fetus or newborn",P01.5,0.9675555229187012,,,,,
832,4,四胎，影响到胎儿或新生儿,"quadruplet, affecting fetus or newborn",P01.5,0.9794380068778992,,,,,
832,4,五胎，影响到胎儿或新生儿,"quintuplet, affecting fetus or newborn",P01.5,0.956900417804718,,,,,
832,4,六胎，影响到胎儿或新生儿,"sextuplet, affecting fetus or newborn",P01.5,0.9488091468811035,,,,,
832,4,多胎NEC，影响到胎儿或新生儿,"multiple NEC, affecting fetus or newborn",P01.5,0.9655880331993103,,,,,
832,4,腹部(异位)，影响到胎儿或新生儿,"abdominal (ectopic), affecting fetus or newborn",P01.4,0.9796727895736694,,,,,
832,4,卵巢，胎儿或新生儿,"ovarian, fetus or newborn",P01.4,0.9699097275733948,,,,,
832,4,输卵管(伴有流产)(伴有破裂)，影响到胎儿或新生儿,"tubal (with abortion) (with rupture), affecting fetus or newborn",P01.4,0.9711346626281738,,,,,
832,4,输卵管子宫间，胎儿或新生儿,"mural, fetus or newborn",P01.4,0.9823430180549622,,,,,
833,4,异位(破裂)，影响到胎儿或新生儿,"ectopic (ruptured), affecting fetus or newborn",P01.4,0.9655153155326843,,,,,
833,4,子宫角，胎儿或新生儿,"cornual, fetus or newborn",P01.4,0.9826816916465759,,,,,
833,3,绒毛膜羊膜炎，胎儿或新生儿,"chorioamnionitis, fetus or newborn",P02.7,0.9834421873092651,,,,,
833,3,溶血，新生儿(过度),"hemolysis, neonatal(excessive)",P58.8,0.9902925491333008,,,,,
833,4,血管内 NEC,intravascular NEC,P60,0.9314730763435364,,,,,
833,4,自身免疫性,autoimmune,P55.9,0.9838783740997314,,,,,
833,3,肉芽肿，脐，新生儿,"granuloma, umbilicus, newborn",P38,0.9878323674201965,,,,,
833,3,乳房肥大，胎儿或新生儿,"hypertrophy, hypertrophic breast, fetus or newborn",P83.4,0.9751900434494019,,,,,
833,3,乳房肿胀，新生儿,"engorgement, breast, newborn",P83.4,0.9936667680740356,,,,,
833,3,乳腺炎(急性)(非产褥期的)(亚急性),mastitis (acute) (nonpuerperal) (subacute),,0.985302746295929,,,,,
833,4,非感染性，新生儿,"noninfective, newborn or neonatal",P83.4,0.9940186142921448,,,,,
833,4,感染性，新生儿,"infective, newborn or neonatal",P39.0,0.9810343980789185,,,,,
833,3,弱，新生儿,"weak, weakness, newborn",P96.8,0.9935151934623718,,,,,
833,3,弱质(慢性)(全身性)，先天性或新生儿 NEC,"debility (chronic) (general), congenital or neonatal NEC",P96.9,0.9834855198860168,,,,,
833,3,三联律,trigeminy,,0.951855480670929,,,,,
833,4,胎儿,fetal,P20.9,0.9268494844436646,,,,,
833,4,新生儿,newborn,P29.1,0.9927217364311218,,,,,
833,3,伤口(切口)(撕裂)(开放性)(贯通性)(穿刺伤口)(伴有贯通性异物),wound(cut)(laceration)(open)(penetrating)(puncture wound)(with penetrating foreign body),,0.9911317825317383,,,,,
833,3,手术刀，胎儿或新生儿(产伤),"scalpel, fetus or newborn(birth injury)",P15.8,0.9614996314048767,,,,,
833,3,尚未成活的,previable,P07.2,0.9718776941299438,,,,,
833,3,神经炎，颅神经,"neuritis, cranial nerve",,0.9849917888641357,,,,,
833,4,第七[面]，新生儿(产伤),"seventh or facial, newborn (birth injury)",P11.3,0.9699581861495972,,,,,
833,3,肾炎，母体，并发于妊娠或分娩,"nephritis, nephritic, maternal, complicating pregnancy or childbirth",,0.9937219619750977,,,,,
833,4,伴有继发性高血压，原有的，影响到胎儿或新生儿,"with secondary hypertension, pre-existing, affecting fetus or newborn",P00.0,0.9657958745956421,,,,,
833,4,影响到胎儿或新生儿,affecting fetus or newborn,P00.1,0.9434390068054199,,,,,
833,3,肾盂肾炎，母体，并发于妊娠，影响到胎儿或新生儿,"pyelonephritis, maternal, complicating pregnancy, affecting fetus or newborn",P00.1,0.9843582510948181,,,,,
833,3,肾盂炎，母体(先天性)(尿毒症性)，并发于妊娠，影响到胎儿或新生儿,"pyelitis, maternal (congenital) (uremic), complicating pregnancy, affecting fetus or newborn",P00.1,0.9819422960281372,,,,,
833,3,渗出，胸膜、胸膜炎、胸膜心包,"effusion, pleura, pleurisy, pleuritic, pleuropericardial",,0.9912292957305908,,,,,
833,4,胎儿或新生儿,fetus or newborn,P28.8,0.930256187915802,,,,,
833,3,失败，不能,failed,,0.9489777684211731,,,,,
833,4,产钳NEC(随后通过剖宫产分娩),forceps NEC(with subsequent delivery by cesarean section),,0.9939099550247192,,,,,
833,4,影响到胎儿或新生儿,affecting fetus or newborn,P03.1,0.9826805591583252,,,,,
833,4,宫颈扩张，影响到胎儿或新生儿,"cervical dilatation in labor, affecting fetus or newborn",P03.6,0.9861854314804077,,,,,
833,3,扩张，末端呼吸单位(新生儿)(原发性),"expansion, terminal respiratory units (newborn) (primary)",P28.0,0.9759759306907654,,,,,
834,4,试产(随后通过剖宫产分娩)，影响到胎儿或新生儿,"trial of labor (with subsequent cesarean section), affecting fetus or newborn",P03.1,0.9697838425636292,,,,,
834,4,胎头进入骨盆边缘，影响到胎儿或新生儿,"fetal head to enter pelvic brim, affecting fetus or newborn",P03.1,0.9701012372970581,,,,,
834,4,"胎头下降(到位),影响到胎儿或新生儿","descent of head (at term), affecting fetus or newborn",P03.1,0.9536352157592773,,,,,
834,4,吸杯NEC(随后通过剖宫产分娩)，影响到胎儿或新生儿,"ventouse NEC (with subsequent cesarean section), affecting fetus or newborn",P03.1,0.9702927470207214,,,,,
834,4,新生儿换气,"ventilatory, newborn",P28.5,0.9748688340187073,,,,,
834,4,"真空吸引器 NEC(随后通过剖宫产分娩),影响到胎儿或新生儿","vacuum extraction NEC (with subsequent cesarean section), affecting fetus or newborn",P03.1,0.9598475098609924,,,,,
834,3,失调，新生儿-另见起源于围生期的情况，病,"disturbance, newborn - see also Conditions originating in the perinatal period, disease",,0.9898527264595032,,,,,
834,4,钾平衡,potassium balance,P74.3,0.978145956993103,,,,,
834,4,钠平衡,sodium balance,P74.2,0.9890257716178894,,,,,
834,4,内分泌(腺)，暂时性,"endocrine(gland), transitory",P72.9,0.9743698239326477,,,,,
834,5,特指的 NEC,specified NEC,P72.8,0.9431390166282654,,,,,
834,4,体温调节,temperature regulation,P81.9,0.9847767949104309,,,,,
834,5,特指的NEC,specified NEC,P81.8,0.975249171257019,,,,,
834,3,失衡，电解质,"imbalance, electrolyte",,0.997256875038147,,,,,
834,4,新生儿，暂时性 NEC,"neonatal, transitory NEC",P74.4,0.9527217745780945,,,,,
834,5,钾,potassium,P74.3,0.9790602326393127,,,,,
834,5,钠,sodium,P74.2,0.9659303426742554,,,,,
834,4,湿肺，新生儿,"wet lung, newborn",P22.1,0.9689019918441772,,,,,
834,3,石胎,lithopedion,P95,0.989331841468811,,,,,
834,3,使用有害的成药，母体，影响到胎儿或新生儿,"use (of) harmful patent medicines, maternal, affecting fetus or newborn",P04.1,0.9883795380592346,,,,,
834,3,手术,operation,,0.9748188257217407,,,,,
834,4,母体，与近期分娩无关，影响到胎儿或新生儿,"maternal, unrelated to current delivery, affecting fetus or newborn",P00.6,0.9743970036506653,,,,,
834,4,为分娩进行的，影响到胎儿或新生儿(另见起源于围生期的情况，分娩，按类型，影响到胎儿),"for delivery, affecting fetus or newborn (see also Conditions arising in the perinatal period, delivery, by type, affecting fetus)",P03.8,0.9728407263755798,,,,,
834,3,手术，母体以前的，在妊娠或分娩中,"surgery, maternal previous, in pregnancy or childbirth",,0.9959983825683594,,,,,
834,4,宫颈,cervix,,0.7809185981750488,,,,,
834,4,引起梗阻性分娩，影响到胎儿或新生儿,"causing obstructed labor, affecting fetus or newborn",P03.1,0.9892598390579224,,,,,
834,4,盆腔软组织NEC,pelvic soft tissues NEC,,0.939332127571106,,,,,
834,5,引起梗阻性分娩，影响到胎儿或新生儿,"causing obstructed labor, affecting fetus or newborn",P03.1,0.9727352857589722,,,,,
834,5,影响到胎儿或新生儿,affecting fetus or newborn,P03.8,0.9798853397369385,,,,,
834,4,子宫,uterus,,0.8667122721672058,,,,,
834,5,引起梗阻性分娩，影响到胎儿或新生儿,"causing obstructed labor, affecting fetus or newborn",P03.1,0.924220085144043,,,,,
835,3,手足搐搦(由于)，新生儿(不伴有钙或镁缺乏),"tetany (due to), neonatal (without calcium or magnesium deficiency)",P71.3,0.9955425262451172,,,,,
835,3,受压,compression,,0.9897342324256897,,,,,
835,3,分娩中(胎儿或新生儿),during birth(fetus or newborn),P15.9,0.9746672511100769,,,,,
835,4,脐带，影响到胎儿或新生儿,"umbilical cord, affecting fetus or newborn",P02.5,0.9651897549629211,,,,,
835,5,伴有脐带脱垂,with cord prolapse,P02.4,0.987668514251709,,,,,
835,3,受阻,"arrest, arrested",,0.9730518460273743,,,,,
835,4,产程活跃期，影响到胎儿或新生儿,"active phase of labor, affecting fetus or newborn",P03.6,0.9807959794998169,,,,,
835,3,输卵管卵巢炎，母体(化脓性)(破裂)(脓毒性),"salpingo-oophoritis, maternal (purulent) (ruptured) (septic) (suppurative)",,0.977831244468689,,,,,
835,4,并发于妊娠，影响到胎儿或新生儿,"complicating pregnancy, affecting fetus or newborn",P00.8,0.9614522457122803,,,,,
835,3,输血,transfusion,,0.9796523451805115,,,,,
835,4,孪生儿，胎儿或新生儿,"twin-to-twin, fetus or newborn",P02.3,0.9773061275482178,,,,,
835,4,胎盘(综合征)(对母体)，胎儿或新生儿的,"placental (syndrome) (mother), in fetus or newborn",P02.3,0.9659204483032227,,,,,
835,3,衰竭(全身NEC),collapse/failure/exhaustion (physical NEC),,0.986348032951355,,,,,
835,4,母体，并发于分娩，影响到胎儿或新生儿,"maternal, complicating delivery, affecting fetus or newborn",P03.8,0.9725086092948914,,,,,
835,4,肾，先天性,"renal, congenital",P96.0,0.9664198756217957,,,,,
835,3,胎儿或新生儿,fetus or newborn,P96.8,0.9767792820930481,,,,,
835,4,生命中枢,vital centers,P91.8,0.9737420678138733,,,,,
835,3,循环(周围),circulatory(peripheral),P29.8,0.9867584109306335,,,,,
835,4,新生儿,newborn,,0.857421875,,,,,
835,3,肺,pulmonary,P28.5,0.9236968159675598,,,,,
835,3,呼吸,"respiration, respiratory",P28.5,0.9512426853179932,,,,,
835,4,心力[心](急性)(突然).,heart(acute)(sudden),P29.0,0.9545638561248779,,,,,
835,4,充血性,congestive,P29.0,0.9509338736534119,,,,,
835,5,左(心室),left (ventricular),P29.0,0.972891628742218,,,,,
835,3,心血管,cardiovascular,P29.8,0.9843086004257202,,,,,
835,3,心脏,cardiac,P29.0,0.9762157201766968,,,,,
835,4,心脏呼吸[呼吸循环](急性)(慢性),cardiopulmonary(acute)(chronic),P29.0,0.9661560654640198,,,,,
835,5,心脏循环,cardiocirculatory,P29.8,0.9598591327667236,,,,,
835,5,左心室,"ventricular, left",P29.0,0.9266067743301392,,,,,
835,4,循环(周围),vascular(peripheral),,0.91097491979599,,,,,
835,5,胎儿或新生儿,fetus or newborn,P29.8,0.9328516125679016,,,,,
835,5,在产程和分娩中，影响到胎儿或新生儿,"during labor and delivery, affecting fetus or newborn",P03.8,0.9651825428009033,,,,,
835,3,栓塞(脓毒性)，空气(任何部位)(创伤性)，新生儿 NEC,"embolism (septic), air (any site) (traumatic), newborn NEC",P25.8,0.989850640296936,,,,,
835,3,栓塞，胎粪(新生儿)，综合征,"plug, meconium (newborn), syndrome",P76.0,0.9948879480361938,,,,,
835,3,双胎交锁引起梗阻性分娩，影响到胎儿或新生儿,"locked twins causing obstructed labor, affecting fetus or newborn",P03.1,0.9869755506515503,,,,,
836,3,双子宫，母体，在妊娠或分娩中,"double uterus, maternal, in pregnancy or childbirth",,0.996021032333374,,,,,
836,4,影响到胎儿或新生儿,affecting fetus or newborn,P03.8,0.9856089353561401,,,,,
836,3,水痘，先天性,"chickenpox/varicella, congenital",P35.8,0.986534059047699,,,,,
836,3,水肿，脑水肿,"edema, edematous brain",,0.9921283721923828,,,,,
836,4,胎儿或新生儿NEC(可归类到R60.-),"fetus or newborn NEC, classifiable to R60.-",P83.3,0.9618174433708191,,,,,
836,4,新生儿(可归类到R60.-),"newborn, classifiable to R60.-",P83.3,0.9650997519493103,,,,,
836,4,胎儿或新生儿(缺氧),fetus or newborn(anoxia or hypoxia),P52.4,0.9709407687187195,,,,,
836,5,产伤,birth injury,P11.0,0.951463520526886,,,,,
836,4,由于产伤,due to birth injury,P11.0,0.9769515991210938,,,,,
836,3,睡眠呼吸暂停，新生儿,"sleep apnea, newborn",P28.3,0.9697661399841309,,,,,
836,3,撕裂，撕裂伤(创伤性)-另见起源于围生期的情况，伤口,"tear, torn/laceration(traumatic) - see also Conditions originating in the perinatal period, wound",,0.9901167154312134,,,,,
836,4,大脑(弥漫性)，分娩中,"cerebral (diffuse), during birth",P10.8,0.9746535420417786,,,,,
836,5,伴有出血,with hemorrhage,P10.1,0.941788911819458,,,,,
836,4,脊髓(脑脊膜)，胎儿或新生儿(产伤),"spinal cord (meninges), fetus or newborn (birth injury)",P11.5,0.9847814440727234,,,,,
836,4,颅内NEC，产伤,"intracranial NEC, birth injury",P10.9,0.9663631916046143,,,,,
836,4,脑(任何部分)(皮质)(弥漫性)(膜)，分娩中,"brain (any part) (cortex) (diffuse) (membrane), during birth",P10.8,0.9681459665298462,,,,,
836,5,伴有出血,with hemorrhage,P10.1,0.9226853251457214,,,,,
836,4,脑幕，出生时,"tentorial, at birth",P10.4,0.972539484500885,,,,,
836,4,脐带，影响到胎儿或新生儿,"umbilical cord, affecting fetus or newborn",P50.1,0.9729971885681152,,,,,
836,3,死产NEC,stillbirth NEC,P95,0.9516603350639343,,,,,
836,3,死产胎儿,deadborn fetus,P95,0.9459889531135559,,,,,
836,3,死亡,death,,0.9225900173187256,,,,,
836,4,母体产科(原因不知)，影响到胎儿或新生儿,"obstetric, maternal (cause unknown), affecting fetus or newborn",P01.6,0.9721025824546814,,,,,
836,3,胎儿(原因未述及)(子宫内),"fetus, fetal(cause not stated)(intrauterine)",P95,0.9895982146263123,,,,,
836,4,新生儿 NEC,neonatal NEC,P96.8,0.9732849597930908,,,,,
836,4,婴儿，自子宫内,"infant, from intrauterine coil",P00.7,0.9857248067855835,,,,,
836,3,四肢瘫痪，新生儿 NEC,"quadriplegia, newborn NEC",P11.9,0.9368394613265991,,,,,
836,3,酸中毒(乳酸性)(呼吸性),acidosis(lactic)(respiratory),,0.9905802011489868,,,,,
836,4,代谢性NEC,metabolic NEC,,0.9667097926139832,,,,,
836,5,晚期，新生儿,"late, of newborn",P74.0,0.9702979922294617,,,,,
836,5,新生儿-见起源于围生期的情况，窘迫，胎儿,"newborn - see Conditions originating in the perinatal period, distress, fetal",,0.9696422815322876,,,,,
836,4,胎儿-见起源于围生期的情况，窘迫，胎儿,"fetal - see Conditions originating in the perinatal period, distress, fetal",,0.9735992550849915,,,,,
836,4,子宫内-见起源于围生期的情况，窘迫，,intrauterine - see Conditions originating in the,,0.9667137861251831,,,,,
836,3,胎儿,"perinatal period, distress, fetal",,0.9828927516937256,,,,,
836,3,碎胎术(以促进分娩)，胎儿,"embryotomy (to facilitate delivery), fetus",P03.8,0.9866340160369873,,,,,
837,3,损害,damage,,0.9335790276527405,,,,,
837,4,脑(非创伤性),brain(nontraumatic),,0.9251534938812256,,,,,
837,5,缺氧性,"anoxic, hypoxic",,0.9036653637886047,,,,,
837,6,出生时,at birth,P21.9,0.919156551361084,,,,,
837,5,胎儿,fetal,P20.9,0.9458578824996948,,,,,
837,5,新生儿,newborn,P21.9,0.9603671431541443,,,,,
837,4,子宫内,intrauterine,P20.9,0.941885769367218,,,,,
837,5,新生儿,newborn,P11.2,0.9525517821311951,,,,,
837,4,缺血性,ischemic,P91.0,0.9524909853935242,,,,,
837,5,由于产伤,due to birth injury,P11.2,0.9881792664527893,,,,,
837,3,眼，产伤,"eye, birth injury",P15.3,0.9329528212547302,,,,,
837,3,损害，血管(非创伤性),"lesion, vascular (nontraumatic)",,0.9874506592750549,,,,,
837,4,脐带，并发于分娩,"umbilical cord, complicating delivery",,0.9639643430709839,,,,,
837,5,影响到胎儿或新生儿,affecting fetus or newborn,P02.6,0.9890549182891846,,,,,
837,3,损伤(另见特指的损伤类型),"injury, injuries(see also specified injury type)",,0.9936188459396362,,,,,
837,4,出生[产伤](胎儿或新生儿)(另见起源于围生期的情况，出生，损伤),"birth/childbirth(fetus or newborn)(see also Conditions originating in the perinatal period, birth, injury)",P15.9,0.9684463143348694,,,,,
837,4,分娩[产伤](胎儿或新生儿),delivery(fetus or newborn),P15.9,0.9701871275901794,,,,,
837,4,骨骼，产伤,"skeleton, skeletal, birth injury",P13.9,0.9833970069885254,,,,,
837,5,特指部位NEC,specified part NEC,P13.8,0.9792107343673706,,,,,
837,4,母体，在妊娠中，影响到胎儿或新生儿,"maternal, during pregnancy, affecting fetus or newborn",P00.5,0.9718250036239624,,,,,
837,4,脑，缺氧性,"brain, anoxic",,0.8970721960067749,,,,,
837,4,÷出生时,at birth,P21.9,0.9398813843727112,,,,,
837,5,新生儿,newborn,P21.9,0.9505453705787659,,,,,
837,4,胎儿或新生儿头皮(产伤),"scalp, fetus or newborn (birth injury)",P12.9,0.9813461303710938,,,,,
837,5,特指的 NEC,specified NEC,P12.8,0.9459261894226074,,,,,
837,5,由于监测(电极)(采样(标本)切口),due to monitoring(electrode)(sampling incision),P12.4,0.9804190993309021,,,,,
837,4,新生儿臂丛,"brachial plexus, newborn",P14.3,0.993269145488739,,,,,
837,4,新生儿面部神经,"nerve, facial, newborn",P11.3,0.9862310290336609,,,,,
837,3,锁骨切断术，胎儿或新生儿,"cleidotomy, fetus or newborn",P03.8,0.9833407998085022,,,,,
837,3,胎儿或新生儿脐带扭转,"torsion/twist, twisted umbilical cord in fetus or newborn",P02.5,0.9993339776992798,,,,,
837,3,胎儿水肿或新生儿水肿(特发性),hydrops fetal(is) or newborn (idiopathic),P83.2,0.9986534714698792,,,,,
837,4,由于,due to,,0.8804951906204224,,,,,
837,5,ABO同种免疫,ABO isoimmunization,P56.0,0.9723157286643982,,,,,
837,5,Rh 血型不配合,Rh incompatibility,P56.0,0.9576321840286255,,,,,
837,5,溶血性疾病NEC,hemolytic disease NEC,P56.9,0.9824728965759277,,,,,
837,5,同种免疫(ABO)(Rh),isoimmunization(ABO)(Rh),P56.0,0.9693964719772339,,,,,
837,3,胎儿死亡,"demise, fetal",P95,0.9954701662063599,,,,,
837,3,胎儿碎颅术,"cranioclasis, fetus",P03.8,0.9872198700904846,,,,,
838,3,胎粪,meconium,,0.9291854500770569,,,,,
838,4,腹膜炎,peritonitis,P78.0,0.9405933618545532,,,,,
838,4,梗阻，胎儿或新生儿,"obstruction,fetus or newborn",P76.0,0.9192376732826233,,,,,
838,4,染色，胎儿或新生儿,"stain, fetus or newborn",P20.9,0.9546305537223816,,,,,
838,3,栓塞综合征(新生儿)NEC,plug syndrome(newborn) NEC,P76.0,0.9800515174865723,,,,,
838,3,胎块(色素沉着)，水泡状[葡萄胎](良性)(并发于妊娠)(娩出)(未娩出),"mole (pigmented), hydatid, hydatidiform (benign) (complicating pregnancy) (delivered) (undelivered)",,0.9714016914367676,,,,,
838,4,新生儿,newborn,P02.2,0.9759703874588013,,,,,
838,3,胎膜炎，影响到胎儿或新生儿,"membranitis, affecting fetus or newborn",P02.7,0.9970635175704956,,,,,
838,3,胎盘(另见情况),"placenta, placental(see also condition)",,0.9871442914009094,,,,,
838,4,边缘(出血)(破裂)，影响到胎儿或新生儿,"marginal (hemorrhage) (rupture), affecting fetus or newborn",P02.0,0.9554426670074463,,,,,
838,4,梗死，影响到胎儿或新生儿,"infarction, affecting fetus or newborn",P02.2,0.9706751704216003,,,,,
838,4,机能不全，影响到胎儿或新生儿,"insufficiency, affecting fetus or newborn",P02.2,0.9699891805648804,,,,,
838,4,疾病NEC，影响到胎儿或新生儿,"disease NEC, affecting fetus or newborn",P02.2,0.974760115146637,,,,,
838,4,前置(中心性)(完全性)(边缘性)(部分)(全部)(伴有出血，影响到胎儿或新生儿),"previa (central) (complete) (marginal) (partial) (total) (with hemorrhage, affecting fetus or newborn)",P02.0,0.9623232483863831,,,,,
838,4,胎盘早剥，影响到胎儿或新生儿,"abruptio, affecting fetus or newborn",P02.1,0.9694541692733765,,,,,
838,4,异常的，异常NEC,"abnormal, abnormality NEC",P02.2,0.8230543732643127,,,,,
838,5,伴有出血，影响到胎儿或新生儿,"with hemorrhage, affecting fetus or newborn",P02.1,0.9724676609039307,,,,,
838,4,影响到胎儿或新生儿,affecting fetus or newborn,P02.2,0.9805405735969543,,,,,
838,4,早期剥离，影响到胎儿或新生儿,"ablatio, affecting fetus or newborn",P02.1,0.9705147743225098,,,,,
838,3,胎盘炎，影响到胎儿或新生儿,"placentitis, affecting fetus or newborn",P02.7,0.9974625706672668,,,,,
838,3,胎盘早剥，影响到胎儿或新生儿,"abruptio placentae, affecting fetus or newborn",P02.1,0.9776158332824707,,,,,
838,3,胎盆不称，影响到胎儿或新生儿,"disproportion (fetopelvic), affecting fetus or newborn",P03.1,0.9791320562362671,,,,,
838,3,胎头变形(分娩中),"molding, head(during birth)",P13.1,0.9927443265914917,,,,,
838,3,胎头水肿[先锋头],caput succedaneum,P12.8,0.9962236285209656,,,,,
838,3,糖尿病(性)，多尿症(已控制的)(家族性)(使用胰岛素的)(严重的)(未控制的),"diabetes, diabetic (controlled) (familial) (mellitus) (on insulin) (severe) (uncontrolled)",,0.9941275119781494,,,,,
838,4,母体并发于妊娠或分娩，影响到胎儿或新生儿,"complicating pregnancy or childbirth, maternal, affecting fetus or newborn",P70.1,0.9645911455154419,,,,,
838,5,发生在妊娠中的，影响到胎儿或新生儿,"arising in pregnancy, affecting fetus or newborn",P70.0,0.9806291460990906,,,,,
838,5,妊娠，影响到胎儿或新生儿,"gestational, affecting fetus or newborn",P70.0,0.9881125092506409,,,,,
838,4,母体发生在妊娠中的，影响到胎儿或新生儿,"arising in pregnancy, maternal, affecting fetus or newborn",P70.0,0.975995659828186,,,,,
838,4,新生儿(短暂性),neonatal(transient),P70.2,0.9732431769371033,,,,,
838,3,体重,weight,,0.9245802164077759,,,,,
838,3,出生时在999克及以下(极低),999 grams or less at birth(extremely low),P07.0,0.9803918600082397,,,,,
838,3,出生时在1000-2499克(低),1000-2499 grams at birth (low),P07.1,0.9731757044792175,,,,,
838,3,体重不足胎龄,underweight for gestational age,P05.0,0.982282817363739,,,,,
839,3,停止,"arrest, arrested, cessation",,0.9978603720664978,,,,,
839,4,胎儿发育或生长,"development or growth, fetus",P05.9,0.9675657153129578,,,,,
839,4,新生儿呼吸,"respiratory, newborn",P28.5,0.9770315289497375,,,,,
839,4,新生儿心脏,"cardiac, newborn",P29.1,0.9765974879264832,,,,,
839,4,婴儿冠状动脉,"coronary, infant",P29.1,0.9671725630760193,,,,,
839,3,通气机肺，新生儿,"ventilator lung, newborn",P27.8,0.98333340883255,,,,,
839,3,同种免疫NEC(另见起源于围生期的情况血型不配合),"isoimmunization NEC(see also Conditions originating in the perinatal period, incompatibility)",,0.9802535772323608,,,,,
839,4,胎儿或新生儿,fetus or newborn,P55.9,0.986189603805542,,,,,
839,4,ABO,ABO,P55.1,0.9535572528839111,,,,,
839,4,Rh,Rh with,P55.0,0.9247703552246094,,,,,
839,5,胆红素脑病[核黄疸],kernicterus,P57.0,0.9788187146186829,,,,,
839,6,胎儿水肿,hydrops fetalis,P56.0,0.9898966550827026,,,,,
839,5,特指类型NEC,specified type NEC,P55.8,0.9684409499168396,,,,,
839,3,头颅血肿(钙化),"cephalematoma, cephalhematoma(calcified)",,0.9810621738433838,,,,,
839,4,胎儿或新生儿(产伤),fetus or newborn(birth injury),P12.0,0.9675765037536621,,,,,
839,3,头血囊肿，头部积血,"cephalematocele, cephal(o)hematocele",,0.9820997714996338,,,,,
839,4,胎儿或新生儿,fetus or newborn,P52.8,0.9709404110908508,,,,,
839,4,产伤,birth injury,P10.8,0.9612138271331787,,,,,
839,3,透明膜(病)(肺)(新生儿),hyaline membrane (disease) (lung) (pulmonary) (newborn),P22.0,0.9754966497421265,,,,,
839,3,突出的坐骨棘或骶骨岬，伴有胎盆不称,"prominent ischial spine or sacral promontory, with disproportion (fetopelvic)",,0.9954831600189209,,,,,
839,4,影响到胎儿或新生儿,affecting fetus or newborn,P03.1,0.9696627259254456,,,,,
839,3,退缩，子宫环(班德尔)(病理性)，影响到胎儿或新生儿,"retraction, ring, uterus (Bandl's) (pathological), affecting fetus or newborn",P03.6,0.9896401166915894,,,,,
839,3,蜕膜炎(急性)，影响到胎儿或新生儿,"deciduitis(acute), affecting fetus or newborn",P00.8,0.9869479537010193,,,,,
839,3,臀(位),breech,,0.9359003901481628,,,,,
839,4,分娩NEC，影响到胎儿或新生儿,"delivery NEC, affecting fetus or newborn",P03.0,0.9836111664772034,,,,,
839,4,牵引术，影响到胎儿或新生儿,"extraction, affecting fetus or newborn",P03.0,0.9782206416130066,,,,,
839,4,先露,presentation,,0.7875579595565796,,,,,
839,5,分娩前，影响到胎儿或新生儿,"before labor, affecting fetus or newborn",P01.7,0.9864439964294434,,,,,
839,4,产程期间，影响到胎儿或新生儿,"during labor, affecting fetus or newborn",P03.0,0.9842574596405029,,,,,
839,3,脱垂，脱出,"prolapse, prolapsed",,0.9705591201782227,,,,,
839,4,臂或手，胎儿或新生儿的,"arm or hand, in fetus or newborn",P03.1,0.9797186255455017,,,,,
839,4,脐带，影响到胎儿或新生儿,"umbilical cord, affecting fetus or newborn",P02.4,0.9852415323257446,,,,,
839,4,胎儿肢体NEC，胎儿或新生儿的,"fetal limb NEC, in fetus or newborn",P03.1,0.9569487571716309,,,,,
839,4,腿，胎儿或新生儿的,"leg, in fetus or newborn",P03.1,0.9459223747253418,,,,,
839,4,子宫(伴有阴道脱垂)，妊娠，影响到胎儿或新生儿,"uterus (with prolapse of vagina), pregnant, affecting fetus or newborn",P03.8,0.9560699462890625,,,,,
839,3,脱水(急性)，胎儿或新生儿,"loss of fluid (acute), fetus or newborn",P74.1,0.9723594784736633,,,,,
839,3,脱水，新生儿,"dehydration, newborn",P74.1,0.9744624495506287,,,,,
839,3,脱位，眼球，产伤,"luxation , eyeball, birth injury",P15.3,0.9823914766311646,,,,,
840,3,威尔逊-米基迪综合征,Wilson-Mikity syndrome,P27.0,0.9905935525894165,,,,,
840,3,萎陷,collapse,,0.9540839791297913,,,,,
840,4,新生儿呼吸,"respiratory, newborn",P28.8,0.9880419373512268,,,,,
840,4,新生儿心脏呼吸[呼吸循环],"cardiopulmonary, newborn",P29.8,0.9686459302902222,,,,,
840,3,未成熟(儿)(28整周及以上但小于37整周),immaturity (28 completed weeks or more but less than 37 completed weeks),P07.3,0.9827736616134644,,,,,
840,3,低体重儿(胎儿或婴儿)-见起源于围生期的情况，低体重儿,"fetus or infant light-for-dates - see Conditions originating in the perinatal period, light-for-dates",,0.9652661085128784,,,,,
840,3,呼吸(器),respiratory,P28.0,0.957775890827179,,,,,
840,3,极度(小于28整周),"extreme, gross (less than 28 completed weeks)",P07.2,0.983207643032074,,,,,
840,4,胎儿,"fetal, fetus",P07.3,0.9785829186439514,,,,,
840,3,胎儿或新生儿肺,"pulmonary, fetus or newborn",P28.0,0.9785324335098267,,,,,
840,4,新生儿,newborn,P07.3,0.9487383365631104,,,,,
840,4,婴儿,infant,P07.3,0.9941636323928833,,,,,
840,3,未扩张，肺(新生儿),"nonexpansion,lung(newborn)",P28.0,0.9831968545913696,,,,,
840,3,喂养过量，新生儿,"overfeeding, newborn",P92.4,0.9738144278526306,,,,,
840,3,喂养问题，新生儿,"feeding problem, newborn",P92.9,0.9948170781135559,,,,,
840,4,特指的NEC,specified NEC,P92.8,0.984021008014679,,,,,
840,3,温度，寒冷，所致创伤，新生儿,"temperature, cold, trauma from, newborn",P80.0,0.9948768615722656,,,,,
840,3,紊乱-另见起源于围生期的情况，病,"disturbance - see also Conditions originating in the perinatal period, disease",,0.9899579286575317,,,,,
840,4,电解质,electrolyte,,0.8573627471923828,,,,,
840,4,新生儿，暂时性,"newborn, transitory",P74.4,0.9806942343711853,,,,,
840,4,钾平衡,potassium balance,P74.3,0.9796063303947449,,,,,
840,4,钠平衡,sodium balance,P74.2,0.9675601720809937,,,,,
840,4,特指类型NEC,specified type NEC,P74.4,0.9295384287834167,,,,,
840,4,新生儿代谢，暂时性,"metabolism, neonatal, transitory",P74.9,0.9943363070487976,,,,,
840,5,钙和镁,calcium and magnesium,P71.9,0.9801657795906067,,,,,
840,6,特指类型 NEC,specified type NEC,P71.8,0.9401516318321228,,,,,
840,5,碳水化合物代谢,carbohydrate metabolism,P70.9,0.9837380647659302,,,,,
840,6,特指类型NEC,specified type NEC,P70.8,0.9269083738327026,,,,,
840,5,特指的 NEC,specified NEC,P74.8,0.9438215494155884,,,,,
840,3,问题(有关的)(伴有)(另见起源于围生期的情况，疾病),"problem(related to)(with)(see also Conditions originatingin the perinatal period, disease)",,0.9981717467308044,,,,,
840,4,喂养新生儿,feeding newborn,P92.9,0.9826395511627197,,,,,
840,5,进食缓慢,slow,P92.2,0.9504548907279968,,,,,
840,5,母乳,breast,P92.5,0.9186302423477173,,,,,
840,4,特指的 NEC,specified NEC,P92.8,0.9795514345169067,,,,,
840,5,喂养过量,overfeeding,P92.4,0.9770849943161011,,,,,
840,5,营养不良,underfeeding,P92.3,0.9743815064430237,,,,,
840,3,无法生存的,nviable,P07.2,0.9982776641845703,,,,,
840,3,无尿，新生儿,"anuria, newborn",P96.0,0.9915705919265747,,,,,
841,3,吸杯分娩NEC，影响到胎儿或新生儿,"ventouse delivery NEC, affecting fetus or newborn",P03.3,0.9755213260650635,,,,,
841,3,吸入，误吸,aspiration/inhalation,,0.9905523657798767,,,,,
841,4,奶(新生儿),milk(newborn),P24.3,0.9885736107826233,,,,,
841,4,胎粪(新生儿),meconium(newborn),P24.0,0.939053475856781,,,,,
841,4,胎脂(新生儿),vernix caseosa(newborn),P24.8,0.9508928656578064,,,,,
841,4,新生儿(大量吸入综合征),newborn (massive) (syndrome),P24.9,0.9827440977096558,,,,,
841,5,胎粪,meconium,P24.0,0.9054180383682251,,,,,
841,4,血液，新生儿,"blood, newborn",P24.2,0.9568647742271423,,,,,
841,4,羊水，羊膜液(新生儿),"amniotic fluid, liquor(amnii)(newborn)",P24.1,0.9731054306030273,,,,,
841,4,粘液，新生儿,"mucus, newborn",P24.1,0.976926863193512,,,,,
841,3,吸收不良,absorption,,0.950408399105072,,,,,
841,4,化学(物质),chemical,,0.9350634813308716,,,,,
841,5,经胎盘(胎儿或新生儿),through placenta (fetus or newborn),P04.8,0.9830882549285889,,,,,
841,5,产科麻醉或镇痛药,obstetric anesthetic or analgesic drug,P04.0,0.9726781845092773,,,,,
841,6,环境物质,environmental substance,P04.6,0.9634938836097717,,,,,
841,6,营养性物质,nutritional substance,P04.5,0.9433609247207642,,,,,
841,3,母体药物NEC 经胎盘(胎儿或新生儿),maternal medication NEC through placenta(fetus or newborn),P04.1,0.9620248675346375,,,,,
841,4,药物NEC(胎儿或新生儿)-另见起源于围生期的情况，反应，药物,"drug NEC (fetus or newborn) - see also Conditions arising in the perinatal period, reaction, drug",,0.9933887720108032,,,,,
841,5,经胎盘,through placenta,P04.1,0.9862781167030334,,,,,
841,6,产科麻醉或镇痛剂,obstetric anesthetic or analgesic medication,P04.0,0.9733178615570068,,,,,
841,6,成瘾性,addictive,P04.4,0.9656376838684082,,,,,
841,3,息肉,"polyp, polypus",,0.9962611794471741,,,,,
841,4,母体宫颈，在妊娠或分娩中，影响到胎儿或新生儿,"cervix (uteri), maternal, in pregnancy or childbirth, affecting fetus or newborn",P03.8,0.9790595173835754,,,,,
841,4,母体子宫(体)(粘液性)，在妊娠或分娩中，影响到胎儿或新生儿,"uterus (body) (corpus) (mucous), maternal, in pregnancy or childbirth, affecting fetus or newborn",P03.8,0.9720185399055481,,,,,
841,4,新生儿脐,"umbilical, newborn",P83.6,0.9839603304862976,,,,,
841,3,膝状神经节炎，新生儿(产伤),"ganglionitis geniculate, newborn (birth injury)",P11.3,0.9912892580032349,,,,,
841,3,狭窄(瘢痕性),constriction/stenosis/stricture(cicatricial),,0.992466390132904,,,,,
841,4,母体宫颈(管)，在妊娠或分娩中,"cervix, cervical(canal), maternal, in pregnancy or childbirth",,0.9762701392173767,,,,,
841,5,引起梗阻性分娩，影响到胎儿或新生儿,"causing obstructed labor, affecting fetus or newborn",P03.1,0.977850079536438,,,,,
841,5,影响到胎儿或新生儿,affecting fetus or newborn,P03.8,0.9714682698249817,,,,,
841,4,母体阴道，在妊娠或分娩中,"vagina, maternal, in pregnancy or childbirth",,0.9567092657089233,,,,,
841,5,引起梗阻性分娩，影响到胎儿或新生儿,"causing obstructed labor, affecting fetus or newborn",P03.1,0.982101559638977,,,,,
841,5,影响到胎儿或新生儿,affecting fetus or newborn,P03.8,0.9725194573402405,,,,,
841,4,子宫环，导致难产，影响到胎儿或新生儿,"ring dystocia (uterus), affecting fetus or newborn",P03.6,0.978030800819397,,,,,
842,3,先露，胎儿,"presentation, fetal",,0.9963447451591492,,,,,
842,4,臀(位),breech,,0.8776925802230835,,,,,
842,5,伴有产前外转胎位术，影响到胎儿或新生儿,"with external version before labor, affecting fetus or newborn",P01.7,0.9724482297897339,,,,,
842,5,分娩前，影响到胎儿或新生儿,"before labor, affecting fetus or newborn",P01.7,0.9888492822647095,,,,,
842,5,引起梗阻性分娩，胎儿或新生儿,"causing obstructed labor, fetus or newborn",P03.0,0.9768030047416687,,,,,
842,4,异常的,abnormal,,0.911880373954773,,,,,
842,4,分娩前，影响到胎儿或新生儿,"before labor, affecting fetus or newborn",P01.7,0.9698525667190552,,,,,
842,5,引起梗阻性分娩，影响到胎儿或新生儿(任何，除外臀(位)),"causing obstructed labor, affecting fetus or newborn (any, except breech)",P03.1,0.9707136154174805,,,,,
842,6,臀(位),breech,P03.0,0.9324620962142944,,,,,
842,3,先兆,threatened,,0.9643811583518982,,,,,
842,4,产程(另见起源于围生期的并发症，产程，假),"labor (see also Complications originating in the perinatal period, labor, false)",,0.9700795412063599,,,,,
842,5,影响到胎儿,affecting fetus,P01.8,0.9917585849761963,,,,,
842,4,流产，影响到胎儿,"abortion, affecting fetus",P01.8,0.9644515514373779,,,,,
842,3,早产，影响到胎儿,"premature delivery, affecting fetus",P01.8,0.961654543876648,,,,,
842,4,自然流产，影响到胎儿,"miscarriage, affecting fetus",P01.8,0.9800988435745239,,,,,
842,3,先兆子痫，影响到胎儿或新生儿,"pre-eclampsia, affecting fetus or newborn",P00.0,0.9771944880485535,,,,,
842,3,纤维(瘤)，母体,"fibroid (tumor), maternal",,0.9936770796775818,,,,,
842,4,在妊娠或分娩中，影响到胎儿或新生儿,"in pregnancy or childbirth, affecting fetus or newborn",P03.8,0.9754993319511414,,,,,
842,3,纤维化，纤维变性,"fibrosis, fibrotic",,0.9915326833724976,,,,,
842,4,肺，先天性,"pulmonary, congenital",P27.8,0.9615063071250916,,,,,
842,4,肺(萎缩性)(毛细管)(慢性)(融合性)(大块)(肺泡周)(支气管周)，先天性,"lung (atrophic) (capillary) (chronic) (confluent) (massive) (perialveolar) (peribronchial), congenital",P27.8,0.9732198119163513,,,,,
842,4,母体会阴，在妊娠或分娩中,"perineum, maternal, in pregnancy or childbirth",,0.9607430100440979,,,,,
842,5,引起梗阻性分娩，影响到胎儿或新生儿,"causing obstructed labor, affecting fetus or newborn",P03.1,0.968174159526825,,,,,
842,3,纤维肌瘤，母体,"fibromyoma, maternal",,0.9961376190185547,,,,,
842,4,子宫(体)，在妊娠或分娩中，影响到胎儿或新生儿,"uterus (corpus), in pregnancy or childbirth, affecting fetus or newborn",P03.8,0.9703963994979858,,,,,
842,3,小,small(ness),,0.9852020740509033,,,,,
842,4,母体骨盆，伴有胎盆不称，影响到胎儿或新生儿,"pelvis, maternal, with disproportion(fetopelvic), affecting fetus or newborn",P03.1,0.9716388583183289,,,,,
842,3,胎儿或新生儿胎龄,fetus or newborn for gestational age,P05.1,0.9862892031669617,,,,,
842,3,小肠结肠炎(另见起源于围生期的情况，腹泻),"enterocolitis(see also Conditions originating in the perinatal period, diarrhea)",,0.9990286231040955,,,,,
842,4,胎儿或新生儿坏死性(慢性),"necrotizing (chronic), fetus or newborn",P77,0.9647533893585205,,,,,
842,3,小肠炎(急性)(腹泻)(出血性)(另见起源于围生期的情况，腹泻),"enteritis (acute)(diarrheal) (hemorrhagic) (see also Conditions originating in the perinatal period, diarrhea)",,0.9790496230125427,,,,,
842,4,胎儿或新生儿坏死性,necrotizing of fetus or newborn,P77,0.9381726980209351,,,,,
842,3,小头(畸形)，由于弓形虫病引起的(先天性),"microcephalus, microcephalic, microcephaly, due to toxoplasmosis (congenital)",P37.1,0.9917240738868713,,,,,
843,3,小样低体重儿(婴儿),small-and-light-for-dates(infant),P05.1,0.9926985502243042,,,,,
843,3,小样儿(婴儿),small-for-dates(infant),P05.1,0.9769604802131653,,,,,
843,3,效应，有害NEC,"effect, adverse NEC",,0.987535834312439,,,,,
843,4,在产程和分娩中的麻醉，影响到胎儿或新生儿,"anesthesia in labor and delivery, affecting fetus or newborn",P04.0,0.9776721000671387,,,,,
843,3,斜颈(间歇性)(痉挛性)，由于产伤,"torticollis (intermittent) (spastic), due to birth injury",P15.2,0.9857720732688904,,,,,
843,3,心包积气,pneumopericardium,,0.9735197424888611,,,,,
843,3,胎儿或新生儿,fetus or newborn,P25.3,0.9661441445350647,,,,,
843,4,先天性,congenital,P25.3,0.9849358797073364,,,,,
843,3,心包积血，新生儿,"hemopericardium, newborn",P54.8,0.9672478437423706,,,,,
843,3,心搏过缓,brachycardia,,0.9699010252952576,,,,,
843,4,胎儿,fetal,P20.9,0.9737423658370972,,,,,
843,4,新生儿,newborn,P29.1,0.960133969783783,,,,,
843,3,心搏异常感,awareness of heart beat,,0.9892778396606445,,,,,
843,4,胎儿,fetal,P20.9,0.9774782657623291,,,,,
843,4,新生儿,newborn,P29.1,0.986470639705658,,,,,
843,3,心动过缓(任何类型)(窦房性)(窦性)(迷走神经性),bradycardia(any type)(sinoatrial)(sinus)(vagal),,0.990168035030365,,,,,
843,4,胎儿-见起源于围生期的情况，窘迫，胎儿,"fetal - see Conditions originating in the perinatal period, distress, fetal",,0.9521801471710205,,,,,
843,4,新生儿,newborn,P29.1,0.9447946548461914,,,,,
843,3,心动过速,tachycardia,,0.9679086804389954,,,,,
843,4,胎儿-见起源于围生期的情况，窘迫，胎儿,"fetal - see Conditions originating in the perinatal period, distress, fetal",,0.9548398852348328,,,,,
843,4,新生儿,newborn,P29.1,0.9610185623168945,,,,,
843,3,心悸(心脏),palpitations (heart),,0.9886460304260254,,,,,
843,4,胎儿,fetal,P20.9,0.9847767353057861,,,,,
843,4,新生儿,newborn,P29.1,0.9495027661323547,,,,,
843,3,心律不齐(心脏)(心室)，新生儿,"arrhythmia (cardiac) (ventricular), newborn",P29.1,0.9877959489822388,,,,,
843,3,心跳感,heart beat,,0.9688842296600342,,,,,
843,4,异常,abnormality,,0.8147208094596863,,,,,
843,5,胎儿,fetal,P20.9,0.9526422023773193,,,,,
843,5,新生儿,newborn,P29.1,0.9774293899536133,,,,,
843,4,意识,awareness,,0.8174158334732056,,,,,
843,5,胎儿,fetal,P20.9,0.9481901526451111,,,,,
843,5,新生儿,newborn,P29.1,0.9370233416557312,,,,,
843,3,新生儿胆红素脑病,kernicterus of newborn,P57.9,0.9623615741729736,,,,,
843,4,特指类型NEC,specified type NEC,P57.8,0.9841189980506897,,,,,
843,4,由于同种免疫(在 中的情况),due to isoimmunization(conditions in),P55 P57.0,0.9775019288063049,,,,,
843,3,新生儿红皮病,erythroderma neonatorum,P83.8,0.9926318526268005,,,,,
843,4,中毒性,toxic,P83.1,0.9690708518028259,,,,,
843,3,新生儿呼吸间断,anaerosis of newborn,P28.8,0.9939468502998352,,,,,
844,3,新生儿黄疸(另见起源于围生期的情况，黄疸，胎儿或新生儿),"icterus neonatorum(see also Conditions originating in the perinatal period, jaundice, fetus or newborn)",P59.9,0.9774892330169678,,,,,
844,3,新生儿荨麻疹,urticaria neonatorum,P83.8,0.9796761870384216,,,,,
844,3,新生儿眼炎，新生儿,"ophthalmia neonatorum, newborn",P39.1,0.9792194962501526,,,,,
844,3,新生儿脂肪坏死,adiponecrosis neonatorum,P83.8,0.9818006157875061,,,,,
844,3,兴奋增盛，大脑，新生儿,"irritable, irritability, cerebral, in newborn",P91.3,0.9978146553039551,,,,,
844,3,休克(急性),shock(acute),,0.9833586812019348,,,,,
844,4,败血症性，新生儿,"septicemic, newborn",P36.9,0.9689382314682007,,,,,
844,4,出生后，胎儿或新生儿NEC,"birth, fetus or newborn NEC",P96.8,0.9615873098373413,,,,,
844,4,肺，新生儿,"lung, newborn",P22.0,0.9743993878364563,,,,,
844,4,脓毒性(另见起源于围生期的情况，败血症),"septic(see also Conditions originating in the perinatal period, septicemia)",,0.9728850722312927,,,,,
844,5,新生儿,newborn,P36.9,0.983899712562561,,,,,
844,3,悬垂腹，母体，在妊娠或分娩中,"pendulous abdomen, maternal, in pregnancy or childbirth",,0.9950262308120728,,,,,
844,4,影响到胎儿或新生儿,affecting fetus or newborn,P03.8,0.9822615385055542,,,,,
844,3,旋转(胎位)，手法，影响到胎儿或新生儿,"rotation, manual, affecting fetus or newborn",P03.8,0.9876991510391235,,,,,
844,3,血管内凝血(弥漫性)(播散性),"coagulation, intravascular (diffuse) (disseminated)",,0.9950234293937683,,,,,
844,4,产前，影响到胎儿或新生儿,"antepartum, affecting fetus or newborn",P02.1,0.9698830842971802,,,,,
844,3,胎儿或新生儿,fetus or newborn,P60,0.9759846329689026,,,,,
844,3,血管前置,vasa previa,,0.9918666481971741,,,,,
844,3,导致出血，影响到胎儿或新生儿,"hemorrhage from, affecting fetus or newborn",P50.0,0.9763389229774475,,,,,
844,4,影响到胎儿或新生儿,affecting fetus or newborn,P02.6,0.9814276099205017,,,,,
844,3,血栓形成，血栓形成性(多发性)(进行性)(脓毒性)(静脉)(管),"thrombosis, thrombotic (multiple) (progressive) (septic) (vein) (vessel)",,0.958338737487793,,,,,
844,4,脐带(血管)，并发于分娩，影响到胎儿或新生儿,"umbilical cord (vessels), complicating delivery, affecting fetus or newborn",P02.6,0.9683243036270142,,,,,
844,3,血栓性静脉炎，母体,"thrombophlebitis, maternal",,0.995206892490387,,,,,
844,4,产前(浅表性)，影响到胎儿或新生儿,"antepartum (superficial), affecting fetus or newborn",P00.3,0.9790959358215332,,,,,
844,4,妊娠(浅表性)，影响到胎儿或新生儿,"pregnancy (superficial), affecting fetus or newborn",P00.3,0.9855569005012512,,,,,
844,3,血小板减少(性),"thrombocytopenia, thrombocytopenic",,0.9854969382286072,,,,,
844,3,新生儿，暂时性,"neonatal, transitory",P61.0,0.9915156960487366,,,,,
844,4,由于,due to,,0.8600236773490906,,,,,
844,5,换血疗法,exchange transfusion,P61.0,0.9789533019065857,,,,,
844,5,特发性母体血小板减少,idiopathic maternal thrombocytopenia,P61.0,0.9938889741897583,,,,,
844,5,同种免疫,isoimmunization,P61.0,0.9977397918701172,,,,,
844,3,血型不配合,incompatibility,,0.9843618869781494,,,,,
844,4,胎儿或新生儿ABO血型,"ABO, fetus or newborn",P55.1,0.9704377055168152,,,,,
844,4,胎儿或新生儿Rh(血型)(因子),"Rh (blood group) (factor), fetus or newborn",P55.0,0.9735062718391418,,,,,
844,4,血(型)(达菲)(K型(凯尔))(基德)(刘易斯)(M型)(S型)NEC,blood(group)(Duffy)(K(ell))(Kidd)(Lewis)(M) (S) NEC,,0.9645686149597168,,,,,
844,4,胎儿或新生儿,fetus or newborn,P55.8,0.9748650789260864,,,,,
845,3,"血胸(细菌性)(非结核性),新生儿","hemothorax (bacterial) (nontuberculous), newborn",P54.8,0.9676130414009094,,,,,
845,3,血质不调，胎儿或新生儿,"blood dyscrasia/dyscrasia, blood, fetus or newborn",P61.9,0.9891111850738525,,,,,
845,4,特指类型 NEC,specified type NEC,P61.8,0.976720929145813,,,,,
845,3,血肿(创伤性)(皮肤表面完整),hematoma (traumatic) (skin surface intact),,0.9942240118980408,,,,,
845,3,产伤NEC,birth injury NEC,P15.8,0.9728332757949829,,,,,
845,4,肝(包膜下)，产伤,"liver (subcapsular), birth injury",P15.0,0.9699844121932983,,,,,
845,4,睾丸，产伤,"testis, birth injury",P15.5,0.9745283126831055,,,,,
845,4,脊(髓)(脑脊膜),spinal(cord)(meninges),,0.9208180904388428,,,,,
845,4,胎儿或新生儿(产伤),fetus or newborn(birth injury),P11.5,0.9879711866378784,,,,,
845,3,面部，产伤,"face, birth injury",P15.4,0.9794453382492065,,,,,
845,4,脐带，并发于分娩，影响到胎儿或新生儿,"umbilical cord, complicating delivery, affecting fetus or newborn",P02.6,0.9838768839836121,,,,,
845,4,胎儿或新生儿,fetus or newborn,,0.9265151023864746,,,,,
845,5,脑(创伤性) NEC,brain(traumatic) NEC,P52.4,0.9734145998954773,,,,,
845,5,产伤,birth injury,P10.1,0.9804843068122864,,,,,
845,5,浅表性,superficial,P54.5,0.9778468608856201,,,,,
845,5,外阴(产伤),vulva (birth injury),P15.5,0.9853307008743286,,,,,
845,5,硬膜下(局部),subdural (localized),P52.8,0.975416898727417,,,,,
845,6,产伤,birth injury,P10.0,0.9184105396270752,,,,,
845,3,蛛网膜下(非创伤性),subarachnoid (nontraumatic),P52.5,0.9837589263916016,,,,,
845,4,产伤,birth injury,P10.3,0.9258202910423279,,,,,
845,4,胸锁乳突肌，产伤,"sternomastoid/sternocleidomastoid, birth injury",P15.2,0.9910580515861511,,,,,
845,4,阴茎，产伤,"penis, birth injury",P15.5,0.9623326659202576,,,,,
845,4,阴囊，浅表性，产伤,"scrotum, superficial, birth injury",P15.5,0.9918686151504517,,,,,
845,3,循环,circulation,,0.9688782095909119,,,,,
845,4,衰竭(周围),failure(peripheral),,0.9690619707107544,,,,,
845,4,胎儿或新生儿,fetus or newborn,P29.8,0.9936438798904419,,,,,
845,4,胎儿，持续性,"fetal, persistent",P29.3,0.9908770322799683,,,,,
845,3,压力，压迫,pressure,,0.9770870208740234,,,,,
845,3,出生，胎儿或新生儿NEC,"birth, fetus or newborn, NEC",P15.9,0.9768908619880676,,,,,
845,4,出生时脑损伤 NEC,brain injury at birth NEC,P11.1,0.9633647203445435,,,,,
845,4,增加，颅内(良性)，出生时损伤,"increased, intracranial (benign), injury at birth",P11.0,0.9681098461151123,,,,,
845,3,烟草(烟碱[尼古丁])，母体使用，影响到胎儿或新生儿,"tobacco (nicotine), maternal use, affecting fetus or newborn",P04.2,0.9890162348747253,,,,,
845,3,延长,prolonged,,0.9614230394363403,,,,,
845,4,产程，影响到胎儿或新生儿,"labor, affecting fetus or newborn",P03.8,0.9885345697402954,,,,,
845,4,分娩中子宫收缩，影响到胎儿或新生儿,"uterine contractions in labor, affecting fetus or newborn",P03.6,0.9631990194320679,,,,,
845,3,延迟,"delay, delayed",,0.9883878827095032,,,,,
845,3,闭合，动脉导管(博塔洛),"closure, ductus arteriosus(Botalli)",P29.3,0.9867603778839111,,,,,
845,4,分娩NEC，影响到胎儿或新生儿,"birth or delivery NEC, affecting fetus or newborn",P03.8,0.9693500995635986,,,,,
846,4,分娩，第二双胎，第三胎，等,"delivery, second twin, triplet, etc.",,0.9786731600761414,,,,,
846,4,影响到胎儿或新生儿,affecting fetus or newborn,P03.8,0.9901091456413269,,,,,
846,4,原发性呼吸(另见起源于围生期的情况，窒息，新生儿),"primary respiration(see also Conditions originating in the perinatal period, asphyxia. newborn)",P21.9,0.9730132818222046,,,,,
846,3,炎，炎症(性)，发炎(伴有渗出)(另见起源于围生期的情况，感染),"inflammation, inflamed, inflammatory(with exudation) (see also Conditions originating in the perinatal period, infection)",,0.9856162071228027,,,,,
846,4,新生儿脐,"navel, newborn, umbilicus, newborn",P38,0.9742236733436584,,,,,
846,3,羊膜盖面(引起窒息),caul over face(causing asphyxia),P21.9,0.9874358177185059,,,,,
846,3,羊膜炎，影响到胎儿或新生儿,"amnionitis, affecting fetus or newborn",P02.7,0.9794548153877258,,,,,
846,3,羊水过多，影响到胎儿或新生儿,"hydramnios/polyhydramnios, affecting fetus or newborn",P01.3,0.9764442443847656,,,,,
846,3,羊水过少，影响到胎儿或新生儿,"oligohydramnios, affecting fetus or newborn",P01.2,0.9725520014762878,,,,,
846,3,腰椎变形(先天性)，母体,"distortion (congenital) lumbar spine, maternal",,0.9934625029563904,,,,,
846,4,伴有胎盆不称，影响到胎儿或新生儿,"with disproportion, affecting fetus or newborn",P03.1,0.9764771461486816,,,,,
846,3,依赖,dependence,,0.9819961190223694,,,,,
846,4,由于药物NEC,due to drug NEC,,0.9410762786865234,,,,,
846,5,母体，并发于妊娠或分娩,"maternal, complicating pregnancy or childbirth",,0.9739917516708374,,,,,
846,5,新生儿的戒断症状,withdrawal symptoms in newborn,P96.1,0.9691582918167114,,,,,
846,6,影响到胎儿或新生儿,affecting fetus or newborn,P04.4,0.9482455849647522,,,,,
846,3,异常(先天性)(未特指类型),"abnormal, abnormality, abnormalities/anomaly, anomalous (congenital)(unspecified type)",,0.998342752456665,,,,,
846,4,产程NEC，影响到胎儿或新生儿,"labor NEC, affecting fetus or newborn",P03.6,0.9755789637565613,,,,,
846,4,产力，影响到胎儿或新生儿,forces of labor affecting fetus or newborn,P03.6,0.9888904094696045,,,,,
846,4,肺,pulmonary,,0.8142111897468567,,,,,
846,4,功能，新生儿,"function, newborn",P28.8,0.964597761631012,,,,,
846,4,通气，新生儿,"ventilation, newborn",P28.8,0.9550087451934814,,,,,
846,4,分娩，影响到胎儿或新生儿,"parturition, affecting fetus or newborn",P03.9,0.9682771563529968,,,,,
846,4,母体宫颈(后天的)(先天的)，在妊娠或分娩中,"cervix, maternal(acquired)(congenital), in pregnancy or childbirth",,0.9745485782623291,,,,,
846,5,引起梗阻性分娩,causing obstructed labor,,0.9401882886886597,,,,,
846,4,影响到胎儿或新生儿,affecting fetus or newborn,P03.1,0.9790240526199341,,,,,
846,3,影响到胎儿或新生儿,affecting fetus or newborn,P03.8,0.979830265045166,,,,,
846,4,母体骨盆器官或组织，在妊娠或分娩中,"organs or tissues of maternal pelvis, in pregnancy or childbirth",,0.9624597430229187,,,,,
846,5,引起梗阻性分娩,causing obstructed labor,,0.9291563034057617,,,,,
846,4,影响到胎儿或新生儿,affecting fetus or newborn,P03.1,0.9654917120933533,,,,,
846,4,影响到胎儿或新生儿,affecting fetus or newborn,P03.8,0.9784212112426758,,,,,
846,4,母体外阴和会阴(后天性)(先天性)，在妊娠或分娩中,"vulva and perineum, maternal(acquired) (congenital), in pregnancy or childbirth",,0.9709565043449402,,,,,
846,4,引起梗阻性分娩,causing obstructed labor,,0.9270026683807373,,,,,
846,3,影响到胎儿或新生儿,affecting fetus or newborn,P03.1,0.9842817187309265,,,,,
847,4,母体阴道(后天性)(先天性)，在妊娠或分娩中,"vagina, maternal(acquired)(congenital), in pregnancy or childbirth",,0.9811738133430481,,,,,
847,5,引起梗阻性分娩,causing obstructed labor,,0.9212398529052734,,,,,
847,6,影响到胎儿或新生儿,affecting fetus or newborn,P03.1,0.9697691202163696,,,,,
847,4,母体子宫，在妊娠或分娩中,"uterus, maternal, in pregnancy or childbirth",,0.9545552134513855,,,,,
847,5,引起梗阻性分娩,causing obstructed labor,,0.9770263433456421,,,,,
847,6,影响到胎儿或新生儿,affecting fetus or newborn,P03.1,0.9739670753479004,,,,,
847,5,影响到胎儿或新生儿,affecting fetus or newborn,P03.8,0.9654839634895325,,,,,
847,4,脐带，影响到胎儿或新生儿,"umbilical cord, affecting fetus or newborn",P02.6,0.9932252168655396,,,,,
847,4,绒毛膜，影响到胎儿或新生儿,"chorion, affecting fetus or newborn",P02.9,0.9654618501663208,,,,,
847,4,胎儿,"fetus, fetal",,0.886505663394928,,,,,
847,5,引起胎盆不称，影响到胎儿或新生儿,"causing disproportion, affecting fetus or newborn",P03.1,0.9799262881278992,,,,,
847,4,胎膜(胎儿),membranes(fetal),,0.9140088558197021,,,,,
847,5,特指类型NEC，影响到胎儿或新生儿,"specified type NEC, affecting fetus or newborn",P02.8,0.9840812683105469,,,,,
847,5,影响到胎儿或新生儿,affecting fetus or newborn,P02.9,0.9716474413871765,,,,,
847,4,先露(胎儿),presentation (fetus),,0.8859134912490845,,,,,
847,5,分娩前，影响到胎儿或新生儿,"before labor, affecting fetus or newborn",P01.7,0.9819949865341187,,,,,
847,5,引起梗阻性分娩，影响到胎儿或新生儿(任何，除外臀),"causing obstructed labour, affecting fetus or newborn(any, except breech)",P03.1,0.9572375416755676,,,,,
847,6,臀,breech,P03.0,0.9382036924362183,,,,,
847,4,新生儿抗凝血(短暂性),"anticoagulation, newborn (transient)",P61.6,0.989247739315033,,,,,
847,4,新生儿凝血，短暂性,"coagulation, newborn, transient",P61.6,0.9827215075492859,,,,,
847,4,羊膜、羊水，影响到胎儿或新生儿,"amnion, amniotic fluid, affecting fetus or newborn",P02.9,0.9537898302078247,,,,,
847,3,抑制，新生儿,"depression, newborn",,0.9671128392219543,,,,,
847,3,大脑,cerebral,P91.4,0.9576168656349182,,,,,
847,3,呼吸,"respiration, respiratory",P28.8,0.9778483510017395,,,,,
847,4,生命中枢,vital centers,P91.4,0.9859319925308228,,,,,
847,4,中枢神经系统NEC,central nervous system(CNS) NEC,P91.4,0.9707123041152954,,,,,
847,3,意外(伤害),accident,,0.9363420009613037,,,,,
847,4,出生-见起源于围生期的情况，产伤,"birth - see Conditions originating in the perinatal period, birth, injury",,0.9593132734298706,,,,,
847,4,母亲在妊娠中，影响到胎儿或新生儿,"during pregnancy, to mother, affecting fetus or newborn",P00.5,0.9703949093818665,,,,,
847,3,阴道炎，母体(急性)，并发于妊娠，影响到胎儿或新生儿,"vaginitis, maternal (acute), complicating pregnancy, affecting fetus or newborn",P00.8,0.9922032952308655,,,,,
847,3,引产术，影响到胎儿或新生儿,"induction of labor, affecting fetus or newborn",P03.8,0.9811986684799194,,,,,
847,3,婴儿-另见起源于围生期的情况，婴儿期,"infant(s) - see also Conditions originating in the perinatal period, infancy",,0.9824859499931335,,,,,
847,4,糖尿病母亲(综合征)的,of diabetic mother(syndrome of),P70.1,0.9872734546661377,,,,,
847,5,妊娠糖尿病,gestational diabetes,P70.0,0.9884507060050964,,,,,
848,3,婴儿松弛综合征(非特异性),"baby, floppy(syndrome)/floppy baby syndrome (nonspecific)",P94.2,0.979843020439148,,,,,
848,3,婴儿型,"infancy, infantile, infantilism",,0.9967448115348816,,,,,
848,4,骨盆，母体,"pelvis, maternal",,0.9827093482017517,,,,,
848,5,伴有胎盆不称，影响到胎儿或新生儿,"with disproportion(fetopelvic), affecting fetus or newborn",P03.1,0.9549915790557861,,,,,
848,4,生殖器，母体(青春期后),"genitalia, genitals, maternal (after puberty)",,0.9619317650794983,,,,,
848,5,在妊娠或分娩中NEC，影响到胎儿或新生儿,"in pregnancy or childbirth NEC, affecting fetus or newborn",P03.8,0.9860346913337708,,,,,
848,3,营养不良,malnutrition/underfeeding,,0.9903650283813477,,,,,
848,4,母体，影响到胎儿或新生儿,"maternal, affecting fetus or newborn",P00.4,0.9701116681098938,,,,,
848,4,新生儿,newborn,P92.3,0.9672969579696655,,,,,
848,4,子宫内或胎儿,intrauterine or fetal,P05.2,0.9859188795089722,,,,,
848,4,低体重儿,light-for-dates,P05.0,0.9610817432403564,,,,,
848,4,小样儿,small-for-dates,P05.1,0.9764010310173035,,,,,
848,3,硬变(肝),"cirrhosis, cirrhotic(hepatic)",,0.9963715672492981,,,,,
848,4,肝(慢性)(肝脾的)(肥大性)(结节性)(脾大性),liver (chronic) (hepatolienal) (hypertrophic) (nodular) (splenomegalic),,0.979592502117157,,,,,
848,4,先天性,congenital,P78.8,0.992350161075592,,,,,
848,3,硬化病[硬肿病](新生儿),sclerema (newborn),P83.0,0.9919509887695312,,,,,
848,4,水肿性,edematosum,P83.0,0.94291090965271,,,,,
848,4,新生儿,adiposum,P83.0,0.9560836553573608,,,,,
848,3,硬皮病(弥漫性)(全身性)，新生儿,"scleroderma, sclerodermia (diffuse) (generalized), newborn",P83.8,0.9667457938194275,,,,,
848,3,硬肿病[硬化病]，新生儿,"scleredema, newborn",P83.0,0.9787884950637817,,,,,
848,3,永存[存留](先天性)胎循环,"persistence, persistent (congenital) fetal circulation",P29.3,0.9878333210945129,,,,,
848,4,枕后位或枕横(位)，影响到胎儿或新生儿,"occipitoposterior or transverse (position), affecting fetus or newborn",P03.1,0.9760553240776062,,,,,
848,3,瘀点，胎儿或新生儿,"petechia, petechiae, fetus or newborn",P54.5,0.9745212197303772,,,,,
848,3,孕期(周期)-另见起源于围生期的情况，妊娠,"gestation(period) - see also Conditions originating in the perinatal period, pregnancy",,0.9949617981910706,,,,,
848,4,小于28周,less than 28 weeks,P07.2,0.9602190256118774,,,,,
848,4,28周及以上但小于37周,28 weeks or more but less than 37 weeks,P07.3,0.9837855696678162,,,,,
848,4,42整周及以上,42 or more completed weeks,P08.2,0.9898502230644226,,,,,
848,3,晕厥，心动过缓,"syncope, bradycardia",,0.995093584060669,,,,,
848,4,胎儿,fetal,P20.9,0.939831554889679,,,,,
848,4,新生儿,newborn,P29.1,0.9710256457328796,,,,,
848,3,早产NEC(小于37整周)(另见起源于围生期的情况，未成熟),"prematurity NEC (less than 37 completed weeks) (see also Conditions arising in the perinatal period, immaturity)",P07.3,0.9739469885826111,,,,,
848,4,婴儿 NEC,infant NEC,P07.3,0.9891034364700317,,,,,
848,5,低体重儿,light-for-dates,P05.0,0.9688712358474731,,,,,
848,3,早产儿，新生儿 NEC,"preterm infant, newborn NEC",P07.3,0.9856011867523193,,,,,
848,3,粘连，粘连性(感染后),"adhesions, adhesive(postinfective)",,0.9947320222854614,,,,,
848,4,羊膜，影响到胎儿或新生儿,"amnion to fetus, affecting fetus or newborn",P02.8,0.9545329213142395,,,,,
849,3,"张力过低 NEC,先天性(良性)","hypotonia, hypotonicity, hypotony NEC, congenital (benign)",P94.2,0.9640932679176331,,,,,
849,3,张力过高，高张性,"hypertony, hypertonia, hypertonicity",,0.9820725917816162,,,,,
849,4,先天性,congenital,P94.1,0.9394791722297668,,,,,
849,4,子宫(收缩)(并发于分娩)，影响到胎儿或新生儿,"uterus, uterine (contractions) (complicating delivery), affecting fetus or newborn",P03.6,0.96927809715271,,,,,
849,3,张力缺失，弛缓(性),"atonia, atony, atonic",,0.9730316400527954,,,,,
849,4,母体子宫，产程期间,"uterus, maternal, during labor",,0.9695218801498413,,,,,
849,5,影响到胎儿或新生儿,affecting fetus or newborn,P03.6,0.9864166975021362,,,,,
849,3,先天性,congenital,P94.2,0.9819220304489136,,,,,
849,3,障碍-另见起源于围生期的情况，病,"disturbance - see also Conditions originating in the perinatal period, disease",,0.992688000202179,,,,,
849,4,新生儿大脑,"cerebral status, newborn",P91.9,0.9909531474113464,,,,,
849,5,特指的 NEC,specified NEC,P91.8,0.943877637386322,,,,,
849,4,新生儿喂养,"feeding, newborn",P92.9,0.9847005009651184,,,,,
849,3,肢端发绀，新生儿,"acrocyanosis, newborn",P28.2,0.9593271613121033,,,,,
849,3,直肠膨出，母体，在妊娠或分娩中,"rectocele, maternal, in pregnancy or childbirth",,0.9868140816688538,,,,,
849,4,引起梗阻性分娩，影响到胎儿或新生儿,"causing obstructed labor, affecting fetus or newborn",P03.1,0.9682002067565918,,,,,
849,3,纸样胎,papyraceous fetus,P95,0.9947331547737122,,,,,
849,3,窒息(在...期间),"asphyxia, asphyxiation(by)",,0.9929131865501404,,,,,
849,4,出生前(另见起源于围生期的情况，窘迫，胎儿),"antenatal/prenatal(see also Conditions originating in the perinatal period, distress, fetal)",P20.9,0.9599254131317139,,,,,
849,4,出生(另见起源于围生期的情况，窒息，新生儿),"birth(see also Conditions originating in the perinatal period, asphyxia, newborn)",P21.9,0.9686487317085266,,,,,
849,4,出生后-见起源于围生期的情况，窒息，新生儿,"postnatal - see Conditions originating in the perinatal period, asphyxia, newborn",,0.9768257141113281,,,,,
849,4,胎儿(另见起源于围生期的情况，窘迫，胎儿),"fetal(see also Conditions originating in the perinatal period, distress, fetal)",P20.9,0.9476317167282104,,,,,
849,4,围生期-见起源于围生期的情况，窒息，新生儿,"perinatal - see Conditions originating in the perinatal period, asphyxia, newborn",,0.9655529260635376,,,,,
849,3,新生儿,newborn,P21.9,0.9678069949150085,,,,,
849,4,轻度或中度,mild or moderate,P21.1,0.9777156710624695,,,,,
849,4,重度,severe,P21.0,0.9387694001197815,,,,,
849,5,伴有1分钟阿普加评分,with 1-minute Apgar score,,0.9776382446289062,,,,,
849,6,0-3分,0-3,P21.0,0.9023195505142212,,,,,
849,6,4-7分,4-7,P21.1,0.9046396017074585,,,,,
849,4,低 NEC,low NEC,P21.9,0.9752153754234314,,,,,
849,5,苍白,"pallida, white",P21.0,0.9123868942260742,,,,,
849,5,青紫,"blue, livida",P21.1,0.9474453926086426,,,,,
849,3,摄入食物或异物,food or foreign body(in),P24.3,0.9495468139648438,,,,,
849,3,吸入粘液,mucus(in),P24.1,0.946087121963501,,,,,
849,4,子宫内(另见起源于围生期的情况，窘迫，胎儿),"intrauterine (see also Conditions originating in the perinatal period, distress, fetal)",P20.9,0.9685793519020081,,,,,
849,3,滞产，影响到胎儿或新生儿,"long labor, affecting fetus or newborn",P03.8,0.987856388092041,,,,,
850,3,中性粒细胞减少症(先天性)(药物性)(周期性)(原发性)(脾)(毒性),"neutropenia, neutropenic (congenital) (cyclic) (drug- induced) (periodic) (primary) (splenic) (toxic)",,0.973615825176239,,,,,
850,3,新生儿，暂时性(同种免疫性)(母体转移),"neonatal, transitory(isoimmune)(maternal transfer)",P61.5,0.9850267767906189,,,,,
850,3,肿瘤，母体,"tumor, maternal",,0.975290060043335,,,,,
850,4,宫颈，在妊娠或分娩中,"cervix, in pregnancy or childbirth",,0.9667240977287292,,,,,
850,5,引起梗阻性分娩，影响到胎儿或新生儿,"causing obstructed labor, affecting fetus or newborn",P03.1,0.9626982808113098,,,,,
850,5,影响到胎儿或新生儿,affecting fetus or newborn,P03.8,0.989250659942627,,,,,
850,4,卵巢，在妊娠或分娩中,"ovary, in pregnancy or childbirth",,0.9462930560112,,,,,
850,5,影响到胎儿或新生儿,affecting fetus or newborn,P03.8,0.9682143926620483,,,,,
850,4,盆腔，在妊娠或分娩中,"pelvic, in pregnancy or childbirth",,0.9393482804298401,,,,,
850,5,引起梗阻性分娩，影响到胎儿或新生儿,"causing obstructed labor, affecting fetus or newborn",P03.1,0.9760504961013794,,,,,
850,5,影响到胎儿或新生儿,affecting fetus or newborn,P03.8,0.9973092079162598,,,,,
850,4,外阴或会阴，在妊娠或分娩中,"vulva or perineum, in pregnancy or childbirth",,0.9620436429977417,,,,,
850,5,引起梗阻性分娩，影响到胎儿或新生儿,"causing obstructed labor, affecting fetus or newborn",P03.1,0.9887611269950867,,,,,
850,5,影响到胎儿或新生儿,affecting fetus or newborn,P03.8,0.9733744859695435,,,,,
850,4,阴道，在妊娠或分娩中,"vagina, in pregnancy or childbirth",,0.9810984134674072,,,,,
850,5,引起梗阻性分娩，影响到胎儿或新生儿,"causing obstructed labor, affecting fetus or newborn",P03.1,0.9833074808120728,,,,,
850,5,影响到胎儿或新生儿,affecting fetus or newborn,P03.8,0.9701029658317566,,,,,
850,4,子宫(体)，在妊娠或分娩中,"uterus(body), in pregnancy or childbirth",,0.9784566164016724,,,,,
850,5,引起梗阻性分娩，影响到胎儿或新生儿,"causing obstructed labor, affecting fetus or newborn",P03.1,0.9721643328666687,,,,,
850,5,影响到胎儿或新生儿,affecting fetus or newborn,P03.8,0.9773352742195129,,,,,
850,3,中毒NEC，药物，新生儿,"intoxication NEC, drug, newborn",P93,0.9416794776916504,,,,,
850,3,重于胎龄NEC(胎儿或婴儿),heavy-for-dates NEC(fetus or infant),P08.1,0.9885562658309937,,,,,
850,3,特(4500克及以上),exceptionally(4500 g or more),P08.0,0.9918917417526245,,,,,
850,3,助产[帮助分娩]NEC，影响到胎儿或新生儿,"forced birth or delivery NEC, affecting fetus or newborn",P03.8,0.9948551058769226,,,,,
850,3,转胎位术，伴有牵引术，影响到胎儿或新生儿,"version, with extraction, affecting fetus or newborn",P01.7,0.9977808594703674,,,,,
850,3,椎管内出血，胎儿或新生儿(产伤),"hematorachis, hematorrhachis, fetus or newborn (birth injury)",P11.5,0.992655873298645,,,,,
850,3,子宫乏力，产程期间,"inertia uterus, uterine during labor",,0.9864209294319153,,,,,
850,4,影响到胎儿或新生儿,affecting fetus or newborn,P03.6,0.9922933578491211,,,,,
850,3,子宫功能障碍，并发于分娩,"dysfunction uterus, complicating delivery",,0.9896349906921387,,,,,
850,4,影响到胎儿或新生儿,affecting fetus or newborn,P03.6,0.983155369758606,,,,,
850,3,子宫后倾，母体，在妊娠或分娩中,"retroversion, retroverted uterus, uterine, maternal, in pregnancy or childbirth",,0.9897629618644714,,,,,
850,4,引起梗阻性分娩，影响到胎儿或新生儿,"causing obstructed labor, affecting fetus or newborn",P03.1,0.9700035452842712,,,,,
850,3,子宫内避孕装置，影响到胎儿或新生儿,"device, contraceptive, intrauterine, affecting fetus or newborn",P00.8,0.9958847761154175,,,,,
