image_page,level,chinese,english,code,confidence,malignant_primary,malignant_secondary,in_situ,benign,uncertain_or_unspecified
901,3,心性-见病，心脏，缺血性,"cardiac - see Disease, heart, ischemic",,0.9954527020454407,,,,,
901,3,心脏(慢性或伴有提及持续时间超过4周者),heart (chronic or with a stated duration of over 4 weeks),I25.9,0.936658501625061,,,,,
901,4,急性或伴有提及持续时间在4周或小于4周者,acute or with a stated duration of 4 weeks or less,I24.9,0.9565929174423218,,,,,
901,4,衰竭,failure,I25.5,0.9302659630775452,,,,,
901,2,缺氧，缺氧症,"Anoxia, Hypoxia,Anoxemia",R09.0,0.9994068741798401,,,,,
901,3,新生儿(另见窒息，新生儿),"newborn (see also Asphyxia, newborn)",P21.9,0.9966927170753479,,,,,
901,3,病理性,pathological,R09.0,0.999553918838501,,,,,
901,3,大脑,cerebral,G93.1,0.9855458736419678,,,,,
901,4,并发,complicating,,0.7329998016357422,,,,,
901,5,分娩(剖宫产)(器械的),delivery (cesarean) (instrumental),O75.4,0.9576759338378906,,,,,
901,5,麻醉(全身)(局部)或其他镇静剂,anesthesia (general) (local) or other sedation,,0.9554612040519714,,,,,
901,6,产后，产褥期,"postpartum, puerperal",O89.2,0.9651919007301331,,,,,
901,6,妊娠中,in pregnancy,O29.2,0.8956347703933716,,,,,
901,6,在产程和分娩中,in labor and delivery,O74.3,0.977420449256897,,,,,
901,4,新生儿(另见窒息，新生儿),"newborn (see also Asphyxia, newborn)",P21.9,0.9628979563713074,,,,,
901,4,在操作中或由于操作所致,during or resulting from a procedure,G97.8,0.9692323207855225,,,,,
901,3,高海拔，高原,high altitude,T70.2,0.9811872243881226,,,,,
901,3,胎儿-见窘迫，胎儿,"fetal - see Distress, fetal",,0.959239661693573,,,,,
901,4,影响妊娠处理(与产程或分娩无关),affecting management of pregnancy (unrelated to labor or delivery),O36.3,0.9609737992286682,,,,,
901,3,心肌(另见供血不足，冠状动脉),"myocardial (see also Insufficiency, coronary)",I24.8,0.9769545197486877,,,,,
901,3,心脏-见供血不足，冠状动脉,"heart - see Insufficiency, coronary",,0.9827698469161987,,,,,
901,3,新生儿(另见窒息，新生儿),"newborn (see also Asphyxia, newborn)",P21.9,0.9888105392456055,,,,,
901,3,由于淹溺,due to drowning,T75.1,0.9940195679664612,,,,,
901,3,子宫内,"intrauterine, intrauterine",P20.9,0.9427422285079956,,,,,
901,4,首先察觉到,first noted,,0.9031654000282288,,,,,
901,5,在产程和分娩中,duringlabor and delivery,P20.1,0.9807648062705994,,,,,
901,6,在产程开始前,before onset of labor,P20.0,0.9775086045265198,,,,,
901,1,què 雀,,,0.9997913241386414,,,,,
901,2,雀斑,"Ephelis, ephelides, Freckle(s)",L81.2,0.9937407374382019,,,,,
901,3,恶性黑(色素)瘤于(M8742/3)-见黑色素瘤,malignant melanoma in (M8742/3) - see Melanoma,,0.9900609254837036,,,,,
901,3,黑素(哈钦森)(M8742/2)-见黑色素瘤，原位,"melanotic (Hutchinson's) (M8742/2) - see Melanoma, in situ",,0.9561537504196167,,,,,
901,2,雀斑痣(先天性)，小痣,Lentigo (congenital),L81.4,0.9868422746658325,,,,,
901,3,恶性(M8742/2)-另见黑色素瘤，原位,"maligna (M8742/2)- see also Melanoma, in situ",,0.9971468448638916,,,,,
901,4,黑(色素)瘤(M8742/3)-见 黑色素瘤,melanoma (M8742/3) - see Melanoma,,0.9652766585350037,,,,,
902,0,R,,,,,,,,
902,1,rǎn 染,,,0.9774343371391296,,,,,
902,2,染色，牙(硬组织)(外)(由于),"Staining, tooth, teeth (hard tissues) (extrinsic) (due to)",K03.6,0.9869803190231323,,,,,
902,3,沉着(槟榔)(黑色)(绿色)(白垢)(橙色)(软)(烟草),deposits (betel) (black) (green) (materia alba) (orange) (soft) (tobacco),K03.6,0.9660985469818115,,,,,
902,3,金属(铜)(银),metals (copper) (silver),K03.7,0.9676055312156677,,,,,
902,3,内[内源性染色]NEC,intrinsic NEC,K00.8,0.9960716962814331,,,,,
902,3,牙髓出血,pulpal bleeding,K03.7,0.9803146719932556,,,,,
902,3,增积物,accretions,K03.6,0.9902925491333008,,,,,
902,2,染色体 - 见涉及染色体的情况,Chromosome - see condition by chromosome involved,,0.961359441280365,,,,,
902,3,D(1)-见染色体的情况，13,"D(1) - see Condition, chromosome, 13",,0.9734124541282654,,,,,
902,3,E(3)-见染色体的情况，18,"E(3) - see Condition, chromosome, 18",,0.9754148125648499,,,,,
902,3,G-见染色体的情况，21,"G - see Condition, chromosome, 21",,0.974946916103363,,,,,
902,3,18或21号染色体长臂或综合征,long arm chromosome 18 or 21 syndrome,Q93.5,0.9930804371833801,,,,,
902,1,ráo 桡,,,0.91033536195755,,,,,
902,2,桡神经的-见情况,Radial nerve - see condition,,0.9716705679893494,,,,,
902,1,rè 热,,,0.9997410774230957,,,,,
902,2,热，发热,"Fever, Febris, febrile",R50.9,0.9827257394790649,,,,,
902,3,Q 热,quadrilateral,A78,0.9698498845100403,,,,,
902,3,阿弗他,aphthous,B08.8,0.9481396079063416,,,,,
902,3,阿根廷出血热,Argentinian hemorrhagic,A96.0,0.9976346492767334,,,,,
902,3,阿萨姆(印度)[黑热病],Assam,B55.0,0.9903218150138855,,,,,
902,3,奥罗普什(病毒性),Oropouche (viral),A93.0,0.9663059115409851,,,,,
902,3,奥罗亚[巴尔通体病],Oroya,A44.0,0.9737226963043213,,,,,
902,3,奥尼昂尼昂[奥绒绒热](非洲)(病毒性),O'nyong-nyong (viral),A92.1,0.9781321883201599,,,,,
902,3,澳大利亚Q热[立克次体病],Australian Q,A78,0.9653460383415222,,,,,
902,3,巴尔马森林病毒,Barmah forest,A92.8,0.9761276245117188,,,,,
902,3,巴尔通体热,Bartonella,A44.0,0.9754847288131714,,,,,
902,3,巴拿马(疟疾性),Panama (malarial),B50.9,0.9630684852600098,,,,,
902,3,巴西紫热,Brazilian purpuric,A48.4,0.9952336549758911,,,,,
902,3,白蛉热,"Pappataci, phlebotomus, sandfly",A93.1,0.9989298582077026,,,,,
902,3,斑疹热,spotted,A77.9,0.9830971360206604,,,,,
902,4,哥伦比亚,Colombian,A77.0,0.9536868929862976,,,,,
902,4,落基山,Rocky Mountain,A77.0,0.9735078811645508,,,,,
902,4,美洲,American,A77.0,0.9799450635910034,,,,,
903,4,脑脊髓脑膜炎,cerebrospinal meningitis,A39.0+,0.9233402013778687,,,,,
903,4,由于立克次体,due to Rickettsia,,0.8535234332084656,,,,,
903,5,澳洲,australis,A77.3,0.9927271604537964,,,,,
903,5,康诺尔,conorii,A77.1,0.9791976809501648,,,,,
903,5,立氏,rickettsii,A77.0,0.9557806849479675,,,,,
903,3,特指类型NEC,specified type NEC,,0.9704034328460693,,,,,
903,5,西伯利亚,sibirica,A77.2,0.9819229245185852,,,,,
903,3,伴有,with,,0.999915361404419,,,,,
903,4,寒战,chills (rigors),R50.8,0.9693694114685059,,,,,
903,5,在疟疾流行地区,in malarial regions,B54,0.9731035828590393,,,,,
903,3,邦瓦莱筑坝热,Bonvale dam,T73.3,0.9940772652626038,,,,,
903,3,北亚蜱媒介,NorthAsian tick-borne,A77.2,0.9948318600654602,,,,,
903,3,病毒性出血热-见热，出血热，按病毒类型,"viral hemorrhagic - see Fever, hemorrhagic, by type of virus",,0.9962688684463501,,,,,
903,3,玻利维亚出血热,Bolivian hemorrhagic,A96.1,0.9945050477981567,,,,,
903,3,波状热(另见布氏菌病),undulant (see also Brucellosis),A23.9,0.9854051470756531,,,,,
903,3,布利斯军营[美国德克萨斯蜱热],Bullis,A77.0,0.9860171675682068,,,,,
903,3,布尼安维拉,Bunyamwera,A92.8,0.990639865398407,,,,,
903,3,布汪巴(乌干达),Bwamba,A92.8,0.9848795533180237,,,,,
903,3,产程期间NEC,during labor NEC,O75.2,0.9846292734146118,,,,,
903,3,产褥期(脓毒病),"puerperal, puerperalis (sepsis)",O85,0.9753859043121338,,,,,
903,4,原因不明,of unknown origin,O86.4,0.9365989565849304,,,,,
903,3,昌迪布尔,Chandipura,A92.8,0.9757412075996399,,,,,
903,3,昌吉诺拉,Changuinola,A93.8,0.9538224935531616,,,,,
903,3,肠病毒性发疹热(波士顿疹病),enteroviral exanthematous (Boston exanthem),A88.0,0.9820830821990967,,,,,
903,3,朝鲜出血热,Korean hemorrhagic,A98.5+ N08.0*,0.9691698551177979,,,,,
903,3,持续性(原因不明),persistent (of unknown origin),R50.8,0.9947141408920288,,,,,
903,3,弛张热(充血性)(另见疟疾),remittent (congestive) (see also Malaria),B54,0.9866227507591248,,,,,
903,3,充血性(弛张性)(另见疟疾),congestive (remittent) (see also Malaria),B54,0.9801763296127319,,,,,
903,3,虫媒病毒性,"arbovirus, arboviral",A94,0.9493266344070435,,,,,
903,4,出血性,hemorrhagic,A94,0.9123709201812744,,,,,
903,4,特指的NEC,specified NEC,A93.8,0.9795399904251099,,,,,
903,3,出血热(节肢动物媒介的)NEC,hemorrhagic (arthropod-borne) NEC,A94,0.9726668000221252,,,,,
903,4,阿根廷,Argentinian,A96.0,0.9918265342712402,,,,,
903,4,伴有肾脏综合征,with renal syndrome,A98.5+ N08.0*,0.9622340202331543,,,,,
903,4,病毒性,viral,A99,0.9739103317260742,,,,,
903,5,特指的NEC,specified NEC,A98.8,0.9728392362594604,,,,,
903,4,玻利维亚,Bolivian,A96.1,0.9965273141860962,,,,,
903,4,朝鲜,Korean,A98.5+ N08.0*,0.9394820332527161,,,,,
903,4,登革(病毒),dengue (virus),A91,0.9883553981781006,,,,,
903,4,东南亚,Southeast Asia,A91,0.970828115940094,,,,,
904,4,俄罗斯,Russian,A98.5+ N08.0*,0.957065224647522,,,,,
904,4,鄂木斯克,Omsk,A98.1,0.9897070527076721,,,,,
904,4,菲律宾,Philippine,A91,0.9546129703521729,,,,,
904,4,克里米亚-刚果,Crimean-Congo,A98.0,0.9792129397392273,,,,,
904,4,流行性,epidemic,A98.5+ N08.0*,0.9710845947265625,,,,,
904,4,马丘波(病毒),Machupo (virus),A96.1,0.9889843463897705,,,,,
904,4,曼谷,Bangkok,A91,0.9097157716751099,,,,,
904,4,螨媒介,mite-borne,A93.8,0.9881017804145813,,,,,
904,4,蜱媒介NEC,tick-borne NEC,A93.8,0.9924373626708984,,,,,
904,4,奇昆古尼亚,Chikungunya,A92.0,0.9937630295753479,,,,,
904,4,沙粒病毒性,enaviral,A96.9,0.9782480597496033,,,,,
904,5,特指的NEC,specified NEC,A96.8,0.9935570359230042,,,,,
904,4,泰国,hailand,A91,0.9170163869857788,,,,,
904,4,蚊媒介,mosquito-borne,A92.8,0.9847599267959595,,,,,
904,4,新加坡,Singapore,A91,0.984005331993103,,,,,
904,4,中亚,Central Asian,A98.0,0.9752247333526611,,,,,
904,4,朱宁(病毒性),Junin (virus),A96.0,0.9677146673202515,,,,,
904,3,丛林(另见疟疾),jungle (see also Malaria),B54,0.9840328097343445,,,,,
904,3,大脑性(另见脑炎),cerebral (see also Encephalitis),G04.9,0.9921535849571228,,,,,
904,3,大气性[热射病],atmospheric,T67.0,0.9970580339431763,,,,,
904,3,丹毒(另见丹毒),erysipelatous (see also Erysipelas),A46,0.9897255301475525,,,,,
904,3,胆汁性，血红蛋白尿性,"bilious, hemoglobinuric",B50.8,0.9983293414115906,,,,,
904,3,登革(病毒),"dengue (virus), breakbone, dandy",A90,0.9915457963943481,,,,,
904,3,白蛉,sandfly,A93.1,0.9679215550422668,,,,,
904,4,出血,hemorrhagic,A91,0.9089812636375427,,,,,
904,3,地中海,Mediterranean,A23.0,0.9700056910514832,,,,,
904,4,家族性,familial,E85.0,0.966653048992157,,,,,
904,4,蜱,tick,A77.1,0.8691173791885376,,,,,
904,3,碘化物,iodide,,0.9986022114753723,,,,,
904,4,过量或给错或服错药物,overdose or wrong substance given or taken,T48.4,0.9603022336959839,,,,,
904,4,恰当使用正确的物质,correct substance properly administered,R50.2,0.9945182204246521,,,,,
904,3,东南亚出血热,Southeast Asia hemorrhagic,A91,0.994181752204895,,,,,
904,3,独星蜱热[美洲钝眼蜱热],Lone Star,A77.0,0.9508389234542847,,,,,
904,3,杜姆杜马病(印度),dumdum,B55.0,0.9867997765541077,,,,,
904,3,短暂(原因不明),ephemeral (of unknown origin),R50.9,0.986364483833313,,,,,
904,3,俄罗斯出血热,Russian hemorrhagic,A98.5+ N08.0*,0.9861626029014587,,,,,
904,3,恶性,subtertian,B50.9,0.955397367477417,,,,,
904,3,鄂木斯克出血热,Omsk hemorrhagic,A98.1,0.9933077692985535,,,,,
904,3,菲律宾出血热,Philippine hemorrhagic,A91,0.9969791769981384,,,,,
904,3,非发疹蜱,non-exanthematous tick,A93.2,0.9974246621131897,,,,,
904,3,非洲蜱媒介,African tick-borne,A68.1,0.9575713276863098,,,,,
905,3,分娩后,following delivery,O86.4,0.9824089407920837,,,,,
905,3,风湿热(活动)(急性)(慢性)(亚急性),rheumatic (active) (acute) (chronic) (subacute),I00,0.9610720276832581,,,,,
905,4,伴有累及中枢神经系统,with central nervous system involvement,I02.9,0.9413717985153198,,,,,
905,4,非活动性或静止的伴有,inactive or quiescent with,,0.948483943939209,,,,,
905,5,全心炎,pancarditis,I09.9,0.8966993689537048,,,,,
905,5,心包炎,pericarditis,I09.2,0.907810389995575,,,,,
905,5,心肌炎，心肌变性(在中的情况),"myocarditis, myocardial degeneration (conditions in )",I51.4 I09.0,0.9446583986282349,,,,,
905,5,心力衰竭(充血性)(在I50.0，I50.9中的情况),"heart failure (congestive) (conditions in I50.0, I50.9)",I09.8,0.9565513730049133,,,,,
905,5,心内膜炎,endocarditis,I09.1,0.9460048675537109,,,,,
905,6,二尖(瓣),mitral (valve),I05.9,0.9718984961509705,,,,,
905,7,伴有主动脉(瓣)疾病,with aortic (valve) disease,I08.0,0.9701715111732483,,,,,
905,6,肺(瓣膜),pulmonary (valve),I09.8,0.9883736968040466,,,,,
905,6,三尖(瓣),tricuspid (valve),I07.8,0.9753111004829407,,,,,
905,6,主动脉(瓣),aortic (valve),I06.9,0.9047638177871704,,,,,
905,7,伴有二尖瓣疾病,with mitral (valve) disease,I08.0,0.9760718941688538,,,,,
905,5,心炎,arditis,I09.9,0.9583611488342285,,,,,
905,5,心脏病NEC,heart disease NEC,I09.8,0.895262598991394,,,,,
905,5,心脏肥大,cardiac hypertrophy,I09.8,0.9431619644165039,,,,,
905,4,左心室衰竭（在I09.8中的情况）,left ventricular failure (conditions in I09.8),I50.1,0.9632346630096436,,,,,
905,4,活动伴有累及心脏.,active with heart involvement .,I01,0.9690398573875427,,,,,
905,3,腐败性-见败血症,putrid - see Septicemia,,0.9942072033882141,,,,,
905,3,副伤寒,paratyphoid,A01.4,0.9932335019111633,,,,,
905,4,甲,A,A01.1,0.9050748944282532,,,,,
905,4,乙,B,A01.2,0.8881624341011047,,,,,
905,4,丙,C,A01.3,0.9541950225830078,,,,,
905,3,感染性NEC,infective NEC,B99,0.9405583739280701,,,,,
905,3,刚果病毒,Congo virus,A98.0,0.973034143447876,,,,,
905,3,高热[热射病],heat,T67.0,0.9983729124069214,,,,,
905,3,关岛(美国)(病毒性).,Guama (viral),A92.8,0.9857484698295593,,,,,
905,3,哈佛山,Haverhill,A25.1,0.9735406041145325,,,,,
905,3,黑热病,Burdwan,B55.0,0.9990589618682861,,,,,
905,3,黑水热[黑尿],blackwater,B50.8,0.9914711117744446,,,,,
905,3,黄热[黄热病],"flava, yellow",A95.9,0.9831552505493164,,,,,
905,4,城市型,urban,A95.1,0.944503664970398,,,,,
905,4,丛林型,jungle,A95.0,0.9614759683609009,,,,,
905,4,森林型,sylvatic,A95.0,0.9830490946769714,,,,,
905,3,回归热(包柔螺旋体),"relapsing, recurrens, recurrent (Borrelia)",A68.9,0.9985196590423584,,,,,
905,4,奥伯梅尔(欧洲),Obermeyer's (European),A68.0,0.9811971187591553,,,,,
905,4,达顿(西非),Dutton's (West African),A68.1,0.9828928112983704,,,,,
905,4,卡特(亚洲),Carter's (Asiatic),A68.1,0.973903477191925,,,,,
906,4,诺维,Novy's tick-borne,A68.1,0.9517620205879211,,,,,
906,4,虱媒介,louse-borne,A68.0,0.9918963313102722,,,,,
906,4,蜱媒介,tick-borne,A68.1,0.9621935486793518,,,,,
906,4,虱媒介,louse-borne,A68.0,0.9868356585502625,,,,,
906,3,惠特莫尔(另见类鼻疽),Whitmore's (see also Melioidosis),A24.4,0.9761004447937012,,,,,
906,3,稽留热，疟疾性,continued malarial,B50.9,0.9934781789779663,,,,,
906,3,脊髓 - 见 脑膜炎,spinal - see Meningitis,,0.923767626285553,,,,,
906,3,脊髓灰质炎病毒性(非麻痹性),polioviral (nonparalytic),A80.4,0.9806995391845703,,,,,
906,3,济卡(病毒性),Zika (viral),A92.8,0.9683406949043274,,,,,
906,3,间日热-见疟疾，间日,"tertian - see Malaria, tertian",,0.9852067828178406,,,,,
906,3,间歇热(胆汁性)(另见疟疾),intermittent (bilious) (see also Malaria),B54,0.9925557971000671,,,,,
906,4,恶性,pernicious,B50.9,0.9777628779411316,,,,,
906,4,原因不明,of unknown origin,R50.9,0.996303379535675,,,,,
906,3,金属烟雾热[铸工热],metal fume,T56.8,0.9609720706939697,,,,,
906,3,胫骨,shin bone,A79.0,0.9933710098266602,,,,,
906,3,胫前皮疹,"Fort Bragg, pretibial",A27.8,0.9944809675216675,,,,,
906,3,九里热,Nine Mile,A78,0.9871185421943665,,,,,
906,3,聚合物烟雾热,polymer fume,T59.8,0.9771421551704407,,,,,
906,3,科罗拉多蜱热(病毒性),Colorado tick (virus),A93.2,0.9853631258010864,,,,,
906,3,科西嘉(法国)(另见疟疾),Corsican (see also Malaria),B54,0.9861328601837158,,,,,
906,3,克里米亚-刚果出血热,Crimean-Congo hemorrhagic,A98.0,0.9885271787643433,,,,,
906,3,肯尼亚(蜱),Kenya (tick),A77.1,0.9553065896034241,,,,,
906,3,枯草热[花粉症](变应性),hay (allergic),J30.1,0.9695814847946167,,,,,
906,4,伴有哮喘(支气管),with asthma (bronchial),J45.0,0.9939260482788086,,,,,
906,4,由于,due to,,0.782402515411377,,,,,
906,5,花粉，任何植物或树,"pollen, any plant or tree",J30.1,0.981220006942749,,,,,
906,5,花粉以外的变应原,allergen other than pollen,J30.3,0.9970438480377197,,,,,
906,3,溃疡,sore,B00.1,0.9650325775146484,,,,,
906,3,昆士兰(澳大利亚)(海岸)(蜱).,Queensland (coastal) (tick),A77.3,0.9914907813072205,,,,,
906,3,拉沙(非洲),Lassa,A96.2,0.98760586977005,,,,,
906,3,类固醇,steroid,,0.9998831152915955,,,,,
906,4,过量或给错或服错药物,overdose or wrong substance given or taken,T38.0,0.9859012365341187,,,,,
906,4,恰当使用正确的物质,correct substance properly administered,R50.2,0.9904606938362122,,,,,
906,3,立克次体痘[疹热],Kew Garden,A79.1,0.9961935877799988,,,,,
906,3,链杆菌性,streptobacillary,A25.1,0.9973377585411072,,,,,
906,3,裂谷(病毒性),Rift Valley (viral),A92.4,0.9664099216461182,,,,,
906,3,流产布氏菌病,abortus,A23.1,0.9658469557762146,,,,,
906,3,流行性出血热 .,epidemic hemorrhagic,A98.5+ N08.0,0.9903057217597961,,,,,
906,3,卵形疟原虫,Plasmodium ovale,B53.0,0.9964894652366638,,,,,
906,3,螺菌,spirillary,A25.0,0.9708117246627808,,,,,
907,3,罗斯河,Ross River,B33.1,0.9414087533950806,,,,,
907,3,落基山斑点热,Rocky Mountain spotted,A77.0,0.9961952567100525,,,,,
907,3,马尔他,"Malta, melitensis",A23.9,0.9527390599250793,,,,,
907,3,马丘波(病毒性)出血热,Machupo (virus) hemorrhagic,A96.1,0.9932510256767273,,,,,
907,3,马赛(法国),Marseilles,A77.1,0.9576913714408875,,,,,
907,3,马亚罗(病毒性),Mayaro (viral),A92.8,0.9569562673568726,,,,,
907,3,曼谷出血热,Bangkok hemorrhagic,A91,0.9881187081336975,,,,,
907,3,猫抓热,cat-scratch,A28.1,0.9879925847053528,,,,,
907,3,美洲,American,,0.9868402481079102,,,,,
907,4,斑疹热,spotted,A77.0,0.9682074785232544,,,,,
907,4,山地(蜱),mountain (tick),A93.2,0.9880213141441345,,,,,
907,3,墨西哥,Mexican,A75.2,0.9498674273490906,,,,,
907,3,穆坎博(病毒性),Mucambo (viral),A92.8,0.9729244709014893,,,,,
907,3,那不勒斯波状热,Neapolitan,A23.0,0.9919233918190002,,,,,
907,3,南非蜱咬热,South African tick-bite,A68.1,0.9872018694877625,,,,,
907,3,南欧斑疹热,boutonneuse,A77.1,0.981706976890564,,,,,
907,3,脑(脊)膜-见脑膜炎,meningeal - see Meningitis,,0.9706494212150574,,,,,
907,3,脑病性(另见脑炎),brain (see also Encephalitis),G04.9,0.9959538578987122,,,,,
907,3,脑脊髓脑膜炎球菌性[流行性脑脊髓膜炎],cerebrospinal meningococcal,A39.0+ G01*,0.9815053939819336,,,,,
907,3,尿毒症性,uremic,N19,0.9824188351631165,,,,,
907,3,脓毒性，脓毒症性-见败血症,"septic, pyemic - see Septicemia",,0.9863626956939697,,,,,
907,3,疟疾(另见疟疾),Cameroon (see also Malaria),B54,0.9798892736434937,,,,,
907,3,庞蒂亚克(美国),Pontiac,A48.2,0.9849066138267517,,,,,
907,3,疱疹性,herpetic,B00.1,0.9588314294815063,,,,,
907,3,蜱媒介,tick-borne,,0.9554717540740967,,,,,
907,4,科罗拉多(美国),Colorado,A93.2,0.9848480224609375,,,,,
907,4,克麦罗沃,Kemerovo,A93.8,0.9900935888290405,,,,,
907,4,夸兰菲尔,Quaranfil,A93.8,0.9916641116142273,,,,,
907,4,美洲山地,American mountain,A93.2,0.9742905497550964,,,,,
907,4,特指的NEC,specified NEC,A93.8,0.970159649848938,,,,,
907,3,蜱咬热NEC,tick-bite NEC,A93.8,0.9620422124862671,,,,,
907,3,皮里(病毒性),Piry (virus),A93.8,0.9648820161819458,,,,,
907,3,皮苏纳(病毒性),Pixuna (viral),A92.8,0.9899482727050781,,,,,
907,3,片山[日本血吸虫病],Katayama,B65.2,0.9893439412117004,,,,,
907,3,七日热(秋季)(日本)(钩端螺旋体病),seven-day (autumnal) (Japanese) (leptospirosis),A27.8,0.9906013607978821,,,,,
907,4,登革,dengue,A90,0.8940690159797668,,,,,
907,3,奇昆古尼亚(病毒性)(出血性),Chikungunya (virus) (hemorrhagic),A92.0,0.9773041009902954,,,,,
907,3,恰格尔斯(巴拿马)[恶性疟],Chagres,B50.9,0.9623594880104065,,,,,
907,3,球孢子菌病,desert,B38.0+ J99.8*,0.9448230862617493,,,,,
907,3,日本洪水热,Japanese river,A75.3,0.996802031993866,,,,,
907,3,日光[登革热],"solar, sun",A90,0.9927449822425842,,,,,
907,3,塞普路斯波状热,Cyprus,A23.0,0.9460608959197998,,,,,
908,3,三日疟(疟疾),quartan (malaria),B52.9,0.9950781464576721,,,,,
908,3,三日热,three-day,A93.1,0.9859291911125183,,,,,
908,3,山地热,mountain,A23.0,0.9944396615028381,,,,,
908,4,蜱热(美洲)(病毒性),tick (American) (viral),A93.2,0.9613828659057617,,,,,
908,4,意指落基山斑点热,meaning Rocky Mountain spotted fever,A77.0,0.9758308529853821,,,,,
908,3,伤寒(顿挫性)(出血性)(间歇性)(恶性)(另见伤寒),"typhoid, typhus (abortive) (hemorrhagic) (intermittent) (malignant)(see also Typhus)",A01.0,0.9655974507331848,,,,,
908,3,伤寒胃肠性,typhogastric,A01.0,0.9944641590118408,,,,,
908,3,圣保罗(巴西),Sao Paulo,A77.0,0.9881036281585693,,,,,
908,3,圣华金河(谷)[球孢子菌病],San Joaquin (Valley),B38.0+ J99.8*,0.9821329116821289,,,,,
908,3,湿地,swamp,A27.9,0.9666671752929688,,,,,
908,3,手术后(由于感染),postoperative (due to infection),T81.4,0.9803527593612671,,,,,
908,3,鼠咬热,rat-bite,A25.9,0.981016993522644,,,,,
908,4,由于,due to,,0.7118157744407654,,,,,
908,5,螺菌,Spirillum,A25.0,0.9678958654403687,,,,,
908,5,念珠状链杆菌[鼠放线菌],Streptobacillus moniliformis,A25.1,0.9800769090652466,,,,,
908,3,水疱,blister,B00.1,0.9797347784042358,,,,,
908,3,水泡状口炎,vesicular stomatitis,A93.8,0.975348174571991,,,,,
908,3,松戈,Songo,A98.5+ N08.0*,0.9428133368492126,,,,,
908,3,苏门答腊螨热,Sumatran mite,A75.3,0.9928972721099854,,,,,
908,3,塔希纳,Tahyna,B33.8,0.9738906025886536,,,,,
908,3,泰国出血热,Thailand hemorrhagic,A91,0.9962063431739807,,,,,
908,3,土拉热(另见土拉菌病).,rabbit (see also Tularemia),A21.9,0.9834147095680237,,,,,
908,3,兔热(另见土拉菌病),deer fly (see also Tularemia),A21.9,0.9825286865234375,,,,,
908,3,韦塞尔斯布伦(病毒性),Wesselsbron (viral),A92.8,0.9845839738845825,,,,,
908,3,委内瑞拉马型,Venezuelan equine,A92.2,0.9984797835350037,,,,,
908,3,胃疟疾(另见疟疾),gastromalarial (see also Malaria),B54,0.976832389831543,,,,,
908,3,蚊媒介(病毒性),mosquito-borne (viral),A92.9,0.9927586913108826,,,,,
908,4,出血,hemorrhagic,A92.8,0.9053232669830322,,,,,
908,3,五日热,quintan,A79.0,0.9805530905723572,,,,,
908,3,西部,West,,0.9849871397018433,,,,,
908,4,非洲,African,B50.8,0.9594515562057495,,,,,
908,4,尼罗河(病毒性),Nile (viral),A92.3,0.9578142762184143,,,,,
908,3,溪谷热,valley,B38.0+ J99.8*,0.960274338722229,,,,,
908,3,夏-秋季(疟疾性),estivo-autumnal (malarial),B50.9,0.9979677796363831,,,,,
908,3,夏科(胆)(肝)(间歇性),Charcot's (biliary) (hepatic) (intermittent),K80.5,0.9924371838569641,,,,,
908,3,腺热,glandular,B27.9,0.999480664730072,,,,,
908,3,新加坡出血热,Singapore hemorrhagic,A91,0.9996827840805054,,,,,
908,3,新生儿,newborn,P81.9,0.9875952005386353,,,,,
908,4,环境性,"environmental, environmentally-induce",P81.0,0.9926484227180481,,,,,
908,3,猩红热,"ubra, scarlet",A38,0.9952757358551025,,,,,
908,3,血红蛋白尿性(胆汁性)(疟疾性),hemoglobinuric (bilious) (malarial),B50.8,0.9909842610359192,,,,,
908,3,血尿性，胆汁性,"hematuric, bilious",B50.8,0.9811339378356934,,,,,
909,3,亚丁(也门)(登革热),Aden (dengue),A90,0.9844300150871277,,,,,
909,3,咽结膜,pharyngoconjunctival,B30.2+ H13.1*,0.9668706059455872,,,,,
909,3,眼色素层腮腺炎[葡萄膜腮腺炎],uveoparotid,D86.8,0.9853564500808716,,,,,
909,3,恙虫热,"kedani, tsutsugamushi",A75.3,0.9800094962120056,,,,,
909,3,伊朗回归热,mianeh,A68.1,0.9966754913330078,,,,,
909,3,印地安纳(美国),Indiana,A93.8,0.9903876185417175,,,,,
909,3,印度类登革热,Chitral,A93.1,0.9508360624313354,,,,,
909,3,鹦鹉热,parrot,A70,0.9566676616668701,,,,,
909,3,营养不良性,famine,A75.0,0.9809532165527344,,,,,
909,3,营养缺乏性,inanition,R50.9,0.9962568283081055,,,,,
909,3,原因不明性,unknown origin,R50.9,0.9945145845413208,,,,,
909,3,战壕热,"Meuse, trench, Wolhynian",A79.0,0.9810522794723511,,,,,
909,3,瘴毒性(另见疟疾),miasmatic (see also Malaria),B54,0.9861698746681213,,,,,
909,3,沼地热,mud,A27.9,0.9748586416244507,,,,,
909,3,沼泽热(另见疟疾),"marsh, paludal (see also Malaria)",B54,0.986128032207489,,,,,
909,3,直布罗陀(西班牙),Gibraltar,A23.0,0.9704368710517883,,,,,
909,3,中暑(效应),"heat (effects), due to heat, thermic",T67.0,0.9647380709648132,,,,,
909,3,中亚出血热,Central Asian hemorrhagic,A98.0,0.9905218482017517,,,,,
909,3,周期性(地中海),periodic (Mediterranean),E85.0,0.9849488735198975,,,,,
909,3,朱宁(病毒性)出血热,Junin (virus) hemorrhagic,A96.0,0.9832578897476196,,,,,
909,2,热带的 - 见情况,Tropical - see condition,,0.968129575252533,,,,,
909,2,热带溃疡(另见溃疡，皮肤),"Veldt sore (see also Ulcer, skin)",L98.4,0.9991371631622314,,,,,
909,2,热带毛孢子菌(病),Chignon (disease),B36.8,0.971505880355835,,,,,
909,3,胎儿或新生儿(产伤)(由于真空吸引器),fetus or newborn (birth injury) (from vacuum extraction),P12.1,0.9889750480651855,,,,,
909,2,热效应,Heat (effects),T67.9,0.9712231755256653,,,,,
909,3,痱子，粟疹,prickly,L74.0,0.9895051717758179,,,,,
909,3,过度,excessive,T67.9,0.9900070428848267,,,,,
909,4,特指的效应NEC,specified effect NEC,T67.8,0.9578522443771362,,,,,
909,3,红斑-作为烧伤，按部位编码，伴有第四位数.1,"erythema - code as Burn, by site, with fourth character.1",,0.9739888906478882,,,,,
909,3,皮炎或湿疹,dermatitis or eczema,L59.0,0.9907143115997314,,,,,
909,3,皮疹,rash,L74.0,0.9530507922172546,,,,,
909,3,晒伤(另见晒伤),sunburn (see also Sunburn),L55.9,0.9863696098327637,,,,,
909,3,烧伤-见烧伤,burn - see Burn,,0.9242696762084961,,,,,
909,3,特指的效应NEC,specified effect NEC,T67.8,0.9772098064422607,,,,,
909,2,热恩病[窒息性胸廓发育不良],Jeune's disease,Q77.2,0.9965183138847351,,,,,
909,2,热利诺综合征[发作性睡病],Gineau's syndrome,G47.4,0.9912866950035095,,,,,
909,2,热能缺乏(另见营养不良),Calorie deficiency (see also Malnutrition),E46,0.9882965087890625,,,,,
909,2,热球蛋白血症NEC,Pyroglobulinemia NEC,E88.0,0.9975443482398987,,,,,
909,2,热射病,Thermoplegia,T67.0,0.9834518432617188,,,,,
909,2,热性发热(原因不明),Pyrexia (of unknown origin),R50.9,0.996740996837616,,,,,
909,3,持续性,persistent,R50.8,0.9964941740036011,,,,,
910,1,rén 人,,,,,,,,
910,2,人(类),Human,,0.9990689754486084,,,,,
910,3,T细胞亲淋巴病毒-1型感染,T-cell lymphotropic virus type-1 (HTLV-1) infection,B33.3,0.976174533367157,,,,,
910,4,携带者,carrier,Z22.6,0.9232496023178101,,,,,
910,4,作为分类于他处疾病的原因,as cause of disease classified elsewhere,B97.3,0.9869834780693054,,,,,
910,3,被咬伤(开放性伤口)-另见伤口，开放性,"bite (open wound) - see also Wound, open",,0.9838745594024658,,,,,
910,4,完整的皮肤表面-见挫伤,intact skin surface - see Contusion,,0.9450122117996216,,,,,
910,3,免疫缺陷病毒[HIV]病(感染),immunodeficiency virus (HIV) disease (infection),B24,0.9955343008041382,,,,,
910,4,暴露于,exposure to,Z20.6,0.9693478345870972,,,,,
910,4,痴呆,dementia,B22.0+ F02.4*,0.9656007885932922,,,,,
910,4,导致,resulting in,,0.8188396692276001,,,,,
910,5,病毒感染NEC,viral infection NEC,B20.3,0.9636780023574829,,,,,
910,5,伯基特淋巴瘤,Burkitt's lymphoma,B21.1,0.9762596487998962,,,,,
910,5,痴呆,dementia,B22.0+ F02.4*,0.9395046234130859,,,,,
910,5,传染病NEC,infectious disease NEC,B20.9,0.9812654852867126,,,,,
910,6,特指的 NEC,specified NEC,B20.8,0.9602777361869812,,,,,
910,5,多处,multiple,,0.9007807374000549,,,,,
910,6,恶性肿瘤,malignant neoplasms,B21.7,0.9760561585426331,,,,,
910,6,分类于他处的疾病,diseases classified elsewhere,B22.7,0.9677014350891113,,,,,
910,6,感染,infections,B20.7,0.9690802693367004,,,,,
910,5,非霍奇金[何杰金]淋巴瘤NEC,non-Hodgkin's lymphoma NEC,B21.2,0.9844983816146851,,,,,
910,5,肺炎，间质性，淋巴组织,"pneumonitis, interstitial, lymphoid",B22.1,0.970714807510376,,,,,
910,5,分枝杆菌性感染,mycobacterial infection,B20.0,0.9585561156272888,,,,,
910,5,感染,infection,B20.9,0.9745781421661377,,,,,
910,6,病毒性NEC,viral NEC,B20.3,0.9368020296096802,,,,,
910,6,多发性,multiple,B20.7,0.9255294799804688,,,,,
910,6,分枝杆菌性,mycobacterial,B20.0,0.9839792251586914,,,,,
910,6,寄生虫性 NEC,parasitic NEC,B20.8,0.9589021801948547,,,,,
910,5,结核性,tuberculous,B20.0,0.9991632103919983,,,,,
910,5,巨细胞病毒性,cytomegaloviral,B20.2,0.9351211190223694,,,,,
910,5,卡氏肺囊虫性(肺炎),Pneumocystis carinii (pneumonia),B20.6,0.9927555918693542,,,,,
910,6,念珠菌性,candidal,B20.4,0.9877218008041382,,,,,
910,6,疱疹病毒,herpesvirus,B20.3,0.9974181056022644,,,,,
910,6,乳头多瘤空泡病毒,papovavirus,B20.3,0.9738868474960327,,,,,
910,5,特指的NEC,specified NEC,B20.8,0.9867599010467529,,,,,
910,6,细菌性NEC,bacterial NEC,B20.1,0.9878876805305481,,,,,
910,5,耶氏肺囊虫性(肺炎),Pneumocystis jirovecii (pneumonia),B20.6,0.9756351113319397,,,,,
910,6,隐孢子虫,Cryptosporidium,B20.8,0.9957877397537231,,,,,
910,5,真菌性NEC,fungus/mycotic NEC,B20.5,0.9639277458190918,,,,,
911,5,弓形虫病,toxoplasmosis,B20.8,0.9764077067375183,,,,,
911,5,急性HIV感染综合征,acute HIV infection syndrome,B23.0,0.9707358479499817,,,,,
911,5,寄生虫病NEC,parasitic disease NEC,B20.9,0.9745246171951294,,,,,
911,6,特指的NEC,specified NEC,B20.8,0.9263825416564941,,,,,
911,5,结核病,tuberculosis,B20.0,0.963756263256073,,,,,
911,5,巨细胞病毒病,cytomegaloviral disease,B20.2,0.9792642593383789,,,,,
911,5,卡波西肉瘤,Kaposi's sarcoma,B21.0,0.9784632921218872,,,,,
911,5,卡氏肺囊虫肺炎,Pneumocystis carinii pneumonia,B20.6,0.9718046188354492,,,,,
911,5,耶氏肺囊虫性(肺炎),Pneumocystis jirovecii (pneumonia),B20.6,0.9827195405960083,,,,,
911,5,淋巴瘤(恶性),lymphoma (malignant),B21.2,0.9920855760574341,,,,,
911,6,伯基特,Burkitt's,B21.1,0.932844340801239,,,,,
911,6,非霍奇金[何杰金]NEC,non-Hodgkin's NEC,B21.2,0.9835766553878784,,,,,
911,5,淋巴腺病,lymphadenopathy,,0.9205734729766846,,,,,
911,6,全身性(持续的),generalized (persistent),B23.1,0.9801918268203735,,,,,
911,5,淋巴组织间质性肺炎,lymphoid interstitial pneumonitis,B22.1,0.9964643716812134,,,,,
911,5,慢性淋巴腺病，全身性(持续的),"chronic lymphadenopathy, generalized (persistent)",B23.1,0.9887906908988953,,,,,
911,5,免疫学异常NEC,immunological abnormality NEC,B23.2,0.9641065001487732,,,,,
911,5,脑病,encephalopathy,B22.0,0.9805161356925964,,,,,
911,5,念珠菌病,candidiasis,B20.4,0.9897753596305847,,,,,
911,5,疱疹病毒性感染,herpesviral infections,B20.3,0.9865701794624329,,,,,
911,5,全身性淋巴腺病(持续的),generalized lymphadenopathy (persistent),B23.1,0.9738957285881042,,,,,
911,5,肉瘤NEC,sarcoma NEC,B21.9,0.9629777669906616,,,,,
911,6,卡波西,Kaposi's,B21.0,0.927028477191925,,,,,
911,5,乳头多瘤空泡病毒感染,papovavirus infection,B20.3,0.9637793302536011,,,,,
911,5,身体成长受阻,failure to thrive,B22.2,0.9932622313499451,,,,,
911,5,特指的情况NEC,specified condition NEC,B23.8,0.9467947483062744,,,,,
911,5,细菌性感染NEC,bacterial infection NEC,B20.1,0.9710399508476257,,,,,
911,5,消瘦综合征,wasting syndrome,B22.2,0.996004045009613,,,,,
911,5,血液学异常NEC,hematological abnormality NEC,B23.2,0.9826441407203674,,,,,
911,5,隐孢子虫病,cryptosporidiosis,B20.8,0.9952026009559631,,,,,
911,5,真菌病NEC,mycosis NEC,B20.5,0.9682429432868958,,,,,
911,5,肿瘤，恶性,"neoplasm, malignant",B21.9,0.9891310930252075,,,,,
911,6,多处,multiple,B21.7,0.9282312989234924,,,,,
911,6,淋巴样组织NEC,lymphoid tissue NEC,B21.3,0.9633113145828247,,,,,
911,6,特指的NEC,specified NEC,B21.8,0.9448133707046509,,,,,
911,6,造血组织 NEC,hematopoietic tissue NEC,B21.3,0.9465160369873047,,,,,
911,4,接触,contact,Z20.6,0.9804917573928833,,,,,
911,4,实验室证据,laboratory evidence,R75,0.9702568054199219,,,,,
911,4,无症状状态,asymptomatic status,Z21,0.9671884775161743,,,,,
911,4,咨询,counseling,Z71.7,0.9327993392944336,,,,,
912,2,人格(障碍),Personality (disorder),F60.9,0.9732427000999451,,,,,
912,3,爆发型,explosive,F60.3,0.975538969039917,,,,,
912,3,悖德型,amoral,F60.2,0.9852682948112488,,,,,
912,3,被动(-依赖)型,passive(-dependent),F60.7,0.9943230152130127,,,,,
912,3,被动-攻击型,passive-aggressive,F60.8,0.989979088306427,,,,,
912,3,边缘型,borderline,F60.3,0.9906861782073975,,,,,
912,3,变化无常型,haltlose type,F60.8,0.9846646189689636,,,,,
912,3,表演型,histrionic,F60.4,0.9783357977867126,,,,,
912,3,病理性NEC,pathologic NEC,F60.9,0.9823753833770752,,,,,
912,3,不成熟型,immature,F60.8,0.9862178564071655,,,,,
912,3,不稳定(情绪)型,"labile, unstable (emotional)",F60.3,0.986616849899292,,,,,
912,3,多重,multiple,F44.8,0.9844566583633423,,,,,
912,3,反社会型,antisocial,F60.2,0.9847720861434937,,,,,
912,3,非社交型,asocial,F60.2,0.9906403422355652,,,,,
912,3,分裂样,schizoid,F60.1,0.9625962376594543,,,,,
912,3,改变(持久性)(在...后)(由于).,change (enduring) (after) (due to),F62.9,0.95939701795578,,,,,
912,4,长期处于恐怖环境,prolonged exposure to terrorism,F62.0,0.9860379099845886,,,,,
912,4,烦扰型,troublesome,F61,0.9646224975585938,,,,,
912,4,集中营经历,concentration camp experience,F62.0,0.9878768920898438,,,,,
912,4,继发性(非特异的),secondary(nonspecific),F61,0.9676096439361572,,,,,
912,4,精神科疾病,psychiatric illness,F62.1,0.9840810894966125,,,,,
912,4,酷刑折磨,torture,F62.0,0.9665390849113464,,,,,
912,4,慢性疼痛性,chronic pain,F62.8,0.9956504702568054,,,,,
912,4,特指的NEC,specified NEC,F62.8,0.9882290959358215,,,,,
912,4,灾难，灾难性经历,"disaster, catastrophic experience",F62.0,0.9859909415245056,,,,,
912,3,攻击型,aggressive,F60.3,0.9890040159225464,,,,,
912,3,古怪型,eccentric,F60.8,0.9760532379150391,,,,,
912,3,好诉讼性,querulant,F60.0,0.9749674201011658,,,,,
912,3,环性，环性心境,"cycloid, cyclothymic",F34.0,0.994398832321167,,,,,
912,3,回避型,avoidant,F60.6,0.9668952822685242,,,,,
912,3,混合型(非特异的),mixed (nonspecific),F61,0.9875525236129761,,,,,
912,3,假性迟滞性(器质性),pseudoretarded (organic),F07.0,0.9761825203895569,,,,,
912,3,假性精神病态(器质性),pseudopsychopathic (organic),F07.0,0.9963309168815613,,,,,
912,3,焦虑型,anxious,F60.6,0.9636527895927429,,,,,
912,3,精神病态型,psychopathic,F60.2,0.9962865114212036,,,,,
912,3,精神神经症型NEC,psychoneurotic NEC,F60.8,0.986553430557251,,,,,
912,3,夸大性偏执,expansive paranoid,F60.0,0.9874645471572876,,,,,
912,3,狂信型,fanatic,F60.0,0.9950811266899109,,,,,
912,3,类型缺陷或障碍,pattern defect or disturbance,F60.9,0.9897398948669434,,,,,
912,3,敏感性偏执型,sensitive paranoid,F60.0,0.9777970314025879,,,,,
912,3,虐待狂型,sadistic,F60.8,0.9947481751441956,,,,,
912,3,偏执型,paranoid,F60.0,0.9914965033531189,,,,,
912,3,器质性,organic,F07.0,0.9737945199012756,,,,,
913,3,强制型,obsessional,F60.5,0.97316575050354,,,,,
913,3,强迫-强制型,obsessive(-compulsive),F60.5,0.9782542586326599,,,,,
913,3,强迫型,"anankastic, compulsive",F60.5,0.9623607993125916,,,,,
913,3,情感减退性,hypothymic,F34.1,0.9773339629173279,,,,,
913,3,情感性,affective,F34.0,0.9823155403137207,,,,,
913,3,情感增盛性,hyperthymic,F34.0,0.9826443791389465,,,,,
913,3,情绪不稳型,emotionally unstable,F60.3,0.9967686533927917,,,,,
913,3,缺乏道德性,morally defective,F60.2,0.9928805232048035,,,,,
913,3,社会病态型(悖德型)(反社会型)(非社交型)(社交紊乱型),sociopathic (amoral) (antisocial) (asocial) (dissocial),F60.2,0.9805840849876404,,,,,
913,3,社交紊乱型,dissocial,F60.2,0.9902217984199524,,,,,
913,3,衰弱型,"asthenic, inadequate",F60.7,0.9412325024604797,,,,,
913,3,双重,dual,F44.8,0.990336000919342,,,,,
913,3,特指的NEC,specified NEC,F60.8,0.9711638689041138,,,,,
913,3,心理幼稚型,psychoinfantile,F60.4,0.9997684955596924,,,,,
913,3,依赖型,dependent,F60.7,0.9913930296897888,,,,,
913,3,抑郁性,depressive,F34.1,0.9897388219833374,,,,,
913,3,癔症型,hysterical,F60.4,0.9526275992393494,,,,,
913,3,自恋型,narcissistic,F60.8,0.9912468791007996,,,,,
913,3,自我挫败型,self-defeating,F60.7,0.965854287147522,,,,,
913,2,人格解体(于神经症状态中)(神经症性)(综合征),Depersonalization (in neurotic state) (neurotic) (syndrome),F48.1,0.9898269772529602,,,,,
913,2,人工,Artificial,,0.9996355175971985,,,,,
913,3,授精,insemination,Z31.1,0.9933260083198547,,,,,
913,4,并发症(另见并发症，人工，授精),"complication (see also Complications, artificial, fertilization or insemination)",N98.9,0.9494388699531555,,,,,
913,3,阴道状态,vagina status,Z93.8,0.978364109992981,,,,,
913,2,人工造口洗净－见维护，人工，造口,"Cleansing of artificial opening - see Attention, artificial, opening",,0.9668612480163574,,,,,
913,1,rèn 认,,,0.9283410310745239,,,,,
913,2,认识不能 - 见 失认症,Agnosia,,0.8857588171958923,,,,,
913,1,rèn 韧,,,0.9563543200492859,,,,,
913,2,韧带的 - 见情况,Ligamentous – see condition,,0.9411646723747253,,,,,
913,2,韧带内的 - 见情况,Intraligamentous – see condition,,0.9017233848571777,,,,,
914,1,rèn 妊,,,,,,,,
914,2,妊娠(单胎)(子宫),Pregnancy (single) (uterine),,0.992976725101471,,,,,
914,3,并发(另见妊娠，影响处理，由于),"complicated by (see also Pregnancy, management, affected by)",,0.9918298721313477,,,,,
914,4,Rh免疫接种，血型不配合或致敏,"Rh immunization, incompatibility or sensitization",O36.0,0.9484432339668274,,,,,
914,4,白蛋白尿,albuminuria,O12.1,0.9416192770004272,,,,,
914,5,伴有,with,,0.7601922154426575,,,,,
914,6,高血压(另见先兆子痫),hypertension (see also Pre-eclampsia),O14.9,0.9802826642990112,,,,,
914,6,水肿,edema,O12.2,0.8555901050567627,,,,,
914,4,"败血症(在 , 中的情况)","septicemia (conditions in,)",A40 A41 O98.8,0.9575634598731995,,,,,
914,4,背、骨盆及下肢的骨和关节疾患,"bone and joint disorders of back, pelvis and lower limbs",O99.8,0.9659678339958191,,,,,
914,4,"病毒性疾病(在A80-B09,B25-B34中的情况)","viral diseases (conditions in A80-B09, B25-B34)",O98.5,0.9848508834838867,,,,,
914,4,不稳定产式,unstable lie,O32.0,0.9735052585601807,,,,,
914,4,初孕妇,primigravida,,0.9546462297439575,,,,,
914,5,高龄(仅为监督),elderly (supervision only),Z35.5,0.9778950810432434,,,,,
914,5,极年轻(仅为监督),very young (supervision only),Z35.6,0.9840329885482788,,,,,
914,4,出血NEC,hemorrhage NEC,,0.8941892385482788,,,,,
914,5,产前(另见出血，产前),"antepartum (see also Hemorrhage, antepartum)",O46.9,0.899361252784729,,,,,
914,5,妊娠22整周前,before 22 completed weeks' gestation,O20.9,0.9724678993225098,,,,,
914,6,特指的NEC,specified NEC,O20.8,0.9745362401008606,,,,,
914,5,先兆流产,threatened abortion,O20.0,0.9589911103248596,,,,,
914,5,由于早期剥离，胎盘,"due to premature separation, placenta",O45.9,0.9694316983222961,,,,,
914,5,早期,early,O20.9,0.9411032199859619,,,,,
914,6,特指的NEC,specified NEC,O20.8,0.9486792683601379,,,,,
914,4,传染病或寄生虫病 NEC,infectious or parasitic disease NEC,O98.9,0.9658477902412415,,,,,
914,4,错位,malposition,,0.858101487159729,,,,,
914,5,胎儿-见先露，胎儿,"fetus - see Presentation, fetal",,0.9498453140258789,,,,,
914,5,子宫,uterus,O34.5,0.8912954330444336,,,,,
914,4,代谢紊乱,metabolic disorders,O99.2,0.9558420777320862,,,,,
914,4,蛋白尿,proteinuria,O12.1,0.9336498379707336,,,,,
914,4,伴有,with,,0.7580727338790894,,,,,
914,5,高血压(另见先兆子痫),hypertension (see also Pre-eclampsia),O14.9,0.9373828768730164,,,,,
914,6,水肿,edema,O12.2,0.899089515209198,,,,,
914,4,毒血症(另见先兆子痫),toxemia (see also Pre-eclampsia),O14.9,0.9632088541984558,,,,,
914,4,多涎,ptyalism,O26.8,0.9693300724029541,,,,,
914,4,复合性先露,compound presentation,O32.6,0.9475337862968445,,,,,
914,4,肝疾患,disorders of liver,O26.6,0.920160174369812,,,,,
914,4,肝脂肪变态,fatty metamorphosis of liver,O26.6,0.9701178073883057,,,,,
914,4,感染,infection(s),,0.937626838684082,,,,,
914,5,泌尿(道),urinary (tract),O23.4,0.9788563251495361,,,,,
914,6,特指部位NEC,specified part NEC,O23.3,0.9605585336685181,,,,,
915,5,泌尿生殖道NEC .,genitourinary tract NEC,O23.9,0.9765591621398926,,,,,
915,5,尿道,urethra,O23.2,0.9175282716751099,,,,,
915,5,膀胱,bladder,O23.1,0.9159195423126221,,,,,
915,5,肾,kidney,O23.0,0.9104307889938354,,,,,
915,5,伴有主要为性传播模式的 NEC,with a predominantly sexual mode of transmission NEC,O98.3,0.971759557723999,,,,,
915,5,生殖器官或生殖道,genital organ or tract,O23.5,0.9953936338424683,,,,,
915,5,特指的 NEC,specified NEC,O98.8,0.9800905585289001,,,,,
915,5,羊水或羊膜囊,amniotic fluid or sac,O41.1,0.9446015954017639,,,,,
915,4,高血压，高血压性(另见高血压，并发于妊娠),"hypertension, hypertensive (see also Hypertension, complicating pregnancy)",O16,0.9224397540092468,,,,,
915,5,肾脏病，原有的,"renal disease, pre-existing",O10.2,0.9698517322540283,,,,,
915,5,心脏病，原有的,"heart disease, pre-existing",O10.1,0.9547815918922424,,,,,
915,5,心脏和肾脏病，原有的,"heart and renal disease, pre-existing",O10.3,0.9783455729484558,,,,,
915,4,宫颈机能不全,incompetent cervix,O34.3,0.9753478169441223,,,,,
915,4,宫颈炎,cervicitis,O23.5,0.9335473775863647,,,,,
915,4,过大胎儿,oversize fetus,O33.5,0.9464837908744812,,,,,
915,4,过度成熟,postmaturity,O48,0.9382562637329102,,,,,
915,4,褐黄斑(妊娠性),chloasma (gravidarum),O26.8,0.9838868379592896,,,,,
915,4,横产式或产位,transverse lie or presentation,O32.2,0.9379774332046509,,,,,
915,4,后倾，子宫,"retroversion, uterus",O34.5,0.9545891880989075,,,,,
915,4,坏死，肝(在 中的情况),"necrosis, liver (conditions in)",K72 O26.6,0.9863219261169434,,,,,
915,4,畸形,malformation,,0.8868383765220642,,,,,
915,5,胎盘(血管),"placenta, placental (vessel)",O43.1,0.9634274244308472,,,,,
915,5,子宫(先天性),uterus (congenital),O34.0,0.9589606523513794,,,,,
915,4,稽留,missed,,0.7840112447738647,,,,,
915,5,分娩,delivery,O36.4,0.8578982353210449,,,,,
915,5,流产,abortion,O02.1,0.8870391845703125,,,,,
915,4,疾病,diseases of,,0.8641089200973511,,,,,
915,5,耳和乳突(在H60-H95中的情况),ear and mastoid process (conditions in H60-H95),O99.8,0.966766893863678,,,,,
915,5,呼吸系统(在J00-J99中的情况),respiratory system (conditions in J00-J99),O99.5,0.9758343696594238,,,,,
915,5,肌肉骨骼系统和结缔组织(在M00-M99中的情况),musculoskeletal system and connective tissue (conditions in M00-M99),O99.8,0.9663189053535461,,,,,
915,5,泌尿生殖系统NEC(在N00-N99中的情况),genitourinary system NEC (conditions in N00-N99),O99.8,0.9673884510993958,,,,,
915,5,皮肤和皮下组织NEC(在L00-L99中的情况),skin and subcutaneous tissue NEC (conditions in L00-L99),O99.7,0.9826158881187439,,,,,
915,5,神经系统(在G00-G99中的情况),nervous system (conditions in G00-G99),O99.3,0.9845251441001892,,,,,
915,5,消化系统NEC(在K00-K93 中的情况),digestive system NEC (conditions in K00-K93),O99.6,0.9694351553916931,,,,,
915,5,心血管系统NEC（在I00-I09、I20-I46.1、I47.0-I95.8、I97.0-I99中的情况）,"cardiovascular system NEC (conditions in I00-I09, I20-I46.1, I47.0-I95.8, I97.0-I99)",O99.4,0.9563277959823608,,,,,
916,5,血液NEC(在D65-D77中的情况),blood NEC (conditions in D65-D77),O99.1,0.9789995551109314,,,,,
916,5,眼和附器(在H00-H59中的情况),eye and adnexa (conditions in H00-H59),O99.8,0.9834415912628174,,,,,
916,4,假临产(痛)(另见临产，假),"false labor (pains), spurious labor pains (see also Labor, false)",O47.9,0.9655153155326843,,,,,
916,4,结核病(在A15-A19中的情况),tuberculosis (conditions in A15-A19),O98.0,0.9802452921867371,,,,,
916,4,精神病或精神神经病，精神障碍(在F00-F99中的情况),"psychosis or psychoneurosis, mental disorders (conditionsin F00-F99)",O99.3,0.9811725616455078,,,,,
916,4,静脉血栓形成(浅表性),phlebothrombosis (superficial),O22.2,0.9809480905532837,,,,,
916,5,深部,deep,O22.3,0.9331350326538086,,,,,
916,4,酒精依赖(),alcohol dependence (),F10.2 O99.3,0.9723878502845764,,,,,
916,4,剧吐(妊娠性)-见剧吐，妊娠,"hyperemesis (gravidarum) - see Hyperemesis, gravidarum",,0.9290276169776917,,,,,
916,4,均小骨盆,contracted pelvis (general),O33.1,0.9184725284576416,,,,,
916,5,出口,outlet,O33.3,0.8557668924331665,,,,,
916,5,入口,inlet,O33.2,0.9192060828208923,,,,,
916,4,颏先露,mentum presentation,O32.3,0.8974319696426392,,,,,
916,4,淋球菌性感染,gonococcal infection,O98.2,0.9762511849403381,,,,,
916,4,瘤,tumor,,0.8629024028778076,,,,,
916,5,卵巢,ovary,O34.8,0.965771496295929,,,,,
916,5,盆腔器官或组织NEC,pelvic organs or tissues NEC,O34.8,0.9536812901496887,,,,,
916,5,子宫(体),uterus (body),O34.1,0.9162872433662415,,,,,
916,6,宫颈,cervix,O34.4,0.9287396669387817,,,,,
916,4,流涎(过度),salivation (excessive),O26.8,0.972602367401123,,,,,
916,4,卵巢炎,oophoritis,O23.5,0.9699187874794006,,,,,
916,4,麻醉的有害效应,adverse effect of anesthesia,O29.9,0.9783040881156921,,,,,
916,4,梅毒(在A50-A53中的情况),syphilis (conditionsin A50-A53),O98.1,0.9854425191879272,,,,,
916,4,免疫疾患NEC(在D80-D89中的情况),immune disorders NEC (conditions in D80-D89),O99.1,0.9725534319877625,,,,,
916,4,面先露,face presentation,O32.3,0.9219358563423157,,,,,
916,4,脑积水胎儿(胎盆不称),hydrocephalic fetus (disproportion),O33.6,0.9486913681030273,,,,,
916,4,脑血管疾患(在I60-I69中的情况),cerebrovascular disorders (conditions in I60-I69),O99.4,0.9744022488594055,,,,,
916,4,内分泌疾病 NEC,endocrine diseases NEC,O99.2,0.9540764093399048,,,,,
916,4,尿道炎,urethritis,O23.2,0.9501323103904724,,,,,
916,4,脓肿或蜂窝织炎,abscess or cellulitis,,0.9274294376373291,,,,,
916,5,膀胱,bladder,O23.1,0.9839493036270142,,,,,
916,5,生殖器官或生殖道,genital organ or tract,O23.5,0.9863669276237488,,,,,
916,4,疟疾,malaria,O98.6,0.9585715532302856,,,,,
916,4,呕吐(另见剧吐，妊娠),"vomiting (see also Hyperemesis, gravidarum)",O21.9,0.9204981923103333,,,,,
916,5,由于分类于他处的疾病,due to diseases classified elsewhere,O21.8,0.9474165439605713,,,,,
916,4,膀胱膨出,cystocele,O34.8,0.9693722128868103,,,,,
916,4,膀胱炎,cystitis,O23.1,0.9545807242393494,,,,,
917,4,疲劳,fatigue,O26.8,0.9227717518806458,,,,,
917,4,贫血(在D50-D64中的情况),anemia (conditions in D50-D64),O99.0,0.9818615317344666,,,,,
917,4,破裂,rupture,,0.9485527276992798,,,,,
917,4,胎膜(过早)-见破裂，胎膜，过早,"membranes (premature) - see Rupture, membranes, premature",,0.958745539188385,,,,,
917,4,羊膜(过早)-见破裂，胎膜，过早,"amnion (premature) - see Rupture, membranes, premature",,0.9665641784667969,,,,,
917,5,子宫(产程期间),uterus (during labor),O71.1,0.9073129892349243,,,,,
917,6,在产程开始前,before onset of labor,O71.0,0.98131263256073,,,,,
917,4,葡萄胎(M9100/0)(另见胎块，水泡状),"hydatidiform mole (M9100/0)(see also Mole, hydatidiform)",O01.9,0.9764158725738525,,,,,
917,4,钳闭[嵌顿]，子宫,"incarceration, uterus",O34.5,0.960008978843689,,,,,
917,4,曲张,varicose,,0.8042037487030029,,,,,
917,5,静脉(腿),veins (legs),O22.0,0.9228469133377075,,,,,
917,6,阴唇或外阴,labia or vulva,O22.1,0.9389826655387878,,,,,
917,5,胎盘血管,placental vessels,O43.8,0.9265045523643494,,,,,
917,4,妊娠37周前宫缩开始-见产程，早发,"onset of contractions before 37 weeks' gestation - see Labor, early onset",,0.9673776030540466,,,,,
917,5,伴有,with,,0.7631361484527588,,,,,
917,6,早产分娩,pre-term delivery,O60.1,0.9639602899551392,,,,,
917,6,足月分娩,term delivery,O60.2,0.9678763747215271,,,,,
917,5,不伴有分娩,without delivery,O60.0,0.9530836343765259,,,,,
917,4,瘙痒[症](神经源性),pruritus (neurogenic),O26.8,0.9496040344238281,,,,,
917,4,社会问题,social problem,Z35.7,0.9547479152679443,,,,,
917,4,肾病变或肾衰竭 NEC,"nephropathy, renal disease or failure NEC",O26.8,0.9810734987258911,,,,,
917,5,伴有继发性高血压，原有的,"with secondary hypertension, pre-existing",O10.4,0.9374435544013977,,,,,
917,5,高血压性，原有的,"hypertensive, pre-existing",O10.2,0.9288469552993774,,,,,
917,4,肾小球病(在N00-N07中的情况),glomerular diseases (conditions in N00-N07),O26.8,0.9137884378433228,,,,,
917,5,伴有高血压，原有的,"with hypertension, pre-existing",O10.2,0.9886343479156494,,,,,
917,4,肾盂炎,pyelitis,O23.0,0.9258520007133484,,,,,
917,4,渗出，羊水,"effusion, amniotic fluid",O41.8,0.9641232490539551,,,,,
917,5,分娩延迟，随后,delayed delivery following,O75.6,0.9470245838165283,,,,,
917,4,生殖道感染,genital infection,O23.5,0.9886179566383362,,,,,
917,4,输卵管卵巢炎,salpingo-oophoritis,O23.5,0.9818388223648071,,,,,
917,4,输卵管炎,salpingitis,O23.5,0.9643602967262268,,,,,
917,4,衰竭,exhaustion,O26.8,0.974725604057312,,,,,
917,4,栓塞,embolism,O88.2,0.9121761322021484,,,,,
917,5,肺 NEC,pulmonary NEC,O88.2,0.901934802532196,,,,,
917,5,空气,air,O88.0,0.8877894282341003,,,,,
917,5,脓毒性，脓毒症性,"septic, pyemic",O88.3,0.967398464679718,,,,,
917,5,血凝块,blood-clot,O88.2,0.9710343480110168,,,,,
917,5,羊水,amniotic fluid,O88.1,0.911986231803894,,,,,
918,4,双角子宫,bicornis or bicornuate uterus,O34.0,0.9582733511924744,,,,,
918,4,水肿，积液,"edema, hydrops",O12.0,0.9657079577445984,,,,,
918,5,胎儿 NEC,fetalis NEC,O36.2,0.9381203651428223,,,,,
918,5,胎膜[羊水过多],amnii,O40,0.9384012818336487,,,,,
918,4,伴有妊娠高血压，轻度(另见先兆子痫),"with gestational hypertension, mild (see also Pre-eclampsia)",O13,0.9141899943351746,,,,,
918,4,胎儿,fetal,,0.8528637886047363,,,,,
918,5,胎盆不称，由于畸形(胎儿),disproportion due to deformity (fetal),O33.7,0.9801684021949768,,,,,
918,5,问题,problem,O36.9,0.8939492106437683,,,,,
918,6,特指的 NEC,specified NEC,O36.8,0.9509984254837036,,,,,
918,4,胎儿缺氧体征(与产程或分娩无关),signs of fetal hypoxia (unrelated to labor or delivery),O36.3,0.9757667779922485,,,,,
918,4,胎儿死亡(接近足月),death of fetus (near term),O36.4,0.9658403992652893,,,,,
918,5,早期妊娠,early pregnancy,O02.1,0.9539873003959656,,,,,
918,4,胎儿先露异常(另见先露，胎儿),"malpresentation of fetus (see also Presentation, fetal)",O32.9,0.9487795233726501,,,,,
918,5,特指的NEC,specified NEC,O32.8,0.9705333113670349,,,,,
918,5,在多胎妊娠中,in multiple gestation,O32.5,0.9763345122337341,,,,,
918,4,胎膜早破-见破裂，胎膜，过早,"premature rupture of membranes - see Rupture, membranes, premature",,0.9407227039337158,,,,,
918,4,胎盘,"placenta, placental",,0.8944852352142334,,,,,
918,5,剥离，过早(另见胎盘早剥),"detachment, separation, premature (see also Abruptio placentae)",O45.9,0.9721880555152893,,,,,
918,5,错位(伴有出血),malposition (with hemorrhage),O44.1,0.9434276819229126,,,,,
918,6,不伴有出血,without hemorrhage,O44.0,0.8982362747192383,,,,,
918,5,低置(伴有出血),low implantation (with hemorrhage),O44.1,0.945584237575531,,,,,
918,6,不伴有出血,without hemorrhage,O44.0,0.986476719379425,,,,,
918,5,梗死,infarction,O43.8,0.9911620020866394,,,,,
918,5,机能障碍,dysfunction,O43.8,0.9668297171592712,,,,,
918,5,畸形,malformation,O43.1,0.9896013736724854,,,,,
918,5,疾病,disease,O43.9,0.9676790237426758,,,,,
918,5,前置(伴有出血),previa (with hemorrhage),O44.1,0.9369738101959229,,,,,
918,6,不伴有出血,without hemorrhage,O44.0,0.914379894733429,,,,,
918,5,输血综合征,transfusion syndrome,O43.0,0.948424756526947,,,,,
918,5,脱离或剥离(另见胎盘早剥),abruptio or ablatio (see also Abruptio placentae),O45.9,0.9685331583023071,,,,,
918,5,异常,abnormality,O43.1,0.9101697206497192,,,,,
918,4,胎盘炎,placentitis,O41.1,0.9652819633483887,,,,,
918,4,胎盆不称-见胎盆不称,disproportion - see Disproportion,,0.9254975914955139,,,,,
918,4,胎头不能进入骨盆边缘,"failure, fetal head, to enter pelvic brim",O32.4,0.9616661071777344,,,,,
918,4,糖尿病,diabetes (mellitus),O24.9,0.9546721577644348,,,,,
918,4,体重过度增加NEC,excessive weight gain NEC,O26.0,0.9922516942024231,,,,,
918,4,体重增加过低,insufficient weight gain,O26.1,0.9630749821662903,,,,,
918,4,同期复孕,superfecundation,O30.8,0.9299359917640686,,,,,
919,4,蜕膜炎,deciduitis,O41.1,0.9451252818107605,,,,,
919,4,臀(位)先露,breech presentation,O32.1,0.9773693084716797,,,,,
919,4,脱垂，子宫,"prolapse, uterus",O34.5,0.9651861786842346,,,,,
919,4,"萎缩(急性)(亚急性)(黄色),肝","atrophy (acute) (subacute) (yellow), liver",O26.6,0.9471027255058289,,,,,
919,4,先天性畸形、变形和染色体异常NEC,"congenital malformations, deformations and chromosomal abnormalities NEC",O99.8,0.9910632967948914,,,,,
919,4,先兆,threatened,,0.767067015171051,,,,,
919,5,分娩,delivery,O47.9,0.9313050508499146,,,,,
919,6,妊娠37整周前,before 37 completed weeks of gestation,O47.0,0.9396171569824219,,,,,
919,6,妊娠37整周或以后,at or after 37 completed weeks of gestation,O47.1,0.9556760787963867,,,,,
919,5,流产,abortion,O20.0,0.9555078148841858,,,,,
919,4,先兆子痫,pre-eclampsia,O14.9,0.9224489331245422,,,,,
919,5,轻度,mild,O13,0.9214247465133667,,,,,
919,5,中度,moderate,O14.0,0.9289310574531555,,,,,
919,5,重度,severe,O14.1,0.8553358912467957,,,,,
919,4,纤维(瘤)(子宫),fibroid (tumor) (uterus),O34.1,0.9185593724250793,,,,,
919,4,斜产式或产位,oblique lie or presentation,O32.2,0.9492039084434509,,,,,
919,4,心血管病(在I00-I09，I20-I52，I70-I99中的情况),"cardiovascular diseases (conditions in I00-I09, I20-I52, I70-I99)",O99.4,0.935072660446167,,,,,
919,4,性病NEC(在A64中的情况),venereal disease NEC (conditions in A64),O98.3,0.971684455871582,,,,,
919,4,血栓形成,thrombosis,O22.9,0.9616079330444336,,,,,
919,5,静脉(浅表性),venous (superficial),O22.9,0.9777464866638184,,,,,
919,6,深部,deep,O22.3,0.9011955261230469,,,,,
919,4,血栓性静脉炎(浅表性),thrombophlebitis (superficial),O22.2,0.9844210147857666,,,,,
919,4,羊膜炎,amnionitis,O41.1,0.9342877268791199,,,,,
919,4,羊水过多,"hydramnios, polyhydramnios",O40,0.9629819393157959,,,,,
919,4,羊水过少NEC,oligohydramnios NEC,O41.0,0.9818442463874817,,,,,
919,4,药物依赖(在F11-F19，第四位数.2中的情况),"drug dependence (conditions in F11-F19, fourth character .2)",O99.3,0.9723942279815674,,,,,
919,4,遗留的,"retention, retained",,0.8354654312133789,,,,,
919,5,死卵,dead ovum,O02.0,0.8666650652885437,,,,,
919,5,子宫内避孕装置,intrauterine contraceptive device,O26.3,0.9829737544059753,,,,,
919,4,移位，子宫NEC,"displacement, uterus NEC",O34.5,0.9709467887878418,,,,,
919,4,以前的,previous,,0.901641845703125,,,,,
919,5,不良产科史,poor obstetric history,Z35.2,0.9632523059844971,,,,,
919,5,非产科情况,nonobstetric condition,Z35.8,0.9784978032112122,,,,,
919,5,早产,premature delivery,Z35.2,0.9310005903244019,,,,,
919,5,滋养层病(在O01.-中的情况),trophoblastic disease (conditions in O01.-),Z35.1,0.9699862003326416,,,,,
919,4,溢液,hydrorrhea,O42.9,0.9278261661529541,,,,,
920,4,异常的,"abnormal, abnormality",,0.8430292010307312,,,,,
920,5,宫颈,cervix,O34.4,0.9310205578804016,,,,,
920,5,骨盆(骨性)(主要的)NEC,pelvis (bony) (major) NEC,O33.0,0.939140796661377,,,,,
920,5,会阴或外阴,perineum or vulva,O34.7,0.9043548703193665,,,,,
920,5,盆腔器官或组织,pelvic organs or tissues,O34.9,0.9870230555534363,,,,,
920,6,特指的 NEC,specified NEC,O34.8,0.9719482064247131,,,,,
920,6,影响胎儿或新生儿,affecting fetus or newborn,P03.8,0.9907357096672058,,,,,
920,6,造成梗阻性分娩,causing obstructed labour,O65.5,0.9868459701538086,,,,,
920,7,影响胎儿或新生儿,affecting fetus or newborn,P03.1,0.979784369468689,,,,,
920,5,葡萄糖耐量NEC,glucose tolerance NEC,O99.8,0.9909207224845886,,,,,
920,5,脐带,cord (umbilical),O69.9,0.9700766205787659,,,,,
920,5,胎盘(血管),"placenta, placental (vessel)",O43.1,0.993556797504425,,,,,
920,5,位置,position,,0.8703478574752808,,,,,
920,6,胎盘,placenta,O44.1,0.9193064570426941,,,,,
920,7,不伴有出血,without hemorrhage,O44.0,0.967511773109436,,,,,
920,6,子宫,uterus,O34.5,0.8938238620758057,,,,,
920,5,子宫(先天性),uterus (congenital),O34.0,0.9697545170783997,,,,,
920,4,异期复孕,superfetation,O30.8,0.9655229449272156,,,,,
920,4,阴道炎或外阴炎,vaginitis or vulvitis,O23.5,0.9518685340881348,,,,,
920,4,营养不良(在E40-E46中的情况),malnutrition (conditions in E40-E46),O25,0.990430474281311,,,,,
920,4,营养性疾病 NEC,nutritional diseases NEC,O99.2,0.9691751003265381,,,,,
920,4,原虫病,protozoal diseases,O98.6,0.9265869855880737,,,,,
920,4,在下列类目中的情况,conditions in,,0.99,,,,,
920,5,A00-A07,A00-A07,O98.8,0.99,,,,,
920,5,A08,A08,O98.5,0.99,,,,,
920,5,A09,A09,O98.8,0.99,,,,,
920,5,A15-A19,A15-A19,O98.0,0.99,,,,,
920,5,A24-A49,A24-A49,O98.8,0.99,,,,,
920,5,A50-A53,A50-A53,O98.1,0.99,,,,,
920,5,A54.-,A54.-,O98.2,0.99,,,,,
920,5,A55-A64,A55-A64,O98.3,0.99,,,,,
920,5,A65-A79,A65-A79,O98.8,0.99,,,,,
920,5,A80-B09,A80-B09,O98.5,0.99,,,,,
920,5,B15-B19,B15-B19,O98.4,0.99,,,,,
920,5,B20-B24,B20-B24,O98.7,0.99,,,,,
920,5,B25-B34,B25-B34,O98.5,0.99,,,,,
920,5,B35-B49,B35-B49,O98.8,0.99,,,,,
920,5,B50-B64,B50-B64,O98.6,0.99,,,,,
920,5,B65-B88,B65-B88,O98.8,0.99,,,,,
920,5,B89,B89,O98.2,0.99,,,,,
920,5,B90-B94,B90-B94,O98.8,0.99,,,,,
920,5,C00-D48,C00-D48,O99.8,0.99,,,,,
921,5,D50-D64,D50-D64,O99.0,0.99,,,,,
921,5,D65-D89,D65-D89,O99.1,0.99,,,,,
921,5,E00-E07,E00-E07,O99.2,0.99,,,,,
921,5,E10-E14,E10-E14,O24.-,0.99,,,,,
921,5,E15-E34,E15-E34,O99.2,0.99,,,,,
921,5,E40-E46,E40-E46,O25,0.99,,,,,
921,5,E50-E89,E50-E89,O99.2,0.99,,,,,
921,5,F00-F52,F00-F52,O99.3,0.99,,,,,
921,5,F54-F99,F54-F99,O99.3,0.99,,,,,
921,5,G00-G99,G00-G99,O99.3,0.99,,,,,
921,5,H00-H95,H00-H95,O99.8,0.99,,,,,
921,5,I00-I09,I00-I09,O99.4,0.99,,,,,
921,5,I10.-，原有的,"I10.-, pre-existing",O10.0,0.99,,,,,
921,5,I11.-，原有的,"I11.-, pre-existing",O10.1,0.99,,,,,
921,5,I12.-，原有的,"I12.-, pre-existing",O10.2,0.99,,,,,
921,5,I13.-，原有的,"I13.-, pre-existing",O10.3,0.99,,,,,
921,5,I15.-，原有的,"I15.-, pre-existing",O10.4,0.99,,,,,
921,5,I20-I99,I20-I99,O99.4,0.99,,,,,
921,5,J00-J99,J00-J99,O99.5,0.99,,,,,
921,5,K00-K66,K00-K66,O99.6,0.99,,,,,
921,5,K70-K77,K70-K77,O26.6,0.99,,,,,
921,5,K80-K93,K80-K93,O99.6,0.99,,,,,
921,5,L00-L99，NEC,L00-L99 NEC,O99.7,0.99,,,,,
921,6,L29.-,L29.-,O26.8,0.99,,,,,
921,5,M00-M82,M00-M82,O99.8,0.99,,,,,
921,5,M83.2-M99,M83.2-M99,O99.8,0.99,,,,,
921,5,N00-N07,N00-N07,O26.8,0.99,,,,,
921,5,N10-N12,N10-N12,O23.0,0.99,,,,,
921,5,N13.0-N13.5,N13.0-N13.5,O26.8,0.99,,,,,
921,5,N13.6,N13.6,O23.3,0.99,,,,,
921,5,N13.7-N13.9,N13.7-N13.9,O26.8,0.99,,,,,
921,5,N14-N15.0,N14-N15.0,O99.8,0.99,,,,,
921,5,N15.1,N15.1,O23.0,0.99,,,,,
921,5,N15.8-N15.9,N15.8-N15.9,O99.8,0.99,,,,,
921,5,N17-N19,N17-N19,O26.8,0.99,,,,,
921,5,N20-N39,N20-N39,O99.8,0.99,,,,,
921,5,N60-N64,N60-N64,O99.8,0.99,,,,,
921,5,N80-N90,N80-N90,O99.8,0.99,,,,,
921,5,N99.0,N99.0,O75.4,0.99,,,,,
921,5,N99.8,N99.8,O75.4,0.99,,,,,
921,5,N99.9,N99.9,O75.4,0.99,,,,,
922,5,Q00-Q99，NEC,"Q00-Q99, NEC",O99.8,0.9442952871322632,,,,,
922,5,R73.0,R73.0,O99.8,0.9669727087020874,,,,,
922,4,早产(伴有自然临产),early delivery (with spontaneous labor),O60.1,0.9513395428657532,,,,,
922,5,不伴有自然临产(剖宫产)(引产),without spontaneous labor (cesarean section) (induction),O60.3,0.9475968480110168,,,,,
922,4,纸样胎,papyraceous fetus,O31.0,0.9021250009536743,,,,,
922,4,痔,hemorrhoids,O22.4,0.8669605255126953,,,,,
922,4,肿瘤NEC,neoplasms NEC,O99.8,0.9150276184082031,,,,,
922,4,周围神经炎,peripheral neuritis,O26.8,0.9306122660636902,,,,,
922,4,子宫内膜炎,endometritis,O23.5,0.9842488169670105,,,,,
922,5,蜕膜,decidual,O41.1,0.89637291431427,,,,,
922,4,子宫扭转,torsion of uterus,O34.5,0.9504414200782776,,,,,
922,4,子宫疝,herniation of uterus,O34.5,0.9695862531661987,,,,,
922,4,子痫(惊厥性)(昏迷)(抽搐)(谵妄)(肾炎)(尿毒症),"convulsions, eclampsia (eclamptic) (coma) (convulsions)(delirium) (nephritis) (uremia)",O15.0,0.9613871574401855,,,,,
922,5,伴有原有的高血压,with pre-existing hypertension,O15.0,0.9763367176055908,,,,,
922,4,足月头高,high head at term,O32.4,0.9723196625709534,,,,,
922,3,并发症 NEC,complications NEC,O26.9,0.9549331665039062,,,,,
922,3,不想要的,unwanted,Z64.0,0.9873674511909485,,,,,
922,3,多胎NEC,multiple NEC,O30.9,0.9696438908576965,,,,,
922,4,并发NEC,complicated NEC,O31.8,0.9461405277252197,,,,,
922,4,影响到胎儿或新生儿,affecting fetus or newborn,P01.5,0.9936739206314087,,,,,
922,3,附带发现的,incidental finding,Z33,0.954277515411377,,,,,
922,3,腹部(异位),abdominal (ectopic),O00.0,0.9764981269836426,,,,,
922,4,能活胎儿,viable fetus,O36.7,0.9717857837677002,,,,,
922,4,影响到胎儿或新生儿,affecting fetus or newborn,P01.4,0.967437744140625,,,,,
922,3,腹膜内,intraperitoneal,O00.0,0.9870291948318481,,,,,
922,3,宫颈,cervical,O00.8,0.95264732837677,,,,,
922,3,过期,"prolonged, post-term",O48,0.9748744964599609,,,,,
922,3,过熟,postmature,O48,0.9896526336669922,,,,,
922,3,壶腹,ampullar,O00.1,0.9581128358840942,,,,,
922,3,继续,continuing after,,0.9883467555046082,,,,,
922,4,在一个或以上胎儿流产后,abortion of one fetus or more,O31.1,0.9732125401496887,,,,,
922,4,在一个或以上胎儿子宫内死亡后,intrauterine death of one fetus or more,O31.2,0.9610068202018738,,,,,
922,3,假性,"false, spurious",F45.8,0.980398952960968,,,,,
922,3,监督(为)(另见妊娠，影响处理，由于),"supervision (of) (for) (see also Pregnancy, management affected by)",,0.9929924607276917,,,,,
922,4,高危,high-risk,Z35.9,0.9608746767044067,,,,,
922,5,特指的NEC,specified NEC,Z35.8,0.9611693024635315,,,,,
922,4,经产,multiparity,Z35.4,0.9038862586021423,,,,,
922,4,特指的问题NEC,specified problem NEC,Z35.8,0.9663165211677551,,,,,
923,4,以前的,previous,,0.9288312792778015,,,,,
923,4,不孕症,infertility,Z35.0,0.9825374484062195,,,,,
923,5,死产,stillbirth,Z35.2,0.9780851006507874,,,,,
923,5,新生儿死亡,neonatal death,Z35.2,0.986871063709259,,,,,
923,4,正常 NEC,normal NEC,Z34.9,0.954666256904602,,,,,
923,5,初次,first,Z34.0,0.9544419050216675,,,,,
923,5,特指的 NEC .,specified NEC,Z34.8,0.9637569189071655,,,,,
923,3,阔韧带,broad ligament,O00.8,0.9481931328773499,,,,,
923,3,卵巢,ovarian,O00.2,0.9478914141654968,,,,,
923,4,胎儿或新生儿,fetus or newborn,P01.4,0.9853329658508301,,,,,
923,3,娩出 - 见 分娩,delivered - see Delivery,,0.9001920819282532,,,,,
923,3,确认,confirmed,Z32.1,0.989322304725647,,,,,
923,3,韧带内,intraligamentous,O00.8,0.9524893164634705,,,,,
923,3,输卵管(伴有流产)(伴有破裂),"fallopian, tubal (with abortion) (with rupture)",O00.1,0.9838329553604126,,,,,
923,3,输卵管峡部,isthmian,O00.1,0.9790506958961487,,,,,
923,3,输卵管子宫间,"interstitial, intramural, mural",O00.8,0.9675652980804443,,,,,
923,4,胎儿或新生儿,fetus or newborn,P01.4,0.9546292424201965,,,,,
923,4,影响到胎儿或新生儿,affecting fetus or newborn,P01.4,0.9934436082839966,,,,,
923,3,双子宫内,in double uterus,O34.0,0.9890738725662231,,,,,
923,3,双胎,twin,O30.0,0.931581437587738,,,,,
923,4,影响到胎儿或新生儿,affecting fetus or newborn,P01.5,0.9838944673538208,,,,,
923,3,三胎,triplet,O30.1,0.987791121006012,,,,,
923,4,影响到胎儿或新生儿,affecting fetus or newborn,P01.5,0.948272705078125,,,,,
923,3,四胎,quadruplet,O30.2,0.9665592312812805,,,,,
923,4,影响到胎儿或新生儿,affecting fetus or newborn,P01.5,0.9410642981529236,,,,,
923,3,五胎,quintuplet,O30.8,0.9784846305847168,,,,,
923,4,影响到胎儿或新生儿,affecting fetus or newborn,P01.5,0.9805827140808105,,,,,
923,3,六胎,sextuplet,O30.8,0.9817008972167969,,,,,
923,4,影响到胎儿或新生儿,affecting fetus or newborn,P01.5,0.9809750914573669,,,,,
923,3,私生的(不想要的),illegitimate (unwanted),Z64.0,0.9792148470878601,,,,,
923,4,高危妊娠监督,supervision of high-risk pregnancy,Z35.7,0.9696741700172424,,,,,
923,3,死于 NEC,death from NEC,O95,0.9340875148773193,,,,,
923,3,胎块NEC,molar NEC,O02.0,0.9653842449188232,,,,,
923,4,水泡状(M9100/0)(另见胎块，水泡状),"hydatiform (M9100/0)(see also Mole, hydatidiform)",O01.9,0.9835256934165955,,,,,
923,3,异常NEC,abnormal NEC,O26.9,0.9782853126525879,,,,,
923,3,异位(破裂),ectopic (ruptured),O00.9,0.9593946933746338,,,,,
923,4,特指的NEC,specified NEC,O00.8,0.9497807025909424,,,,,
923,4,影响到胎儿或新生儿,affecting fetus or newborn,,0.9326552748680115,,,,,
923,3,隐瞒的，隐匿的,"concealed, hidden",Z35.3,0.993941068649292,,,,,
924,3,影响处理，由于,management affected by,,0.9901756048202515,,,,,
924,4,不良产科史(在O10-O92中的情况),poor obstetric history (conditions in O10-O92),Z35.2,0.9841645359992981,,,,,
924,4,大于胎龄儿,large-for-dates fetus,O36.6,0.9250010848045349,,,,,
924,4,低体重儿,light-for-dates fetus,O36.5,0.9093057513237,,,,,
924,4,多胎产妇(仅为监督),multiparity (grand) (supervision only),Z35.4,0.9636828303337097,,,,,
924,4,高龄初孕妇(仅为监督),elderly primigravida (supervision only),Z35.5,0.9853852987289429,,,,,
924,4,高危妊娠NEC-见妊娠，监督,"high-risk pregnancy NEC - see Pregnancy, supervision",,0.9766031503677368,,,,,
924,4,过度成熟,postmaturity,O48,0.9480698704719543,,,,,
924,4,过期妊娠,prolonged pregnancy,O48,0.9198958277702332,,,,,
924,4,极年轻初孕妇(仅为监督),very young primigravida (supervision only),Z35.6,0.9695423245429993,,,,,
924,4,家族内遗传性疾病(可能)影响到胎儿,"hereditary disease in family, (possibly) affecting fetus",O35.2,0.9631549715995789,,,,,
924,4,精神障碍(在F00-F99中的情况),mental disorder (conditions in F00-F99),O99.3,0.9832030534744263,,,,,
924,4,抗体(母体),antibodies (maternal),,0.9623345136642456,,,,,
924,5,抗D,anti-D,O36.0,0.8439081907272339,,,,,
924,5,血型(ABO),blood group (ABO),O36.1,0.9735468029975891,,,,,
924,6,Rh(猕),Rh(esus),O36.0,0.9451090693473816,,,,,
924,4,缺乏产前保健(仅为监督),insufficient prenatal care (supervision only),Z35.3,0.9765073657035828,,,,,
924,4,社会问题,social problem,Z35.7,0.9501407146453857,,,,,
924,4,神经系统疾病(在G00-G99中的情况),diseases of the nervous system (conditions in G00-G99),O99.3,0.9867832660675049,,,,,
924,4,胎儿(可疑的),fetal (suspected),,0.940425455570221,,,,,
924,5,过度生长,excessive growth,O36.6,0.9560580253601074,,,,,
924,5,脊柱裂,spina bifida,O35.0,0.9480703473091125,,,,,
924,5,窘迫,distress,O36.3,0.9275552034378052,,,,,
924,5,脑积水,hydrocephalus,O35.0,0.9007740020751953,,,,,
924,5,染色体异常(在Q90-Q99中的情况),chromosal abnormality (conditic Q90-Q99),O35.1,0.9540984034538269,,,,,
924,5,生长不良,poor growth,O36.5,0.9511058926582336,,,,,
924,5,生长发育迟缓,growth retardation,O36.5,0.9690122008323669,,,,,
924,5,酸血症,acidemia,O36.3,0.9552949070930481,,,,,
924,5,损害，由于,damage from,,0.9996830821037292,,,,,
924,6,辐射,radiation,O35.6,0.9611615538597107,,,,,
924,6,活检操作,biopsy procedures,O35.7,0.9712731242179871,,,,,
924,6,母体,maternal,,0.9991275668144226,,,,,
924,7,病毒感染,viral infection,O35.3,0.9743279814720154,,,,,
924,7,风疹,rubella,O35.3,0.9492849707603455,,,,,
924,7,弓形虫病,toxoplasmosis,O35.8,0.9637614488601685,,,,,
924,7,疾病 NEC,disease NEC,O35.8,0.9508068561553955,,,,,
924,7,酒瘾,alcohol addiction,O35.4,0.9184697270393372,,,,,
924,7,巨细胞病毒感染C,cytomegalovirus infection,O35.3,0.9627402424812317,,,,,
924,7,利斯特菌病,listeriosis,O35.8,0.9804346561431885,,,,,
924,7,药物瘾,drug addiction,O35.5,0.9156129956245422,,,,,
925,6,血液学研究,hematological investigation,O35.7,0.9551386833190918,,,,,
925,6,羊膜腔穿刺术,amniocentesis,O35.7,0.9235903024673462,,,,,
925,6,药物瘾,drug addiction,O35.5,0.9647518992424011,,,,,
925,6,医疗操作 NEC,medical procedure NEC,O35.7,0.9484707117080688,,,,,
925,6,子宫内避孕装置,intrauterine contraceptive device,O35.7,0.9782556295394897,,,,,
925,6,子宫内外科手术,intrauterine surgery,O35.7,0.9229380488395691,,,,,
925,5,无脑儿,anencephaly,O35.0,0.9539521336555481,,,,,
925,5,心动过缓,bradycardia,O36.3,0.9700576663017273,,,,,
925,5,遗传性疾病,hereditary disease,O35.2,0.9865543842315674,,,,,
925,5,异常或损害,abnormality or damage,O35.9,0.9731736183166504,,,,,
925,6,酸碱平衡,acid-base balance,O36.3,0.9680479168891907,,,,,
925,6,特指的 NEC,specified NEC,O35.8,0.9163753986358643,,,,,
925,6,心率或节律,heart rate or rhythm,O36.3,0.9297077655792236,,,,,
925,5,中枢神经系统畸形,central nervous system malformation,O35.0,0.9595577716827393,,,,,
925,5,子宫内死亡,intrauterine death,O36.4,0.9372934103012085,,,,,
925,4,胎儿母体的出血,fetomaternal hemorrhage,O43.0,0.9863060116767883,,,,,
925,4,同种免疫(ABO),isoimmunization (ABO),O36.1,0.9842178225517273,,,,,
925,5,Rh(猕),Rh(esus),O36.0,0.9711392521858215,,,,,
925,4,小于胎龄儿,small-for-dates fetus,O36.5,0.986502468585968,,,,,
925,4,血型不配合，(ABO)血型,"incompatibility, blood groups (ABO)",O36.1,0.9802907109260559,,,,,
925,5,Rh(猕),Rh(esus),O36.0,0.9735747575759888,,,,,
925,4,羊水中的胎粪,meconium in liquor,O36.3,0.9626303315162659,,,,,
925,4,以前的,previous,,0.9267109036445618,,,,,
925,5,不孕症,infertility,Z35.0,0.9112468361854553,,,,,
925,5,产钳术,forceps delivery,Z35.2,0.9900379180908203,,,,,
925,5,出血，产前或产后,"hemorrage, antepartum or postpartum",Z35.2,0.9690725803375244,,,,,
925,5,恶性(肿瘤)NEC,malignancy NEC,Z35.8,0.9607710838317871,,,,,
925,5,非产科情况,nonobstetrical condition,Z35.8,0.9875370860099792,,,,,
925,5,困难分娩,difficult delivery,Z35.2,0.954145073890686,,,,,
925,5,流产,abortion,Z35.1,0.9610433578491211,,,,,
925,6,习惯性,habitual,O26.2,0.961176872253418,,,,,
925,5,剖宫产,cesarean section,O34.2,0.9038259387016296,,,,,
925,5,葡萄胎,"hydatidiform mole, vesicular mole",Z35.1,0.9337377548217773,,,,,
925,5,早产,premature delivery,Z35.2,0.8880264163017273,,,,,
925,5,滋养层病(在 中的情况),trophoblastic disease (conditions in),O01 Z35.1,0.9845700263977051,,,,,
925,4,异常,"abnormal, abnormality",,0.837099552154541,,,,,
925,5,胎儿(可疑的),fetus (suspected),O35.9,0.9698329567909241,,,,,
925,6,特指的NEC,specified NEC,O35.8,0.954529345035553,,,,,
925,5,胎盘,placenta,O43.1,0.9441007375717163,,,,,
926,4,子宫内死亡(晚期),intrauterine death (late),O36.4,0.9560709595680237,,,,,
926,3,子宫角,cornual,O00.8,0.9290715456008911,,,,,
926,4,胎儿或新生儿,fetus or newborn,P01.4,0.976822555065155,,,,,
926,3,子宫外(另见妊娠，按部位),"extrauterine (see also Pregnancy, by site)",O00.9,0.9701690673828125,,,,,
926,3,子宫系膜(壁),mesometric (mural),O00.8,0.954953134059906,,,,,
926,2,妊娠(周期)-另见妊娠,Gestation (period) - see also Pregnancy,,0.9878197908401489,,,,,
926,3,多胎,multiple,O30.9,0.963304877281189,,,,,
926,4,特指的NEC,specified NEC,O30.8,0.9689436554908752,,,,,
926,3,异位-见妊娠，按部位,"ectopic - see Pregnancy, by site",,0.9911859631538391,,,,,
926,1,rì 日,,,0.9640986323356628,,,,,
926,2,日尔贝-又译名吉尔伯特,Gilbert,,0.9998791217803955,,,,,
926,2,日勒·德拉图雷特病或综合征[抽动秽语综合征],Gilles de la Tourette's disease or syndrome,F95.2,0.9995445609092712,,,,,
926,2,日射病(中暑),"Ictus solaris, solis, Insolation (sunstroke), Siriasis, Sunstroke",T67.0,0.9914859533309937,,,,,
926,1,róng 绒,,,0.9377333521842957,,,,,
926,2,绒毛膜癌(女性)(M9100/3),Choriocarcinoma (female) (M9100/3),C58,0.986931562423706,,,,,
926,3,男性,male,C62.9,0.9685524106025696,,,,,
926,3,合并,combined with,,0.97456294298172,,,,,
926,4,畸胎瘤(M9101/3)-见肿瘤，恶性,"teratoma (M9101/3) - see Neoplasm, malignant",,0.9787985682487488,,,,,
926,4,胚胎性癌(M9101/3)-见肿瘤，恶性,"embryonal carcinoma (M9101/3) - see Neoplasm, malignant",,0.9880239963531494,,,,,
926,4,其他生殖细胞成分(M9101/3)-见肿瘤，恶性,"other germ cell elements (M9101/3) - see Neoplasm, malignant",,0.9715234041213989,,,,,
926,3,特指部位-见肿瘤，恶性,"specified site - see Neoplasm, malignant",,0.9934393763542175,,,,,
926,3,未特指部位,unspecified site,,0.9959785342216492,,,,,
926,4,男性,male,C62.9,0.9764514565467834,,,,,
926,4,女性,female,C58,0.8533176183700562,,,,,
926,2,绒毛膜上皮癌(M9100/3)-见绒毛膜癌,"Chorioepithelioma, Chorionepithelioma (M9100/3) - see Choriocarcinoma",,0.9905198812484741,,,,,
926,2,绒毛膜腺瘤(破坏性)(M9100/1),Chorioadenoma (destruens) (M9100/1),D39.2,0.9775634407997131,,,,,
926,2,绒毛膜血管瘤,Chorioangioma,O02.8,0.9868749380111694,,,,,
926,2,绒毛膜羊膜炎,Chorioamnionitis,O41.1,0.9964606761932373,,,,,
926,3,胎儿或新生儿,fetus or newborn,P02.7,0.9765878915786743,,,,,
926,2,绒毛状的-见情况,Villous - see condition,,0.9994914531707764,,,,,
927,1,róng 溶,,,0.9399974346160889,,,,,
927,2,溶剂滥用,Solvent abuse,F18.1,0.9664889574050903,,,,,
927,2,溶血,Hemolysis,,0.9999798536300659,,,,,
927,3,新生儿(过度),neonatal (excessive),P58.8,0.974622368812561,,,,,
927,3,血管内,intravascular,,0.9944741129875183,,,,,
927,4,伴有,with,,0.8203750848770142,,,,,
927,5,出血,hemorrhage,,0.8388265371322632,,,,,
927,5,产前-见出血，产前,"antepartum - see Hemorrhage, antepartum",,0.9014406204223633,,,,,
927,5,产时(另见出血，并发，分娩),"intrapartum (see also Hemorrhage, complicating, delivery)",O67.0,0.9334149956703186,,,,,
927,5,流产(随后发生),abortion (subsequent episode),O08.1,0.9487934112548828,,,,,
927,6,近期发生-见流产,current episode - see Abortion,,0.9728463292121887,,,,,
927,5,异位妊娠或葡萄胎妊娠,ectopic or molar pregnancy,O08.1,0.9816226959228516,,,,,
927,4,产后,postpartum,O72.3,0.9398170113563538,,,,,
927,2,溶血性的 - 见情况,Hemolytic - see condition,,0.9442086219787598,,,,,
927,2,溶血性黄疸贫血病(后天性),"Icteroanemia, hemolytic (acquired)",D59.9,0.9950113296508789,,,,,
927,3,先天性(另见球形红细胞增多症),congenital (see also Spherocytosis),D58.0,0.9793586730957031,,,,,
927,2,溶组织隐球菌性(感染)(另见隐球菌病),"Torula, torular (histolytica) (infection) (see also Cryptococcosis)",B45.9,0.9859896898269653,,,,,
927,1,róng 融,,,0.9250375628471375,,,,,
927,2,融合(先天性),"Fusion, fused (congenital)",,0.9995561838150024,,,,,
927,3,鼻后孔,choanal,Q30.0,0.9497105479240417,,,,,
927,3,鼻孔，鼻,"nares, nose, nasal, nostril(s)",Q30.0,0.9795858263969421,,,,,
927,3,处女膜,hymen,Q52.3,0.9522197842597961,,,,,
927,3,骶髂(关节)(后天性),sacroiliac (acquired) (joint),M43.28,0.972457230091095,,,,,
927,4,先天性,congenital,Q74.2,0.9188085198402405,,,,,
927,4,操作后状态,postprocedural status,Z98.1,0.9842754602432251,,,,,
927,4,关节融合状态,arthrodesis status,Z98.1,0.9786695837974548,,,,,
927,3,耳道,auditory canal,Q16.1,0.9865804314613342,,,,,
927,3,肺叶,"lobes, lung",Q33.8,0.9784151911735535,,,,,
927,3,睾丸,testis,Q55.1,0.9752057790756226,,,,,
927,3,关节(后天性)- 另见 关节强硬,joint (acquired) - see also Ankylosis,,0.9663801789283752,,,,,
927,4,先天性,congenital,Q74.8,0.8949905037879944,,,,,
927,3,喉和气管,larynx and trachea,Q34.8,0.9915300607681274,,,,,
927,3,脊柱(后天性)NEC,spine (acquired) NEC,M43.2,0.9692286252975464,,,,,
927,4,关节固定术状态,arthrodesis status,Z98.1,0.9830157160758972,,,,,
927,4,手术后状态,postoperative status,Z98.1,0.9910046458244324,,,,,
927,4,先天性,congenital,Q76.4,0.9117637872695923,,,,,
927,3,脊椎(弓)-见融合，脊柱,"vertebra (arch) - see Fusion, spine",,0.9786503911018372,,,,,
927,3,脚趾,toes,Q70.2,0.9766979217529297,,,,,
928,3,颈椎-见融合，脊柱,"cervical spine – see Fusion, spine",,0.9671366810798645,,,,,
928,3,距舟骨,astragaloscaphoid,Q74.2,0.986292839050293,,,,,
928,3,肋骨,ribs,Q76.6,0.9610673785209656,,,,,
928,3,气管和食管,trachea and esophagus,Q39.8,0.9925640821456909,,,,,
928,3,器官或部位未列出-见异常，按部位,"organ or site not listed – see Anomaly, by site",,0.9714508056640625,,,,,
928,3,舌下管伴有颌下管,sublingual duct with submaxillary duct,Q38.4,0.9964649081230164,,,,,
928,3,肾(不完全),kidneys (incomplete),Q63.1,0.9752526879310608,,,,,
928,3,手指,fingers,Q70.0,0.9812018275260925,,,,,
928,3,双胎(联体),twins,Q89.4,0.9561907052993774,,,,,
928,3,双眼伴有实体感觉的缺陷,binocular with defective stereopsis,H53.3,0.9976717829704285,,,,,
928,3,听小骨,ear ossicles,Q16.3,0.9627443552017212,,,,,
928,3,外阴,vulva,Q52.5,0.9922093749046326,,,,,
928,3,小骨,ossicles,Q79.9,0.9304414987564087,,,,,
928,4,听觉的,auditory,Q16.3,0.9723551869392395,,,,,
928,3,心脏瓣膜尖NEC,"cusps, heart valve NEC",Q24.8,0.9923921823501587,,,,,
928,4,二尖瓣,mitral,Q23.2,0.9326930046081543,,,,,
928,4,肺动脉瓣,pulmonary,Q22.1,0.9672924876213074,,,,,
928,4,三尖瓣,tricuspid,Q22.4,0.9396193623542786,,,,,
928,3,牙,"tooth, teeth",K00.2,0.9701982736587524,,,,,
928,3,腰骶(后天性),lumbosacral (acquired),M43.27,0.978710949420929,,,,,
928,4,先天性,congenital,Q76.4,0.9580771327018738,,,,,
928,4,操作后状态,postprocedural status,Z98.1,0.9492092132568359,,,,,
928,4,关节融合状态,arthrodesis status,Z98.1,0.9548302888870239,,,,,
928,3,阴唇(大)(小),labium (majus) (minus),Q52.5,0.9751128554344177,,,,,
928,3,阴道,vagina,Q52.4,0.9763413667678833,,,,,
928,3,肢，先天性,"limb, congenital",Q74.8,0.9644758701324463,,,,,
928,4,上,upper,Q74.0,0.8995331525802612,,,,,
928,4,下,lower,Q74.2,0.9067296385765076,,,,,
928,2,融合性的-见情况,Confluent - see condition,,0.9418226480484009,,,,,
928,1,róu 柔,,,0.9606637954711914,,,,,
928,2,柔脑(脊)膜病 NEC,Leptomeningopathy NEC,G96.1,0.9972609281539917,,,,,
928,2,柔脑(脊)膜炎(慢性)(局部)(出血性)(非化脓性),Leptomeningitis (chronic)(circumscribed),,0.9894415140151978,,,,,
928,3,·(另见脑膜炎),(hemorrhagic) (nonsuppurative) (see also Meningitis),G03.9,0.9817777276039124,,,,,
928,3,结核性,tuberculous,A17.0+ G01*,0.9713387489318848,,,,,
928,1,ròu 肉,,,0.9998745322227478,,,,,
928,2,肉孢子虫病(肠道),"Sarcocystosis, Sarcosporidiosis (intestinal)",A07.8,0.9987974762916565,,,,,
928,2,肉豆蔻肝,Nutmeg liver,K76.1,0.9881054162979126,,,,,
929,2,肉毒中毒(食物中毒),Botulism (foodborne intoxication),A05.1,0.9982342720031738,,,,,
929,3,伤口,wound,A05.1,0.9591315388679504,,,,,
929,3,婴儿,infant,A05.1,0.9739952683448792,,,,,
929,2,肉阜(炎症性),Caruncle (inflamed),,0.9826887845993042,,,,,
929,3,处女膜痕,myrtiform,N89.8,0.9762893915176392,,,,,
929,3,泪,lacrimal,H04.3,0.9777579307556152,,,,,
929,3,尿道(良性),urethral (benign),N36.2,0.9851630330085754,,,,,
929,3,阴唇(大)(小),labium (majus) (minus),N90.8,0.9805424809455872,,,,,
929,2,肉瘤(M8800/3)-另见肿瘤，结缔组织，恶性,"Sarcoma (M8800/3) - see also Neoplasm, connective tissue, malignant",,0.9917047619819641,,,,,
929,3,成骨细胞(M9180/3)- 见肿瘤，骨，恶性,"osteoblastic (M9180/3) - see Neoplasm, bone, malignant",,0.9737157821655273,,,,,
929,3,成釉细胞(M9330/3),ameloblastic (M9330/3),C41.1,0.9738447070121765,,,,,
929,4,上颌(骨),upper jaw (bone),C41.0,0.9639518857002258,,,,,
929,3,多形性细胞(M8802/3),pleomorphic cell (M8802/3),,0.9984959959983826,,,,,
929,3,肥大细胞(M9740/3),mast cell (M9740/3),C96.2,0.9784574508666992,,,,,
929,3,杆状(M8963/3)-见肿瘤，恶性,"rhabdoid (M8963/3) - see Neoplasm, malignant",,0.988649308681488,,,,,
929,3,骨膜(M8812/3)-另见肿瘤，骨，恶性,"periosteal (M8812/3) - see also Neoplasm, bone, malignant",,0.9766692519187927,,,,,
929,4,骨源性(M9190/3)-见肿瘤，骨，恶性,"osteogenic (M9190/3) - see Neoplasm, bone, malignant",,0.9780595898628235,,,,,
929,3,骨源性(M9180/3)-另见肿瘤，骨，恶性,"osteogenic (M9180/3) - see also Neoplasm, bone, malignant",,0.9842269420623779,,,,,
929,4,骨膜(M9190/3)-见肿瘤，骨，恶性,"periosteal (M9190/3) - see Neoplasm, bone, malignant",,0.9718161225318909,,,,,
929,4,近皮质(M9190/3)-见肿瘤，骨，恶性,"juxtacortical (M9190/3) - see Neoplasm, bone, malignant",,0.9794222116470337,,,,,
929,3,黑素(M8720/3)-见黑色素瘤,melanotic (M8720/3) - see Melanoma,,0.9745216369628906,,,,,
929,3,滑膜(M9040/3),synovial (M9040/3),,0.9831737875938416,,,,,
929,4,上皮样细胞(M9042/3),epithelioid cell (M9042/3),,0.9797005653381348,,,,,
929,4,双相分化(M9043/3),biphasic (M9043/3),,0.9606123566627502,,,,,
929,4,梭形细胞(M9041/3),spindle cell (M9041/3),,0.9835435152053833,,,,,
929,3,霍奇金[何杰金](M9662/3),Hodgkin's (M9662/3),C81.7,0.981009840965271,,,,,
929,3,畸形细胞性(M9481/3),monstrocellular (M9481/3),,0.9749228954315186,,,,,
929,4,特指部位-见肿瘤，恶性,"specified site - see Neoplasm, malignant",,0.9740698337554932,,,,,
929,4,未特指部位,unspecified site,C71.9,0.9777225852012634,,,,,
929,3,间皮(M9050/3)-见间皮瘤,mesothelial (M9050/3) - see Mesothelioma,,0.975111722946167,,,,,
929,3,间叶性(M8800/3),mesenchymal (M8800/3),,0.997162401676178,,,,,
929,4,混合的(M8990/3),mixed (M8990/3),,0.9817913770675659,,,,,
929,3,间质(子宫内膜的)(M8930/3),stromal (endometrial) (M8930/3),C54.1,0.9810099005699158,,,,,
929,4,峡(M8930/3),isthmus (M8930/3),C54.0,0.984973132610321,,,,,
929,3,浆细胞(M9731/3),plasma cell (M9731/3),C90.2,0.971670925617218,,,,,
929,3,局限性(蛛网膜)小脑(M9471/3),circumscribed (arachnoidal) cerebellar (M9471/3),C71.6,0.982574999332428,,,,,
929,3,巨细胞(除外骨的)(M8802/3),giant cell (except of bone) (M8802/3),,0.9854112863540649,,,,,
929,4,骨(M9250/3)-见肿瘤，骨，恶性,"bone (M9250/3) - see Neoplasm, bone, malignant",,0.9719945788383484,,,,,
930,3,卡波西(M9140/3),Kaposi's (M9140/3),,0.9932016730308533,,,,,
930,4,多处器官,multiple organs,C46.8,0.9511390328407288,,,,,
930,4,腭(硬)(软),palate (hard) (soft),C46.2,0.9294059872627258,,,,,
930,4,结缔组织,connective tissue,C46.1,0.9783949255943298,,,,,
930,4,淋巴结,lymph node(s),C46.3,0.9809648394584656,,,,,
930,4,皮肤,skin,C46.0,0.9494662880897522,,,,,
930,4,人类免疫缺陷病毒(HIV)病所致,resulting from HIV disease B,B21.0,0.9548360705375671,,,,,
930,4,特指部位 NEC,specified site NEC,C46.7,0.9283406734466553,,,,,
930,4,未特指部位,unspecified site,C46.9,0.9909499287605286,,,,,
930,3,库普弗细胞[肝巨噬细胞](M9124/3),Kupffer cell (M9124/3),C22.3,0.9805245399475098,,,,,
930,3,粒细胞(M9930/3),granulocytic (M9930/3),C92.3,0.9894663691520691,,,,,
930,3,淋巴管内皮(M9170/3),lymphangioendothelial (M9170/3),,0.9926069378852844,,,,,
930,3,淋巴细胞性(M9670/3),lymphocytic (M9670/3),C83.0,0.9641426801681519,,,,,
930,3,免疫母细胞性(弥漫性)(M9684/3),immunoblastic (diffuse) (M9684/3),C83.4,0.9719858169555664,,,,,
930,4,肾(M8964/3),kidney (M8964/3),C64,0.9710436463356018,,,,,
930,3,脑(脊)膜，脑(脊)膜上皮(M9530/3)-见肿瘤，脑脊膜，恶性,"meningeal, meningothelial (M9530/3) — see Neoplasm, meninges, malignant",,0.965848445892334,,,,,
930,3,胚胎性(M8991/3),embryonal (M8991/3),,0.9808574318885803,,,,,
930,3,葡萄状(M8910/3),"botryoid, botryoides (M8910/3)",C49.9,0.9825690388679504,,,,,
930,3,柔脑(脊)膜(M9530/3)-见肿瘤，脑脊膜，恶性,"leptomeningeal (M9530/3) - see Neoplasm, meninges, malignant",,0.9673227667808533,,,,,
930,3,软组织(M8800/3),soft tissue (M8800/3),,0.9864817261695862,,,,,
930,3,软组织腺泡状(M9581/3),alveolar soft part (M9581/3),,0.9958476424217224,,,,,
930,3,上皮样(细胞)(M8804/3),epithelioid (cell) (M8804/3),,0.9699382781982422,,,,,
930,3,神经源性(M9540/3)-见肿瘤，神经，恶性,"neurogenic (M9540/3) -see Neoplasm, nerve",,0.9590060114860535,,,,,
930,3,髓样(M9930/3),myeloid (M9930/3),C92.3,0.9733756184577942,,,,,
930,3,梭形细胞(M8801/3),spindle cell (M8801/3),,0.9778444170951843,,,,,
930,3,透明细胞(M9044/3),clear cell (M9044/3),,0.994117021560669,,,,,
930,3,网状细胞(弥漫性)(M9593/3),reticulum cell (diffuse) (M9593/3),C83.3,0.9637537598609924,,,,,
930,4,多形细胞型(M9680/3),pleomorphic cell type (M9680/3),C83.3,0.9930418133735657,,,,,
930,4,结节性(M9698/3),nodular (M9698/3),C82.2,0.9700489640235901,,,,,
930,3,小脑(M9480/3),cerebellar (M9480/3),C71.6,0.9717814922332764,,,,,
930,4,局限性(蛛网膜)(M9471/3),circumscribed (arachnoidal) (M9471/3),C71.6,0.9767490029335022,,,,,
930,3,小细胞(M8803/3),small cell (M8803/3),,0.9767504334449768,,,,,
930,3,血管内皮(M9130/3),hemangioendothelial (M9130/3),,0.9648334980010986,,,,,
930,3,血管球样(M8710/3),glomoid (M8710/3),,0.9840154051780701,,,,,
930,3,牙源性(M9270/3),odontogenic (M9270/3),C41.1,0.9440668225288391,,,,,
930,4,上颌(骨),upper jaw (bone),C41.0,0.9457821846008301,,,,,
930,3,尤因(M9260/3)-见肿瘤，骨，恶性,"Ewing's (M9260/3) – see Neoplasm, bone, malignant",,0.9758912920951843,,,,,
930,3,原淋巴细胞(M9685/3),lymphoblastic (M9685/3),C83.5,0.9762301445007324,,,,,
930,3,圆细胞(M8803/3),round cell (M8803/3),,0.9896682500839233,,,,,
930,3,子宫内膜(间质)(M8930/3) .,endometrial (stromal) (M8930/3),C54.1,0.9833359718322754,,,,,
930,4,峡,isthmus,C54.0,0.972510576248169,,,,,
931,2,肉瘤病,Sarcomatosis,,0.9999499320983887,,,,,
931,3,脑(脊)膜(M9539/3)-见肿瘤，脑脊膜，恶性,"meningeal (M9539/3) - see Neoplasm, meninges, malignant",,0.9799969792366028,,,,,
931,3,特指部位 NEC(M8800/3)-见 肿瘤，结缔组织，恶性,"specified site NEC (M8800/3) - see Neoplasm connective tissue, malignant",,0.9716542959213257,,,,,
931,3,未特指部位(M8800/6),unspecified site (M8800/6),C80,0.9901906251907349,,,,,
931,2,肉胎块,Fleshy mole,O02.0,0.9717254042625427,,,,,
931,2,肉芽肿,"Granuloma, Mycosis",L92.9,0.9978313446044922,,,,,
931,3,鼻窦(旁窦)(感染性)(另见鼻窦炎),sinus (accessory) (infective) (nasal) (see also Sinusitis),J32.9,0.984637439250946,,,,,
931,3,肠NEC,intestine NEC,K63.8,0.9787185192108154,,,,,
931,3,传染性NEC,infectious NEC,B99,0.981245756149292,,,,,
931,3,大脑(任何部位),cerebral (any site),G06.0,0.9800135493278503,,,,,
931,3,恶性(面部),malignant (facial(e)),M31.2,0.9802946448326111,,,,,
931,3,耳,aural,H60.4,0.9710929989814758,,,,,
931,3,肺(传染性)(另见纤维化，肺).,"lung (infectious) (seealso Fibrosis, lung)",J84,0.9808444380760193,,,,,
931,4,球孢子菌性,coccidioidal,B38.1+ J99.8*,0.9756370186805725,,,,,
931,4,嗜酸细胞性,eosinophilic,D76.0,0.9841983318328857,,,,,
931,3,副球孢子菌性[南美芽生菌病],paracoccidioidal,B41.8,0.9679107666015625,,,,,
931,3,腹部,abdomen,K66.8,0.9491843581199646,,,,,
931,3,腹股沟(多诺万)(溃疡性)(性病性),"inguinale, pudendi (Donovan) (ulcerating) (venereal)",A58,0.9767626523971558,,,,,
931,3,腹膜,peritoneum,K66.8,0.9644575715065002,,,,,
931,4,蠕虫卵引起的NEC(另见蠕虫病),due to ova of helminths NEC (see also Helminthiasis),B83.9+ K67.8*,0.9861733317375183,,,,,
931,3,肝NEC,"liver, hepatic NEC",K75.3,0.9458971619606018,,,,,
931,4,见于(由于),in (due to),,0.9186108112335205,,,,,
931,5,结节病,sarcoidosis,D86.8+ K77.8*,0.9580246806144714,,,,,
931,5,铍中毒,berylliosis,J63.2+ K77.8*,0.9636509418487549,,,,,
931,3,根尖，根尖周,"apical, periapical",K04.5,0.966543972492218,,,,,
931,3,骨,bone,M86.8,0.9448289275169373,,,,,
931,4,残留异物性,from residual foreign body,M86.8,0.9938890933990479,,,,,
931,4,嗜酸细胞性,eosinophilic,D76.0,0.9759463667869568,,,,,
931,3,光线性[光化性],actinic,L57.5,0.9956204295158386,,,,,
931,3,硅[矽](皮肤),silica (skin),L92.3,0.9477551579475403,,,,,
931,3,颌(骨)(中心性),jaw (bone) (central),K10.1,0.9751654863357544,,,,,
931,4,修复性巨细胞,reparative giant cell,K10.1,0.9855323433876038,,,,,
931,3,红鼻,rubrum nasi,L74.8,0.9563443064689636,,,,,
931,3,虹膜睫状体炎,iridocyclitis,H20.1,0.9963792562484741,,,,,
931,3,喉,larynx,J38.7,0.9659574031829834,,,,,
931,3,滑石粉,talc,M60.2,0.976128339767456,,,,,
931,4,在手术伤口中,in operation wound,T81.6,0.9848394989967346,,,,,
931,3,化脓性(皮肤),suppurative (skin),L98.0,0.9810425043106079,,,,,
931,3,坏死性,gangraenescens,M31.2,0.9966723322868347,,,,,
931,3,环状(穿通性),annulare (perforating),L92.0,0.9960638880729675,,,,,
931,3,回肠,ileum,K63.8,0.9631956219673157,,,,,
932,3,霍奇金[何杰金](M9661/3),Hodgkin's (M9661/3),C81.7,0.9862569570541382,,,,,
932,3,脊柱,spine,,0.9705209136009216,,,,,
932,4,结核性,tuberculous,A18.0+ M49.0*,0.9547861814498901,,,,,
932,4,梅毒性(硬膜外),syphilitic (epidural),A52.1+ G07*,0.9843403697013855,,,,,
932,3,结肠,colon,K63.8,0.9618484973907471,,,,,
932,3,结膜,conjunctiva,H10.4,0.9767367243766785,,,,,
932,3,巨细胞(中心性)(颌骨)(修复性),giant cell (central) (jaw) (reparative),K10.1,0.9940471649169922,,,,,
932,4,牙龈(周围),gingiva (peripheral),K06.8,0.9788264036178589,,,,,
932,3,口腔粘膜,oral mucosa,K13.4,0.99708092212677,,,,,
932,3,眶,"orbit, orbital",H05.1,0.9812065958976746,,,,,
932,3,泪管,canaliculus lacrimalis,H04.6,0.9471442103385925,,,,,
932,3,泪囊(非特异的),lacrimal sac (nonspecific),H04.6,0.9962663650512695,,,,,
932,3,颅内(任何部位),intracranial (any site),G06.0,0.9692118167877197,,,,,
932,3,马约基,Majocchi's,B35.8,0.9766548275947571,,,,,
932,3,毛细血管扩张性(皮肤),telangiectaticum (skin),L98.0,0.983454704284668,,,,,
932,3,毛癣菌,trichophyticum,B35.8,0.9908986687660217,,,,,
932,3,面部,facial(e),L92.2,0.9928023815155029,,,,,
932,3,脑(任何部位),brain (any site),G06.0,0.9824790358543396,,,,,
932,4,见于血吸虫病,in schistosomiasis . -†,B65 G07*,0.9547895193099976,,,,,
932,3,念珠菌性(皮肤),"candidal, monilial (cutaneous)",B37.2,0.987302303314209,,,,,
932,3,尿道,urethra,N36.8,0.9371585845947266,,,,,
932,3,铍(皮肤),beryllium (skin),L92.3,0.9602591395378113,,,,,
932,3,脐,umbilicus,L92.8,0.9359737634658813,,,,,
932,4,新生儿,newborn,P38,0.9536067247390747,,,,,
932,3,前列腺,prostate,N42.8,0.9865065217018127,,,,,
932,3,球孢子菌(原发性)(进行性),coccidioidal (primary) (progressive),B38.7,0.9865881204605103,,,,,
932,4,肺,lung,B38.1+ J99.8*,0.9615510106086731,,,,,
932,4,脑脊膜,meninges,B38.4+ G02.1*,0.9605641961097717,,,,,
932,3,乳突后切除术空腔,postmastoidectomy cavity,H95.0,0.9692056775093079,,,,,
932,3,肾(另见感染，肾),"kidney (see also Infection, kidney)",N15.8,0.9820314049720764,,,,,
932,3,生脓性，化脓性，脓毒性(皮肤),"pyogenic, pyogenicum, septic (of) (skin)",L98.0,0.9778221845626831,,,,,
932,4,口腔粘膜,oral mucosa,K13.4,0.9816354513168335,,,,,
932,4,上颌牙槽嵴,maxillary alveolar ridge,K04.5,0.9783368110656738,,,,,
932,4,牙龈,gingiva,K06.8,0.9337781667709351,,,,,
932,3,生殖器区-腹股沟,genito-inguinale,A58,0.9910159111022949,,,,,
932,3,声带,vocal cord,J38.3,0.977779746055603,,,,,
932,3,嗜酸细胞性,eosinophilic,D76.0,0.9935696125030518,,,,,
932,4,肺,lung,D76.0,0.9021820425987244,,,,,
932,4,骨,bone,D76.0,0.8962330222129822,,,,,
932,4,口腔粘膜,oral mucosa,K13.4,0.9605820178985596,,,,,
932,4,皮肤,skin,L92.2,0.9514064788818359,,,,,
933,3,手术伤口,operation wound,T81.8,0.985954225063324,,,,,
933,4,滑石粉,talc,T81.6,0.9502705931663513,,,,,
933,4,异物,foreign body,T81.5,0.9386561512947083,,,,,
933,4,针眼,stitch,T81.8,0.9269635081291199,,,,,
933,3,网状组织细胞瘤,reticulohistiocytic,D76.3,0.9642952084541321,,,,,
933,3,下颌骨(中心性),mandible (central),K10.1,0.9909915924072266,,,,,
933,3,腺(淋巴),gland (lymph),I88.8,0.9439279437065125,,,,,
933,3,心肌,"myocardial, myocardium",I40.9,0.9681793451309204,,,,,
933,3,性病性,venereum,A58,0.9901725053787231,,,,,
933,3,蕈样(M9700/3),fungoides (M9700/3),C84.0,0.9715083241462708,,,,,
933,3,牙,dental,K04.5,0.9167469143867493,,,,,
933,3,牙髓，内(牙),"pulp, internal (tooth)",K03.3,0.9737063050270081,,,,,
933,3,眼睑,eyelid,H01.8,0.9762424826622009,,,,,
933,3,异物(软组织中) NEC,foreign body (in soft tissue) NEC,M60.2,0.9568616151809692,,,,,
933,4,皮肤,skin,L92.3,0.919802188873291,,,,,
933,4,在手术伤口中,in operation wound,T81.5,0.9635427594184875,,,,,
933,3,游泳池,swimming pool,A31.1,0.9387162327766418,,,,,
933,3,针眼(手术后),stitch (postoperative),T81.8,0.9948382377624512,,,,,
933,3,直肠,rectum,K62.8,0.9516971111297607,,,,,
933,3,致命性中线(面部),lethal midline (facial),M31.2,0.9637705087661743,,,,,
933,3,中耳,"ear, middle",H71,0.9405662417411804,,,,,
933,3,中线(致命性),midline (lethal),M31.2,0.9582324624061584,,,,,
933,3,椎管内(任何部分),intraspinal (any part),G06.1,0.9956537485122681,,,,,
933,2,肉芽肿病,Granulomatosis,L92.9,0.9820845723152161,,,,,
933,3,坏死性，呼吸道,"necrotizing, respiratory",M31.3,0.9882060289382935,,,,,
933,3,进行性脓毒性,progressive septic,D71,0.9875500202178955,,,,,
933,3,淋巴样(M9766/1),lymphoid (M9766/1),D47.7,0.9693642854690552,,,,,
933,3,粟粒性(利斯特菌),miliary (listerial),A32.8,0.9808200597763062,,,,,
933,3,特指的 NEC,specified NEC,L92.8,0.9856561422348022,,,,,
933,3,韦格纳,Wegener's,M31.3,0.9692373275756836,,,,,
933,2,肉芽肿组织(异常)(过度),Granulomatous tissue (abnormal) (excessive),L92.9,0.9928133487701416,,,,,
933,2,肉样胎块,Carneous mole,O02.0,0.9842789173126221,,,,,
933,1,rú 蠕,,,0.8769211173057556,,,,,
933,2,蠕虫(感染)(侵染)(另见侵染),Worm(s) (infection) (infestation) (see also Infestation),B83.9,0.9850071668624878,,,,,
933,3,肠道内 NEC,in intestine NEC,B82.0,0.960945188999176,,,,,
933,3,几内亚[麦地那龙线虫],guinea,B72,0.9965806603431702,,,,,
934,4,肠,intestinal,B82.0,0.9917173981666565,,,,,
934,5,混合型(可分类到B65.0-B81.3和B81.8中一个以上类目),mixed types (types classifiable to more than one of the rubrics B65.0-B81.3 and B81.8),B81.4,0.9808956384658813,,,,,
934,4,特指类型NEC,specified type NEC,B81.8,0.9769632816314697,,,,,
934,3,钩虫,Ancylostoma,B76.0,0.9962924122810364,,,,,
934,3,混合型(肠)(可分类到B65.0-B81.3和B81.8中一个以上类目),mixed types (intestinal) (types classifiable to more than one of the rubrics B65.0-B81.3 and B81.8),B81.4,0.9831648468971252,,,,,
934,3,美洲钩虫,Necator (americanus),B76.1,0.9904301762580872,,,,,
934,3,特指类型 NEC,specified type NEC,B83.8,0.9857825040817261,,,,,
934,2,蠕动，可见性或逆向,"Peristalsis, visible or reversed",R19.2,0.9913550019264221,,,,,
934,2,蠕动过强,Hyperperistalsis,R19.2,0.9921389818191528,,,,,
934,3,心因性,psychogenic,F45.3,0.9839653372764587,,,,,
934,1,rǔ 乳,,,0.8894375562667847,,,,,
934,2,乳(汁),Milk,,0.9992555975914001,,,,,
934,3,病[乳毒病],sickness,T62.8,0.9893292784690857,,,,,
934,3,过度分泌,excessive secretion,O92.6,0.9833380579948425,,,,,
934,3,中毒,poisoning,T62.8,0.9637488126754761,,,,,
934,3,潴留,retention,O92.7,0.9575741291046143,,,,,
934,3,痂,crust,L21.0,0.9383141398429871,,,,,
934,2,乳白色尿-见乳糜尿,Milky urine - see Chyluria,,0.9951399564743042,,,,,
934,2,乳毒病,Trembles,T62.8,0.9897239208221436,,,,,
934,2,乳房(硬化性)腺病,Adenosis (sclerosing) breast,N60.2,0.9792607426643372,,,,,
934,2,乳房X线照片(检查),Mammogram (examination),Z12.3,0.9960096478462219,,,,,
934,3,常规,routine,Z01.6,0.9691333174705505,,,,,
934,2,乳房的 - 见情况,Breast - see condition,,0.951636016368866,,,,,
934,2,乳房发育过早,"Thelarche, premature",E30.8,0.9974902272224426,,,,,
934,2,乳房过大(另见肥大，乳房),"Macromastia (see also Hypertrophy, breast)",N62,0.9960553646087646,,,,,
934,2,乳房切除术后淋巴水肿(综合征),Postmastectomy lymphedema (syndrome),I97.2,0.983923077583313,,,,,
934,2,乳房炎-见乳腺炎,Mammitis - see Mastitis,,0.9981816411018372,,,,,
934,2,乳房组织增生,Mastoplastia,N62,0.9860339760780334,,,,,
934,2,乳管炎,Galactophoritis,N61,0.997361958026886,,,,,
934,3,妊娠、产褥期、产后,"gestational, puerperal, postpartum",O91.2,0.9853090047836304,,,,,
934,2,乳碱病或乳碱综合征,"Milk-alkali disease or syndrome, Burnett's syndrome",E83.5,0.9787914156913757,,,,,
934,2,乳糜囊肿，肠系膜,"Chyle cyst, mesentery",I89.8,0.9634240865707397,,,,,
934,2,乳糜尿,"Chyluria, Galacturia",R82.0,0.9584766030311584,,,,,
934,3,非丝虫性,nonfilarial,R82.0,0.9957666397094727,,,,,
934,3,丝虫性(另见丝虫病),filarial (see also Filaria),B74.9,0.990856409072876,,,,,
934,3,血吸虫病(裂体吸虫病),schistosomiasis(bilharziasis),B65.0,0.9951648116111755,,,,,
934,3,由于,due to,,0.9384893178939819,,,,,
934,4,布鲁格(马来),Brugia (malayi),B74.1,0.9881157279014587,,,,,
934,5,帝汶,timori,B74.2,0.97505784034729,,,,,
935,4,吴策线虫(斑氏),Wuchereria (bancrofti),B74.0,0.9619102478027344,,,,,
935,4,血吸虫病(裂体吸虫病),schistosomiasis (bilharziasis),B65.0,0.9816229343414307,,,,,
935,2,乳糜心包,Chylopericardium,I31.3,0.9551097750663757,,,,,
935,2,乳糜性的 - 见情况,Chylous - see condition,,0.9458745718002319,,,,,
935,2,乳糜胸(非丝虫性),Chylothorax (nonfilarial),I89.8,0.9912509918212891,,,,,
935,3,丝虫性(另见丝虫病),filarial (see also Filaria),B74.9+ J91*,0.9829927086830139,,,,,
935,2,乳清酸尿症(先天性)(遗传性)(嘧啶缺乏),Orotic aciduria (congenital) (hereditary) (pyrimidine deficiency),E79.8,0.996746838092804,,,,,
935,3,贫血,anemia,D53.0,0.9376821517944336,,,,,
935,2,乳痛症,Mastodynia,N64.4,0.9998022317886353,,,,,
935,3,心因性,psychogenic,F45.4,0.9957147240638733,,,,,
935,2,乳头的 - 见情况,Nipple - see condition,,0.9670276641845703,,,,,
935,2,乳头皲裂,Cracked nipple,N64.0,0.9671851396560669,,,,,
935,3,产褥期、产后，妊娠,"puerperal, postpartum, gestational",O92.1,0.9816852807998657,,,,,
935,2,乳头瘤，多发性，雅司病的,"Papillomata, multiple, of yaws",A66.1,0.9997441172599792,,,,,
935,2,乳头炎,"Mammillitis, Papillitis, Thelitis",N61,0.9956450462341309,,,,,
935,3,产褥期、产后或妊娠,"puerperal, postpartum or gestational",O91.0,0.9884803295135498,,,,,
935,3,肛门,anus,K62.8,0.9544662833213806,,,,,
935,3,舌,tongue,K14.0,0.9380382299423218,,,,,
935,3,直肠,rectum,K62.8,0.9867731332778931,,,,,
935,2,乳头状瘤(M8050/0)-另见肿瘤，良性,"Papilloma (M8050/0) - see also Neoplasm, benign",,0.9898229837417603,,,,,
935,3,注：除在其他处另有说明外，列在下面的乳头状瘤的形态学类型应按部位以“肿瘤，良性”进行编码。,"Note: Except where otherwise indicated, the morpholo- gical varieties of papilloma in the list below should be coded by site as for 'Neoplasm, benign'.",,0.9975801706314087,,,,,
935,3,导管内(弥漫性)(M8505/0)-见肿瘤，良性,"intraductal (diffuse) (M8505/0)- see Neoplasm, benign",,0.9892324209213257,,,,,
935,3,囊性，乳房,"cystic, breast",N60.1,0.9722980260848999,,,,,
935,3,融合性网状,confluent and reticulated,L83,0.9704336524009705,,,,,
935,3,乳晕下管(M8506/0),subareolar duct (M8506/0),D24,0.9860405325889587,,,,,
935,3,表皮样(M8052/0),epidermoid (M8052/0),,0.9729182124137878,,,,,
935,3,导管性，导管内(M8503/0),"ductal, intraductal (M8503/0)",,0.9969053268432617,,,,,
935,3,尖锐(肛门生殖器)(女性)(男性),acuminatum (anogenital) (female) (male),A63.0,0.9767143130302429,,,,,
935,3,浆液性表面(M8461/0),serous surface (M8461/0),,0.9927215576171875,,,,,
935,4,交界恶性(M8461/1),borderline malignancy (M8461/1),,0.9785582423210144,,,,,
935,5,特指部位-见肿瘤，动态未定,"specified site - see Neoplasm, uncertain behavior",,0.9748501777648926,,,,,
935,5,未特指部位 )(,unspecified site,D39.1,0.8920687437057495,,,,,
935,4,特指部位-见肿瘤，良性,"specified site - see Neoplasm, benign",,0.9593636989593506,,,,,
935,4,未特指部位,unspecified site,D27,0.9390071630477905,,,,,
935,3,角化病的(M8052/0),keratotic (M8052/0),,0.989899754524231,,,,,
935,3,角化不良性，角化不全性(M8052/0),"dyskeratotic, parakeratotic (M8052/0)",,0.9987647533416748,,,,,
935,3,角化过度的(M8052/0),hyperkeratotic (M8052/0),,0.9954140186309814,,,,,
936,3,鳞状(细胞)(M8052/0),squamous (cell) (M8052/0),,0.9715472459793091,,,,,
936,3,脉络丛(外侧脑室)(第三脑室)(M9390/0),choroid plexus (lateral ventricle) (third ventricle) (M9390/0),D33.0,0.9859888553619385,,,,,
936,4,第四脑室,fourth ventricle,D33.1,0.9940191507339478,,,,,
936,4,恶性(M9390/3),malignant (M9390/3),C71.5,0.980694591999054,,,,,
936,4,间变的(M9390/3),anaplastic (M9390/3),C71.5,0.9676390290260315,,,,,
936,3,囊内(M8504/0),intracystic (M8504/0),,0.9770126342773438,,,,,
936,3,内翻性(M8053/0),inverted (M8053/0),,0.9791497588157654,,,,,
936,3,膀胱(泌尿道)(移行细胞)(M8120/1),bladder (urinary) (transitional cell) (M8120/1),D41.4,0.9759750366210938,,,,,
936,3,膀胱上皮(M8120/1)-见肿瘤，动态未定,"urothelial (M8120/1) - see Neoplasm, uncertain behavior",,0.9842993021011353,,,,,
936,4,良性(M8120/0),benign (M8120/0),D30.3,0.9844490885734558,,,,,
936,3,绒毛状(M8261/1)-见肿瘤，动态未定,"villous (M8261/1) - see Neoplasm, uncertain behavior",,0.9794667959213257,,,,,
936,4,在(M8261/3)内的腺癌-见肿瘤，恶性,"adenocarcinoma in (M8261/3) - see Neoplasm, malignant",,0.9801485538482666,,,,,
936,5,原位(M8261/2)-见肿瘤，原位,"in situ(M8261/2) - see Neoplasm, in situ",,0.9739364981651306,,,,,
936,3,肾盂(移行细胞)(M8120/1),renal pelvis (transitional cell) (M8120/1),D41.1,0.9857864379882812,,,,,
936,4,良性(M8120/0),benign (M8120/0),D30.1,0.9778806567192078,,,,,
936,3,施奈德(M8121/0),Schneiderian (M8121/0),,0.988395094871521,,,,,
936,4,特指部位-见肿瘤，良性,"specified site - see Neoplasm, benign",,0.9789187908172607,,,,,
936,4,未特指部位,unspecified site,D14.0,0.9929592609405518,,,,,
936,3,输尿管(移行细胞)(M8120/1),ureter (transitional cell) (M8120/1),D41.2,0.9883781671524048,,,,,
936,4,良性(M8120/0),benign (M8120/0),D30.2,0.9705365896224976,,,,,
936,3,雅司病，足底或掌,"yaws, plantar or palmar",A66.1,0.9754942059516907,,,,,
936,3,移行(细胞)(M8120/0),transitional (cell) (M8120/0),,0.9679733514785767,,,,,
936,4,内翻型(M8121/1)-见肿瘤，动态未定,"inverted type (M8121/1) - see Neoplasm, uncertain behavior",,0.99066162109375,,,,,
936,4,膀胱(泌尿道)(M8120/1),bladder (urinary)(M8120/1),D41.4,0.976384162902832,,,,,
936,4,肾盂(M8120/1),renal pelvis (M8120/1),D41.1,0.9633587002754211,,,,,
936,4,输尿管(M8120/1),ureter (M8120/1),D41.2,0.9699192047119141,,,,,
936,3,疣性(M8051/0),verrucous (M8051/0),,0.991603672504425,,,,,
936,2,乳头状瘤病(M8060/0)-另见肿瘤，良性,"Papillomatosis (M8060/0) - see also Neoplasm, benign",,0.9866852760314941,,,,,
936,2,乳头状瘤病毒，作为分类于他处疾病的原因,"Papillomavirus, as cause of disease classified elsewhere",B97.7,0.9958497285842896,,,,,
936,2,乳突的 - 见情况,Mastoid - see condition,,0.9546210765838623,,,,,
936,2,乳突内膜炎-见乳突炎,Endomastoiditis - see Mastoiditis,,0.9982816576957703,,,,,
936,2,乳突痛,Mastoidalgia,H92.0,0.9969611763954163,,,,,
936,2,乳突炎(融合性)(出血性)(化脓性),Mastoiditis (coalescent) (hemorrhagic) (suppurative),H70.9,0.9941160678863525,,,,,
936,3,急性，亚急性,"acute, subacute",H70.0,0.99053555727005,,,,,
936,3,慢性(坏死性)(复发性),chronic (necrotic) (recurrent),H70.1,0.9854992032051086,,,,,
937,3,见于(由于),in (due to),,0.9918615221977234,,,,,
937,4,传染病NEC,infectious disease NEC,B99+ H75.0*,0.9632622599601746,,,,,
937,4,寄生虫病NEC,parasitic disease NEC,B89+ H75.0*,0.9861199855804443,,,,,
937,4,结核病,tuberculosis,A18.0+ H75.0*,0.9684942960739136,,,,,
937,3,结核性,tuberculous,A18.0+ H75.0*,0.9632506966590881,,,,,
937,3,特指的 NEC,specified NEC,H70.8,0.9815188646316528,,,,,
937,2,乳腺病，乳房病,"Mastopathy, mastopathia",N64.9,0.9961563348770142,,,,,
937,3,雌激素性,"estrogenic, oestrogenica",N64.8,0.982196033000946,,,,,
937,3,卵巢源性,ovarian origin,N64.8,0.9914015531539917,,,,,
937,3,慢性囊性,chronica cystica,N60.1,0.9935557246208191,,,,,
937,4,伴有上皮增生,with epithelial proliferation,N60.3,0.9787346124649048,,,,,
937,3,弥漫性囊性,diffuse cystic,N60.1,0.9805249571800232,,,,,
937,4,伴有上皮增生,with epithelial proliferation,N60.3,0.9860698580741882,,,,,
937,3,囊性(慢性)(弥漫性),cystic (chronic) (diffuse),N60.1,0.9549133777618408,,,,,
937,4,伴有上皮增生,with epithelial proliferation,N60.3,0.976709246635437,,,,,
937,2,乳腺痛,Mastalgia,N64.4,0.9517473578453064,,,,,
937,3,心因性,psychogenic,F45.4,0.9634522199630737,,,,,
937,2,乳腺炎(急性)(感染性)(非产褥期的)(亚急性),Mastitis (acute) (infective) (nonpuerperal) (subacute),N61,0.9910958409309387,,,,,
937,3,慢性(囊性),chronic (cystic),N60.1,0.9731864333152771,,,,,
937,4,伴有上皮增生,with epithelial proliferation,N60.3,0.9920504689216614,,,,,
937,3,产褥期、产后或妊娠(间质性)(非化脓性)(实质性),"puerperal, postpartum or gestational (interstitial) (nonpurulent) (parenchymatous)",O91.2,0.9616571664810181,,,,,
937,4,化脓性,purulent,O91.1,0.9623839259147644,,,,,
937,3,感染性,infective,N61,0.9379225969314575,,,,,
937,4,新生儿,newborn,P39.0,0.9933655858039856,,,,,
937,3,间质性，妊娠或产褥期,"interstitial, gestational or puerperal",O91.2,0.9924622178077698,,,,,
937,3,囊性(席梅尔布施型),cystic (Schimmelbusch's type),N60.1,0.9919081926345825,,,,,
937,4,伴有上皮增生,with epithelial proliferation,N60.3,0.964805006980896,,,,,
937,3,新生儿(非感染性),neonatal (noninfective),P83.4,0.9900776743888855,,,,,
937,4,感染性,infective,P39.0,0.9920961260795593,,,,,
937,2,乳牙早发,Dentia praecox,K00.6,0.9998238682746887,,,,,
937,2,乳溢,Galactorrhea,O92.6,0.9465131759643555,,,,,
937,3,与分娩无关,not associated with childbirth,N64.3,0.9905597567558289,,,,,
937,2,乳晕的 - 见情况,Areola - see condition,,0.9382613301277161,,,,,
937,2,乳汁过少,Hypogalactia,O92.4,0.9949761629104614,,,,,
937,2,乳痂,"Cradle cap, Crusta lactea",L21.0,0.9384937286376953,,,,,
937,1,rù 入,,,0.9998804926872253,,,,,
937,2,入院(为),Admission (for),,0.9995805621147156,,,,,
937,3,采取或植入卵子,ovum harvesting or implantation,Z31.2,0.9907162189483643,,,,,
937,3,观察-见观察,observation - see Observation,,0.9720531105995178,,,,,
937,3,体外受精,in vitro fertilization,Z31.2,0.9763370752334595,,,,,
937,3,预防性器官去除,prophylactic organ removal,Z40.0,0.9925561547279358,,,,,
938,1,rù 褥,,,,,,,,
938,2,褥疮，褥疮性(溃疡),Bedsore .,L89,0.9673665761947632,,,,,
938,3,宫颈[宫颈糜烂],cervix,N86,0.9981862902641296,,,,,
938,3,期,stage,,0.9412379264831543,,,,,
938,4,Ⅰ期,I,L89.0,0.9236024022102356,,,,,
938,4,Ⅱ期,II,L89.1,0.870925784111023,,,,,
938,4,Ⅲ期,III,L89.2,0.9197459816932678,,,,,
938,4,Ⅳ期,IV,L89.3,0.9309580326080322,,,,,
938,1,ruǎn 软,,,0.9617289900779724,,,,,
938,2,软 - 另见情况,Soft - see also condition,,0.9582826495170593,,,,,
938,3,甲,nails,L60.3,0.9369480013847351,,,,,
938,2,软骨成长不全[季肋成长不全],"Achondrogenesis, Hypochondrogenesis",Q77.0,0.9995991587638855,,,,,
938,2,软骨的 -见情况,Cartilage - see condition,,0.9449156522750854,,,,,
938,2,软骨发育不良(伴有血管瘤),Dyschondroplasia (with hemangiomata),Q78.4,0.9954690337181091,,,,,
938,2,软骨发育不全[先天性骨硬化],Achondroplasia [osteosclerosis congenital],Q77.4,0.9989144206047058,,,,,
938,3,伴有血管瘤,with hemangioma,Q78.4,0.9762679934501648,,,,,
938,3,点状,punctata,Q77.3,0.9911357760429382,,,,,
938,3,胎儿,fetalis,Q77.4,0.9936121106147766,,,,,
938,3,先天性钙化性,calcificans congenita,Q77.3,0.98446124792099,,,,,
938,2,软骨发育异常,Chondrodysplasia,Q78.9,0.9999538064002991,,,,,
938,2,软骨钙沉着,Chondrocalcinosis,M11.2,0.9766848087310791,,,,,
938,3,家族性,familial,M11.1,0.9600720405578613,,,,,
938,3,特指的 NEC,specified NEC,M11.2,0.9387187361717224,,,,,
938,2,软骨骨发育不良(莫基奥-布雷斯福德型),Chondro-osteodysplasia (Morquio-Brailsford type),E76.2,0.9996913075447083,,,,,
938,2,软骨骨瘤(M9210/0)-见肿瘤，骨，良性,"Chondro-osteoma (M9210/0) - see Neoplasm, bone, benign",,0.9843722581863403,,,,,
938,2,软骨骨营养障碍,Chondro-osteodystrophy,E76.2,0.9987472295761108,,,,,
938,2,软骨结合,Synchondrosis,,0.9999420046806335,,,,,
938,3,异常的,abnormal,Q78.8,0.9467467069625854,,,,,
938,3,坐骨耻骨,ischiopubic,M91.0,0.995900571346283,,,,,
938,2,软骨瘤(M9220/0)-另见肿瘤，软骨，良性,"Chondroma (M9220/0) - see also Neoplasm, cartilage, benign",,0.9952853322029114,,,,,
938,2,软骨瘤病(M9220/1)-另见肿瘤，软骨，动态未定,"Chondromatosis (M9220/1) - see also Neoplasm, cartilage, uncertain behavior",,0.9986141324043274,,,,,
938,3,内,internal,Q78.4,0.9902387261390686,,,,,
938,3,骨膜(M9221/0)-见肿瘤，骨，良性,"periosteal (M9221/0) - see Neoplasm, bone, benign",,0.9885446429252625,,,,,
938,3,近皮质(M9221/0)-见肿瘤，骨，良性,"juxtacortical (M9221/0) - see Neoplasm, bone, benign",,0.9856081604957581,,,,,
938,2,软骨膜炎,Perichondritis,,0.9999270439147949,,,,,
938,3,鼻,nose,J34.8,0.9464095234870911,,,,,
938,3,耳(外),ear (external),H61.0,0.9817255139350891,,,,,
938,3,耳廓,"auricle, pinna",H61.0,0.9949153661727905,,,,,
939,3,喉,larynx,J38.7,0.9812185764312744,,,,,
939,4,梅毒性,syphilitic,A52.7+ J99.8*,0.9662500619888306,,,,,
939,3,气管,trachea,J39.8,0.994637668132782,,,,,
939,3,外耳道,external auditory canal,H61.0,0.9919813871383667,,,,,
939,3,支气管,bronchus,J98.0,0.992168128490448,,,,,
939,2,软骨粘液肉瘤(M9220/3)-见肿瘤，软骨，恶性,"Chondromyxosarcoma (M9220/3) - see Neoplasm, cartilage, malignant",,0.9845166206359863,,,,,
939,2,软骨溶解,Chondrolysis,M94.3,0.9544622302055359,,,,,
939,2,软骨肉瘤(M9220/3)-另见肿瘤，软骨，恶性,"Chondrosarcoma (M9220/3) - see also Neoplasm, cartilage, malignant",C41.9,0.9902153611183167,,,,,
939,3,间叶性(M9240/3)-见肿瘤，结缔组织，恶性,"mesenchymal (M9240/3) - see Neoplasm, connective tissue, malignant",,0.9870134592056274,,,,,
939,3,近皮质(M9221/3)- 见肿瘤，骨，恶性,"juxtacortical (M9221/3) - see Neoplasm, bone, malignant",,0.9704566597938538,,,,,
939,3,粘液样(M9231/3)-见肿瘤，软骨，恶性,"myxoid (M9231/3) - see Neoplasm, cartilage, malignant",,0.9918966889381409,,,,,
939,2,软骨软化,Chondromalacia,M94.2,0.9999709129333496,,,,,
939,3,髌骨,"patella, patellae",M22.4,0.9779232740402222,,,,,
939,3,全身性,systemic,M94.2,0.9948418140411377,,,,,
939,2,软骨外胚层发育不良,Chondroectodermal dysplasia,Q77.6,0.9999058842658997,,,,,
939,2,软骨形成不全,Chondrogenesis imperfecta,Q77.4,0.9999442100524902,,,,,
939,2,软骨炎,Chondritis,M94.8,0.9995322227478027,,,,,
939,3,化脓性,purulent,M94.8,0.9522854089736938,,,,,
939,3,结核性NEC,tuberculous NEC,A18.0+ M01.1*,0.9715744853019714,,,,,
939,4,椎间,intervertebral,A18.0+ M49.0*,0.984627366065979,,,,,
939,3,肋,costal,M94.0,0.9805291295051575,,,,,
939,4,蒂策,Tietze's,M94.0,0.9900513887405396,,,,,
939,2,软骨营养不良(家族性)(胎儿)(发育不全性),"Chondrodystrophy, chondrodystrophia (familial) (fetalis) (hypoplastic)",Q78.9,0.981797993183136,,,,,
939,3,点状,punctata,Q77.3,0.9771778583526611,,,,,
939,3,先天性钙化性,calcificans congenita,Q77.3,0.9789786338806152,,,,,
939,2,软化,Softening,,0.9999731779098511,,,,,
939,3,大脑-见软化，脑,"cerebral - see Softening, brain",,0.9698321223258972,,,,,
939,3,骨-见骨软化症,bone - see Osteomalacia,,0.9918773174285889,,,,,
939,3,脊髓,spinal cord,G95.8,0.9946271181106567,,,,,
939,3,脑(坏死性)(进行性),brain (necrotic) (progressive),G93.8,0.987021267414093,,,,,
939,4,闭塞,occlusive,I63.5,0.9659106135368347,,,,,
939,4,出血性(另见出血，脑内),"hemorrhagic (see also Hemorrhage, intracerebral)",I61.9,0.9520434141159058,,,,,
939,4,动脉硬化性,arteriosclerotic,I63.8,0.9743646383285522,,,,,
939,4,栓子,embolic,I63.4,0.9342942833900452,,,,,
939,4,先天性,congenital,Q04.8,0.9327868223190308,,,,,
939,4,血栓形成,thrombotic,I63.3,0.9680553674697876,,,,,
939,3,脑脊髓-见软化，脑,"cerebrospinal - see Softening, brain",,0.9919568300247192,,,,,
939,3,软骨,cartilage,M94.8,0.958168625831604,,,,,
940,3,胃,stomach,K31.8,0.9887380599975586,,,,,
940,3,小脑-见软化，脑,"cerebellar - see Softening, brain",,0.9794430136680603,,,,,
940,3,幼年(另见佝偻病),juvenile (see also Rickets),E55.0,0.977013885974884,,,,,
940,2,软化，骨(成人),"Malacia, bone (adult)",M83.9,0.9930093288421631,,,,,
940,2,软化斑,"Malacoplakia, Malakoplakia",,0.9995797872543335,,,,,
940,3,尿道,urethra,N36.8,0.9283847808837891,,,,,
940,3,膀胱,bladder,N32.8,0.9955451488494873,,,,,
940,3,肾盂,pelvis (kidney),N28.8,0.9643630981445312,,,,,
940,3,输尿管,ureter,N28.8,0.9519079327583313,,,,,
940,2,软木沉着病,Suberosis,J67.3,0.9968923330307007,,,,,
940,2,软木工人病或软木工人肺,Corkworker's disease or lung,J67.3,0.9999185800552368,,,,,
940,2,软下疳(肛门)(生殖器)(直肠),Chancroid (anus) (genital) (rectum),A57,0.9876789450645447,,,,,
940,1,ruì 瑞,,,0.9718743562698364,,,,,
940,2,瑞列绦虫病,Raillietiniasis,B71.8,0.991589367389679,,,,,
940,1,ruò 弱,,,0.961861789226532,,,,,
940,2,弱,"Weak, weakness",R53,0.9626256823539734,,,,,
940,3,瓣膜-见心内膜炎,valvular - see Endocarditis,,0.9791156053543091,,,,,
940,3,肌肉,muscle,M62.8,0.966604471206665,,,,,
940,3,精神,mind,F70,0.9528989791870117,,,,,
940,3,老年性,senile,R54,0.9161080718040466,,,,,
940,3,膀胱(括约肌),bladder (sphincter),R32,0.9828283190727234,,,,,
940,3,盆底(肌肉),pelvic fundus,N81.8,0.9980676770210266,,,,,
940,3,新生儿,newborn,P96.8,0.9744689464569092,,,,,
940,3,心肌(另见衰竭，心力),"myocardium (see also Failure, heart)",I50.9,0.972179651260376,,,,,
940,3,心脏(另见衰竭，心力),"heart, cardiac (see also Failure, heart)",I50.9,0.9596888422966003,,,,,
940,3,足(双)-见弱，足弓,"foot (double) - see Weak, arches",,0.9763432145118713,,,,,
940,3,足弓(后天性),arches (acquired),M21.4,0.9949943423271179,,,,,
940,4,先天性,congenital,Q66.5,0.9249060750007629,,,,,
940,2,弱视(先天性)(剥夺性)(部分)(斜视性)(抑制),Amblyopia (congenital) (deprivation) (partial) (strabismic) (suppression),H53.0,0.9939253330230713,,,,,
940,3,尿毒症性-见尿毒症,uremic - see Uremia,,0.9604552388191223,,,,,
940,3,屈光参差性,anisometropic,H53.0,0.9601442813873291,,,,,
940,3,失用性,ex anopsia,H53.0,0.996768593788147,,,,,
940,3,烟草性,tobacco,H53.8,0.9845765233039856,,,,,
940,3,夜间,nocturnal,H53.6,0.9622434973716736,,,,,
940,4,维生素A缺乏,vitamin A deficiency,E50.5+,0.9441593289375305,,,,,
940,3,癔症性,hysterical,F44.6,0.9484928846359253,,,,,
940,3,中毒性 NEC,toxic NEC,H53.8,0.9152339696884155,,,,,
941,0,S,,,,,,,,
941,1,sà 萨,,,0.9998900294303894,,,,,
941,2,萨顿痣[晕样痣](M8723/0),Sutton's nevus (M8723/0),D22.9,0.9961528182029724,,,,,
941,2,萨克斯-利布曼病,Sacks-Libman disease,M32.1+ I39.8*,0.9619927406311035,,,,,
941,2,萨克斯-泰氏病[泰-萨克斯病][家族黑矇性白痴],Sachs-Tay disease,E75.0,0.9937741756439209,,,,,
941,2,萨克斯家族黑矇性白痴或萨克斯病,Sachs' amaurotic familial idiocy or disease,E75.0,0.9688869714736938,,,,,
941,1,sāi 塞,,,0.915844738483429,,,,,
941,2,塞，栓塞,Plug,,0.9983663558959961,,,,,
941,3,宫颈粘液(另见窒息，粘液),"mucus (see also Asphyxia, mucus)",T17.9,0.9920495748519897,,,,,
941,3,"胎粪(新生儿),综合征","meconium (newborn), syndrome",P76.0,0.9782795906066895,,,,,
941,3,支气管NEC,bronchus NEC,J98.0,0.9566419720649719,,,,,
941,1,sāi 腮,,,0.9998156428337097,,,,,
941,2,腮腺的 - 见情况,Parotid gland - see condition,,0.9612045288085938,,,,,
941,2,腮腺炎(急性)(慢性)(非流行性)(非特异中毒性)(脓性)(化脓性)(脓毒性),"Parotitis, parotiditis (acute) (chronic) (nonepidemic) (nonspecific toxic) (not mumps) (purulent) (septic) (suppurative)",K11.2,0.979081928730011,,,,,
941,3,传染性(另见流行性腮腺炎),infectious (see also Mumps),B26.9,0.9938409328460693,,,,,
941,3,流行性(另见流行性腮腺炎),epidemic (see also Mumps),B26.9,0.9693701267242432,,,,,
941,3,手术后,postoperative,K91.8,0.9956293106079102,,,,,
941,3,外科性,surgical,K91.8,0.9698131084442139,,,,,
941,1,sāi 鳃,,,0.9919421672821045,,,,,
941,2,鳃的 - 见情况,Branchial - see condition,,0.9703302979469299,,,,,
941,3,软骨，先天性,"cartilage, congenital",Q18.2,0.9825119972229004,,,,,
941,2,鳃源性残余(颈部),Branchiogenic remnant (in neck),Q18.0,0.9676080346107483,,,,,
941,1,sài 塞,,,0.9009448885917664,,,,,
941,2,塞尔托利-现译名塞托利,Sertori,,0.9998155832290649,,,,,
941,2,塞弗病或塞弗骨软骨病[跟骨骨软骨病],Sever's disease or osteochondrosis,M92.6,0.9996710419654846,,,,,
941,2,塞克尔综合征[鸟头侏儒症],Seckel's syndrome,Q87.1,0.9912800192832947,,,,,
941,2,塞米施溃疡(角膜),Saemisch's ulcer (cornea),H16.0,0.998492419719696,,,,,
941,2,塞尼尔-厄舍病或综合征[红斑性天疱疮],Senear-Usher disease or syndrome,L10.4,0.9931531548500061,,,,,
941,2,塞斯坦(-舍奈)麻痹或综合征,Cestan(-Chenais) paralysis or syndrome,I63.0+ G46.3*,0.9866762161254883,,,,,
942,2,塞托利睾丸间质细胞[莱迪希细胞]瘤(M8631/0),Sertoli-Leydig cell tumor (M8631/0),,0.999077558517456,,,,,
942,3,特指部位-见肿瘤，良性,"specified site - see Neoplasm, benign",,0.9752295613288879,,,,,
942,3,未特指部位,unspecified site,,0.9971747398376465,,,,,
942,4,男性,male,D29.2,0.9570533037185669,,,,,
942,4,女性,female,D27,0.8468770980834961,,,,,
942,2,塞托利细胞,Sertoli cell,,0.9999563097953796,,,,,
942,3,癌(M8640/3),carcinoma (M8640/3),,0.9931515455245972,,,,,
942,4,特指部位-见肿瘤，恶性,"specified site - see Neoplasm, malign",,0.9825711846351624,,,,,
942,4,未特指部位,unspecified site,C62.9,0.9409456253051758,,,,,
942,5,男性,male,C62.9,0.9805536270141602,,,,,
942,5,女性,female,C56,0.910565972328186,,,,,
942,3,瘤(M8640/0),tumor (M8640/0),,0.9662392139434814,,,,,
942,4,伴有脂质贮积(M8641/0),with lipid storage (M8641/0),,0.9861297011375427,,,,,
942,4,特指部位-见肿瘤，良性,"specified site - see Neoplasm, benign",,0.9634916186332703,,,,,
942,4,未特指部位,unspecified site,,0.894184410572052,,,,,
942,5,男性,male,D29.2,0.9464927315711975,,,,,
942,5,女性,female,D27,0.8664432168006897,,,,,
942,4,特指部位-见肿瘤，良性,"specified site - see Neoplasm, benign",,0.9689359068870544,,,,,
942,4,未特指部位,unspecified site,,0.9293809533119202,,,,,
942,5,男性,male,D29.2,0.9377877116203308,,,,,
942,5,女性,female,D27,0.8989936113357544,,,,,
942,3,腺瘤(M8640/0),adenoma (M8640/0),,0.9936869144439697,,,,,
942,4,特指部位-见肿瘤，良性,"specified site - see Neoplasm, benign",,0.9467243552207947,,,,,
942,4,未特指部位,unspecified site,,0.8996143937110901,,,,,
942,5,男性,male,D29.2,0.9640750885009766,,,,,
942,5,女性,female,D27,0.9272416830062866,,,,,
942,2,塞乍里病、塞乍里网状细胞增多或塞乍里综合征(M9701/3),"Sézary's disease, reticulosis or syndrome(M9701/3)",C84.1,0.9856112003326416,,,,,
942,1,sān 三,,,0.9998928904533386,,,,,
942,2,三倍体,Triploidy,Q92.7,0.9998696446418762,,,,,
942,2,三齿线虫病,Ternidensiasis,B81.8,0.9999672174453735,,,,,
942,2,三重-见副,Triplication - see Accessory,,0.9948593974113464,,,,,
942,2,三个-另见副,Triple - see also Accessory,,0.9802346229553223,,,,,
942,3,X染色体，女性,"X, female",Q97.0,0.9508013129234314,,,,,
942,3,肾,kidneys,Q63.0,0.9787672758102417,,,,,
942,3,子宫,uteri,Q51.8,0.9920799732208252,,,,,
942,2,三甲胺尿,Trimethylaminuria,E88.8,0.999954879283905,,,,,
942,2,三尖(瓣)的 - 见情况,Tricuspid (valve) - see condition,,0.945075273513794,,,,,
942,2,三角头,Trigonocephaly,Q75.0,0.9965869784355164,,,,,
942,2,三联律,Trigeminy,R00.8,0.9996057152748108,,,,,
943,2,三联症,Triad,,0.9999374747276306,,,,,
943,3,哈钦森(先天性梅毒),Hutchinson's (congenital syphilis),A50.5,0.9852724075317383,,,,,
943,3,卡塔格内,Kartagener,Q89.3,0.9675434231758118,,,,,
943,3,塞恩特(另见疝，膈),"Saint's (see also Hernia, diaphragm)",K44.9,0.9826745390892029,,,,,
943,2,三裂的-另见副,Trifid - see also Accessory,,0.9984139204025269,,,,,
943,3,舌,tongue,Q38.3,0.9824322462081909,,,,,
943,3,肾(盂),kidney (pelvis),Q63.8,0.9570153951644897,,,,,
943,2,三期的 -见情况,Tertiary - see condition,,0.9394490718841553,,,,,
943,2,三色视异常，正常色觉异常(先天性),"Trichromat, trichromatopsia, anomalous (congenital)",H53.5,0.9850853681564331,,,,,
943,2,三室心(另见心，三腔),Trilocular heart (see also Cor triloculare),Q20.8,0.9841125011444092,,,,,
943,2,三胎，影响到胎儿或新生儿,"Triplet, affecting fetus or newborn",P01.5,0.9748623371124268,,,,,
943,3,妊娠,pregnancy,O30.1,0.97618168592453,,,,,
943,2,三体性(综合征),Trisomy (syndrome),Q92.9,0.9941163063049316,,,,,
943,3,13(部分性),13 (partial),Q91.7,0.9557170867919922,,,,,
943,4,减数分裂不分离,meiotic nondisjunction,Q91.4,0.9904710650444031,,,,,
943,4,同源嵌合体,mosaicism,Q91.5,0.9890226721763611,,,,,
943,4,易位,translocation,Q91.6,0.9481401443481445,,,,,
943,4,有丝分裂不分离,mitotic nondisjunction,Q91.5,0.9803231358528137,,,,,
943,3,18(部分性),18 (partial),Q91.3,0.958283543586731,,,,,
943,4,减数分裂不分离,meiotic nondisjunction,Q91.0,0.9835106134414673,,,,,
943,4,同源嵌合体,mosaicism,Q91.1,0.9833763241767883,,,,,
943,4,易位,translocation,Q91.2,0.9225429892539978,,,,,
943,4,有丝分裂不分离,mitotic nondisjunction,Q91.1,0.9872053265571594,,,,,
943,3,20,20,Q92.8,0.9969956278800964,,,,,
943,3,21(部分性),21 (partial),Q90.9,0.966364860534668,,,,,
943,4,减数分裂不分离,meiotic nondisjunction,Q90.0,0.9894823431968689,,,,,
943,4,同源嵌合体,mosaicism,Q90.1,0.9925062656402588,,,,,
943,4,易位,translocation,Q90.2,0.9521952867507935,,,,,
943,4,有丝分裂不分离,mitotic nondisjunction,Q90.1,0.9900944828987122,,,,,
943,3,22,22,Q92.8,0.9958553314208984,,,,,
943,3,部分性NEC,partial NEC,Q92.8,0.9626387357711792,,,,,
943,4,大(全臂或更多重复),major (whole arm or more duplicated),Q92.2,0.9570631980895996,,,,,
943,4,特指的NEC,specified NEC,Q92.8,0.9906557202339172,,,,,
943,4,小(少于全臂重复),minor (less than whole arm duplicated),Q92.3,0.9765467643737793,,,,,
943,3,常染色体NEC,autosomes NEC,Q92.9,0.979195237159729,,,,,
943,3,大部分(全臂或更多重复),major partial (whole arm or more duplicated),Q92.2,0.9931692481040955,,,,,
943,3,全染色体,whole chromosome,Q92.9,0.9802219271659851,,,,,
943,4,部分,partial,Q92.9,0.9545910954475403,,,,,
943,4,减数分裂不分离,meiotic nondisjunction,Q92.0,0.9801069498062134,,,,,
943,4,特指的NEC,specified NEC,Q92.8,0.9704409241676331,,,,,
943,4,同源嵌合体,mosaicism,Q92.1,0.9594938158988953,,,,,
943,4,有丝分裂不分离,mitotic nondisjunction,Q92.1,0.9766356945037842,,,,,
944,3,染色体特指的 NEC,chromosome specified NEC,Q92.8,0.973096489906311,,,,,
944,4,大(全臂或更多重复),major (whole arm or more duplicated),Q92.2,0.9684445858001709,,,,,
944,4,轻微(少于全臂重复),minor (less than whole arm duplicated),Q92.3,0.9902409911155701,,,,,
944,4,全(非性染色体),whole (nonsex chromosome),,0.9137077331542969,,,,,
944,5,减数分裂不分离,meiotic nondisjunction,Q92.0,0.984225332736969,,,,,
944,5,同源嵌合体,mosaicism,Q92.1,0.9680996537208557,,,,,
944,5,有丝分裂不分离,mitotic nondisjunction,Q92.1,0.9639131426811218,,,,,
944,3,特指的 NEC,specified NEC,Q92.8,0.9373222589492798,,,,,
944,3,小部分(少于全臂重复),minor partial (less than whole arm duplicated),Q92.3,0.9897503852844238,,,,,
944,2,三叶胎盘(另见胎盘，异常的),"Tripartite placenta (see also Placenta, abnormal)",O43.1,0.9207319021224976,,,,,
944,2,三肢瘫,Triplegia,G83.8,0.9997332692146301,,,,,
944,3,先天性或婴儿,congenital or infantile,G80.8,0.9634702801704407,,,,,
944,1,sàn 散,,,0.9431476593017578,,,,,
944,2,散发性的 - 见情况,Sporadic – see condition,,0.8830888867378235,,,,,
944,2,散光(复合性)(先天性)(任何类型),Astigmatism (compound) (congenital) (any type),H52.2,0.9880967140197754,,,,,
944,2,散囊肿(输卵管),Fimbrial cyst,Q50.4,0.9997968673706055,,,,,
944,1,sāng 桑,,,0.9999481439590454,,,,,
944,2,桑德尔病(偏执狂),Sander's disease (paranoia),F22.0,0.9916201233863831,,,,,
944,2,桑德霍夫病,Sandhoff's disease,E75.0,0.99993497133255,,,,,
944,2,桑格-布朗共济失调,Sanger-Brown ataxia,G11.2,0.999932587146759,,,,,
944,2,桑普森囊肿或桑普森瘤[巧克力囊肿],Sampson's cyst or tumor,N80.1,0.9965034127235413,,,,,
944,2,桑葚状磨牙(先天性梅毒),Mulberry molars (congenital syphilis),A50.5,0.99908846616745,,,,,
944,1,sàng 丧,,,0.9796473383903503,,,,,
944,2,丧失,"Failure, Loss (of)",,0.9997856616973877,,,,,
944,3,感觉,sense of,,0.9741427302360535,,,,,
944,4,触觉,touch,R20.8,0.9560014605522156,,,,,
944,4,味觉,taste,R43.2,0.9637339115142822,,,,,
944,5,和嗅觉，混合的,"and smell, mixed",R43.8,0.9899673461914062,,,,,
944,4,嗅觉,smell,R43.1,0.9449860453605652,,,,,
944,3,感觉性,sensory,R44.8,0.9468490481376648,,,,,
944,4,分离性,dissociative,F44.6,0.9003442525863647,,,,,
944,3,迷路机能,function of labyrinth,H83.2,0.9984196424484253,,,,,
944,3,生殖器反应,genital response,F52.2,0.9992334246635437,,,,,
945,3,实质,substance of,,0.9843249917030334,,,,,
945,4,玻璃体(液),vitreous (humor),H15.8,0.9851124882698059,,,,,
945,4,骨,bone,M85.8,0.9526160955429077,,,,,
945,4,软骨,cartilage,M94.8,0.9766430854797363,,,,,
945,5,耳廓,auricle (ear),H61.1,0.9608311653137207,,,,,
945,3,视力(后天性)(完全)(先天性)-见盲,sight (acquired) (complete) (congenital) - Blindness,,0.9426366090774536,,,,,
945,4,视力，突然,sudden,H53.1,0.9804395437240601,,,,,
945,3,听小骨(部分),"ossicles, ear (partial)",H74.3,0.9929476380348206,,,,,
945,3,意志[精神错乱](另见精神病),mind (see also Psychosis),F29,0.9867111444473267,,,,,
945,1,sào 瘙,,,,,,,,
945,2,瘙痒[症],"Itch, Itching, Pruritus, Pruritic",L29.9,0.9995244145393372,,,,,
945,3,冬令,winter,L29.8,0.9621288180351257,,,,,
945,3,肛门,"ani, anus",L29.0,0.9749690294265747,,,,,
945,4,心因性,psychogenic,F45.8,0.9788714051246643,,,,,
945,3,肛门生殖器,anogenital,L29.3,0.9532204866409302,,,,,
945,4,心因性,psychogenic,F45.8,0.9840524792671204,,,,,
945,3,老年性,senile,L29.8,0.9640563726425171,,,,,
945,3,毛滴虫,Trichomonas,A59.9,0.9828961491584778,,,,,
945,3,妊娠性,gravidarum,O26.8,0.9638363122940063,,,,,
945,3,神经源性(任何部位),neurogenic (any site),F45.8,0.9860669374465942,,,,,
945,3,特指的NEC,specified NEC,L29.8,0.9759336709976196,,,,,
945,4,心因性,psychogenic,F45.8,0.9747968316078186,,,,,
945,3,外阴,"vulva, vulvae",L29.2,0.9729976654052734,,,,,
945,4,心因性,psychogenic,F45.8,0.9797949194908142,,,,,
945,3,心因性(任何部位),psychogenic (any site),F45.8,0.9697310328483582,,,,,
945,3,阴囊,"scroti, scrotum",L29.1,0.9802316427230835,,,,,
945,4,心因性,psychogenic,F45.8,0.9906671643257141,,,,,
945,1,sè 色,,,0.9998695254325867,,,,,
945,2,色汗症,"Chromhidrosis, chromidrosis",L75.1,0.9978571534156799,,,,,
945,2,色盲,Color blindness,H53.5,0.9912319183349609,,,,,
945,2,色情狂,Erotomania,F52.7,0.9999598264694214,,,,,
945,2,色视症[部分色盲],Chromatopsia,H53.1,0.9998752474784851,,,,,
945,2,色素斑，葡萄酒色,"Stain, portwine",Q82.5,0.961970329284668,,,,,
945,2,色素沉着(异常的),Pigmentation (abnormal),L81.9,0.9816131591796875,,,,,
945,3,过度-见色素沉着过度,excessive - see Hyperpigmentation,,0.9955032467842102,,,,,
945,3,黑色素形成减少 NEC,diminished melanin formation NEC,L81.6,0.9602831602096558,,,,,
945,3,脸，先天性,"lids, congenital",Q82.8,0.9692450165748596,,,,,
946,3,角膜，角膜缘,"cornea, limbus corneae",H18.0,0.984286367893219,,,,,
946,3,结膜,conjunctiva,H11.1,0.9949151277542114,,,,,
946,3,金属,metals,L81.8,0.9671034216880798,,,,,
946,3,视乳头，先天性,"optic papilla, congenital",Q14.2,0.9749797582626343,,,,,
946,3,视网膜，先天性(聚合性)(痣样),"retina, congenital (grouped) (nevoid)",Q14.1,0.9820268154144287,,,,,
946,3,铁,iron,L81.8,0.9460955858230591,,,,,
946,3,文身,tattoo,L81.8,0.9934965372085571,,,,,
946,3,阴囊，先天性,"scrotum, congenital",Q82.8,0.9859248399734497,,,,,
946,2,色素沉着过度NEC(另见色素沉着),Hyperpigmentation NEC (see also Pigmentation),L81.8,0.9984833002090454,,,,,
946,3,黑色素NEC,melanin NEC,L81.4,0.9932768940925598,,,,,
946,3,炎症后,postinflammatory,L81.0,0.9592153429985046,,,,,
946,2,色素沉着息肉综合征[波伊茨-耶格综合征][皮肤粘膜色素斑-肠道多发息肉综合征],Peutz-Jeghers disease or syndrome,Q85.8,0.994033694267273,,,,,
946,2,色素失调症,Incontinentia pigmenti,Q82.3,0.9965490698814392,,,,,
946,1,shā 杀,,,0.999930739402771,,,,,
946,2,杀人狂,Amok,F68.8,0.9998990893363953,,,,,
946,1,shā 沙,,,0.9998809695243835,,,,,
946,2,沙茨克环(后天性)(食管)(下部),Schatzki's ring (acquired) (esophagus) (lower),K22.2,0.9835385680198669,,,,,
946,3,先天性,congenital,Q39.3,0.9979581236839294,,,,,
946,2,沙尔科-玛丽-现译名夏科-马里,Charcot-Marie,,0.9998807311058044,,,,,
946,2,沙漏状(挛缩)-另见挛缩，沙漏状,"Hourglass (contracture) - see also Contraction, hourglass",,0.9976524710655212,,,,,
946,3,胃,stomach,K31.8,0.9642810225486755,,,,,
946,4,狭窄,stricture,K31.2,0.9819985628128052,,,,,
946,4,先天性,congenital,Q40.2,0.9153034090995789,,,,,
946,2,沙门菌[又译名沙门氏菌]-见感染，沙门菌,"Salmonella - see Infection, Salmonella",,0.9949949383735657,,,,,
946,2,沙门菌病,Salmonellosis,A02.0,0.9996052980422974,,,,,
946,2,沙漠,Desert,,0.9997622966766357,,,,,
946,3,风湿病,rheumatism,B38.0+ J99.8*,0.9503656625747681,,,,,
946,3,痛(另见溃疡，皮肤),"sore (see also Ulcer, skin)",L98.4,0.979220449924469,,,,,
946,2,沙漠疮[热带溃疡](另见溃疡，皮肤),"Rot, Barcoo (see also Ulcer, skin)",L98.4,0.9752750396728516,,,,,
946,2,沙眼(性),"Trachoma, trachomatous",A71.9,0.9954742193222046,,,,,
946,3,初期,initial (stage),A71.0,0.9586195349693298,,,,,
946,3,活动期,active (stage),A71.1,0.9782745242118835,,,,,
946,3,结膜挛缩,contraction of conjunctiva,A71.1,0.976264476776123,,,,,
946,3,可疑,dubium,A71.0,0.9551658034324646,,,,,
946,3,血管翳,pannus,A71.1,0.9891789555549622,,,,,
946,2,沙伊综合征-见粘多糖贮积症IS型,Scheie's syndrome,,0.9982311129570007,,,,,
947,1,shāi 筛,,,,,,,,
947,2,筛窦炎(慢性)(非化脓性)(化脓性)(另见鼻窦炎，筛窦),"Ethmoiditis (chronic) (nonpurulent) (purulent) (see also Sinusitis, ethmoidal)",J32.2,0.9902114868164062,,,,,
947,3,流感性(另见流行性感冒，伴有，呼吸道表现),"influenzal (see also Influenza, with, respiratory manifestations)",J11.1,0.9897788763046265,,,,,
947,3,沃克斯,Woakes',J33.1,0.9578295946121216,,,,,
947,2,筛骨的 - 见情况,"Ethmoid, ethmoidal - see condition",,0.9605977535247803,,,,,
947,2,筛选(为),Screening (for),Z13.9,0.9911339282989502,,,,,
947,3,白喉,diphtheria,Z11.2,0.963749349117279,,,,,
947,3,白内障,cataract,Z13.5,0.9905982613563538,,,,,
947,3,白血病,leukemia,Z12.8,0.9558295011520386,,,,,
947,3,百日咳,whooping cough,Z11.2,0.9961907863616943,,,,,
947,3,半乳糖血,galactosemia,Z13.8,0.9567287564277649,,,,,
947,3,暴露于辐射,radiation exposure,Z13.8,0.979004979133606,,,,,
947,3,苯丙酮尿症,phenylketonuria,Z13.8,0.9367831349372864,,,,,
947,3,病毒性脑炎(蚊或蜱媒介),viral encephalitis (mosquito—or tick-borne),Z11.5,0.9953969717025757,,,,,
947,3,布氏菌病,brucellosis,Z11.2,0.9650201797485352,,,,,
947,3,查加斯病,Chagas' disease,Z11.6,0.9748679995536804,,,,,
947,3,产前-见产前，筛选,"antenatal, prenatal - see Antenatal, screening",,0.9846847653388977,,,,,
947,3,产褥期，染色体异常,"postnatal, chromosomal abnormalities",Z13.7,0.9977149963378906,,,,,
947,3,出血热,hemorrhagic fever,Z11.5,0.9696808457374573,,,,,
947,3,代谢紊乱，先天性,"metabolic errors, inborn",Z13.8,0.9745348691940308,,,,,
947,3,登革热,dengue fever,Z11.5,0.9765375256538391,,,,,
947,3,动脉高血压,arterial hypertension,Z13.6,0.9760100245475769,,,,,
947,3,多方面的,multiphasic,Z13.9,0.9553550481796265,,,,,
947,3,发育性残疾,developmental handicap,Z13.3,0.9664592146873474,,,,,
947,4,见于童年早期,in early childhood,Z13.4,0.9665562510490417,,,,,
947,3,放射性污染 NEC,contamination NEC,Z13.8,0.9634511470794678,,,,,
947,3,非洲锥虫病[睡眠病],sleeping sickness,Z11.6,0.9799602627754211,,,,,
947,3,肥胖症,obesity,Z13.8,0.9535861015319824,,,,,
947,3,肺气肿,emphysema,Z13.8,0.9586693048477173,,,,,
947,3,风疹,rubella,Z11.5,0.973761796951294,,,,,
947,3,感染,infection,,0.9670866131782532,,,,,
947,4,肠道(病),intestinal (disease),Z11.0,0.9794116020202637,,,,,
947,5,蠕虫病,helminthiasis,Z11.6,0.9374536871910095,,,,,
947,5,特指的NEC,specified NEC,Z11.0,0.9615740180015564,,,,,
947,4,寄生虫NEC,parasitic NEC,Z11.8,0.9920911192893982,,,,,
947,4,真菌性,mycotic,Z11.8,0.9744802713394165,,,,,
947,3,高血压,hypertension,Z13.6,0.9514155983924866,,,,,
947,3,钩端螺旋体病,leptospirosis,Z11.8,0.9955185651779175,,,,,
947,3,呼吸情况NEC,respiratory condition NEC,Z13.8,0.989168643951416,,,,,
947,4,结核性,tuberculous,Z11.1,0.9704887866973877,,,,,
947,3,黄热病,yellow fever,Z11.5,0.9900675415992737,,,,,
948,3,霍乱,cholera,Z11.0,0.9581009745597839,,,,,
948,3,霍奇金[何杰金]病,Hodgkin's disease,Z12.8,0.9743978977203369,,,,,
948,3,激素,hormones,Z04.0,0.9292515516281128,,,,,
948,3,疾病或疾患,disease or disorder,Z13.9,0.979019045829773,,,,,
948,4,病毒性NEC,viral NEC,Z11.5,0.9517065286636353,,,,,
948,5,肠道,intestinal,Z11.0,0.9630138278007507,,,,,
948,5,人类免疫缺陷病毒[HIV],human immunodeficiency virus (HIV),Z11.4,0.9791203737258911,,,,,
948,4,查加斯,Chagas',Z11.6,0.9742326736450195,,,,,
948,4,传染性,infectious,Z11.9,0.9596894383430481,,,,,
948,4,代谢性NEC,metabolic NEC,Z13.8,0.9634289741516113,,,,,
948,4,耳NEC,ear NEC,Z13.5,0.9570961594581604,,,,,
948,4,发育性NEC,developmental NEC,Z13.3,0.9771337509155273,,,,,
948,5,见于童年早期,in early childhood,Z13.4,0.98980712890625,,,,,
948,4,风湿性NEC,rheumatic NEC,Z13.8,0.9700588583946228,,,,,
948,4,呼吸道NEC,respiratory NEC,Z13.8,0.9703059196472168,,,,,
948,4,甲状腺,thyroid,Z13.8,0.9332278966903687,,,,,
948,4,精神,mental,Z13.3,0.9610234498977661,,,,,
948,4,立克次体,rickettsial,Z11.8,0.9849504828453064,,,,,
948,4,镰状细胞(遗传特性),sickle-cell (trait),Z13.0,0.9696432948112488,,,,,
948,4,螺旋体性,spirochetal,Z11.8,0.9584794640541077,,,,,
948,4,泌尿生殖系NEC,genitourinary NEC,Z13.8,0.9811980724334717,,,,,
948,4,免疫NEC,immunity NEC,Z13.0,0.9743254780769348,,,,,
948,4,内分泌NEC,endocrine NEC,Z13.8,0.9642232656478882,,,,,
948,4,皮肤,skin,Z13.8,0.9037373661994934,,,,,
948,4,人类免疫缺陷病毒[HIV]感染,human immunodeficiency virus (HIV) infection,Z11.4,0.9528637528419495,,,,,
948,4,神经病性,neurological,Z13.8,0.9840856790542603,,,,,
948,4,特指的NEC,specified NEC,Z13.8,0.9893649220466614,,,,,
948,4,胃肠道NEC,gastrointestinal NEC,Z13.8,0.9559837579727173,,,,,
948,4,细菌性 NEC,bacterial NEC,Z11.2,0.961549699306488,,,,,
948,4,心血管 NEC,cardiovascular NEC,Z13.6,0.9469651579856873,,,,,
948,4,心脏NEC,heart NEC,Z13.6,0.9952312707901001,,,,,
948,4,性病性,venereal,Z11.3,0.9871007800102234,,,,,
948,4,性传播NEC,sexually transmitted NEC,Z11.3,0.9704612493515015,,,,,
948,5,人类免疫缺陷病毒[HIV],human immunodeficiency virus (HIV),Z11.4,0.9787874817848206,,,,,
948,4,血管NEC,vascular NEC,Z13.6,0.9513980150222778,,,,,
948,4,血液或造血器官,blood or blood-forming organ,Z13.0,0.9542729258537292,,,,,
948,4,牙,dental,Z13.8,0.9084228277206421,,,,,
948,4,眼 NEC,eye NEC,Z13.5,0.9222072958946228,,,,,
948,4,衣原体,chlamydial,Z11.8,0.973682701587677,,,,,
948,4,营养性NEC,nutritional NEC,Z13.2,0.9775683283805847,,,,,
948,4,原虫性,protozoal,Z11.6,0.9808017015457153,,,,,
948,5,肠道,intestinal,Z11.0,0.9901305437088013,,,,,
949,3,脊髓灰质炎,poliomyelitis,Z11.5,0.5940450429916382,,,,,
949,3,寄生虫侵染,parasitic infestation,Z11.9,0.9963144063949585,,,,,
949,4,特指的 NEC,specified NEC,Z11.8,0.9865512847900391,,,,,
949,3,节肢动物媒介的病毒性疾病 NEC,arthropod-borne viral disease NEC,Z11.5,0.9759833216667175,,,,,
949,3,结核病，呼吸道,"tuberculosis, respiratory",Z11.1,0.9641593098640442,,,,,
949,3,精神障碍或发育迟缓,mental disorder or retardation,Z13.3,0.8908849954605103,,,,,
949,3,酒精中毒,alcoholism,Z13.3,0.9912047386169434,,,,,
949,3,菌尿，无症状性,"bacteriuria, asymptomatic",Z13.8,0.9652417898178101,,,,,
949,3,类风湿性关节炎,rheumatoid arthritis,Z13.8,0.9930005073547363,,,,,
949,3,利什曼病,leishmaniasis,Z11.6,0.6771103739738464,,,,,
949,3,镰状细胞病或遗传特性,sickle-cell disease or trait,Z13.0,0.9941279292106628,,,,,
949,3,淋巴瘤,lymphoma,Z12.8,0.9791433215141296,,,,,
949,3,麻风,leprosy,Z11.2,0.9814881682395935,,,,,
949,3,麻疹,measles,Z11.5,0.9810723662376404,,,,,
949,3,泌尿生殖道情况 NEC,genitourinary condition NEC,Z13.8,0.8509397506713867,,,,,
949,3,免疫疾患,immunity disorders,Z13.0,0.9984220862388611,,,,,
949,3,囊性纤维变性,cystic fibrosis,Z13.8,0.7204103469848633,,,,,
949,3,脑炎，病毒性（蚊或蜱媒介）,"encephalitis, viral (mosquito- or tick-borne)",Z11.5,0.6734632849693298,,,,,
949,3,疟疾,malaria,Z11.6,0.483224481344223,,,,,
949,3,皮肤情况,skin condition,Z13.8,0.9749487042427063,,,,,
949,3,贫血,anemia,Z13.0,0.9515895843505859,,,,,
949,3,破伤风,tetanus,Z11.2,0.9842615127563477,,,,,
949,3,青光眼,glaucoma,Z13.5,0.7473046779632568,,,,,
949,3,染色体异常,chromosomal abnormalities,Z13.7,0.9843391180038452,,,,,
949,4,产褥期,postnatal,Z13.7,0.759502112865448,,,,,
949,4,用羊膜穿刺术,by amniocentesis,Z36.0,0.9890800714492798,,,,,
949,4,运动员,athletes,Z10.3,0.9370310306549072,,,,,
949,3,发热,fever,,0.9370310306549072,,,,,
949,4,出血,hemorrhagic,Z11.5,0.8442160487174988,,,,,
949,4,登革,dengue,Z11.5,0.47079405188560486,,,,,
949,4,黄,yellow,Z11.5,0.8764528036117554,,,,,
949,3,人类免疫缺陷病毒[HIV],human immunodeficiency virus (HIV),Z11.4,0.9593449831008911,,,,,
949,3,蠕虫病（肠道）,"helminthiasis, worms (intestinal)",Z11.6,0.9784103631973267,,,,,
949,3,沙眼,trachoma,Z11.8,0.955062985420227,,,,,
949,3,神经病性情况,neurological condition,Z13.8,0.9795443415641785,,,,,
949,3,肾病变,nephropathy,Z13.8,0.9929982423782349,,,,,
949,3,鼠疫,plague,Z11.2,0.9937779903411865,,,,,
949,3,丝虫病,filariasis,Z11.6,0.9955533146858215,,,,,
949,3,糖尿病,diabetes mellitus,Z13.1,0.9943882822990417,,,,,
949,3,特殊的,special,Z13.9,0.9532003402709961,,,,,
949,4,特指的 NEC,specified NEC,Z13.8,0.4231901168823242,,,,,
949,3,痛风,gout,Z13.8,0.9628108739852905,,,,,
950,3,胃肠道情况 NEC,gastrointestinal condition NEC,Z13.8,0.9744629263877869,,,,,
950,3,先天性,congenital,,0.5782473683357239,,,,,
950,4,畸形或变形,malformation or deformation,Z13.7,0.5160678625106812,,,,,
950,4,脱位,dislocation of hip,Z13.7,0.7875990867614746,,,,,
950,4,眼疾患,eye disorder,Z13.5,0.8290724754333496,,,,,
950,3,心血管疾患 NEC,cardiovascular disorder NEC,Z13.6,0.964684784412384,,,,,
950,3,兴奋剂,stimulants,Z04.0,0.9030166268348694,,,,,
950,3,行为障碍,behavioral disorder,Z13.3,0.941216766834259,,,,,
950,3,性病,venereal disease,Z11.3,0.9088199138641357,,,,,
950,3,性传播疾病 NEC,sexually-transmitted disease NEC,Z11.3,0.9843200445175171,,,,,
950,4,人类免疫缺陷病毒[HIV],human immunodeficiency virus (HIV),Z11.4,0.9615013003349304,,,,,
950,3,血红蛋白病 NEC,hemoglobinopathies NEC,Z13.0,0.4847770631313324,,,,,
950,4,产前,antenatal,Z36.8,0.5266326665878296,,,,,
950,3,血吸虫病,schistosomiasis,Z11.6,0.9729319214820862,,,,,
950,3,牙疾患,dental disorder,Z13.8,0.6061168313026428,,,,,
950,3,雅司病,yaws,Z11.8,0.6493415832519531,,,,,
950,3,咽下放射性物质,ingestion of radioactive substance,Z13.8,0.9748660922050476,,,,,
950,3,药物,drugs,Z04.0,0.7291470766067505,,,,,
950,3,衣原体性病,chlamydial diseases,Z11.8,0.6139866709709167,,,,,
950,3,抑郁,depression,Z13.3,0.6677605509757996,,,,,
950,3,异常，先天性,"anomaly, congenital",Z13.7,0.7219921946525574,,,,,
950,3,营养不良,malnutrition,Z13.2,0.6582512259483337,,,,,
950,3,原虫病,protozoal disease,Z11.6,0.689677357673645,,,,,
950,4,肠道,intestinal,Z11.0,0.5636200308799744,,,,,
950,3,造血器官的恶性（肿瘤）,hematopoietic malignancy,Z12.8,0.9536150097846985,,,,,
950,3,真菌病,mycoses,Z11.8,0.9968323111534119,,,,,
950,3,支气管炎，慢性,"bronchitis, chronic",Z13.8,0.4717947840690613,,,,,
950,3,中毒性（化学性）（重金属）,poisoning (chemical) (heavy metal),Z13.8,0.9890810251235962,,,,,
950,3,肿瘤,neoplasm (of),Z12.9,0.6175069808959961,,,,,
950,4,肠道 NEC,intestinal tract NEC,Z12.1,0.5853428244590759,,,,,
950,4,宫颈,cervix,Z12.4,0.7094045877456665,,,,,
950,4,呼吸器官,respiratory organs,Z12.2,0.8503261804580688,,,,,
950,4,淋巴（腺）,lymph (glands),Z12.8,0.7093399167060852,,,,,
950,4,膀胱,bladder,Z12.6,0.5966082215309143,,,,,
950,4,前列腺,prostate,Z12.5,0.5144534707069397,,,,,
950,4,乳房,breast,Z12.3,0.7053157687187195,,,,,
950,4,特指部位 NEC,specified site NEC,Z12.8,0.4345914423465729,,,,,
950,4,胃,stomach,Z12.0,0.6204156875610352,,,,,
950,4,血液,blood,Z12.8,0.537149965763092,,,,,
950,4,造血系统,hematopoietic system,Z12.8,0.5886295437812805,,,,,
950,3,锥虫病,trypanosomiasis,Z11.6,0.4725112318992615,,,,,
