image_page,level,chinese,english,code,confidence,malignant_primary,malignant_secondary,in_situ,benign,uncertain_or_unspecified
1201,4,风湿热(中的情况),rheumatic fever (conditions in ),I00,0.9626061320304871,,,,,
1201,5,非活动性或静止的(伴有舞蹈症),inactive or quiescent (with chorea),I07.8,0.9610788226127625,,,,,
1201,5,活动性-见心内膜炎，急性，风湿性,"active — see Endocarditis, acute, rheumatic",,0.9332950711250305,,,,,
1201,5,主动脉(瓣)疾病(未特指病因),aortic (valve) disease (unspecified origin),I08.2,0.9608558416366577,,,,,
1201,6,和二尖瓣疾病(未特指病因),mitral (valve) disease (unspecified origin),I08.3,0.9647566080093384,,,,,
1201,4,动脉硬化性,arteriosclerotic,I36.8,0.9724576473236084,,,,,
1201,4,非风湿性,nonrheumatic,I36.8,0.9839835166931152,,,,,
1201,5,急性或亚急性,acute or subacute,I33.9,0.9758910536766052,,,,,
1201,4,活动性或急性,active or acute,I01.1,0.9722966551780701,,,,,
1201,5,和舞蹈症(急性)(风湿性)(西德纳姆),with chorea (acute) (rheumatic) (Sydenham's),I02.0,0.9398614764213562,,,,,
1201,4,特指的原因，除外风湿性,"specified cause, except rheumatic",I36.8,0.9767419099807739,,,,,
1201,3,Q 热,Q fever,A78+ I39.8*,0.9045795202255249,,,,,
1201,4,伴有风湿热(中的情况),with rheumatic fever (conditions in 100),I00,0.9925913214683533,,,,,
1201,4,非活动性或静止的-见情况，按瓣膜，风湿性,"inactive or quiescent – see condition, by valve, rheumatic",,0.9780974388122559,,,,,
1201,4,活动性-见心内膜炎，急性，风湿性,"active -see Endocarditis, acute, rheumatic",,0.9431301951408386,,,,,
1201,3,伯纳特-柯克斯体,Coxiella burnetii,A78+ I39.8*,0.974262535572052,,,,,
1201,3,传染性或感染性(急性)(任何瓣膜)(亚急性),infectious or infective (acute) (any valve) (subacute),I33.0,0.9163958430290222,,,,,
1201,3,动脉硬化性,arteriosclerotic,I38,0.9697279930114746,,,,,
1201,3,多处瓣膜,multiple valves,I08.9,0.9533858299255371,,,,,
1201,4,特指的疾患,specified disorders,I08.8,0.9637866616249084,,,,,
1201,3,恶性(急性)(任何瓣膜)(亚急性),malignant (acute) (any valve) (subacute),I33.0,0.9678570628166199,,,,,
1201,3,非典型的疣状(利布曼-萨克斯),atypical verrucous (Libman-Sacks),M32.1+ I39.8*,0.9689022302627563,,,,,
1201,3,肺(慢性)(心脏)(瓣膜),pulmonary (chronic) (heart) (valve),I37.8,0.967635989189148,,,,,
1201,4,急性或亚急性,acute or subacute,I33.9,0.9532706141471863,,,,,
1201,5,风湿性,rheumatic,I01.1,0.9416532516479492,,,,,
1201,6,和舞蹈症(急性)(风湿性)(西德纳姆),with chorea (acute) (rheumatic) (Sydenham's),I02.0,0.9407355189323425,,,,,
1201,4,伴有风湿热(中的情况),with rheumatic fever (conditions in ),I00,0.9839710593223572,,,,,
1201,5,非活动性或静止的(伴有舞蹈症),inactive or quiescent (with chorea),I09.8,0.9780846238136292,,,,,
1201,6,和主动脉、二尖瓣或三尖瓣疾病(未特指病因),"with aortic, mitral or tricuspid disease (unspecified origin)",I08.8,0.949741005897522,,,,,
1201,5,活动性-见心内膜炎，急性，风湿性,"active - see Endocarditis, acute, rheumatic",,0.9428520202636719,,,,,
1201,4,动脉硬化性,arteriosclerotic,I37.8,0.986649215221405,,,,,
1201,4,风湿性(慢性)(非活动性)(伴有舞蹈症),rheumatic (chronic) (inactive) (with chorea),I09.8,0.9637058973312378,,,,,
1201,5,活动性或急性,active or acute,I01.1,0.9650640487670898,,,,,
1201,6,和舞蹈症(急性)(风湿性)(西德纳姆),with chorea (acute) (rheumatic) (Sydenham's),I02.0,0.9315654635429382,,,,,
1201,4,梅毒性,syphilitic,A52.0+ I39.3*,0.9499533176422119,,,,,
1201,3,肺炎球菌性(急性)(任何瓣膜)(亚急性),pneumococcal (acute) (any valve) (subacute),I33.0,0.9634758234024048,,,,,
1202,3,风湿性(慢性)(非活动性)-另见情况，按瓣膜，风湿性,"rheumatic (chronic) (inactive) - see also condition, by valve, rheumatic",,0.9851991534233093,,,,,
1202,4,活动性或急性(主动脉)(二尖瓣)(肺)(三尖瓣),active or acute (aortic) (mitral) (pulmonary) (tricuspid),I01.1,0.92548668384552,,,,,
1202,5,和舞蹈症(急性)(风湿性)(西德纳姆),with chorea (acute) (rheumatic) (Sydenham's),I02.0,0.9171702265739441,,,,,
1202,3,化脓性(急性)(任何瓣膜)(亚急性),"purulent, suppurative (acute) (any valve) (subacute)",I33.0,0.9369629621505737,,,,,
1202,3,结核性(另见结核，心内膜炎),"tuberculous (see also Tuberculosis, endocarditis)",A18.8+ I39.8*,0.9758641123771667,,,,,
1202,3,柯萨奇病毒,coxsackie virus,B33.2+ I39.8*,0.959843099117279,,,,,
1202,3,寇热-现译名Q热,Qfever,,0.970546305179596,,,,,
1202,3,溃疡性(急性)(任何瓣膜)(亚急性),ulcerative (acute) (any valve) (subacute),I33.0,0.9797849655151367,,,,,
1202,3,勒夫勒,Löffler's,I42.3,0.9831409454345703,,,,,
1202,3,利布曼-萨克斯,Libman-Sacks,M32.1+ I39.8*,0.9496544599533081,,,,,
1202,3,利斯特菌,listerial,A32.8+ I39.8*,0.9576472640037537,,,,,
1202,3,链球菌性(急性)(任何瓣膜)(亚急性),streptococcal (acute) (any valve) (subacute),I33.0,0.9722709655761719,,,,,
1202,3,淋球菌性,gonococcal,A54.8+ I39.8*,0.9593526721000671,,,,,
1202,3,梅毒性NEC,syphilitic NEC,A52.0+ I39.8*,0.9745380282402039,,,,,
1202,3,脑膜炎球菌性,meningococcal,A39.5+ I39.8*,0.9544972777366638,,,,,
1202,3,念珠菌性,"candidal, monilial",B37.6+ I39.8*,0.9475579261779785,,,,,
1202,3,脓毒性(急性)(任何瓣膜)(亚急性),septic (acute) (any valve) (subacute),I33.0,0.9770517349243164,,,,,
1202,3,伤寒,typhoid,A01.0+ I39.8*,0.9566811919212341,,,,,
1202,3,胎儿,fetal,I42.4,0.9840843081474304,,,,,
1202,3,细菌性(急性)(任何瓣膜)(亚急性),bacterial (acute) (any valve) (subacute),I33.0,0.9721765518188477,,,,,
1202,3,先天性,congenital,I42.4,0.9781807065010071,,,,,
1202,3,亚急性细菌性(急性)(任何瓣膜)(亚急性),lenta (acute) (any valve) (subacute),I33.0,0.9730996489524841,,,,,
1202,3,由于假体心脏瓣膜,due to prosthetic cardiac valve,T82.6,0.9966673851013184,,,,,
1202,3,增殖性(急性)(任何瓣膜)(亚急性),vegetative (acute) (any valve) (subacute),I33.0,0.9702717661857605,,,,,
1202,3,真菌性(急性)(任何瓣膜)(亚急性),mycotic (acute) (any valve) (subacute),I33.0,0.9720304012298584,,,,,
1202,3,中毒性,toxic,I33.9,0.972680389881134,,,,,
1202,3,主动脉(心脏)(非风湿性)(瓣膜),aortic (heart) (nonrheumatic) (valve),I35.8,0.9684678912162781,,,,,
1202,4,急性或亚急性,acute or subacute,I33.9,0.9808751344680786,,,,,
1202,4,伴有,with,,0.8131531476974487,,,,,
1202,5,二尖瓣疾病(未特指病因),mitral disease (unspecified origin),I08.0,0.9780277013778687,,,,,
1202,6,和三尖瓣疾病(未特指病因),with tricuspid (valve) disease (unspecified origin),I08.3,0.9466097950935364,,,,,
1202,6,活动性或急性,active or acute,I01.1,0.934289813041687,,,,,
1202,7,和舞蹈症(急性)(风湿性)(西德纳姆),with chorea (acute) (rheumatic) (Sydenham's),I02.0,0.9413619041442871,,,,,
1202,5,三尖瓣疾病(未特指病因),tricuspid (valve) disease (unspecified origin),I08.2,0.9878180623054504,,,,,
1202,6,和二尖瓣疾病(未特指病因),with mitral (valve) disease (unspecified origin),I08.3,0.9540608525276184,,,,,
1202,5,风湿热(100中的情况),rheumatic fever (conditions in 100),,0.9373074173927307,,,,,
1202,6,非活动性或静止的(伴有舞蹈症),inactive or quiescent (with chorea),I06.9,0.984375,,,,,
1202,4,活动性-见心内膜炎，急性，风湿性,"active - see Endocarditis, acute, rheumatic",,0.9591689705848694,,,,,
1203,4,动脉硬化性,arteriosclerotic,I35.8,0.968838632106781,,,,,
1203,4,风湿性,rheumatic,I06.9,0.971899688243866,,,,,
1203,5,伴有二尖瓣疾病,with mitral disease,I08.0,0.9530540704727173,,,,,
1203,6,和三尖瓣疾病,with tricuspid (valve) disease,I08.3,0.9858962893486023,,,,,
1203,6,活动性或急性,active or acute,I01.1,0.9497030377388,,,,,
1203,7,和舞蹈症(急性)(风湿性)(西德纳姆),with chorea (acute) (rheumatic) (Sydenham's),I02.0,0.9724637269973755,,,,,
1203,6,活动性或急性,active or acute,I01.1,0.9538428783416748,,,,,
1203,4,和舞蹈症(急性)(风湿性)(西德纳姆),with chorea (acute) (rheumatic) (Sydenham's),I02.0,0.9085275530815125,,,,,
1203,5,特指的NEC,specified NEC,I06.8,0.9823035001754761,,,,,
1203,4,梅毒性,syphilitic,A52.0+ I39.1*,0.9920974969863892,,,,,
1203,4,特指的原因NEC,specified cause NEC,I35.8,0.9814808368682861,,,,,
1203,3,赘疣性(非典型)(非细菌性)(非风湿性),verrucous (atypical) (nonbacterial) (nonrheumatic),M32.1+ I39.8*,0.9505650997161865,,,,,
1203,2,心破裂(另见梗死，心肌),"Cardiorrhexis (see also Infarct, myocardium)",I21.9,0.9866442084312439,,,,,
1203,2,心前区痛,Precordial pain,R07.2,0.953437328338623,,,,,
1203,3,心因性,psychogenic,F45.4,0.9965980052947998,,,,,
1203,2,心腔狭窄-见病，心脏,"Cardiostenosis – see Disease, heart",,0.9668008089065552,,,,,
1203,2,心切开术后综合征,Postcardiotomy syndrome,I97.0,0.9754025936126709,,,,,
1203,2,心球(左心室)(永存),Bulbus cordis (left ventricle) (persistent),Q21.8,0.9782478213310242,,,,,
1203,2,心肾病变(另见高血压，心肾性),"Cardionephropathy, Cardionephrosis (see also Hypertension, cardiorenal)",I13.9,0.9853560328483582,,,,,
1203,2,心肾性的 - 见情况,Cardiorenal - see condition,,0.9526836276054382,,,,,
1203,2,心肾炎(另见高血压，心肾性),"Cardionephritis (see also Hypertension, cardiorenal)",I13.9,0.9596664309501648,,,,,
1203,2,心室- 另见情况,"Ventricle, ventricular - see also condition",,0.9411201477050781,,,,,
1203,3,反向,inversion,Q20.5,0.9546292424201965,,,,,
1203,3,脱逸,escape,I49.3,0.9770551323890686,,,,,
1203,2,心室内 - 见情况,Intraventricular - see condition,,0.8810429573059082,,,,,
1203,2,心跳感,Awareness of heart beat,R00.2,0.9805915355682373,,,,,
1203,2,心痛(另见痛，心前区),"Cardialgia (see also Pain, precordial)",R07.2,0.99013352394104,,,,,
1203,2,心外膜炎-见心包炎,Epicarditis – see Pericarditis,,0.968350350856781,,,,,
1203,2,心血管的-见情况,Cardiovascular - see condition,,0.9547958970069885,,,,,
1203,2,心炎(急性)(慢性)(亚急性),Carditis (acute) (chronic) (subacute),I51.8,0.9782075881958008,,,,,
1203,3,病毒性,viral,B33.2+ I52.1*,0.9590709209442139,,,,,
1203,3,风湿性-见病，心脏，风湿性,"rheumatic – see Disease, heart, rheumatic",,0.9745333790779114,,,,,
1203,3,类风湿性,rheumatoid,M05.3+ I52.8*,0.9660988450050354,,,,,
1203,3,脑膜炎球菌性,meningococcal,A39.5+ I52.0*,0.967450737953186,,,,,
1203,2,心因性-另见情况,Psychogenic – see also condition,,0.9794907569885254,,,,,
1203,3,因素，与躯体状况有关,factors associated with physical conditions,F54,0.9988625645637512,,,,,
1203,2,心硬化,Cardiosclerosis,I25.1,0.989953339099884,,,,,
1204,2,心脏 - 另见情况,"Cardiac, Heart - see also condition",,0.9403390884399414,,,,,
1204,3,猝死,"death, sudden",I46.1,0.9896385669708252,,,,,
1204,3,起搏器,pacemaker,,0.9550048112869263,,,,,
1204,4,管理或调节,management or adjustment,Z45.0,0.9295980930328369,,,,,
1204,4,原位,in sit,Z95.0,0.8924891948699951,,,,,
1204,3,压塞,tamponade,I31.9,0.9815139174461365,,,,,
1204,2,心脏病(另见病，心脏),"Cardiosis, Cardiopathy (see also Disease, heart)",I51.9,0.9762282371520996,,,,,
1204,3,粘多糖贮积病,mucopolysaccharidosis,E76.3+ I52.8*,0.9741169810295105,,,,,
1204,3,特发性,idiopathic,I42.9,0.9936007261276245,,,,,
1204,2,心脏病恐怖,Cardiophobia,F45.2,0.9999372959136963,,,,,
1204,2,心脏搏动,Heart beat,,0.9996963143348694,,,,,
1204,3,感觉,awareness,R00.2,0.9787920713424683,,,,,
1204,3,过快,rapid,R00.0,0.9437468647956848,,,,,
1204,3,过慢,slow,R00.1,0.9510914087295532,,,,,
1204,3,异常,abnormality,R00.8,0.9804264903068542,,,,,
1204,2,心脏搏动快慢交替,Bradytachycardia,I49.5,0.9882586002349854,,,,,
1204,2,心脏肥大(另见肥大，心脏),"Cardiomegaly (see also Hypertrophy, cardiac)",I51.7,0.9725359678268433,,,,,
1204,3,糖原性,glycogen,E74.0+ I43.1*,0.9851459264755249,,,,,
1204,3,特发性,idiopathic,I51.7,0.996372640132904,,,,,
1204,3,先天性,congenital,Q24.8,0.9770020842552185,,,,,
1204,2,心脏微梗死(另见供血不足，冠状动脉),"Microinfarct of heart (see also Insufficiency, coronary)",I24.8,0.9917990565299988,,,,,
1204,2,心脏异位,Cordis ectopia,Q24.8,0.9998778104782104,,,,,
1204,1,xīn 辛,,,0.9264451265335083,,,,,
1204,2,辛丁-拉森病或辛丁-拉森骨软骨病,Sinding-Larsen disease or osteochondrosis,M92.4,0.9958649277687073,,,,,
1204,2,辛诺柏病毒病(汉坦病毒(心)-肺综合征),Sin Nombre virus disease (Hantavirus (cardio)- pulmonary syndrome),B33.4+ J17.1*,0.9844708442687988,,,,,
1204,1,xīn 锌,,,0.9104596972465515,,,,,
1204,2,锌,Zinc,,0.9976446032524109,,,,,
1204,3,代谢紊乱,metabolism disorder,E83.2,0.9987539052963257,,,,,
1204,3,缺乏，饮食性,"deficiency, dietary",E60,0.9883737564086914,,,,,
1204,1,xīn 新,,,0.9633496403694153,,,,,
1204,2,新城结膜炎或新城病,Newcastle conjunctivitis or disease,B30.8+ H13.1*,0.9620315432548523,,,,,
1204,2,新生儿(婴儿)(活产)(单胎),Newborn (infant) (liveborn) (singleton),Z38.2,0.9963591694831848,,,,,
1204,3,在医院内出生,born in hospital,Z38.0,0.9824156761169434,,,,,
1204,3,在医院外出生,born outside hospital,Z38.1,0.9841436147689819,,,,,
1204,3,双胎,twin,Z38.5,0.9548315405845642,,,,,
1204,4,在医院内出生,born in hospital,Z38.3,0.9443304538726807,,,,,
1204,4,在医院外出生,born outside hospital,Z38.4,0.9494809508323669,,,,,
1205,3,多胎,multiple (delivery),Z38.8,0.949507474899292,,,,,
1205,4,在医院内出生,born in hospital,Z38.6,0.9664261341094971,,,,,
1205,4,在医院外出生,born outside hospital,Z38.7,0.9596776962280273,,,,,
1205,2,新生儿剥脱性皮炎,Ritter's disease,L00,0.9996229410171509,,,,,
1205,2,新生儿的 - 另见情况,"Neonatal, Neonatorum – see also condition",,0.9316983819007874,,,,,
1205,3,牙,"tooth, teeth",K00.6,0.9406585097312927,,,,,
1205,2,新生儿呼吸间断,Anaerosis of newborn,P28.8,0.9836506247520447,,,,,
1205,2,新生儿脂肪坏死,Adiponecrosis neonatorum,P83.8,0.9987612962722778,,,,,
1205,2,新血管形成,Neovascularization,,0.9998893737792969,,,,,
1205,3,虹膜,iris,H21.1,0.9627183675765991,,,,,
1205,3,角膜,cornea,H16.4,0.9567186832427979,,,,,
1205,3,睫状体,ciliary body,H21.1,0.9908607006072998,,,,,
1205,3,视网膜,retina,H35.0,0.9659404158592224,,,,,
1205,2,新月形或圆锥形脉络膜，先天性,"Crescent or conus choroid, congenital",Q14.3,0.9998118877410889,,,,,
1205,1,xīng 兴,,,0.9387618899345398,,,,,
1205,2,兴奋,Excitement,,0.999853253364563,,,,,
1205,3,精神，反应性(由于情绪应激，心理创伤),"mental, reactive (from emotional stress, psychological trauma)",F30.8,0.9969513416290283,,,,,
1205,3,亚躁狂,hypomanic,F30.0,0.968370795249939,,,,,
1205,3,躁狂,manic,F30.9,0.964701235294342,,,,,
1205,3,状态，反应性(由于情绪应激，心理创伤),"state, reactive (from emotional stress, psychological trauma)",F30.8,0.9989846348762512,,,,,
1205,1,xīng 星,,,0.9997270703315735,,,,,
1205,2,星型神经胶质瘤(M9400/3),Astroglioma (M9400/3),,0.9923052191734314,,,,,
1205,3,特指部位-见肿瘤，恶性,"specified site – see Neoplasm, malignant",,0.9762648344039917,,,,,
1205,3,未特指部位,unspecified site,C71.9,0.9949824213981628,,,,,
1205,2,星形细胞瘤(囊性)(M9400/3),Astrocytoma (cystic) (M9400/3),,0.9871298670768738,,,,,
1205,3,大圆细胞性(M9411/3),gemistocytic (M9411/3),,0.9823640584945679,,,,,
1205,4,特指部位-见肿瘤，恶性,"specified site — see Neoplasm, malignant",,0.9244365096092224,,,,,
1205,4,未特指部位,unspecified site,C71.9,0.9871265292167664,,,,,
1205,3,间变的(M9401/3),anaplastic (M9401/3),,0.9779937267303467,,,,,
1205,4,特指部位-见肿瘤，恶性,"specified site – see Neoplasm, malignant",,0.893494725227356,,,,,
1205,4,未特指部位,unspecified site,C71.9,0.9903857707977295,,,,,
1205,3,毛细胞性(M9421/3),pilocytic (M9421/3),,0.9596251249313354,,,,,
1205,4,特指部位-见肿瘤，恶性,"specified site – see Neoplasm, malignant",,0.9260189533233643,,,,,
1205,4,未特指部位,unspecified site,C71.9,0.9777960777282715,,,,,
1206,3,室管膜下(M9383/1),subependymal (M9383/1),D43.2,0.992855966091156,,,,,
1206,4,巨细胞(M9384/1),giant cell (M9384/1),,0.9434609413146973,,,,,
1206,5,特指部位-见肿瘤，动态未定,"specified site - see Neoplasm, uncertain behavior",,0.9497896432876587,,,,,
1206,4,未特指部位,unspecified site,D43.2,0.9741589426994324,,,,,
1206,4,特指部位-见肿瘤，动态未定,"specified site - see Neoplasm, uncertain behavior",,0.9781534671783447,,,,,
1206,4,未特指部位,unspecified site,D43.2,0.976142406463623,,,,,
1206,3,特指部位NEC-见肿瘤，恶性,"specified site NEC - see Neoplasm, malignant",,0.9946692585945129,,,,,
1206,3,未特指部位,unspecified site,C71.9,0.9881153106689453,,,,,
1206,3,纤维性(M9420/3),"fibrillary, fibrous (M9420/3)",,0.9757500886917114,,,,,
1206,4,特指部位-见肿瘤，恶性,"specified site - see Neoplasm, malignant",,0.9772399067878723,,,,,
1206,4,未特指部位,unspecified site,C71.9,0.973432719707489,,,,,
1206,3,纤维样(M9421/3),piloid (M9421/3),,0.9610301852226257,,,,,
1206,4,特指部位-见肿瘤，恶性,"specified site - see Neoplasm, malignant",,0.9877389073371887,,,,,
1206,4,未特指部位,unspecified site,C71.9,0.9640653133392334,,,,,
1206,3,幼年型(M9421/3),juvenile (M9421/3),,0.9948137402534485,,,,,
1206,4,特指部位-见肿瘤，恶性,"specified site - see Neoplasm, malignant",,0.9773858785629272,,,,,
1206,4,未特指部位,unspecified site,C71.9,0.9544442296028137,,,,,
1206,3,原浆性(M9410/3),protoplasmic (M9410/3),,0.9951509833335876,,,,,
1206,4,特指部位-见肿瘤，恶性,"specified site - see Neoplasm, malignant",,0.9687024354934692,,,,,
1206,4,未特指部位,unspecified site,C71.9,0.9781619906425476,,,,,
1206,2,星状细胞增生性室管膜瘤(M9383/1),Subependymoma (M9383/1),,0.9998319149017334,,,,,
1206,3,特指部位-见肿瘤，动态未定,"specified site - see Neoplasm, uncertain behavior",,0.9968720078468323,,,,,
1206,3,未特指部位,unspecified site,D43.2,0.9910748600959778,,,,,
1206,1,xīng 猩,,,0.9992786645889282,,,,,
1206,2,猩红热,Scarlatina,A38,0.9711437821388245,,,,,
1206,3,心肌炎(急性),myocarditis (acute),A38+ I41.0*,0.9612562656402588,,,,,
1206,4,陈旧性(另见心肌炎),old (see also Myocarditis),I51.4,0.9647774696350098,,,,,
1206,1,xíng 行,,,0.9200748801231384,,,,,
1206,2,行军性,March,,0.999850869178772,,,,,
1206,3,骨折,fracture,S92.3,0.954552948474884,,,,,
1206,3,血红蛋白尿症,hemoglobinuria,D59.6,0.9711135029792786,,,,,
1206,2,行为,Behavior,,0.9999750852584839,,,,,
1206,3,A 型,type A pattern,Z73.1,0.9506038427352905,,,,,
1206,3,迟钝,slowness,R46.4,0.9938236474990845,,,,,
1206,3,对应激事件的过分担心和偏见,undue concern or preoccupation with stressful events,R46.6,0.9973990321159363,,,,,
1206,3,多疑,suspiciousness,R46.5,0.9835090637207031,,,,,
1206,3,反社会型，儿童或青少年,"antisocial, child or adolescent",Z72.8,0.9947810769081116,,,,,
1207,3,反应不良,poor responsiveness,R46.4,0.9958399534225464,,,,,
1207,3,活动过度,overactivity,R46.3,0.9750558733940125,,,,,
1207,3,令人费解的,inexplicable,R46.2,0.9888837933540344,,,,,
1207,3,明显逃避,marked evasiveness,R46.5,0.9792848825454712,,,,,
1207,3,奇怪(和令人费解的),strange (and inexplicable),R46.2,0.968090832233429,,,,,
1207,3,特指的 NEC,specified NEC,R46.8,0.958412766456604,,,,,
1207,3,挑衅性(另见障碍，品行),"disruptive (see also Disorder, conduct)",F91.8,0.99456787109375,,,,,
1207,3,用啰嗦和详细叙述的语言使交往的理由含糊不清,verbosity and circumstantial detail obscuring reason for contact,R46.7,0.9734528064727783,,,,,
1207,3,障碍-见障碍，品行,"disorder, disturbance – see Disorder, conduct",,0.9664381742477417,,,,,
1207,3,自我损害(生活方式),self-damaging (lifestyle),Z72.8,0.9792402982711792,,,,,
1207,2,行走不能(站立不能)(癔症性),Abasia(-astasia) (hysterical),F44.4,0.9795549511909485,,,,,
1207,1,xíng 形,,,0.9776726365089417,,,,,
1207,2,形成,Formation,,0.9999433755874634,,,,,
1207,3,瓣膜,valve,,0.9765216708183289,,,,,
1207,4,结肠，先天性,"colon, congenital",Q43.8,0.9905579686164856,,,,,
1207,4,输尿管(先天性),ureter (congenital),Q62.3,0.9833692312240601,,,,,
1207,3,骨内死骨(由于感染),sequestrum in bone (due to infection),M86.6,0.988386332988739,,,,,
1207,3,角膜内透明蛋白,hyalin in cornea,H18.4,0.9827762246131897,,,,,
1207,1,xǐng 醒,,,0.9508190155029297,,,,,
1207,2,醒睡周期障碍,Sleep-wake schedule disorder,G47.2,0.9997560977935791,,,,,
1207,1,xìng 性,,,0.9516416192054749,,,,,
1207,2,性,Sex,,0.9999492764472961,,,,,
1207,3,教育,education,Z70.8,0.9720721244812012,,,,,
1207,3,染色体镶嵌型,chromosome mosaics,Q97.8,0.9939334988594055,,,,,
1207,4,细胞系伴有不同数量的X染色体,lines with various numbers of X chromosomes,Q97.2,0.9926125407218933,,,,,
1207,2,性变态,Paraphilia,F65.9,0.964411199092865,,,,,
1207,2,性别不确定,Indeterminate sex,Q56.4,0.9999616146087646,,,,,
1207,2,性病性淋巴组织病,"Lymphopathia venereum, veneris",A55,0.9908283352851868,,,,,
1207,2,性高潮缺失(心因性),Anorgasmy (psychogenic),F52.3,0.9977819323539734,,,,,
1207,2,性交疼痛(女性),"Coitus, painful, Dyspareunia (female) .",N94.1,0.9934400916099548,,,,,
1207,3,非器质性,nonorganic,F52.6,0.9775765538215637,,,,,
1207,3,继发性,secondary,N94.1,0.9680463671684265,,,,,
1207,3,男性,male,N48.8,0.9385009407997131,,,,,
1207,3,心因性,psychogenic,F52.6,0.9767501354217529,,,,,
1207,2,性快感缺失,Anhedonia (sexual),F52.1,0.9993557929992676,,,,,
1208,2,性母细胞瘤(M9073/1),Gonocytoma (M9073/1),,0.9998957514762878,,,,,
1208,3,特指部位-见肿瘤，动态未定,"specified site - see Neoplasm, uncertain behavior",,0.9891464710235596,,,,,
1208,3,未特指部位,unspecified site,,0.9966262578964233,,,,,
1208,4,男性,male,D40.1,0.9404236674308777,,,,,
1208,4,女性,female,D39.1,0.9150388836860657,,,,,
1208,2,性取向，自我不和谐的(双性)(异性)(同性)(青春期前),"Orientation, sexual, egodystonic (bisexual) (heterosexual) (homosexual) (prepubertal)",F66.1,0.9475321173667908,,,,,
1208,2,性受虐癖[性受虐狂],Masochism (sexual),F65.5,0.9981689453125,,,,,
1208,2,性腺功能减退症,Hypogonadism,,0.9987162351608276,,,,,
1208,3,垂体,pituitary,E23.0,0.9895299077033997,,,,,
1208,3,促性腺激素分泌不足,hypogonadotropic,E23.0,0.9892818331718445,,,,,
1208,3,睾丸(原发性),testicular (primary),E29.1,0.9883555769920349,,,,,
1208,3,卵巢(原发性),ovarian (primary),E28.3,0.9859378337860107,,,,,
1208,3,男性,male,E29.1,0.9526431560516357,,,,,
1208,3,女性,female,E28.3,0.972402811050415,,,,,
1208,2,性腺机能亢进,Hypergonadism,,0.9998093247413635,,,,,
1208,3,睾丸(婴儿)(原发性),testicular (infantile) (primary),E29.0,0.9852717518806458,,,,,
1208,3,卵巢,ovarian,E28.8,0.95872962474823,,,,,
1208,2,性腺胚细胞瘤-现译名成性腺细胞瘤,Gonadoblastoma,,0.9994568824768066,,,,,
1208,2,性厌恶,"Aversion, sexual",F52.1,0.9999010562896729,,,,,
1208,2,性欲，病理性(另见偏离，性欲),"Sexuality, pathologic (see also Deviation, sexual)",F65.9,0.9994057416915894,,,,,
1208,2,性早熟(女性)(男性)(体质性)(原因不明的)(特发性) NEC,"Precocity, Pubertas praecox, sexual (female) (male) (constitutional) (cryptogenic) (idiopathic) NEC",E30.1,0.9771144390106201,,,,,
1208,3,伴有肾上腺增生,with adrenal hyperplasia,E25.9,0.9972012042999268,,,,,
1208,4,先天性,congenital,E25.0,0.9641458988189697,,,,,
1208,1,xiōng 凶,,,0.9560801386833191,,,,,
1208,2,凶暴,"Violence, physical",R45.6,0.9484227299690247,,,,,
1208,1,xiōng 胸,,,0.9700427651405334,,,,,
1208,2,胸 -另见情况,"Pectus, Thorax, thoracic - see also condition",,0.9430637955665588,,,,,
1208,3,鸡(先天性),carinatum (congenital),Q67.7,0.9817933440208435,,,,,
1208,4,佝偻病性(晚期效应),rachitic (late effect),E64.3,0.983309805393219,,,,,
1208,4,后天性,acquired,M95.4,0.9741040468215942,,,,,
1208,3,漏斗(先天性),excavatum (congenital),Q67.6,0.9836136698722839,,,,,
1208,4,佝偻病性(晚期效应),rachitic (late effect),E64.3,0.9607322812080383,,,,,
1208,4,后天性,acquired,M95.4,0.9175235629081726,,,,,
1208,3,肾,kidney,Q63.2,0.9764690399169922,,,,,
1208,2,胸壁凹陷,Concavity chest wall,M95.4,0.999904215335846,,,,,
1208,2,胸的 - 见情况,"Chest, Pectoral - see condition",,0.9826132655143738,,,,,
1208,2,胸腹裂(先天性),Thoracogastroschisis (congenital),Q79.8,0.9724470973014832,,,,,
1209,2,胸骨联胎，胸联双胎,"Sternopagus, Thoracopagus",Q89.4,0.9984595775604248,,,,,
1209,2,胸骨裂,Sternum bifidum,Q76.7,0.9551666975021362,,,,,
1209,2,胸骨痛(另见心绞痛),Sternalgia (see also Angina),I20.9,0.9701370000839233,,,,,
1209,2,胸骨下甲状腺(先天性),"Retrosternal, Substernal thyroid (congenital)",Q89.2,0.9929683804512024,,,,,
1209,3,后天性,acquired,E04.9,0.980122447013855,,,,,
1209,2,胸膜的 - 见情况,"Pleura, pleural - see condition",,0.8976481556892395,,,,,
1209,2,胸膜肺炎(急性)(双侧)(脓毒性)(另见肺炎),Pleuropneumonia (acute) (bilateral) (double) (septic) (see also Pneumonia),J18.8,0.993194580078125,,,,,
1209,3,慢性(另见纤维化，肺),"chronic (see also Fibrosis, lung)",J84.1,0.98747318983078,,,,,
1209,2,胸膜腔渗液(另见胸膜炎，伴有，渗出),"Pleurorrhea (see also Pleurisy, with, effusion)",J90,0.9968672394752502,,,,,
1209,2,胸膜痛(流行性),"Grip, Pleuralgia, Pleurodynia",R07.3,0.979076087474823,,,,,
1209,3,达布尼,Dabney's,B33.0,0.9963599443435669,,,,,
1209,3,流行性[鬼抓风],"epidemic, devil's",B33.0,0.9944583773612976,,,,,
1209,2,胸膜心包炎(另见心包炎),Pleuropericarditis (see also Pericarditis),I31.9,0.982998788356781,,,,,
1209,2,胸膜炎(急性)(粘连性)(慢性)(双侧)(干性)(纤维蛋白性)(亚急性),Pleurisy (acute) (adhesive) (chronic) (double) (dry) (fibrinous) (subacute),R09.1,0.9893369674682617,,,,,
1209,3,伴有,with,,0.9485546946525574,,,,,
1209,4,结核病-见胸膜炎，结核性(非原发性),"tuberculosis - see Pleurisy, tuberculous (non-primary)",,0.9722203016281128,,,,,
1209,4,流感(另见流行性感冒，伴有，呼吸道表现),"influenza, flu, or grippe (see also Influenza, with, respiratory manifestations)",J11.1,0.9890701174736023,,,,,
1209,4,渗出,effusion,J90,0.9020101428031921,,,,,
1209,5,结核性NEC(非原发性),tuberculous NEC (non-primary),A16.5,0.9903932809829712,,,,,
1209,6,伴有细菌学和组织学证实,with bacteriological and histological confirmation,A15.6,0.9886618852615356,,,,,
1209,6,原发性(进行性),primary (progressive),A16.7,0.9588202834129333,,,,,
1209,7,伴有细菌学和组织学证实,with bacteriological and histological confirmation,A15.7,0.9760797619819641,,,,,
1209,4,流感性(另见流行性感冒，伴有，呼吸道表现),"influenzal (see also Influenza, with, respiratory manifestations)",J11.1,0.9650956392288208,,,,,
1209,4,乳糜样,"chylous, chyliform",J94.0,0.9816104173660278,,,,,
1209,3,包裹性(另见胸膜炎，伴有，渗出),"encysted (see also Pleurisy, with effusion)",J90,0.9907142519950867,,,,,
1209,3,出血性(见血胸),hemorrhagic (see Hemothorax),,0.9877446293830872,,,,,
1209,3,创伤性(近期)(过去),traumatic (current) (post),S27.6,0.9748682975769043,,,,,
1209,3,肺炎球菌性,pneumococcal,J90,0.9677488803863525,,,,,
1209,3,化脓性(另见脓胸),"purulent, suppurative (see also Pyothorax)",J86.9,0.9989390969276428,,,,,
1209,3,浆液脓性(另见脓胸),seropurulent (see also Pyothorax),J86.9,0.984771728515625,,,,,
1209,3,浆液纤维蛋白性(另见胸膜炎，伴有，渗出),"serofibrinous (see also Pleurisy, with effusion)",J90,0.9971080422401428,,,,,
1209,3,浆液性(另见胸膜炎，伴有，渗出),"serous (see also Pleurisy, with effusion)",J90,0.9905282258987427,,,,,
1209,3,结核性(伴有渗出)(非原发性),tuberculous (with effusion) (non-primary),A16.5,0.9632692337036133,,,,,
1209,4,伴有细菌学和组织学证实,with bacteriological and histological confirmation,A15.6,0.989974319934845,,,,,
1209,4,原发性(进行性),primary (progressive),A16.7,0.9687575101852417,,,,,
1209,5,伴有细菌学和组织学证实,with bacteriological and histological confirmation,A15.7,0.9847840666770935,,,,,
1209,3,链球菌性,streptococcal,J90,0.9917494654655457,,,,,
1210,3,流感性(另见流行性感冒，伴有，呼吸道表现),"influenzal (see also Influenza, with, respirator manifestations)",J11.1,0.9842824339866638,,,,,
1210,3,脓毒性,septic,J86.9,0.9743670225143433,,,,,
1210,3,葡萄球菌性,staphylococcal,J86.9,0.9584159851074219,,,,,
1210,3,渗出性(另见胸膜炎，伴有，渗出),"exudative (see also Pleurisy, with effusion)",J90,0.9931485056877136,,,,,
1210,3,纤维蛋白脓性，纤维脓性(另见脓胸),"fibrinopurulent, fibropurulent (see also Pyothorax)",J86.9,0.9935323596000671,,,,,
1210,2,胸内 - 另见情况,Intrathoracic - see also condition,,0.9439539313316345,,,,,
1210,3,肾,kidney,Q63.2,0.9345316886901855,,,,,
1210,2,胸水(又称胸腔积液),Hydrothorax,J94.8,0.9998148083686829,,,,,
1210,2,胸腔积液[胸水](双侧)(胸膜),Hydrothorax (double) (pleura),J94.8,0.992662787437439,,,,,
1210,3,创伤性,traumatic,S27.8,0.9928181171417236,,,,,
1210,3,结核性 - 见 结核,tuberculous - see Tuberculosis,,0.9366821646690369,,,,,
1210,3,乳糜性(非丝虫性),chylous (nonfilarial),I89.8,0.9776688814163208,,,,,
1210,4,丝虫性(另见丝虫病),"filarial - see also Filaria, filarial, filariasis",B74.9+ J91*,0.9792883396148682,,,,,
1210,2,胸腺的 - 见情况,"Thymus, thymic (gland) - see condition",,0.9774949550628662,,,,,
1210,2,胸腺瘤(良性)(M8580/0),Thymoma (benign) (M8580/0),D15.0,0.9938844442367554,,,,,
1210,3,恶性(M8580/3),malignant (M8580/3),C37,0.9758369326591492,,,,,
1210,2,胸腺炎,Thymitis,E32.8,0.999893307685852,,,,,
1210,1,xióng 雄,,,0.9348865151405334,,,,,
1210,2,雄激素,"Testicle, testicula",,0.9887827634811401,,,,,
1210,3,不敏感综合征[睾丸女性化综合征],feminization syndrome,E34.5,0.9913691878318787,,,,,
1210,2,雄激素抵抗综合征,Androgen resistance syndrome,E34.5,0.9998870491981506,,,,,
1210,1,xiū 休,,,0.9998353719711304,,,,,
1210,2,休克,Shock,R57.9,0.9711253643035889,,,,,
1210,3,变应性-见休克，过敏性,"allergic - see Shock, anaphylactic",,0.9932149648666382,,,,,
1210,3,产科性,obstetric,O75.1,0.9795135855674744,,,,,
1210,4,流产后(随后发生),following abortion (subsequent episode),O08.3,0.9510889649391174,,,,,
1210,5,近期发生-见流产,current episode - see Abortion,,0.9757091999053955,,,,,
1210,3,出生后，胎儿或新生儿 NEC,"birth, fetus or newborn NEC",P96.8,0.9768432378768921,,,,,
1210,3,创伤性(延迟)(即刻),traumatic (delayed) (immediate),T79.4,0.9848116040229797,,,,,
1210,3,电,electric,T75.4,0.9635383486747742,,,,,
1210,3,肺,lung,J80,0.9205243587493896,,,,,
1210,3,感染性,septic,A41.9,0.9972012639045715,,,,,
1210,4,后,following,,0.8307018876075745,,,,,
1210,3,流产(随后发生),abortion (subsequent episode),O08.0,0.9455480575561523,,,,,
1210,4,近期发生-见流产,current episode - see Abortion,,0.9639500379562378,,,,,
1210,5,异位妊娠或葡萄胎妊娠,ectopic or molar pregnancy,O08.0,0.9815218448638916,,,,,
1211,4,由于,due to,,0.8328881859779358,,,,,
1211,5,手术操作,surgical procedure,T81.1,0.9395392537117004,,,,,
1211,5,输注、治疗性注射或输血,"infusion, therapeutic injection or transfusion",T80.2,0.9844148755073547,,,,,
1211,3,过敏性,"anaphylactic, anaphylactoid",T78.2,0.9925373196601868,,,,,
1211,4,化学性-见药物和化学制剂表,chemical - see Table of drugs and chemicals,,0.9564270377159119,,,,,
1211,4,免疫接种,immunization,T80.5,0.9899911880493164,,,,,
1211,4,食物,food,T78.0,0.9565653204917908,,,,,
1211,5,海生动物NEC,marine animal NEC,T63.6,0.9818093776702881,,,,,
1211,4,适当应用正确药物,correct medicinal substance properly administered,T88.6,0.9605238437652588,,,,,
1211,4,蜇伤后,following sting(s),T63.9,0.970296323299408,,,,,
1211,5,贝壳类,shellfish,T63.6,0.9197124242782593,,,,,
1211,5,大黄蜂,hornet,T63.4,0.9841620922088623,,,,,
1211,5,海葵,sea-anemone,T63.6,0.97783362865448,,,,,
1211,5,海生动物NEC,marine animal NEC,T63.6,0.9577524065971375,,,,,
1211,5,海星,starfish,T63.6,0.9740167856216431,,,,,
1211,5,海蜇,jelly-fish,T63.6,0.9880693554878235,,,,,
1211,5,胡蜂,wasp,T63.4,0.9609209895133972,,,,,
1211,5,节肢动物 NEC,arthropod NEC,T63.4,0.9371852874755859,,,,,
1211,5,昆虫 NEC,insect NEC,T63.4,0.9426271319389343,,,,,
1211,5,蜜蜂,bee,T63.4,0.9857848882675171,,,,,
1211,5,蝎子,scorpion,T63.2,0.9690578579902649,,,,,
1211,4,血清,serum,T80.5,0.9547331929206848,,,,,
1211,4,药物或医药,drug or medicinal substance,,0.9706148505210876,,,,,
1211,5,过量或给错或服错药物,overdose or wrong substance given or taken,T50.9,0.9951042532920837,,,,,
1211,6,特指的药物-见药物和化学制剂表,specified drug - see Table of drugs and chemicals,,0.9722204208374023,,,,,
1211,5,恰当使用正确的物质,correct substance properly administered,T88.6,0.9951183199882507,,,,,
1211,3,后,following,,0.9622147679328918,,,,,
1211,4,产程和分娩,labor and delivery,O75.1,0.9880931377410889,,,,,
1211,4,流产(随后发生),abortion (subsequent episode),O08.3,0.9671447277069092,,,,,
1211,5,近期发生-见流产,current episode - see Abortion,,0.9792792797088623,,,,,
1211,4,损伤(延迟)(即刻),injury (delayed) (immediate),T79.4,0.972200870513916,,,,,
1211,4,异位妊娠或葡萄胎妊娠,ectopic or molar pregnancy,O08.3,0.957616925239563,,,,,
1211,3,化学物质-见药物和化学制剂表,chemical substance - see Table of drugs and chemicals,,0.9975098967552185,,,,,
1211,3,脊髓(另见损伤，脊髓，按部位),"spinal (see also Injury, spinal cord, by region)",T09.3,0.988652229309082,,,,,
1211,3,精神性,psychic,F43.0,0.9903386235237122,,,,,
1211,3,雷电,lightning,T75.0,0.9717146158218384,,,,,
1211,3,麻醉药,anesthetic,,0.9716252684593201,,,,,
1211,4,过量或给错药物,overdose or wrong substance given,T41.1,0.9892102479934692,,,,,
1211,5,特指的麻醉药-见药物和化学制剂表,specified anesthetic - see Table of drugs and chemicals,,0.9823563098907471,,,,,
1211,4,恰当使用正确的物质,correct substance properly administered,T88.2,0.9871707558631897,,,,,
1212,3,内毒素性,endotoxic,R57.8,0.9811936616897583,,,,,
1212,4,由于手术操作引起的,due to surgical procedure,T81.1,0.9692192077636719,,,,,
1212,4,在操作中或操作后,during or following procedure,T81.1,0.9591423273086548,,,,,
1212,3,肾上腺(皮质)(艾迪生病),adrenal (cortical) (Addisonian),E27.2,0.9783787727355957,,,,,
1212,3,食物(过敏性),food (anaphylactic),T78.0,0.9749231338500977,,,,,
1212,3,手术后,postoperative,T81.1,0.9651440382003784,,,,,
1212,3,输血-见并发症，输血,"transfusion - see Complications, transfusion",,0.9845018982887268,,,,,
1212,3,特指的NEC,specified NEC,R57.8,0.9557186961174011,,,,,
1212,3,外科,surgical,T81.1,0.9608609080314636,,,,,
1212,3,文化,culture,F43.2,0.946497917175293,,,,,
1212,3,心源性,cardiogenic,R57.0,0.9952716827392578,,,,,
1212,3,血容量不足性,hypovolemic,R57.1,0.9796097874641418,,,,,
1212,4,创伤性,traumatic,T79.4,0.9913290739059448,,,,,
1212,4,手术,surgical,T81.1,0.9506338238716125,,,,,
1212,3,药物,drug,T78.2,0.9893580079078674,,,,,
1212,4,过量或给错或服错药物,overdose or wrong drug given or taken,T50.9,0.9787081480026245,,,,,
1212,5,特指的药物-见药物和化学制剂表,specified drug - see Table of drugs and chemicals,,0.9816719889640808,,,,,
1212,4,恰当使用正确的物质,correct substance properly administered,T88.6,0.9875267148017883,,,,,
1212,3,医疗中意外事故NEC(另见并发症),therapeutic misadventure NEC (see also Complications),T81.1,0.9910886883735657,,,,,
1212,3,有害食物反应(过敏性),adverse food reaction (anaphylactic),T78.0,0.9945695400238037,,,,,
1212,3,在产程和分娩中或以后,duringor after labor and delivery,O75.1,0.9829936027526855,,,,,
1212,3,中毒性，综合征,"toxic, syndrome",A48.3,0.9955845475196838,,,,,
1212,1,xiū 修,,,0.9998785257339478,,,,,
1212,2,修复,Repair,,0.9999852776527405,,,,,
1212,3,瘢痕组织,scarred tissue,Z42.9,0.9845291376113892,,,,,
1212,4,躯干,trunk,Z42.2,0.8823972344398499,,,,,
1212,4,乳房,breast,Z42.1,0.9624651670455933,,,,,
1212,4,上肢,upper extremity,Z42.3,0.9762850999832153,,,,,
1212,4,下肢,lower extremity,Z42.4,0.9543806910514832,,,,,
1212,4,特指的NEC,specified NEC,Z42.8,0.956401526927948,,,,,
1212,4,头部和颈部,head and neck,Z42.0,0.9336965084075928,,,,,
1212,3,盆腔底，以前的，在妊娠或分娩中,"pelvic floor, previous, in pregnancy or childbirth",O34.8,0.9906825423240662,,,,,
1212,1,xiù 嗅,,,,,,,,
1212,2,嗅[闻吸],Sniffing,,0.9993418455123901,,,,,
1212,3,胶(飞机),glue (airplane),F18,0.9957723617553711,,,,,
1212,4,瘾,addiction,F18.2,0.9639585018157959,,,,,
1212,3,可卡因(习惯性),cocaine (habitual),F14.2,0.9892646670341492,,,,,
1212,3,汽油,gasoline/petrol,F18,0.9390206933021545,,,,,
1212,4,瘾,addiction,F18.2,0.9552904963493347,,,,,
1213,2,嗅的 - 见情况,Olfactory - see condition,,0.9722915887832642,,,,,
1213,2,嗅觉倒错,Parosmia,R43.1,0.9886649250984192,,,,,
1213,3,心因性,psychogenic,F45.8,0.9675794839859009,,,,,
1213,2,嗅觉过敏,Hyperosmia,R43.1,0.9829474687576294,,,,,
1213,2,嗅觉丧失(另见障碍，感觉),"Anosmia (see also Disturbance, sensation)",R43.0,0.9887484312057495,,,,,
1213,3,癔症性,hysterical,F44.6,0.9224461317062378,,,,,
1213,1,xiù 溴,,,0.9625052213668823,,,,,
1213,2,溴中毒,"Bromidism, bromism",,0.9943472743034363,,,,,
1213,3,急性，过量或给错或服错药物,"acute, overdose or wrong substance given or taken",T42.6,0.9980092644691467,,,,,
1213,3,慢性(依赖),chronic (dependence),F13.2,0.9795851111412048,,,,,
1213,3,恰当使用正确的物质,correct substance properly administered,G92,0.9973099231719971,,,,,
1213,1,xū 须,,,0.9998686909675598,,,,,
1213,2,须部假毛囊炎,Pseudofolliculitis barbae,L73.1,0.9892885684967041,,,,,
1213,2,须疮,Sycosis,L73.8,0.9987907409667969,,,,,
1213,3,触染性(真菌性),contagiosa (mycotic),B35.0,0.9769434332847595,,,,,
1213,3,寄生虫性,parasitic,B35.0,0.9602559804916382,,,,,
1213,3,狼疮样,lupoides,L73.8,0.9840925335884094,,,,,
1213,3,寻常(非寄生虫性),"barbae, vulgaris (not parasitic)",L73.8,0.9926174879074097,,,,,
1213,3,真菌性,mycotic,B35.0,0.9651992917060852,,,,,
1213,1,xū 虚,,,0.997981071472168,,,,,
1213,2,虚弱，无力(慢性)(全身性)(另见衰竭),"Asthenia, Asthenic, Debility, Prostration, Worn out (chronic) (general) (see also Exhaustion)",R53,0.9875029921531677,,,,,
1213,3,老年性[衰老],"old age, senile",R54,0.9890853762626648,,,,,
1213,3,神经性,nervous,F48.0,0.9648809432983398,,,,,
1213,3,神经循环性,neurocirculatory,F45.3,0.9682140350341797,,,,,
1213,3,先天性或新生儿NEC,congenital or neonatal NEC,P96.9,0.9874318242073059,,,,,
1213,2,虚脱,Collapse,R55,0.953561544418335,,,,,
1213,3,全身性,general,R55,0.9858611226081848,,,,,
1213,3,热,heat,T67.1,0.9581713080406189,,,,,
1213,3,手术后(心血管),postoperative (cardiovascular),T81.1,0.9744723439216614,,,,,
1213,3,癔症性,hysterical,F44.8,0.9558000564575195,,,,,
1213,3,在产程和分娩中或以后.,during or after labor and delivery .,O75,0.984642505645752,,,,,
1214,1,xū 需,,,0.9994212985038757,,,,,
1214,2,需排除的情况(另见观察，可疑的),"Ruled out condition (see also Observation, suspected)",Z03.9,0.9878460168838501,,,,,
1214,2,需要,Need for,,0.9990851879119873,,,,,
1214,3,接种 -见 接种,vaccination - see Vaccination,,0.8977044224739075,,,,,
1214,3,免疫接种-见接种,immunization - see Vaccination,,0.9904844760894775,,,,,
1214,3,提供照料人员，由于,care provider because (of),,0.9980025291442871,,,,,
1214,4,活动能力降低,impaired mobility,Z74.0,0.9854807257652283,,,,,
1214,4,特指的理由NEC,specified reason NEC,Z74.8,0.9521962404251099,,,,,
1214,4,无其他家庭成员能给予照顾,no other household member able to render care,Z74.2,0.9776837229728699,,,,,
1214,4,需要持续的监护,continuous supervision required,Z74.3,0.9607254266738892,,,,,
1214,4,需要照料人员的帮助,assistance with personal care,Z74.1,0.9876052737236023,,,,,
1214,2,需要鉴定人的证词,Request for expert evidence,Z04.8,0.9981594681739807,,,,,
1214,1,xǔ 许,,,0.9880782961845398,,,,,
1214,2,许-克病或许-克综合征,Schüller-Christian disease or syndrome,D76.0,0.9896839261054993,,,,,
1214,2,许特尔细胞,Hurthle cell,,0.999931812286377,,,,,
1214,3,癌，腺癌(M8290/3),"carcinoma, adenocarcinoma (M8290/3)",C73,0.9919581413269043,,,,,
1214,3,瘤，腺瘤(M8290/0),"tumor, adenoma (M8290/0)",D34,0.9879689812660217,,,,,
1214,1,xù 酗,,,0.917991578578949,,,,,
1214,2,酗酒(急性),Intemperance (acute),F10.1,0.9816227555274963,,,,,
1214,1,xù 续,,,0.8835683465003967,,,,,
1214,2,续连症，骨干性,"Aclasis, diaphyseal",Q78.6,0.999677300453186,,,,,
1214,1,xù 蓄,,,0.9998745918273926,,,,,
1214,2,蓄意装病,"Simulation, conscious (of illness)",Z76.5,0.9778417348861694,,,,,
1214,1,xuán 悬,,,0.9525393843650818,,,,,
1214,2,悬吊[上吊](窒息)(绞窄),Hanging (asphyxia) (strangulation) (suffocation),T71,0.9933242797851562,,,,,
1214,2,悬吊子宫,Suspended uterus,,0.9998631477355957,,,,,
1214,3,在妊娠或分娩中,in pregnancy or childbirth,O34.5,0.9649481773376465,,,,,
1214,4,引起梗阻性分娩,causing obstructed labor,O65.5,0.9409171938896179,,,,,
1214,5,影响到胎儿或新生儿,affecting fetus or newborn,P03.1,0.9839698076248169,,,,,
1214,2,悬浮物，玻璃体,"Floater, vitreous",H43.3,0.996041476726532,,,,,
1214,2,悬雍垂的 - 见情况,Uvula - see condition,,0.9756014943122864,,,,,
1214,2,悬雍垂炎(急性)(卡他性)(慢性)(坏疽性)(膜性)(化脓性)(溃疡性),"Staphylitis, Uvulitis (acute)(catarrhal) (chronic) (gangrenous) (membranous) (suppurative) (ulcerative)",K12.2,0.9923051595687866,,,,,
1215,1,xuán 旋,,,0.9797714352607727,,,,,
1215,2,旋毛虫病，毛线虫病,"Trichinellosis, trichiniasis, trichilelliasis, trichinosis",B75,0.99968022108078,,,,,
1215,2,旋毛虫感染，侵染,"Trichinella spiralis infection, infestation",B75,0.9951757788658142,,,,,
1215,2,旋前,Pronation,,0.9999724626541138,,,,,
1215,3,踝,ankle,M21.6,0.9801851511001587,,,,,
1215,3,足,foot,M21.6,0.9366985559463501,,,,,
1215,4,先天性,congenital,Q74.2,0.950737714767456,,,,,
1215,2,旋转,Rotation,,0.9999778866767883,,,,,
1215,3,脊柱，不全或不足,"spine, incomplete or insufficient",M43.8,0.9952629208564758,,,,,
1215,3,手法，影响到胎儿或新生儿,"manual, affecting fetus or newborn",P03.8,0.9738549590110779,,,,,
1215,3,牙,"tooth, teeth",K07.3,0.9175999164581299,,,,,
1215,3,异常的，不全或不足，肠,"anomalous, incomplete or insufficient, intestine",Q43.3,0.9957902431488037,,,,,
1215,3,椎骨，不全或不足,"vertebra, incomplete or insufficient",M43.8,0.9862958192825317,,,,,
1215,2,旋转不良,Malrotation,,0.9999814033508301,,,,,
1215,3,肠,intestine,Q43.3,0.9779055118560791,,,,,
1215,3,结肠,colon,Q43.3,0.9757464528083801,,,,,
1215,3,盲肠,cecum,Q43.3,0.9863886833190918,,,,,
1215,3,肾,kidney,Q63.2,0.9597386121749878,,,,,
1215,2,旋转斜视,Cyclotropia,H50.4,0.9999864101409912,,,,,
1215,2,旋转隐斜,Cyclophoria,H50.5,0.9632256627082825,,,,,
1215,1,xuǎn 癣,,,0.9882640242576599,,,,,
1215,2,癣(横断性)(脸缘),"Itch, Ringworm, Tinea (intersecta) (tarsi)",B35.9,0.9654458165168762,,,,,
1215,3,白,blanca,B36.2,0.9799973368644714,,,,,
1215,3,叠瓦(任何部位),"Imbricata, Malabar, Tokelau (any site)",B35.5,0.9970220923423767,,,,,
1215,3,蜂窝,honeycomb,B35.0,0.9590322971343994,,,,,
1215,3,腹股沟,groin,B35.6,0.9891305565834045,,,,,
1215,3,肛周(区),perianal (area),B35.6,0.9942867755889893,,,,,
1215,3,股,"cruris, jock",B35.6,0.9349747896194458,,,,,
1215,3,黑,nigra,B36.1,0.9619175791740417,,,,,
1215,3,黑斑，黑点,black dot,B35.0,0.992885172367096,,,,,
1215,3,花斑,versicolor,B36.0,0.9856797456741333,,,,,
1215,3,甲,"nails, unguium",B35.1,0.9850500226020813,,,,,
1215,3,脚,pedis,B35.3,0.9890668392181396,,,,,
1215,3,结节性(另见毛孢子菌病),nodosa (see also Piedra),B36.8,0.9777548313140869,,,,,
1215,3,毛癣菌性(另见皮肤癣菌病),trichophytic (see also Dermatophytosis),B35.9,0.9854602813720703,,,,,
1215,3,缅甸,Burmese,B35.5,0.9851229786872864,,,,,
1215,3,脓,kerion,B35.0,0.96760094165802,,,,,
1215,3,热带花斑,flava,B36.0,0.9655633568763733,,,,,
1215,3,石棉状,amiantacea,L44.8,0.9834427833557129,,,,,
1216,3,手,"hand, manuum",B35.2,0.9802199006080627,,,,,
1216,3,特指部位 NEC,specified site NEC,B35.8,0.9910255670547485,,,,,
1216,3,体,"body, corporis",B35.4,0.9519085884094238,,,,,
1216,3,头,"capitis, tonsurans",B35.0,0.9824095368385315,,,,,
1216,3,头皮,scalp,B35.0,0.9578302502632141,,,,,
1216,3,洗衣员,dhobi,B35.6,0.9739935994148254,,,,,
1216,3,小孢子菌性(另见皮肤癣菌病),microsporic (see also Dermatophytosis),B35.9,0.9945325255393982,,,,,
1216,3,须[触染性须疮],"barbae, beard sycosis",B35.0,0.9952868223190308,,,,,
1216,3,足,foot,B35.3,0.9913706183433533,,,,,
1216,1,xuàn 眩,,,0.9474074244499207,,,,,
1216,2,眩晕,"Giddiness, Vertigo",R42,0.9994813799858093,,,,,
1216,3,大脑,cerebral,H81.4,0.9406830668449402,,,,,
1216,3,癫癇性,epileptic,G40.8,0.9127268195152283,,,,,
1216,3,耳性，耳源性,"auditory, aural, otogenic",H81.3,0.9833146929740906,,,,,
1216,3,绝经期,menopausal,N95.1,0.9922842383384705,,,,,
1216,3,良性阵发性,benign paroxysmal,H81.1,0.9774371981620789,,,,,
1216,3,流行性,epidemic,A88.1+ H82*,0.9550262093544006,,,,,
1216,3,梅尼埃病[美尼尔病],Ménière's,H81.0,0.9818066358566284,,,,,
1216,3,迷路,labyrinthine,H81.0,0.9631649851799011,,,,,
1216,3,外周性NEC,peripheral NEC,H81.3,0.9454348683357239,,,,,
1216,3,心因性,psychogenic,F45.8,0.9826026558876038,,,,,
1216,3,亚声波,infrasound,T75.2,0.9341992139816284,,,,,
1216,3,癔症性,hysterical,F44.8,0.9564663767814636,,,,,
1216,3,振动引起的,due to vibration,T75.2,0.9980065822601318,,,,,
1216,3,中枢性(起源),central (origin),H81.4,0.945769727230072,,,,,
1216,1,xuē 薛,,,0.9976803660392761,,,,,
1216,2,薛勒-现译名克勒,Kohler,,0.9820618629455566,,,,,
1216,1,xué 学,,,0.9997395873069763,,,,,
1216,2,学生肘,Student's elbow,M70.2,0.97210693359375,,,,,
1216,3,学习成绩低,nderachievement in school,Z55.3,0.992738664150238,,,,,
1216,2,学习缺陷(特异性),Learning defect (specific),F81.9,0.9995600581169128,,,,,
1216,1,xuě 雪,,,0.9993752241134644,,,,,
1216,2,雪盲,Snow blindness,H16.1,0.9720660448074341,,,,,
1217,1,xuè 血,,,0.9336563348770142,,,,,
1217,2,血β-脂蛋白缺乏症,Abetalipoproteinemia,E78.6,0.9998722076416016,,,,,
1217,2,血白蛋白减少,Hypoalbuminemia,E88.0,0.9848215579986572,,,,,
1217,2,血卟啉病 - 见 卟啉病,Hematoporphyria - see Porphyria,,0.8965315222740173,,,,,
1217,2,血胆固醇过多 - 见 高胆固醇血症,Hypercholesterinemia - see Hypercholesterolemia,,0.9510955810546875,,,,,
1217,2,血氮过多-见尿毒症,Hyperazotemia - see Uremia,,0.9837384819984436,,,,,
1217,2,血管 - 另见情况,Vascular - see also condition,,0.9444797039031982,,,,,
1217,3,包鞘，视网膜,"sheathing, retina",H35.0,0.996859073638916,,,,,
1217,3,视乳头袢,loop on optic papilla,Q14.2,0.974140465259552,,,,,
1217,3,蜘蛛状,spider,I78.1,0.9432739019393921,,,,,
1217,2,血管病,"Angiopathia, angiopathy, vasculopathy",I99,0.9772054553031921,,,,,
1217,3,大脑,cerebral,I67.9,0.9472655057907104,,,,,
1217,4,淀粉样,amyloid,E85.4+ I68.0*,0.9742851257324219,,,,,
1217,3,坏死性,necrotizing,M31.9,0.9900032877922058,,,,,
1217,3,梅毒性视网膜,retinae syphilitica,A52.0+ H36.8*,0.973990261554718,,,,,
1217,3,糖尿病性(周围)(另见E10-E14伴有第四位数.5),diabetic (peripheral) (see also E10-E14 with fourth character .5),E14.5+ I79.2*,0.9232947826385498,,,,,
1217,3,特指的 NEC,specified NEC,M31.8,0.9631303548812866,,,,,
1217,3,周围,peripheral,I73.9,0.9717903137207031,,,,,
1217,4,糖尿病性(另见E10-E14伴有第四位数.5),diabetic (see also E10-E14 with fourth character .5),E14.5+ I79.2*,0.9231669902801514,,,,,
1217,2,血管发育不良(盲肠)(结肠),Angiodysplasia (cecum) (colon),K55.2,0.9970945715904236,,,,,
1217,2,血管分布，非典型,"Distribution vessel, atypical",Q27.9,0.9999561905860901,,,,,
1217,3,入脑前,precerebral,Q28.1,0.9894135594367981,,,,,
1217,2,血管肌瘤(M8894/0)-见肿瘤，结缔组织，良性,"Angiomyoma (M8894/0) - see Neoplasm, connective tissue, benign",,0.975642740726471,,,,,
1217,2,血管肌肉瘤(M8894/3)-见肿瘤，结缔组织，恶性,"Angiomyosarcoma (M8894/3) - see Neoplasm, connective tissue, malignant",,0.9870476722717285,,,,,
1217,2,血管肌脂肪瘤(M8860/0)-见 脂肪瘤,Angiomyolipoma (M8860/0) - see Lipoma,,0.9661602973937988,,,,,
1217,2,血管肌脂肪肉瘤(M8860/3)-见肿瘤，结缔组织，恶性,"Angiomyoliposarcoma (M8860/3) - see Neoplasm, connective tissue, malignant",,0.9907010197639465,,,,,
1217,2,血管角质瘤(M9141/0)-见肿瘤，皮肤，良性,"Angiokeratoma (M9141/0) - see Neoplasm, skin, benign",,0.9902297258377075,,,,,
1217,3,弥漫性体,corporis diffusum,E75.2,0.9920415878295898,,,,,
1217,2,血管痉挛,"Angiospasm, Vasospasm, Vasospastic",I73.9,0.9753589630126953,,,,,
1217,3,创伤性(足)(腿),traumatic (foot) (leg),I73.9,0.9659891128540039,,,,,
1217,3,大脑(动脉),cerebral (artery),G45.9,0.991679847240448,,,,,
1217,3,视网膜(动脉),retina (artery),H34.2,0.9940614700317383,,,,,
1217,3,血管(周围),vessel (peripheral),I73.9,0.9649560451507568,,,,,
1217,3,周围NEC,peripheral NEC,I73.9,0.9588518142700195,,,,,
1217,2,血管扩张，血管异位,"Angiectasis, angiectopia",I99,0.9598836302757263,,,,,
1217,2,血管淋巴管瘤(M9175/0),Hemolymphangioma (M9175/0),D18.1,0.9959640502929688,,,,,
1218,2,血管瘤(M9120/0),"Angioma, Hemangioma (M9120/0)",D18.0,0.9906930327415466,,,,,
1218,3,丛状(M9131/0),plexiform (M9131/0),D18.0,0.9765626192092896,,,,,
1218,3,单纯性(M9131/0),simplex (M9131/0),D18.0,0.9793550372123718,,,,,
1218,3,动静脉(M9123/0),arteriovenous (M9123/0),D18.0,0.9938065409660339,,,,,
1218,3,恶性(M9120/3)-见 肿瘤，结缔组织，恶性,"malignant (M9120/3) - see Neoplasm, connective tissue, malignant",,0.9628721475601196,,,,,
1218,3,匐行性,serpiginosum,L81.7,0.9870880246162415,,,,,
1218,3,海绵状(M9121/0),cavernous (M9121/0),D18.0,0.9585362672805786,,,,,
1218,3,肌内(M9132/0),intramuscular (M9132/0),D18.0,0.9729151129722595,,,,,
1218,3,静脉(M9122/0),venous (M9122/0),D18.0,0.9821292757987976,,,,,
1218,3,老年性,senile,I78.1,0.9861773252487183,,,,,
1218,3,毛细血管(M9131/0),capillary (M9131/0),D18.0,0.976947546005249,,,,,
1218,3,葡萄状(蔓状)(M9123/0),racemose (M9123/0),D18.0,0.9746448397636414,,,,,
1218,3,上皮样(M9125/0),epithelioid (M9125/0),D18.0,0.9901501536369324,,,,,
1218,3,胎盘,placenta,O43.1,0.9801136255264282,,,,,
1218,3,星状,stellate,I78.1,0.9866126775741577,,,,,
1218,3,婴儿(M9131/0),infantile (M9131/0),D18.0,0.9796521663665771,,,,,
1218,3,硬化性(M8832/0)-见肿瘤，皮肤，良性,"sclerosing (M8832/0) - see Neoplasm, skin, benign",,0.9836074113845825,,,,,
1218,3,疣性角化性(M9142/0),verrucous keratotic (M9142/0),D18.0,0.9974225163459778,,,,,
1218,3,幼年型(M9131/0),juvenile (M9131/0),D18.0,0.9833077192306519,,,,,
1218,3,蜘蛛,spider,I78.1,0.9604208469390869,,,,,
1218,3,组织细胞样(M9126/0),histiocytoid (M9126/0),D18.0,0.9879973530769348,,,,,
1218,2,血管瘤病,Angiomatosis,Q82.8,0.9518820643424988,,,,,
1218,3,肝,liver,K76.4,0.9511780738830566,,,,,
1218,3,脑三叉神经,encephalotrigeminal,Q85.8,0.9886385798454285,,,,,
1218,2,血管迷走神经性发作(阵发性),Vasovagal attack (paroxysmal),R55,0.9996365904808044,,,,,
1218,3,心因性,psychogenic,F45.3,0.9663131833076477,,,,,
1218,2,血管内皮瘤(M9130/1)-另见肿瘤，动态未定,"Angioendothelioma, Hemangioendothelioma (M9130/1) - see also Neoplasm, uncertain behavior",D48.9,0.9910650253295898,,,,,
1218,3,恶性(M9130/3)- 见 肿瘤，结缔组织，恶性,"malignant (M9130/3) - see Neoplasm, connective tissue, malignant",,0.9626479744911194,,,,,
1218,3,良性(M9130/0),benign (M9130/0),D18.0,0.9730712175369263,,,,,
1218,3,骨(弥漫性)(M9130/3)-见肿瘤，骨，恶性,"bone (diffuse) (M9130/3) - see Neoplasm, bone, malignant",,0.9738473892211914,,,,,
1218,3,上皮样(M9133/1)-另见肿瘤，动态未定,"epithelioid (M9133/1) - see also Neoplasm, uncertain behavior",,0.9823934435844421,,,,,
1218,4,恶性(M9133/3)-见肿瘤，恶性,"malignant (M9133/3) - see Neoplasm, malignant",,0.9894462823867798,,,,,
1218,3,神经系统(M9130/0),nervous system (M9130/0),D18.0,0.9808049201965332,,,,,
1218,3,尤因(M9260/3)-见肿瘤，骨，恶性,"Ewing's (M9260/3) - see Neoplasm, bone, malignant",,0.9465903043746948,,,,,
1218,2,血管内皮瘤病(M9712/3),Angioendotheliomatosis (M9712/3),C85.7,0.996616780757904,,,,,
1218,2,血管粘液瘤(M8841/1)- 见 肿瘤，结缔组织，动态未定,"Angiomyxoma (M8841/1) - see Neoplasm, connective tissue, uncertain behavior",,0.9505729675292969,,,,,
1218,2,血管平滑肌瘤(M8894/0)-见肿瘤，结缔组织，良性,"Angioleiomyoma (M8894/0) - see Neoplasm, connective tissue, benign",,0.9920896291732788,,,,,
1219,2,血管前置,Vasa previa,O69.4,0.9665039777755737,,,,,
1219,3,导致出血，影响到胎儿或新生儿,"hemorrhage from, affecting fetus or newborn",P50.0,0.9962704181671143,,,,,
1219,3,影响到胎儿或新生儿,affecting fetus or newborn,P02.6,0.9864423871040344,,,,,
1219,2,血管球肌瘤(M8713/0),Glomangiomyoma (M8713/0),D18.0,0.9882659316062927,,,,,
1219,2,血管球肉瘤(M8710/3)- 见 肿瘤，结缔组织恶性,"Glomangiosarcoma (M8710/3) - see Neoplasm, connective tissue, malignant",,0.9717567563056946,,,,,
1219,2,血管球性血管瘤(M8712/0),Glomangioma (M8712/0),D18.0,0.9948635101318359,,,,,
1219,2,血管肉瘤(M9120/3)- 另见肿瘤，结缔组织，恶性,"Angiosarcoma, Hemangiosarcoma (M9120/3) - see also Neoplasm, connective tissue, malignant",,0.9751856327056885,,,,,
1219,3,肝,liver,C22.3,0.943459689617157,,,,,
1219,2,血管神经病,Angioneurosis,F45.3,0.9999324083328247,,,,,
1219,2,血管神经性水肿(变应性)(任何部位)(伴有荨麻疹),"Angioedema, Angioneurotic edema (allergic)(any site) (with urticaria)",T78.3,0.9818857908248901,,,,,
1219,3,遗传性,hereditary,D84.1,0.9824859499931335,,,,,
1219,2,血管舒张,Vasodilation,I73.9,0.9879185557365417,,,,,
1219,2,血管外皮细胞瘤(M9150/1)-另见肿瘤，结缔组织，动态未定,"Hemangiopericytoma (M9150/1) - see also Neoplasm, connective tissue, uncertain behavior",,0.9914546608924866,,,,,
1219,3,恶性(M9150/3)-见肿瘤，结缔组织，恶性,"malignant (M9150/3) - see Neoplasm, connective tissue, malignant",,0.9873767495155334,,,,,
1219,3,良性(M9150/0)-见肿瘤，结缔组织，良性,"benign (M9150/0) - see Neoplasm, connective tissue, benign",,0.984386682510376,,,,,
1219,2,血管纤维瘤(M9160/0)-另见肿瘤，良性,"Angiofibroma, Hemangiofibroma (M9160/0) - see also Neoplasm, benign",,0.9950402975082397,,,,,
1219,3,幼年(M9160/0),juvenile (M9160/0),,0.993020236492157,,,,,
1219,4,特指部位-见肿瘤，良性,"specified site - see Neoplasm, benign",,0.959174394607544,,,,,
1219,4,未特指部位,unspecified site,D10.6,0.9820733070373535,,,,,
1219,2,血管血友病(A)(B),Angiohemophilia (A) (B),D68.0,0.974689245223999,,,,,
1219,2,血管炎[脉管炎],"Angiitis, Vasculitis",I77.6,0.986194372177124,,,,,
1219,3,变应性,allergic,D69.0,0.9700829982757568,,,,,
1219,3,变应性肉芽肿性,allergic granulomatous,M30.1,0.9868173003196716,,,,,
1219,3,播散性,disseminated,I77.6,0.9628351926803589,,,,,
1219,3,低补体血性,hypocomplementemic,M31.8,0.9789249300956726,,,,,
1219,3,风湿性-见热，风湿热,"rheumatic - see Fever, rheumatic",,0.9805877208709717,,,,,
1219,3,过敏性,hypersensitivity,M31.0,0.9766752123832703,,,,,
1219,3,坏死性,necrotizing,M31.9,0.961532473564148,,,,,
1219,4,特指的 NEC,specified NEC,M31.8,0.9681413173675537,,,,,
1219,3,结节性,nodular,L95.8,0.9511892199516296,,,,,
1219,3,类风湿性,rheumatoid,M05.2,0.9764081239700317,,,,,
1219,3,冷球蛋白血症,cryoglobulinemic,D89.1,0.9892963767051697,,,,,
1219,3,皮肤(限定于),skin (limited to),L95.9,0.9964478611946106,,,,,
1219,4,特指的NEC,specified NEC,L95.8,0.9959160685539246,,,,,
1219,3,青斑样,livedoid,L95.0,0.9719566106796265,,,,,
1219,3,肾,kidney,I77.8,0.9796611070632935,,,,,
1219,3,视网膜,retina,H35.0,0.9896497130393982,,,,,
1219,2,血管样条纹症(脉络膜)(黄斑)(视网膜),Angioid streaks (choroid) (macula) (retina),H35.3,0.9822853803634644,,,,,
1219,2,血管影(角膜),Ghost vessels (cornea),H16.4,0.981673002243042,,,,,
1219,2,血管硬化 - 见 动脉硬化,Angiosclerosis - see Arteriosclerosis,,0.9144848585128784,,,,,
1220,2,血管圆线虫病-现译名管圆线虫病,Angiostrogyliasis,,0.9911117553710938,,,,,
1220,2,血管运动性的 - 见情况,Vasomotor - see condition,,0.9238155484199524,,,,,
1220,2,血管脂肪瘤(另见脂肪瘤)(M8861/0),"Angiolipoma, Hemangiolipoma (M8861/0) (see also Lipoma)",D17.9,0.9888537526130676,,,,,
1220,3,浸润(M8856/0)-见脂肪瘤,infiltrating (M8856/0) - see Lipoma,,0.955737829208374,,,,,
1220,2,血管周炎，视网膜性,"Perivasculitis, retinal",H35.0,0.9991909265518188,,,,,
1220,2,血管翳(角膜),Pannus (cornea),H16.4,0.9722765684127808,,,,,
1220,3,变性,degenerativus,H16.4,0.9673801064491272,,,,,
1220,3,变应性,allergic,H16.4,0.9599634408950806,,,,,
1220,3,角膜,keratic,H16.4,0.9450684785842896,,,,,
1220,3,沙眼性(活动性),"trachomatosus, trachomatous (active)",A71.1,0.9932054877281189,,,,,
1220,2,血汗症,Hematidrosis,L74.8,0.9996934533119202,,,,,
1220,2,血红蛋白-另见情况,"Hb, Hemoglobin - see also condition",,0.9693458080291748,,,,,
1220,3,AS基因型,AS genotype,D57.3,0.9534004330635071,,,,,
1220,3,S(血红蛋白S)，杂合,"S (Hb S), heterozygous",D57.3,0.9584022760391235,,,,,
1220,3,低 NEC,low NEC,D64.9,0.9664062857627869,,,,,
1220,3,胎儿，遗传性持续存在症(HPFH),"fetal, hereditary persistence (HPFH)",D56.4,0.9885671138763428,,,,,
1220,3,异常的,abnormal,,0.9458720088005066,,,,,
1220,4,病-见病，血红蛋白,"disease - see Disease, hemoglobin",,0.912123441696167,,,,,
1220,4,特性-见特性,trait - see Trait,,0.8875811100006104,,,,,
1220,2,血红蛋白病(混合性) NEC,Hemoglobinopathy (mixed) NEC,D58.2,0.9742271304130554,,,,,
1220,3,伴有地中海贫血,with thalassemia,D56.9,0.9945036768913269,,,,,
1220,3,镰状细胞,sickle-cell,D57.1,0.9742768406867981,,,,,
1220,4,伴有地中海贫血,with thalassemia,D56.8,0.9669053554534912,,,,,
1220,2,血红蛋白尿,Hemoglobinuria,R82.3,0.9781683087348938,,,,,
1220,3,伴有贫血，溶血性，后天性(慢性)NEC,"with anemia, hemolytic, acquired (chronic) NEC",D59.6,0.9854087829589844,,,,,
1220,3,间歇性,intermittent,D59.6,0.9924012422561646,,,,,
1220,3,冷(凝集素)(阵发性)(伴有雷诺综合征),cold (agglutinin) (paroxysmal) (with Raynaud's syndrome),D59.6,0.989024817943573,,,,,
1220,3,疟疾性,malarial,B50.8,0.968405544757843,,,,,
1220,3,行军性,march,D59.6,0.9631116986274719,,,,,
1220,3,夜间(阵发性),nocturnal (paroxysmal),D59.5,0.9965450167655945,,,,,
1220,3,由于劳累或溶血NEC,due to exertion or hemolysis NEC,D59.6,0.9963415861129761,,,,,
1220,3,阵发性(冷性),paroxysmal (cold),D59.6,0.9834632873535156,,,,,
1220,4,夜间,nocturnal,D59.5,0.97775799036026,,,,,
1220,2,血红蛋白血症,Hemoglobinemia,D59.9,0.9998642206192017,,,,,
1220,3,输血引起的,due to blood transfusion,T80.8,0.9961299896240234,,,,,
1220,3,阵发性,paroxysmal,D59.6,0.9934554100036621,,,,,
1220,4,夜间,nocturnal,D59.5,0.9289567470550537,,,,,
1220,2,血红素尿(另见血红蛋白尿),Hematinuria (see also Hemoglobinuria),R82.3,0.9996901750564575,,,,,
1220,3,疟疾性,malarial,B50.8,0.9951982498168945,,,,,
1221,3,血块(另见栓塞),Clot (blood) – see also Embolism,,0.9527267813682556,,,,,
1221,3,动脉(阻塞)(闭塞),artery (obstruction) (occlusion) (see also Embolism),I74.9,0.9910032153129578,,,,,
1221,3,冠状动脉(另见梗死，心肌),"coronary (see also Infarct, myocardium)",I21.9,0.9846707582473755,,,,,
1221,4,未造成梗死,not resulting in infarction,I24.0,0.9614362716674805,,,,,
1221,3,静脉(另见血栓形成),vein (see also Thrombosis),I82.9,0.9890522956848145,,,,,
1221,3,脑(硬膜内或硬膜外)(另见闭塞，动脉，大脑),"brain (intradural or extradural) (see also Occlusion, artery, cerebral)",I66.9,0.9279308319091797,,,,,
1221,3,膀胱,bladder,N32.8,0.9509709477424622,,,,,
1221,3,循环,circulation,I74.9,0.9631730318069458,,,,,
1221,2,血量减少-见贫血,Oligemia - see Anemia,,0.9967324137687683,,,,,
1221,2,血囊肿,Hematocele,,0.9998822212219238,,,,,
1221,3,男性,male,N50.1,0.9591190814971924,,,,,
1221,3,女性NEC,female NEC,N94.8,0.96009761095047,,,,,
1221,4,伴有异位妊娠,with ectopic pregnancy,O00.9,0.9435732960700989,,,,,
1221,4,卵巢,ovary,N83.8,0.9545350670814514,,,,,
1221,2,血内α脂蛋白缺乏,Analphalipoproteinemia,E78.6,0.998453676700592,,,,,
1221,2,血内蛋白异常,Dysproteinemia,E88.0,0.9961332082748413,,,,,
1221,2,血内胰岛素不足，操作后,"Hypoinsulinemia, postprocedural",E89.1,0.9998926520347595,,,,,
1221,2,血尿(特发性),Hematuria (essential),R31,0.9551810622215271,,,,,
1221,3,持续性(另见血尿，特发性),"persistent (see also Hematuria, idiopathic)",N02,0.986274003982544,,,,,
1221,3,地方性(另见血吸虫病),endemic (see also Schistosomiasis),B65.0,0.9837127327919006,,,,,
1221,3,复发性(另见 血尿，特发性),"recurrent (see also Hematuria, idiopathic)",N02,0.9760211110115051,,,,,
1221,3,磺胺性,sulfonamide(s),,0.9630450010299683,,,,,
1221,4,过量或给错或服错药物,overdose or wrong substance given or taken,T37.0,0.9859974980354309,,,,,
1221,4,恰当使用正确的物质,correct substance properly administered,R31,0.9590257406234741,,,,,
1221,3,间歇性(另见血尿，特发性),"intermittent (see also Hematuria, idiopathic)",N02,0.9901218414306641,,,,,
1221,3,结核性,tuberculous,A18.1,0.9603568911552429,,,,,
1221,3,良性(家族性)(儿童期)(另见血尿，特发性),"benign (familial) (of childhood) (see also Hematuria, idiopathic)",N02,0.972950279712677,,,,,
1221,3,疟疾性,malarial,B50.8,0.9775992631912231,,,,,
1221,3,热带性(另见血吸虫病),tropical (see also Schistosomiasis),B65.0,0.99651038646698,,,,,
1221,3,特发性,idiopathic,N02,0.9848146438598633,,,,,
1221,4,伴有肾小球损害,with glomerular lesion,,0.9742713570594788,,,,,
1221,5,局灶性和节段性透明变性或硬化,focal and segmental hyalinosis or sclerosis,N02.1,0.9741631746292114,,,,,
1221,5,膜性(弥漫性),membranous (diffuse),N02.2,0.9614275097846985,,,,,
1221,5,膜性增殖性(弥漫性),membranoproliferative (diffuse),N02.5,0.9753780364990234,,,,,
1221,5,肾小球膜毛细血管性(弥漫性),mesangiocapillary (diffuse),N02.5,0.9776283502578735,,,,,
1221,5,肾小球膜性增殖性(弥漫性),mesangial proliferative (diffuse),N02.3,0.9806721806526184,,,,,
1221,5,特指病理学 NEC,specified pathology NEC,N02.8,0.9530627727508545,,,,,
1221,5,增殖性NEC,proliferative NEC,N02.8,0.9798334240913391,,,,,
1221,3,阵发性(另见血尿，特发性),"paroxysmal (see also Hematuria, idiopathic)",N02,0.981143057346344,,,,,
1221,4,夜间,nocturnal,D59.5,0.9607168436050415,,,,,
1221,2,血气胸-另见血胸,"Hematopneumothorax, Hemopneumothorax - see also Hemothorax",,0.9989209175109863,,,,,
1221,3,创伤性,traumatic,S27.2,0.9786354899406433,,,,,
1222,2,血清白蛋白缺乏症,Analbuminemia,E88.0,0.9878417253494263,,,,,
1222,2,血清性,Serum,,0.9999675750732422,,,,,
1222,3,变态反应,"allergy, allergic reaction",T80.6,0.9674442410469055,,,,,
1222,4,休克,shock,T80.5,0.9636741876602173,,,,,
1222,3,并发症或反应 NEC,complication or reaction NEC,T80.6,0.9792865514755249,,,,,
1222,3,肝炎(另见肝炎，病毒性，乙型),"hepatitis (see also Hepatitis, viral, type B)",B16.9,0.9889609217643738,,,,,
1222,3,疾病NEC,"disease, sickness NEC",T80.6,0.9740104675292969,,,,,
1222,3,皮疹NEC,rash NEC,T80.6,0.9739255309104919,,,,,
1222,3,神经病,neuropathy,G61.1,0.9844691157341003,,,,,
1222,3,荨麻疹,urticaria,T80.6,0.9745927453041077,,,,,
1222,3,中毒 NEC,"intoxication, poisoning NEC",T80.6,0.9258081912994385,,,,,
1222,2,血清肿 -见 血肿,Seroma - see Hematoma,,0.9072388410568237,,,,,
1222,2,血容量不足,Hypovolemia,E86,0.9685888290405273,,,,,
1222,3,创伤性(休克),traumatic (shock),T79.4,0.9648492336273193,,,,,
1222,3,手术后休克,surgical shock,T81.1,0.9757107496261597,,,,,
1222,2,血容量过多,Hypervolemia,E87.7,0.9998359680175781,,,,,
1222,2,血色素沉着病[血色病](糖尿病性)(遗传性)(肝)(心肌)(原发性原因不明性)(继发性),Hemochromatosis (diabetic) (hereditary) (liver) (myocardium) (primary idiopathic) (secondary),E83.1,0.9735907912254333,,,,,
1222,3,伴有顽固性贫血(M9982/1),with refractory anemia (M9982/1),D46.1,0.9690120220184326,,,,,
1222,2,血栓 - 见 血栓形成,Thrombus - see Thrombosis,,0.9269216656684875,,,,,
1222,2,血栓闭塞性血管炎[伯格病](全身性),"Buerger's disease, Thromboangiitis obliterans (general)",I73.1,0.9615969061851501,,,,,
1222,2,血栓动脉炎-见动脉炎,Thromboarteritis - see Arteritis,,0.9813232421875,,,,,
1222,2,血栓栓塞(另见栓塞),Thromboembolism (see also Embolism),I74.9,0.993584394454956,,,,,
1222,3,冠状(动脉)(静脉)(另见梗死，心肌),"coronary (artery) (vein) (see also Infarct, myocardium)",I21.9,0.9573997259140015,,,,,
1222,4,未造成梗死,not resulting in infarction,I24.0,0.9673128724098206,,,,,
1222,3,输注、治疗性注射或输血后,"following infusion, therapeutic injection or transfusion",T80.1,0.9782361388206482,,,,,
1222,2,血栓形成(性)(多发性)(进行性)(脓毒性)(静脉)(血管),"Thrombosis, thrombotic (multiple) (progressive) (septic) (vein) (vessel)",I82.9,0.9568521976470947,,,,,
1222,3,二尖瓣,mitral,I34.8,0.9577026963233948,,,,,
1222,3,三尖瓣,tricuspid,I07.8,0.9853423237800598,,,,,
1222,3,产前,antepartum,O22.9,0.9835681319236755,,,,,
1222,3,产褥期，产后,"puerperal, postpartum",O87.9,0.9559261202812195,,,,,
1222,4,大脑(动脉),cerebral (artery),O99.4,0.9671047925949097,,,,,
1222,5,静脉(窦),venous (sinus),O87.3,0.9733805060386658,,,,,
1222,4,脑(动脉),brain (artery),O99.4,0.9721493721008301,,,,,
1222,5,静脉(窦),venous (sinus),O87.3,0.9507507681846619,,,,,
1222,4,浅表性,superficial,O87.0,0.9768105745315552,,,,,
1222,4,心脏,cardiac,O99.4,0.9139471054077148,,,,,
1222,3,肠(伴有坏疽),intestine (with gangrene),K55.0,0.9981428384780884,,,,,
1222,3,肠系膜(动脉)(伴有坏疽),mesenteric (artery) (with gangrene),K55.0,0.9747231602668762,,,,,
1222,3,卒中,apoplexy,I63.3,0.9699746966362,,,,,
1222,3,大脑(动脉)(另见闭塞，动脉，大脑),"cerebral (artery) (see also Occlusion, artery, cerebral)",I66.9,0.934372067451477,,,,,
1223,3,动脉(感染后),"artery, arteries (postinfectional)",I74.9,0.9750673174858093,,,,,
1223,4,大脑(另见闭塞，动脉，大脑),"cerebral (see also Occlusion, artery, cerebral)",I66.9,0.952176570892334,,,,,
1223,4,小脑(前下)(后下)(上)(另见闭塞，动脉，小脑),"cerebellar (anterior inferior) (posterior inferior) (superior) (see also Occlusion, artery, cerebellar)",I66.3,0.9629249572753906,,,,,
1223,4,肠系膜(伴有坏疽),mesenteric (with gangrene),K55.0,0.9864157438278198,,,,,
1223,4,垂体,hypophyseal,I66.8,0.944561243057251,,,,,
1223,4,肺(另见栓塞，肺),"pulmonary (see also Embolism, pulmonary)",I26.9,0.9619424939155579,,,,,
1223,4,肝,hepatic,I74.8,0.930550217628479,,,,,
1223,4,冠状动脉(另见梗死，心肌),"coronary (see also Infarct, myocardium)",I21.9,0.9824603796005249,,,,,
1223,5,未造成梗死,not resulting in infarction,I24.0,0.97077476978302,,,,,
1223,5,由于梅毒引起的,dueto syphilis,A52.0+ I52.0*,0.9595444202423096,,,,,
1223,4,后交通支,"communicating, posterior",I66.8,0.9743340015411377,,,,,
1223,4,基底(另见闭塞，动脉，基底),"basilar (see also Occlusion, artery, basilar)",I65.1,0.9660905003547668,,,,,
1223,4,脊柱，前或后,"spinal, anterior or posterior",G95.1,0.9898380041122437,,,,,
1223,4,颈动脉(总)(内)(另见闭塞，动脉，颈),"carotid (common) (internal) (see also Occlusion, artery, carotid)",I65.2,0.9659402966499329,,,,,
1223,4,脉络膜(前),choroidal (anterior),I66.8,0.9339308142662048,,,,,
1223,4,迷路,"auditory, internal",I65.8,0.9821224212646484,,,,,
1223,4,脑膜，前或后,"meningeal, anterior or posterior",I66.8,0.9794287085533142,,,,,
1223,4,脑桥,pontine,I66.8,0.9659080505371094,,,,,
1223,4,髂,iliac,I74.5,0.936008632183075,,,,,
1223,4,入脑前(另见闭塞，动脉，入脑前),"precerebral (see also Occlusion, artery, precerebral)",I65.9,0.9713377952575684,,,,,
1223,4,肾,renal,N28.0,0.9507757425308228,,,,,
1223,4,视网膜,retinal,H34.2,0.9735630750656128,,,,,
1223,4,眼,ophthalmic,H34.2,0.9707674980163574,,,,,
1223,4,肢,limb,I74.4,0.9399731755256653,,,,,
1223,5,上,upper,I74.2,0.8760207891464233,,,,,
1223,5,下,lower,I74.3,0.9530299305915833,,,,,
1223,4,椎(另见闭塞，动脉，椎),"vertebral (see also Occlusion, artery, vertebral)",I65.0,0.9697986841201782,,,,,
1223,3,窦，颅内(任何)(另见血栓形成，颅内，静脉窦),"sinus, intracranial (any) (see also Thrombosis, intracranial venous sinus)",G08,0.987144410610199,,,,,
1223,3,肺(动脉)(静脉)(另见栓塞，肺),"lung, pulmonary (artery) (vein) (see also Embolism, pulmonary)",I26.9,0.9603592157363892,,,,,
1223,3,肝,"hepatic, liver",I82.0,0.9634082913398743,,,,,
1223,4,动脉,artery,I74.8,0.9678724408149719,,,,,
1223,3,肛门,anal,I84.3,0.9344146251678467,,,,,
1223,3,肛周,perianal,I84.3,0.9550193548202515,,,,,
1223,3,睾丸,testis,N50.1,0.9588057994842529,,,,,
1223,3,股(浅表性),femoral (superficial),I80.1,0.960709273815155,,,,,
1223,4,动脉,artery,I74.3,0.8889649510383606,,,,,
1224,3,冠状(动脉)(静脉)(另见梗死，心肌),"coronary (artery) (vein) (see also Infarct, myocardium)",I21.9,0.9776018857955933,,,,,
1224,4,未造成梗死,not resulting in infarction,I24.0,0.9334667921066284,,,,,
1224,4,由于梅毒引起的,due to syphilis,A52.0+ I52.0*,0.9679005742073059,,,,,
1224,3,海绵体,corpus cavernosum,N48.8,0.9894389510154724,,,,,
1224,3,海绵状(静脉)窦(另见血栓形成，颅内，静脉窦),"cavernous (venous) sinus (see also Thrombosis, intracranial venous sinus)",G08,0.9958211183547974,,,,,
1224,3,横(静脉)窦-见血栓形成，颅内，静脉窦,"lateral (venous) sinus - see Thrombosis, intracranial venous sinus",,0.9946514964103699,,,,,
1224,3,基底(动脉)(另见闭塞，动脉，基底),"basilar (artery) (see also Occlusion, artery, basilar)",I65.1,0.9419673085212708,,,,,
1224,3,脊髓(动脉),spinal cord (arterial),G95.1,0.9812306761741638,,,,,
1224,4,由于梅毒引起的,due to syphilis,A52.0+ I79.8*,0.9644600749015808,,,,,
1224,3,精囊,seminal vesicle,N50.1,0.9956406354904175,,,,,
1224,3,精索,spermatic cord,N50.1,0.9381615519523621,,,,,
1224,3,颈(球),jugular (bulb),I82.8,0.9794024229049683,,,,,
1224,3,颈(总)(内)动脉(另见闭塞，动脉，颈),"carotid (artery) (common) (internal) (see also Occlusion, artery, carotid)",I65.2,0.977466344833374,,,,,
1224,3,阑尾炎，脓毒性,"appendix, septic",K35.9,0.988660991191864,,,,,
1224,3,颅内(动脉),intracranial (arterial),I66.9,0.9598895907402039,,,,,
1224,4,静脉窦(任何),venous sinus (any),G08,0.9610849022865295,,,,,
1224,5,产褥期,puerperium,O87.3,0.9481245279312134,,,,,
1224,5,非生脓性原因,nonpyogenic origin,I67.6,0.9787922501564026,,,,,
1224,5,妊娠,pregnancy,O22.5,0.9313411712646484,,,,,
1224,3,毛细血管,capillary,I78.8,0.9838143587112427,,,,,
1224,3,门(静脉),portal,I81,0.9672896862030029,,,,,
1224,4,由于梅毒引起的,due to syphilis,A52.0+ I98.0*,0.970244288444519,,,,,
1224,3,脑(动脉)(干)(另见闭塞，动脉，大脑),"brain (artery) (stem) (see also Occlusion, artery, cerebral)",I66.9,0.9802833795547485,,,,,
1224,4,产褥期、产后、分娩,"puerperal, postpartum, childbirth",O99.4,0.9763965606689453,,,,,
1224,4,窦(另见血栓形成，颅内，静脉窦),"sinus (see also Thrombosis, intracranial venous sinus)",G08,0.972606360912323,,,,,
1224,4,由于梅毒引起的,due to syphilis,A52.0+ I68.8*,0.9712051749229431,,,,,
1224,3,脑脊(脑)膜(动脉),meninges (brain) (arterial),I66.8,0.9753228425979614,,,,,
1224,3,脑静脉窦(另见血栓形成，颅内，静脉窦),"cerebrovenous sinus (see also Thrombosis, intracranial venous sinus)",G08,0.9960268139839172,,,,,
1224,4,产褥期,puerperium,O87.3,0.9681623578071594,,,,,
1224,4,妊娠,pregnancy,O22.5,0.9418408274650574,,,,,
1224,3,皮质,cortical,I66.9,0.9420133233070374,,,,,
1224,3,脾,"spleen, splenic",D73.5,0.9964194893836975,,,,,
1224,4,动脉,artery,I74.8,0.9700531363487244,,,,,
1224,3,脐带(血管)，并发于分娩,"umbilical cord (vessels), complicating delivery",O69.5,0.9875525236129761,,,,,
1224,4,影响到胎儿或新生儿,affecting fetus or newborn,P02.6,0.9919682741165161,,,,,
1224,3,髂(静脉),iliac,I80.2,0.9559292197227478,,,,,
1224,4,动脉,artery,I74.5,0.9850040078163147,,,,,
1224,3,髂股(静脉),iliofemoral,I80.1,0.9622278213500977,,,,,
1225,3,腔静脉(下)(上),vena cava (inferior) (superior),I82.2,0.9705647230148315,,,,,
1225,3,鞘膜,tunica vaginalis,N50.1,0.9936020970344543,,,,,
1225,3,轻度NEC,bland NEC,I82.9,0.9802172183990479,,,,,
1225,3,任何存在的装置、植入物或移植物所致-见并发症，按部位和类型，特指的NEC,"resulting from presence of device, implant or graft (any) - see Complications, by site and type, specified NEC",,0.9930328726768494,,,,,
1225,3,妊娠,pregnancy,O22.9,0.9776965379714966,,,,,
1225,4,大脑静脉(窦),cerebral venous (sinus),O22.5,0.9811823964118958,,,,,
1225,4,后,following,,0.9313368797302246,,,,,
1225,5,流产(随后发生),abortion (subsequent episode),O08.7,0.9533264636993408,,,,,
1225,6,近期发生-见流产,current episode - see Abortion,,0.9617376923561096,,,,,
1225,5,异位妊娠或葡萄胎妊娠,ectopic or molar pregnancy,O08.7,0.9643388390541077,,,,,
1225,4,深静脉,deep-vein,O22.3,0.9676192998886108,,,,,
1225,3,入脑前动脉(另见闭塞，动脉，入脑前),"precerebral artery (see also Occlusion, artery, precerebral)",I65.9,0.9830837249755859,,,,,
1225,3,深部,deep,I80.2,0.9266849160194397,,,,,
1225,3,肾(动脉),"kidney, renal (artery)",N28.0,0.9529725909233093,,,,,
1225,4,静脉,vein,I82.3,0.9231823682785034,,,,,
1225,3,生殖器官,genital organ,,0.9958682060241699,,,,,
1225,4,男性,male,N50.1,0.9602916836738586,,,,,
1225,4,女性NEC,female NEC,N94.8,0.9783572554588318,,,,,
1225,5,妊娠,pregnancy,O22.9,0.9551373720169067,,,,,
1225,3,矢状窦(静脉)-见血栓形成，颅内，静脉窦,"longitudinal (venous) sinus - see Thrombosis, intracranial venous sinus",,0.9802004098892212,,,,,
1225,3,视网膜,"retina, retinal",H34.8,0.960394024848938,,,,,
1225,3,输精管,vas deferens,N50.1,0.9651541709899902,,,,,
1225,3,特指部位NEC,specified site NEC,I82.8,0.973930835723877,,,,,
1225,3,腿,leg,I80.3,0.9277807474136353,,,,,
1225,4,浅表性(血管),superficial (vessels),I80.0,0.9487454891204834,,,,,
1225,4,深部(血管)NEC,deep (vessels) NEC,I80.2,0.9635238647460938,,,,,
1225,3,网膜(伴有坏疽),omentum (with gangrene),K55.0,0.9496347308158875,,,,,
1225,3,无症状性 NEC,silent NEC,I82.9,0.950070321559906,,,,,
1225,3,下肢-见 血栓形成，腿,"lower limb - see Thrombosis, leg",,0.962866485118866,,,,,
1225,3,心壁，心壁内(另见梗死，心肌),"mural, parietal, intramural (see also Infarct, myocardium)",I21.9,0.9897387027740479,,,,,
1225,4,未造成梗死,not resulting in infarction,I24.0,0.986059844493866,,,,,
1225,4,由于梅毒引起的,due to syphilis,A52.0+ I52.0*,0.9721801280975342,,,,,
1225,3,心内NEC(尖)(房)(心房)(心室)(陈旧性),intracardiac NEC (apical) (atrial) (auricular) (ventricular) (old),I51.3,0.9727080464363098,,,,,
1225,3,心内膜(另见梗死，心肌),"endocardial (see also Infarct, myocardium)",I21.9,0.9830589890480042,,,,,
1225,4,未造成梗死,not resulting in infarction,I24.0,0.9653359055519104,,,,,
1225,3,心脏(另见梗死，心肌),"cardiac (see also Infarct, myocardium)",I21.9,0.9892054796218872,,,,,
1225,4,瓣膜-见心内膜炎,valve - see Endocarditis,,0.9352039098739624,,,,,
1225,4,未造成梗死,not resulting in infarction,I24.0,0.9701805114746094,,,,,
1225,4,由于梅毒引起的,due to syphilis,A52.0+ I52.0*,0.9676147699356079,,,,,
1226,3,眼,"eye, ophthalmic",H34.8,0.9743890166282654,,,,,
1226,3,乙状结肠(静脉)窦-见血栓形成，颅内，静脉窦,"sigmoid (venous) sinus - see Thrombosis, intracranial venous sinus",,0.9662684202194214,,,,,
1226,3,阴茎,"penis, penile",N48.8,0.975235104560852,,,,,
1226,3,阴囊,scrotum,N50.1,0.9730184674263,,,,,
1226,3,由于装置、植入物或移植物引起的(另见并发症，按部位和类型，特指的NEC),"due to device, implant or graft (see also Complications, by site and type, specified NEC)",T85.8,0.9966689348220825,,,,,
1226,4,导管NEC,catheter NEC,T85.8,0.9362882971763611,,,,,
1226,5,泌尿系(留置),urinary(indwelling),T83.8,0.9767640829086304,,,,,
1226,5,输注 NEC,infusion NEC,T82.8,0.9303613901138306,,,,,
1226,6,脊髓(硬膜外)(硬膜下),spinal (epidural) (subdural),T85.8,0.9474639892578125,,,,,
1226,5,透析(肾),dialysis (renal),T82.8,0.9815945625305176,,,,,
1226,6,腹膜内,intraperitoneal,T85.8,0.9772862792015076,,,,,
1226,4,电(极)(脉冲发生器)(刺激器),electronic (electrode) (pulse generator) (stimulator),,0.9610574245452881,,,,,
1226,5,骨,bone,T84.8,0.9279215335845947,,,,,
1226,5,泌尿系,urinary,T83.8,0.979863703250885,,,,,
1226,5,神经系统(脑)(周围神经)(脊髓),nervous system (brain) (peripheral nerve) (spinal),T85.8,0.9918482303619385,,,,,
1226,5,心脏,cardiac,T82.8,0.986221432685852,,,,,
1226,4,动脉移植物NEC,arterial graft NEC,T82.8,0.9551012516021729,,,,,
1226,4,关节假体,joint prosthesis,T84.8,0.9666549563407898,,,,,
1226,4,矫形外科 NEC,orthopedic NEC,T84.8,0.9736331701278687,,,,,
1226,4,泌尿系NEC,urinary NEC,T83.8,0.9654102325439453,,,,,
1226,4,脑室颅内分流,ventricular intracranial shunt,T85.8,0.9829986095428467,,,,,
1226,4,内固定(矫形外科)NEC,"fixation, internal (orthopedic) NEC",T84.8,0.9733788371086121,,,,,
1226,4,乳房(植入物),breast (implant),T85.8,0.9822065234184265,,,,,
1226,4,生殖系NEC,genital NEC,T83.8,0.9707708358764648,,,,,
1226,4,特指的 NEC,specified NEC,T85.8,0.9372589588165283,,,,,
1226,4,胃肠道(胆管)(食管),gastrointestinal (bile duct) (esophagus),T85.8,0.9632795453071594,,,,,
1226,4,心脏,heart,T82.8,0.9337366223335266,,,,,
1226,4,血管NEC,vascular NEC,T82.8,0.983642578125,,,,,
1226,4,眼(角膜移植物)(眶植入物)NEC,ocular (corneal graft) (orbital implant) NEC,T85.8,0.9783975481987,,,,,
1226,3,周围动脉,peripheral arteries,I74.4,0.9711900353431702,,,,,
1226,3,主动脉,"aorta, aortic",I74.1,0.9859796762466431,,,,,
1226,4,鞍状,saddle,I74.0,0.9642729163169861,,,,,
1226,4,瓣膜-见心内膜炎，主动脉,"valve - see Endocarditis, aortic",,0.9391202926635742,,,,,
1226,4,分叉,bifurcation,I74.0,0.9073076248168945,,,,,
1226,4,腹,abdominal,I74.0,0.9304555654525757,,,,,
1226,4,胸,thoracic,I74.1,0.9053974151611328,,,,,
1226,3,椎管内静脉窦和静脉,intraspinal venous sinus and vein,G08,0.9735474586486816,,,,,
1226,4,非生脓性,nonpyogenic,G95.1,0.9792904853820801,,,,,
1226,2,血栓形成倾向,Thrombophilia,,0.9995059370994568,,,,,
1226,3,原发性,primary,D68.5,0.99385005235672,,,,,
1227,2,血栓性静脉炎,Thrombophlebitis,I80.9,0.9583434462547302,,,,,
1227,3,产前(浅表性),antepartum (superficial),O22.2,0.9743584394454956,,,,,
1227,4,深部,deep,O22.3,0.9614436030387878,,,,,
1227,4,影响到胎儿或新生儿,affecting fetus or newborn,P00.3,0.9724432826042175,,,,,
1227,3,产褥期、产后、分娩(浅表性),"puerperal, postpartum, childbirth (superficial)",O87.0,0.9945833683013916,,,,,
1227,4,盆腔,pelvic,O87.1,0.9179104566574097,,,,,
1227,4,深部,deep,O87.1,0.9513809680938721,,,,,
1227,3,大脑(静脉)(窦),cerebral (sinus) (vein),G08,0.9688225984573364,,,,,
1227,4,非生脓性,nonpyogenic,I67.6,0.9722276926040649,,,,,
1227,3,窦(颅内),sinus (intracranial),G08,0.9683562517166138,,,,,
1227,4,非生脓性,nonpyogenic,I67.6,0.9768261313438416,,,,,
1227,3,肝(静脉),hepatic (vein),I80.8,0.9620782732963562,,,,,
1227,3,股(静脉)(浅表性),femoral (superficial),I80.1,0.9834557771682739,,,,,
1227,3,海绵状(静脉)窦,cavernous (venous) sinus,G08,0.9908515810966492,,,,,
1227,4,非生脓性,nonpyogenic,I67.6,0.9789606332778931,,,,,
1227,3,横(静脉)窦,lateral (venous) sinus,G08,0.9734736680984497,,,,,
1227,4,非生脓性,nonpyogenic,I67.6,0.9721553325653076,,,,,
1227,3,颅内静脉窦(任何),intracranial venous sinus (any),G08,0.99607914686203,,,,,
1227,4,非生脓性,nonpyogenic,I67.6,0.9815952181816101,,,,,
1227,3,门(静脉),portal (vein),K75.1,0.9967033267021179,,,,,
1227,3,盆腔,pelvic,,0.9574236273765564,,,,,
1227,4,产褥期,puerperal,O87.1,0.9398657083511353,,,,,
1227,4,后,following,,0.7701877951622009,,,,,
1227,5,流产,abortion,O08.0,0.8933154344558716,,,,,
1227,5,异位妊娠或葡萄胎妊娠,ectopic or molar pregnancy .,O08.0,0.9815369844436646,,,,,
1227,3,髂股(静脉),iliofemoral,I80.1,0.9694346785545349,,,,,
1227,3,妊娠(浅表性),pregnancy (superficial),O22.2,0.9885929822921753,,,,,
1227,4,深部,deep,O22.3,0.9709236025810242,,,,,
1227,4,影响到胎儿或新生儿,affecting fetus or newborn,P00.3,0.9905063509941101,,,,,
1227,3,矢状窦(静脉),longitudinal (venous) sinus,G08,0.9935888051986694,,,,,
1227,4,非生脓性,nonpyogenic,I67.6,0.9501206278800964,,,,,
1227,3,手术后,postoperative,T81.7,0.9684648513793945,,,,,
1227,3,输注、治疗性注射或输血后,"following infusion, therapeutic injection transfusion",T80.1,0.9855991005897522,,,,,
1227,3,特发性，复发性,"idiopathic, recurrent",I82.1,0.9586998820304871,,,,,
1227,3,特指部位 NEC,specified site NEC,I80.8,0.9567959308624268,,,,,
1227,3,腿,leg,I80.3,0.9499159455299377,,,,,
1227,4,浅表性(血管),superficial (vessels),I80.0,0.9488819241523743,,,,,
1227,4,深部(血管)NEC,deep (vessels) NEC,I80.2,0.9649130702018738,,,,,
1227,3,下肢,lower extremity,I80.3,0.9719297885894775,,,,,
1227,4,浅表性(血管)1,superficial (vessels),I80.0,0.9318178296089172,,,,,
1227,4,深部(血管)NEC,deep (vessels) NEC,I80.2,0.9840663075447083,,,,,
1227,3,由于植入装置-见并发症，按部位和类型，,"due to implanted device – see Complications, by site and type, specified NEC",,0.9987122416496277,,,,,
1227,3,特指的 NEC,specified NEC,,0.9851037859916687,,,,,
1228,3,游走性，移行性,"migrans, migrating",I82.1,0.9641059637069702,,,,,
1228,3,在操作中或由于操作所致 NEC,during or resulting from a procedure NEC,T81.7,0.9893814325332642,,,,,
1228,3,椎管内静脉窦和静脉,intraspinal venous sinus and vein,G08,0.9876670837402344,,,,,
1228,4,非生脓性,nonpyogenic,G95.1,0.9472272396087646,,,,,
1228,2,血栓性门静脉炎,Pylethrombophlebitis,K75.1,0.9635761976242065,,,,,
1228,2,血水分过多症[稀血症],Hydremia,D64.8,0.9786219596862793,,,,,
1228,2,血唾沫(另见咯血),Spitting blood (see also Hemoptysis),R04.2,0.9833246469497681,,,,,
1228,2,血吸虫病,Schistosomiasis,B65.9,0.9869648814201355,,,,,
1228,3,肠道,intestinal,B65.1,0.9851741790771484,,,,,
1228,3,东方,"Eastern, oriental",B65.2,0.9373840093612671,,,,,
1228,3,肺NEC,"lung, pulmonary NEC",B65 J99.8*,0.9684579968452454,,,,,
1228,4,肺炎,pneumonia,B65 J17.3*,0.9803926944732666,,,,,
1228,3,结肠,colon,B65.1,0.9707152843475342,,,,,
1228,3,曼森(肠道),Manson's (intestinal),B65.1,0.9859775900840759,,,,,
1228,3,泌尿生殖道,genitourinary tract,B65.0,0.9779436588287354,,,,,
1228,3,泌尿系,urinary,B65.0,0.9423580765724182,,,,,
1228,3,膀胱,"bladder, vesical",B65.0,0.9773703813552856,,,,,
1228,3,皮肤,cutaneous,B65.3,0.9496968388557434,,,,,
1228,3,特指型NEC,specified type NEC,B65.8,0.9736047983169556,,,,,
1228,3,血吸虫,Schistosoma,,0.9997655153274536,,,,,
1228,4,埃及,haematobium,B65.0,0.9647723436355591,,,,,
1228,4,曼森,mansoni,B65.1,0.98423832654953,,,,,
1228,4,日本,japonicum,B65.2,0.908315896987915,,,,,
1228,3,亚洲,Asiatic,B65.2,0.9372340440750122,,,,,
1228,2,血吸虫侵染 - 见血吸虫病,Schistosoma infestation - see Schistosomiasis,,0.9297279119491577,,,,,
1228,2,血小板病,Thrombocytopathy,D69.1,0.9999372959136963,,,,,
1228,3,粒细胞减少性,granulopenic,D69.1,0.9876113533973694,,,,,
1228,3,营养不良性,dystrophic,D69.1,0.9920001029968262,,,,,
1228,2,血小板机能不全(格兰茨曼)(出血性)(遗传性),Thromboasthenia (Glanzmann) (hemorrhagic) (hereditary),D69.1,0.992018461227417,,,,,
1228,2,血小板减少(性),"Thrombocytopenia, thrombocytopenic, Thrombopenia",D69.6,0.9997807741165161,,,,,
1228,3,产褥期、产后,"puerperal, postpartum",O72.3,0.959189236164093,,,,,
1228,3,短暂性新生儿,transient neonatal,P61.0,0.9753690958023071,,,,,
1228,3,继发性,secondary,D69.5,0.9503416419029236,,,,,
1228,3,桡骨缺失,with absent radius (TAR),Q87.2,0.9640949368476868,,,,,
1228,3,特发性,"essential, idiopathic",D69.3,0.959522545337677,,,,,
1228,3,稀释性,dilutional,D69.5,0.9989547729492188,,,,,
1228,3,先天性,congenital,D69.4,0.9923353791236877,,,,,
1228,3,新生儿，暂时性,"neonatal, transitory",P61.0,0.9876818060874939,,,,,
1228,4,由于,due to,,0.8008561134338379,,,,,
1228,5,换血疗法,exchange transfusion,P61.0,0.9415696859359741,,,,,
1228,5,特发性母体血小板减少,idiopathic maternal thrombocytopenia,P61.0,0.9813753962516785,,,,,
1228,5,同种免疫,isoimmunization,P61.0,0.9792121648788452,,,,,
1229,3,遗传性,hereditary,D69.4,0.9688745141029358,,,,,
1229,3,由于,due to,,0.9416479468345642,,,,,
1229,4,大量输血,massive blood transfusion,D69.5,0.9569850564002991,,,,,
1229,4,体外血循环,extracorporeal circulation of blood,D69.5,0.9257839322090149,,,,,
1229,4,血小板异型免疫,platelet alloimmunization,D69.5,0.9808060526847839,,,,,
1229,4,药物,drugs,D69.5,0.9844020009040833,,,,,
1229,3,原发性NEC,primary NEC,D69.4,0.9936354756355286,,,,,
1229,2,血小板减少-桡骨缺失综合征,TAR (thrombocytopenia with absent radius) syndrome,Q87.2,0.9956628084182739,,,,,
1229,2,血小板紊乱(贝尔纳德-苏利耶),Thrombopathy (Bernard-Soulier),D69.1,0.9933722615242004,,,,,
1229,3,体质性,constitutional,D68.0,0.9611650705337524,,,,,
1229,3,维勒布兰德-尤尔根斯,Willebrand-Jurgens,D68.0,0.9947620034217834,,,,,
1229,2,血小板无力症(格兰茨曼),Thrombocytasthenia (Glanzmann),D69.1,0.9998565912246704,,,,,
1229,2,血小板增多，特发性,"Thrombocytosis, essential",D75.2,0.9715784192085266,,,,,
1229,3,出血性，原发性(M9962/1),"hemorrhagic, primary (M9962/1)",D47.3,0.9951707720756531,,,,,
1229,2,血性精液,Hematospermia,N50.1,0.9999518394470215,,,,,
1229,2,血性乳糜尿，在血吸虫病(裂体吸虫病)中,"Hematochyluria, in schistosomiasis (bilharziasis)",B65.0,0.9996285438537598,,,,,
1229,2,血胸(细菌性)(非结核性),"Hemothorax, Hematothorax (bacterial) (nontuberculous)",J94.2,0.9996924996376038,,,,,
1229,3,创伤性,traumatic,S27.1,0.9510719180107117,,,,,
1229,4,伴有气胸,with pneumothorax,S27.2,0.9769492745399475,,,,,
1229,3,结核性 NEC,tuberculous NEC,A16.5,0.993492066860199,,,,,
1229,3,新生儿,newborn,P54.8,0.9730327725410461,,,,,
1229,2,血压波动,Fluctuating blood pressure,I99,0.9524425864219666,,,,,
1229,2,血压过低-见低血压,Hypopiesis - see Hypotension,,0.9652047753334045,,,,,
1229,2,血压过高 - 见 高血压,"Hyperpiesis, hyperpiesia - see Hypertension",,0.9063714146614075,,,,,
1229,2,血液,Blood,,0.9998419880867004,,,,,
1229,3,病,disease,D75.9,0.9898433089256287,,,,,
1229,3,成分异常,"constituents, abnormal",R78.9,0.9780726432800293,,,,,
1229,3,见于,in,,0.9773686528205872,,,,,
1229,4,粪便中(另见黑粪),feces (see also Melena),K92.1,0.9802575707435608,,,,,
1229,5,潜血,occult,R19.5,0.9637792110443115,,,,,
1229,4,尿中(另见血尿),urine (see also Hematuria),R31,0.9731623530387878,,,,,
1229,3,角膜血染,staining cornea,H18.0,0.9997340440750122,,,,,
1229,3,呕吐(另见呕血),vomiting (see also Hematemesis),K92.0,0.9886601567268372,,,,,
1229,3,输注,ransfusion,,0.998821496963501,,,,,
1229,4,不伴有报告诊断,without reported diagnosis,Z51.3,0.9665326476097107,,,,,
1229,4,反应或并发症-见并发症，输血,reaction or complication - see Complicatio transfusion,,0.9474133253097534,,,,,
1229,3,胎块,mole,O02.0,0.9383745789527893,,,,,
1229,3,体液不调,dyscrasia,D75.9,0.9644842743873596,,,,,
1229,4,产褥期、产后,"puerperal, postpartum",O72.3,0.9655107855796814,,,,,
1229,4,胎儿或新生儿,fetus or newborn,P61.9,0.9776467084884644,,,,,
1230,3,唾沫(另见咯血),spitting (see also Hemoptysis),R04.2,0.9926385879516602,,,,,
1230,3,吸虫NEC(另见血吸虫病),flukes NEC (see also Schistosomiasis),B65.9,0.9954028129577637,,,,,
1230,3,血管破裂-见出血,vessel rupture – see Hemorrhage,,0.9768365025520325,,,,,
1230,3,血压,pressure,,0.9764717817306519,,,,,
1230,4,波动,fluctuating,I99,0.9633080363273621,,,,,
1230,4,低(另见低血压),low (see also Hypotension),I95.9,0.9511374235153198,,,,,
1230,5,偶然读数，不伴有低血压的诊断,"incidental reading, without diagnosis of hypotension",R03.1,0.9772712588310242,,,,,
1230,4,高(另见高血压),high (see also Hypertension),I10,0.9402450323104858,,,,,
1230,5,偶然读数，不伴有高血压的诊断,"incidental reading, without diagnosis of hypertension",R03.0,0.9682901501655579,,,,,
1230,4,减少，由于损伤后休克,"decreased, due to shock following injury",T79.4,0.9804790616035461,,,,,
1230,4,仅为检查,examination only,Z01.3,0.9787070751190186,,,,,
1230,2,血液透析,Hemodialysis,Z49.1,0.9993247985839844,,,,,
1230,3,仅为准备性医疗(不伴有治疗),preparatory care only (without treatment),Z49.0,0.988963782787323,,,,,
1230,2,血液坠积，肺，被动性(另见水肿，肺),"Hypostasis, pulmonary, passive (see also Edema, lung)",J81,0.9702364802360535,,,,,
1230,2,血友病(家族性)(遗传性),Hemophilia (familial) (hereditary),D66,0.9949796795845032,,,,,
1230,3,A,A,D66,0.9910572171211243,,,,,
1230,3,B,B,D67,0.9975886940956116,,,,,
1230,3,C,C,D68.1,0.9929344654083252,,,,,
1230,3,典型,classical,D66,0.9895020723342896,,,,,
1230,3,非家族性(另见缺陷，凝血),"nonfamilial (see also Defect, coagulation)",D68.4,0.9816541075706482,,,,,
1230,3,缺钙性(另见缺陷，凝血),"calcipriva (see also Defect, coagulation)",D68.4,0.9955999255180359,,,,,
1230,3,血管性,vascular,D68.0,0.958114504814148,,,,,
1230,2,血源性的-见情况,Hematogenous – see condition,,0.962012767791748,,,,,
1230,2,血中发现(通常不出现的未特指物质),Finding in blood (of substance not normally found in blood),R78.9,0.95955491065979,,,,,
1230,3,阿片制剂,opiate drug,R78.1,0.9898614883422852,,,,,
1230,3,成瘾药NEC,addictive drug NEC,R78.4,0.9560779333114624,,,,,
1230,3,酒精(水平过高),alcohol (excessive level),R78.0,0.962007999420166,,,,,
1230,3,可卡因,cocaine,R78.2,0.9867026209831238,,,,,
1230,3,类固醇剂,steroid agent,R78.6,0.9981834292411804,,,,,
1230,3,锂(水平异常),lithium (abnormal level),R78.8,0.9852713346481323,,,,,
1230,3,特指的物质NEC,specified substance NEC,R78.8,0.9839814901351929,,,,,
1230,3,影响精神的药物,psychotropic drug,R78.5,0.9935877323150635,,,,,
1230,3,致幻剂,hallucinogen,R78.3,0.9721412658691406,,,,,
1230,3,重金属(水平异常),heavy metals (abnormal level),R78.7,0.9910696744918823,,,,,
1230,2,血中尿酸(增加),Uric acid in blood (increased),E79.0,0.9698901772499084,,,,,
1230,2,血肿(创伤性)(皮肤表面完整)(另见损伤，浅表),"Hematoma (traumatic) (skin surface intact) (see also Injury, superficial)",T14.0,0.9788109064102173,,,,,
1230,3,伴有,with,,0.9051098823547363,,,,,
1230,4,开放性伤口-见伤口，开放性,"open wound – see Wound, open",,0.9455816149711609,,,,,
1230,4,内部器官损伤-见损伤，按部位,"injury of internal organs – see Injury, by site",,0.9498095512390137,,,,,
1231,3,并发于分娩(盆腔)(会阴)(阴道)(外阴),complicating delivery (pelvic) (perineal) (vagina) (vulva),O71.7,0.9885388016700745,,,,,
1231,3,玻璃体,vitreous,H43.1,0.9797011613845825,,,,,
1231,3,产科手术伤口,obstetrical surgical wound,O90.2,0.9698609709739685,,,,,
1231,3,产伤 NEC,birth injury NEC,P15.8,0.9719900488853455,,,,,
1231,3,大脑-见血肿，脑,"cerebral - see Hematoma, brain",,0.994329571723938,,,,,
1231,3,动脉(并发创伤)(另见损伤，血管),"arterial (complicating trauma) (see also Injury, blood vessel)",T14.5,0.9902239441871643,,,,,
1231,3,耳廓,"auricle, pinna",S00.4,0.9953696727752686,,,,,
1231,4,非创伤性,nontraumatic,H61.1,0.9630420804023743,,,,,
1231,3,附睾(非创伤性),epididymis (nontraumatic),N50.1,0.9814065098762512,,,,,
1231,3,腹膜后(非创伤性),retroperitoneal (nontraumatic),K66.1,0.9777310490608215,,,,,
1231,4,创伤性,traumatic,S36.8,0.9873625040054321,,,,,
1231,3,肝(包膜下)(非创伤性),liver (subcapsular) (nontraumatic),K76.8,0.9921725392341614,,,,,
1231,4,产伤,birth injury,P15.0,0.9665553569793701,,,,,
1231,3,肛周(非创伤性),perianal (nontraumatic),I84.3,0.9676958322525024,,,,,
1231,3,睾丸(非创伤性),testis (nontraumatic),N50.1,0.9729527235031128,,,,,
1231,4,产伤,birth injury,P15.5,0.9906222820281982,,,,,
1231,3,海绵体(非创伤性),corpus cavernosum (nontraumatic),N48.8,0.9920244216918945,,,,,
1231,3,会阴,perineal,S30.2,0.9932659864425659,,,,,
1231,4,并发于分娩,complicating delivery,O71.7,0.9450432658195496,,,,,
1231,3,会阴切开术,episiotomy,O90.2,0.9401111006736755,,,,,
1231,3,肌肉-作为挫伤，按部位编码,"muscle - code as Contusion, by site",,0.9825929999351501,,,,,
1231,3,"脊(髓)(脑脊膜)(另见损伤,脊髓,按部位)","spinal (cord) (meninges) (see also Injury, spinal cord, by region)",T09.3,0.9838799834251404,,,,,
1231,4,胎儿或新生儿(产伤),fetus or newborn (birth injury),P11.5,0.9888932704925537,,,,,
1231,3,截肢残端(手术的),amputation stump (surgical),T87.6,0.9768866300582886,,,,,
1231,3,精囊(非创伤性),seminal vesicle (nontraumatic),N50.1,0.9819365739822388,,,,,
1231,4,创伤性,traumatic,S37.8,0.9923499822616577,,,,,
1231,3,精索(创伤性),spermatic cord (traumatic),S37.8,0.9903103113174438,,,,,
1231,4,非创伤性,nontraumatic,N50.1,0.9595889449119568,,,,,
1231,3,眶(非创伤性),"orbit, orbital (nontraumatic)",H05.2,0.993031919002533,,,,,
1231,4,创伤性,traumatic,S05.1,0.9668337106704712,,,,,
1231,3,阔韧带(非创伤性),broad ligament (nontraumatic),N83.7,0.9936174750328064,,,,,
1231,4,创伤性,traumatic,S37.8,0.976507842540741,,,,,
1231,3,面部，产伤,"face, birth injury",P15.4,0.980686366558075,,,,,
1231,3,脑(创伤性),brain (traumatic),S06.8,0.9872909188270569,,,,,
1231,4,伴有大脑撕裂或挫伤(弥漫性),with cerebral laceration or contusion (diffuse),S06.2,0.9874444007873535,,,,,
1231,5,局灶性,focal,S06.3,0.9565590620040894,,,,,
1231,4,非创伤性(另见出血，脑内),"nontraumatic (see also Hemorrhage, intracerebral)",I61.9,0.978129506111145,,,,,
1231,5,硬膜外,epidural or extradural,I62.1,0.9576076865196228,,,,,
1231,5,硬膜下(另见出血，硬膜下),"subdural (see also Hemorrhage, subdural)",I62.0,0.9321489930152893,,,,,
1231,5,蛛网膜下(另见出血，蛛网膜下),"subarachnoid (see also Hemorrhage, subarachnoid)",I60.9,0.9686003923416138,,,,,
1232,4,胎儿或新生儿 NEC,fetus or newborn NEC,P52.4,0.9714478254318237,,,,,
1232,5,产伤,birth injury,P10.1,0.9191039800643921,,,,,
1232,4,硬膜下，创伤性,"subdural, traumatic",S06.5,0.9743086099624634,,,,,
1232,4,蛛网膜(下)，创伤性,"subarachnoid, arachnoid, traumatic",S06.6,0.9643025398254395,,,,,
1232,3,内部器官-见损伤，按部位,"internal organs - see Injury, by site",,0.9880673289299011,,,,,
1232,3,盆腔(女性)(非产科)(非创伤性),pelvis (female) (nonobstetric) (nontraumatic),N94.8,0.9834365248680115,,,,,
1232,4,产科,obstetric,O71.7,0.8701392412185669,,,,,
1232,4,创伤性(另见损伤，按部位),"traumatic (see also Injury, by site)",S37.9,0.9927369952201843,,,,,
1232,5,特指的器官NEC(另见损伤，按部位),"specified organ NEC (see also Injury, by site)",S37.8,0.9791240692138672,,,,,
1232,3,剖宫产伤口,cesarean section wound,O90.2,0.9718828201293945,,,,,
1232,3,脐带，并发于分娩,"umbilical cord, complicating delivery",O69.5,0.9847704768180847,,,,,
1232,4,影响到胎儿或新生儿,affecting fetus or newborn,P02.6,0.9771841764450073,,,,,
1232,3,浅表性，胎儿或新生儿,"superficial, fetus or newborn",P54.5,0.9753403663635254,,,,,
1232,3,鞘膜(非创伤性),tunica vaginalis (nontraumatic),N50.1,0.98101407289505,,,,,
1232,3,乳房(非创伤性),breast (nontraumatic),N64.8,0.990303635597229,,,,,
1232,3,肾周,perirenal,S37.0,0.9933978319168091,,,,,
1232,3,生殖器官NEC(非创伤性),genital organ NEC (nontraumatic),,0.9777061343193054,,,,,
1232,4,创伤性(外部)，浅表性,"traumatic (external site), superficial",S30.2,0.9875848293304443,,,,,
1232,5,内部-见损伤，按部位,"internal - see Injury, by site",,0.9515148997306824,,,,,
1232,4,男性,male,N50.1,0.9671072363853455,,,,,
1232,4,女性(非产科),female (nonobstetric),N94.8,0.9726208448410034,,,,,
1232,3,手术后,postoperative,T81.0,0.9517375826835632,,,,,
1232,3,输精管(非创伤性),vas deferens (nontraumatic),N50.1,0.9865057468414307,,,,,
1232,4,创伤性,traumatic,S37.8,0.995684802532196,,,,,
1232,3,输卵管系膜(非创伤性),mesosalpinx (nontraumatic),N83.7,0.9879181385040283,,,,,
1232,4,创伤性,traumatic,S37.8,0.9685010313987732,,,,,
1232,3,胎盘,placenta,O43.8,0.9830890893936157,,,,,
1232,3,外阴(非产科)(非创伤性),vulva (nonobstetric) (nontraumatic),N90.8,0.9748967289924622,,,,,
1232,4,并发于分娩,complicating delivery,O71.7,0.9406270980834961,,,,,
1232,4,胎儿或新生儿(产伤),fetus or newborn (birth injury),P15.5,0.9881489872932434,,,,,
1232,3,胸骨乳突，产伤,"sternomastoid, birth injury",P15.2,0.9816783666610718,,,,,
1232,3,胸锁乳突肌，产伤,"sternocleidomastoid, birth injury",P15.2,0.9930881857872009,,,,,
1232,3,阴唇(非产科)(非创伤性),labia (nonobstetric) (nontraumatic),N90.8,0.9860541820526123,,,,,
1232,3,阴道(非创伤性),vagina (nontraumatic),N89.8,0.9808438420295715,,,,,
1232,4,并发于分娩,complicating delivery,O71.7,0.9443827271461487,,,,,
1232,3,阴茎(非创伤性),penis (nontraumatic),N48.8,0.9780048727989197,,,,,
1232,4,产伤,birth injury,P15.5,0.904518723487854,,,,,
1232,3,阴囊，浅表性,"scrotum, superficial",S30.2,0.9208588004112244,,,,,
1232,4,产伤,birth injury,P15.5,0.9585591554641724,,,,,
1232,3,硬膜外(创伤性),epidural (traumatic),S06.4,0.9744436740875244,,,,,
1232,4,脊柱-见损伤，脊髓，按部位,"spinal - see Injury, spinal cord, by region",,0.9718146920204163,,,,,
1233,3,硬膜下(创伤性),subdural (traumatic),S06.5,0.9702534079551697,,,,,
1233,4,非创伤性(另见出血，硬膜下),"nontraumatic (see also Hemorrhage, subdural)",I62.0,0.9605173468589783,,,,,
1233,5,胎儿或新生儿(局部性),fetus or newborn (localized),P52.8,0.9610610604286194,,,,,
1233,4,产伤,birth injury,P10.0,0.9635326266288757,,,,,
1233,3,蛛网膜下(创伤性),subarachnoid (traumatic),S06.6,0.9841976761817932,,,,,
1233,4,非创伤性(另见出血，蛛网膜下),"nontraumatic (see also Hemorrhage, subarachnoid)",I60.9,0.9758684635162354,,,,,
1233,4,胎儿或新生儿(非创伤性),fetus or newborn (nontraumatic),P52.5,0.9866560697555542,,,,,
1233,5,产伤,birth injury,P10.3,0.9574447274208069,,,,,
1233,3,主动脉，夹层,"aorta, dissecting",I71.0,0.9780299067497253,,,,,
1233,3,子宫韧带(阔)(非创伤性),uterine ligament (broad) (nontraumatic),N83.7,0.9860199093818665,,,,,
1233,4,创伤性,traumatic,S37.8,0.9339138865470886,,,,,
1233,3,纵隔,mediastinum,S27.8,0.9839955568313599,,,,,
1233,2,血肿性胎块,Breus' mole,O02.0,0.989392101764679,,,,,
1233,1,xún 寻,,,0.9992198944091797,,,,,
1233,2,寻求和接受已知是危险和有害的,Seeking and accepting known hazardous and harmful,,0.9994003772735596,,,,,
1233,3,化学性、营养性或物理性干预措施,"chemical, nutritional or physical interventions",Z64.2,0.998064398765564,,,,,
1233,3,行为或心理上的干预措施,behavioral or psychological interventions,Z64.3,0.9880597591400146,,,,,
1233,1,xún 巡,,,0.9211265444755554,,,,,
1233,2,巡游型病人,Peregrinating patient,F68.1,0.9850272536277771,,,,,
1233,1,xún 荨,,,0.9339842200279236,,,,,
1233,2,荨麻疹(粗),"Hives, Urticaria (bold)",L50.9,0.9963268637657166,,,,,
1233,3,伴有血管神经性水肿,with angioneurotic edema,T78.3,0.9929320812225342,,,,,
1233,4,遗传性,hereditary,D84.1,0.9331791400909424,,,,,
1233,3,变应性,allergic,L50.0,0.961367666721344,,,,,
1233,3,胆碱能性,cholinergic,L50.5,0.9866925477981567,,,,,
1233,3,非变应性,nonallergic,L50.1,0.9885693788528442,,,,,
1233,3,喉,larynx,T78.3,0.9488387107849121,,,,,
1233,4,遗传性,hereditary,D84.1,0.9765813946723938,,,,,
1233,3,接触性,contact,L50.6,0.9793382287025452,,,,,
1233,3,巨大,giant,T78.3,0.9565908312797546,,,,,
1233,4,遗传性,hereditary,D84.1,0.9350340962409973,,,,,
1233,3,慢性,chronic,L50.8,0.9644864201545715,,,,,
1233,3,皮肤划痕症性,dermatographic,L50.3,0.9634760618209839,,,,,
1233,3,丘疹性(黑布拉),papulosa (Hebra),L28.2,0.9988011717796326,,,,,
1233,3,热的(冷)(热),thermal (cold) (heat),L50.2,0.9662824869155884,,,,,
1233,3,人为性,factitial,L50.3,0.9667452573776245,,,,,
1234,3,日光性,solar,L56.3,0.9568624496459961,,,,,
1234,3,色素性,pigmentosa,Q82.2,0.9505201578140259,,,,,
1234,3,特发性,idiopathic,L50.1,0.9852085113525391,,,,,
1234,3,特指类型NEC,specified type NEC,L50.8,0.9702189564704895,,,,,
1234,3,新生儿,neonatorum,P83.8,0.979587197303772,,,,,
1234,3,血清性,serum,T80.6,0.9509071707725525,,,,,
1234,3,由于,due to,,0.9467112421989441,,,,,
1234,4,冷或热,cold or heat,L50.2,0.976830244064331,,,,,
1234,4,食物,food,L50.0,0.9627231955528259,,,,,
1234,4,植物,plants,L50.6,0.9704209566116333,,,,,
1234,3,振动性,vibratory,L50.4,0.9596628546714783,,,,,
1234,3,周期复发性,recurrent periodic,L50.8,0.9808529615402222,,,,,
1234,3,着色性,xanthelasmoidea,Q82.2,0.9799255132675171,,,,,
1234,1,xún 循,,,0.956564724445343,,,,,
1234,2,循环,Circulation,,0.9999833106994629,,,,,
1234,3,侧支，任何部位,"collateral, any site",I99,0.9603652954101562,,,,,
1234,3,缺陷,defective,I99,0.9596090912818909,,,,,
1234,4,先天性,congenital,Q28.9,0.9620630741119385,,,,,
1234,3,衰竭(周围),failure (peripheral),R57.9,0.9845786690711975,,,,,
1234,4,胎儿或新生儿,fetus or newborn,P29.8,0.9751596450805664,,,,,
1234,3,胎儿，永存,"fetal, persistent",P29.3,0.9759292006492615,,,,,
1234,3,心脏，不完全,"heart, incomplete",Q28.9,0.9621267318725586,,,,,
1234,2,循环抗凝剂,Circulating anticoagulants,D68.3,0.9617370367050171,,,,,
1234,3,分娩后,following childbirth,O72.3,0.979986846446991,,,,,
1234,2,循环系统的 - 见情况,Circulatory system - see condition,,0.9666985869407654,,,,,
1234,1,xùn 训,,,0.9564555287361145,,,,,
1234,2,训练,Training (in),,0.9997044205665588,,,,,
1234,3,日常生活活动NEC,activities of daily living NEC,Z50.8,0.9774355292320251,,,,,
1234,3,视轴矫正,orthoptic,Z50.6,0.9542880654335022,,,,,
1234,1,xùn 蕈,,,0.9981268048286438,,,,,
1234,2,蕈中毒,Mycetismus,T62.0,0.9546380639076233,,,,,
1235,0,Y,,,0.9997197985649109,,,,,
1235,1,yā 压,,,0.9999079704284668,,,,,
1235,2,压扁鼻,Squashed nose,M95.0,0.999782383441925,,,,,
1235,3,先天性,congenital,Q67.4,0.987972617149353,,,,,
1235,2,压力,"Pressure, Tension",,0.9982674717903137,,,,,
1235,3,动脉，高(另见高血压),"arterial, high (see also Hypertension)",I10,0.9915547966957092,,,,,
1235,3,静脉，增加,"venous, increased",I87.8,0.9872112274169922,,,,,
1235,3,心收缩过弱的(另见低血压),hyposystolic (see also Hypotension),I95.9,0.9838595986366272,,,,,
1235,4,偶然读数，不伴有低血压的诊断,"incidental reading, without diagnosis of hypotension",R03.1,0.9805355072021484,,,,,
1235,3,增加,increased,,0.9492640495300293,,,,,
1235,4,颅内(良性),intracranial (benign),G93.2,0.9778533577919006,,,,,
1235,5,分娩时损伤,injury at birth,P11.0,0.9849351048469543,,,,,
1235,4,眼内,intraocular,H40.0,0.9599661231040955,,,,,
1235,2,压迫,"Compression, Pressure, Stress",,0.9986281991004944,,,,,
1235,3,伴有损伤-编码于损伤，按类型和部位,"with injury - code to Injury, by type and site",,0.9865870475769043,,,,,
1235,3,臂丛,brachial plexus,G54.0,0.9678626656532288,,,,,
1235,3,部位，皮肤溃疡[褥疮],"area, skin ulcer",L89,0.9934476017951965,,,,,
1235,4,分期,stage,,0.9143387675285339,,,,,
1235,5,Ⅰ期,I,L89.0,0.8561541438102722,,,,,
1235,5,Ⅱ期,II,L89.1,0.9437397718429565,,,,,
1235,5,Ⅲ期,III,L89.2,0.8588674068450928,,,,,
1235,5,Ⅳ期,IV,L89.3,0.9006633758544922,,,,,
1235,3,肠(另见梗阻，肠),"intestine (see also Obstruction, intestine)",K56.6,0.9627023935317993,,,,,
1235,3,出生，胎儿或新生儿，NEC,"birth, fetus or newborn, NEC",P15.9,0.994640588760376,,,,,
1235,3,大脑-见压迫，脑,"cerebral - see Compression, brain",,0.959352970123291,,,,,
1235,3,动脉,artery,I77.1,0.9483994245529175,,,,,
1235,4,腹腔，综合征,"celiac, syndrome",I77.4,0.9866784811019897,,,,,
1235,3,肺,lung,J98.4,0.9870734810829163,,,,,
1235,3,骨折 - 见 骨折,fracture - see Fracture,,0.8642175793647766,,,,,
1235,3,喉神经，复发性,"laryngeal nerve, recurrent",J38.7,0.9988989233970642,,,,,
1235,3,坏死[褥疮](慢性)(皮肤),necrosis (chronic) (skin),L89.2,0.9698749780654907,,,,,
1235,4,分期,stage,,0.8756129741668701,,,,,
1235,5,Ⅲ期,III,L89.2,0.9064884185791016,,,,,
1235,5,Ⅳ期,IV,L89.3,0.934161365032196,,,,,
1235,3,脊髓,spinal cord,G95.2,0.993198037147522,,,,,
1235,4,创伤性(另见损伤，脊髓，按部位),"traumatic (see also Injury, spinal cord, by region)",T09.3,0.988038182258606,,,,,
1235,4,脊椎源性(神经)(腰骶)(胸),"spondylogenic (cervical) (lumbar, lumbosacral) (thoracic)",M47.1+ G99.2*,0.9781976938247681,,,,,
1235,5,前,anterior,M47.0+ G99.2*,0.9640704989433289,,,,,
1236,4,神经根 NEC,nerve root NEC,G54.9,0.9477923512458801,,,,,
1236,5,创伤性-见损伤，神经，脊柱,"traumatic - see Injury, nerve, spinal",,0.9688589572906494,,,,,
1236,5,由于椎间盘移位NEC,due to displacement of intervertebral disk NEC,M51.1+ G55.1*,0.9549100399017334,,,,,
1236,6,伴有脊髓病,with myelopathy,M51.0+ G99.2*,0.982402503490448,,,,,
1236,6,神经,cervical,M50.1+ G55.1*,0.9654853940010071,,,,,
1236,7,伴有脊髓病,with myelopathy,M50.0+ G99.2*,0.9654140472412109,,,,,
1236,4,由于椎间盘移位NEC,by displacement of intervertebral disk NEC,M51.0+ G99.2*,0.979278564453125,,,,,
1236,5,神经,cervical,M50.0+ G99.2*,0.9623040556907654,,,,,
1236,3,交感神经 NEC,sympathetic nerve NEC,G90.8,0.9562326073646545,,,,,
1236,3,静脉,vein,I87.1,0.896600604057312,,,,,
1236,3,溃疡[压疮](慢性),ulcer (chronic),L89,0.9876717925071716,,,,,
1236,4,分期,stage,,0.8987340331077576,,,,,
1236,5,Ⅰ期,I,L89.0,0.8725277185440063,,,,,
1236,5,Ⅱ期,II,L89.1,0.8849773406982422,,,,,
1236,5,Ⅲ期,III,L89.2,0.8741916418075562,,,,,
1236,5,Ⅳ期,IV,L89.3,0.9340429306030273,,,,,
1236,3,淋巴管,lymphatic vessel,I89.0,0.9668352603912354,,,,,
1236,3,马尾,cauda equina,G83.4,0.987529993057251,,,,,
1236,3,面部,facies,Q67.1,0.9744560718536377,,,,,
1236,3,脑(干),brain (stem),G93.5,0.9793623685836792,,,,,
1236,4,创伤性,traumatic,S06.2,0.9903009533882141,,,,,
1236,4,分娩时损伤 NEC,injury at birth NEC,P11.1,0.9615936279296875,,,,,
1236,4,由于,due to,,0.736188530921936,,,,,
1236,5,挫伤(弥漫性),contusion (diffuse),S06.2,0.9698659181594849,,,,,
1236,6,局灶性,focal,S06.3,0.9382736682891846,,,,,
1236,5,损伤NEC,injury NEC,S06.2,0.9635839462280273,,,,,
1236,3,脐带,umbilical cord,,0.9978324770927429,,,,,
1236,4,并发于分娩,complicating delivery,O69.2,0.9434278607368469,,,,,
1236,5,脐带绕颈,cord around neck,O69.1,0.9433515071868896,,,,,
1236,5,特指的 NEC,specified NEC,O69.2,0.9258888363838196,,,,,
1236,5,脱垂,prolapse,O69.0,0.9476704001426697,,,,,
1236,4,影响到胎儿或新生儿,affecting fetus or newborn,P02.5,0.9652081727981567,,,,,
1236,5,伴有脐带脱垂,with cord prolapse,P02.4,0.9896002411842346,,,,,
1236,3,气管,trachea,J39.8,0.996353805065155,,,,,
1236,3,潜水者受压,diver's squeeze,T70.3,0.9981792569160461,,,,,
1236,3,腔静脉(下)(上),vena cava (inferior) (superior),I87.1,0.9658236503601074,,,,,
1237,3,褥疮[压疮](慢性),sore (chronic),L89,0.9730145931243896,,,,,
1237,4,分期,stage,,0.9318153262138367,,,,,
1237,5,Ⅰ期,I,L89.0,0.9303122162818909,,,,,
1237,5,Ⅱ期,II,L89.1,0.8548920154571533,,,,,
1237,5,Ⅲ期,III,L89.2,0.8613783121109009,,,,,
1237,5,Ⅳ期,IV,L89.3,0.9188565015792847,,,,,
1237,3,神经(另见疾患，神经),"nerve (see also Disorder, nerve)",G58.9,0.9776487946510315,,,,,
1237,4,尺,ulnar,G56.2,0.8507158160209656,,,,,
1237,4,创伤性-见损伤，神经,"traumatic – see Injury, nerve",,0.9463441371917725,,,,,
1237,4,根或丛NEC(中),root or plexus NEC (in),G54.9,0.9680061340332031,,,,,
1237,5,脊椎关节强硬,spondylosis,M47.2+ G55.2*,0.9707766771316528,,,,,
1237,5,肿瘤疾病NEC(M8000/1)(另见 肿瘤),neoplastic disease NEC (M8000/1) (see also Neoplasm),D48.9+ G55.0*,0.9766122698783875,,,,,
1237,5,椎间盘疾患NEC,intervertebral disk disorder NEC,M51.1+ G55.1*,0.9475218653678894,,,,,
1237,6,伴有脊髓病,with myelopathy,M51.0+ G99.2*,0.9756450057029724,,,,,
1237,6,神经,cervical,M50.1+ G55.1*,0.9598008990287781,,,,,
1237,7,伴有脊髓病,with myelopathy,M50.0+ G99.2*,0.9819597601890564,,,,,
1237,4,交感,sympathetic,G90.8,0.9798815250396729,,,,,
1237,4,胫后(跗管中),posterior tibial (in tarsal tunnel),G57.5,0.974625289440155,,,,,
1237,4,视,optic,H47.0,0.8872803449630737,,,,,
1237,4,正中(腕管中),median (in carpal tunnel),G56.0,0.9735128283500671,,,,,
1237,4,坐骨大孔(急性),sciatic (acute),G57.0,0.9916951060295105,,,,,
1237,3,食管,esophagus,K22.2,0.9691144227981567,,,,,
1237,3,髓质-见压迫，脑,"medulla – see Compression, brain",,0.9698944091796875,,,,,
1237,3,胎儿-见窘迫，胎儿,"fetal – see Distress, fetal",,0.9462504386901855,,,,,
1237,3,心脏－见病，心脏,"heart – see Disease, heart",,0.939149022102356,,,,,
1237,3,咽鼓管,eustachian tube,H68.1,0.9930148720741272,,,,,
1237,3,腰骶丛,lumbosacral plexus,G54.1,0.9945628643035889,,,,,
1237,3,圆锥，幕的,"cone, tentorial",G93.5,0.9933653473854065,,,,,
1237,3,支气管,bronchus,J98.0,0.9916876554489136,,,,,
1237,3,综合征,syndrome,T79.5,0.9949119687080383,,,,,
1237,3,纵隔,mediastinum,J98.5,0.9748917818069458,,,,,
1237,2,压塞，心脏(另见心包炎),"Tamponade, heart (see also Pericarditis)",I31.9,0.9953383207321167,,,,,
1237,2,压缩,Depression,,0.9997437000274658,,,,,
1237,3,骨髓,bone marrow,D75.8,0.9890273213386536,,,,,
1237,3,脑血管,cerebrovascular,I67.9,0.9734404683113098,,,,,
1237,3,视野,visual field,H53.4,0.9785307049751282,,,,,
1237,3,延髓,medullary,G93.8,0.9684995412826538,,,,,
1237,2,压痛，腹部,"Tenderness, abdominal",R10.4,0.9875917434692383,,,,,
1238,1,yā 鸦,,,,,,,,
1238,2,鸦片-现译名阿片,Opium,,0.9998425245285034,,,,,
1238,1,yá 牙,,,0.999915361404419,,,,,
1238,2,牙 - 另见情况,Teeth - see also condition,,0.8769092559814453,,,,,
1238,3,磨,grinding,F45.8,0.9685481190681458,,,,,
1238,2,牙本质,Dentin,,0.9999690055847168,,,,,
1238,3,不规则(牙髓内),irregular (in pulp),K04.3,0.984510600566864,,,,,
1238,3,次生(牙髓内),secondary (in pulp),K04.3,0.9820584654808044,,,,,
1238,3,过敏,sensitive,K03.8,0.9857954382896423,,,,,
1238,2,牙本质发生不全,Dentinogenesis imperfecta,K00.5,0.9766321182250977,,,,,
1238,2,牙本质瘤(M9271/0),Dentinoma (M9271/0),D16.5,0.9997611045837402,,,,,
1238,3,上颌(骨),upper jaw (bone),D16.4,0.9554246068000793,,,,,
1238,2,牙槽出血,Odontorrhagia,K08.8,0.9999358654022217,,,,,
1238,2,牙槽的 - 见情况,"Alveolus, alveolar - see condition",,0.9814707636833191,,,,,
1238,2,牙槽嵴-另见情况,"Ridge, alveolus - see also condition",,0.9811915159225464,,,,,
1238,3,松弛,flabby,K06.8,0.9812694787979126,,,,,
1238,2,牙成釉细胞瘤[牙釉质母细胞瘤](M9311/0),Odontoameloblastoma (M9311/0),D16.5,0.9860933423042297,,,,,
1238,3,上颌(骨),upper jaw (bone),D16.4,0.97884601354599,,,,,
1238,2,牙的-另见情况,"Dental, Tooth, teeth - see also condition",,0.9755734801292419,,,,,
1238,3,检查,examination,Z01.2,0.945196807384491,,,,,
1238,2,牙发生不全,Odontogenesis imperfecta,K00.5,0.999903678894043,,,,,
1238,2,牙发育不全(另见无牙症),Hypodontia (see also Anodontia),K00.0,0.9871493577957153,,,,,
1238,2,牙发育不全，局部,"Odontodysplasia, regional",K00.4,0.9961082935333252,,,,,
1238,2,牙根未取出,Unextracted dental root,K08.3,0.9999469518661499,,,,,
1238,2,牙垢(牙石),Tartar (teeth) (dental calculus),K03.6,0.9594205021858215,,,,,
1238,2,牙骨质瘤(M9272/0),Cementoma (M9272/0),D16.5,0.983696699142456,,,,,
1238,3,巨形(M9275/0),gigantiform (M9275/0),D16.5,0.9856831431388855,,,,,
1238,4,上颌(骨),upper jaw (bone),D16.4,0.9725923538208008,,,,,
1238,3,上颌(骨),upper jaw (bone),D16.4,0.982474684715271,,,,,
1238,2,牙骨质增生,"Cementosis, Hypercementosis",K03.4,0.987245500087738,,,,,
1238,2,牙关紧闭,"Lockjaw, Trismus",R25.2,0.9990101456642151,,,,,
1238,3,新生儿,"neonatorum, newborn",A33,0.9378256797790527,,,,,
1238,3,由于破伤风引起的(另见破伤风),due to tetanus (see also Tetanus),A35,0.9676975607872009,,,,,
1238,2,牙痕舌,Crenated tongue,K14.8,0.9999127984046936,,,,,
1238,2,牙间隙异常,"Spacing, abnormal, tooth, teeth",K07.3,0.9956543445587158,,,,,
1238,2,牙瘤(M9280/0),Odontoma (M9280/0),D16.5,0.9974989891052246,,,,,
1238,3,成釉细胞(M9311/0),ameloblastic (M9311/0),D16.5,0.962874710559845,,,,,
1238,4,上颌(骨),upper jaw (bone),D16.4,0.9481891393661499,,,,,
1238,3,复合性(M9282/0),complex (M9282/0),D16.5,0.9846424460411072,,,,,
1238,4,上颌(骨),upper jaw (bone),D16.4,0.9798818230628967,,,,,
1238,3,混合性(M9281/0),compound (M9281/0),D16.5,0.9662808775901794,,,,,
1238,4,上颌(骨),upper jaw (bone),D16.4,0.9808165431022644,,,,,
1239,3,上颌(骨)(M9280/0),upper jaw (bone) (M9280/0),D16.4,0.9739130735397339,,,,,
1239,3,纤维成釉细胞(M9290/0),fibroameloblastic (M9290/0),D16.5,0.979339599609375,,,,,
1239,4,上颌(骨),upper jaw (bone),D16.4,0.9687514901161194,,,,,
1239,2,牙肉瘤，成釉细胞(M9290/3),"Odontosarcoma, ameloblastic (M9290/3)",C41.1,0.9886351823806763,,,,,
1239,3,上颌(骨),upper jaw (bone),C41.0,0.9585798382759094,,,,,
1239,2,牙髓腐败,Putrescent pulp (dental),K04.1,0.9864219427108765,,,,,
1239,2,牙髓炎(急性)(慢性)(增生性)(化脓性)(溃疡性),Pulpitis (acute) (chronic) (hyperplastic) (suppurative) (ulcerative),K04.0,0.9609154462814331,,,,,
1239,2,牙痛，牙疼,"Odontalgia, Toothache",K08.8,0.9995951652526855,,,,,
1239,2,牙龈的 - 见情况,Gum - see condition,,0.9762051105499268,,,,,
1239,2,牙龈瘤(纤维性)(巨细胞)(牙龈),Epulis (fibrous) (giant cell) (gingiva),K06.8,0.9963330030441284,,,,,
1239,2,牙龈脓肿,Parulis,K04.6,0.9872322082519531,,,,,
1239,2,牙拥挤,"Crowding, tooth, teeth",K07.3,0.9873880743980408,,,,,
1239,2,牙折断,Odontoclasia,K02.4,0.9489943385124207,,,,,
1239,2,牙周变性(幼年型),"Parodontosis, Periodontosis (juvenile)",K05.4,0.9948962926864624,,,,,
1239,2,牙周病,Paradentosis,K05.4,0.9760771989822388,,,,,
1239,2,牙周膜炎(另见牙周炎),Pericementitis (see also Periodontitis),K05.3,0.9915861487388611,,,,,
1239,2,牙周炎(慢性)(复合性)(单纯性)(另见冠周炎),"Parodontitis, Periodontitis (chronic) (complex) (simplex) (see also Pericoronitis)",K05.3,0.9886592626571655,,,,,
1239,3,急性,acute,K05.2,0.9636194705963135,,,,,
1239,3,根尖,apical,K04.5,0.9520399570465088,,,,,
1239,4,急性(牙髓源性),acute (pulpal origin),K04.4,0.9859104156494141,,,,,
1239,1,yá 芽,,,0.9999287128448486,,,,,
1239,2,芽胞杆菌 - 另见 感染，杆菌,"Bacillus - see also Infection, bacillus",,0.9042403101921082,,,,,
1239,3,脆弱，作为分类于他处疾病的原因,"fragilis, as cause of disease classified elsewhere",B96.6,0.9915645122528076,,,,,
1239,2,芽生菌病(性),"Blastomycosis, blastomycotic",B40.9,0.9798214435577393,,,,,
1239,3,巴西(另见副球孢子菌病),Brazilian (see also Paracoccidioidomycosis),B41.9,0.990888774394989,,,,,
1239,3,瘢痕疙瘩性,keloidal,B48.0,0.986385703086853,,,,,
1239,3,北美,North American,B40.9,0.9791686534881592,,,,,
1239,3,播散性,disseminated,B40.7,0.9816941022872925,,,,,
1239,3,肺,pulmonary,B40.2+ J99.8*,0.9873981475830078,,,,,
1239,4,急性,acute,B40.0+ J99.8*,0.9643647074699402,,,,,
1239,4,慢性,chronic,B40.1+ J99.8*,0.9231226444244385,,,,,
1239,3,南美(另见副球孢子菌病),South American (see also Paracoccidioidomycosis),B41.9,0.9829216003417969,,,,,
1239,3,欧洲(另见隐球菌病),European (see also Cryptococcosis),B45.9,0.9941539764404297,,,,,
1239,3,皮肤,"cutaneous, skin",B40.3+ L99.8*,0.9408069252967834,,,,,
1239,3,全身性,generalized,B40.7,0.9732156991958618,,,,,
1239,3,特指的 NEC,specified NEC,B40.8,0.9829170107841492,,,,,
1239,3,原发性肺,primary pulmonary,B40.0+ J99.8*,0.966681182384491,,,,,
1239,2,芽生菌性指间糜烂,Erosio interdigitalis blastomycetica,B37.2,0.9987213611602783,,,,,
1240,1,yǎ 哑,,,0.9979233741760254,,,,,
1240,2,哑(另见 失语),"Alalia, Dumbness, Mutism (see also Aphasia)",R47.0,0.9650675654411316,,,,,
1240,3,发育性,developmental,F80.0,0.9799165725708008,,,,,
1240,3,聋(后天性)(先天性) NEC .,deaf (acquired) (congenital) NEC,H91.3,0.9657310247421265,,,,,
1240,1,yǎ 雅,,,0.9992443919181824,,,,,
1240,2,雅达松,Jadassohn's,,0.9999753832817078,,,,,
1240,3,表皮内上皮瘤(M8096/0)- 见肿瘤，皮肤，良性,"intraepidermal epithelioma (M8096/0) - see Neoplasm, skin, benign",,0.9749030470848083,,,,,
1240,3,蓝痣(M8780/0)(另见痣，按部位),"blue nevus (M8780/0) (see also Nevus, by site)",D22.9,0.9696972370147705,,,,,
1240,2,雅达松-佩利扎里病或皮肤松弛,Jadassohn-Pellizari's disease or anetoderma,L90.2,0.9962674379348755,,,,,
1240,2,雅各布-克罗伊茨费尔特病或综合征[痉挛性假性硬化],Jakob-Creutzfeldt disease or syndrome,A81.0,0.9176642298698425,,,,,
1240,3,伴有痴呆,with dementia,A81.0+ F02.1*,0.9802447557449341,,,,,
1240,2,雅克什-吕泽病[婴儿假白血病性贫血],Jaksch-Luzet disease,D64.8,0.9998013973236084,,,,,
1240,2,雅克什贫血或病[婴儿假白血病性贫血],Von Jaksch's anemia or disease,D64.8,0.9997859597206116,,,,,
1240,2,雅库综合征,Jaccoud's syndrome,M12.0,0.9998458623886108,,,,,
1240,2,雅内病,Janet's disease,F48.8,0.9772858023643494,,,,,
1240,2,雅司病(热带),"Yaws, Bouba, Frambesia, frambesial, Parangi (tropica)",A66.9,0.9832060933113098,,,,,
1240,3,初发损害,initial lesions,A66.0,0.986722469329834,,,,,
1240,3,早期(皮肤)(斑疹性)(斑丘疹性)(小丘疹性)(丘疹性),early (cutaneous) (macular) (maculopapular) (micropapular) (papular),A66.2,0.9874253869056702,,,,,
1240,4,皮肤损害NEC,skin lesions NEC,A66.2,0.9817165732383728,,,,,
1240,4,雅司皮损,frambeside,A66.2,0.987060010433197,,,,,
1240,3,晚期结节性(溃疡性),late nodular (ulcerated),A66.4,0.9821975231170654,,,,,
1240,3,多发性乳头瘤,multiple papillomata,A66.1,0.9950084090232849,,,,,
1240,3,骨膜炎(肥大性),periostitis (hypertrophic),A66.6+ M90.1*,0.9745597839355469,,,,,
1240,3,骨损害,bone lesions,A66.6+ M90.2*,0.9669620990753174,,,,,
1240,3,骨炎,osteitis,A66.6+ M90.2*,0.9678138494491577,,,,,
1240,3,关节积水,hydrarthrosis,A66.6+ M14.8*,0.9756962656974792,,,,,
1240,3,关节旁结节,juxta-articular nodules,A66.7,0.9959131479263306,,,,,
1240,3,关节损害,joint lesions,A66.6+ M14.8*,0.9852231740951538,,,,,
1240,3,毁形性鼻咽炎,"gangosis, gangosa",A66.5+ J99.8*,0.9832354784011841,,,,,
1240,3,腱鞘囊肿,ganglion,A66.6,0.9991763234138489,,,,,
1240,3,角化过度(早期)(晚期),hyperkeratosis (early) (late),A66.3,0.9844228029251099,,,,,
1240,3,结节性，晚期(溃疡性),"nodular, late (ulcerated)",A66.4,0.9923582673072815,,,,,
1240,3,溃疡,ulcers,A66.4,0.987815260887146,,,,,
1240,3,母亲,mother,A66.0,0.9546422958374023,,,,,
1240,3,粘膜,mucosal,A66.7,0.9660933613777161,,,,,
1240,3,皮肤，感染后少于5年,"cutaneous, less than five years after infection",A66.2,0.9894720911979675,,,,,
1241,3,潜伏性(不伴有临床表现)(伴有血清学阳性),latent (without clinical manifestations) (with positive serology),A66.8,0.9921683669090271,,,,,
1241,3,乳头状瘤，足底或手掌,"papilloma, plantar or palmar",A66.1,0.9987703561782837,,,,,
1241,3,湿性角化过度性,wet crab,A66.1,0.986504077911377,,,,,
1241,3,树胶样肿,"gumma, gummata, gummatous",A66.4,0.9549962878227234,,,,,
1241,4,骨,bone,A66.6+ M90.2*,0.9623221158981323,,,,,
1241,4,骨膜炎,periostitis,A66.6+ M90.1*,0.9668067693710327,,,,,
1241,3,骨炎,osteitis,A66.6+ M90.2*,0.9643557071685791,,,,,
1241,3,雅司皮损,frambeside,A66.4,0.979913592338562,,,,,
1241,3,特指的 NEC,specified NEC,A66.7,0.964522123336792,,,,,
1241,3,下疳,chancre,A66.0,0.9591824412345886,,,,,
1241,3,眼睑,eyelid,A66 H03.1*,0.9649980664253235,,,,,
1241,2,雅司瘤,Frambesioma,A66.1,0.9999379515647888,,,,,
1241,2,雅司皮损,Frambeside,,0.9998979568481445,,,,,
1241,3,树胶样肿,gummatous,A66.4,0.9835122227668762,,,,,
1241,3,早期雅司病的,of early yaws,A66.2,0.9821059107780457,,,,,
1241,3,初发损害或溃疡,initial lesion or ulcer,A66.0,0.9970996379852295,,,,,
1241,3,原发性,primary,A66.0,0.970751941204071,,,,,
1241,1,yà 亚,,,0.9997747540473938,,,,,
1241,2,亚巴痘病毒病,Yaba pox virus disease,B08.8,0.9907455444335938,,,,,
1241,2,亚当斯-斯托克斯(-莫尔加尼)病或综合征,Stokes-Adams disease or syndrome,,0.9915320873260498,,,,,
1241,3,现译名阿-斯综合征,Adams-Stokes syndrome,,0.9912843704223633,,,,,
1241,2,亚急性的 - 见情况,Subacute - see condition,,0.9118329882621765,,,,,
1241,2,亚麻清铲工病,Flax-dresser's disease,J66.1,0.9856765270233154,,,,,
1241,2,亚马孙河吸血鲇感染或侵染,Candiru infection or infestation,B88.8,0.9979944825172424,,,,,
1241,2,亚硝基血红蛋白血症,Nitrosohemoglobinemia,D74.8,0.9881014227867126,,,,,
1241,2,亚硝酸盐样危象或反应-见危象，亚硝酸盐样,"Nitritoid crisis or reaction - see Crisis, nitritoid",,0.9945319890975952,,,,,
1241,1,yān 咽,,,0.9657611846923828,,,,,
1241,2,咽扁桃体炎,Pharyngotonsillitis,J06.8,0.9898654818534851,,,,,
1241,3,疱疹病毒性,herpesviral,B00.2,0.9916139245033264,,,,,
1241,2,咽的 - 见情况,"Pharynx, pharyngeal - see condition",,0.8915001153945923,,,,,
1241,2,咽鼓管的- 见情况,Eustachian - see condition,,0.9781085252761841,,,,,
1241,2,咽鼓管炎,"Salpingitis, Tubotympanitis",H68.0,0.9719279408454895,,,,,
1241,3,耳,ear,H68.0,0.9038938879966736,,,,,
1241,4,慢性,chronic,H65.2,0.9911561608314514,,,,,
1241,3,咽鼓管,eustachian (tube),H68.0,0.9757776260375977,,,,,
1241,2,咽喉的 - 见情况,Throat - see condition,,0.9565140604972839,,,,,
1242,2,咽喉炎(急性),"Laryngopharyngitis, Pharyngolaryngitis (acute)",J06.0,0.9995260834693909,,,,,
1242,3,慢性,chronic,J37.0,0.9778562188148499,,,,,
1242,2,咽后的 - 见情况,Retropharyngeal - see condition,,0.9693685173988342,,,,,
1242,2,咽肌麻痹,Pharyngoplegia,J39.2,0.9627739191055298,,,,,
1242,2,咽结膜炎，病毒性,"Pharyngoconjunctivitis, viral",B30.2+ H13.1*,0.9836195111274719,,,,,
1242,2,咽门的 - 见情况,Fauces - see condition,,0.9285312294960022,,,,,
1242,2,咽门炎,Faucitis,J02.9,0.9996771216392517,,,,,
1242,2,咽囊肿[托伦瓦尔特囊肿或病],Tornwaldt's cyst or disease,J39.2,0.9995134472846985,,,,,
1242,2,咽囊综合征,Pharyngeal pouch syndrome,D82.1,0.9949492812156677,,,,,
1242,2,咽气管炎(急性),Pharyngotracheitis (acute),J06.8,0.9865206480026245,,,,,
1242,3,慢性,chronic,J42,0.9752484560012817,,,,,
1242,2,咽上部炎(另见鼻咽炎),Epipharyngitis (see also Nasopharyngitis),J00,0.9946234226226807,,,,,
1242,2,咽峡炎,Angina,,0.9968822598457336,,,,,
1242,3,阿弗他,aphthous,B08.5,0.9477547407150269,,,,,
1242,3,白喉性，膜性,"diphtheritic, membranous",A36.0,0.9910311102867126,,,,,
1242,3,单核细胞性(另见单核细胞增多症，传染性),"monocytic (see also Mononucleosis, infectious)",B27.9,0.9941529035568237,,,,,
1242,3,樊尚,Vincent's,A69.1,0.9909248948097229,,,,,
1242,3,假膜的,pseudomembranous,A69.1,0.9978561401367188,,,,,
1242,3,粒细胞缺乏性,agranulocytic,D70,0.9958363771438599,,,,,
1242,3,路德维希,Ludwig's,K12.2,0.9885742664337158,,,,,
1242,3,膜性,membranous,J31.2,0.9652538299560547,,,,,
1242,4,白喉性,diphtheritic,A36.0,0.9655178189277649,,,,,
1242,4,樊尚,Vincent's,A69.1,0.984370768070221,,,,,
1242,3,脓毒性,septic,J02.0,0.9896864295005798,,,,,
1242,2,咽下部憩室(食管),Zenker's diverticulum (esophagus),K22.5,0.9996573328971863,,,,,
1242,2,咽下部炎(另见咽喉炎),Hypopharyngitis (see also Laryngopharyngitis),J06.0,0.9998614192008972,,,,,
1242,2,咽炎(急性)(卡他性)(坏疽性)(感染性)(亚急性)(化脓性)(溃疡性),Pharyngitis (acute) (catarrhal) (gangrenous) (infective) (subacute) (suppurative) (ulcerative),J02.9,0.978847086429596,,,,,
1242,3,慢性(萎缩性)(颗粒性)(肥大性),chronic (atrophic) (granular) (hypertrophic),J31.2,0.9843213558197021,,,,,
1242,3,阿弗他,aphthous,B08.5,0.9524058103561401,,,,,
1242,3,白喉性,diphtheritic,A36.0,0.9789533019065857,,,,,
1242,3,伴有流感(另见流行性感冒，伴有，呼吸道表现),"with influenza, flu or grippe (see also Influenza, with, respiratory manifestations)",J11.1,0.9887533783912659,,,,,
1242,3,病毒性 NEC,viral NEC,J02.8,0.9622507095336914,,,,,
1242,3,肠病毒水泡状,enteroviral vesicular,B08.5,0.9984970688819885,,,,,
1242,3,肥大性,hypertrophic,J31.2,0.9927514791488647,,,,,
1242,3,肺炎球菌性,pneumococcal,J02.8,0.9850468635559082,,,,,
1242,3,腐败性,putrid,J02.9,0.9719986319541931,,,,,
1242,3,干燥性,sicca,J31.2,0.9774308800697327,,,,,
1242,3,化脓性,purulent,J02.9,0.9958981275558472,,,,,
1243,3,结核性,tuberculous,A16.8,0.9862772822380066,,,,,
1243,4,伴有细菌学和组织学证实,with bacteriological and histological confirmation,A15.8,0.9910090565681458,,,,,
1243,3,柯萨奇病毒,coxsackievirus,B08.5,0.9954899549484253,,,,,
1243,3,颗粒性(慢性),granular (chronic),J31.2,0.9923951029777527,,,,,
1243,3,链球菌性,streptococcal,J02.0,0.9938853979110718,,,,,
1243,3,淋巴结，急性(肠病毒性),"lymphonodular, acute (enteroviral)",B08.8,0.9923525452613831,,,,,
1243,3,淋球菌性,gonococcal,A54.5,0.9627849459648132,,,,,
1243,3,流感性(另见流行性感冒，伴有，呼吸道表现),"influenzal (see also Influenza, with, respiratory manifestations)",J11.1,0.9865278005599976,,,,,
1243,3,滤泡性(慢性),follicular (chronic),J31.2,0.9896994233131409,,,,,
1243,3,梅毒性，先天性(早期),"syphilitic, congenital (early)",A50.0,0.9854943752288818,,,,,
1243,3,脓毒性,septic,J02.0,0.9870486855506897,,,,,
1243,3,疱疹病毒性,herpesviral,B00.2,0.9925754070281982,,,,,
1243,3,葡萄球菌性,staphylococcal,J02.8,0.9895492792129517,,,,,
1243,3,水泡状，肠病毒性,"vesicular, enteroviral",B08.5,0.9976887106895447,,,,,
1243,3,梭菌螺旋体性,fusospirochetal,A69.1,0.9988909363746643,,,,,
1243,3,特指的病原体NEC,specified organism NEC,J02.8,0.9705822467803955,,,,,
1243,3,萎缩性,atrophic,J31.2,0.9921478629112244,,,,,
1243,3,衣原体性,chlamydial,A56.4,0.9933064579963684,,,,,
1243,1,yān 烟,,,0.9357606172561646,,,,,
1243,2,烟(酰胺)缺乏,Niacin(amide) deficiency,E52,0.9995548129081726,,,,,
1243,2,烟草(烟碱[尼古丁]),Tobacco (nicotine),,0.9933428168296814,,,,,
1243,3,毒性心脏,heart,T65.2,0.9593369960784912,,,,,
1243,3,戒断状态,withdrawal state,F17.3,0.9938344359397888,,,,,
1243,3,母体使用，影响到胎儿或新生儿,"maternal use, affecting fetus or newborn",P04.2,0.9966909289360046,,,,,
1243,3,使用NÈC,use NEC,Z72.0,0.904313325881958,,,,,
1243,4,咨询和监督,counseling and surveillance,Z71.6,0.9918591380119324,,,,,
1243,3,依赖,dependence,F17.2,0.9671925902366638,,,,,
1243,3,有害性使用,harmful use,F17.1,0.9673352837562561,,,,,
1243,3,中毒,intoxication,F17.0,0.9798745512962341,,,,,
1243,2,烟草中毒,"Tabacism, tabacosis, tabagism",T65.2,0.990198016166687,,,,,
1243,3,意指依赖,meaning dependence,F17.2,0.9912049770355225,,,,,
1243,2,烟碱[尼古丁]-见烟草,Nicotine - see Tobacco,,0.9831026196479797,,,,,
1243,2,烟酸缺乏,Nicotinic acid deficiency,E52,0.9606515169143677,,,,,
1243,2,烟雾病[脑底异常血管网病],Moyamoya disease,I67.5,0.9807194471359253,,,,,
1243,1,yān 阉,,,0.9266073107719421,,,,,
1243,2,阉割[睾丸切除术]，创伤性，男性,"Castration, traumatic, male",S38.2,0.9887382984161377,,,,,
1244,1,yān 淹,,,0.9117754101753235,,,,,
1244,2,淹溺,"Drowned, drowning",T75.1,0.9805489778518677,,,,,
1244,1,yán 延,,,0.9856632947921753,,,,,
1244,2,延长,Prolonged,,0.9998032450675964,,,,,
1244,3,QT区间,QT interval,R94.3,0.9675385355949402,,,,,
1244,3,产程[滞产],labor,O63.9,0.947609007358551,,,,,
1244,4,第一,first stage,O63.0,0.84141606092453,,,,,
1244,4,第二,second stage,O63.1,0.8654910326004028,,,,,
1244,4,影响到胎儿或新生儿,affecting fetus or newborn,P03.8,0.985887885093689,,,,,
1244,3,临产子宫收缩,uterine contractions in labor,O62.4,0.9830989837646484,,,,,
1244,4,影响到胎儿或新生儿,affecting fetus or newborn,P03.6,0.9884487390518188,,,,,
1244,2,延迟,"Delay, delayed",,0.9998729825019836,,,,,
1244,3,闭合，动脉导管(博塔洛),"closure, ductus arteriosus (Botalli)",P29.3,0.9872734546661377,,,,,
1244,3,传导(心脏的)(心室),conduction (cardiac) (ventricular),I45.8,0.9840077757835388,,,,,
1244,3,发育,development,R62.9,0.905951201915741,,,,,
1244,4,拼写,spelling,F81.1,0.9407942295074463,,,,,
1244,4,生理,physiological,R62.9,0.9616215229034424,,,,,
1244,5,特指的阶段NEC,specified stage NEC,R62.0,0.9436591863632202,,,,,
1244,4,性,sexual,E30.0,0.9286028742790222,,,,,
1244,4,学习,learning,F81.9,0.9357753396034241,,,,,
1244,4,言语,speech,F80.9,0.9340787529945374,,,,,
1244,4,阅读,reading,F81.0,0.9435867071151733,,,,,
1244,4,智力(特异性),intellectual (specific),F81.9,0.9808295369148254,,,,,
1244,3,发育指标,milestone,R62.0,0.9515909552574158,,,,,
1244,3,分娩NEC,birth or delivery NEC,O63.9,0.955436646938324,,,,,
1244,4,第二双胎，三胎，等,"second twin, triplet,",O63.2,0.9721241593360901,,,,,
1244,4,影响到胎儿或新生儿,affecting fetus or newborn,P03.8,0.985576868057251,,,,,
1244,4,影响到胎儿或新生儿,affecting fetus or newborn,P03.8,0.9856253862380981,,,,,
1244,3,骨盆内平面，并发于分娩,"plane in pelvis, complicating delivery",O66.9,0.989351212978363,,,,,
1244,3,凝血(另见缺陷，凝血),"coagulation (see also Defect, coagulation)",D68.9,0.9933991432189941,,,,,
1244,3,青春期(体质性),puberty (constitutional),E30.0,0.9733220338821411,,,,,
1244,3,愈合，骨折,"union, fracture",M84.2,0.9936271905899048,,,,,
1244,3,原发性呼吸(另见窒息，新生儿),"primary respiration (see also Asphyxia, newborn)",P21.9,0.9697802662849426,,,,,
1244,3,月经(原因不知),menstruation (cause unknown),N91.0,0.9893914461135864,,,,,
1244,2,延髓空洞症,Syringobulbia,G95.0,0.9994266629219055,,,,,
1244,2,延髓性的 - 见情况,Bulbar - see condition,,0.9661973118782043,,,,,
1245,1,yán 言,,,0.9780338406562805,,,,,
1245,2,言语不清,"Slurring, slurred speech",R47.8,0.9741306304931641,,,,,
1245,2,言语急促杂乱,Cluttering,F98.6,0.9782556891441345,,,,,
1245,2,言语困难(发育性),Dyslalia (developmental),F80.0,0.9964857697486877,,,,,
1245,2,言语困难,Dysphasia,R47.0,0.9977585077285767,,,,,
1245,3,发育性,developmental,F80.0,0.980604350566864,,,,,
1245,4,表达型,expressive type,F80.1,0.9770954251289368,,,,,
1245,4,感受型,receptive type,F80.2,0.9685302972793579,,,,,
1245,2,言语呐吃-现译名 构音不全,Anarthria,,0.9546071290969849,,,,,
1245,2,言语缺陷障碍，口吃NEC,"Speech defect, disorder, disturbance, impediment NEC",R47.8,0.995080292224884,,,,,
1245,3,心因性，在儿童期和青春期,"psychogenic, in childhood and adolescence",F98.8,0.9951624870300293,,,,,
1245,2,言语重复,Palilalia,R48.8,0.9999874234199524,,,,,
1245,1,yán 岩,,,0.9797691106796265,,,,,
1245,2,岩部炎-现译名岩锥炎,Petrositis,,0.9996564984321594,,,,,
1245,2,岩藻糖苷贮积症,Fucosidosis,E77.1,0.999075174331665,,,,,
1245,2,岩锥炎,Petrositis,H70.2,0.9954869151115417,,,,,
1245,1,yán 炎,,,0.9271653294563293,,,,,
1245,2,炎，炎症(性)，发炎(伴有渗出)(另见感染),"Inflammation, inflamed, inflammatory (with exudation) (see also Infection)",,0.989948570728302,,,,,
1245,3,鼻窦(慢性)(另见鼻窦炎),nasal sinus (chronic) (see also Sinusitis),J32.9,0.9732599854469299,,,,,
1245,3,鼻旁窦(慢性)(另见鼻窦炎),accessory sinus (chronic) (see also Sinusitis),J32.9,0.987666130065918,,,,,
1245,3,鼻咽-见 鼻咽炎,nasopharynx - see Nasopharyngitis,,0.9566301703453064,,,,,
1245,3,扁桃体(另见扁桃体炎),tonsil (see also Tonsillitis),J03.9,0.981154203414917,,,,,
1245,3,肠(任何部分)-见小肠炎,intestine (any part) - see Enteritis,,0.9871629476547241,,,,,
1245,3,唇,lip,K13.0,0.9866513013839722,,,,,
1245,3,大脑(另见脑炎),cerebral (see also Encephalitis),G04.9,0.9911270141601562,,,,,
1245,4,膜-见脑膜炎,membrane - see Meningitis,,0.9317396879196167,,,,,
1245,3,胆囊(另见胆囊炎),gallbladder (see also Cholecystitis),K81.9,0.9737572073936462,,,,,
1245,3,胆总管(肝总管)或胆道(另见胆管炎),bile duct (common) (hepatic) or passage (see also Cholangitis),K83.0,0.9888094663619995,,,,,
1245,3,蝶(窦)(另见鼻窦炎，蝶窦),"sphenoidal (sinus) (see also Sinusitis, sphenoidal)",J32.3,0.9888379573822021,,,,,
1245,3,动脉-见动脉炎,artery - see Arteritis,,0.9883474111557007,,,,,
1245,3,动眼(神经),oculomotor (nerve),H49.0,0.9862826466560364,,,,,
1245,3,窦(另见鼻窦炎),"antrum, sinus (see also Sinusitis)",J32.9,0.9975876212120056,,,,,
1245,4,慢性(另见鼻窦炎，上颌窦),"chronic (see also Sinusitis, maxillary)",J32.0,0.9800386428833008,,,,,
1245,3,耳(中)(另见耳炎，中),"ear (middle) (see also Otitis, media)",H66.9,0.9766317009925842,,,,,
1245,4,内,inner,H83.0,0.9306527376174927,,,,,
1245,4,外,external,H60.9,0.9406850337982178,,,,,
1246,3,耳道(外),auditory meatus (external),H60.9,0.9861105680465698,,,,,
1246,3,蜂窝组织 NEC,areolar tissue NEC,L08.9,0.983657717704773,,,,,
1246,3,附睾(另见附睾炎),epididymis (see also Epididymitis),N45.9,0.9894501566886902,,,,,
1246,3,腹膜，腹膜后(另见腹膜炎),"peritoneum, retroperitoneal (see also Peritonitis)",K65.9,0.9874408841133118,,,,,
1246,3,肝管(另见胆管炎),hepatic duct (see also Cholangitis),K83.0,0.9923723340034485,,,,,
1246,3,肛管，肛门,"anal canal, anus",K62.8,0.9902364611625671,,,,,
1246,3,肛周,perianal,K62.8,0.995142936706543,,,,,
1246,3,睾丸(另见睾丸炎),testis (see also Orchitis),N45.9,0.9894599914550781,,,,,
1246,3,宫颈(另见宫颈炎),cervix (uteri) (see also Cervicitis),N72,0.9746425747871399,,,,,
1246,3,骨 - 见 骨髓炎,bone - see Osteomyelitis,,0.8859180212020874,,,,,
1246,3,鼓膜-见鼓室炎,tympanic membrane - see Tympanitis,,0.9835032820701599,,,,,
1246,3,关节NEC,joint NEC,M13.9,0.9643025994300842,,,,,
1246,4,骶髂,sacroiliac,M46.1,0.9598451256752014,,,,,
1246,3,颌(急性)(骨)(慢性)(下)(化脓性)(上),jaw (acute) (bone) (chronic) (lower) (suppurative) (upper),K10.2,0.9593179821968079,,,,,
1246,3,喉(另见喉炎),larynx (see also Laryngitis),J04.0,0.9850139617919922,,,,,
1246,4,白喉性,diphtheritic,A36.2,0.9871694445610046,,,,,
1246,3,呼吸道，上(另见感染，呼吸(道)，上),"respiratory, upper (see also Infection, respiratory, upper)",J06.9,0.9660153388977051,,,,,
1246,4,急性，由于辐射,"acute, due to radiation",J70.0,0.9730718731880188,,,,,
1246,4,慢性，由于外部物质的-见情况，由于特指的外部物质,"chronic, due to external agent - see condition, due to specified external agent",,0.9833903908729553,,,,,
1246,4,由于化学制剂、气体、烟雾或蒸气(吸入)NEC,"due to chemicals, gases, fumes or vapors (inhalation) NEC",J68.2,0.9781453609466553,,,,,
1246,3,滑车(神经),trochlear (nerve),H49.1,0.9954292178153992,,,,,
1246,3,滑液(皱壁)(膜)-见滑膜炎,synovial (fringe) (membrane) - see Synovitis,,0.9765827655792236,,,,,
1246,3,回肠(另见小肠炎),ileum (see also Enteritis),A09.9,0.9821654558181763,,,,,
1246,4,传染性,infectious,A09.0,0.9737350940704346,,,,,
1246,4,非传染性,noninfectious,K52.9,0.9604320526123047,,,,,
1246,4,局限性或末端性,regional or terminal,K50.0,0.984399676322937,,,,,
1246,3,会阴(女性)(男性),perineum (female) (male),L08.9,0.9727928638458252,,,,,
1246,3,肌肉,muscle,M60.9,0.9869835376739502,,,,,
1246,3,脊,spinal,,0.9857698678970337,,,,,
1246,4,膜-见脑膜炎,membrane - see Meningitis,,0.9224139451980591,,,,,
1246,4,神经-见疾患，神经,"nerve - see Disorder, nerve",,0.9690989851951599,,,,,
1246,4,索(另见脑炎),cord (see also Encephalitis),G04.9,0.97794109582901,,,,,
1246,3,脊柱(另见脊柱炎),spine (see also Spondylitis),M46.9,0.9873838424682617,,,,,
1246,3,甲状(腺)(另见甲状腺炎),thyroid (gland) (see also Thyroiditis),E06.9,0.976463258266449,,,,,
1246,3,腱(鞘)NEC,tendon (sheath) NEC,M65.9,0.9721968770027161,,,,,
1246,3,角膜(另见角膜炎),cornea (see also Keratitis),H16.9,0.993652880191803,,,,,
1246,3,结肠 - 见 小肠炎,colon - see Enteritis,,0.8938505053520203,,,,,
1246,3,结缔组织(弥漫性)NEC,connective tissue (diffuse) NEC,M79.8,0.9971171021461487,,,,,
1247,3,结核性NEC(另见 结核),tuberculous NEC (see also Tuberculosis),A16.9,0.9779219627380371,,,,,
1247,3,筋膜,fascia,M60.9,0.9960280656814575,,,,,
1247,3,精囊(另见精囊炎),seminal vesicle (see also Vesiculitis),N49.0,0.9956040978431702,,,,,
1247,3,精索,spermatic cord,N49.1,0.9822443127632141,,,,,
1247,3,静脉(另见静脉炎),vein (see also Phlebitis),I80.9,0.9657270312309265,,,,,
1247,4,颅内或椎管内(脓毒性),intracranial or intraspinal (septic),G08,0.9599531292915344,,,,,
1247,4,血栓形成性,thrombotic,I80.9,0.9842059016227722,,,,,
1247,5,腿,leg,I80.3,0.8941567540168762,,,,,
1247,6,浅表性(血管),superficial (vessels),I80.0,0.9589416980743408,,,,,
1247,6,深部(血管)NEC,deep (vessels) NEC,I80.2,0.9432423710823059,,,,,
1247,5,下肢,lower extremity,I80.3,0.8794644474983215,,,,,
1247,4,浅表性(血管),superficial (vessels),I80.0,0.9579517245292664,,,,,
1247,4,深部(血管)NEC,deep (vessels) NEC,I80.2,0.9709150791168213,,,,,
1247,3,口腔,mouth,K12.1,0.9714126586914062,,,,,
1247,3,眶(慢性),orbit (chronic),H05.1,0.9594393372535706,,,,,
1247,4,急性,acute,H05.0,0.9636871814727783,,,,,
1247,3,阔韧带(另见病，盆腔，炎性),"broad ligament (see also Disease, pelvis, inflammatory)",N73.2,0.9787440299987793,,,,,
1247,3,阑尾炎(另见阑尾炎),appendix (see also Appendicitis),K37,0.9907349348068237,,,,,
1247,3,泪,lacrimal,,0.956838846206665,,,,,
1247,4,道(管)(囊),passages (duct) (sac),H04.3,0.9791375994682312,,,,,
1247,4,腺,gland,H04.0,0.9497959017753601,,,,,
1247,3,淋巴管(另见淋巴管炎),lymphatic vessel (see also Lymphangitis),I89.1,0.968498706817627,,,,,
1247,3,淋巴腺或淋巴结(另见淋巴结炎),lymph gland or node (see also Lymphadenitis),I88.9,0.9649211764335632,,,,,
1247,3,颅神经-见疾患，神经，颅,"cranial nerve - see Disorder, nerve, cranial",,0.980694055557251,,,,,
1247,3,卵巢(另见输卵管卵巢炎),ovary (see also Salpingo-oophoritis),N70.9,0.9911686182022095,,,,,
1247,3,脉络膜(另见脉络膜视网膜炎),choroid (see also Chorioretinitis),H30.9,0.9806991219520569,,,,,
1247,3,慢性，乳突切除术后空腔,"chronic, postmastoidectomy cavity",H95.1,0.9980308413505554,,,,,
1247,3,脑(另见脑炎),brain (see also Encephalitis),G04.9,0.9849011301994324,,,,,
1247,4,膜-见脑膜炎,membrane - see Meningitis,,0.9079039692878723,,,,,
1247,3,脑脊膜，脑膜或脊膜-见脑膜炎,"meninges, membranes of brain or spinal cord - see Meningitis",,0.992139458656311,,,,,
1247,3,脑脊髓，脑膜炎球菌性,"cerebrospinal, meningococcal",A39.0+ G01*,0.9911492466926575,,,,,
1247,3,尿道旁管或尿道旁腺(另见尿道炎),Skene's duct or gland (see also Urethritis),N34.2,0.9897205233573914,,,,,
1247,3,膀胱，膀胱周(另见膀胱炎),"bladder, perivesical (see also Cystitis)",N30.9,0.9915542602539062,,,,,
1247,3,盆腔，女性(另见病，盆腔，炎性),"pelvis, female (see also Disease, pelvis, inflammatory)",N73.9,0.9848886728286743,,,,,
1247,3,皮肤,skin,L08.9,0.9675500392913818,,,,,
1247,3,皮下组织,subcutaneous tissue,L08.9,0.968855082988739,,,,,
1247,3,脾(被膜),spleen (capsule),D73.8,0.9654274582862854,,,,,
1247,3,葡萄膜[色素层](前)NEC(另见虹膜睫状体炎),uveal tract (anterior) NEC (see also Iridocyclitis),H20.9,0.9870119690895081,,,,,
1247,4,后-见脉络膜视网膜炎,posterior - see Chorioretinitis,,0.9643239974975586,,,,,
1248,3,脐,"navel, umbilicus",L08.9,0.9913276433944702,,,,,
1248,4,新生儿,newborn,P38,0.9646525979042053,,,,,
1248,3,气管(另见气管炎),trachea (see also Tracheitis),J04.1,0.9880772829055786,,,,,
1248,3,前列腺(另见前列腺炎),prostate (see also Prostatitis),N41.9,0.9953016042709351,,,,,
1248,3,前庭大腺,Bartholin's gland,N75.8,0.9602798223495483,,,,,
1248,3,鞘膜,tunica vaginalis,N49.1,0.9952940940856934,,,,,
1248,3,乳房,breast,N61,0.9240782856941223,,,,,
1248,4,产褥期、产后或妊娠,"puerperal, postpartum or gestational",O91.2,0.9663827419281006,,,,,
1248,3,乳头，乳晕,"nipple, areola",N61,0.9859073162078857,,,,,
1248,4,产褥期、产后或妊娠,"puerperal, postpartum or gestational",O91.0,0.9631521701812744,,,,,
1248,3,软脑脊膜-见脑膜炎,pia mater - see Meningitis,,0.9927971363067627,,,,,
1248,3,腮区,parotid region,L08.9,0.996202826499939,,,,,
1248,3,筛(窦)(慢性)(另见鼻窦炎，筛窦),"ethmoidal (sinus) (chronic) (see also Sinusitis, ethmoidal)",J32.2,0.9755297303199768,,,,,
1248,3,上颌骨，上颌,"maxilla, maxillary",K10.2,0.9791387319564819,,,,,
1248,4,窦(慢性)(另见鼻窦炎，上颌窦),"sinus (chronic) (see also Sinusitis, maxillary)",J32.0,0.9783441424369812,,,,,
1248,3,舌,tongue,K14.0,0.9874016642570496,,,,,
1248,3,神经NEC,nerve NEC,M79.2,0.9363757967948914,,,,,
1248,3,生殖器官(内)(弥漫性),genital organ (internal) (diffuse),,0.9805305600166321,,,,,
1248,4,男性,male,N49.9,0.9391510486602783,,,,,
1248,5,多部位,multiple sites,N49.8,0.970442533493042,,,,,
1248,5,特指的NEC,specified NEC,N49.8,0.9603541493415833,,,,,
1248,4,女性(另见病，盆腔，炎性),"female (see also Disease, pelvis, inflammatory)",N73.9,0.9631945490837097,,,,,
1248,3,声带,vocal cord,J38.3,0.9967151880264282,,,,,
1248,3,声门(另见喉炎),glottis (see also Laryngitis),J04.0,0.9981706142425537,,,,,
1248,3,十二指肠,duodenum,K29.8,0.9679847955703735,,,,,
1248,3,食管,esophagus,K20,0.9806968569755554,,,,,
1248,3,视神经,optic nerve,H46,0.990309476852417,,,,,
1248,3,视网膜(另见脉络膜视网膜炎),retina (see also Chorioretinitis),H30.9,0.9970245361328125,,,,,
1248,3,输精管,vas deferens,N49.1,0.9901462197303772,,,,,
1248,3,输卵管(另见输卵管卵巢炎),"fallopian tube, oviduct, tubal (see also Salpingo-oophoritis)",N70.9,0.9928154349327087,,,,,
1248,3,输卵管卵巢(另见输卵管卵巢炎),tubo-ovarian (see also Salpingo-oophoritis),N70.9,0.998109757900238,,,,,
1248,3,腿NEC,leg NEC,L08.9,0.9719538688659668,,,,,
1248,3,外阴(另见外阴炎),vulva (see also Vulvitis),N76.2,0.9708967208862305,,,,,
1248,3,维生素C缺乏性，龈,"scorbutic, gum",E54+ K93.8*,0.983870804309845,,,,,
1248,3,胃(另见胃炎),"gastric, stomach (see also Gastritis)",K29.7,0.9881613254547119,,,,,
1248,3,胃肠-见小肠炎,gastrointestinal - see Enteritis,,0.9898297786712646,,,,,
1248,3,沃顿管[下颌腺管](化脓性),Wharton's duct (suppurative),K11.2,0.9908771514892578,,,,,
1248,3,息肉,polyp,,0.9156894683837891,,,,,
1248,4,结肠,colon,K51.4,0.9786689281463623,,,,,
1249,3,膝(关节),knee (joint),M13.1,0.9739404916763306,,,,,
1249,4,结核性,tuberculous,A18.0+ M01.1*,0.9601657390594482,,,,,
1249,3,涎管或涎腺(任何)(化脓性),salivary duct or gland (any) (suppurative),K11.2,0.9644808769226074,,,,,
1249,3,腺(淋巴)(另见淋巴结炎),gland (lymph) (see also Lymphadenitis),I88.9,0.9585332870483398,,,,,
1249,3,心包(另见心包炎),pericardium (see also Pericarditis),I31.9,0.9772821068763733,,,,,
1249,3,心肌(另见心肌炎),myocardium (see also Myocarditis),I51.4,0.9663673639297485,,,,,
1249,3,心脏(另见心炎),heart (see also Carditis),I51.8,0.9721218943595886,,,,,
1249,3,胸(腺),thymus (gland),E32.8,0.972702145576477,,,,,
1249,3,胸膜-见胸膜炎,pleura - see Pleurisy,,0.9866985082626343,,,,,
1249,3,牙槽,"alveoli, teeth",K10.3,0.9858075976371765,,,,,
1249,4,维生素C缺乏性,scorbutic,E54+ K93.8*,0.9686014652252197,,,,,
1249,3,"咽,咽喉(急性)(另见咽炎)","pharynx, throat (acute) (see also Pharyngitis)",J02.9,0.9752010107040405,,,,,
1249,3,咽鼓管(卡他性),eustachian tube (catarrhal),H68.0,0.9925496578216553,,,,,
1249,3,岩骨(急性)(慢性),petrous bone (acute) (chronic),H70.2,0.9794238209724426,,,,,
1249,3,眼睑,eyelid,H01.9,0.9597865343093872,,,,,
1249,4,特指的NEC,specified NEC,H01.8,0.9511890411376953,,,,,
1249,3,胰腺(急性)-见胰腺炎,pancreas (acute) - see Pancreatitis,,0.9793755412101746,,,,,
1249,3,乙状结肠-见 小肠炎,sigmoid - see Enteritis,,0.9405412673950195,,,,,
1249,3,阴唇(大)(小)(另见外阴炎),labium (majus) (minus) (see also Vulvitis),N76.2,0.9786306023597717,,,,,
1249,3,阴道(另见 阴道炎),vagina (see also Vaginitis),N76.0,0.9426813125610352,,,,,
1249,3,阴茎，阴茎海绵体,"penis, corpora cavernosa",N48.2,0.9792664647102356,,,,,
1249,3,阴囊,scrotum,N49.2,0.9716486930847168,,,,,
1249,3,硬脑脊膜-见脑膜炎,dura mater - see Meningitis,,0.9944297671318054,,,,,
1249,3,由于装置、植入物或移植物引起的(另见并发症，按部位和类型),"due to device, implant or graft (see also Complications, by site and type)",T85.7,0.9917731881141663,,,,,
1249,4,导管NEC,catheter NEC,T85.7,0.9623014330863953,,,,,
1249,5,泌尿系(留置),urinary (indwelling),T83.5,0.9786337614059448,,,,,
1249,5,输注 NEC,infusion NEC,T82.7,0.9159228801727295,,,,,
1249,6,脊髓(硬膜外)(硬膜下),spinal (epidural) (subdural),T85.7,0.9676012992858887,,,,,
1249,5,透析(肾),dialysis (renal),T82.7,0.953125,,,,,
1249,6,腹膜内,intraperitoneal,T85.7,0.9502153992652893,,,,,
1249,4,电(极)(脉冲发生器)(刺激器),electronic (electrode) (pulse generator) (stimulator),,0.9418156147003174,,,,,
1249,5,骨,bone,T84.7,0.9563456773757935,,,,,
1249,5,泌尿系,urinary,T83.5,0.9714108109474182,,,,,
1249,5,神经系统(脑)(周围神经)(脊髓),nervous system (brain) (peripheral nerve) (spinal),T85.7,0.9672415852546692,,,,,
1249,5,心脏,cardiac,T82.7,0.9648894667625427,,,,,
1249,4,动脉移植物 NEC,arterialgraft NEC,T82.7,0.9654317498207092,,,,,
1249,4,关节假体,joint prosthesis,T84.5,0.9612237811088562,,,,,
1249,4,矫形外科 NEC,orthopedic NEC,T84.7,0.9724277257919312,,,,,
1249,4,泌尿系NEC,urinary NEC,T83.5,0.9681491255760193,,,,,
1249,4,脑室颅内分流,ventricular intracranial shunt,T85.7,0.9397746920585632,,,,,
1250,4,内固定(矫形外科) NEC,"fixation, internal (orthopedic) NEC",T84.6,0.9622717499732971,,,,,
1250,4,乳房(植入物),breast (implant),T85.7,0.977317750453949,,,,,
1250,4,生殖系NEC,genital NEC,T83.6,0.968543529510498,,,,,
1250,4,特指的NEC,specified NEC,T85.7,0.9818787574768066,,,,,
1250,4,胃肠(胆管)(食管),gastrointestinal (bile duct) (esophagus),T85.7,0.9745193719863892,,,,,
1250,4,心脏 NEC,heart NEC,T82.7,0.9762389063835144,,,,,
1250,5,瓣膜(假体),valve (prosthesis),T82.6,0.9811404347419739,,,,,
1250,6,移植物,graft,T82.7,0.9543798565864563,,,,,
1250,4,血管NEC,vascular NEC,T82.7,0.9534574747085571,,,,,
1250,4,眼(角膜移植物)(眶植入物)NEC,ocular (corneal graft) (orbital implant) NEC,T85.7,0.9710014462471008,,,,,
1250,3,展(神经),abducent (nerve),H49.2,0.9963539242744446,,,,,
1250,3,支气管-见支气管炎,bronchi - see Bronchitis,,0.9939199090003967,,,,,
1250,3,直肠，直肠周(另见直肠炎),"rectum, perirectal (see also Proctitis)",K62.8,0.9955947995185852,,,,,
1250,3,直肠乙状结肠-见直肠乙状结肠炎,rectosigmoid - see Rectosigmoiditis,,0.9902677536010742,,,,,
1250,3,蛛网膜-见脑膜炎,arachnoid - see Meningitis,,0.9850667119026184,,,,,
1250,3,子宫(卡他性)(另见子宫内膜炎),uterus (catarrhal) (see also Endometritis),N71.9,0.994706392288208,,,,,
1250,3,子宫韧带(另见病，盆腔，炎性),"uterine ligament (see also Disease, pelvis, inflammatory)",N73.2,0.9985413551330566,,,,,
1250,3,子宫周(另见病，盆腔，炎性),"periuterine (see also Disease, pelvis, inflammatory)",N73.2,0.9966475367546082,,,,,
1250,1,yán 严,,,0.9756574630737305,,,,,
1250,2,严重急性呼吸道综合征[SARS],Severe acute respiratory syndrome,U04.9,0.9785839319229126,,,,,
1250,1,yán 颜,,,0.9497016668319702,,,,,
1250,2,颜面过红(异常的)(过度),Blushing (abnormal) (excessive),R23.2,0.9799213409423828,,,,,
1250,1,yán 眼,,,0.9218498468399048,,,,,
1250,2,眼，眼球，眼睑的-见情况,"Eye, eyeball, eyelid - see condition",,0.9858695268630981,,,,,
1250,2,眼病,Oculopathy,,0.9999240636825562,,,,,
1250,3,梅毒性NEC,syphilitic NEC,A52.7+ H58.8*,0.9407898187637329,,,,,
1250,4,早期(继发性),early (secondary),A51.4+ H58.8*,0.9737091064453125,,,,,
1250,4,晚期,late,A52.7+ H58.8*,0.9700186848640442,,,,,
1250,4,先天性,congenital,,0.8573064804077148,,,,,
1250,5,早期,early,A50.0+ H58.8*,0.9859309196472168,,,,,
1250,5,晚期,late,A50.3+ H58.8*,0.9824391603469849,,,,,
1250,2,眼底的 - 见情况,Fundus - see condition,,0.9387071132659912,,,,,
1250,2,眼动危象或眼动障碍,Oculogyric crisis or disturbance,H51.8,0.9796813130378723,,,,,
1250,3,心因性,psychogenic,F45.8,0.9970356822013855,,,,,
