image_page,level,chinese,english,code,confidence,malignant_primary,malignant_secondary,in_situ,benign,uncertain_or_unspecified
1101,1,tūn 吞,,,0.9819273948669434,,,,,
1101,2,吞气症(心因性),"Aerophagy, aerophagia, Pneumophagia (psychogenic)",F45.3,0.9664495587348938,,,,,
1101,2,吞噬细胞功能不良，先天性,"Dysphagocytosis, congenital",D71,0.9993560910224915,,,,,
1101,2,吞咽不能,Aphagia,R63.0,0.982528567314148,,,,,
1101,3,心因性,psychogenic,F50.1,0.9599735736846924,,,,,
1101,2,吞咽困难,Dysphagia,R13,0.939710259437561,,,,,
1101,3,功能性(癔症性),functional (hysterical),F45.8,0.9792225956916809,,,,,
1101,3,缺铁性,sideropenic,D50.1,0.9812426567077637,,,,,
1101,3,神经性(癔症性),nervous (hysterical),F45.8,0.9670356512069702,,,,,
1101,3,心因性,psychogenic,F45.8,0.9591830968856812,,,,,
1101,3,癔症性,hysterical,F45.8,0.9178865551948547,,,,,
1101,2,吞咽麻痹,Deglutition paralysis,R13,0.9695495367050171,,,,,
1101,3,癔症性,hysterical,F44.4,0.9606969356536865,,,,,
1101,2,吞咽异物(另见 异物),Swallowed foreign body (see also Foreign body),T18.9,0.9782418608665466,,,,,
1101,1,tún 臀,,,0.9361165165901184,,,,,
1101,2,臀(位),Breech,,0.9995158910751343,,,,,
1101,3,分娩 NEC,delivery NEC,O83.1,0.9606261253356934,,,,,
1101,4,影响到胎儿或新生儿,affecting fetus or newborn,P03.0,0.9881676435470581,,,,,
1101,4,助产NEC,assisted NEC,O83.1,0.9505268931388855,,,,,
1101,3,牵引术,extraction,O83.0,0.9452748894691467,,,,,
1101,4,影响到胎儿或新生儿,affecting fetus or newborn,P03.0,0.9803680181503296,,,,,
1101,3,先露(对母体),presentation (mother),O32.1,0.9805452823638916,,,,,
1101,4,分娩前，影响到胎儿或新生儿,"before labor, affecting fetus or newborn",P01.7,0.9757027626037598,,,,,
1101,4,分娩中，影响到胎儿或新生儿,"during labor, affecting fetus or newborn",P03.0,0.9791516065597534,,,,,
1101,4,引起梗阻性分娩,causing obstructed labor,O64.1,0.9772053360939026,,,,,
1101,2,臀部的 - 见情况,Buttock - see condition,,0.9763168692588806,,,,,
1101,2,臀联双胎,Pygopagus,Q89.4,0.967303454875946,,,,,
1101,1,tuō 托,,,0.9997420907020569,,,,,
1101,2,托德,Todd's,,0.9996917247772217,,,,,
1101,3,肝硬变,cirrhosis,K74.3,0.9756264686584473,,,,,
1101,3,瘫痪[麻痹](癫痫后的),paralysis (postepileptic),G83.8,0.950031578540802,,,,,
1101,2,托马塞利病,Tommaselli's disease,,0.9999570846557617,,,,,
1101,3,过量或给错或服错药物,overdose or wrong substance given or taken,T37.2,0.9899538159370422,,,,,
1101,3,恰当使用正确的物质,correct substance properly administered,R31,0.9879114031791687,,,,,
1102,1,tuō 脱,,,0.9080624580383301,,,,,
1102,2,脱垂，女性(另见脱垂，子宫),"Prolapsus, female (see also Prolapse, uterus)",N81.9,0.9870834946632385,,,,,
1102,3,特指的 NEC,specified NEC,N81.8,0.9844459295272827,,,,,
1102,2,脱垂，脱出,"Prolapse, prolapsed",,0.9996636509895325,,,,,
1102,3,臂或手,arm or hand,O32.2,0.965766191482544,,,,,
1102,4,胎儿或新生儿的,in fetus or newborn,P03.1,0.9625351428985596,,,,,
1102,4,引起梗阻性分娩,causing obstructed labor,O64.4,0.9774066805839539,,,,,
1102,3,玻璃体(液),vitreous (humor),H43.0,0.9712797999382019,,,,,
1102,4,伤口内,in wound,S05.2,0.9685163497924805,,,,,
1102,3,肠(小),intestine (small),K63.4,0.9826871752738953,,,,,
1102,3,二尖(瓣),mitral (valve),I34.1,0.9826971888542175,,,,,
1102,3,肝,liver,K76.8,0.9392434358596802,,,,,
1102,3,肛门，肛(管)(括约肌)[脱肛],"anus, anal (canal) (sphincter)",K62.2,0.9790740013122559,,,,,
1102,3,宫颈(残端)(肥大的),"cervix, cervical (stump) (hypertrophied)",N81.2,0.9900283813476562,,,,,
1102,4,产后，陈旧性,"postpartal, old",N81.2,0.9913129210472107,,,,,
1102,4,前唇，梗阻性分娩,"anterior lip, obstructing labor",O65.5,0.9767662286758423,,,,,
1102,4,先天性,congenital,Q51.8,0.9343873858451843,,,,,
1102,3,虹膜(创伤性),iris (traumatic),S05.2,0.9887059926986694,,,,,
1102,4,非创伤性,nontraumatic,H21.8,0.9781330823898315,,,,,
1102,3,喉肌或喉室,laryngeal muscles or ventricle,J38.7,0.9968625903129578,,,,,
1102,3,回肠造口术(开口),ileostomy bud,K91.4,0.9954922795295715,,,,,
1102,3,会阴，女性,"perineum, female",N81.8,0.9912400245666504,,,,,
1102,3,结肠(有蒂的),colon (pedunculated),K63.4,0.9903197288513184,,,,,
1102,3,结肠造口术(开口),colostomy,K91.4,0.9945541620254517,,,,,
1102,3,睫状体(创伤性),ciliary body (traumatic),S05.2,0.9735502004623413,,,,,
1102,3,卵巢,ovary,N83.4,0.9463251829147339,,,,,
1102,3,盲肠,cecum,K63.4,0.953741729259491,,,,,
1102,3,盲肠造口术(开口),cecostomy,K91.4,0.9894858598709106,,,,,
1102,3,泌尿道,urinary meatus,N36.3,0.9787817001342773,,,,,
1102,4,先天性,congenital,Q64.7,0.9603073000907898,,,,,
1102,3,"尿道,尿道口(后天性)(感染的)(粘膜)","urethra, meatus urinarius (acquired) (infected) (mucosa)",N36.3,0.9726209044456482,,,,,
1102,4,先天性,congenital,Q64.7,0.9402753710746765,,,,,
1102,3,膀胱(粘膜)(括约肌)(后天性),bladder (mucosa) (sphincter) (acquired),,0.9525689482688904,,,,,
1102,4,男性,male,N32.8,0.9337470531463623,,,,,
1102,4,女性,female,N81.1,0.9208270311355591,,,,,
1102,4,先天性(女性)(男性),congenital (female) (male),Q64.7,0.9620211124420166,,,,,
1102,3,盆底，女性,"pelvic floor, female",N81.8,0.9984358549118042,,,,,
1102,3,脾,spleen,D73.8,0.984203577041626,,,,,
1102,3,脐带,umbilical còrd,,0.9585171341896057,,,,,
1102,4,并发于分娩,complicating delivery,O69.0,0.8985106348991394,,,,,
1102,4,影响到胎儿或新生儿,affecting fetus or newborn,P02.4,0.9926226735115051,,,,,
1102,3,脐尿管，先天性,"urachus, congenital",Q64.4,0.9988964796066284,,,,,
1103,3,器官或部位，先天性NEC-见错位，先天性,"organ or site, congenital NEC - see Malposition, congenital",,0.9926475882530212,,,,,
1103,3,肾,kidney,N28.8,0.9769086241722107,,,,,
1103,4,先天性,congenital,Q63.2,0.9716558456420898,,,,,
1103,3,生殖器，女性,"genital, female",N81.9,0.9732425808906555,,,,,
1103,4,特指的NEC,specified NEC,N81.8,0.9544910192489624,,,,,
1103,3,输卵管,fallopian tube,N83.4,0.997134804725647,,,,,
1103,3,输尿管,ureter,N28.8,0.972381591796875,,,,,
1103,4,伴有梗阻,with obstruction,N13.5,0.9551143050193787,,,,,
1103,5,伴有感染,with infection,N13.6,0.9760249257087708,,,,,
1103,3,输尿管膀胱口,ureterovesical orifice,N28.8,0.9928315877914429,,,,,
1103,3,胎儿肢体NEC,fetal limb NEC,O32.8,0.9777168035507202,,,,,
1103,4,胎儿或新生儿的,in fetus or newborn,P03.1,0.9807835817337036,,,,,
1103,3,腿,leg,O32.1,0.9461029171943665,,,,,
1103,4,胎儿或新生儿的,in fetus or newborn,P03.1,0.9908959269523621,,,,,
1103,4,引起梗阻性分娩,causing obstructed labor,O64.1,0.9767018556594849,,,,,
1103,3,胃(粘膜),"gastric, stomach (mucosa)",K31.8,0.9818985462188721,,,,,
1103,3,眼球，非创伤性,"globe, nontraumatic",H44.8,0.9844757914543152,,,,,
1103,3,眼色素层[葡萄膜](创伤性),uveal (traumatic),S05.2,0.9801619052886963,,,,,
1103,3,眼植入物,eye implant,T85.3,0.9803494215011597,,,,,
1103,3,阴道(前)(壁),vagina (anterior) (wall),N81.1,0.9689862132072449,,,,,
1103,4,伴有子宫脱垂,with prolapse of uterus,N81.4,0.9749735593795776,,,,,
1103,5,不完全性,incomplete,N81.2,0.9664331078529358,,,,,
1103,5,完全性,complete,N81.3,0.9787333011627197,,,,,
1103,4,后壁,posterior wall,N81.6,0.9757781028747559,,,,,
1103,4,子宫切除术后,posthysterectomy,N99.3,0.9863352179527283,,,,,
1103,3,直肠(粘膜),rectum (mucosa),K62.3,0.9882552623748779,,,,,
1103,3,椎间盘-见移位，椎间盘,"intervertebral disk — see Displacement, intervertebral disk",,0.958827793598175,,,,,
1103,3,子宫(伴有阴道脱垂),"uterus, womb (with prolapse of vagina)",N81.4,0.9926661252975464,,,,,
1103,4,度,first degree,N81.2,0.9422755837440491,,,,,
1103,4,二度,second degree,N81.2,0.9021944403648376,,,,,
1103,4,三度,third degree,N81.3,0.9315788745880127,,,,,
1103,4,不完全性,incomplete,N81.2,0.9795992374420166,,,,,
1103,4,完全性,complete,N81.3,0.9362232685089111,,,,,
1103,4,产后(陈旧性),postpartal (old),N81.4,0.9750216007232666,,,,,
1103,4,妊娠，影响到胎儿或新生儿,"pregnant, affecting fetus or newborn",P03.8,0.9872198700904846,,,,,
1103,4,先天性,congenital,Q51.8,0.9461287260055542,,,,,
1103,4,在妊娠或分娩中,in pregnancy or childbirth,O34.5,0.9518126845359802,,,,,
1103,3,子宫阴道,uterovaginal,N81.4,0.9800994992256165,,,,,
1103,4,不完全性,incomplete,N81.2,0.9819508790969849,,,,,
1103,4,完全性,complete,N81.3,0.9838279485702515,,,,,
1104,2,脱发(遗传性)(脂溢性),"Alopecia, Calvities, Effluvium (hereditaria) (seborrheica)",L65.9,0.9934086799621582,,,,,
1104,3,X 线,X-ray,L58.1,0.94945228099823,,,,,
1104,3,瘢痕性,cicatricial,L66.9,0.9675641655921936,,,,,
1104,4,特指的 NEC,specified NEC,L66.8,0.9630764722824097,,,,,
1104,3,产后,postpartum,L65.0,0.9543225169181824,,,,,
1104,3,感染后 NEC,postinfective·NEC,L65.8,0.9442822337150574,,,,,
1104,3,静止期,telogen,L65.0,0.9910212159156799,,,,,
1104,3,局限性[斑秃],"areata, circumscripta",L63.9,0.994810163974762,,,,,
1104,4,特指的NEC,specified NEC,L63.8,0.962677538394928,,,,,
1104,3,梅毒性(继发性),syphilitic (secondary),A51.3+ L99.8*,0.9867666959762573,,,,,
1104,3,粘蛋白性,mucinosa,L65.2,0.9607520699501038,,,,,
1104,3,全(头部)[全秃],totalis (capitis),L63.0,0.9828264713287354,,,,,
1104,3,全身[普秃],universalis (entire body),L63.1,0.9943637251853943,,,,,
1104,3,特异性(梅毒性),specific (syphilitic),A51.3+ L99.8*,0.9782450199127197,,,,,
1104,3,特指的 NEC,specified NEC,L65.8,0.966501772403717,,,,,
1104,3,先天性,"congenital, congenitalis",Q84.0,0.9968209266662598,,,,,
1104,3,雄激素性,androgenic,L64.9,0.9887410402297974,,,,,
1104,4,特指的NEC,specified NEC,L64.8,0.9656515121459961,,,,,
1104,4,药物性,drug-induced,L64.0,0.9887890219688416,,,,,
1104,3,由于细胞毒素药物NEC,due to cytotoxic drugs NEC,L65.8,0.9742075800895691,,,,,
1104,3,再生期,anagen,L65.1,0.9993541240692139,,,,,
1104,3,早老性,premature,L64.8,0.9506263732910156,,,,,
1104,2,脱钙,Decalcification,,0.9997683763504028,,,,,
1104,3,骨,bone,M81.9,0.9605745673179626,,,,,
1104,3,牙,teeth,K03.8,0.9592136740684509,,,,,
1104,2,脱矿质，骨(另见骨质疏松症),"Demineralization, bone (see also Osteoporosis)",M81.9,0.9952833652496338,,,,,
1104,2,脱离,"Ablatio, Ablation, Abruption, Detachment",,0.9974338412284851,,,,,
1104,3,半月板(膝)(由于),meniscus (knee) (due to),M23.3,0.9511992931365967,,,,,
1104,4,陈旧性撕裂或损伤,old tear or injury,M23.2,0.9493857622146606,,,,,
1104,4,近期损伤,current injury,S83.2,0.9664718508720398,,,,,
1104,3,玻璃(体),vitreous (body),H43.8,0.9927911162376404,,,,,
1104,3,宫颈，环状,"cervix, annular",O71.3,0.9583448767662048,,,,,
1104,4,并发于分娩,complicating delivery,O71.3,0.918175220489502,,,,,
1104,3,脉络膜(陈旧性)(感染后)(单纯性)(自发性),choroid (old) (postinfectional) (simple) (spontaneous),H31.4,0.9854941964149475,,,,,
1104,3,韧带-见扭伤,ligament - see Sprain,,0.9691269397735596,,,,,
1104,3,软骨(另见扭伤),cartilage (see also Sprain),T14.3,0.9773021936416626,,,,,
1104,3,视网膜(不伴有视网膜性断裂)(部分切除),"retina, retinae (without retinal break) .",H33.2,0.9838261604309082,,,,,
1104,4,伴有视网膜性断裂,with retinal break,H33.0,0.9717777967453003,,,,,
1104,4,浆液性,serous,H33.2,0.9479123950004578,,,,,
1104,4,裂孔性,rhegmatogenous,H33.0,0.9337257146835327,,,,,
1104,4,牵引,traction,H33.4,0.9801385402679443,,,,,
1104,4,色素上皮,pigment epithelium,H35.7,0.9845876097679138,,,,,
1104,4,特指的NEC,specified NEC,H33.5,0.9732686281204224,,,,,
1105,3,胎盘(过早)(另见胎盘早剥)(部分切除),"placenta, placentae (premature) (see also Abruptio placentae)",O45.9,0.9142315983772278,,,,,
1105,4,影响到胎儿或新生儿,affecting fetus or newborn,P02.1,0.9614620804786682,,,,,
1105,3,子宫,uterus,Z90.7,0.9711609482765198,,,,,
1105,2,脱离通风机或呼吸机(机械性),Weaning from ventilator or respirator (mechanical),Z51.8,0.9998785257339478,,,,,
1105,2,脱落,"Defluvium, Exfoliation, Scaling, Shedding",,0.9994333982467651,,,,,
1105,3,过早，初齿[乳牙],"premature, primary (deciduous) teeth",K00.6,0.9921983480453491,,,,,
1105,3,甲,"nail, unguium",L60.8,0.9894369840621948,,,,,
1105,3,睫毛,ciliorum,H02.7,0.9770849347114563,,,,,
1105,3,皮肤,skin,R23.4,0.9563407301902771,,,,,
1105,3,头发(另见脱发),capillorum (see also Alopecia),L65.9,0.9955546259880066,,,,,
1105,3,牙齿，由于全身性疾病,"teeth, due to systemic causes",K08.0,0.9665987491607666,,,,,
1105,2,脱水，缺水血症,"Anhydration, Anhydremia, Dehydration",E86,0.9986416697502136,,,,,
1105,3,新生儿,newborn,P74.1,0.9708647131919861,,,,,
1105,2,脱髓鞘,"Demyelination, demyelinization",,0.9940125346183777,,,,,
1105,3,播散性，急性,"disseminated, acute",G36.9,0.9948548078536987,,,,,
1105,4,特指的NEC,specified NEC,G36.8,0.9890508055686951,,,,,
1105,3,胼胝体(中心性),corpus callosum (central),G37.1,0.9895531535148621,,,,,
1105,3,视神经炎的,in optic neuritis,G36.0,0.9629804491996765,,,,,
1105,3,中枢神经系统,central nervous system,G37.9,0.9953809380531311,,,,,
1105,4,特指的NEC,specified NEC,G37.8,0.9632034301757812,,,,,
1105,2,脱位(关节),"Dislocation, Luxation (articular)",T14.3,0.9933390617370605,,,,,
1105,3,伴有骨折-见骨折,with fracture - see Fracture,,0.9702647924423218,,,,,
1105,3,半月板(膝)-见撕裂，半月板,"meniscus (knee) - see Tear, meniscus",,0.9896070957183838,,,,,
1105,4,部位特指的，除外膝-作为脱位，按部位编码,"sites specified, other than knee - code as Dislocation, by site",,0.9742180109024048,,,,,
1105,3,半月软骨，膝-见撕裂，半月板,"semilunar cartilage, knee - see Tear, meniscus",,0.994630753993988,,,,,
1105,3,背,back,T09.2,0.9439811706542969,,,,,
1105,3,鼻(中隔软骨),nose (septal cartilage),S03.1,0.9803197979927063,,,,,
1105,3,鼻中隔(陈旧性),septum (nasal) (old),J34.2,0.9563094973564148,,,,,
1105,3,臂，意指上肢-见脱位，肢，上,"arm, meaning upper limb - see Dislocation, limb, upper",,0.9885333180427551,,,,,
1105,3,髌骨,patella,S83.0,0.9508427381515503,,,,,
1105,4,复发性,recurrent,M22.0,0.9893963932991028,,,,,
1105,4,先天性,congenital,Q74.1,0.9758721590042114,,,,,
1105,3,病理性NEC,pathological NEC,M24.3,0.9934711456298828,,,,,
1105,4,骶髂,sacroiliac,M53.2,0.9336317777633667,,,,,
1105,4,脊柱,spine,M53.2,0.9458036422729492,,,,,
1105,4,腰骶关节,lumbosacral joint,M53.2,0.9562994241714478,,,,,
1105,3,陈旧性,old,M24.8,0.974143385887146,,,,,
1105,3,尺骨,ulna,,0.9995419979095459,,,,,
1105,4,近端,proximal end,S53.1,0.9696615934371948,,,,,
1105,4,远端,distal end,S63.0,0.9701170325279236,,,,,
1105,3,尺肱(关节),ulnohumeral (joint),S53.1,0.9753531813621521,,,,,
1106,3,耻骨联合,symphysis pubis,S33.3,0.9711987972259521,,,,,
1106,4,产科性(创伤性),obstetric (traumatic),O71.6,0.9681174755096436,,,,,
1106,3,大腿，近端,"thigh, proximal end",S73.0,0.9958715438842773,,,,,
1106,3,骶骨,sacrum,S33.2,0.9736207127571106,,,,,
1106,3,骶髂(关节)(韧带),sacroiliac (joint) (ligament),S33.2,0.9859764575958252,,,,,
1106,4,复发性,recurrent,M53.2,0.9593580961227417,,,,,
1106,4,先天性,congenital,Q74.2,0.9718620181083679,,,,,
1106,3,骶尾,sacrococcygeal,S33.2,0.9866553544998169,,,,,
1106,3,多发性[多处],multiple,T03.9,0.999439537525177,,,,,
1106,4,颈部,neck,S13.3,0.9686439037322998,,,,,
1106,5,和,with,,0.7108977437019348,,,,,
1106,6,身体其他部位,other body regions,T03.8,0.9625023007392883,,,,,
1106,6,头部,head,T03.0,0.9493454694747925,,,,,
1106,4,躯干,trunk,T03.1,0.9680177569389343,,,,,
1106,4,身体部位 NEC,body regions NEC,T03.8,0.944281816482544,,,,,
1106,4,手指,fingers,S63.2,0.9882836937904358,,,,,
1106,4,特指的 NEC,specified NEC,T03.8,0.9724571704864502,,,,,
1106,4,头部,head,S03.5,0.9682514667510986,,,,,
1106,5,和,with,,0.7958712577819824,,,,,
1106,6,颈部,neck,T03.0,0.9491872787475586,,,,,
1106,6,身体其他部位,other body regions,T03.8,0.980029821395874,,,,,
1106,4,胸部,thorax,S23.2,0.9759325385093689,,,,,
1106,5,伴有下背和骨盆,with lower back and pelvis,T03.1,0.9717897772789001,,,,,
1106,6,伴有四肢,with limbs,T03.8,0.9918884634971619,,,,,
1106,4,肢,limb,,0.8422646522521973,,,,,
1106,5,上,upper,T03.2,0.9779127836227417,,,,,
1106,6,和,with,,0.9921634197235107,,,,,
1106,7,下肢,lower limb(s),T03.4,0.9274718165397644,,,,,
1106,7,胸部、下背和骨盆,"thorax, lower back and pelvis",T03.8,0.986809492111206,,,,,
1106,5,下,lower,T03.3,0.9992905259132385,,,,,
1106,6,和,with,,0.9999873638153076,,,,,
1106,7,上肢,upper limb(s),T03.4,0.9504680633544922,,,,,
1106,7,胸部、下背和骨盆,"thorax, lower back and pelvis",T03.8,0.9557637572288513,,,,,
1106,3,腓骨,fibula,,0.9985964894294739,,,,,
1106,4,近端,proximal end,S83.1,0.9915518164634705,,,,,
1106,4,远端,distal end,S93.0,0.9703283309936523,,,,,
1106,3,复发性,recurrent,M24.4,0.9635920524597168,,,,,
1106,4,髌骨,patella,M22.0,0.9669873714447021,,,,,
1106,4,骶髂,sacroiliac,M53.2,0.9691471457481384,,,,,
1106,4,关节 NEC,joint NEC,M24.4,0.9526500105857849,,,,,
1106,4,肩,shoulder,M24.4,0.9028177261352539,,,,,
1106,4,髋,hip,M24.4,0.89737868309021,,,,,
1106,4,膝,knee,M24.4,0.9568693041801453,,,,,
1106,4,肘,elbow,M24.4,0.9068291187286377,,,,,
1107,3,跗(骨)(关节),tarsal (bone(s)) (joint(s)),S93.3,0.9795997738838196,,,,,
1107,3,跗骨间(关节),midtarsal (joint),S93.3,0.985790491104126,,,,,
1107,3,跗跖(关节),tarsometatarsal (joint(s)),S93.3,0.9902653694152832,,,,,
1107,3,肱骨，近端,"humerus, proximal end",S43.0,0.9934250712394714,,,,,
1107,3,股骨,femur,,0.9240620136260986,,,,,
1107,4,近端,proximal end,S73.0,0.9873386025428772,,,,,
1107,4,远端,distal end,S83.1,0.9449518322944641,,,,,
1107,3,骨折 -见骨折,fracture - see Fracture,,0.9394380450248718,,,,,
1107,3,关节囊-作为脱位，按部位编码,"capsule, joint - code as Dislocation, by site",,0.9773979783058167,,,,,
1107,3,关节盂，关节盂下,"glenoid, subglenoid",S43.0,0.9912567734718323,,,,,
1107,3,颌(软骨)(半月板),jaw (cartilage) (meniscus),S03.0,0.9648762941360474,,,,,
1107,3,踝,ankle,S93.0,0.9779197573661804,,,,,
1107,4,舟状骨,navicular bone,S93.3,0.9886942505836487,,,,,
1107,3,环甲软骨关节,cricothyroid articulation,S13.2,0.9617837071418762,,,,,
1107,3,环杓软骨关节,cricoarytenoid articulation,S13.2,0.9584553241729736,,,,,
1107,3,寰枢，寰椎,"atlantoaxial, atlas",S13.1,0.9840289950370789,,,,,
1107,3,喙突，喙突下,"coracoid, infracoracoid",S43.0,0.9827306866645813,,,,,
1107,3,脊椎,spine,T09.2,0.9600338935852051,,,,,
1107,4,神经,cervical,S13.1,0.9775167107582092,,,,,
1107,4,先天性,congenital,Q76.4,0.96696937084198,,,,,
1107,4,胸,thoracic,S23.1,0.9816808104515076,,,,,
1107,4,腰,lumbar,S33.1,0.9627087712287903,,,,,
1107,3,甲状软骨,thyroid cartilage,S13.2,0.9968469738960266,,,,,
1107,3,假体，内部-见并发症，假体装置，按部位，机械性,"prosthesis, internal - see Complications, prosthetic device, by site, mechanical",,0.9960078001022339,,,,,
1107,3,肩(板)(关节)(韧带),shoulder (blade) (joint) (ligament),S43.0,0.9600131511688232,,,,,
1107,4,带,girdle,S43.3,0.9639095664024353,,,,,
1107,4,复发性,recurrent,M24.4,0.9676381349563599,,,,,
1107,4,慢性,chronic,M24.4,0.9565541744232178,,,,,
1107,4,先天性,congenital,Q68.8,0.8948705792427063,,,,,
1107,3,肩胛骨,scapula,S43.3,0.9908697009086609,,,,,
1107,3,肩锁(关节),acromioclavicular (joint),S43.1,0.9791843295097351,,,,,
1107,3,剑突软骨,xiphoid cartilage,S23.2,0.9934538006782532,,,,,
1107,3,脚趾,toe(s),S93.1,0.9646399617195129,,,,,
1107,3,晶状体(陈旧性)(完全)(部分)(晶状)(自发性),lens (old) (complete) (partial) (crystalline) (spontaneous),H27.1,0.9707024693489075,,,,,
1107,4,创伤性,traumatic,S05.8,0.9569835066795349,,,,,
1107,4,先天性,congenital,Q12.1,0.9676936268806458,,,,,
1107,5,梅毒性,syphilitic,A50.3+ H28.8*,0.9827502369880676,,,,,
1107,3,胫骨,tibia,,0.9561600685119629,,,,,
1107,4,近端,proximal end,S83.1,0.9699538350105286,,,,,
1107,4,远端,distal end,S93.0,0.9835635423660278,,,,,
1108,3,胫腓(关节),tibiofibular (joint),,0.9852325916290283,,,,,
1108,4,近端,proximal,S83.1,0.9359149932861328,,,,,
1108,4,远端,distal,S93.0,0.9617955088615417,,,,,
1108,3,颈部,neck,S13.1,0.9839202165603638,,,,,
1108,4,多发性,multiple,S13.3,0.9545915722846985,,,,,
1108,3,颈胸(椎)(脊椎),cervicothoracic (spine) (vertebra),T03.8,0.9742034077644348,,,,,
1108,3,颈椎(脊椎),cervical spine (vertebra),S13.1,0.9796082973480225,,,,,
1108,3,距骨,"astragalus, talus",S93.0,0.9881628155708313,,,,,
1108,3,髋,hip,S73.0,0.9623947739601135,,,,,
1108,4,复发性,recurrent,M24.4,0.9379070401191711,,,,,
1108,4,先天性,congenital,Q65.2,0.9454699158668518,,,,,
1108,5,单侧,unilateral,Q65.0,0.9311485290527344,,,,,
1108,5,双侧,bilateral,Q65.1,0.9324719309806824,,,,,
1108,3,髋无名骨(耻骨联合)(骶骨联合),innominate (pubic junction) (sacral junction),S33.3,0.9731467962265015,,,,,
1108,4,髋臼,acetabulum,S73.0,0.9804126024246216,,,,,
1108,3,肋软骨,"costal cartilage, costochondral, rib",S23.2,0.9838656187057495,,,,,
1108,3,泪腺,lacrimal gland,H04.1,0.9521485567092896,,,,,
1108,3,慢性- 见脱位，复发性,"chronic - see Dislocation, recurrent",,0.9595048427581787,,,,,
1108,3,拇指,thumb,S63.1,0.9571161866188049,,,,,
1108,3,颞下颌(关节),temporomandibular (joint),S03.0,0.9925653338432312,,,,,
1108,3,气管,trachea,S23.2,0.9724092483520508,,,,,
1108,3,前臂,forearm,T11.2,0.9502336978912354,,,,,
1108,3,桡尺骨(关节),radioulnar (joint),,0.9742226600646973,,,,,
1108,4,近端,proximal,S53.1,0.9924629926681519,,,,,
1108,4,远端,distal,S63.0,0.9880274534225464,,,,,
1108,3,桡肱(关节),radiohumeral (joint),S53.0,0.9967002272605896,,,,,
1108,3,桡骨,radius,,0.941785454750061,,,,,
1108,4,近端,proximal end,S53.0,0.9474853873252869,,,,,
1108,4,远端,distal end,S63.0,0.976743221282959,,,,,
1108,3,桡腕(关节),radiocarpal (joint),S63.0,0.979613721370697,,,,,
1108,3,韧带-作为脱位，按部位编码,"ligament - code as Dislocation, by site",,0.9946962594985962,,,,,
1108,3,软骨(关节)-作为脱位，按部位编码,"cartilage (joint) - code as Dislocation, by site",,0.987727165222168,,,,,
1108,3,手指,finger,S63.1,0.9755926728248596,,,,,
1108,4,多发性,multiple,S63.2,0.9741986393928528,,,,,
1108,3,枢椎,axis,S13.1,0.950751543045044,,,,,
1108,3,锁骨,clavicle,S43.1,0.9489122033119202,,,,,
1108,3,听骨,"ossicles, ear",H74.2,0.9944049715995789,,,,,
1108,3,头部，部位NEC,"head, part NEC",S03.3,0.9920801520347595,,,,,
1108,3,腿，意指下肢-见脱位，肢，下,"leg, meaning lower limb - see Dislocation, limb, lower",,0.9857237339019775,,,,,
1108,3,腕(骨),carpal (bone),S63.0,0.9800839424133301,,,,,
1108,3,腕(腕骨)(舟骨)(半月骨),wrist (carpal bone) (scaphoid) (semilunar),S63.0,0.9748263359069824,,,,,
1108,3,腕骨间(关节),midcarpal (joint),S63.0,0.977365255355835,,,,,
1109,3,腕掌(关节),carpometacarpal (joint),S63.0,0.9807404279708862,,,,,
1109,3,尾骨,coccyx,S33.2,0.927312433719635,,,,,
1109,3,膝,knee,S83.1,0.9712099432945251,,,,,
1109,4,病理性,pathological,M24.3,0.8600280284881592,,,,,
1109,4,复发性,recurrent,M24.4,0.9777839779853821,,,,,
1109,4,膨大,cap,S83.0,0.9174352288246155,,,,,
1109,4,先天性,congenital,Q68.2,0.9395090341567993,,,,,
1109,3,习惯性-见脱位，复发性,"habitual - see Dislocation, recurrent",,0.9775647521018982,,,,,
1109,3,下颌骨,mandible,S03.0,0.9657867550849915,,,,,
1109,3,先天性NEC,congenital NEC,Q68.8,0.9788783192634583,,,,,
1109,3,胸骨,"breast bone, sternum",S23.2,0.9923737049102783,,,,,
1109,3,胸锁(关节),sternoclavicular (joint),S43.2,0.9740889072418213,,,,,
1109,3,胸椎,"dorsal vertebra, thoracic (vertebra)",S23.1,0.9784060716629028,,,,,
1109,3,牙,tooth,S03.2,0.9502416253089905,,,,,
1109,3,眼，眼球，非创伤性,"eye, eyeball, nontraumatic",H44.8,0.9955509305000305,,,,,
1109,4,产伤,birth injury,P15.3,0.9296436309814453,,,,,
1109,3,腰(椎)，腰骶(椎),"lumbar, lumbosacral (vertebra)",S33.1,0.8372607231140137,,,,,
1109,3,先天性,congenital,Q76.4,0.9481152892112732,,,,,
1109,3,盂肱(关节),glenohumeral (joint),S43.0,0.9743852019309998,,,,,
1109,3,掌(骨),metacarpal (bone),S63.7,0.9898946285247803,,,,,
1109,3,掌指(关节),metacarpophalangeal (joint),S63.1,0.9793996214866638,,,,,
1109,4,近端,proximal end,S63.0,0.9850648045539856,,,,,
1109,4,远端,distal end,S63.1,0.9356689453125,,,,,
1109,3,枕部自寰椎,occiput from atlas,S13.1,0.9694170355796814,,,,,
1109,3,肢,limb,T13.2,0.9639701843261719,,,,,
1109,4,上,upper,T11.2,0.9476715326309204,,,,,
1109,5,伴有下肢,with lower limb(s),T03.4,0.980969250202179,,,,,
1109,5,多部位,multiple sites,T03.2,0.9616082310676575,,,,,
1109,4,下,Anolower,T13.2,0.8843045234680176,,,,,
1109,5,伴有上肢,with upper limb(s),T03.4,0.9655401706695557,,,,,
1109,5,多部位,multiple sites,T03.3,0.9631162285804749,,,,,
1109,3,指[趾]骨,phalanx,,0.9791537523269653,,,,,
1109,4,手指或手,finger or hand,S63.1,0.9288457036018372,,,,,
1109,4,足或趾,foot or toe,S93.1,0.9484260082244873,,,,,
1109,3,指[趾]间(关节),interphalangeal (joint(s)),,0.9964262247085571,,,,,
1109,4,手指或手,finger or hand,S63.1,0.9921684861183167,,,,,
1109,4,足或趾,foot or toe,S93.1,0.9815776348114014,,,,,
1109,3,跖(骨),metatarsal (bone),S93.3,0.9509189128875732,,,,,
1109,3,跖趾(关节),metatarsophalangeal (joint(s)),S93.1,0.9920196533203125,,,,,
1109,3,中隔软骨(鼻),septal cartilage (nose),S03.1,0.9730952978134155,,,,,
1109,3,舟状骨(手)(腕),scaphoid (bone) (hand) (wrist),S63.0,0.9810310006141663,,,,,
1109,4,足,foot,S93.3,0.9287645816802979,,,,,
1110,3,肘,elbow,S53.1,0.9702970385551453,,,,,
1110,4,复发性,recurrent,M24.4,0.9764996767044067,,,,,
1110,4,先天性,congenital,Q68.8,0.956226646900177,,,,,
1110,3,椎(关节突)(体),vertebra (articular process) (body),T09.2,0.9683953523635864,,,,,
1110,4,颈,cervical,S13.1,0.9366373419761658,,,,,
1110,4,颈胸,cervicothoracic,T03.8,0.9914159178733826,,,,,
1110,4,先天性,congenital,Q76.4,0.9082547426223755,,,,,
1110,4,胸,thoracic,S23.1,0.9822536110877991,,,,,
1110,4,腰,lumbar,S33.1,0.8776189088821411,,,,,
1110,3,籽骨-作为脱位，按部位编码,"sesamoid bone - code as Dislocation, by site",,0.9659899473190308,,,,,
1110,3,自发性,spontaneous,M24.3,0.9476040005683899,,,,,
1110,3,足,foot,S93.3,0.9619364738464355,,,,,
1110,2,脱屑，皮肤(d),"Desquamation, skin",R23.4,0.8892576098442078,,,,,
1110,1,tuó 驼,,,,,,,,
1110,2,驼背(后天性)(另见 脊柱后凸),"Hunchback, Cyphosis (acquired) (see also Kyphosis)",M40.2,0.974352240562439,,,,,
1110,3,先天性,congenital,Q76.4,0.9874800443649292,,,,,
1110,1,tuǒ 椭,,,0.9579847455024719,,,,,
1110,2,椭圆形红细胞增多症(先天性)(遗传性),Elliptocytosis (congenital) (hereditary),D58.1,0.9916999340057373,,,,,
1110,3,镰状细胞(病) 2,b-sickle-cell (disease),D57.8,0.9509896636009216,,,,,
1110,3,血红蛋白C(病),Hb C (disease),D58.1,0.9595701098442078,,,,,
1110,3,血红蛋白病,hemoglobin disease,D58.1,0.9801323413848877,,,,,
1110,1,tuò 唾,,,0.9230720400810242,,,,,
1110,2,唾液分泌过多,Hypersalivation,K11.7,0.999216616153717,,,,,
1110,2,唾液分泌减少,Hypoptyalism,K11.7,0.9991809725761414,,,,,
1110,2,唾液管炎-现译名涎管炎,Sialadochitis,,0.9897350072860718,,,,,
1110,2,唾液缺乏,"Aptyalism, Asialia",K11.7,0.998815655708313,,,,,
1110,2,唾液腺-现译名涎腺,Salivary glands,,0.9974653720855713,,,,,
1110,2,唾液腺炎 - 现译名 涎腺炎,Sialadenitis,,0.9032023549079895,,,,,
1111,0,W,,,0.9965482354164124,,,,,
1111,1,wā 挖,,,0.9998442530632019,,,,,
1111,2,挖鼻孔,Nose-picking,F98.8,0.9832156300544739,,,,,
1111,1,wǎ 瓦,,,0.9996973872184753,,,,,
1111,2,瓦尔登斯特伦,Waldenström's,,0.9996340870857239,,,,,
1111,3,高丙球蛋白血症,hypergammaglobulinemia,D89.0,0.9825331568717957,,,,,
1111,3,综合征或巨球蛋白血症(M9761/3),syndrome or macroglobulinemia (M9761/3),C88.0,0.9964767694473267,,,,,
1111,2,瓦尔苏阿尼病,Valsuani's disease,O99.0,0.9749875664710999,,,,,
1111,2,瓦伦贝格病或综合征,Wallenberg's disease or syndrome,I66.3+ G46.3*,0.952633261680603,,,,,
1111,1,wài 外,,,0.925505518913269,,,,,
1111,2,外翻,"Ectropion, Eversion, Exstrophy, Extrophy, Extroversion",,0.9967951774597168,,,,,
1111,3,唇(后天性),lip (acquired),K13.0,0.9903756380081177,,,,,
1111,4,先天性,congenital,Q38.0,0.9553062319755554,,,,,
1111,3,腹内容物(先天性),abdominal contents (congenital),Q45.8,0.9923081398010254,,,,,
1111,3,宫颈,cervix (uteri),N86,0.9693135023117065,,,,,
1111,4,伴有宫颈炎,with cervicitis,N72,0.9905956983566284,,,,,
1111,3,虹膜,iris,H21.8,0.9317352175712585,,,,,
1111,3,泪点(感染后)(老年性),punctum lacrimale (postinfectional) (senile),H04.5,0.9959753155708313,,,,,
1111,3,尿道(口),urethra (meatus),N36.3,0.97536700963974,,,,,
1111,3,膀胱(后天性),bladder (acquired),N32.8,0.97347092628479,,,,,
1111,4,先天性,congenital,Q64.1,0.9344225525856018,,,,,
1111,3,葡萄膜[眼色素膜],uvea,H21.8,0.9322631359100342,,,,,
1111,3,输尿管(口),ureter (meatus),N28.8,0.9684438109397888,,,,,
1111,3,眼睑(瘢痕性)(麻痹性)(老年性)(痉挛性),eyelid (cicatricial) (paralytic) (senile) (spastic),H02.1,0.9908305406570435,,,,,
1111,4,先天性,congenital,Q10.1,0.964370608329773,,,,,
1111,3,子宫,uterus,N81.4,0.9471920728683472,,,,,
1111,4,并发于分娩,complicating delivery,O71.2,0.9848759174346924,,,,,
1111,3,足 NEC,foot NEC,M21.0,0.9535977840423584,,,,,
1111,4,先天性,congenital,Q66.6,0.9534714818000793,,,,,
1111,2,外胫夹,Shin splints,T79.6,0.9931632280349731,,,,,
1111,2,外科的,Surgical,,0.9999915957450867,,,,,
1111,3,操作并发症或意外事故-见并发症，外科操作的,"procedures, complication or misadventure- see Complications, surgical procedures",,0.9838306307792664,,,,,
1111,3,肺气肿,emphysema,T81.8,0.9736175537109375,,,,,
1111,3,手术 NEC,operation NEC,R69,0.9598801136016846,,,,,
1111,3,休克,shock,T81.1,0.9395846128463745,,,,,
1112,2,外科手术,Surgery,,0.9724951386451721,,,,,
1112,3,未做-见操作(手术的)，未做,"not done - see Procedure (surgical), not done",,0.9771900177001953,,,,,
1112,3,选择性,elective,Z41.9,0.9774025678634644,,,,,
1112,4,毛发移植,hair transplant,Z41.0,0.9393481612205505,,,,,
1112,4,乳房增大或还原(美容性),breast augmentation or reduction (cosmetic),Z41.1,0.9735770225524902,,,,,
1112,4,特指类型NEC,specified type NEC,Z41.8,0.9775130748748779,,,,,
1112,4,整容(美容性),face-lift (cosmetic),Z41.1,0.9729586839675903,,,,,
1112,3,以前的，在妊娠或分娩中,"previous, in pregnancy or childbirth",,0.9982898235321045,,,,,
1112,4,宫颈,cervix,O34.4,0.9350810647010803,,,,,
1112,5,引起梗阻性分娩,causing obstructed labor,O65.5,0.9416667819023132,,,,,
1112,6,影响到胎儿或新生儿,affecting fetus or newborn,P03.1,0.9761543273925781,,,,,
1112,4,会阴或外阴,perineum or vulva,O34.7,0.9825578331947327,,,,,
1112,4,盆腔软组织NEC,pelvic soft tissues NEC,O34.8,0.9507606625556946,,,,,
1112,5,引起梗阻性分娩,causing obstructed labor,O65.5,0.9608954787254333,,,,,
1112,5,影响到胎儿或新生儿,affecting fetus or newborn,P03.1,0.9780327081680298,,,,,
1112,5,影响到胎儿或新生儿,affecting fetus or newborn,P03.8,0.9760705232620239,,,,,
1112,4,阴道,vagina,O34.6,0.948632001876831,,,,,
1112,4,子宫,uterus,O34.2,0.9315102100372314,,,,,
1112,5,引起梗阻性分娩,causingobstructed labor,O65.5,0.9754160642623901,,,,,
1112,6,影响到胎儿或新生儿,affecting fetus or newborn,P03.1,0.986033022403717,,,,,
1112,3,预防性,prophylactic,Z40.9,0.9647935628890991,,,,,
1112,4,特指的 NEC,specified NEC,Z40.8,0.9860323071479797,,,,,
1112,4,与恶性肿瘤有关的危险因素的,for risk factors related to malignant neoplasm,Z40.0,0.992516040802002,,,,,
1112,3,再建(损伤愈合或手术后),reconstructive (following healed injury or operation),Z42.9,0.9972293376922607,,,,,
1112,4,躯干,trunk,Z42.2,0.9197667241096497,,,,,
1112,5,乳房,breast,Z42.1,0.9770312309265137,,,,,
1112,4,乳房,breast,Z42.1,0.9389833211898804,,,,,
1112,4,上肢,upper limb,Z42.3,0.8764829635620117,,,,,
1112,4,特指的 NEC,specified NEC,Z42.8,0.9327175617218018,,,,,
1112,4,头和颈,head and neck,Z42.0,0.9654752612113953,,,,,
1112,4,下肢,lower limb,Z42.4,0.8869209289550781,,,,,
1112,3,整形,plastic,,0.9618754386901855,,,,,
1112,4,矫形，恢复-见外科手术，再建,"corrective, restorative - see Surgery, reconstructive",,0.9873349666595459,,,,,
1112,4,美容性,cosmetic,Z41.1,0.9370065331459045,,,,,
1112,5,毛发移植,hair transplant,Z41.0,0.986116349697113,,,,,
1112,5,乳房增大或还原,breast augmentation or reduction,Z41.1,0.9928923845291138,,,,,
1112,5,整容,face-lift,Z41.1,0.9278291463851929,,,,,
1112,4,损伤愈合或手术后的-见外科手术，再建,"following healed injury or operation - see Surgery, reconstructive",,0.9815348386764526,,,,,
1112,4,为体表不能接受的外貌而进行的,for unacceptable cosmetic appearance,Z41.1,0.9727564454078674,,,,,
1112,2,外貌,Appearance,,0.9999556541442871,,,,,
1112,3,不正常,bizarre,R46.1,0.9504612684249878,,,,,
1112,3,个人卫生水平极差,very low level of personal hygiene,R46.0,0.9998112320899963,,,,,
1112,3,特指的 NEC,specified NEC,R46.8,0.9770144820213318,,,,,
1113,2,外胚层发育不良(无汗的),Ectodermal dysplasia (anhidrotic),Q82.4,0.9769253134727478,,,,,
1113,2,外渗-见漏出,Extravasation - see Extravasation,,0.989340603351593,,,,,
1113,2,外生骨疣,Exostosis,M89.9,0.9999077916145325,,,,,
1113,3,多发性，先天性,"multiple, congenital",Q78.6,0.967110276222229,,,,,
1113,3,骨软骨(M9210/0)-见肿瘤，骨，良性,"osteocartilaginous (M9210/0) - see Neoplasm, bone benign",,0.9812533855438232,,,,,
1113,3,颌(骨),jaw (bone),K10.8,0.9681246280670166,,,,,
1113,3,眶,orbit,H05.3,0.9371830224990845,,,,,
1113,3,淋球菌性,gonococcal,A54.4+ M90.2*,0.9712650775909424,,,,,
1113,3,梅毒性,syphilitic,A52.7+ M90.2*,0.9771099090576172,,,,,
1113,3,软骨(M9210/0)-见肿瘤，骨，良性,"cartilaginous (M9210/0) - see Neoplasm, bone, benign",,0.9827988743782043,,,,,
1113,3,外耳道,external ear canal,H61.8,0.9956238865852356,,,,,
1113,3,先天性(多发性),congenital (multiple),Q78.6,0.9907678365707397,,,,,
1113,2,外生软骨瘤(M9210/0)-见肿瘤，骨，良性,"Ecchondroma (M9210/0) - see Neoplasm, bone, benign",,0.9977372288703918,,,,,
1113,2,外生软骨瘤病(M9210/1),Ecchondrosis (M9210/1),D48.0,0.9916962385177612,,,,,
1113,2,外斜视(交替性)(单眼),Exotropia (alternating) (monocular),H50.1,0.9814800024032593,,,,,
1113,3,间歇性,intermittent,H50.3,0.9950208067893982,,,,,
1113,2,外旋转斜视,Excyclotropia,H50.4,0.9999750852584839,,,,,
1113,2,外旋转隐斜,Excyclophoria,H50.5,0.9999570846557617,,,,,
1113,2,外阴的-见情况,Vulva - see condition,,0.9931448698043823,,,,,
1113,2,外阴干皱,Leukokraurosis vulva(e),N90.4,0.9989933371543884,,,,,
1113,2,外阴上皮内肿瘤-见肿瘤，上皮内，外阴,"VIN - see Neoplasia, intraepithelial, vulva",,0.9892476797103882,,,,,
1113,2,外阴炎(急性)(变应性)(阿弗他)(萎缩性)(坏疽性)(肥大性)(擦烂性)(老年性),Vulvitis (acute) (allergic) (aphthous) (atrophic) (gangrenous) (hypertrophic) (intertriginous) (senile),N76.2,0.9636147022247314,,,,,
1113,3,亚急性或慢性,subacute or chronic,N76.3,0.9894298911094666,,,,,
1113,3,白斑病,leukoplakic,N90.4,0.9660139083862305,,,,,
1113,3,并发于妊娠,complicating pregnancy,O23.5,0.9842902421951294,,,,,
1113,3,产褥期(产后),puerperal (postpartum),O86.1,0.9613035917282104,,,,,
1113,3,结核性,tuberculous,A18.1+ N77.1*,0.9846920967102051,,,,,
1113,3,淋病性(淋球菌性),blennorrhagic (gonococcal),A54.0,0.9733392000198364,,,,,
1113,4,伴有脓肿(副腺)(尿道周),with abscess (accessory gland) (periurethral),A54.1,0.9903606176376343,,,,,
1113,3,毛滴虫性,trichomonal,A59.0+ N77.1*,0.9901052117347717,,,,,
1113,3,梅毒性(早期),syphilitic (early),A51.0,0.9538893103599548,,,,,
1113,4,晚期,late,A52.7+ N77.1*,0.9640582799911499,,,,,
1113,3,念珠菌性,"candidal, monilial",B37.3+ N77.1*,0.9927407503128052,,,,,
1113,3,衣原体性,chlamydial,A56.0,0.9761444926261902,,,,,
1113,3,由于杜克雷嗜血杆菌,due to Haemophilus ducreyi,A57,0.9876856803894043,,,,,
1113,3,粘连性，先天性,"adhesive, congenital",Q52.7,0.9875941276550293,,,,,
1113,2,外阴阴道炎(急性)(另见阴道炎),Vulvovaginitis (acute) (see also Vaginitis),N76.0,0.9829826951026917,,,,,
1113,3,亚急性或慢性,subacute or chronic,N76.1,0.9548995494842529,,,,,
1113,3,见于(由于),in (due to),,0.9887606501579285,,,,,
1113,4,烧虫感染,pinworm infection,B80+ N77.1*,0.9468859434127808,,,,,
1113,4,疱疹病毒性(单纯性疱疹)感染,herpesviral (herpes simplex) infection,A60.0+ N77.1*,0.9939436912536621,,,,,
1114,3,阿米巴,amebic,A06.8,0.9654503464698792,,,,,
1114,3,淋球菌性(急性)(慢性),gonococcal (acute)(chronic),A54.0,0.9653443694114685,,,,,
1114,4,伴有脓肿(副腺)(尿道周),with abscess (accessory gland) (periurethral),A54.1,0.9487777352333069,,,,,
1114,3,毛滴虫性,trichomonal,A59.0+ N77.1*,0.9525135159492493,,,,,
1114,3,念珠菌性,"candidal, monilial",B37.3+ N77.1*,0.9686641693115234,,,,,
1114,3,疱疹性,herpetic,A60.0+ N77.1*,0.9730916619300842,,,,,
1114,3,衣原体性,chlamydial,A56.0,0.9923262000083923,,,,,
1114,2,外阴直肠的 - 见情况,Vulvorectal - see condition,,0.9746869802474976,,,,,
1114,2,外隐斜,Exophoria,H50.5,0.9628365635871887,,,,,
1114,3,集中[辐凑]，机能不全,"convergence, insufficiency",H51.1,0.9960379004478455,,,,,
1114,3,散开[双眼外展]，过度,"divergence, excess",H51.8,0.981817901134491,,,,,
1114,2,外展挛缩，髋或其他关节-见挛缩，关节,"Abduction contracture, hip or other joint - see Contraction, joint",,0.9759829640388489,,,,,
1114,1,wān 弯,,,0.9998383522033691,,,,,
1114,2,弯刀综合征,Scimitar syndrome,Q26.8,0.99993896484375,,,,,
1114,2,弯曲,Curvature / Bowing,,0.995368242263794,,,,,
1114,3,波特(脊柱),Pott's (spinal),A18.0+ M49.0*,0.9636885523796082,,,,,
1114,3,腓骨,fibula,M21.8,0.9605052471160889,,,,,
1114,4,先天性,congenital,Q68.4,0.9714288711547852,,,,,
1114,3,股骨,femur,M21.8,0.9578163623809814,,,,,
1114,4,先天性,congenital,Q68.3,0.9411018490791321,,,,,
1114,3,脊柱(后天性)(口角)(特发性)(不正确的)(体位性),spine (acquired) (angular) (idiopathic) (incorrect) (postural),M43.9,0.9684146642684937,,,,,
1114,4,先天性,congenital,Q67.5,0.9408571124076843,,,,,
1114,4,佝偻病的晚期效应,late effect of rickets,E64.3,0.9877000451087952,,,,,
1114,4,结核性,tuberculous,A18.0+ M49.0*,0.9821913242340088,,,,,
1114,4,由于或与下列情况有关,due to or associated with,,0.9613494873046875,,,,,
1114,5,骨炎,osteitis,,0.8695409893989563,,,,,
1114,6,变形性,deformans,M88.8,0.9344344735145569,,,,,
1114,6,纤维囊性,fibrosa cystica,E21.0+ M49.8*,0.986951470375061,,,,,
1114,5,结核病(波特弯曲),tuberculosis (Pott's curvature),A18.0+ M49.0*,0.9736947417259216,,,,,
1114,5,夏科-马里-图思病[进行性神经性肌萎缩],Charcot-Marie-Tooth disease,G60.0+ M49.4*,0.9616668820381165,,,,,
1114,3,胫骨,tibia,M21.8,0.9761478304862976,,,,,
1114,4,先天性,congenital,Q68.4,0.9748719930648804,,,,,
1114,3,器官或部位，先天性NEC-见扭转,"organ or site, congenital NEC - see Distortion",,0.9927709102630615,,,,,
1114,3,前臂,forearm,M21.8,0.9911276698112488,,,,,
1114,3,桡骨,radius,M21.8,0.952642023563385,,,,,
1114,3,特发性，进行性(先天性),"idiopathic, progressive (congenital)",Q74.0,0.9861149191856384,,,,,
1114,3,腿，长骨，先天性,"leg(s), long bones, congenital",Q68.5,0.987387478351593,,,,,
1114,3,阴茎(侧向),penis (lateral),Q55.6,0.9902671575546265,,,,,
1114,2,弯曲牙,"Dilaceration, tooth",K00.4,0.9800201058387756,,,,,
1115,1,wān 剜,,,0.984688937664032,,,,,
1115,2,剜出，眼(创伤性，近期),"Enucleated eye (traumatic, current)",S05.7,0.9956090450286865,,,,,
1115,1,wán 完,,,0.9913991689682007,,,,,
1115,2,完全的 - 见情况,Complete - see condition,,0.9548060297966003,,,,,
1115,1,wán 顽,,,0.9779099225997925,,,,,
1115,2,顽固性便秘(另见便秘),Obstipation (see also Constipation),K59.0,0.9994928240776062,,,,,
1115,1,wǎn 晚,,,0.9896009564399719,,,,,
1115,2,晚期效应-见后遗症,Late effect(s) - see Sequelae,,0.9827828407287598,,,,,
1115,1,wàn 腕,,,0.9472998380661011,,,,,
1115,2,腕的-见情况,Wrist - see condition,,0.9958003163337708,,,,,
1115,2,腕管综合征,Carpal tunnel syndrome,G56.0,0.9999767541885376,,,,,
1115,2,腕足痉挛(另见手足搐搦),Carpopedal spasm (see also Tetany),R29.0,0.9947432279586792,,,,,
1115,1,wǎng 网,,,0.9245429039001465,,,,,
1115,2,网膜的 - 见情况,"Omentum, omental - see condition",,0.9756845831871033,,,,,
1115,2,网膜肉芽脐疝,Epiplosarcomphalocele,Q79.2,0.9863611459732056,,,,,
1115,2,网膜疝(另见疝，腹),"Epiplocele (see also Hernia, abdomen)",K46.9,0.9688389301300049,,,,,
1115,2,网膜炎(另见腹膜炎),"Epiploitis, Omentitis (see also Peritonitis)",K65.9,0.9998577833175659,,,,,
1115,2,网球肘,Tennis elbow,M77.1,0.9998788237571716,,,,,
1115,2,网状淋巴肉瘤(弥漫性)(M9675/3),Reticulolymphosarcoma (diffuse) (M9675/3),C83.2,0.979904294013977,,,,,
1115,3,结节性(M9691/3),nodular (M9691/3),C82.1,0.972104549407959,,,,,
1115,3,滤泡性(M9691/3),follicular (M9691/3),C82.1,0.9809171557426453,,,,,
1115,2,网状内皮细胞增殖,Reticuloendotheliosis,,0.9999560117721558,,,,,
1115,3,白血病性(M9941/3),leukemic (M9941/3),C91.4,0.9830379486083984,,,,,
1115,3,恶性(M9712/3),malignant (M9712/3),C85.7,0.9796050190925598,,,,,
1115,3,非脂肪性(M9722/3),nonlipid (M9722/3),C96.0,0.9612296223640442,,,,,
1115,3,急性，婴儿(M9722/3),acute infantile (M9722/3),C96.0,0.9882913827896118,,,,,
1115,2,网状细胞肉瘤(弥漫性)(M9591/3),Reticulosarcoma (diffuse) (M9591/3),C83.3,0.991824746131897,,,,,
1115,2,网状细胞增多症(皮肤),Reticulosis (skin),,0.9999058246612549,,,,,
1115,3,多形性(M9713/3),polymorphic (M9713/3),C85.7,0.9764368534088135,,,,,
1115,3,恶性(中线)(M9713/3),malignant (midline) (M9713/3),C85.7,0.9649130702018738,,,,,
1115,3,非脂肪性(M9722/3),nonlipid (M9722/3),C96.0,0.9889992475509644,,,,,
1115,3,急性，婴儿期(M9722/3),"acute, of infancy (M9722/3)",C96.0,0.9690404534339905,,,,,
1116,3,塞乍里(M9701/3),Sézary's (M9701/3),C84.1,0.9795831441879272,,,,,
1116,3,噬红细胞性，家族性,"hemophagocytic, familial",D76.1,0.9831029772758484,,,,,
1116,3,髓性组织细胞性(M9720/3),histiocytic medullary(M9720/3),C96.1,0.9768046736717224,,,,,
1116,3,脂肪黑变性,lipomelanotic,I89.8,0.9668430089950562,,,,,
1116,2,网状组织细胞瘤(巨细胞),Reticulohistiocytoma (giant-cell),D76.3,0.9734728932380676,,,,,
1116,1,wàng 妄,,,0.9998894929885864,,,,,
1116,2,妄想(偏执)-见障碍，妄想性,"Delusions (paranoid) – see Disorder, delusional",,0.9831077456474304,,,,,
1116,2,妄想痴呆(晚发性),"Paraphrenia, paraphrenic (late)",F22.0,0.9980047345161438,,,,,
1116,3,精神分裂症,schizophrenia,F20.0,0.9855920672416687,,,,,
1116,2,妄想阵发(不伴有精神分裂症症状),Bouffée délirante (without symptoms of schizophrenia),F23.0,0.9991086721420288,,,,,
1116,3,伴有精神分裂症症状,with symptoms of schizophrenia,F23.1,0.9862063527107239,,,,,
1116,1,wàng 望,,,0.9999168515205383,,,,,
1116,2,望下恐怖,Bathophobia,F40.2,0.9999673366546631,,,,,
1116,1,wēi 危,,,0.999510645866394,,,,,
1116,2,危象,Crisis,,0.9998717308044434,,,,,
1116,3,艾迪生病,addisonian,E27.2,0.9811415672302246,,,,,
1116,3,腹部,abdomen,R10.4,0.9900594353675842,,,,,
1116,3,急性反应,acute reaction,F43.0,0.9721540212631226,,,,,
1116,3,脊髓痨性,tabetic,A52.1,0.9606636166572571,,,,,
1116,3,甲状腺，甲状腺毒性,"thyroid, thyrotoxic",E05.5,0.9685952663421631,,,,,
1116,3,镰状细胞,sickle-cell,D57.0,0.9775473475456238,,,,,
1116,3,佩尔(脊髓痨性),Pel's (tabetic),A52.1,0.9651800990104675,,,,,
1116,3,青光眼睫状体,glaucomatocyclitic,H40.4,0.9968593716621399,,,,,
1116,3,情绪性,emotional,F43.2,0.9979479908943176,,,,,
1116,4,急性应激反应,acute reaction to stress,F43.0,0.9761039614677429,,,,,
1116,4,特发于童年期和青少年的,specific to childhood and adolescence,F93.8,0.992041826248169,,,,,
1116,4,调节反应,adjustment reaction,F43.2,0.9863134622573853,,,,,
1116,3,肾,renal,N28.8,0.936153769493103,,,,,
1116,3,肾上腺(皮质),adrenal (cortical),E27.2,0.9977855682373047,,,,,
1116,3,亚硝酸盐样,nitritoid,,0.9995461106300354,,,,,
1116,4,过量或给错或服错药物,overdose or wrong substance given or taken,T37.8,0.9908347129821777,,,,,
1116,4,恰当使用正确的物质,correct substance properly administered,I95.2,0.9659106731414795,,,,,
1116,3,眼球旋动,culogyric,H51.8,0.9588159918785095,,,,,
1116,4,心因性,psychogenic,F45.8,0.9958701133728027,,,,,
1116,3,状态(急性反应),state (acute reaction),F43.0,0.9496943354606628,,,,,
1116,2,危象，甲状腺,"Storm, thyroid",E05.5,0.9950113296508789,,,,,
1117,1,wēi 威,,,0.9140945672988892,,,,,
1117,2,威茨贫血,Witts' anemia,D50.8,0.9918237924575806,,,,,
1117,2,威尔金森-斯内登病或综合征,Wilkinson-Sneddon disease or syndrome,L13.1,0.9814014434814453,,,,,
1117,2,威尔逊,Wilson's,,0.9997159838676453,,,,,
1117,3,病或综合征,disease or syndrome,E83.0,0.9798098206520081,,,,,
1117,3,肝豆状核变性,hepatolenticular degeneration,E83.0,0.9687520265579224,,,,,
1117,3,红苔藓,lichen ruber,L43.9,0.98907470703125,,,,,
1117,2,威尔逊-米基迪综合征,Wilson-Mikity syndrome,P27.0,0.9711024761199951,,,,,
1117,2,威利斯环[大脑动脉环]的-见情况,Circle of Willis - see condition,,0.9767890572547913,,,,,
1117,2,威斯科特-奥尔德里奇综合征[湿疹-血小板减少-免疫缺陷综合征],Wiskott-Aldrich syndrome,D82.0,0.9755795001983643,,,,,
1117,2,威胁,Threatened,,0.9998201727867126,,,,,
1117,3,工作丢失的，引起焦虑,"job loss, anxiety concerning",Z56.2,0.9852563142776489,,,,,
1117,3,失业的，引起焦虑,"unemployment, anxiety concerning",Z56.2,0.9956735372543335,,,,,
1117,1,wēi 微,,,0.9035274386405945,,,,,
1117,2,微动脉瘤，视网膜性,"Microaneurysm, retinal",H35.0,0.9997648000717163,,,,,
1117,3,糖尿病性(另见E10-E14伴有第四位数.3),diabetic (see also E10-E14 with fourth character.3),E14.3+ H36.0*,0.969184160232544,,,,,
1117,2,微栓塞，视网膜性,"Microembolism, retinal",H34.2,0.9997534155845642,,,,,
1117,2,微小瘤(M8040/1)-见肿瘤，动态未定,"Tumorlet (M8040/1) – see Neoplasm, uncertain behavior",,0.9665220379829407,,,,,
1117,2,微斜视,Microtropia,H50.4,0.9579834342002869,,,,,
1117,2,微血管病，血栓性,"Microangiopathy, thrombotic",M31.1,0.9898138046264648,,,,,
1117,1,wéi 韦,,,0.9993248581886292,,,,,
1117,2,韦伯-奥斯勒综合征[家族性出血性毛细血管扩张],Weber-Osler syndrome,I78.0,0.934642493724823,,,,,
1117,2,韦伯-居布勒综合征[交叉性偏瘫],Weber-Gubler syndrome,I67.9+ G46.3*,0.9684427976608276,,,,,
1117,2,韦伯-科凯恩综合征(大疱性表皮松解症),Weber-Cockayne syndrome (epidermolysis bullosa),Q81.8,0.9997310638427734,,,,,
1117,2,韦伯-莱登综合征,Weber-Leyden syndrome,I67.9+ G46.3*,0.9708335995674133,,,,,
1117,2,韦伯麻痹或综合征,Weber's paralysis or syndrome,I67.9+ G46.3*,0.9703068733215332,,,,,
1117,2,韦德尼希-霍夫曼,Werdnig-Hoffmann,,0.9999873042106628,,,,,
1117,3,病或综合征[婴儿型脊髓性肌萎缩],disease or syndrome,G12.0,0.9991388320922852,,,,,
1117,3,萎缩，肌肉的,"atrophy, muscular",G12.0,0.996649980545044,,,,,
1117,2,韦尔波疝[股血管前股疝]-见疝，股,"Velpeau's hernia - see Hernia, femoral",,0.9762976169586182,,,,,
1117,2,韦尔霍夫病[特发性血小板减少性紫癜],Werlhof's disease,D69.3,0.9993122816085815,,,,,
1117,2,韦尔内综合征,Vernet's syndrome,G52.7,0.9613125920295715,,,,,
1117,2,韦尔斯病[嗜酸细胞性蜂窝织炎],Wells' disease,L98.3,0.9870594143867493,,,,,
1117,2,韦弗综合征,Weaver's syndrome,Q87.3,0.9999561309814453,,,,,
1117,2,韦格纳肉芽肿病或韦格纳综合征,Wegener's granulomatosis or syndrome,M31.3,0.9975363612174988,,,,,
1117,3,伴有累及肺,with lung involvement,M31.3+ J99.1*,0.9886711835861206,,,,,
1118,2,韦纳伊病(梅毒性滑囊炎),Verneuil's disease (syphilitic bursitis),A52.7+ M73.1*,0.991055965423584,,,,,
1118,2,韦尼克,Wernicke's,,0.9999087452888489,,,,,
1118,3,病或综合征,disease or syndrome,E51.2+ G32.8*,0.9814889430999756,,,,,
1118,3,发育性失语,developmental aphasia,F80.2,0.9957290887832642,,,,,
1118,3,脑病,encephalopathy,E51.2+ G32.8*,0.9731942415237427,,,,,
1118,3,脑灰质炎，上,"polioencephalitis, superior",E51.2+ G32.8*,0.9709050059318542,,,,,
1118,2,韦尼克-波萨达病,Wernicke-Posada disease,B38.7,0.9837735891342163,,,,,
1118,2,韦斯-现译名魏斯,Weiss,,0.9899336695671082,,,,,
1118,2,韦斯特法尔-施特伦佩尔综合征[肝豆状核变性],Westphal-Strümpell syndrome,E83.0,0.999802827835083,,,,,
1118,2,韦斯特综合征,West's syndrome,G40.4,0.9676492810249329,,,,,
1118,1,wéi 违,,,0.9997954964637756,,,,,
1118,2,违法犯罪(少年),Delinquency (juvenile),F91.8,0.9987079501152039,,,,,
1118,3,集体,group,F91.2,0.980032205581665,,,,,
1118,3,神经症性,neurotic,F92.8,0.9781297445297241,,,,,
1118,1,wéi 维,,,0.9996405839920044,,,,,
1118,2,维持性,Maintenance,,0.9999760985374451,,,,,
1118,3,化疗 NEC,chemotherapy NEC,Z51.2,0.9521763920783997,,,,,
1118,4,肿瘤,neoplasm,Z51.1,0.9566647410392761,,,,,
1118,3,牵引NEC,traction NEC,Z47.8,0.9520875811576843,,,,,
1118,3,外固定NEC,external fixation NEC,Z47.8,0.9625391364097595,,,,,
1118,2,维达尔病[慢性单纯性苔癣],Vidal's disease,L28.0,0.9994534254074097,,,,,
1118,2,维尔纳病或维尔纳综合征[成人过早衰老],Werner's disease or syndrome,E34.8,0.9956008791923523,,,,,
1118,2,维护(对),Attention (to),,0.9996687769889832,,,,,
1118,3,缝线,sutures,Z48.0,0.9771403670310974,,,,,
1118,3,回肠造口,ileostomy,Z43.2,0.9845388531684875,,,,,
1118,3,结肠造口,colostomy,Z43.3,0.9613075852394104,,,,,
1118,3,尿道造口,urethrostomy,Z43.6,0.9693409204483032,,,,,
1118,3,膀胱造口,cystostomy,Z43.5,0.9510360956192017,,,,,
1118,3,气管造口,tracheostomy,Z43.0,0.9571468234062195,,,,,
1118,3,人工,artificial,,0.9784074425697327,,,,,
1118,4,阴道,vagina,Z43.7,0.9529982209205627,,,,,
1118,4,造口,opening (of),Z43.9,0.9232045412063599,,,,,
1118,5,泌尿道NEC,urinary tract NEC,Z43.6,0.9330860376358032,,,,,
1118,5,特指NEC,specified NEC,Z43.8,0.9415432810783386,,,,,
1118,5,消化道NEC .,digestive tract NEC,Z43.4,0.9607565402984619,,,,,
1118,3,肾造口,nephrostomy,Z43.6,0.9586958885192871,,,,,
1118,3,手术敷料,surgical dressings,Z48.0,0.9797255396842957,,,,,
1118,3,输尿管造口,ureterostomy,Z43.6,0.9883139729499817,,,,,
1118,3,胃造口,gastrostomy,Z43.1,0.9993655681610107,,,,,
1119,2,维拉雷综合征,Villaret's syndrome,G52.7,0.9874269962310791,,,,,
1119,2,维勒布兰德-尤尔根斯血小板紊乱,Willebrand-Jurgens thrombopathy,D68.0,0.9936808347702026,,,,,
1119,2,维利格-亨特病或综合征,Willige-Hunt disease or syndrome,G23.1,0.9999073147773743,,,,,
1119,2,维生素C缺乏症(性),"Scorbutus, Scurvy, Scorbutic",E54,0.9649766683578491,,,,,
1119,3,佝偻病,rickets,E54+ M90.8*,0.9792237877845764,,,,,
1119,3,贫血,anemia,D53.2,0.9585275650024414,,,,,
1119,3,龈,gum,E54+ K93.8*,0.9864981174468994,,,,,
1119,3,婴儿,infantile,E54,0.9804531335830688,,,,,
1119,2,维生素B₁₂选择性吸收不良综合征,Imerslund(-Gräsbeck) syndrome,D51.1,0.9632791876792908,,,,,
1119,2,维生素过多症(饮食性) NEC,Hypervitaminosis (dietary) NEC,E67.8,0.9727509021759033,,,,,
1119,3,A,A,E67.0,0.9938897490501404,,,,,
1119,4,对突然过量的反应,reaction to sudden overdose,T45.2,0.9925010800361633,,,,,
1119,3,B₆,B6,E67.2,0.8995487689971924,,,,,
1119,3,D,D,E67.3,0.9861377477645874,,,,,
1119,4,对突然过量的反应,reaction to sudden overdose,T45.2,0.9632864594459534,,,,,
1119,3,K,K,E67.8,0.991751492023468,,,,,
1119,4,过量或给错或服错,overdose or wrong substance given or taken,T45.7,0.9833618402481079,,,,,
1119,3,由于维生素制剂的过度给药或服用(慢性),from excessive administration or use of vitamin preparations (chronic),E67.8,0.9897488951683044,,,,,
1119,4,对突然过量的反应,reaction to sudden overdose,T45.2,0.9841564297676086,,,,,
1119,2,"维生素缺乏(病)(多发性NEC)(另见 缺乏,维生素)","Avitaminosis, Hypovitaminosis, Vitamin deficiency (multiple NEC) (see also Deficiency, vitamin)",E56.9,0.9675720930099487,,,,,
1119,3,A,A,E50.9,0.9926798939704895,,,,,
1119,1,wěi 尾,,,0.931474506855011,,,,,
1119,2,尾骨的 - 见情况,Coccyx - see condition,,0.9790416359901428,,,,,
1119,2,尾骨痛,"Coccydynia, coccygodynia",M53.3,0.9996628165245056,,,,,
1119,1,wěi 萎,,,0.9956116676330566,,,,,
1119,2,萎黄病[绿色贫血],"Chlorosis, Green sickness",D50.8,0.9982609748840332,,,,,
1119,3,埃及,Egyptian,B76.9+ D63.8*,0.9622228741645813,,,,,
1119,3,矿工,miner's,B76.9+ D63.8*,0.9877365231513977,,,,,
1119,2,萎缩,"Atrophy, atrophic, Atrophia",,0.9926307797431946,,,,,
1119,3,白色(斑块状)(米利安),blanche (en plaque) (of Milian),L95.0,0.9834018349647522,,,,,
1119,3,斑疹性(皮肤病性),macular (dermatological),L90.8,0.9842811226844788,,,,,
1119,4,梅毒性，皮肤,"syphilitic, skin",A51.3+ L99.8*,0.9730189442634583,,,,,
1119,5,纹状,striated,A52.7+ L99.8*,0.9691845178604126,,,,,
1119,3,瘢痕,scar,L90.5,0.9482274651527405,,,,,
1119,3,半侧颜面,hemifacial,Q67.4,0.9727205634117126,,,,,
1119,4,龙贝格[单侧面神经萎缩],Romberg,G51.8,0.9790116548538208,,,,,
1119,3,鼻甲,turbinate,J34.8,0.9927449226379395,,,,,
1120,3,鼻咽,nasopharynx,J31.1,0.963026762008667,,,,,
1120,3,肠,intestine,K63.8,0.9665635824203491,,,,,
1120,3,唇,lip,K13.0,0.9517425298690796,,,,,
1120,3,大脑-见萎缩，脑,"cerebral - see Atrophy, brain",,0.9925742745399475,,,,,
1120,3,胆囊，胆囊管,"gallbladder, cystic duct",K82.8,0.9854974150657654,,,,,
1120,3,胆总管(肝总管),bile duct (common) (hepatic),K83.8,0.9753119349479675,,,,,
1120,3,德热里纳-托马斯[橄榄体脑桥小脑萎缩],Déjerine-Thomas,G23.8,0.993166983127594,,,,,
1120,3,迪谢内-阿朗[脊髓性肌萎缩],Duchenne-Aran,G12.2,0.976466953754425,,,,,
1120,3,动脉硬化性-见动脉硬化,arteriosclerotic - see Arteriosclerosis,,0.9907903671264648,,,,,
1120,3,多个腺体,pluriglandular,E31.8,0.9588706493377686,,,,,
1120,4,自身免疫性,autoimmune,E31.0,0.9932152628898621,,,,,
1120,3,多关节炎,polyarthritis,M15.9,0.9987095594406128,,,,,
1120,3,多系统(脑)[CNS],multiple system (brain)(CNS),G90.3,0.9897952079772949,,,,,
1120,3,耳,ear,H93.8,0.949439525604248,,,,,
1120,3,肺(老年性),lung (senile),J98.4,0.9647331237792969,,,,,
1120,3,附睾,epididymis,N50.8,0.9731405377388,,,,,
1120,3,肝(黄色),liver (yellow),K72.9,0.9700422286987305,,,,,
1120,4,急性，亚急性,"acute, subacute",K72.0,0.9921598434448242,,,,,
1120,4,慢性,chronic,K72.1,0.9389013648033142,,,,,
1120,3,橄榄体脑桥小脑,olivopontocerebellar,G23.8,0.9739764332771301,,,,,
1120,3,睾丸,testis,N50.0,0.9561785459518433,,,,,
1120,3,宫颈(粘膜)(老年性)(子宫),cervix (mucosa) (senile) (uteri),N88.8,0.9535689949989319,,,,,
1120,4,绝经期,menopausal,N95.8,0.9918792247772217,,,,,
1120,3,骨(老年性)NEC,bone (senile) NEC,M89.8,0.9617553949356079,,,,,
1120,4,由于,due to,,0.7822093963623047,,,,,
1120,5,脊髓痨(神经源性),tabes dorsalis (neurogenic),A52.1+ M90.2*,0.9719749689102173,,,,,
1120,3,海绵体,corpus cavernosum,N48.8,0.9949980974197388,,,,,
1120,3,虹膜(特发性)(进行性),iris (essential) (progressive),H21.2,0.9805953502655029,,,,,
1120,3,喉,larynx,J38.7,0.9401330947875977,,,,,
1120,3,喉炎，感染性,"laryngitis, infective",J37.0,0.995542049407959,,,,,
1120,3,黄色(另见衰竭，肝),"yellow (see also Failure, hepatic)",K72.9,0.997854471206665,,,,,
1120,3,肌病性NEC,myopathic NEC,M62.5,0.959455132484436,,,,,
1120,3,肌肉,"muscle, muscular",M62.5,0.9614685773849487,,,,,
1120,4,迪谢内-阿朗[脊髓性肌萎缩],Duchenne-Aran,G12.2,0.968476414680481,,,,,
1120,4,腓侧,peroneal,G60.0,0.9787720441818237,,,,,
1120,4,脊髓病性-见萎缩，肌肉，脊柱,"myelopathic - see Atrophy, muscle, spinal",,0.9671385288238525,,,,,
1120,4,脊髓性,spinal,G12.9,0.9495224952697754,,,,,
1120,5,成人型,adult form,G12.1,0.9788460731506348,,,,,
1120,5,儿童期型，Ⅱ型,"childhood form, type II",G12.1,0.9978376030921936,,,,,
1120,5,肩腓型,scapuloperoneal form,G12.1,0.9428539872169495,,,,,
1120,4,进行性,progressive,G12.2,0.9853728413581848,,,,,
1120,5,特指的NEC,specified NEC,G12.8,0.9739960432052612,,,,,
1121,5,遗传性 NEC,hereditary NEC,G12.1,0.9264758229255676,,,,,
1121,5,婴儿型，Ⅰ型(韦德尼希-霍夫曼),"infantile, type I (Werdnig-Hoffmann)",G12.0,0.9855613112449646,,,,,
1121,5,幼年型，Ⅲ型(库格尔贝格-韦兰德),"juvenile form, type III (Kugelberg-Welander)",G12.1,0.9617753624916077,,,,,
1121,5,远侧,distal,G12.1,0.934207558631897,,,,,
1121,4,假肥大性,pseudohypertrophic,G71.0,0.9618505835533142,,,,,
1121,4,进行性(延髓性)(脊柱),progressive (bulbar) (spinal),G12.2,0.9685283303260803,,,,,
1121,4,梅毒性,syphilitic,A52.7+ M63.8*,0.9760488271713257,,,,,
1121,4,弥漫性,diffuse,M62.5,0.9648566842079163,,,,,
1121,4,全身性,general,M62.5,0.957879364490509,,,,,
1121,4,神经病性(腓侧)(进行性),neuropathic (peroneal) (progressive),G60.0,0.9842479228973389,,,,,
1121,4,神经炎性,neuritic,G58.9,0.9668419361114502,,,,,
1121,4,原发性(特发性),primary (idiopathic),M62.5,0.9744182825088501,,,,,
1121,4,肢(下)(上),limb (lower) (upper),M62.5,0.9575042128562927,,,,,
1121,3,脊(髓),spinal (cord),G95.8,0.9880951046943665,,,,,
1121,3,脊(柱),spine (column),M48.8,0.9875004291534424,,,,,
1121,3,脊椎(老年性),vertebra (senile),M48.8,0.9905855059623718,,,,,
1121,4,肌肉(另见萎缩，肌肉，脊髓性),"muscular (see also Atrophy, muscle, spinal)",G12.9,0.9789551496505737,,,,,
1121,4,麻痹,paralysis,G12.2,0.981543779373169,,,,,
1121,5,意指进行性肌肉萎缩,meaning progressive muscular atrophy,G12.2,0.9923222661018372,,,,,
1121,5,婴儿(另见脊髓灰质炎，麻痹性),"infantile (see also Poliomyelitis, paralytic)",A80.3,0.9897401332855225,,,,,
1121,3,颊窝,buccal cavity,K13.7,0.9850251078605652,,,,,
1121,3,甲,"nail, unguium",L60.3,0.9900031089782715,,,,,
1121,4,先天性,congenita,Q84.6,0.914225697517395,,,,,
1121,3,甲状(腺)(后天性),thyroid (gland) (acquired),E03.4,0.9688090085983276,,,,,
1121,4,伴有呆小病,with cretinism,E03.1,0.9692080020904541,,,,,
1121,4,先天性(伴有粘液水肿),congenital (with myxedema),E03.1,0.97934490442276,,,,,
1121,3,假肥大性(肌肉),pseudohypertrophic (muscle),G71.0,0.9941694736480713,,,,,
1121,3,睑板眶壁筋膜，先天性,"tarso-orbital fascia, congenital",Q10.3,0.991936445236206,,,,,
1121,3,结膜(老年性),conjunctiva (senile),H11.8,0.9672771096229553,,,,,
1121,3,睫状体,ciliary body,H21.2,0.9513112306594849,,,,,
1121,3,精囊，精索,"seminal vesicle, spermatic cord",N50.8,0.9833053350448608,,,,,
1121,3,眶,orbit,H05.3,0.9701870083808899,,,,,
1121,3,莱伯视神经(遗传性),Leber's optic (hereditary),H47.2,0.9656522274017334,,,,,
1121,3,阑尾,appendix,K38.8,0.9645453095436096,,,,,
1121,3,朗杜齐-德热里纳,Landouzy-Déjerine,G71.0,0.9739447832107544,,,,,
1121,3,老年性,"old age, senile",R54,0.9578191637992859,,,,,
1121,4,皮肤病性,dermatological,L90.8,0.9858308434486389,,,,,
1121,4,由于(非电离)(日光性)辐射,due to radiation (nonionizing) (solar),L57.8,0.9628915190696716,,,,,
1121,4,由于(非电离)(日光性)辐射,due to radiation (nonionizing)(solar),L57.8,0.983245313167572,,,,,
1122,3,泪腺,lacrimal gland,H04.1,0.9910404682159424,,,,,
1122,3,卵巢(老年性),ovary (senile),N83.3,0.980553925037384,,,,,
1122,3,麻痹，弥漫性(进行性),"palsy, diffuse (progressive)",G12.2,0.9941226840019226,,,,,
1122,3,脉络膜(中心性)(斑疹性)(近视性)(视网膜)(老年性),choroid (central) (macular) (myopic) (retina) (senile),H31.1,0.9800218939781189,,,,,
1122,3,脉络膜和视网膜的回旋状,gyrata of choroid and retina,H31.2,0.9930781722068787,,,,,
1122,4,回旋状,gyrate,H31.2,0.9847334027290344,,,,,
1122,3,毛发,hair,L67.8,0.9446882009506226,,,,,
1122,3,面部(皮肤),facial (skin),L90.9,0.9568408727645874,,,,,
1122,3,面肩肱,facioscapulohumeral,G71.0,0.9976090788841248,,,,,
1122,3,脑(皮质)(进行性)(另见变性，脑),"brain (cortex) (progressive) (see also Degeneration, brain)",G31.9,0.9920092225074768,,,,,
1122,4,局限性,circumscribed,G31.0,0.9782514572143555,,,,,
1122,5,引起痴呆,dementia in,G31.0+ F02.0*,0.9585911631584167,,,,,
1122,4,老年性NEC,senile NEC,G31.1,0.9470421075820923,,,,,
1122,4,早老性 NEC,presenile NEC,G31.8,0.9503219723701477,,,,,
1122,5,引起痴呆,dementia in,G31.8+ F02.8*,0.9709556698799133,,,,,
1122,3,脑叶硬化,"sclerosis, lobar (of brain)",G31.0,0.9623421430587769,,,,,
1122,4,引起痴呆,dementia in,G31.0+ F02.0*,0.9697781801223755,,,,,
1122,3,膀胱,bladder,N32.8,0.9661574959754944,,,,,
1122,4,神经源性,neurogenic,N31.8,0.970504879951477,,,,,
1122,3,皮肤(斑)(点),skin (patches) (spots),L90.9,0.9552121162414551,,,,,
1122,4,变性性(老年性),degenerative (senile),L90.8,0.9853783249855042,,,,,
1122,4,老年性,senile,L90.8,0.9932463765144348,,,,,
1122,4,由于(非电离)(日光性)辐射,due to radiation (nonionizing) (solar),L57.8,0.9730860590934753,,,,,
1122,3,皮肤老年性,cutis senilis,L90.8,0.9737962484359741,,,,,
1122,4,由于辐射,due to radiation,L57.8,0.9631757140159607,,,,,
1122,3,皮下,subcutaneous,L90.9,0.9933549761772156,,,,,
1122,3,皮质(另见萎缩，脑),"cortical (see also Atrophy, brain)",G31.9,0.9853999614715576,,,,,
1122,3,脾(老年性),spleen (senile),D73.0,0.9864988923072815,,,,,
1122,3,气管,trachea,J39.8,0.9710617065429688,,,,,
1122,3,前列腺,prostate,N42.2,0.964450478553772,,,,,
1122,3,鞘膜,tunica vaginalis,N50.8,0.9990863800048828,,,,,
1122,3,全身性，影响中枢神经系统,"systemic, affecting central nervous system",,0.9986220002174377,,,,,
1122,4,见于,in,,0.8099757432937622,,,,,
1122,5,粘液水肿,myxedema,E03.9+ G13.2*,0.9704656600952148,,,,,
1122,5,肿瘤疾病NEC(M8000/1)(另见 肿瘤),neoplastic disease NEC (M8000/1) (see also Neoplasm),D48.9+ G13.1*,0.9693438410758972,,,,,
1122,3,乳房,breast,N64.2,0.9939872026443481,,,,,
1122,4,产褥期、产后,"puerperal, postpartum",O92.2,0.9357971549034119,,,,,
1122,3,软骨(感染性)(关节),cartilage (infectional) (joint),M94.8,0.9632536172866821,,,,,
1122,3,腮腺,parotid gland,K11.0,0.9996280670166016,,,,,
1122,3,上呼吸道,upper respiratory tract,J39.8,0.9976788759231567,,,,,
1123,3,舌(老年性),tongue (senile),K14.8,0.9884529113769531,,,,,
1123,4,乳头,papillae,K14.4,0.9682148694992065,,,,,
1123,3,舌下腺,sublingual gland,K11.0,0.9976215958595276,,,,,
1123,3,神经-另见疾患，神经,"nerve - see also Disorder, nerve",,0.990900993347168,,,,,
1123,4,动眼,oculomotor,H49.0,0.9871848821640015,,,,,
1123,4,滑车,trochlear,H49.1,0.981979250907898,,,,,
1123,4,颅,cranial,,0.7869738936424255,,,,,
1123,5,第二(视),second (optic),H47.2,0.93133944272995,,,,,
1123,5,第三(动眼),third (oculomotor),H49.0,0.9733604788780212,,,,,
1123,5,第四(滑车),fourth (trochlear),H49.1,0.9725952744483948,,,,,
1123,5,第六((外)展),sixth (abducens),H49.2,0.948426365852356,,,,,
1123,4,视(乳头黄斑束),optic (papillomacular bundle),H47.2,0.9865577816963196,,,,,
1123,5,梅毒性(晚期),syphilitic (late),A52.1+ H48.0*,0.9749258756637573,,,,,
1123,6,先天性,congenital,A50.4+ H48.0*,0.9591110348701477,,,,,
1123,4,展,abducens,H49.2,0.9764429330825806,,,,,
1123,3,神经源性，骨，脊髓痨性,"neurogenic, bone, tabetic",A52.1+ M90.2*,0.9745118021965027,,,,,
1123,3,肾(老年性)(终末期)(另见硬化，肾),"kidney, renal (senile) (terminal) (see also Sclerosis, renal)",N26,0.9799439907073975,,,,,
1123,4,伴有高血压(另见高血压，肾性),"with hypertension (see also Hypertension, kidney)",I12.9,0.9738178253173828,,,,,
1123,4,肾积水的,hydronephrotic,N13.3,0.9885990619659424,,,,,
1123,5,伴有感染,with infection,N13.6,0.9854896068572998,,,,,
1123,4,先天性或婴儿,congenital or infantile,Q60.5,0.9652277231216431,,,,,
1123,5,单侧,unilateral,Q60.3,0.9245794415473938,,,,,
1123,5,双侧,bilateral,Q60.4,0.9724382162094116,,,,,
1123,3,肾上腺,"drenal, suprarenal (capsule) (gland) E",E27.4,0.9747608304023743,,,,,
1123,4,原发性,primary,E27.1,0.9727744460105896,,,,,
1123,3,失用性NEC,disuse NEC,M62.5,0.9771407246589661,,,,,
1123,3,视网膜(感染后),"retina, retinal (postinfectional)",H35.8,0.9905061721801758,,,,,
1123,3,输精管,vas deferens,N50.8,0.9894028902053833,,,,,
1123,3,输卵管(老年性),"fallopian tube, oviduct (senile)",N83.3,0.9803014993667603,,,,,
1123,3,条纹状(皮肤),striate (skin),L90.6,0.9841117858886719,,,,,
1123,4,梅毒性,syphilitic,A52.7+ L99.8*,0.9864590764045715,,,,,
1123,3,外阴(老年性),vulva (senile),N90.5,0.9864333271980286,,,,,
1123,3,胃,"gastric, stomach",K29.4,0.9925606846809387,,,,,
1123,3,胃肠,gastrointestinal,K63.8,0.9933780431747437,,,,,
1123,3,无牙牙槽嵴,edentulous alveolar ridge,K08.2,0.9750726222991943,,,,,
1123,3,下颌下腺,submandibular gland,K11.0,0.9917580485343933,,,,,
1123,3,夏科-马里-图思[进行性神经性肌萎缩],Charcot-Marie-Tooth,G60.0,0.9994142055511475,,,,,
1123,3,涎腺,salivary gland,K11.0,0.9928138256072998,,,,,
1123,3,腺性,glandular,I89.8,0.9753304719924927,,,,,
1123,3,小肠,enteric,K63.8,0.9071047902107239,,,,,
1123,3,小脑-见萎缩，脑,"cerebellar - see Atrophy, brain",,0.9688412547111511,,,,,
1124,3,心肌，心脏(另见变性，心肌),"myocardium, cardiac (see also Degeneration, myocardial)",I51.5,0.9629871249198914,,,,,
1124,3,胸腺(脂肪性),thymus (fatty),E32.8,0.9904029965400696,,,,,
1124,3,血管性,vascular,I99,0.9737335443496704,,,,,
1124,3,牙槽突或牙槽嵴(无牙),alveolar process or ridge (edentulous),K08.2,0.9860087037086487,,,,,
1124,3,咽,pharynx,J39.2,0.9710292816162109,,,,,
1124,3,眼睑(老年性),eyelid (senile),H02.7,0.9611678719520569,,,,,
1124,3,眼球,"eyeball, globe",H44.5,0.9720324277877808,,,,,
1124,3,胰(腺)(老年性),pancreas (duct) (senile),K86.8,0.9709247350692749,,,,,
1124,3,阴道(老年性),vagina (senile),N95.2,0.9862284064292908,,,,,
1124,3,阴茎,penis,N48.8,0.943623423576355,,,,,
1124,3,阴囊,scrotum,N50.8,0.975761353969574,,,,,
1124,3,龈,gum,K06.0,0.9461967349052429,,,,,
1124,3,婴儿麻痹，急性(另见脊髓灰质炎，麻痹性),"infantile paralysis, acute (see also Poliomyelitis, paralytic)",A80.3,0.9969768524169922,,,,,
1124,3,脂肪(性)，胸(腺),"fatty, thymus (gland)",E32.8,0.9578064680099487,,,,,
1124,3,子宫(老年性),"uterus, uterine (senile)",N85.8,0.9609161615371704,,,,,
1124,4,宫颈,cervix,N88.8,0.9371985197067261,,,,,
1124,4,由于辐射(预期效应),due to radiation (intended effect),N85.8,0.976705014705658,,,,,
1124,5,有害效应或意外事故,adverse effect or misadventure,N99.8,0.9788646697998047,,,,,
1124,3,子宫肌层(老年性),myometrium (senile),N85.8,0.9788287281990051,,,,,
1124,4,宫颈,cervix,N88.8,0.9626884460449219,,,,,
1124,3,子宫内膜(老年性),endometrium (senile),N85.8,0.9769741892814636,,,,,
1124,4,宫颈,cervix,N88.8,0.9617929458618164,,,,,
1124,3,祖德克[创伤后骨质疏松],Sudeck's,M89.0,0.9914054274559021,,,,,
1124,2,萎缩卵,Blighted ovum,O02.0,0.9745548963546753,,,,,
1124,2,萎缩纹(皮肤),"Striae albicantes, atrophicae or distensae (cutis)",L90.6,0.9897862672805786,,,,,
1124,2,萎陷[塌陷],Collapse,R55,0.9991034269332886,,,,,
1124,3,瓣膜-见心内膜炎,valvular – see Endocarditis,,0.92710280418396,,,,,
1124,3,鼻,nose,M95.0,0.952358067035675,,,,,
1124,3,肺(大量)(另见肺不张),lung (massive) (see also Atelectasis),J98.1,0.9689671993255615,,,,,
1124,4,由于(全身)(局部)麻醉或其他镇静剂引起的压迫,pressure due to anesthesia (general) (local) or other sedation,T88.2,0.9625077247619629,,,,,
1124,5,产后，产褥期,"postpartum, puerperal",O89.0,0.9653517603874207,,,,,
1124,5,妊娠中,in pregnancy,O29.0,0.9594275951385498,,,,,
1124,5,在产程和分娩中,during labor and delivery,O74.1,0.9647530317306519,,,,,
1124,3,肺(另见肺不张),pulmonary (see also Atelectasis),J98.1,0.9847399592399597,,,,,
1124,3,膜迷路(先天性),"labyrinth, membranous (congenital)",Q16.5,0.9838926792144775,,,,,
1124,3,神经,nervous,F48.8,0.9870732426643372,,,,,
1124,3,外耳道,external ear canal,H61.3,0.9786507487297058,,,,,
1124,3,心肌-见病，心脏,"myocardial – see Disease, heart",,0.9352396726608276,,,,,
1125,3,血管(周围),vascular (peripheral),R57.9,0.9827837347984314,,,,,
1125,4,大脑,cerebral,I64,0.927607536315918,,,,,
1125,4,胎儿或新生儿,fetus or newborn,P29.8,0.9675599336624146,,,,,
1125,4,在产程和分娩中或以后,during or after labor and delivery .,O75.1,0.9696537256240845,,,,,
1125,5,影响到胎儿或新生儿,affecting fetus or newborn,P03.8,0.984549880027771,,,,,
1125,1,wèi 未,,,0.9999290108680725,,,,,
1125,2,未闭-另见不完全，闭合,"Patent - see also Imperfect, closure",,0.983565092086792,,,,,
1125,3,第二孔房间隔[继发孔型房间隔缺损],ostium secundum,Q21.1,0.9774585366249084,,,,,
1125,3,动脉导管或博塔洛管,ductus arteriosus or botalli,Q25.0,0.9989029169082642,,,,,
1125,3,房间隔,interauricular septum,Q21.1,0.9973931312561035,,,,,
1125,3,宫颈,cervix,N88.3,0.9822747111320496,,,,,
1125,4,并发于妊娠,complicating pregnancy,O34.3,0.9089450836181641,,,,,
1125,5,影响到胎儿或新生儿,affecting fetus or newborn,P01.0,0.9875136613845825,,,,,
1125,3,孔,foramen,,0.8346229791641235,,,,,
1125,4,博塔洛,botalli,Q21.1,0.9759833216667175,,,,,
1125,4,卵圆,ovale,Q21.1,0.9421258568763733,,,,,
1125,3,口(子宫)-见未闭，宫颈,"os (uteri) - see Patent, cervix",,0.9703547358512878,,,,,
1125,3,卵黄管,vitelline duct,Q43.0,0.9957180023193359,,,,,
1125,3,努克管,canal of Nuck,Q52.4,0.9742586016654968,,,,,
1125,3,脐肠系膜管,omphalomesenteric duct,Q43.0,0.9947416186332703,,,,,
1125,3,脐尿管,urachus,Q64.4,0.9680293202400208,,,,,
1125,2,未成熟,"Immaturity, Premature, Prematurity, Rudimentary",,0.9970124959945679,,,,,
1125,3,反应,reaction,F61,0.8827739357948303,,,,,
1125,3,胎儿或新生儿(28整周或以上但小于37整周),fetus or newborn (28 completed weeks or more but less than 37 completed weeks),P07.3,0.9934354424476624,,,,,
1125,4,低体重儿-见低体重儿,light-for-dates - see Light-for-dates,,0.9768679738044739,,,,,
1125,4,肺,"lungs, pulmonary",P28.0,0.968876838684082,,,,,
1125,3,极度(小于28整周),extreme (less than 28 completed weeks),P07.2,0.9656777381896973,,,,,
1125,4,器官或部位NEC-见发育不全,organ or site NEC - see Hypoplasia,,0.9900487661361694,,,,,
1125,3,先天性(另见缺如),congenital (see also Agenesis),,0.995123028755188,,,,,
1125,3,臂,arm,Q71.9,0.9704785346984863,,,,,
1125,3,髌骨,patella,Q74.1,0.9524199962615967,,,,,
1125,3,耳垂,lobule of ear,Q17.3,0.9118296504020691,,,,,
1125,3,宫颈,cervix uteri,Q51.8,0.8898144960403442,,,,,
1125,3,气管支气管,tracheal bronchus,Q32.4,0.9779989123344421,,,,,
1125,3,眼,eye,Q11.2,0.9365788698196411,,,,,
1125,3,阴道,vagina,Q52.0,0.967021644115448,,,,,
1125,3,子宫,uterus,Q51.8,0.9387197494506836,,,,,
1125,4,男性中,in male,Q56.1,0.9763088226318359,,,,,
1125,3,"性(女性)(男性),青春期后","sexual (female) (male), after puberty",E30.0,0.9726880788803101,,,,,
1126,2,未发育(另见发育不全),"Undeveloped, Nondevelopment (see also Hypoplasia)",,0.9920264482498169,,,,,
1126,3,大脑(先天性),cerebral (congenital),Q02,0.9861271381378174,,,,,
1126,3,肺,lung,Q33.6,0.9412552714347839,,,,,
1126,3,睾丸,testis,E29.1,0.9834092259407043,,,,,
1126,3,脑(先天性),brain (congenital),Q02,0.987011730670929,,,,,
1126,4,部分,part of,Q04.3,0.909352719783783,,,,,
1126,3,器官或部位，先天性NEC-见发育不全,"organ or site, congenital NEC - see Hypoplasia",,0.9933298230171204,,,,,
1126,3,心脏,heart,Q24.8,0.962204098701477,,,,,
1126,3,子宫,uterus,E30.0,0.9282236695289612,,,,,
1126,2,未关闭-另见不完全，闭合,"Nonclosure - see also Imperfect, closure",,0.9956663250923157,,,,,
1126,3,动脉导管(博塔洛),ductus arteriosus (botalli),Q25.0,0.9966698884963989,,,,,
1126,3,孔,foramen,,0.9459007978439331,,,,,
1126,4,博塔洛,botalli,Q21.1,0.987087070941925,,,,,
1126,4,卵圆,ovale,Q21.1,0.9521787166595459,,,,,
1126,2,未见恐惧主诉,Feared complaint unfounded,Z71.1,0.9998699426651001,,,,,
1126,2,未降-另见错位，先天性,"Undescended - see also Malposition, congenital",,0.9905471205711365,,,,,
1126,3,睾丸,testicle,Q53.9,0.9693163633346558,,,,,
1126,4,单侧,unilateral,Q53.1,0.9431240558624268,,,,,
1126,4,双侧,bilateral,Q53.2,0.966979444026947,,,,,
1126,3,结肠,colon,Q43.3,0.9631965160369873,,,,,
1126,3,盲肠,cecum,Q43.3,0.9874386191368103,,,,,
1126,2,未扩张，肺(新生儿),"Nonexpansion, lung (newborn) .",P28.0,0.9737963676452637,,,,,
1126,2,未特指原因的,Unspecified cause,,0.9999356269836426,,,,,
1126,3,疾病,morbidity,R69,0.9072865843772888,,,,,
1126,3,死亡,mortality,R99,0.9700930714607239,,,,,
1126,2,未下降(先天性)-另见错位，先天性,"Nondescent (congenital) - see also Malposition, congenital",,0.9974839091300964,,,,,
1126,3,睾丸,testicle,Q53.9,0.9485348463058472,,,,,
1126,4,单侧,unilateral,Q53.1,0.9328392744064331,,,,,
1126,4,双侧,bilateral,Q53.2,0.9248462319374084,,,,,
1126,2,未衔接,Nonengagement,,0.9998982548713684,,,,,
1126,3,胎头 NEC,head NEC,O32.4,0.9347951412200928,,,,,
1126,4,分娩中，引起梗阻性分娩,"in labor, causing obstructed labor",O64.8,0.9580150246620178,,,,,
1126,2,未旋转-见旋转不良,Nonrotation - see Malrotation,,0.9958247542381287,,,,,
1126,2,未诊断的(病),Undiagnosed (disease),R69,0.9990215301513672,,,,,
1126,1,wèi 位,,,0.9999341368675232,,,,,
1126,2,位置,Position,,0.9999626874923706,,,,,
1126,3,胎儿，异常(另见先露，胎儿),"fetus, abnormal (see also Presentation, fetal)",O32.9,0.9616104364395142,,,,,
1126,3,牙，不当,"teeth, faulty",K07.3,0.9901221394538879,,,,,
1126,2,位置觉缺失,Topagnosis,R20.8,0.9599083065986633,,,,,
1127,1,wèi 味,,,,,,,,
1127,2,味觉倒错,Parageusia,R43.2,0.9713426828384399,,,,,
1127,3,心因性,psychogenic,F45.8,0.9697778820991516,,,,,
1127,2,味觉缺失,Ageusia,R43.2,0.9825660586357117,,,,,
1127,2,味觉障碍,Dysgeusia,R43.2,0.9819633364677429,,,,,
1127,1,wèi 畏,,,0.914603054523468,,,,,
1127,2,畏光,Photophobia,H53.1,0.9405208826065063,,,,,
1127,1,wèi 胃,,,0.9213833808898926,,,,,
1127,2,胃癌(M8010/3)-见肿瘤，恶性，胃,"Gastrocarcinoma (M8010/3) - see Neoplasm, malignant, stomach",,0.99257892370224,,,,,
1127,2,胃病性胃液缺乏,Achylia gastrica,K31.8,0.9947524666786194,,,,,
1127,3,心因性,psychogenic,F45.3,0.9924298524856567,,,,,
1127,2,胃肠病(另见胃肠炎),Gastroenteropathy (see also Gastroenteritis),A09.9,0.9994910359382629,,,,,
1127,3,急性，由于诺沃克组(病毒),"acute, due to Norwalk agent",A08.1,0.9871346950531006,,,,,
1127,3,传染性,infectious,A09.0,0.9947806000709534,,,,,
1127,3,非传染性,noninfectious,K52.9,0.9812596440315247,,,,,
1127,2,胃肠的 - 见情况,Gastrointestinal - see condition,,0.9625822901725769,,,,,
1127,2,胃肠石,Bezoar,T18.9,0.955083966255188,,,,,
1127,2,胃肠下垂,Gastroenteroptosis,K63.4,0.9997508525848389,,,,,
1127,2,胃肠炎(急性)(另见小肠炎),Gastroenteritis (acute) (see also Enteritis),A09.9,0.9853099584579468,,,,,
1127,3,慢性(非传染性),chronic (noninfectious),K52.9,0.984161376953125,,,,,
1127,3,伴有败血症 NEC,with septicemia NEC,A09.0,0.9672175645828247,,,,,
1127,3,变应性,allergic,K52.2,0.973724365234375,,,,,
1127,3,病毒性,viral,A08.4,0.9551507234573364,,,,,
1127,4,急性传染性,acute infectious,A08.3,0.9811565279960632,,,,,
1127,4,流行性,epidemic,A08.1,0.9931966662406921,,,,,
1127,5,诺沃克型,type Norwalk,A08.1,0.9710901975631714,,,,,
1127,4,轮状病毒性,rotaviral,A08.0,0.9882622957229614,,,,,
1127,4,诺沃克组,Norwalk agent,A08.1,0.9722787737846375,,,,,
1127,4,特指类型NEC,specified type NEC,A08.3,0.9834794402122498,,,,,
1127,4,严重的，婴儿的,"severe, of infants",A08.3,0.9719558358192444,,,,,
1127,4,婴儿(急性),infantile (acute),A08.3,0.9656663537025452,,,,,
1127,3,传染性(另见小肠炎，传染性),"infectious (see also Enteritis, infectious)",A09.0,0.9964473843574524,,,,,
1127,3,非传染性,noninfectious,K52.9,0.9694944620132446,,,,,
1127,4,特指的NEC,specified NEC,K52.8,0.9728332757949829,,,,,
1127,3,非细菌性，婴儿期的,"nonbacterial, of infancy",A08.5,0.9701287746429443,,,,,
1127,3,流行性,epidemic,A09.0,0.9821493625640869,,,,,
1127,3,轮状病毒性,rotaviral,A08.0,0.9635434150695801,,,,,
1127,3,脓毒性,septic,A09.0,0.9464767575263977,,,,,
1128,3,沙门菌,Salmonella,A02.0,0.9973578453063965,,,,,
1128,3,食物过敏性,food hypersensitivity,K52.2,0.9859498143196106,,,,,
1128,3,嗜酸细胞性,eosinophilic,K52.8,0.9815316200256348,,,,,
1128,3,饮食性,dietetic,K52.2,0.9577382802963257,,,,,
1128,3,由于,due to,,0.9350058436393738,,,,,
1128,4,辐射,radiation,K52.0,0.9252475500106812,,,,,
1128,4,"食物中毒(另见中毒[2],食物中毒)","food poisoning (see also Intoxication, foodborne)",A05.9,0.9790831208229065,,,,,
1128,4,隐孢子虫,Cryptosporidium,A07.2,0.9839603304862976,,,,,
1128,3,中毒性,toxic,K52.1,0.9564695358276367,,,,,
1128,2,胃出血,Gastrorrhagia,K92.2,0.9540360569953918,,,,,
1128,3,心因性,psychogenic,F45.3,0.9794047474861145,,,,,
1128,2,胃的 - 见情况,"Gastric, Stomach – see condition",,0.8671791553497314,,,,,
1128,2,胃结肠的 - 见情况,Gastrocolic - see condition,,0.9572982788085938,,,,,
1128,2,胃痉挛(神经源性)(反射),Gastrospasm (neurogenic) (reflex),K31.8,0.992146909236908,,,,,
1128,3,神经症性,neurotic,F45.3,0.9525886178016663,,,,,
1128,3,心因性,psychogenic,F45.3,0.9659346342086792,,,,,
1128,2,胃空肠的—见情况,Gastrojejunal - see condition,,0.9311381578445435,,,,,
1128,2,胃空肠结肠的-见情况,Gastrojejunocolic - see condition,,0.9616500735282898,,,,,
1128,2,胃空肠炎，非传染性(另见小肠炎),"Gastrojejunitis, noninfectious (see also Enteritis)",K52.9,0.9956291913986206,,,,,
1128,2,胃扩张,Gastrectasis,K31.8,0.9509567618370056,,,,,
1128,3,心因性,psychogenic,F45.3,0.9858835935592651,,,,,
1128,2,胃泌素瘤(M8153/1),Gastrinoma (M8153/1),,0.9998355507850647,,,,,
1128,3,恶性(M8153/3),malignant (M8153/3),,0.9613196849822998,,,,,
1128,4,特指部位NEC-见肿瘤，恶性,"specified site NEC – see Neoplasm, malignant",,0.9677825570106506,,,,,
1128,4,未特指部位,unspecified site,C25.4,0.9749879240989685,,,,,
1128,4,胰腺,pancreas,C25.4,0.9666725993156433,,,,,
1128,3,特指部位-见肿瘤，动态未定,"specified site – see Neoplasm, uncertain behavior",,0.9741266369819641,,,,,
1128,3,未特指部位,unspecified site,D37.7,0.9966135621070862,,,,,
1128,2,胃内毛团,Hairball in stomach,T18.2,0.9908219575881958,,,,,
1128,2,胃气胀,Bloating,R14,0.9926347136497498,,,,,
1128,2,胃切除术后倾倒综合征,Postgastrectomy dumping syndrome,K91.1,0.9901337027549744,,,,,
1128,2,胃软化,Gastromalacia,K31.8,0.9981547594070435,,,,,
1128,2,胃渗血,Gastrostaxis,K92.2,0.9782381057739258,,,,,
1128,2,胃十二指肠炎,Gastroduodenitis,K29.9,0.9635134339332581,,,,,
1128,3,病毒性,"virus, viral",A08.4,0.975578784942627,,,,,
1128,4,特指类型 NEC,specified type NEC,A08.3,0.9807165861129761,,,,,
1128,2,胃石,Gastroliths,K31.8,0.9889877438545227,,,,,
1128,2,胃酸(高)(低),"Acidity, gastric (high) (low)",K31.8,0.9823729395866394,,,,,
1128,3,心因性,psychogenic,F45.3,0.995479166507721,,,,,
1128,2,胃酸不足,"Subacidity, gastric",K31.8,0.9886090159416199,,,,,
1128,3,心因性,psychogenic,F45.3,0.9978139400482178,,,,,
1129,2,胃酸过多(胃的),"Hyperacidity, Hyperchlorhydria (gastric)",K31.8,0.9905571341514587,,,,,
1129,3,神经症性,neurotic,F45.3,0.9727897644042969,,,,,
1129,3,心因性,psychogenic,F45.3,0.9499082565307617,,,,,
1129,2,胃酸过少,"Hypoacidity, Hypochlorhydria, gastric",K31.8,0.9696007966995239,,,,,
1129,3,神经症性,neurotic,F45.3,0.9795719981193542,,,,,
1129,3,心因性,psychogenic,F45.3,0.9890831708908081,,,,,
1129,2,胃酸缺乏(性)(神经源性),"Achlorhydria, achlorhydric, Anacidity gastric (neurogenic)",K31.8,0.9929951429367065,,,,,
1129,3,腹泻,diarrhea,K31.8,0.9560649394989014,,,,,
1129,3,继发于迷走神经切断术,secondary to vagotomy,K91.1,0.9970303773880005,,,,,
1129,3,贫血,anemia,D50.8,0.9560981392860413,,,,,
1129,3,心因性,psychogenic,F45.3,0.9656145572662354,,,,,
1129,2,胃痛,"Gastralgia, Gastrodynia",R10.1,0.9990946054458618,,,,,
1129,3,心因性,psychogenic,F45.4,0.9708206653594971,,,,,
1129,2,胃狭窄,Gastrostenosis,K31.8,0.9900638461112976,,,,,
1129,2,胃下垂,Gastroptosis,K31.8,0.98960942029953,,,,,
1129,2,胃炎(单纯性),Gastritis (simple),K29.7,0.9683254957199097,,,,,
1129,3,急性(糜烂性),acute (erosive),K29.1,0.9705447554588318,,,,,
1129,4,出血性,hemorrhagic,K29.0,0.9719787836074829,,,,,
1129,3,慢性(窦)(底),chronic (antral) (fundal),K29.5,0.9799203276634216,,,,,
1129,4,浅表性,superficial,K29.3,0.9952176809310913,,,,,
1129,4,萎缩性,atrophic,K29.4,0.9889848828315735,,,,,
1129,3,变应性,allergic,K29.6,0.9799506664276123,,,,,
1129,3,病毒性 NEC,viral NEC,A08.4,0.9427108764648438,,,,,
1129,3,肥大性(粘膜),hypertrophic (mucosa),K29.6,0.9843941926956177,,,,,
1129,3,结核性,tuberculous,A18.8+ K93.8*,0.9850097894668579,,,,,
1129,3,酒精性,alcoholic,K29.2,0.9924964308738708,,,,,
1129,3,巨大肥厚性,giant hypertrophic,K29.6,0.9979674816131592,,,,,
1129,3,肉芽肿性,granulomatous,K29.6,0.9747783541679382,,,,,
1129,3,神经性,nervous,F54,0.9566550850868225,,,,,
1129,3,嗜酸细胞性,eosinophilic,K52.8,0.987623393535614,,,,,
1129,3,特指的 NEC,specified NEC,K29.6,0.9696608185768127,,,,,
1129,3,萎缩性(慢性),atrophic (chronic),K29.4,0.9730204939842224,,,,,
1129,3,饮食咨询和监督,dietary counseling and surveillance,Z71.3,0.9666418433189392,,,,,
1129,3,由于营养缺乏,due to nutritional deficiency,E63.9+ K93.8*,0.9942295551300049,,,,,
1129,2,胃液分泌过多(持续性)(间歇性),"Gastrosuccorrhea, Hyperchylia gastrica (continuous) (intermittent)",K31.8,0.9967029690742493,,,,,
1129,3,神经症性,neurotic,F45.3,0.9493000507354736,,,,,
1129,3,心因性,psychogenic,F45.3,0.9946476817131042,,,,,
1129,2,胃造口,Gastrostomy,,0.9998383522033691,,,,,
1129,3,维护,attention to,Z43.1,0.9855645895004272,,,,,
1129,3,状态,status,Z93.1,0.992691695690155,,,,,
1129,2,胃灼热[吞酸嘈杂],"Brash (water), Heartburn, Pyrosis",R12,0.9691307544708252,,,,,
1129,3,心因性,psychogenic,F45.3,0.9728108644485474,,,,,
1130,1,wèi 喂,,,0.9697986841201782,,,,,
1130,2,喂养,Feeding,,0.999883770942688,,,,,
1130,3,不当,faulty,R63.3,0.903753936290741,,,,,
1130,3,不合适,improper,R63.3,0.9251378774642944,,,,,
1130,3,常规检查(婴儿),formula check (infant),Z00.1,0.9810169339179993,,,,,
1130,3,困难和照管不当,difficulties and mismanagement,R63.3,0.9968437552452087,,,,,
1130,3,问题,problem,R63.3,0.9723028540611267,,,,,
1130,4,非器质性,nonorganic,F50.8,0.9578045010566711,,,,,
1130,4,新生儿,newborn,P92.9,0.9865219593048096,,,,,
1130,5,特指的NEC,specified NEC,P92.8,0.9881597757339478,,,,,
1130,2,喂养不当,Mismanagement of feeding,R63.3,0.9970435500144958,,,,,
1130,2,喂养不足，新生儿,"Underfeeding, newborn",P92.3,0.9974564909934998,,,,,
1130,2,喂养过量,Overfeeding,R63.2,0.9817585945129395,,,,,
1130,3,新生儿,newborn,P92.4,0.9794611930847168,,,,,
1130,1,wèi 魏,,,0.9997941255569458,,,,,
1130,2,魏尔-马尔凯萨尼综合征,Weil(l)-Marchesani syndrome,Q87.1,0.9900827407836914,,,,,
1130,2,魏尔病[重型钩端螺旋体病],Weil's disease,A27.0,0.9998175501823425,,,,,
1130,2,魏因加滕综合征[热带嗜酸细胞增多],Weingarten's syndrome,J82,0.9935255646705627,,,,,
1130,1,wēn 温,,,0.9655755162239075,,,,,
1130,2,温度,Temperature,,0.9978890419006348,,,,,
1130,3,寒冷，所致创伤,"cold, trauma from",T69.9,0.9959495067596436,,,,,
1130,4,特指的效应NEC,specified effect NEC,T69.8,0.9790636897087097,,,,,
1130,4,新生儿,newborn,P80.0,0.9692569375038147,,,,,
1130,3,身体，高(原因不明),"body, high (of unknown origin)",R50.9,0.9789614081382751,,,,,
1130,1,wén 文,,,0.9483873248100281,,,,,
1130,2,文化适应困难,Acculturation difficulty,Z60.3,0.9999609589576721,,,,,
1130,2,文克巴赫(心脏)传导阻滞或文克巴赫现象,Wenckebach's block or phenomenon,I44.1,0.9951656460762024,,,,,
1130,2,文盲,Illiteracy,Z55.0,0.9991621971130371,,,,,
1130,2,文森-普卢默综合征[缺铁性吞咽困难],Vinson-Plummer syndrome,D50.1,0.9996557831764221,,,,,
1130,2,文身(标记),Tattoo (mark),L81.8,0.9767815470695496,,,,,
1130,2,文字,Word,,0.9995781779289246,,,,,
1130,3,盲(先天性)(发育性),blindness (congenital) (developmental),F81.0,0.9755772948265076,,,,,
1130,1,wén 纹,,,0.951861560344696,,,,,
1130,2,纹,Streak(s),,0.9998688697814941,,,,,
1130,3,黄斑，血管样,"macula, angioid",H35.3,0.9939741492271423,,,,,
1131,1,wěn 吻,,,,,,,,
1131,2,吻合,Anastomosis,,0.9997634887695312,,,,,
1131,3,肠,intestinal,K63.8,0.9949527978897095,,,,,
1131,4,并发 NEC,complicated NEC,K91.8,0.8956078886985779,,,,,
1131,5,涉及泌尿道,involving urinary tract,N99.8,0.9948911070823669,,,,,
1131,3,动静脉，破裂，脑,"arteriovenous, ruptured, brain",I60.8,0.9817317128181458,,,,,
1131,3,动脉瘤性-见动脉瘤,aneurysmal - see Aneurysm,,0.9897787570953369,,,,,
1131,3,视网膜和脉络膜血管(先天性),retinal and choroidal vessels (congenital),Q14.8,0.9905316829681396,,,,,
1131,1,wěn 紊,,,0.9986042976379395,,,,,
1131,2,紊乱-另见病,"Derangement, Disorder (of) - see also Disease",,0.9989984035491943,,,,,
1131,3,β氨基酸代谢,beta-amino-acid metabolism,E72.8,0.9937495589256287,,,,,
1131,3,γ谷氨酰(基)循环,gamma-glutamyl cycle,E72.8,0.9733815789222717,,,,,
1131,3,氨基葡聚糖,glucosaminoglycan,E76.9,0.9917640686035156,,,,,
1131,4,特指的NEC,specified NEC,E76.8,0.992192268371582,,,,,
1131,3,氨基酸,amino-acid,,0.9791221022605896,,,,,
1131,4,代谢NEC(另见障碍，代谢，氨基酸),"metabolism NEC (see also Disturbance, metabolism, amino-acid)",E72.9,0.967475414276123,,,,,
1131,5,特指的NEC,specified NEC,E72.8,0.9846160411834717,,,,,
1131,4,肾转移NEC,renal transport NEC,E72.0,0.9919382929801941,,,,,
1131,4,新生儿，暂时性,"neonatal, transitory",P74.8,0.9863877892494202,,,,,
1131,4,转移NEC,transport NEC,E72.0,0.9817423820495605,,,,,
1131,3,半月板(前角)(后角)(外侧)(内侧),meniscus (anterior horn) (posterior horn) (lateral) (medial),M23.3,0.9929666519165039,,,,,
1131,4,复发性,recurrent,M24.4,0.9726030826568604,,,,,
1131,4,由于陈旧性撕裂或损伤,due to old tear or injury,M23.2,0.98760986328125,,,,,
1131,3,半月软骨(膝内),semilunar cartilage (knee),M23.3,0.9885551929473877,,,,,
1131,4,复发性,recurrent,M24.4,0.9891581535339355,,,,,
1131,3,髌骨，特指的NEC,"patella, specified NEC",M22.3,0.9639756679534912,,,,,
1131,3,丙酸血症,propionic acidemia,E71.1,0.9969151616096497,,,,,
1131,3,丙酮酸盐代谢,pyruvate metabolism,E74.4,0.9948431849479675,,,,,
1131,3,卟啉代谢,porphyrin metabolism,E80.2,0.9819297790527344,,,,,
1131,3,代谢NEC,metabolism NEC,E88.9,0.9389644265174866,,,,,
1131,4,氨,ammonia,E72.2,0.9165758490562439,,,,,
1131,4,氨基酸,amino-acid,E72.9,0.9576161503791809,,,,,
1131,5,芳香类,aromatic,E70.9,0.976975679397583,,,,,
1131,5,载硫,sulfur-bearing,E72.1,0.9797297716140747,,,,,
1131,5,支链,branched-chain,E71.2,0.8883430361747742,,,,,
1131,5,直链,straight-chain,E72.8,0.896445631980896,,,,,
1131,4,半乳糖,galactose,E74.2,0.9336929321289062,,,,,
1131,4,丙酮酸盐,pyruvate,E74.4,0.9466899633407593,,,,,
1131,4,卟啉,porphyrin,E80.2,0.9823706746101379,,,,,
1132,4,操作后,postprocedural,E89.9,0.9685657620429993,,,,,
1132,5,特指的NEC,specified NEC,E89.8,0.9751390814781189,,,,,
1132,4,产程或分娩中,in labor or delivery,O75.8,0.9529664516448975,,,,,
1132,4,胆固醇,cholesterol,E78.9,0.9603578448295593,,,,,
1132,4,胆红素,bilirubin,E80.7,0.9651409387588501,,,,,
1132,5,特指的 NEC,specified NEC,E80.6,0.9229278564453125,,,,,
1132,4,蛋氨酸,methionine,E72.1,0.9407843947410583,,,,,
1132,4,钙,calcium,E83.5,0.9592839479446411,,,,,
1132,4,甘油酸,glycine,E72.5,0.9301950335502625,,,,,
1132,4,高胱氨酸,homocystine,E72.1,0.9261870980262756,,,,,
1132,4,谷酰胺,glutamine,E72.8,0.9685714840888977,,,,,
1132,4,瓜氨酸,citrulline,E72.2,0.9350562691688538,,,,,
1132,4,胱硫醚,cystathionine,E72.1,0.985029399394989,,,,,
1132,4,果糖,fructose,E74.1,0.9201647639274597,,,,,
1132,4,精氨(基)琥珀酸,arginosuccinic acid,E72.2,0.9875732660293579,,,,,
1132,4,精氨酸,arginine,E72.2,0.9791717529296875,,,,,
1132,4,矿物质,mineral,E83.9,0.9491903185844421,,,,,
1132,5,特指的 NEC,specified NEC,E83.8,0.9514876008033752,,,,,
1132,4,亮氨酸,leucine,E71.1,0.9661765098571777,,,,,
1132,4,赖氨酸,lysine,E72.3,0.9349711537361145,,,,,
1132,4,酪氨酸,tyrosine,E70.2,0.9393718838691711,,,,,
1132,4,磷,phosphorus,E83.3,0.9417679905891418,,,,,
1132,4,流产后,following abortion,O08.5,0.9163480997085571,,,,,
1132,4,镁,magnesium,E83.4,0.9184665679931641,,,,,
1132,4,嘧啶,pyrimidine,E79.9,0.9911083579063416,,,,,
1132,5,特指的NEC,specified NEC,E79.8,0.9692167639732361,,,,,
1132,4,钠 NEC,sodium NEC,E87.8,0.955195426940918,,,,,
1132,4,鸟氨酸,ornithine,E72.4,0.9571163654327393,,,,,
1132,4,尿素循环,urea cycle,E72.2,0.985883891582489,,,,,
1132,4,嘌呤,purine,E79.9,0.9829249978065491,,,,,
1132,5,特指的NEC,specified NEC,E79.8,0.9789793491363525,,,,,
1132,4,羟赖氨酸,hydroxylysine,E72.3,0.9737212657928467,,,,,
1132,4,全身性,general,E88.9,0.9703994989395142,,,,,
1132,4,色氨酸,tryptophan,E70.8,0.9873688817024231,,,,,
1132,4,丝氨酸,serine,E72.8,0.9474283456802368,,,,,
1132,4,苏氨酸[β-羟丁氨酸],threonine,E72.8,0.987224817276001,,,,,
1132,4,碳水化合物,carbohydrate,E74.9,0.9788081049919128,,,,,
1132,5,特指的NEC,specified NEC,E74.8,0.9772031307220459,,,,,
1132,4,糖胺聚糖[粘多糖],glycosaminoglycan,E76.9,0.9769418835639954,,,,,
1132,5,特指的NEC,specified NEC,E76.8,0.9763543009757996,,,,,
1133,4,糖蛋白,glycoprotein,E77.9,0.9348587989807129,,,,,
1133,5,特指的NEC,specified NEC,E77.8,0.9631196856498718,,,,,
1133,4,特指的NEC,specified NEC,E88.8,0.9574216604232788,,,,,
1133,4,铁,iron,E83.1,0.9415953755378723,,,,,
1133,4,铜,copper,E83.0,0.9102484583854675,,,,,
1133,4,先天性,congenital,E88.9,0.9794548153877258,,,,,
1133,4,缬氨酸,valine,E71.1,0.9827562570571899,,,,,
1133,4,新生儿，暂时性,"neonatal, transitory",P74.9,0.9893875122070312,,,,,
1133,5,钙和镁,calcium and magnesium,P71.9,0.9809894561767578,,,,,
1133,6,特指类型 NEC,specified type NEC,P71.8,0.9611300230026245,,,,,
1133,5,碳水化合物代谢,carbohydrate metabolism,P70.9,0.9639464020729065,,,,,
1133,6,特指类型NEC,specified type NEC,P70.8,0.9517326951026917,,,,,
1133,5,特指的 NEC,specified NEC,P74.8,0.9431559443473816,,,,,
1133,4,锌,zinc,E83.2,0.945976197719574,,,,,
1133,4,血浆蛋白 NEC,plasma protein NEC,E88.0,0.952805757522583,,,,,
1133,4,异亮氨酸,isoleucine,E71.1,0.9649894833564758,,,,,
1133,4,在产程和分娩中,in labor and delivery,O75.8,0.9804694056510925,,,,,
1133,4,脂样,lipoid,E78.9,0.9241014122962952,,,,,
1133,4,脂蛋白,lipoprotein,E78.9,0.9730663299560547,,,,,
1133,5,特指的 NEC,specified NEC,E78.8,0.9198042154312134,,,,,
1133,4,脂样,lipoid,E78.9,0.9607510566711426,,,,,
1133,4,直链氨基酸,amino-acid straight-chain,E72.8,0.9911713004112244,,,,,
1133,4,组氨酸,histidine,E70.8,0.9288698434829712,,,,,
1133,3,电解质(平衡) NEC,electrolyte (balance) NEC,E87.8,0.9465183615684509,,,,,
1133,3,芳香类氨基酸代谢,aromatic amino-acid metabolism,E70.9,0.9745224714279175,,,,,
1133,4,特指的NEC,specified NEC,E70.8,0.966711163520813,,,,,
1133,3,甘油酸代谢,glycine metabolism,E72.5,0.9904084801673889,,,,,
1133,3,高缬氨酸-异亮氨酸血症,hyperleucine-isoleucinemia,E71.1,0.9689199924468994,,,,,
1133,3,高缬氨酸血症,hypervalinemia,E71.1,0.9838374257087708,,,,,
1133,3,功能性，多形核中性粒细胞,"functional, polymorphonuclear neutrophils",D71,0.9931776523590088,,,,,
1133,3,关节(内),joint (internal),M24.9,0.9855382442474365,,,,,
1133,4,复发性,recurrent,M24.4,0.9794167280197144,,,,,
1133,4,肩,shoulder,M24.9,0.9544890522956848,,,,,
1133,4,近期损伤(另见脱位),current injury (see also Dislocation),T14.3,0.9941189289093018,,,,,
1133,5,膝，软骨或半月板,"knee, cartilage or meniscus",S83.2,0.984441339969635,,,,,
1133,4,颞下颌,temporomandibular,K07.6,0.977684497833252,,,,,
1133,4,特指的NEC,specified NEC,M24.8,0.9904059767723083,,,,,
1133,4,膝,knee,M23.9,0.9473326206207275,,,,,
1133,5,近期损伤,current injury,S83.2,0.9917244911193848,,,,,
1133,5,特指的NEC,specified NEC,M23.8,0.9600634574890137,,,,,
1133,4,肘,elbow,M24.9,0.9255144000053406,,,,,
1133,3,果糖代谢,fructose metabolism,E74.1,0.9527319073677063,,,,,
1134,3,激素,hormones,E34.9,0.9582499265670776,,,,,
1134,3,肩(内),shoulder (internal),M24.9,0.9962006211280823,,,,,
1134,4,近期损伤(另见 脱位，肩),"current injury (see also Dislocation, shoulder)",S43.0,0.9426702260971069,,,,,
1134,3,赖氨酸和羟赖氨酸代谢,lysine and hydroxylysine metabolism,E72.3,0.9978318214416504,,,,,
1134,3,嘧啶代谢,pyrimidine metabolism,E79.9,0.9966142773628235,,,,,
1134,3,鸟氨酸代谢,ornithine metabolism,E72.4,0.9574392437934875,,,,,
1134,3,尿素循环代谢,urea cycle metabolism,E72.2,0.9968641996383667,,,,,
1134,3,嘌呤代谢,purine metabolism,E79.9,0.990463137626648,,,,,
1134,3,平衡,balance,,0.9285556077957153,,,,,
1134,4,电解质,electrolyte,E87.8,0.9900727272033691,,,,,
1134,4,酸碱(混合的),acid-base (mixed),E87.4,0.9813545346260071,,,,,
1134,4,液体 NEC,fluid NEC,E87.8,0.9312626719474792,,,,,
1134,3,软骨(关节)NEC,cartilage (articular) NEC,M24.1,0.9869624376296997,,,,,
1134,4,复发性,recurrent,M24.4,0.980423629283905,,,,,
1134,4,膝内，半月板(另见紊乱，半月板),"knee, meniscus (see also Derangement, meniscus)",M23.3,0.9708207845687866,,,,,
1134,5,复发性,recurrent,M24.4,0.9925597906112671,,,,,
1134,3,色氨酸代谢,tryptophan metabolism,E70.8,0.9890976548194885,,,,,
1134,3,碳水化合物,carbohydrate,,0.9973825812339783,,,,,
1134,4,代谢(先天性),metabolism (congenital),E74.9,0.98129802942276,,,,,
1134,5,特指的 NEC,specified NEC,E74.8,0.9439036846160889,,,,,
1134,4,吸收不良，肠的NEC,"absorption, intestinal NEC",E74.3,0.9948447942733765,,,,,
1134,3,糖蛋白代谢,glycoprotein metabolism,E77.9,0.9976068735122681,,,,,
1134,4,特指的NEC,specified NEC,E77.8,0.997512936592102,,,,,
1134,3,糖异生,gluconeogenesis,E74.4,0.9927158355712891,,,,,
1134,3,膝关节内,knee,M23.9,0.9634820818901062,,,,,
1134,4,复发性,recurrent,M24.4,0.9773547649383545,,,,,
1134,4,近期损伤,current injury,S83.2,0.9807132482528687,,,,,
1134,4,特指的 NEC,specified NEC,M23.8,0.9628360867500305,,,,,
1134,3,牙,tooth,,0.9819875359535217,,,,,
1134,4,结构，遗传性NEC,"structure, hereditary NEC",K00.5,0.9941340088844299,,,,,
1134,4,萌出[出牙],eruption,K00.6,0.9796245098114014,,,,,
1134,4,形成,formation,K00.4,0.9468549489974976,,,,,
1134,3,液体平衡,fluid balance,E87.8,0.9503870010375977,,,,,
1134,3,异缬氨酸血症,isovaleric acidemia,E71.1,0.9877561330795288,,,,,
1134,3,月经,menstrual,N92.6,0.9765478372573853,,,,,
1134,4,特指的 NEC,specified NEC,N92.5,0.9440706968307495,,,,,
1134,4,心因性,psychogenic,F45.8,0.9763671159744263,,,,,
1134,3,载硫氨基酸代谢,sulfur-bearing amino-acid metabolism,E72.1,0.9952952265739441,,,,,
1134,3,支链氨基酸代谢,branched-chain amino-acid metabolism,E71.2,0.9693134427070618,,,,,
1134,4,特指的NEC,specified NEC,E71.1,0.9875339269638062,,,,,
1135,3,脂,lipid,,0.9922825694084167,,,,,
1135,4,代谢，先天性,"metabolism, congenital",E78.9,0.9586260914802551,,,,,
1135,4,贮积,storage,E75.6,0.9345254898071289,,,,,
1135,5,特指的NEC,specified NEC,E75.5,0.9900412559509277,,,,,
1135,3,脂蛋白,lipoprotein,,0.9881550669670105,,,,,
1135,4,代谢,metabolism,E78.9,0.9635069370269775,,,,,
1135,5,特指的NEC,specified NEC,E78.8,0.9907963871955872,,,,,
1135,4,缺乏(家族性),deficiency (familial),E78.6,0.9825305342674255,,,,,
1135,3,脂肪酸代谢,fatty acid metabolism,E71.3,0.9741807579994202,,,,,
1135,3,肘(内),elbow (internal),M24.9,0.9859392046928406,,,,,
1135,4,复发性,recurrent,M24.4,0.9874550700187683,,,,,
1135,3,组氨酸代谢,histidine metabolism,E70.8,0.9654019474983215,,,,,
1135,1,wèn 问,,,0.9878783226013184,,,,,
1135,2,问题(有关的)(具有),Problem (related to) (with),,0.9998611211776733,,,,,
1135,3,不充足的教学，影响教育,"inadequate teaching, affecting education",Z55.8,0.9946727156639099,,,,,
1135,3,不定型的养育状况,atypical parenting situation,Z60.1,0.9866845011711121,,,,,
1135,3,不想要的妊娠,unwanted pregnancy,Z64.0,0.9614949822425842,,,,,
1135,3,财政[经济],finance,Z59.9,0.9864429831504822,,,,,
1135,4,"特指的""NEC",specified NEC,Z59.8,0.9682813286781311,,,,,
1135,3,冲突或不和(与),conflict or discord (with),,0.9952937960624695,,,,,
1135,4,顾问,counsellor,Z64.4,0.965152382850647,,,,,
1135,4,雇主[领导],employer,Z56.4,0.9862239360809326,,,,,
1135,4,家庭,family,Z63.9,0.9524162411689758,,,,,
1135,5,特指的NEC,specified NEC,Z63.8,0.9525681138038635,,,,,
1135,4,监督缓刑犯的官员,probation officer,Z64.4,0.9843586087226868,,,,,
1135,4,老板[领导],boss,Z56.4,0.9875158667564392,,,,,
1135,4,老师,teachers,Z55.4,0.9415079951286316,,,,,
1135,4,社会工作者,social worker,Z64.4,0.9548073410987854,,,,,
1135,4,同事,workmates,Z56.4,0.9506906867027283,,,,,
1135,4,同学,classmates,Z55.4,0.9759979248046875,,,,,
1135,3,独自生活,living alone,Z60.2,0.993320643901825,,,,,
1135,3,读写能力,literacy,Z55.9,0.982087254524231,,,,,
1135,4,低水平,low level,Z55.0,0.9761027097702026,,,,,
1135,4,特指的NEC,specified NEC,Z55.8,0.9760560393333435,,,,,
1135,3,儿童,child,,0.9931829571723938,,,,,
1135,4,监护或抚养的诉讼程序,custody or support proceedings,Z65.3,0.9859011769294739,,,,,
1135,4,虐待(影响到孩子),abuse (affecting the child),Z61.6,0.9828550815582275,,,,,
1135,3,儿童养育NEC,child-rearing NEC,Z62.9,0.9820890426635742,,,,,
1135,4,特指的NEC,specified NEC,Z62.8,0.9713348150253296,,,,,
1136,3,耳的,ear,H93.9,0.9597552418708801,,,,,
1136,3,发声,voice production,R47.8,0.996712327003479,,,,,
1136,3,房东,landlord,Z59.2,0.9918230175971985,,,,,
1136,3,房客,lodgers,Z59.2,0.9782344102859497,,,,,
1136,3,父母的不适当压力,inappropriate parental pressure,Z62.6,0.9821618795394897,,,,,
1136,3,父母亲,parent,Z63.1,0.9516989588737488,,,,,
1136,3,父母与儿童,parent-child,Z61.9,0.9879772663116455,,,,,
1136,3,个人卫生,personal hygiene,Z91.2,0.9581737518310547,,,,,
1136,3,工作进度(紧张的),work schedule (stressful),Z56.3,0.9958844184875488,,,,,
1136,3,公共机构养育，影响到孩子,"institutionalization, affecting child",Z62.2,0.9961655139923096,,,,,
1136,3,顾问,counsellor,Z64.4,0.9575519561767578,,,,,
1136,3,合法,legal,Z65.3,0.9539108276367188,,,,,
1136,3,婚姻,marital,Z63.0,0.9677214026451111,,,,,
1136,4,涉及,involving,,0.8335038423538208,,,,,
1136,5,离婚,divorce,Z63.5,0.9736053347587585,,,,,
1136,5,性身份,gender identity,F66.2,0.9640627503395081,,,,,
1136,3,活动能力减少,impaired mobility,,0.9738687872886658,,,,,
1136,4,需要提供照顾,requiring care provider,Z74.0,0.9635579586029053,,,,,
1136,4,由于长期卧床,due to prolonged bedrest,R26.3,0.9816229343414307,,,,,
1136,3,家庭中酒精中毒,alcoholism in family,Z63.7,0.9841403961181641,,,,,
1136,3,家中或住处中有病人或残疾人,presence of sick or handicapped person in family or household,Z63.7,0.9776406288146973,,,,,
1136,4,需要照料,needing care,Z63.6,0.9748421907424927,,,,,
1136,3,家中交往,intrafamilial communication,Z63.8,0.9797686338424683,,,,,
1136,3,家族(家庭),primary support group (family),Z63.9,0.9805145263671875,,,,,
1136,4,特指的NEC,specified NEC,Z63.8,0.9725440144538879,,,,,
1136,3,监督缓刑犯的官员,probation officer,Z64.4,0.9644667506217957,,,,,
1136,3,监禁或入狱,imprisonment or incarceration,Z65.1,0.9960792064666748,,,,,
1136,3,监狱释放,release from prison,Z65.2,0.9862197637557983,,,,,
1136,3,交往(发育性),communication (developmental),F80.9,0.9867537617683411,,,,,
1136,3,教育,education,Z55.9,0.9623622894287109,,,,,
1136,4,特指的NEC,specified NEC,Z55.8,0.9796896576881409,,,,,
1136,3,精神,mental,F48.9,0.9442629218101501,,,,,
1136,3,精神病学,psychiatric,F99,0.9950971007347107,,,,,
1136,3,经产,multiparity,Z64.1,0.9695413112640381,,,,,
1136,3,经济,economic,Z59.9,0.983948290348053,,,,,
1136,4,特指的 NEC,specified NEC,Z59.8,0.9531135559082031,,,,,
1136,3,咀嚼,mastication,K08.8,0.9739634394645691,,,,,
1136,3,考试不及格(学校),failed examinations (school),Z55.2,0.9667547941207886,,,,,
1136,3,老年,aged,,0.9306923151016235,,,,,
1136,4,父母亲,parent,Z63.1,0.9740775227546692,,,,,
1136,4,人NEC,person NEC,Z63.8,0.9618937969207764,,,,,
1136,4,姻亲,in-law,Z63.1,0.9516969919204712,,,,,
1137,3,离家，影响到孩子,"removal from home, affecting child",Z61.1,0.9628047347068787,,,,,
1137,3,邻居,neighbor,Z59.2,0.9664981961250305,,,,,
1137,3,领养孩子,adopted child,Z63.8,0.9697824716567993,,,,,
1137,3,泌尿系,urinary,N39.9,0.9443379640579224,,,,,
1137,3,破产,bankruptcy,Z59.8,0.9730664491653442,,,,,
1137,3,亲属，童年,"relationship, childhood",F93.8,0.9857308268547058,,,,,
1137,3,人格,personality,F69,0.9914907813072205,,,,,
1137,3,丧失抵压品赎取权,foreclosure on loan,Z59.8,0.9692341089248657,,,,,
1137,3,社会,social,,0.942907989025116,,,,,
1137,4,工作者,worker,Z64.4,0.964561939239502,,,,,
1137,4,环境,environment,Z60.9,0.9827093482017517,,,,,
1137,5,特指的NEC,specified NEC,Z60.8,0.9820604920387268,,,,,
1137,4,排斥和拒绝,exclusion and rejection,Z60.4,0.9802480340003967,,,,,
1137,3,社会心理,psychosocial,Z65.9,0.9889818429946899,,,,,
1137,4,特指的 NEC,specified NEC,Z65.8,0.9622865915298462,,,,,
1137,3,身份(童年的),identity (of childhood),F93.8,0.9787842035293579,,,,,
1137,3,神经病性 NEC,neurological NEC,R29.8,0.9535316824913025,,,,,
1137,3,生活方式,lifestyle,Z72.9,0.9947828650474548,,,,,
1137,4,不恰当的进食习惯 .,inappropriate eating habits,Z72.4,0.9650858640670776,,,,,
1137,4,赌博,gambling,Z72.6,0.915185272693634,,,,,
1137,4,高危的性行为,high-risk sexual behavior,Z72.5,0.953266441822052,,,,,
1137,4,特指的NEC,specified NEC,Z72.8,0.9760535955429077,,,,,
1137,4,吸烟,tobacco use,Z72.0,0.9834272861480713,,,,,
1137,4,饮酒,alcohol use,Z72.1,0.9692161083221436,,,,,
1137,4,用药,drug use,Z72.2,0.9539358615875244,,,,,
1137,4,自我损害行为 NEC,self-damaging behavior NEC,Z72.8,0.959820032119751,,,,,
1137,3,生活管理,life-management,Z73.9,0.9777643084526062,,,,,
1137,4,特指的 NEC,specified NEC,Z73.8,0.966992199420929,,,,,
1137,3,生活周期转换，调节,"phase-of-life transition, adjustment",Z60.0,0.9915773868560791,,,,,
1137,3,生殖器NEC,genital NEC,,0.9643288254737854,,,,,
1137,4,男性,male,N50.9,0.949908971786499,,,,,
1137,4,女性,female,N94.9,0.9615395665168762,,,,,
1137,3,失去所爱亲属，童年时,loss of love relationship in childhood,Z61.0,0.989728569984436,,,,,
1137,3,失业,unemployment,Z56.0,0.9425089359283447,,,,,
1137,4,威胁,threatened,Z56.2,0.9877043962478638,,,,,
1137,3,视力,sight,H54.9,0.9468578696250916,,,,,
1137,3,适应(对),adjustment (to),,0.9702756404876709,,,,,
1137,4,换工作,change of job,Z56.1,0.9500418305397034,,,,,
1137,4,生活周期转换,life-cycle transition,Z60.0,0.9859055876731873,,,,,
1137,4,退休,retirement,Z60.0,0.9563251733779907,,,,,
1137,4,养老者,pension,Z60.0,0.9709509611129761,,,,,
1137,3,收养儿童,foster child,Z63.8,0.9886876940727234,,,,,
1138,3,胎儿的，影响妊娠处理,"fetal, affecting management of pregnancy",O36.9,0.987472414970398,,,,,
1138,3,听力,hearing,H91.9,0.9484143257141113,,,,,
1138,3,童年时消极生活事件,negative life events in childhood,Z61.9,0.9921703338623047,,,,,
1138,4,离家,removal from home,Z61.1,0.9422473907470703,,,,,
1138,4,身体被虐待(据说),physical abuse (alleged),Z61.6,0.9913403987884521,,,,,
1138,4,失去,loss of,,0.8708478808403015,,,,,
1138,5,所爱亲属,love relationship,Z61.0,0.9813967943191528,,,,,
1138,5,自尊,self-esteem,Z61.3,0.9653328061103821,,,,,
1138,4,受惊吓的经历,frightening experience,Z61.7,0.9765457510948181,,,,,
1138,4,特指的事件NEC,specified event NEC,Z61.8,0.9688876271247864,,,,,
1138,4,童年时家庭关系模式的改变,altered pattern of family relationships,Z61.2,0.9895620942115784,,,,,
1138,4,性虐待(据说)(被),sexual abuse (alleged) (by),,0.9650316834449768,,,,,
1138,5,家族内成员,family member,Z61.4,0.9737223982810974,,,,,
1138,5,家族以外人员,person outside family,Z61.5,0.9887369871139526,,,,,
1138,3,吞咽,swallowing,R13,0.9542222619056702,,,,,
1138,3,外界环境,physicalenvironment,Z58.9,0.9880378842353821,,,,,
1138,4,特指的NEC,specified NEC,Z58.8,0.9620206952095032,,,,,
1138,4,职业性,occupational,Z57.9,0.986217200756073,,,,,
1138,5,特指的NEC,specified NEC,Z57.8,0.9625792503356934,,,,,
1138,3,味觉,taste,R43.8,0.9987431764602661,,,,,
1138,3,喂养,feeding,R63.3,0.9794892072677612,,,,,
1138,4,非器质性,nonorganic,F50.8,0.974463164806366,,,,,
1138,4,新生儿,newborn,P92.9,0.9943826198577881,,,,,
1138,5,进食缓慢,slow,P92.2,0.9537476897239685,,,,,
1138,5,母乳,breast,P92.5,0.9643224477767944,,,,,
1138,5,特指的NEC,specified NEC,P92.8,0.9874098896980286,,,,,
1138,5,喂养不足,underfeeding,P92.3,0.9744982719421387,,,,,
1138,5,喂养过量,overfeeding,P92.4,0.9678929448127747,,,,,
1138,3,卫生保健,health care,Z75.9,0.9780957102775574,,,,,
1138,4,特指的NEC,specified NEC,Z75.8,0.9695042371749878,,,,,
1138,3,文化适应,acculturation,Z60.3,0.9793418645858765,,,,,
1138,3,文盲,illiteracy,Z55.0,0.9904805421829224,,,,,
1138,3,无(未见恐惧主诉),none (feared complaint unfounded),Z71.1,0.9832921028137207,,,,,
1138,3,无家可归,homelessness,Z59.0,0.9839116930961609,,,,,
1138,3,消化,digestive,K92.9,0.9814856052398682,,,,,
1138,3,新的继父母，影响到孩子,"new step-parent, affecting child",Z61.2,0.9953699111938477,,,,,
1138,3,行为(成人),behavioral (adult),F69,0.9738525748252869,,,,,
1138,3,性功能(非器质性),sexual function (nonorganic),F52.9,0.9959229826927185,,,,,
1138,3,性心理(发育性),psychosexual (development),F66.9,0.9983825087547302,,,,,
1138,3,嗅觉,smell,R43.8,0.9802454113960266,,,,,
1138,3,学术,academic,Z55.8,0.9510469436645508,,,,,
1138,3,学习(发育性),learning (developmental),F81.9,0.9939796328544617,,,,,
1139,3,寻求和接受已知是危险和有害的,seeking and accepting known hazardous and harmful,,0.9990405440330505,,,,,
1139,4,化学性、营养性或物理性干预措施,"chemical, nutritional or physical interventions",Z64.2,0.9923390746116638,,,,,
1139,4,行为或心理干预措施,behavioral or psychological interventions,Z64.3,0.9412150382995605,,,,,
1139,3,言语 NEC,speech NEC,R47.8,0.9051709771156311,,,,,
1139,4,发育性,developmental,F80.9,0.9901115298271179,,,,,
1139,3,眼的,eye,H57.9,0.9603123664855957,,,,,
1139,3,养育,upbringing,Z62.9,0.9924267530441284,,,,,
1139,4,特指的NEC,specified NEC,Z62.8,0.981841504573822,,,,,
1139,3,医疗,medical,,0.9593912363052368,,,,,
1139,4,设施,facilities,Z75.9,0.9800461530685425,,,,,
1139,5,特指的 NEC,specified NEC,Z75.8,0.9597647190093994,,,,,
1139,4,照料，在家中,"care, within family",Z63.6,0.977124810218811,,,,,
1139,3,姻亲,in-law,Z63.1,0.9347953200340271,,,,,
1139,3,影响到儿童的同胞弟妹出生,birth of sibling affecting child,Z61.2,0.974384605884552,,,,,
1139,3,影响健康状态 NEC,influencing health status NEC,Z91.8,0.9594533443450928,,,,,
1139,3,语言(发育性),language (developmental),F80.9,0.9828652739524841,,,,,
1139,3,在法定诉讼程序中定罪,conviction in legal proceedings,Z65.0,0.9961262941360474,,,,,
1139,4,伴有监禁,with imprisonment,Z65.1,0.9892518520355225,,,,,
1139,3,在童年时受惊吓的经历,frightening experience(s) in childhood,Z61.7,0.9943474531173706,,,,,
1139,3,在学校成绩落后,underachievement in school,Z55.3,0.9971054792404175,,,,,
1139,3,债权人,creditors,Z59.8,0.9505716562271118,,,,,
1139,3,照料,care (of),,0.994146466255188,,,,,
1139,4,依赖于(照料人员),provider dependency,Z74.9,0.9832760095596313,,,,,
1139,5,特指的 NEC,specified NEC,Z74.8,0.944208025932312,,,,,
1139,4,在家中或住处的病人或残疾人,sick or handicapped person in family or household,Z63.6,0.9860953092575073,,,,,
1139,3,职业性NEC,occupational NEC,Z56.7,0.9571646451950073,,,,,
1139,3,职业选择,career choice,Z56.7,0.9826995730400085,,,,,
1139,3,住房,housing,Z59.9,0.9486011266708374,,,,,
1139,4,不足,inadequate,Z59.1,0.94764244556427,,,,,
1139,4,孤立的,isolated,Z59.8,0.9970868229866028,,,,,
1139,4,特指的NEC,specified NEC,Z59.8,0.9793367385864258,,,,,
1139,1,wēng 翁,,,0.9203969836235046,,,,,
1139,2,翁迪尼呼吸困扰,Ondine's curse,G47.3,0.9999373555183411,,,,,
1139,2,翁弗里希特(-兰德堡)病或癫疯,Unverricht(-Lundborg) disease or epilepsy,G40.3,0.9658663868904114,,,,,
1139,1,wō 窝,,,0.9991097450256348,,,,,
1139,2,窝 - 见情况,Fossa - see condition,,0.883513867855072,,,,,
1139,3,梨状 -见情况,pyriform - see condition,,0.9489915370941162,,,,,
1140,1,wò 沃,,,,,,,,
1140,2,沃-(弗)综合征或沃-(弗)病[出血性肾上腺综合征]±,Waterhouse(-Friderichsen) syndrome or disease (meningococcal),A39.1+ E35.1*,0.9033962488174438,,,,,
1140,2,沃-帕-怀综合征[沃尔夫-帕金森-怀特综合征],Wolff-Parkinson-White syndrome,I45.6,0.9944634437561035,,,,,
1140,2,沃顿管[下颌腺管]的 - 见情况,Wharton's duct - see condition,,0.955192506313324,,,,,
1140,2,沃尔夫-帕金森-怀特-现译名沃-帕-怀,Wolff-Parkinson-White,,0.9995806813240051,,,,,
1140,2,沃尔夫-希绍恩综合征,Wolff-Hirschorn syndrome,Q93.3,0.99998539686203,,,,,
1140,2,沃尔曼病,Wolman's disease,E75.5,0.9827607274055481,,,,,
1140,2,沃克斯筛窦炎或沃克斯综合征,Woakes' ethmoiditis or syndrome,J33.1,0.9852203726768494,,,,,
1140,2,沃森吸虫病,Watsoniasis,B66.8,0.9904756546020508,,,,,
1140,1,wò 卧,,,0.9996089935302734,,,,,
1140,2,卧床不起NEC,Bedfast NEC,R26.3,0.9996994733810425,,,,,
1140,3,需要提供医疗照料,requiring health care provider,Z74.0,0.9881546497344971,,,,,
1140,1,wū 乌,,,0.9986245632171631,,,,,
1140,2,乌尔巴赫-奥本海姆病[糖尿病脂质渐进性坏死],Urbach-Oppenheim disease,L92.1,0.9931365847587585,,,,,
1140,2,乌尔巴赫-维特病[脂蛋白沉积症],Urbach-Wiethe disease,E78.8,0.9998723864555359,,,,,
1140,2,乌尔巴赫脂蛋白沉着症,Urbach's lipoid proteinosis,E78.8,0.9995666146278381,,,,,
1140,2,乌尔里克(-博纳维)(-特纳)综合征,Ullrich(-Bonnevie)(-Turner) syndrome,Q87.1,0.9996811151504517,,,,,
1140,2,乌尔里克-费克蒂格综合征,Ullrich-Feichtiger syndrome,Q87.0,0.9829657077789307,,,,,
1140,1,wū 污,,,0.9992707371711731,,,,,
1140,2,污染，食物(另见中毒[2]，食物中毒),"Contamination, food (see also Intoxication, foodborne)",A05.9,0.9896125793457031,,,,,
1140,1,wú 无,,,0.8833301067352295,,,,,
1140,2,无,"Failed, Absence",,0.9997400045394897,,,,,
1140,3,分裂-另见融合,segmentation - see also Fusion,,0.9780242443084717,,,,,
1140,4,脊椎,vertebra,Q76.4,0.9856706261634827,,,,,
1140,5,伴有脊柱侧弯,with scoliosis,Q76.3,0.979082465171814,,,,,
1140,4,脚趾,toes,Q70.2,0.9730150699615479,,,,,
1140,4,手指,fingers,Q70.0,0.9610192179679871,,,,,
1140,3,乳(完全),lactation (complete),O92.3,0.9662935137748718,,,,,
1140,4,部分,partiai,O92.4,0.9057002663612366,,,,,
1140,3,性高潮(女性)(男性)(心因性),orgasm (female) (male) (psychogenic),F52.3,0.9686084389686584,,,,,
1140,3,阴道，先天性,"vagina, congenital",Q52.0,0.9891024231910706,,,,,
1140,3,月经，青春期(另见闭经，原发性),"menstruation at puberty (see also Amenorrhea, primary)",N91.0,0.9825716614723206,,,,,
1140,3,子宫(后天性),uterus (acquired),Z90.7,0.9636473655700684,,,,,
1140,4,先天性,congenital,Q51.0,0.9543787240982056,,,,,
1141,2,无丙球蛋白血症,Agammaglobulinemia,D80.1,0.9999308586120605,,,,,
1141,3,X连锁(伴有生长激素缺乏)(布鲁顿),X-linked (with growth hormone deficiency) (Bruton),D80.0,0.9937699437141418,,,,,
1141,3,伴有,with,,0.9755040407180786,,,,,
1141,4,淋巴细胞减少,lymphopenia,D81.9,0.9842439889907837,,,,,
1141,4,载有免疫球蛋白的B型淋巴细胞,immunoglobulin-bearing B-lymphocytes,D80.1,0.979738712310791,,,,,
1141,3,布鲁顿X连锁,Bruton's X-linked,D80.0,0.9503770470619202,,,,,
1141,3,常染色体隐性(瑞士型),autosomal recessive (Swiss type),D80.0,0.986839771270752,,,,,
1141,3,非家族性,nonfamilial,D80.1,0.9728280305862427,,,,,
1141,3,后天性(继发性),acquired (secondary),D80.1,0.9629607796669006,,,,,
1141,3,淋巴细胞减少性,lymphopenic,D81.9,0.971316933631897,,,,,
1141,3,普通易变型,common variable (CVAgamma),D80.1,0.959690272808075,,,,,
1141,3,瑞士型(常染色体隐性),Swiss type (autosomal recessive),D80.0,0.9896795749664307,,,,,
1141,3,先天性性连锁,congenital sex-linked,D80.0,0.9777418971061707,,,,,
1141,3,遗传性,hereditary,D80.0,0.9871431589126587,,,,,
1141,2,无胆色素尿性黄疸(家族性)(脾大性)(另见球形红细胞增多症),Acholuric jaundice (familial) (splenomegalic) (see also Spherocytosis),D58.0,0.9682620167732239,,,,,
1141,3,后天性,acquired,D59.8,0.9913197159767151,,,,,
1141,2,无耳垂畸形,Aztec ear,Q17.3,0.9995987415313721,,,,,
1141,2,无睾症,"Anorchia, anorchism, anorchidism",Q55.0,0.9797493815422058,,,,,
1141,2,无功能,Nonfunetioning,,0.999946653842926,,,,,
1141,3,胆囊,gallbladder,K82.8,0.9518248438835144,,,,,
1141,3,迷路,labyrinth,H83.2,0.9502496719360352,,,,,
1141,3,肾(另见衰竭，肾),"kidney (see also Failure, renal)",N19,0.9704031944274902,,,,,
1141,2,无汗症,"Anhidrosis, Anidrosis",L74.4,0.9997531175613403,,,,,
1141,2,无虹膜(先天性),Aniridia (congenital),Q13.1,0.9701127409934998,,,,,
1141,2,无疾病(所见),No disease (found),Z03.9,0.9998021125793457,,,,,
1141,2,无脊髓,Amyelia,Q06.0,0.9777960181236267,,,,,
1141,2,无家可归,Homelessness,Z59.0,0.9976264238357544,,,,,
1141,2,无甲(先天性),Anonychia (congenital),Q84.3,0.9992582201957703,,,,,
1141,3,后天性,acquired,L60.8,0.9649283289909363,,,,,
1141,2,无睑畸形,"Ablepharia, ablepharon",Q10.3,0.9891605377197266,,,,,
1141,2,无晶状体(后天性),Aphakia (acquired),H27.0,0.9992904663085938,,,,,
1141,3,先天性,congenital,Q12.3,0.9880418181419373,,,,,
1141,2,无精子症,Azoospermia,N46,0.9484297037124634,,,,,
1141,2,无菌性的 - 见情况,Aseptic - see condition,,0.9741730690002441,,,,,
1141,2,无力,"Disability, Inertia",,0.9999329447746277,,,,,
1141,3,膀胱(神经源性),"bladder, vesical (neurogenic)",N31.2,0.996947705745697,,,,,
1141,3,胃,stomach,K31.8,0.9946786165237427,,,,,
1141,4,心因性,psychogenic,F45.3,0.9685685038566589,,,,,
1141,3,心脏-见病，心脏,"heart - see Disease, heart",,0.9813663363456726,,,,,
1141,3,子宫收缩，产程期间,"uterus, uterine during labor",O62.2,0.9893368482589722,,,,,
1141,4,继发性,secondary,O62.1,0.97926265001297,,,,,
1141,4,影响到胎儿或新生儿,affecting fetus or newborn,P03.6,0.9896030426025391,,,,,
1141,4,原发性,primary,O62.0,0.9686757922172546,,,,,
1142,2,无颅盖,Acrania,Q00.0,0.9994656443595886,,,,,
1142,2,无脉络膜,Choroideremia,H31.2,0.9966670870780945,,,,,
1142,2,无脑儿，无脑畸形,"Anencephalus, anencephaly",Q00.0,0.9939126968383789,,,,,
1142,3,胎儿(可疑的)，影响妊娠处理,"fetus (suspected), affecting management of pregnancy",O35.0,0.9701254963874817,,,,,
1142,2,无脑回,"Agyria, Lissencephalia, Lissencephaly",Q04.3,0.9575940370559692,,,,,
1142,2,无脑脊髓畸胎,"Amyelencephalus, amyelencephaly",Q00.0,0.9997599720954895,,,,,
1142,2,无尿,Anuria,R34,0.9822447896003723,,,,,
1142,3,操作后,postprocedural,N99.0,0.9850143194198608,,,,,
1142,3,创伤性(挤压后),traumatic (following crushing),T79.5,0.9986432790756226,,,,,
1142,3,后,following,,0.9648191332817078,,,,,
1142,4,流产(随后发生),abortion (subsequent episode),O08.4,0.9548974633216858,,,,,
1142,4,近期发生-见流产,current episode - see Abortion,,0.9353663325309753,,,,,
1142,4,异位妊娠或葡萄胎妊娠,ectopic or molar pregnancy,O08.4,0.9773567318916321,,,,,
1142,3,磺胺,sulfonamide,,0.9650402665138245,,,,,
1142,4,过量或给错或服错上述药物,overdose or wrong substance given or taken,T37.0,0.9683853983879089,,,,,
1142,4,正确适当使用上述药物,correct substance properly administered,R34,0.9648127555847168,,,,,
1142,3,结石性(嵌顿性)(复发性)(另见结石，泌尿道),"calculous (impacted) (recurrent) (see also Calculus, urinary)",N20.9,0.9952579140663147,,,,,
1142,3,新生儿,newborn,P96.0,0.9714926481246948,,,,,
1142,2,无排卵周期,Anovulatory cycle,N97.0,0.9973121285438538,,,,,
1142,2,无膀胱畸形,Acystia,Q64.5,0.9995562434196472,,,,,
1142,2,无脾(先天性),Asplenia (congenital),Q89.0,0.9955962300300598,,,,,
1142,3,手术后,postsurgical,D73.0,0.9903774261474609,,,,,
1142,2,无乳(原发性),Agalactia (primary),O92.3,0.9667666554450989,,,,,
1142,2,无乳房畸形(伴有乳头存在),Amastia (with nipple present),Q83.8,0.9998756051063538,,,,,
1142,3,伴有乳头缺失,with absent nipple,Q83.0,0.999335765838623,,,,,
1142,2,无乳糖酶缺乏症，先天性,"Alactasia, congenital",E73.0,0.9946629405021667,,,,,
1142,3,选择性、继发性或治疗性,"elective, secondary or therapeutic",O92.5,0.9893808364868164,,,,,
1142,2,无舌(先天性),Aglossia (congenital),Q38.3,0.987463653087616,,,,,
1142,2,无舌-无指[趾]畸形综合征,Aglossia-adactylia syndrome,Q87.0,0.9988692402839661,,,,,
1142,2,无生机牙,Nonvital tooth,K04.9,0.999949038028717,,,,,
1142,2,无收缩(心脏)(另见停止，心跳),"Asystole (heart) (see also Arrest, cardiac)",I46.9,0.9878268241882324,,,,,
1142,2,无髓牙,Pulpless tooth,K04.9,0.958850622177124,,,,,
1142,2,无头畸胎,"Acephalia, acephalism, acephalus, acephaly",Q00.0,0.9996249079704285,,,,,
1142,2,无头无臂畸胎,Acephalobrachia monster,Q89.8,0.9981792569160461,,,,,
1142,2,无头无口畸胎,Acephalostomus monster,Q89.8,0.9984943270683289,,,,,
1142,2,无头无手畸胎,Acephalochirus monster,Q89.8,0.9998167753219604,,,,,
1142,2,无头无胸畸形,Acephalothorax,Q89.8,0.9999235272407532,,,,,
1142,2,无头胸上腹畸胎,Acephalogaster,Q89.8,0.9920240640640259,,,,,
1142,2,无显影，胆囊,"Nonvisualization, gallbladder",R93.2,0.9986094832420349,,,,,
1142,2,无纤维蛋白原-见 纤维蛋白原缺乏血症,Afibrinogenemia,,0.9747559428215027,,,,,
1142,2,无心畸胎,"Acardia, acardius",Q89.8,0.9998802542686462,,,,,
1142,2,无心无定形畸胎,Acardiacus amorphus,Q89.8,0.99994295835495,,,,,
1143,2,无性细胞瘤(M9060/3),"Disgerminoma, Dysgerminoma (M9060/3)",,0.9998134970664978,,,,,
1143,3,特指部位-见肿瘤，恶性,"specified site - see Neoplasm, malignant",,0.9969478249549866,,,,,
1143,3,未特指部位,unspecified site,,0.9942799806594849,,,,,
1143,4,男性,male,C62.9,0.9681645631790161,,,,,
1143,4,女性,female,C56,0.963533341884613,,,,,
1143,2,无嗅脑,Arhinencephaly,Q04.1,0.9446110129356384,,,,,
1143,2,无牙症(完全)(部分)(真性),Anodontia (complete) (partial) (vera),K00.0,0.971890389919281,,,,,
1143,3,后天性,acquired,K08.1,0.9730761647224426,,,,,
1143,2,无眼畸胎(先天性)(眼球),"Anophthalmos, anophthalmus (congenital) (globe)",Q11.1,0.9763275980949402,,,,,
1143,3,后天性,acquired,Z90.0,0.9665173888206482,,,,,
1143,2,无月经-现译名闭经,Amenorrhea,,0.9997934699058533,,,,,
1143,2,无诊断(未见恐惧主诉),No diagnosis (feared complaint unfounded),Z71.1,0.9744106531143188,,,,,
1143,2,无肢(畸形),Amelia,Q73.0,0.9713037610054016,,,,,
1143,3,上肢,upper limb,Q71.0,0.9727271795272827,,,,,
1143,3,下肢,lower limb,Q72.0,0.995676577091217,,,,,
1143,2,无转铁蛋白血症，先天性,"Atransferrinemia, congenital",E88.0,0.9979627132415771,,,,,
1143,1,wú 吴,,,0.999631941318512,,,,,
1143,2,吴策线虫(斑氏)侵染,Wuchereria (bancrofti) infestation,B74.0,0.9949653744697571,,,,,
1143,2,吴策线虫病,Wuchereriasis,B74.0,0.9965641498565674,,,,,
1143,1,wǔ 五,,,0.9981036186218262,,,,,
1143,2,五X染色体综合征,Pentasomy X syndrome,Q97.1,0.999498724937439,,,,,
1143,2,五日热,Quintan fever,A79.0,0.9761142730712891,,,,,
1143,2,五胎，影响到胎儿或新生儿,"Quintuplet, affecting fetus or newborn",P01.5,0.9996485710144043,,,,,
1143,3,妊娠,pregnancy,O30.8,0.993484616279602,,,,,
1143,1,wǔ 舞,,,0.999394953250885,,,,,
1143,2,舞蹈病 - 现译名 舞蹈症,Chorea,,0.9317630529403687,,,,,
1143,2,舞蹈徐动症(阵发性),Choreoathetosis (paroxysmal),G25.5,0.9709290266036987,,,,,
1143,2,舞蹈症(重症)(痉挛性),Chorea (gravis) (spasmodic),G25.5,0.9876694083213806,,,,,
1143,3,伴有,with,,0.9530889391899109,,,,,
1143,4,风湿性心脏病(慢性)(非活动性)(静止的)-编码于累及风湿性心脏病情况,rheumatic heart disease (chronic) (inactive) (quiescent) - code to rheumatic heart condition involved,,0.9802827835083008,,,,,
1143,4,累及心脏,heart involvement,I02.0,0.971603512763977,,,,,
1143,5,活动性或急性(在 中的情况),active or acute (conditions in),I01 I02.0,0.9597458839416504,,,,,
1143,3,卒中的,apoplectic,I64,0.9180636405944824,,,,,
1143,3,风湿性(慢性),rheumatic (chronic),I02.9,0.9540930986404419,,,,,
1143,4,伴有累及心脏,with heart involvement,I02.0,0.9860671162605286,,,,,
1144,3,亨廷顿,Huntington's,G10,0.940253734588623,,,,,
1144,3,进行性,progressive,G25.5,0.9610350728034973,,,,,
1144,4,遗传性,hereditary,G10,0.8586478233337402,,,,,
1144,3,老年性,senile,G25.5,0.9167147874832153,,,,,
1144,3,慢性,chronic,G25.5,0.9432712197303772,,,,,
1144,3,偏瘫后的,posthemiplegic,G25.5,0.9735533595085144,,,,,
1144,3,西德纳姆,Sydenham's,I02.9,0.9555130004882812,,,,,
1144,4,伴有累及心脏,with heart involvement,I02.0,0.9564193487167358,,,,,
1144,3,习惯性,habit,F95.8,0.9513583183288574,,,,,
1144,3,小,minor,I02.9,0.9553495049476624,,,,,
1144,4,伴有心脏受累,with heart involvement,I02.0,0.9562768340110779,,,,,
1144,3,药物性,drug-induced,G25.4,0.9805585741996765,,,,,
1144,3,遗传性,hereditary,G10,0.9696454405784607,,,,,
1144,3,癔症性,hysterical,F44.4,0.9221540689468384,,,,,
1144,1,wù 戊,,,0.9994902014732361,,,,,
1144,2,戊糖尿(特发性),Pentosuria (essential),E74.8,0.9783574938774109,,,,,
1144,1,wù 物,,,0.9999648928642273,,,,,
1144,2,物理治疗 NEC,Physical therapy NEC,Z50.1,0.9501498341560364,,,,,
1144,1,wù 误,,,0.9997055530548096,,,,,
1144,2,误差,Error,,0.9997879266738892,,,,,
1144,3,折射性,refractive,H52.7,0.9653604030609131,,,,,
1145,0,X,,,0.5129753351211548,,,,,
1145,1,xī 西,,,0.9995126724243164,,,,,
1145,2,西德纳姆舞蹈症-见舞蹈症，西德纳姆,"Sydenham's chorea – see Chorea, Sydenham's",,0.9801929593086243,,,,,
1145,2,西蒂病[非性病性梅毒],Siti,A65,0.999675452709198,,,,,
1145,2,西尔弗综合征,Silver's syndrome,Q87.1,0.995919406414032,,,,,
1145,2,西非热,West African fever,B50.8,0.986251175403595,,,,,
1145,2,西卡尔综合征,Sicard's syndrome,G52.7,0.9608910083770752,,,,,
1145,2,西门子综合征,Siemens' syndrome,Q82.8,0.9617463946342468,,,,,
1145,2,西蒙斯病或西蒙斯综合征[进行性脂肪营养不良],Simons' disease or syndrome,E88.1,0.9978188276290894,,,,,
1145,2,西蒙兹恶病质或西蒙兹病[全垂体功能减退症],Simmonds' cachexia or disease,E23.0,0.9953527450561523,,,,,
1145,2,西瓦特病或皮肤异色病,Civatte's disease or poikiloderma,L57.3,0.999745786190033,,,,,
1145,1,xī 吸,,,0.9998049736022949,,,,,
1145,2,吸杯分娩 NEC,Ventouse delivery NEC,O81.4,0.9973135590553284,,,,,
1145,3,影响到胎儿或新生儿,affecting fetus or newborn,P03.3,0.9832606315612793,,,,,
1145,2,吸虫NEC(另见侵染，吸虫),"Flukes NEC (see also Infestation, fluke)",B66.9,0.9863654971122742,,,,,
1145,3,肝,liver,B66.3,0.9733904004096985,,,,,
1145,3,血NEC(另见血吸虫病),blood NEC (see also Schistosomiasis),B65.9,0.9955700635910034,,,,,
1145,2,吸虫病(双盘)NEC(另见侵染，吸虫),"Distomiasis, Trematodiasis NEC (see also Infestation, fluke)",B66.9,0.9903746843338013,,,,,
1145,3,肠,intestinal,B66.5,0.8972104787826538,,,,,
1145,3,肺,"lung, pulmonary",B66.4+ J99.8*,0.9314568042755127,,,,,
1145,3,肝,"hepatic, liver",B66.3+ K77.0*,0.9854346513748169,,,,,
1145,4,由于华支睾吸虫,due to Clonorchis sinensis,B66.1+ K77.0*,0.9582839608192444,,,,,
1145,3,血,hemic,B65.9,0.945340096950531,,,,,
1145,2,吸虫侵染NEC(另见侵染，吸虫),"Trematode infestation NEC (see also Infestation, fluke)",B66.9,0.989578366279602,,,,,
1145,2,吸入，误吸,"Aspiration, Inhalation, Inspiration",,0.9903865456581116,,,,,
1145,3,火焰,flame,T27.3,0.9698660373687744,,,,,
1145,3,粘液(另见窒息，粘液),"mucus (see also Asphyxia, mucus)",T17.9,0.9959667921066284,,,,,
1145,4,进入,into,,0.8575081825256348,,,,,
1145,5,鼻，鼻孔,"nose, nostril",T17.1,0.962207555770874,,,,,
1145,4,鼻窦,nasal sinus,T17.0,0.9716646671295166,,,,,
1145,5,肺,lung,T17.8,0.8929896950721741,,,,,
1145,4,喉,larynx,T17.3,0.8887747526168823,,,,,
1145,4,呼吸道,respiratory tract,T17.9,0.9725438952445984,,,,,
1145,5,特指部位 NEC,specified part NEC,T17.8,0.9628806114196777,,,,,
1145,4,气管,trachea,T17.4,0.9258891344070435,,,,,
1146,5,细支气管,bronchioles,T17.8,0.9679458141326904,,,,,
1146,5,咽，咽喉,"pharynx, throat",T17.2,0.9622084498405457,,,,,
1146,5,支气管(主),bronchus (main),T17.5,0.9460240602493286,,,,,
1146,4,新生儿,newborn,P24.1,0.9414820075035095,,,,,
1146,3,气体、烟雾或蒸气,"gas, fumes or vapor",T59.9,0.9950860738754272,,,,,
1146,4,特指的物质-见药物和化学制剂表,specified agent - see Table of drugs and chemicals,,0.9824442863464355,,,,,
1146,3,乳汁(新生儿),milk (newborn),P24.3,0.9462910890579224,,,,,
1146,3,食物或异物(伴有窒息)(另见窒息，食物),"food or foreign body (with asphyxiation) (see also Asphyxia, food)",T17.9,0.9862338304519653,,,,,
1146,3,胎粪(新生儿),meconium (newborn),P24.0,0.9881280660629272,,,,,
1146,3,胎脂(新生儿),vernix caseosa (newborn),P24.8,0.9940525889396667,,,,,
1146,3,炭疽,anthrax,A22.1,0.9354137778282166,,,,,
1146,3,胃内容物或分泌物,stomach contents or secretions,T17.9,0.9983460903167725,,,,,
1146,4,由于(全身)(局部)麻醉或其他镇静剂,due to anesthesia (general) (local) or other sedation,T88.5,0.972989559173584,,,,,
1146,5,产后，产褥期,"postpartum, puerperal",O89.0,0.9643102288246155,,,,,
1146,5,妊娠中,in pregnancy,O29.0,0.9557645320892334,,,,,
1146,5,在产程和分娩中,in labor and delivery,O74.0,0.9678415060043335,,,,,
1146,3,新生儿(吸入)综合征(大量),syndrome of newborn (massive),P24.9,0.9991006851196289,,,,,
1146,4,胎粪,meconium,P24.0,0.9711536765098572,,,,,
1146,3,血液，新生儿,"blood, newborn",P24.2,0.9689887166023254,,,,,
1146,3,烟,smoke,T59.8,0.9721360802650452,,,,,
1146,3,羊水(新生儿),"amniotic fluid, liquor (amnii) (newborn)",P24.1,0.9920088648796082,,,,,
1146,3,液体或呕吐物(另见窒息，食物),"liquid or vomitus (see also Asphyxia, food)",T17.9,0.9828118681907654,,,,,
1146,3,氧化碳,carbon monoxide,T58,0.9467107057571411,,,,,
1146,3,油(引起窒息)(另见窒息，食物),"oil (causing suffocation) (see also Asphyxia, food)",T17.9,0.9913421273231506,,,,,
1146,3,蒸气,steam,T59.9,0.9631872773170471,,,,,
1146,2,吸收,Resorption,,0.999983549118042,,,,,
1146,3,牙(外部)(内部)(病理性)(根),"dental, teeth (external) (internal) (pathological) (roots)",K03.3,0.980097770690918,,,,,
1146,4,槽,alveoli,K08.8,0.9694551229476929,,,,,
1146,2,吸收不良,"Absorption, Malabsorption",K90.9,0.9860178232192993,,,,,
1146,3,半乳糖,galactose,E74.2,0.9984995722770691,,,,,
1146,3,肠,intestinal,K90.9,0.9702230095863342,,,,,
1146,4,特指的 NEC,specified NEC,K90.8,0.9588223695755005,,,,,
1146,3,单糖,monosaccharide,E74.3,0.9992427825927734,,,,,
1146,3,蛋白，障碍,"protein, disturbance",K90.4,0.9744812250137329,,,,,
1146,3,淀粉，障碍,"starch, disturbance",K90.4,0.9866787195205688,,,,,
1146,3,毒性物质-见吸收不良，化学性,"toxic substance - see Absorption, chemical",,0.988709032535553,,,,,
1146,3,钙,calcium,K90.8,0.9817975163459778,,,,,
1147,3,化学性,chemical,T65.9,0.945597767829895,,,,,
1147,4,特指的化学制剂或物质-见药物和化学制剂表,specified chemical or substance - see Table of drugs and chemicals,,0.9816118478775024,,,,,
1147,5,通过胎盘(胎儿或新生儿),through placenta (fetus or newborn),P04.8,0.968980610370636,,,,,
1147,4,产科麻醉或镇痛药,obstetric anesthetic or analgesic drug,P04.0,0.9644086360931396,,,,,
1147,3,环境物质,environmental substance,P04.6,0.9571782946586609,,,,,
1147,4,可疑的，影响妊娠处理,"suspected, affecting management of pregnancy",O35.8,0.9537742733955383,,,,,
1147,4,营养性物质,nutritional substance,P04.5,0.9609915614128113,,,,,
1147,3,母体药物NEC通过胎盘(胎儿或新生儿),maternal medication NEC throughplacenta(fetus or newborn),P04.1,0.9919922947883606,,,,,
1147,3,尿毒症的-见尿毒症,uremic - see Uremia,,0.9782804250717163,,,,,
1147,3,葡萄糖(-半乳糖),glucose(-galactose),E74.3,0.9914135336875916,,,,,
1147,3,乳糖,lactose,E73.9,0.9752742648124695,,,,,
1147,3,双糖,disaccharide,E73.9,0.9934751391410828,,,,,
1147,3,碳水化合物，障碍,"carbohydrate, disturbance",K90.4,0.9925095438957214,,,,,
1147,3,药物NEC(另见 反应，药物),"drug NEC (see also Reaction, drug)",T88.7,0.9542579650878906,,,,,
1147,4,成瘾性,addictive,,0.813824474811554,,,,,
1147,5,通过胎盘(胎儿或新生儿),through placenta (fetus or newborn),P04.4,0.9883196949958801,,,,,
1147,6,可疑的，影响妊娠处理,"suspected, affecting management of pregnancy",O35.5,0.9415552020072937,,,,,
1147,4,通过胎盘(胎儿或新生儿),through placenta (fetus or newborn),P04.1,0.9782177805900574,,,,,
1147,5,产科麻醉或镇痛剂,obstetric anesthetic or analgesic medication,P04.0,0.9723237156867981,,,,,
1147,3,异麦芽糖,isomaltose,E74.3,0.998054027557373,,,,,
1147,3,有害物质-见吸收不良，化学性,"noxious substance - see Absorption, chemical",,0.9966061115264893,,,,,
1147,3,蔗糖,sucrose,E74.3,0.9890204668045044,,,,,
1147,3,脂肪，障碍,"fat, disturbance",K90.4,0.9809474349021912,,,,,
1147,4,胰腺,pancreatic,K90.3,0.9411579966545105,,,,,
1147,3,综合征,syndrome,K90.9,0.9642783999443054,,,,,
1147,4,手术后,postsurgical,K91.2,0.9844980239868164,,,,,
1147,2,吸收障碍- 现译名 吸收不良,Malabsorption,,0.9442535042762756,,,,,
1147,2,吸吮线虫病,Thelaziasis,B83.8,0.9857730865478516,,,,,
1147,2,吸烟,Smoking,,0.9999730587005615,,,,,
1147,3,被动,passive,Z58.7,0.9676920771598816,,,,,
1147,2,吸烟者,Smoker's,,0.9999003410339355,,,,,
1147,3,腭,palate,K13.2,0.9839150905609131,,,,,
1147,3,咽喉,throat,J31.2,0.9637063145637512,,,,,
1147,1,xī 矽,,,0.9982258677482605,,,,,
1147,2,矽肺-现译名硅沉着病,Silicosis,,0.9988939166069031,,,,,
1148,1,xī 希,,,0.99955153465271,,,,,
1148,2,希恩病或希恩综合征[产后全垂体功能减退综合征],Sheehan's disease or syndrome,E23.0,0.9799323081970215,,,,,
1148,2,希尔德(-弗拉托)病[弥漫性硬化],Schilder(-Flatau) disease,G37.0,0.9564236998558044,,,,,
1148,2,希尔德-艾迪生复征,Schilder-Addison complex,E71.3,0.9986242651939392,,,,,
1148,2,希尔登布兰德病[流行性斑疹伤寒],Hildenbrand's disease,A75.0,0.9990732073783875,,,,,
1148,2,希尔施普龙病或巨结肠[先天无神经节性巨结肠],Hirschsprung's disease or megacolon,Q43.1,0.9983446598052979,,,,,
1148,2,希罗德卡缝术，妊娠中,"Shirodkar suture, in pregnancy",O34.3,0.9863035678863525,,,,,
1148,2,希佩尔病,Hippel's disease,Q85.8,0.9827853441238403,,,,,
1148,2,希斯-罗素痢疾,Hiss-Russell dysentery,A03.1,0.9795604348182678,,,,,
1148,2,希斯-维尔纳病[战壕热],His-Werner disease,A79.0,0.9964204430580139,,,,,
1148,1,xī 息,,,0.9995174407958984,,,,,
1148,2,息肉,"Polyp, polypus",,0.9996978640556335,,,,,
1148,3,注：下面未列出的器官或部位的息肉，应编码到所涉及器官或部位之疾病的残余类目。,Note: Polyps of organs or sites that do not appear in the list below should be coded to the residual category for diseases of the organ or site concerned.,,0.9951281547546387,,,,,
1148,3,鼻(粘液性),"nasal, nose (mucous)",J33.9,0.9946926236152649,,,,,
1148,4,腔,cavity,J33.0,0.9135646224021912,,,,,
1148,3,鼻后孔,choanal,J33.0,0.971859872341156,,,,,
1148,3,鼻甲，粘膜,"turbinate, mucous membrane",J33.8,0.9981359839439392,,,,,
1148,3,鼻旁窦,accessory sinus,J33.8,0.9849348068237305,,,,,
1148,3,鼻咽,nasopharyngeal,J33.0,0.9768532514572144,,,,,
1148,3,鼻中隔,septum (nasal),J33.0,0.9881756901741028,,,,,
1148,3,蝶(窦),sphenoidal (sinus),J33.8,0.984222948551178,,,,,
1148,3,窦(旁窦)(筛)(额)(上颌)(蝶),"antrum, sinus(accessory) (ethmoidal) (frontal) (maxillary) (sphenoidal)",J33.8,0.9751652479171753,,,,,
1148,3,额(窦),frontal (sinus),J33.8,0.9883310198783875,,,,,
1148,3,恶性(M8000/3)-见肿瘤，恶性,"malignant (M8000/3) - see Neoplasm, malignant",,0.9868912696838379,,,,,
1148,3,耳(中),ear (middle),H74.4,0.9861394166946411,,,,,
1148,3,肛门，肛(管),"anus, anal (canal)",K62.0,0.9820231199264526,,,,,
1148,3,宫颈,cervix (uteri),N84.1,0.9865944981575012,,,,,
1148,4,粘液性,mucous,N84.1,0.9785913825035095,,,,,
1148,4,在妊娠或分娩中,in pregnancy or childbirth,O34.4,0.9692569971084595,,,,,
1148,5,引起梗阻性分娩,causing obstructed labor,O65.5,0.9607819318771362,,,,,
1148,5,影响到胎儿或新生儿,affecting fetus or newborn,P03.8,0.9900654554367065,,,,,
1148,3,喉(粘液性),larynx (mucous),J38.1,0.9849750399589539,,,,,
1148,3,结肠,colon,K63.5,0.9771882891654968,,,,,
1148,4,腺瘤(M8210/0)-见息肉，腺瘤,"adenomatous (M8210/0) - see Polyp, adenomatous",,0.9841252565383911,,,,,
1148,4,炎性,inflammatory,K51.4,0.9816648960113525,,,,,
1148,3,尿道,urethra,N36.2,0.9584741592407227,,,,,
1149,3,女性生殖道,female genital tract,N84.9,0.9888786673545837,,,,,
1149,4,特指的 NEC,specified NEC,N84.8,0.974165678024292,,,,,
1149,3,膀胱(M8120/1),bladder (M8120/1),D41.4,0.957928478717804,,,,,
1149,3,脐，新生儿,"umbilical, newborn",P83.6,0.9597764015197754,,,,,
1149,3,筛(窦),ethmoidal (sinus),J33.8,0.9679180979728699,,,,,
1149,3,上颌窦,maxillary (sinus),J33.8,0.955213725566864,,,,,
1149,3,声带(粘液性),vocal cord (mucous),J38.1,0.9780566096305847,,,,,
1149,3,十二指肠,duodenum,K31.7,0.978178083896637,,,,,
1149,3,输卵管,"fallopian tube, oviduct",N84.8,0.9553931951522827,,,,,
1149,3,输尿管,ureter,N28.8,0.9638586044311523,,,,,
1149,3,胎盘,placenta,O90.8,0.9568894505500793,,,,,
1149,3,外阴,vulva,N84.3,0.9646245837211609,,,,,
1149,3,胃,stomach,K31.7,0.9543773531913757,,,,,
1149,4,腺瘤(M8210/0)-见息肉，腺瘤,"adenomatous (M8210/0)- see Polyp, adenomatous",,0.9760231971740723,,,,,
1149,3,腺瘤(M8210/0)-另见肿瘤，良性,"adenomatous (M8210/0) – see also Neoplasm, benign",,0.9787037372589111,,,,,
1149,4,多发性(M8221/0)-见肿瘤，良性,"multiple (M8221/0) – see Neoplasm, benign",,0.9666424989700317,,,,,
1149,5,在(M8221/2)内的原位腺癌-见 肿瘤，原位,"adenocarcinoma in situ in (M8221/2) - see Neoplasm, in situ",,0.9483669400215149,,,,,
1149,5,在(M8221/3)内的腺癌-见肿瘤，恶性,"adenocarcinoma in (M8221/3) – see Neoplasm, malignant",,0.9734764099121094,,,,,
1149,4,在(M8210/2)内的原位癌-见肿瘤，原位,"carcinoma in situ in (M8210/2) – see Neoplasm, in situ",,0.9569669365882874,,,,,
1149,4,在(M8210/2)内的原位腺癌-见肿瘤，原位,"adenocarcinoma in situ in (M8210/2) - see Neoplasm,in situ",,0.9574650526046753,,,,,
1149,4,在(M8210/3)内的癌-见肿瘤，恶性,"carcinoma in (M8210/3) – see Neoplasm, malignant",,0.9690576195716858,,,,,
1149,4,在(M8210/3)内的腺癌-见肿瘤，恶性,"adenocarcinoma in (M8210/3)- see Neoplasm, malignant",,0.9735326170921326,,,,,
1149,3,腺样组织,adenoid tissue,J33.0,0.9956238269805908,,,,,
1149,3,牙髓,"dental, pulpal (dental)",K04.0,0.9516448974609375,,,,,
1149,3,牙龈,"gingiva, gum",K06.8,0.9917179942131042,,,,,
1149,3,咽,pharynx,J39.2,0.9482669830322266,,,,,
1149,3,阴部,pudendum,N84.3,0.9916263818740845,,,,,
1149,3,阴唇(大)(小),labium (majus) (minus),N84.3,0.9691568613052368,,,,,
1149,3,阴道,vagina,N84.2,0.9863071441650391,,,,,
1149,3,在(M8210/2)内的原位癌-见肿瘤，原位,"carcinoma in situ in (M8210/2) – see Neoplasm, in situ",,0.972957968711853,,,,,
1149,3,在(M8210/2)内的原位腺癌-见肿瘤，原位,"adenocarcinoma in situ in (M8210/2) – see Neoplasm, in situ",,0.9705005884170532,,,,,
1149,3,在(M8210/3)内的癌-见肿瘤，恶性,"carcinoma in (M8210/3) – see Neoplasm, malignant",,0.9833828210830688,,,,,
1149,3,在(M8210/3)内的腺癌－见肿瘤，恶性,"adenocarcinoma in (M8210/3) – see Neoplasm, malignant",,0.9724805355072021,,,,,
1149,3,直肠(非腺瘤),rectum (nonadenomatous),K62.1,0.9837261438369751,,,,,
1149,4,腺瘤-见息肉，腺瘤,"adenomatous – see Polyp, adenomatous",,0.8666959404945374,,,,,
1149,3,中耳,middle ear,H74.4,0.9576752185821533,,,,,
1150,3,子宫(体)(粘液性),uterus (body) (corpus) (mucous),N84.0,0.9635118842124939,,,,,
1150,4,宫颈,cervix,N84.1,0.9852931499481201,,,,,
1150,4,在妊娠或分娩中,in pregnancy or childbirth,O34.1,0.9548820853233337,,,,,
1150,5,引起梗阻性分娩,causing obstructed labor,O65.5,0.9827856421470642,,,,,
1150,5,影响到胎儿或新生儿,affecting fetus or newborn,P03.8,0.976718008518219,,,,,
1150,3,子宫内膜,endometrium,N84.0,0.9895651340484619,,,,,
1150,3,子宫体,corpus uteri,N84.0,0.9958782196044922,,,,,
1150,2,息肉病-另见息肉,Polyposis - see also Polyp,,0.9981679320335388,,,,,
1150,3,肠(腺瘤)(M8220/0),intestinal (adenomatous) (M8220/0),D12.6,0.984923779964447,,,,,
1150,4,淋巴瘤，恶性(M9677/3),"lymphomatous, malignant (M9677/3)",C83.8,0.9800590872764587,,,,,
1150,3,多发性，腺瘤(M8221/0)(另见肿瘤，良性),"multiple, adenomatous (M8221/0) (see also Neoplasm, benign)",D36.9,0.9897975921630859,,,,,
1150,3,家族性(M8220/0),familial (M8220/0),D12.6,0.9538556933403015,,,,,
1150,3,结肠(腺瘤)(M8220/0),colon (adenomatous) (M8220/0),D12.6,0.9841981530189514,,,,,
1150,4,在(M8220/3)内的癌,carcinoma in (M8220/3),C18.9,0.984307587146759,,,,,
1150,4,在(M8220/3)内的腺癌,adenocarcinoma in (M8220/3),C18.9,0.991068422794342,,,,,
1150,2,息肉样的 - 见情况,Polypoid - see condition,,0.943881630897522,,,,,
1150,1,xī 硒,,,0.9933752417564392,,,,,
1150,2,硒缺乏，饮食性,"Selenium deficiency, dietary",E59,0.9623650908470154,,,,,
1150,1,xī 锡,,,0.9994655251502991,,,,,
1150,2,锡沉着病,Stannosis,J63.5,0.9555853009223938,,,,,
1150,2,锡矿工肺,Tin-miner's lung,J63.5,0.9857948422431946,,,,,
1150,1,xī 溪,,,0.9982993006706238,,,,,
1150,2,溪谷热÷,Valley fever,B38.0+ J99.8*,0.9541186094284058,,,,,
1150,1,xī 膝,,,0.9988703727722168,,,,,
1150,2,膝,Genu,,0.9814196825027466,,,,,
1150,3,反屈(后天性),recurvatum (acquired),M21.8,0.9916030168533325,,,,,
1150,4,佝偻病的晚期效应,late effect of rickets,E64.3,0.985604465007782,,,,,
1150,4,先天性,congenital,Q68.2,0.9353142976760864,,,,,
1150,3,佝偻病性(陈旧性),rachitic (old),E64.3,0.9961847066879272,,,,,
1150,3,内翻(后天性),"extrorsum, varum (acquired)",M21.1,0.9847826361656189,,,,,
1150,4,佝偻病的晚期效应,late effect of rickets,E64.3,0.9915043711662292,,,,,
1150,4,先天性,congenital,Q74.1,0.9576261043548584,,,,,
1150,3,外翻(后天性),"Knock knee, valgum (acquired)",M21.0,0.9966428279876709,,,,,
1150,4,佝偻病的晚期效应,late effect of rickets,E64.3,0.9815454483032227,,,,,
1150,4,先天性,congenital,Q74.1,0.9827338457107544,,,,,
