image_page,level,chinese,english,code,confidence,malignant_primary,malignant_secondary,in_situ,benign,uncertain_or_unspecified
401,4,内分泌疾患 NEC,endocrine disorder NEC,E34.9+ M14.5*,0.9709711074829102,,,,,
401,4,糖尿病(另见E10-E14伴有第四位数.6),diabetes (see also E10-E14 with fourth character .6),E10 E14.6+ M14.2*,0.970426082611084,,,,,
401,4,血红蛋白病NEC,hemoglobinopathy NEC,D58.2+ M36.3*,0.9427348375320435,,,,,
401,4,血色病,hemochromatosis,E83.1+ M14.5*,0.9436485171318054,,,,,
401,4,血液疾患 NEC,blood disorder NEC,D75.9+ M36.3*,0.9439972043037415,,,,,
401,4,血友病NEC,hemophilia NEC,D66+ M36.2*,0.9491807818412781,,,,,
401,4,银屑病[牛皮癣]NEC,psoriasis NEC,L40.5+ M07.3*,0.9680331945419312,,,,,
401,4,营养缺乏,nutritional deficiency,E63.9+ M14.5*,0.9670822620391846,,,,,
401,4,肢端肥大症,acromegaly,E22.0+ M14.5*,0.979102611541748,,,,,
401,4,肿瘤疾病 NEC(M8000/1)(另见肿瘤),neoplastic disease NEC (M8000/1) (see also Neoplasm),D48.9+ M36.1*,0.9602776169776917,,,,,
401,3,结晶(-诱发),crystal(-induced),M11.9,0.9701806902885437,,,,,
401,3,痢疾后,postdysenteric,M02.1,0.9802794456481934,,,,,
401,3,免疫后,postimmunization,M02.2,0.99202561378479,,,,,
401,3,神经源性，神经病性(夏科)(脊髓痨性),"neurogenic, neuropathic (Charcot) (tabetic)",A52.1+ M14.6*,0.9929298162460327,,,,,
401,4,非梅毒性NEC,nonsyphilitic NEC,G98+ M14.6*,0.9688088297843933,,,,,
401,4,脊髓空洞症性,syringomyelic,G95.0+ M49.4*,0.9708561301231384,,,,,
401,4,糖尿病性(另见E10-E14伴有第四位数.6),diabetic (see also E10-E14 with fourth character .6),E14.6+ M14.6*,0.9689368009567261,,,,,
401,3,糖尿病性 NEC(另见E10-E14伴有第四位数.6),diabetic NEC (see also E10-E14 with fourth character .6),E14.6+ M14.2*,0.9781293272972107,,,,,
401,4,神经病性,neuropathic,E14.6+ M14.6*,0.9830273985862732,,,,,
401,3,特指的 NEC,specified NEC,M12.8,0.9684682488441467,,,,,
401,3,痛风性,gouty,M10.0,0.9655681252479553,,,,,
401,4,见于(由于),in (due to),,0.8790393471717834,,,,,
401,5,莱施-尼汉综合征,Lesch-Nyhan syndrome,E79.1+ M14.0*,0.9914537072181702,,,,,
401,5,镰状细胞疾患,sickle-cell disorders,D57 M14.0*,0.9716675281524658,,,,,
401,3,夏科(脊髓痨性),Charcot's (tabetic),A52.1+ M14.6*,0.9723005890846252,,,,,
401,4,非梅毒性NEC,nonsyphilitic NEC,G98+ M14.6*,0.9915777444839478,,,,,
401,4,脊髓空洞症性,syringomyelic,G95.0+ M49.4*,0.984713613986969,,,,,
401,4,糖尿病性(另见E10-E14伴有第四位数.6),diabetic (see also E10-E14 with fourth character.6),E14.6+ M14.6*,0.9305325746536255,,,,,
401,3,血友病性NEC,hemophilic NEC,D66+ M36.2*,0.9628881812095642,,,,,
401,4,见于(由于),in (due to),,0.8874232769012451,,,,,
401,5,代谢性疾病NEC,metabolic disease NEC,E88.9+ M14.1*,0.9752013087272644,,,,,
401,5,甲状旁腺功能亢进症NEC,hyperparathyroidism NEC,E21.3+ M14.1*,0.9623552560806274,,,,,
401,3,雅库,Jaccoud,M12.0,0.9800014495849609,,,,,
401,3,幼年型-见关节炎，幼年型,"juvenile - see Arthritis, juvenile",,0.9640274047851562,,,,,
401,3,银屑病[牛皮癣]性NEC,psoriatic NEC,L40.5+ M07.3*,0.9799423813819885,,,,,
401,4,指[趾]节间的,"interphalangeal, distal",L40.5+ M07.0*,0.9686949849128723,,,,,
401,3,指[趾]节间，银屑病[牛皮癣]性,"distal interphalangeal, psoriatic",L40.5+ M07.0*,0.982413649559021,,,,,
401,2,关节的 - 见情况,Articular - see condition,,0.9546188712120056,,,,,
402,2,关节骨性强硬,Bony block of joint,M24.6,0.9840055704116821,,,,,
402,2,关节固定术状态,Arthrodesis status,Z98.1,0.999786376953125,,,,,
402,2,关节化脓,Arthropyosis,M00.9,0.9838237762451172,,,,,
402,2,关节积脓,"Pyarthritis, Pyarthrosis, Pyoarthrosis",M00.9,0.9535379409790039,,,,,
402,3,结核性-见结核，关节,"tuberculous - see Tuberculosis, joint",,0.9852824807167053,,,,,
402,2,关节积水,Hvdrarthrosis,M25.4,0.9743474721908569,,,,,
402,3,间歇性,intermittent,M12.4,0.9741177558898926,,,,,
402,3,淋球菌性,gonococcal,A54.4+ M14.8*,0.9661348462104797,,,,,
402,3,梅毒性(晚期),syphilitic (late),A52.7+ M14.8*,0.9876596331596375,,,,,
402,4,先天性,congenital,A50.5+ M03.1*,0.9637848138809204,,,,,
402,3,雅司病(早期)(晚期),of yaws (early) (late),A66.6+ M14.8*,0.9534725546836853,,,,,
402,2,关节积血(非创伤性),Hemarthrosis (nontraumatic),M25.0,0.995067834854126,,,,,
402,3,创伤性-见扭伤，按部位,"traumatic - see Sprain, by site",,0.9827998876571655,,,,,
402,2,关节内陷(髋),Arthrokatadysis,M24.7,0.9993603229522705,,,,,
402,2,关节盘炎,"Discitis, diskitis",M46.4,0.9834160804748535,,,,,
402,3,生脓性,pyogenic,M46.3,0.992450475692749,,,,,
402,2,关节碾轧声,Creaking joint,M24.8,0.9793164134025574,,,,,
402,3,膝,knee,M23.8,0.9847425818443298,,,,,
402,2,关节强硬(纤维性)(骨性),Ankylosis (fibrous) (osseous) (joint),M24.6,0.9740669131278992,,,,,
402,3,骶髂,sacro-iliac,M43.2,0.9730955958366394,,,,,
402,3,多部位，除外脊柱,"multiple sites, except spine",M24.6,0.9824740886688232,,,,,
402,3,关节固定术状态,arthrodesis status,Z98.1,0.9643110036849976,,,,,
402,3,踝,ankle,M24.6,0.9966757297515869,,,,,
402,3,环杓软骨(软骨)(喉),cricoarytenoid (cartilage) (larynx),J38.7,0.984722375869751,,,,,
402,3,脊柱,spine,M43.2,0.9561686515808105,,,,,
402,3,肩,shoulder,M24.6,0.9974491000175476,,,,,
402,3,髋,hip,M24.6,0.9578155875205994,,,,,
402,3,手术的,surgical,M24.6,0.9814085364341736,,,,,
402,3,手术后(状态),postoperative (status),Z98.1,0.99252849817276,,,,,
402,3,手指,finger,M24.6,0.9726490378379822,,,,,
402,3,特指部位 NEC,specified site NEC,M24.6,0.9778594374656677,,,,,
402,3,听骨,ear ossicles,H74.3,0.9732202291488647,,,,,
402,3,外科手术融合产生的，状态,"produced by surgical fusion, status",Z98.1,0.9750392436981201,,,,,
402,3,腕,wrist,M24.6,0.9906017184257507,,,,,
402,3,膝,knee,M24.6,0.9905820488929749,,,,,
402,3,牙(硬组织),"dental, tooth, teeth (hard tissues)",K03.5,0.980135977268219,,,,,
402,3,腰骶,lumbosacral,M43.2,0.9946097135543823,,,,,
402,3,砧镫骨(感染性),incudostapedial (infectional),H74.3,0.9907594919204712,,,,,
402,3,肘,elbow,M24.6,0.9440435171127319,,,,,
402,2,关节切断术-见切断,Disarticulation - see Amputation,,0.9938719272613525,,,,,
402,3,意指创伤性切断-见切断，创伤性,"meaning traumatic amputation - see Amputation, traumatic",,0.998349130153656,,,,,
402,2,关节痛(变应性),"Arthralgia, Arthrodynia (allergic)",M25.5,0.9698240160942078,,,,,
402,3,心因性,psychogenic,F45.4,0.9597724080085754,,,,,
402,2,关节弯曲(先天性),Arthrogryposis (congenital),Q68.8,0.9957003593444824,,,,,
402,3,先天性多发性,multiplex congenita,Q74.3,0.9674281477928162,,,,,
402,2,关节纤维变性,"Arthrofibrosis, joint",M24.6,0.9996935725212097,,,,,
403,2,关节炎(急性)(慢性)(亚急性),"Arthritis, arthritic (acute) (chronic) (subacute)",M13.9,0.95667564868927,,,,,
403,3,背(另见 关节炎，脊柱),"back (see also Arthritis, spine)",M46.9,0.9684471487998962,,,,,
403,3,变形性,deformans,M19.9,0.9631463289260864,,,,,
403,3,变应性,allergic,M13.8,0.9876976013183594,,,,,
403,3,传染性或感染性(另见关节炎，见于),"infectious or infective (see also Arthritis, in)",M00.9,0.9966450333595276,,,,,
403,4,脊柱,spine,M46.5,0.9677508473396301,,,,,
403,3,创伤性(慢性),traumatic (chronic),M12.5,0.9617297053337097,,,,,
403,3,短暂性,transient,M12.8,0.9620676636695862,,,,,
403,3,非生脓性NEC,nonpyogenic NEC,M13.9,0.9307317137718201,,,,,
403,3,肺炎球菌性(任何部位),pneumococcal (any site),M00.1,0.9846476912498474,,,,,
403,3,风湿病后，慢性,"postrheumatic, chronic",M12.0,0.992129921913147,,,,,
403,3,风湿性，急性或亚急性-见热，风湿热,"rheumatic, acute or subacute - see Fever, rheumatic",,0.9882664084434509,,,,,
403,3,风疹,rubella,B06.8+ M01.4*,0.9432420134544373,,,,,
403,3,复发性(任何部位),palindromic (any site),M12.3,0.990621030330658,,,,,
403,3,更年期(任何部位)NEC,climacteric (any site) NEC,M13.8,0.9472200274467468,,,,,
403,3,褐黄病性,ochronotic,E70.2+ M14.5*,0.9796169400215149,,,,,
403,3,化脓性(任何部位),"purulent, suppurative (any site)",M00.9,0.9896899461746216,,,,,
403,3,毁形性(银屑病[牛皮癣]性),mutilans (psoriatic),L40.5+ M07.1*,0.9685020446777344,,,,,
403,3,脊柱,spine,M46.9,0.9512870907783508,,,,,
403,4,传染性或感染性 NEC,infectious or infective NEC,M46.5,0.9685327410697937,,,,,
403,4,创伤性(陈旧性),traumatic (old),M48.3,0.979328453540802,,,,,
403,4,结核性,tuberculous,A18.0+ M49.0*,0.9772051572799683,,,,,
403,4,类风湿,rheumatoid,M45,0.9575139880180359,,,,,
403,4,玛丽-施特伦佩尔,Marie-Strümpell,M45,0.9945964217185974,,,,,
403,4,生脓性,pyogenic,M46.5,0.9287978410720825,,,,,
403,3,见于(由于),in (due to),,0.9923387169837952,,,,,
403,4,奥绒绒[奥尼昂尼昂](非洲),O'nyong-nyong,A92.1+ M01.5*,0.9609793424606323,,,,,
403,4,白血病 NEC(M9800/3),leukemia NEC (M9800/3),C95.9+ M36.1*,0.951181173324585,,,,,
403,4,孢子丝菌病,sporotrichosis,B42.8+ M01.6*,0.9841985106468201,,,,,
403,4,贝赫切特病,Behçet's disease,M35.2,0.9786246418952942,,,,,
403,4,病毒性疾病NEC,viral disease NEC,B34.9+ M01.5*,0.9732610583305359,,,,,
403,4,肠炎NEC*,enteritis NEC *,A09.9+ M03,0.9445223808288574,,,,,
403,5,传染性NEC*,infectious NEC *,A09.0+ M03,0.9674721956253052,,,,,
403,5,局限性,regional,K50 M07.4*,0.975229024887085,,,,,
403,5,特指的病原体NEC,specified organism NEC,A08.5+ M01.8*,0.9845535159111023,,,,,
403,4,传染病NEC,infectious disease NEC,B99+ M01.8*,0.984950602054596,,,,,
403,4,大肠杆菌类(大肠杆菌),coliform bacilli (Escherichia coli),M00.8,0.983806848526001,,,,,
403,4,代谢性疾患NEC,metabolic disorder NEC,E88.9+ M14.5*,0.9909019470214844,,,,,
403,4,低丙球蛋白血症,hypogammaglobulinemia,D80.1+ M14.8*,0.9611303210258484,,,,,
403,4,地中海贫血NEC,thalassemia NEC,D56.9+ M36.3*,0.9868525862693787,,,,,
403,4,地中海热，家族性,"Mediterranean fever, familial",E85.0+ M14.4*,0.9919094443321228,,,,,
403,4,淀粉样变,amyloidosis,E85.4+ M14.4*,0.9688922166824341,,,,,
403,4,多发性骨髓瘤(M9732/3),multiple myeloma (M9732/3),C90.0+ M36.1*,0.9841105937957764,,,,,
404,4,风疹,rubella,B06.8+ M01.4*,0.9456677436828613,,,,,
404,4,副伤寒,paratyphoid fever,A01 M01.3*,0.9544180631637573,,,,,
404,4,感染,infection,M00.9,0.9878125786781311,,,,,
404,4,骨髓瘤病(多发性)(M9732/3),myelomatosis (multiple) (M9732/3),C90.0+ M36.1*,0.9728926420211792,,,,,
404,4,关节炎皮肤病，脂样,"dermatoarthritis, lipoid",E78.8+ M14.3*,0.9726129770278931,,,,,
404,4,过敏性反应NEC,hypersensitivity reaction NEC,T78.4+ M36.4*,0.9657726287841797,,,,,
404,4,褐黄病,ochronosis,E70.2+ M14.5*,0.9680140018463135,,,,,
404,4,亨诺克(-舍恩莱因)紫癜,Henoch(-Schönlein) purpura,D69.0+ M36.4*,0.9833634495735168,,,,,
404,4,红斑,erythema,,0.9363038539886475,,,,,
404,5,多形,multiforme,L51 M14.8*,0.9692354798316956,,,,,
404,5,结节性,nodosum,L52+ M14.8*,0.972119152545929,,,,,
404,4,呼吸疾患NEC,respiratory disorder NEC,J98.9+ M14.8*,0.9797891974449158,,,,,
404,4,脊髓空洞症,syringomyelia,G95.0+ M49.4*,0.9921590089797974,,,,,
404,4,寄生虫病NEC,parasitic disease NEC,B89+ M01.8*,0.9775971174240112,,,,,
404,4,甲状旁腺功能亢进症NEC,hyperparathyroidism NEC,E21.3+ M14.1*,0.9703816771507263,,,,,
404,4,甲状腺功能减退症NEC,hypothyroidism NEC,E03.9+ M14.5*,0.9938063025474548,,,,,
404,4,假单胞菌,Pseudomonas,M00.8,0.9879974126815796,,,,,
404,4,结肠炎，溃疡性,"colitis, ulcerative",K51 M07.5*,0.9826642274856567,,,,,
404,4,结核-见结核，关节炎,"tuberculosis - see Tuberculosis, arthritis",,0.9605141282081604,,,,,
404,4,结节病,sarcoidosis,D86.8+ M14.8*,0.9849590063095093,,,,,
404,4,结晶,crystals,M11.9,0.9306917190551758,,,,,
404,5,焦磷酸盐,pyrophosphate,M11.8,0.9793267846107483,,,,,
404,5,磷酸二钙,dicalcium phosphate,M11.8,0.9846258759498596,,,,,
404,5,羟磷灰石,hydroxyapatite,M11.0,0.9770246148109436,,,,,
404,5,特指的NEC,specified NEC,M11.8,0.9695975184440613,,,,,
404,4,局限性肠炎,regional enteritis,K50 M07.4*,0.9686934947967529,,,,,
404,4,克罗恩病[局限性肠炎],Crohn's disease,K50 M07.4*,0.9762740135192871,,,,,
404,4,溃疡性结肠炎,ulcerative colitis,K51 M07.5*,0.982620120048523,,,,,
404,4,莱姆病,Lyme disease,A69.2+ M01.2*,0.9731130003929138,,,,,
404,4,赖特[莱特尔]病,Reiter's disease,M02.3,0.9962056279182434,,,,,
404,4,流感嗜血杆菌,Haemophilus influenzae,M00.8,0.9802566766738892,,,,,
404,4,流行性腮腺炎,mumps,B26.8+ M01.5*,0.9721254110336304,,,,,
404,4,龙线虫病,dracontiasis (dracunculiasis),B72+ M01.8*,0.9530487656593323,,,,,
404,4,麻风,leprosy,A30 M01.3*,0.9645451903343201,,,,,
404,4,脑膜炎球菌,meningococcus,A39.8+ M01.0*,0.9808701872825623,,,,,
404,4,内分泌疾患NEC,endocrine disorder NEC,E34.9+ M14.5*,0.9797956943511963,,,,,
404,4,尿道炎，赖特[莱特尔]病,"urethritis, Reiter's",M02.3,0.9848384261131287,,,,,
404,4,潜涵病,caisson disease,T70.3+ M14.8*,0.9947577118873596,,,,,
404,4,蠕虫病NEC,helminthiasis NEC,B83.9+ M01.8*,0.9816431999206543,,,,,
404,4,沙门菌(亚利桑那)(猪霍乱)(小肠炎)(鼠伤寒),Salmonella (arizonae)(cholerae-suis)(enteritidis) (typhimurium),A02.2+ M01.3*,0.964799165725708,,,,,
405,4,伤寒,typhoidfever,A01.0+ M01.3*,0.9872841238975525,,,,,
405,4,神经科疾患 NEC,neurological disorder NEC,G98+ M14.6*,0.9423154592514038,,,,,
405,4,生脓性病原体 NEC,pyogenic organism NEC,M00.8,0.9705562591552734,,,,,
405,4,痛风,gout,M10.0,0.9407477974891663,,,,,
405,4,网状细胞增多，恶性(M9713/3),"reticulosis, malignant (M9713/3)",C85.7+ M14.8*,0.9787449240684509,,,,,
405,4,胃肠情况NEC,gastrointestinal condition NEC,K63.9+ M03.6*,0.9686002731323242,,,,,
405,4,细菌性疾病,bacterial disease,A49.9+ M01.3*,0.9675855040550232,,,,,
405,5,特指的NEC,specified NEC,A48.8+ M01.3*,0.9636824131011963,,,,,
405,4,血红蛋白病NEC,hemoglobinopathy NEC,D58.2+ M36.3*,0.9469143152236938,,,,,
405,4,血色病,hemochromatosis,E83.1+ M14.5*,0.9746556878089905,,,,,
405,4,血液学疾患NEC,hematological disorder NEC,D75.9+ M36.3*,0.970599353313446,,,,,
405,4,血友病NEC,hemophilia NEC,D66+ M36.2*,0.9741824865341187,,,,,
405,4,银屑病[牛皮癣],psoriasis,L40.5+ M07.3*,0.9638071656227112,,,,,
405,4,肢端肥大症,acromegaly,E22.0+ M14.5*,0.9707252979278564,,,,,
405,4,脂样关节炎皮肤病,lipoid dermatoarthritis,E78.8+ M14.3*,0.9630494713783264,,,,,
405,3,结核性,tuberculous,A18.0+ M01.1*,0.9876034259796143,,,,,
405,4,脊柱,spine,A18.0+ M49.0*,0.9827119708061218,,,,,
405,3,结晶(-诱发),crystal(-induced),M11.9,0.984052836894989,,,,,
405,3,绝经期(任何部位)NEC,menopausal (any site) NEC,M13.8,0.9852670431137085,,,,,
405,3,绝经期中毒性(任何部位),toxic of menopause (any site),M13.8,0.9924154281616211,,,,,
405,3,老年性或衰老性(另见关节病),senile or senescent (see also Arthrosis),M19.9,0.99261873960495,,,,,
405,3,类风湿,rheumatoid,M06.9,0.9740675687789917,,,,,
405,4,伴有,with,,0.8272666931152344,,,,,
405,5,多神经病,polyneuropathy,M05.3+ G63.6*,0.9891018271446228,,,,,
405,5,肌病,myopathy,M05.3+ G73.7*,0.9822724461555481,,,,,
405,5,累及肺,lung involvement,M05.1+ J99.0*,0.9737671613693237,,,,,
405,5,累及内脏 NEC,visceral involvement NEC,M05.3,0.9366193413734436,,,,,
405,5,累及全身NEC,systemic involvement NEC,M05.3,0.9517568349838257,,,,,
405,5,累及心脏NEC,heart involvement NEC,M05.3+ I52.8*,0.9606847763061523,,,,,
405,5,脾淋巴腺肿大和白细胞减少,splenoadenomegaly and leukopenia,M05.0,0.9918843507766724,,,,,
405,5,斜颈,torticollis,M06.8,0.9746819734573364,,,,,
405,5,心包炎,pericarditis,M05.3+ I32.8*,0.9278959035873413,,,,,
405,5,心肌炎,myocarditis,M05.3+ I41.8*,0.9816287755966187,,,,,
405,5,心内膜炎,endocarditis,M05.3+ I39.8*,0.9306513667106628,,,,,
405,5,心炎,carditis,M05.3+ I52.8*,0.9521575570106506,,,,,
405,5,血管炎,vasculitis,M05.2,0.9366742372512817,,,,,
405,4,脊柱,spine,M45,0.9535002708435059,,,,,
405,4,特指的 NEC,specified NEC,M06.8,0.9681417346000671,,,,,
405,4,血清反应阳性的,seropositive,M05.9,0.9865389466285706,,,,,
405,5,特指的NEC,specified NEC,M05.8,0.9720755219459534,,,,,
405,4,血清反应阴性的,seronegative,M06.0,0.9822638034820557,,,,,
405,4,幼年型(伴有或不伴有类风湿因子),juvenile (with or without rheumatoid factor),M08.0,0.9874996542930603,,,,,
406,3,痢疾后,postdysenteric,M02.1,0.9642461538314819,,,,,
406,3,链球菌性NEC(任何部位)N,streptococcal NEC (any site),M00.2,0.984587550163269,,,,,
406,3,淋病性(淋球菌性),blennorrhagic (gonococcal) M,A54.4+,0.9757372140884399,,,,,
406,3,淋球菌性 .,gonococcal,A54.4+ M01.3*,0.924571692943573,,,,,
406,3,流行性红斑,epidemic erythema,A25.1,0.9959294199943542,,,,,
406,3,梅毒性(晚期),syphilitic (late),A52.1+ M01.3*,0.9698097705841064,,,,,
406,4,先天性,congenital,A50.5+ M03.1*,0.9626407623291016,,,,,
406,3,梅毒性变形性(夏科),syphilitica deformans (Charcot),A52.1+ M14.6*,0.9500659108161926,,,,,
406,3,脑膜炎球菌感染后,postmeningococcal,A39.8+ M03.0*,0.9761489033699036,,,,,
406,3,脑膜炎球菌性,meningococcal,A39.8+ M01.0*,0.9616302847862244,,,,,
406,3,尿道性，赖特[莱特尔]病,"urethritica, Reiter's",M02.3,0.9831919074058533,,,,,
406,3,尿酸性,uratic,M10.0,0.9980647563934326,,,,,
406,3,颞下颌,temporomandibular,K07.6,0.9593361616134644,,,,,
406,3,脓毒性(任何部位),septic (any site),M00.9,0.9701278805732727,,,,,
406,3,葡萄球菌性(任何部位),staphylococcal (any site),M00.0,0.9674577713012695,,,,,
406,3,强直性(跛废性)(脊柱),ankylosing (crippling) (spine),M45,0.9712031483650208,,,,,
406,4,脊柱以外的部位,sites other than spine,M13.8,0.9618139266967773,,,,,
406,3,热性-见热，风湿热,"febrile - see Fever, rheumatic",,0.9933621883392334,,,,,
406,3,绒毛状(任何部位),villous (any site),M12.8,0.9650009274482727,,,,,
406,3,乳糜性(丝虫性),chylous (filarial),B74.9+ M01.8*,0.9901029467582703,,,,,
406,3,神经病性(夏科)(脊髓痨性),neuropathic (Charcot) (tabetic),A52.1+ M14.6*,0.9875373244285583,,,,,
406,4,非梅毒性NEC,non syphilitic NEC,G98+ M14.6*,0.9594763517379761,,,,,
406,4,脊髓空洞症性,syringomyelic,G95.0+ M49.4*,0.9817824959754944,,,,,
406,4,糖尿病性(另见E10-E14伴有第四位数.6),diabetic (see also E10-E14 with fourth character .6),E10 E14.6+ M14.6*,0.9702274799346924,,,,,
406,3,生脓性或脓毒症性(任何部位),pyogenic or pyemic (any site),M00.9,0.987385630607605,,,,,
406,3,特指形式 NEC,specified form NEC,M13.8,0.9715288281440735,,,,,
406,3,痛风性(急性),gouty (acute),M10.0,0.9779874682426453,,,,,
406,3,维生素C缺乏性,scorbutic,E54+ M14.5*,0.9684129357337952,,,,,
406,3,萎缩性,atrophic,M19.9,0.9641980528831482,,,,,
406,4,脊柱,spine,M45,0.9639711380004883,,,,,
406,3,夏科(脊髓痨性),Charcot's (tabetic),A52.1+ M14.6*,0.9751639366149902,,,,,
406,4,非梅毒性NEC,nonsyphilitic NEC,G98+ M14.6*,0.9796406626701355,,,,,
406,4,脊髓空洞症性,syringomyelic,G95.0+ M49.4*,0.9902328252792358,,,,,
406,4,糖尿病性(另见E10-E14伴有第四位数.6),diabetic (see also E10-E14 with fourth character .6),E14.6+ M14.6*,0.9888387322425842,,,,,
406,3,血清(非治疗性)(治疗性),serum (nontherapeutic) (therapeutic),M02.2,0.9843570590019226,,,,,
406,3,幼年型,juvenile,M08.9,0.9960542321205139,,,,,
406,4,伴有全身性发病,with systemic onset,M08.2,0.9793418049812317,,,,,
406,4,见于(由于),in (due to),,0.9210324287414551,,,,,
406,5,局限性肠炎,regional enteritis,K50 M09.1*,0.9518201947212219,,,,,
406,5,克罗恩病[局限性肠炎]N,Crohn's disease,K50 M09.1,0.9708045721054077,,,,,
406,5,溃疡性结肠炎,ulcerative colitis,K51 M09.2,0.9647505879402161,,,,,
406,5,银屑病[牛皮癣],psoriasis,L40.5+ M09.0*,0.9494020342826843,,,,,
406,4,类风湿,rheumatoid,M08.0,0.8958444595336914,,,,,
407,4,少关节性,pauciarticular,M08.4,0.9291772246360779,,,,,
407,4,特指的 NEC,specified NEC,M08.8,0.9594548344612122,,,,,
407,3,原发性进行性,primary progressive,M13.8,0.9598107933998108,,,,,
407,4,脊柱,spine,M45,0.9153645634651184,,,,,
407,3,银屑病[牛皮癣]性,psoriatic,L40.5+ M07.3*,0.9774833917617798,,,,,
407,3,真菌性NEC,mycotic NEC,B49+ M01.6*,0.9816185235977173,,,,,
407,3,椎骨(另见关节炎，脊柱),"vertebral (see also Arthritis, spine)",M46.9,0.9795768857002258,,,,,
407,2,关节炎皮肤病，脂样,"Dermatoarthritis, lipoid",E78.8+ M14.3*,0.975432813167572,,,,,
407,2,关节粘连(指)(趾),Symphalangy (fingers) (toes),Q70.9,0.9835432767868042,,,,,
407,2,关节肿大,Arthrocele,M25.4,0.9725277423858643,,,,,
407,2,关节周病(血管神经性)-见关节周炎,Periarthrosis (angioneural) - see Periarthritis,,0.9981136918067932,,,,,
407,2,关节周炎,Periarthritis (joint),M77.9,0.9925291538238525,,,,,
407,3,迪普莱,Duplay's,M75.0,0.9830048084259033,,,,,
407,3,肱肩胛,humeroscapularis,M75.0,0.9813915491104126,,,,,
407,3,肩,shoulder,M75.0,0.9894710183143616,,,,,
407,3,肩胛肱,scapulohumeral,M75.0,0.987616240978241,,,,,
407,3,淋球菌性,gonococcal,A54.4+ M73.8*,0.9390543699264526,,,,,
407,3,腕,wrist,M77.2,0.9853914380073547,,,,,
407,2,关系妄想,Sensitiver Beziehungswahn,F22.0,0.9967266321182251,,,,,
407,1,guān 观,,,0.9903745651245117,,,,,
407,2,观察(对),Observation (for),Z04.9,0.9997086524963379,,,,,
407,3,帮伙活动或行为，不伴有精神障碍表现,"gang activity or bahavior, without manifest psychiatric disorder",Z03.2,0.9883559942245483,,,,,
407,3,不伴有需要进一步医疗者,without need for further medical care,Z04.9,0.97479248046875,,,,,
407,3,恶性肿瘤，可疑的,"malignant neoplasm, suspected",Z03.1,0.9614566564559937,,,,,
407,3,发育状态,development state,,0.9891477823257446,,,,,
407,4,儿童快速生长期,period of rapid growth in childhood,Z00.2,0.9831108450889587,,,,,
407,4,青春期,puberty,Z00.3,0.9625138640403748,,,,,
407,4,青少年,adolescent,Z00.3,0.9526983499526978,,,,,
407,4,婴儿或儿童,infant or child,Z00.1,0.9816365838050842,,,,,
407,3,疾病,disease,Z03.9,0.9979446530342102,,,,,
407,4,精神(可疑的),mental (suspected),Z03.2,0.9794056415557861,,,,,
407,4,神经系统,nervous system,Z03.3,0.9515079855918884,,,,,
407,4,特指的 NEC,specified NEC,Z03.8,0.9612274765968323,,,,,
407,4,心血管NEC,cardiovascular NEC,Z03.5,0.9895963072776794,,,,,
407,5,心肌梗死,myocardial infarction,Z03.4,0.9744464755058289,,,,,
407,4,心脏 NEC,heart NEC,Z03.5,0.9602463841438293,,,,,
407,5,心肌梗死,myocardial infarction,Z03.4,0.958438515663147,,,,,
407,3,结核，可疑的,"tuberculosis, suspected",Z03.0,0.9805147051811218,,,,,
408,3,可疑的(未诊断的)(无证明),suspected (undiagnosed) (unproven),,0.9835382699966431,,,,,
408,4,恶性肿瘤,malignant neoplasm,Z03.1,0.9805216789245605,,,,,
408,4,结核,tuberculosis,Z03.0,0.9535123705863953,,,,,
408,4,精神障碍,mental disorder,Z03.2,0.9607972502708435,,,,,
408,4,脑震荡,concussion (cerebral),Z04.5,0.9906152486801147,,,,,
408,4,殴打的受害者(儿童)(配偶),victim of battering (child) (spouse),Z04.5,0.9537104368209839,,,,,
408,4,情况 NEC,condition NEC,Z03.8,0.9715531468391418,,,,,
408,4,神经系统疾患,nervous system disorder,Z03.3,0.9641978740692139,,,,,
408,4,无需隔离的传染病,infectious disease not requiring isolation,Z03.8,0.983165979385376,,,,,
408,4,心肌梗死,myocardial infarction,Z03.4,0.9799210429191589,,,,,
408,4,心血管病 NEC,cardiovascular disease NEC,Z03.5,0.9514771103858948,,,,,
408,5,心肌梗死,myocardial infarction,Z03.4,0.9643585085868835,,,,,
408,4,行为障碍,behavioral disorder,Z03.2,0.9874253869056702,,,,,
408,4,药物中毒或有害效应,drug poisoning or adverse effect,Z03.6,0.9435544610023499,,,,,
408,4,因摄入物质(药物)(毒物)所致的毒性效应,toxic effects from ingested substance (drug) (poison),Z03.6,0.9751383662223816,,,,,
408,4,肿瘤(恶性),neoplasm (malignant),Z03.1,0.9694206714630127,,,,,
408,5,良性,benign,Z03.8,0.9517807960510254,,,,,
408,4,自杀企图，嫌疑,"suicide attempt, alleged",Z03.8,0.9516901969909668,,,,,
408,5,自服毒,self-poisoning,Z03.6,0.9774378538131714,,,,,
408,3,强奸或诱奸，嫌疑,"rape or seduction, alleged",Z04.4,0.9933174848556519,,,,,
408,3,商店偷窃(行为)，不伴有精神障碍表现,"shoplifting (behavior), without manifest psychiatric disorder",Z03.2,0.9858786463737488,,,,,
408,3,社交紊乱型行为，不伴有精神障碍表现,"dissocial behavior, without manifest psychiatric disorder",Z03.2,0.9662619233131409,,,,,
408,3,生长和发育状态-见观察，发育状态,"growth and development state - see Observation, development state",,0.9763262271881104,,,,,
408,3,损伤(意外的)NEC(另见观察，意外事故),"injuries (accidental) NEC (see also Observation, accident)",Z04.3,0.9959611892700195,,,,,
408,4,加害性NEC,inflicted NEC,Z04.5,0.9821247458457947,,,,,
408,5,在嫌疑强奸或诱奸中,during alleged rape or seduction,Z04.4,0.9650572538375854,,,,,
408,3,心肌梗死,myocardial infarction,Z03.4,0.9660766124725342,,,,,
408,3,心血管病,cardiovascular disease,Z03.5,0.9986194372177124,,,,,
408,4,心肌梗死,myocardial infarction,Z03.4,0.9835477471351624,,,,,
408,3,药物的有害效应,adverse effect of drug,Z03.6,0.9798263311386108,,,,,
408,3,意外事故NEC,accident NEC,Z04.3,0.9614995718002319,,,,,
408,4,交通,transport,Z04.1,0.9714118242263794,,,,,
408,4,在工作中的,at work,Z04.2,0.9440736174583435,,,,,
408,3,因摄入物质(药物)(毒物)所致的毒性效应,toxic effects from ingested substance (drug) (poison),Z03.6,0.9972338676452637,,,,,
408,3,自杀企图，嫌疑NEC,"suicide attempt, alleged NEC",Z03.8,0.9673952460289001,,,,,
408,4,自服毒,self-poisoning,Z03.6,0.9540174603462219,,,,,
408,3,纵火(行为)，不伴有精神障碍表现,"fire-setting (behavior), without manifest psychiatric disorder",Z03.2,0.9881438612937927,,,,,
408,2,观察下(另见观察),Under observation (see also Observation),Z03.9,0.9894983172416687,,,,,
408,2,观念，自杀,"Ideation, suicidal",R45.8,0.991929829120636,,,,,
408,3,精神障碍中的构成部分-见情况,constituting part of a mental disorder - see condition,,0.9894481301307678,,,,,
409,1,guān 冠,,,,,,,,
409,2,冠周炎(慢性),Pericoronitis (chronic),K05.3,0.9968188405036926,,,,,
409,3,急性,acute,K05.2,0.9365044832229614,,,,,
409,2,冠状(动脉)的 - 见情况,Coronary (artery) - see condition,,0.9573847651481628,,,,,
409,2,冠状病毒，作为分类于他处疾病的原因,"Coronavirus, as cause of disease classified elsewhere",B97.2,0.9987359046936035,,,,,
409,1,guǎn 管,,,0.9712263941764832,,,,,
409,2,管，导管的 - 见情况,"Duct, ductus - see condition",,0.9139395356178284,,,,,
409,2,管类圆线虫病,Angiostrongyliasis,,0.9999553561210632,,,,,
409,3,肠,intestinal,B81.3,0.9771279096603394,,,,,
409,3,由于,due to,,0.9789139032363892,,,,,
409,4,副圆线虫,Parastrongylus,,0.871957540512085,,,,,
409,5,哥斯达黎加,costaricensis,B81.3,0.9845762252807617,,,,,
409,5,广州,cantonensis,B83.2,0.9490557909011841,,,,,
409,4,血管圆线虫属,Angiostrongylus,,0.9127284288406372,,,,,
409,5,哥斯达黎加,costaricensis,B81.3,0.9793977737426758,,,,,
409,5,广州,cantonensis,B83.2,0.9152441024780273,,,,,
409,2,管理,Management (of),,0.9997417330741882,,,,,
409,3,避孕的,contraceptive,Z30.9,0.9394041895866394,,,,,
409,4,特指的 NEC,specified NEC,Z30.8,0.9768772125244141,,,,,
409,3,耳蜗装置(植入)的,cochlear device (implanted),Z45.3,0.992751955986023,,,,,
409,3,骨传导装置(植入)的,bone conduction device (implanted),Z45.3,0.9960068464279175,,,,,
409,3,假体(外部)的(另见安装),prosthesis (external) (see also Fitting),Z44.9,0.9768386483192444,,,,,
409,4,植入的,implanted,Z45.9,0.9677047729492188,,,,,
409,5,特指的NEC,specified NEC,Z45.8,0.9686377644538879,,,,,
409,3,生育问题的,procreative,Z31.9,0.9882059097290039,,,,,
409,4,特指的NEC,specified NEC,Z31.8,0.9513729214668274,,,,,
409,3,输注泵的 :1,infusion pump,Z45.1,0.9383499026298523,,,,,
409,3,心脏起搏器 NEC 的,cardiac pacemaker NEC,Z45.0,0.9427938461303711,,,,,
409,3,血管通路装置的,vascular access device,Z45.2,0.9910734295845032,,,,,
409,3,植入装置的,implanted device,Z45.9,0.9980421662330627,,,,,
409,4,特指的 NEC,specified NEC,Z45.8,0.9692937731742859,,,,,
409,2,管型尿,Cylindruria,R82.9,0.9999771118164062,,,,,
409,1,guàn 贯,,,0.9566341042518616,,,,,
409,2,贯通伤-另见 伤口，开放性,"Penetrating wound - see also Wound, open",,0.9521450400352478,,,,,
409,3,伴有内部损伤-见损伤，按部位,"with internal injury - see Injury, by site",,0.9978463649749756,,,,,
409,3,眶(伴有或不伴有异物),orbit (with or without foreign body),S05.4,0.9980186223983765,,,,,
409,3,眼球,eyeball,S05.6,0.9451820850372314,,,,,
409,4,伴有异物,with foreign body,S05.5,0.9815717339515686,,,,,
410,1,guāng 光,,,,,,,,
410,2,光化性的 - 见情况,Actinic - see condition,,0.9897945523262024,,,,,
410,2,光敏感性，皮肤的光致敏作用(日光),"Photosensitivity, photosensitization of skin (sun)",L56.8,0.9994364380836487,,,,,
410,3,日光以外的光,light other than sun,L59.8,0.9816319346427917,,,,,
410,2,光性角膜炎,Photokeratitis,H16.1,0.991275429725647,,,,,
410,2,光照性皮炎(日光),Photodermatitis (sun),L56.8,0.9996775388717651,,,,,
410,3,慢性,chronic,L57.8,0.9747542142868042,,,,,
410,3,日光以外的光,light other than sun,L59.8,0.9601463675498962,,,,,
410,3,由于药物,due to drug,L56.8,0.9874011278152466,,,,,
410,2,光照性视网膜炎,Photoretinitis,H31.0,0.9798308610916138,,,,,
410,1,guāng 胱,,,0.9609752297401428,,,,,
410,2,胱氨酸病(恶性),Cystinosis (malignant),E72.0,0.9995618462562561,,,,,
410,2,胱氨酸尿,Cystinuria,E72.0,0.952044665813446,,,,,
410,2,胱硫醚尿,Cystathioninuria,E72.1,0.9583718180656433,,,,,
410,2,胱硫醚血症,Cystathioninemia,E72.1,0.9713228344917297,,,,,
410,1,guǎng 广,,,0.9296272993087769,,,,,
410,2,广场恐怖症(伴有惊恐障碍历史),Agoraphobia (with history of panic disorder),F40.0,0.9817537665367126,,,,,
410,2,广泛的 - 见情况,Extensive - see condition,,0.9266546964645386,,,,,
410,1,guī 龟,,,0.9997186660766602,,,,,
410,2,龟头包皮炎,Balanoposthitis,N48.1,0.9866160750389099,,,,,
410,3,溃疡性(特异性),ulcerative (specific),A63.8+ N51.2*,0.9781268239021301,,,,,
410,3,淋球菌性(急性)(慢性),gonococcal (acute) (chronic),A54.0,0.9647563695907593,,,,,
410,2,龟头脓溢-见龟头炎,Balanorrhagia - see Balanitis,,0.9990141987800598,,,,,
410,2,龟头炎(环状)(糜烂性)(坏疽性)(感染性)(非淋球菌性)(蚀疮性)(寻常),Balanitis (circinata) (erosiva) (gangrenosa) (infectional) (nongonococcal) (phagedenic) (vulgaris),N48.1,0.9735770225524902,,,,,
410,3,阿米巴,amebic,A06.8+ N51.2*,0.9758881330490112,,,,,
410,3,干燥闭塞性,xerotica obliterans,N48.0,0.9505067467689514,,,,,
410,3,淋球菌性(急性)(慢性),gonococcal(acute)(chronic),A54.0,0.9796082377433777,,,,,
410,3,念珠菌性,candidal,B37.4+ N51.2*,0.9757259488105774,,,,,
410,3,性病性NEC,venereal NEC,A64+ N51.2*,0.9791112542152405,,,,,
410,3,由于杜克雷嗜血杆菌,due to Haemophilus ducreyi,A57,0.9719136357307434,,,,,
411,1,guī 硅,,,,,,,,
411,2,硅[矽]铁末沉着病,Silicosiderosis,J62.8,0.9697825908660889,,,,,
411,2,硅尘肺,Mason's lung,J62.8,0.9951568245887756,,,,,
411,2,硅沉着病(并发)(单纯性),"Silicosis, silicotic (complicated) (simple)",J62.8,0.9990766048431396,,,,,
411,3,伴有结核,with tuberculosis,J65,0.9971975088119507,,,,,
411,2,硅沉着病结核,Silicotuberculosis,J65,0.9669632911682129,,,,,
411,2,硅末沉着病,Gannister disease,J62.8,0.9846069812774658,,,,,
411,1,guǐ 鬼,,,0.9348732829093933,,,,,
411,2,鬼状手,Ghoul hand,A66.3,0.9598342180252075,,,,,
411,1,guō 郭,,,0.9078472256660461,,,,,
411,2,郭霍感染(另见结核),Koch's infection (see also Tuberculosis),A16.9,0.993299663066864,,,,,
411,2,郭霍-威克斯结膜炎[急性触染性眼炎],Koch-Weeks' conjunctivitis,H10.0,0.9942525625228882,,,,,
411,1,guǒ 果,,,0.9282699823379517,,,,,
411,2,果糖-1，6-二磷酸缺乏,"Fructose-1,6-diphosphatase deficiency",E74.1,0.9732791185379028,,,,,
411,2,果糖尿(症)(原发性)(良性),"Fructosemia, Fructosuria, Levulosuria (essential) (benign)",E74.1,0.9998484253883362,,,,,
411,1,guò 过,,,0.999968409538269,,,,,
411,2,过大胎儿,Oversize fetus,P08.1,0.9941040277481079,,,,,
411,3,特大(超过4500克),exceptionally large (more than 4500 g),P08.0,0.9884033799171448,,,,,
411,3,引起胎盆不称,causing disproportion,O33.5,0.9864237904548645,,,,,
411,4,伴有梗阻性分娩,with obstructed labor,O66.2,0.940386950969696,,,,,
411,4,影响到胎儿或新生儿,affecting fetus or newborn,P03.1,0.9910389184951782,,,,,
411,3,影响妊娠处理,affecting management of pregnancy,O36.6,0.9860638976097107,,,,,
411,2,过度，过高，过大,"Excess, excessive, excessively",,0.9998361468315125,,,,,
411,3,包皮,foreskin,N47,0.9897816777229309,,,,,
411,3,长,long,,0.9625294208526611,,,,,
411,4,脐带(缠绕),umbilical cord (entangled),,0.946636974811554,,,,,
411,5,二一—并发于产程或分娩,complicating labor or delivery,O69.2,0.9238313436508179,,,,,
411,5,影响到胎儿或新生儿,affecting fetus or newborn,P02.5,0.9922090768814087,,,,,
411,4,器官或部位，先天性NEC-见异常，按部位,"organ or site, congenital NEC - see Anomaly, by site",,0.9719518423080444,,,,,
411,3,出汗,sweating,R61.9,0.9891714453697205,,,,,
411,3,雌激素,estrogen,E28.0,0.9316926002502441,,,,,
411,3,大,large,,0.9932605624198914,,,,,
411,4,结肠,colon,K59.3,0.9382293224334717,,,,,
411,5,先天性,congenital,Q43.8,0.953993558883667,,,,,
412,4,器官或部位，先天性NEC-见异常，按部位,"organ or site, congenital NEC - see Anomaly,by site",,0.9883912801742554,,,,,
412,4,胎儿或婴儿,fetus or infant,P08.0,0.9211469292640686,,,,,
412,5,伴有梗阻性分娩,with obstructed labor,O66.2,0.9513052701950073,,,,,
412,5,引起胎盆不称,causing disproportion,O33.5,0.964609682559967,,,,,
412,5,影响妊娠处理,affecting management of pregnancy,O36.6,0.9620122313499451,,,,,
412,3,短,short,,0.9983470439910889,,,,,
412,4,脐带,umbilical cord,,0.7931046485900879,,,,,
412,5,并发于产程或分娩,complicating labor or delivery,O69.3,0.9781635999679565,,,,,
412,5,影响到胎儿或新生儿,affecting fetus or newborn,P02.6,0.9736826419830322,,,,,
412,4,器官或部位，先天性NEC-见异常，按部位,"— organ or site, congenital NEC - see Anomaly,by site",,0.9798833131790161,,,,,
412,3,发育，乳房,"development, breast",N62,0.9430854320526123,,,,,
412,3,分泌物(另见分泌过多),secretion (see also Hypersecretion),,0.9979077577590942,,,,,
412,4,汗,sweat,R61.9,0.9217419624328613,,,,,
412,4,乳汁,milk,O92.6,0.9133424758911133,,,,,
412,4,痰,sputum,R09.3,0.9598798751831055,,,,,
412,3,寒冷，的效应,"cold, effects of",T69.9,0.9663775563240051,,,,,
412,4,特指的效应NEC,specified effect NEC,T69.8,0.968607485294342,,,,,
412,3,胡萝卜素(饮食性),"carotene, carotin (dietary)",E67.1,0.9944588541984558,,,,,
412,3,集中[辐凑],convergence,H51.1,0.9947836995124817,,,,,
412,3,钾,"kalium, potassium (K)",E87.5,0.9445205330848694,,,,,
412,3,进食,eating,R63.2,0.9773218631744385,,,,,
412,3,口渴,thirst,R63.1,0.9307019114494324,,,,,
412,4,由于缺水,due to deprivation of water,T73.1,0.9508726596832275,,,,,
412,3,流涎,salivation,K11.7,0.9312828779220581,,,,,
412,3,磨耗，牙,"attrition, tooth, teeth",K03.0,0.9900366067886353,,,,,
412,3,钠,"natrium, sodium (Na)",E87.0,0.9830134510993958,,,,,
412,3,皮肤，眼睑(后天性),"skin, eyelid (acquired)",H02.3,0.9814338684082031,,,,,
412,4,先天性,congenital,Q10.3,0.9543928503990173,,,,,
412,3,热(另见热),heat (see also Heat),T67.9,0.98952317237854,,,,,
412,3,散开[双眼外展],divergence,H51.8,0.9731639623641968,,,,,
412,3,痰,sputum,R09.3,0.9729292392730713,,,,,
412,3,维生素,vitamin,,0.9358069896697998,,,,,
412,4,A(饮食性)A,A (dietary),E67.0,0.9872944951057434,,,,,
412,5,作为药物给予(慢性)(长期过度服用),administered as drug (chronic) (prolonged excessive intake),E67.0,0.9757484793663025,,,,,
412,6,对突然过量的反应,reaction to sudden overdose,T45.2 E67.0,0.9658482670783997,,,,,
412,4,D(饮食性),D (dietary),E67.3,0.9589817523956299,,,,,
412,5,作为药物给予(慢性)(长期过度服用),administered as drug (chronic) (prolonged excessive intake),E67.3,0.9712038040161133,,,,,
412,6,对突然过量的反应,reaction to sudden overdose,T45.2 E67.3,0.9686041474342346,,,,,
412,3,性欲(亢进),sexual drive,F52.7,0.9617112874984741,,,,,
412,3,雄激素(卵巢),androgen (ovarian),E28.1,0.9753900766372681,,,,,
413,3,血中酒精水平,alcohol level in blood,R78.0,0.9600159525871277,,,,,
413,3,牙数目,number of teeth,K00.1,0.9607878923416138,,,,,
413,4,引起密集,causing crowding,K07.3,0.9795730710029602,,,,,
413,3,饮(酒) NEC,drinking (alcohol) NEC,F10.0,0.9491913318634033,,,,,
413,4,习惯性(持续性),habitual (continual),F10.2,0.9655700922012329,,,,,
413,3,营养(饮食性)NEC,nutrient (dietary) NEC,E67.8,0.9672185182571411,,,,,
413,3,月经(具有规则周期),menstruation (with regular cycle),N92.0,0.9862432479858398,,,,,
413,4,具有不规则周期,with irregular cycle,N92.1,0.9767988324165344,,,,,
413,3,脂肪,fat,E66.9,0.9485584497451782,,,,,
413,4,局部性,localized,E65,0.9368340969085693,,,,,
413,4,心脏内(另见变性，心肌),"in heart (see also Degeneration, myocardial)",I51.5,0.9634796977043152,,,,,
413,2,过度刺激，卵巢(与诱导排卵有关),"Hyperstimulation, ovaries (associated with induced ovulation)",N98.1,0.9891249537467957,,,,,
413,2,过度生长，骨NEC,"Overgrowth, bone NEC",M89.3,0.9923961162567139,,,,,
413,2,过多,Overload,,0.9999730587005615,,,,,
413,3,钾(K),potassium (K),E87.5,0.9326371550559998,,,,,
413,3,钠(Na),sodium (Na),E87.0,0.925168514251709,,,,,
413,3,体液,fluid,E87.7,0.956633985042572,,,,,
413,2,过分担心,Worried well,Z71.1,0.9977844953536987,,,,,
413,2,过量(药物),"Overdose, overdosage (drug)",T50.9,0.989369809627533,,,,,
413,3,特指的药物或物质 -见药物和化学制剂表,specified drug or substance - see Table of drugs and chemicals,,0.9801115989685059,,,,,
413,2,过敏，敏感(另见变态反应),"Allergy, Hypersensitive, Hypersensitiveness, Hypersensitivity, Sensitive, sensitivity (see also Allergy)",T78.4,0.9839515686035156,,,,,
413,3,反应,reaction,T78.4,0.9674643874168396,,,,,
413,4,上呼吸道NEC,upper respiratory tract NEC,J39.3,0.9777359366416931,,,,,
413,3,肺炎(另见肺炎，变应性),"pneumonitis (see also Pneumonitis, allergic)",J67.9,0.9939296841621399,,,,,
413,3,颈动脉窦,carotid sinus,G90.0,0.9973100423812866,,,,,
413,3,冷型，自身免疫性,"cold, autoimmune",D59.1,0.9959496259689331,,,,,
413,3,痛,pain,R20.8,0.9583723545074463,,,,,
413,3,胃肠,gastrointestinal,K52.2,0.9735215902328491,,,,,
413,4,心因性,psychogenic,F45.3,0.9878899455070496,,,,,
413,3,牙本质,dentin,K03.8,0.9492416381835938,,,,,
413,3,药物(另见变态反应，药物),"drug (see also Allergy, drug)",T88.7,0.9772388339042664,,,,,
413,3,正铁血红蛋白,methemoglobin,D74.8,0.9821634292602539,,,,,
413,2,过敏,Anaphylaxis,T78.2,0.9808750152587891,,,,,
413,2,过敏性休克或反应- 见休克，过敏性,"Anaphylactic[Anaphylactoid] shock or reaction - see Shock, anaphylactic",,0.9700775146484375,,,,,
413,2,过期(妊娠)(对母体),Post-dates (pregnancy) (mother),O48,0.9641978144645691,,,,,
413,2,过桥恐怖,Gephyrophobia,F40.2,0.9856618046760559,,,,,
413,2,过热(场所)-见热,Overheated (places) - see Heat,,0.9905700087547302,,,,,
413,2,过熟儿(胎儿或新生儿),"Hypermaturity, Postmaturity, Postmature (fetus or newborn)",P08.2,0.9978586435317993,,,,,
413,3,影响妊娠处理,affecting management of pregnancy,O48,0.9828588366508484,,,,,
414,2,过月(妊娠)(对母体),Post-term (pregnancy) (mother),O48,0.9712653756141663,,,,,
414,3,婴儿,infant,P08.2,0.963394045829773,,,,,
414,2,过早 - 另见情况,Premature - see also condition,,0.9387345910072327,,,,,
414,3,闭合，卵圆孔,"closure, foramen ovale",Q21.8,0.9494151473045349,,,,,
414,3,剥离，胎盘(部分性)(另见胎盘早剥),"separation, placenta (partial) (see also Abruptio placentae)",O45.9,0.9784953594207764,,,,,
414,3,搏动,beats,I49.4,0.9537355899810791,,,,,
414,4,心房,atrial,I49.1,0.965122640132904,,,,,
414,3,出生[早产儿] NEC,birth NEC,P07.3,0.9714868068695068,,,,,
414,3,分娩[早产],delivery,O60.1,0.9716634750366211,,,,,
414,3,绝经,menopause,E28.3,0.9885609149932861,,,,,
414,3,老年化[早老],aging,E34.8,0.9666139483451843,,,,,
414,3,破裂，胎膜或羊膜(另见破裂，胎膜，过早),"rupture, membranes or amnion (see also Rupture, membranes, premature)",O42.9,0.9544178247451782,,,,,
414,4,影响到胎儿或新生儿,affecting fetus or newborn,P01.1,0.9920511841773987,,,,,
414,3,青春期[性早熟],puberty,E30.1,0.9783329963684082,,,,,
414,3,乳房发育,thelarche,E30.8,0.9529518485069275,,,,,
414,3,射精[早泄],ejaculation,F52.4,0.9974309206008911,,,,,
414,3,肾上腺功能早现,adrenarche,E27.0,0.9877671599388123,,,,,
414,3,收缩,contraction,,0.9970660209655762,,,,,
414,4,房室,atrioventricular,I49.2,0.9419847130775452,,,,,
414,4,交界性,junctional,I49.2,0.9526596665382385,,,,,
414,4,心房,atrial,I49.1,0.9404484629631042,,,,,
414,4,心室,ventricular,I49.3,0.9607947468757629,,,,,
414,4,心脏(期外收缩),heart (extrasystole),I49.4,0.954653263092041,,,,,
414,3,衰老,senility,E34.8,0.9764121174812317,,,,,
414,3,心室收缩,ventricular systole,I49.3,0.9956251978874207,,,,,
414,2,过重(另见肥胖症),Overweight (see also Obesity),E66.9,0.9901698231697083,,,,,
415,0,H,,,0.999861478805542,,,,,
415,1,hā 哈,,,0.9993059635162354,,,,,
415,2,哈佛山热[流行性关节红斑],Haverhill fever,A25.1,0.9642683863639832,,,,,
415,2,哈福病[哈福海湾渔民砷中毒],Haff disease,T61.2,0.9943034648895264,,,,,
415,2,哈格隆德病或哈格隆德骨软骨病(幼年)(外胫骨),Haglund's disease or osteochondrosis (juvenile) (os tibiale externum),M92.6,0.9937124848365784,,,,,
415,2,哈格曼因子缺陷、缺乏或病,"Hageman's factor defect, deficiency or disease",D68.2,0.9998698830604553,,,,,
415,2,哈勒曼-斯特雷夫综合征[眼-下颌-面部综合征],Hallermann-Streiff syndrome,Q87.0,0.9948731660842896,,,,,
415,2,哈勒沃登-施帕茨病,Hallervorden-Spatz disease,G23.0,0.9999030828475952,,,,,
415,2,哈里斯线[骺横线],Harris' lines,M89.1,0.9845836162567139,,,,,
415,2,哈利病[间歇性血红蛋白尿],Harley's disease,D59.6,0.9992193579673767,,,,,
415,2,哈曼-里奇综合征,Hamman-Rich syndrome,J84.1,0.9999396204948425,,,,,
415,2,哈齐森 - 现译名 哈钦森,Hutchinson,,0.9230638742446899,,,,,
415,2,哈欠,Yawning,R06.8,0.9992751479148865,,,,,
415,3,心因性,psychogenic,F45.3,0.9943297505378723,,,,,
415,2,哈钦森 - 曾用名 郝秦生,Hutchinson's,,0.9225272536277771,,,,,
415,3,三联症(先天性梅毒),triad (congenital syphilis),A50.5,0.9854574203491211,,,,,
415,3,病，意指,disease meaning,,0.9942113161087036,,,,,
415,4,匐行性血管瘤,angioma serpiginosum,L81.7,0.9451781511306763,,,,,
415,4,汗疱疹,pompholyx,L30.1,0.9918814301490784,,,,,
415,4,夏季疹或夏令痒疹,summer eruption or summer prurigo,L56.4,0.9865214824676514,,,,,
415,4,夏令痒疹,prurigo estivalis,L56.4,0.9799079895019531,,,,,
415,3,黑素雀斑(M8742/2)-见黑色素瘤，原位,"melanotic freckle (M8742/2) - see Melanoma, in situ",,0.9865489602088928,,,,,
415,4,恶性黑(色素)瘤中的(M8742/3)-见 黑色素瘤,malignant melanoma in (M8742/3) - see Melanoma,,0.9733436703681946,,,,,
415,3,牙或切牙(先天性梅毒),teeth or incisors (congenital syphilis),A50.5,0.9850975275039673,,,,,
415,2,哈钦森-伯克病或综合征(另见 结节病),Hutchinson-Boeck disease or syndrome (see also Sarcoidosis),D86.9,0.9840847849845886,,,,,
415,2,哈钦森-吉尔福特病或综合征[早老],Hutchinson-Gilford disease or syndrome,E34.8,0.984165608882904,,,,,
415,2,哈斯病或骨软骨病(幼年)(肱骨头),Haas' disease or osteochondrosis (juvenile) (head of humerus),M92.0,0.9881381988525391,,,,,
415,2,哈索尔-亨利小体或疣(角膜),Hassal-Henle bodies or warts (cornea),H18.4,0.9988289475440979,,,,,
415,2,哈特纳普病,Hartnup's disease,E72.0,0.9998997449874878,,,,,
415,1,hǎi 海,,,0.9574349522590637,,,,,
415,2,海尔迈尔-舍纳病(M9842/3),Heilmeyer-Schoner disease (M9842/3),C94.1,0.9819294214248657,,,,,
415,2,海加思结,Haygarth's nodes,M15.8,0.9999499917030334,,,,,
416,3,肾(髓样),kidney (medullary),Q61.5,0.9670229554176331,,,,,
416,3,意外遗留在手术伤口内,inadvertently left in operation wound,T81.5,0.9985429644584656,,,,,
416,2,海绵体炎(阴茎),"Cavernitis, Cavernositis (penis)",N48.2,0.9893772006034851,,,,,
416,2,海绵状 - 见情况,Cavernous - see condition,,0.9620229005813599,,,,,
416,2,海绵状成神经细胞瘤[神经胶质母细胞瘤](M9504/3)-见肿瘤，恶性,"Spongioneuroblastoma (M9504/3) - see Neoplasm, malignant",,0.9914716482162476,,,,,
416,2,海涅-梅丁病,Heine-Medin disease,A80.9,0.999542772769928,,,,,
416,2,海水浴耳病,Beach ear,H60.3,0.9625661373138428,,,,,
416,1,hán 含,,,0.9864622354507446,,,,,
416,2,含铁血黄素沉着症,Hemosiderosis,E83.1,0.9885139465332031,,,,,
416,3,肺，特发性,"pulmonary, idiopathic",E83.1+ J99.8*,0.9576249122619629,,,,,
416,3,输血性,transfusion,T80.8,0.9701951146125793,,,,,
416,3,饮食性,dietary,E83.1,0.9836167097091675,,,,,
416,2,含牙囊肿,Dentigerous cyst,K09.0,0.9738836288452148,,,,,
416,1,hán 寒,,,0.9847890734672546,,,,,
416,2,寒战(另见疟疾),"Ague, Chill(s), Rigors (see also Malaria)",R68.8,0.998643159866333,,,,,
416,3,伴有发热,with fever,R50.8,0.9920662045478821,,,,,
416,3,脓毒性-见败血症,septic - see Septicemia,,0.9726510047912598,,,,,
416,1,hàn 汉,,,0.999918520450592,,,,,
416,2,汉-许-克病或综合征- 现译名慢性特发性组织细胞增多症,Hand-Schler-Christian disease or syndrome,,0.9781213998794556,,,,,
416,2,汉哈特综合征,Hanhart's syndrome,Q87.0,0.9999597668647766,,,,,
416,2,汉森病(另见麻风),Hansen's disease (see also Leprosy),A30.9,0.9996943473815918,,,,,
416,2,汉滩病毒病(朝鲜出血热),Hantaan virus disease (Korean hemorrhagic fever),A98.5+ N08.0*,0.9522704482078552,,,,,
416,2,汉坦病毒病(伴有肾脏表现)(多布拉伐)(普马拉)(首尔),Hantavirus disease (with renal manifestations) (Dobrava) (Puumala) (Seoul),A98.5+ N08.0*,0.980588436126709,,,,,
416,3,伴有肺部表现(安第斯)(牛轭湖)(贝尔梅霍)(污黑小河沟)(乔克洛)(茹奎蒂巴)(拉古纳内格拉)(莱奇瓜纳斯)(纽约)(奥兰)(无名[辛诺柏]病毒),with pulmonary manifestations (Andes) (Bayou) (Bermejo) (Black Creek Canal) (Choclo) (Juquitiba) (Laguna negra) (Lechiguanas) (New York) (Oran) (Sin Nombre),B33.4+ J17.1*,0.9790664315223694,,,,,
416,1,hàn 汗,,,0.9767190217971802,,,,,
416,2,汗,"Sweat, sweats",,0.9985981583595276,,,,,
416,3,臭,fetid,L75.0,0.9610207676887512,,,,,
416,3,夜[盗汗],night,R61.9,0.9474579691886902,,,,,
416,2,汗管瘤(M8407/0)-另见肿瘤，皮肤，良性,"Syringoma (M8407/0) - see also Neoplasm, skin, benign",,0.9811438918113708,,,,,
416,3,软骨样(M8940/0),chondroid (M8940/0),D23.9,0.9848377704620361,,,,,
417,3,乳头状(M8406/0),"see also Neoplasm, skin, benign",D23.9,0.9881485104560852,,,,,
417,2,汗孔角化病,Porokeratosis,Q82.8,0.9986092448234558,,,,,
417,2,汗疱疹，出汗障碍,"Dyshidrosis, dysidrosis, Pompholyx",L30.1,0.9689599275588989,,,,,
417,2,汗腺囊瘤(M8404/0)-见肿瘤，皮肤，良性,"Hidrocystoma, Hydrocystoma (M8404/0) - see Neoplasm, skin, benign",,0.9982846975326538,,,,,
417,2,汗腺腺瘤(结节性)(M8400/0)-另见肿瘤，皮肤，良性,"Hidradenoma, Hydradenoma, Spiradenoma (nodular) (M8400/0) - see also Neoplasm, skin, benign",,0.9838893413543701,,,,,
417,3,乳头状(M8405/0),papillary (M8405/0),,0.9662510752677917,,,,,
417,3,透明细胞(M8402/0),clear cell (M8402/0),,0.9662860035896301,,,,,
417,3,外分泌性(M8403/0)-见肿瘤，皮肤，良性,"eccrine (M8403/0) - see Neoplasm, skin, benign",,0.9873018264770508,,,,,
417,2,汗腺炎(腋窝)(化脓性),"Hidradenitis, Hydradenitis, Hydroadenitis, Hydrosadenitis (axillaris) (suppurative)",L73.2,0.9937384128570557,,,,,
417,2,汗腺硬结，外分泌性(M8402/0)-见肿瘤，皮肤，良性,"Poroma, eccrine (M8402/0) - see Neoplasm, skin, benign",,0.9966010451316833,,,,,
417,1,háng 航,,,0.9276697039604187,,,,,
417,2,航空鼻窦炎,Aerosinusitis,T70.1,0.9595277905464172,,,,,
417,2,航空牙痛,Aerodontalgia,T70.2,0.9999510049819946,,,,,
417,2,航空者,Aviator's,,0.9999200105667114,,,,,
417,3,病[航空病](另见效应，有害，高海拔),"disease or sickness (see also Effects, adverse, high altitude)",T70.2,0.9880282878875732,,,,,
417,3,耳[航空性中耳炎],ear,T70.0,0.9638835191726685,,,,,
417,2,航空中耳炎,Aero-otitis media,T70.0,0.9982503652572632,,,,,
417,1,hǎo 郝,,,0.9984258413314819,,,,,
417,2,郝秦生-现译名哈钦森,Hutchinson,,0.9993273019790649,,,,,
417,1,hào 好,,,0.9035447239875793,,,,,
417,2,好鹦鹉者病或好鹦鹉者肺,Budgerigar fancier's disease or lung,J67.2,0.9712914824485779,,,,,
417,2,好争吵,Quarrelsomeness,F60.3,0.9902696013450623,,,,,
417,1,hē 喝,,,0.9994759559631348,,,,,
417,2,喝-又称饮,Drinking,,0.9682321548461914,,,,,
417,2,喝啤酒者心脏(病),Beer drinker's heart (disease),I42.6,0.9740663766860962,,,,,
417,1,hé 合,,,0.9116349816322327,,,,,
417,2,合并的 - 见情况,Combined - see condition,,0.967515230178833,,,,,
417,2,合理错位,Corrected transposition,Q20.5,0.9999562501907349,,,,,
417,1,hé 何,,,0.9997387528419495,,,,,
417,2,何杰金-现译名霍奇金,Hodgkin,,0.9997119903564453,,,,,
418,1,hé 河,,,0.9998736381530762,,,,,
418,2,河盲病-见盘尾丝虫病,River blindness,,0.9994468688964844,,,,,
418,1,hé 核,,,0.9998922348022461,,,,,
418,2,核黄素缺乏(病),"Ariboflavinosis, Riboflavin deficiency",E53.0,0.9651945233345032,,,,,
418,2,核型 - 另见情况,Karyotype - see also condition,,0.9451988935470581,,,,,
418,3,"45,X","45, X",Q96.0,0.9764733910560608,,,,,
418,3,"46,X","46, X",,0.9877547025680542,,,,,
418,4,伴有异常，除外同种(Xq),with abnormality except iso (Xq),Q96.2,0.9731376767158508,,,,,
418,4,同种(Xq),iso (Xq),Q96.1,0.9222139716148376,,,,,
418,3,"46,XX","46,XX",,0.8748852610588074,,,,,
418,4,伴有条纹性腺,with streak gonads,Q99.1,0.9858484864234924,,,,,
418,4,两性同体(真),hermaphrodite (true),Q99.1,0.9641504883766174,,,,,
418,4,男性,male,Q98.3,0.9622854590415955,,,,,
418,5,见于克兰费尔特综合征,in Klinefelter's syndrome,Q98.2,0.961962103843689,,,,,
418,3,"46,XY","46,XY",,0.9874312877655029,,,,,
418,4,伴有条纹性腺,with streak gonads,Q99.1,0.9772664904594421,,,,,
418,4,女性,female,Q97.3,0.942305862903595,,,,,
418,3,"47,XXX","47, XXX",Q97.0,0.957541823387146,,,,,
418,3,"47,XXY，伴有克兰费尔特综合征","47, XXY, with Klinefelter's syndrome",Q98.0,0.9400567412376404,,,,,
418,3,"47,XYY","47, XYY",Q98.5,0.9796484708786011,,,,,
418,2,核异常性宫颈涂片,Dyskaryotic cervical smear,R87.6,0.9855480790138245,,,,,
418,1,hé 验,,,0.7957670092582703,,,,,
418,2,验,"Occlusion, occluded",,0.43424326181411743,,,,,
418,3,创伤性,traumatic,,0.9899099469184875,,,,,
418,4,无牙牙槽嵴,edentulous (alveolar) ridge,K06.2,0.9671225547790527,,,,,
418,4,牙龈,gingiva,K06.2,0.9485563635826111,,,,,
418,4,牙周,periodontal,K05.5,0.9493570327758789,,,,,
418,3,下颌牙齿后部舌侧,"posterior lingual, of mandibular teeth",K07.2,0.9668661952018738,,,,,
418,3,牙龈，创伤性,"gingiva, traumatic",K06.2,0.9904251098632812,,,,,
418,1,hé 颌,,,0.9824126362800598,,,,,
418,2,颌动瞬目现象或颌动瞬目现象综合征,Jaw-winking phenomenon or syndrome,Q07.8,0.9979730248451233,,,,,
418,1,hè 赫,,,0.9998694062232971,,,,,
418,2,赫伯登病或结节(伴有关节病),Heberden's disease or nodes (with arthropathy),M15.1,0.9955095052719116,,,,,
418,2,赫尔病[糖原贮积症],Hers' disease,E74.0,0.992671549320221,,,,,
419,2,赫克斯海默反应,Herxheimer's reaction,T78.2,0.9637945890426636,,,,,
419,2,赫勒病或赫勒综合征[蜕变性精神病],Heller's disease or syndrome,F84.3,0.9799852967262268,,,,,
419,2,赫里克贫血(另见病，镰状细胞),"Herrick's anemia (see also Disease, sickle-cell)",D57.1,0.9952647089958191,,,,,
419,2,赫利茨综合征,Herlitz' syndrome,Q81.1,0.9913376569747925,,,,,
419,2,赫日曼斯基-普德拉克综合征,Hermansky-Pudlak syndrome,E70.3,0.9999477863311768,,,,,
419,2,赫斯特病[急性和亚急性出血性脑白质炎],Hurst's disease,G36.1,0.9998332858085632,,,,,
419,2,赫脱-吉综合征[幼儿乳糜泻、非热带性口炎性腹泻],Herter-Gee syndrome,K90.0,0.9468775987625122,,,,,
419,2,赫希施斯普龙 - 现译名 希尔施普龙,Hirschsprung,,0.942555844783783,,,,,
419,1,hè 褐,,,0.9985823631286621,,,,,
419,2,褐黄病(内源性),Ochronosis (endogenous),E70.2,0.9702616930007935,,,,,
419,3,伴有眼睑褐黄斑,with chloasma of eyelid,E70.2+ H03.8*,0.9677861928939819,,,,,
419,1,hēi 黑,,,0.9994709491729736,,,,,
419,2,黑,Black,,0.9998947978019714,,,,,
419,3,肺,lung,J60,0.9225045442581177,,,,,
419,3,毛舌,hairy tongue,K14.3,0.9801268577575684,,,,,
419,3,眼,eye,S00.1,0.9511393308639526,,,,,
419,2,黑斑病,Melasma,L81.1,0.9999358654022217,,,,,
419,3,艾迪生,suprarenal (gland),E27.1,0.9799509048461914,,,,,
419,3,肾上(腺),adrenal (gland),E27.1,0.9885867834091187,,,,,
419,2,黑变病[黑色素沉着病],Melanosis,L81.4,0.9948721528053284,,,,,
419,3,癌前(M8741/2)-另见黑色素瘤，原位,"precancerous (M8741/2) - see also Melanoma, in situ",,0.9846435785293579,,,,,
419,4,恶性黑(色素)瘤中的(M8741/3)-见黑色素瘤,malignant melanoma in (M8741/3) - see Melanoma,,0.9874768853187561,,,,,
419,3,艾迪生病,addisonian,E27.1,0.9297549724578857,,,,,
419,4,结核性,tuberculous,A18.7+ E35.1*,0.9772229194641113,,,,,
419,3,肝,liver,K76.8,0.9803176522254944,,,,,
419,3,巩膜,sclera,H15.8,0.9860247373580933,,,,,
419,4,先天性,congenital,Q13.8,0.9497038125991821,,,,,
419,3,焦油性,tar,L81.4,0.9659422039985657,,,,,
419,3,角膜(早老性)(老年性),cornea (presenile) (senile),H18.0,0.9745802283287048,,,,,
419,4,先天性,congenital,Q13.4,0.9300569295883179,,,,,
419,3,结肠,colon,K63.8,0.9865229725837708,,,,,
419,3,结膜,conjunctiva,H11.1,0.9712151288986206,,,,,
419,4,先天性,congenital,Q13.8,0.932666003704071,,,,,
419,3,里尔,Riehl's,L81.4,0.9886476993560791,,,,,
419,3,肾上腺,"adrenal, suprarenal",E27.1,0.9984190464019775,,,,,
419,3,眼NEC,eye NEC,H57.8,0.9808669686317444,,,,,
419,4,先天性,congenital,Q15.8,0.975222110748291,,,,,
419,3,中毒性,toxic,L81.4,0.9668099284172058,,,,,
420,2,黑布拉,Hebra's,,0.9999635219573975,,,,,
420,3,糠疹,pityriasis,L26,0.9851850867271423,,,,,
420,3,痒疹,prurigo,L28.2,0.9896476864814758,,,,,
420,2,黑尔普综合征,Hellp syndrome,O14.1,0.9701170325279236,,,,,
420,2,黑粪,Melena,K92.1,0.9640238881111145,,,,,
420,3,伴有溃疡(另见溃疡，按部位，伴有出血),"with ulcer (see also Ulcer, by site, with hemorrhage)",K27.4,0.9469403028488159,,,,,
420,3,新生儿,"newborn, neonatal",P54.1,0.9682899713516235,,,,,
420,4,吞咽母血引起的,due to swallowed maternal blood,P78.2,0.9717708826065063,,,,,
420,2,黑福特病[眼色素层腮腺炎],Heerfordt's disease,D86.8,0.9979915618896484,,,,,
420,2,黑格林异常或黑格林综合征,Hegglin's anomaly or syndrome,D72.0,0.9996733665466309,,,,,
420,2,黑利-黑利病[家族性良性天疱疮],Hailey-Hailey disease,Q82.8,0.9857726097106934,,,,,
420,2,黑瘤-现译名黑色素瘤,Melanoma,,0.9735032320022583,,,,,
420,2,黑毛舌,Hairy black tongue,K14.3,0.9998149871826172,,,,,
420,2,黑矇(后天性)(先天性)(另见盲),Amaurosis (acquired) (congenital) (see also Blindness),H54.0,0.9899693727493286,,,,,
420,3,莱伯，先天性,Leber's congenital,H35.5,0.9850309491157532,,,,,
420,3,尿毒症性-见尿毒症,uremic - see Uremia,,0.9816071391105652,,,,,
420,3,过性,fugax,G45.3,0.8983227610588074,,,,,
420,3,癔症性,hysterical,F44.6,0.960164487361908,,,,,
420,2,黑矇性白痴(婴儿期)(幼年期)(晚期),Amaurotic idiocy (infantile) (juvenile) (late),E75.4,0.9832906723022461,,,,,
420,2,黑尿,Melanuria,R82.9,0.9999832510948181,,,,,
420,2,黑皮病,"Melanoderma, melanodermia",L81.4,0.9728875756263733,,,,,
420,2,黑热病[内脏利什曼病],"Burdwan fever, Kala-azar, Sahib disease",B55.0,0.9997687935829163,,,,,
420,2,黑塞尔巴赫疝[筛筋膜疝]-见疝，腹，特指部位NEC,"Hesselbach's hernia - see Hernia, abdomen, specified site NEC",,0.9902918934822083,,,,,
420,2,黑色呕吐物-见热，黄热,"Vomito negro - see Fever, yellow",,0.9987785220146179,,,,,
420,2,黑色素瘤(恶性)(M8720/3),Melanoma (malignant) (M8720/3),C43.9,0.9979285001754761,,,,,
420,3,注：除在其他处另有说明外，列在下面的黑色素瘤的形态学类型应按部位以“黑色素瘤(恶性)”进行编码，即根据列在“部位分类”下的部位编码。体内部位应编码于这些部位的恶性肿瘤。,"Note: Except where otherwise indicated, the morpholo- gical varieties of melanoma in the list below should be coded by site as for 'Melanoma (malignant)', i.e. according to the list under 'site classification' below. Internal sites should be coded to malignant neoplasm of those sites.",,0.9902626276016235,,,,,
420,3,表面扩散性(M8743/3),superficial spreading (M8743/3),,0.9978519082069397,,,,,
420,3,部位分类,site classification,,0.9940670728683472,,,,,
420,4,包皮,"foreskin, prepuce",C60.0,0.9414198398590088,,,,,
420,4,背,back,C43.5,0.9096052646636963,,,,,
420,4,鼻(外),nose (external),C43.3,0.9279859662055969,,,,,
420,4,鼻唇沟,nasolabial groove,C43.3,0.9682220220565796,,,,,
420,4,鼻翼,ala nasi,C43.3,0.9541842341423035,,,,,
420,4,臂,arm,C43.6,0.9554281234741211,,,,,
420,4,耻骨部,pubes,C43.5,0.9847642779350281,,,,,
420,4,唇(下)(上),lip (lower) (upper),C43.0,0.9437142014503479,,,,,
420,4,大腿,thigh,C43.7,0.9567661285400391,,,,,
421,4,额,brow,C43.3,0.3761047422885895,,,,,
421,4,耳(外),ear (external),C43.2,0.9560860991477966,,,,,
421,4,耳道(外),auditory(auricular) canal (external),C43.2,0.937581479549408,,,,,
421,4,耳廓,"auricle (ear), pinna",C43.2,0.8677953481674194,,,,,
421,4,耳轮,helix,C43.2,0.9329420924186707,,,,,
421,4,腹壁,abdominal wall,C43.5,0.9700035452842712,,,,,
421,4,腹股沟,groin,C43.5,0.9401601552963257,,,,,
421,4,肝(原发性),liver (primary),C22.9,0.3538323640823364,,,,,
421,4,肛门,"anus, anal",C21.0,0.3375227451324463,,,,,
421,5,缘(皮肤),margin (skin),C43.5,0.5358880162239075,,,,,
421,4,肛周皮肤,perianal skin,C43.5,0.35937362909317017,,,,,
421,4,腘窝或间隙,popliteal fossa or space,C43.7,0.9466817378997803,,,,,
421,4,虹膜,iris,C69.4,0.5152317881584167,,,,,
421,4,踝,ankle,C43.7,0.21447719633579254,,,,,
421,4,会阴,perineum,C43.5,0.6025848388671875,,,,,
421,4,颊(外),cheek (external),C43.3,0.39999720454216003,,,,,
421,4,甲,nail,C43.9,0.9558164477348328,,,,,
421,5,脚趾,toe,C43.7,0.8388516306877136,,,,,
421,5,手指,finger,C43.6,0.3462623059749603,,,,,
421,4,肩,shoulder,C43.6,0.44706404209136963,,,,,
421,4,肩胛间区,interscapular region,C43.5,0.5304027795791626,,,,,
421,4,脚趾,toe,C43.7,0.5022357106208801,,,,,
421,4,结膜,conjunctiva,C69.0,0.4017943739891052,,,,,
421,4,颈,neck,C43.4,0.25513139367103577,,,,,
421,4,颏,chin,C43.3,0.6492226123809814,,,,,
421,4,髋,hip,C43.7,0.9327871203422546,,,,,
421,4,眶,orbit,C69.6,0.9409947991371155,,,,,
421,4,泪腺,lacrimal gland,C69.5,0.9606331586837769,,,,,
421,4,脉络膜,choroid,C69.3,0.9850017428398132,,,,,
421,4,眉间,glabella,C43.3,0.9406072497367859,,,,,
421,4,眉毛,eyebrow,C43.3,0.9393064379692078,,,,,
421,4,面部 NEC,face NEC,C43.3,0.955234169960022,,,,,
421,4,男性生殖器(外)NEC,male genital organ (external) NEC,C63.9,0.9683823585510254,,,,,
421,4,颞,temple,C43.3,0.9216340184211731,,,,,
421,4,女性生殖器(外)NEC,female genital organ (external) NEC,C51.9,0.9846274852752686,,,,,
421,4,皮肤 NEC,skin NEC,C43.9,0.9393738508224487,,,,,
421,4,脐,umbilicus,C43.5,0.969451367855072,,,,,
421,4,前臂,forearm,C43.6,0.9704196453094482,,,,,
421,4,前额,forehead,C43.3,0.9724794030189514,,,,,
421,4,球后,retrobulbar,C69.6,0.9544512629508972,,,,,
421,4,躯干 NEC,trunk NEC,C43.5,0.9296841025352478,,,,,
421,4,乳房(女性)(男性),breast (female) (male),C43.5,0.9601143002510071,,,,,
421,4,乳房下襞,submammary fold,C43.5,0.9610944986343384,,,,,
422,4,上肢 NEC,upper limb NEC,C43.6,0.9125932455062866,,,,,
422,4,视网膜,retina,C69.2,0.9669011831283569,,,,,
422,4,手指,finger,C43.6,0.9568598866462708,,,,,
422,4,特指部位NEC-见肿瘤，恶性,"specified site NEC - see Neoplasm, malignant",,0.9689148664474487,,,,,
422,4,头皮,scalp,C43.4,0.9456207752227783,,,,,
422,4,腿,leg,C43.7,0.959094762802124,,,,,
422,4,臀部,"buttock, gluteal region, nates",C43.5,0.984374463558197,,,,,
422,4,外口(耳),external meatus (ear),C43.2,0.9233790040016174,,,,,
422,4,外阴,vulva .,C51.9,0.9130092263221741,,,,,
422,4,膝,knee,C43.7,0.9640984535217285,,,,,
422,4,下颌(外),jaw (external),C43.3,0.9740108251571655,,,,,
422,4,下肢 NEC,lower limb NEC,C43.7,0.9587782025337219,,,,,
422,4,胁腹,flank,C43.5,0.976348340511322,,,,,
422,4,胸壁,chest wall,C43.5,0.9839494228363037,,,,,
422,4,眼,eye,C69.9,0.9616146087646484,,,,,
422,4,眼睑(下)(上),"eyelid, palpebra (lower) (upper)",C43.1,0.9743479490280151,,,,,
422,4,腋襞,"axilla, axillary fold",C43.5,0.9767252802848816,,,,,
422,4,阴部,pudendum,C51.9,0.9561790823936462,,,,,
422,4,阴唇,labium,C51.9,0.9667678475379944,,,,,
422,5,大,majus,C51.0,0.8592832088470459,,,,,
422,5,小,minus,C51.1,0.8894886374473572,,,,,
422,4,阴茎,penis,C60.9,0.9458432793617249,,,,,
422,4,阴囊,scrotum,C63.2,0.3074423372745514,,,,,
422,4,肘,elbow,C43.6,0.9431052207946777,,,,,
422,4,眦(眼),canthus (eye),C43.1,0.9785945415496826,,,,,
422,4,足,foot,C43.7,0.9041664600372314,,,,,
422,4,足跟,heel,C43.7,0.972942590713501,,,,,
422,3,促结缔组织增生性，恶性(M8745/3),"desmoplastic, malignant (M8745/3)",,0.9900270104408264,,,,,
422,3,恶性，软组织的(M9044/3)-见肿瘤，结缔组织，恶性,"malignant, of soft parts (M9044/3) - see Neoplasm, connective tissue, malignant",,0.9877700805664062,,,,,
422,3,见于,in,,0.9410157203674316,,,,,
422,4,癌前黑变病(M8741/3),precancerous melanosis (M8741/3),,0.9558219313621521,,,,,
422,4,哈钦森黑素雀斑(M8742/3),Hutchinson's melanotic freckle (M8742/3),,0.9921095371246338,,,,,
422,4,交界痣(M8740/3),junctional nevus (M8740/3),,0.9282890558242798,,,,,
422,4,巨大色素痣(M8761/3),giant pigmented nevus (M8761/3),,0.9405241012573242,,,,,
422,3,结节性(M8721/3),nodular (M8721/3),,0.9639400839805603,,,,,
422,3,良性(M8720/0)-见痣,benign (M8720/0) - see Nevus,,0.986957848072052,,,,,
422,3,气球细胞(M8722/3),balloon cell (M8722/3),,0.9948430061340332,,,,,
422,3,上皮样细胞(M8771/3),epithelioid cell (M8771/3),,0.9957666993141174,,,,,
422,4,和梭形细胞，混合性(M8770/3),"with spindle cell, mixed (M8770/3)",,0.9914916157722473,,,,,
422,3,神经营养性，恶性(M8745/3),"neurotropic, malignant (M8745/3)",,0.9853875041007996,,,,,
423,3,梭形细胞(M8772/3),spindle cell (M8772/3),,0.4242379665374756,,,,,
423,4,A型(M8773/3),type A (M8773/3),C69.4,0.3917197585105896,,,,,
423,4,B型(M8774/3),type B (M8774/3),C69.4,0.4673113226890564,,,,,
423,4,伴上皮样细胞，混合型(M8770/3),"with epithelioid, mixed (M8770/3)",,0.9309239983558655,,,,,
423,3,退行性，恶性(M8723/3),"regressing, malignant (M8723/3)",,0.505641520023346,,,,,
423,3,无色素性(M8730/3),amelanotic (M8730/3),,0.5315150618553162,,,,,
423,3,幼年(M8770/0)-见痣,juvenile (M8770/0) - see Nevus,,0.4618566930294037,,,,,
423,3,原位(M8720/2),in situ (M8720/2),,0.48401010036468506,,,,,
423,4,包皮,"foreskin, prepuce",D03.8,0.7614139318466187,,,,,
423,4,背,back,D03.5,0.4068523943424225,,,,,
423,4,鼻(外),nose (external),D03.3,0.44227340817451477,,,,,
423,4,鼻翼,ala nasi,D03.3,0.545825719833374,,,,,
423,4,臂,arm,D03.6,0.444098562002182,,,,,
423,4,耻骨部,pubes,D03.5,0.6369633078575134,,,,,
423,4,唇(下)(上),lip (lower) (upper),D03.0,0.4833192825317383,,,,,
423,4,大腿,thigh,D03.7,0.5764537453651428,,,,,
423,4,额,brow,D03.3,0.5996953248977661,,,,,
423,4,耳(外),ear (external),D03.2,0.2442835569381714,,,,,
423,4,耳道,auditory canal,D03.2,0.5208522081375122,,,,,
423,4,耳道(外),auricular canal (external),D03.2,0.3036412000656128,,,,,
423,4,耳廓,"auricle (ear), pinna",D03.2,0.12974728643894196,,,,,
423,4,耳轮,helix,D03.2,0.5174254775047302,,,,,
423,4,腹壁,abdominal wall,D03.5,0.5105510354042053,,,,,
423,4,腹股沟,groin,D03.5,0.34675291180610657,,,,,
423,4,肛门(缘)(皮肤),"anus, anal (margin) (skin)",D03.5,0.4303034842014313,,,,,
423,4,肛周皮肤,perianal skin,D03.5,0.5511853694915771,,,,,
423,4,腘窝或间隙,popliteal fossa or space,D03.7,0.5675565004348755,,,,,
423,4,虹膜,iris,D03.8,0.5183655619621277,,,,,
423,4,踝,ankle,D03.7,0.49099376797676086,,,,,
423,4,会阴,perineum,D03.5,0.5296335220336914,,,,,
423,4,颊(外),cheek (external),D03.3,0.5511433482170105,,,,,
423,4,甲,nail,D03.9,0.4353824257850647,,,,,
423,5,脚趾,toe,D03.7,0.4570642113685608,,,,,
423,5,手指,finger,D03.6,0.5394665598869324,,,,,
423,4,肩,shoulder,D03.6,0.5867656469345093,,,,,
423,4,肩胛间区,interscapular region,D03.5,0.45751953125,,,,,
423,4,脚趾,toe,D03.7,0.45289239287376404,,,,,
423,4,结膜,conjunctiva,D03.8,0.5017076730728149,,,,,
423,4,颈,neck,D03.4,0.49125242233276367,,,,,
423,4,颏,chin,D03.3,0.3123507499694824,,,,,
423,4,髋,hip,D03.7,0.4503399133682251,,,,,
423,4,眶,orbit,D03.8,0.9362370371818542,,,,,
423,4,泪腺,lacrimal gland,D03.8,0.3896069824695587,,,,,
423,4,脉络膜,choroid,D03.8,0.3068544566631317,,,,,
424,4,眉毛,eyebrow,D03.3,0.9293533563613892,,,,,
424,4,面部 NEC,face NEC,D03.3,0.9219328761100769,,,,,
424,4,男性生殖器(外) NEC,male genital organ (external) NEC,D03.8,0.9520578384399414,,,,,
424,4,颞,temple,D03.3,0.8560709357261658,,,,,
424,4,女性生殖器(外)NEC,female genital organ (external) NEC,D03.8,0.9471672177314758,,,,,
424,4,皮肤 NEC,skin NEC,D03.9,0.9355537295341492,,,,,
424,4,脐,umbilicus,D03.5,0.9256591796875,,,,,
424,4,前臂,forearm,D03.6,0.937213659286499,,,,,
424,4,前额,forehead,D03.3,0.9079521298408508,,,,,
424,4,球后,retrobulbar,D03.8,0.925155520439148,,,,,
424,4,躯干 NEC,trunk NEC,D03.5,0.9287639260292053,,,,,
424,4,乳房,breast,D03.5,0.9622985124588013,,,,,
424,4,乳房下襞,submammary fold,D03.5,0.9714380502700806,,,,,
424,4,上肢NEC,upper limb NEC,D03.6,0.9565903544425964,,,,,
424,4,视网膜,retina,D03.8,0.9484514594078064,,,,,
424,4,手,hand,D03.6,0.8552643060684204,,,,,
424,4,手指,finger,D03.6,0.9065953493118286,,,,,
424,4,特指部位NEC,specified site NEC,D03.8,0.9770488739013672,,,,,
424,4,头皮,scalp,D03.4,0.9023140668869019,,,,,
424,4,腿,leg,D03.7,0.9623528718948364,,,,,
424,4,臀部,"buttock, gluteal region",D03.5,0.9777266383171082,,,,,
424,4,外口(耳),external meatus (ear),D03.2,0.9128868579864502,,,,,
424,4,外阴,vulva,D03.8,0.9262406826019287,,,,,
424,4,膝,knee,D03.7,0.9377760887145996,,,,,
424,4,下颌,jaw,D03.3,0.9372881650924683,,,,,
424,4,下肢NEC,lower limb NEC,D03.7,0.9225695729255676,,,,,
424,4,胁腹,flank,D03.5,0.9387804865837097,,,,,
424,4,胸壁,chest wall,D03.5,0.991893470287323,,,,,
424,4,眼,eye,D03.8,0.950077474117279,,,,,
424,4,眼睑(下)(上),eyelid (lower) (upper),D03.1,0.9587647914886475,,,,,
424,4,腋襞,"axilla, axillary fold",D03.5,0.9611895680427551,,,,,
424,4,阴部,pudendum,D03.8,0.9688069224357605,,,,,
424,4,阴唇(大)(小),labium (majus) (minus),D03.8,0.97006756067276,,,,,
424,4,阴茎,penis,D03.8,0.9855595827102661,,,,,
424,4,阴囊,scrotum,D03.8,0.9773062467575073,,,,,
424,4,眦(眼),canthus (eye),D03.1,0.9709361791610718,,,,,
424,4,足,foot,D03.7,0.9090192317962646,,,,,
424,4,足跟,heel,D03.7,0.9391658306121826,,,,,
424,3,肢端着色斑性，恶性(M8744/3),"acral lentiginous, malignant (M8744/3)",,0.9984214305877686,,,,,
424,3,转移性,metastatic,,0.9852889776229858,,,,,
424,4,特指部位 NEC(M8720/6),specified site NEC (M8720/6),C79.8,0.9833991527557373,,,,,
424,4,未特指部位(M8720/6),unspecified site (M8720/6),C80,0.9878349304199219,,,,,
425,2,黑舌病,Glossophytia,K14.3,0.9729474186897278,,,,,
425,2,黑素肉瘤(M8720/3)-另见黑色素瘤,Melanosarcoma (M8720/3) - see also Melanoma,,0.9995447397232056,,,,,
425,3,上皮样细胞(M8771/3)-见黑色素瘤,epithelioid cell (M8771/3) - see Melanoma,,0.981841504573822,,,,,
425,2,黑素上皮瘤(M8720/3)-见黑色素瘤,Melanoepithelioma (M8720/3) - see Melanoma,,0.991677463054657,,,,,
425,2,黑素细胞癌(M8720/3)-见黑色素瘤,Melanocarcinoma (M8720/3) - see Melanoma,,0.9975900650024414,,,,,
425,2,黑素细胞瘤，眼球(M8726/0),"Melanocytoma, eyeball (M8726/0)",D31.4,0.9951933026313782,,,,,
425,2,黑头粉刺,Blackhead,L70.0,0.9999315738677979,,,,,
425,2,黑血症,Melanemia,R79.8,0.9716356992721558,,,,,
425,2,黑牙病，婴儿,"Melanodontia, infantile",K02.4,0.9838840365409851,,,,,
425,2,黑牙折断,Melanodontoclasia,K02.4,0.993534505367279,,,,,
425,2,黑釉质母细胞瘤[黑素性釉质母细胞瘤](M9363/0)-见肿瘤，骨，良性,"Melanoameloblastoma (M9363/0) - see Neoplasm, bone, benign",,0.9894583821296692,,,,,
425,1,hén 痕,,,0.9824568033218384,,,,,
425,2,痕迹 - 另见 存留,"Vestige, vestigial - see also Persistence",,0.9254640340805054,,,,,
425,3,玻璃(体)(液)内的结构,structures in vitreous (body) (humor),Q14.0,0.997732400894165,,,,,
425,3,鳃,branchial,Q18.0,0.9813632369041443,,,,,
425,1,hēng 亨,,,0.999403178691864,,,,,
425,2,亨诺克(-舍恩莱因)病或综合征[过敏性紫癜],Henoch(-Schönlein) disease or syndrome (purpura),D69.0,0.9964506030082703,,,,,
425,2,亨特[Hunt],Hunt's,,0.9988715052604675,,,,,
425,3,病或综合征(疱疹性膝状神经节炎),disease or syndrome (herpetic geniculate ganglionitis),B02.2+ G53.0*,0.977419912815094,,,,,
425,4,肌阵挛小脑性共济失调,dyssynergia cerebellaris myoclonica,G11.1,0.9804885983467102,,,,,
425,3,神经痛,neuralgia,B02.2+ G53.0*,0.9681357145309448,,,,,
425,2,亨特[Hunter],Hunter's,,0.9997695088386536,,,,,
425,3,粘多糖贮积症Ⅱ型,syndrome,E76.1,0.9920032620429993,,,,,
425,3,舌炎,glossitis,D51.0,0.9749066829681396,,,,,
425,2,亨廷顿病或舞蹈症,Huntington's disease or chorea,G10,0.9992179870605469,,,,,
425,3,伴有痴呆,with dementia,G10+ F02.2*,0.9767690300941467,,,,,
425,1,héng 横,,,0.9627657532691956,,,,,
425,2,横膈炎，膈炎,"Diaphragmatitis, diaphragmitis",J98.6,0.9958389401435852,,,,,
425,2,横位 - 另见情况,Transverse - see also condition,,0.9671069383621216,,,,,
425,3,产式(对母体),lie (mother),O32.2,0.9567061066627502,,,,,
425,4,分娩前，影响到胎儿或新生儿,"before labor, affecting fetus or newborn",P01.7,0.9625752568244934,,,,,
425,4,引起梗阻性分娩,causing obstructed labor,O64.8,0.9620540738105774,,,,,
425,5,影响到胎儿或新生儿,affecting fetus or newborn,P03.1,0.9635714888572693,,,,,
425,3,阻滞(深部)，分娩中,"arrest (deep), in labor",O64.0,0.9642488360404968,,,,,
425,4,影响到胎儿或新生儿,affecting fetus or newborn,P03.1,0.9894735217094421,,,,,
426,2,横纹肌瘤(M8900/0)-另见肿瘤，结缔组织，良性,"Rhabdomyoma (M8900/0) - see also Neoplasm, connective tissue, benign",,0.9805912971496582,,,,,
426,3,成人(M8904/0),adult (M8904/0),,0.9923620223999023,,,,,
426,3,胎儿(M8903/0),fetal (M8903/0),,0.9689561128616333,,,,,
426,3,糖原(M8904/0),glycogenic (M8904/0),,0.9742216467857361,,,,,
426,2,横纹肌溶解症(特发性) NEC,Rhabdomyolysis (idiopathic) NEC,M62.8,0.984589159488678,,,,,
426,3,创伤性,traumatic,T79.6,0.9537017941474915,,,,,
426,2,横纹肌肉瘤(M8900/3)-另见肿瘤，结缔组织，恶性,"Rhabdomyosarcoma, Rhabdosarcoma (M8900/3) - see also Neoplasm, connective tissue, malignant",,0.990537166595459,,,,,
426,3,多形型(M8901/3),pleomorphic (M8901/3),C49.9,0.9811972975730896,,,,,
426,3,混合型(M8902/3),mixed type (M8902/3),C49.9,0.9808273315429688,,,,,
426,3,胚胎型(M8910/3),embryonal (M8910/3),C49.9,0.9812167286872864,,,,,
426,3,小泡型(M8920/3),alveolar (M8920/3),C49.9,0.9919658899307251,,,,,
426,1,hóng 红,,,0.9946432113647461,,,,,
426,2,红,Pink,,0.9999724626541138,,,,,
426,3,皮病,disease,T56.1,0.9726972579956055,,,,,
426,3,眼,eye,H10.0,0.9722552299499512,,,,,
426,2,红白血病(M9840/3),Erythroleukemia (M9840/3),C94.0,0.9947688579559326,,,,,
426,2,红斑(性),"Erythema, erythematous",L53.9,0.9828376770019531,,,,,
426,3,边缘性,marginatum,L53.2,0.9701036810874939,,,,,
426,4,见于(由于)急性风湿热,in (due to) acute rheumatic fever 100†,I00+ L54.0*,0.9323003888130188,,,,,
426,3,擦烂性,intertrigo,L30.4,0.9704815149307251,,,,,
426,3,持久隆起性,elevatum diutinum,L95.1,0.9914764761924744,,,,,
426,3,持久性回状,figuratum perstans,L53.3,0.9955422878265381,,,,,
426,3,传染性,infectiosum,B08.3,0.9580675959587097,,,,,
426,3,地方性,endemic,E52,0.9565203785896301,,,,,
426,3,冻疮,pernio,T69.1,0.9426115155220032,,,,,
426,3,多形性,multiforme,L51.9,0.9793907403945923,,,,,
426,4,大疱型,"bullous, bullosum",L51.1,0.9327636957168579,,,,,
426,4,非大疱型,nonbullous,L51.0,0.9835277199745178,,,,,
426,4,结膜,conjunctiva,L51.1+ H13.8*,0.9707644581794739,,,,,
426,4,特指的NEC,specified NEC,L51.8,0.9935448169708252,,,,,
426,4,类天疱疮,pemphigoides,L12.0,0.9775114059448242,,,,,
426,3,虹膜,iris,L51.1+ H22.8*,0.9541761875152588,,,,,
426,3,环状(离心性)(风湿性),annulare (centrifugum) (rheumaticum),L53.1,0.9823770523071289,,,,,
426,3,火激,ab igne,L59.0,0.9887275695800781,,,,,
426,3,结核性(原发性),tuberculous (primary),A18.4,0.9792461395263672,,,,,
426,3,结节,nodosum,L52,0.9550163149833679,,,,,
426,4,结核性,tuberculous,A18.4,0.9905364513397217,,,,,
426,3,流行性，关节性,"epidemic, arthritic",A25.1,0.9565579295158386,,,,,
426,3,慢性回状NEC,chronic figurate NEC,L53.3,0.9754472970962524,,,,,
427,3,慢性游走性(布氏包柔螺旋体),chronicum migrans (Borrelia burgdorferi),A69.2,0.9940769076347351,,,,,
427,3,尿布,"diaper, napkin",L22,0.9292851686477661,,,,,
427,3,皮疹，新生儿,"rash, newborn",P83.8,0.9650089740753174,,,,,
427,3,热性-作为烧伤，按部位编码，伴有第四位数.1,"heat - code as Burn, by site, with fourth character .1",,0.9878403544425964,,,,,
427,3,特指的 NEC,specified NEC,L53.8,0.9769984483718872,,,,,
427,3,臀部,gluteal,L22,0.9426009058952332,,,,,
427,3,先天性鳞癣样大疱性,ichthyosiforme congenitum bullous,Q80.3,0.9946396946907043,,,,,
427,3,新生儿,neonatorum,P83.8,0.9873006343841553,,,,,
427,4,中毒性,toxic,P83.1,0.9404593110084534,,,,,
427,3,猩红热样(表皮脱落性)(复发性),scarlatiniform (exfoliative) (recurrent),L53.8,0.9871221780776978,,,,,
427,3,炎性NEC,inflammation NEC,L53.9,0.9871156811714172,,,,,
427,3,阳光,solare,L55.0,0.977523148059845,,,,,
427,3,药物性-见 皮炎，由于，药物,"medicamentosum - see Dermatitis, due to, drugs",,0.9627238512039185,,,,,
427,3,硬结性(非结核性),induratum (nontuberculous),L52,0.9941739439964294,,,,,
427,4,结核性,tuberculous,A18.4,0.939893901348114,,,,,
427,3,由于,due to,,0.958098828792572,,,,,
427,4,化学制剂NEC,chemical NEC,L53.0,0.9926554560661316,,,,,
427,5,接触皮肤,in contact with skin,L25.3,0.9871160984039307,,,,,
427,4,药物(内服的)-见皮炎，由于，药物,"drug (internal use) - see Dermatitis, due to, drugs",,0.9737805724143982,,,,,
427,3,游走性,migrans,A26.0,0.9862404465675354,,,,,
427,4,舌,tongue,K14.1,0.9099095463752747,,,,,
427,3,掌部,palmar,L53.8,0.9711523652076721,,,,,
427,3,中毒性NEC,"toxic, toxicum NEC",L53.0,0.969256579875946,,,,,
427,4,新生儿,newborn,P83.1,0.9426738619804382,,,,,
427,2,红斑，口腔上皮和舌,"Erythroplakia, oral epithelium and tongue",K13.2,0.9960340261459351,,,,,
427,2,红斑性的 - 见情况,"Erythematous, erythematosus - see condition",,0.9805632829666138,,,,,
427,2,红斑性肢痛病(又称红斑性肢痛症),Erythromelalgia,I73.8,0.9871017932891846,,,,,
427,2,红斑性肢痛病(原发性),Erythermalgia (primary),I73.8,0.9885815978050232,,,,,
427,2,红斑性肢痛症(又称红斑性肢痛病),Erythromelalgia,I73.8,0.988111674785614,,,,,
427,2,红椿锯屑肺炎,Red-cedar lung or pneumonitis,J67.8,0.9978962540626526,,,,,
427,2,红皮病(另见红斑),Erythroderma (see also Erythema),L53.9,0.9896877408027649,,,,,
427,3,大疱性鱼鳞病样，先天性,"bullous ichthyosiform, congenital",Q80.3,0.9814176559448242,,,,,
427,3,继发性,secondary,L53.9,0.9967799186706543,,,,,
427,3,脱屑性,desquamativum,L21.1,0.989088773727417,,,,,
427,3,新生儿,neonatorum,P83.8,0.9610613584518433,,,,,
427,3,银屑病性,psoriaticum,L40.8,0.9932064414024353,,,,,
427,3,鱼鳞病样，先天性(大疱性),"ichthyosiform, congenital (bullous)",Q80.3,0.9848785400390625,,,,,
427,2,红皮水肿病(多神经病),Erythredema (polyneuropathy),T56.1,0.9989842772483826,,,,,
427,2,红色觉异常(异常的三色视者),Protanomaly (anomalous trichromat),H53.5,0.9955413937568665,,,,,
427,2,红色盲(完全)(不完全),Protanopia (complete) (incomplete),H53.5,0.9966297149658203,,,,,
427,2,红杉锯屑病，肺部或肺炎[过敏性肺泡炎],"Sequoiosis, lung, or pneumonitis",J67.8,0.9952423572540283,,,,,
427,2,红痛,Erythralgia,I73.8,0.9935851693153381,,,,,
428,2,红细胞(大小)不均,Anisocytosis,R71,0.9890958070755005,,,,,
428,2,红细胞减少症,Oligocythemia,D64.9,0.9898688793182373,,,,,
428,2,红细胞增多(症)(急性)(M9841/3),"Erythremia, Erythrocythemia (acute) (M9841/3)",C94.0,0.9993569254875183,,,,,
428,3,继发性,secondary,D75.1,0.9909219741821289,,,,,
428,3,慢性(M9842/3),chronic (M9842/3),C94.1,0.9724643230438232,,,,,
428,2,红细胞增多症(巨脾性)(继发性),Erythrocytosis (megalosplenic) (secondary),D75.1,0.9977249503135681,,,,,
428,3,家族性,familial,D75.0,0.9968729615211487,,,,,
428,3,卵圆形，遗传性(另见椭圆形红细胞增多症),"oval, hereditary (see also Elliptocytosis)",D58.1,0.9955692291259766,,,,,
428,2,红细胞增多症(原发性)(猩红)(真性)(M9950/1),Polycythemia (primary) (rubra) (vera) (M9950/1),D45,0.9976102113723755,,,,,
428,3,低血氧性,hypoxemic,D75.1,0.9753257036209106,,,,,
428,3,高血压性,hypertonica,D75.1,0.9541307091712952,,,,,
428,3,后天性,acquired,D75.1,0.9574335217475891,,,,,
428,3,继发性,secondary,D75.1,0.9756431579589844,,,,,
428,3,家族性(良性),familial (benign),D75.0,0.9713862538337708,,,,,
428,3,良性(家族性),benign (familial),D75.0,0.9952996373176575,,,,,
428,3,情绪性,emotional,D75.1,0.9795553684234619,,,,,
428,3,肾源性,nephrogenous,D75.1,0.974498987197876,,,,,
428,3,相对性,relative,D75.1,0.9536241888999939,,,,,
428,3,新生儿,neonatorum,P61.1,0.9600092172622681,,,,,
428,3,由于,due to,,0.9676986336708069,,,,,
428,4,高海拔,high altitude,D75.1,0.9926270246505737,,,,,
428,4,红细胞生成素,erythropoietin,D75.1,0.9805287718772888,,,,,
428,4,血浆容积下降,fall in plasma volume,D75.1,0.9760117530822754,,,,,
428,4,应激,stress,D75.1,0.9624117612838745,,,,,
428,2,红癣,Erythrasma,L08.1,0.9938504099845886,,,,,
428,1,hóng 虹,,,0.9302427768707275,,,,,
428,2,虹膜 - 另见情况,Iris - see also condition,,0.9642446041107178,,,,,
428,3,膨隆,bomb,H21.4,0.9464773535728455,,,,,
428,2,虹膜根部断离,Iridodialysis,H21.5,0.9702357649803162,,,,,
428,2,虹膜红变,"Iridis rubeosis, Rubeosis, iris",H21.1,0.9991685748100281,,,,,
428,2,虹膜睫状体脉络膜炎(全色素层炎),Iridocyclochoroiditis (panuveitis),H44.1,0.9945436716079712,,,,,
428,2,虹膜睫状体炎,Iridocyclitis,H20.9,0.9997796416282654,,,,,
428,3,急性,acute,H20.0,0.9288973808288574,,,,,
428,3,亚急性,subacute,H20.0,0.9915615916252136,,,,,
428,3,慢性,chronic,H20.1,0.9814174175262451,,,,,
428,3,非肉芽肿,nongranulomatous,H20.0,0.9785202741622925,,,,,
428,3,复发性,recurrent,H20.0,0.9683297276496887,,,,,
429,3,见于(由于),in (due to),,0.9876225590705872,,,,,
429,4,传染病NEC,infectious disease NEC,B99+ H22.0*,0.9825064539909363,,,,,
429,4,带状疱疹,zoster,B02.3+ H22.0*,0.9602541923522949,,,,,
429,4,寄生虫病NEC,parasitic disease NEC,B89+ H22.0*,0.9734193682670593,,,,,
429,4,结核病,tuberculosis,A18.5+ H22.0*,0.9728856086730957,,,,,
429,4,结节病,sarcoidosis,D86.8+ H22.1*,0.968445360660553,,,,,
429,4,淋球菌性感染,gonococcal infection,A54.3+ H22.0*,0.9771574139595032,,,,,
429,4,梅毒,syphilis,A51.4+ H22.0*,0.9699676632881165,,,,,
429,4,疱疹(单纯性)病毒,herpes (simplex) virus,B00.5+ H22.0*,0.9810522198677063,,,,,
429,5,带状,zoster,B02.3+ H22.0*,0.970084011554718,,,,,
429,4,强直性脊柱炎,ankylosing spondylitis,M45+ H22.1*,0.9738529920578003,,,,,
429,3,交感性,sympathetic,H44.1,0.9651057124137878,,,,,
429,3,结核性(慢性),tuberculous (chronic),A18.5+ H22.0*,0.9830420613288879,,,,,
429,3,晶体诱发性,lens-induced,H20.2,0.9772514700889587,,,,,
429,3,淋球菌性,gonococcal,A54.3+ H22.0*,0.9077563881874084,,,,,
429,3,梅毒性(继发性),syphilitic (secondary),A51.4+ H22.0*,0.969907283782959,,,,,
429,3,内源性,endogenous,H20.0,0.9554213285446167,,,,,
429,3,疱疹(性)(单纯性),"herpes, herpetic (simplex)",B00.5+ H22.0*,0.9785831570625305,,,,,
429,4,带状,zoster,B02.3+ H22.0*,0.9762852787971497,,,,,
429,3,肉芽肿性,granulomatous,H20.1,0.9829586744308472,,,,,
429,3,特指的NEC,specified NEC,H20.8,0.9781201481819153,,,,,
429,3,眼前房积脓,hypopyon,H20.0,0.9629999995231628,,,,,
429,3,由于变态反应,due to allergy,H20.0,0.9825114011764526,,,,,
429,2,虹膜痉挛(异常的周期性),Hippus,H57.0,0.9991429448127747,,,,,
429,2,虹膜麻痹(完全)(部分)(反射),Iridoplegia (complete) (partial) (reflex),H57.0,0.9882172346115112,,,,,
429,2,虹膜脉络膜炎(全色素层炎),Iridochoroiditis (panuveitis),H44.1,0.9867730140686035,,,,,
429,2,虹膜劈裂症[虹膜缺损],Iridoschisis,H21.2,0.9896150231361389,,,,,
429,2,虹膜切迹,Notch of iris,Q13.2,0.9990226030349731,,,,,
429,2,虹膜缺失,Irideremia,Q13.1,0.9675326347351074,,,,,
429,2,虹膜炎(另见虹膜睫状体炎),Iritis (see also Iridocyclitis),H20.9,0.9901323914527893,,,,,
429,3,结核性,tuberculous,A18.5+ H22.0*,0.9841642379760742,,,,,
429,3,淋球菌性,gonococcal,A54.3+ H22.0*,0.9762954711914062,,,,,
429,3,梅毒性(继发性),syphilitic (secondary),A51.4+ H22.0*,0.9758852124214172,,,,,
429,4,晚期,late,A52.7+ H22.0*,0.9461343884468079,,,,,
429,4,先天性(早期),congenital (early),A50.0+ H22.0*,0.9875741600990295,,,,,
429,3,丘疹性(梅毒性),papulosa (syphilitic),A52.7+ H22.0*,0.9764286875724792,,,,,
429,3,糖尿病性(另见E10-E14伴有第四位数.3),diabetic (see also E10-E14 with fourth character .3),E14.3+ H22.1*,0.9602831602096558,,,,,
429,3,痛风性,gouty,M10.9+ H22.1*,0.9877467155456543,,,,,
429,3,由于,due to,,0.9466074705123901,,,,,
429,4,单纯性疱疹,herpes simplex,B00.5+ H22.0*,0.9777259230613708,,,,,
429,4,麻风,leprosy,A30 H22.0*,0.9824850559234619,,,,,
429,2,虹膜震颤 - 曾用名 虹膜震荡,Iridodonesis,H21.8,0.9429026246070862,,,,,
430,1,hóng 洪,,,,,,,,
430,2,洪纳溃疡[全膀胱壁纤维变性].,Hunner's ulcer,N30.1,0.9983964562416077,,,,,
430,1,hóu 喉,,,0.9377721548080444,,,,,
430,2,喉的 - 见情况,"Larynx, laryngeal - see condition",,0.9740151166915894,,,,,
430,2,喉痉挛(喘鸣性),"Laryngismus, Laryngospasm (stridulus)",J38.5,0.9773305654525757,,,,,
430,3,白喉性,diphtheritic,A36.2,0.959396481513977,,,,,
430,3,先天性,congenital,P28.8,0.9842983484268188,,,,,
430,2,喉裂开术,Laryngofissure,J38.7,0.9780222773551941,,,,,
430,2,喉麻痹,Laryngoplegia,J38.0,0.959457516670227,,,,,
430,2,喉膨出(先天性)(喉室),Laryngocele (congenital) (ventricular),Q31.3,0.9886768460273743,,,,,
430,2,喉气管炎(急性)(感染性),Laryngotracheitis (acute) (infective),J04.2,0.9917833209037781,,,,,
430,3,慢性,chronic,J37.1,0.969703733921051,,,,,
430,3,白喉性,diphtheritic,A36.2,0.9964497089385986,,,,,
430,3,喘鸣性,stridulous,J38.5,0.9974904656410217,,,,,
430,3,樊尚,Vincent's,A69.1,0.9812965393066406,,,,,
430,3,肥大性,hypertrophic,J37.1,0.9942349791526794,,,,,
430,3,干燥性,sicca,J37.1,0.9835644364356995,,,,,
430,3,结核性,tuberculous,A16.4,0.9919750690460205,,,,,
430,3,痉挛性,spasmodic,J38.5,0.9846213459968567,,,,,
430,4,急性,acute,J05.0,0.9658076763153076,,,,,
430,3,卡他性,catarrhal,J37.1,0.9714385271072388,,,,,
430,3,链球菌性,streptococcal,J04.2,0.9823097586631775,,,,,
430,3,流感性(另见流行性感冒，伴有，呼吸道表现),"influenzal (see also Influenza, with, respiratory manifestations)",J11.1,0.9754737615585327,,,,,
430,3,流感嗜血杆菌,Haemophilus influenzae,J04.2,0.9967827796936035,,,,,
430,3,梅毒性(晚期),syphilitic (late),A52.7+ J99.8*,0.9882845878601074,,,,,
430,4,先天性,congenital,A50.5+ J99.8*,0.9449789524078369,,,,,
430,5,早期,early,A50.0+ J99.8*,0.9407642483711243,,,,,
430,3,皮肥厚性,pachydermic,J38.7,0.9936187267303467,,,,,
430,3,萎缩性,atrophic,J37.1,0.9511520266532898,,,,,
430,3,由于外部物质(慢性),due to external agent (chronic),J37.1,0.9977171421051025,,,,,
430,2,喉气管支气管炎(另见支气管炎),Laryngotracheobronchitis (see also Bronchitis),J40,0.9998275637626648,,,,,
430,3,"急性(另见支气管炎,急性)","acute (see also Bronchitis, acute)",J20.9,0.9803016781806946,,,,,
430,3,慢性,chronic,J42,0.9658337235450745,,,,,
430,2,喉软骨软化病(先天性),Laryngomalacia (congenital),Q31.5,0.9921209216117859,,,,,
430,2,喉狭窄,Laryngostenosis,J38.6,0.9915689826011658,,,,,
430,2,喉下垂,Laryngoptosis,J38.7,0.9999915957450867,,,,,
431,2,喉炎(急性)(水肿)(声门下)(化脓性)(溃疡性),Laryngitis (acute) (edematous) (subglottic) (suppurative) (ulcerative),J04.0,0.9911184906959534,,,,,
431,3,慢性,chronic,J37.0,0.9928591847419739,,,,,
431,4,伴有气管炎(慢性),with tracheitis (chronic),J37.1,0.9835637807846069,,,,,
431,3,白喉性,diphtheritic,A36.2,0.9719220995903015,,,,,
431,3,伴有,with,,0.9504145383834839,,,,,
431,4,流感(另见流行性感冒，伴有，呼吸道表现),"influenza, flu, or grippe (see also Influenza, with, respiratory manifestations)",J11.1,0.9691322445869446,,,,,
431,4,气管炎(急性)(另见喉气管炎),tracheitis (acute) (see also Laryngotracheitis),J04.2,0.9628210663795471,,,,,
431,5,慢性,chronic,J37.1,0.9374093413352966,,,,,
431,5,梗阻性,obstructive,J05.0,0.9665266275405884,,,,,
431,3,喘鸣性,stridulous,J05.0,0.9596540331840515,,,,,
431,3,樊尚,Vincent's,A69.1,0.9798318147659302,,,,,
431,3,肥大性,hypertrophic,J37.0,0.9813555479049683,,,,,
431,3,干燥性,sicca,J37.0,0.9749253392219543,,,,,
431,3,梗阻性,obstructive,J05.0,0.9749382734298706,,,,,
431,3,结核性,tuberculous,A16.4,0.9649835824966431,,,,,
431,4,伴有细菌学和组织学证实,with bacteriological and histological confirmation,A15.5,0.9866843819618225,,,,,
431,3,痉挛性,spasmodic,J05.0,0.996222198009491,,,,,
431,4,急性,acute,J04.0,0.9199625253677368,,,,,
431,3,卡他性,catarrhal,J37.0,0.9738911390304565,,,,,
431,3,链球菌性,streptococcal,J04.0,0.9935987591743469,,,,,
431,3,流感性(另见流行性感冒，伴有，呼吸道表现),"influenzal (see also Influenza, with, respiratory manifestations)",J11.1,0.9861429333686829,,,,,
431,3,流感嗜血杆菌,Haemophilus influenzae,J04.0,0.9937299489974976,,,,,
431,3,梅毒性(晚期),syphilitic (late),A52.7+ J99.8*,0.958864688873291,,,,,
431,4,先天性,congenital,A50.5+ J99.8*,0.9789259433746338,,,,,
431,5,早期,early,A50.0+ J99.8*,0.9713441729545593,,,,,
431,3,萎缩性,atrophic,J37.0,0.9893217086791992,,,,,
431,3,由于外部物质(慢性),due to external agent (chronic),J37.0,0.9894716143608093,,,,,
431,1,hóu 猴,,,0.977047324180603,,,,,
431,2,猴痘,Monkeypox,B04,0.9811880588531494,,,,,
431,2,猴疟疾,"Monkey malaria, Simian malaria",B53.1,0.9930890202522278,,,,,
431,1,hóu 骺,,,0.8860686421394348,,,,,
431,2,骺脱离(另见骨软骨病),"Epiphyseolysis, epiphysiolysis (see also Osteochondrosis)",M93.9,0.9933265447616577,,,,,
432,1,hòu 后,,,0.9998735189437866,,,,,
432,2,后侧壁硬化(脊髓)-见变性，混合,"Posterolateral sclerosis (spinal cord) - see Degeneration, combined",,0.9970450401306152,,,,,
432,2,后发性白内障,After-cataract,H26.4,0.999967634677887,,,,,
432,2,后睾吸虫病(猫)(麝猫),Opisthorchiasis (O. felineus) (O. viverrini),B66.0,0.9726386070251465,,,,,
432,2,后淋-现译名慢性淋病性尿道炎,Gleet,,0.9698863625526428,,,,,
432,2,后倾,"Retroversion, retroverted",,0.9991906881332397,,,,,
432,3,睾丸(先天性),testis (congenital),Q55.2,0.9800386428833008,,,,,
432,3,宫颈(另见后倾，子宫),"cervix (see also Retroversion, uterus)",N85.4,0.9799670577049255,,,,,
432,3,虹膜,iris,H21.5,0.9647120237350464,,,,,
432,3,女性(子宫)NEC(另见后倾，子宫),"female NEC (see also Retroversion, uterus)",N85.4,0.9803619384765625,,,,,
432,3,子宫,"uterus, uterine",N85.4,0.993583083152771,,,,,
432,4,先天性,congenital,Q51.8,0.9614667892456055,,,,,
432,4,在妊娠或分娩中,in pregnancy or childbirth,O34.5,0.9352043867111206,,,,,
432,5,引起梗阻性分娩,causing obstructed labor,O65.5,0.9783551692962646,,,,,
432,6,影响到胎儿或新生儿,affecting fetus or newborn,P03.1,0.9737168550491333,,,,,
432,2,后屈- 见后倾,"Retroflection, retroflexion - see Retroversion",,0.9260345101356506,,,,,
432,2,后弹力层膨出,Descemetocele,H18.7,0.9778568744659424,,,,,
432,2,后天性-另见情况,Acquired - see also condition,,0.9891314506530762,,,,,
432,3,免疫缺陷综合征(艾滋病)(另见人(类)，免疫缺陷病毒[HIV]病),"immunodeficiency syndrome (AIDS) (see also Human, immunodeficiency virus (HIV) disease)",B24,0.9868807792663574,,,,,
432,2,后位-见后倾,Retroposition - see Retroversion,,0.9866199493408203,,,,,
432,2,后遗症 - 另见情况,Sequelae (of) - see also condition,,0.9316816329956055,,,,,
432,3,病毒性,viral,,0.9787399768829346,,,,,
432,4,肝炎,hepatitis,B94.2,0.9082244038581848,,,,,
432,4,脑炎,encephalitis,B94.1,0.9732037782669067,,,,,
432,3,并发症(的),complication(s) of,,0.9961588978767395,,,,,
432,4,创伤(在 中的情况),trauma (conditions in),T79 T98.2,0.9905688762664795,,,,,
432,4,导致死亡(在产后一年或更长时间),resulting in death (one year or more after delivery),O97,0.95975661277771,,,,,
432,4,在产后42天到一年之间,between 42 days and one year after delivery,O96,0.967605710029602,,,,,
432,4,妊娠，分娩和产褥期,"childbirth (delivery), pregnancy or puerperium",O94,0.9720641374588013,,,,,
432,4,手术和医疗照顾,surgical and medical care,T98.3,0.9728809595108032,,,,,
432,3,产科原因(的),obstetric cause,O94,0.9648284912109375,,,,,
432,4,导致死亡(在产后一年或更长时间),resulting in death (one year or more after delivery),O97,0.8587254881858826,,,,,
432,5,在产后42天到一年之间,between 42 days and one year after delivery,O96,0.9543172121047974,,,,,
432,3,产褥期并发症,puerperium complication(s),O94,0.9480838775634766,,,,,
432,4,导致死亡(在产后一年或更长时间),resulting in death (one year or more after delivery),O97,0.8758001923561096,,,,,
432,5,在产后42天到一年之间,between 42 days and one year after delivery,O96,0.971399188041687,,,,,
432,3,出血(的),hemorrhage,,0.9586570858955383,,,,,
432,4,颅内，非创伤性NEC,"intracranial, nontraumatic NEC",I69.2,0.9876547455787659,,,,,
432,4,脑内,intracerebral,I69.1,0.9806798100471497,,,,,
432,4,蛛网膜下,subarachnoid,I69.0,0.9739387631416321,,,,,
433,3,传染病(的),infectious disease,B94.9,0.98883056640625,,,,,
433,4,特指的 NEC,specified NEC,B94.8,0.981770932674408,,,,,
433,3,卒中NEC(的),stroke NEC,I69.4,0.9638213515281677,,,,,
433,3,挫伤(的),contusion,T94.1,0.9942973852157593,,,,,
433,4,颈部,neck,T91.0,0.9420199394226074,,,,,
433,4,面部,face,T90.0,0.9028685092926025,,,,,
433,4,躯干,trunk,T91.0,0.9179509282112122,,,,,
433,4,身体多个部位,multiple body regions,T94.0,0.9891958832740784,,,,,
433,4,头部,head,T90.0,0.9501314163208008,,,,,
433,4,肢,limb,,0.7529909014701843,,,,,
433,5,上,upper,T92.8,0.8685961961746216,,,,,
433,5,下,lower,T93.8,0.9494750499725342,,,,,
433,3,大脑梗死(的),"infarction, cerebral",I69.3,0.9828910827636719,,,,,
433,3,蛋白质能量营养不良(的),protein-energy malnutrition,E64.0,0.9940932989120483,,,,,
433,3,冻伤(的),frostbite,T95.9,0.9674326777458191,,,,,
433,4,面部、头和颈部,"face, head and neck",T95.0,0.989569365978241,,,,,
433,4,躯干,trunk,T95.1,0.947137713432312,,,,,
433,4,身体多个部位,multiple body regions,T95.8,0.9894837737083435,,,,,
433,4,特指部位 NEC,specified site NEC,T95.8,0.9577004909515381,,,,,
433,4,眼部,eye,T95.8,0.9303913116455078,,,,,
433,4,肢,limb,,0.7213971018791199,,,,,
433,5,上,upper,T95.2,0.8856167197227478,,,,,
433,5,下,lower,T95.3,0.9311699271202087,,,,,
433,3,分娩并发症,childbirth/delivery complication,O94,0.9632346034049988,,,,,
433,4,导致死亡(在产后一年或更长时间),resulting in death (one year or more after delivery),O97,0.9604878425598145,,,,,
433,5,在产后42天到一年之间,between 42 days and one year after delivery,O96,0.9745379090309143,,,,,
433,3,辐射(的),radiation,T98.1,0.9771697521209717,,,,,
433,3,腐蚀伤(的)-见后遗症，烧伤和腐蚀伤,"corrosion - see Sequelae, burn and corrosion",,0.9837176203727722,,,,,
433,3,钙缺乏(的),calcium deficiency,E64.8,0.9840447902679443,,,,,
433,3,肝炎(的)，病毒性,"hepatitis, viral",B94.2,0.9862496852874756,,,,,
433,3,感染(的)，生脓性，颅内或椎管内,"infection, pyogenic, intracranial or intraspinal",G09,0.9840742945671082,,,,,
433,3,佝偻病(的),rickets,E64.3,0.9729970693588257,,,,,
433,3,骨折(的),fracture,T94.1,0.9901875257492065,,,,,
433,4,股骨,femur,T93.1,0.94463050365448,,,,,
433,4,骨盆,pelvis,T91.2,0.8831188082695007,,,,,
433,4,脊柱,spine,T91.1,0.9393892288208008,,,,,
433,4,肩(带),shoulder (girdle),T92.1,0.9649351239204407,,,,,
433,4,颅骨,skull,T90.2,0.9571518301963806,,,,,
433,4,面骨,facial bones,T90.2,0.9406885504722595,,,,,
433,4,身体多个部位,multiple body regions,T94.0,0.9841693043708801,,,,,
433,4,手指和拇指,finger and thumb,T92.2,0.9771813750267029,,,,,
433,4,腕和手,wrist and hand,T92.2,0.9785698056221008,,,,,
434,4,胸,"thorax, thoracic",T91.2,0.970726728439331,,,,,
434,5,椎,spine,T91.1,0.940682053565979,,,,,
434,4,肢,limb,,0.7693560123443604,,,,,
434,5,上NEC,upper NEC,T92.1,0.9069691300392151,,,,,
434,6,手指和拇指,finger and thumb,T92.2,0.9735106229782104,,,,,
434,6,腕和手,wrist and hand,T92.2,0.9807749390602112,,,,,
434,5,下NEC,lower NEC,T93.2,0.8577263951301575,,,,,
434,6,股骨,femur,T93.1,0.9633476138114929,,,,,
434,3,汉森病(的),Hansen's disease,B92,0.9915294647216797,,,,,
434,3,肌肉(和肌腱)损伤(的),muscle (and tendon) injury,T94.1,0.9822231531143188,,,,,
434,4,颈部,neck,T91.8,0.9711897969245911,,,,,
434,4,面部,face,T90.8,0.9207444190979004,,,,,
434,4,躯干,trunk,T91.8,0.9386393427848816,,,,,
434,4,身体多个部位,multiple body regions,T94.0,0.9737841486930847,,,,,
434,4,头部,head,T90.8,0.9795732498168945,,,,,
434,4,肢,limb,,0.7774858474731445,,,,,
434,5,上,upper,T92.5,0.8909168243408203,,,,,
434,5,下,lower,T93.5,0.929917573928833,,,,,
434,3,肌腱损伤(的)-见后遗症，肌肉损伤,"tendon and muscle injury - see Sequelae, muscle injury",,0.9953699707984924,,,,,
434,3,挤压伤(的),crushing injury,T94.1,0.9911646246910095,,,,,
434,4,颈部,neck,T91.8,0.9820233583450317,,,,,
434,4,面部,face,T90.8,0.9556280970573425,,,,,
434,4,躯干,trunk,T91.8,0.9612089991569519,,,,,
434,4,身体多个部位,multiple body regions,T94.0,0.9912601709365845,,,,,
434,4,头部,head,T90.8,0.8983491659164429,,,,,
434,4,肢,limb,,0.7777383923530579,,,,,
434,5,上,—upper,T92.6,0.9474210739135742,,,,,
434,5,下,lower,T93.6,0.92449951171875,,,,,
434,3,脊髓灰质炎(急性)(的),poliomyelitis (acute),B91,0.9731482267379761,,,,,
434,3,脊髓炎(的)(另见后遗症，脑炎),"myelitis (see also Sequelae, encephalitis)",G09,0.990063488483429,,,,,
434,3,寄生虫病(的),parasitic disease,B94.9,0.9760740399360657,,,,,
434,3,结核病(的),tuberculosis,B90.9,0.9892100095748901,,,,,
434,4,肺(呼吸道),pulmonary (respiratory),B90.9,0.9874900579452515,,,,,
434,4,骨和关节,bones and joints,B90.2,0.9650349617004395,,,,,
434,4,泌尿生殖系,genitourinary,B90.1,0.992110550403595,,,,,
434,4,特指器官NEC,specified organs NEC,B90.8,0.9528332948684692,,,,,
434,4,中枢神经系统,central nervous system,B90.0,0.983658492565155,,,,,
434,3,开放性伤口(的),"wound, open",T94.1,0.9956058859825134,,,,,
434,4,颈部,neck,T91.0,0.9647843241691589,,,,,
434,4,面部,face,T90.1,0.9030489325523376,,,,,
434,4,躯干,trunk,T91.0,0.8831341862678528,,,,,
435,4,身体多个部位,multiple body regions,T94.0,0.9763771295547485,,,,,
435,4,头部,head,T90.1,0.9201313853263855,,,,,
435,4,眼和眶,eye and orbit,T90.4,0.9645525813102722,,,,,
435,4,肢,limb,,0.7703023552894592,,,,,
435,5,上,upper,T92.0,0.880595862865448,,,,,
435,5,下,lower,T93.0,0.8827502131462097,,,,,
435,3,硫胺素缺乏(的),thiamine deficiency,E64.8,0.9924158453941345,,,,,
435,3,颅内或椎管内静脉窦和静脉的静脉炎或血栓性静脉炎(在G08-G09中的情况)(的),phlebitis or thrombophlebitis of intracranial or intraspinal venous sinuses and veins (conditions in G08-G09),G08 G09,0.9734088778495789,,,,,
435,3,麻风(的),leprosy,B92,0.9626955389976501,,,,,
435,3,脑膜炎(的),meningitis,,0.9822569489479065,,,,,
435,4,其他或未特指的原因(在 中的情况),other or unspecified cause (conditions in),G03 G09,0.9885239005088806,,,,,
435,4,细菌性(在 中的情况),bacterial (conditions in),G00 G09,0.9684911966323853,,,,,
435,3,脑血管病 NEC(的),cerebrovascular disease NEC,I69.8,0.9572530388832092,,,,,
435,3,脑炎或脑脊髓炎(在 中的情况)(的),encephalitis or encephalomyelitis (conditions in),G04 G09,0.9965468645095825,,,,,
435,4,病毒性,viral,B94.1,0.9886834025382996,,,,,
435,4,传染病 NEC 中的,in infectious disease NEC,B94.8,0.9573807120323181,,,,,
435,3,扭伤和捩伤(的),sprain and strain,T94.1,0.967052161693573,,,,,
435,4,颈部,neck,T91.8,0.9743325710296631,,,,,
435,4,躯干,trunk,T91.8,0.9098089933395386,,,,,
435,4,身体多个部位,multiple body regions,T94.0,0.9859843850135803,,,,,
435,4,下颌部,jaw,T90.8,0.9573807120323181,,,,,
435,4,肢,limb,,0.795311450958252,,,,,
435,5,上,upper,T92.3,0.9064362049102783,,,,,
435,5,下,lower,T93.3,0.8715881705284119,,,,,
435,3,脓肿(的)，颅内或椎管内的(在 中的情况),"abscess, intracranial or intraspinal (conditions in)",G06 G09,0.9722772836685181,,,,,
435,3,切断(的),amputation,,0.9498075246810913,,,,,
435,4,创伤性,traumatic,T94.1,0.9538862109184265,,,,,
435,5,面部,face,T90.8,0.9301511645317078,,,,,
435,5,躯干,trunk,T91.8,0.8896514177322388,,,,,
435,5,身体多个部位,multiple body regions,T94.0,0.9888351559638977,,,,,
435,5,头(部分),head (parts),T90.8,0.9635118246078491,,,,,
435,4,肢,limb,,0.7153036594390869,,,,,
435,5,上,upper,T92.6,0.8524333834648132,,,,,
435,5,下,lower,T93.6,0.8763505220413208,,,,,
435,4,手术后NEC(晚期),postoperative NEC (late),T98.3,0.9692950248718262,,,,,
435,3,妊娠并发症,pregnancy complication(s),O94,0.9491548538208008,,,,,
435,4,导致死亡(在产后一年或更长时间),resulting in death (one year or more after delivery),O97,0.9516012072563171,,,,,
435,5,在产后42天到一年之间,between 42 days and one year after delivery,O96,0.9758655428886414,,,,,
436,3,沙眼(的),trachoma,B94.0,0.9697073698043823,,,,,
436,3,烧伤和腐蚀伤(的),burn and corrosion,T95.9,0.9857862591743469,,,,,
436,4,根据涉及体表范围分类的 .,classified according to extent of body surface involved,T95.4,0.952012300491333,,,,,
436,4,面部、头部和颈部,"face, head and neck",T95.0,0.9634957909584045,,,,,
436,4,躯干,trunk,T95.1,0.8882941007614136,,,,,
436,4,身体多个部位,multiple body regions,T95.8,0.9827330112457275,,,,,
436,4,特指部位NEC,specified site NEC,T95.8,0.9885795712471008,,,,,
436,4,眼部,eye,T95.8,0.8997176885604858,,,,,
436,5,上,upper,T95.2,0.8948748111724854,,,,,
436,5,下,lower,T95.3,0.8815625309944153,,,,,
436,3,损伤NEC(的),injury NEC,T94.1,0.9741312861442566,,,,,
436,4,腹内(器官),intra-abdominal (organs),T91.5,0.944046139717102,,,,,
436,4,肌腱,tendon,T94.1,0.939478874206543,,,,,
436,5,颈部,neck,T91.8,0.9449422955513,,,,,
436,5,面和头部,face and head,T90.8,0.9627001285552979,,,,,
436,5,躯干,trunk,T91.8,0.9343204498291016,,,,,
436,5,身体多个部位,multiple body regions,T94.0,0.9838910698890686,,,,,
436,5,肢,limb,,0.9221532344818115,,,,,
436,6,上,upper,T92.5,0.9142801761627197,,,,,
436,6,下,lower,T93.5,0.9016305804252625,,,,,
436,4,肌肉,muscle,T94.1,0.9368991851806641,,,,,
436,5,颈部,neck,T91.8,0.9612401723861694,,,,,
436,5,躯干,trunk,T91.8,0.9267228245735168,,,,,
436,5,身体多个部位,multiple body regions,T94.0,0.97314453125,,,,,
436,5,肢,limb,,0.9129825234413147,,,,,
436,6,上,upper,T92.5,0.8768616914749146,,,,,
436,6,下,lower,T93.5,0.8787590265274048,,,,,
436,4,脊,"spine, spinal",T91.8,0.8853292465209961,,,,,
436,5,神经根和神经丛,nerve root(s) and plexus(es),T91.8,0.9933276772499084,,,,,
436,5,索,cord,T91.3,0.8743353486061096,,,,,
436,4,颈部,neck,T91.9,0.9628031849861145,,,,,
436,5,特指的 NEC,specified NEC,T91.8,0.9779505133628845,,,,,
436,4,颅内(器官),intracranial (organs),T90.5,0.9755663275718689,,,,,
436,5,伴有颅骨骨折,with skull fracture,T90.2,0.9920746088027954,,,,,
436,4,脑部,brain,T90.5,0.9809010028839111,,,,,
436,4,内部器官,internal organ,T91.9,0.9592139720916748,,,,,
436,5,腹部,abdomen,T91.5,0.9786893725395203,,,,,
436,5,特指的NEC,specified NEC,T91.8,0.9344791173934937,,,,,
436,5,胸部,thorax,T91.4,0.920274555683136,,,,,
437,4,浅表性,superficial,T94.1,0.7349992990493774,,,,,
437,5,颈部,neck,T91.0,0.5747242569923401,,,,,
437,5,面部,face,T90.0,0.5272459983825684,,,,,
437,5,躯干,trunk,T91.0,0.5757715702056885,,,,,
437,5,身体多个部位,multiple body regions,T94.0,0.5789145827293396,,,,,
437,5,头部,head,T90.0,0.7326842546463013,,,,,
437,5,肢,limb,,0.5957632660865784,,,,,
437,6,上,upper,T92.8,0.8765056729316711,,,,,
437,6,下,lower,T93.8,0.6299008131027222,,,,,
437,4,躯干,trunk,T91.9,0.6902431845664978,,,,,
437,5,特指的NEC,specified NEC,T91.8,0.6568360924720764,,,,,
437,4,身体多个部位,multiple body regions,T94.0,0.7780101895332336,,,,,
437,4,神经NEC,nerve NEC,T94.1,0.7107405066490173,,,,,
437,5,根和丛，脊柱,"roots and plexus(es), spinal",T91.8,0.4269721806049347,,,,,
437,5,颈,neck,T91.8,0.672553300857544,,,,,
437,5,颅,cranial,T90.3,0.2987443804740906,,,,,
437,5,躯干,trunk,T91.8,0.4759877026081085,,,,,
437,5,身体多个部位,multiple body regions,T94.0,0.49697551131248474,,,,,
437,5,周围NEC,peripheral NEC,T94.1,0.6015763878822327,,,,,
437,6,上肢和肩带,upper limb and shoulder girdle,T92.4,0.720713198184967,,,,,
437,6,下肢和盆腔带,lower limb and pelvic girdle,T93.4,0.8214559555053711,,,,,
437,4,头部,head,T90.9,0.47491276264190674,,,,,
437,5,特指的NEC,specified NEC,T90.8,0.5928400158882141,,,,,
437,4,胸内(器官),intrathoracic (organs),T91.4,0.585832417011261,,,,,
437,4,血管,blood vessel,T94.1,0.7371681332588196,,,,,
437,5,腹部和骨盆,abdomen and pelvis,T91.8,0.82008957862854,,,,,
437,5,颈部,neck,T91.8,0.7365634441375732,,,,,
437,5,头部,head,T90.8,0.6633385419845581,,,,,
437,6,颅内,intracranial,T90.5,0.6083566546440125,,,,,
437,7,伴有颅骨骨折,with skull fracture,T90.2,0.9379209280014038,,,,,
437,5,胸部,thorax,T91.8,0.7345821857452393,,,,,
437,5,肢,limb,,0.7038848996162415,,,,,
437,6,上,upper,T92.8,0.5091441869735718,,,,,
437,6,下,lower,T93.8,0.9133645296096802,,,,,
437,4,眼和眶,eye and orbit,T90.4,0.428350031375885,,,,,
437,4,肢,limb,,0.7155851721763611,,,,,
437,5,上,upper,T92.9,0.7261319756507874,,,,,
437,6,特指的NEC,specified NEC,T92.8,0.9631657600402832,,,,,
437,5,下,lower,T93.9,0.9089382886886597,,,,,
437,6,特指的NEC,specified NEC,T93.8,0.9577348232269287,,,,,
437,3,通过自然腔口进入异物(的),foreign body entering natural orifice,T98.0,0.9905824661254883,,,,,
438,3,脱位(的),dislocation,T94.1,0.9663634896278381,,,,,
438,4,骨盆,pelvis,T91.8,0.9458246231079102,,,,,
438,5,颈部,neck,T91.8,0.9528021812438965,,,,,
438,4,躯干,trunk,T91.8,0.8813263177871704,,,,,
438,4,身体多个部位,multiple body regions,T94.0,0.9822626709938049,,,,,
438,4,下背,lower back,T91.8,0.9758498668670654,,,,,
438,4,下颌部,jaw,T90.8,0.9688094854354858,,,,,
438,4,胸部,thorax,T91.8,0.9610933661460876,,,,,
438,4,肢,limb,,0.7720820307731628,,,,,
438,5,上,upper,T92.3,0.8849201798439026,,,,,
438,5,下,lower,T93.3,0.912947952747345,,,,,
438,3,外因NEC(的),external cause NEC,T98.1,0.9840796589851379,,,,,
438,3,外因效应NEC(的),effect of external cause NEC,T98.1,0.9648033380508423,,,,,
438,3,维生素缺乏NEC(的),vitamin deficiency NEC,E64.8,0.9782788753509521,,,,,
438,4,A,A,E64.1,0.9311392903327942,,,,,
438,4,B,B,E64.8,0.9664098024368286,,,,,
438,4,C,C,E64.2,0.9459325075149536,,,,,
438,3,硒缺乏(的),selenium deficiency,E64.8,0.9938089847564697,,,,,
438,3,烟酸缺乏(的),niacin deficiency,E64.8,0.9954817891120911,,,,,
438,3,营养过度(的),hyperalimentation,E68,0.9923987984657288,,,,,
438,3,营养缺乏(的),nutritional deficiency,E64.9,0.9857965707778931,,,,,
438,4,特指的NEC,specified NEC,E64.8,0.9654497504234314,,,,,
438,3,中毒(的)，由于,poisoning due to,,0.9875500798225403,,,,,
438,4,非医药物质,nonmedicinal substance,T97,0.9894117712974548,,,,,
438,4,药物、药剂或生物制品,"drug, medicament or biological substance",T96,0.9936729669570923,,,,,
438,3,中毒性效应(的),toxic effect of,,0.9892388582229614,,,,,
438,4,非医药物质的,nonmedicinal substance,T97,0.982410192489624,,,,,
438,4,药物、药剂或生物制品的,"drug, medicament or biological substance",T96,0.9751443862915039,,,,,
438,2,后移(位)-见后倾,"Retrocession, Retrodisplacement - see Retroversion",,0.9977255463600159,,,,,
438,2,后圆线虫病,Metastrongyliasis,B83.8,0.9999699592590332,,,,,
438,2,后殖吸虫病,Metagonimiasis,B66.8,0.9999178647994995,,,,,
438,2,后殖吸虫侵染(肠),Metagonimus infestation (intestine),B66.8,0.9880102276802063,,,,,
438,1,hòu 厚,,,0.999933660030365,,,,,
438,2,厚皮性骨膜病,Pachydermoperiostosis,M89.4,0.9999194741249084,,,,,
438,3,杵状甲,clubbed nail,M89.4+ L62.0*,0.9804730415344238,,,,,
438,2,厚皮性骨膜病杵状甲,Clubbed nail pachydermoperiostosis,M89.4+ L62.0*,0.9686732292175293,,,,,
439,1,hū 呼,,,,,,,,
439,2,呼肠孤病毒，作为分类于他处疾病的原因,"Reovirus, as cause of disease classified elsewhere",B97.5,0.9959021210670471,,,,,
439,2,呼吸,"Breathing, Respiration",,0.9927169680595398,,,,,
439,3,不足，或不良,"insufficient, or poor",R06.8,0.9838852286338806,,,,,
439,4,新生儿NEC,newborn NEC,P28.5,0.9564968943595886,,,,,
439,3,锻炼,exercises,Z50.1,0.9922571182250977,,,,,
439,3,减少，由于损伤后的休克引起的,"decreased due to shock, following injury",T79.4,0.9931532144546509,,,,,
439,3,口式,mouth,R06.5,0.9641458988189697,,,,,
439,3,切恩-斯托克斯,Cheyne-Stokes,R06.3,0.979381263256073,,,,,
439,3,叹息样，心因性,"sighing, psychogenic",F45.3,0.9973540306091309,,,,,
439,3,用力(另见通气过度),labored (see also Hyperventilation),R06.4,0.9810267090797424,,,,,
439,3,障碍，心因性,"disorder of, psychogenic",F45.3,0.9947276711463928,,,,,
439,3,周期性,periodic,R06.3,0.9483186602592468,,,,,
439,2,呼吸道- 另见情况,Respiratory - see also condition,,0.9776005148887634,,,,,
439,3,合胞体病毒，作为分类于他处疾病的原因,"syncytial virus, as cause of disease classified elsewhere",B97.4,0.9880045056343079,,,,,
439,2,呼吸过度(另见通气过度),"Hyperpnea, Overbreathing (see also Hyperventilation)",R06.4,0.9923046231269836,,,,,
439,2,呼吸过慢,Bradypnea,R06.8,0.9999081492424011,,,,,
439,2,呼吸急促,Tachypnea,R06.8,0.9999206066131592,,,,,
439,3,心因性,psychogenic,F45.3,0.9916169047355652,,,,,
439,3,癔症性,hysterical,F45.3,0.9512605667114258,,,,,
439,3,暂时性，新生儿,"transitory, of newborn",P22.1,0.9977460503578186,,,,,
439,2,呼吸窘迫综合征(新生儿)(另见综合征，呼吸窘迫)[R.D.S.],"R.D.S. (newborn) (see also Syndrome, respiratory distress)",P22.0,0.9837589263916016,,,,,
439,2,呼吸困难(夜间)(阵发性),Dyspnea (nocturnal) (paroxysmal),R06.0,0.9804868102073669,,,,,
439,3,功能性,functional,F45.3,0.9568307995796204,,,,,
439,3,换气过度,hyperventilation,R06.0,0.9791607856750488,,,,,
439,3,尿毒症的,uremic,N19,0.923242449760437,,,,,
439,3,哮喘性(支气管),asthmatic (bronchial),J45.9,0.9867522716522217,,,,,
439,4,伴有支气管炎,with bronchitis,J45.9,0.9783240556716919,,,,,
439,5,慢性,chronic,J44.8,0.9518973231315613,,,,,
439,4,心源性(另见衰竭，心室，左),"cardiac (see also Failure, ventricular, left)",I50.1,0.9660247564315796,,,,,
439,3,心源性(另见衰竭，心室，左),"cardiac (see also Failure, ventricular, left)",I50.1,0.972720742225647,,,,,
439,3,心因性,psychogenic,F45.3,0.9876311421394348,,,,,
439,3,新生儿,newborn,P22.8,0.9656745791435242,,,,,
439,3,癔症性,hysterical,F45.3,0.9484694004058838,,,,,
439,2,呼吸气息,Breath,,0.9999791383743286,,,,,
439,3,短促,shortness,R06.0,0.9814403057098389,,,,,
439,3,恶臭,foul,R19.6,0.9545707106590271,,,,,
439,3,屏气，儿童,"holder, child",R06.8,0.9703467488288879,,,,,
439,3,屏气发作,holding spells,R06.8,0.9750140309333801,,,,,
439,2,呼吸暂停(小发作),"Apnea, apneic (spells)",R06.8,0.9867106080055237,,,,,
439,3,睡眠(中心性)(梗阻性),sleep (central) (obstructive),G47.3,0.9692836403846741,,,,,
439,3,新生儿 NEC,newborn NEC,P28.4,0.9705260396003723,,,,,
439,4,睡眠(原发性),sleep (primary),P28.3,0.9725549221038818,,,,,
440,1,hú 胡,,,,,,,,
440,2,胡勒(-沙伊)病或综合征,Hurler(-Scheie) disease or syndrome,E76.0,0.9992170929908752,,,,,
440,1,hú 壶,,,0.9996619820594788,,,,,
440,2,壶腹,Ampulla,,0.9995173215866089,,,,,
440,3,膈,phrenic,K22.8,0.9745849370956421,,,,,
440,3,下段食管,lower esophagus,K22.8,0.9767240881919861,,,,,
440,1,hú 糊,,,0.9998469352722168,,,,,
440,2,糊精聚积病，局限性(脱支酶缺乏),"Dextrinosis, limit (debrancher enzyme deficiency)",E74.0,0.9997739195823669,,,,,
440,1,huā 花,,,0.9998482465744019,,,,,
440,2,花粉症,"Hay fever, Pollinosis",J30.1,0.99946129322052,,,,,
440,2,花岗岩工人肺,Granite worker's lung,J62.8,0.9954268932342529,,,,,
440,1,huá 华,,,0.9204105138778687,,,,,
440,2,华-弗-见沃-弗或弗-沃,Waterhouse-Friderichsen,,0.9994725584983826,,,,,
440,2,华滕伯格综合征(伴有白化病),Waardenburg's syndrome (with albinism),E70.3,0.991246223449707,,,,,
440,1,huá 滑,,,0.9521721005439758,,,,,
440,2,"滑膜瘤(恶性)(M9040/3)-另见肿瘤，结缔组织,恶性","Synovioma (malignant) (M9040/3) - see also Neoplasm, connective tissue, malignant",,0.9873664379119873,,,,,
440,3,良性(M9040/0)-见肿瘤，结缔组织，良性,"benign (M9040/0) - see Neoplasm, connective tissue, benign",,0.9843931198120117,,,,,
440,2,滑膜肉瘤(M9040/3)-见肿瘤，结缔组织，恶性,"Synovial sarcoma, Synoviosarcoma (M9040/3) - see",,0.9836385250091553,,,,,
440,2,滑膜炎,Synovitis,M65.9,0.9761775135993958,,,,,
440,3,创伤性，近期-见扭伤,"traumatic, current - see Sprain",,0.9943702220916748,,,,,
440,3,短暂性,transient,M67.3,0.9778773188591003,,,,,
440,3,感染性 NEC,infective NEC,M65.1,0.9741072654724121,,,,,
440,3,见于(由于),in (due to),,0.979680061340332,,,,,
440,4,结晶性,crystals,M65.8,0.9516724944114685,,,,,
440,4,淋病性,gonorrhea,A54.4+ M68.0*,0.9930509328842163,,,,,
440,4,梅毒(晚期),syphilis (late),A52.7+ M68.0*,0.9844474792480469,,,,,
440,4,使用、过度使用、压迫,"use, overuse, pressure",M70.9,0.9717090129852295,,,,,
440,5,特指的 NEC,specified NEC,M70.8,0.9596725702285767,,,,,
440,3,结核性-见结核，滑膜炎,"tuberculous – see Tuberculosis, synovitis",,0.9804893136024475,,,,,
440,3,淋球菌性,gonococcal,A54.4+ M68.0*,0.9469273090362549,,,,,
441,3,梅毒性,syphilitic,A52.7+ M68.0*,0.9037291407585144,,,,,
441,4,先天性(早期),congenital (early),A50.0,0.9403786659240723,,,,,
441,3,绒毛结节性(色素沉着的),villonodular (pigmented),M12.2,0.9858899116516113,,,,,
441,3,手或腕的慢性碎裂音,"chronic crepitant, hand or wrist",M70.0,0.9875919818878174,,,,,
441,3,特指的NEC,specified NEC,M65.8,0.9811447858810425,,,,,
441,3,痛风性,gouty,M10.0,0.9621650576591492,,,,,
441,3,中毒性,toxic,M67.3,0.9403511881828308,,,,,
441,2,滑囊的 - 见情况,Bursa - see condition,,0.9275433421134949,,,,,
441,2,滑囊炎,Bursitis,M71.9,0.9543654918670654,,,,,
441,3,半膜肌肉(膝),semimembranous muscle (knee),M70.5,0.9940423369407654,,,,,
441,3,髌前,prepatellar,M70.4,0.9618709087371826,,,,,
441,3,迪普莱,Duplay's,M75.0,0.971031665802002,,,,,
441,3,感染性 NEC,infective NEC,M71.1,0.9759867787361145,,,,,
441,3,跟骨,calcaneal,M77.5,0.9811204075813293,,,,,
441,3,跟腱,Achilles,M76.6,0.9841580986976624,,,,,
441,3,腘,popliteal,M70.5,0.9185041189193726,,,,,
441,3,踝,ankle,M76.8,0.9593847990036011,,,,,
441,3,喙突下,subcoracoid,M75.5,0.9772036671638489,,,,,
441,3,肩[五十肩],shoulder,M75.5,0.9912854433059692,,,,,
441,3,肩峰下,subacromial,M75.5,0.994164764881134,,,,,
441,3,肩胛肱骨,scapulohumeral,M75.5,0.9950853586196899,,,,,
441,3,脚趾,toe,M77.5,0.999182403087616,,,,,
441,3,胫骨侧的,tibial collateral,M76.4,0.9786896705627441,,,,,
441,3,髋 NEC,hip NEC,M70.7,0.9333526492118835,,,,,
441,3,类风湿,rheumatoid,M06.2,0.9632460474967957,,,,,
441,3,淋球菌性,gonococcal,A54.4+ M73.0*,0.9685221314430237,,,,,
441,3,梅毒性,syphilitic,A52.7+ M73.1*,0.9663755893707275,,,,,
441,3,桡肱性,radiohumeral,M77.8,0.9733573198318481,,,,,
441,3,三角肌下,subdeltoid,M75.5,0.9694947600364685,,,,,
441,3,手,hand,M70.1,0.971204400062561,,,,,
441,3,手指,finger,M70.8,0.9864450097084045,,,,,
441,3,特指的 NEC,specified NEC,M71.5,0.9464541673660278,,,,,
441,3,痛风性,gouty,M10.0,0.966153621673584,,,,,
441,3,腕,wrist,M70.1,0.9370689988136292,,,,,
441,3,膝NEC,knee NEC,M70.5,0.9643661379814148,,,,,
441,3,咽,pharyngeal,J39.1,0.9792683720588684,,,,,
441,3,咽[托伦瓦尔特],"Thornwaldt, Tornwaldt",J39.2,0.992663562297821,,,,,
441,3,鹰嘴,olecranon,M70.2,0.9841246008872986,,,,,
441,3,由于使用、过度使用或压迫.,"due to use, overuse or pressure",M70.9,0.9841722249984741,,,,,
441,4,特指的 NEC,specified NEC,M70.8,0.9623814821243286,,,,,
441,3,粘连性,adhesive,M71.5,0.9954118728637695,,,,,
441,3,职业性 NEC,occupational NEC,M70.9,0.9140217900276184,,,,,
441,3,肘NEC,elbow NEC,M70.3,0.9534167647361755,,,,,
441,3,转子(区),trochanteric (area),M70.6,0.9803192615509033,,,,,
441,3,足,foot,M77.5,0.9583602547645569,,,,,
441,3,坐骨,ischial,M70.7,0.9299858808517456,,,,,
441,2,滑石沉着病(肺),Talcosis (pulmonary),J62.0,0.9974470138549805,,,,,
442,2,滑脱,"Slipped, slipping",,0.9959962368011475,,,,,
442,3,髌骨,patella,M22.3,0.9678908586502075,,,,,
442,3,尺神经，非创伤性,"ulnar nerve, nontraumatic",G56.2,0.9982824325561523,,,,,
442,3,骶髂关节,sacroiliac joint,M53.2,0.9884458780288696,,,,,
442,3,骨骺,epiphysis,M93.9,0.9658220410346985,,,,,
442,4,创伤性(陈旧性),traumatic (old),M93.9,0.9744216203689575,,,,,
442,5,近期-作为骨折，按部位编码,"current - code as Fracture, by site",,0.9626055359840393,,,,,
442,4,股骨上端(非创伤性),upper femoral (nontraumatic),M93.0,0.9779164791107178,,,,,
442,3,脊椎 NEC(另见 脊椎前移症),vertebra NEC (see also Spondylolisthesis),M43.1,0.929141640663147,,,,,
442,3,结扎，脐,"ligature, umbilical",P51.8,0.957049548625946,,,,,
442,3,肋骨,rib,M89.8,0.9762579202651978,,,,,
442,3,椎间盘-见移位，椎间盘,"intervertebral disk - see Displacement, intervertebral disk",,0.9915147423744202,,,,,
442,1,huá 划,,,0.9999630451202393,,,,,
442,2,划皮现象[皮肤划纹症],"Autographism, Dermatographia, Dermographia, dermographism",L50.3,0.9960792660713196,,,,,
442,1,huà 化,,,0.9999747276306152,,,,,
442,2,化疗(期间)(为),Chemotherapy (session) (for),Z51.2,0.964483916759491,,,,,
442,3,癌瘤,cancer,Z51.1,0.9527018666267395,,,,,
442,4,母体，影响到胎儿或新生儿,"maternal, affecting fetus or newborn",P04.1,0.9810510873794556,,,,,
442,3,维持性NEC,maintenance NEC,Z51.2,0.972293496131897,,,,,
442,4,肿瘤,neoplasm,Z51.1,0.9636208415031433,,,,,
442,3,预防性NEC,prophylactic NEC,Z29.2,0.9692045450210571,,,,,
442,3,肿瘤,neoplasm,Z51.1,0.9608128666877747,,,,,
442,2,化脓(性)-另见情况,"Suppuration, suppurative - see also condition",,0.9956356287002563,,,,,
442,3,鼻窦(慢性)(另见鼻窦炎),nasal sinus (chronic) (see also Sinusitis),J32.9,0.9742507338523865,,,,,
442,3,鼻旁窦(慢性)(另见鼻窦炎),accessory sinus (chronic) (see also Sinusitis),J32.9,0.9759289026260376,,,,,
442,3,扁桃体(另见扁桃体炎),tonsil (see also Tonsillitis),J03.9,0.9980131387710571,,,,,
442,4,慢性,chronic,J35.0,0.9861335754394531,,,,,
442,3,胆囊(急性),gallbladder (acute),K81.0,0.9925113916397095,,,,,
442,3,蝶窦(慢性)(另见鼻窦炎，蝶窦),"sphenoidal sinus (chronic) (see also Sinusitis, sphenoidal)",J32.3,0.9920385479927063,,,,,
442,3,窦(慢性)(另见鼻窦炎，上颌窦),"antrum (chronic) (see also Sinusitis, maxillary)",J32.0,0.9799869656562805,,,,,
442,3,额窦(慢性)(另见鼻窦炎，额窦),"frontal (chronic) (sinus) (see also Sinusitis, frontal)",J32.1,0.9939846396446228,,,,,
442,3,耳(中) NEC,ear (middle) NEC,H66.4,0.9336404800415039,,,,,
442,4,内,internal,H83.0,0.912628173828125,,,,,
442,4,外NEC,external NEC,H60.3,0.9019904732704163,,,,,
442,3,肺-见脓肿，肺,"lung - see Abscess, lung",,0.9439477324485779,,,,,
442,3,关节,joint,M00.9,0.9753605723381042,,,,,
443,3,肌肉,muscle,M60.0,0.9579102396965027,,,,,
443,3,甲状(腺),thyroid (gland),E06.0,0.9640719890594482,,,,,
443,3,颅骨膜(另见骨髓炎),pericranial (see also Osteomyelitis),M86.8,0.9971246719360352,,,,,
443,3,颅内,intracranial,G06.0,0.9512121677398682,,,,,
443,3,迷路,labyrinthine,H83.0,0.9928390979766846,,,,,
443,3,脑,brain,G06.0,0.9863481521606445,,,,,
443,3,膀胱(另见膀胱炎),bladder (see also Cystitis),N30.8,0.9829495549201965,,,,,
443,3,盆腔,"pelvis, pelvic",,0.9985225796699524,,,,,
443,4,男性,male,K65.0,0.9600856304168701,,,,,
443,4,女性(另见病，盆腔，炎性),"female (see also Disease, pelvis, inflammatory)",N73.9,0.9654017686843872,,,,,
443,3,乳房,breast,N61,0.9133747220039368,,,,,
443,4,产褥期、产后或妊娠,"puerperal, postpartum or gestational",O91.1,0.9576948285102844,,,,,
443,3,乳腺,mammary gland,N61,0.9967047572135925,,,,,
443,4,产褥期、产后,"puerperal, postpartum",O91.1,0.9554787874221802,,,,,
443,3,筛窦(慢性)(另见鼻窦炎，筛窦),"ethmoidal (chronic) (sinus) (see also Sinusitis, ethmoidal)",J32.2,0.965151309967041,,,,,
443,3,上颌骨，上颌,"maxilla, maxillary",K10.2,0.990210771560669,,,,,
443,4,窦(慢性)(另见鼻窦炎，上颌窦),"sinus (chronic) (see also Sinusitis, maxillary)",J32.0,0.9637555480003357,,,,,
443,3,输卵管(另见输卵管卵巢炎),fallopian tube (see also Salpingo-oophoritis),N70.9,0.9977589249610901,,,,,
443,3,涎管或涎腺(任何),salivary duct or gland (any),K11.2,0.9861212968826294,,,,,
443,3,胸(腺),thymus (gland),E32.1,0.9728663563728333,,,,,
443,3,牙骨膜,dental periosteum,K10.3,0.9938967227935791,,,,,
443,3,胰腺，急性,"pancreas, acute",K85,0.9504325985908508,,,,,
443,3,子宫(另见子宫内膜炎),uterus (see also Endometritis),N71.9,0.9758824706077576,,,,,
443,2,化脓性的 - 见情况,Purulent - see condition,,0.9558740854263306,,,,,
443,2,化脓性肌炎(热带),Pyomyositis (tropical),M60.0,0.9969900846481323,,,,,
443,2,化脓性静脉炎-见静脉炎,Pyophlebitis - see Phlebitis,,0.9991803169250488,,,,,
443,2,化脓性心包炎,"Pyopericarditis, pyopericardium",I30.1,0.9857209920883179,,,,,
443,2,化生,Metaplasia,,0.9999707937240601,,,,,
443,3,顶泌性汗腺(乳房),apocrine (breast),R87,0.9936673641204834,,,,,
443,3,宫颈(鳞状),cervix (squamous),R87,0.9910480976104736,,,,,
443,3,鳞状细胞，膀胱,"squamous cell, bladder",N32.8,0.9788983464241028,,,,,
443,3,脾,spleen,D73.1,0.965971827507019,,,,,
443,3,肾(盂)(鳞状),kidney (pelvis) (squamous),N28.8,0.9703264236450195,,,,,
443,3,髓细胞性,myelogenous,D73.1,0.981763482093811,,,,,
443,3,髓样(原因不明性)(巨核细胞),myeloid (agnogenic) (megakaryocytic),D73.1,0.9761455059051514,,,,,
443,3,子宫内膜(鳞状),endometrium (squamous) (uterus),N85.8,0.985002338886261,,,,,
443,2,化学感受器瘤(M8693/1)-见神经节细胞瘤，非嗜铬性,"Chemodectoma (M8693/1) - see Paraganglioma, nonchromaffin",,0.9842736124992371,,,,,
443,2,化学物质通过胎盘传输-见吸收不良，化学性，通过胎盘,"Transmission of chemical substances through the placenta - see Absorption, chemical, through placenta",,0.9902160167694092,,,,,
443,2,化学性烧伤-另见腐蚀伤，按部位,"Chemical burn - see also Corrosion, by site",,0.9581482410430908,,,,,
443,3,人工流产后,following induced abortion,O08.6,0.9647544622421265,,,,,
443,2,化学预防,Chemoprophylaxis,Z29.2,0.9868287444114685,,,,,
444,1,huà 画,,,0.9997497200965881,,,,,
444,2,画家[铅]绞痛,Painter's colic,T56.0,0.9995921850204468,,,,,
444,1,huái 怀,,,0.9520488381385803,,,,,
444,2,怀乡病,Nostalgia,F43.2,0.9999638795852661,,,,,
444,1,huái 踝,,,0.9519034028053284,,,,,
444,2,踝的 - 见情况,Ankle - see condition,,0.9117133021354675,,,,,
444,1,huài 坏,,,0.9998931884765625,,,,,
444,2,坏疽(性)(干性)(湿性)(皮肤)(溃疡)(另见坏死),"Gangrene, gangrenous, Mortification (dry) (moist) (skin) (ulcer) (see also Necrosis)",R02,0.9662456512451172,,,,,
444,3,伴有糖尿病-编码于E10-E14伴有第四位数.5,with diabetes (mellitus) - code to E10-E14 with fourth character.5,,0.9967751502990723,,,,,
444,3,产气荚膜或韦尔希梭状芽胞杆菌,Clostridium perfringens or welchii,A48.0,0.9912675023078918,,,,,
444,3,肠、盲肠或结肠-见坏疽，肠,"bowel, cecum or colon - see Gangrene, intestine",,0.9793877601623535,,,,,
444,3,肠(出血性)(大量),"intestine, intestinal (hemorrhagic) (massive)",K55.0,0.9770663976669312,,,,,
444,4,伴有,with,,0.8894377946853638,,,,,
444,5,肠系膜栓塞,mesenteric embolism,K55.0,0.977092981338501,,,,,
444,5,梗阻(另见梗阻，肠),"obstruction (see also Obstruction, intestine)",K56.6,0.9637393951416016,,,,,
444,3,肠系膜,mesentery,K55.0,0.9630273580551147,,,,,
444,4,伴有肠梗阻(另见梗阻，肠),"with intestinal obstruction (see also Obstruction, intestine)",K56.6,0.9734827280044556,,,,,
444,3,胆囊(另见胆囊炎，急性),"gallbladder (see also Cholecystitis, acute)",K81.0,0.9794001579284668,,,,,
444,3,动脉硬化性(全身性)(老年性),arteriosclerotic (general) (senile),I70.2,0.975357174873352,,,,,
444,3,对称性,symmetrical,I73.0,0.9739539623260498,,,,,
444,3,耳廓,auricle,R02,0.9393448233604431,,,,,
444,3,肺,"lung, pulmonary",J85.0,0.992698609828949,,,,,
444,3,附睾(感染性)(另见附睾炎),epididymis (infectional) (see also Epididymitis),N45.9,0.9817933440208435,,,,,
444,3,富尼耶,Fournier's,N49.8,0.9826884269714355,,,,,
444,4,女性,female,N76.8,0.9130429029464722,,,,,
444,3,腹(壁),abdomen (wall),R02,0.9884957671165466,,,,,
444,3,睾丸(感染性)(另见睾丸炎),testis (infectional) (see also Orchitis),N45.9,0.983306884765625,,,,,
444,4,非感染性,noninfective,N50.8,0.9955781698226929,,,,,
444,3,会阴,perineum,R02,0.9979490041732788,,,,,
444,3,脊柱,spine,R02,0.8835639357566833,,,,,
444,3,甲状(腺),thyroid (gland),E07.8,0.9547604918479919,,,,,
444,3,角膜,cornea,H18.8,0.9498992562294006,,,,,
444,3,结缔组织,connective tissue,R02,0.9667842388153076,,,,,
444,3,结核性NEC(另见 结核),tuberculous NEC (see also Tuberculosis),A16.9,0.9807581901550293,,,,,
444,3,精索,spermatic cord,N49.1,0.9447659254074097,,,,,
444,4,非感染性,noninfective,N50.8,0.9691373109817505,,,,,
444,3,口腔,mouth,A69.0,0.9451891779899597,,,,,
444,3,口炎,stomatitis,A69.0,0.9336593151092529,,,,,
444,3,扩散性皮肤,spreading cutaneous,R02,0.9696513414382935,,,,,
445,3,阑尾炎,appendix,K35.9,0.9528120160102844,,,,,
445,4,伴有,with,,0.7843849658966064,,,,,
445,5,穿孔或破裂,perforation or rupture,K35.0,0.9947928190231323,,,,,
445,5,腹膜脓肿,peritoneal abscess,K35.1,0.961158275604248,,,,,
445,4,腹膜炎，局限性,"peritonitis, localized",K35.9,0.9334737062454224,,,,,
445,5,伴有提及穿孔或破裂,with mention of perforation or rupture,K35.0,0.9294002652168274,,,,,
445,3,弥漫性,generalized,K35.0,0.935543954372406,,,,,
445,3,老年性(动脉硬化性),senile (atherosclerotic),I70.2,0.9849226474761963,,,,,
445,3,雷诺,Raynaud's,I73.0,0.9813960194587708,,,,,
445,3,流行性,epidemic,T62.2,0.9591454267501831,,,,,
445,3,卵巢(另见输卵管卵巢炎),ovary (see also Salpingo-oophoritis),N70.9,0.9861575961112976,,,,,
445,3,梅勒尼[进行性](协同性),Meleney's (synergistic),L98.4,0.9879332780838013,,,,,
445,3,膀胱(传染性),bladder (infectious),N30.8,0.9870924353599548,,,,,
445,3,皮肤，扩散性,"cutaneous, spreading",R02,0.9960152506828308,,,,,
445,3,脐,umbilicus,R02,0.9392995834350586,,,,,
445,3,气性(芽胞杆菌),gas (bacillus),A48.0,0.9747648239135742,,,,,
445,3,鞘膜,tunica vaginalis,N49.1,0.998204231262207,,,,,
445,4,非感染性,noninfective,N50.8,0.9764019846916199,,,,,
445,3,褥疮性-见溃疡，褥疮性,"decubital - see Ulcer, decubitus",,0.993915319442749,,,,,
445,3,疝-见疝，按部位，伴有坏疽,"hernia - see Hernia, by site, with gangrene",,0.9871585369110107,,,,,
445,3,输精管,vas deferens,N49.1,0.9804917573928833,,,,,
445,4,非感染性,noninfective,N50.8,0.9704354405403137,,,,,
445,3,水肿性,dropsical,R02,0.9230745434761047,,,,,
445,3,梭菌螺旋体性,fusospirochetal,A69.0,0.9901172518730164,,,,,
445,3,糖尿病性(任何部位)-编码于E10-E14伴有第四位数.5,diabetic (any site) - code to E10-E14 with fourth character .5,,0.9930192828178406,,,,,
445,3,外阴,vulva,N76.8,0.9355012774467468,,,,,
445,3,韦尔希芽胞杆菌,Bacillus welchii,A48.0,0.9801099300384521,,,,,
445,3,牙槽,alveolar,K10.3,0.9632854461669922,,,,,
445,3,牙髓,pulpal (dental),K04.1,0.9470670223236084,,,,,
445,3,咽喉(另见咽炎),"pharynx, throat (see also Pharyngitis)",J02.9,0.9970490336418152,,,,,
445,4,樊尚,Vincent's,A69.1,0.9500150680541992,,,,,
445,3,咽后,retropharyngeal,J39.2,0.9650841355323792,,,,,
445,4,樊尚,Vincent's,A69.1,0.9658828377723694,,,,,
445,3,胰腺,pancreas,K85,0.9859331250190735,,,,,
445,3,阴茎,penis,N48.2,0.961111307144165,,,,,
445,4,非感染性,noninfective,N48.8,0.9736705422401428,,,,,
445,3,阴茎海绵体,corpora cavernosa,N48.2,0.9746482372283936,,,,,
445,4,非感染性,noninfective,N48.8,0.9678176641464233,,,,,
445,3,阴囊,scrotum,N49.2,0.9841376543045044,,,,,
445,4,非感染性,noninfective,N50.8,0.9916915893554688,,,,,
445,3,早老性,presenile,I73.1,0.9749033451080322,,,,,
445,3,肢(下)(上),limb (lower) (upper),R02,0.9855912923812866,,,,,
445,3,子宫(另见子宫内膜炎),uterus (see also Endometritis),N71.9,0.9784566760063171,,,,,
446,2,坏疽性口炎,Noma,A69.0,0.9547361135482788,,,,,
446,2,坏死(性)(缺血性)(另见坏疽),"Necrosis, necrotic (ischemic) (see also Gangrene)",R02,0.9960757493972778,,,,,
446,3,X线-见坏死，按部位,"X-ray - see Necrosis, by site",,0.9409129619598389,,,,,
446,3,鼻,nose,J34.0,0.9537826776504517,,,,,
446,3,扁桃体,tonsil,J35.8,0.9693114757537842,,,,,
446,3,肠(急性)(出血性)(广泛),intestine (acute) (hemorrhagic) (massive),K55.0,0.9783510565757751,,,,,
446,3,肠系膜,mesentery,K55.0,0.951103925704956,,,,,
446,4,脂肪,fat,K65.8,0.9016307592391968,,,,,
446,3,垂体(产后)(希恩),pituitary (gland) (postpartum) (Sheehan),E23.0,0.9716023802757263,,,,,
446,3,大脑,cerebral,I67.8,0.9448263049125671,,,,,
446,3,胆囊,gallbladder,K81.0,0.9832225441932678,,,,,
446,3,动脉,artery,I77.5,0.926489531993866,,,,,
446,3,窦,antrum,J32.0,0.9564920663833618,,,,,
446,3,二尖瓣-见关闭不全，二尖瓣,"mitral valve - see Insufficiency, mitral",,0.982208251953125,,,,,
446,3,肺,"lung, pulmonary",J85.0,0.9941375851631165,,,,,
446,3,辐射性-见坏死，按部位,"radiation - see Necrosis, by site",,0.9866113662719727,,,,,
446,3,腹膜,peritoneum,K55.0,0.9619086980819702,,,,,
446,4,脂肪,fat,K65.8,0.9771828055381775,,,,,
446,3,肝(细胞),liver (cell),K72.9,0.9724540710449219,,,,,
446,4,伴有肝衰竭(另见衰竭，肝),"with hepatic failure (see also Failure, hepatic)",K72.9,0.9842055439949036,,,,,
446,4,并发于妊娠、分娩或产褥期,"complicating pregnancy, childbirth or puerperium",O26.6,0.937996506690979,,,,,
446,5,影响到胎儿或新生儿,affecting fetus or newborn,P00.8,0.9828927516937256,,,,,
446,4,出血性，中心性,"hemorrhagic, central",K76.2,0.9762884974479675,,,,,
446,3,睾丸,testis,N50.8,0.9778500199317932,,,,,
446,3,巩膜,sclera,H15.8,0.9433393478393555,,,,,
446,3,骨(另见骨坏死),bone (see also Osteonecrosis),M87.9,0.9819872379302979,,,,,
446,4,颌,jaw,K10.2,0.9516671299934387,,,,,
446,4,结核性-见结核，骨,"tuberculous - see Tuberculosis, bon",,0.9759052395820618,,,,,
446,4,筛,ethmoid,J32.2,0.9649767279624939,,,,,
446,4,特指的NEC,specified NEC,M87.8,0.9894240498542786,,,,,
446,4,无菌性或无血管性,aseptic or avascular,M87.8,0.9723252058029175,,,,,
446,5,特发性,idiopathic,M87.0,0.9849262237548828,,,,,
446,3,颌,jaw,K10.2,0.9781554341316223,,,,,
446,3,喉,larynx,J38.7,0.9636521935462952,,,,,
446,3,脊柱,"spine, spinal (column)",M87.9,0.9755701422691345,,,,,
446,4,索,cord,G95.1,0.8638807535171509,,,,,
446,3,角膜,cornea,H18.4,0.9997659921646118,,,,,
446,3,结核性NEC-见结核,tuberculous NEC - see Tuberculosis,,0.9860414862632751,,,,,
446,3,截肢残端(晚期)(手术的),amputation stump (late) (surgical),T87.5,0.9890410304069519,,,,,
446,3,口炎(溃疡性),stomatitis (ulcerative),A69.0,0.9888778328895569,,,,,
446,3,髋，无菌性或无血管性(另见骨坏死),"hip, aseptic or avascular (see also Osteonecrosis)",M87.9,0.9949734807014465,,,,,
446,3,镭(辐射性)-见坏死，按部位,"radium - see Necrosis, by site",,0.9881855845451355,,,,,
446,3,"淋巴结(另见淋巴结炎,急性)","lymphatic gland (see also Lymphadenitis, acute)",L04.9,0.9769112467765808,,,,,
447,3,磷(中毒性),phosphorus,T54.2,0.9942836761474609,,,,,
447,3,卵巢(另见输卵管卵巢炎),ovary (see also Salpingo-oophoritis),N70.9,0.9762176871299744,,,,,
447,3,囊性中层(主动脉),cystic medial (aorta),I71.0,0.9410460591316223,,,,,
447,3,脑,brain,I67.8,0.9570510387420654,,,,,
447,3,膀胱(无菌性)(括约肌),bladder (aseptic) (sphincter),N32.8,0.9583621621131897,,,,,
447,3,皮肤或皮下组织NEC,skin or subcutaneous tissue NEC,R02,0.9826881289482117,,,,,
447,3,皮下脂肪，胎儿或新生儿,"subcutaneous fat, fetus or newborn",P83.8,0.9890627264976501,,,,,
447,3,皮质(急性)(肾),cortical (acute) (renal),N17.1,0.9748921990394592,,,,,
447,3,脾,spleen,D73.5,0.9847500324249268,,,,,
447,3,脐带，影响到胎儿或新生儿,"umbilical cord, affecting fetus or newborn",P02.6,0.9975899457931519,,,,,
447,3,气管,trachea,J39.8,0.9707340598106384,,,,,
447,3,乳房(无菌性)(脂肪)(节段性),breast (aseptic) (fat) (segmental),N64.1,0.9655998349189758,,,,,
447,3,乳头状(急性)(肾),papillary (acute) (renal),N17.2,0.9625450372695923,,,,,
447,3,乳突(慢性),mastoid (chronic),H70.1,0.9814059138298035,,,,,
447,3,乳腺(脂肪)(节段性),mammary gland (fat) (segmental),N64.1,0.9649916291236877,,,,,
447,3,筛(骨),ethmoid (bone),J32.2,0.9639498591423035,,,,,
447,3,肾(双侧),"kidney, renal (bilateral)",N28.0,0.9944953918457031,,,,,
447,4,急性,acute,N17.9,0.9622793197631836,,,,,
447,4,皮质(急性),cortical (acute),N17.1,0.9743921160697937,,,,,
447,4,乳头状,papillary,N17.2,0.9735466837882996,,,,,
447,4,髓样(乳头状),medullary (papillary),N17.2,0.9840550422668457,,,,,
447,4,小管性,tubular,N17.0,0.9566245079040527,,,,,
447,5,并发于妊娠,complicating pregnancy,O99.8,0.9295768737792969,,,,,
447,6,影响到胎儿或新生儿,affecting fetus or newborn,P00.1,0.9441903233528137,,,,,
447,5,后,following,,0.9991577863693237,,,,,
447,6,流产(随后发生),abortion (subsequent episode),O08.4,0.9781951904296875,,,,,
447,4,近期发生-见流产,current episode - see Abortion,,0.9492496252059937,,,,,
447,5,异位妊娠或葡萄胎妊娠,ectopic or molar pregnancy,O08.4,0.9774912595748901,,,,,
447,3,肾上腺,"adrenal, suprarenal (capsule) (gland)",E27.4,0.9538542628288269,,,,,
447,3,食管,esophagus,K22.8,0.9483191967010498,,,,,
447,3,髓样(急性)(肾),medullary (acute) (renal),N17.2,0.9726417064666748,,,,,
447,3,胎盘,placenta,O43.8,0.9753618240356445,,,,,
447,3,听骨,"ossicles, ear",H74.3,0.9473000764846802,,,,,
447,3,网膜,omentum,K55.0,0.9957123398780823,,,,,
447,4,脂肪,fat,K65.8,0.9648059606552124,,,,,
447,3,胃,stomach,K31.8,0.9390889406204224,,,,,
447,3,小管性(急性)(缺氧性)(肾)(毒性),tubular (acute) (anoxic) (renal) (toxic),N17.0,0.9541951417922974,,,,,
447,4,操作后,postprocedural,N99.0,0.9333962798118591,,,,,
447,3,小脑,cerebellar,I67.8,0.9784555435180664,,,,,
447,3,心肌-见梗死，心肌,"myocardium, myocardial - see Infarct, myocardium",,0.9923347234725952,,,,,
447,3,心内膜下(急性),subendocardial (acute),I21.4,0.9898614883422852,,,,,
447,4,慢性,chronic,I25.8,0.9072244167327881,,,,,
447,3,心脏-见梗死，心肌,"heart - see Infarct, myocardium",,0.9919281005859375,,,,,
447,3,胸(腺),thymus (gland),E32.8,0.9499255418777466,,,,,
448,3,压迫性,pressure,L89.2,0.9909106492996216,,,,,
448,4,期,stage,,0.8510547280311584,,,,,
448,5,Ⅲ期,III,L89.2,0.9176405668258667,,,,,
448,5,Ⅳ期,IV,L89.3,0.9275758862495422,,,,,
448,3,牙髓,pulp (dental),K04.1,0.9905351400375366,,,,,
448,3,咽,pharynx,J02.9,0.9410457611083984,,,,,
448,4,樊尚,Vincent's,A69.1,0.932306170463562,,,,,
448,3,眼睑,eyelid,H02.7,0.9527339935302734,,,,,
448,3,眼眶,"orbit, orbital",H05.1,0.9866158366203308,,,,,
448,3,胰腺(无菌性)(管)(脂肪),pancreas (aseptic) (duct) (fat),K86.8,0.9752089381217957,,,,,
448,4,急性(感染性),acute (infective),K85,0.9801063537597656,,,,,
448,3,阴道,vagina,N89.8,0.9660364985466003,,,,,
448,3,阴囊,scrotum,N50.8,0.9604305028915405,,,,,
448,3,支气管,bronchus,J98.0,0.9884708523750305,,,,,
448,3,脂肪(全身性),fat (generalized),M79.8,0.9711845517158508,,,,,
448,4,局部性-见变性，按部位，脂肪,"localized - see Degeneration, by site, fatty",,0.9585732221603394,,,,,
448,4,皮下，由于产伤,"subcutaneous, due to birth injury",P15.6,0.9673638939857483,,,,,
448,4,乳房(无菌性),breast (aseptic),N64.1,0.9384591579437256,,,,,
448,3,中枢神经系统NEC,central nervous system NEC,I67.8,0.983942449092865,,,,,
448,3,主动脉(玻璃样)(另见动脉瘤，主动脉),"aorta (hyaline) (see also Aneurysm, aorta)",I71.9,0.9682489633560181,,,,,
448,4,囊性中层,cystic medial,I71.0,0.9430694580078125,,,,,
448,4,破裂,ruptured,I71.8,0.9486229419708252,,,,,
448,3,椎骨,vertebra,M87.9,0.9989438056945801,,,,,
448,4,结核性,tuberculous,A18.0+ M49.0*,0.9870969653129578,,,,,
448,2,坏死松解症，中毒性表皮,"Necrolysis, toxic epidermal",L51.2,0.9990434646606445,,,,,
448,3,由于药物,due to drug,,0.9909849166870117,,,,,
448,4,过量或给错或服错药物,overdose or wrong substance given or taken,T50.9,0.9809589385986328,,,,,
448,5,特指的药物-见药物和化学制剂表,specified drug - see Table of drugs and chemicals,,0.9858048558235168,,,,,
448,4,恰当使用正确的物质,correct substance properly administered,L51.2,0.9804766178131104,,,,,
448,2,坏死性粒细胞缺乏性粘膜炎,Mucositis necroticans agranulocytica,D70,0.9935194253921509,,,,,
448,2,坏血病-现译名维生素C缺乏症,Scorbutus,,0.9996611475944519,,,,,
448,1,huán 环,,,0.9952978491783142,,,,,
448,2,环,Ring(s),,0.999588668346405,,,,,
448,3,班德尔,Bandl's,O62.4,0.9653286337852478,,,,,
448,4,胎儿或新生儿,fetus or newborn,P03.6,0.9798607230186462,,,,,
448,3,处女膜，过紧,"hymenal, tight",N89.6,0.9897821545600891,,,,,
448,3,弗莱舍(角膜),Fleischer's (cornea),H18.0,0.9758355021476746,,,,,
448,3,回缩，子宫，病理性,"retraction, uterus, pathological",O62.4,0.979710578918457,,,,,
448,4,影响到胎儿或新生儿,affecting fetus or newborn,P03.6,0.9418646693229675,,,,,
448,3,凯-弗[凯泽-弗莱舍](角膜),Kayser-Fleischer (cornea),H18.0,0.9965031743049622,,,,,
448,3,沙茨克(食管)(下部),Schatzki's (esophagus) (lower),K22.2,0.9914565086364746,,,,,
448,4,先天性,congenital,Q39.3,0.9733291864395142,,,,,
449,3,食管，下部(肌肉),"esophageal, lower (muscular)",K22.2,0.9642019867897034,,,,,
449,3,收缩(子宫)，并发于分娩,"contraction, complicating delivery",O62.4,0.985716700553894,,,,,
449,4,影响到胎儿或新生儿,affecting fetus or newborn,P03.6,0.9680588245391846,,,,,
449,3,血管性(先天性),vascular (congenital),Q25.8,0.9780973196029663,,,,,
449,4,主动脉,aorta,Q25.4,0.9485082626342773,,,,,
449,3,泽默林,Soemmerring's,H26.4,0.9626622200012207,,,,,
449,3,主动脉(血管性),aorta (vascular),Q25.4,0.9858605265617371,,,,,
449,2,环性气质,Cyclothymia,F34.0,0.9735864400863647,,,,,
449,2,环性人格,Cycloid personality,F34.0,0.9838330149650574,,,,,
449,2,环性心境-现译名 环性气质,Cyclothymia,,0.942142128944397,,,,,
449,2,环性心境人格,Cyclothymic personality,F34.0,0.9920806288719177,,,,,
449,2,环扎术(伴有宫颈机能不全) 妊娠中,Cerclage (with cervical incompetence) in pregnancy,O34.3,0.9206725358963013,,,,,
449,2,环状的 - 另见情况,"Annular, Circular - see also condition",,0.9395000338554382,,,,,
449,3,器官或部位，先天性NEC-见扭转,"organ or site, congenital NEC - see Distortion",,0.9858320355415344,,,,,
449,3,胰腺(先天性),pancreas (congenital),Q45.1,0.9888229966163635,,,,,
449,2,环状(毛)发(先天性),"Ringed hair, Thrix annulata (congenital)",Q84.1,0.9993538856506348,,,,,
449,2,环状染色体或双着丝粒染色体替换,Replaced chromosome by ring or dicentric,Q93.2,0.9999176263809204,,,,,
449,2,环状软骨后区的 - 见情况,Postcricoid region - see condition,,0.9573278427124023,,,,,
449,1,huǎn 缓,,,0.9997289776802063,,,,,
449,2,缓解,Remission in,,0.9994202256202698,,,,,
449,3,复发性抑郁障碍,recurrent depressive disorder,F33.4,0.9865380525588989,,,,,
449,3,双相情感障碍,bipolar affective disorder,F31.7,0.988455057144165,,,,,
449,2,缓慢性心律失常，心脏的,"Bradyarrhythmia, cardiac",I49.8,0.9680306911468506,,,,,
449,2,缓泻剂习惯,Laxative habit,F55,0.9768627882003784,,,,,
449,1,huàn 幻,,,0.9833731055259705,,,,,
449,2,幻觉,Hallucination,R44.3,0.9746319055557251,,,,,
449,3,触,tactile,R44.2,0.9809713363647461,,,,,
449,3,视,visual,R44.1,0.9392580986022949,,,,,
449,3,特指的NEC,specified NEC,R44.2,0.9790767431259155,,,,,
449,3,听,auditory,R44.0,0.9596481919288635,,,,,
449,3,味,gustatory,R44.2,0.999027669429779,,,,,
449,3,嗅,olfactory,R44.2,0.9909942150115967,,,,,
449,2,幻觉症(慢性),Hallucinosis (chronic),F28,0.9993858337402344,,,,,
449,3,酒精中毒性(急性),alcoholic (acute),F10.5,0.9836505055427551,,,,,
449,3,器质性,organic,F06.0,0.9783837199211121,,,,,
449,3,药物引起的-编码于F11-F19伴有第四位数.5,induced by drug - code to F11-F19 with fourth character.5,,0.9973684549331665,,,,,
449,2,幻肢综合征(不伴有疼痛),Phantom limb syndrome (without pain),G54.7,0.997569739818573,,,,,
449,3,伴有疼痛,with pain,G54.6,0.9982319474220276,,,,,
450,1,huàn 换,,,0.981926679611206,,,,,
450,2,换气过度 -现译名 通气过度,Hyperventilation,,0.9356006383895874,,,,,
450,1,huáng 黄,,,0.9715389013290405,,,,,
450,2,黄斑,Macula,,0.9965599775314331,,,,,
450,3,变性(萎缩性)(渗出性)(老年性),degeneration (atrophic) (exudative) (senile),H35.3,0.9762409329414368,,,,,
450,4,遗传性,hereditary,H35.5,0.9362360835075378,,,,,
450,2,黄斑病，中毒性,"Maculopathy, toxic",H35.3,0.9974377751350403,,,,,
450,2,黄斑瘤(眼睑)(睑皮),Xanthelasma (eyelid) (palpebrarum),H02.6,0.9882974624633789,,,,,
450,2,黄疸,"Icterus, Jaundice",R17,0.9478549957275391,,,,,
450,3,出血性(急性)(钩端螺旋体性)(螺旋体性),hemorrhagic (acute) (leptospiral) (spirochetal),A27.0,0.9902549386024475,,,,,
450,3,恶性(另见衰竭，肝),"malignant (see also Failure, hepatic)",K72.9,0.9896882772445679,,,,,
450,3,非溶血性先天性家族性[吉尔伯特],nonhemolytic congenital familial (Gilbert),E80.4,0.9869666695594788,,,,,
450,3,梗阻性(另见梗阻，胆管),"obstructive (see also Obstruction, bile duct)",K83.1,0.9805756211280823,,,,,
450,3,钩端螺旋体性(出血性),leptospiral (hemorrhagic),A27.0,0.988914966583252,,,,,
450,3,核，新生儿(另见胆红素脑病，新生儿),"nucleus, nuclear, newborn (see also Kernicterus of Newborn)",P57.9,0.9948739409446716,,,,,
450,3,反流性(另见梗阻，胆管),"regurgitation (see also Obstruction, bile duct)",K83.1,0.9988820552825928,,,,,
450,3,家族性非溶血性,familial nonhemolytic,E80.4,0.996968686580658,,,,,
450,4,先天性,congenital,E80.5,0.9558679461479187,,,,,
450,3,流行性(卡他性),epidemic (catarrhal),,0.9918335676193237,,,,,
450,4,钩端螺旋体性,leptospiral,A27.0,0.9924184083938599,,,,,
450,4,螺旋体性,spirochetal,A27.0,0.954739511013031,,,,,
450,3,螺旋体性(出血性),spirochetal (hemorrhagic),A27.0,0.9815809726715088,,,,,
450,3,免疫后-见肝炎，病毒，型，乙,"post-immunization - see Hepatitis, viral, type, B",,0.9783007502555847,,,,,
450,4,伴有肝昏迷,with hepatic coma,B16.2,0.9824042320251465,,,,,
450,3,母乳(抑制剂),breast-milk (inhibitor),P59.3,0.9755572080612183,,,,,
450,3,溶血性(后天性),hemolytic (acquired),D59.9,0.9817990064620972,,,,,
450,4,先天性(另见球形红细胞增多症),congenital (see also Spherocytosis),D58.0,0.9927682876586914,,,,,
450,3,输血后-见肝炎，病毒，型，乙,"post-transfusion - see Hepatitis, viral, type, B",,0.973057746887207,,,,,
450,4,伴有肝昏迷,with hepatic coma,B16.2,0.979487419128418,,,,,
450,3,胎儿或新生儿(生理),fetus or newborn (physiological),P59.9,0.983085036277771,,,,,
450,4,特指的原因NEC,specified cause NEC,P59.8,0.9778247475624084,,,,,
450,4,由于或与...有关,due to or associated with,,0.9448733925819397,,,,,
450,5,ABO,ABO,,0.8750831484794617,,,,,
450,6,抗体,antibodies,P55.1,0.9144875407218933,,,,,
450,6,同种免疫,isoimmunization,P55.1,0.9882470965385437,,,,,
450,6,血型不配合，母体/胎儿的,"incompatibility, maternal/fetal",P55.1,0.9764155149459839,,,,,
450,5,Rh,Rh,,0.9498181343078613,,,,,
450,6,抗体,antibodies,P55.0,0.9683747887611389,,,,,
450,6,同种免疫,isoimmunization,P55.0,0.9703683257102966,,,,,
450,6,血型不配合，母体/胎儿的,"incompatibility, maternal/fetal",P55.0,0.9623978137969971,,,,,
