image_page,level,chinese,english,code,confidence,malignant_primary,malignant_secondary,in_situ,benign,uncertain_or_unspecified
351,1,gāng 肛,,,,,,,,
351,2,肛部痛,Proctalgia,K62.8,0.9995357990264893,,,,,
351,3,痉挛性,"fugax, spasmodic",K59.4,0.9510359764099121,,,,,
351,4,心因性,psychogenic,F45.4,0.9687662124633789,,,,,
351,2,肛门的 - 见情况,"Anus, anal - see conditior",,0.9745123386383057,,,,,
351,2,肛门梳硬结,Pectenosis,K62.4,0.9640878438949585,,,,,
351,2,肛门炎,Anusitis,K62.8,0.9999071359634399,,,,,
351,1,gāo 高,,,0.9439713358879089,,,,,
351,2,高,High,,0.999667763710022,,,,,
351,3,动脉压(另见高血压),arterial tension (see also Hypertension),I10,0.9948582649230957,,,,,
351,3,腭[高腭穹]，先天性,"palate, congenital",Q38.5 O38.5,0.974307656288147,,,,,
351,3,膈(先天性),diaphragm (congenital),Q79.1,0.991314172744751,,,,,
351,3,弓，穹,arch,,0.9650024175643921,,,,,
351,4,→一腭[高腭穹]，先天性,"palate, congenital",Q38.5,0.9171741008758545,,,,,
351,4,足,foot,Q66.7,0.8983637094497681,,,,,
351,3,海拔(高度)效应,altitude effects,T70.2,0.962757408618927,,,,,
351,4,对,on,,0.7368454337120056,,,,,
351,5,鼻窦,sinuses,T70.1,0.9475163221359253,,,,,
351,5,耳,ears,T70.0,0.8599105477333069,,,,,
351,4,红细胞增多,polycythemia,D75.1,0.9810829758644104,,,,,
351,4,缺氧,anoxia,T70.2,0.9661505222320557,,,,,
351,3,基础代谢率,basal metabolic rate,R94.8,0.990044116973877,,,,,
351,3,家中表现的(高度)情绪激动,expressed emotional level within family,Z63.8,0.9741222262382507,,,,,
351,3,体温(原因不明),temperature (of unknown origin),R50.9,0.9925776124000549,,,,,
351,3,危险,risk,,0.9741045236587524,,,,,
351,4,环境(物理)NEC,environment (physical) NEC,Z58.9,0.9978598356246948,,,,,
351,5,特指的 NEC,specified NEC,Z58.8,0.933045506477356,,,,,
351,5,职业 NEC,occupational NEC,Z57.9,0.9485908150672913,,,,,
351,6,特指的 NEC,specified NEC,Z57.8,0.9365675449371338,,,,,
351,4,性行为,sexual behavior,Z72.5,0.9517555236816406,,,,,
351,4,婴儿NEC,infant NEC,Z76.2,0.9539263248443604,,,,,
351,3,胸肋,thoracic rib,Q76.6,0.9588813781738281,,,,,
351,3,血压(另见高血压),blood pressure (see also Hypertension),I10,0.9802190065383911,,,,,
351,4,读数(偶然的)(孤立的)(非特异的)，无高血压诊断,"reading (incidental) (isolated) (nonspecific), without diagnosis of hypertension",R03.0,0.979181170463562,,,,,
351,3,足月头,head at term,O32.4,0.9650923609733582,,,,,
351,2,高β脂蛋白血症(家族性),Hyperbetalipoproteinemia (familial),E78.0,0.999860405921936,,,,,
351,3,伴有前β脂蛋白血症,with prebetalipoproteinemia,E78.2,0.986553430557251,,,,,
351,2,高安病或高安综合征[无脉病],Takayasu's disease or syndrome,M31.4,0.9732539653778076,,,,,
352,2,高氨基酸尿,Hyperaminoaciduria,,0.9999189376831055,,,,,
352,3,胱氨酸,cystine,E72.0,0.9739070534706116,,,,,
352,3,精氨酸,arginine,E72.2,0.9953783750534058,,,,,
352,3,赖氨酸,lysine,E72.3,0.9669294953346252,,,,,
352,3,鸟氨酸,ornithine,E72.4,0.9814598560333252,,,,,
352,2,高氨血症(先天性),Hyperammonemia (congenital),E72.2,0.9973101615905762,,,,,
352,2,高苯丙酮酸尿NEC,Hyperphenylalaninemia NEC,E70.1,0.9826382398605347,,,,,
352,2,高丙球蛋白血症,Hypergammaglobulinemia,D89.2,0.9944755434989929,,,,,
352,3,多克隆,polyclonal,D89.0,0.9853911399841309,,,,,
352,3,瓦尔登斯特伦,Waldenström's,D89.0,0.9771609306335449,,,,,
352,2,高草酸尿(原发性),Hyperoxaluria (primary),E74.8,0.9804720282554626,,,,,
352,2,高催乳素血症,Hyperprolactinemia,E22.1,0.9998790621757507,,,,,
352,2,高胆固醇血症(特发性)(家族性)(遗传性)(原发性)(纯),Hypercholesterolemia (essential) (familial) (hereditary) (primary) (pure),E78.0,0.992213249206543,,,,,
352,3,伴有高甘油酯血症，内源性,"with hyperglyceridemia, endogenous",E78.2,0.997513473033905,,,,,
352,3,饮食咨询和监督,dietary counseling and surveillance,Z71.3,0.992581844329834,,,,,
352,2,高胆红素血症,Hyperbilirubinemia,,0.9998841881752014,,,,,
352,3,家族结合性,familial conjugated,E80.6,0.9948609471321106,,,,,
352,3,体质性,constitutional,E80.6,0.991421639919281,,,,,
352,3,新生儿(短暂性)(另见黄疸，胎儿或新生儿),"neonatal (transient) (see also Jaundice, fetus or newborn)",P59.9,0.9912275075912476,,,,,
352,4,早产的,of prematurity,P59.0,0.9359099864959717,,,,,
352,2,高胆红素血症性脑病，新生儿,"Encephalopathia hyperbilirubinemica, newborn",P57.9,0.9996553063392639,,,,,
352,3,由于同种免疫(在 中的情况),due to isoimmunization (conditions in),P55 P57.0,0.9912776350975037,,,,,
352,2,高蛋氨酸血症,Hypermethioninemia,E72.1,0.9998214840888977,,,,,
352,2,高蛋白血症,Hyperproteinemia,E88.0,0.9998728632926941,,,,,
352,2,高电解质血症,Hyperelectrolytemia,E87.8,0.9999536275863647,,,,,
352,2,高度节律失调,Hypsarhythmia,G40.4,0.9999735355377197,,,,,
352,2,高尔夫球员肘,Golfer's elbow,M77.0,0.9999368786811829,,,,,
352,2,高尔肌营养不良,Gower's muscular dystrophy,G71.0,0.9999558329582214,,,,,
352,2,高脯氨酸血症(Ⅰ型)(Ⅱ型),Hyperprolinemia (type I) (type II),E72.5,0.99423748254776,,,,,
352,2,高钙尿(特发性),Hypercalciuria (idiopathic),E83.5,0.999123752117157,,,,,
352,2,高钙血症，低钙尿性，家族性,"Hypercalcemia, hypocalciuric, familial",E83.5,0.9746032357215881,,,,,
352,2,高甘氨酸血 -见甘氨酸血症,Glycinemia,,0.9616050720214844,,,,,
352,2,高甘油三酯血，特发性,"Hypertriglyceridemia, essential",E78.1,0.9997764229774475,,,,,
352,2,高甘油酸血症(非酮病性),Hyperglycinemia (non-ketotic),E72.5,0.998565673828125,,,,,
352,2,高甘油酯血症(内源性)(特发性)(家族性)(遗传性)(纯),Hyperglyceridemia (endogenous) (essential) (familial) (hereditary) (pure),E78.1,0.9920791983604431,,,,,
352,3,混合的,mixed,E78.3,0.9571089744567871,,,,,
352,2,高肝素血症(另见循环抗凝剂),Hyperheparinemia (see also Circulating anticoagulants),D68.3,0.978806734085083,,,,,
352,2,高胱氨酸血症，同型胱氨酸尿,"Homocystinemia, homocystinuria",E72.1,0.9988685250282288,,,,,
352,2,高果糖血症,Hyperfructosemia,E74.1,0.9999481439590454,,,,,
352,2,高胡萝卜素血症(饮食性),"Hypercarotenemia, hypercarotinemia (dietary)",E67.1,0.9904018640518188,,,,,
352,2,高钾血症,"Hyperkalemia, Hyperpotassemia",E87.5,0.9995993375778198,,,,,
352,2,高空病,Aeroembolism,T70.3,0.9996767044067383,,,,,
353,2,高空恐怖,Acrophobia,F40.2,0.9967297315597534,,,,,
353,2,高赖氨酸血症,Hyperlysinemia,E72.3,0.9915886521339417,,,,,
353,2,高酪氨酸血症,"Hypertyrosinemia, Tyrosinemia",E70.2,0.9915096759796143,,,,,
353,3,新生儿，暂时性,"newborn, transitory",P74.5,0.9882510900497437,,,,,
353,2,高磷酸盐血症,Hyperphosphatemia,E83.3,0.9959426522254944,,,,,
353,2,高氯血症,Hyperchloremia,E87.8,0.9923986196517944,,,,,
353,2,高镁血症,Hypermagnesemia,E83.4,0.9650954008102417,,,,,
353,3,新生儿,neonatal,P71.8,0.9531124234199524,,,,,
353,2,高钠血症,Hypernatremia,E87.0,0.9681497812271118,,,,,
353,2,高鸟氨酸血症,Hyperornithinemia,E72.4,0.9997987747192383,,,,,
353,2,高尿酸血症(无症状),Hyperuricemia (asymptomatic),E79.0,0.9995348453521729,,,,,
353,2,高凝血酶原血症，引起凝血因子缺乏,"Hyperprothrombinemia, causing coagulation factor deficiency",D68.4,0.9997539520263672,,,,,
353,2,高普兰综合征,Gopalan's syndrome,E53.9,0.9999620318412781,,,,,
353,2,高前β脂蛋白血症(家族性),Hyperprebetalipoproteinemia (familial),E78.1,0.9998772144317627,,,,,
353,2,高羟氨酸血症,Hyperhydroxyprolinemia,E72.5,0.9939042925834656,,,,,
353,2,高球蛋白血症,Hyperglobulinemia,R77.1,0.9813356399536133,,,,,
353,2,高热,Hyperpyrexia,R50.9,0.9590002298355103,,,,,
353,3,恶性，由于麻醉药,"malignant, due to anesthetic",T88.3,0.9500158429145813,,,,,
353,3,风湿性-见热，风湿热,"rheumatic - see Fever, rheumatic",,0.9889244437217712,,,,,
353,3,热(效应),heat(effects),T67.0,0.9873877167701721,,,,,
353,3,原因不明性,unknown origin,R50.9,0.989942193031311,,,,,
353,2,高乳糜微粒血症(家族性)(原发性),Hyperchylomicronemia (familial) (primary),E78.3,0.9910745620727539,,,,,
353,3,伴有高β脂蛋白血症,with hyperbetalipoproteinemia,E78.3,0.9958659410476685,,,,,
353,2,高身材，体质性,"Tall stature, constitutional",E34.4,0.9818153381347656,,,,,
353,2,高渗透性,Hyperosmolality,E87.0,0.9768425226211548,,,,,
353,2,高碳酸血,Hypercapnia,R06.8,0.9996007084846497,,,,,
353,2,高铁血红蛋白尿症(另见血红蛋白尿),Methemoglobinuria (see also Hemoglobinuria),R82.3,0.9921542406082153,,,,,
353,2,高铁血红蛋白血症,Methemoglobinemia,D74.9,0.9998919367790222,,,,,
353,3,先天性,congenital,D74.0,0.9939948320388794,,,,,
353,3,后天性(伴有硫化血红蛋白血症),acquired (with sulfhemoglobinemia),D74.8,0.9942635297775269,,,,,
353,3,酶性(先天性),enzymatic (congenital),D74.0,0.9911378622055054,,,,,
353,3,血红蛋白M病,Hb-M disease,D74.0,0.9698307514190674,,,,,
353,3,遗传性,hereditary,D74.0,0.9873254299163818,,,,,
353,3,中毒性,toxic,D74.8,0.9512708783149719,,,,,
353,2,高胃泌素血症,Hypergastrinemia,E16.4,0.9997068047523499,,,,,
353,2,高温(原因不明)(另见高热),Hyperthermia (of unknown origin) (see also Hyperpyrexia),R50.9,0.9997963309288025,,,,,
353,3,恶性，由于麻醉,"malignant, due to anesthesia",T88.3,0.954927921295166,,,,,
353,3,新生儿，环境性,"newborn, environmental",P81.0,0.9872404932975769,,,,,
353,2,高缬氨酸-异亮氨酸血症,Hyperleucine-isoleucinemia,E71.1,0.9942951798439026,,,,,
353,2,高缬氨酸血症,Hypervalinemia,E71.1,0.9648926854133606,,,,,
353,2,高血糖素瘤,Glucagonoma,,0.9998422861099243,,,,,
353,3,恶性(M8152/3),malignant (M8152/3),,0.9771303534507751,,,,,
353,4,特指部位NEC-见肿瘤，恶性,"specified site NEC - see Neoplasm, malignant",,0.978118896484375,,,,,
353,4,未特指部位,unspecified site,C25.4,0.9558033347129822,,,,,
353,4,胰腺,pancreas,C25.4,0.9810304641723633,,,,,
354,3,特指部位 NEC,specified site NEC,,0.9563696980476379,,,,,
354,4,动态未定或未知(M8152/1)- 见 肿瘤，动态未定或未知,uncertain or unknown behavior (M8152/1) - see Neoplasm uncertain or unknown behavior,,0.9544006586074829,,,,,
354,4,恶性(M8152/3)-见肿瘤，恶性,malignant (M8152/3) - see Neoplasm malignant,,0.9794666171073914,,,,,
354,4,良性(M8152/0)-见肿瘤，良性,benign (M8152/0) - see Neoplasm benign,,0.9808533787727356,,,,,
354,3,未特指部位,unspecified site,,0.9957047700881958,,,,,
354,4,动态未定或未知(M8152/1),uncertain or unknown behavior (M8152/1),D37.7,0.9924390316009521,,,,,
354,4,恶性(M8152/3),malignant (M8152/3),C25.4,0.9716860055923462,,,,,
354,4,良性(M8152/0),benign (M8152/0),D13.7,0.9866194128990173,,,,,
354,3,胰腺,pancreas,,0.9625452756881714,,,,,
354,4,动态未定或未知(M8152/1),uncertain or unknown behavior (M8152/1),D37.7,0.9853977560997009,,,,,
354,4,恶性(M8152/3),malignant (M8152/3),C25.4,0.9809695482254028,,,,,
354,4,良性(M8152/0),benign (M8152/0),D13.7,0.9824947714805603,,,,,
354,2,高血糖症，高血糖性,"Hyperglycemia, hyperglycemic",R73.9,0.9874216914176941,,,,,
354,3,昏迷-编码于E10-E14伴有第四位数.0,coma - code to E10-E14 with fourth character .0,,0.9811732172966003,,,,,
354,3,胰切除术后,postpancreatectomy,E89.1,0.9967434406280518,,,,,
354,2,高血压(急进型)(良性)(原发性)(特发性)(恶性)(全身性),"Hypertension, hypertensive (accelerated) (benign) (essential) (idiopathic) (malignant) (primary) (systemic)",I10,0.9623591899871826,,,,,
354,3,伴有,with,,0.9505696296691895,,,,,
354,4,累及肾(另见高血压，肾性),"kidney involvement (see also Hypertension, kidney)",I12.9,0.9631898403167725,,,,,
354,4,累及心脏(由于高血压引起的I51.4-I51.9中的情况)(另见高血压，心脏),"heart involvement (conditions in I51.4-I51.9 due to hypertension) (see also Hypertension, heart)",I11.9,0.9839867353439331,,,,,
354,4,肾硬化( 中的情况)(另见高血压，肾性),"renal sclerosis (conditions in) (see also Hypertension, kidney)",N26 I12.9,0.9624602794647217,,,,,
354,5,伴有,with,,0.7766214609146118,,,,,
354,6,累及心脏(I51.4-I51.9中的情况)-见高血压，心肾性,"heart involvement (conditions in I51.4-I51.9) see Hypertension, cardiorenal",,0.9839481711387634,,,,,
354,6,衰竭（N18、N19中的情况）,"failure (conditions in N18, N19)",I12.0,0.9586538672447205,,,,,
354,3,并发于妊娠、分娩或产褥期,"complicating pregnancy, childbirth or puerperium",O16,0.9884352087974548,,,,,
354,4,伴有,with,,0.7624715566635132,,,,,
354,5,白蛋白尿(和水肿)(另见先兆子痫),albuminuria (and edema) (see also Pre-eclampsia),O14.9,0.979764461517334,,,,,
354,5,重度,severe,O14.1,0.8964039087295532,,,,,
354,5,肾病，原有的,"renal disease, pre-existing",O10.2,0.9075655341148376,,,,,
354,5,水肿(另见先兆子痫),edema (mild) (see also Pre-eclampsia),O14.9,0.9510190486907959,,,,,
354,5,重度,severe,O14.1,0.8908618688583374,,,,,
354,5,心脏病,heart disease,O10.1,0.9293583035469055,,,,,
354,6,和肾病，原有的,"and renal disease, pre-existing",O10.3,0.9783496260643005,,,,,
354,4,短暂性-见高血压，妊娠,"transient - see Hypertension, gestational",O16,0.9680782556533813,,,,,
354,4,恶性，原有的,"malignant, pre-existing",O10.0,0.9804862141609192,,,,,
354,5,并发蛋白尿,with superimposed proteinuria,O11,0.9577359557151794,,,,,
354,4,继发于肾病，原有的,"secondary to renal disease, pre-existing",O10.4,0.9844135046005249,,,,,
354,4,妊娠诱发的(另见高血压，妊娠),"pregnancy-induced (see also Hypertension, gestational)",O13,0.9540998339653015,,,,,
355,4,特发性(良性)，原有的,"essential (benign), pre-existing",O10.0,0.9545619487762451,,,,,
355,5,恶性，原有的,"malignant, pre-existing",O10.0,0.9643958806991577,,,,,
355,4,并发蛋白尿,with superimposed proteinuria,O11,0.9219112396240234,,,,,
355,4,影响到胎儿或新生儿,affecting fetus or newborn,P00.0,0.9706008434295654,,,,,
355,4,原有的,pre-existing,O10.9,0.8904057741165161,,,,,
355,4,并发蛋白尿,with superimposed proteinuria,O11,0.9272038340568542,,,,,
355,5,恶性,malignant,O10.0,0.9156671762466431,,,,,
355,3,肺(动脉)(继发性)NEC,pulmonary (artery) (secondary) NEC,I27.2,0.9769620299339294,,,,,
355,4,新生儿(持续性),of newborn (persistent),P29.3,0.9748629331588745,,,,,
355,4,原发性(特发性),primary (idiopathic),I27.0,0.9745551347732544,,,,,
355,3,肺循环性,lesser circulation,I27.0,0.9914602041244507,,,,,
355,3,戈德布拉特,Goldblatt's,I70.1,0.965097188949585,,,,,
355,3,继发性 NEC,secondary NEC,I15.9,0.949929416179657,,,,,
355,4,特指的 NEC,specified NEC,I15.8,0.9776614308357239,,,,,
355,4,由于,due to,,0.7709475755691528,,,,,
355,5,内分泌疾患,endocrine disorders,I15.2,0.9592221975326538,,,,,
355,5,肾血管疾患,renovascular disorders,I15.0,0.9713146686553955,,,,,
355,5,肾脏疾患NEC,renal disorders NEC,I15.1,0.9410598278045654,,,,,
355,6,动脉,arterial,I15.0,0.9440971612930298,,,,,
355,5,嗜铬细胞瘤,pheochromocytoma,I15.2,0.9774115085601807,,,,,
355,3,门静脉(由于慢性肝病)(特发性),portal (due to chronic liver disease) (idiopathic),K76.6,0.9887144565582275,,,,,
355,4,见于(由于)血吸虫病(裂体吸虫病),in (due to) schistosomiasis (bilharziasis),B65 K77.0*,0.9577671885490417,,,,,
355,3,脑病,encephalopathy,I67.4,0.9866686463356018,,,,,
355,3,妊娠(妊娠诱发的)(不伴有重度蛋白尿),gestational (pregnancy-induced) (without significant proteinuria),O13,0.9835957288742065,,,,,
355,4,伴有重度蛋白尿或白蛋白尿(和水肿)(另见先兆子痫),with significant proteinuria or albuminuria (and edema) (see also Preeclampsia),O14.9,0.9768112301826477,,,,,
355,3,肾性,"kidney, renal",I12.9,0.963948130607605,,,,,
355,4,伴有,with,,0.7882722616195679,,,,,
355,5,高血压性心脏病(在中的情况 )(另见高血压，心肾性),"hypertensive heart disease (conditionsin) (see also Hypertension, cardiorenal)",I11 I13.9,0.9670514464378357,,,,,
355,6,伴有心力衰竭(充血性),with heart failure (congestive),I13.0,0.9540970921516418,,,,,
355,7,伴有肾衰竭,with renal failure,I13.2,0.9453481435775757,,,,,
355,5,累及心脏(由于高血压引起的I51.4-I51.9中的情况)(另见高血压，心肾性),"heart involvement (conditions in I51.4-I51.9 due to hypertension) (see also Hypertension, cardiorenal)",I13.9,0.9747037887573242,,,,,
355,6,伴有心力衰竭(充血性),with heart failure (congestive),I13.0,0.9691190123558044,,,,,
355,7,伴有肾衰竭,with renal failure,I13.2,0.9613547921180725,,,,,
355,5,肾衰竭,renal failure,I12.0,0.9465882182121277,,,,,
355,3,肾血管,renovascular,I15.0,0.9815127849578857,,,,,
356,3,心肾性(疾病),cardiorenal (disease),I13.9,0.9719128608703613,,,,,
356,4,伴有,with,,0.6884608268737793,,,,,
356,5,肾衰竭,renal failure,I13.1,0.9584435820579529,,,,,
356,6,和心力衰竭(充血性),and heart failure (congestive),I13.2,0.9598019123077393,,,,,
356,3,心血管,cardiovascular,,0.9878917932510376,,,,,
356,4,病(动脉硬化性)(硬化)(另见高血压，心脏),"disease (arteriosclerotic) (sclerotic) (see also Hypertension, heart)",I11.9,0.9621999859809875,,,,,
356,5,伴有心力衰竭(充血性)(另见高血压，心脏),"with heart failure (congestive) (see also Hypertension, heart)",I11.0,0.9385204315185547,,,,,
356,6,伴有肾衰竭,with renal failure,I13.2,0.9639687538146973,,,,,
356,4,肾(病)(硬化)(另见高血压，心肾性),"renal (disease) (sclerosis) (see also Hypertension, cardiorenal)",I13.9,0.9711267948150635,,,,,
356,5,伴有肾衰竭,with renal failure,I13.1,0.987103283405304,,,,,
356,6,伴有心力衰竭,with heart failure,I13.2,0.9850812554359436,,,,,
356,3,心因性,psychogenic,F45.3,0.9899124503135681,,,,,
356,3,心脏(病)(由于高血压引起的I51.4-I51.9中的情况),heart (disease) (conditions in I51.4-I51.9 due to hypertension),I11.9,0.920527458190918,,,,,
356,4,伴有,with,,0.7725077271461487,,,,,
356,5,高血压肾病(中的情况)(另见高血压，心肾性),"hypertensive kidney disease (conditions in ) (see also Hypertension, cardiorenal)",I12 I13.9,0.9732661247253418,,,,,
356,5,肾硬化(另见高血压，心肾性),"renal sclerosis (see also Hypertension, cardiorenal)",I13.9,0.9511566162109375,,,,,
356,5,心力衰竭(充血性)(另见高血压，心脏),"heart failure (congestive) (see also Hypertension, heart)",I11.0,0.9533668756484985,,,,,
356,3,新生儿,newborn,P29.2,0.9901304244995117,,,,,
356,4,肺(动脉)(持续性),pulmonary (persistent),P29.3,0.9834926724433899,,,,,
356,3,由于,due to,,0.9462646245956421,,,,,
356,4,内分泌疾患,endocrine disorders,I15.2,0.9887120723724365,,,,,
356,4,肾疾患NEC,renal disorders NEC,I15.1,0.9647983908653259,,,,,
356,5,动脉,arterial,I15.0,0.9797282218933105,,,,,
356,4,肾血管疾患,renovascular disorders,I15.0,0.9734267592430115,,,,,
356,4,嗜铬细胞瘤,pheochromocytoma,I15.2,0.9744983315467834,,,,,
356,4,特指的病NEC,specified disease NEC,I15.8,0.9756159782409668,,,,,
356,3,孕产妇NEC(另见高血压，并发于妊娠),"maternal (of pregnancy) NEC (see also Hypertension, complicating pregnancy)",O16,0.985460102558136,,,,,
356,2,高胰岛素血症(功能性),Hyperinsulinism (functional),E16.1,0.9975265264511108,,,,,
356,3,伴有昏迷(低血糖性),with coma (hypoglycemic),E15,0.9826828241348267,,,,,
356,3,医疗中意外事故(由于给予胰岛素),therapeutic misadventure (from administration of insulin),T38.3,0.9862486124038696,,,,,
356,3,异位,ectopic,E16.1,0.9749787449836731,,,,,
356,2,高原，高(效应)-见效应，有害，高海拔,"Altitude, high (effects) - see Effect, adverse, high altitude",,0.9986445903778076,,,,,
356,2,高脂沉积症,Hyperlipidosis,E75.6,0.9984890222549438,,,,,
356,3,遗传性NEC,hereditary NEC,E75.5,0.9663828611373901,,,,,
357,3,低密度脂蛋白型,low-density-lipoprotein-type (LDL),E78.0,0.9937122464179993,,,,,
357,3,极低密度脂蛋白型.,very-low-density-lipoprotein-type (VLDL),E78.1,0.9916694164276123,,,,,
357,3,弗雷德里克森,Fredrickson's type,,0.9770814776420593,,,,,
357,4,I 型,I,E78.3,0.8714253306388855,,,,,
357,4,Iia 型,IIa,E78.0,0.9709797501564026,,,,,
357,4,Iib 型,IIb,E78.2,0.8984184265136719,,,,,
357,4,III 型,III,E78.2,0.840600848197937,,,,,
357,4,Ⅳ型,IV,E78.1,0.9005568623542786,,,,,
357,4,V 型,V,E78.3,0.8874943256378174,,,,,
357,2,高脂血症,"Hyperlipemia, hyperlipidemia",E78.5,0.9978787899017334,,,,,
357,3,混合性,mixed,E78.2,0.9240925908088684,,,,,
357,3,家族性混合性 .,combined familial,E78.4,0.9602234959602356,,,,,
357,3,特指的 NEC,specified NEC,E78.4,0.9354252219200134,,,,,
357,3,族,group,E78.0 E78.1 E78.2 E78.3,0.9993377923965454,,,,,
357,2,高组氨酸血症,Hyperhistidinemia,E70.8,0.9743927121162415,,,,,
357,1,gāo 膏,,,0.9725878238677979,,,,,
357,2,膏药性溃疡,Plaster ulcer,L89,0.9992254972457886,,,,,
357,3,期,stage,,0.9992830157279968,,,,,
357,4,Ⅰ期,I,L89.0,0.8625972867012024,,,,,
357,4,Ⅱ期,II,L89.1,0.9143650531768799,,,,,
357,4,Ⅲ期,III,L89.2,0.8523901700973511,,,,,
357,4,Ⅳ期,IV,L89.3,0.9173339605331421,,,,,
357,1,gāo 睾,,,0.9920429587364197,,,,,
357,2,睾丸 - 另见情况,Testis - see also condition,,0.9028488993644714,,,,,
357,3,游走性,migrans,Q55.2,0.9784265756607056,,,,,
357,2,睾丸间质细胞[莱迪希细胞],Leydig cell,,0.971768319606781,,,,,
357,3,癌(M8650/3),carcinoma (M8650/3),,0.9900709986686707,,,,,
357,4,特指部位-见肿瘤，恶性,"specified site - see Neoplasm, malignant",,0.964569628238678,,,,,
357,4,未特指部位,unspecified site,,0.8859707117080688,,,,,
357,5,男性,male,C62.9,0.9039812088012695,,,,,
357,5,女性,female,C56,0.8918827772140503,,,,,
357,3,瘤(M8650/1),tumor (M8650/1),,0.9952289462089539,,,,,
357,4,恶性(M8650/3),malignant (M8650/3),,0.9863405227661133,,,,,
357,5,特指部位-见肿瘤，恶性,"specified site - see Neoplasm, malignant",,0.9502964019775391,,,,,
357,4,未特指部位,unspecified site,,0.9277082681655884,,,,,
357,5,男性,male,C62.9,0.9690314531326294,,,,,
357,5,女性,female,C56,0.9071515202522278,,,,,
358,4,良性(M8650/0),benign (M8650/0),,0.9853724241256714,,,,,
358,4,特指部位-见肿瘤，良性,"specified site - see Neoplasm, benign",,0.9516894221305847,,,,,
358,3,未特指部位,unspecified site,,0.9220788478851318,,,,,
358,4,男性,male,D29.2,0.9519931077957153,,,,,
358,4,女性,female,D27,0.9221957325935364,,,,,
358,3,特指部位-见肿瘤，动态未定,"specified site - see Neoplasm, uncertain behavior",,0.99395352602005,,,,,
358,4,未特指部位,unspecified site,,0.8747708201408386,,,,,
358,5,男性,male,D40.1,0.9760196208953857,,,,,
358,5,女性,female,D39.1,0.9441582560539246,,,,,
358,2,睾丸鞘膜炎(膜),Vaginalitis (tunica),N49.1,0.9987073540687561,,,,,
358,2,睾丸鞘膜炎(未提及脓肿)(另见睾丸炎),Periorchitis (see also Orchitis),N45.9,0.987870454788208,,,,,
358,2,睾丸肉样肿(良性),Sarcocele (benign),,0.9996758699417114,,,,,
358,3,梅毒性,syphilitic,A52.7+ N51.1*,0.9575150012969971,,,,,
358,4,先天性,congenital,A50.5,0.966134250164032,,,,,
358,2,睾丸下降不完全,Imperfectly descended testis,Q53.9,0.9995884895324707,,,,,
358,3,单侧,unilateral,Q53.1,0.9711489677429199,,,,,
358,3,双侧,bilateral,Q53.2,0.9951989650726318,,,,,
358,2,睾丸炎(非特异的)(脓毒性)(化脓性),"Didymytis, Orchitis (nonspecific) (septic) (suppurative)",N45.9,0.9944512248039246,,,,,
358,3,伴有脓肿,with abscess,N45.0,0.9754606485366821,,,,,
358,3,结核性,tuberculous,A18.1+ N51.1*,0.9621515870094299,,,,,
358,3,淋病性(急性)(慢性)(淋球菌性),blennorrhagic (acute) (chronic) (gonococcal),A54.2+ N51.1*,0.984348475933075,,,,,
358,3,淋球菌性(急性)(慢性),gonococcal (acute) (chronic),A54.2+ N51.1*,0.979699969291687,,,,,
358,3,流行性腮腺炎,mumps,B26.0+ N51.1*,0.9812463521957397,,,,,
358,3,梅毒性,syphilitic,A52.7+ N51.1*,0.9791929721832275,,,,,
358,3,衣原体性,chlamydial,A56.1+ N51.1*,0.9585649967193604,,,,,
358,2,睾丸粘连,"Synorchidism, synorchism",Q55.1,0.9911039471626282,,,,,
358,1,gē 戈,,,0.998798668384552,,,,,
358,2,戈德堡-马克斯韦尔综合征,Goldberg-Maxwell syndrome,E34.5,0.9950135946273804,,,,,
358,2,戈德布拉特高血压或戈德布拉特肾,Goldblatt's hypertension or kidney,I70.1,0.990125834941864,,,,,
358,2,戈德沙伊德病,Goldscheider's disease,Q81.8,0.9876960515975952,,,,,
358,2,戈尔茨坦病[遗传性出血性毛细血管扩张],Goldstein's disease,I78.0,0.9915565848350525,,,,,
358,2,戈尔德弗拉姆-厄尔布病或综合征,Goldflam-Erb disease or syndrome,G70.0,0.9999430775642395,,,,,
358,2,戈尔登哈尔(-戈林)综合征[眼耳椎骨发育异常],Goldenhar(-Gorlin) syndrome,Q87.0,0.9993199110031128,,,,,
358,2,戈林-肖德里-莫斯综合征,Gorlin-Chaudry-Moss syndrome,Q87.0,0.99977707862854,,,,,
358,2,戈特龙丘疹,Gottron's papules,L94.4,0.9987066388130188,,,,,
358,2,戈谢病或戈谢脾大(成人)(婴儿),Gaucher's disease or splenomegaly (adult) (infantile),E75.2,0.9844216704368591,,,,,
359,1,gē 鸽,,,0.9979875683784485,,,,,
359,2,鸽，鸟,Pigeon,,0.9983892440795898,,,,,
359,3,好鸽子者病或好鸽子者肺,breeder's disease or lung,J67.2,0.998795747756958,,,,,
359,3,好鸟者病或好鸟者肺,fancier's disease or lung,J67.2,0.9633368253707886,,,,,
359,1,gē 歌,,,0.9992246031761169,,,,,
359,2,歌手结或歌手结节,Singer's node or nodule,J38.2,0.9999481439590454,,,,,
359,1,gé 格,,,0.9997868537902832,,,,,
359,2,格尔病[甲状腺萎缩伴粘液水肿],Gull's disease,E03.4,0.9998035430908203,,,,,
359,2,格哈特综合征,Gerhardt's syndrome,J38.0,0.9999774694442749,,,,,
359,2,格拉代尼戈综合征,Gradenigo's syndrome,H66.0,0.9997206330299377,,,,,
359,2,格拉维茨瘤(M8312/3),Grawitz tumor (M8312/3),C64,0.9878313541412354,,,,,
359,2,格莱纳尔病[内脏下垂],Glénard's disease,K63.4,0.9996305704116821,,,,,
359,2,格兰茨曼病或血小板机能不全,Glanzmann's disease or thrombasthenia,D69.1,0.9952998757362366,,,,,
359,2,格雷费病[进行性眼肌麻痹],Graefe's disease,H49.4,0.9998699426651001,,,,,
359,2,格雷夫斯病[毒性弥漫性甲状腺肿],Graves' disease,E05.0,0.9835024476051331,,,,,
359,2,格雷综合征(新生儿),Grey syndrome (newborn),P93,0.999362051486969,,,,,
359,2,格里辛格病[钩虫病],Griesinger's disease,B76.9,0.996090292930603,,,,,
359,2,格林-巴利-现译名吉兰-巴雷,Guillain-Barre,,0.9998711943626404,,,,,
359,2,格林菲尔德病[婴儿脑白质变性],Greenfield's disease,,0.9757515788078308,,,,,
359,3,意指,meaning,,0.9412553310394287,,,,,
359,4,同心性硬化(同心性轴周性脑炎),concentric sclerosis (encephalitis periaxialis concentrica),G37.5,0.9750762581825256,,,,,
359,4,异染性脑白质营养不良,metachromatic leukodystrophy,E75.2,0.9782640933990479,,,,,
359,2,格鲁比病,Gruby's disease,B35.0,0.9999533891677856,,,,,
359,2,格罗弗病或格罗弗综合征,Grover's disease or syndrome,L11.1,0.9999012351036072,,,,,
359,2,格斯特曼综合征(发育性),Gerstmann's syndrome (developmental),F81.2,0.9882176518440247,,,,,
359,1,gé 蛤,,,0.8823779225349426,,,,,
359,2,蛤贝中毒[淡菜中毒],Mytilotoxism,T61.2,0.9974190592765808,,,,,
359,1,gé 隔,,,0.9024926424026489,,,,,
359,2,隔(先天性)-另见异常，按部位,"Septum, septate (congenital) - see also Anomaly, by site",,0.9968490600585938,,,,,
359,3,肛门,anal,Q42.3,0.9871156811714172,,,,,
359,4,伴有瘘,with fistula,Q42.2,0.8939132690429688,,,,,
359,3,西尔维于斯导水管,aqueduct of Sylvius,Q03.0,0.9947907328605652,,,,,
359,4,伴有脊柱裂(另见脊柱裂，伴有脑积水),"with spina bifida (see also Spina bifida, with hydrocephalus)",Q05.4,0.9814848303794861,,,,,
360,3,阴道,vagina,Q52.1,0.9824456572532654,,,,,
360,4,在妊娠或分娩中,in pregnancy or childbirth,O34.6,0.9719761610031128,,,,,
360,5,引起梗阻性分娩,causing obstructed labor,O65.5,0.9592111110687256,,,,,
360,3,子宫(另见双子宫),uterus (see also Double uterus),Q51.2,0.9944422841072083,,,,,
360,2,隔离,"Isolation, isolated",Z29.0,0.9738006591796875,,,,,
360,3,家庭,family,Z63.7,0.9885535836219788,,,,,
360,3,社会,social,Z60.4,0.9920158982276917,,,,,
360,3,住处,dwelling,Z59.8,0.9502385258674622,,,,,
360,2,隔下子宫,Subseptus uterus,Q51.8,0.999656617641449,,,,,
360,1,gé 膈,,,0.9349328279495239,,,,,
360,2,膈的-见情况,Diaphragm – see condition,,0.9589953422546387,,,,,
360,2,膈下的-见情况,Subphrenic – see condition,,0.934699535369873,,,,,
360,1,gè 个,,,,,,,,
360,2,个人史,History (personal)(of),,0.9958347082138062,,,,,
360,3,白血病,leukemia,Z85.6,0.9844268560409546,,,,,
360,3,避孕,contraception,Z92.0,0.9864786863327026,,,,,
360,3,不服从医疗和医疗制度.,noncompliance with medical treatment or regimen,Z91.1,0.9544250965118408,,,,,
360,3,创伤 NEC,trauma NEC,Z91.6,0.9650864005088806,,,,,
360,4,心理 NEC,psychological NEC,Z91.4,0.9639073014259338,,,,,
360,4,自我伤害,self-harm,Z91.5,0.9918821454048157,,,,,
360,3,恶性体温过高,"hyperthermia, malignant",Z88.4,0.9660793542861938,,,,,
360,3,恶性肿瘤,malignant neoplasm (of),Z85.9,0.965629518032074,,,,,
360,4,肺,lung,Z85.1,0.8809130191802979,,,,,
360,4,呼吸器官NEC,respiratory organ NEC,Z85.2,0.9709265828132629,,,,,
360,4,淋巴性 NEC,lymphatic NEC,Z85.7,0.9453189373016357,,,,,
360,4,泌尿器官或泌尿道,urinary organ or tract,Z85.5,0.9793201684951782,,,,,
360,4,皮肤,skin,Z85.8,0.9507715702056885,,,,,
360,4,气管,trachea,Z85.1,0.9452632069587708,,,,,
360,4,乳房,breast,Z85.3,0.9525496363639832,,,,,
360,4,生殖器官,genital organ,Z85.4,0.9570602178573608,,,,,
360,4,特指部位NEC,specified site NEC,Z85.8,0.9596330523490906,,,,,
360,4,胃肠道,gastrointestinal tract,Z85.0,0.9870470762252808,,,,,
360,4,消化器官,digestive organ,Z85.0,0.9520501494407654,,,,,
360,4,胸内器官NEC,intrathoracic organ NEC,Z85.2,0.9373169541358948,,,,,
360,4,造血 NEC,hematopoietic NEC,Z85.7,0.9327808618545532,,,,,
360,4,支气管,bronchus,Z85.1,0.9702008962631226,,,,,
360,3,辐射治疗,radiation therapy,Z92.3,0.975990891456604,,,,,
360,3,辐照,irradiation,Z92.3,0.9800350666046143,,,,,
361,3,个人卫生不良,"poor personal hygiene ,2",Z91.2,0.9737701416015625,,,,,
361,3,关节炎,arthritis,Z87.3,0.9771688580513,,,,,
361,3,过敏，对,allergy to,,0.9957225918769836,,,,,
361,4,非医药制品,nonmedicinal agents,Z91.0,0.9435281157493591,,,,,
361,4,磺胺类药,sulfonamides,Z88.2,0.9220086932182312,,,,,
361,4,抗感染制剂NEC,anti-infective agent NEC,Z88.3,0.9620602130889893,,,,,
361,4,抗生素制剂 NEC,antibiotic agent NEC,Z88.1,0.9770957827568054,,,,,
361,4,麻醉品NEC,narcotic agent NEC,Z88.5,0.9638863801956177,,,,,
361,4,麻醉药NEC,anesthetic NEC,Z88.4,0.9800077080726624,,,,,
361,4,青霉素,penicillin,Z88.0,0.9565205574035645,,,,,
361,4,血清,serum,Z88.7,0.9644654393196106,,,,,
361,4,药物、药剂和生物制品,"drugs, medicaments and biological substances",Z88.9,0.9813213348388672,,,,,
361,5,特指的NEC,specified NEC,Z88.8,0.9217763543128967,,,,,
361,4,医药制品,medicinal agents,Z88.9,0.9753897190093994,,,,,
361,5,特指的NEC,specified NEC,Z88.8,0.9468500018119812,,,,,
361,4,疫苗,vaccine,Z88.7,0.9511635303497314,,,,,
361,4,镇痛药NEC,analgesic agent NEC,Z88.6,0.9699901938438416,,,,,
361,3,呼吸情况,respiratory condition,Z87.0,0.9661703109741211,,,,,
361,3,疾病或疾患,disease or disorder (of),Z87.8,0.9605803489685059,,,,,
361,4,产科,obstetric,Z87.5,0.9403187036514282,,,,,
361,4,传染性,infectious,Z86.1,0.939862847328186,,,,,
361,4,代谢性,metabolic,Z86.3,0.97035151720047,,,,,
361,4,耳,ear,Z86.6,0.9382226467132568,,,,,
361,4,感觉器官,sense organs,Z86.6,0.9879804253578186,,,,,
361,4,呼吸系统,respiratory system,Z87.0,0.9899789690971375,,,,,
361,4,肌肉骨骼,musculoskeletal,Z87.3,0.988125205039978,,,,,
361,4,寄生虫,parasitic,Z86.1,0.9782068133354187,,,,,
361,4,精神NEC,mental NEC,Z86.5,0.9791415333747864,,,,,
361,4,泌尿系统,urinary system,Z87.4,0.9754096269607544,,,,,
361,4,免疫机制,immune mechanism,Z86.2,0.9852737188339233,,,,,
361,4,内分泌,endocrine,Z86.3,0.960747241973877,,,,,
361,4,皮肤,skin,Z87.2,0.8573493957519531,,,,,
361,4,皮下组织,subcutaneous tissue,Z87.2,0.9442828893661499,,,,,
361,4,神经系统,nervous system,Z86.6,0.985266923904419,,,,,
361,4,生殖系统,genital system,Z87.4,0.9864320755004883,,,,,
361,4,特指部位或类型NEC,specified site or type NEC,Z87.8,0.9740232825279236,,,,,
361,4,消化系统,digestive system,Z87.1,0.989833652973175,,,,,
361,4,血液和造血器官,blood and blood-forming organs,Z86.2,0.9716492891311646,,,,,
361,4,血液学,hematological,Z86.2,0.9769977331161499,,,,,
361,4,循环系统,circulatory system,Z86.7,0.9756742119789124,,,,,
361,4,眼,eye,Z86.6,0.9835368990898132,,,,,
361,4,营养性,nutritional,Z86.3,0.9729955792427063,,,,,
361,4,滋养细胞,trophoblastic,Z87.5,0.9874253273010254,,,,,
362,3,家族，的,"family, of",,0.9674785137176514,,,,,
362,4,白血病,leukemia,Z80.6,0.9193385243415833,,,,,
362,4,暴力，暴行,"violence, violent behavior",Z81.8,0.9650484919548035,,,,,
362,4,残疾NEC,disability NEC,Z82.8,0.9502031803131104,,,,,
362,4,卒中(脑血管),stroke (cerebrovascular),Z82.3,0.9696134328842163,,,,,
362,4,癫癇,epilepsy,Z82.0,0.8136550784111023,,,,,
362,4,恶性肿瘤NEC,malignant neoplasm (of) NEC,Z80.9,0.9647376537322998,,,,,
362,5,肺,lung,Z80.1,0.9222414493560791,,,,,
362,5,呼吸器官NEC,respiratory organ NEC,Z80.2,0.9587652087211609,,,,,
362,5,淋巴性NEC,lymphatic NEC,Z80.7,0.9584166407585144,,,,,
362,5,泌尿器官或泌尿道,urinary organ or tract,Z80.5,0.9756995439529419,,,,,
362,5,气管,trachea,Z80.1,0.8604610562324524,,,,,
362,5,乳房,breast,Z80.3,0.9063472747802734,,,,,
362,5,生殖器官,genital organ,Z80.4,0.9623532891273499,,,,,
362,5,特指部位NEC,specified site NEC,Z80.8,0.9578319191932678,,,,,
362,5,胃肠道,gastrointestinal tract,Z80.0,0.98601233959198,,,,,
362,5,消化器官,digestive organ,Z80.0,0.9766168594360352,,,,,
362,5,胸内器官NEC,intrathoracic organ NEC,Z80.2,0.9622885584831238,,,,,
362,5,造血 NEC,hematopoietic NEC,Z80.7,0.9172751307487488,,,,,
362,5,支气管,bronchus,Z80.1,0.9440804123878479,,,,,
362,4,关节炎,arthritis,Z82.6,0.910679042339325,,,,,
362,4,过敏 NEC,allergy NEC,Z84.8,0.9444679617881775,,,,,
362,4,亨廷顿舞蹈症,Huntington's chorea,Z82.0,0.9782752394676208,,,,,
362,4,呼吸情况，慢性NEC,"respiratory condition, chronic NEC",Z82.5,0.9847808480262756,,,,,
362,4,疾病或疾患,disease or disorder (of),,0.9331802725791931,,,,,
362,5,变应性NEC,allergic NEC,Z84.8,0.9835324287414551,,,,,
362,5,传染性NEC,infectious NEC,Z83.1,0.9458460807800293,,,,,
362,5,代谢性,metabolic,Z83.4,0.9786097407341003,,,,,
362,5,耳NEC,ear NEC,Z83.5,0.9613818526268005,,,,,
362,5,呼吸系NEC,respiratory NEC,Z83.6,0.9641185998916626,,,,,
362,5,肌肉骨骼,musculoskeletal,Z82.6,0.9364264011383057,,,,,
362,5,寄生虫 NEC,parasitic NEC,Z83.1,0.9414786696434021,,,,,
362,5,精神 NEC,mental NEC,Z81.8,0.9782313704490662,,,,,
362,5,精神病学 NEC,psychiatric NEC,Z81.8,0.9340969324111938,,,,,
362,5,慢性伤残 NEC,chronic disabling NEC,Z82.8,0.9490599632263184,,,,,
362,5,泌尿生殖系 NEC,genitourinary NEC,Z84.2,0.9635165333747864,,,,,
362,5,免疫机制,immune mechanism,Z83.2,0.9864936470985413,,,,,
362,5,内分泌,endocrine,Z83.4,0.9695118069648743,,,,,
362,5,皮肤和皮下组织 NEC,skin and subcutaneous tissue NEC,Z84.0,0.9541824460029602,,,,,
362,5,缺血性心脏,ischemic heart,Z82.4,0.9513801336288452,,,,,
362,5,神经病性 NEC,neurological NEC,Z82.0,0.9360263347625732,,,,,
362,5,肾,kidney,Z84.1,0.9426288604736328,,,,,
362,5,特指的NEC,specified NEC,Z84.8,0.9637659788131714,,,,,
362,5,消化系,digestive,Z83.7,0.9852350354194641,,,,,
362,5,心血管NEC,cardiovascular NEC,Z82.4,0.9365053176879883,,,,,
363,5,行为性 NEC,behavioral NEC,Z81.8,0.9876577854156494,,,,,
363,5,血液和造血器官,blood and blood-forming organs,Z83.2,0.9924681782722473,,,,,
363,5,血液学,hematological,Z83.2,0.9881079196929932,,,,,
363,5,眼 NEC,eye NEC,Z83.5,0.9239569306373596,,,,,
363,5,营养性 NEC,nutritional NEC,Z83.4,0.965553343296051,,,,,
363,4,精神,mental,,0.8193799257278442,,,,,
363,5,发育迟缓,retardation,Z81.0,0.9810981750488281,,,,,
363,5,障碍NEC,disorder NEC,Z81.8,0.9805253744125366,,,,,
363,4,精神病学障碍,psychiatric disorder,Z81.8,0.9854792356491089,,,,,
363,4,精神活性物质滥用NE,psychoactive substance abuse NEC .,Z81,0.9755392670631409,,,,,
363,4,酒精滥用,alcohol abuse,Z81.1,0.9688365459442139,,,,,
363,4,聋,deafness,Z82.2,0.8659300804138184,,,,,
363,4,慢性,chronic,,0.9264469146728516,,,,,
363,5,伤残疾病 NEC,disabling disease NEC,Z82.8,0.9230079650878906,,,,,
363,5,下呼吸道,lower respiratory disease,Z82.5,0.9241085052490234,,,,,
363,4,盲,blindness,Z82.1,0.90635746717453,,,,,
363,4,皮肤情况,skin condition,Z84.0,0.989481508731842,,,,,
363,4,贫血,anemia,Z83.2,0.9711901545524597,,,,,
363,4,染色体异常,chromosomal anomaly,Z82.7,0.9826126098632812,,,,,
363,4,人类免疫缺陷病毒[HIV]感染,human immunodeficiency virus (HIV) infection,Z83.0,0.9864695072174072,,,,,
363,4,视力丧失,visual loss,Z82.1,0.9575217366218567,,,,,
363,4,糖尿病,diabetes mellitus,Z83.3,0.9821746945381165,,,,,
363,4,特指的情况 NEC,specified condition NEC,Z84.8,0.9415900111198425,,,,,
363,4,听力丧失,hearing loss,Z82.2,0.964648962020874,,,,,
363,4,同血缘,consanguinity,Z84.3,0.969021201133728,,,,,
363,4,物质滥用 NEC,substance abuse NEC,Z81.4,0.9430990815162659,,,,,
363,5,精神活性NEC,psychoactive NEC,Z81.3,0.968474805355072,,,,,
363,5,酒精,alcohol,Z81.1,0.988203763961792,,,,,
363,5,烟草,tobacco,Z81.2,0.9608324766159058,,,,,
363,5,药物 NEC,drug NEC,Z81.3,0.9407073259353638,,,,,
363,4,先天性畸形和变形,congenital malformations and deformations,Z82.7,0.9875110387802124,,,,,
363,4,哮喘,asthma,Z82.5,0.9735255837440491,,,,,
363,4,烟草滥用,tobacco abuse,Z81.2,0.9414898753166199,,,,,
363,4,药物滥用NEC,drug abuse NEC,Z81.3,0.9895329475402832,,,,,
363,4,自我伤害行为,self-harmful behavior,Z81.8,0.98387211561203,,,,,
363,3,假自杀(企图),parasuicide (attempt),Z91.5,0.9760876297950745,,,,,
363,3,精神病学障碍NEC,psychiatric disorder NEC,Z86.5,0.9803547859191895,,,,,
363,3,酒精滥用,alcohol abuse,Z86.4,0.9828454852104187,,,,,
363,4,为致死原因,for mortality,F10.1,0.9773617386817932,,,,,
363,3,康复(措施),rehabilitation (measures),Z92.5,0.9717469811439514,,,,,
364,3,良性肿瘤,benign neoplasm,Z86.0,0.9904720783233643,,,,,
364,3,虐待,"abuse, maltreatment",Z91.8,0.9847339987754822,,,,,
364,3,躯体创伤 NEC,physical trauma NEC,Z91.6,0.979964017868042,,,,,
364,4,自我伤害或自杀企图,self-harm or suicide attempt,Z91.5,0.946578323841095,,,,,
364,3,染色体异常,chromosomal abnormality,Z87.7,0.9861634969711304,,,,,
364,3,使用阿司匹林(近期)(长期).,aspirin use (current) (long-term),Z92.2,0.976564884185791,,,,,
364,3,使用抗凝血药(近期)(长期),anticoagulant use (current) (long-term),Z92.1,0.9899488687515259,,,,,
364,3,使用药剂(近期)(长期)NEC,use of medicaments (current) (long-term) NEC,Z92.2,0.9761953949928284,,,,,
364,4,阿司匹林,aspirin,Z92.2,0.9785775542259216,,,,,
364,4,抗凝剂,anticoagulants,Z92.1,0.959821879863739,,,,,
364,3,手术(大) NEC,surgery (major) NEC,Z92.4,0.9327267408370972,,,,,
364,4,移植-见移植,transplant — see Transplant,,0.959541916847229,,,,,
364,3,损伤 NEC,injury NEC,Z91.6,0.9305785894393921,,,,,
364,3,危险因素NEC,risk factors NEC,Z91.8,0.977021336555481,,,,,
364,3,围生儿问题,perinatal problems,Z87.6,0.9768663644790649,,,,,
364,3,(精神活性)物质滥用NEC,substance abuse NEC,Z86.4,0.9941247701644897,,,,,
364,4,为致死原因,for mortality,F19.1,0.9778267741203308,,,,,
364,3,先天性畸形,congenital malformation,Z87.7,0.9987353682518005,,,,,
364,3,心理创伤NEC,psychological trauma NEC,Z91.4,0.9669007062911987,,,,,
364,4,在儿童期,in childhood,Z61.7,0.9275152087211609,,,,,
364,3,烟草滥用,tobacco abuse,Z86.4,0.9996821284294128,,,,,
364,4,为致死原因,for mortality,F17.1,0.9763996005058289,,,,,
364,3,药物滥用,drug abuse,Z86.4,0.9688436985015869,,,,,
364,4,为致死原因,for mortality,F19.1,0.9835634827613831,,,,,
364,3,医疗,medical treatment,Z92.9,0.9648007750511169,,,,,
364,4,特指类型NEC,specified type NEC,Z92.8,0.9594696760177612,,,,,
364,3,营养缺乏,nutritional deficiency,Z86.3,0.986691415309906,,,,,
364,3,有害的作息安排,unhealthy sleep-wake cycle,Z91.3,0.9825571179389954,,,,,
364,3,原位肿瘤,in situ neoplasm,Z86.0,0.9966164827346802,,,,,
364,3,肿瘤疾病化疗,chemotherapy for neoplastic disease,Z92.6,0.9942824840545654,,,,,
364,3,中毒性NEC,poisoning NEC,Z91.8,0.9493634700775146,,,,,
364,4,自我伤害或自杀企图,self-harm or suicide attempt,Z91.5,0.9809923768043518,,,,,
364,3,自服毒企图,self-poisoning attempt,Z91.5,0.9798842072486877,,,,,
364,3,自杀企图,suicide attempt,Z91.5,0.9914432764053345,,,,,
364,3,自我伤害,self-harm,Z91.5,0.9607778787612915,,,,,
364,3,作息安排问题,sleep-wake cycle problem,Z91.3,0.9963847398757935,,,,,
364,2,个性,Personality,,0.9999879002571106,,,,,
364,3,A 型,type A,Z73.1,0.9316944479942322,,,,,
364,3,品质增强(A型),accentuation of traits (type A pattern),Z73.1,0.9594428539276123,,,,,
364,2,个性品质增强(A 型),Accentuation of personality traits (type A),Z73.1,0.9675928950309753,,,,,
365,1,gè 各,,,,,,,,
365,2,各类血细胞减少(后天性),"Pancytopenia, Panhemocytopenia (acquired)",D61.9,0.9949141144752502,,,,,
365,3,伴有畸形,with malformations,D61.0,0.9974815249443054,,,,,
365,3,体质性,constitutional,D61.0,0.9594047665596008,,,,,
365,3,先天性,congenital,D61.0,0.9650939106941223,,,,,
365,2,各类血细胞溶解,Pancytolysis,D75.8,0.99764084815979,,,,,
365,2,各型血细胞减少,Panhematopenia,D61.9,0.9998404383659363,,,,,
365,3,脾的，原发性,"splenic, primary",D73.1,0.9945643544197083,,,,,
365,3,体质性,constitutional,D61.0,0.9954755902290344,,,,,
365,1,gēn 跟,,,0.9612191915512085,,,,,
365,2,跟的 - 见情况,Heel - see condition,,0.9563294053077698,,,,,
365,2,跟骨骺炎,Calcaneo-apophysitis,M92.8,0.9801769256591797,,,,,
365,2,跟腱囊炎,Achillobursitis,M76.6,0.9996626377105713,,,,,
365,2,跟腱痛,Achillodynia,M76.6,0.9997527599334717,,,,,
365,1,gēng 更,,,0.9343855381011963,,,,,
365,2,更年期(另见绝经),Climacteric (see also Menopause),N95.1,0.9955225586891174,,,,,
365,3,病(女性),disease (female),N95.1,0.9778048396110535,,,,,
365,3,男性(症状)(综合征)NEC,male (symptoms) (syndrome) NEC,N50.8,0.9760751128196716,,,,,
365,3,多关节炎 NEC,polyarthritis NEC,M13.8,0.9725064635276794,,,,,
365,3,关节炎(任何部位)NEC,arthritis (any site) NEC,M13.8,0.9817050099372864,,,,,
365,3,妄想狂样状态,paranoid state,F22.8,0.9809171557426453,,,,,
365,3,抑郁(单次发作),depression (single episode),F32.8,0.9878230094909668,,,,,
365,3,症状(女性),symptoms (female),N95.1,0.9526905417442322,,,,,
365,1,gěng 耿,,,0.9566743969917297,,,,,
365,2,耿氏综合征,Gunn's syndrome,Q07.8,0.9999135136604309,,,,,
365,1,gěng 梗,,,0.9996418952941895,,,,,
365,2,梗塞-见梗死,"Infarct, infarction",,0.9740695953369141,,,,,
365,2,梗死，梗塞,"Infarct, infarction (of)",I99,0.9668081998825073,,,,,
365,3,肠(急性)(原因不明性)(出血性)(非闭塞性)(透壁性),"bowel, intestine (acute) (agnogenic) (hemorrhagic) (nonocclusive) (transmural)",K55.0,0.9770488142967224,,,,,
365,3,肠系膜(栓子性)(血栓形成性),"mesentery, mesenteric (embolic) (thrombotic)",K55.0,0.9801362752914429,,,,,
365,3,垂体(前叶[腺垂体])(腺),"hypophysis, pituitary (anterior lobe) (gland)",E23.6,0.9841451048851013,,,,,
366,3,大脑(出血性),cerebral (hemorrhagic),I63.9,0.968084454536438,,,,,
366,4,特指的 NEC,specified NEC,I63.8,0.964286744594574,,,,,
366,4,由于,due to,,0.8420106172561646,,,,,
366,4,闭塞NEC,occlusion NEC,,0.9171543121337891,,,,,
366,4,大脑动脉,cerebral arteries,I63.5,0.9478530287742615,,,,,
366,4,入脑前动脉,precerebral arteries,I63.2,0.9670029878616333,,,,,
366,5,大脑静脉血栓形成，非生脓性,"cerebral venous thrombosis, nonpyogenic",I63.6,0.9773971438407898,,,,,
366,3,栓塞(出血性),embolism,,0.9993709921836853,,,,,
366,3,大脑动脉,cerebral arteries,I63.4,0.9783318638801575,,,,,
366,3,入脑前动脉,precerebral arteries,I63.1,0.9735022187232971,,,,,
366,3,狭窄NEC,stenosis NEC,,0.9991990923881531,,,,,
366,3,大脑动脉,cerebral arteries,I63.5,0.9446104764938354,,,,,
366,3,入脑前动脉,precerebral arteries,I63.2,0.9632260799407959,,,,,
366,3,血栓形成(出血性),hrombosis,,0.9884850382804871,,,,,
366,3,大脑动脉,cerebral arteries,I63.3,0.9714646339416504,,,,,
366,4,入脑前动脉,precerebral arteries,I63.0,0.9538230299949646,,,,,
366,4,非透壁性,nontransmural,I21.4,0.9621915817260742,,,,,
366,3,"肺(栓子性)(血栓形成性)(动脉)(静脉)(出血性)(另见栓塞,肺)","lung, pulmonary (embolic) (thrombotic) (artery) (vein) (hemorrhagic) (see also Embolism, pulmonary)",I26.9,0.9498152136802673,,,,,
366,4,并发于妊娠、分娩或产褥期-见栓塞，产科性,"complicating pregnancy, childbirth or puerperium - see Embolism, obstetric",,0.9661662578582764,,,,,
366,3,肝,"hepatic, liver",K76.3,0.9767142534255981,,,,,
366,3,冠状动脉(另见梗死，心肌),"coronary artery (see also Infarct, myocardium)",I21.9,0.9789600372314453,,,,,
366,3,肌肉(缺血性),muscle (ischemic),M62.2,0.9754970669746399,,,,,
366,3,脊(髓)(急性)(栓子性)(非栓子性),spinal (cord) (acute) (embolic) (nonembolic),G95.1,0.9545912742614746,,,,,
366,3,甲状(腺),thyroid (gland),E07.8,0.9728320837020874,,,,,
366,3,结肠,colon,K55.0,0.9754350185394287,,,,,
366,3,淋巴结,lymph node,I89.8,0.9470194578170776,,,,,
366,3,卵巢,ovary,N83.8,0.9462736248970032,,,,,
366,3,脑(另见梗死，大脑),"brain (see also Infarct, cerebral)",I63.9,0.9798082113265991,,,,,
366,4,产褥期、产后或分娩中或妊娠,"puerperal, postpartum or in chilbirth or pregnancy",O99.4,0.9806185960769653,,,,,
366,4,栓子性,embolic,I63.4,0.9747222065925598,,,,,
366,3,脾,spleen,D73.5,0.9590083360671997,,,,,
366,4,栓子性或血栓形成性,embolic or thrombotic,I74.8,0.9769632816314697,,,,,
366,3,前列腺,prostate,N42.8,0.9602632522583008,,,,,
366,3,绒毛膜下-见梗死，胎盘,"subchorionic - see Infarct, placenta",,0.9943726658821106,,,,,
366,3,乳房,breast,N64.8,0.9641430974006653,,,,,
366,3,乳头肌-见梗死，心肌,"papillary muscle - see Infarct, myocardium",,0.9970041513442993,,,,,
366,3,肾(栓子性)(血栓形成性),"kidney, renal (embolic) (thrombotic)",N28.0,0.9880963563919067,,,,,
366,3,肾上腺,"adrenal, suprarenal (capsule) (gland)",E27.4,0.9728029370307922,,,,,
366,3,视网膜(动脉),"retina, retinal (artery)",H34.2,0.9928390979766846,,,,,
366,3,输卵管,fallopian tube,N83.8,0.9946941137313843,,,,,
366,3,栓子性(另见栓塞),embolic (see also Embolism),I74.9,0.9729335904121399,,,,,
366,3,胎盘(并发于妊娠),placenta (complicating pregnancy),O43.8,0.9879969358444214,,,,,
366,4,影响到胎儿或新生儿,affecting fetus or newborn,P02.2,0.9646415114402771,,,,,
366,3,网膜,omentum,K55.0,0.9543713331222534,,,,,
367,3,小脑(另见梗死，大脑),"cerebellar (see also Infarct, cerebral)",I63.9,0.9907724261283875,,,,,
367,4,栓子性,embolic,I63.4,0.9410192370414734,,,,,
367,3,心肌(急性或伴有提及持续时间在4周或小于4周者),"myocardium, myocardial (acute or with a stated duration of 4 weeks or less)",I21.9,0.9733330607414246,,,,,
367,4,慢性或伴有提及持续时间超过4周者,chronic or with a stated duration of over 4 weeks,I25.8,0.9584721326828003,,,,,
367,4,非透壁性,nontransmural,I21.4,0.9837024807929993,,,,,
367,4,过去的(经心电图或其他特殊研究诊断的，但近期没有症状),"past (diagnosed on ECG or other special investigation, but currently presenting no symptoms)",I25.2,0.9609963297843933,,,,,
367,4,梅毒性,syphilitic,A52.0+ I52.0*,0.9488855004310608,,,,,
367,4,随后性(复发性),subsequent (recurrent),I22.9,0.9488656520843506,,,,,
367,5,膈(壁),diaphragmatic (wall),I22.1,0.9231674075126648,,,,,
367,5,前(壁),anterior (wall),I22.0,0.8562453389167786,,,,,
367,5,下(壁),inferior (wall),I22.1,0.9147252440452576,,,,,
367,5,特指的NEC,specified NEC,I22.8,0.9641359448432922,,,,,
367,4,透壁性,transmural,I21.3,0.959150493144989,,,,,
367,5,后壁(真性),posterior (true),I21.2,0.9646548628807068,,,,,
367,5,间壁,septal,I21.2,0.9483054876327515,,,,,
367,5,前(壁)(前壁尖部)(前侧壁)(前间壁),anterior (wall) (anteroapical) (anterolateral) (anteroseptal),I21.0,0.946191132068634,,,,,
367,5,外侧(壁),lateral (wall),I21.2,0.9553796052932739,,,,,
367,5,下(壁)(膈)(下侧壁)(下后壁),inferior (wall) (diaphragmatic) (inferolateral) (inferoposterior),I21.1,0.944581925868988,,,,,
367,5,特指的NEC,specified NEC,I21.2,0.9637705087661743,,,,,
367,4,治愈的或陈旧性,healed or old,I25.2,0.9939780831336975,,,,,
367,3,心内膜下(急性)(非透壁性),subendocardial (acute) (nontransmural),I21.4,0.9851647615432739,,,,,
367,3,心室(另见梗死，心肌),"ventricle (heart) (see also Infarct, myocardium)",I21.9,0.9863862991333008,,,,,
367,3,心脏(另见梗死，心肌),"cardiac, heart (see also Infarct, myocardium)",I21.9,0.9789291620254517,,,,,
367,3,血栓形成性(另见 血栓形成),thrombotic (see also Thrombosis),I82.9,0.949940025806427,,,,,
367,4,动脉 - 见 栓塞,"— artery, arterial - see Embolism",,0.8858402371406555,,,,,
367,2,梗阻(性)(另见阻塞),"Obstruction (see also Obstructed, Obstructive)",,0.9814299941062927,,,,,
367,3,肠(机械性)(阵发性)(感染后),"intestine, bowel (mechanical) (paroxysmal) (postinfective)",K56.6,0.9860081672668457,,,,,
367,4,伴有粘连(肠)(腹膜),with adhesions (intestinal) (peritoneal),K56.5,0.9610598087310791,,,,,
367,4,胆石性,gallstone,K56.3,0.9380525946617126,,,,,
367,4,反射性,reflex,K56.0,0.9433533549308777,,,,,
367,4,扭转,volvulus,K56.2,0.935528039932251,,,,,
367,4,手术后,postoperative,K91.3,0.9750537276268005,,,,,
367,4,无力性[麻痹性](另见肠梗阻),adynamic (see also Ileus),K56.0,0.9609429836273193,,,,,
367,4,绞窄性,strangulated,K56.2,0.92086261510849,,,,,
367,4,神经源性,neurogenic,K56.0,0.9724207520484924,,,,,
367,5,赫希施斯普龙病或巨结肠,Hirschsprung's disease or megacolon,Q43.1,0.9949132800102234,,,,,
367,4,先天性(小),congenital (small),Q41.9,0.9760388731956482,,,,,
367,5,大,large,Q42.9,0.8710433840751648,,,,,
367,6,特指部位NEC,specified part NEC,Q42.8,0.9722461104393005,,,,,
368,4,新生儿,newborn,P76.9,0.9596468210220337,,,,,
368,5,特指的 NEC,specified NEC,P76.8,0.969843327999115,,,,,
368,5,由于,due to,,0.9988783001899719,,,,,
368,6,粪石[肠石],fecaliths,P76.8,0.9883559942245483,,,,,
368,6,浓缩乳汁,inspissated milk,P76.2,0.9716173410415649,,,,,
368,6,胎粪(栓塞),meconium (plug),P76.0,0.9486451745033264,,,,,
368,7,粘液粘稠病中,in mucoviscidosis,E84.1+ P75*,0.9591434001922607,,,,,
368,3,胆管(胆总管)(肝总管)(非结石性),bile duct (common) (hepatic) (noncalculous),K83.1,0.9787524342536926,,,,,
368,4,伴有结石,with calculus,K80.5,0.9559474587440491,,,,,
368,4,先天性(引起黄疸),congenital (causing jaundice),Q44.3,0.9730708599090576,,,,,
368,3,胆囊,gallbladder,K82.0,0.9908238649368286,,,,,
368,4,伴有结石-见胆石症,with calculus or stone - see Cholelithiasis,,0.950104296207428,,,,,
368,4,先天性,congenital,Q44.1,0.9160584807395935,,,,,
368,3,胆囊管(另见梗阻，胆囊),"cystic duct (see also Obstruction, gallbladder)",K82.0,0.9790797829627991,,,,,
368,4,伴有胆石-见胆石症,with calculus or stone - see Cholelithiasis,,0.9096717834472656,,,,,
368,3,分娩(另见分娩，梗阻性),"labor (see also Labor, obstructed)",O66.9,0.9875650405883789,,,,,
368,4,特指的 NEC,specified NEC,O66.8,0.9682241082191467,,,,,
368,4,影响到胎儿或新生儿,affecting fetus or newborn,P03.1,0.9889134764671326,,,,,
368,4,由于,due to,,0.776910662651062,,,,,
368,5,持续性枕后位或枕横位,persistent occipitoposterior or transverse position,O64.0,0.9790616631507874,,,,,
368,5,错位(胎儿),malposition (fetus),O64.9,0.9748308658599854,,,,,
368,5,骨性骨盆(在 中的情况),bony pelvis (conditions in),O33 O65.0,0.9703099727630615,,,,,
368,6,盆腔畸形,pelvic deformity,O65.0,0.9528077840805054,,,,,
368,5,肩嵌顿,impacted shoulder,O66.0,0.9186744093894958,,,,,
368,5,母体盆腔异常,maternal pelvic abnormality,O65.9,0.9645949602127075,,,,,
368,6,特指的 NEC,specified NEC,O65.8,0.9723653793334961,,,,,
368,5,盆腔的软组织和器官(在 中的情况),soft tissues and organs of pelvis (conditions in),O34 O65.5,0.9252389073371887,,,,,
368,5,胎盆不称 NEC,fetopelvic disproportion NEC,O65.4,0.9653045535087585,,,,,
368,3,回肠(另见梗阻，肠),"ileum (see also Obstruction, intestine)",K56.6,0.988929808139801,,,,,
368,3,结肠(另见梗阻，肠),"colon (see also Obstruction, intestine)",K56.6,0.9945394992828369,,,,,
368,3,空肠(另见梗阻，肠),"jejunum (see also Obstruction, intestine)",K56.6,0.9983213543891907,,,,,
368,3,盲肠(另见梗阻，肠),"cecum (see also Obstruction, intestine)",K56.6,0.9922693967819214,,,,,
368,3,十二指肠,duodenum,K31.5,0.9792768955230713,,,,,
368,3,胃肠(另见梗阻，肠),"gastrointestinal (see also Obstruction, intestine)",K56.6,0.9859877824783325,,,,,
368,3,乙状结肠(另见梗阻，肠),"sigmoid (see also Obstruction, intestine)",K56.6,0.9931526184082031,,,,,
368,3,直肠,rectum,K62.4,0.9603171944618225,,,,,
368,3,直肠乙状结肠(另见梗阻，肠),"rectosigmoid (see also Obstruction, intestine)",K56.6,0.9971327781677246,,,,,
368,1,gōng 工,,,0.9996587634086609,,,,,
368,2,工作疲劳,Operational fatigue,F48.8,0.9997277855873108,,,,,
369,1,gōng 弓,,,,,,,,
369,2,弓的 - 见情况,Arch - see condition,,0.918480396270752,,,,,
369,2,弓蛔虫病,Toxocariasis,B83.0,0.9991700053215027,,,,,
369,2,弓形虫病(后天性),"Toxoplasma, toxoplasmosis (acquired)",B58.9,0.9968385100364685,,,,,
369,3,伴有,with,,0.967021107673645,,,,,
369,4,肺炎,"pneumonia, pneumonitis",B58.3+ J17.3*,0.9626444578170776,,,,,
369,4,肝炎,hepatitis,B58.1+ K77.0*,0.9551844596862793,,,,,
369,4,累及其他器官,other organ invovement,B58.8,0.979381263256073,,,,,
369,4,累及眼,ocular involvement,B58.0+ H58.8*,0.9900773167610168,,,,,
369,4,脑膜脑炎,meningoencephalitis,B58.2+ G05.2*,0.9809101819992065,,,,,
369,3,怀疑损害到胎儿而影响妊娠处理,suspected damage to fetus affecting management of pregnancy,O35.8,0.9925184845924377,,,,,
369,3,母体，影响到胎儿或新生儿,"maternal, affecting fetus or newborn",P00.2,0.967710018157959,,,,,
369,4,婴儿或胎儿显现为弓形虫病(急性)(慢性)(亚急性),manifest toxoplasmosis in infant or fetus (acute) (chronic) (subacute),P37.1,0.9675598740577698,,,,,
369,3,人类免疫缺陷病毒(HIV)病所致,resulting from HIV disease,B20.8,0.9966540336608887,,,,,
369,3,先天性(急性)(慢性)(亚急性),congenital (acute) (chronic) (subacute),P37.1,0.9654833078384399,,,,,
369,2,弓形体病-又译名弓形虫病,Toxoplasmosis,,0.9934458136558533,,,,,
369,2,弓形腿(后天性),Bowleg(s) (acquired),M21.1,0.9771189093589783,,,,,
369,3,佝偻病性,rachitic,E64.3,0.9847074747085571,,,,,
369,3,先天性,congenital,Q68.5,0.948773980140686,,,,,
369,2,弓形子宫,Arcuatus uterus,Q51.8,0.9558943510055542,,,,,
369,2,弓形足[高弓足](先天性),Cavus foot (congenital),Q66.7,0.9709774851799011,,,,,
369,3,后天性,acquired,M21.6,0.9713705778121948,,,,,
369,1,gōng 公,,,0.9998491406440735,,,,,
369,2,公共机构养育，影响儿童,"Institutionalization, Upbringing, institutional, affecting child",Z62.2,0.9947060942649841,,,,,
369,3,脱抑制性依恋,disinhibited attachment,F94.2,0.987777590751648,,,,,
369,1,gōng 功,,,0.9745710492134094,,,,,
369,2,功能不良,Dysfunction,,0.9999557733535767,,,,,
369,3,乳头肌,papillary muscle,I51.8,0.9414230585098267,,,,,
369,2,功能不全,Insufficiency,,0.9999536871910095,,,,,
369,3,肾上(腺),"adrenal, suprarenal (gland)",E27.4,0.9969871640205383,,,,,
369,4,原发性,primary,E27.1,0.9545150995254517,,,,,
369,3,心脏(另见机能不全，心肌),"cardiac, heart (see also Insufficiency, myocardial)",I50.9,0.9818495512008667,,,,,
369,4,并发手术,complicating surgery,T81.8,0.9667759537696838,,,,,
369,4,手术后,postoperative,I97.8,0.9774882793426514,,,,,
369,5,心脏手术的长期效应,long term effect of cardiac surgery,I97.1,0.9750220775604248,,,,,
369,4,特指在某次操作中或由于某次操作,specified during or due to a procedure,T81.8,0.9587975144386292,,,,,
369,4,新生儿,newborn,P29.0,0.9451771378517151,,,,,
369,4,由于(心脏)假体存在,due to presence of (cardiac) prosthesis,I97.1,0.9470494389533997,,,,,
369,3,胰腺,pancreatic,K86.8,0.9923470616340637,,,,,
370,3,垂体,pituitary,E23.0,0.9927091598510742,,,,,
370,3,睾丸,testis,E29.1,0.984070897102356,,,,,
370,3,甲状(腺)(后天性),thyroid (gland) (acquired),E03.9,0.9639163017272949,,,,,
370,4,先天性,congenital,E03.1,0.9609281420707703,,,,,
370,3,甲状旁(腺),parathyroid (gland),E20.9,0.9569869637489319,,,,,
370,3,卵巢,ovary,E28.3,0.9282853007316589,,,,,
370,3,肾上腺皮质,"adrenocortical, corticoadrenal",E27.4,0.984492301940918,,,,,
370,4,药物性,drug-induced,E27.3,0.9596760869026184,,,,,
370,4,医源性,iatrogenic,E27.3,0.9521446824073792,,,,,
370,4,原发性,primary,E27.1,0.9653465747833252,,,,,
370,3,性腺,gonadal,,0.9710935354232788,,,,,
370,4,睾丸,testis,E29.1,0.9574466347694397,,,,,
370,4,卵巢,ovary,E28.3,0.9486364722251892,,,,,
370,2,功能亢进,"Hyperactive, hyperactivity, Hyperfunction",,0.9975546598434448,,,,,
370,3,逼尿肌,detrusor muscle,N32.8,0.9966756701469421,,,,,
370,3,鼻粘膜,nasal mucous membrane,J34.3,0.9576588869094849,,,,,
370,3,肠音,bowel sounds,R19.1,0.9628278613090515,,,,,
370,3,垂体(腺)(前),pituitary (gland) (anterior),E22.9,0.9555877447128296,,,,,
370,4,特指的NEC,specified NEC,E22.8,0.9654700756072998,,,,,
370,3,多腺体,polyglandular,E31.1,0.9986152648925781,,,,,
370,3,睾丸,testicular,E29.0,0.993054986000061,,,,,
370,3,宫颈上皮(基底)(另见发育不良，宫颈),"cervix epithelial (basal) (see also Dysplasia, cervix)",N87.9,0.9848559498786926,,,,,
370,3,基底细胞，宫颈(另见发育不良，宫颈),"basal cell, uterine cervix (see also Dysplasia, cervix)",N87.9,0.9986769556999207,,,,,
370,3,甲状(腺)(另见甲状腺功能亢进症),thyroid (gland) (see also Hyperthyroidism),E05.9,0.9898432493209839,,,,,
370,3,甲状旁(腺),parathyroid (gland),E21.3,0.9659348726272583,,,,,
370,3,卵巢,ovarian,E28.8,0.9678279757499695,,,,,
370,3,肾上腺皮质，与库欣综合征无关,"adrenal cortex, not associated with Cushing's syndrome",E27.0,0.9874587059020996,,,,,
370,4,男性化,virilism,E25.0,0.9565070271492004,,,,,
370,5,先天性,congenital,E25.0,0.9198715686798096,,,,,
370,4,髓质,medulla,E27.5,0.9515814185142517,,,,,
370,5,肾上腺髓质,adrenomedullary,E27.5,0.9788480997085571,,,,,
370,3,胃,stomach,K31.8,0.9740098714828491,,,,,
370,3,胃肠,gastrointestinal,K31.8,0.9272043704986572,,,,,
370,4,心因性,psychogenic,F45.3,0.9176092147827148,,,,,
370,3,胰腺,pancreas,K86.8,0.9659114480018616,,,,,
370,2,功能紊乱,Dysfunction,,0.9990671277046204,,,,,
370,3,结肠,colon,K59.9,0.9703378677368164,,,,,
370,4,心因性,psychogenic,F45.3,0.9756340980529785,,,,,
370,3,颞下颌(关节)(关节疼痛综合征),temporomandibular (joint) (joint-pain syndrome),K07.6,0.99753737449646,,,,,
370,3,躯体形式的自主神经,somatoform autonomic,F45.3,0.9870036244392395,,,,,
371,2,功能性 - 另见情况,Functional - see also condition,,0.9603511691093445,,,,,
371,3,出血(子宫),bleeding (uterus),N93.8,0.9628593325614929,,,,,
371,2,功能性子宫出血病,Metropathia hemorrhagica,N93.8,0.9901858568191528,,,,,
371,2,功能障碍,"Dysfunction, Malfunction",,0.9996882677078247,,,,,
371,3,肠造口,enterostomy,K91.4,0.9863938093185425,,,,,
371,3,大脑,cerebral,G93.8,0.9868053197860718,,,,,
371,3,胆囊,gallbladder,K82.8,0.9481908082962036,,,,,
371,3,胆囊管,cystic duct,K82.8,0.9944737553596497,,,,,
371,3,多腺体,polyglandular,E31.9,0.9940159916877747,,,,,
371,4,特指的NEC,specified NEC,E31.8,0.951713502407074,,,,,
371,3,符号识别 NEC,symbolic NEC,R48.8,0.9661692380905151,,,,,
371,3,肝,"hepatic, liver",K76.8,0.9499202370643616,,,,,
371,3,睾丸(内分泌),testicular (endocrine),E29.9,0.9752341508865356,,,,,
371,4,特指的NEC,specified NEC,E29.8,0.9713268280029297,,,,,
371,3,回肠(造口),ileostomy (stoma),K91.4,0.9701967835426331,,,,,
371,3,甲状腺,thyroid,E07.9,0.9924954771995544,,,,,
371,3,节段性,segmental,M99.0,0.9950127601623535,,,,,
371,3,结肠造口或肠造口,colostomy or enterostomy,K91.4,0.979834794998169,,,,,
371,3,精神生理性,psychophysiological,F59,0.9665862321853638,,,,,
371,3,空肠(造口),jejunostomy (stoma),K91.4,0.9630075693130493,,,,,
371,3,老年性,senile,R54,0.952955961227417,,,,,
371,3,卵巢,ovary,E28.9,0.9501592516899109,,,,,
371,4,特指的NEC,specified NEC,E28.8,0.9716130495071411,,,,,
371,3,迷路,labyrinthine,H83.2,0.9441120624542236,,,,,
371,3,内分泌NEC,endocrine NEC,E34.9,0.9445959329605103,,,,,
371,3,尿道(造口),urethrostomy (stoma) :5,N99.5,0.9697464108467102,,,,,
371,3,膀胱,bladder,N31.9,0.93425452709198,,,,,
371,4,神经肌肉NEC,neuromuscular NEC,N31.9,0.988469123840332,,,,,
371,5,迟缓性,flaccid,N31.2,0.9807138442993164,,,,,
371,5,弛缓性(运动性)(感觉性),atonic (motor) (sensory),N31.2,0.97309410572052,,,,,
371,5,反射性,reflex,N31.1,0.9864041805267334,,,,,
371,5,非反射性,nonreflex,N31.2,0.9294657111167908,,,,,
371,5,特指的NEC,specified NEC,N31.8,0.9425827860832214,,,,,
371,5,无抑制的,uninhibited,N31.0,0.951805830001831,,,,,
371,5,自主性,autonomous,N31.2,0.9499121308326721,,,,,
371,4,神经源性NEC(另见功能障碍，膀胱，神经肌肉),"neurogenic NEC (see also Dysfunction, bladder, neuromuscular)",N31.9,0.9758889079093933,,,,,
371,3,膀胱(造口),cystostomy (stoma),N99.5,0.9582901000976562,,,,,
371,3,气管造口术,tracheostomy,J95.0,0.9785144329071045,,,,,
371,3,躯体性,somatic,M99.0,0.9954801201820374,,,,,
371,3,肾(另见病，肾),"kidney (see also Disease, renal)",N28.9,0.9864102005958557,,,,,
371,3,肾上腺,"adrenal, suprarenal",E27.9,0.9985510110855103,,,,,
371,3,生理性NEC,physiological NEC,R68.8,0.9591019749641418,,,,,
371,4,心因性,psychogenic,F59,0.9742951989173889,,,,,
372,3,输尿管(造口),ureterostomy (stoma),N99.5,0.9963836669921875,,,,,
372,3,松果体,pineal gland,E34.8,0.9605757594108582,,,,,
372,3,胎盘,placental,O43.8,0.9810701012611389,,,,,
372,3,胃,stomach,K31.8,0.9704545140266418,,,,,
372,4,心因性,psychogenic,F45.3,0.9888387322425842,,,,,
372,3,胃(造口),gastrostomy (stoma),K91.8,0.9712782502174377,,,,,
372,3,腺(性)NEC,"gland, glandular NEC",E34.9,0.979360818862915,,,,,
372,3,小肠造口,enteric stoma,K91.4,0.9819784164428711,,,,,
372,3,心脏,heart,I51.8,0.9256256222724915,,,,,
372,3,性(由于),sexual (due to),,0.972150981426239,,,,,
372,4,苯异丙胺(或相关物质),amfetamine (or related substance),F15.8,0.9843462705612183,,,,,
372,4,大麻类,cannabis,F12.8,0.9603800773620605,,,,,
372,4,非器质性,nonorganic,F52.9,0.9913127422332764,,,,,
372,5,特指的NEC,specified NEC,F52.8,0.9655128121376038,,,,,
372,4,精神活性物质 NEC,psychoactive substances NEC,F19.8,0.9785842895507812,,,,,
372,4,酒精,alcohol,F10.8,0.971023440361023,,,,,
372,4,抗焦虑药、催眠或镇静剂,"anxiolytic, hypnotic or sedative",F13.8,0.9807137846946716,,,,,
372,4,可卡因,cocaine,F14.8,0.9833942651748657,,,,,
372,4,类阿片,opioid,F11.8,0.9895965456962585,,,,,
372,4,缺乏,lack,,0.9151887893676758,,,,,
372,5,或性欲减退,or loss of sexual desire,F52.0,0.9877621531486511,,,,,
372,5,性乐,of sexual enjoyment,F52.1,0.9424557685852051,,,,,
372,4,生殖器反应丧失,failure of genital response,F52.2,0.9924229383468628,,,,,
372,4,心因性,psychogenic,F52.9,0.924725353717804,,,,,
372,4,性高潮机能障碍(女性)(男性),orgasmic dysfunction (female) (male),F52.3,0.9674496054649353,,,,,
372,4,性高潮受抑(女性)(男性),inhibited orgasm (female) (male),F52.3,0.9612635374069214,,,,,
372,4,性厌恶,sexual aversion,F52.1,0.9882856607437134,,,,,
372,4,性欲亢进,excessive sexual drive,F52.7,0.9814662933349609,,,,,
372,4,阴道痉挛(非器质性)(心因性),vaginismus (nonorganic) (psychogenic),F52.5,0.9701101779937744,,,,,
372,4,早泄,premature ejaculation,F52.4,0.936362087726593,,,,,
372,3,性高潮,orgasmic,F52.3,0.9773503541946411,,,,,
372,3,血管移植物或分流NEC,vascular graft or shunt NEC,T82.3,0.9556317925453186,,,,,
372,4,冠状动脉,coronary artery,T82.2,0.9552955031394958,,,,,
372,3,血红蛋白,hemoglobin,D75.8,0.983383297920227,,,,,
372,3,直肠,rectum,K59.9,0.8854697942733765,,,,,
372,4,心因性,psychogenic,F45.3,0.9355112314224243,,,,,
372,3,子宫出血,"bleeding, uterus",N93.8,0.9549936056137085,,,,,
372,3,子宫内膜,endometrium,N85.8,0.9987115859985352,,,,,
372,3,自主性,autonomic,,0.993532657623291,,,,,
372,4,躯体形式,somatoform,F45.3,0.9746382236480713,,,,,
372,4,由于酒精,due to alcohol,G31.2,0.9801740050315857,,,,,
373,1,gōng 供,,,0.9997987747192383,,,,,
373,2,供血不足,"Insufficiency, insufficient",,0.9990618824958801,,,,,
373,3,动脉,arterial,I77.1,0.9557291865348816,,,,,
373,4,肠系膜(慢性),mesenteric (chronic),K55.1,0.9681887626647949,,,,,
373,5,急性,acute,K55.0,0.951116681098938,,,,,
373,4,大脑,cerebral,I67.8,0.9062314629554749,,,,,
373,4,基底,basilar,G45.0,0.9644724726676941,,,,,
373,4,颈(半球),carotid (hemispheric),G45.1,0.9892077445983887,,,,,
373,4,入脑前(双侧)(多处),precerebral (bilateral) (multiple),G45.2,0.9852768778800964,,,,,
373,4,周围,peripheral,I73.9,0.9574390649795532,,,,,
373,4,椎,vertebral,G45.0,0.9391156435012817,,,,,
373,3,冠状动脉(急性)(亚急性),coronary (acute) (subacute),I24.8,0.969952404499054,,,,,
373,4,慢性或伴有提及持续时间超过4周者,chronic or with a stated duration of over 4 weeks,I25.8,0.9458640813827515,,,,,
373,3,脑血管(急性),cerebrovascular (acute),I67.8,0.9693042635917664,,,,,
373,4,伴有暂时的局部神经体征和症状,with transient focal neurological signs and symptoms,G45.8,0.9770323038101196,,,,,
373,3,血管,vascular,I99,0.9897968769073486,,,,,
373,4,肠,intestine,K55.9,0.9364271759986877,,,,,
373,4,肠系膜(慢性),mesenteric (chronic),K55.1,0.9853820204734802,,,,,
373,5,急性,acute,K55.0,0.959309458732605,,,,,
373,4,肾(另见高血压，肾性).,"renal (see also Hypertension, kidney)",I12.9,0.9512137174606323,,,,,
373,4,周围,peripheral,I73.9,0.94980788230896,,,,,
373,3,周围血管,peripheral vascular,I73.9,0.9681727290153503,,,,,
373,1,gōng 宫,,,0.9997484087944031,,,,,
373,2,宫角妊娠,Cornual gestation or pregnancy,O00.8,0.9567728042602539,,,,,
373,2,宫颈 - 另见情况,Cervical - see also condition,,0.9438912272453308,,,,,
373,3,发育不良，妊娠中,dysplasia in pregnancy,O34.4,0.9873527884483337,,,,,
373,3,糜烂，妊娠中,erosion in pregnancy,O34.4,0.9874587059020996,,,,,
373,3,纤维化，妊娠中,fibrosis in pregnancy,O34.4,0.969976544380188,,,,,
373,2,宫颈表皮化(另见发育不良，宫颈),"Epidermidalization, cervix (see also Dysplasia, cervix)",N87.9,0.9994834065437317,,,,,
373,2,宫颈的 - 见情况,Cervix - see condition,,0.9736664891242981,,,,,
373,2,宫颈内膜炎(另见 宫颈炎),"Endocervicitis, Endotrachelitis (see also Cervicitis)",N72,0.9695737957954407,,,,,
373,3,由于子宫内(避孕用具)装置引起的,due to intrauterine (contraceptive) device,T83.6,0.9972277283668518,,,,,
373,3,增生性,hyperplastic,N72,0.9477031826972961,,,,,
373,2,宫颈上皮内肿瘤-见肿瘤，上皮内，宫颈,"CIN - see Neoplasia, intraepithelial, cervix",,0.9901001453399658,,,,,
373,2,宫颈退行发育(另见发育不良，宫颈),"Anaplasia cervix (see also Dysplasia, cervix)",N87.9,0.9972354769706726,,,,,
373,2,宫颈外膜炎(另见宫颈炎),Exocervicitis (see also Cervicitis),N72,0.989651620388031,,,,,
374,3,宫颈炎(急性)(慢性)(非性病性)(亚急性)(伴有溃疡),(nonvenereal) (subacute) (with ulceration),N72,0.9830968976020813,,,,,
374,3,并发于妊娠,complicating pregnancy,O23.5,0.9942592978477478,,,,,
374,4,影响到胎儿或新生儿,affecting fetus or newborn,P00.8,0.9689505100250244,,,,,
374,3,产褥期、产后,"puerperal, postpartum",O86.1,0.9709969758987427,,,,,
374,3,结核性,tuberculous,A18.1+ N74.0*,0.9744939804077148,,,,,
374,3,老年性(萎缩性),senile (atrophic),N72,0.9769901037216187,,,,,
374,3,淋球菌性,gonococcal,A54.0,0.9685683846473694,,,,,
374,3,毛滴虫性,trichomonal,A59.0+ N74.8*,0.9588706493377686,,,,,
374,3,梅毒性,syphilitic,A52.7+ N74.2*,0.9272587299346924,,,,,
374,3,疱疹病毒性,herpesviral,A60.0+ N74.8*,0.9780033230781555,,,,,
374,3,衣原体性,chlamydial,A56.0,0.9789503216743469,,,,,
374,2,宫颈阴道炎(气肿性)(另见宫颈炎),Cervicocolpitis (emphysematosa) (see also Cervicitis),N72,0.9766628742218018,,,,,
374,1,gǒng 巩,,,0.9328089356422424,,,,,
374,2,巩膜的 - 见情况,Sclera - see condition,,0.9544432163238525,,,,,
374,2,巩膜角膜炎,Sclerokeratitis,H16.8,0.9732752442359924,,,,,
374,3,结核性,tuberculous,A18.5+ H19.2*,0.9667606949806213,,,,,
374,2,巩膜结膜炎,Scleroconjunctivitis,H15.0,0.9970752000808716,,,,,
374,2,巩膜脉络膜炎,Sclerochoroiditis,H31.8,0.9972988367080688,,,,,
374,2,巩膜膨胀,Sclerectasia,H15.8,0.987879753112793,,,,,
374,2,巩膜球筋膜炎,Sclerotenonitis,H15.0,0.9999099969863892,,,,,
374,2,巩膜软化(穿通性),Scleromalacia (perforans),H15.8,0.9771583080291748,,,,,
374,2,巩膜外层炎,Episcleritis,H15.1,0.9889522790908813,,,,,
374,3,化脓性,suppurative,H15.1,0.9539040327072144,,,,,
374,3,见于(由于),in (due to),,0.9948111176490784,,,,,
374,4,结核病,tuberculosis,A18.5+ H19.0*,0.9635307192802429,,,,,
374,4,梅毒,syphilis,A52.7+ H19.0*,0.9558154344558716,,,,,
374,3,结核性,tuberculous,A18.5+ H19.0*,0.9485946297645569,,,,,
374,3,梅毒性(晚期),syphilitic (late),A52.7+ H19.0*,0.9798908233642578,,,,,
374,3,周期性游走性,periodica fugax,H15.1,0.9979143142700195,,,,,
374,2,巩膜炎(环状)(前)(肉芽肿性)(后)(化脓性),Scleritis (annular) (anterior) (granulomatous) (posterior) (suppurative),H15.0,0.965753972530365,,,,,
374,3,见于带状疱疹,in (due to) zoster,B02.3+ H19.0*,0.978978157043457,,,,,
374,3,结核性(结节性),tuberculous (nodular),A18.5+ H19.0*,0.9820929765701294,,,,,
374,3,梅毒性,syphilitic,A52.7+ H19.0*,0.9493116736412048,,,,,
374,1,gǒng 汞,,,0.9467656016349792,,,,,
374,2,汞的 - 见情况,Mercurial - see condition,,0.9617200493812561,,,,,
374,2,汞中毒 NEC,"Hydrargyrism, Mercurialism NEC",T56.1,0.9802398681640625,,,,,
375,1,gòng 共,,,,,,,,
375,2,共济失调，协调不能,"Ataxia, ataxy, ataxic",R27.0,0.9929935336112976,,,,,
375,3,步态,gait,R26.0,0.9989252090454102,,,,,
375,4,癔症性,hysterical,F44.4,0.9355937242507935,,,,,
375,3,大脑(遗传性),cerebral (hereditary),G11.9,0.9665883183479309,,,,,
375,3,非进行性，先天性,"nonprogressive, congenital",G11.0,0.9766406416893005,,,,,
375,3,非器质性原因,nonorganic origin,F44.4,0.973193347454071,,,,,
375,3,弗里德赖希(小脑)(家族遗传性)(脊柱),Friedreich's (cerebellar) (heredofamilial) (spinal),G11.1,0.9927512407302856,,,,,
375,3,亨特,Hunt's,G11.1,0.9517331123352051,,,,,
375,3,脊髓小脑性，X连锁隐性,"spinocerebellar, X-linked recessive",G11.1,0.9857295155525208,,,,,
375,3,脊柱,spinal,,0.9168190360069275,,,,,
375,4,进行性(梅毒性),progressive (syphilitic),A52.1,0.974834680557251,,,,,
375,4,遗传性(弗里德赖希),hereditary (Friedreich's),G11.1,0.9809877872467041,,,,,
375,3,家庭，家族性-见共济失调，遗传性,"family, familial - see Ataxia, hereditary",,0.993594229221344,,,,,
375,3,家族遗传性-见共济失调，遗传性,"heredofamilial - see Ataxia, hereditary",,0.9840700030326843,,,,,
375,3,鲁西-莱维[遗传性运动失调性起立困难],Roussy-Lévy,G60.0,0.9966813325881958,,,,,
375,3,玛丽(小脑)(家族遗传性)(晚期发病),Marie's (cerebellar) (heredofamilial) (late-onset),G11.2,0.9969830513000488,,,,,
375,3,毛细血管扩张症(路易斯-巴尔),telangiectasia (Louis-Bar),G11.3,0.9962721467018127,,,,,
375,3,脑(遗传性),brain (hereditary),G11.9,0.9921032190322876,,,,,
375,3,全身性,general,R27.8,0.9943667054176331,,,,,
375,3,桑格-布朗(遗传性),Sanger-Brown's (hereditary),G11.2,0.9985089898109436,,,,,
375,3,先天性非进行性,congenital nonprogressive,G11.0,0.9973587989807129,,,,,
375,3,小脑(遗传性),cerebellar (hereditary),G11.9,0.9883137345314026,,,,,
375,4,早期发病,early-onset,G11.1,0.9853009581565857,,,,,
375,4,晚期发病(玛丽),late-onset (Marie's),G11.2,0.9855140447616577,,,,,
375,4,伴有脱氧核糖核酸(DNA)修复缺陷,with defective DNA repair,G11.3,0.974992573261261,,,,,
375,4,见于,in,,0.8251141309738159,,,,,
375,5,酒精中毒,alcoholism,G31.2,0.9682996869087219,,,,,
375,5,粘液水肿,myxedema,E03.9+ G13.2*,0.9868180155754089,,,,,
375,5,肿瘤疾病NEC(M8000/1)(另见肿瘤),neoplastic disease NEC (M8000/1) (see also Neoplasm),D48.9+ G13.1*,0.9708513021469116,,,,,
375,4,酒精性,alcoholic,G31.2,0.9801056981086731,,,,,
375,3,心因性,psychogenic,F44.4,0.9964066743850708,,,,,
375,3,遗传性,hereditary,G11.9,0.9618155360221863,,,,,
375,4,伴有神经病,with neuropathy,G60.2,0.9929221868515015,,,,,
375,4,脊柱(弗里德赖希),spinal (Friedreich's),G11.1,0.9726992249488831,,,,,
375,4,痉挛性,spastic,G11.4,0.9830336570739746,,,,,
375,4,特指的 NEC,specified NEC,G11.8,0.9742863774299622,,,,,
375,4,小脑-见共济失调，小脑的,"cerebellar - see Ataxia, cerebellar",,0.9612231254577637,,,,,
375,3,癔症性,hysterical,F44.4,0.9601625800132751,,,,,
375,3,运动性(部分)(进行性)(痉挛性)(梅毒性),locomotor (partial) (progressive) (spastic) (syphilitic),A52.1,0.9736101031303406,,,,,
376,2,共济失调-毛细血管扩张症(路易斯-巴尔),Ataxia-telangiectasia (Louis-Bar),G11.3,0.9994593858718872,,,,,
376,2,共同,Common,,0.9999917149543762,,,,,
376,3,动脉干,"arterial trunk, truncus (arteriosus)",Q20.0,0.9811192154884338,,,,,
376,3,房室管,atrioventricular canal,Q21.2,0.9971015453338623,,,,,
376,3,心房,atrium,Q21.1,0.9734704494476318,,,,,
376,3,心室,ventricle,Q20.4,0.9918315410614014,,,,,
376,1,gòng 供,,,0.9999004602432251,,,,,
376,2,供者(器官或组织),Donor (organ or tissue),Z52.9,0.9971010088920593,,,,,
376,3,肝脏,liver,Z52.6,0.9774450659751892,,,,,
376,3,干细胞,stem cells,Z52.0,0.9816641211509705,,,,,
376,3,骨,bone,Z52.2,0.9772846698760986,,,,,
376,4,髓,marrow,Z52.3,0.9455567598342896,,,,,
376,3,角膜,cornea,Z52.5,0.996015727519989,,,,,
376,3,可能，的检查,"potential, examination of",Z00.5,0.9885931611061096,,,,,
376,3,淋巴细胞,lymphocyte,Z52.0,0.9753995537757874,,,,,
376,3,皮肤,skin,Z52.1,0.9529143571853638,,,,,
376,3,肾,kidney,Z52.4,0.9808007478713989,,,,,
376,3,特指的器官或组织NEC,specified organ or tissue NEC,Z52.8,0.9991074800491333,,,,,
376,3,心脏,heart,Z52.7,0.954433262348175,,,,,
376,3,血液(成分),blood (components),Z52.0,0.952400267124176,,,,,
376,1,gōu 佝,,,0.9149125814437866,,,,,
376,2,佝偻病，佝偻病体质(活动性)(急性)(青少年)(胸壁)(先天性)(近期)(婴儿)(肠的),"Rickets, Rachitis, rachitism (active) (acute) (adolescent) (chest wall) (congenital) (current) (infantile) (intestinal)",E55.0,0.9834267497062683,,,,,
376,3,成人-见骨软化症,adult - see Osteomalacia,,0.9913800358772278,,,,,
376,3,非活动性,inactive,E64.3,0.9830485582351685,,,,,
376,3,腹腔,celiac,K90.0,0.9407516121864319,,,,,
376,3,后遗症，任何,"sequelae, any",E64.3,0.9993941783905029,,,,,
376,3,肾性,"kidney, renal",N25.0,0.977380096912384,,,,,
376,3,维生素D抵抗性,vitamin-D-resistant,E83.3+ M90.8*,0.9798708558082581,,,,,
376,2,佝偻病性- 另见情况,Rachitic - see also condition,,0.9454602003097534,,,,,
376,3,骨盆(晚期效应),pelvis (late effect),E64.3,0.9913747310638428,,,,,
376,4,伴有胎盆不称,with disproportion (fetopelvic),O33.0,0.9667770862579346,,,,,
376,5,引起梗阻性分娩,causing obstructed labor,O65.0,0.9702544808387756,,,,,
376,5,影响到胎儿或新生儿,affecting fetus or newborn,P03.1,0.9707359075546265,,,,,
376,3,脊柱变形(晚期效应),deformities of spine (late effect),E64.3,0.9843496084213257,,,,,
377,1,gōu 沟,,,0.9650285840034485,,,,,
377,2,沟状,Furrowed,K14.5,0.9999827146530151,,,,,
377,3,甲(横),nail(s) (transverse),L60.4,0.975998044013977,,,,,
377,4,先天性,congenital,Q84.6,0.9739812612533569,,,,,
377,3,舌,tongue,K14.5,0.9572719931602478,,,,,
377,4,先天性,congenital,Q38.3,0.9434196352958679,,,,,
377,1,gōu 钩,,,0.9674547910690308,,,,,
377,2,钩虫(未特指的)(贫血)(病)(感染)(侵染),"Hookworm, Uncinariasis (anemia) (disease) (infection) (infestation)",B76.9,0.9743365049362183,,,,,
377,3,特指的NEC,specified NEC,B76.8,0.9976294040679932,,,,,
377,2,钩虫病(巴西)(犬)(斯里兰卡)(十二指肠)(感染)(侵染),"Ancylostoma, ancylostomiasis (braziliense) (caninum) (ceylanicum) (duodenale) (infection) (infestation)",B76.0,0.961371898651123,,,,,
377,2,钩端螺旋体病,Leptospirosis,A27.9,0.9928452968597412,,,,,
377,3,波蒙纳,pomona,A27.8,0.989047646522522,,,,,
377,3,出血性黄疸,icterohemorrhagica,A27.0,0.9830240607261658,,,,,
377,3,犬,canicola,A27.8,0.9480342864990234,,,,,
377,3,由于问号钩端螺旋体血清型出血性黄疸引起的,due to Leptospira interrogans serovar icterohaemorrhagiae,A27.0,0.9913456439971924,,,,,
377,2,钩端螺旋体性的 - 见情况,"Leptospiral, Leptospirochetal - see condition",,0.9493638277053833,,,,,
377,2,钩口线虫病-见钩虫病,"Ankylostoma, Ankylostomiasis",,0.999701201915741,,,,,
377,1,gǒu 狗,,,0.950583815574646,,,,,
377,2,狗咬伤 -见伤口，开放性,"Dog bite - see Wound, open",,0.9552332758903503,,,,,
377,1,gòu 构,,,0.9645918011665344,,,,,
377,2,构音不全,Anarthria,R47.1,0.9999676942825317,,,,,
377,2,构音困难,Dysarthria,R47.1,0.9999668598175049,,,,,
377,2,构音障碍 - 见 构音困难,Dysarthria,,0.9327918291091919,,,,,
377,1,gū 姑,,,0.9995444416999817,,,,,
377,2,姑息性医疗,Palliative care,Z51.5,0.9998340606689453,,,,,
377,1,gū 孤,,,0.9999022483825684,,,,,
377,2,孤独症，孤独(童年)(婴儿),"Autism, autistic (childhood) (infantile)",F84.0,0.9935433268547058,,,,,
377,2,非典型,atypical,F84.1,0.960845410823822,,,,,
377,3,孤儿院综合征(童年),Orphanage syndrome (childhood),F94.2,0.9942095279693604,,,,,
377,1,gǔ 古,,,,,,,,
377,2,古多尔病,Goodall's disease,A08.1,0.999974250793457,,,,,
377,2,古热罗-卡尔托病或综合征[融合性网状乳头状瘤],Gougerot-Carteaud disease or syndrome,L83,0.9890982508659363,,,,,
378,1,gǔ 谷,,,0.8789892196655273,,,,,
378,2,谷物工人病或谷物工人肺,Grainhandler's disease or lung,J67.8,0.999718189239502,,,,,
378,1,gǔ 股,,,0.9994027614593506,,,,,
378,2,股白肿(产褥期、产后、分娩),"Milk leg (puerperal, postpartum, childbirth)",O87.1,0.989579975605011,,,,,
378,3,并发于妊娠,complicating pregnancy,O22.3,0.9931867718696594,,,,,
378,3,非产褥期的,nonpuerperal,I80.1,0.9476951956748962,,,,,
378,2,股骨，股的 - 见情况,"Femur, femoral - see condition",,0.9526605606079102,,,,,
378,2,股疝 - 见疝，股,"Merocele - see Hernia, femoral",,0.8868086338043213,,,,,
378,1,gǔ 骨,,,0.9993301033973694,,,,,
378,2,骨病,Osteopathy,,0.9999610781669617,,,,,
378,3,脊髓灰质炎后,after poliomyelitis,M89.6,0.9789319634437561,,,,,
378,3,见于(由于)肾性骨营养不良,in (due to) renal osteodystrophy,N25.0+ M90.8*,0.9827126264572144,,,,,
378,2,骨刺，骨棘,"Spur, bone",M77.9,0.9996508359909058,,,,,
378,3,鼻(中隔),nose (septum),J34.8,0.9889896512031555,,,,,
378,3,跟骨,calcaneal,M77.3,0.9847245216369629,,,,,
378,3,髂嵴,iliac crest,M76.2,0.976872980594635,,,,,
378,2,骨脆症(特发性),Osteopsathyrosis (idiopathica),Q78.0,0.9796886444091797,,,,,
378,2,骨的 - 见情况,"Bone, Osseous - see condition",,0.9710811972618103,,,,,
378,2,骨发育不全,Dysostosis,,0.9999676942825317,,,,,
378,3,多发性,multiplex,E76.0,0.9822186231613159,,,,,
378,3,颅面,craniofacial,Q75.1,0.9919878244400024,,,,,
378,3,锁骨颅骨,"cleidocranial, cleidocranialis",Q74.0,0.9914805293083191,,,,,
378,3,下颌面骨(不完全),mandibulofacial (incomplete),Q75.4,0.9762009978294373,,,,,
378,3,眼下颌,oculomandibular,Q75.5,0.9843152761459351,,,,,
378,2,骨放射性坏死，颌(急性)(慢性)(下)(化脓性)(上),"Osteoradionecrosis, jaw (acute) (chronic) (lower) (suppurative) (upper)",K10.2,0.9942687153816223,,,,,
378,2,骨肥厚,Hyperostosis,M85.8,0.9992448091506958,,,,,
378,3,单肢,monomelic,M85.8,0.9475043416023254,,,,,
378,3,额骨，颅内,"frontal, internal of skull",M85.2,0.9973357915878296,,,,,
378,3,额骨内板,interna frontalis,M85.2,0.9959157705307007,,,,,
378,3,骨骼，弥漫性特发性,"skeletal, diffuse idiopathic",M48.1,0.9885755181312561,,,,,
378,3,颅骨,skull,M85.2,0.9856259226799011,,,,,
378,4,先天性,congenital,Q75.8,0.9460069537162781,,,,,
378,3,皮质(颅骨),cortical (skull),M85.2,0.9609515070915222,,,,,
378,4,婴儿型,infantile,M89.8,0.9946996569633484,,,,,
378,3,强直性(脊柱),ankylosing (spine),M48.1,0.9871060848236084,,,,,
378,3,椎骨，强直性,"vertebral, ankylosing",M48.1,0.996137797832489,,,,,
378,2,骨干性续连症,Diaphysial aclasis,Q78.6,0.9882037043571472,,,,,
378,2,骨干炎,Diaphysitis,M86.8,0.9663576483726501,,,,,
379,2,骨骼的 - 见情况,Skeletal - see condition,,0.9743689298629761,,,,,
379,2,骨骨膜炎(另见 骨髓炎),Osteoperiostitis (see also Osteomyelitis),M86.8,0.9800843596458435,,,,,
379,2,骨关节病(变性性)(肥大性)(另见关节病),"Osteoarthrosis, Osteoarthropathy (degenerative) (hypertrophic) (see also Arthrosis)",M19.9,0.9914456605911255,,,,,
379,3,变形性尿黑酸尿症,deformans alkaptonurica,E70.2+ M36.8*,0.9701835513114929,,,,,
379,3,多关节,polyarticular,M15.9,0.9965497255325317,,,,,
379,3,肥大性,hypertrophic,M19.9,0.9809759855270386,,,,,
379,4,肺性,pulmonary,M89.4,0.982306182384491,,,,,
379,4,特指的NEC,specified NEC,M89.4,0.9658133387565613,,,,,
379,3,关节NEC,joint NEC,M19.9,0.9881452322006226,,,,,
379,4,原发性,primary,M19.0,0.9261795878410339,,,,,
379,4,继发性NEC,secondary NEC,M19.2,0.9668134450912476,,,,,
379,3,脊椎(另见脊椎关节强硬),spine (see also Spondylosis),M47.9,0.9920111298561096,,,,,
379,3,继发性肥大性,secondary hypertrophic,M89.4,0.991849958896637,,,,,
379,3,局限性,localized,M19.9,0.9739243388175964,,,,,
379,3,糜烂性,erosive,M15.4,0.9736732244491577,,,,,
379,3,全身性,generalized,M15.9,0.9806494116783142,,,,,
379,4,原发性,primary,M15.0,0.9474670886993408,,,,,
379,2,骨骺炎(另见骨软骨病),Epiphysitis (see also Osteochondrosis),M93.9,0.9739266633987427,,,,,
379,3,梅毒性(先天性),syphilitic (congenital),A50.0+ M90.2*,0.9675153493881226,,,,,
379,3,幼年型,juvenile,M92.9,0.997200071811676,,,,,
379,2,骨化,Ossification,,0.9999791383743286,,,,,
379,3,玻璃体,vitreous (humor),H43.2,0.9626222252845764,,,,,
379,3,大脑镰,falx cerebri,G96.1,0.9729455709457397,,,,,
379,3,动脉-见 动脉硬化,artery - see Arteriosclerosis,,0.9519015550613403,,,,,
379,3,多发性，偏心性多中心,"multiple, eccentric centers",M89.2,0.9853853583335876,,,,,
379,3,耳廓,"auricle (ear), pinna",H61.1,0.9258045554161072,,,,,
379,3,膈,diaphragm,J98.6,0.9911922812461853,,,,,
379,3,巩膜,sclera,H15.8,0.9478277564048767,,,,,
379,3,骨膜下，创伤后,"subperiosteal, post-traumatic",M89.8,0.9738625884056091,,,,,
379,3,鼓膜,tympanic membrane,H73.8,0.953139066696167,,,,,
379,3,关节周,periarticular,M25.8,0.9867609143257141,,,,,
379,3,冠状(动脉),coronary (artery),I25.1,0.9406984448432922,,,,,
379,3,喉,larynx,J38.7,0.9548174738883972,,,,,
379,3,肌肉,muscle,M61.9,0.9982146620750427,,,,,
379,4,麻痹性,paralytic,M61.2,0.9807654619216919,,,,,
379,4,特指的 NEC,specified NEC,M61.5,0.9706448912620544,,,,,
379,4,由于烧伤,due to burns,M61.3,0.9611268639564514,,,,,
379,3,腱,tendon,M67.8,0.998881459236145,,,,,
379,3,脑脊膜(大脑)(脊柱),meninges (cerebral) (spinal) .,G96.1,0.9588903784751892,,,,,
379,3,骑士骨,rider's bone,M61.5,0.9653187990188599,,,,,
379,3,气管,trachea,J39.8,0.9877781867980957,,,,,
379,3,韧带,ligament,M67.8,0.9995442628860474,,,,,
379,4,(颈)后纵,posterior longitudinal (cervical),M48.8,0.9497494697570801,,,,,
380,3,软骨(老年性),cartilage (senile),M94.8,0.9743909239768982,,,,,
380,3,心肌(另见变性，心肌),"myocardium, myocardial (see also Degeneration, myocardial)",I51.5,0.9668625593185425,,,,,
380,3,心脏(另见变性，心肌),"cardiac, heart (see also Degeneration, myocardial)",I51.5,0.9943307042121887,,,,,
380,4,瓣膜-见心内膜炎,valve - see Endocarditis,,0.9416462779045105,,,,,
380,3,囟门，过早,"fontanel, premature",Q75.0,0.9515253305435181,,,,,
380,3,阴茎,penis,N48.8,0.9721670746803284,,,,,
380,3,支气管,bronchial,J98.0,0.97087562084198,,,,,
380,2,骨坏死,Osteonecrosis,M87.9,0.9994794726371765,,,,,
380,3,继发性 NEC,secondary NEC,M87.3,0.9405816197395325,,,,,
380,3,见于(由于),in (due to),,0.9954571723937988,,,,,
380,4,创伤(以前的),trauma (previous),M87.2,0.9950103163719177,,,,,
380,4,潜涵病,caisson disease,T70.3+ M90.3*,0.995204746723175,,,,,
380,4,血红蛋白病NEC,hemoglobinopathy NEC,D58.2+ M90.4*,0.9617627859115601,,,,,
380,4,药物,drugs,M87.1,0.9668586254119873,,,,,
380,3,特指的 NEC,specified NEC,M87.8,0.9814020991325378,,,,,
380,2,骨痂,Callus,,0.9190943241119385,,,,,
380,3,过度，骨折后-见后遗症，骨折,"excessive, following fracture - see Sequelae, fracture",,0.9811540246009827,,,,,
380,2,骨疽，骨溃疡,Caries,,0.9972877502441406,,,,,
380,3,鼻(结核),nose (tuberculous),A18.0+ M90.0*,0.943821370601654,,,,,
380,3,骶骨(结核),sacrum (tuberculous),A18.0+ M49.0*,0.9740587472915649,,,,,
380,3,骨NEC,bone NEC,A18.0+ M90.0*,0.9700772762298584,,,,,
380,3,脊柱(结核),"spine, spinal, vertebra (column) (tuberculous)",A18.0+ M49.0*,0.9768009185791016,,,,,
380,3,结核性,uberculous,A18.0+ M90.0*,0.98300701379776,,,,,
380,3,髋(结核),hip (tuberculous),A18.0+ M01.1*,0.9643154740333557,,,,,
380,3,眶(结核),orbit (tuberculous),A18.0+ M90.0*,0.9770523309707642,,,,,
380,3,梅毒性,syphilitic,A52.7+ M90.2*,0.9689338207244873,,,,,
380,4,先天性(早期),congenital (early),A50.0+ M90.2*,0.9713749885559082,,,,,
380,3,迷路,labyrinth,H83.8,0.9805840253829956,,,,,
380,3,乳突(慢性),mastoid process (chronic),H70.1,0.9673444628715515,,,,,
380,4,结核性,tuberculous,A18.0+ H75.0*,0.951828122138977,,,,,
380,3,听骨,"ossicles, ear",H74.3,0.9824910759925842,,,,,
380,3,外道,external meatus,H61.8,0.9710589051246643,,,,,
380,3,膝(结核),knee (tuberculous),A18.0+ M01.1*,0.944743812084198,,,,,
380,3,岩骨,petrous bone,H70.2,0.9889408946037292,,,,,
380,3,肢NEC(结核),limb NEC (tuberculous),A18.0+ M90.0*,0.9732823967933655,,,,,
380,3,中耳,middle ear,H74.8,0.9628714323043823,,,,,
380,2,骨连结(先天性),Synostosis (congenital),Q78.8,0.9913349151611328,,,,,
380,3,距舟骨,astragalo-scaphoid,Q74.2,0.9972130060195923,,,,,
380,3,桡尺骨,radioulnar,Q74.0,0.9852712154388428,,,,,
380,2,骨瘤(M9180/0)-另见肿瘤，骨，良性,"Osteoma (M9180/0) - see also Neoplasm, bone, benign",,0.9765095710754395,,,,,
380,3,骨样(M9191/0),osteoid (M9191/0),,0.9753082990646362,,,,,
380,4,巨(M9200/0),giant (M9200/0),,0.961493968963623,,,,,
381,2,骨膜的 - 见情况,"Periosteum, periosteal - see condition",,0.9778645038604736,,,,,
381,2,骨膜骨赘形成,Periostosis,M89.8,0.9995830655097961,,,,,
381,3,伴有骨髓炎,with osteomyelitis,M86.8,0.9982619881629944,,,,,
381,3,增生性,hyperplastic,M89.8,0.92884361743927,,,,,
381,2,骨膜炎(局限性)(弥漫性)(感染性),Periostitis (circumscribed) (diffuse) (infective),M86.9,0.979187548160553,,,,,
381,3,伴有骨髓炎,with osteomyelitis,M86.8,0.9798720479011536,,,,,
381,4,急性,acute,M86.1,0.9599947333335876,,,,,
381,4,亚急性,subacute,M86.2,0.9838120341300964,,,,,
381,4,慢性NEC,chronic NEC,M86.6,0.9737083911895752,,,,,
381,3,单肢,monomelic,M86.9,0.9922394752502441,,,,,
381,3,颌(下)(上),jaw (lower) (upper),K10.2,0.9752959609031677,,,,,
381,3,结核性(另见结核，骨),"tuberculous (see also Tuberculosis, bone)",A18.0+ M90.0*,0.9731946587562561,,,,,
381,3,眶,orbital,H05.0,0.944582462310791,,,,,
381,3,淋病性,gonorrheal,A54.4+ M90.1*,0.9829139709472656,,,,,
381,3,梅毒性,syphilitic,A52.7+ M90.1*,0.9646151065826416,,,,,
381,4,先天性(早期),congenital (early),A50.0+ M90.1*,0.9811975359916687,,,,,
381,4,继发性,secondary,A51.4+ M90.1*,0.9759215116500854,,,,,
381,3,牙槽(牙),"alveolar, alveolodental",K10.3,0.9830738306045532,,,,,
381,3,雅司病(早期)(肥大性)(晚期),yaws (early) (hypertrophic) (late),A66.6+ M90.1*,0.9616858959197998,,,,,
381,2,骨内膜炎-见骨髓炎,Endosteitis - see Osteomyelitis,,0.9992350339889526,,,,,
381,2,骨盆-另见情况,"Pelvic, Pelvis - see also condition",,0.9948525428771973,,,,,
381,3,检查(定期的)(常规),examination (periodic) (routine),Z01.4,0.9895764589309692,,,,,
381,3,肾[盆腔异位肾]，先天性,"kidney, congenital",Q63.2,0.985771656036377,,,,,
381,2,骨肉瘤(M9180/3)-另见肿瘤，骨，恶性,"Osteosarcoma (M9180/3) - see also Neoplasm, bone, malignant",,0.9951658248901367,,,,,
381,3,成软骨细胞性(M9181/3),chondroblastic (M9181/3),,0.9708045721054077,,,,,
381,3,成纤维细胞性(M9182/3),fibroblastic (M9182/3),,0.9896808862686157,,,,,
381,3,骨旁(M9190/3),parosteal (M9190/3),,0.9832374453544617,,,,,
381,3,骨佩吉特病内的(M9184/3),in Paget's disease of bone (M9184/3),,0.9962977766990662,,,,,
381,3,近皮质(M9190/3),juxtacortical (M9190/3),,0.9740102291107178,,,,,
381,3,毛细血管扩张性(M9183/3),telangiectatic (M9183/3),,0.9878011345863342,,,,,
381,3,小细胞(M9185/3),smallcell (M9185/3),,0.9824749827384949,,,,,
381,2,骨软骨病,"Osteochondropathy, Osteochondrosis",M93.9,0.9999322891235352,,,,,
381,3,奥斯古德-施拉特[胫骨粗隆骨软骨病],Osgood-Schlatter,M92.5,0.9732373356819153,,,,,
381,3,髌骨中心(幼年型)(初级)(次级),patellar center (juvenile) (primary) (secondary),M92.4,0.990112841129303,,,,,
381,3,伯恩斯[尺骨下段],Burns',M92.1,0.9720214605331421,,,,,
381,3,布坎南[髂嵴],Buchanan's,M91.0,0.9765469431877136,,,,,
381,3,布朗[胫骨上段],Blount's,M92.5,0.9754933714866638,,,,,
381,3,成人 NEC,adult NEC,M93.8,0.9617510437965393,,,,,
381,4,腕月骨(金伯克).,carpal lunate (Kienböck's),M93,0.9884182214736938,,,,,
381,3,尺骨(下段)(幼年型),ulna (lower) (juvenile),M92.1,0.9862964749336243,,,,,
381,3,耻骨联合(幼年型),symphysis pubis (juvenile),M91.0,0.9772536754608154,,,,,
381,3,迪亚兹[距骨],Diaz's,M92.6,0.9821953177452087,,,,,
382,3,范奈克[坐骨耻骨的软骨结合].,van Neck's,M91.0,0.9942204356193542,,,,,
382,3,腓骨(幼年型),fibula (juvenile),M92.5,0.9873781204223633,,,,,
382,3,分离性(膝)(肩),dissecans (knee) (shoulder),M93.2,0.9717601537704468,,,,,
382,3,弗赖伯格[第二跖骨],Freiberg's,M92.7,0.994738757610321,,,,,
382,3,跗(舟)骨(幼年型),tarsus (navicular) (juvenile),M92.6,0.9880378246307373,,,,,
382,3,跟骨(幼年型),calcaneus (juvenile),M92.6,0.9854905009269714,,,,,
382,3,肱骨(小头)(头)(幼年型),humerus (capitulum) (head) (juvenile),M92.0,0.985691249370575,,,,,
382,3,股骨(头)，幼年型,"femur (head), juvenile",M91.1,0.9709064364433289,,,,,
382,3,股首骺(幼年型).,femoral capital epiphysis (juvenile),M91,0.980674147605896,,,,,
382,3,骨,bone,,0.9869285821914673,,,,,
382,4,跟(幼年型),calcis (juvenile),M92.6,0.9869670271873474,,,,,
382,4,外胫(幼年型),tibiale externum (juvenile),M92.6,0.9862256050109863,,,,,
382,3,骨盆(幼年型),pelvis (juvenile),M91.0,0.964712917804718,,,,,
382,3,哈格隆德[外胫骨],Haglund's,M92.6,0.9650044441223145,,,,,
382,3,哈斯[肱骨头](幼年型),Haas' (juvenile),M92.0,0.9869853258132935,,,,,
382,3,脊柱,spine,M42.9,0.9959042072296143,,,,,
382,4,成人,adult,M42.1,0.9599864482879639,,,,,
382,4,幼年型,juvenile,M42.0,0.9588392972946167,,,,,
382,3,结核性-见结核，骨,"tuberculous - see Tuberculosis, bone",,0.9976946115493774,,,,,
382,3,金伯克[腕骨](幼年型),Kienböck's (juvenile),M92.2,0.9907410740852356,,,,,
382,4,成人的,of adults,M93.1,0.9573056101799011,,,,,
382,3,胫骨(上段)(结节)(幼年型),tibia (proximal) (tubercle) (juvenile),M92.5,0.9853397011756897,,,,,
382,3,距骨(幼年型),"astragalus, talus (juvenile)",M92.6,0.9651172161102295,,,,,
382,3,髋(幼年型),hip (juvenile),M91.1,0.9843746423721313,,,,,
382,3,髋臼(幼年型),acetabulum (juvenile),M91.0,0.9719842672348022,,,,,
382,3,莱格-佩尔特斯(-卡尔韦)(-瓦尔登斯特伦)[股骨头],Legg-Perthes(-Calvé)(-Waldenström),M91.1,0.9774042367935181,,,,,
382,3,克勒,Köhler's,,0.9432059526443481,,,,,
382,4,髌骨,patellar,M92.4,0.9721364974975586,,,,,
382,4,跗舟骨,tarsal navicular,M92.6,0.9717978239059448,,,,,
382,3,梅毒性，先天性,"syphilitic, congenital",,0.9950656890869141,,,,,
382,4,早期,early,A50.0+ M90.2*,0.9492624998092651,,,,,
382,4,晚期,late,A50.5+ M90.2*,0.9096429944038391,,,,,
382,3,莫克莱尔[掌骨头],Mauclaire's,M92.2,0.9819183945655823,,,,,
382,3,潘内[肱骨小头],Panner's,M92.0,0.9963213801383972,,,,,
382,3,皮尔逊[耻骨联合],Pierson's,M91.0,0.9856248497962952,,,,,
382,3,髂骨，髂嵴(幼年型),"ilium, iliac crest (juvenile)",M91.0,0.9796323776245117,,,,,
382,3,桡骨(头)(幼年型),radius (head) (juvenile),M92.1,0.9824098944664001,,,,,
382,3,塞弗[跟骨],Sever's,M92.6,0.9948268532752991,,,,,
382,3,舒尔曼[椎骨骨骺炎],Scheuermann's,M42.0,0.9705917239189148,,,,,
382,3,特指的 NEC,specified NEC,M93.8,0.9519343972206116,,,,,
382,3,腕骨(幼年型)(月骨)(舟骨),carpal (juvenile) (lunate) (scaphoid),M92.2,0.9446352124214172,,,,,
382,3,小头骨骺(股骨)(幼年型),capitular epiphysis (femur) (juvenile),M91.1,0.9858068823814392,,,,,
383,3,辛丁-拉森[髌骨],Sinding-Larsen,M92.4,0.989654004573822,,,,,
383,3,伊塞兰[第五跖骨],Iselin's,M92.7,0.9975042343139648,,,,,
383,3,幼年型,"juvenile, juvenilis",M92.9,0.9982284307479858,,,,,
383,4,臂,arm,M92.3,0.9076821804046631,,,,,
383,4,变形性,deformans,M92.9,0.944989025592804,,,,,
383,4,股骨头,head of femur,M91.1,0.9686850309371948,,,,,
383,4,脊柱,spine,M42.0,0.9851276874542236,,,,,
383,4,髋关节,coxae,M91.1,0.9552562236785889,,,,,
383,4,髋和骨盆,hip and pelvis,M91.9,0.9524013996124268,,,,,
383,5,特指的 NEC,specified NEC,M91.8,0.9747847318649292,,,,,
383,4,内侧楔骨,medial cuneiform bone,M92.6,0.9778454303741455,,,,,
383,4,手,hand,M92.2,0.8817499876022339,,,,,
383,4,锁骨，胸骨骨骺,"clavicle, sternal epiphysis",M92.3,0.982501208782196,,,,,
383,4,特指部位NEC,specified site NEC,M92.8,0.971885085105896,,,,,
383,4,先天性髋关节脱位复位后,after reduction of congenital dislocation of hip,M91.8,0.9801710844039917,,,,,
383,4,小头骨骺(股骨),capitular epiphysis (femur),M91.1,0.9627524018287659,,,,,
383,4,肢,limb,,0.6833212375640869,,,,,
383,5,上NEC,upper NEC,M92.3,0.9536803364753723,,,,,
383,5,下NEC,lower NEC,M92.8,0.9326520562171936,,,,,
383,4,椎骨(体)(卡尔韦),vertebra (body) (Calvé's),M42.0,0.9815853238105774,,,,,
383,5,骨骺板(舒尔曼),epiphyseal plates (Scheuermann's),M42.0,0.9817122220993042,,,,,
383,4,足 NEC,foot NEC,M92.8,0.9216040372848511,,,,,
383,3,幼年型变形性髋关节,"deformans juvenilis, coxae",M91.1,0.9786916971206665,,,,,
383,3,幼年型髋关节,coxae juvenilis,M91.1,0.9602763652801514,,,,,
383,3,月骨(腕骨)(幼年型),lunate bone (carpal) (juvenile),M92.2,0.9880898594856262,,,,,
383,4,成人,adult,M93.1,0.9382401704788208,,,,,
383,3,掌骨(头)(幼年型),metacarpal (head) (juvenile),M92.2,0.9780129790306091,,,,,
383,3,肢,limb,,0.9860283136367798,,,,,
383,4,上NEC(幼年型),upper NEC (juvenile),M92.3,0.9800469279289246,,,,,
383,4,下NEC(幼年型),lower NEC (juvenile),M92.8,0.9737287163734436,,,,,
383,3,跖骨(第五)(头)(幼年型)(第二),metatarsus (fifth) (head) (juvenile) (second),M92.7,0.9831100106239319,,,,,
383,3,舟骨(幼年型),navicular (juvenile),M92.6,0.9926132559776306,,,,,
383,3,椎骨(另见骨软骨病，脊柱),"vertebral (see also Osteochondrosis, spine)",M42.9,0.9979822039604187,,,,,
383,3,足NEC(幼年型),foot NEC (juvenile),M92.8,0.9905697703361511,,,,,
383,3,坐骨耻骨的软骨结合,ischiopubic synchondrosis,M91.0,0.9956616759300232,,,,,
383,2,骨软骨发育不良,Osteochondrodysplasia,Q78.9,0.9999732375144958,,,,,
383,3,伴有管状骨和脊柱发育缺陷,with defects of growth of tubular bones and spine,Q77.9,0.9892888069152832,,,,,
383,4,特指的 NEC,specified NEC,Q77.8,0.9622101187705994,,,,,
383,3,特指的NEC,specified NEC,Q78.8,0.9621496796607971,,,,,
383,2,骨软骨瘤(M9210/0)-见肿瘤，骨，良性,"Osteochondroma (M9210/0) - see Neoplasm, bone, benign",,0.9900821447372437,,,,,
384,2,骨软骨瘤病(M9210/1),Osteochondromatosis (M9210/1),D48.0,0.9922993183135986,,,,,
384,3,综合征,syndrome,Q78.4,0.9606345891952515,,,,,
384,2,骨软骨粘液肉瘤(M9180/3)-见肿瘤，骨，恶性,"Osteochondromyxosarcoma (M9180/3) - see Neoplasm, bone, malignant",,0.9961758255958557,,,,,
384,2,骨软骨肉瘤(M9180/3)-见肿瘤，骨，恶性,"Osteochondrosarcoma (M9180/3) - see Neoplasm, bone, malignant",,0.9928150773048401,,,,,
384,2,骨软骨炎(另见骨软骨病),Osteochondritis (see also Osteochondrosis),M93.9,0.994154155254364,,,,,
384,3,布雷斯福德[桡骨头],Brailsford's,M92.1,0.991874635219574,,,,,
384,3,分离性,dissecans,M93.2,0.9832502007484436,,,,,
384,3,梅毒性(先天性)(早期),syphilitic (congenital) (early),A50.0+ M90.2*,0.9898743629455566,,,,,
384,3,幼年型,juvenile,M92.9,0.9837637543678284,,,,,
384,4,髌骨,patellar,M92.4,0.9636558890342712,,,,,
384,2,骨软骨营养不良,Osteochondrodystrophy,E78.9,0.9993655681610107,,,,,
384,3,变形性,deformans,E76.2,0.9729037880897522,,,,,
384,3,家族性,familial,E76.2,0.9931866526603699,,,,,
384,2,骨软化症,Osteomalacia,M83.9,0.9998814463615417,,,,,
384,3,产褥期,puerperal,M83.0,0.9479581117630005,,,,,
384,3,成人,adult,M83.9,0.9459322690963745,,,,,
384,4,特指的NEC,specified NEC,M83.8,0.971664547920227,,,,,
384,4,药物性NEC,drug-induced NEC,M83.5,0.960978627204895,,,,,
384,4,由于,due to,,0.8744053244590759,,,,,
384,5,吸收不良(手术后),malabsorption (postsurgical),M83.2,0.9844781756401062,,,,,
384,5,营养不良,malnutrition,M83.3,0.9731450080871582,,,,,
384,3,骨盆,pelvis,M83.8,0.9756543636322021,,,,,
384,3,老年性,senile,M83.1,0.9741486310958862,,,,,
384,3,铝-诱发性,aluminum-induced,M83.4,0.9957671165466309,,,,,
384,3,维生素D抵抗性,vitamin-D-resistant,E83.3+ M90.8*,0.970504641532898,,,,,
384,3,婴儿(另见佝偻病),infantile (see also Rickets),E55.0,0.9847955703735352,,,,,
384,3,幼年(另见佝偻病),juvenile (see also Rickets),E55.0,0.9896411299705505,,,,,
384,2,骨髓,Marrow (bone),,0.9998043775558472,,,,,
384,3,功能低下,poor function,D75.8,0.9990670084953308,,,,,
384,3,抑制,arrest,D61.9,0.9804046154022217,,,,,
384,2,骨髓白质营养不良,Myeloleukodystrophy,E75.2,0.9874353408813477,,,,,
384,2,骨髓瘤(多发性)(M9732/3),"Myeloma, Myelomata (multiple) (M9732/3)",C90.0,0.9959179162979126,,,,,
384,3,单发性(M9731/3),monostotic (M9731/3),C90.2,0.9899876117706299,,,,,
384,4,浆细胞(M9732/3),plasma cell (M9732/3),C90.0,0.991607129573822,,,,,
384,3,孤立性(M9731/3),solitary (M9731/3),C90.2,0.9738624095916748,,,,,
384,2,骨髓瘤病(M9732/3),Myelomatosis (M9732/3),C90.0,0.9991418719291687,,,,,
384,2,骨髓肉瘤(M9930/3),Myelosarcoma (M9930/3),C92.3,0.9995790719985962,,,,,
384,2,骨髓纤维化(急性)(M9931/3),Osteomyelofibrosis (acute) (M9931/3),C94.4,0.996330201625824,,,,,
384,2,骨髓纤维化伴有髓样化生(M9961/1),Myelofibrosis with myeloid metaplasia (M9961/1),D47.1,0.9920836091041565,,,,,
384,3,急性(M9932/3),acute (M9932/3),C94.5,0.9751304388046265,,,,,
385,2,骨髓炎(感染性)(脓毒性)(化脓性),Osteomyelitis (infective) (septic) (suppurative),M86.9,0.9872856736183167,,,,,
385,3,急性,acute,M86.1,0.9655869007110596,,,,,
385,4,血源性,hematogenous,M86.0,0.9273677468299866,,,,,
385,3,亚急性,subacute,M86.2,0.9677770733833313,,,,,
385,3,慢性(或陈旧性),chronic (or old),M86.6,0.9737303256988525,,,,,
385,4,伴有引流窦道,with draining sinus,M86.4,0.9718652963638306,,,,,
385,4,多病灶性,multifocal,M86.3,0.9151527285575867,,,,,
385,4,血源性 NEC,hematogenous NEC,M86.5,0.9492146372795105,,,,,
385,3,非化脓性,nonsuppurating,M86.8,0.9726614952087402,,,,,
385,3,颌(急性)(慢性)(下)(新生儿)(化脓性)(上),jaw (acute) (chronic) (lower) (neonatal) (suppurative) (upper),K10.2,0.9686701893806458,,,,,
385,3,棘球性,echinococcal,B67.2+ M90.2*,0.9809914827346802,,,,,
385,3,脊椎,vertebra,M46.2,0.952962338924408,,,,,
385,3,加雷,Garre's,M86.8,0.9497029781341553,,,,,
385,3,结核性-见 结核，骨,"tuberculous - see Tuberculosis, bone",,0.9524564743041992,,,,,
385,3,眶,orbit,H05.0,0.9859088063240051,,,,,
385,3,淋球菌性,gonococcal,A54.4+ M90.2*,0.9533596038818359,,,,,
385,3,梅毒性,syphilitic,A52.7+ M90.2*,0.9437171816825867,,,,,
385,4,先天性(早期),congenital (early),A50.0+ M90.2*,0.9680392742156982,,,,,
385,3,沙门菌(亚利桑那)(猪霍乱)(小肠炎)(鼠伤寒),Salmonella (arizonae) (cholerae-suis)(enteritidis) (typhimurium),A02.2+ M90.2*,0.9780473709106445,,,,,
385,3,伤寒,typhoid,A01.0+ M90.2*,0.9681124091148376,,,,,
385,3,特指的 NEC,specified NEC,M86.8,0.941609263420105,,,,,
385,3,岩骨,petrous bone,H70.2,0.9753270149230957,,,,,
385,3,硬化性，非化脓性,"sclerosing, nonsuppurative",M86.8,0.9626690745353699,,,,,
385,2,骨髓硬化,"Myelosclerosis, Osteomyelosclerosis",D75.8,0.9519389271736145,,,,,
385,3,伴有髓样化生(M9961/1),with myeloid metaplasia (M9961/1),D47.1,0.9950416684150696,,,,,
385,3,播散性，神经系统,"disseminated, of nervous system",G35,0.9711227416992188,,,,,
385,3,巨核细胞(伴有髓样化生)(M9961/1),megakaryocytic (with myeloid metaplasia) (M9961/1),D47.1,0.985226571559906,,,,,
385,2,骨髓增生异常(M9989/1),Myelodysplasia (M9989/1),D46.9,0.9769436120986938,,,,,
385,3,脊髓(先天性),spinal cord (congenital),Q06.1,0.9852884411811829,,,,,
385,3,特指的 NEC,specified NEC,D46.7,0.9582067131996155,,,,,
385,2,骨髓增殖症,Myelosis,,0.9997861981391907,,,,,
385,3,急性(M9861/3),acute (M9861/3),C92.0,0.9758754968643188,,,,,
385,3,亚急性(M9862/3),subacute (M9862/3),C92.2,0.9824547171592712,,,,,
385,3,慢性(M9863/3),chronic (M9863/3),C92.1,0.9754526019096375,,,,,
385,3,非白血病性,nonleukemic,D72.8,0.9784009456634521,,,,,
385,3,非白血性(M9864/3),aleukemic (M9864/3),C92.7,0.9692376255989075,,,,,
385,3,红细胞性(M9840/3),erythremic (M9840/3),C94.0,0.9739592671394348,,,,,
385,4,急性(M9841/3),acute (M9841/3),C94.0,0.9741095900535583,,,,,
385,3,巨核细胞性(M9910/3),megakaryocytic (M9910/3),C94.2,0.9855584502220154,,,,,
385,2,骨髓脂肪瘤(M8870/0)-见脂肪瘤,Myelolipoma (M8870/0) - see Lipoma,,0.9917382597923279,,,,,
385,2,骨痛,Osteodynia,M89.8,0.9998419880867004,,,,,
386,2,骨突炎(骨)(另见骨软骨病),Apophysitis (bone) (see also Osteochondrosis),M93.9,0.9864824414253235,,,,,
386,3,跟骨,calcaneus,M92.8,0.996303379535675,,,,,
386,3,幼年型,juvenile,M92.9,0.9967567920684814,,,,,
386,2,骨纤维瘤(M9262/0)-见肿瘤，骨，良性,"Osteofibroma (M9262/0) - see Neoplasm, bone, benign",,0.9955446124076843,,,,,
386,2,骨纤维肉瘤(M9182/3)-见肿瘤，骨，恶性,"Osteofibrosarcoma (M9182/3) - see Neoplasm, bone, malignant",,0.9913070797920227,,,,,
386,2,骨性关节炎(另见关节病),Osteoarthritis (see also Arthrosis),M19.9,0.9995251893997192,,,,,
386,3,全身性,generalized,M15.9,0.9888713359832764,,,,,
386,3,指间,interphalangeal,,0.9829730987548828,,,,,
386,4,远侧的(赫伯登),distal (Heberden),M15.1,0.9502037167549133,,,,,
386,4,邻近的(布沙尔),proximal (Bouchard),M15.2,0.9753440022468567,,,,,
386,2,骨炎(另见骨髓炎),Osteitis (see also Osteomyelitis),M86.9,0.9983205795288086,,,,,
386,3,脆性,fragilitans,Q78.0,0.9853105545043945,,,,,
386,3,颌(急性)(慢性)(下)(化脓性)(上),jaw (acute) (chronic) (lower) (suppurative) (upper),K10.2,0.9976715445518494,,,,,
386,3,畸形性,deformans,M88.9,0.9501299858093262,,,,,
386,4,见于(由于),in (due to),,0.8830146193504333,,,,,
386,5,骨恶性肿瘤(M8000/3),malignant neoplasm of bone (M8000/3),C41.9+ M90.6*,0.9454091191291809,,,,,
386,5,肿瘤疾病NEC(M8000/1)(另见肿瘤),neoplastic disease NEC (M8000/1) (see also Neoplasm),D48.9+ M90.6*,0.9794596433639526,,,,,
386,4,颅,skull,M88.0,0.9500695466995239,,,,,
386,4,特指的 NEC,specified NEC,M88.8,0.9600968956947327,,,,,
386,3,加雷(硬化性),Garre's (sclerosing),M86.8,0.9924259781837463,,,,,
386,3,甲状旁腺性,parathyroid,E21.0,0.9543604254722595,,,,,
386,3,结核性,tuberculosa,A18.0+ M90.0*,0.9866983890533447,,,,,
386,4,多发性囊样,multiplex cystoides,D86.8,0.981220543384552,,,,,
386,4,囊性,cystica,D86.8,0.9589760899543762,,,,,
386,3,纤维性NEC,fibrosa NEC,M85.6,0.9698050022125244,,,,,
386,4,播散性,disseminata,Q78.1,0.9441642761230469,,,,,
386,4,局限性,circumscripta,M85.0,0.9829246401786804,,,,,
386,4,囊性(全身),"cystica (generalisata), osteoplastica",E21.0,0.977296769618988,,,,,
386,3,牙槽,alveolar,K10.3,0.9614289999008179,,,,,
386,3,岩骨(急性)(慢性),petrous bone (acute) (chronic),H70.2,0.9716312289237976,,,,,
386,3,硬化性，非化脓性,"sclerotic, nonsuppurative",M86.8,0.9776368141174316,,,,,
386,3,由于雅司病,due to yaws,A66.6+ M90.2*,0.9792404174804688,,,,,
386,3,致密性,condensans,M85.3,0.9671748876571655,,,,,
386,2,骨营养不良,Osteodystrophy,Q78.9,0.9953563809394836,,,,,
386,3,氮质血症性,azotemic,N25.0,0.9866511225700378,,,,,
386,3,甲状旁腺样，继发性,"parathyroid, secondary",E21.1,0.9745075702667236,,,,,
386,3,肾性,renal,N25.0,0.9764907360076904,,,,,
386,3,先天性,congenital,Q78.9,0.9695844054222107,,,,,
387,2,骨硬化(家族性)(脆性),"Osteopetrosis, Osteosclerosis (familial) (fragilitas)",Q78.2,0.99959796667099,,,,,
387,3,脆性(全身性),fragilitas (generalisata),Q78.2,0.9865177273750305,,,,,
387,3,骨髓纤维化,myelofibrosis,D75.8,0.9828944206237793,,,,,
387,3,后天性,acquired,M85.8,0.9679681658744812,,,,,
387,3,先天性,congenita,Q77.4,0.9972503185272217,,,,,
387,2,骨硬化性贫血,Osteosclerotic anemia,D64.8,0.9834451079368591,,,,,
387,2,骨源性的 - 见情况,Osteogenic - see condition,,0.9674603343009949,,,,,
387,2,骨折(外展)(内收)(撕脱)(粉碎型)(压迫)(脱位)(斜)(分离),Fracture (abduction) (adduction) (avulsion) (comminuted) (compression) (dislocation) (oblique) (separation),T14.2,0.9595723152160645,,,,,
387,3,三踝,trimalleolar,S82.8,0.9545488953590393,,,,,
387,3,三角骨(腕骨楔骨),triquetrum (cuneiform of carpus),S62.1,0.9853285551071167,,,,,
387,3,巴顿,Barton's,S52.5,0.9958951473236084,,,,,
387,3,半月骨，腕,"semilunar bone, wrist",S62.1,0.9934305548667908,,,,,
387,3,爆裂,blow-out,S02.3,0.9812168478965759,,,,,
387,3,背-见骨折，脊椎,"back - see Fracture, vertebra",,0.9646332859992981,,,,,
387,3,贝内特,Bennett's,S62.2,0.9476346373558044,,,,,
387,3,鼻(骨)(鼻中隔),"nose, nasal (bone) (septum)",S02.2,0.9565241932868958,,,,,
387,3,臂,arm,,0.9344073534011841,,,,,
387,4,上,upper,S42.3,0.892914354801178,,,,,
387,5,特指的 NEC,specified NEC,S42.8,0.9461382627487183,,,,,
387,4,意指上肢-见骨折，肢，上,"meaning upper limb - see Fracture, limb, upper",,0.9504329562187195,,,,,
387,3,髌骨,patella,S82.0,0.9769204258918762,,,,,
387,3,柄(胸骨),manubrium (sterni),S22.2,0.99001145362854,,,,,
387,3,病理性(原因不知),pathological (cause unknown),M84.4,0.9801885485649109,,,,,
387,4,伴有骨质疏松症,with osteoporosis,M80.9,0.9861697554588318,,,,,
387,5,失用性,disuse,M80.210,0.9074543118476868,,,,,
387,5,绝经后期,postmenopausal,M80.0,0.9754751920700073,,,,,
387,5,卵巢切除术后,postoophorectomy,M80.1,0.9462237358093262,,,,,
387,5,手术后吸收不良,postsurgical malabsorption,M80.3,0.9993820190429688,,,,,
387,5,特发性,idiopathic,M80.5,0.9962430000305176,,,,,
387,5,特指的NEC,specified NEC,M80.8,0.9360796213150024,,,,,
387,5,药物性,drug-induced,M80.4,0.9806123971939087,,,,,
387,4,由于肿瘤疾病NEC(M8000/1)(另见肿瘤),due to neoplastic disease NEC (M8000/1) (see also Neoplasm),D48.9+ M90.7*,0.9682652950286865,,,,,
387,3,不连接,nonunion,M84.1,0.9593064785003662,,,,,
387,3,尺骨(干),ulna (shaft),S52.2,0.9830439686775208,,,,,
387,4,多发性 NEC,multiple NEC,S52.7,0.9689620733261108,,,,,
387,4,和桡骨,and radius,,0.945992112159729,,,,,
387,5,骨干,shafts,S52.4,0.9013128280639648,,,,,
387,5,下端或远端,lower or distal ends,S52.6,0.991463303565979,,,,,
387,4,喙突,coronoid process,S52.0,0.9837222695350647,,,,,
387,4,上端或近端,upper or proximal end,S52.0,0.9943626523017883,,,,,
387,4,头,head,S52.8,0.8908485770225525,,,,,
387,4,下端(远侧的),lower (distal) end,S52.8,0.9819727540016174,,,,,
388,3,齿突,odontoid process,S12.1,0.9798314571380615,,,,,
388,3,耻骨(联合),"pubis, symphysis pubis",S32.5,0.9871609210968018,,,,,
388,3,粗隆(外)-作为骨折，按部位编码,"tuberosity (external) - code as Fracture, by site",,0.9860043525695801,,,,,
388,3,大多角骨或小多角骨,trapezium or trapezoid bone,S62.1,0.9855453372001648,,,,,
388,3,迪皮特朗,Dupuytren's,S82.6,0.9803078174591064,,,,,
388,3,骶骨,sacrum,S32.1,0.9900906085968018,,,,,
388,3,蝶(骨)(窦),sphenoid (bone) (sinus),S02.1,0.9442701935768127,,,,,
388,3,顶骨(颅),parietal bone (skull),S02.0,0.9568173885345459,,,,,
388,3,多发性,multiple,T02.9,0.9692121744155884,,,,,
388,4,臂,arm,,0.8957535624504089,,,,,
388,5,上,upper,S42.7,0.9174728393554688,,,,,
388,5,意指上肢-见骨折，多发性，肢，上,"meaning upper limb - see Fracture, multiple, limb, upper",,0.9562625885009766,,,,,
388,4,股骨,femur,S72.7,0.9415839314460754,,,,,
388,4,骨盆(和腰椎),pelvis (and lumbar spine),S32.7,0.9644785523414612,,,,,
388,4,脊柱(另见骨折，多发性，椎骨),"spine (see also Fracture, multiple, vertebrae)",T02.1,0.9855689406394958,,,,,
388,4,颈部,neck,S12.7,0.952519953250885,,,,,
388,5,和,with,,0.7715713977813721,,,,,
388,6,身体其他部位,other body regions,T02.8,0.982184112071991,,,,,
388,6,头部,head :0,T02.0,0.9097137451171875,,,,,
388,4,肋骨,ribs,S22.4,0.9825098514556885,,,,,
388,5,和连枷状胸骨,with flail chest,S22.5,0.9893971681594849,,,,,
388,4,颅,skull,S02.7,0.9050848484039307,,,,,
388,5,和面骨,with facial bones,S02.7,0.9435298442840576,,,,,
388,4,面骨(伴有颅),face bone(s) (with skull),S02.7,0.9804747700691223,,,,,
388,4,前臂 NEC,forearm NEC,S52.7,0.9313837885856628,,,,,
388,4,躯干骨 NEC,bones of trunk NEC,T02.1,0.9504116177558899,,,,,
388,5,和,with,,0.7567942142486572,,,,,
388,6,身体其他部位 NEC,other body regions NEC,T02.8,0.958133339881897,,,,,
388,6,四肢,limb(s),T02.7,0.9526302814483643,,,,,
388,4,身体部位 NEC,body regions NEC,T02.8,0.939433217048645,,,,,
388,4,手(和腕)NEC,hand (and wrist) NEC,S62.8,0.9653412103652954,,,,,
388,5,仅手指,fingers alone,S62.7,0.9428470134735107,,,,,
388,4,掌骨,metacarpal bones,S62.4,0.9764344692230225,,,,,
388,4,手指,fingers,S62.7,0.93521648645401,,,,,
388,4,锁骨、肩胛骨和肱骨,"clavicle, scapula and humerus",S42.7,0.9644496440887451,,,,,
388,4,特指的NEC,specified NEC,T02.8,0.9644244909286499,,,,,
388,4,头部,head,S02.7,0.9334074854850769,,,,,
388,5,和,with,,0.7350733876228333,,,,,
388,6,颈部,neck,T02.0,0.9546486735343933,,,,,
388,6,身体其他部位,other body regions,T02.8,0.9697580337524414,,,,,
388,4,腿,leg,,0.8259210586547852,,,,,
388,5,小,lower,S82.7,0.9892277121543884,,,,,
388,5,意指下肢-见骨折，多发性，肢，下,"meaning lower limb - see Fracture, multiple, limb, lower",,0.928817629814148,,,,,
388,4,腕(和手)NEC,wrist (and hand) NEC,S62.8,0.9755632877349854,,,,,
389,4,未特指部位,unspecified sites,T02.9,0.9647108912467957,,,,,
389,4,胸部,thorax,S22.8,0.9397238492965698,,,,,
389,5,和,with,,0.775694727897644,,,,,
389,6,身体其他部位 NEC,other body regions NEC,T02.8,0.9398267865180969,,,,,
389,6,下背和骨盆,lower back and pelvis,T02.1,0.9761947989463806,,,,,
389,6,四肢,limb(s),T02.7,0.8782439827919006,,,,,
389,4,掌骨,metacarpal bones,S62.4,0.9541964530944824,,,,,
389,4,肢,limb,,0.7820436358451843,,,,,
389,5,上(单一),upper (one),T02.2,0.9574205875396729,,,,,
389,6,和,with,,0.8496250510215759,,,,,
389,7,另一上肢,other upper limb,T02.4,0.9638151526451111,,,,,
389,7,下肢,lower limb(s),T02.6,0.9430580139160156,,,,,
389,7,胸部、下背和骨盆,"thorax, lower back and pelvis",T02.7,0.9887265563011169,,,,,
389,5,下(单一),lower (one),T02.3,0.9207442402839661,,,,,
389,6,和,with,,0.7582804560661316,,,,,
389,7,另一下肢,other lower limb,T02.5,0.9392604827880859,,,,,
389,7,上肢,upper limb(s),T02.6,0.9836904406547546,,,,,
389,7,胸部、下背和骨盆,"thorax, lower back and pelvis",T02.7,0.9873887896537781,,,,,
389,4,椎骨,vertebrae,T02.1,0.9577211141586304,,,,,
389,5,颈,cervical,S12.7,0.9428002238273621,,,,,
389,5,胸,thoracic,S22.1,0.979797899723053,,,,,
389,5,腰(和骨盆),lumbar (and pelvis),S32.7,0.9773141145706177,,,,,
389,4,足,foot,S92.7,0.9384570717811584,,,,,
389,3,额(骨)(颅),frontal (bone) (skull),S02.0,0.9555056095123291,,,,,
389,4,窦,sinus,S02.1,0.9722574949264526,,,,,
389,3,腭,palate,S02.8,0.9959430694580078,,,,,
389,3,腓骨(单独)(茎突),fibula (alone) (styloid),S82.4,0.9760429859161377,,,,,
389,4,伴有胫骨-见骨折，胫骨,"with tibia - see Fracture, tibia",,0.9684260487556458,,,,,
389,4,涉及踝或踝骨,involving ankle or malleolus,S82.6,0.9505754709243774,,,,,
389,3,跗骨,"tarsus, tarsal bone(s)",S92.2,0.9947514533996582,,,,,
389,3,跟骨,"calcaneus, heel bone",S92.0,0.9714940786361694,,,,,
389,3,肱骨,humerus,S42.3,0.9780686497688293,,,,,
389,4,近端,proximal end,S42.2,0.9788247346878052,,,,,
389,4,远端,distal end,S42.4,0.9957008361816406,,,,,
389,4,上端或肢,upper end or extremity,S42.2,0.9959567785263062,,,,,
389,4,下端(关节突)或肢,lower end (articular process) or extremity,S42.4,0.9770243167877197,,,,,
389,4,粗隆,tuberosity,S42.2,0.9616563320159912,,,,,
389,4,大粗隆,great tuberosity,S42.2,0.9673860669136047,,,,,
389,4,干,shaft,S42.3,0.9039056301116943,,,,,
389,4,骨骺,epiphysis,,0.8011630773544312,,,,,
389,5,上,upper,S42.2,0.8916819095611572,,,,,
389,5,下,lower,S42.4,0.9166672825813293,,,,,
390,4,关节突,articular process,S42.4,0.9372095465660095,,,,,
390,4,和锁骨，肩胛骨(多发性).,"and clavicle, scapula (multiple) .",S42,0.9789025187492371,,,,,
390,4,踝间,intercondylar,S42.4,0.9657900333404541,,,,,
390,4,解剖颈,anatomical neck,S42.2,0.9168131947517395,,,,,
390,4,髁上,supracondylar,S42.4,0.9359719753265381,,,,,
390,4,内上髁,internal epicondyle,S42.4,0.9417105913162231,,,,,
390,4,外科颈,surgical neck,S42.2,0.9529719352722168,,,,,
390,4,外髁,external condyle,S42.4,0.9576496481895447,,,,,
390,4,小粗隆,lesser tuberosity,S42.2,0.9824813604354858,,,,,
390,3,钩骨,unciform,S62.1,0.9395866394042969,,,,,
390,3,股骨,"femur, femoral",S72.9,0.9809696674346924,,,,,
390,4,产伤,birth injury,P13.2,0.9786179065704346,,,,,
390,4,多发性,multiple,S72.7,0.9836443066596985,,,,,
390,4,干(下1/3)(中1/3)(上1/3),shaft (lower third) (middle third) (upper third),S72.3,0.9682899713516235,,,,,
390,4,骨骺,epiphysis,,0.8668006062507629,,,,,
390,5,头,head,S72.0,0.9114633202552795,,,,,
390,5,上,upper,S72.0,0.9668564796447754,,,,,
390,5,下,lower,S72.4,0.849807858467102,,,,,
390,4,经大转子,"pertrochanteric, transtrochanteric",S72.1,0.982814371585846,,,,,
390,4,经颈段,transcervical,S72.0,0.9769563674926758,,,,,
390,4,颈,neck,S72.0,0.9531731605529785,,,,,
390,4,髁，上踝,"condyles, epicondyles",S72.4,0.9705209732055664,,,,,
390,4,特指的NEC,specified NEC,S72.8,0.9692460298538208,,,,,
390,4,头,head,S72.0,0.8803437352180481,,,,,
390,4,下(端或肢),lower (end or extremity),S72.4,0.9677819609642029,,,,,
390,4,远端,distal end,S72.4,0.9605161547660828,,,,,
390,4,转子间,intertrochanteric,S72.1,0.9583420157432556,,,,,
390,4,转子内,intratrochanteric,S72.1,0.9829729199409485,,,,,
390,4,转子下(部)(段),subtrochanteric (region) (section),S72.2,0.9691233038902283,,,,,
390,3,骨,"bone, os",T14.2,0.9627825617790222,,,,,
390,4,病理性(原因不知)(另见骨折，病理性),"pathological (cause unknown) (see also Fracture, pathological)",M84.4,0.9626332521438599,,,,,
390,4,产伤,birth injury,P13.9,0.9659003019332886,,,,,
390,3,耻,pubis,S32.5,0.9568315744400024,,,,,
390,4,放置矫形外科植入物、关节假体或骨板后,"following insertion of orthopedic implant, joint prosthesis or bone plate",M96.6,0.9745560884475708,,,,,
390,4,跟,calcis,S92.0,0.9624441862106323,,,,,
390,4,见于(由于)肿瘤疾病NEC(M8000/1)(另见肿瘤),in (due to) neoplastic disease NEC (M8000/1) (see also Neoplasm),D48.0+ M90.7*,0.972268283367157,,,,,
390,4,头状,magnum,S62.1,0.909338653087616,,,,,
390,3,骨盆(骨),"pelvis, pelvic (bone)",S32.8,0.9756847023963928,,,,,
390,4,多发性,multiple,S32.7,0.975703239440918,,,,,
390,3,关节盂(腔)(肩胛骨),glenoid (cavity) (scapula),S42.1,0.9923143982887268,,,,,
391,3,颌(骨)(髁)(冠状(突))(支)(联合)(下),jaw (bone) (condyle) (coronoid (process)) (ramus) (symphysis) (lower),S02.6,0.9791005253791809,,,,,
391,4,上,upper,S02.4,0.9021239280700684,,,,,
391,3,横突-见骨折，脊椎,"transverse process - see Fracture, vertebra",,0.9796892404556274,,,,,
391,3,喉,larynx,S12.8,0.9826154708862305,,,,,
391,3,后遗症-见后遗症，骨折,"sequelae - see Sequelae, fracture",,0.9890739321708679,,,,,
391,3,踝(关节)(双踝)(三踝),"ankle, malleolus (bimalleolar) (trimalleolar)",S82.8,0.98629230260849,,,,,
391,4,内侧,medial,S82.5,0.9534664154052734,,,,,
391,4,外侧,lateral,S82.6,0.9672871828079224,,,,,
391,4,距骨,talus,S92.1,0.927753210067749,,,,,
391,3,环状软骨,cricoid cartilage,S12.8,0.9934477806091309,,,,,
391,3,棘突-见骨折，脊椎,"spinous process - see Fracture, vertebra",,0.9897201657295227,,,,,
391,3,脊柱-见骨折，脊椎,"spine - see Fracture, vertebra",,0.9881435632705688,,,,,
391,3,甲状软骨,thyroid cartilage,S12.8,0.9865801930427551,,,,,
391,3,假体装置，内-见并发症，假体装置，按部位，机械性,"prosthetic device, internal - see Complications, prosthetic device, by site, mechanical",,0.9831972718238831,,,,,
391,3,肩(带),shoulder (girdle),S42.9,0.9685040712356567,,,,,
391,4,板,blade,S42.1,0.894206166267395,,,,,
391,4,特指的 NEC,specified NEC,S42.8,0.9569275975227356,,,,,
391,3,肩峰(突),acromion (process),S42.1,0.9920175075531006,,,,,
391,3,肩胛(肩峰突)(体)(关节盂(腔))(颈),scapula (acromial process) (body) (glenoid (cavity)) (neck),S42.1,0.9702085256576538,,,,,
391,4,伴有肩和上臂其他骨的,with other bone(s) of shoulder and upper arm,S42.7,0.9713988304138184,,,,,
391,3,剑突,"xiphisternum, xiphoid (process)",S22.2,0.9892400503158569,,,,,
391,3,脚趾(除外大趾),toe (except great),S92.5,0.9893226623535156,,,,,
391,4,大,great,S92.4,0.9052698016166687,,,,,
391,3,胫骨(干)(伴有腓骨),tibia (shaft)(with fibula),S82.2,0.9570164084434509,,,,,
391,4,近端,proximal end,S82.1,0.9744044542312622,,,,,
391,4,远端,distal end,S82.3,0.990376353263855,,,,,
391,4,上端或肢,upper end or extremity,S82.1,0.9633887410163879,,,,,
391,4,下端(伴有腓骨),lower end (with fibula),S82.3,0.9632230401039124,,,,,
391,4,粗隆,tuberosity,S82.1,0.9671934843063354,,,,,
391,4,骨骺,epiphysis,,0.7707802057266235,,,,,
391,4,踝间隆起,intercondyloid eminence,S82.1,0.9734745621681213,,,,,
391,4,髁,condyles,S82.1,0.9531799554824829,,,,,
391,4,涉及踝或踝骨,involving ankle or malleolus,S82.5,0.981752336025238,,,,,
391,4,头(涉及膝关节),head (involving knee joint),S82.1,0.9681858420372009,,,,,
391,3,颈(另见骨折，脊椎，颈),"cervical, neck (see also Fracture, vertebra, cervical)",S12.9,0.9823649525642395,,,,,
391,3,距骨(踝骨),"astragalus, talus (ankle bone)",S92.1,0.9939773678779602,,,,,
391,3,柯莱斯(反向性),Colles' (reversed),S52.5,0.9663428664207458,,,,,
391,3,髁上，肘,"supracondylar, elbow",S42.4,0.9820555448532104,,,,,
391,3,髋(另见骨折，股骨，颈),"hip (see also Fracture, femur, neck)",S72.0,0.992112398147583,,,,,
391,3,髋臼,acetabulum,S32.4,0.9856063723564148,,,,,
392,3,眶(骨)(区),"orbit, orbital (bone) (region)",S02.8,0.9969214200973511,,,,,
392,4,底(爆裂),floor (blow-out),S02.3,0.9830105900764465,,,,,
392,4,顶,roof,S02.1,0.900797426700592,,,,,
392,3,肋骨,rib,S22.3,0.945353090763092,,,,,
392,4,多发性,multiple,S22.4,0.9144123196601868,,,,,
392,5,伴有连枷状胸骨,with flail chest,S22.5,0.9428536891937256,,,,,
392,4,和连枷状胸骨,with flail chest,S22.5,0.9688867926597595,,,,,
392,3,肋软骨、肋胸骨连接处,"costochondral, costosternal junction",S22.3,0.9781290888786316,,,,,
392,4,多发性,multiple,S22.4,0.9831397533416748,,,,,
392,5,和连枷状胸骨,with flail chest,S22.5,0.9616231322288513,,,,,
392,3,犁(骨),vomer (bone),S02.2,0.9436554312705994,,,,,
392,3,连接不正,malunion,M84.0,0.9734432697296143,,,,,
392,3,颅,skull,S02.9,0.9747303128242493,,,,,
392,4,产伤,birth injury,P13.0,0.943368136882782,,,,,
392,4,底,base,S02.1,0.9672025442123413,,,,,
392,4,顶骨,parietal bone,S02.0,0.9672641754150391,,,,,
392,4,额骨,frontal bone,S02.0,0.9531584978103638,,,,,
392,4,和面骨(多发性),with face bone(s) (multiple),S02.7,0.9842906594276428,,,,,
392,4,穹隆,vault,S02.0,0.9653511047363281,,,,,
392,3,颅凹(前)(中)(后),fossa (anterior) (middle) (posterior),S02.1,0.982609212398529,,,,,
392,3,颅底,base of skull,S02.1,0.9677131175994873,,,,,
392,3,颅骨穹隆,vault of skull,S02.0,0.9973053932189941,,,,,
392,3,马尔盖涅,Malgaigne's,S32.7,0.9456514120101929,,,,,
392,3,蒙泰贾[尺骨骨干骨折兼桡骨头脱位],Monteggia's,S52.0,0.9928960204124451,,,,,
392,3,面骨,face bone,S02.9,0.9922645092010498,,,,,
392,4,和颅骨(多发性),with skull bone(s) (multiple),S02.7,0.9813960194587708,,,,,
392,4,特指的 NEC,specified NEC,S02.8,0.9582166075706482,,,,,
392,3,拇指(一只手的),thumb (of one hand),S62.5,0.9576521515846252,,,,,
392,3,跨趾,hallux,S92.4,0.8836144208908081,,,,,
392,3,颞骨(茎突),temporal bone (styloid),S02.1,0.9587872624397278,,,,,
392,3,疲劳,fatigue,M84.3,0.9501217603683472,,,,,
392,4,脊椎,vertebra,M48.4,0.9616850018501282,,,,,
392,3,气管(软骨),trachea (cartilage),S12.8,0.9865379929542542,,,,,
392,3,髂骨,ilium,S32.3,0.9667887091636658,,,,,
392,3,前臂,forearm,S52.9,0.9803842306137085,,,,,
392,4,多发性,multiple,S52.7,0.9689916372299194,,,,,
392,4,特指的 NEC,specified NEC,S52.8,0.9577024579048157,,,,,
392,3,嵌塞、嵌顿性-作为骨折，按部位编码,"impaction, impacted - code as Fracture, by site",,0.9965503215789795,,,,,
392,3,青枝型-见骨折，按部位,"greenstick - see Fracture, by site",,0.9959170818328857,,,,,
392,3,躯干(多发性),trunk (multiple),T02.1,0.9594398140907288,,,,,
392,4,和四肢(多发性),with limb(s) (multiple),T02.7,0.9682954549789429,,,,,
392,3,颧骨,"malar bone, zygoma",S02.4,0.9609078764915466,,,,,
393,3,桡骨,radius,S52.8,0.9906814694404602,,,,,
393,4,上端或近端,upper or proximal end,S52.1,0.9322453141212463,,,,,
393,4,下端或远端,lower or distal end,S52.5,0.9819108843803406,,,,,
393,4,多发性 NEC,multiple NEC,S52.7,0.9462024569511414,,,,,
393,4,干,shaft,S52.3,0.9108787775039673,,,,,
393,4,和尺骨,and ulna,S52.7,0.9666398763656616,,,,,
393,5,骨干,shafts,S52.4,0.9135362505912781,,,,,
393,5,下端或远端,lower or distal ends,S52.6,0.9692506194114685,,,,,
393,4,颈,neck,S52.1,0.876064121723175,,,,,
393,4,头,head,S52.1,0.8963744640350342,,,,,
393,3,筛(骨)(窦),ethmoid (bone) (sinus),S02.1,0.9788395166397095,,,,,
393,3,上颌骨、上颌窦,"maxilla, maxillary (bone) (sinus) (superior) (upper jaw)",S02.4,0.9547334909439087,,,,,
393,4,下,inferior,S02.6,0.910152792930603,,,,,
393,3,舌骨,hyoid bone,S12.8,0.9343519806861877,,,,,
393,3,神经弓-见骨折，脊椎,"neural arch - see Fracture, vertebra",,0.9789292812347412,,,,,
393,3,史密斯[桡骨下端骨折],Smith's,S52.5,0.9955679178237915,,,,,
393,3,手NEC,hand NEC,S62.8,0.9788365960121155,,,,,
393,4,腕骨(头状骨)(钩状骨)(月骨),carpal (capitate) (hamate) (lunate),S62.1,0.9589129686355591,,,,,
393,5,特指的NEC,specified NEC,S62.1,0.9403126239776611,,,,,
393,5,舟状(舟骨),navicular (scaphoid),S62.0,0.9822983741760254,,,,,
393,4,掌骨,metacarpal,S62.3,0.9701745510101318,,,,,
393,5,第一,first,S62.2,0.8729761242866516,,,,,
393,5,多发性,multiple,S62.4,0.966132402420044,,,,,
393,5,特指的 NEC,specified NEC,S62.3,0.9234284162521362,,,,,
393,4,指[趾]骨,phalanx,S62.6,0.9726786613464355,,,,,
393,4,舟状骨(舟状，手),"scaphoid (navicular, hand)",S62.0,0.9644894599914551,,,,,
393,3,手指(除外拇指),finger (except thumb),S62.6,0.9810166954994202,,,,,
393,4,多发性(一只手),multiple (of one hand),S62.7,0.9709223508834839,,,,,
393,3,枢椎,axis,S12.1,0.9770985245704651,,,,,
393,3,双踝,bimalleolar,S82.8,0.9748620986938477,,,,,
393,3,锁骨(肩峰端)(韧带间)(干),"clavicle, collar bone (acromial end) (interligamentous) (shaft)",S42.0,0.9886756539344788,,,,,
393,4,产伤,birth injury,P13.4,0.9888279438018799,,,,,
393,4,和其他骨或肩及上臂,with other bone(s) or shoulder and upper arm,S42.7,0.9831368327140808,,,,,
393,3,桶柄状(半月软骨)-见撕裂，半月板,"bucket handle (semilunar cartilage) - see Tear, meniscus",,0.9747059345245361,,,,,
393,3,头顶,vertex,S02.0,0.9687765836715698,,,,,
393,3,头颅-见骨折，颅,"cranium - see Fracture, skull",,0.9636692404747009,,,,,
393,3,骰骨(踝),cuboid (ankle),S92.2,0.940214991569519,,,,,
393,3,腿,leg,,0.9926316738128662,,,,,
393,4,小,lower,S82.9,0.8738133907318115,,,,,
393,5,多发性,multiple,S82.7,0.9555805325508118,,,,,
393,4,意指下肢-见骨折，肢，下,"meaning lower limb - see Fracture, limb, lower",,0.9446537494659424,,,,,
393,3,豌豆骨,pisiform,S62.1,0.9740646481513977,,,,,
394,3,晚期效应-见后遗症，骨折,"late effects - see Sequelae, fracture",,0.9830362200737,,,,,
394,3,腕部 NEC,wrist NEC,S62.8,0.9462893009185791,,,,,
394,3,腕骨 NEC,carpal bone(s) NEC,S62.1,0.9648776054382324,,,,,
394,3,尾骨,coccyx,S32.2,0.9696220755577087,,,,,
394,3,无名动脉骨,innominate bone,S32.3,0.9859388470649719,,,,,
394,3,膝盖,knee cap,S82.0,0.9862343668937683,,,,,
394,3,下颌骨(髁)(下颌),mandible (condylar) (lower jaw),S02.6,0.9598906636238098,,,,,
394,3,楔骨,cuneiform,,0.9603366851806641,,,,,
394,4,腕,wrist,S62.1,0.9172461032867432,,,,,
394,4,足,foot,S92.2,0.9566830396652222,,,,,
394,3,斜边(池状)[颅顶盖骨的凹陷骨折].,pond,S02.9,0.9748243093490601,,,,,
394,3,行军性,march,S92.3,0.9529735445976257,,,,,
394,3,胸部(骨性),thorax (bony),S22.9,0.9544354677200317,,,,,
394,4,特指的 NEC,specified NEC,S22.8,0.9716116786003113,,,,,
394,3,胸骨,sternum,S22.2,0.9594564437866211,,,,,
394,4,伴有连枷状胸骨,with flail chest,S22.5,0.9713810086250305,,,,,
394,3,牙槽,alveolus,S02.8,0.9806223511695862,,,,,
394,3,牙根,"root, tooth",S02.5,0.9592882990837097,,,,,
394,3,延迟愈合,delayed union,M84.2,0.9962282180786133,,,,,
394,3,腰骶部脊柱,lumbosacral spine,S32.8,0.9987073540687561,,,,,
394,3,腰椎,lumbar spine,S32.0,0.9861759543418884,,,,,
394,4,伴有骨盆(多发性),with pelvis (multiple),S32.7,0.9833759069442749,,,,,
394,3,鹰嘴(突)(尺骨),olecranon (process) (ulna),S52.0,0.9884395003318787,,,,,
394,3,应力,stress,M84.3,0.9699757695198059,,,,,
394,4,脊椎,vertebra,M48.4,0.975001335144043,,,,,
394,3,由于产伤-见产伤，骨折,"due to birth injury - see Birth injury, fracture",,0.9874480366706848,,,,,
394,3,愈合或陈旧性，伴有并发症- 见并发症的性质,healed or old with complications - see Nature of the complication,,0.972903311252594,,,,,
394,3,掌骨,metacarpal,S62.3,0.9550417065620422,,,,,
394,4,第一,first,S62.2,0.9102022647857666,,,,,
394,4,多发性,multiple,S62.4,0.9919105768203735,,,,,
394,4,特指的 NEC,specified NEC,S62.3,0.9724835157394409,,,,,
394,3,掌骨(拇指的),stave (of thumb),S62.2,0.9369586706161499,,,,,
394,3,枕骨,occiput,S02.1,0.9628992080688477,,,,,
394,3,支,ramus,,0.967771053314209,,,,,
394,4,下颌骨,mandible,S02.6,0.9313318133354187,,,,,
394,4,下或上，耻骨,"inferior or superior, pubis",S32.5,0.9402784109115601,,,,,
394,3,肢,limb,,0.9247585535049438,,,,,
394,4,上,upper,T10,0.9340393543243408,,,,,
394,5,多发性(同一肢)NEC,multiple (same limb) NEC,T02.2,0.9533264636993408,,,,,
394,5,双,both,T02.4,0.8995278477668762,,,,,
394,4,下,lower,T12,0.846311092376709,,,,,
394,5,多发性(同一肢)NEC,multiple (same limb) NEC,T02.3,0.9759343266487122,,,,,
394,5,双,both,T02.5,0.9399695992469788,,,,,
395,3,跖骨,metatarsal bone,S92.3,0.9705969095230103,,,,,
395,3,指[趾]骨,phalanx,,0.9936015009880066,,,,,
395,4,脚趾(除外大趾)(另见骨折，趾).,"toe (except great) (see also Fracture, toe)",S92.5,0.9576694369316101,,,,,
395,4,足,foot,S92.5,0.9215981960296631,,,,,
395,3,肿瘤性NEC(M8000/1)(另见肿瘤),neoplastic NEC (M8000/1) (see also Neoplasm),D48.9+ M90.7*,0.9619607329368591,,,,,
395,3,舟状(舟骨，足),"navicular (scaphoid, foot)",S92.2,0.989634096622467,,,,,
395,3,舟状骨(手),scaphoid (hand),S62.0,0.9534139037132263,,,,,
395,4,足,foot,S92.2,0.8596912622451782,,,,,
395,4,手,hand,S62.0,0.8591727018356323,,,,,
395,3,肘,elbow,S52.0,0.9369120597839355,,,,,
395,3,转移性(M8000/6),metastatic (M8000/6),C79.5+ M90.7*,0.9702337980270386,,,,,
395,4,脊椎,vertebra,C79.5+ M49.5*,0.9833730459213257,,,,,
395,3,转子(大)(小),trochanter (greater) (lesser),S72.1,0.9785507917404175,,,,,
395,3,椎弓根-见骨折，脊椎,"pedicle (of vertebral arch) - see Fracture, vertebra",,0.9798738360404968,,,,,
395,3,椎骨(背)(体)(柱)(神经弓)(弓根)(棘突)(横突),"vertebra, vertebral (back) (body) (column) (neural arch) (pedicle) (spinous process) (transverse process)",T08,0.9942946434020996,,,,,
395,4,背,dorsal,S22.0,0.9031418561935425,,,,,
395,5,多发性,multiple,S22.1,0.9239130020141602,,,,,
395,4,产伤,birth injury,P11.5,0.9784366488456726,,,,,
395,4,骶骨,sacrum,S32.1,0.956691324710846,,,,,
395,4,寰椎,atlas,S12.0,0.9844977259635925,,,,,
395,4,颈椎(泪滴型),cervical (teardrop),S12.9,0.9806947708129883,,,,,
395,5,第一(寰椎),first (atlas),S12.0,0.983930766582489,,,,,
395,5,第二(枢椎),second (axis),S12.1,0.9532878398895264,,,,,
395,5,多发性,multiple,S12.7,0.9677231311798096,,,,,
395,5,枢椎,axis,S12.1,0.9210712909698486,,,,,
395,5,特指的 NEC,specified NEC,S12.2,0.9454308748245239,,,,,
395,4,枢椎,axis,S12.1,0.9817315340042114,,,,,
395,4,胎儿或新生儿(产伤),fetus or newborn (birth injury),P11.5,0.9713513255119324,,,,,
395,4,尾骨,coccyx,S32.2,0.9665654301643372,,,,,
395,4,胸,thoracic,S22.0,0.9546712040901184,,,,,
395,5,多发性,multiple,S22.1,0.9443041086196899,,,,,
395,4,腰,lumbar,S32.0,0.9812115430831909,,,,,
395,5,多发性,multiple,S32.7,0.9748371243476868,,,,,
395,4,转移性(M8000/6),metastatic(M8000/6),C79.5+ M49.5*,0.9857674241065979,,,,,
395,3,籽骨,sesamoid bone,,0.9892357587814331,,,,,
395,4,其他-作为骨折，按部位编码,"other - code as Fracture, by site",,0.9742305874824524,,,,,
395,4,手,hand,S62.1,0.8830381035804749,,,,,
395,4,足,foot,S92.4,0.9339553117752075,,,,,
395,3,自发性(原因不知)(另见骨折，病理性),"spontaneous (cause unknown) (see also Fracture, pathological)",M84.4,0.9790114760398865,,,,,
395,3,足,foot,S92.9,0.9896274209022522,,,,,
395,4,多发性,multiple,S92.7,0.9800485372543335,,,,,
395,3,坐骨,ischium,S32.8,0.9925506711006165,,,,,
396,2,骨质溶解,Osteolysis,M89.5,0.9576822519302368,,,,,
396,2,骨质疏松症,Osteoporosis,M81.9,0.9868220090866089,,,,,
396,3,伴有病理性骨折,with pathological fracture,M80.9,0.9617201089859009,,,,,
396,3,创伤后,post-traumatic,M81.8,0.9742621183395386,,,,,
396,4,伴有病理性骨折,with pathological fracture,M80.8,0.9654777646064758,,,,,
396,3,见于(由于),in (due to),,0.9894371032714844,,,,,
396,4,多发性骨髓瘤病(M9732/3),multiple myelomatosis (M9732/3),C90.0+ M82.0*,0.9856388568878174,,,,,
396,4,内分泌病NEC,endocrine disease NEC,E34.9+ M82.1*,0.9738121628761292,,,,,
396,3,局限性(勒凯纳),localized (Lequesne),M81.6,0.9807267785072327,,,,,
396,3,绝经后期,postmenopausal,M81.0,0.9942580461502075,,,,,
396,4,伴有病理性骨折,with pathological fracture,M80.0,0.9599228501319885,,,,,
396,3,老年性,senile,M81.8,0.9238683581352234,,,,,
396,4,伴有病理性骨折,with pathological fracture,M80.8,0.9636819362640381,,,,,
396,3,卵巢切除术后,postoophorectomy,M81.1,0.9579967856407166,,,,,
396,4,伴有病理性骨折,with pathological fracture,M80.1,0.9584020972251892,,,,,
396,3,失用性,disuse,M81.2,0.9896370768547058,,,,,
396,4,伴有病理性骨折,with pathological fracture,M80.2,0.9703571200370789,,,,,
396,3,手术后吸收不良,postsurgical malabsorption,M81.3,0.9946359395980835,,,,,
396,4,伴有病理性骨折,with pathological fracture,M80.3,0.9708037972450256,,,,,
396,3,特发性,idiopathic,M81.5,0.9896273016929626,,,,,
396,4,伴有病理性骨折,with pathological fracture,M80.5,0.9870394468307495,,,,,
396,3,特指的NEC,specified NEC,M81.8,0.9463361501693726,,,,,
396,4,伴有病理性骨折,with pathological fracture,M80.8,0.9922320246696472,,,,,
396,3,药物性,drug-induced,M81.4,0.9934656620025635,,,,,
396,4,伴有病理性骨折,with pathological fracture,M80.4,0.9910292029380798,,,,,
396,2,骨赘,Osteophyte,M25.7,0.9805190563201904,,,,,
396,1,gǔ 鼓,,,0.9995062351226807,,,,,
396,2,鼓膜炎,Myringitis,H73.8,0.984816312789917,,,,,
396,3,急性,acute,H73.0,0.9400064945220947,,,,,
396,3,慢性,chronic,H73.1,0.9736901521682739,,,,,
396,3,伴有中耳炎-见耳炎，中,"with otitis media - see Otitis, media",,0.987707257270813,,,,,
396,3,大疱性,bullous,H73.0,0.9890586137771606,,,,,
396,2,鼓室的 - 见情况,Tympanum - see condition,,0.9184982776641846,,,,,
396,2,鼓室炎,Tympanitis,H73.8,0.9865435361862183,,,,,
396,3,急性,acute,H73.0,0.9760064482688904,,,,,
396,3,慢性,chronic,H73.1,0.9573035836219788,,,,,
396,3,伴有中耳炎-见耳炎，中,with otitis media - see Otitis media,,0.9846031069755554,,,,,
396,2,鼓室硬化,Tympanosclerosis,H74.0,0.985925018787384,,,,,
397,1,gù 固,,,0.9704667329788208,,,,,
397,2,固定,Fixation,,0.999974250793457,,,,,
397,3,镫骨,stapes,H74.3,0.9624797701835632,,,,,
397,4,"聋(另见聋,传导性)","deafness (see also Deafness, conductive)",H90.2,0.9656425714492798,,,,,
397,3,关节 -见关节强硬,joint - see Ankylosis,,0.9548922777175903,,,,,
397,3,喉,larynx,J38.7,0.9617878794670105,,,,,
397,3,声带,vocal cord,J38.3,0.9754761457443237,,,,,
397,3,子宫(后天性)-见错位，子宫,"uterus (acquired) - see Malposition, uterus",,0.9843443632125854,,,,,
397,1,gù 故,,,0.9690669775009155,,,,,
397,2,故障,Malfunction,,0.9999030828475952,,,,,
397,3,导管装置NEC,catheter device NEC,T85.6,0.9730232954025269,,,,,
397,4,泌尿系，留置的,"urinary, indwelling",T83.0,0.9783846735954285,,,,,
397,4,输注NEC,infusion NEC,T82.5,0.9636708498001099,,,,,
397,5,脊髓(硬膜外)(硬膜下),spinal (epidural) (subdural),T85.6,0.9607428312301636,,,,,
397,4,透析(肾)(血管),dialysis (renal) (vascular),T82.4,0.9639105796813965,,,,,
397,5,腹膜内,ntraperitoneal,T85.6,0.9715579748153687,,,,,
397,3,假体装置，内-见并发症，假体装置，按部位，机械性,"prosthetic device, internal - see Complications, prosthetic device, by site, mechanical",,0.9837521910667419,,,,,
397,3,泌尿系装置 NEC,urinary device NEC,T83.1,0.9561693668365479,,,,,
397,3,起搏器,pacemaker,T82.1,0.9606238603591919,,,,,
397,3,心脏起搏器(电极)(脉冲发生器),cardiac pacemaker (electrode(s)) (pulse generator),T82.1,0.9936835169792175,,,,,
397,1,guā 瓜,,,0.9998653531074524,,,,,
397,2,瓜氨酸尿,Citrullinuria,E72.2,0.9998705983161926,,,,,
397,2,瓜氨酸血症,Citrullinemia,E72.2,0.9771058559417725,,,,,
397,1,guān 关,,,0.9888256192207336,,,,,
397,2,关闭不全,"Incompetency, Incompetent, Insufficiency, Insufficient",,0.9994675517082214,,,,,
397,3,二尖瓣,mitral (valve),I34.0,0.9472548365592957,,,,,
397,4,伴有,with,,0.8006272912025452,,,,,
397,5,三尖瓣疾病(未特指病因),tricuspid (valve) disease (unspecified origin),I08.1,0.9153830409049988,,,,,
397,6,和主动脉(瓣)疾病(未特指病因),with aortic (valve) disease (unspecified origin),I08.3,0.9639773368835449,,,,,
397,5,主动脉瓣疾病(未特指病因),aortic valve disease (unspecified origin),I08.0,0.9779992699623108,,,,,
397,6,和三尖瓣疾病(未特指病因),with tricuspid (valve) disease (unspecified origin),I08.3,0.9657339453697205,,,,,
397,5,阻塞或狭窄,obstruction or stenosis,I05.2,0.9614821672439575,,,,,
397,6,和主动脉瓣疾病(未特指病因),with aortic valve disease (unspecified origin),I08.0,0.969009518623352,,,,,
398,4,风湿性,rheumatic,I05.1,0.9697454571723938,,,,,
398,5,三尖瓣疾病,tricuspid (valve) disease,I08.1,0.9708112478256226,,,,,
398,6,和主动脉(瓣)疾病,with aortic (valve) disease,I08.3,0.901521623134613,,,,,
398,5,主动脉瓣疾病,aortic valve disease,I08.0,0.9650144577026367,,,,,
398,6,和三尖瓣疾病,with tricuspid (valve) disease,I08.3,0.9587602019309998,,,,,
398,5,阻塞或狭窄,obstruction or stenosis,I05.2,0.9518982172012329,,,,,
398,5,和主动脉瓣疾病,with aortic valve disease,I08.0,0.9775044918060303,,,,,
398,6,及三尖瓣疾病,with tricuspid (valve) disease,I08.3,0.9409506320953369,,,,,
398,5,活动性或急性,active or acute,I01.1,0.9551966190338135,,,,,
398,6,伴有舞蹈症，风湿性(西德纳姆),"with chorea, rheumatic (Sydenham's)",I02.0,0.9581813216209412,,,,,
398,4,特指的原因，除外风湿性,"specified cause, except rheumatic",I34.0,0.9803344011306763,,,,,
398,4,先天性,congenital,Q23.3,0.9820407629013062,,,,,
398,3,三尖瓣(风湿性),tricuspid (valve) (rheumatic),I07.1,0.9678613543510437,,,,,
398,4,伴有,with,,0.7276352047920227,,,,,
398,5,二尖瓣疾病(未特指病因),mitral (valve) disease (unspecified origin),I08.1,0.9832287430763245,,,,,
398,6,和主动脉(瓣)疾病(未特指病因),with aortic (valve) disease (unspecified origin),I08.3,0.9719868302345276,,,,,
398,5,主动脉(瓣)疾病(未特指病因),aortic (valve) disease (unspecified origin),I08.2,0.9799357652664185,,,,,
398,6,和二尖瓣疾病(未特指病因),with mitral (valve) disease (unspecified origin),I08.3,0.9776930809020996,,,,,
398,5,阻塞或狭窄,obstruction or stenosis,I07.2,0.9567426443099976,,,,,
398,6,和主动脉(瓣)疾病(未特指病因),with aortic (valve) disease (unspecified origin),I08.2,0.9648082256317139,,,,,
398,7,及二尖瓣疾病(未特指病因),with mitral (valve) disease (unspecified origin),I08.3,0.943440318107605,,,,,
398,4,非风湿性,nonrheumatic,I36.1,0.9821092486381531,,,,,
398,5,伴有狭窄,with stenosis,I36.2,0.9737060070037842,,,,,
398,4,先天性,congenital,Q22.8,0.9657778143882751,,,,,
398,3,瓣膜(心脏)(另见心内膜炎),"valve, valvular (heart) (see also Endocarditis)",I38,0.9823554754257202,,,,,
398,4,先天性,congenital,Q24.8,0.9776303768157959,,,,,
398,3,肺(心脏)瓣膜,pulmonary valve (heart),I37.1,0.9728242754936218,,,,,
398,4,瓣膜,valve,I37.1,0.9838501214981079,,,,,
398,5,伴有狭窄,with stenosis,I37.2,0.9368206858634949,,,,,
398,4,风湿性,rheumatic,I09.8,0.9176071882247925,,,,,
398,3,伴有主动脉、二尖瓣或三尖瓣疾病,"with aortic, mitral or tricuspid (valve) disease",I08.8,0.9695115685462952,,,,,
398,3,先天性,congenital,Q22.2,0.9902446866035461,,,,,
398,3,环状,annular,,0.9845423698425293,,,,,
398,4,二尖(瓣),mitral (valve),I34.0,0.9237884879112244,,,,,
398,4,肺(心脏)瓣膜,pulmonary valve (heart),I37.1,0.9837594628334045,,,,,
398,4,主动脉(瓣)(另见关闭不全，主动脉),"aortic (valve) (see also Insufficiency, aortic)",I35.1,0.971220850944519,,,,,
398,3,心脏瓣膜-见心内膜炎,cardiac valve - see Endocarditis,,0.9851580262184143,,,,,
398,4,瓣膜(另见心内膜炎),valve (see also Endocarditis),I38,0.9573673605918884,,,,,
399,3,主动脉(瓣),aortic (valve),I35.1,0.9723791480064392,,,,,
399,4,伴有,with,,0.7746753692626953,,,,,
399,5,二尖瓣疾病(未特指病因),mitral (valve) disease (unspecified origin),I08.0,0.9729984998703003,,,,,
399,6,和三尖瓣疾病(未特指病因),with tricuspid (valve) disease (unspecified origin),I08.3,0.9718021750450134,,,,,
399,5,三尖瓣疾病(未特指病因),tricuspid (valve) disease (unspecified origin),I08.2,0.9805015921592712,,,,,
399,6,和二尖瓣疾病(未特指病因),with mitral (valve) disease (unspecified origin),I08.3,0.9703731536865234,,,,,
399,5,狭窄,stenosis,I35.2,0.961379885673523,,,,,
399,4,风湿性(伴有),rheumatic (with),I06.1,0.950413703918457,,,,,
399,5,二尖瓣疾病,mitral (valve) disease,I08.0,0.9335331320762634,,,,,
399,6,和三尖瓣疾病,with tricuspid (valve) disease,I08.3,0.9630834460258484,,,,,
399,5,三尖瓣疾病,icuspid (valve) disease,I08.2,0.9883720278739929,,,,,
399,6,和二尖瓣疾病,with mitral (valve) disease,I08.3,0.9401509165763855,,,,,
399,5,狭窄,stenosis,I06.2,0.9534100294113159,,,,,
399,6,伴有二尖瓣疾病,with mitral (valve) disease,I08.0,0.9750069975852966,,,,,
399,7,和三尖瓣疾病,with tricuspid (valve) disease,I08.3,0.9494744539260864,,,,,
399,4,梅毒性,syphilitic,A52.0+ I39.1*,0.9233464598655701,,,,,
399,4,特指的原因 NEC,specified cause NEC,I35.1,0.974450945854187,,,,,
399,4,先天性,congenital,Q23.1,0.9685865044593811,,,,,
399,2,关节 -另见情况,Joint - see also condition,,0.9453476667404175,,,,,
399,3,鼠,mice,M24.0,0.9599323868751526,,,,,
399,4,膝,knee,M23.4,0.983564019203186,,,,,
399,2,关节病(非炎症性)(变形性)(变性性),Arthrosis (deformans) (degenerative),M19.9,0.9914807677268982,,,,,
399,3,原发性NEC,primary NEC,M19.0,0.975911557674408,,,,,
399,3,继发性NEC,secondary NEC,M19.2,0.9506314992904663,,,,,
399,4,多发性,multiple,M15.3,0.9104074239730835,,,,,
399,3,创伤后 NEC,post-traumatic NEC,M19.1,0.9603844881057739,,,,,
399,3,第一腕掌关节,first carpometacarpal joint,M18.9,0.9973660111427307,,,,,
399,4,原发性(单侧),primary (unilateral),M18.1,0.9760114550590515,,,,,
399,5,双侧,bilateral,M18.0,0.9803601503372192,,,,,
399,4,继发性 NEC(单侧),secondary NEC (unilateral),M18.5,0.9649985432624817,,,,,
399,5,双侧,bilateral,M18.4,0.9037588238716125,,,,,
399,4,创伤后(单侧),post-traumatic (unilateral),M18.3,0.986669659614563,,,,,
399,5,双侧,bilateral,M18.2,0.9646453857421875,,,,,
399,3,多关节,polyarticular,M15.9,0.9667273759841919,,,,,
399,3,关节NEC,joint NEC,,0.9886100888252258,,,,,
399,4,原发性,primary,M19.0,0.9709075689315796,,,,,
399,4,继发性 NEC,secondary NEC,M19.2,0.9144611358642578,,,,,
399,4,创伤后,post-traumatic,M19.1,0.9564452767372131,,,,,
399,3,脊柱,spine,M47.9,0.9787049889564514,,,,,
399,3,局部性,localized,M19.9,0.9784113168716431,,,,,
399,3,髋 -见髋关节病,hip - see Coxarthrosis,,0.9498545527458191,,,,,
399,3,糜烂性,erosive,M15.4,0.9849796295166016,,,,,
399,3,全身性，原发性,"generalized, primary",M15.0,0.9804927110671997,,,,,
399,3,特指的 NEC,specified NEC,M19.8,0.9379720091819763,,,,,
399,3,膝-见膝关节病,knee - see Gonarthrosis,,0.9754605293273926,,,,,
400,2,关节病(炎症性)(另见 关节炎),Arthropathy (see also Arthritis),M13.9,0.9756235480308533,,,,,
400,3,肠旁路术后,following intestinal bypass,M02.0,0.9870267510414124,,,,,
400,3,创伤性,traumatic,M12.5,0.9760197401046753,,,,,
400,3,反应性,reactive,M02.9,0.9630728960037231,,,,,
400,4,感染性心内膜炎中的,in infective endocarditis,M03.6* I33.0+,0.9490624070167542,,,,,
400,4,特指的 NEC,specified NEC,M02.8,0.9775499701499939,,,,,
400,3,肺性骨,osteopulmonary,M89.4,0.9890771508216858,,,,,
400,3,风湿病后，慢性(雅库),"postrheumatic, chronic (Jaccoud)",M12.0,0.9757484197616577,,,,,
400,3,感染后NEC,postinfectious NEC,B99+ M03.2*,0.9692336916923523,,,,,
400,4,见于(由于),—in (due to),,0.8743021488189697,,,,,
400,5,病毒性肝炎 NEC,viral hepatitis NEC,B19.9+ M03.2*,0.9475930333137512,,,,,
400,5,梅毒,syphilis,A52.7+ M03.1*,0.949077844619751,,,,,
400,5,由于小肠结肠炎耶尔森菌引起的肠炎,enteritis due to Yersinia enterocolitica,A04.6+ M03.2*,0.9734413623809814,,,,,
400,3,环杓软骨,crycoarytenoid,J38.7,0.9831329584121704,,,,,
400,3,脊髓空洞症性,syringomyelic,G95.0+ M49.4*,0.9734061360359192,,,,,
400,3,脊髓痨性,"tabes dorsalis, tabetic",A52.1+ M14.6*,0.9652511477470398,,,,,
400,3,见于(由于),in (due to),,0.993438720703125,,,,,
400,4,白血病NEC(M9800/3),leukemia NEC (M9800/3),C95.9+ M36.1*,0.9665136337280273,,,,,
400,4,病毒性肝炎(感染后)NEC,viral hepatitis (postinfectious) NEC,B19.9+ M03.2*,0.9763765335083008,,,,,
400,4,肠病性NEC,enteropathic NEC,K52.9+ M07.6*,0.9684132933616638,,,,,
400,5,传染性NEC*,infectious NEC *,A09.0+ M03,0.954596757888794,,,,,
400,4,肠炎 NEC *,enteritis NEC *,A09.9+ M03,0.9284393191337585,,,,,
400,5,传染性NEC*,infectious NEC *,A09.0+ M03,0.9838783144950867,,,,,
400,4,代谢性疾患NEC,metabolic disorder NEC,E88.9+ M14.5*,0.9680742025375366,,,,,
400,4,淀粉样变,amyloidosis,E85 M14.4*,0.9739474058151245,,,,,
400,4,多发性骨髓瘤(M9732/3),multiple myeloma (M9732/3),C90.0+ M36.1*,0.9713394045829773,,,,,
400,4,恶性组织细胞增多病(M9720/3),malignant histiocytosis(M9720/3),C96.1+ M36.1*,0.987041711807251,,,,,
400,4,感染性心内膜炎,infective endocarditis,I33.0+ M03.6*,0.9912038445472717,,,,,
400,4,亨诺克-舍恩莱因紫癜,Henoch-Schönlein purpura,D69.0+ M36.4*,0.9814161658287048,,,,,
400,4,红斑,erythema,,0.8360529541969299,,,,,
400,5,多形,multiforme,L51 M14.8*,0.9670515656471252,,,,,
400,5,结节性,nodosum,L52+ M14.8*,0.9433784484863281,,,,,
400,4,惠普尔病,Whipple's disease,K90.8+ M14.8*,0.9896910190582275,,,,,
400,4,甲状腺毒症,thyrotoxicosis,E05 M14.5*,0.9878508448600769,,,,,
400,4,甲状腺功能减退症,hypothyroidism,E03.9+ M14.5*,0.9800328612327576,,,,,
400,4,甲状腺功能亢进症,hyperthyroidism,E05 M14.5*,0.9813173413276672,,,,,
400,4,结节病,sarcoidosis,D86.8+ M14.8*,0.9742094278335571,,,,,
400,4,局限性肠炎,regional enteritis,K50 M07.4*,0.9796409606933594,,,,,
400,4,克罗恩病[局限性肠炎],Crohn's disease,K50 M07.4*,0.9730892181396484,,,,,
400,4,溃疡性结肠炎,ulcerative colitis,K51 M07.5*,0.9698200225830078,,,,,
400,4,梅毒(晚期),syphilis (late),A52.7+ M01.3*,0.976980984210968,,,,,
400,5,先天性,congenital,A50.5+ M03.1*,0.9473889470100403,,,,,
