image_page,level,chinese,english,code,confidence,malignant_primary,malignant_secondary,in_situ,benign,uncertain_or_unspecified
1301,4,朗杜齐-德热里纳型,Landouzy-Déjerine type,G71.0,0.9865700006484985,,,,,
1301,4,良性(贝克型)[贝克肌营养不良],benign (Becker type),G71.0,0.960750937461853,,,,,
1301,4,面肩肱,facioscapulohumeral,G71.0,0.9274142980575562,,,,,
1301,4,先天性(遗传性)(进行性),congenital (hereditary) (progressive),G71.2,0.9701404571533203,,,,,
1301,5,肌强直性,myotonic,G71.1,0.9536840319633484,,,,,
1301,4,严重的(迪谢内型),severe (Duchenne type),G71.0,0.9682056307792664,,,,,
1301,4,遗传性(进行性),hereditary (progressive),G71.0,0.9827880859375,,,,,
1301,4,远端,distal,G71.0,0.9653414487838745,,,,,
1301,4,肢带,limb-girdle,G71.0,0.9746350049972534,,,,,
1301,3,肌强直性,"myotonic, myotonica",G71.1,0.9784887433052063,,,,,
1301,3,甲,"nail, unguium",L60.3,0.9543161392211914,,,,,
1301,4,先天性,congenital,Q84.6,0.9594069719314575,,,,,
1301,3,肩腓,scapuloperoneal,G71.0,0.9934715628623962,,,,,
1301,3,交感神经(反射性),sympathetic (reflex),M89.0,0.9757276177406311,,,,,
1301,3,角膜(内皮性)(上皮性)(颗粒性)(遗传性)(格子状)(斑点状),cornea (endothelial) (epithelial) (granular) (hereditary) (lattice) (macular),H18.5,0.9759700298309326,,,,,
1301,3,莱登-默比乌斯,Leyden-Moebius,G71.0,0.9817242622375488,,,,,
1301,3,朗杜齐-德热里纳,Landouzy-Déjerine,G71.0,0.9952816367149353,,,,,
1301,3,卵巢,ovarian,N83.8,0.955752432346344,,,,,
1301,3,脉络膜(中心小区性)(广泛性)(回旋状)(遗传性)(视乳头周),choroid (central areolar) (generalized) (gyrate) (hereditary) (peripapillary),H31.2,0.9860873222351074,,,,,
1301,3,毛发,hair,L67.8,0.9552900195121765,,,,,
1301,3,母体，影响到胎儿或新生儿,"maternal, affecting fetus or newborn",P00.4,0.9814560413360596,,,,,
1301,3,皮肤NEC,skin NEC,L98.8,0.9617364406585693,,,,,
1301,3,缺乏照料，或被忽视(儿童)(婴儿),"lack of care, or neglect (child) (infant)",T74.8,0.9816811084747314,,,,,
1301,3,视网膜(白点状)(色素性)(卵黄性)(遗传性),retinal (albipunctate) (pigmentary) (vitelliform) (hereditary),H35.5,0.9814464449882507,,,,,
1301,4,见于,in,,0.7521573305130005,,,,,
1301,5,全身性脂沉积症,systemic lipidoses,E75.6+ H36.8*,0.9839867949485779,,,,,
1301,5,脂贮积疾患,lipid storage disorders,E75 H36.8*,0.9459146857261658,,,,,
1301,3,毯样视网膜,tapetoretinal,H35.5,0.9962862133979797,,,,,
1301,3,外阴,vulva,N90.4,0.9836161136627197,,,,,
1301,3,心肌(另见变性，心肌),"myocardium, myocardial (see also Degeneration, myocardial)",I51.5,0.9678863286972046,,,,,
1301,3,胸廓，窒息性,"thoracic, asphyxiating",Q77.2,0.9859909415245056,,,,,
1301,3,眼,ocular,G71.0,0.9752309322357178,,,,,
1301,3,眼脑肾,oculocerebrorenal E7.2.0,E72.0,0.9638949632644653,,,,,
1301,3,眼咽,oculopharyngeal,G71.0,0.9907359480857849,,,,,
1301,3,营养性,nutritional,E45,0.971802294254303,,,,,
1301,4,由于营养不良引起的,due to malnutrition,E45,0.9829394817352295,,,,,
1301,3,在妊娠、分娩或产褥期中,"in pregnancy, childbirth or puerperium",O25,0.9960573315620422,,,,,
1301,3,扎尔茨曼结节性,Salzmann's nodular,H18.4,0.9845975637435913,,,,,
1302,3,重度(蛋白质能量)(伴有),severe (protein-energy) (with),E43,0.9811649322509766,,,,,
1302,4,恶性营养不良病[夸希奥科病](和消瘦),kwashiorkor (and marasmus),E42,0.9806903004646301,,,,,
1302,4,消瘦,marasmus,E41,0.9472094178199768,,,,,
1302,3,子宫内或胎儿,intrauterine or fetal,P05.2,0.9611037373542786,,,,,
1302,4,低体重儿,light-for-dates,P05.0,0.9879230856895447,,,,,
1302,4,小样儿,small-for-dates,P05.1,0.9871770739555359,,,,,
1302,2,营养不良性(效应),Famine (effects of),T73.0,0.9774158000946045,,,,,
1302,3,水肿(另见营养不良，重度),"edema (see also Malnutrition, severe)",E43,0.9779303669929504,,,,,
1302,2,营养不足(另见营养不良),"Nutrition deficient or insufficient, Undernutrition (see also Malnutrition)",E46,0.9957373142242432,,,,,
1302,3,由于,due to,,0.965077817440033,,,,,
1302,4,缺乏,lack of,,0.8960608243942261,,,,,
1302,5,食物,food,T73.0,0.9601500630378723,,,,,
1302,5,照料,care,T74.8,0.9493732452392578,,,,,
1302,4,食物不足,insufficient food,T73.0,0.9836918115615845,,,,,
1302,2,营养低下(另见营养不良),Undernourishment (see also Malnutrition),E46,0.9894523620605469,,,,,
1302,2,营养过度,"Hyperalimentation, Overnutrition",R63.2,0.950987696647644,,,,,
1302,3,胡萝卜素,"carotene, carotin",E67.1,0.9902398586273193,,,,,
1302,3,特指的NEC,specified NEC,E67.8,0.9735934138298035,,,,,
1302,3,维生素,vitamin,,0.9968942403793335,,,,,
1302,4,A,A,E67.0,0.8936988115310669,,,,,
1302,4,D,D,E67.3,0.939666748046875,,,,,
1302,2,营养缺乏,Inanition,R64,0.9751344919204712,,,,,
1302,3,伴有水肿(另见营养不良，重度),"with edema (see also Malnutrition, severe)",E43,0.9969905018806458,,,,,
1302,3,发热,fever,R50.9,0.9887327551841736,,,,,
1302,3,由于,due to,,0.9590640664100647,,,,,
1302,4,食物缺乏,deprivation of food,T73.0,0.949119508266449,,,,,
1302,4,营养不良(另见营养不良),malnutrition (see also Malnutrition),E46,0.9793426990509033,,,,,
1302,2,营养神经病NEC,Trophoneurosis NEC,G96.8,0.9938889145851135,,,,,
1302,3,播散性,disseminated,M34.9,0.9940295815467834,,,,,
1302,2,营养性发育迟缓,Nutritional stunting,E45,0.9993448257446289,,,,,
1302,2,营养元素缺乏,Nutrient element deficiency,E61.9,0.999950647354126,,,,,
1302,3,特指的 NEC,specified NEC,E61.8,0.9707769155502319,,,,,
1302,1,yíng 蝇,,,0.9569592475891113,,,,,
1302,2,蝇蛆病(空洞),Myiasis (cavernous),B87.9,0.9890491962432861,,,,,
1302,3,鼻咽,nasopharyngeal,B87.3+ J99.8*,0.961856484413147,,,,,
1302,3,肠,intestinal,B87.8+ K93.8*,0.9803543090820312,,,,,
1302,3,创伤性,traumatic,B87.1,0.9993574619293213,,,,,
1302,3,耳(外)(中),"aural, ear (external) (middle)",B87.4+ H94,0.9694986343383789,,,,,
1302,3,匐行,creeping,B87.0+ L99.8*,0.9818270206451416,,,,,
1302,3,喉,laryngeal,B87.3+ J99.8*,0.9628276228904724,,,,,
1303,3,眶,orbit,B87.2+ H06.1*,0.9556768536567688,,,,,
1303,3,泌尿生殖道,genitourinary,B87.8,0.991994321346283,,,,,
1303,3,皮肤,"cutaneous, dermal, skin",B87.0+ L99.8*,0.9637293219566345,,,,,
1303,3,伤口,wound,B87.1,0.9403887987136841,,,,,
1303,3,特指部位 NEC,specified site NEC,B87.8,0.9609273076057434,,,,,
1303,3,眼,"eye, ocular",B87.2+ H58.8*,0.9691559076309204,,,,,
1303,2,蝇疫霉病 - 现译名 虫霉病,Entomophthoromycosis,,0.9290886521339417,,,,,
1303,1,yǐng 影,,,0.9256575703620911,,,,,
1303,2,影响医疗情况的生理因素和行为因素,Psychological and behavioral factors affecting medical condition,F59,0.9998390078544617,,,,,
1303,2,影像不等(曾译名视像不等),Aniseikonia,H52.3,0.9998176097869873,,,,,
1303,1,yìng 应,,,0.9203911423683167,,,,,
1303,2,应激,Stress,,0.9999134540557861,,,,,
1303,3,反应(另见反应，应激),"reaction (see also Reaction, stress)",F43.9,0.9859045743942261,,,,,
1303,2,应激性，异常的，在轻微应激下(人格障碍)(另见易激(惹)),"Excitability, abnormal, Irritability, under minor stress (personality disorder) (see also Irritability)",F60.3,0.9625563621520996,,,,,
1303,1,yìng 硬,,,0.9990308880805969,,,,,
1303,2,硬斑病,Morphea,L94.0,0.9988036155700684,,,,,
1303,2,硬变(肝),"Cirrhosis, cirrhotic (hepatic)",K74.6,0.9678367972373962,,,,,
1303,3,阿诺(肥大性),Hanot's (hypertrophic),K74.3,0.9879193902015686,,,,,
1303,3,鲍姆加滕-克吕韦耶,Baumgarten-Cruveilhier,K74.6,0.9916344285011292,,,,,
1303,3,充血性,congestive,K76.1,0.9533892869949341,,,,,
1303,3,大结节性,macronodular,K74.6,0.95502108335495,,,,,
1303,4,酒精性,alcoholic,K70.3,0.9694299101829529,,,,,
1303,3,单小叶性,"monolobular, unilobar",K74.3,0.9795036911964417,,,,,
1303,3,胆小管性，胆管炎性，胆汁淤积性(原发性),"cholangiolitic, cholangitic, cholostatic (primary)",K74.3,0.9819519519805908,,,,,
1303,3,胆汁性(胆小管性)(胆管炎性)(肥大性)(胆管周炎性),biliary (cholangiolitic)(cholangitic)(hypertrophic) (pericholangiolitic),K74.5,0.9589592814445496,,,,,
1303,4,原发性,primary,K74.3,0.9583223462104797,,,,,
1303,4,继发性,secondary,K74.4,0.9909620881080627,,,,,
1303,3,肥大性,hypertrophic,K74.3,0.9732831716537476,,,,,
1303,3,肺(慢性)-见纤维化，肺,"lung, pulmonary (chronic) - see Fibrosis, lung",,0.9931766986846924,,,,,
1303,3,肝(慢性)(肝脾的)(肥大性)(结节性)(脾大性),liver (chronic) (hepatolienal) (hypertrophic) (nodular) (splenomegalic),K74.6,0.988807201385498,,,,,
1303,4,酒精性,alcoholic,K70.3,0.9928907155990601,,,,,
1303,4,梅毒性,syphilitic,A52.7+ K77.0*,0.9739165902137756,,,,,
1303,4,先天性,congenital,P78.8,0.9662718176841736,,,,,
1304,3,肝炎后的,posthepatitic,K74.6,0.9814590811729431,,,,,
1304,3,梗阻性-见硬变，胆汁,"obstructive – see Cirrhosis, biliary",,0.959644615650177,,,,,
1304,3,坏死后,postnecrotic,K74.6,0.9836106300354004,,,,,
1304,4,酒精性,alcoholic,K70.3,0.9384682178497314,,,,,
1304,3,混合型,mixed type,K74.6,0.981250524520874,,,,,
1304,3,间隔性,septal,K74.6,0.9560905694961548,,,,,
1304,3,结节性,nodular,K74.6,0.9691262245178223,,,,,
1304,3,酒精性,alcoholic,K70.3,0.9660828113555908,,,,,
1304,3,克吕韦耶-鲍姆加滕,Cruveilhier-Baumgarten,K74.6,0.9885855317115784,,,,,
1304,3,拉埃内克,Laennec's,K70.3,0.9900519847869873,,,,,
1304,4,非酒精性,non-alcoholic,K74.6,0.9715487360954285,,,,,
1304,3,门静脉周的,periportal,K74.6,0.9798141717910767,,,,,
1304,3,门脉性,portal,K74.6,0.9559593200683594,,,,,
1304,4,酒精性,alcoholic,K70.3,0.9622441530227661,,,,,
1304,3,肾-见硬化，肾,"kidney – see Sclerosis, renal",,0.9551440477371216,,,,,
1304,3,停滞性,stasis,K76.1,0.9506340622901917,,,,,
1304,3,托德,Todd's,K74.3,0.9845813512802124,,,,,
1304,3,萎缩性-见硬变，肝,"atrophic – see Cirrhosis, liver",,0.9586604833602905,,,,,
1304,3,夏科,Charcot's,K74.3,0.9429948329925537,,,,,
1304,3,小结节性,micronodular,K74.6,0.9737092852592468,,,,,
1304,4,酒精性,alcoholic,K70.3,0.9842168688774109,,,,,
1304,3,小梁性,trabecular,K74.6,0.9545666575431824,,,,,
1304,3,心病性(肝的),cardiac (of liver),K76.1,0.9596483707427979,,,,,
1304,3,胰腺(管),pancreas (duct),K86.8,0.9805064797401428,,,,,
1304,3,饮食性,dietary,K74.6,0.9963918924331665,,,,,
1304,3,印度儿童,Indian childhood,K74.6,0.9973335862159729,,,,,
1304,3,营养性,nutritional,K74.6,0.9915936589241028,,,,,
1304,4,酒精性,alcoholic,K70.3,0.9826457500457764,,,,,
1304,3,原因不明的-见硬变，肝,"cryptogenic - see Cirrhosis, liver",,0.9797853231430054,,,,,
1304,2,硬化(的),"Sclerosis, sclerotic",,0.9998356699943542,,,,,
1304,3,阿尔茨海默,Alzheimer's,G30.9,0.9665504097938538,,,,,
1304,4,引起痴呆,dementia in,G30.9+ F00.9*,0.9766094088554382,,,,,
1304,3,斑块状,plaques,G35,0.9582130908966064,,,,,
1304,3,瓣膜(心脏)-见心内膜炎,"valve, valvular (heart) – see Endocarditis",,0.9645019769668579,,,,,
1304,3,背侧索(脊髓)-见变性，混合,"dorsolateral (spinal cord) – see Degeneration, combined",,0.9748837947845459,,,,,
1304,4,播散性,combined,G35,0.9997931718826294,,,,,
1304,3,侧索(肌萎缩型)(下行性)(原发性)(脊髓),lateral (amyotrophic) (descending) (primary) (spinal),G12.2,0.9754370450973511,,,,,
1304,3,大脑－见硬化，脑,"cerebral- see Sclerosis, brain",,0.9261338710784912,,,,,
1304,3,岛屿状,insular,G35,0.9897110462188721,,,,,
1304,3,动脉，小动脉性，动脉血管-见动脉硬化,"artery, arterial, arteriolar, arteriovascular – see Arteriosclerosis",,0.9861831068992615,,,,,
1305,3,多发性(脑干)(大脑)(全身性)(脊髓),multiple (brain stem) (cerebral) (generalized) (spinal cord),G35,0.9713422656059265,,,,,
1305,3,多腺体,"pluriglandular, polyglandular",E31.8,0.9500818252563477,,,,,
1305,3,二尖瓣,mitral,I05.8,0.9675827026367188,,,,,
1305,3,肺(另见纤维化，肺),"lung, pulmonary (see also Fibrosis, lung)",J84.1,0.9920170903205872,,,,,
1305,4,瓣膜(心脏)(另见心内膜炎，肺),"valve (heart) (see also Endocarditis, pulmonary)",I37.8,0.9095980525016785,,,,,
1305,4,动脉,artery,I27.0,0.9525279998779297,,,,,
1305,3,弗里德赖希(脊髓),Friedreich's (spinal cord),G11.1,0.9761830568313599,,,,,
1305,3,肝,"hepatic, liver",K74.1,0.9740747809410095,,,,,
1305,4,伴有纤维化,with fibrosis,K74.2,0.9494891166687012,,,,,
1305,5,酒精性,alcoholic,K70.2,0.9654479026794434,,,,,
1305,4,酒精性,alcoholic,K70.2,0.9675317406654358,,,,,
1305,4,心源性,cardiac,K76.1,0.957084596157074,,,,,
1305,3,鼓膜,tympanic membrane,H73.8,0.9628815054893494,,,,,
1305,3,冠状(动脉),coronary (artery),I25.1,0.9649253487586975,,,,,
1305,3,海绵体,corpus cavernosum,,0.9914008378982544,,,,,
1305,4,男性,male,N48.6,0.9676156044006348,,,,,
1305,4,女性,female,N90.8,0.9798523783683777,,,,,
1305,3,喉,larynx,J38.7,0.9699607491493225,,,,,
1305,3,后侧索(脊髓)-见变性，混合,"posterolateral (spinal cord) - see Degeneration, combined",,0.9890324473381042,,,,,
1305,3,混合性(脊髓)-另见变性，混合,"combined (spinal cord) - see also Degeneration, combined",,0.9912142753601074,,,,,
1305,4,多发性,multiple,G35,0.9670639634132385,,,,,
1305,3,肌萎缩型(外侧),amyotrophic (lateral),G12.2,0.9975201487541199,,,,,
1305,3,脊(髓)(进行性),spinal (cord) (progressive),G95.8,0.9773365259170532,,,,,
1305,4,背侧索-见变性，混合,"dorsolateral - see Degeneration, combined",,0.954991340637207,,,,,
1305,4,播散性,disseminated,G35,0.9705814719200134,,,,,
1305,4,侧索(肌萎缩型),lateral (amyotrophic),G12.2,0.9869672656059265,,,,,
1305,4,多发性,multiple,G35,0.9732851982116699,,,,,
1305,4,后索(梅毒性),posterior (syphilitic),A52.1+ G32.8*,0.962209939956665,,,,,
1305,4,混合性-另见变性，混合,"combined - see also Degeneration, combined",,0.9760957956314087,,,,,
1305,5,多发性,multiple,G35,0.954788863658905,,,,,
1305,5,梅毒性,syphilitic,A52.1+ G32.0*,0.9487330317497253,,,,,
1305,4,遗传性(弗里德赖希)(混合型),hereditary (Friedreich's) (mixed form),G11.1,0.9904371500015259,,,,,
1305,3,角膜,cornea,H17.8,0.9970177412033081,,,,,
1305,3,结节性(脑),tuberous (brain),Q85.1,0.970238983631134,,,,,
1305,3,进行性，全身性,"progressive, systemic",M34.0,0.9958769083023071,,,,,
1305,3,晶状体，老年性核性,"lens, senile nuclear",H25.1,0.9938259124755859,,,,,
1305,3,精索,funicular (spermatic cord),N50.8,0.9980299472808838,,,,,
1305,3,静脉,vein,I87.8,0.9195188879966736,,,,,
1305,3,局灶性和节段性(肾小球)- 编码于 N00-N07伴有第四位数.1,focal and segmental (glomerular)- code to N00-N07 with fourth character .1,,0.9668445587158203,,,,,
1305,3,老年性(血管性)-见动脉硬化,senile (vascular) - see Arteriosclerosis,,0.9887176156044006,,,,,
1306,3,淋巴腺,gland (lymphatic),I89.8,0.966784656047821,,,,,
1306,3,卵巢,ovary,N83.8,0.9802913665771484,,,,,
1306,3,脉络膜,choroid,H31.1,0.9566789865493774,,,,,
1306,3,蒙克贝格,Mönckeberg's,I70.2,0.9898147583007812,,,,,
1306,3,弥漫性(脑)(脊髓),diffuse (brain) (spinal cord),G37.0,0.9906262159347534,,,,,
1306,3,脑,brain,G37.9,0.9510106444358826,,,,,
1306,4,播散性,disseminated,G35,0.9890033006668091,,,,,
1306,4,岛屿状,insular,G35,0.9565891027450562,,,,,
1306,4,动脉,"artery, arterial",I67.2,0.9074153900146484,,,,,
1306,4,多发性,multiple,G35,0.9651100039482117,,,,,
1306,4,干，多发性,"stem, multiple",G35,0.9289501309394836,,,,,
1306,4,结节性,tuberous,Q85.1,0.9299465417861938,,,,,
1306,4,进行性家族性,progressive familial,E75.2,0.9880868196487427,,,,,
1306,4,克拉伯,Krabbe's,E75.2,0.9732204675674438,,,,,
1306,4,老年性(动脉硬化性),senile (arteriosclerotic),I67.2,0.9322524070739746,,,,,
1306,4,弥漫性,diffuse,G37.0,0.9884310364723206,,,,,
1306,5,家族性(慢性)(婴儿),familial (chronic) (infantile),E75.2,0.9646188020706177,,,,,
1306,4,佩利措伊斯-梅茨巴赫型,Pelizaeus-Merzbacher type,E75.2,0.9884403347969055,,,,,
1306,4,婴儿(慢性)(家族性),infantile (chronic) (familial),E75.2,0.9775134325027466,,,,,
1306,4,佩利措伊斯-梅茨巴赫[家族性脑白质病],Pelizaeus-Merzbacher,E75.2,0.9801568984985352,,,,,
1306,4,粟粒性,miliary,G35,0.9666681289672852,,,,,
1306,4,叶萎缩性,atrophic lobar,G31.0,0.969828188419342,,,,,
1306,5,引起痴呆,dementia in,G31.0+ F02.0*,0.958347737789154,,,,,
1306,4,婴儿(变性性)(弥漫性)(家族性),infantile (degenerative) (diffuse) (familial),E75.2,0.956811249256134,,,,,
1306,4,早老性(阿尔茨海默),presenile (Alzheimer's),G30.0,0.9884586334228516,,,,,
1306,5,引起痴呆,dementia in,G30.0+ F00.0*,0.9885318279266357,,,,,
1306,3,脑脊髓(播散性)(多发性),cerebrospinal (disseminated) (multiple),G35,0.9762669205665588,,,,,
1306,3,脑血管,cerebrovascular,I67.2,0.9715824127197266,,,,,
1306,3,脑叶，萎缩性,"lobar, atrophic (of brain)",G31.0,0.9808778762817383,,,,,
1306,4,引起痴呆,dementia in,G31.0+ F02.0*,0.958377480506897,,,,,
1306,3,球样体，弥漫性,"globoid body, diffuse",E75.2,0.9692944884300232,,,,,
1306,3,全身性(血管)(另见动脉硬化),"general, systemic (vascular) (see also Arteriosclerosis)",M34.9,0.9895386695861816,,,,,
1306,4,伴有,with,,0.7901322841644287,,,,,
1306,5,肌病,myopathy,M34.8+ G73.7*,0.9676755666732788,,,,,
1306,5,累及肺,lung involvement,M34.8+ J99.1*,0.9580180644989014,,,,,
1306,4,进行性,progressive,M34.0,0.9782243967056274,,,,,
1306,4,特指的 NEC,specified NEC,M34.8,0.9559203386306763,,,,,
1306,4,药物性,drug-induced,M34.2,0.9845169186592102,,,,,
1306,4,由于化学制剂 NEC,due to chemicals NEC,M34.2,0.9726062417030334,,,,,
1306,3,三尖(瓣)(心脏),tricuspid (heart) (valve),I07.8,0.9298021793365479,,,,,
1306,3,上行性多发性,ascending multiple,G35,0.9908976554870605,,,,,
1307,3,肾,"kidney, renal",N26,0.9652493000030518,,,,,
1307,4,伴有,with,,0.8775448799133301,,,,,
1307,5,高血压(另见高血压，肾性),"hypertension (see also Hypertension, kidney)",I12.9,0.9326494336128235,,,,,
1307,5,高血压性心脏病(在 中的情况)(另见高血压，心肾性),"hypertensive heart disease (conditions in) (see also Hypertension, cardiorenal)",I11 I13.9,0.9727720022201538,,,,,
1307,5,胱氨酸贮积病,cystine storage disease,E72.0+ N29.8*,0.9849618077278137,,,,,
1307,4,小动脉性(玻璃样)(增生性)(另见高血压，肾性),"arteriolar (hyaline) (hyperplastic) (see also Hypertension, kidney)",I12.9,0.9661837220191956,,,,,
1307,3,肾上(腺),adrenal (gland),E27.8,0.9869956374168396,,,,,
1307,3,视网膜(老年性)(血管性),retina (senile) (vascular),H35.0,0.9808940291404724,,,,,
1307,3,同心性(巴洛),concentric (Baló),G37.5,0.9787032008171082,,,,,
1307,3,胃,stomach,K31.8,0.9604770541191101,,,,,
1307,3,希氏束,bundle of His,I44.3,0.9484369158744812,,,,,
1307,3,小脑-见硬化，脑,"cerebellar - see Sclerosis, brain",,0.9728232026100159,,,,,
1307,3,小叶中心性，家族性,"centrolobar, familial",E75.2,0.959562361240387,,,,,
1307,3,心肌,"myocardium, myocardial",I25.1,0.9810993671417236,,,,,
1307,3,心内膜下，先天性,"subendocardial, congenital",I42.4,0.9917371273040771,,,,,
1307,3,心肾性(另见高血压，心肾性),"cardiorenal (see also Hypertension, cardiorenal)",I13.9,0.9775875210762024,,,,,
1307,3,心血管(另见病，心血管),"cardiovascular (see also Disease, cardiovascular)",I51.6,0.9239395260810852,,,,,
1307,4,肾(另见高血压，心肾性),"renal (see also Hypertension, cardiorenal)",I13.9,0.9653886556625366,,,,,
1307,3,心脏,cardiac,I25.1,0.9627178311347961,,,,,
1307,3,血管性-见动脉硬化,vascular - see Arteriosclerosis,,0.9954260587692261,,,,,
1307,3,延髓，多发性,"bulbar, multiple",G35,0.9892720580101013,,,,,
1307,3,遗传性,hereditary,,0.9706575274467468,,,,,
1307,4,脊柱(弗里德赖希共济失调),spinal (Friedreich's ataxia),G11.1,0.9929941296577454,,,,,
1307,4,小脑,cerebellar,G11.9,0.9812887907028198,,,,,
1307,3,胰腺,pancreas,K86.8,0.9684284329414368,,,,,
1307,3,阴茎,penis,N48.6,0.976845920085907,,,,,
1307,3,原发性，侧索,"primary, lateral",G12.2,0.981192946434021,,,,,
1307,3,早老性(阿尔茨海默),presenile (Alzheimer's),G30.0,0.9879058003425598,,,,,
1307,4,引起痴呆,dementia in,G30.0+ F00.0*,0.9789541959762573,,,,,
1307,3,周围动脉,peripheral arteries,I70.2,0.9931901097297668,,,,,
1307,3,主动脉,"aorta, aortic",I70.0,0.9907245635986328,,,,,
1307,4,瓣膜(另见心内膜炎，主动脉),"valve (see also Endocarditis, aortic)",I35.8,0.9866364598274231,,,,,
1307,3,锥体束外,extrapyramidal,G25.9,0.9964865446090698,,,,,
1307,2,硬化病,Sclerema,,0.9999603033065796,,,,,
1307,3,成人,adultorum,M34.8,0.9923441410064697,,,,,
1307,3,水肿(新生儿)[新生儿硬化病],edematosum (newborn),P83.0,0.9829713106155396,,,,,
1307,3,新生儿,adiposum (newborn),P83.0,0.9955806136131287,,,,,
1308,2,硬结(性),"Induration, indurated",,0.9998984336853027,,,,,
1308,3,肺(慢性)(纤维瘤)(另见纤维化，肺),"lung (chronic) (fibroid) (see also Fibrosis, lung)",J84.1,0.9722071290016174,,,,,
1308,3,肝(慢性),liver (chronic),K76.8,0.9799076318740845,,,,,
1308,3,静脉炎性-见 静脉炎,phlebitic - see Phlebitis,,0.957143247127533,,,,,
1308,3,阔韧带,broad ligament,N83.8,0.9630430340766907,,,,,
1308,3,脑,brain,G93.8,0.9629425406455994,,,,,
1308,3,皮肤,skin,R23.4,0.9605648517608643,,,,,
1308,3,乳房(纤维性),breast (fibrous),N64.5,0.9908215403556824,,,,,
1308,4,产褥期、产后,"puerperal, postpartum",O92.2,0.9613491296768188,,,,,
1308,3,阴茎海绵体,corpora cavernosa (penis) (plastic),N48.6,0.9848100543022156,,,,,
1308,2,硬膜外的 - 见情况,Epidural - see condition,,0.9325701594352722,,,,,
1308,2,硬膜下的 - 见情况,Subdural - see condition,,0.9587782025337219,,,,,
1308,2,硬囊卵巢综合征,Sclerocystic ovary syndrome,E28.2,0.9998741149902344,,,,,
1308,2,硬脑(脊)膜炎(粘连性)(基底)(大脑)(脊髓)(另见脑膜炎),"Pachymeningitis, Perimeningitis (adhesive) (basal) (cerebral) (spinal) (see also Meningitis)",G03.9,0.9677801132202148,,,,,
1308,2,硬皮病(弥漫性)(全身性),"Dermatosclerosis, Scleroderma, sclerodermia (diffuse)(generalized)",M34.9,0.9979896545410156,,,,,
1308,3,肺,pulmonary,M34.8+ J99.1*,0.9450847506523132,,,,,
1308,3,局部性，局限性,"localized, circumscribed",L94.0,0.983764111995697,,,,,
1308,3,线状,linear,L94.1,0.9790536165237427,,,,,
1308,3,新生儿,newborn,P83.8,0.9811914563179016,,,,,
1308,2,硬纤维瘤(腹部外的)(瘤)(M8821/1)- 另见肿瘤，结缔组织，动态未定,"Desmoid (extra-abdominal) (tumor)(M8821/1) - see also Neoplasm, connective tissue, uncertain behavior",,0.9777843356132507,,,,,
1308,3,腹部的(M8822/1),abdominal (M8822/1),D48.1,0.9697317481040955,,,,,
1308,2,硬肿病,Scleredema,,0.9999540448188782,,,,,
1308,3,布施克,Buschke's,M34.8,0.9927977323532104,,,,,
1308,3,成人,adultorum,M34.8,0.9872010350227356,,,,,
1308,3,新生儿[新生儿硬化病],newborn,P83.0,0.9890031814575195,,,,,
1308,1,yōng 拥,,,0.9211878776550293,,,,,
1308,2,拥挤恐怖,Ochlophobia,F40.0,0.9589375257492065,,,,,
1308,1,yōng 痈,,,0.9535825252532959,,,,,
1308,2,痈(另见脓肿，按部位),"Carbuncle (see also Abscess, by site)",L02.9,0.9897413849830627,,,,,
1308,3,鼻,nose,J34.0,0.9232183694839478,,,,,
1308,3,恶性,malignant,A22.0,0.9748337864875793,,,,,
1308,3,耳(外)(中),ear (external) (middle),H60.0,0.9883851408958435,,,,,
1308,3,耳廓,"auricle, ear",H60.0,0.9890042543411255,,,,,
1308,3,海绵体,corpus cavernosum,N48.2,0.9948424100875854,,,,,
1308,3,眶,"orbit, orbital",H05.0,0.9893080592155457,,,,,
1309,3,泪,lacrimal,,0.9602699279785156,,,,,
1309,4,道(管)(囊),passages (duct) (sac),H04.3,0.9478301405906677,,,,,
1309,4,腺,gland,H04.0,0.9195401668548584,,,,,
1309,3,尿道,urethra,N34.0,0.982354998588562,,,,,
1309,3,"肾(另见脓肿,肾)","kidney (see also Abscess, kidney)",N15.1,0.9581417441368103,,,,,
1309,3,外耳道,external auditory canal,H60.0,0.9621701240539551,,,,,
1309,3,外阴,vulva,N76.4,0.9830027222633362,,,,,
1309,3,眼睑,eyelid,H00.0,0.9521849751472473,,,,,
1309,3,阴唇(大)(小),labium (majus) (minus),N76.4,0.9716466665267944,,,,,
1309,3,阴茎,penis,N48.2,0.9935292601585388,,,,,
1309,1,yǒng 永,,,0.956463634967804,,,,,
1309,2,永存[存留](先天性),"Persistence, persistent (congenital)",,0.9997751116752625,,,,,
1309,3,玻璃样[透明样],hyaloid,,0.9493386149406433,,,,,
1309,4,动脉(一般为不完全性),artery (generally incomplete),Q14.0,0.9821717143058777,,,,,
1309,4,系统,system,Q14.8,0.8771237134933472,,,,,
1309,3,肠道内胰腺组织,pancreatic tissue in intestinal tract,Q43.8,0.9985870122909546,,,,,
1309,3,处女膜，在妊娠或分娩中,"hymen, in pregnancy or childbirth",O34.7,0.9904264211654663,,,,,
1309,3,镫骨动脉,arteria stapedia,Q16.3,0.9824121594429016,,,,,
1309,3,动脉导管(博塔洛),ductus arteriosus (botalli),Q25.0,0.9936753511428833,,,,,
1309,3,动脉干或共同干,truncus arteriosus or communis,Q20.0,0.9959180951118469,,,,,
1309,3,窦,sinus,,0.9165554046630859,,,,,
1309,4,静脉，伴有右心房结合不良,venosus with imperfect incorporation in right auricle,Q26.8,0.9824798703193665,,,,,
1309,4,泌尿生殖,urogenitalis,,0.9282536506652832,,,,,
1309,5,男性,male,Q55.8,0.9657344818115234,,,,,
1309,5,女性,female,Q52.8,0.9462423324584961,,,,,
1309,3,房室管,atrioventricular canal,Q21.2,0.9777419567108154,,,,,
1309,3,肛膜,anal membrane,Q42.3,0.9493275880813599,,,,,
1309,4,伴有瘘,with fistula,Q42.2,0.9475911855697632,,,,,
1309,3,加特纳管[卵巢冠纵管],Gartner's duct,Q50.6,0.9702966809272766,,,,,
1309,3,甲，异常的,"nail(s), anomalous",Q84.6,0.9868771433830261,,,,,
1309,3,甲状舌管,thyroglossal duct,Q89.2,0.9966138005256653,,,,,
1309,3,睫状体视网膜动脉或静脉,cilioretinal artery or vein,Q14.8,0.9897411465644836,,,,,
1309,3,晶状体血管膜,tunica vasculosa lentis,Q12.2,0.9974233508110046,,,,,
1309,3,卷曲,convolutions,,0.985332727432251,,,,,
1309,4,输卵管,"fallopian tube, oviduct, uterine tube",Q50.6,0.9693514704704285,,,,,
1309,4,主动脉弓,aortic arch,Q25.4,0.9673730134963989,,,,,
1309,3,克洛凯管,canal of Cloquet,Q14.0,0.994073748588562,,,,,
1309,3,孔,foramen,,0.9529871344566345,,,,,
1309,4,博塔洛,botalli,Q21.1,0.9670169949531555,,,,,
1309,4,卵圆,ovale,Q21.1,0.9523451328277588,,,,,
1310,3,口,ostium,,0.9692363142967224,,,,,
1310,4,第一房间隔,primum,Q21.2,0.9594151377677917,,,,,
1310,4,第二房间隔[继发孔型房间隔缺损],secundum,Q21.1,0.969001829624176,,,,,
1310,4,共同房室,atrioventriculare commune,Q21.2,0.9322683811187744,,,,,
1310,3,卵黄管,vitelline duct,Q43.0,0.9915797114372253,,,,,
1310,3,梅克尔憩室[麦克尔憩室],Meckel's diverticulum,Q43.0,0.9967276453971863,,,,,
1310,3,囊(不透明的),capsule (opaque),Q12.8,0.9844833016395569,,,,,
1310,3,脐肠系膜管,omphalomesenteric duct,Q43.0,0.9941982626914978,,,,,
1310,3,脐尿管,urachus,Q64.4,0.9866452813148499,,,,,
1310,3,鳃裂,branchial cleft,Q18.0,0.9886459112167358,,,,,
1310,3,双主动脉弓,double aortic arch,Q25.4,0.9929620623588562,,,,,
1310,3,输卵管内卵巢胎性剩余,ovarian rests in fallopian tube,Q50.6,0.9865418672561646,,,,,
1310,3,胎儿,fetal,,0.9431933760643005,,,,,
1310,4,宫颈型,form of cervix (uteri),Q51.8,0.9258797764778137,,,,,
1310,3,胎毛,lanugo,Q84.2,0.9477443695068359,,,,,
1310,3,瞳孔膜,pupillary membrane,Q13.8,0.9970267415046692,,,,,
1310,3,泄殖腔,cloaca,Q43.7,0.9577295780181885,,,,,
1310,3,右位主动脉弓,right aortic arch,Q25.4,0.964512050151825,,,,,
1310,3,原发性,primary,,0.9493288993835449,,,,,
1310,4,玻璃体增生,vitreous hyperplasia,Q14.0,0.9743998050689697,,,,,
1310,3,左,left,,0.9120262861251831,,,,,
1310,4,后主静脉,posterior cardinal vein,Q26.8,0.9815296530723572,,,,,
1310,4,上腔静脉,superior vena cava,Q26.1,0.9788993000984192,,,,,
1310,4,主动脉根伴有右位主动脉弓,root with right arch of aorta,Q25.4,0.9860697388648987,,,,,
1310,3,左心室内心球,bulbus cordis in left ventricle,Q21.8,0.961228609085083,,,,,
1310,1,yòng 用,,,0.9996136426925659,,,,,
1310,2,用力过度(效应)(衰竭),Overexertion (effects) (exhaustion),T73.3,0.9887351989746094,,,,,
1310,2,用力呼吸(另见通气过度),Labored breathing (see also Hyperventilation),R06.4,0.9884201884269714,,,,,
1310,2,用力综合征(心因性),Effort syndrome (psychogenic),F45.3,0.997096598148346,,,,,
1310,1,yōu 忧,,,0.9466068148612976,,,,,
1310,2,忧郁-见抑郁,Depression,,0.9977769255638123,,,,,
1310,2,忧郁症,Melancholia,F32.9,0.9998019933700562,,,,,
1310,3,老年性,senile,F03,0.9171388149261475,,,,,
1310,1,yōu 幽,,,0.9233282804489136,,,,,
1310,2,幽闭恐怖,Claustrophobia,F40.2,0.9933981895446777,,,,,
1310,2,幽门的 - 见情况,"Pylorus, pyloric - see condition",,0.9393152594566345,,,,,
1311,2,幽门痉挛(反射) NEC,Pylorospasm (reflex) NEC,K31.3,0.9823576807975769,,,,,
1311,3,神经症性,neurotic,F45.3,0.9558705687522888,,,,,
1311,3,先天性或婴儿,congenital or infantile,Q40.0,0.9873680472373962,,,,,
1311,3,心因性,psychogenic,F45.3,0.9613402485847473,,,,,
1311,2,幽门炎,Pyloritis,K29.9,0.9750678539276123,,,,,
1311,1,yóu 尤,,,0.9502781629562378,,,,,
1311,2,尤尔病[羊皮纸样右心室],Uhl's disease,Q24.8,0.9995332360267639,,,,,
1311,2,尤因肉瘤或瘤(M9260/3)-见肿瘤，骨，恶性,"Ewing's sarcoma or tumor (M9260/3) - see Neoplasm, bone, malignant",,0.9909601211547852,,,,,
1311,1,yóu 由,,,0.9835025668144226,,,,,
1311,2,由于或与躯体状况有关而引起的精神病发作,Psychotic episode due to or associated with physical condition,F06.9,0.9996523261070251,,,,,
1311,2,由于有蔓母草引起的鱼寄生物感染,Ichthyoparasitism due to Vandellia cirrhosa,B88.8,0.981168270111084,,,,,
1311,1,yóu 疣,,,0.9800979495048523,,,,,
1311,2,疣(普通)(指状)(丝状)(传染性)(幼年)(足底)(病毒性)(扁平)(幼年扁平型)(单纯性)(寻常),Wart(common)(digitate)(filiform)(infectious) (juvenile) (plantar) (viral) (plana)(plana juvenilis)(plantaris)(simplex)(vulgaris),B07,0.9616446495056152,,,,,
1311,3,秘鲁,Peruvian,A44.1,0.9434126615524292,,,,,
1311,3,肛门生殖器区(性病性),anogenital region (venereal),A63.0,0.9937566518783569,,,,,
1311,3,哈索尔(角膜的),Hassal-Henle's (of cornea),H18.4,0.9746081233024597,,,,,
1311,3,尖锐湿,acuminata,A63.0,0.9553571939468384,,,,,
1311,3,结核性(原发性),tuberculosa (primary),A18.4,0.9884456396102905,,,,,
1311,3,老年性(皮脂溢性),senile (seborrheic),L82,0.9925667643547058,,,,,
1311,3,尸毒性(原发性)(结核性),necrogenica (primary) (tuberculosa),A18.4,0.98429936170578,,,,,
1311,3,外生殖器(性病性),external genital organs (venereal),A63.0,0.9921287894248962,,,,,
1311,3,性病湿,venereal,A63.0,0.9723106622695923,,,,,
1311,3,脂溢性，皮脂溢性,"seborrheic, seborrheica",L82,0.9916265606880188,,,,,
1311,2,疣症(另见疣),Verrucosities (see also Verruca),B07,0.9989064335823059,,,,,
1311,2,疣状表皮发育不良,Epidermodysplasia verruciformis,B07,0.9923469424247742,,,,,
1311,1,yóu 游,,,0.9169360995292664,,,,,
1311,2,游动脾,Lien migrans,D73.8,0.9713279008865356,,,,,
1311,2,游离 - 另见情况,Loose - see also condition,,0.9732276201248169,,,,,
1311,3,体,body,,0.9980800747871399,,,,,
1311,4,关节，除外膝,"joint, except knee",M24.0,0.9770964980125427,,,,,
1311,4,鞘，腱,"sheath, tendon",M67.8,0.9778802990913391,,,,,
1311,4,膝,knee,M23.4,0.9750479459762573,,,,,
1311,3,牙,"tooth, teeth",K08.8,0.9832385182380676,,,,,
1312,2,游泳痉挛,Bathing cramp,T75.1,0.9644282460212708,,,,,
1312,2,游泳者,Swimmer's,,0.9999046325683594,,,,,
1312,3,耳,ear,H60.3,0.962388813495636,,,,,
1312,3,痉挛,cramp,T75.1,0.9292866587638855,,,,,
1312,3,癣,itch,B65.3,0.9518498778343201,,,,,
1312,2,游走，游走性,"Floating, Wandering",,0.9999128580093384,,,,,
1312,3,胆囊，先天性,"gallbladder, congenital",Q44.1,0.9814309477806091,,,,,
1312,3,节律点(心脏),pacemaker (heart),I49.8,0.9705880284309387,,,,,
1312,3,脾,spleen,D73.8,0.9690881967544556,,,,,
1312,3,器官或部位，先天性NEC-见错位，先天性，按部位,"organ or site, congenital NEC - see Malposition, congenital, by site",,0.993416428565979,,,,,
1312,3,软骨(关节),cartilage (joint),M24.0,0.968492329120636,,,,,
1312,4,膝,knee,M23.4,0.9807465076446533,,,,,
1312,3,肾,kidney,N28.8,0.9833011627197266,,,,,
1312,4,先天性,congenital,Q63.8,0.9462559223175049,,,,,
1312,1,yǒu 有,,,0.9596419334411621,,,,,
1312,2,有隔的-见隔,Septate - see Septum,,0.9961869120597839,,,,,
1312,2,有害效应-见效应，有害,"Effect, adverse",,0.9690044522285461,,,,,
1312,2,有害性使用,Harmful use (of),,0.9999724626541138,,,,,
1312,3,苯环己哌啶(盐酸苯环己哌啶)的,phencyclidine (PCP),F19.1,0.9657674431800842,,,,,
1312,3,催眠剂的,hypnotics,F13.1,0.954962968826294,,,,,
1312,3,大麻类的,cannabinoids,F12.1,0.9548650979995728,,,,,
1312,3,酒精的,alcohol,F10.1,0.9542409181594849,,,,,
1312,3,抗焦虑药的,anxiolytics,F13.1,0.9938543438911438,,,,,
1312,3,可卡因的,cocaine,F14.1,0.9855149388313293,,,,,
1312,3,类阿片药的,opioids,F11.1,0.9597536325454712,,,,,
1312,3,兴奋剂 NEC 的,stimulants NEC,F15.1,0.9336153268814087,,,,,
1312,3,药物的 - 编码于F11-F19 伴有第四位数.1,drug - code to F11-F19 with fourth character,,0.9518337249755859,,,,,
1312,3,镇静剂的,sedatives,F13.1,0.9578735828399658,,,,,
1312,3,致幻剂的,hallucinogens,F16.1,0.9564973711967468,,,,,
1312,2,有茎露脑畸胎,Podencephalus,Q01.9,0.9985144734382629,,,,,
1312,2,有髓鞘纤维,Medullated fibers,,0.999567985534668,,,,,
1312,3,视(神经),optic (nerve),Q14.8,0.9862138628959656,,,,,
1312,3,视网膜,retina,Q14.1,0.9768479466438293,,,,,
1312,1,yòu 右,,,0.9998694658279419,,,,,
1312,2,右位，右转位，主动脉,"Dextraposition, Dextrotransposition, aorta",Q20.3,0.9998510479927063,,,,,
1312,3,法洛[法乐]四联症,in tetralogy of Fallot,Q21.3,0.9787986874580383,,,,,
1312,2,右位心(真),Dextrocardia (true),Q24.0,0.9872562289237976,,,,,
1312,3,伴有,with,,0.9662054181098938,,,,,
1312,4,内脏反位,situs inversus,Q89.3,0.9480405449867249,,,,,
1312,4,内脏完全错位,complete transposition of viscera,Q89.3,0.9902833104133606,,,,,
1313,1,yòu 幼,,,,,,,,
1313,2,幼白成红细胞增多症,Leukoerythroblastosis,D64.8,0.9999111890792847,,,,,
1313,2,幼虫移行症,Larva migrans,,0.999824047088623,,,,,
1313,3,内脏NEC,visceral NEC,B83.0,0.9856623411178589,,,,,
1313,3,皮肤 NEC,cutaneous NEC,B76.9,0.96543949842453,,,,,
1313,4,钩虫(属),Ancylostoma (species),B76.0,0.9807695746421814,,,,,
1313,2,幼红细胞减少症(另见 再生障碍，红细胞),"Erythroblastopenia (see also Aplasia, red cell)",D60.9,0.978761613368988,,,,,
1313,2,幼红细胞增多病(胎儿)(新生儿),Erythroblastosis (fetalis) (newborn),P55.9,0.9987751245498657,,,,,
1313,3,由于,due to,,0.9737869501113892,,,,,
1313,4,ABO(抗体)(不合)(同种免疫),ABO (antibodies) (incompatibility) (isoimmunization),P55.1,0.9610274434089661,,,,,
1313,4,Rh(抗体)(不合)(同种免疫),Rh (antibodies) (incompatibility) (isoimmunization),P55.0,0.9615540504455566,,,,,
1313,2,幼年的 - 见情况,Juvenile - see condition,,0.9609439373016357,,,,,
1313,3,幼稚型 - 另见情况,infantilism - see also condition,,0.9745175242424011,,,,,
1313,3,垂体性,pituitary,E23.0,0.9966844916343689,,,,,
1313,3,洛兰(-勒维)[洛兰-勒维侏儒症],Lorain(-Levi),E23.0,0.9719298481941223,,,,,
1313,3,肾性,renal,N25.0,0.9616758227348328,,,,,
1313,3,胰性,pancreatic,K86.8,0.9416885375976562,,,,,
1313,1,yòu 釉,,,0.9970203638076782,,,,,
1313,2,釉质发生不全,Amelogenesis imperfecta,K00.5,0.9998515844345093,,,,,
1313,3,非遗传性(节段性),nonhereditaria (segmentalis),K00.4,0.9907912015914917,,,,,
1313,2,釉质瘤,Enameloma,K00.2,0.9707726240158081,,,,,
1313,2,釉质上皮瘤 - 见 成釉细胞瘤,Adamantinoma - see Ameloblastoma,,0.9168036580085754,,,,,
1313,2,釉珠,Enamel pearls,K00.2,0.9471626281738281,,,,,
1313,1,yū 纡,,,0.8869295716285706,,,,,
1313,2,纡曲,Tortuous,,0.9342344999313354,,,,,
1313,3,动脉,artery,I77.1,0.946635365486145,,,,,
1313,3,静脉-见静脉曲张,vein - see Varicose vein,,0.9833674430847168,,,,,
1313,3,尿道,urethra,N36.8,0.9597635865211487,,,,,
1313,3,器官或部位，先天性NEC-见扭转,"organ or site, congenital NEC - see Distortion",,0.9930471777915955,,,,,
1313,3,视网膜性血管，先天性,"retinal vessel, congenital",Q14.1,0.9909161925315857,,,,,
1313,1,yū 瘀,,,0.9978654384613037,,,,,
1313,2,瘀斑,Ecchymosis,R58,0.9739834666252136,,,,,
1313,3,创伤性-见挫伤,traumatic - see Contusion,,0.9711815714836121,,,,,
1313,3,结膜,conjunctiva,H11.3,0.9524919986724854,,,,,
1314,3,胎儿或新生儿,fetus or newborn,P54.5,0.9822038412094116,,,,,
1314,3,眼(创伤性),eye (traumatic),S05.1,0.9779741168022156,,,,,
1314,3,眼睑(创伤性),eyelid (traumatic),S00.1,0.967957615852356,,,,,
1314,3,自发性,spontaneous,R23.3,0.9478448033332825,,,,,
1314,2,瘀点,"Petechia, petechiae",R23.3,0.9745501279830933,,,,,
1314,3,胎儿或新生儿,fetus or newborn,P54.5,0.9761248230934143,,,,,
1314,1,yú 鱼,,,0.9998934268951416,,,,,
1314,2,鱼钩胃,Fish-hook stomach,K31.8,0.9554175138473511,,,,,
1314,2,鱼口形缺损,Operculum,H33.3,0.9927274584770203,,,,,
1314,2,鱼鳞病(先天性),"Ichthyosis, Sauriasis (congenital)",Q80.9,0.9897286295890808,,,,,
1314,3,单纯性,simplex,Q80.0,0.9578725099563599,,,,,
1314,3,高起,hystrix,Q80.8,0.9456958770751953,,,,,
1314,3,获得性,acquired,L85.0,0.9503220319747925,,,,,
1314,3,胎儿[先天性鱼鳞癣胎儿],fetalis,Q80.4,0.9951024651527405,,,,,
1314,3,性联,X-linked,Q80.1,0.988462507724762,,,,,
1314,3,寻常,vulgaris,Q80.0,0.9853305220603943,,,,,
1314,3,掌跖,palmaris and plantaris,Q82.8,0.99906986951828,,,,,
1314,3,真性,vera,Q80.8,0.9546313881874084,,,,,
1314,2,鱼鳞癣,Ichthyosis,,0.9969328045845032,,,,,
1314,3,片层状,lamellar,Q80.2,0.9756365418434143,,,,,
1314,2,鱼粉工人肺,Fishmeal-worker's lung,J67.8,0.9909608960151672,,,,,
1314,2,鱼中毒,Ichthyotoxism,T61.2,0.9999198913574219,,,,,
1314,3,细菌性(另见中毒[2]，食物中毒),"bacterial (see also Intoxication, foodborne)",A05.9,0.9900510907173157,,,,,
1314,3,由于,due to,,0.9322587251663208,,,,,
1314,4,贝壳类 NEC,shellfish NEC,T61.2,0.9697511792182922,,,,,
1314,4,海产品 NEC,seafood NEC,T61.8,0.9688142538070679,,,,,
1314,4,鲭鱼肉,scombroid,T61.1,0.9081807732582092,,,,,
1314,4,鱼肉毒,ciguatera,T61.0,0.9737672805786133,,,,,
1314,1,yú 愚,,,0.9999285340309143,,,,,
1314,2,愚鲁(智商50-69),Moron (I.Q. 50-69),F70,0.9971123337745667,,,,,
1314,1,yǔ 与,,,0.8937238454818726,,,,,
1314,2,与保健机构接触,Encounter with health service (for),Z76.9,0.994850754737854,,,,,
1314,2,仅为行政管理目的,administrative purpose only,Z02.9,0.9997071623802185,,,,,
1314,3,特指的理由 NEC,specified reason NEC,Z02.8,0.9791232943534851,,,,,
1314,4,为特指的目的 NEC,specified NEC,Z76.8,0.9691360592842102,,,,,
1315,1,yǔ 语,,,0.9983204007148743,,,,,
1315,2,语词性,Word,,0.9996266961097717,,,,,
1315,3,耳聋(先天性)(发育性),deafness (congenital) (developmental),F80.2,0.9733397960662842,,,,,
1315,2,语法缺失,Agrammatism,R48.8,0.9920567274093628,,,,,
1315,2,语言消失,"Abolition, language",R48.8,0.9942247271537781,,,,,
1315,1,yù 郁,,,0.8886932730674744,,,,,
1315,2,郁滞-现译名停滞,Stasis,,0.9792306423187256,,,,,
1315,1,yù 预,,,0.9999620318412781,,,,,
1315,2,预防性,Prophylactic,,0.969929039478302,,,,,
1315,3,措施,measure,Z29.9,0.9446173906326294,,,,,
1315,4,特指的 NEC,specified NEC,Z29.8,0.965752899646759,,,,,
1315,3,化疗,chemotherapy,Z29.2,0.9515559673309326,,,,,
1315,3,给予,administration of,,0.9939547777175903,,,,,
1315,4,抗生素类,antibiotics,Z29.2,0.9686489105224609,,,,,
1315,4,免疫血清(免疫球蛋白).,immune sera (immunoglobulin),Z29.1,0.9905416965484619,,,,,
1315,3,绝育,sterilization,Z30.2,0.9478066563606262,,,,,
1315,3,免疫疗法,immunotherapy,Z29.1,0.9842756986618042,,,,,
1315,3,器官去除(为肿瘤处理),organ removal (for neoplasia management),Z40.0,0.974252462387085,,,,,
1315,3,手术,surgery,Z40.9,0.9791655540466309,,,,,
1315,4,特指的 NEC,specified NEC,Z40.8,0.9697297215461731,,,,,
1315,4,与恶性肿瘤有关的危险因素的,for risk factors related to malignant neoplasm,Z40.0,0.9957859516143799,,,,,
1315,2,预激房室传导,Pre-excitation atrioventricular conduction,I45.6,0.9959003925323486,,,,,
1315,1,yuán 原,,,0.996826708316803,,,,,
1315,2,原虫 - 另见情况,Protozoal - see also condition,,0.9093369245529175,,,,,
1315,3,病,disease,B64,0.9796679019927979,,,,,
1315,4,特指的 NEC,specified NEC,B60.8,0.9744608998298645,,,,,
1315,2,原单核细胞的 - 见情况,Monoblastic - see condition,,0.9513987898826599,,,,,
1315,2,原发性的 - 见情况,Primary - see condition,,0.9389863014221191,,,,,
1315,2,原发性肺动脉高压,Ayerza's disease or syndrome,I27.0,0.9917898178100586,,,,,
1315,2,原淋巴细胞的 - 见情况,Lymphoblastic - see condition,,0.9179235100746155,,,,,
1315,2,原淋巴细胞瘤(弥漫性)(M9685/3),Lymphoblastoma (diffuse) (M9685/3),C83.5,0.9992790222167969,,,,,
1315,2,原田病或综合征,Harada's disease or syndrome,H30.8,0.98618483543396,,,,,
1316,2,原位癌(M8010/2)-另见肿瘤，原位,"Carcinoma in situ (M8010/2) - see also Neoplasm, in situ",,0.9860445857048035,,,,,
1316,3,表皮样(M8070/2)-另见肿瘤，原位,"epidermoid (M8070/2) - see also Neoplasm, in situ",,0.9709219336509705,,,,,
1316,4,伴有可疑间质侵袭(M8076/2),with questionable stromal invasion (M8076/2),,0.9627751708030701,,,,,
1316,5,宫颈,cervix,D06.9,0.9368618130683899,,,,,
1316,5,特指部位NEC-见肿瘤，原位,"specified site NEC - see Neoplasm, in situ",,0.9929144382476807,,,,,
1316,5,未特指部位,unspecified site,D06.9,0.9581896066665649,,,,,
1316,4,鲍恩型(M8081/2)-见肿瘤，皮肤，原位,"Bowen's type (M8081/2) - see Neoplasm, skin, in situ",,0.9826655387878418,,,,,
1316,3,导管内(M8500/2),intraductal (M8500/2),,0.9944050312042236,,,,,
1316,4,乳房,breast,D05.1,0.9703407287597656,,,,,
1316,4,特指部位NEC-见肿瘤，原位,"specified site NEC - see Neoplasm, in situ",,0.9854530692100525,,,,,
1316,4,未特指部位,unspecified site,D05.1,0.9601325988769531,,,,,
1316,3,见于,in,,0.9271221160888672,,,,,
1316,4,息肉NEC(M8210/2),polyp NEC (M8210/2),,0.9882618188858032,,,,,
1316,4,腺瘤息肉(M8210/2),adenomatous polyp (M8210/2),,0.9857414960861206,,,,,
1316,3,鳞状细胞(M8070/2)-另见肿瘤，原位,"squamous cell (M8070/2) - see also Neoplasm, in situ",,0.9805952906608582,,,,,
1316,4,伴有可疑间质侵袭(M8076/2),with questionable stromal invasion (M8076/2),,0.9931982159614563,,,,,
1316,5,宫颈,cervix,D06.9,0.9274256825447083,,,,,
1316,5,特指部位NEC-见肿瘤，原位,"specified site NEC - see Neoplasm, in situ",,0.9897881746292114,,,,,
1316,5,未特指部位,unspecified site,D06.9,0.9500206708908081,,,,,
1316,3,乳房NEC,breast NEC,D05.9,0.966783881187439,,,,,
1316,3,乳头状(M8050/2)-见肿瘤，原位,"papillary (M8050/2) - see Neoplasm, in situ",,0.987611711025238,,,,,
1316,3,小叶性(M8520/2),lobular (M8520/2),,0.9700040817260742,,,,,
1316,4,伴有,with,,0.7445629239082336,,,,,
1316,4,导管内(M8522/2),intraductal (M8522/2),,0.9877468943595886,,,,,
1316,4,乳房,breast,D05.7,0.9506630897521973,,,,,
1316,4,特指部位NEC-见肿瘤，原位,"specified site NEC - see Neoplasm, in situ",,0.9653143882751465,,,,,
1316,4,未特指部位,unspecified site,D05.7,0.9387328028678894,,,,,
1316,5,浸润性导管(M8522/3),infiltrating duct (M8522/3),,0.9954530000686646,,,,,
1316,6,乳房,breast,C50.9,0.9797255992889404,,,,,
1316,4,特指部位NEC-见肿瘤，恶性,"specified site NEC - see Neoplasm, malignant",,0.9781869649887085,,,,,
1316,5,未特指部位,unspecified site,C50.9,0.958400309085846,,,,,
1316,4,乳房,breast,D05.0,0.9862630367279053,,,,,
1316,4,特指部位NEC-见肿瘤，原位,"specified site NEC - see Neoplasm, in situ",,0.9928919076919556,,,,,
1316,4,未特指部位,unspecified site,D05.0,0.9751706719398499,,,,,
1316,3,移行细胞(M8120/2)-见肿瘤，原位,"transitional cell (M8120/2) - see Neoplasm, in situ",,0.9810065031051636,,,,,
1316,2,原位腺癌(M8140/2)- 另见肿瘤，原位,"Adenocarcinoma in situ (M8140/2) - see also Neoplasm, in situ",,0.9771021008491516,,,,,
1316,3,见于,in,,0.838994026184082,,,,,
1316,4,息肉，腺瘤(M8210/2),"polyp, adenomatous (M8210/2)",,0.969635009765625,,,,,
1316,4,腺瘤(息肉样)(小管性)(M8210/2),adenoma (polypoid) (tubular) (M8210/2),,0.9789431095123291,,,,,
1316,5,管状绒毛状(M8263/2),tubulovillous (M8263/2),,0.970199465751648,,,,,
1316,5,绒毛状(M8261/2),villous (M8261/2),,0.9690788388252258,,,,,
1316,3,乳房,breast,D05.9,0.9693276882171631,,,,,
1317,2,原因,Cause,,0.9999710321426392,,,,,
1317,3,外部，全身性效应,"external, general effects",T75.8,0.9934388399124146,,,,,
1317,3,未述及(疾病),not stated (morbidity),R69,0.983995795249939,,,,,
1317,4,为致死原因,mortality,R99,0.9591612219810486,,,,,
1317,3,未知(疾病),unknown (morbidity),R69,0.9684177041053772,,,,,
1317,4,为致死原因,mortality,R99,0.9318189024925232,,,,,
1317,2,原因不明的发热[PUO],PUO (pyrexia of unknown origin),R50.9,0.9844849109649658,,,,,
1317,2,原因不确定,Undetermined cause,R69,0.9850338101387024,,,,,
1317,2,原因不知的,Unknown cause of,,0.9985844492912292,,,,,
1317,3,疾病,morbidity,R69,0.9451923370361328,,,,,
1317,3,死亡,mortality,R99,0.9890542030334473,,,,,
1317,1,yuán 圆,,,0.9728090763092041,,,,,
1317,2,圆形,Round,,0.9998957514762878,,,,,
1317,3,背(伴有楔形椎骨),back (with wedging of vertebrae),M40.2,0.9903904795646667,,,,,
1317,4,佝偻病的晚期效应,late effect of rickets,E64.3,0.9827671051025391,,,,,
1317,3,蠕虫(大)(侵染)NEC,worms (large) (infestation) NEC,B82.0,0.9860321879386902,,,,,
1317,4,蛔虫病,Ascariasis,B77,0.9398157000541687,,,,,
1317,2,圆柱瘤(M8200/3)-另见肿瘤，恶性,"Cylindroma (M8200/3) - see also Neoplasm, malignant",,0.9988721609115601,,,,,
1317,3,皮肤(M8200/0)- 见 肿瘤，皮肤，良性,"skin (M8200/0) - see Neoplasm, skin, benign",,0.9533370137214661,,,,,
1317,3,外分泌性皮肤(M8200/0)-见肿瘤，皮肤，良性,"eccrine dermal (M8200/0) - see Neoplasm, skin, benign",,0.9881681799888611,,,,,
1317,2,圆锥(先天性)(任何类型),Conus (congenital) (any type),Q14.8,0.9764419198036194,,,,,
1317,3,后天性,acquired,H35.3,0.9895221590995789,,,,,
1317,4,角膜,cornea,H18.6,0.9261605143547058,,,,,
1317,3,脊髓综合征,medullaris syndrome,G95.8,0.9524206519126892,,,,,
1317,2,圆锥角膜,Keratoconus,H18.6,0.9882857203483582,,,,,
1317,3,见于唐氏综合征,in Down's syndrome,Q90 H19.8*,0.9958712458610535,,,,,
1317,3,先天性,congenital,Q13.4,0.9843116998672485,,,,,
1317,2,圆锥晶状体(前)(先天性)(后),Lenticonus (anterior) (congenital) (posterior),Q12.8,0.9899663329124451,,,,,
1317,2,圆锥形,Conical,,0.999921977519989,,,,,
1317,3,宫颈(肥大性延长),cervix (hypertrophic elongation),N88.4,0.995228111743927,,,,,
1317,3,角膜,cornea,H18.6,0.9706344604492188,,,,,
1317,3,牙,teeth,K00.2,0.932001531124115,,,,,
1317,1,yuán 猿,,,0.9680492877960205,,,,,
1317,2,猿样骨盆,Pithecoid pelvis,Q74.2,0.9966064095497131,,,,,
1317,3,伴有胎盆不称,with disproportion (fetopelvic),O33.0,0.993598461151123,,,,,
1317,4,引起梗阻性分娩,causing obstructed labor,O65.0,0.9875388741493225,,,,,
1317,4,影响到胎儿或新生儿,affecting fetus or newborn,P03.1,0.9813121557235718,,,,,
1318,1,yuǎn 远,,,0.9850867390632629,,,,,
1318,2,远距放射疗法的有害效应 NEC,"Teletherapy, adverse effect NEC",T66,0.9876333475112915,,,,,
1318,2,远视(先天性),"Farsightedness, Hyperopia, Hypermetropia (congenital)",H52.0,0.9942187666893005,,,,,
1318,2,远中验,Disto-occlusion,K07.2,0.9269034266471863,,,,,
1318,2,远中磨牙(第四磨牙),Distomolar (fourth molar),K00.1,0.9857999682426453,,,,,
1318,3,引起拥挤,causing crowding,K07.3,0.9650366306304932,,,,,
1318,1,yuè 月,,,0.9999145269393921,,,,,
1318,2,月经,"Menstruation, Menstrual",,0.9997249245643616,,,,,
1318,3,不规则,irregular,N92.6,0.9260884523391724,,,,,
1318,4,特指的NEC,specified NEC,N92.5,0.9746107459068298,,,,,
1318,3,代偿性(鼻的),vicarious (nasal),N94.8,0.9887335300445557,,,,,
1318,3,过多(伴有规则周期),excessive (with regular cycle),N92.0,0.9880400896072388,,,,,
1318,4,伴有不规则周期,withirregular cycle,N92.1,0.9691672921180725,,,,,
1318,4,青春期,at puberty,N92.2,0.9755979776382446,,,,,
1318,3,过少(另见月经稀发),scanty (see also Oligomenorrhea),N91.5,0.991252601146698,,,,,
1318,3,疾患,disorder,N92.6,0.9950504302978516,,,,,
1318,4,心因性,psychogenic,F45.8,0.9500232338905334,,,,,
1318,3,间隔缩短(不规则),shortened intervals (irregular),N92.1,0.9932916760444641,,,,,
1318,3,量多,heavy,N92.0,0.9492805600166321,,,,,
1318,3,膜性,membranous,N92.5,0.9686379432678223,,,,,
1318,3,逆行性,retrograde,N92.5,0.9881632328033447,,,,,
1318,3,频繁,frequent,N92.0,0.9890654683113098,,,,,
1318,3,妊娠中,during pregnancy,O20.8,0.9804677367210388,,,,,
1318,3,少(另见月经稀发),rare (see also Oligomenorrhea),N91.5,0.9931525588035583,,,,,
1318,3,疼痛(另见痛经),painful (see also Dysmenorrhea),N94.6,0.9747792482376099,,,,,
1318,3,原发性,secondary,N94.4,0.9458982944488525,,,,,
1318,3,继发性,primary,N94.5,0.9768222570419312,,,,,
1318,4,心因性,psychogenic,F45.8,0.9602269530296326,,,,,
1318,3,调节,regulation,Z30.3,0.9682881236076355,,,,,
1318,3,无-见闭经,absent - see Amenorrhea,,0.9535172581672668,,,,,
1318,3,稀少(另见月经稀发),infrequent (see also Oligomenorrhea),N91.5,0.9785579442977905,,,,,
1318,3,延长,protracted,N92.5,0.9652592539787292,,,,,
1318,3,抑制,suppression,N94.8,0.9950554966926575,,,,,
1318,3,引出,extraction,Z30.3,0.9621447324752808,,,,,
1318,3,隐性,latent,N92.5,0.949903130531311,,,,,
1318,3,早发,precocious,E30.1,0.9735941886901855,,,,,
1318,3,周期，不规则,"cycle, irregular",N92.6,0.9983291625976562,,,,,
1318,3,周期，正常,"period, normal",Z71.1,0.9923829436302185,,,,,
1318,3,潴留,retained,N94.8,0.9640929102897644,,,,,
1319,2,月经初潮,Menarche,,0.9998817443847656,,,,,
1319,3,延迟,delayed,E30.0,0.9513472318649292,,,,,
1319,3,早发,precocious,E30.1,0.9790255427360535,,,,,
1319,2,月经过多(原发性),"Hypermenorrhea, Menorrhagia (primary)",N92.0,0.9747797250747681,,,,,
1319,3,更年期,climacteric,N92.4,0.9966090321540833,,,,,
1319,4,绝经期,menopausal,N92.4,0.9474860429763794,,,,,
1319,3,更年前期或绝经前期,preclimacteric or premenopausal,N92.4,0.9968349933624268,,,,,
1319,3,绝经后期,"postclimacteric, postmenopausal",N95.0,0.9875598549842834,,,,,
1319,4,绝经期,menopausal,N92.4,0.9953286647796631,,,,,
1319,3,青春期(月经潴留),puberal (menses retained),N92.2,0.9669854640960693,,,,,
1319,2,月经过频,Epimenorrhea,N92.0,0.9999300837516785,,,,,
1319,2,月经过少(另见月经稀发),Hypomenorrhea (see also Oligomenorrhea),N91.5,0.9913527369499207,,,,,
1319,2,月经频多,Menometrorrhagia,N92.1,0.981676459312439,,,,,
1319,2,月经频发,Polymenorrhea,N92.0,0.9999731183052063,,,,,
1319,2,月经稀发,Oligomenorrhea,N91.5,0.9999755024909973,,,,,
1319,3,原发性,primary,N91.3,0.9602357149124146,,,,,
1319,3,继发性,secondary,N91.4,0.986223578453064,,,,,
1319,2,月经障碍,Paramenia,N92.6,0.9999239444732666,,,,,
1319,2,月经潴留,"Menses, retention",N94.8,0.9968439936637878,,,,,
1319,1,yuè 阅,,,0.9581842422485352,,,,,
1319,2,阅读不能-现译名失读症,Alexia,,0.9664872884750366,,,,,
1319,2,阅读困难-现译名诵读困难,Dyslexia,,0.990755021572113,,,,,
1319,1,yūn 晕,,,0.9985511898994446,,,,,
1319,2,晕动病(乘坐任何机动车造成的),Motion sickness (from any vehicle),T75.3,0.9980629086494446,,,,,
1319,2,晕厥(发作),"Fainting, Syncope (fit)",R55,0.9504647254943848,,,,,
1319,3,颈动脉窦性,carotid sinus,G90.0,0.995911180973053,,,,,
1319,3,剧咳后,tussive,R05,0.9698731303215027,,,,,
1319,3,热性,heat,T67.1,0.9121133089065552,,,,,
1319,3,心动过缓,bradycardia,R00.1,0.9687148332595825,,,,,
1319,3,心因性,psychogenic,F48.8,0.9588308334350586,,,,,
1319,3,心脏性,"cardiac,heart",R55,0.9768330454826355,,,,,
1319,3,血管收缩性,vasoconstriction,R55,0.9700254797935486,,,,,
1319,3,由于脊柱(腰)穿刺引起的,due to spinal (lumbar) puncture,G97.1,0.9684733748435974,,,,,
1319,3,原因不明致命性,fatal unexplained,R96.0,0.9963900446891785,,,,,
1319,2,晕轮，视力,"Halo, visual",H53.1,0.9995077848434448,,,,,
1319,1,yún 云,,,0.9980113506317139,,,,,
1319,2,云林病(另见结节病),Jüngling's disease (see also Sarcoidosis),D86.9,0.9911074042320251,,,,,
1319,2,云翳，角膜,"Nebula, cornea",H17.8,0.9996235966682434,,,,,
1320,1,yùn 孕,,,,,,,,
1320,2,孕产妇情况，影响到胎儿或新生儿-见母体情况,"Maternal condition, affecting fetus or newborn",,0.993216335773468,,,,,
1320,2,孕产妇医疗(为)(已知)(可疑的),Maternal care (for) (known) (suspected),,0.9994131922721863,,,,,
1320,3,不稳定产式,unstable lie,O32.0,0.9677366018295288,,,,,
1320,3,多胎妊娠伴有一个或多个胎儿先露异常,multiple gestation with malpresentation of one fetus or more,O32.5,0.9715519547462463,,,,,
1320,3,复合性先露,compound presentation,O32.6,0.9353930950164795,,,,,
1320,3,腹腔妊娠中能活胎儿,viable fetus in abdominal pregnancy,O36.7,0.9975692629814148,,,,,
1320,3,宫颈机能不全,cervical incompetence,O34.3,0.9764084219932556,,,,,
1320,3,横产式和斜产式,transverse and oblique lie,O32.2,0.9836068153381348,,,,,
1320,3,瘤，子宫体,"tumor, corpus uteri",O34.1,0.9491710066795349,,,,,
1320,3,面、额和颏先露,"face, brow and chin presentation",O32.3,0.9779459834098816,,,,,
1320,3,染色体异常，胎儿,"chromosomal abnormality, fetus",O35.1,0.9828564524650574,,,,,
1320,3,伤及胎儿，由于,damage to fetus from,,0.9723620414733887,,,,,
1320,4,辐射,radiation,O35.6,0.9732503890991211,,,,,
1320,4,酒精,alcohol,O35.4,0.9620309472084045,,,,,
1320,4,母体,maternal,,0.8940452337265015,,,,,
1320,5,病毒性疾病,viral disease,O35.3,0.9688220620155334,,,,,
1320,5,风疹,rubella,O35.3,0.9552742838859558,,,,,
1320,5,弓形虫病,toxoplasmosis,O35.8,0.9746422171592712,,,,,
1320,5,酒精瘾,alcohol addiction,O35.4,0.9077838659286499,,,,,
1320,5,巨细胞病毒感染,cytomegalovirus infection,O35.3,0.9862918257713318,,,,,
1320,5,利斯特菌病,listeriosis,O35.8,0.9385545253753662,,,,,
1320,5,药瘾,drug addiction,O35.5,0.9198923110961914,,,,,
1320,4,药物,drugs,O35.5,0.9315811991691589,,,,,
1320,4,医疗操作NEC,medical procedure NEC,O35.7,0.9794939160346985,,,,,
1320,3,胎儿,fetal,,0.9433303475379944,,,,,
1320,4,脊柱裂,spina bifida,O35.0,0.9627525210380554,,,,,
1320,4,缺氧(与产程和分娩无关),hypoxia (unrelated to labor and delivery),O36.3,0.9749654531478882,,,,,
1320,4,损伤,damage,O35.9,0.9509800672531128,,,,,
1320,5,特指的NEC,specified NEC,O35.8,0.9805412292480469,,,,,
1320,4,问题,problem,O36.9,0.9501763582229614,,,,,
1320,5,特指的NEC,specified NEC,O36.8,0.9875177145004272,,,,,
1320,4,无脑儿,anencephaly,O35.0,0.9326202869415283,,,,,
1320,4,异常,abnormality,O35.9,0.899931788444519,,,,,
1320,5,特指的NEC,specified NEC,O35.8,0.9737947583198547,,,,,
1320,3,胎儿过度生长,excessive fetal growth,O36.6,0.9776021838188171,,,,,
1320,3,胎儿生长不良,poor fetal growth,O36.5,0.9936392903327942,,,,,
1320,3,胎儿水肿NEC(非由于同种免疫),hydrops fetalis NEC (not due to isoimmunization),O36.2,0.9962090253829956,,,,,
1320,3,胎盘机能不全,placental insufficiency,O36.5,0.9910666346549988,,,,,
1321,3,胎盆不称(由于),disproportion (fetopelvic) (due to),O33.9,0.9699393510818481,,,,,
1321,4,母体骨盆变形,deformity of maternal pelvic bones,O33.0,0.9636953473091125,,,,,
1321,4,母体骨盆出口狭窄,"outlet contraction, maternal pelvis",O33.3,0.9617310762405396,,,,,
1321,4,母体骨盆入口狭窄,"inlet contraction, maternal pelvis",O33.2,0.9590797424316406,,,,,
1321,4,母体和胎儿混合原因的.,mixed maternal and fetal origin,O33.4,0.9825824499130249,,,,,
1321,4,母体均小骨盆,generally contracted maternal pelvis,O33.1,0.9726675748825073,,,,,
1321,4,脑积水胎儿,hydrocephalic fetus,O33.6,0.9675126671791077,,,,,
1321,4,胎儿变形NEC,fetal deformity NEC,O33.7,0.9672415256500244,,,,,
1321,4,特大胎儿,unusually large fetus,O33.5,0.9690704941749573,,,,,
1321,4,原因 NEC,origin NEC,O33.8,0.9327554106712341,,,,,
1321,3,同种免疫(ABO),isoimmunization (ABO),O36.1,0.9904415607452393,,,,,
1321,4,Rh(猕因子)(抗 D),Rh (rhesus) (anti-D),O36.0,0.9467536211013794,,,,,
1321,3,臀(位)先露,breech presentation,O32.1,0.9860503673553467,,,,,
1321,3,习惯性流产者(在妊娠中),habitual aborter (during pregnancy),O26.2,0.986403226852417,,,,,
1321,3,先露异常(胎儿),malpresentation (fetus),O32.9,0.9933733344078064,,,,,
1321,4,特指的NEC,specified NEC,O32.8,0.9589844942092896,,,,,
1321,3,先天性畸形，子宫,"congenital malformation, uterus",O34.0,0.9911074042320251,,,,,
1321,3,遗传性疾病，胎儿,"hereditary disease, fetus",O35.2,0.9871248006820679,,,,,
1321,3,异常-另见情况,abnormality - see also condition,,0.9846020340919495,,,,,
1321,4,宫颈NEC,cervix uteri NEC,O34.4,0.9815069437026978,,,,,
1321,4,盆腔器官,pelvic organs,O34.9,0.9151155948638916,,,,,
1321,5,特指的NEC.,specified NEC,O34.8,0.9712325930595398,,,,,
1321,4,妊娠子宫NEC,gravid uterus NEC,O34.5,0.9800282120704651,,,,,
1321,4,外阴和会阴,vulva and perineum,O34.7,0.9666810631752014,,,,,
1321,4,阴道,vagina,O34.6,0.9605530500411987,,,,,
1321,3,因以前手术所致的子宫瘢痕,uterine scar from previous surgery,O34.2,0.9784132838249207,,,,,
1321,3,中枢神经系统畸形，胎儿,"central nervous system malformation, fetus",O35.0,0.9854138493537903,,,,,
1321,3,子宫内死亡(晚期),intrauterine death (late),O36.4,0.9783241152763367,,,,,
1321,3,足月头高(妊娠),high head at term (pregnancy),O32.4,0.9776378870010376,,,,,
1321,1,yùn 运,,,0.9080913662910461,,,,,
1321,2,运动，张力障碍性,"Movements, dystonic",R25.8,0.9998427033424377,,,,,
1321,2,运动不能,Akinesia,R29.8,0.9693810343742371,,,,,
1321,2,运动不能性缄默,Akinetic mutism,R41.8,0.9832494258880615,,,,,
1321,2,运动过度，多动(症)(反应)(综合征)(青春期)(儿童)[注意缺陷障碍],"Hyperkinesia, hyperkinetic (disease) (reaction) (syndrome) (adolescence) (childhood)",F90.9,0.9790077209472656,,,,,
1321,3,伴有,with,,0.9186204671859741,,,,,
1321,4,活动与注意力障碍,disturbance of activity and attention,F90.0,0.986723780632019,,,,,
1321,4,精神发育迟缓和刻板运动,mental retardation and stereotyped movements,F84.4,0.9754897356033325,,,,,
1321,4,品行障碍,conduct disorder,F90.1,0.9881643652915955,,,,,
1321,4,特指的临床表现NEC,specified manifestation NEC,F90.8,0.9839022159576416,,,,,
1321,3,心脏,heart,I51.8,0.9542667865753174,,,,,
1322,2,运动过强，运动过度,"Hypermobility, hypermotility",,0.9998572468757629,,,,,
1322,3,半月板(膝),meniscus (knee),M23.3,0.9629164338111877,,,,,
1322,3,肩胛骨,scapula,M25.3,0.9732338786125183,,,,,
1322,3,尾骨,coccyx,M53.2,0.9503228664398193,,,,,
1322,3,胃,stomach,K31.8,0.9442161917686462,,,,,
1322,4,心因性,psychogenic,F45.3,0.9762102365493774,,,,,
1322,3,综合征,syndrome,M35.7,0.9751367568969727,,,,,
1322,2,运动减弱,Hypomotility,,0.9989229440689087,,,,,
1322,3,肠,intestine,K59.8,0.9431699514389038,,,,,
1322,4,心因性,psychogenic,F45.3,0.9783598184585571,,,,,
1322,3,胃，胃肠(道),"stomach, gastrointestinal (tract)",K31.8,0.9854262471199036,,,,,
1322,4,心因性,psychogenic,F45.3,0.981920599937439,,,,,
1322,2,运动性失语,Aphemia,R47.0,0.9999608993530273,,,,,
1322,2,运动员,Athlete's,,0.9999666213989258,,,,,
1322,3,心脏(肥大),heart,I51.7,0.9663339257240295,,,,,
1322,3,足(脚癣),foot,B35.3,0.9711147546768188,,,,,
1322,2,运动障碍,Dyskinesia,G24.9,0.9999720454216003,,,,,
1322,3,肠,intestinal,K59.8,0.9941884279251099,,,,,
1322,3,胆(胆囊管或胆囊),biliary (cystic duct or gallbladder),K82.8,0.9933537244796753,,,,,
1322,3,非器质性原因,nonorganic origin,F44.4,0.982513427734375,,,,,
1322,3,抗精神病药诱发的(迟发性),neuroleptic-induced (tardive),G24.0,0.9877034425735474,,,,,
1322,3,口面部(特发性),orofacial (idiopathic),G24.4,0.975805938243866,,,,,
1322,3,气管,trachea,J39.8,0.9845444560050964,,,,,
1322,3,气管支气管性,tracheobronchial,J98.0,0.9918758273124695,,,,,
1322,3,食管,esophagus,K22.4,0.9919184446334839,,,,,
1322,3,心因性,psychogenic,F44.4,0.9941027164459229,,,,,
1322,3,癔症性,hysterical,F44.4,0.9421525001525879,,,,,
1322,2,运用不能-现译名 失用症,Apraxia,,0.943490743637085,,,,,
1322,2,运用障碍,Dyspraxia,R27.8,0.9879870414733887,,,,,
1322,3,发育性(综合征),developmental (syndrome),F82,0.9770349264144897,,,,,
1322,1,yùn 晕,,,0.5256211161613464,,,,,
1322,2,晕车病,"Car sickness, Train sickness",T75.3,0.9893521070480347,,,,,
1322,2,晕船,"Mal de mer, Seasickness",T75.3,0.9818607568740845,,,,,
1323,0,Z,,,0.9966558218002319,,,,,
1323,1,zá 杂,,,0.9997987747192383,,,,,
1323,2,杂色婴儿,Particolored infant,Q82.8,0.9775390625,,,,,
1323,2,杂音(心脏)(器质性),"Murmur, Bruit (cardiac) (heart) (organic)",R01.1,0.9938952922821045,,,,,
1323,3,二尖(瓣)-见 关闭不全，二尖瓣,"mitral (valve) - see Insufficiency, mitral",,0.9670817255973816,,,,,
1323,3,三尖(瓣),tricuspid (valve),I07.9,0.9545749425888062,,,,,
1323,3,瓣膜-见心内膜炎,valvular - see Endocarditis,,0.9779720902442932,,,,,
1323,3,动脉,arterial,R09.8,0.9895991683006287,,,,,
1323,3,非器质性,nonorganic,R01.0,0.9757915139198303,,,,,
1323,3,肺动脉(瓣膜),pulmonic (valve),I37.8,0.9792664051055908,,,,,
1323,3,弗林特,Flint,I35.1,0.9213653802871704,,,,,
1323,3,格雷厄姆-斯蒂尔,Graham Steell,I37.1,0.9900212287902832,,,,,
1323,3,功能性,functional,R01.0,0.9804056286811829,,,,,
1323,3,良性,benign,R01.0,0.9533650875091553,,,,,
1323,3,收缩期(瓣膜)-见心内膜炎,systolic (valvular) - see Endocarditis,,0.9899497628211975,,,,,
1323,3,收缩前，二尖瓣-见关闭不全，二尖瓣,"presystolic, mitral - see Insufficiency, mitral",,0.9953907132148743,,,,,
1323,3,舒张期 - 见 心内膜炎,diastolic - see Endocarditis,,0.8978409171104431,,,,,
1323,3,无害性,innocent,R01.0,0.9461604952812195,,,,,
1323,3,主动脉(瓣膜)(另见心内膜炎，主动脉),"aortic (valve) (see also Endocarditis, aortic)",I35.8,0.988068699836731,,,,,
1323,3,心脏,cardiac,R01.1,0.953520655632019,,,,,
1323,1,zài 再,,,0.9773598909378052,,,,,
1323,2,再穿通，血栓-见血栓形成,"Recanalization, thrombus - see Thrombosis",,0.9926781058311462,,,,,
1323,2,再生障碍,Aplasia,,0.9995838403701782,,,,,
1323,3,红细胞(单纯性)(伴有胸腺瘤),red cell (pure) (with thymoma),D60.9,0.9843408465385437,,,,,
1323,4,短暂性,transient,D60.1,0.9835644960403442,,,,,
1323,4,慢性,chronic,D60.0,0.9587703347206116,,,,,
1323,4,特指类型NEC,specified type NEC,D60.8,0.9653329253196716,,,,,
1323,4,先天性,congenital,D61.0,0.9658544063568115,,,,,
1323,4,婴儿的,of infants,D61.0,0.9491469264030457,,,,,
1323,4,原发性,primary,D61.0,0.985729455947876,,,,,
1323,3,红细胞样，先天性,"erythroid, congenital",D61.0,0.9819590449333191,,,,,
1323,1,zài 在,,,0.999946117401123,,,,,
1323,2,在分娩中或产后缺乏照料,Inattention at or after birth,T74.0,0.9998422861099243,,,,,
1324,1,zàn 暂,,,0.9564633369445801,,,,,
1324,2,暂缓照料,Respite care,Z75.5,0.9784326553344727,,,,,
1324,1,zǎo 早,,,0.9994914531707764,,,,,
1324,2,早产NEC(小于37整周),"Premature, prematurity NEC (less than 37 completed weeks)",P07.3,0.9390801191329956,,,,,
1324,3,婴儿[未成熟儿]NEC,infant NEC,P07.3,0.9775156378746033,,,,,
1324,4,低体重儿,light-for-dates,P05.0,0.9774733185768127,,,,,
1324,2,早产儿，新生儿 NEC,"Preterm infant, newborn NEC",P07.3,0.987029492855072,,,,,
1324,2,早发,Precocious,,0.9999306797981262,,,,,
1324,3,月经,menstruation,E30.1,0.9986909031867981,,,,,
1324,3,月经初潮,menarche,E30.1,0.9711440205574036,,,,,
1324,2,早老,Progeria,E34.8,0.9919154644012451,,,,,
1324,2,早老性 -另见情况,Presenile - see also condition,,0.9475560784339905,,,,,
1324,3,痴呆,dementia,F03,0.9521390199661255,,,,,
1324,3,过早老年,premature aging,E34.8,0.9972505569458008,,,,,
1324,2,早熟,Precocious,,0.9998815059661865,,,,,
1324,3,乳房,thelarche,E30.8,0.9558428525924683,,,,,
1324,3,性,puberty,E30.1,0.9702821969985962,,,,,
1324,4,中枢性,central,E22.8,0.947178304195404,,,,,
1324,1,zǎo 蚤,,,0.9240885972976685,,,,,
1324,2,蚤叮咬-见损伤，浅表,"Flea bite - see Injury, superficial",,0.9932443499565125,,,,,
1324,1,zǎo 藻,,,0.9740597605705261,,,,,
1324,2,藻菌病 - 见接合菌病,Phycomycosis - see Zygomycosis,,0.9458855986595154,,,,,
1324,1,zào 皂,,,0.9284919500350952,,,,,
1324,2,皂化，肠系膜的,"Saponification, mesenteric",K65.8,0.9811461567878723,,,,,
1324,1,zào 造,,,0.9998005628585815,,,,,
1324,2,造血器官病,"Blood-forming organs, disease",D75.9,0.9823627471923828,,,,,
1325,1,zào 躁,,,0.9197455644607544,,,,,
1325,2,躁狂症(单相)(另见 精神病),"Mania, Vesania (monopolar) (see also Psychosis)",F30.9,0.9830905199050903,,,,,
1325,3,伴有精神症状,with psychotic symptoms,F30.2,0.9615720510482788,,,,,
1325,3,不伴有精神症状,without psychotic symptoms,F30.1,0.977623462677002,,,,,
1325,3,贝耳,Bell's,F30.8,0.9971588850021362,,,,,
1325,3,产褥期,puerperal,F30.8,0.9676953554153442,,,,,
1325,3,复发性,recurrent,F31.8,0.9994328022003174,,,,,
1325,3,酒精中毒性(急性)(慢性),alcoholic (acute) (chronic),F10.5,0.9682797789573669,,,,,
1325,3,慢性(复发性),chronic (recurrent),F31.8,0.9866847395896912,,,,,
1325,3,癔症性,hysterical,F44.8,0.9235804677009583,,,,,
1325,1,zé 泽,,,0.8837766647338867,,,,,
1325,2,泽默林环,Soemmerring's ring,H26.4,0.9925915002822876,,,,,
1325,1,zēng 增,,,0.940226137638092,,,,,
1325,2,增大，扩大，肥大-另见肥大,"Enlargement, enlarged - see also Hypertrophy",,0.9889212250709534,,,,,
1325,3,扁桃体,tonsils,J35.1,0.9517941474914551,,,,,
1325,4,伴有腺样体,with adenoids,J35.3,0.9854370951652527,,,,,
1325,3,肝(另见肥大，肝),"liver (see also Hypertrophy, liver)",R16.0,0.9801892638206482,,,,,
1325,3,膈孔(先天性),apertures of diaphragm (congenital),Q79.1,0.9956576824188232,,,,,
1325,3,甲状(腺)(另见甲状腺肿),thyroid (gland) (see also Goiter),E04.9,0.960712730884552,,,,,
1325,3,甲状旁(腺),parathyroid (gland),E21.0,0.9816076159477234,,,,,
1325,3,泪腺，慢性,"lacrimal gland, chronic",H04.0,0.9818236827850342,,,,,
1325,3,淋巴腺或淋巴结,lymph gland or node,R59.9,0.9977149963378906,,,,,
1325,4,局部性,localized,R59.0,0.9713802337646484,,,,,
1325,4,全身性,generalized,R59.1,0.9492669105529785,,,,,
1325,3,盲点，视野,"blind spot, visual field",H53.4,0.9939175248146057,,,,,
1325,3,脾-见脾大,spleen - see Splenomegaly,,0.9949230551719666,,,,,
1325,3,器官或部位，先天性NEC-见异常，按部位,"organ or site, congenital NEC - see Anomaly, by site",,0.9920991659164429,,,,,
1325,3,前列腺,prostate,N40,0.9637895822525024,,,,,
1325,3,舌,tongue,K14.8,0.9480758309364319,,,,,
1325,3,腺样体,adenoids,J35.2,0.983640730381012,,,,,
1325,4,伴有扁桃体,with tonsils,J35.3,0.94905024766922,,,,,
1325,3,心脏(另见肥大，心脏),"heart, cardiac (see also Hypertrophy, cardiac)",I51.7,0.9846459627151489,,,,,
1325,3,胸(腺)(先天性),thymus (gland) (congenital),E32.0,0.9854729771614075,,,,,
1325,3,牙槽嵴,alveolar ridge,K08.8,0.8847000002861023,,,,,
1325,3,牙龈,gingival,K06.1,0.9421367645263672,,,,,
1325,3,子宫,uterus,N85.2,0.9685156345367432,,,,,
1326,2,增高(另见升高),"Hypertension, Raised (see also Elevated)",,0.9982906579971313,,,,,
1326,3,抗体滴度,antibody titre,R76.0,0.9939512014389038,,,,,
1326,3,良性，颅内压,"benign, intracranial",G93.2,0.994560718536377,,,,,
1326,3,颅内压(良性),intracranial (benign),G93.2,0.9795505404472351,,,,,
1326,3,眼内压,ocular,H40.0,0.9978589415550232,,,,,
1326,2,增积物，牙,"Accretions, tooth, teeth",K03.6,0.9905323386192322,,,,,
1326,2,增加,"Increase, increased",,0.9998851418495178,,,,,
1326,3,雌激素,estrogen,E28.0,0.9940504431724548,,,,,
1326,3,分泌,secretion,,0.9934743046760559,,,,,
1326,4,高血糖素,glucagon,E16.3,0.987701952457428,,,,,
1326,4,胃泌素,gastrin,E16.4,0.9922534823417664,,,,,
1326,4,胰腺，内分泌,"pancreas, endocrine",E16.9,0.9795061945915222,,,,,
1326,5,肠血管活性多肽,vasoactive-intestinal polypeptide,E16.8,0.9855716824531555,,,,,
1326,5,生长激素释放素,growth hormone-releasing hormone,E16.8,0.9758284687995911,,,,,
1326,5,生长抑制素,somatostatin,E16.8,0.9586937427520752,,,,,
1326,5,胰多肽,pancreatic polypeptide,E16.8,0.9822070002555847,,,,,
1326,3,功能,function,,0.978153645992279,,,,,
1326,4,垂体(腺)(前)(叶),pituitary (gland) (anterior) (lobe),E22.9,0.9453916549682617,,,,,
1326,4,肾上腺,adrenal,,0.8767154812812805,,,,,
1326,5,皮质-见库欣综合征,cortex - see Cushing's syndrome,,0.9545743465423584,,,,,
1326,5,髓质,medulla,E27.5,0.9543120265007019,,,,,
1326,3,静脉压,venous pressure,I87.8,0.9757676720619202,,,,,
1326,3,抗凝剂(抗凝血酶)(抗Ⅷa)(抗Ⅸa)(抗Xa)(抗Ⅺa)(另见循环抗凝剂),anticoagulants (antithrombin) (anti-VIIIa) (anti-IXa) (anti-Xa) (anti-XIa) (see also Circulating anticoagulants),D68.3,0.9648726582527161,,,,,
1326,3,冷感,cold sense,R20.8,0.9722703099250793,,,,,
1326,3,颅内压(良性),intracranial pressure (benign),G93.2,0.997959315776825,,,,,
1326,3,脾活动,splenic activity,D73.1,0.9976509213447571,,,,,
1326,3,球形晶状体,"sphericity, lens",Q12.4,0.980806291103363,,,,,
1326,3,热感,heat sense,R20.8,0.9480409622192383,,,,,
1326,3,渗透性，毛细血管,"permeability, capillaries",I78.8,0.9918228387832642,,,,,
1326,2,增生(性),"Hyperplasia, hyperplastic",,0.9998061656951904,,,,,
1326,3,C细胞，甲状腺,"C-cell, thyroid",E07.0,0.9873851537704468,,,,,
1326,3,鼻,nose,,0.906654953956604,,,,,
1326,4,淋巴样,lymphoid,J34.8,0.9806640148162842,,,,,
1326,4,息肉样,polypoid,J33.9,0.9797719717025757,,,,,
1326,3,扁桃体(咽门)(感染性)(舌的)(淋巴样),tonsils (faucial) (infective) (lingual) (lymphoid),J35.1,0.9868654608726501,,,,,
1326,4,伴有腺样体,with adenoids,J35.3,0.9421404004096985,,,,,
1326,3,处女膜，先天性,"hymen, congenital",Q52.4,0.9715291857719421,,,,,
1326,3,刺激性，无牙(牙槽嵴),"irritative, edentulous (alveolar)",K06.2,0.9793974757194519,,,,,
1326,3,单侧髁,unilateral condylar,K10.8,0.9943907856941223,,,,,
1326,3,动脉纤维肌肉,"artery, fibromuscular",I77.3,0.9857824444770813,,,,,
1326,3,腭，乳头状(刺激性),"palate, papillary (irritative)",K13.6,0.99042147397995,,,,,
1327,3,肝(先天性),liver (congenital),Q44.7,0.9968951344490051,,,,,
1327,4,结节性，局灶性,"nodular, focal",K76.8,0.9514925479888916,,,,,
1327,4,先天性,congenital,Q51.8,0.8907093405723572,,,,,
1327,3,宫颈内膜炎,endocervicitis,N72,0.9992672801017761,,,,,
1327,3,骨,bone,M89.3,0.9990691542625427,,,,,
1327,4,髓,marrow,D75.8,0.9046430587768555,,,,,
1327,3,骨质(牙),cementation (tooth) (teeth),K03.4,0.9851195812225342,,,,,
1327,3,红细胞样,erythroid,D75.8,0.9792556762695312,,,,,
1327,3,甲状(腺)(另见甲状腺肿),thyroid (gland) (see also Goiter),E04.9,0.9878565073013306,,,,,
1327,3,甲状旁(腺),parathyroid (gland),E21.0,0.9650208353996277,,,,,
1327,3,颈淋巴结,cervical gland,R59.0,0.9950141906738281,,,,,
1327,3,口腔粘膜(刺激性),oral mucosa (irritative),K13.6,0.9724719524383545,,,,,
1327,3,阑尾(淋巴样),appendix (lymphoid),K38.0,0.9732325673103333,,,,,
1327,3,淋巴腺或淋巴结,lymph gland or node,R59.9,0.9980129599571228,,,,,
1327,3,卵巢,ovary,N83.8,0.9327449798583984,,,,,
1327,3,器官或部位，先天性NEC-见异常，按部位，特指类型NEC,"organ or site, congenital NEC - see Anomaly, by site, specified type NEC",,0.9848073124885559,,,,,
1327,3,前列腺(腺纤维瘤性)(结节性),prostate (adenofibromatous) (nodular),N40,0.9790781736373901,,,,,
1327,3,乳房(另见肥大，乳房),"breast (see also Hypertrophy, breast)",N62,0.9768843054771423,,,,,
1327,3,上颌骨，上颌,"maxilla, maxillary",K07.0,0.9889189600944519,,,,,
1327,3,上皮性,epithelial,L85.9,0.9635850191116333,,,,,
1327,4,局灶性，口腔，包括舌,"focal, oral, including tongue",K13.2,0.9720264673233032,,,,,
1327,4,皮肤,skin,L85.9,0.9467396140098572,,,,,
1327,4,乳头,nipple,N62,0.9559678435325623,,,,,
1327,4,舌,tongue,K13.2,0.9313720464706421,,,,,
1327,4,阴道壁,vaginal wall,N89.3,0.9783343076705933,,,,,
1327,3,肾(先天性),kidney (congenital),Q63.3,0.9758840799331665,,,,,
1327,3,肾动脉,renal artery,I77.8,0.9540191888809204,,,,,
1327,3,肾上腺(腺体)(皮质),"adrenal, suprarenal capsule (capsule) (cortex) (gland)",E27.8,0.9737564921379089,,,,,
1327,4,伴有,with,,0.7406612634658813,,,,,
1327,5,男性化(女性)，肾上腺,"virilisation (female), virilism, adrenal",E25.9,0.9892337322235107,,,,,
1327,6,先天性,congenital,E25.0,0.9445948004722595,,,,,
1327,5,性早熟(男性),sexual precocity (male),E25.9,0.9516265988349915,,,,,
1327,6,先天性,congenital,E25.0,0.9515669941902161,,,,,
1327,4,先天性,congenital,E25.0,0.9840253591537476,,,,,
1327,5,盐丢失性,salt-losing,E25.0,0.9650707244873047,,,,,
1327,3,肾上腺髓质,adrenomedullary,E27.5,0.9760417938232422,,,,,
1327,3,生殖器,genital,,0.9865611791610718,,,,,
1327,4,男性,male,N50.8,0.9589318037033081,,,,,
1327,4,女性NEC,female NEC,N94.8,0.9459477663040161,,,,,
1327,3,外阴,vulva,N90.6,0.9547651410102844,,,,,
1327,4,上皮,epithelial,N90.3,0.9646584987640381,,,,,
1328,3,网状内皮(细胞),reticulo-endothelial (cell),D75.8,0.9872637391090393,,,,,
1328,3,席梅尔布施,Schimmelbusch's,N60.1,0.9507687091827393,,,,,
1328,3,下颌骨，下颌,"mandible, mandibular",K07.0,0.9631574153900146,,,,,
1328,4,单侧髁,unilateral condylar,K10.8,0.9723560810089111,,,,,
1328,3,涎腺(任何),salivary gland (any),K11.1,0.9841456413269043,,,,,
1328,4,先天性,congenital,Q38.4,0.9531906843185425,,,,,
1328,3,腺性囊性子宫(间质),glandularis cystica uteri (interstitialis),N85.0,0.9893688559532166,,,,,
1328,3,腺样体,adenoids,J35.2,0.9819532632827759,,,,,
1328,3,胸(腺)(永存),thymus (gland) (persistent),E32.0,0.9764223694801331,,,,,
1328,3,牙龈,gingiva,K06.1,0.9153622388839722,,,,,
1328,3,咽(淋巴样),pharynx (lymphoid),J39.2,0.9786436557769775,,,,,
1328,3,胰岛细胞,pancreatic islet cells,E16.9,0.9894027709960938,,,,,
1328,4,α,alpha,E16.8,0.9210112690925598,,,,,
1328,5,伴有过度,with excess,,0.9108080863952637,,,,,
1328,6,高血糖素,glucagon,E16.3,0.9831802248954773,,,,,
1328,6,胃泌素,gastrin,E16.4,0.9759864807128906,,,,,
1328,4,β,beta,E16.1,0.956584095954895,,,,,
1328,3,义齿,denture,K06.2,0.9438388347625732,,,,,
1328,3,阴唇,labia,N90.6,0.9784919619560242,,,,,
1328,4,上皮,epithelial,N90.3,0.9481232166290283,,,,,
1328,3,阴蒂，先天性,"clitoris, congenital",Q52.6,0.9920220375061035,,,,,
1328,3,龈,gum,K06.1,0.9956651926040649,,,,,
1328,3,子宫,"uterus, uterine",N85.2,0.9440939426422119,,,,,
1328,4,子宫内膜(腺性),endometrium (glandular),N85.0,0.9858494400978088,,,,,
1328,5,非典型(腺瘤),atypical (adenomatous),N85.1,0.9821498394012451,,,,,
1328,5,腺瘤,adenomatous,N85.1,0.9620075225830078,,,,,
1328,3,子宫肌层,"myometrium, myometrial",N85.2,0.9758299589157104,,,,,
1328,3,子宫内膜(囊性)(腺性)(腺性囊性)(息肉样),"endometrium, endometrial (cystic) (glandular) (glandular-cystic) (polypoid)",N85.0,0.9643475413322449,,,,,
1328,4,宫颈-见发育不良，宫颈,"cervix - see Dysplasia, cervix",,0.9421635866165161,,,,,
1328,2,增生性的 - 见情况,Proliferative - see condition,,0.9385196566581726,,,,,
1328,2,增殖体 - 见情况,"Vegetation, vegetative",,0.9264706373214722,,,,,
1328,3,腺样(鼻窝),adenoid (nasal fossa),J35.8,0.9934470057487488,,,,,
1328,2,增殖腺炎(慢性),Adenoiditis (chronic),J35.0,0.9642265439033508,,,,,
1328,3,急性,acute,J03.9,0.9978048205375671,,,,,
1328,2,增殖性红斑(凯拉)(M8080/2),Erythroplasia (Queyrat) (M8080/2),,0.9988569617271423,,,,,
1328,3,特指部位-见肿瘤，皮肤，原位,"specified site - see Neoplasm, skin, in situ",,0.9882214069366455,,,,,
1328,3,未特指部位,unspecified site,D07.4,0.9726054072380066,,,,,
1328,1,zhā 扎,,,0.9995306730270386,,,,,
1328,2,扎尔茨曼结节性营养不良,Salzmann's nodular dystrophy,H18.4,0.9999263286590576,,,,,
1329,1,zhǎ 眨,,,,,,,,
1329,2,眨眼动颌现象或眨眼动颌综合征,Jaw-winking phenomenon or syndrome,Q07.8,0.9989433288574219,,,,,
1329,1,zhà 诈,,,0.9990440607070923,,,,,
1329,2,诈病,Feigned illness,Z76.5,0.9810779094696045,,,,,
1329,2,诈病者,"Malingerer, malingering",Z76.5,0.9674835205078125,,,,,
1329,1,zhān 粘,,,0.9363654255867004,,,,,
1329,2,粘连，粘连性,"Adherent, Adhesions, adhesive, Synechia",,0.9997720122337341,,,,,
1329,3,瘢痕(皮肤),scar (skin),L90.5,0.9600024819374084,,,,,
1329,3,伴有肠梗阻,with intestinal obstruction,K56.5,0.9967665076255798,,,,,
1329,3,包皮,"preputial, prepuce",N47,0.9872843623161316,,,,,
1329,3,鼻(中隔)(与鼻甲),nasal (septum) (to turbinates),J34.8,0.9837680459022522,,,,,
1329,3,玻璃体,vitreous,H43.8,0.9492522478103638,,,,,
1329,3,产后，陈旧性(外阴或会阴),"postpartal, old (vulva or perineum)",N90.8,0.9959242939949036,,,,,
1329,3,肠，肠系膜(另见粘连，腹膜),"bowel, intestine, mesenteric (see also Adhesions, peritoneum)",K66.0,0.98858642578125,,,,,
1329,4,伴有梗阻,with obstruction,K56.5,0.9714374542236328,,,,,
1329,3,胆囊，胆囊管,"gallbladder, cystic duct",K82.8,0.9978556632995605,,,,,
1329,3,胆总管(肝总管),bile duct (common) (hepatic),K83.8,0.9848062992095947,,,,,
1329,3,肺,"lung, pulmonary",J98.4,0.9450668692588806,,,,,
1329,3,附睾,epididymis,N50.8,0.9827302098274231,,,,,
1329,3,腹(壁)(另见粘连，腹膜),"abdominal (wall) (see also Adhesions, peritoneum)",K66.0,0.9879782199859619,,,,,
1329,3,腹膜(感染后),"peritoneum, peritoneal (postinfective)",K66.0,0.988258957862854,,,,,
1329,4,伴有(肠)梗阻,with obstruction (intestinal),K56.5,0.9815883040428162,,,,,
1329,4,产后，盆腔,"postpartal, pelvic",N73.6,0.9904683232307434,,,,,
1329,4,盆腔，女性,"pelvic, female",N73.6,0.9698335528373718,,,,,
1329,5,操作后,postprocedural,N99.4,0.9771596789360046,,,,,
1329,4,先天性,congenital,Q43.3,0.9747161865234375,,,,,
1329,4,与子宫,to uterus,N73.6,0.9837360382080078,,,,,
1329,3,腹内(另见粘连，腹膜),"intra-abdominal (see also Adhesions, peritoneum)",K66.0,0.9896566271781921,,,,,
1329,3,肝(另见粘连，腹膜),"liver (see also Adhesions, peritoneum)",K66.0,0.9838430285453796,,,,,
1329,3,睾丸,testis,N50.8,0.9726848006248474,,,,,
1329,3,膈(另见粘连，腹膜),"diaphragm (see also Adhesions, peritoneum)",K66.0,0.9731422662734985,,,,,
1329,3,宫颈,cervix,N88.1,0.9624658226966858,,,,,
1329,3,宫颈阴道,cervicovaginal,N88.1,0.9848214983940125,,,,,
1329,4,产后,postpartal,O90.8,0.9078446626663208,,,,,
1329,5,陈旧性,old,N88.1,0.9242439270019531,,,,,
1329,4,先天性,congenital,Q52.8,0.9483705163002014,,,,,
1330,3,关节,joint,M24.8,0.9530773162841797,,,,,
1330,4,膝,knee,M23.8,0.9778027534484863,,,,,
1330,3,虹膜 NEC,iris NEC,H21.5,0.9760280847549438,,,,,
1330,4,与角膜移植物,to corneal graft,T85.8,0.9631541967391968,,,,,
1330,3,回肠(另见粘连，腹膜),"ileum (see also Adhesions, peritoneum)",K66.0,0.9872007966041565,,,,,
1330,3,回盲部(袢)(另见粘连，腹膜),"ileocecal (coil) (see also Adhesions, peritoneum)",K66.0,0.9824911952018738,,,,,
1330,3,会厌,epiglottis,J38.7,0.9454647898674011,,,,,
1330,3,肌腱炎,tendinitis,M65.8,0.9945760369300842,,,,,
1330,4,肩(关节),shoulder (joint),M75.0,0.9938697814941406,,,,,
1330,3,肩胛下,subscapular,M75.0,0.9956545233726501,,,,,
1330,3,结肠(另见粘连，腹膜),"colon (see also Adhesions, peritoneum)",K66.0,0.9899253845214844,,,,,
1330,3,结膜(后天性),conjunctiva (acquired),H11.2,0.9714853167533875,,,,,
1330,4,先天性,congenital,Q15.8,0.9347572326660156,,,,,
1330,3,睫状体 NEC,ciliary body NEC,H21.5,0.9605435132980347,,,,,
1330,3,精囊，精囊周,"seminal vesicle, perivesicular",N50.8,0.9935359358787537,,,,,
1330,3,精索(后天性),spermatic cord (acquired),N50.8,0.989318311214447,,,,,
1330,4,先天性,congenital,Q55.4,0.8886892199516296,,,,,
1330,3,阑尾，阑尾周,"appendix, periappendiceal",K38.8,0.9466596841812134,,,,,
1330,3,卵巢，卵巢旁，卵巢周,"ovary, paraovarian, periovarian",N73.6,0.9916086792945862,,,,,
1330,4,先天性(与盲肠，肾或网膜),"congenital (to cecum, kidney or omentum)",Q50.3,0.9755501747131348,,,,,
1330,3,盲肠(另见粘连，腹膜),"cecum (see also Adhesions, peritoneum)",K66.0,0.9928915500640869,,,,,
1330,3,脑(脊)膜,meninges (cerebral) (spinal),G96.1,0.9810298681259155,,,,,
1330,4,结核性(大脑)(脊柱),tuberculous (cerebral) (spinal),A17.0+ G01*,0.9755380749702454,,,,,
1330,4,先天性,congenital,Q07.8,0.9675818085670471,,,,,
1330,3,女性盆腔,female pelvis,N73.6,0.947438657283783,,,,,
1330,3,膀胱(括约肌)，膀胱周,"bladder (sphincter), perivesical",N32.8,0.9656057953834534,,,,,
1330,3,盆腔(腹膜),pelvic (peritoneal),,0.9985319972038269,,,,,
1330,4,产后(陈旧性),postpartal (old),N73.6,0.9728264808654785,,,,,
1330,4,结核性,tuberculous,A18.1+ N74.1*,0.9693038463592529,,,,,
1330,4,男性(另见粘连，腹膜),"male (see also Adhesions, peritoneum)",K66.0,0.9871871471405029,,,,,
1330,4,女性,female,N73.6,0.9638149738311768,,,,,
1330,5,操作后,postprocedural,N99.4,0.9876657724380493,,,,,
1330,3,气管,trachea,J39.8,0.9780819416046143,,,,,
1330,3,前列腺周,periprostatic,N42.8,0.9817520380020142,,,,,
1330,3,鞘膜,tunica vaginalis,N50.8,0.9723317623138428,,,,,
1330,3,舌，先天性(与龈或口腔顶),"tongue, congenital (to gum or roof of mouth)",Q38.3,0.9966540336608887,,,,,
1330,3,肾周,"tongue, congenital (to gum or roof of mouth)",N28.8 Q38.3,0.9891277551651001,,,,,
1330,3,十二指肠(另见粘连，腹膜),perirenal,K66.0 N28.8,0.9764689803123474,,,,,
1330,3,手术后,"duodenum (see also Adhesions, peritoneum)",K66.0,0.9989414811134338,,,,,
1330,4,伴有梗阻,postoperative,K91.3,0.9597806930541992,,,,,
1330,4,盆腔腹膜,with obstruction,N99.4 K91.3,0.9876769781112671,,,,,
1330,3,阴道,pelvic peritoneal,N99.2 N99.4,0.9733758568763733,,,,,
1330,4,由于异物意外留在伤口内,vagina due to foreign body accidentally left in wound,T81.5 N99.2,0.9566622972488403,,,,,
1331,3,输卵管卵巢,tubo-ovarian,N73.6,0.9851266145706177,,,,,
1331,3,输卵管周,peritubal,N73.6,0.9701175689697266,,,,,
1331,3,输尿管周,periureteral,N28.8,0.9933030009269714,,,,,
1331,3,胎盘(伴有出血),placenta(with hemorrhage),O72.0,0.9780027270317078,,,,,
1331,4,不伴有出血,without hemorrhage,O73.0,0.9636756777763367,,,,,
1331,3,瞳孔,pupil,H21.5,0.9869058132171631,,,,,
1331,3,外阴,vulva,N90.8,0.9436061382293701,,,,,
1331,3,网膜(另见粘连，腹膜),"omentum (see also Adhesions, peritoneum)",K66.0,0.9827218055725098,,,,,
1331,3,胃，胃周(另见粘连，腹膜),"stomach, perigastric (see also Adhesions, peritoneum)",K66.0,0.9753710031509399,,,,,
1331,3,先天性(另见异常，按部位),"congenital (see also Anomaly, by site)",,0.9910691976547241,,,,,
1331,4,腹膜,peritoneal,Q43.3,0.9421852827072144,,,,,
1331,4,脚趾,toes,Q70.2,0.9312521815299988,,,,,
1331,4,舌(与龈或口腔顶),tongue (to gum or roof of mouth),Q38.3,0.9660662412643433,,,,,
1331,4,手指,fingers,Q70.0,0.951549768447876,,,,,
1331,4,网膜，异常的,"omental, anomalous",Q43.3,0.9553681015968323,,,,,
1331,3,心包,pericardium,I31.0,0.9777972102165222,,,,,
1331,4,风湿性,rheumatic,I09.2,0.9643412232398987,,,,,
1331,4,结核性,tuberculous,A18.8+ I32.0*,0.9182111024856567,,,,,
1331,4,局部,focal,I31.8,0.9268935322761536,,,,,
1331,3,心脏,"cardiac, heart",I31.0,0.9880517721176147,,,,,
1331,4,风湿性,rheumatic,I09.2,0.9859620928764343,,,,,
1331,3,胸膜心包性,pleuropericardial,J94.8,0.9875184893608093,,,,,
1331,3,胸膜炎性,"pleura, pleuritic",J94.8,0.9754206538200378,,,,,
1331,4,结核性 NEC,tuberculous NEC,A16.5,0.9684472680091858,,,,,
1331,3,眼肌,ocular muscle,H50.6,0.9848198294639587,,,,,
1331,3,眼睑,eyelid,H02.5,0.9861729145050049,,,,,
1331,3,眼球,globe,H44.8,0.974860429763794,,,,,
1331,3,羊膜与胎儿,amnion to fetus,O41.8,0.9730951189994812,,,,,
1331,4,影响到胎儿或新生儿,affecting fetus or newborn,P02.8,0.970999538898468,,,,,
1331,3,乙状结肠曲(另见粘连，腹膜),"sigmoid flexure (see also Adhesions, peritoneum)",K66.0,0.9695850014686584,,,,,
1331,3,阴唇(大)(小)，先天性,"labium (majus) (minus), congenital",Q52.5,0.982453465461731,,,,,
1331,3,阴唇(小),labia (minora),N90.8,0.9742230176925659,,,,,
1331,3,阴道(慢性),vagina (chronic),N89.5,0.958644688129425,,,,,
1331,4,手术后,postoperative,N99.2,0.94267338514328,,,,,
1331,3,阴蒂,clitoris,N90.8,0.9702633619308472,,,,,
1331,3,阴茎与阴囊(先天性),penis to scrotum (congenital),Q55.8,0.9839783906936646,,,,,
1331,3,硬膜外-见粘连，脑(脊)膜,"epidural - see Adhesions, meninges",,0.9936903715133667,,,,,
1331,3,幽门(另见粘连，腹膜),"pylorus (see also Adhesions, peritoneum)",K66.0,0.9878688454627991,,,,,
1331,3,由于异物-见异物,due to foreign body - see Foreign body,,0.9942909479141235,,,,,
1331,3,锥管,spinal canal,G96.1,0.9759824872016907,,,,,
1332,3,子宫,uterus,N73.6,0.9659610390663147,,,,,
1332,4,内,internal,N85.6,0.9249869585037231,,,,,
1332,4,与腹壁,to abdominal wall,N73.6,0.967714250087738,,,,,
1332,3,子宫内,intra-uterine,N85.6,0.9281331896781921,,,,,
1332,3,子宫周,periuterine,N73.6,0.9175357818603516,,,,,
1332,3,纵隔,mediastinum,J98.5,0.9537438750267029,,,,,
1332,3,坐骨神经,sciatic nerve,G57.0,0.9893612861633301,,,,,
1332,1,zhān 詹,,,0.9624382853507996,,,,,
1332,2,詹诺托-克罗斯蒂病,Giannotti-Crosti disease,L44.4,0.9999635815620422,,,,,
1332,2,詹森病[近视性视网膜脉络膜炎],Jensen's disease,H30.0,0.9918991327285767,,,,,
1332,1,zhān 谵,,,0.9200733304023743,,,,,
1332,2,谵妄，妄想(急性或亚急性)(非酒精或药物性),"Delirium, delirious (acute or subacute) (not alcohol or drug-induced)",F05.9,0.9917983412742615,,,,,
1332,3,产褥期,puerperal,F05.8,0.9961637854576111,,,,,
1332,3,创伤性-见损伤，颅内,"traumatic - see Injury, intracranial",,0.9886132478713989,,,,,
1332,3,非附加于痴呆的,not superimposed on dementia,F05.0,0.9808494448661804,,,,,
1332,3,附加于痴呆的,superimposed on dementia,F05.1,0.994342029094696,,,,,
1332,3,混合性起源(痴呆和其他),mixed origin (dementia and other),F05.8,0.9878238439559937,,,,,
1332,3,甲状腺,thyroid,E05.5,0.9643773436546326,,,,,
1332,3,酒精中毒性(急性)(震颤性)(戒断),alcoholic (acute) (tremens) (withdrawal),F10.4,0.9575091600418091,,,,,
1332,4,慢性,chronic,F10.6,0.9446439743041992,,,,,
1332,3,尿毒症的,uremic,N19,0.987994372844696,,,,,
1332,3,衰竭,exhaustion,F43.0,0.9653434753417969,,,,,
1332,3,癔症性,hysterical,F44.8,0.9556707739830017,,,,,
1332,3,由于(继发于),due to (secondary to),,0.9928938150405884,,,,,
1332,4,苯丙胺(或相关物质)中毒(急性),amfetamine (or related substance) intoxication (acute),F15.0,0.991254448890686,,,,,
1332,4,苯环利定(或相关物质)中毒(急性),phencyclidine (or related substance) intoxication (acute),F19.0,0.9761014580726624,,,,,
1332,4,病因学未知,unknown etiology,F05.9,0.9552125930786133,,,,,
1332,4,大麻类中毒(急性),cannabis intoxication (acute),F12.0,0.9768517017364502,,,,,
1332,4,多发性病因学,multiple etiologies,F05.8,0.9575151205062866,,,,,
1332,4,戒断状态-编码于F10-F19伴有第四位数.4,withdrawal state - code to F10-F19 with fourth character.4,,0.9881696105003357,,,,,
1332,4,精神活性物质NEC,psychoactive substance NEC,,0.9729518890380859,,,,,
1332,5,戒断,withdrawal,F19.4,0.9069907665252686,,,,,
1332,5,中毒性,intoxication,F19.0,0.9485422372817993,,,,,
1332,4,酒精,alcohol,,0.8842993974685669,,,,,
1332,5,戒断,withdrawal,F10.4,0.9703467488288879,,,,,
1332,5,中毒性,intoxication,F10.0,0.9859870672225952,,,,,
1333,4,可卡因中毒(急性),cocaine intoxication (acute),F14.0,0.9644075036048889,,,,,
1333,4,类阿片中毒(急性),opioid intoxication (acute),F11.0,0.9547516107559204,,,,,
1333,4,全身性医疗情况,general medical condition,F05.0,0.962439775466919,,,,,
1333,4,吸入剂中毒(急性),inhalant intoxication (acute),F18.0,0.9575023651123047,,,,,
1333,4,镇静剂、催眠剂或抗焦虑药,"sedative, hypnotic or anxiolytic",,0.9442943930625916,,,,,
1333,5,戒断,withdrawal,F13.4,0.9432953596115112,,,,,
1333,5,中毒性,intoxication,F13.0,0.8960586190223694,,,,,
1333,4,致幻剂中毒(急性),hallucinogen intoxication (acute),F16.0,0.9652265906333923,,,,,
1333,3,震颤性(酒精中毒性),tremens (alcohol-induced),F10.4,0.9822283983230591,,,,,
1333,4,药物戒断-编码于F11-F19伴有第四位数.4,drug withdrawal - code to F11-F19 with fourth character.4,,0.970409095287323,,,,,
1333,1,zhǎn 展,,,0.94028240442276,,,,,
1333,2,展长，延长(先天性)－另见扭转,"Elongated, elongation (congenital) - see also Distortion",,0.968309223651886,,,,,
1333,3,柄(会厌),petiolus (epiglottidis),Q31.8,0.987183153629303,,,,,
1333,3,胆囊管,cystic duct,Q44.5,0.9863488078117371,,,,,
1333,3,胆总管,common bile duct,Q44.5,0.9957106113433838,,,,,
1333,3,宫颈,cervix (uteri),Q51.8,0.968030571937561,,,,,
1333,4,肥大性,hypertrophic,N88.4,0.978341281414032,,,,,
1333,3,结肠,colon,Q43.8,0.9981763362884521,,,,,
1333,3,韧带髌骨,ligamentum patellae,Q74.1,0.9881290197372437,,,,,
1333,3,系带，阴茎,"frenulum, penis",Q55.6,0.9804777503013611,,,,,
1333,3,小阴唇(后天性),labia minora (acquired),N90.6,0.9956480860710144,,,,,
1333,3,牙,"tooth, teeth",K00.2,0.9583420157432556,,,,,
1333,1,zhàn 战,,,0.9655148983001709,,,,,
1333,2,战斗疲劳,"Battle exhaustion, Combat fatigue",F43.0,0.99539715051651,,,,,
1333,2,战壕,Trench,,0.9980049133300781,,,,,
1333,3,口腔,mouth,A69.1,0.9708272814750671,,,,,
1333,3,热,fever,A79.0,0.9922019839286804,,,,,
1333,3,足,foot,T69.0,0.9793015122413635,,,,,
1333,2,战壕热,"Volhynian fever, Wolhynian fever",A79.0,0.9886291027069092,,,,,
1333,2,战争神经症,War neurosis,F48.8,0.9999111890792847,,,,,
1333,1,zhàn 站,,,0.940628707408905,,,,,
1333,2,站立不能(-行走不能)(癔症性),Astasia(-abasia) (hysterical),F44.4,0.938827395439148,,,,,
1334,1,zhāng 张,,,0.9961197972297668,,,,,
1334,2,张力过低，低张性，张力减退,"Hypotonia, hypotonicity, hypotony",,0.9965986609458923,,,,,
1334,3,膀胱,bladder,N31.2,0.9721446633338928,,,,,
1334,3,先天性(良性),congenital (benign),P94.2,0.9658178687095642,,,,,
1334,3,眼,eye,H44.4,0.9606172442436218,,,,,
1334,2,张力过高，高张性,"Hypertony, hypertonia, hypertonicity",,0.9997802376747131,,,,,
1334,3,膀胱,bladder,N31.8,0.9738001227378845,,,,,
1334,3,胃,stomach,K31.8,0.9714142680168152,,,,,
1334,4,心因性,psychogenic,F45.3,0.9629433155059814,,,,,
1334,3,先天性,congenital,P94.1,0.9689738154411316,,,,,
1334,3,子宫(挛缩)(并发于分娩),"uterus, uterine (contractions) (complicating delivery)",O62.4,0.9463787078857422,,,,,
1334,4,影响到胎儿或新生儿,affecting fetus or newborn,P03.6,0.9892874360084534,,,,,
1334,2,张力缺失，弛缓(性),"Atonia, atony, atonic",,0.9974420666694641,,,,,
1334,3,肠,intestine,K59.8,0.9363600015640259,,,,,
1334,4,心因性,psychogenic,F45.3,0.9717310070991516,,,,,
1334,3,结肠-见张力缺失，肠,"colon – see Atonia, intestine",,0.9499908089637756,,,,,
1334,3,盲肠,cecum,K59.8,0.9860836863517761,,,,,
1334,4,心因性,psychogenic,F45.3,0.9855700731277466,,,,,
1334,3,毛细血管,capillary,I78.8,0.9561049342155457,,,,,
1334,3,膀胱(括约肌)(神经源性),bladder (sphincter) (neurogenic),N31.2,0.9819506406784058,,,,,
1334,3,食管,esophagus,K22.8,0.9767919778823853,,,,,
1334,3,胃,stomach,K31.8,0.9750176072120667,,,,,
1334,4,神经症性或心因性,neurotic or psychogenic,F45.3,0.9650397300720215,,,,,
1334,3,先天性,congenital,P94.2,0.9736232757568359,,,,,
1334,3,子宫收缩，产程期间,"uterus, during labor",O62.2,0.9517802596092224,,,,,
1334,4,影响到胎儿或新生儿,affecting fetus or newborn,P03.6,0.976952075958252,,,,,
1334,2,张力失常,Dystonia,G24.9,0.9999339580535889,,,,,
1334,3,变形性,"deformans progressive, musculorum deformans",G24.1,0.9741800427436829,,,,,
1334,3,豆核性,lenticularis,G24.8,0.9962018728256226,,,,,
1334,3,口面部(特发性),orofacial (idiopathic),G24.4,0.9903842806816101,,,,,
1334,3,扭转性(特发性),torsion (idiopathic),G24.1,0.9925535321235657,,,,,
1334,4,症状性(非家族性),symptomatic (nonfamilial),G24.2,0.9892959594726562,,,,,
1334,3,特发性,idiopathic,G24.1,0.9979474544525146,,,,,
1334,4,非家族性,nonfamilial,G24.2,0.9768683314323425,,,,,
1334,4,家族性,familial,G24.1,0.9503087997436523,,,,,
1334,4,口面部,orofacial,G24.4,0.9184324145317078,,,,,
1334,3,特指的 NEC,specified NEC,G24.8,0.976710319519043,,,,,
1334,3,药物性,drug-induced,G24.0,0.9620442390441895,,,,,
1334,2,张力障碍性运动,Dystonic movements,R25.8,0.9973019361495972,,,,,
1335,1,zhǎng 掌,,,,,,,,
1335,2,掌 - 另见情况,Palmar - see also condition,,0.9452472925186157,,,,,
1335,3,筋膜的- 见情况,fascia - see condition,,0.9471523761749268,,,,,
1335,2,掌骨骨折,Stave fracture,S62.4,0.9767796397209167,,,,,
1335,2,掌跖汗疱,Cheiropompholyx,L30.1,0.9991638660430908,,,,,
1335,2,掌跖脓疱病,Pustulosis palmaris et plantaris,L40.3,0.9965780973434448,,,,,
1335,1,zhàng 胀,,,0.9369574189186096,,,,,
1335,2,胀气[屁],Flatus,R14,0.9562428593635559,,,,,
1335,3,阴道气响,vaginalis,N89.8,0.9888384342193604,,,,,
1335,1,zhàng 障,,,0.9913844466209412,,,,,
1335,2,障碍-另见病,"Disorder, Disturbance - see also Disease",,0.9977556467056274,,,,,
1335,3,布里凯,Briquet's,F45.0,0.9786189198493958,,,,,
1335,3,撤回性，童年或青少年,"withdrawing, child or adolescent",F93.2,0.9926224946975708,,,,,
1335,3,成人人格(和行为),adult personality (and behavior),F69,0.9951701760292053,,,,,
1335,4,特指的NEC,specified NEC,F68.8,0.9581455588340759,,,,,
1335,3,持续性,"persisting, persistent",,0.9990860223770142,,,,,
1335,4,情感性(心境),affective (mood),F34.9,0.9723950028419495,,,,,
1335,4,认知损害,cognitive impairment,R41.8,0.9589490294456482,,,,,
1335,5,由于,due to,,0.8253492116928101,,,,,
1335,6,大麻类,cannabis,F12.7,0.9329070448875427,,,,,
1335,6,酒精,alcohol,F10.7,0.8983122706413269,,,,,
1335,6,特指的物质NEC,specified substance NEC,F19.7,0.9650933742523193,,,,,
1335,6,镇静剂、催眠剂或抗焦虑药,"sedatives, hypnotics or anxiolytics",F13.7,0.9594337344169617,,,,,
1335,6,致幻剂,hallucinogens,F16.7,0.9319503307342529,,,,,
1335,4,痛(躯体形式),pain (somatoform),F45.4,0.9804806709289551,,,,,
1335,4,遗忘性,amnestic,,0.9266989827156067,,,,,
1335,5,酒精中毒性,alcoholic,F10.6,0.9763109683990479,,,,,
1335,5,镇静剂诱发的,sedative-induced,F13.6,0.9932817220687866,,,,,
1335,3,冲动(控制),impulse (control),F63.9,0.9869520664215088,,,,,
1335,3,抽动-见抽动,tic - see Tic,,0.9221287369728088,,,,,
1335,3,触觉-见障碍，感觉,"touch - see Disturbance, sensation",,0.9914599657058716,,,,,
1335,3,处境性(短暂性)(另见反应，调节),"situational (transient) (see also Reaction, adjustment)",F43.2,0.9972330927848816,,,,,
1335,4,急性,acute,F43.0,0.9504337310791016,,,,,
1335,3,创伤后应激,post-traumatic stress,F43.1,0.9789563417434692,,,,,
1335,3,大脑,cerebral,,0.9927737712860107,,,,,
1335,4,神经-见疾患，神经，颅,"nerve - see Disorder, nerve, cranial",,0.9705673456192017,,,,,
1335,4,状态，新生儿,"status, newborn",P91.9,0.9898734092712402,,,,,
1335,5,特指的 NEC,specified NEC,P91.8,0.9672729969024658,,,,,
1336,3,代谢-见紊乱，代谢,"metabolism - see Disorder, metabolism",,0.9552540183067322,,,,,
1336,4,磷酸酶,phosphatases,E83.3,0.9860982894897461,,,,,
1336,3,动眼,oculomotor,H51.9,0.99009108543396,,,,,
1336,4,心因性,psychogenic,F45.8,0.9592519998550415,,,,,
1336,3,对立违抗性,oppositional defiant,F91.3,0.9803593754768372,,,,,
1336,3,多动,"hyperkinetic, overactive",F90.9,0.9759148955345154,,,,,
1336,4,特指的NEC,specified NEC,F90.8,0.9741187691688538,,,,,
1336,3,与精神发育迟缓和刻板动作有关的,associated with mental retardation and stereotyped movements,F84.4,0.9828552007675171,,,,,
1336,3,多腺体,polyglandular,E31.9,0.994170606136322,,,,,
1336,4,特指的 NEC,specified NEC,E31.8,0.963107168674469,,,,,
1336,3,多重人格,multiple personality,F44.8,0.9953936338424683,,,,,
1336,3,恶劣心境,dysthymic,F34.1,0.9951833486557007,,,,,
1336,3,发育性,developmental,F89,0.9492362141609192,,,,,
1336,4,表达性书写,expressive writing,F81.8,0.9898976683616638,,,,,
1336,4,共济(运动性),coordination (motor),F82,0.9765762090682983,,,,,
1336,4,混合的,mixed,F83,0.9914359450340271,,,,,
1336,4,计算技能,arithmetical skills,F81.2,0.954571545124054,,,,,
1336,4,弥漫性[综合性],pervasive,F84.9,0.970007061958313,,,,,
1336,5,特指的NEC,specified NEC,F84.8,0.9793604612350464,,,,,
1336,4,书写表达,written expression,F81.8,0.99603670835495,,,,,
1336,4,特指的 NEC,specified NEC,F88,0.9721627831459045,,,,,
1336,4,学习，学习技能,"learning, scholastic skills",F81.9,0.9914959073066711,,,,,
1336,5,混合的,mixed,F81.3,0.9779890179634094,,,,,
1336,5,特指的 NEC,specified NEC,F81.8,0.9391235113143921,,,,,
1336,5,计算,arithmetical,F81.2,0.9536001682281494,,,,,
1336,4,阅读,reading,F81.0,0.9880274534225464,,,,,
1336,4,言语,speech,F80.9,0.9678983688354492,,,,,
1336,5,清晰度,articulation,F80.0,0.9834455251693726,,,,,
1336,5,和语言障碍,and language disorder,F80.9,0.9495245218276978,,,,,
1336,4,语言(感受型),language (receptive type),F80.2,0.9718633890151978,,,,,
1336,5,表达性,expressive,F80.1,0.9823067784309387,,,,,
1336,4,语音学,phonological,F80.0,0.9873727560043335,,,,,
1336,4,阅读,reading,F81.0,0.9568448066711426,,,,,
1336,4,运动共济或运动功能,motor coordination or function,F82,0.9906813502311707,,,,,
1336,4,综合性[弥漫性],pervasive,F84.9,0.9776710867881775,,,,,
1336,5,特指的 NEC,specified NEC,F84.8,0.949857234954834,,,,,
1336,3,反射,reflex,R29.2,0.9896304607391357,,,,,
1336,3,反应性依恋(童年),reactive attachment (childhood),F94.1,0.9913039207458496,,,,,
1336,3,反刍(婴儿或儿童),rumination (infant or child),F98.2,0.9969172477722168,,,,,
1337,3,非器质性精神(由于)(另见精神病),psychotic (due to) (see also Psychosis),F29,0.9815015196800232,,,,,
1337,4,苯丙胺(或相关物质)(中毒),amfetamine (or related substance) (intoxication),F15.5,0.9842709898948669,,,,,
1337,4,苯环利定(苯环己哌啶)(或相关物质),phencyclidine (PCP) (or related substance),F19.5,0.9734335541725159,,,,,
1337,5,急性中毒,acute intoxication,F19.0,0.9594790935516357,,,,,
1337,3,残留性和晚期发病,residual and late-onset,,0.9986693263053894,,,,,
1337,3,酒精中毒性,alcohol-induced,F10.7,0.9511331915855408,,,,,
1337,4,药物性-编码于F11-F19 伴有第四位数.7,drug-induced - code to F11-F19 with fourth character.7,,0.9820599555969238,,,,,
1337,5,大麻类,cannabis,F12.5,0.9654930233955383,,,,,
1337,4,短暂的,brief,,0.9110246300697327,,,,,
1337,5,伴有精神分裂症样特征,with schizophrenia-like features,F23.2,0.9784935116767883,,,,,
1337,5,不伴有精神分裂症样特征,without schizophrenia-like features,F23.3,0.970159649848938,,,,,
1337,4,短暂性(急性),transient (acute),F23.9,0.9776299595832825,,,,,
1337,5,特指的 NEC,specified NEC,F23.8,0.9209514260292053,,,,,
1337,4,多形性，急性(不伴有精神分裂症症状),"polymorphic, acute (without symptoms of schizophrenia)",F23.0,0.9823092222213745,,,,,
1337,3,伴有精神分裂症症状,with symptoms of schizophrenia,F23.1,0.9561195373535156,,,,,
1337,4,急性,acute,F23.9,0.9791551232337952,,,,,
1337,5,特指的NEC,specified NEC,F23.8,0.9956254959106445,,,,,
1337,4,精神活性物质NEC,psychoactive substance NEC,,0.9916365146636963,,,,,
1337,5,戒断,withdrawal,F19.3,0.9637421369552612,,,,,
1337,5,中毒性,intoxication,F19.5,0.9313209056854248,,,,,
1337,4,酒精性，酒精中毒性,"alcohol(-induced), alcoholic",F10.5,0.980097770690918,,,,,
1337,5,中毒性(急性),intoxication (acute),F10.5,0.9661019444465637,,,,,
1337,4,可卡因(中毒),cocaine (intoxication),F14.5,0.9440920948982239,,,,,
1337,4,类阿片中毒(急性),opioid intoxication (acute),F11.5,0.9744356870651245,,,,,
1337,4,全身性医疗情况(继发性)伴有,general medical condition (secondary) with,,0.9516687393188477,,,,,
1337,5,幻觉,hallucinations,F06.0,0.9711981415748596,,,,,
1337,5,妄想,delusions,F06.2,0.9924295544624329,,,,,
1337,3,妄想性,delusional,F22.0,0.9956433773040771,,,,,
1337,5,急性,acute,F23.3,0.9446938037872314,,,,,
1337,4,吸入剂(中毒),inhalant (intoxication),F18.5,0.9764304757118225,,,,,
1337,4,诱发,induced,F24,0.9775153398513794,,,,,
1337,4,镇静剂、催眠剂或抗焦虑药(中毒),"sedative, hypnotic or anxiolytic (intoxication)",F13.5,0.9785415530204773,,,,,
1337,4,致幻剂,hallucinogens,F16.5,0.9477014541625977,,,,,
1337,5,戒断,withdrawal,F16.4,0.9761573076248169,,,,,
1337,5,中毒性(急性),intoxication (acute),F16.0,0.9859122633934021,,,,,
1337,3,非社会化攻击性,unsocialized aggressive,F91.1,0.9832030534744263,,,,,
1337,3,分离性,dissociative,F44.9,0.9975866079330444,,,,,
1337,4,短暂的反应性,brief reactive,F43.0,0.9625110626220703,,,,,
1337,4,混合的,mixed,F44.7,0.9411152601242065,,,,,
1337,4,器质性,organic,F06.5,0.9808294177055359,,,,,
1338,4,影响,affecting,,0.9361534118652344,,,,,
1338,5,感觉,sensation,F44.6,0.9802533388137817,,,,,
1338,5,运动功能,motor function,F44.4,0.9660833477973938,,,,,
1338,6,和感觉,and sensation,F44.7,0.987601101398468,,,,,
1338,4,由于(继发于)全身性医疗情况,due to (secondary to) general medical condition,F06.5,0.9806250333786011,,,,,
1338,3,分裂情感性,schizoaffective,F25.9,0.9704908132553101,,,,,
1338,4,混合型,mixed type,F25.2,0.9853639006614685,,,,,
1338,4,双相型,bipolar type,F25.2,0.9899975061416626,,,,,
1338,4,特指的NEC,specified NEC,F25.8,0.9948829412460327,,,,,
1338,4,抑郁型,depressive type,F25.1,0.9763297438621521,,,,,
1338,4,躁狂型,manic type,F25.0,0.9785588383674622,,,,,
1338,3,分裂型(人格),schizotypal (personality),F21,0.9802079796791077,,,,,
1338,3,分裂样，童年的,"schizoid, of childhood",F84.5,0.9897849559783936,,,,,
1338,3,复发性短暂抑郁,recurrent brief depressive,F38.1,0.9968981146812439,,,,,
1338,3,感觉(冷)(热)(局部)(触觉的分辨)(质地)(振动的)NEC,"perception, sensation, sensory (cold)(heat) (localization) (tactile discrimination) (texture) (vibratory) NEC",R20.8,0.9845226407051086,,,,,
1338,4,皮肤,skin,R20.8,0.9701140522956848,,,,,
1338,4,味觉,taste,R43.2,0.939457356929779,,,,,
1338,4,嗅觉,smell,R43.1,0.9842742085456848,,,,,
1338,5,和味觉(混合的),and taste (mixed),R43.8,0.9655366539955139,,,,,
1338,4,癔症性,hysterical,F44.6,0.931153416633606,,,,,
1338,4,由于致幻剂引起的,due to hallucinogens,F16.7,0.9793136119842529,,,,,
1338,3,感受性语言,receptive language,F80.2,0.9930741190910339,,,,,
1338,3,攻击型，非社会化,"aggressive, unsocialized",F91.1,0.9791750907897949,,,,,
1338,3,孤独,autistic,F84.0,0.9475829601287842,,,,,
1338,3,关系,relationship,F68.8,0.9672770500183105,,,,,
1338,4,由于性取向,due to sexual orientation,F66.2,0.9479470252990723,,,,,
1338,3,过度焦虑，童年期,"overanxious, of childhood",F93.8,0.9873330593109131,,,,,
1338,3,环性气质,cyclothymic,F34.0,0.9843568801879883,,,,,
1338,3,回避性，童年或青少年,"avoidant, child or adolescent",F93.2,0.9861042499542236,,,,,
1338,3,混合性,mixed,,0.9293060898780823,,,,,
1338,4,焦虑和抑郁,anxiety and depressive,F41.2,0.9622133374214172,,,,,
1338,4,学习技能的(发育性),of scholastic skills (developmental),F81.3,0.9941518306732178,,,,,
1338,4,语言感受性表达性,receptive expressive language,F80.2,0.9876508116722107,,,,,
1338,3,急性,acute,,0.9814807772636414,,,,,
1338,4,非器质性精神(另见精神病，急性),"psychotic (see also Psychosis, acute)",F23.9,0.9830077886581421,,,,,
1338,5,伴有精神分裂症样特征,with schizophrenia-like features,F23.2,0.9830639958381653,,,,,
1338,5,特指的NEC,specified NEC,F23.8,0.9793105125427246,,,,,
1338,4,应激,stress,F43.0,0.9822617769241333,,,,,
1338,3,记忆(另见遗忘症),memory (see also Amnesia),R41.3,0.9870555996894836,,,,,
1338,4,轻度，器质性脑损害后,"mild, following organic brain damage",F06.7,0.9724109768867493,,,,,
1339,3,间歇性爆发性,intermittent explosive,F63.8,0.9791287779808044,,,,,
1339,3,焦虑,"anxiety, dysphoric",F41.9,0.9964004755020142,,,,,
1339,4,混合的,mixed,,0.9256032705307007,,,,,
1339,5,伴有抑郁(轻度),with depression (mild),F41.2,0.9331423044204712,,,,,
1339,5,特指的NEC,specified NEC,F41.3,0.9613860249519348,,,,,
1339,4,恐怖,phobic,F40.9,0.9688694477081299,,,,,
1339,4,童年的.,of childhood .,F93,0.9706123471260071,,,,,
1339,4,器质性,organic,F06.4,0.9267263412475586,,,,,
1339,4,全身性,generalized,F41.1,0.9769657254219055,,,,,
1339,4,特指的NEC,specified NEC,F41.8,0.9621992111206055,,,,,
1339,4,由于(继发于),due to (secondary to),,0.9059524536132812,,,,,
1339,5,苯丙胺(或相关物质),amfetamine (or related substance),F15.8,0.989361584186554,,,,,
1339,5,苯环利定(或相关物质),phencyclidine (or related substance),F19.8,0.9834479093551636,,,,,
1339,5,大麻类,cannabis,F12.8,0.9036912322044373,,,,,
1339,5,挥发性溶剂,volatile solvents,F18.8,0.975154459476471,,,,,
1339,5,精神活性物质NEC,psychoactive substance NEC,F19.8,0.9614520072937012,,,,,
1339,5,酒精,alcohol,F10.8,0.9570140838623047,,,,,
1339,5,咖啡因,caffeine,F15.8,0.9851288199424744,,,,,
1339,5,可卡因,cocaine,F14.8,0.8880866169929504,,,,,
1339,5,全身性医疗情况,general medical condition,F06.4,0.9619886875152588,,,,,
1339,5,吸入剂,inhalant,F18.8,0.9724706411361694,,,,,
1339,5,镇静剂、催眠剂或抗焦虑药,"sedative, hypnotic or anxiolytic",F13.8,0.9774624109268188,,,,,
1339,5,致幻剂,hallucinogen,F16.8,0.9448303580284119,,,,,
1339,4,月经前的,premenstrual,F38.8,0.9767305850982666,,,,,
1339,3,紧张型,catatonic,,0.9651034474372864,,,,,
1339,4,精神分裂症,schizophrenia,F20.2,0.9843624234199524,,,,,
1339,4,器质性,organic,F06.1,0.9799436330795288,,,,,
1339,4,由于(继发于)全身性医疗情况,due to (secondary to) general medical condition,F06.1,0.9860923290252686,,,,,
1339,3,进食(心因性),eating (psychogenic),F50.9,0.9890539646148682,,,,,
1339,4,特指的NEC,specified NEC,F50.8,0.9618613123893738,,,,,
1339,3,惊恐,panic,F41.0,0.9699273109436035,,,,,
1339,4,伴有广场恐怖,with agoraphobia,F40.0,0.9789528846740723,,,,,
1339,3,精神(或行为性)(非精神病性),mental (or behavioral) (nonpsychotic),F99,0.9834986329078674,,,,,
1339,4,产褥期,puerperal,F53.9,0.9702798128128052,,,,,
1339,5,精神性,psychotic,F53.1,0.949898362159729,,,,,
1339,5,轻度,mild,F53.0,0.9368675947189331,,,,,
1339,5,重度,severe,F53.1,0.9405962228775024,,,,,
1339,5,特指的NEC,specified NEC,F53.8,0.96397864818573,,,,,
1339,4,精神病性-见精神病,psychotic - see Psychosis,,0.9371443390846252,,,,,
1339,4,精神神经症型(另见神经症),"psychoneurotic, neurotic (see also Neurosis)",F48.9,0.9798938632011414,,,,,
1339,4,老年性，精神NEC,"senile, psychotic NEC",F03,0.9832166433334351,,,,,
1339,4,器质性或症状性,organic or symptomatic,F06.9,0.9628207087516785,,,,,
1340,4,器质性脑损害后,following organic brain damage,F07.9,0.9533707499504089,,,,,
1340,5,额叶综合征,frontal lobe syndrome,F07.0,0.9825457334518433,,,,,
1340,5,脑震荡后综合征,postconcussional syndrome,F07.2,0.9891943335533142,,,,,
1340,5,人格改变,personality change,F07.0,0.9645946621894836,,,,,
1340,5,特指的 NEC,specified NEC,F07.8,0.9592567086219788,,,,,
1340,4,以前的，影响妊娠处理,"previous, affecting management of pregnancy",Z35.8,0.9875855445861816,,,,,
1340,4,婴儿期、儿童期或青春期,"infancy, childhood or adolescence",F98.9,0.9545255303382874,,,,,
1340,4,影响妊娠、分娩或产褥期处理的,"affecting management of pregnancy, childbirth or puerperium",O99.3,0.9705929756164551,,,,,
1340,4,由于(继发于),due to (secondary to),,0.8749082684516907,,,,,
1340,5,苯丙胺(或相关物质)戒断,amfetamine (or related substance) withdrawal,F15.9,0.9913280010223389,,,,,
1340,5,脑病、脑损伤或脑机能障碍,"brain disease, damage or dysfunction",F06.9,0.9898378252983093,,,,,
1340,5,全身性医疗情况,general medical condition,F06.9,0.997330367565155,,,,,
1340,5,使用大麻类,cannabis use,F12.9,0.9961336255073547,,,,,
1340,5,使用咖啡因,caffeine use,F15.9,0.9575186371803284,,,,,
1340,5,使用镇静剂或催眠剂,sedative or hypnotic use,F13.9,0.9745216369628906,,,,,
1340,5,吸烟(烟碱[尼古丁]),tobacco (nicotine) use,F17.9,0.9778677225112915,,,,,
1340,4,与分类于他处的疾病有关的,associated with diseases classified elsewhere,F54,0.9830523133277893,,,,,
1340,4,早老性，精神,"presenile, psychotic",F03,0.9743026494979858,,,,,
1340,3,精神分裂样,schizophreniform,F20.8,0.9934974908828735,,,,,
1340,4,短暂的,brief,F23.2,0.9432554244995117,,,,,
1340,3,精神神经症型(另见神经症),psychoneurotic (see also Neurosis),F48.9,0.9796669483184814,,,,,
1340,4,混合性 NEC,mixed NEC,F48.8,0.9817042946815491,,,,,
1340,3,精神生理学功能(另见障碍，躯体形式),"psychophysiologic (see also Disorder, somatoform)",F45.9,0.9969128966331482,,,,,
1340,3,精神运动性NEC,psychomotor NEC,F44.4,0.9929099678993225,,,,,
1340,4,癔症性,hysterical,F44.4,0.9275703430175781,,,,,
1340,3,惧畸[驱体变形障碍],body dysmorphic,F45.2,0.995478630065918,,,,,
1340,3,刻板性，习惯或运动,"stereotyped, habit or movement",F98.4,0.9963063597679138,,,,,
1340,3,恐怖性焦虑，童年期,"phobic anxiety, childhood",F93.1,0.9842784404754639,,,,,
1340,3,离别焦虑，童年,"separation anxiety, of childhood",F93.0,0.9904361367225647,,,,,
1340,3,梦境焦虑性,dream anxiety,F51.5,0.9367216229438782,,,,,
1340,3,梦魇,nightmare,F51.5,0.955457329750061,,,,,
1340,3,弥漫性[综合性]，发育性,"pervasive, developmental",F84.9,0.946394681930542,,,,,
1340,3,男性,male,,0.9207519292831421,,,,,
1340,4,勃起,erectile,F52.2,0.9760816097259521,,,,,
1340,4,性高潮,orgasmic,F52.3,0.9485312700271606,,,,,
1340,4,性欲低下,hypoactive sexual desire,F52.0,0.9838281869888306,,,,,
1340,3,脑震荡后,postconcussional,F07.2,0.963940441608429,,,,,
1340,3,女性,female,,0.9301353693008423,,,,,
1340,4,性高潮,orgasmic,F52.3,0.9788486361503601,,,,,
1340,4,性唤起,sexual arousal,F52.2,0.9892545938491821,,,,,
1340,4,性欲低下,hypoactive sexual desire,F52.0,0.9803215861320496,,,,,
1341,3,排尿NEC,micturition NEC,R39.1,0.9846956133842468,,,,,
1341,4,心因性,psychogenic,F45.3,0.9708055257797241,,,,,
1341,3,拼写(特异性),spelling (specific),F81.1,0.9607232809066772,,,,,
1341,3,品行(童年),conduct (childhood),F91.9,0.9809278845787048,,,,,
1341,4,伴有情绪紊乱,with emotional disorder,F92.9,0.9695355892181396,,,,,
1341,5,特指的NEC,specified NEC,F92.8,0.9542793035507202,,,,,
1341,4,对立违抗性,oppositional defiance,F91.3,0.9570856094360352,,,,,
1341,4,多动,hyperkinetic,F90.1,0.9180070161819458,,,,,
1341,4,非社会化,unsocialized,F91.1,0.9638047814369202,,,,,
1341,4,孤独攻击型,solitary aggressive type,F91.1,0.9612730145454407,,,,,
1341,4,集体型,group type,F91.2,0.9314725995063782,,,,,
1341,4,局限于家庭的,confined to the family context,F91.0,0.9763482809066772,,,,,
1341,4,强迫性,compulsive,F63.9,0.9428712725639343,,,,,
1341,4,社会化,socialized,F91.2,0.963900625705719,,,,,
1341,4,特指的 NEC,specified NEC,F91.8,0.9730943441390991,,,,,
1341,4,调节反应,adjustment reaction,F43.2,0.9921680092811584,,,,,
1341,4,挑衅性,disruptive,F91.9,0.9672330021858215,,,,,
1341,4,抑郁,depressive,F92.0,0.9832442402839661,,,,,
1341,3,器质性,organic,,0.9573923349380493,,,,,
1341,4,分离性,dissociative,F06.5,0.9796754717826843,,,,,
1341,4,感情不稳定(衰弱),emotionally labile (asthenic),F06.6,0.9638907313346863,,,,,
1341,4,焦虑性,anxiety,F06.4,0.9847422242164612,,,,,
1341,4,紧张型,catatonic,F06.1,0.9888105392456055,,,,,
1341,4,精神分裂症样,schizophrenia-like,F06.2,0.9854153990745544,,,,,
1341,4,妄想性,delusional,F06.2,0.9870206713676453,,,,,
1341,4,心境(情感性),mood (affective),F06.3,0.9657593369483948,,,,,
1341,3,强迫性,obsessive-compulsive,F42.9,0.9566566348075867,,,,,
1341,4,强迫-强制混合的,mixed obsessions and compulsions,F42.2,0.9886397123336792,,,,,
1341,4,特指的 NEC,specified NEC,F42.8,0.9494046568870544,,,,,
1341,4,主要伴有,predominantly with,,0.9178641438484192,,,,,
1341,5,强迫动作,compulsions,F42.1,0.9957719445228577,,,,,
1341,5,强迫思维,obsessions,F42.0,0.9755463004112244,,,,,
1341,3,轻度认知,mild cognitive,F06.7,0.9566136002540588,,,,,
1341,3,情感(心境)(另见障碍，心境),"affective (mood) (see also Disorder, mood)",F39,0.9936107993125916,,,,,
1341,4,持续性,persistent,F34.9,0.9943196177482605,,,,,
1341,5,特指的NEC,specified NEC,F34.8,0.9612907767295837,,,,,
1341,4,复发性 NEC,recurrent NEC,F38.1,0.9590815305709839,,,,,
1341,4,器质性(混合的),organic (mixed),F06.3,0.9536619782447815,,,,,
1341,4,双相(另见障碍，双相，情感性),"bipolar (see also Disorder, bipolar, affective)",F31.9,0.9774636626243591,,,,,
1341,4,特指的NEC,specified NEC,F38.8,0.9653906226158142,,,,,
1341,4,右半球，器质性,"right hemisphere, organic",F07.8,0.9623543620109558,,,,,
1342,3,情绪性(持续性),emotional (persistent),F34.9,0.9829844832420349,,,,,
1342,4,伴有品行障碍,with conduct disorder,F92.9,0.9825875759124756,,,,,
1342,4,童年的,of childhood,F93.9,0.9662461280822754,,,,,
1342,5,特指的NEC,specified NEC,F93.8,0.918656587600708,,,,,
1342,3,躯体变形[惧畸障碍],body dysmorphic,F45.2,0.9970727562904358,,,,,
1342,3,躯体化,somatization,F45.0,0.9662472009658813,,,,,
1342,3,躯体形式,somatoform,F45.9,0.9909510016441345,,,,,
1342,4,躯体化(长期)(多种),somatization (long-lasting) (multiple),F45.0,0.9731659889221191,,,,,
1342,4,特指的NEC,specified NEC,F45.8,0.9526165723800659,,,,,
1342,4,痛(持久性),pain (persistent),F45.4,0.9605531096458435,,,,,
1342,4,未分化的,undifferentiated,F45.1,0.982504665851593,,,,,
1342,3,人格(模式)(特性)(另见人格),personality (pattern) (trait) (see also Personality),F60.9,0.9895108938217163,,,,,
1342,4,继发性改变，由于全身性医疗情况,change (secondary) due to general medical condition,F07.0,0.975266695022583,,,,,
1342,4,爆发型,explosive,F60.3,0.9812232851982117,,,,,
1342,4,悖德型,amoral,F60.2,0.9712480902671814,,,,,
1342,4,被动(依赖)的,passive(-dependent),F60.7,0.9689315557479858,,,,,
1342,4,被动-攻击型,passive-aggressive,F60.8,0.9918601512908936,,,,,
1342,4,表演型,histrionic,F60.4,0.9781942963600159,,,,,
1342,4,病理性NEC,pathological NEC,F60.9,0.9737455248832703,,,,,
1342,4,不成熟型,immature,F60.8,0.9903066158294678,,,,,
1342,4,不稳定(情绪性),"labile, unstable (emotional)",F60.3,0.9752782583236694,,,,,
1342,4,道德缺乏,moral deficiency,F60.2,0.9806865453720093,,,,,
1342,4,乏力,inadequate,F60.7,0.9352672100067139,,,,,
1342,4,反社会型,antisocial,F60.2,0.9884807467460632,,,,,
1342,4,非社交型,asocial,F60.2,0.9879690408706665,,,,,
1342,3,分裂型,schizotypal,F21,0.9115002751350403,,,,,
1342,4,分裂样,schizoid,F60.1,0.9742008447647095,,,,,
1342,4,攻击型,aggressive,F60.3,0.9538885951042175,,,,,
1342,3,环性气质,cyclothymic,F34.0,0.9958711266517639,,,,,
1342,3,回避性,avoidant,F60.6,0.9452558755874634,,,,,
1342,4,混合的(非特异的),mixed (nonspecific),F61,0.973828136920929,,,,,
1342,4,焦虑性,anxious,F60.6,0.9904049634933472,,,,,
1342,4,交界,borderline,F60.3,0.9376662969589233,,,,,
1342,4,精神病态型,psychopathic,F60.2,0.9816524386405945,,,,,
1342,4,夸大性偏执,expansive paranoid,F60.0,0.9911239743232727,,,,,
1342,4,偏执型,paranoid,F60.0,0.9747288227081299,,,,,
1342,4,器质性,organic,F07.9,0.9680317044258118,,,,,
1342,4,器质性脑损害后,following organic brain damage,F07.0,0.9739590883255005,,,,,
1342,4,强迫性,"anankastic, compulsive, obsessional, obsessive (-compulsive)",F60.5,0.9847986698150635,,,,,
1342,4,情感减退的,hypothymic,F34.1,0.9678475856781006,,,,,
1342,4,情感性,affective,F34.0,0.9831299781799316,,,,,
1343,4,情感增盛的,hyperthymic,F34.0,0.9658414721488953,,,,,
1343,4,情绪不稳定,emotional instability,F60.3,0.9930267930030823,,,,,
1343,3,社会病态型,sociopathic,F60.2,0.9844703674316406,,,,,
1343,4,社交紊乱型,dissocial,F60.2,0.9830428957939148,,,,,
1343,4,衰弱性,asthenic,F60.7,0.986695408821106,,,,,
1343,4,特指的NEC,specified NEC,F60.8,0.9916741251945496,,,,,
1343,4,违拗型,negativistic,F60.8,0.9804790616035461,,,,,
1343,4,依赖,dependent,F60.7,0.9737422466278076,,,,,
1343,4,抑郁,depressive,F34.1,0.9749111533164978,,,,,
1343,4,癔症性,hysterical,F60.4,0.9451651573181152,,,,,
1343,4,自恋型,narcissistic,F60.8,0.9743104577064514,,,,,
1343,4,自我挫败型,self-defeating,F60.7,0.9868027567863464,,,,,
1343,3,人格解体,depersonalization,F48.1,0.9995266199111938,,,,,
1343,3,认知,cognitive,,0.9996077418327332,,,,,
1343,4,轻度,mild,F06.7,0.9603071212768555,,,,,
1343,4,由于(继发于)全身性医疗情况,due to (secondary to) general medical condition,F06.9,0.9806191325187683,,,,,
1343,5,混合的,mixed,F06.8,0.9392064809799194,,,,,
1343,3,社会病态型,sociopathic,F60.2,0.9919238686561584,,,,,
1343,3,社交,social,,0.9552969336509705,,,,,
1343,4,功能，儿童期,"functioning, in childhood",F94.9,0.9840679168701172,,,,,
1343,5,特指的 NEC,specified NEC,F94.8,0.9603337049484253,,,,,
1343,4,焦虑，童年,"anxiety, of childhood",F93.2,0.9876237511634827,,,,,
1343,3,社交紊乱型人格,dissocial personality,F60.2,0.9807959198951721,,,,,
1343,3,身份,identity,,0.9499726891517639,,,,,
1343,4,分离性,dissociative,F44.8,0.9473309516906738,,,,,
1343,4,童年,of childhood,F93.8,0.9720698595046997,,,,,
1343,3,身心NEC(另见.障碍，躯体形式),"psychosomatic NEC (see also Disorder, somatoform)",F45.9,0.9680410623550415,,,,,
1343,4,多种,multiple,F45.0,0.9558451771736145,,,,,
1343,4,未分化的,undifferentiated,F45.1,0.9733391404151917,,,,,
1343,3,深部感觉-见障碍，感觉,"deep sensibility - see Disturbance, sensation",,0.9842368364334106,,,,,
1343,3,神经功能性,"nervous, functional",R45.0,0.9554532170295715,,,,,
1343,3,神经官能症性,neurotic,F48.9,0.9588941931724548,,,,,
1343,4,特指的NEC,specified NEC,F48.8,0.9636138677597046,,,,,
1343,3,声音,voice,R49.8,0.9583160877227783,,,,,
1343,4,心因性,psychogenic,F44.4,0.9610265493392944,,,,,
1343,3,使用苯丙胺(或相关物质),amfetamine (or related substance) use,F15.9,0.9981619119644165,,,,,
1343,3,使用苯环利定,phencyclidine use,F19.9,0.9581393003463745,,,,,
1343,3,使用催眠剂,hypnotic use,F13.9,0.9715287685394287,,,,,
1343,3,使用大麻类,cannabis use,F12.9,0.971942663192749,,,,,
1343,3,使用挥发性溶剂,volatile solvent use,F18.9,0.9762941598892212,,,,,
1344,3,使用精神活性物质,psychoactive substance use,F19.9,0.9969948530197144,,,,,
1344,3,使用酒精,alcohol use,F10.9,0.970124363899231,,,,,
1344,3,使用咖啡因,caffeine use,F15.9,0.9848757386207581,,,,,
1344,3,使用抗焦虑药,anxiolytic use,F13.9,0.9966685771942139,,,,,
1344,3,使用可卡因,cocaine use,F14.9,0.986390233039856,,,,,
1344,3,使用类阿片,opioid use,F11.9,0.9531561732292175,,,,,
1344,3,使用吸入剂,inhalant use,F18.9,0.9941138029098511,,,,,
1344,3,使用烟碱[尼古丁],nicotine use,F17.9,0.9677693843841553,,,,,
1344,3,使用镇静剂,sedative use,F13.9,0.9961822032928467,,,,,
1344,3,使用致幻剂,hallucinogen use,F16.9,0.9847874641418457,,,,,
1344,3,视觉,"vision, visual",H53.9,0.9969850182533264,,,,,
1344,4,特指的NEC,spécified NEC,H53.8,0.9638128876686096,,,,,
1344,3,嗜眠，过度,"somnolence, excessive",G47.1,0.9871549010276794,,,,,
1344,3,双相,bipolar,F31.9,0.9854179620742798,,,,,
1344,4,Ⅰ型,I,F31.9,0.8873989582061768,,,,,
1344,5,最近发作,most recent episode,,0.9992341995239258,,,,,
1344,6,混合的,mixed,F31.6,0.9432854056358337,,,,,
1344,6,亚躁狂,hypomanic,F31.0,0.9906393885612488,,,,,
1344,6,抑郁,depressed,,0.9638735055923462,,,,,
1344,7,轻度或中度,mild or moderate severity,F31.3,0.9692990183830261,,,,,
1344,7,重度(不伴有精神症状),severe (without psychotic symptoms),F31.4,0.9729145765304565,,,,,
1344,8,伴有精神症状,with psychotic symptoms,F31.5,0.9632716774940491,,,,,
1344,6,躁狂(不伴有精神症状),manic (without psychotic symptoms),F31.1,0.9909326434135437,,,,,
1344,7,伴有精神症状,with psychotic symptoms,F31.2,0.9541491866111755,,,,,
1344,4,Ⅱ型,II,F31.8,0.9241524934768677,,,,,
1344,4,单次躁狂发作,single manic episode,F30.9,0.9873064756393433,,,,,
1344,5,轻度,mild,F30.0,0.9428151845932007,,,,,
1344,5,中度,moderate,F30.1,0.9079849123954773,,,,,
1344,5,重度(不伴有精神症状),severe (without psychotic symptoms),F30.1,0.988381564617157,,,,,
1344,6,伴有精神症状,with psychotic symptoms,F30.2,0.9681898951530457,,,,,
1344,4,器质性,organic,F06.3,0.9804180264472961,,,,,
1344,4,情感性,affective,F31.9,0.9884907603263855,,,,,
1344,5,处于缓解状态(目前),in remission (currently),F31.7,0.9802438020706177,,,,,
1344,5,近期发生,current episode,,0.9147959351539612,,,,,
1344,4,伴有精神症状,with psychotic symptoms,F31.5,0.9741144180297852,,,,,
1344,4,混合的,mixed,F31.6,0.9550036787986755,,,,,
1344,6,轻度或中度抑郁,mild or moderate depression,F31.3,0.9881584048271179,,,,,
1344,6,重度抑郁(不伴有精神症状),severe depression (without psychotic symptoms),F31.4,0.9697462320327759,,,,,
1344,3,亚躁狂,hypomanic,F31.0,0.9714512228965759,,,,,
1344,3,躁狂(不伴有精神症状),manic (without psychotic symptoms),F31.1,0.9766382575035095,,,,,
1344,4,伴有精神症状,with psychotic symptoms,F31.2,0.9389503598213196,,,,,
1344,5,特指的 NEC,specified NEC,F31.8,0.9679630994796753,,,,,
1345,3,睡眠,sleep,G47.9,0.9790956377983093,,,,,
1345,4,初发性或维持性,initiating or maintaining,G47.0,0.9957812428474426,,,,,
1345,4,非器质性(原因),"nonorganic, nonorganic origin",F51.9,0.9833039045333862,,,,,
1345,5,特指的 NEC,specified NEC,F51.8,0.9612324237823486,,,,,
1345,4,过度嗜眠,excessive somnolence,G47.1,0.9860878586769104,,,,,
1345,4,混合型,mixed type,G47.8,0.9765486717224121,,,,,
1345,4,惊[睡惊症],terrors,F51.4,0.9749571084976196,,,,,
1345,4,情绪性,emotional,F51.9,0.9804989099502563,,,,,
1345,4,深眠型,parasomnia type,G47.8,0.9544784426689148,,,,,
1345,4,生理节律,circadian rhythm,G47.2,0.9794790148735046,,,,,
1345,5,心因性,psychogenic,F51.2,0.9847444891929626,,,,,
1345,4,失眠症型,insomnia type,G47.0,0.9501565098762512,,,,,
1345,4,嗜眠症型,hypersomnia type,G47.1,0.9656845331192017,,,,,
1345,4,特指的NEC,specified NEC,G47.8,0.9779683351516724,,,,,
1345,4,行[睡行症],walking,F51.3,0.9598300457000732,,,,,
1345,4,由于,due to,,0.7134778499603271,,,,,
1345,5,苯丙胺(或相关物质),amfetamine (or related substance),F15.8,0.982021689414978,,,,,
1345,5,大麻类,cannabis,F12.8,0.9656277298927307,,,,,
1345,5,精神活性物质NEC,psychoactive substance NEC,F19.8,0.9705687165260315,,,,,
1345,5,酒精,alcohol,F10.8,0.9835265874862671,,,,,
1345,5,咖啡因,caffeine,F15.8,0.9808242321014404,,,,,
1345,5,可卡因,cocaine,F14.8,0.9674091935157776,,,,,
1345,5,类阿片,opioid,F11.8,0.9394157528877258,,,,,
1345,5,镇静剂、催眠剂或抗焦虑药,"sedative, hypnotic or anxiolytic",F13.8,0.9919053912162781,,,,,
1345,4,与呼吸有关的,breathing-related,G47.3,0.9786564707756042,,,,,
1345,3,睡眠-觉醒型或睡眠-觉醒节律,sleep-wake pattern or schedule,G47.2,0.9931986927986145,,,,,
1345,4,心因性,psychogenic,F51.2,0.9931343197822571,,,,,
1345,3,特发于童年期和青少年的情绪,emotions specific to childhood and adolescence,F93.9,0.9901518821716309,,,,,
1345,4,伴有,with,,0.8139876127243042,,,,,
1345,5,回避社交,social withdrawal,F93.2,0.9852733612060547,,,,,
1345,5,焦虑和恐惧NEC,anxiety and fearfulness NEC,F93.8,0.9884783625602722,,,,,
1345,5,敏感(撤回),sensitivity (withdrawal),F93.2,0.9710579514503479,,,,,
1345,5,羞怯,shyness,F93.2,0.9458739757537842,,,,,
1345,4,混合的,mixed,F93.8,0.9946229457855225,,,,,
1345,4,涉及(人际)关系问题,involving relationship problems,F93.8,0.9955066442489624,,,,,
1345,4,特指的 NEC,specified NEC,F93.8,0.9451606273651123,,,,,
1345,3,特异性,specific,,0.962386429309845,,,,,
1345,4,发育性，运动的,"developmental, of motor",F82,0.9592872858047485,,,,,
1345,4,计算,arithmetical,F81.2,0.9602823257446289,,,,,
1345,4,拼写,spelling,F81.1,0.9509081244468689,,,,,
1345,4,书写表达,written expression,F81.8,0.9880022406578064,,,,,
1345,4,言语和语言,speech and language,F80.9,0.9615135192871094,,,,,
1345,4,阅读,reading,F81.0,0.9888601303100586,,,,,
1346,3,体温,temperature,,0.9504145979881287,,,,,
1346,4,感觉,sense,R20.8,0.9572049379348755,,,,,
1346,5,癔症性,hysterical,F44.6,0.9447519183158875,,,,,
1346,4,调节，新生儿,"regulation, newborn",P81.9,0.9851046204566956,,,,,
1346,5,特指的 NEC,specified NEC,P81.8,0.9591313600540161,,,,,
1346,3,体温调节，胎儿或新生儿,"temperature regulation, fetus or newborn",P81.9,0.991175651550293,,,,,
1346,4,特指的NEC,specified NEC,P81.8,0.9718117713928223,,,,,
1346,3,挑衅行为,disruptive behavior,F98.9,0.982598066329956,,,,,
1346,3,调节,adjustment,F43.2,0.9845662713050842,,,,,
1346,3,听觉，除外聋和耳鸣,"hearing, except deafness and tinnitus",H93.2,0.9866432547569275,,,,,
1346,3,听神经，除外聋,"auditory nerve, except deafness",H93.3,0.9787369966506958,,,,,
1346,3,同胞竞争,sibling rivalry,F93.3,0.9933491349220276,,,,,
1346,3,同化，食物,"assimilation, food",K90.9,0.9856172800064087,,,,,
1346,3,童年瓦解性 NEC,childhood disintegrative NEC,F84.3,0.968863844871521,,,,,
1346,3,图雷特[抽动秽语综合征],Tourette's,F95.2,0.9921659827232361,,,,,
1346,3,脱抑制性依恋(童年),disinhibited attachment (childhood),F94.2,0.9830143451690674,,,,,
1346,3,瓦解性，童年 NEC,"disintegrative, childhood NEC",F84.3,0.9189112186431885,,,,,
1346,3,妄想狂样,paranoid,F22.0,0.9589288234710693,,,,,
1346,4,诱发,induced,F24,0.8341746926307678,,,,,
1346,3,妄想性,delusional,F22.0,0.9742708206176758,,,,,
1346,4,持久的,persistent,F22.9,0.9721805453300476,,,,,
1346,5,特指的 NEC,specified NEC,F22.8,0.9636855721473694,,,,,
1346,4,系统化,systematized,F22.0,0.9713740944862366,,,,,
1346,4,诱发,induced,F24,0.9782060980796814,,,,,
1346,3,味觉,taste,R43.8,0.9865934252738953,,,,,
1346,3,胃(功能性),stomach (functional),K31.9,0.974139392375946,,,,,
1346,3,喂养,feeding,R63.3,0.965514600276947,,,,,
1346,4,非器质性原因(婴儿或儿童),nonorganic origin (infant or child),F98.2,0.975243330001831,,,,,
1346,4,新生儿,newborn,P92.9,0.95201176404953,,,,,
1346,4,心因性 NEC,psychogenic NEC,F50.8,0.978285014629364,,,,,
1346,3,吸收,absorption,K90.9,0.9687587022781372,,,,,
1346,4,蛋白,protein,K90.4,0.9698691964149475,,,,,
1346,4,淀粉,starch,K90.4,0.9579290151596069,,,,,
1346,4,钙,calcium,E58,0.9406469464302063,,,,,
1346,4,碳水化合物,carbohydrate,K90.4,0.9826537370681763,,,,,
1346,4,维生素(另见缺乏，维生素),"vitamin (see also Deficiency, vitamin)",E56.9,0.9877530932426453,,,,,
1346,4,脂肪,fat,K90.4,0.9765052795410156,,,,,
1346,5,胰腺,pancreatic,K90.3,0.9576376676559448,,,,,
1346,3,吸烟,tobacco use,F17.9,0.9938941597938538,,,,,
1346,3,习惯，儿童,"habit, child",F98.9,0.9477464556694031,,,,,
1346,3,习惯和冲动,habit and impulse,F63.9,0.9818949103355408,,,,,
1346,4,涉及性行为NEC,involving sexual behavior NEC,F65.9,0.9959115982055664,,,,,
1346,4,特指的 NEC,specified NEC,F63.8,0.9766429662704468,,,,,
1347,3,涎腺分泌,salivary secretion,K11.7,0.9801069498062134,,,,,
1347,3,消化,digestive,K30,0.969910204410553,,,,,
1347,4,心因性,psychogenic,F45.3,0.9500893950462341,,,,,
1347,3,协调,coordination,R27.8,0.9932884573936462,,,,,
1347,3,心境(另见障碍，情感),"mood (see also Disorder, affective)",F39,0.9790862202644348,,,,,
1347,4,器质性,organic,F06.3,0.9542129039764404,,,,,
1347,4,由于(继发于),due to (secondary to),,0.9155270457267761,,,,,
1347,5,苯丙胺(或相关物质),amfetamine (or related substance),F15.8,0.9771063923835754,,,,,
1347,5,苯环利定(或相关物质),phencyclidine (or related substance),F19.8,0.9735596179962158,,,,,
1347,5,大麻类,cannabis,F12.8,0.9567542672157288,,,,,
1347,5,挥发性溶剂,volatile solvents,F18.8,0.9769548177719116,,,,,
1347,5,精神活性物质NEC,psychoactive substance NEC,F19.8,0.987813413143158,,,,,
1347,5,酒精,alcohol,F10.8,0.9741145968437195,,,,,
1347,5,可卡因,cocaine,F14.8,0.9815771579742432,,,,,
1347,5,类阿片,opioid,F11.8,0.9173866510391235,,,,,
1347,5,全身性医疗情况,general medical condition,F06.3,0.9934149980545044,,,,,
1347,5,吸入剂,inhalant,F18.8,0.9778010845184326,,,,,
1347,5,镇静剂、催眠剂或抗焦虑药,"sedative, hypnotic or anxiolytic",F13.8,0.9741438627243042,,,,,
1347,5,致幻剂,hallucinogen,F16.8,0.9678052663803101,,,,,
1347,3,心理,psychological,F99,0.9980025291442871,,,,,
1347,4,与...有关,associated with,,0.9040144085884094,,,,,
1347,5,不能确定的性身份,uncertainty about gender identity,F66.0,0.9859296679496765,,,,,
1347,5,分类于他处的疾病,disease classified elsewhere,F54,0.986628532409668,,,,,
1347,5,性,sexual,,0.8562263250350952,,,,,
1347,6,发育,development,F66.9,0.9483884572982788,,,,,
1347,6,关系,relationship,F66.2,0.9306047558784485,,,,,
1347,5,自我不和谐的性取向,egodystonic orientation,F66.1,0.9936697483062744,,,,,
1347,3,心因性NEC(另见情况),psychogenic NEC (see also condition),F45.9,0.9942139387130737,,,,,
1347,4,肠,intestinal,F45.3,0.9684744477272034,,,,,
1347,4,单瘫NEC,monoplegic NEC,F44.4,0.9943168759346008,,,,,
1347,4,风湿性,rheumatic,F45.8,0.9908079504966736,,,,,
1347,4,功能性NEC,functional NEC,F45.8,0.9766591191291809,,,,,
1347,4,关节,joint,F45.8,0.9141461253166199,,,,,
1347,4,呼吸(系统),respiratory (system),F45.3,0.9883922934532166,,,,,
1347,4,呼吸困难,dyspneic,F45.3,0.9718481302261353,,,,,
1347,4,换气过度,hyperventilatory,F45.3,0.9837152361869812,,,,,
1347,4,肌肉，肌肉骨骼,"muscle, musculoskeletal",F45.8,0.977883517742157,,,,,
1347,4,焦虑,anxiety,F41.8,0.9791984558105469,,,,,
1347,4,恐怖性,phobic,F40.9,0.9946144223213196,,,,,
1347,4,淋巴(系统),lymphatic (system),F45.8,0.9751250743865967,,,,,
1347,4,麻痹性 NEC,paralytic NEC,F44.4,0.9323892593383789,,,,,
1347,4,泌尿生殖(系统),genitourinary (system),F45.3,0.9818318486213684,,,,,
1348,4,内分泌(系统),endocrine (system),F54,0.981576681137085,,,,,
1348,4,排尿,micturition,F45.3,0.9590225219726562,,,,,
1348,4,皮肤(变应性)(湿疹性),"cutaneous, skin (allergic) (eczematous)",F54,0.9655394554138184,,,,,
1348,4,强迫动作,compulsive,F42.1,0.9708316922187805,,,,,
1348,4,强迫思维,obsessive,F42.0,0.9787917137145996,,,,,
1348,4,躯体 NEC,physical NEC,F45.8,0.9363593459129333,,,,,
1348,4,身体器官或部位NEC,organ or part of body NEC,F45.8,0.9788511991500854,,,,,
1348,4,身体特指部位 NEC,specified part of body NEC,F45.8,0.9834210276603699,,,,,
1348,4,神经循环性,neurocirculatory,F45.3,0.9646492004394531,,,,,
1348,4,食欲,appetite,F50.8,0.9463239908218384,,,,,
1348,4,衰弱,asthenic,F48.0,0.9831914305686951,,,,,
1348,4,睡眠,sleep,F51.9,0.9811904430389404,,,,,
1348,4,痛经,dysmenorrheic,F45.8,0.9827766418457031,,,,,
1348,4,胃,"gastric, stomach",F45.3,0.9511439204216003,,,,,
1348,4,胃肠(系统),gastrointestinal (system),F45.3,0.9683099985122681,,,,,
1348,4,喂养,feeding,F50.8,0.9231730699539185,,,,,
1348,4,消化(系统),digestive (system),F45.3,0.9504776000976562,,,,,
1348,4,心血管(系统),cardiovascular (system),F45.3,0.9762176871299744,,,,,
1348,4,心脏(功能)(节律),heart (function) (rhythm),F45.3,0.9769126772880554,,,,,
1348,4,性(功能),sexual (function),F52.9,0.9801134467124939,,,,,
1348,4,学习,learning,F81.9,0.9842703342437744,,,,,
1348,4,眼 NEC,eye NEC,F45.8,0.9244171380996704,,,,,
1348,4,疑病,hypochondriacal,F45.2,0.9894397258758545,,,,,
1348,4,抑郁,depressive,F32.9,0.994602620601654,,,,,
1348,4,月经,menstrual,F45.8,0.9381957650184631,,,,,
1348,4,运动,motor,F44.4,0.9814319610595703,,,,,
1348,4,肢,limb,F45.8,0.9417032599449158,,,,,
1348,4,职业性,occupational,F48.8,0.9564374685287476,,,,,
1348,4,直肠,rectal,F45.3,0.9675505757331848,,,,,
1348,3,心脏，功能性(于I44-I50中的情况),"heart, functional (conditions in I44-I50)",,0.971503734588623,,,,,
1348,4,由于(心脏)假体存在,due to presence of (cardiac) prosthesis,I97.1,0.961187481880188,,,,,
1348,4,手术后,postoperative,I97.8,0.9655672907829285,,,,,
1348,5,心脏手术,cardiac surgery,I97.1,0.9773383736610413,,,,,
1348,3,行为-见障碍，品行,"behavior - see Disorder, conduct",,0.9923608899116516,,,,,
1348,3,性,sexual,,0.9405774474143982,,,,,
1348,4,成熟,maturation,F66.0,0.9762985110282898,,,,,
1348,4,非器质性,nonorganic,F52.9,0.9628850817680359,,,,,
1348,4,功能，心因性,"function, psychogenic",F52.9,0.9801619648933411,,,,,
1348,4,关系,relationship,F66.2,0.9150054454803467,,,,,
1348,4,唤起，女性,"arousal, female",F52.2,0.988841712474823,,,,,
1349,4,偏好(另见偏离，性欲),"preference (see also Deviation, sexual)",F65.9,0.9833722710609436,,,,,
1349,5,恋物性异装症,fetishistic transvestism,F65.1,0.9761377573013306,,,,,
1349,4,取向(偏好),orientation (preference),,0.9405668377876282,,,,,
1349,5,不能确定,uncertainty,F66.0,0.9540871977806091,,,,,
1349,5,关系效应,effect on relationship,F66.2,0.9187936782836914,,,,,
1349,5,自我不和谐的,egodystonic,F66.1,0.9684370160102844,,,,,
1349,4,厌恶,aversion,F52.1,0.9379732012748718,,,,,
1349,3,性高潮(女性)(男性),orgasmic (female) (male),F52.3,0.9579642415046692,,,,,
1349,3,性格 NEC,character NEC,F68.8,0.9832015633583069,,,,,
1349,3,性身份或性角色,gender-identity or -role,F64.9,0.9852239489555359,,,,,
1349,4,不能确定,uncertainty,F66.0,0.9801800847053528,,,,,
1349,4,关系效应,effect on relationship,F66.2,0.9262024164199829,,,,,
1349,4,青春期或成年期(非易性型),of adolescence or adulthood (nontranssexual),F64.1,0.9657403826713562,,,,,
1349,4,特指的 NEC,specified NEC,F64.8,0.972226083278656,,,,,
1349,4,童年,childhood,F64.2,0.9745683670043945,,,,,
1349,4,自我不和谐的,egodystonic,F66.1,0.992931067943573,,,,,
1349,3,性心理的,psychosexual,F65.9,0.9562967419624329,,,,,
1349,4,发育,development,F66.9,0.954767644405365,,,,,
1349,5,特指的 NEC,specified NEC,F66.8,0.9581253528594971,,,,,
1349,4,身份，童年的,"identity, of childhood",F64.2,0.9885386228561401,,,,,
1349,3,性欲低下,hypoactive sexual desire,F52.0,0.978755533695221,,,,,
1349,3,嗅觉,smell,R43.1,0.9319522976875305,,,,,
1349,4,和味觉(混合的),and taste (mixed),R43.8,0.9899488091468811,,,,,
1349,4,心因性,psychogenic,F45.8,0.9927502870559692,,,,,
1349,3,嗅神经,olfactory nerve,R43.1,0.9822166562080383,,,,,
1349,3,学习(特异性),earning (specific),F81.9,0.967845618724823,,,,,
1349,3,言语 NEC,speech NEC,R47.8,0.9695507287979126,,,,,
1349,4,发育性,developmental,F80.9,0.9518479704856873,,,,,
1349,4,清晰度(功能性)(特异性),articulation (functional) (specific),F80.0,0.9717819690704346,,,,,
1349,3,眼动，眼球旋动,ocular motion,H51.8,0.967753529548645,,,,,
1349,4,心因性,"psychogenic, oculogyric",F45.8,0.9851816296577454,,,,,
1349,3,依恋(童年),attachment (childhood),,0.9453955888748169,,,,,
1349,4,反应性,reactive,F94.1,0.9566870331764221,,,,,
1349,4,脱抑制性,disinhibited,F94.2,0.9613528847694397,,,,,
1349,3,遗忘(性),"amnesic, amnestic",,0.9934095740318298,,,,,
1349,4,酒精中毒性,alcohol-induced,F10.6,0.9932169914245605,,,,,
1349,4,药物性-编码于F11-F19伴有第四位数.6,drug-induced - code to F11-F19 with fourth character.6,,0.9887886643409729,,,,,
1349,4,由于(继发于)全身性医疗情况,due to (secondary to) general medical condition,F04,0.9571323990821838,,,,,
1349,4,镇静剂、催眠剂或抗焦虑药物性,"sedative, hypnotic or anxiolytic-induced",F13.6,0.9738646149635315,,,,,
1349,3,疑病,hypochondriacal,F45.2,0.9911820888519287,,,,,
1350,3,抑郁(另见抑郁),depressive (see also Depression) major,F32.9,0.9258282780647278,,,,,
1350,3,单次发作,single episode,,0.9920853972434998,,,,,
1350,4,轻度,mild,F32.0,0.9729941487312317,,,,,
1350,4,中度,moderate,F32.1,0.9068492650985718,,,,,
1350,4,重度(不伴有精神症状),severe (without psychotic symptoms),F32.2,0.9701990485191345,,,,,
1350,4,伴有精神症状,with psychotic symptoms,F32.3,0.9807759523391724,,,,,
1350,4,复发性,recurrent,F33.9,0.9325762987136841,,,,,
1350,4,单次发作-见发作，抑郁,"single episode - see Episode, depressive",,0.9491815567016602,,,,,
1350,4,复发性,recurrent,F33.9,0.9051514863967896,,,,,
1350,5,处于缓解状态,in remission,F33.4,0.9342397451400757,,,,,
1350,5,近期发生,current episode,,0.9393544793128967,,,,,
1350,6,轻度,mild,F33.0,0.9306670427322388,,,,,
1350,6,中度,moderate,F33.1,0.9226051568984985,,,,,
1350,6,重度(不伴有精神症状),severe (without psychotic symptoms),F33.2,0.958358883857727,,,,,
1350,5,伴有精神症状,with psychotic symptoms,F33.3,0.9658070802688599,,,,,
1350,5,特指的NEC,specified NEC,F33.8,0.963866651058197,,,,,
1350,3,器质性,organic,F06.3,0.9685770869255066,,,,,
1350,3,应激,stress,F43.9,0.9865545034408569,,,,,
1350,4,创伤后,post-traumatic,F43.1,0.9719336628913879,,,,,
1350,3,右半球器质性情感性,right hemisphere organic affective,F07.8,0.9797280430793762,,,,,
1350,3,与药物有关的，残留性,"drug-related, residual",F19.7,0.9924678802490234,,,,,
1350,3,语言(发育性),language (developmental),F80.9,0.9824277758598328,,,,,
1350,4,表达性,expressive,F80.1,0.9916644096374512,,,,,
1350,4,感受性,receptive,F80.2,0.9932543635368347,,,,,
1350,4,感受性和表达性混合的,mixed receptive and expressive,F80.2,0.9941052794456482,,,,,
1350,3,阅读,reading,R48.0,0.9953771829605103,,,,,
1350,4,发育性(特异性),developmental (specific),F81.0,0.981598436832428,,,,,
1350,3,运动(神经系统),movement (nervous system),G25.9,0.9955865144729614,,,,,
1350,4,刻板性,stereotyped,F98.4,0.9536098837852478,,,,,
1350,4,特指的 NEC,specified NEC,G25.8,0.9944993257522583,,,,,
1350,4,癔症性,hysterical,F44.4,0.9548833966255188,,,,,
1350,4,治疗诱发的,treatment-induced,G25.9,0.9792016744613647,,,,,
1350,3,躁狂,manic,F30.9,0.9889727830886841,,,,,
1350,4,器质性,organic,F06.3,0.9775087833404541,,,,,
1350,3,诈病(具有明显的动机),feigned (with obvious motivation),Z76.5,0.9921049475669861,,,,,
1350,3,不具有明显动机,without obvious motivation,F68.1,0.9965001940727234,,,,,
1350,4,知觉，由于,perceptual due to,,0.9989476799964905,,,,,
1350,3,苯丙胺(或相关物质)中毒(急性),perceptual due to,F15.0,0.9908854365348816,,,,,
1350,4,"苯环利定(或相关物质)中毒(急性),0",(acute) phencyclidine (or related substance) intoxication(acute),F15.0 F19.0,0.9615553617477417,,,,,
