image_page,level,chinese,english,code,confidence,malignant_primary,malignant_secondary,in_situ,benign,uncertain_or_unspecified
101,3,接种,vaccination,T88.1,0.9580857753753662,,,,,
101,4,蛋白病,protein sickness,T80.6,0.9324378967285156,,,,,
101,4,反应(变应性),reaction (allergic),T88.1,0.9352486729621887,,,,,
101,5,赫克斯海默,Herxheimer's,T78.2,0.9727301597595215,,,,,
101,5,血清,serum,T80.6,0.9393768310546875,,,,,
101,4,蜂窝织炎,cellulitis,T88.0,0.9809038043022156,,,,,
101,4,感染(全身性)(局部)NEC,infection (general) (local) NEC,T88.0,0.9633494019508362,,,,,
101,4,关节病,arthropathy,M02.2,0.9403492212295532,,,,,
101,4,过敏 NEC,anaphylaxis NEC,T80.5,0.9270970225334167,,,,,
101,4,脊髓炎,myelitis,G04.0,0.9683189988136292,,,,,
101,4,脑膜炎,meningitis,G03.8,0.9110710620880127,,,,,
101,4,脑炎或脑脊髓炎,encephalitis or encephalomyelitis,G04.0,0.991465151309967,,,,,
101,4,牛痘(全身性)(局部性),vaccinia (generalized) (localized),B08.0,0.9588205218315125,,,,,
101,4,脓毒症、败血症,"sepsis, septicemia",T88.0,0.9682716131210327,,,,,
101,4,皮疹,rash,T88.1,0.9564053416252136,,,,,
101,4,血清中毒、血清病、血清皮疹或血清反应NEC,"serum intoxication, sickness, rash, or reaction NEC",T80.6,0.9667641520500183,,,,,
101,3,接种(任何)(另见并发症，接种),"inoculation (any) (see also Complications, vaccination)",T80.9,0.9861074686050415,,,,,
101,3,结肠(造口),colostomy (stoma),K91.4,0.9587187767028809,,,,,
101,3,截肢残端(晚期)(手术),amputation stump (late) (surgical),T87.6,0.9754725098609924,,,,,
101,4,感染或炎症,infection or inflammation,T87.4,0.9873562455177307,,,,,
101,4,坏死,necrosis,T87.5,0.9034774899482727,,,,,
101,4,神经瘤,neuroma,T87.3,0.9527648687362671,,,,,
101,4,特指的NEC,specified NEC,T87.6,0.972608745098114,,,,,
101,3,金属缝线，永久性(植入的)-见并发症，缝线，永久性,"wire suture, permanent (implanted) -see Complications, suture, permanent",,0.9820411801338196,,,,,
101,3,颈动脉(搭桥术)移植物-见并发症，移植物，动脉,"carotid artery (bypass) graft - see Complications, graft, arterial",,0.9680768251419067,,,,,
101,3,静脉 NEC,venous NEC,,0.9279620051383972,,,,,
101,4,并发于妊娠,complicating pregnancy,O22.8,0.9629893898963928,,,,,
101,4,后,following,,0.7820491790771484,,,,,
101,5,流产(随后发生),abortion (subsequent episode),O08.7,0.9688916206359863,,,,,
101,6,近期发生-见流产,current episode - see Abortion,,0.9624037146568298,,,,,
101,5,异位妊娠或葡萄胎妊娠,ectopic or molar pregnancy,O08.7,0.9676111936569214,,,,,
101,3,颏植入物(假体),chin implant (prosthetic),T85.9,0.9632816314697266,,,,,
101,4,感染或炎症,infection or inflammation,T85.7,0.9855567216873169,,,,,
101,4,机械性,mechanical,T85.6,0.963690459728241,,,,,
101,4,特指的NEC,specified NEC,T85.8,0.9637389779090881,,,,,
101,3,空肠(造口),jejunostomy (stoma),K91.4,0.9706291556358337,,,,,
102,3,麻醉NEC(另见麻醉，并发症或反应NEC),"anesthesia, anesthetic NEC (see also Anesthesia, complication or reaction NEC)",T88.5,0.9938952922821045,,,,,
102,4,插管困难或失败,difficult or failed intubation,T88.4,0.9906994104385376,,,,,
102,4,低温NEC,hypothermia NEC,T88.5,0.9793844223022461,,,,,
102,4,恶性高热,malignant hyperthermia,T88.3,0.9727894067764282,,,,,
102,4,肺NEC,pulmonary NEC,,0.9181928634643555,,,,,
102,5,产后，产褥期,"postpartum, puerperal",O89.0,0.9571797251701355,,,,,
102,5,妊娠中,in pregnancy,O29.0,0.9776298403739929,,,,,
102,5,在产程和分娩中,in labor and delivery,O74.1,0.9859086275100708,,,,,
102,4,脊髓和硬膜外,spinal and epidural,,0.9254756569862366,,,,,
102,5,产后，产褥期NEC,"postpartum, puerperal NEC",O89.5,0.9847464561462402,,,,,
102,6,头痛,headache,O89.4,0.9083326458930969,,,,,
102,5,妊娠中 NEC,in pregnancy NEC,O29.5,0.9395445585250854,,,,,
102,6,头痛,headache,O29.4,0.9559475779533386,,,,,
102,5,在产程和分娩中NEC .,in labor and delivery NEC,O74.6,0.9603738188743591,,,,,
102,6,头痛,headache,O74.5,0.8768876194953918,,,,,
102,4,见于,in,,0.8860657215118408,,,,,
102,5,产程和分娩,labor and delivery,O74.9,0.976661741733551,,,,,
102,6,特指的NEC,specified NEC,O74.8,0.9826682806015015,,,,,
102,5,产后，产褥期,"postpartum, puerperal",O89.9,0.9537816047668457,,,,,
102,6,特指的NEC,specified NEC,O89.8,0.9477059841156006,,,,,
102,5,流产-见流产,abortion - see Abortion,,0.9392340183258057,,,,,
102,5,妊娠,pregnancy,O29.9,0.9584466814994812,,,,,
102,6,特指的NEC,specified NEC,O29.8,0.9713649749755859,,,,,
102,4,脑，产后，产褥期,"brain, postpartum, puerperal",O89.2,0.9602864384651184,,,,,
102,4,体温过高，恶性,"hyperthermia, malignant",T88.3,0.9897999167442322,,,,,
102,4,心脏,cardiac,,0.8617312908172607,,,,,
102,5,产后，产褥期,"postpartum, puerperal",O89.1,0.9494266510009766,,,,,
102,5,妊娠中,in pregnancy,O29.1,0.9652814865112305,,,,,
102,5,在产程和分娩中,in labor and delivery,O74.2,0.9637891054153442,,,,,
102,4,休克,shock,T88.2,0.9908926486968994,,,,,
102,4,中枢神经系统,central nervous system,,0.8788319826126099,,,,,
102,5,产后，产褥期,"postpartum, puerperal",O89.2,0.9591161608695984,,,,,
102,5,妊娠中,in pregnancy,O29.2,0.9691101312637329,,,,,
102,5,在产程和分娩中,in labor and delivery,O74.3,0.9698508381843567,,,,,
102,3,盲肠(造口),cecostomy (stoma),K91.4,0.9578923583030701,,,,,
102,3,泌尿生殖系统，操作后,"genitourinary, postprocedural",N99.9,0.9862701892852783,,,,,
102,4,特指的NEC,specified NEC,N99.8,0.9924294352531433,,,,,
102,3,免疫接种(操作)-见并发症，接种,"immunization (procedure) - see Complications, vaccination",,0.9923946261405945,,,,,
103,3,男性生殖系统,male genital,N50.9,0.9835907816886902,,,,,
103,4,操作后或手术后,postprocedural or postoperative,N99.9,0.9835613369941711,,,,,
103,5,特指的NEC,specified NEC,N99.8,0.9660862684249878,,,,,
103,4,装置、植入物或移植物,"device, implant or graft",T83.9,0.9848280549049377,,,,,
103,4,感染或炎症,infection or inflammation,T83.6,0.9513890147209167,,,,,
103,4,机械性,mechanical,T83.4,0.9628240466117859,,,,,
103,5,特指的 NEC,specified NEC,T83.8,0.9449355006217957,,,,,
103,3,脑神经刺激器(电极),brain neurostimulator (electrode),T85.9,0.9988041520118713,,,,,
103,4,感染或炎症,infection or inflammation,T85.7,0.9890590310096741,,,,,
103,4,机械性,mechanical,T85.1,0.9779691100120544,,,,,
103,4,特指的NEC,specified NEC,T85.8,0.9617326855659485,,,,,
103,3,脑室(交通性)分流装置(导管),ventricular (communicating) shunt device (catheter),T85.9,0.9918254017829895,,,,,
103,4,感染或炎症,infection or inflammation .,T85.7,0.9822713732719421,,,,,
103,4,机械性,mechanical,T85.0,0.9880262613296509,,,,,
103,4,特指的 NEC,specified NEC,T85.8,0.9774137139320374,,,,,
103,3,内分泌,endocrine,E34.9,0.9710975885391235,,,,,
103,4,手术后,postoperative,E89.9,0.977981448173523,,,,,
103,5,特指的NEC,specified NEC,E89.8,0.9770734906196594,,,,,
103,3,内装置(导管)(电子)(固定)(假体)NEC-见并发症，按部位和类型,"internal device (catheter) (electronic) (fixation) (prosthetic) NEC - see Complications, by site and type",,0.9853746294975281,,,,,
103,3,女性生殖系统,female genital,N94.9,0.9613420367240906,,,,,
103,4,装置、植入物或移植物,"device, implant or graft",T83.9,0.9879545569419861,,,,,
103,5,感染或炎症,infection or inflammation,T83.6,0.9739639163017273,,,,,
103,5,机械性,mechanical,T83.4,0.9856888055801392,,,,,
103,6,子宫内避孕装置,intrauterine contraceptive device,T83.3,0.9625876545906067,,,,,
103,5,特指的NEC,specified NEC,T83.8,0.9743116497993469,,,,,
103,3,膀胱(造口),cystostomy (stoma),N99.5,0.951078474521637,,,,,
103,4,导管-见并发症，导管，泌尿系,"catheter - see Complications, catheter, urinary",,0.9532461166381836,,,,,
103,3,膀胱装置(辅助),bladder device (auxiliary),T83.9,0.9906639456748962,,,,,
103,4,感染或炎症,infection or inflammation,T83.5,0.9779989719390869,,,,,
103,4,机械性,mechanical,T83.1,0.9334560632705688,,,,,
103,4,特指的NEC,specified NEC,T83.8,0.9642415046691895,,,,,
103,3,皮肤移植物(衰竭)(感染)(排斥),skin graft (failure) (infection) (rejection),T86.8,0.9707775115966797,,,,,
103,3,剖宫产伤口NEC,cesarean section wound NEC,O90.8,0.9634534120559692,,,,,
103,4,感染(分娩后),infection (following delivery),O86.0,0.968498706817627,,,,,
103,4,破裂,disruption,O90.0,0.9323937892913818,,,,,
103,4,血肿,hematoma,O90.2,0.8946971893310547,,,,,
103,3,脐带,"cord (umbilical), umbilical cord",,0.9823949933052063,,,,,
103,4,并发于分娩,complicating delivery,O69.9,0.9747713208198547,,,,,
103,5,特指的NEC,specified NEC,O69.8,0.9572626352310181,,,,,
103,4,影响到胎儿或新生儿,affecting fetus or newborn,P02.6,0.9490666389465332,,,,,
104,3,起搏器(心脏)(电极)(脉冲发生器),pacemaker (cardiac) (electrode(s)) (pulse generator),T82.9,0.9831799864768982,,,,,
104,4,感染或炎症,infection or inflammation,T82.7,0.9779510498046875,,,,,
104,4,机械性,mechanical,T82.1,0.9506794214248657,,,,,
104,4,特指的 NEC,specified NEC,T82.8,0.9554515480995178,,,,,
104,3,气管造口术,tracheostomy,J95.0,0.9563272595405579,,,,,
104,3,气囊植入物或装置,balloon implant or device,,0.9859004616737366,,,,,
104,4,胃肠,gastrointestinal,T85.9,0.9662467241287231,,,,,
104,5,感染或炎症,infection or inflammation,T85.7,0.9476056694984436,,,,,
104,5,机械性,mechanical,T85.5,0.9694173336029053,,,,,
104,5,特指的 NEC,specified NEC,T85.8,0.9469906091690063,,,,,
104,4,血管性(反搏),vascular (counterpulsation),T82.9,0.9957468509674072,,,,,
104,5,感染或炎症,infection or inflammation,T82.7,0.9803059697151184,,,,,
104,5,机械性,mechanical,T82.5,0.9820207357406616,,,,,
104,5,特指的 NEC,specified NEC,T82.8,0.9232493042945862,,,,,
104,3,器官或组织移植、衰竭或排斥(免疫或非免疫原因)(部分)(全部),"organ or tissue transplant, failure or rejection (immune or nonimmune cause) (partial) (total)",T86.9,0.9882245659828186,,,,,
104,4,肠,intestine,T86.8,0.9771671891212463,,,,,
104,4,肺,lung(s),T86.8,0.9573419094085693,,,,,
104,5,和心脏,and heart,T86.3,0.9889942407608032,,,,,
104,4,肝,liver,T86.4,0.8978142738342285,,,,,
104,4,骨,bone,T86.8,0.9281548261642456,,,,,
104,4,骨髓,bone marrow,T86.0,0.9695484638214111,,,,,
104,4,皮肤(同种异基因移植物)(自体移植物),skin (allograft) (autograft),T86.8,0.9699388742446899,,,,,
104,4,肾,kidney,T86.1,0.9602190256118774,,,,,
104,4,特指的 NEC,specified NEC,T86.8,0.9586808681488037,,,,,
104,4,心脏,heart,T86.2,0.9531193971633911,,,,,
104,5,和肺,and lung(s),T86.3,0.9441227912902832,,,,,
104,4,胰腺,pancreas,T86.8,0.9475919008255005,,,,,
104,3,腔静脉装置(过滤器)(筛)(伞),vena cava device (filter) (sieve) (umbrella),T82.9,0.9901950359344482,,,,,
104,4,感染或炎症,infection or inflammation,T82.7,0.9836933016777039,,,,,
104,4,机械性,mechanical,T82.5,0.9920072555541992,,,,,
104,4,特指的 NEC,specified NEC,T82.8,0.9800368547439575,,,,,
104,3,人工,artificial,,0.9995878338813782,,,,,
104,4,受精,fertilization or insemination,N98.9,0.9204627275466919,,,,,
104,5,感染,infection,N98.0,0.9964622259140015,,,,,
104,5,卵巢过度刺激,hyperstimulation of ovaries,N98.1,0.9916900992393494,,,,,
104,5,企图植入,attempted introduction (of),,0.9914671182632446,,,,,
104,6,卵，体外受精后,ovum following in vitro fertilization,N98.2,0.9362775683403015,,,,,
104,6,胚胎，在胚胎转移中,embryo in embryo transfer,N98.3,0.9579688310623169,,,,,
104,5,特指的NEC,specified NEC,N98.8,0.9937452673912048,,,,,
105,4,心脏,heart,T82.9,0.9503200650215149,,,,,
105,4,感染或炎症,infection or inflammation,T82.7,0.9908627867698669,,,,,
105,4,机械性,mechanical,T82.5,0.9770894050598145,,,,,
105,4,特指的 NEC,specified NEC,T82.8,0.9623715281486511,,,,,
105,3,妊娠NEC(另见妊娠，并发),"pregnancy NEC (see also Pregnancy, complicated by)",O26.9,0.972217321395874,,,,,
105,3,乳(突)(操作后),mastoid (process) (postprocedural),H95.9,0.9913469552993774,,,,,
105,4,特指的 NEC,specified NEC,H95.8,0.966537594795227,,,,,
105,3,乳房植入物(假体),breast implant (prosthetic),T85.9,0.9811840057373047,,,,,
105,4,感染或炎症,infection or inflammation,T85.7,0.9581108689308167,,,,,
105,4,机械性,mechanical,T85.4,0.9821813702583313,,,,,
105,4,特指的 NEC,specified NEC,T85.8,0.9507958889007568,,,,,
105,3,乳突后切除术NEC,postmastoidectomy NEC,H95.1,0.9903976321220398,,,,,
105,4,复发性胆脂瘤,recurrent cholesteatoma,H95.0,0.9873334765434265,,,,,
105,3,乳突切除术空腔NEC,mastoidectomy cavity NEC,H95.1,0.9700278639793396,,,,,
105,3,神经刺激器,neurostimulator,T85.9,0.9974374771118164,,,,,
105,4,感染或炎症,infection or inflammation,T85.7,0.9543819427490234,,,,,
105,4,机械性,mechanical,T85.1,0.9728041291236877,,,,,
105,4,特指的NEC,specified NEC,T85.8,0.9652382135391235,,,,,
105,3,神经系统,nervous system,G98,0.9859978556632996,,,,,
105,4,操作后,postprocedural,G97.9,0.9815355539321899,,,,,
105,5,特指的 NEC,specified NEC,G97.8,0.9372249245643616,,,,,
105,4,电子刺激器(电极),electronic stimulator (electrode(s)),T85.9,0.9846864938735962,,,,,
105,5,感染或炎症,infection or inflammation,T85.7,0.9760134816169739,,,,,
105,5,机械性,mechanical,T85.1,0.9689679741859436,,,,,
105,5,特指的NEC,specified NEC,T85.8,0.9575785398483276,,,,,
105,4,中枢,central,G96.9,0.947834849357605,,,,,
105,4,装置、植入物或移植物,"device, implant or graft",T85.9,0.9897943139076233,,,,,
105,5,感染或炎症,infection or inflammation,T85.7,0.9640889763832092,,,,,
105,5,机械性,mechanical,T85.6,0.958844780921936,,,,,
105,5,特指的NEC,specified NEC,T85.8,0.961896538734436,,,,,
105,3,肾,renal,N28.9,0.988172709941864,,,,,
105,4,同种异基因移植物,allograft,T86.1,0.9735138416290283,,,,,
105,4,透析-见并发症，透析,"dialysis - see Complications, dialysis",,0.9707620143890381,,,,,
105,3,肾(造口),nephrostomy (stoma),N99.5,0.9668883085250854,,,,,
105,3,肾移植、衰竭或排斥(免疫或非免疫原因),"kidney transplant, failure or rejection (immune or nonimmune cause)",T86.1,0.992335319519043,,,,,
105,3,肾盂X线片,pyelogram,N99.8,0.9062440991401672,,,,,
105,3,食管抗反流装置,esophageal anti-reflux device,T85.9,0.9957491755485535,,,,,
105,4,感染或炎症,infection or inflammation,T85.7,0.9827386736869812,,,,,
105,4,机械性,mechanical,T85.5,0.9727270007133484,,,,,
105,4,特指的 NEC,specified NEC,T85.8,0.9512360095977783,,,,,
106,3,手术后(另见并发症，手术操作),"postoperative (see also Complications, surgical procedure)",T81.9,0.9903321862220764,,,,,
106,4,特指的 NEC,specified NEC,T81.8,0.9875946640968323,,,,,
106,3,输精管装置或植入物,vas deferens device or implant,T83.9,0.9673063158988953,,,,,
106,4,感染或炎症,infection or inflammation,T83.6,0.9879314303398132,,,,,
106,4,机械性,mechanical,T83.4,0.9619216918945312,,,,,
106,4,特指的NEC,specified NEC,T83.8,0.9664904475212097,,,,,
106,3,输血(淋巴细胞)(血浆),transfusion (blood) (lymphocytes) (plasma),T80.9,0.9863725900650024,,,,,
106,4,反应NEC,reaction NEC,T80.8,0.9588368535041809,,,,,
106,4,感染,infection,T80.2,0.9863255620002747,,,,,
106,4,脓毒症,sepsis,T80.2,0.9798752665519714,,,,,
106,4,溶血,hemolysis,T80.8,0.9715309143066406,,,,,
106,4,栓塞,embolism,T80.1,0.9680758714675903,,,,,
106,5,空气,air,T80.0,0.9416707754135132,,,,,
106,4,休克,shock,T80.8,0.9846231937408447,,,,,
106,4,血清(反应),serum (reaction),T80.6,0.9559077620506287,,,,,
106,5,休克，过敏性,"shock, anaphylactic",T80.5,0.9801174402236938,,,,,
106,4,血栓栓塞,"thromboembolism, thrombus",T80.1,0.9604142904281616,,,,,
106,4,血型不配合性反应(ABO),incompatibility reaction (ABO) (blood group),T80.3,0.9903251528739929,,,,,
106,5,Rh(因子),Rh (factor),T80.4,0.9957038760185242,,,,,
106,3,输注(操作)NEC,infusion (procedure) NEC,T80.9,0.9768468141555786,,,,,
106,4,泵-见并发症，输注，导管,"pump - see Complications, infusion, catheter",,0.9475699663162231,,,,,
106,4,导管,catheter,T82.9,0.977127730846405,,,,,
106,5,感染或炎症,infection or inflammation,T82.7,0.968923032283783,,,,,
106,5,机械性,mechanical,T82.5,0.9374106526374817,,,,,
106,5,特指的NEC,specified NEC,T82.8,0.9532917737960815,,,,,
106,4,感染NEC,infection NEC,T80.2,0.9697279334068298,,,,,
106,4,脓毒症NEC,sepsis NEC,T80.2,0.9769098162651062,,,,,
106,4,血液-见并发症，输血,"blood - see Complications, transfusion",,0.9788901805877686,,,,,
106,3,体外循环,extracorporeal circulation,T80.9,0.9913662075996399,,,,,
106,3,通气治疗 NEC,ventilation therapy NEC,T81.8,0.9665378332138062,,,,,
106,3,透析(肾),dialysis (renal),T80.9,0.9941555261611938,,,,,
106,4,导管(血管性),catheter (vascular),T82.9,0.9709529280662537,,,,,
106,5,腹膜内的-见并发症，导管,"peritoneal, intraperitoneal - see Complications, catheter",,0.9454231262207031,,,,,
106,5,感染或炎症,infection or inflammation,T82.7,0.9795213341712952,,,,,
106,5,机械性,mechanical,T82.4,0.9712963104248047,,,,,
106,5,特指的 NEC,specified NEC,T82.8,0.9450603127479553,,,,,
107,3,外科操作,surgical procedure,T81.9,0.9951198697090149,,,,,
107,4,瓣膜切开术后综合征,postvalvulotomy syndrome,I97.0,0.979732871055603,,,,,
107,4,玻璃体(接触)综合征,vitreous (touch) syndrome,H59.0,0.9667671918869019,,,,,
107,4,肠梗阻,intestinal obstruction,K91.3,0.9230359792709351,,,,,
107,4,出血或血肿,hemorrhage or hematoma,T81.0,0.9516105651855469,,,,,
107,4,除脏术,evisceration,T81.3,0.9369497895240784,,,,,
107,4,垂体功能减退症(垂体切除术后),hypopituitarism (posthypophysectomy),E89.3,0.983150839805603,,,,,
107,4,代谢性,metabolic,E89.9,0.9304018020629883,,,,,
107,5,特指的NEC,specified NEC,E89.8,0.9543306827545166,,,,,
107,4,胆囊切除术后综合征,postcholecystectomy syndrome,K91.5,0.9934695959091187,,,,,
107,4,胆脂瘤，复发性(乳突后切除术),"cholesteatoma, recurrent (postmastoidectomy)",H95.0,0.9877427816390991,,,,,
107,4,耳,ear,H95.9,0.9163018465042114,,,,,
107,5,特指的 NEC,specified NEC,H95.8,0.9524381756782532,,,,,
107,4,肺机能不全(急性),pulmonary insufficiency (acute),J95.2,0.9731730818748474,,,,,
107,5,慢性,chronic,J95.3,0.9663683176040649,,,,,
107,4,肺气肿(手术的),emphysema (surgical),T81.8,0.9766849279403687,,,,,
107,4,缝合口破裂,burst stitches or sutures,T81.3,0.9875258803367615,,,,,
107,4,肝衰竭,hepatic failure,K91.8,0.9706674814224243,,,,,
107,4,高血糖(胰切除术后),hyperglycemia (postpancreatectomy),E89.1,0.9882429242134094,,,,,
107,4,睾丸机能减退,testicular hypofunction,E89.5,0.9687446355819702,,,,,
107,4,呼吸,respiratory,J95.9,0.9933260083198547,,,,,
107,5,特指的NEC,specified NEC,J95.8,0.9870197176933289,,,,,
107,4,肌肉骨骼,musculoskeletal,M96.9,0.9870002269744873,,,,,
107,5,特指的NEC,specified NEC,M96.8,0.9643776416778564,,,,,
107,4,甲状旁腺功能减退症(甲状旁腺切除术后),hypoparathyroidism (postparathyroidectomy),E89.2,0.9677256345748901,,,,,
107,4,甲状腺功能减退症(甲状腺切除术后),hypothyroidism (post-thyroidectomy),E89.0,0.9858934879302979,,,,,
107,4,截肢残端(晚期) NEC,amputation stump (late) NEC,T87.6,0.960515558719635,,,,,
107,5,感染或炎症,infection or inflammation,T87.4,0.9658292531967163,,,,,
107,5,坏死,necrosis,T87.5,0.9784983992576599,,,,,
107,5,神经瘤,neuroma,T87.3,0.9412250518798828,,,,,
107,4,连合部切开术后综合征,postcommissurotomy syndrome,I97.0,0.9835550785064697,,,,,
107,4,裂开(伤口),dehiscence (of wound),T81.3,0.9860271215438843,,,,,
107,5,会阴切开术,episiotomy,O90.1,0.9311257600784302,,,,,
107,5,剖宫产,cesarean section,O90.0,0.9205370545387268,,,,,
107,4,瘘道(术后持续性),fistula (persistent postoperative),T81.8,0.9773406982421875,,,,,
107,4,卵巢衰竭,ovarian failure,E89.4,0.9879876971244812,,,,,
107,4,迷走神经切断术后综合征,postvagotomy syndrome,K91.1,0.9839766025543213,,,,,
107,4,泌尿生殖道,genitourinary,N99.9,0.9722680449485779,,,,,
107,5,特指的NEC,specified NEC,N99.8,0.9920362234115601,,,,,
107,4,泌尿系,urinary,N99.9,0.9902344942092896,,,,,
107,5,特指的NEC,specified NEC,N99.8,0.970323383808136,,,,,
108,4,脑室分流后颅内低压(脑室造口引流术),intracranial hypotension following ventricular shunting (ventriculostomy),G97.2,0.9835805892944336,,,,,
108,4,内分泌,endocrine,E89.9,0.9401503205299377,,,,,
108,5,特指的 NEC,specified NEC,E89.8,0.9609891772270203,,,,,
108,4,倾倒综合征(胃切除术后),dumping syndrome (postgastrectomy),K91.1,0.9871452450752258,,,,,
108,4,缺氧性脑损害,anoxic brain damage,T88.5,0.9634838104248047,,,,,
108,4,乳房切除术后淋巴水肿综合征,postmastectomy lymphedema syndrome,I97.2,0.9726613759994507,,,,,
108,4,乳突切除术空腔NEC,mastoidectomy cavity NEC,H95.1,0.9774824976921082,,,,,
108,5,复发性胆脂瘤,recurrent cholesteatoma,H95.0,0.9687625765800476,,,,,
108,4,伤口感染,wound infection,T81.4,0.9723640084266663,,,,,
108,4,伤口破裂,disruption of wound,T81.3,0.9500917792320251,,,,,
108,5,会阴切开术,episiotomy,O90.1,0.9539290070533752,,,,,
108,5,剖宫产,cesarean section,O90.0,0.9386916756629944,,,,,
108,4,神经系统(中枢)(周围),nervous system (central) (peripheral),G97.9,0.9930063486099243,,,,,
108,5,特指的 NEC,specified NEC,G97.8,0.956392228603363,,,,,
108,4,声门下狭窄(手术后),subglottic stenosis (postsurgical),J95.5,0.9900038242340088,,,,,
108,4,特指的 NEC,specified NEC,T81.8,0.9695748686790466,,,,,
108,4,胃肠道,gastrointestinal,K91.9,0.9500752091407776,,,,,
108,5,特指的 NEC,specified NEC,K91.8,0.9793707132339478,,,,,
108,4,胃切除术后倾倒综合征,postgastrectomy dumping syndrome,K91.1,0.9631066918373108,,,,,
108,4,吸收不良(手术后)NEC,malabsorption (postsurgical) NEC,K91.2,0.9799272418022156,,,,,
108,5,骨质疏松症,osteoporosis,M81.3,0.9758573770523071,,,,,
108,4,象皮肿或淋巴水肿,elephantiasis or lymphedema,I97.8,0.9717121720314026,,,,,
108,5,乳房切除术后,postmastectomy,I97.2,0.9672078490257263,,,,,
108,4,消化系统,digestive system,K91.9,0.9882362484931946,,,,,
108,5,功能性疾患 NEC,functional disorder NEC,K91.8,0.9644659757614136,,,,,
108,5,特指的 NEC,specified NEC,K91.8,0.9825771450996399,,,,,
108,4,心切开术后综合征,postcardiotomy syndrome,I97.0,0.9707952737808228,,,,,
108,4,心脏,cardiac,T81.8,0.9690173268318176,,,,,
108,5,操作后(功能性)(晚期),postprocedural (functional) (late),I97.8,0.9614913463592529,,,,,
108,5,手术后的长期效应,long-term effect following cardiac surgery,I97.1,0.9730992913246155,,,,,
108,4,休克(内毒素性)(循环血容量减少性)(感染性),shock (endotoxic) (hypovolemic) (septic),T81.1,0.9694122076034546,,,,,
108,4,血管(周围),vascular (peripheral),T81.7,0.9872727990150452,,,,,
108,4,血内胰岛素不足(胰切除术后),hypoinsulinemia (postpancreatectomy),E89.1,0.9724620580673218,,,,,
108,4,循环(早期),circulatory (early),T81.7,0.9695278406143188,,,,,
108,5,操作后,postprocedural,I97.9,0.9603179693222046,,,,,
108,5,功能性障碍NEC,functional disturbance NEC,I97.8,0.9502270817756653,,,,,
108,4,眼,eye,H59.9,0.9087111353874207,,,,,
108,5,特指的NEC,specified NEC,H59.8,0.9742898941040039,,,,,
108,4,移植-见并发症，器官或组织移植,"transplant - see Complications, organ or tissue transplant",,0.9786927700042725,,,,,
109,4,异物意外遗留于伤口中(海绵)(缝线)(拭子),foreign body inadvertently left in wound (sponge) (suture) (swab),T81.5,0.9607293009757996,,,,,
109,4,意外穿刺或撕裂,accidental puncture or laceration,T81.2,0.991877555847168,,,,,
109,4,阴道穹隆脱垂(子宫切除术后),vaginal vault prolapse (posthysterectomy),N99.3,0.9892857670783997,,,,,
109,4,再植身体部位(感染)(排斥)NEC,reattached body part (infection) (rejection) NEC,T87.2,0.9736857414245605,,,,,
109,5,上肢,upper limb,T87.0,0.9304155111312866,,,,,
109,5,下肢,lower limb,T87.1,0.9554529190063477,,,,,
109,4,针眼脓肿,stitch abscess,T81.4,0.9730584025382996,,,,,
109,4,周围血管,peripheral vascular,T81.7,0.9789891839027405,,,,,
109,4,椎板切除术后综合征 NEC,postlaminectomy syndrome NEC,M96.1,0.9877184629440308,,,,,
109,5,脊柱后凸,kyphosis,M96.3,0.959807813167572,,,,,
109,3,胃(造口),gastrostomy (stoma),K91.8,0.9752549529075623,,,,,
109,3,胃肠道,gastrointestinal,K92.9,0.974648118019104,,,,,
109,4,手术后(另见并发症，按类型和部位),"postoperative (see also Complications, by type and site)",K91.9,0.9826969504356384,,,,,
109,5,特指的 NEC,specified NEC,K91.8,0.9844233989715576,,,,,
109,3,吻合(和分流) NEC,anastomosis (and bypass) NEC,T85.9,0.9724833965301514,,,,,
109,4,肠(内) NEC,intestinal (internal) NEC,K91.8,0.9346717596054077,,,,,
109,5,涉及泌尿道,involving urinary tract,N99.8,0.9783007502555847,,,,,
109,4,泌尿道(涉及肠道),urinary tract (involving intestinal tract),N99.8,0.9901842474937439,,,,,
109,4,血管性,vascular,T82.9,0.9476262331008911,,,,,
109,5,感染或炎症,infection or inflammation,T82.7,0.9642848968505859,,,,,
109,5,机械性,mechanical,T82.3,0.92670077085495,,,,,
109,5,特指的NEC,specified NEC,T82.8,0.9665848612785339,,,,,
109,3,吸入治疗 NEC,inhalation therapy NEC,T81.8,0.9485375881195068,,,,,
109,3,心肾性,cardiorenal,I13.2,0.9668409824371338,,,,,
109,3,心脏(另见病，心脏),"cardiac, heart (see also Disease, heart)",I51.9,0.9844657182693481,,,,,
109,4,瓣膜,valve,,0.8839130401611328,,,,,
109,5,假体,prosthesis,T82.9,0.9438021779060364,,,,,
109,6,感染或炎症,infection or inflammation,T82.6,0.9814469218254089,,,,,
109,6,机械性,mechanical,T82.0,0.9176563620567322,,,,,
109,6,特指的NEC,specified NEC,T82.8,0.9834761619567871,,,,,
109,5,移植物,graft,T82.9,0.9995510578155518,,,,,
109,6,感染或炎症,infection or inflammation,T82.7,0.8985790014266968,,,,,
109,6,机械性,mechanical,T82.2,0.913300096988678,,,,,
109,6,特指的 NEC,specified NEC,T82.8,0.9389070868492126,,,,,
109,4,起搏器(电极)(脉冲发生器),pacemaker (electrode) (pulse generator),T82.9,0.9717124104499817,,,,,
109,5,感染或炎症,infection or inflammation,T82.7,0.9309133291244507,,,,,
109,5,机械性,mechanical,T82.1,0.971865713596344,,,,,
109,5,特指的NEC,specified NEC,T82.8,0.972955048084259,,,,,
110,4,手术后,postoperative,I97.9,0.978370189666748,,,,,
110,5,特指的NEC,specified NEC,I97.8,0.9715004563331604,,,,,
110,4,移植、衰竭或排斥(免疫或非免疫原因),"transplant, failure or rejection (immune or nonimmune cause)",T86.2,0.9636274576187134,,,,,
110,5,和肺,and lung(s),T86.3,0.8953127264976501,,,,,
110,4,装置、植入物或移植物,"device, implant or graft",T82.9,0.9764131307601929,,,,,
110,5,瓣膜假体,valve prosthesis,T82.9,0.9876838326454163,,,,,
110,6,感染或炎症,infection or inflammation,T82.6,0.9594796299934387,,,,,
110,6,机械性,mechanical,T82.0,0.964275598526001,,,,,
110,6,特指的NEC,specified NEC,T82.8,0.9766615033149719,,,,,
110,5,瓣膜移植物,valve graft,T82.9,0.9561809301376343,,,,,
110,6,感染或炎症,infection or inflammation,T82.7,0.9623222351074219,,,,,
110,6,机械性,mechanical,T82.2,0.9482019543647766,,,,,
110,6,特指的 NEC,specified NEC,T82.8,0.9353205561637878,,,,,
110,6,感染或炎症,infection or inflammation,T82.7,0.9570011496543884,,,,,
110,5,机械性,mechanical,T82.5,0.999000072479248,,,,,
110,3,起搏器(电极)(脉冲发生器),pacemaker (electrode) (pulse generator),T82.9,0.9851745367050171,,,,,
110,6,感染或炎症,infection or inflammation,T82.7,0.96222323179245,,,,,
110,4,机械性,mechanical,T82.1,0.9417058825492859,,,,,
110,4,特指的NEC,specified NEC,T82.8,0.9596229195594788,,,,,
110,4,特指的 NEC,specified NEC,T82.8,0.982404351234436,,,,,
110,3,血管,vascular,I99,0.9364465475082397,,,,,
110,4,后,following,,0.7974701523780823,,,,,
110,5,操作，特指的 NEC,"procedure, specified NEC",T81.7,0.9624409675598145,,,,,
110,5,输注、治疗性注射或输血,"infusion, therapeutic injection or transfusion",T80.1,0.9858417510986328,,,,,
110,4,手术后,postoperative,I97.8,0.9475800395011902,,,,,
110,4,装置、植入物或移植物,"device, implant or graft",T82.9,0.9972099661827087,,,,,
110,5,感染或炎症,infection or inflammation,T82.7,0.8971714973449707,,,,,
110,5,机械性NEC,mechanical NEC,T82.5,0.9460117220878601,,,,,
110,5,特指的NEC,specified NEC,T82.8,0.9760602116584778,,,,,
110,3,血液透析-见并发症，透析,"hemodialysis - see Complications, dialysis",,0.975864052772522,,,,,
110,3,循环系统,circulatory,I99,0.9760236740112305,,,,,
110,4,手术后,postoperative,I97.9,0.9086712598800659,,,,,
110,5,特指的NEC,specified NEC,I97.8,0.9896255731582642,,,,,
110,3,眼,eye,H57.9,0.995726466178894,,,,,
110,4,手术后,postoperative,H59.9,0.9417157173156738,,,,,
110,5,特指的 NEC,specified NEC,H59.8,0.9550659656524658,,,,,
110,4,植入物(假体),implant (prosthetic),T85.9,0.9631625413894653,,,,,
110,5,感染或炎症,infection or inflammation,T85.7,0.9583196043968201,,,,,
110,5,机械性,mechanical,T85.3,0.9461265206336975,,,,,
110,6,眼内晶状体,intraocular lens,T85.2,0.981053352355957,,,,,
110,5,特指的NEC,specified NEC,T85.8,0.9573487043380737,,,,,
111,3,眼内晶状体(假体),intraocular lens (prosthetic),T85.9,0.9839342832565308,,,,,
111,4,感染或炎症,infection or inflammation,T85.7,0.9476248025894165,,,,,
111,4,机械性,mechanical,T85.2,0.9576695561408997,,,,,
111,4,特指的NEC,specified NEC,T85.8,0.9545549154281616,,,,,
111,3,腰椎穿刺,lumbar puncture,G97.1,0.9959459900856018,,,,,
111,4,脑脊液漏出,cerebrospinal fluid leak,G97.0,0.9359652400016785,,,,,
111,4,头痛或反应,headache or reaction,G97.1,0.9806490540504456,,,,,
111,3,医疗操作,medical procedure,T88.9,0.9473645091056824,,,,,
111,4,耳,ear,H95.9,0.8860005140304565,,,,,
111,5,特指的NEC,specified NEC,H95.8,0.9731594324111938,,,,,
111,4,呼吸道,respiratory,J95.9,0.9765127897262573,,,,,
111,5,特指的 NEC,specified NEC,J95.8,0.9370312690734863,,,,,
111,4,肌肉骨骼,musculoskeletal,M96.9,0.9787905216217041,,,,,
111,5,特指的NEC,specified NEC,M96.8,0.9867328405380249,,,,,
111,4,尿道狭窄,urethral stricture,N99.1,0.9679406881332397,,,,,
111,4,乳突切除术空腔NEC,mastoidectomy cavity NEC,H95.1,0.9899981617927551,,,,,
111,4,神经系统(中枢)(周围),nervous system (central) (peripheral),G97.9,0.9844914078712463,,,,,
111,5,特指的 NEC,specified NEC,G97.8,0.9556823968887329,,,,,
111,4,胃肠道,gastrointestinal,K91.9,0.9927350282669067,,,,,
111,5,特指的NEC,specified NEC,K91.8,0.9741271734237671,,,,,
111,4,消化系统,digestive system,K91.9,0.933143675327301,,,,,
111,5,特指的 NEC,specified NEC,K91.8,0.9716203808784485,,,,,
111,4,心脏,cardiac,T81.8,0.9398784637451172,,,,,
111,5,操作后(功能性)(晚期),postprocedural (functional) (late),I97.9,0.9604286551475525,,,,,
111,6,特指的 NEC,specified NEC,I97.8,0.9531805515289307,,,,,
111,4,血管,vascular,T81.7,0.8887737989425659,,,,,
111,5,操作后(功能性)(晚期),postprocedural (functional) (late),I97.8,0.976314902305603,,,,,
111,4,循环系,circulatory,T81.7,0.9187026023864746,,,,,
111,5,操作后(功能性)(晚期),postprocedural (functional) (late),I97.9,0.9690737724304199,,,,,
111,6,特指的 NEC,specified NEC,I97.8,0.951901376247406,,,,,
111,4,眼,eye,H59.9,0.9494602680206299,,,,,
111,5,特指的 NEC,specified NEC,H59.8,0.961380124092102,,,,,
111,4,周围血管,peripheral vascular,T81.7,0.9830183982849121,,,,,
111,3,胰腺移植、衰竭或排斥(免疫或非免疫原因),"pancreas transplant, failure or rejection (immune or nonimmune cause)",T86.8,0.9931052923202515,,,,,
111,3,移植NEC(另见并发症，器官或组织移植),"transplant NEC (see also Complications, organ or tissue transplant)",T86.9,0.9918083548545837,,,,,
111,3,移植物(旁路)(补片),graft (bypass) (patch),T85.9,0.9615277647972107,,,,,
111,4,动脉,arterial,T82.9,0.9569119215011597,,,,,
111,5,感染或炎症,infection or inflammation,T82.7,0.9854100346565247,,,,,
111,5,机械性,mechanical,T82.3,0.9705731868743896,,,,,
111,5,特指的NEC,specified NEC,T82.8,0.9800137281417847,,,,,
112,4,股动脉(搭桥术)-见并发症，移植物，动脉,"femoral artery (bypass) - see Complications,graft, arterial",,0.9701909422874451,,,,,
112,4,骨,bone,T84.9,0.9557030200958252,,,,,
112,5,感染或炎症,infection or inflammation,T84.7,0.9736452698707581,,,,,
112,5,机械性,mechanical,T84.3,0.9860467314720154,,,,,
112,5,髓 NEC,marrow NEC,T86.0,0.9787058234214783,,,,,
112,4,特指的 NEC,specified NEC,T84.8,0.9734199643135071,,,,,
112,4,冠状(动脉),coronary (artery),T82.9,0.9808328747749329,,,,,
112,5,感染或炎症,infection or inflammation,T82.7,0.987036943435669,,,,,
112,5,机械性,mechanical,T82.2,0.9552181959152222,,,,,
112,5,特指的 NEC,specified NEC,T82.8,0.935681939125061,,,,,
112,4,肌肉,muscle,T84.9,0.9475195407867432,,,,,
112,5,感染或炎症,infection or inflammation,T84.7,0.9602270126342773,,,,,
112,5,机械性,mechanical,T84.4,0.9991823434829712,,,,,
112,4,特指的 NEC,specified NEC,T84.8,0.946456253528595,,,,,
112,4,腱,tendon,T84.9,0.9417717456817627,,,,,
112,5,感染或炎症,infection or inflammation,T84.7,0.9716794490814209,,,,,
112,5,机械性,mechanical,T84.4,0.997712254524231,,,,,
112,5,特指的 NEC,specified NEC,T84.8,0.968989908695221,,,,,
112,4,角膜,cornea,T85.9,0.9341342449188232,,,,,
112,5,感染或炎症,infection or inflammation,T85.7,0.9492385983467102,,,,,
112,4,机械性,mechanical,T85.3,0.9865014553070068,,,,,
112,4,特指的 NEC,specified NEC,T85.8,0.9773468375205994,,,,,
112,4,颈动脉-见并发症，移植物，动脉,"carotid artery - see Complications, graft, arterial",,0.9634445309638977,,,,,
112,4,泌尿器官,urinary organ,T83.9,0.9663408398628235,,,,,
112,5,感染或炎症,infection or inflammation,T83.5,0.9355125427246094,,,,,
112,5,机械性,mechanical,T83.2,0.9488953948020935,,,,,
112,5,特指的 NEC,specified NEC,T83.8,0.9410034418106079,,,,,
112,4,皮肤(衰竭)(感染)(排斥),skin (failure) (infection) (rejection),T86.8,0.9527199268341064,,,,,
112,4,器官(免疫或非免疫原因)(部分)(全部)-见并发症，器官或组织移植,"organ (immune or nonimmune cause) (partial) (total) - see Complications, organ or tissue transplant",,0.9639396071434021,,,,,
112,4,神经,nerve,T85.9,0.9454355239868164,,,,,
112,5,感染或炎症,infection or inflammation,T85.7,0.9411804676055908,,,,,
112,5,机械性,mechanical,T85.6,0.9863249659538269,,,,,
112,5,特指的 NEC,specified NEC,T85.8,0.9467280507087708,,,,,
112,4,生殖器官或生殖道,genital organ or tract,T83.9,0.960334062576294,,,,,
112,4,感染或炎症,infection or inflammation,T83.6,0.9743494987487793,,,,,
112,5,机械性,mechanical,T83.4,0.9184345602989197,,,,,
112,5,特指的 NEC,specified NEC,T83.8,0.930631160736084,,,,,
112,4,特指的NEC,specified NEC,T85.8,0.9663088917732239,,,,,
112,4,血管-见并发症，移植物，动脉,"vascular - see Complications, graft, arterial",,0.9338095188140869,,,,,
113,3,阴茎假体(植入物),penile prosthesis (implant),T83.9,0.9961683750152588,,,,,
113,4,感染或炎症,infection or inflammation,T83.6,0.9621304869651794,,,,,
113,4,机械性,mechanical,T83.4,0.9642444849014282,,,,,
113,4,特指的NEC,specified NEC,T83.8,0.9847405552864075,,,,,
113,3,再附着,reattached,,0.9774816632270813,,,,,
113,4,特指的身体部位 NEC,specified body part NEC,T87.2,0.9899475574493408,,,,,
113,4,肢(感染)(排斥),extremity (infection) (rejection),T87.2,0.9752857685089111,,,,,
113,5,上,upper,T87.0,0.9058687686920166,,,,,
113,5,下,lower,T87.1,0.9299056529998779,,,,,
113,3,再植NEC,reimplant NEC,T85.9,0.9416207671165466,,,,,
113,4,假体装置NEC-见并发症，假体装置、移植物或植入物,"prosthetic device NEC - see Complications, prosthetic device, graft or implant",,0.9766256213188171,,,,,
113,4,器官，衰竭或排斥(免疫或非免疫原因)(部分)(全部)-见并发症，器官或组织移植、衰竭或排斥,"organ, failure or rejection (immune or nonimmune cause) (partial)(total) - see Complications, organ or tissue transplant, failure or rejection",,0.9814837574958801,,,,,
113,4,肢(感染)(排斥),limb (infection) (rejection),T87.2,0.9535962343215942,,,,,
113,5,上,upper,T87.0,0.8868612051010132,,,,,
113,5,下,lower,T87.1,0.9333827495574951,,,,,
113,3,在操作中意外穿刺或撕裂,accidental puncture or laceration during procedure,T81.2,0.9977226257324219,,,,,
113,3,镇静剂，在产程和分娩中,sedation during labor and delivery,O74.9,0.9766101837158203,,,,,
113,4,肺NEC,pulmonary NEC,O74.1,0.9504165649414062,,,,,
113,4,心脏的,cardiac,O74.2,0.9617875218391418,,,,,
113,4,影响到胎儿或新生儿,affecting fetus or newborn,P04.0,0.971210241317749,,,,,
113,4,中枢神经系统,central nervous system,O74.3,0.9582001566886902,,,,,
113,3,植入物NEC-见并发症，按部位和类型,"implant NEC - see Complications, by site and type",,0.9864044189453125,,,,,
113,3,治疗性,therapeutic,T88.9,0.9586760401725769,,,,,
113,3,药物和药剂,drugs and medicaments,T88.7,0.9724496603012085,,,,,
113,3,周围神经装置、植入物或移植物,"peripheral nerve device, implant or graft",T85.9,0.9984156489372253,,,,,
113,4,电子刺激器,electronic stimulator,T85.9,0.9820232391357422,,,,,
113,5,感染或炎症,infection or inflammation,T85.7,0.9893509745597839,,,,,
113,5,机械性,mechanical,T85.1,0.9589738845825195,,,,,
113,5,特指的NEC,specified NEC,T85.8,0.9227043986320496,,,,,
113,4,感染或炎症 NEC,infection or inflammation NEC,T85.7,0.968421459197998,,,,,
113,4,机械性 NEC,mechanical NEC,T85.6,0.9727235436439514,,,,,
113,4,特指的 NEC,specified NEC,T85.8,0.9721423387527466,,,,,
113,3,主动脉(权)移植物-见并发症，移植物，动脉,"aortic (bifurcation) graft - see Complications, graft, arterial",,0.9844984412193298,,,,,
113,3,主动脉冠状动脉(搭桥术)移植物-见并发症，冠状动脉(搭桥术)移植物,"aortocoronary (bypass) graft - see Complications, coronary artery (bypass) graft",,0.9792470335960388,,,,,
114,3,注射(操作),injection (procedure),T80.9,0.9936220049858093,,,,,
114,4,感染NEC,infection NEC,T80.2,0.9891290664672852,,,,,
114,4,菌苗，疫苗(任何)-见并发症，接种,"vaccine (any) - see Complications, vaccination",,0.9477248787879944,,,,,
114,4,脓毒症NEC,sepsis NEC,T80.2,0.9721001982688904,,,,,
114,4,血清(预防性)(治疗性)-见并发症，接种,"serum (prophylactic) (therapeutic) - see Complications, vaccination",,0.9670178890228271,,,,,
114,4,药物反应(另见反应，药物),"drug reaction (see also Reaction, drug)",T88.7,0.9861518144607544,,,,,
114,3,装置NEC,device NEC,T85.8,0.9875918030738831,,,,,
114,3,子宫内,intrauterine,,0.987512469291687,,,,,
114,4,避孕装置,contraceptive device,T83.9,0.9897164702415466,,,,,
114,5,感染或炎症,infection or inflammation,T83.6,0.9326567053794861,,,,,
114,4,机械性,mechanical,T83.3,0.9148837327957153,,,,,
114,5,特指的 NEC,specified NEC,T83.8,0.9546341300010681,,,,,
114,4,操作NEC，影响到胎儿或新生儿,"procedure NEC, affecting fetus or newborn",P96.5,0.9493342638015747,,,,,
114,2,并合,Coalition,,0.9999526739120483,,,,,
114,3,跗骨,tarsal,Q66.8,0.988587498664856,,,,,
114,3,跟骨舟骨,calcaneo-scaphoid,Q66.8,0.9767447710037231,,,,,
114,2,并头联胎,Syncephalus,Q89.4,0.9998641610145569,,,,,
114,2,并腿畸胎,Sympus,Q74.2,0.9727401733398438,,,,,
114,2,并腿畸形(综合征),Sirenomelia (syndrome),Q87.2,0.9972637295722961,,,,,
114,2,并牙症,Synodontia,K00.2,0.9777623414993286,,,,,
114,2,并殖吸虫病,Paragonimiasis,B66.4,0.9760160446166992,,,,,
114,2,并指[趾],"Dactylosymphysis, Syndactylism, syndactyly",Q70.9,0.9693052172660828,,,,,
114,3,复合性(伴有骨连结),complex (with synostosis),Q70.9,0.9949811100959778,,,,,
114,4,脚趾,toes,Q70.2,0.917367160320282,,,,,
114,4,手指,fingers,Q70.0,0.9244434833526611,,,,,
114,3,简单(不伴有骨连结),simple (without synostosis),Q70.9,0.9811258912086487,,,,,
114,4,脚趾,toes,Q70.3,0.9640839099884033,,,,,
114,4,手指,fingers,Q70.1,0.9552952647209167,,,,,
114,3,脚趾(不伴有骨连结),toes (without synostosis),Q70.3,0.9902986884117126,,,,,
114,4,伴有骨连结,with synostosis,Q70.2,0.984274685382843,,,,,
114,3,手指(不伴有骨连结),fingers (without synostosis),Q70.1,0.9824827909469604,,,,,
114,4,伴有骨连结,with synostosis,Q70.0,0.9916533827781677,,,,,
115,1,bìng 病,,,,,,,,
115,2,病，疾病 - 另见综合征,"Disease, diseased - see also Syndrome",,0.9139084219932556,,,,,
115,3,H[哈特纳普],H (Hartnup's),E72.0,0.9633477926254272,,,,,
115,3,I细胞,I-cell,E77.0,0.9530398845672607,,,,,
115,3,α重链(M9762/3),alpha heavy chain (M9762/3),C88.1,0.9838736057281494,,,,,
115,3,γ重链(M9763/3),gamma heavy chain (M9763/3),C88.2,0.987903356552124,,,,,
115,3,二尖(瓣)(风湿性),mitral (valve) (rheumatic),I05.9,0.954027533531189,,,,,
115,4,非风湿性,nonrheumatic,I34.9,0.9605526924133301,,,,,
115,3,三尖(瓣)(风湿性),tricuspid (valve) (rheumatic),I07.9,0.9510332942008972,,,,,
115,4,非风湿性,nonrheumatic,I36.9,0.9710401296615601,,,,,
115,3,阿波罗,Apollo,B30.3+ H13.1*,0.951041042804718,,,,,
115,3,阿尔卑斯山,alpine,T70.2,0.9455703496932983,,,,,
115,3,阿洪,ainhum,L94.6,0.9542357325553894,,,,,
115,3,埃博拉(病毒性),Ebola (virus),A98.4,0.9724732637405396,,,,,
115,3,艾柯病毒 NEC,echovirus NEC,B34.1,0.9829705357551575,,,,,
115,3,安第斯山地,Andes,T70.2,0.9887824654579163,,,,,
115,3,奥罗普什病毒,Oropouche virus,A93.0,0.98666912317276,,,,,
115,3,澳大利亚 X,Australian X,A83.4,0.934994637966156,,,,,
115,3,白细胞,white blood cells,D72.9,0.9893473982810974,,,,,
115,4,特指的 NEC,specified NEC,D72.8,0.9898620247840881,,,,,
115,3,白质NEC,white matter NEC,R90.8,0.9735707640647888,,,,,
115,3,半月软骨，囊性,"semilunar cartilage, cystic",M23.0,0.986398458480835,,,,,
115,3,瓣膜,"valve, valvular",I38,0.9731999635696411,,,,,
115,4,多发性(未特指原因),multiple (unspecified origin),I08.9,0.9757483005523682,,,,,
115,5,特指的NEC(未特指原因),specified NEC (unspecified origin),I08.8,0.9798880815505981,,,,,
115,3,包含体,inclusion,B25.9,0.9852518439292908,,,,,
115,4,涎腺,salivary gland,B25.9,0.9822097420692444,,,,,
115,3,鼻,"nasal, nose",J34.8,0.9681182503700256,,,,,
115,3,鼻窦(另见鼻窦炎),sinus (see also Sinusitis),J32.9,0.9793102145195007,,,,,
115,3,鞭虫,whipworm,B79,0.990272581577301,,,,,
115,3,扁桃体(和腺样体),"tonsils, tonsillar (and adenoids)",J35.9,0.9929760098457336,,,,,
115,3,冰岛[良性肌痛性脑脊髓炎],Iceland,G93.3,0.9869652986526489,,,,,
115,3,病毒(另见病，按病毒类型),"viral, virus (see also Disease, by type of virus)",B34.9,0.9848194122314453,,,,,
115,4,波瓦生(加拿大),Powassan,A84.8,0.9908992052078247,,,,,
115,4,虫媒病毒NEC,arbovirus NEC,A94,0.9899560809135437,,,,,
115,4,非节肢动物媒介NEC,nonarthropod-borne NEC,B34.9,0.9932886958122253,,,,,
115,4,汉滩(朝鲜出血热),Hantaan (Korean hemorrhagic fever),A98.5+ N08.0*,0.9733805656433105,,,,,
115,4,汉坦(伴有肾脏表现)(多布拉伐)(普马拉)(首尔[汉城]),Hanta (with renal manifestations) (Dobrava) (Puumala) (Seoul),A98.5 N08.0*,0.9491495490074158,,,,,
115,5,伴有肺部表现(安第斯)(牛轭湖)(贝尔梅霍)(污黑小河沟)(乔克洛)(茹奎蒂巴)(拉古纳内格拉)(莱奇瓜纳斯)(纽约)(奥兰)(无名[辛诺柏]病毒),with pulmonary manifestations (Andes) (Bayou) (Bermejo) (Black Creek Canal) (Choclo) (Juquitiba) (Laguna negra) (Lechiguanas) (New York) (Oran) (Sin Nombre),B33.4+ J17.1*,0.9825541377067566,,,,,
116,4,怀疑损害到胎儿而影响妊娠处理,suspected damage to fetus affecting management of pregnancy,O35.3,0.9903809428215027,,,,,
116,4,节肢动物媒介 NEC,arthropod-borne NEC,A94,0.9479177594184875,,,,,
116,4,昆金,Kunjin,A83.4,0.977056622505188,,,,,
116,4,罗西欧(脑炎),Rocio (encephalitis),A83.6,0.9784999489784241,,,,,
116,4,人类免疫缺陷[HIV]-见人(类)，免疫缺陷病毒[HIV]病,"human immunodeficiency (HIV) - see Human, immunodeficiency virus (HIV) disease",,0.9640665054321289,,,,,
116,4,水泡状口炎,vesicular stomatitis,A93.8,0.9669358730316162,,,,,
116,4,塔希纳,Tahyna,B33.8,0.9568071961402893,,,,,
116,4,先天性,congenital,P35.9,0.9378640651702881,,,,,
116,5,特指的NEC,specified NEC,P35.8,0.9859288930892944,,,,,
116,4,无名[辛诺柏](汉坦病毒(心)-肺综合征),Sin Nombre (Hantavirus (cardio)-pulmonary syndrome),B33.4+ J17.1*,0.9628742933273315,,,,,
116,3,玻璃工人(白内障),glass-blower's (cataract),H26.8,0.9930453896522522,,,,,
116,3,玻璃体,vitreous,H43.9,0.9755375981330872,,,,,
116,4,特指的 NEC,specified NEC,H43.8,0.9749938249588013,,,,,
116,3,博恩霍尔姆[流行性胸肌痛],Bornholm,B33.0,0.9937281012535095,,,,,
116,3,不明确的,ill-defined,R68.8,0.9777145981788635,,,,,
116,3,采海绵潜水员,sponge-diver's,T63.6,0.9852364659309387,,,,,
116,3,苍白斑，意指硬化萎缩苔癣,"white-spot, meaning lichen sclerosus et atrophicus",L90.0,0.9834420680999756,,,,,
116,4,阴茎,penis,N48.0,0.9896996021270752,,,,,
116,4,外阴,vulva,N90.4,0.9672888517379761,,,,,
116,3,产褥期NEC(另见 产褥期),puerperal NEC (see also Puerperal),O90.9,0.9535282254219055,,,,,
116,3,肠,"bowel, intestine",K63.9,0.9145123362541199,,,,,
116,4,功能性(另见疾患，肠，功能性),"functional (see also Disorder, intestine, functional)",K59.9,0.9830096960067749,,,,,
116,5,特指的 NEC,specified NEC,K59.8,0.9808408617973328,,,,,
116,4,器质性,organic,K63.9,0.9674224853515625,,,,,
116,4,缺血性,ischemic,K55.9,0.9826855063438416,,,,,
116,4,特指的 NEC,specified NEC,K63.8,0.9678977727890015,,,,,
116,4,炎症性(非特异性),"inflammatory, inflamed (nonspecific)",K52.9,0.972712516784668,,,,,
116,4,原虫性,protozoal,A07.9,0.9488047957420349,,,,,
116,3,肠病毒 NEC,"enteroviral, enterovirus NEC",B34.1,0.9480752944946289,,,,,
116,4,中枢神经系统 NEC,central nervous system NEC,A88.8,0.9596409201622009,,,,,
116,3,沉着，羟磷灰石,"deposition, hydroxyapatite",M11.0,0.9672194123268127,,,,,
116,3,出血性,hemorrhagic,D69.9,0.9985820651054382,,,,,
116,4,胎儿或新生儿,fetus or newborn,P53,0.9752600789070129,,,,,
116,3,传染性，感染性,"infectious, infective",B99,0.9659435153007507,,,,,
116,4,并发于妊娠、分娩或产褥期,"complicating pregnancy, childbirth or puerperium",O98.9,0.9456714987754822,,,,,
116,5,影响到胎儿或新生儿,affecting fetus or newborn,P00.2,0.9765726923942566,,,,,
117,4,人类免疫缺陷病毒(HIV)病所致,resulting from HIV disease,B20.9,0.9870253801345825,,,,,
117,5,特指的 NEC,specified NEC,B20.8,0.9726093411445618,,,,,
117,4,先天性,congenital,P37.9,0.9496386051177979,,,,,
117,5,特指的NEC,specified NEC,P37.8,0.9765738248825073,,,,,
117,3,船坞[流行性角膜结膜炎],shipyard,B30.0+ H19.2*,0.9620401263237,,,,,
117,3,垂体(腺),"hypophysis, pituitary (gland)",E23.7,0.9692916870117188,,,,,
117,3,唇,lip,K13.0,0.9388313293457031,,,,,
117,3,锉刀工[铅中毒],file-cutter's,T56.0,0.9929584860801697,,,,,
117,3,大脑(另见病，脑),"cerebral (see also Disease, brain)",G93.9,0.9733284115791321,,,,,
117,4,变性性-见变性，脑,"degenerative - see Degeneration, brain",,0.9612331390380859,,,,,
117,3,大疱性,bullous,L13.9,0.9911161661148071,,,,,
117,4,慢性，儿童期,"chronic, of childhood",L12.2,0.9767841100692749,,,,,
117,4,特指的 NEC,specified NEC,L13.8,0.9793457388877869,,,,,
117,3,代谢性,"metabolic, metabolism",E88.9,0.9754287004470825,,,,,
117,4,胆红素,bilirubin,E80.7,0.9675296545028687,,,,,
117,3,丹吉尔,Tangier,E78.6,0.9878435134887695,,,,,
117,3,胆(道),biliary (tract),K83.9,0.9822102189064026,,,,,
117,4,特指的NEC,specified NEC,K83.8,0.971117377281189,,,,,
117,3,胆囊,"cholecystic, gallbladder",K82.9,0.9394708275794983,,,,,
117,4,特指的NEC,specified NEC,K82.8,0.965214729309082,,,,,
117,3,胆总管(肝总管),bile duct (common) (hepatic),K83.9,0.9904448390007019,,,,,
117,4,伴有结石,"with calculus, stones",K80.5,0.9686955809593201,,,,,
117,4,特指的NEC,specified NEC,K83.8,0.9666469693183899,,,,,
117,3,蛋氨酸吸收不良,oast-house-urine,E72.1,0.9794809222221375,,,,,
117,4,眼,ocular,,0.7818610668182373,,,,,
117,4,带状疱疹,zoster,B02.3,0.9725991487503052,,,,,
117,4,疱疹病毒性,herpesviral,B00.5,0.9735681414604187,,,,,
117,3,蛋白质(过敏),protein,T80.6,0.9757140278816223,,,,,
117,3,导管NEC,catheter NEC,T85.8,0.9750546813011169,,,,,
117,3,地窖装填工,silo-filler's,J68.8,0.9682409167289734,,,,,
117,3,地中海,Mediterranean,D56.9,0.9773289561271667,,,,,
117,3,第四[杜克疹热病],fourth,B08.8,0.9728984832763672,,,,,
117,3,第五[传染性红斑],fifth,B08.3,0.9711139798164368,,,,,
117,3,第六[猝发疹],sixth,B08.2,0.9967241287231445,,,,,
117,3,淀粉样(另见淀粉样变),amyloid (see also Amyloidosis),E85.9,0.9909040331840515,,,,,
117,3,冬季呕吐(流行性),winter vomiting (epidemic),A08.1,0.987569272518158,,,,,
117,3,动脉,"arterial, artery",I77.9,0.9852369427680969,,,,,
117,4,闭塞,occlusive,I77.1,0.9677306413650513,,,,,
117,4,大脑,cerebral,I67.9,0.9079678058624268,,,,,
117,4,冠状,coronary,I25.1,0.9450806975364685,,,,,
118,3,动脉硬化性(另见动脉硬化),arteriosclerotic (see also Arteriosclerosis),I70.9,0.9845086932182312,,,,,
118,4,冠状(动脉),coronary (artery),I25.1,0.9526240825653076,,,,,
118,4,心血管,cardiovascular,I25.0,0.9591554403305054,,,,,
118,4,心脏,heart,I25.1,0.9852909445762634,,,,,
118,3,动物传染的，细菌性,"zoonotic, bacterial",A28.9,0.9913234114646912,,,,,
118,4,特指类型NEC,specified type NEC,A28.8,0.9485751986503601,,,,,
118,3,兜圈(晕动),roundabout (motion),T75.3,0.9746968150138855,,,,,
118,3,多动(另见运动过度),hyperkinetic (see also Hyperkinesia),F90.9,0.9906400442123413,,,,,
118,3,多囊,polycystic,,0.9580657482147217,,,,,
118,4,肺,lung or pulmonary,J98.4,0.9797202944755554,,,,,
118,5,先天性,congenital,Q33.0,0.9875414371490479,,,,,
118,4,肝,liver or hepatic,Q44.6,0.8877805471420288,,,,,
118,4,卵巢,"ovary, ovaries",E28.2,0.9796864986419678,,,,,
118,3,恶性(M8000/3)-另见肿瘤，恶性,"malignant (M8000/3) - see also Neoplasm, malignant",,0.9871228337287903,,,,,
118,4,以前的，影响妊娠处理,"previous, affecting management of pregnancy",Z35.8,0.9888198971748352,,,,,
118,3,鳄皮状鳞癣[重鳞癣],alligator-skin,Q80.9,0.9931480884552002,,,,,
118,4,后天性,acquired,L85.0,0.9306113123893738,,,,,
118,3,儿童期慢性大疱性,chronic bullous of childhood,L12.2,0.9865477681159973,,,,,
118,3,耳,ear,H93.9,0.9572551846504211,,,,,
118,4,内,internal,H83.9,0.8554708957672119,,,,,
118,5,特指的NEC,specified NEC,H83.8,0.9751170873641968,,,,,
118,4,外,external,H61.9,0.8815730810165405,,,,,
118,4,变性性,degenerative,H93.0,0.9871934056282043,,,,,
118,4,特指的NEC,specified NEC,H93.8,0.976850688457489,,,,,
118,4,血管性,vascular,H93.0,0.9813005328178406,,,,,
118,3,耳道,auditory canal,H61.9,0.9054771065711975,,,,,
118,3,耳廓(非感染性)NEC,"auricle, ear, pinna (noninfective) NEC",H61.1,0.9578177332878113,,,,,
118,3,发霉干草,moldy hay,J67.0,0.9847392439842224,,,,,
118,3,非节肢动物媒介NEC(病毒性),nonarthropod-borne NEC (viral),B34.9,0.9747283458709717,,,,,
118,4,肠病毒NEC,enterovirus NEC,B34.1,0.9605808258056641,,,,,
118,3,非器质性精神(另见精神病),psychotic (see also Psychosis),F29,0.9880706667900085,,,,,
118,3,非洲回归热,Carapata,A68.0,0.9807752370834351,,,,,
118,3,非洲眼线虫,eyeworm of Africa,B74.3,0.9969377517700195,,,,,
118,3,非自身免疫性溶血性,nonautoimmune hemolytic,D59.4,0.9901193380355835,,,,,
118,4,药物性,drug-induced,D59.2,0.971043586730957,,,,,
118,3,肺(急性)(慢性)(终末期),"lung, pulmonary (acute) (chronic) (end-stage)",J98.4,0.9884372353553772,,,,,
118,4,瓣膜,valve,I37.9,0.9350587129592896,,,,,
118,4,大泡性,bullous,J43.9,0.9839261770248413,,,,,
118,4,动脉,artery,I28.9,0.9747012853622437,,,,,
118,4,多囊,polycystic,J98.4,0.9811991453170776,,,,,
118,5,先天性,congenital,Q33.0,0.9638825058937073,,,,,
118,4,间质,interstitial,J84.9,0.9747529625892639,,,,,
118,5,特指的NEC,specified NEC,J84.8,0.9627256989479065,,,,,
119,4,见于,in,,0.8171671628952026,,,,,
119,5,淀粉样变,amyloidosis,E85.4+ J99.8*,0.9825906157493591,,,,,
119,5,结节病,sarcoidosis,D86.0,0.9635787606239319,,,,,
119,5,全身性,systemic,,0.9343346953392029,,,,,
119,6,红斑狼疮,lupus erythematosus,M32.1+ J99.1*,0.969463050365448,,,,,
119,6,硬化,sclerosis,M34.8+ J99.1*,0.9840341210365295,,,,,
119,5,舍格伦综合征,Sjögren's syndrome,M35.0+ J99.1*,0.9732092618942261,,,,,
119,4,类风湿(弥漫性)(间质),rheumatoid (diffuse) (interstitial),M05.1+ J99.0*,0.9757457971572876,,,,,
119,4,囊性,cystic,J98.4,0.975953221321106,,,,,
119,5,先天性,congenital,Q33.0,0.9902781248092651,,,,,
119,4,吸虫,fluke,B66.4,0.9727378487586975,,,,,
119,5,东方,oriental,B66.4,0.9542625546455383,,,,,
119,4,先天性,congenital,J98.4,0.9777910709381104,,,,,
119,4,纤维瘤(慢性)(另见纤维化，肺),"fibroid (chronic) (see also Fibrosis, lung)",J84.1,0.9733275771141052,,,,,
119,4,心,heart,I27.9,0.9388484358787537,,,,,
119,5,特指的 NEC,specified NEC,I27.8,0.9713813066482544,,,,,
119,4,新生儿,newborn,P28.9,0.9694966673851013,,,,,
119,4,阻塞性(慢性),obstructive (chronic),J44.9,0.954477846622467,,,,,
119,5,急性,acute,J44.1,0.9059496521949768,,,,,
119,5,伴有,with,,0.8309102058410645,,,,,
119,6,急性加重 NEC,acute exacerbation NEC,J44.1,0.8565444946289062,,,,,
119,6,下呼吸道感染(除外流感),lower respiratory infection (except influenza),J44.0,0.9898815155029297,,,,,
119,6,肺泡炎，变应性,"alveolitis, allergic",J67.-,0.9585975408554077,,,,,
119,6,肺气肿,emphysema,J43.-,0.9836996793746948,,,,,
119,6,过敏性肺炎,hypersensitivity pneumonitis,J67.-,0.988511323928833,,,,,
119,6,哮喘,asthma,J44.-,0.9555431604385376,,,,,
119,6,支气管炎,bronchitis,J44.8,0.970297634601593,,,,,
119,7,肺气肿性,emphysematous,J44.8,0.9795913696289062,,,,,
119,8,伴有急性加重,with acute exacerbation,J44.1,0.9849602580070496,,,,,
119,8,伴有急性下呼吸道感染,with acute lower respiratory infection,J44.0,0.9779649376869202,,,,,
119,3,肺心，慢性,"cardiopulmonary, chronic",I27.9,0.9812891483306885,,,,,
119,3,辐射 NEC,radiation NEC,T66,0.9405899047851562,,,,,
119,3,妇科,gynecological,N94.9,0.9258891344070435,,,,,
119,3,附睾,epididymis,N50.9,0.9962685108184814,,,,,
119,3,腹膜,peritoneum,K66.9,0.9883636236190796,,,,,
119,4,盆腔，女性NEC,"pelvic, female NEC",N94.8,0.9881614446640015,,,,,
119,4,特指的NEC,specified NEC,K66.8,0.9619957208633423,,,,,
119,3,腹腔(成人)(婴儿),celiac (adult) (infantile),K90.0,0.9762672781944275,,,,,
119,3,腹泻，传染性NEC,"diarrheal, infectious NEC",A09.0,0.9829434156417847,,,,,
120,3,甘油三酸酯贮积,triglyceride-storage,E75.5,0.9763549566268921,,,,,
120,3,肝(慢性)(器质性),"liver, hepatic (chronic) (organic)",K76.9,0.9634438753128052,,,,,
120,4,多囊(先天性),polycystic (congenital),Q44.6,0.9786649346351624,,,,,
120,4,见于(由于)血吸虫病(裂体吸虫病),in (due to) schistosomiasis (bilharziasis),B65 K77.0*,0.9570231437683105,,,,,
120,4,静脉闭塞,veno-occlusive,K76.5,0.991575300693512,,,,,
120,4,酒精性(慢性),alcoholic (chronic),K70.9,0.986153244972229,,,,,
120,4,囊性，先天性,"cystic, congenital",Q44.6,0.9391644597053528,,,,,
120,4,糖原贮积,glycogen storage,E74.0+ K77.8*,0.964198887348175,,,,,
120,4,吸虫,fluke,,0.8274047374725342,,,,,
120,5,东方,oriental,B66.1,0.9589706659317017,,,,,
120,5,羊,sheep,B66.3,0.8673396706581116,,,,,
120,5,中华,Chinese,B66.1,0.9249880909919739,,,,,
120,4,纤维囊性(先天性),fibrocystic (congenital),Q44.6,0.9865421056747437,,,,,
120,4,炎性,inflammatory,K75.9,0.9190471172332764,,,,,
120,5,酒精性,alcoholic,K70.1,0.9666656255722046,,,,,
120,5,特指的NEC,specified NEC,K75.8,0.9516519904136658,,,,,
120,4,药物性(特应性)(毒性)(可预言的)(不可预言的)-见病，肝，中毒性,"drug-induced (idiosyncratic) (toxic) (predictable) (unpredictable) - see Disease, liver, toxic",,0.9665704369544983,,,,,
120,4,中毒性,toxic,K71.9,0.9168442487716675,,,,,
120,5,伴有,with,,0.8008338212966919,,,,,
120,6,胆汁淤积,cholestasis,K71.0,0.9772664308547974,,,,,
120,6,肝坏死,hepatic necrosis,K71.1,0.9559711217880249,,,,,
120,6,肝静脉闭塞,veno-occlusive disease (VOD) of liver,K71.8,0.9788115620613098,,,,,
120,6,肝肉芽肿,hepatic granuloma,K71.8,0.9817289710044861,,,,,
120,6,肝炎 NEC,hepatitis NEC,K71.6,0.950788140296936,,,,,
120,7,急性,acute,K71.2,0.9402756094932556,,,,,
120,7,慢性,chronic,,0.8504926562309265,,,,,
120,8,活动,active,K71.5,0.991932213306427,,,,,
120,8,迁延性,persistent,K71.3,0.9784770011901855,,,,,
120,8,小叶性,lobular,K71.4,0.972869873046875,,,,,
120,7,狼疮样,lupoid,K71.5,0.9670958518981934,,,,,
120,6,局灶性结节性增生,focal nodular hyperplasia,K71.8,0.9724627137184143,,,,,
120,6,纤维化(肝),fibrosis (liver),K71.7,0.9719048738479614,,,,,
120,6,硬变(肝),cirrhosis (liver),K71.7,0.9457966685295105,,,,,
120,6,紫癜性肝炎,peliosis hepatis,K71.8,0.9483943581581116,,,,,
120,3,肛门,anus,K62.9,0.9529297351837158,,,,,
120,4,特指的 NEC,specified NEC,K62.8,0.9591954946517944,,,,,
120,3,高海拔,altitude,T70.2,0.9848087430000305,,,,,
120,3,高空[航空晕](旅行),air (travel),T75.3,0.98958820104599,,,,,
120,3,高山,mountain,T70.2,0.9804905652999878,,,,,
120,3,高胎儿基因或血红蛋白地中海贫血,high fetal gene or hemoglobin thalassemia,D56.9,0.9787570834159851,,,,,
120,3,高血压(另见高血压),hypertensive (see also Hypertension),I10,0.9662745594978333,,,,,
121,3,睾丸,testis,N50.9,0.9360934495925903,,,,,
121,3,膈,diaphragm,J98.6,0.9840085506439209,,,,,
121,3,根尖周组织 NEC,periapical tissues NEC,K04.9,0.9435561299324036,,,,,
121,3,更年期(女性),climacteric (female),N95.1,0.9726101756095886,,,,,
121,4,男性,male,N50.8,0.9775729775428772,,,,,
121,3,宫颈(非炎性),cervix (uteri) (noninflammatory),N88.9,0.9651609063148499,,,,,
121,4,特指的NEC,specified NEC,N88.8,0.9607434272766113,,,,,
121,4,炎性(另见宫颈炎),inflammatory (see also Cervicitis),N72,0.9700425267219543,,,,,
121,3,巩膜,sclera,H15.9,0.9758282899856567,,,,,
121,4,特指的NEC,specified NEC,H15.8,0.9591434001922607,,,,,
121,3,钩虫,hookworm,B76.9,0.9635911583900452,,,,,
121,4,特指的NEC,specified NEC,B76.8,0.9754482507705688,,,,,
121,3,谷物工人,grainhandler's,J67.8,0.9833436608314514,,,,,
121,3,骨,bone,M89.9,0.988827109336853,,,,,
121,4,铝,aluminium,M83.4,0.9381278157234192,,,,,
121,3,骨膜,periosteum,M89.8,0.9877774715423584,,,,,
121,3,骨髓,bone-marrow,D75.9,0.9818897247314453,,,,,
121,3,骨髓增生性(慢性)(M9960/1),myeloproliferative (chronic) (M9960/1),D47.1,0.9825611710548401,,,,,
121,4,恶性(M9960/3),malignant (M9960/3).0,C96.7,0.9587287902832031,,,,,
121,3,骨纤维囊性,osteofibrocystic,E21.0,0.9826656579971313,,,,,
121,3,鼓窦隐窝，慢性,"atticoantral, chronic",H66.2,0.9870921969413757,,,,,
121,3,鼓室,tympanum,H73.9,0.9921823740005493,,,,,
121,4,特指的 NEC,specified NEC,H73.8,0.9596261382102966,,,,,
121,3,关节,joint,M25.9,0.9949946403503418,,,,,
121,4,变性性,degenerative,M19.9,0.9546264410018921,,,,,
121,5,多发性,multiple,M15.9,0.9789558053016663,,,,,
121,5,脊柱,spine,M47.9,0.9633527994155884,,,,,
121,4,骶髂,sacroiliac,M53.3,0.9422352313995361,,,,,
121,4,化脓性,suppurative,M00.9,0.9621157050132751,,,,,
121,4,脊柱NEC,spine NEC,M53.9,0.9735996127128601,,,,,
121,4,特指的 NEC,specified NEC,M25.8,0.9524164795875549,,,,,
121,4,夏科(脊髓痨性),Charcot's (tabetic),A52.1+ M14.6*,0.9722575545310974,,,,,
121,5,非梅毒性NEC,nonsyphilitic NEC,G98+ M14.6*,0.9659311175346375,,,,,
121,5,脊髓空洞症性,syringomyelic,G95.0+ M49.4*,0.9834761023521423,,,,,
121,5,糖尿病性(另见E10-E14伴有第四位数.6),diabetic (see also E10-E14 with fourth character .6),E14.6+ M14.6*,0.981828510761261,,,,,
121,3,冠状(动脉),coronary (artery),I25.1,0.9835959076881409,,,,,
121,4,口，梅毒性,"ostial, syphilitic",A52.0+ I52.0*,0.9048051238059998,,,,,
121,5,二尖瓣,mitral,A52.0+ I39.0*,0.915616512298584,,,,,
121,5,肺,pulmonary,A52.0+ I39.3*,0.950730562210083,,,,,
121,5,主动脉,aortic,A52.0+ I39.1*,0.9660657048225403,,,,,
121,4,先天性,congenital,Q24.5,0.9269489049911499,,,,,
121,3,胱氨酸贮积(伴有肾硬化),cystine storage (with renal sclerosis),E72.0,0.9842018485069275,,,,,
122,3,硅火泥,ganister,J62.8,0.9727382659912109,,,,,
122,3,海绵体,corpus cavernosum,N48.9,0.9611545205116272,,,,,
122,4,特指的NEC,specified NEC,N48.8,0.9743272662162781,,,,,
122,3,汗腺,sweat glands,L74.9,0.9983765482902527,,,,,
122,4,特指的NEC,specified NEC,L74.8,0.9690481424331665,,,,,
122,3,航空者(另见效应，有害，高海拔),"aviator's (see also Effect, adverse, high altitude)",T70.2,0.9910240769386292,,,,,
122,3,好鸽子者,pigeon fancier's,J67.2,0.997018039226532,,,,,
122,3,好鸟者,bird fancier's,J67.2,0.9971538782119751,,,,,
122,3,好鹦鹉者,budgerigar fancier's,J67.2,0.9975026249885559,,,,,
122,3,颌,jaw,K10.9,0.9684163331985474,,,,,
122,4,特指的NEC,specified NEC,K10.8,0.954304039478302,,,,,
122,3,红皮[肢痛症],pink,T56.1,0.9512126445770264,,,,,
122,3,虹膜,iris,H21.9,0.97271728515625,,,,,
122,4,特指的NEC,specified NEC,H21.8,0.9617616534233093,,,,,
122,3,喉,larynx,J38.7,0.9559648036956787,,,,,
122,3,呼吸(道),respiratory (tract),J98.9,0.99396812915802,,,,,
122,4,急性或亚急性NEC,acute or subacute NEC,,0.9551813006401062,,,,,
122,5,由于,due to,,0.7297869920730591,,,,,
122,6,辐射,radiation,J70.0,0.9859686493873596,,,,,
122,6,化学制剂、气体、烟雾或蒸气(吸入),"chemicals, gases, fumes or vapors (inhalation)",J68.3,0.9527905583381653,,,,,
122,6,外部物质,external agent,J70.9,0.9638583660125732,,,,,
122,7,特指的NEC,specified NEC,J70.8,0.966916561126709,,,,,
122,4,慢性 NEC,chronic NEC,J98.9,0.9616490006446838,,,,,
122,5,胎儿或新生儿,fetus or newborn,P27.9,0.9588605761528015,,,,,
122,6,特指的 NEC,specified NEC,P27.8,0.93896484375,,,,,
122,5,由于,due to,,0.732857346534729,,,,,
122,6,辐射,radiation,J70.1,0.9648513793945312,,,,,
122,6,化学制剂、气体、烟雾或蒸气,"chemicals, gases, fumes or vapors",J68.4,0.9648850560188293,,,,,
122,5,外部物质,external agent,J70.9,0.9517042636871338,,,,,
122,6,特指的 NEC,specified NEC,J70.8,0.9550259709358215,,,,,
122,4,上,upper,J39.9,0.9108691811561584,,,,,
122,5,急性或亚急性,acute or subacute,J06.9,0.9928691983222961,,,,,
122,6,多部位 NEC,multiple sites NEC,J06.8,0.9541799426078796,,,,,
122,5,非传染性 NEC,noninfectious NEC,J39.8,0.9764508008956909,,,,,
122,5,链球菌性,streptococcal,J06.9,0.9742757678031921,,,,,
122,5,特指的 NEC,specified NEC,J39.8,0.9721987843513489,,,,,
122,4,新生儿,newborn,P28.9,0.9835798144340515,,,,,
122,5,特指类型NEC,specified type NEC,P28.8,0.9809842705726624,,,,,
123,3,呼吸(道),respiratory (tract) due to,J98.9,0.9500675201416016,,,,,
123,5,化学制剂、气体、烟雾或蒸气,"chemicals, gases, fumes or vapors",J68,0.9868074655532837,,,,,
123,6,急性或亚急性NEC,acute or subacute NEC,J68.3,0.9711772203445435,,,,,
123,6,慢性,chronic,J68.4,0.9044407606124878,,,,,
123,5,外部物质,external agent,J70.9,0.9981430768966675,,,,,
123,6,特指的 NEC,specified NEC,J70.8,0.9674616456031799,,,,,
123,3,滑膜,synovium,M67.9,0.9712026119232178,,,,,
123,4,特指的NEC,specified NEC,M67.8,0.9686866402626038,,,,,
123,3,滑囊,bursa,M71.9,0.9937505722045898,,,,,
123,4,特指的NEC,specified NEC,M71.8,0.9842849969863892,,,,,
123,3,黄递酶缺乏,diaphorase deficiency,D74.0,0.9908681511878967,,,,,
123,3,黄铜铸造工,brazier's,T56.8,0.9609434604644775,,,,,
123,3,混合系统-见变性，混合,"combined system - see Degeneration, combined",,0.9952800869941711,,,,,
123,3,混合性结缔组织,mixed connective tissue,M35.1,0.9909384846687317,,,,,
123,3,肌肉,muscle,M62.9,0.9622898101806641,,,,,
123,4,炎性,inflammatory,M60.9,0.9639055132865906,,,,,
123,4,眼(外),ocular (external),H50.9,0.9641099572181702,,,,,
123,3,肌肉多核,multicore,G71.2,0.9882258772850037,,,,,
123,3,肌肉骨骼系统，软组织,"musculoskeletal system, soft tissue",M79.9,0.9963601231575012,,,,,
123,4,特指的NEC,specified NEC,M79.8,0.9652518033981323,,,,,
123,3,肌肉小核,minicore,G71.2,0.9544517993927002,,,,,
123,3,肌肉中心核,central core,G71.2,0.9969033598899841,,,,,
123,3,肌神经,myoneural,G70.9,0.9874246120452881,,,,,
123,3,基底节,basal ganglia,G25.9,0.9694036245346069,,,,,
123,4,变性性,degenerative,G23.9,0.9941046833992004,,,,,
123,5,特指的NEC,specified NEC,G23.8,0.9917059540748596,,,,,
123,4,特指的 NEC,specified NEC,G25.8,0.9525715708732605,,,,,
123,3,棘球蚴(另见棘球蚴),Echinococcus (see also Echinococcus),B67.9,0.9915927052497864,,,,,
123,3,棘球蚴囊(另见棘球蚴),hydatid (see also Echinococcus),B67.9,0.9784531593322754,,,,,
123,3,脊(髓),spinal (cord),G95.9,0.9702017903327942,,,,,
123,4,特指的NEC,specified NEC,G95.8,0.9651723504066467,,,,,
123,4,先天性,congenital,Q06.9,0.9788152575492859,,,,,
123,3,基萨那森林,Kyasanur Forest,A98.2,0.9754775762557983,,,,,
123,3,脊髓小脑性(遗传性),spinocerebellar (hereditary),G11.9,0.9813016653060913,,,,,
123,4,特指的 NEC,specified NEC,G11.8,0.9813278317451477,,,,,
123,3,脊柱,spine,M48.9,0.941770613193512,,,,,
123,4,关节,joint,M53.9,0.9410641193389893,,,,,
123,4,结核性,tuberculous,A18.0+ M49.0*,0.9739811420440674,,,,,
124,3,寄生虫,parasitic,B89,0.997385561466217,,,,,
124,4,并发于妊娠、分娩或产褥期,"complicating pregnancy, childbirth or puerperium",O98.9,0.9366245269775391,,,,,
124,4,肠NEC,intestinal NEC,B82.9,0.9712874889373779,,,,,
124,4,大脑NEC,cerebral NEC,B71.9+ G94.8*,0.9474757313728333,,,,,
124,4,口腔,mouth,B37.0,0.8842366933822632,,,,,
124,4,皮肤NEC,skin NEC,B88.9,0.9430648684501648,,,,,
124,4,舌,tongue,B37.0,0.9069634675979614,,,,,
124,4,特指类型-见侵染,specified type - see Infestation,,0.9520102143287659,,,,,
124,3,加利福尼亚(另见球孢子菌病),California (see also Coccidioidomycosis),B38.9,0.9944894909858704,,,,,
124,3,加压,compressed air,T70.3,0.955936849117279,,,,,
124,3,甲,nails,L60.9,0.9788386821746826,,,,,
124,4,特指的 NEC,specified NEC,L60.8,0.953692615032196,,,,,
124,3,甲状(腺),thyroid (gland),E07.9,0.9438551068305969,,,,,
124,4,特指的 NEC,specified NEC,E07.8,0.9740623831748962,,,,,
124,4,心脏(另见甲状腺功能亢进症),heart (see also Hyperthyroidism),E05.9+ I43.8*,0.9714433550834656,,,,,
124,3,甲状旁(腺),parathyroid (gland),E21.5,0.9572463631629944,,,,,
124,4,特指的NEC,specified NEC,E21.4,0.9910302758216858,,,,,
124,3,假胡勒,pseudo-Hurler's,E77.0,0.9890165328979492,,,,,
124,3,拣毛工[肺炭疽],woolsorter's,A22.1,0.9855725169181824,,,,,
124,3,减压,decompression,T70.3,0.9722235798835754,,,,,
124,3,腱，腱鞘,"tendon, tendinous",M67.9,0.9951262474060059,,,,,
124,4,结节性,nodular,M65.3,0.9892112016677856,,,,,
124,4,特指的NEC,specified NEC,M67.8,0.9668553471565247,,,,,
124,4,炎性NEC,inflammatory NEC,M65.9,0.9820289611816406,,,,,
124,3,腱膜,aponeuroses,M77.9,0.967279314994812,,,,,
124,3,交感神经系统,sympathetic nervous system,G90.9,0.9930187463760376,,,,,
124,3,胶原[结缔组织](非血管性)(血管性),collagen (nonvascular) (vascular),M35.9,0.9829099774360657,,,,,
124,4,特指的 NEC,specified NEC,M35.8,0.948236882686615,,,,,
124,3,角膜,cornea,H18.9,0.9985604882240295,,,,,
124,4,特指的NEC,specified NEC,H18.8,0.9874537587165833,,,,,
124,3,节肢动物媒介NEC(病毒性),arthropod-borne NEC (viral),A94,0.988046407699585,,,,,
124,4,特指类型NEC,specified type NEC,A93.8,0.9639012217521667,,,,,
124,3,结肠,colon,K63.9,0.9676225781440735,,,,,
124,4,功能性(另见疾患，结肠，功能性),"functional (see also Disorder, colon, functional)",K59.9,0.9787412881851196,,,,,
124,3,结缔组织，全身性,"connective tissue, systemic",M35.9,0.9739147424697876,,,,,
124,4,见于(由于),in (due to),,0.9246124029159546,,,,,
124,5,低丙球蛋白血症,hypogammaglobulinemia,D80.1+ M36.8*,0.9413653016090393,,,,,
124,5,褐黄病,ochronosis,E70.2+ M36.8*,0.9518172144889832,,,,,
124,4,特指的NEC,specified NEC,M35.8,0.9613149762153625,,,,,
124,3,结核NEC(另见结核),tuberculous NEC (see also Tuberculosis),A16.9,0.9902355074882507,,,,,
125,3,结膜,conjunctiva,H11.9,0.9912722110748291,,,,,
125,4,病毒性,viral,B30.9+ H13.1*,0.9730992913246155,,,,,
125,5,特指的NEC,specified NEC,B30.8+ H13.1*,0.9491884708404541,,,,,
125,4,特指的NEC,specified NEC,H11.8,0.97930908203125,,,,,
125,4,衣原体性,chlamydial,A74.0+ H13.1*,0.9567699432373047,,,,,
125,3,睫状体,ciliary body,H21.9,0.9953346252441406,,,,,
125,4,特指的 NEC,specified NEC,H21.8,0.941520094871521,,,,,
125,3,金属磨工,metal-polisher's,J62.8,0.9951593279838562,,,,,
125,3,筋膜,fascia,M62.9,0.9915444254875183,,,,,
125,4,特指的 NEC,specified NEC,M62.8,0.9520390629768372,,,,,
125,4,炎性,inflammatory,M60.9,0.9087340235710144,,,,,
125,3,晶状体,lens,H27.9,0.9546321034431458,,,,,
125,4,特指的 NEC,specified NEC,H27.8,0.9787160158157349,,,,,
125,3,精囊,seminal vesicle,N50.9,0.97835773229599,,,,,
125,3,精神,mental,F99,0.9548688530921936,,,,,
125,4,器质性,organic,F06.9,0.9671916365623474,,,,,
125,3,精神科,psychiatric,F99,0.9936326742172241,,,,,
125,3,静脉,vein,I87.9,0.9652730822563171,,,,,
125,3,巨细胞病毒性,cytomegaloviral,B25.9,0.9470822215080261,,,,,
125,4,人类免疫缺陷病毒(HIV)病所致,resulting from HIV disease,B20.2,0.9868175387382507,,,,,
125,4,特指的NEC,specified NEC,B25.8,0.9761772751808167,,,,,
125,3,军团,legionnaire's,A48.1,0.9798624515533447,,,,,
125,4,非肺炎的,nonpneumonic,A48.2,0.9868935942649841,,,,,
125,3,抗肾小球基底膜[抗-GBM]抗体,antiglomerular basement membrane (anti-GBM) antibody,M31.0+ N08.5*,0.973903238773346,,,,,
125,4,肾小管间质肾炎,tubulo-interstitial nephritis,N12,0.9898719787597656,,,,,
125,3,柯萨奇(病毒性)NEC,coxsackie (virus) NEC,B34.1,0.980728030204773,,,,,
125,3,克里斯马斯[B型血友病],Christmas,D67,0.9759737849235535,,,,,
125,3,克山,Keshan,E59,0.967796266078949,,,,,
125,3,空气钻(锤),pneumatic drill (hammer),T75.2,0.962287962436676,,,,,
125,3,库鲁,kuru,A81.8,0.9682633876800537,,,,,
125,3,髋(关节),hip (joint),M25.9,0.9747830629348755,,,,,
125,4,化脓性,suppurative,M00.9,0.9925577044487,,,,,
125,4,结核性,tuberculous,A18.0+ M01.1*,0.981461226940155,,,,,
125,4,先天性,congenital,Q65.8,0.9472523927688599,,,,,
125,3,眶,orbit,H05.9,0.9377084970474243,,,,,
125,4,特指的NEC,specified NEC,H05.8,0.9788063764572144,,,,,
125,3,阔韧带(非炎性),broad ligament (noninflammatory),N83.9,0.995631754398346,,,,,
125,4,特指的NEC,specified NEC,N83.8,0.9592697024345398,,,,,
125,4,炎性-见病，盆腔，炎性,"inflammatory - see Disease, pelvis, inflammatory",,0.9465967416763306,,,,,
125,3,莱姆,Lyme,A69.2,0.9262682795524597,,,,,
125,3,阑尾,appendix,K38.9,0.9823524355888367,,,,,
125,4,特指的NEC,specified NEC,K38.8,0.9813024401664734,,,,,
126,3,褴褛[吸入性炭疽],ragpicker's or ragsorter's,A22.1,0.9740942120552063,,,,,
126,3,泪管,tear duct,H04.9,0.9875279664993286,,,,,
126,3,泪系统,lacrimal system,H04.9,0.992537260055542,,,,,
126,4,特指的NEC,specified NEC,H04.8,0.9918909668922424,,,,,
126,3,类风湿-见关节炎，类风湿,"rheumatoid - see Arthritis, rheumatoid",,0.9951472878456116,,,,,
126,3,冷,cold,,0.9958813786506653,,,,,
126,4,凝集素或血红蛋白尿,agglutinin or hemoglobinuria,D59.1,0.9830924868583679,,,,,
126,5,阵发性,paroxysmal,D59.6,0.9586228728294373,,,,,
126,4,血细胞凝集素(慢性),hemagglutinin (chronic),D59.1,0.9835894703865051,,,,,
126,3,立克次体NEC,rickettsial NEC,A79.9,0.9632839560508728,,,,,
126,4,特指类型NEC,specified type NEC,A79.8,0.9928637146949768,,,,,
126,3,镰状细胞,sickle-cell,D57.1,0.992294430732727,,,,,
126,4,伴有,with,,0.7745616436004639,,,,,
126,5,其他异常的血红蛋白NEC,other abnormal hemoglobin NEC,D57.2,0.9882193207740784,,,,,
126,5,危象,crisis,D57.0,0.9733916521072388,,,,,
126,5,地中海贫血,thalassemia,D56.8,0.9628233313560486,,,,,
126,4,球形红细胞增多症,spherocytosis,D57.8,0.9955962896347046,,,,,
126,4,椭圆形红细胞增多症,elliptocytosis,D57.8,0.9911438226699829,,,,,
126,3,淋巴(道)(腺)(系统)(管),lymphatic (channel) (gland) (system) (vessel),I89.9,0.9779057502746582,,,,,
126,3,淋巴结(结核),scrofulous (tuberculous),A18.2,0.9894242882728577,,,,,
126,3,淋巴组织增生性(M9970/0),lymphoproliferative (M9970/0),D47.9,0.9794226288795471,,,,,
126,4,T-γ (M9768/1),T-gamma (M9768/1),D47.7,0.9664114713668823,,,,,
126,4,X连锁,X-linked,D82.3,0.9605081677436829,,,,,
126,4,恶性(M9970/3),malignant (M9970/3),C96.9,0.9713077545166016,,,,,
126,3,淋球菌性NEC,gonococcal NEC,A54.9,0.9773173928260803,,,,,
126,3,流行性NEC,epidemic NEC,B99,0.9659349918365479,,,,,
126,3,路易体(痴呆),Lewy body (dementia),G31.8,0.9778904914855957,,,,,
126,3,卵(并发于妊娠),ovum (complicating pregnancy),O02.0,0.9795864820480347,,,,,
126,3,卵巢(非炎性),ovary (noninflammatory),N83.9,0.979026198387146,,,,,
126,4,多囊,polycystic,E28.2,0.9866034984588623,,,,,
126,4,囊性,cystic,N83.2,0.9699438810348511,,,,,
126,4,特指的NEC,specified NEC,N83.8,0.9682497978210449,,,,,
126,4,炎性-见输卵管卵巢炎,inflammatory - see Salpingo-oophoritis,,0.9658868908882141,,,,,
126,3,罗斯河,Ross River,B33.1,0.9877800345420837,,,,,
126,3,马尔堡(病毒),Marburg (virus),A98.3,0.9738108515739441,,,,,
126,3,脉络膜,choroid,H31.9,0.9846718907356262,,,,,
126,4,特指的 NEC,specified NEC,H31.8,0.9575275182723999,,,,,
126,3,盲肠,cecum,K63.9,0.9736882448196411,,,,,
126,3,猫抓,cat-scratch,A28.1,0.9455865025520325,,,,,
126,3,毛发(颜色)(干),hair (color)(shaft),L67.9,0.9756447076797485,,,,,
126,4,囊,follicles,L73.9,0.9374058246612549,,,,,
126,5,特指的 NEC,specified NEC,L73.8,0.9461921453475952,,,,,
127,3,毛细血管,capillaries,I78.9,0.9787312746047974,,,,,
127,4,特指的NEC,specified NEC,I78.8,0.992627739906311,,,,,
127,3,梅毒性-见梅毒,"luetic, syphilitic - see Syphilis",,0.991695761680603,,,,,
127,3,迷路，耳,"labyrinth, ear",H83.9,0.9953058958053589,,,,,
127,4,特指的NEC,specified NEC,H83.8,0.968055248260498,,,,,
127,3,泌尿(道),urinary (tract),N39.9,0.9663171172142029,,,,,
127,4,膀胱,bladder,N32.9,0.9699341058731079,,,,,
127,5,特指的NEC,specified NEC,N32.8,0.9667185544967651,,,,,
127,4,特指的 NEC,specified NEC,N39.8,0.9632768630981445,,,,,
127,3,密集沉积物-编码于N00-N07伴有第四位数.6,dense deposit - code to N00-N07 with four character.6,,0.9810236692428589,,,,,
127,3,免疫,immune,D89.9,0.9636930227279663,,,,,
127,3,免疫增生性(M9760/3),immunoproliferative (M9760/3),C88.9,0.9813069105148315,,,,,
127,4,特指的 NEC,specified NEC,C88.7,0.9814052581787109,,,,,
127,4,小肠(M9764/3),small intestinal (M9764/3),C88.3,0.9689154624938965,,,,,
127,3,面神经(第七),facial nerve (seventh),G51.9,0.9858555793762207,,,,,
127,4,新生儿(产伤),newborn (birth injury),P11.3,0.9863894581794739,,,,,
127,3,母体，与妊娠无关NEC，影响到胎儿或新生儿,"maternal, unrelated to pregnancy NEC, affecting fetus or newborn",P00.9,0.9909248352050781,,,,,
127,3,囊性,cystic,,0.9359782338142395,,,,,
127,4,肺,lung,J98.4,0.9758449792861938,,,,,
127,5,先天性,congenital,Q33.0,0.9764007329940796,,,,,
127,4,肝，先天性,"liver, congenital",Q44.6,0.9598095417022705,,,,,
127,4,乳房(慢性),breast (chronic),N60.1,0.993614137172699,,,,,
127,5,伴有上皮增生,with epithelial proliferation,N60.3,0.9901835322380066,,,,,
127,4,肾，先天性,"kidney, congenital",Q61.9,0.9707655906677246,,,,,
127,3,蛲虫,pinworm,B80,0.9296274185180664,,,,,
127,3,脑,brain,G93.9,0.9974697232246399,,,,,
127,4,变性性-见变性，脑,"degenerative - see Degeneration, brain",,0.9748709201812744,,,,,
127,4,动脉性,"arterial, artery",I67.9,0.9682738184928894,,,,,
127,4,动脉硬化性,arteriosclerotic,I67.2,0.993198037147522,,,,,
127,4,寄生虫NEC,parasitic NEC,B71.9+ G94.8*,0.9727041125297546,,,,,
127,4,老年性 NEC,senile NEC,G31.1,0.9494931101799011,,,,,
127,4,皮克,Pick's,G31.0,0.9821798801422119,,,,,
127,5,引起痴呆,dementia in,G31.0+ F02.0*,0.9648851752281189,,,,,
127,4,器质性,organic,G93.9,0.9811846613883972,,,,,
127,5,动脉硬化性,arteriosclerotic,I67.2,0.9381338357925415,,,,,
127,4,特指的NEC,specified NEC,G93.8,0.9847908616065979,,,,,
127,4,先天性,congenital,Q04.9,0.962558925151825,,,,,
127,4,炎性-见脑炎,inflammatory - see Encephalitis,,0.9711202383041382,,,,,
127,3,脑(脊)膜-见脑膜炎,meningeal - see Meningitis,,0.9942147731781006,,,,,
127,3,脑脊髓,cerebrospinal,G96.9,0.9733931422233582,,,,,
127,3,脑膜炎球菌性NEC,meningococcal NEC,A39.9,0.9666066765785217,,,,,
128,3,脑下垂体嗅剂吸入者,pituitary-snuff-taker's,J67.8,0.9858434200286865,,,,,
128,3,脑血管,cerebrovascular,I67.9,0.9805631041526794,,,,,
128,4,急性,acute,I67.8,0.945776641368866,,,,,
128,5,栓子,embolic,I63.4,0.931878924369812,,,,,
128,5,血栓形成性,thrombotic,I63.3,0.9519633054733276,,,,,
128,4,闭塞,occlusive,I66.9,0.9737453460693359,,,,,
128,4,并发于妊娠、分娩或产褥期,"complicating pregnancy, childbirth or puerperium",O99.4,0.9704286456108093,,,,,
128,4,动脉硬化性,arteriosclerotic,I67.2,0.9673654437065125,,,,,
128,4,栓子,embolic,I66.9,0.9625515937805176,,,,,
128,4,特指的 NEC,specified NEC,I67.8,0.9495680332183838,,,,,
128,4,血栓形成性,thrombotic,I66.9,0.9867619872093201,,,,,
128,3,内分泌腺或内分泌系统NEC,endocrine glands or system NEC,E34.9,0.9858716726303101,,,,,
128,3,内罗毕(羊病毒),Nairobi (sheep virus),A93.8,0.9924783706665039,,,,,
128,3,尿道,urethra,N36.9,0.9625994563102722,,,,,
128,4,特指的NEC,specified NEC,N36.8,0.9732381105422974,,,,,
128,3,凝血因子缺乏(先天性)(另见缺陷，凝血),"coagulation factor deficiency (congenital) (see also Defect, coagulation)",D68.9,0.9840380549430847,,,,,
128,3,女性盆腔炎性(另见病，盆腔，炎性),"female pelvic inflammatory (see also Disease, pelvis, inflammatory)",N73.9,0.9957423210144043,,,,,
128,4,结核性,tuberculous,A18.1+ N74.1*,0.9732155799865723,,,,,
128,3,疟疾性(另见疟疾),malarial (see also Malaria),B54,0.9964369535446167,,,,,
128,3,膀胱,bladder,N32.9,0.9557755589485168,,,,,
128,4,见于(由于),in (due to),,0.8747340440750122,,,,,
128,5,血吸虫病(裂体吸虫病),schistosomiasis (bilharziasis),B65.0+ N33.8*,0.9657675623893738,,,,,
128,4,特指的NEC,specified NEC,N32.8,0.9663216471672058,,,,,
128,3,疱疹病毒性，播散性,"herpesviral, disseminated",B00.7,0.9938133955001831,,,,,
128,3,盆腔,"pelvis, pelvic",,0.994489312171936,,,,,
128,4,腹膜，女性NEC,"peritoneum, female NEC",N94.8,0.9854872226715088,,,,,
128,4,淋球菌性(急性)(慢性),gonococcal (acute) (chronic),A54.2,0.9651211500167847,,,,,
128,4,女性NEC,female NEC,N94.9,0.9486818313598633,,,,,
128,5,特指的NEC,specified NEC,N94.8,0.9725559949874878,,,,,
128,4,器官，女性,"organ, female",N94.9,0.9385504126548767,,,,,
128,4,炎性(女性),inflammatory (female),N73.9,0.9628512859344482,,,,,
128,5,急性,acute,N73.0,0.953277051448822,,,,,
128,5,慢性,chronic,N73.1,0.9080802798271179,,,,,
128,5,并发于妊娠,complicating pregnancy,O23.5,0.9623042345046997,,,,,
128,6,影响到胎儿或新生儿,affecting fetus or newborn,P00.8,0.9667004346847534,,,,,
128,4,后,following,,0.8664369583129883,,,,,
128,4,流产(随后发生),abortion (subsequent episode),O08.0,0.956505537033081,,,,,
128,4,近期发生-见流产,current episode - see Abortion,,0.9504086375236511,,,,,
128,4,异位妊娠或葡萄胎妊娠,ectopic or molar pregnancy,O08.0,0.9473966956138611,,,,,
128,5,结核性,tuberculous,A18.1+ N74.1*,0.9791762828826904,,,,,
128,5,特指的NEC,specified NEC,N73.8,0.9699972867965698,,,,,
129,3,皮肤,skin,L98.9,0.9495039582252502,,,,,
129,4,特指的 NEC,specified NEC,L98.8,0.9260324835777283,,,,,
129,4,由于代谢性疾患NEC,due to metabolic disorder NEC,E88.9+ L99.8*,0.9815447926521301,,,,,
129,3,皮里病毒,Piry virus,A93.8,0.9988044500350952,,,,,
129,3,皮下组织(另见病，皮肤),"subcutaneous tissue (see also Disease, skin)",L98.9,0.9804869890213013,,,,,
129,3,皮脂腺,sebaceous glands,L73.9,0.9845665693283081,,,,,
129,3,脾,spleen,D73.9,0.9770802855491638,,,,,
129,4,淀粉样,amyloid,E85.4+ D77*,0.9739501476287842,,,,,
129,4,感染后,postinfectional,D73.8,0.9742392301559448,,,,,
129,4,器质性,organic,D73.9,0.9466415047645569,,,,,
129,3,片山[日本血吸虫病],Katayama,B65.2,0.9885396957397461,,,,,
129,3,葡萄膜[色素层](前),uveal tract (anterior),H21.9,0.9756975769996643,,,,,
129,4,后,posterior,H31.9,0.8725731372833252,,,,,
129,3,气道，阻塞性，慢性,"airway, obstructive, chronic",J44.9,0.9919119477272034,,,,,
129,4,由于,due to,,0.8269988894462585,,,,,
129,5,棉尘,cotton dust,J66.0,0.9940953254699707,,,,,
129,5,特指的有机粉尘 NEC,specific organic dusts NEC,J66.8,0.9847894906997681,,,,,
129,3,气管 NEC,trachea NEC,J39.8,0.9213790893554688,,,,,
129,3,气球(另见效应，有害，高海拔),"balloon (see also Effect, adverse, high altitude)",T70.2,0.9824379682540894,,,,,
129,3,槭糖尿,maple-syrup-urine,E71.0,0.988791286945343,,,,,
129,3,憩室性-见憩室,diverticular - see Diverticula,,0.9968370795249939,,,,,
129,3,前,anterior,,0.9805153608322144,,,,,
129,4,房,chamber,H21.9,0.8538422584533691,,,,,
129,4,角细胞,horn cell,G12.2,0.9552472233772278,,,,,
129,3,前列腺,prostate,N42.9,0.9852004647254944,,,,,
129,4,特指的 NEC,specified NEC,N42.8,0.9293010830879211,,,,,
129,3,前庭大腺,Bartholin's gland,N75.9,0.9523923993110657,,,,,
129,3,潜涵,caisson,T70.3,0.98238205909729,,,,,
129,3,羟磷灰石沉着,hydroxyapatite deposition,M11.0,0.9912561178207397,,,,,
129,3,青铜色艾迪生,bronze Addison's,E27.1,0.9760761857032776,,,,,
129,4,结核,tuberculous,A18.7+ E35.1*,0.9833797812461853,,,,,
129,3,秋千(晕动),swing (motion),T75.3,0.981153666973114,,,,,
129,3,球孢子菌-见球孢子菌病,coccidioidal - see Coccidioidomycosis,,0.9899008870124817,,,,,
129,3,全瓣膜,panvalvular,I08.9,0.9487380981445312,,,,,
129,4,特指的NEC(未特指原因),specified NEC (unspecified origin),I08.8,0.984639048576355,,,,,
129,3,全身组织肥大细胞(M9741/3),systemic tissue mast cell (M9741/3),C96.2,0.9954836964607239,,,,,
129,3,热带毛孢子菌,Chignon,B36.8,0.9649490714073181,,,,,
129,3,"人类免疫缺陷病毒[HIV]-见人(类),免疫缺陷病毒[HIV]病","human immunodeficiency virus (HIV) - see Human, immunodeficiency virus (HIV) disease",,0.9779199361801147,,,,,
129,3,妊娠NEC(另见 妊娠),pregnancy NEC (see also Pregnancy),O26.9,0.9596462249755859,,,,,
130,3,溶血性(胎儿)(新生儿),hemolytic (fetus) (newborn),P55.9,0.9597377777099609,,,,,
130,4,特指类型NEC,specified type NEC,P55.8,0.9526494145393372,,,,,
130,4,药物性,drug-induced,D59.0,0.9511526226997375,,,,,
130,4,由于,due to,,0.8523814678192139,,,,,
130,5,Rh阴性母亲,Rh-negative mother,P55.0,0.959321916103363,,,,,
130,5,血型不配合,incompatibility,,0.9988980293273926,,,,,
130,6,ABO(血型),ABO(blood group),P55.1,0.9674915075302124,,,,,
130,6,Rh(血型)(因子),Rh (blood group) (factor),P55.0,0.9563819766044617,,,,,
130,6,血(型)(达菲)(K型(凯尔))(基德)(刘易斯)(M 型) NEC,blood (group) (Duffy) (K(ell)) (Kidd) (Lewis) (M) (S) NEC,P55.8,0.9657559394836426,,,,,
130,4,自身免疫性(冷型)(温型),autoimmune (cold type) (warm type),D59.1,0.9888154864311218,,,,,
130,3,肉芽肿(童年)(慢性),granulomatous (childhood) (chronic),D71,0.9794692993164062,,,,,
130,3,乳(突),mastoid (process),H74.9,0.9927322268486023,,,,,
130,4,特指的NEC,specified NEC,H74.8,0.9844132661819458,,,,,
130,3,乳房,breast,N64.9,0.976001501083374,,,,,
130,4,产褥期、产后NEC,"puerperal, postpartum NEC",O92.2,0.9918380379676819,,,,,
130,4,囊性(慢性),cystic (chronic),N60.1,0.9860814809799194,,,,,
130,5,伴有上皮增生,with epithelial proliferation,N60.3,0.9807587265968323,,,,,
130,4,佩吉特(M8540/3),Paget's (M8540/3),C50.0,0.9672974348068237,,,,,
130,4,特指的NEC,specified NEC,N64.8,0.9647027254104614,,,,,
130,4,纤维囊性,fibrocystic,N60.1,0.9819497466087341,,,,,
130,5,伴有上皮增生,with epithelial proliferation,N60.3,0.9903210401535034,,,,,
130,3,乳头,nipple,N64.9,0.9792363047599792,,,,,
130,4,佩吉特(M8540/3),Paget's (M8540/3),C50.0,0.9684906005859375,,,,,
130,3,软骨,cartilage,M94.9,0.9676414132118225,,,,,
130,4,特指的NEC,specified NEC,M94.8,0.9940592646598816,,,,,
130,3,软木工人,corkhandler's or corkworker's,J67.3,0.9763424396514893,,,,,
130,3,肮病毒，中枢神经系统,"prote virus, central nervous system",A81.9,0.9710196256637573,,,,,
130,4,特指的NEC,specified NEC,A81.8,0.9864886403083801,,,,,
130,3,沙蚤[穿皮潜蚤],"chigo, chigoe",B88.1,0.9936318397521973,,,,,
130,3,舌,tongue,K14.9,0.9663658142089844,,,,,
130,4,特指的 NEC,specified NEC,K14.8,0.9657554030418396,,,,,
130,3,神经-见疾患，神经,"nerve - see Disorder, nerve",,0.9702725410461426,,,,,
130,3,神经肌肉系统,neuromuscular system,G70.9,0.9942458271980286,,,,,
130,3,神经系统,nervous system,G98,0.9770035147666931,,,,,
130,4,副交感神经,parasympathetic,G90.9,0.9737553000450134,,,,,
130,4,交感神经,sympathetic,G90.9,0.9685467481613159,,,,,
130,4,特指的 NEC,specified NEC,G98,0.9720324873924255,,,,,
130,4,影响妊娠、分娩或产褥期的处理,"affecting management of pregnancy, childbirth or",O99.3,0.9646872282028198,,,,,
130,4,植物,puerperium vegetative,G90.9 O99.3,0.9710039496421814,,,,,
130,4,中枢,central,G96.9,0.9827836155891418,,,,,
130,5,特指的NEC,specified NEC,G96.8,0.9755420684814453,,,,,
130,4,自主,autonomic,G90.9,0.9694485068321228,,,,,
131,4,急性-见肾炎，急性,"acute - see Nephritis, acute",,0.9399904608726501,,,,,
131,4,慢性-见肾炎，慢性,"chronic - see Nephritis, chronic",,0.9613237977027893,,,,,
131,4,伴有,with,,0.8494448661804199,,,,,
131,5,间质肾炎,interstitial nephritis,N12,0.9377204775810242,,,,,
131,4,肾小球损害-见肾小球肾炎,glomerular lesion - see Glomerulonephritis,,0.9389654994010925,,,,,
131,5,伴有水肿-见 肾病,with edema - see Nephrosis,,0.9298937320709229,,,,,
131,4,水肿-见肾病,edema - see Nephrosis,,0.9221818447113037,,,,,
131,4,并发于妊娠,complicating pregnancy,O26.8,0.9325106739997864,,,,,
131,3,伴有高血压(原有的),with hypertension (pre-existing),O10.2,0.9903135299682617,,,,,
131,3,继发性,secondary (pre-existing),O10.4,0.9825255274772644,,,,,
131,3,影响到胎儿或新生儿,affecting fetus or newborn,P00.1,0.985232949256897,,,,,
131,4,高血压(另见高血压，肾性),"hypertensive (see also Hypertension, kidney)",I12.9,0.9854402542114258,,,,,
131,4,急进型,rapidly progressive,N01,0.9879986643791199,,,,,
131,4,见于(由于)血吸虫病(裂体吸虫病),in (due to) schistosomiasis (bilharziasis),B65 N29.1*,0.9788569808006287,,,,,
131,4,囊性(先天性),cystic (congenital),Q61.9,0.9782536625862122,,,,,
131,4,纤维囊性(先天性),fibrocystic (congenital),Q61.8,0.9939287900924683,,,,,
131,4,小管性(另见肾炎，肾小管间质),"tubular (see also Nephritis, tubulo-interstitial)",N12,0.9826095700263977,,,,,
131,4,终末期(衰竭),end-stage (failure),N18.0,0.9763968586921692,,,,,
131,3,肾动脉性-见 高血压，肾性,"arteriorenal - see Hypertension, kidney",,0.9636483192443848,,,,,
131,3,肾上腺(皮质)(髓样),"adrenal, suprarenal (capsule) (cortex) (gland) (medullary)",E27.9,0.978886067867279,,,,,
131,4,特指的 NEC,specified NEC,E27.8,0.9622690677642822,,,,,
131,3,肾小球(另见肾小球肾炎),glomerular (see also Glomerulonephritis),N05,0.9909087419509888,,,,,
131,4,伴有水肿-见肾病,with edema - see Nephrosis,,0.9524039030075073,,,,,
131,4,急进型,rapidly progressive,N01,0.9698448181152344,,,,,
131,3,肾血管(动脉硬化性)(另见高血压，肾性),"renovascular (arteriosclerotic) (see also Hypertension, kidney)",I12.9,0.9707744121551514,,,,,
131,3,肾终末期,end-stage renal,N18.0,0.9885708093643188,,,,,
131,3,生殖器官,genital organs,,0.9648435711860657,,,,,
131,4,男性,male,N50.9,0.9509243369102478,,,,,
131,4,女性,female,N94.9,0.9480465650558472,,,,,
131,3,声带,vocal cord,J38.3,0.994519829750061,,,,,
131,3,十二指肠,duodenum,K31.9,0.9856206774711609,,,,,
131,4,特指的NEC,specified NEC,K31.8,0.9613670706748962,,,,,
131,3,石匠,stonemason's,J62.8,0.9893326163291931,,,,,
131,3,食管,esophagus,K22.9,0.9818984866142273,,,,,
131,4,特指的NEC,specified NEC,K22.8,0.9721383452415466,,,,,
131,4,心因性,psychogenic,F45.3,0.9941328167915344,,,,,
131,3,视神经 NEC,optic nerve NEC,H47.0,0.9424930214881897,,,,,
131,3,视网膜(性),"retina, retinal",H35.9,0.9808916449546814,,,,,
131,4,巴滕或巴滕-马尤,Batten's or Batten-Mayou,E75.4+ H36.8*,0.9794479608535767,,,,,
131,4,特指的 NEC,specified NEC,H35.8,0.9481831192970276,,,,,
131,4,血管性损害,vascular lesion,H35.0,0.9887521266937256,,,,,
132,3,手、足和口,"hand, foot and mouth",B08.4,0.9623802304267883,,,,,
132,3,输精管,vas deferens,N50.9,0.9830112457275391,,,,,
132,3,输卵管(非炎性),"fallopian tube, tube (fallopian) (noninflammatory)",N83.9,0.998310923576355,,,,,
132,4,特指的 NEC,specified NEC,N83.8,0.9651479125022888,,,,,
132,4,炎性(另见输卵管卵巢炎),inflammatory (see also Salpingo-oophoritis),N70.9,0.9841256737709045,,,,,
132,3,输卵管-卵巢(非炎性),tubo-ovarian (noninflammatory),N83.9,0.9931651949882507,,,,,
132,4,特指的NEC,specified NEC,N83.8,0.9765031933784485,,,,,
132,4,炎性(另见输卵管卵巢炎),inflammatory (see also Salpingo-oophoritis),N70.9,0.9843891263008118,,,,,
132,3,输尿管,ureter,N28.9,0.9608334302902222,,,,,
132,4,由于血吸虫病(裂体吸虫病),in (due to) schistosomiasis (bilharziasis),B65.0+ N29.1*,0.9653233885765076,,,,,
132,3,睡眠(非洲)(另见锥虫病，非洲),"sleeping (African) (see also Trypanosomiasis, African)",B56.9,0.987527072429657,,,,,
132,3,松果体,pineal gland,E34.8,0.9930627942085266,,,,,
132,3,髓核-见病，椎间盘,"nucleus pulposus - see Disease, intervertebral disk",,0.9943822622299194,,,,,
132,3,胎儿NEC，已知或可疑的，影响妊娠处理,"fetal NEC, known or suspected, affecting management of pregnancy",O35.8,0.9184112548828125,,,,,
132,3,胎盘,placenta,,0.9562163949012756,,,,,
132,4,并发于妊娠或分娩,complicating pregnancy or childbirth,O43.9,0.9620180726051331,,,,,
132,4,影响到胎儿或新生儿,affecting fetus or newborn,P02.2,0.9384297132492065,,,,,
132,3,糖原贮积(安德森)(科里)(福布斯)(赫尔)(麦卡德尔-施密德-皮尔逊)(蓬佩)(陶里)(冯·吉尔克),glycogen storage (Andersen's) (Cori's) (Forbes') (Hers') (McArdle-Schmid-Pearson) (Pompe's) (Tauri's)(von Gierke's),E74.0,0.9826700091362,,,,,
132,4,肝肾,"hepatorenal, liver and kidney",E74.0,0.9832687377929688,,,,,
132,4,葡萄糖-6-磷酸酶缺乏,glucose-6-phosphatase deficiency,E74.0,0.9862726926803589,,,,,
132,4,全身性,generalized,E74.0,0.9323328137397766,,,,,
132,4,心肌,myocardium,E74.0+ I43.1*,0.9746373295783997,,,,,
132,4,心脏,heart,E74.0+ I43.1*,0.9568173289299011,,,,,
132,3,铁代谢或贮积,iron metabolism or storage,E83.1,0.9697113633155823,,,,,
132,3,痛痛[镉中毒],itai-itai,T56.3,0.985980749130249,,,,,
132,3,透明(弥漫性)(全身性),hyaline (diffuse) (generalized),,0.9698539972305298,,,,,
132,4,膜(肺)(新生儿),membrane (lung) (newborn),P22.0,0.9547562599182129,,,,,
132,5,成人,adult,J80,0.943635106086731,,,,,
132,3,脱髓鞘(神经系统),"demyelinating, demyelinizating (nervous system)",G37.9,0.9941140413284302,,,,,
132,4,特指的 NEC,specified NEC,G37.8,0.9755551815032959,,,,,
132,3,外,external,,0.9864069819450378,,,,,
132,4,耳,ear,H61.9,0.9090912342071533,,,,,
132,4,耳道,auditory canal,H61.9,0.8740143775939941,,,,,
132,3,外阴(非炎性),vulva (noninflammatory),N90.9,0.9801508188247681,,,,,
132,4,特指的 NEC,specified NEC,N90.8,0.9483217597007751,,,,,
132,4,炎性 NEC,inflammatory NEC,N76.8,0.9553948044776917,,,,,
132,3,胃,"gastric, stomach",K31.9,0.9969969987869263,,,,,
132,4,功能性，心因性,"functional, psychogenic",F45.3,0.9864259362220764,,,,,
132,4,特指的NEC,specified NEC,K31.8,0.9533752202987671,,,,,
133,3,胃肠(道),gastrointestinal (tract),K92.9,0.9829518795013428,,,,,
133,4,淀粉样,amyloid,E85.4+ K93.8*,0.9685990810394287,,,,,
133,4,功能性(另见疾患，胃肠),"functional (see also Disorder, gastrointestinal)",K59.9,0.9961162209510803,,,,,
133,4,特指的NEC,specified NEC,K92.8,0.9921493530273438,,,,,
133,3,纹状体苍白球系统 NEC,striatopallidal system NEC,G25.8,0.9683840870857239,,,,,
133,3,吻[传染性单核细胞增多症的俗称],kissing,B27.9,0.9617264866828918,,,,,
133,3,无管腺,ductless glands,E34.9,0.99782794713974,,,,,
133,3,无脉,pulseless,M31.4,0.9644649028778076,,,,,
133,3,无牙牙槽嵴,edentulous (alveolar) ridge,K06.9,0.9829390048980713,,,,,
133,4,特指的NEC,specified NEC,K06.8,0.9724816083908081,,,,,
133,3,吸虫-见侵染，吸虫,"fluke - see Infestation, fluke",,0.9931017756462097,,,,,
133,3,细胞肥大包含体(全身性),cytomegalic inclusion (generalized),B25.9,0.9923799633979797,,,,,
133,4,伴有肺炎,with pneumonia,B25.0+ J17.1*,0.9552552103996277,,,,,
133,3,细胞性组织,cellular tissue,L98.9,0.9633481502532959,,,,,
133,3,细菌性,bacterial,A49.9,0.9802342653274536,,,,,
133,4,动物传染的,zoonotic,A28.9,0.9840898513793945,,,,,
133,5,特指类型NEC,specified type NEC,A28.8,0.9561269283294678,,,,,
133,4,特指的 NEC,specified NEC,A48.8,0.9497544765472412,,,,,
133,3,纤弱(HIV),slim (HIV),B22.2,0.9765198826789856,,,,,
133,3,纤维干酪性肺(另见结核，肺),"fibrocaseous of lung (see also Tuberculosis, pulmonary)",A16.2,0.9869293570518494,,,,,
133,3,纤维囊性-见纤维囊性，病,fibrocystic - see Fibrocystic disease,,0.9922492504119873,,,,,
133,3,涎腺或涎管,salivary gland or duct,K11.9,0.9837432503700256,,,,,
133,4,包含体,inclusion,B25.9,0.9695872068405151,,,,,
133,4,病毒,virus,B25.9,0.97133469581604,,,,,
133,4,特指的NEC,specified NEC,K11.8,0.9643725156784058,,,,,
133,3,线样小体,nemaline body,G71.2,0.9831756353378296,,,,,
133,3,腺(淋巴),gland (lymph),I89.9,0.9464216232299805,,,,,
133,3,腺样体(和扁桃体),adenoids (and tonsils),J35.9,0.9661303162574768,,,,,
133,3,消化道,alimentary canal,K63.9,0.9969574809074402,,,,,
133,3,消化系统,digestive system,K92.9,0.9702296853065491,,,,,
133,4,特指的 NEC,specified NEC,K92.8,0.9767864346504211,,,,,
133,3,消瘦NEC,wasting NEC,R64,0.9611840844154358,,,,,
133,3,小动脉性(全身性)(闭塞性),arteriolar (generalized) (obliterative),I77.9,0.9771245121955872,,,,,
133,3,小管间质,tubulo-interstitial,N15.9,0.9867519736289978,,,,,
133,4,特指的NEC,specified NEC,N15.8,0.9696709513664246,,,,,
133,3,小脑-见病，脑,"cerebellar, cerebellum - see Disease, brain",,0.9800315499305725,,,,,
133,3,心肌(另见变性，心肌),"myocardium, myocardial (see also Degeneration, myocardial)",I51.5,0.9694848656654358,,,,,
133,4,原发性(特发性),primary (idiopathic),I42.9,0.9697121977806091,,,,,
133,3,心内膜心肌(嗜曙红性),endomyocardial (eosinophilic),I42.3,0.9874308109283447,,,,,
133,3,心肾动脉性(另见高血压，心肾性),"arteriocardiorenal (see also Hypertension, cardiorenal)",I13.9,0.9794161915779114,,,,,
134,3,心肾性(肝)(高血压性)(血管性)(另见高血压，心肾性),"cardiorenal (hepatic) (hypertensive) (vascular) (see also Hypertension, cardiorenal)",I13.9,0.9599450826644897,,,,,
134,3,心血管,cardiovascular,I51.6,0.986588716506958,,,,,
134,4,高血压性-见高血压，心脏,"hypertensive - see Hypertension, heart",,0.9623809456825256,,,,,
134,4,梅毒性(无症状),syphilitic (asymptomatic),A52.0+ I98.0*,0.9590678811073303,,,,,
134,4,肾(高血压性)(另见高血压，心肾性),"renal (hypertensive) (see also Hypertension, cardiorenal)",I13.9,0.9677377343177795,,,,,
134,4,胎儿或新生儿,fetus or newborn,P29.9,0.9598749876022339,,,,,
134,5,特指的 NEC,specified NEC,P29.8,0.9402457475662231,,,,,
134,4,先天性,congenital,Q28.9,0.9251172542572021,,,,,
134,3,心脏(器质性),"heart, cardiac (organic)",I51.9,0.9536088109016418,,,,,
134,4,二尖瓣,mitral,I05.9,0.9444840550422668,,,,,
134,5,特指的 NEC,specified NEC,I05.8,0.9371656179428101,,,,,
134,4,伴有,with,,0.7782162427902222,,,,,
134,5,肺水肿(急性)(另见衰竭，心室，左),"pulmonary edema (acute) (see also Failure, ventricular, left)",I50.1,0.9604761600494385,,,,,
134,4,风湿热(中的情况),rheumatic fever (conditions in 100),I00,0.9671978950500488,,,,,
134,5,非活动性或静止的(伴有舞蹈症),inactive or quiescent (with chorea),I09.9,0.963503360748291,,,,,
134,5,特指的NEC,specified NEC,I09.8,0.9665145874023438,,,,,
134,4,活动性,active,I01.9,0.9290377497673035,,,,,
134,5,特指的 NEC,specified NEC,I01.8,0.9475585222244263,,,,,
134,4,瓣膜(梗阻性)(回流)(另见心内膜炎),"valve, valvular (obstructive) (regurgitant) (see also Endocarditis)",I38,0.9674892425537109,,,,,
134,5,先天性NEC,congenital NEC,Q24.8,0.980196475982666,,,,,
134,3,二尖(瓣),mitral (valve),Q23.9,0.9320433735847473,,,,,
134,4,三尖(瓣),tricuspid,Q22.9,0.9298922419548035,,,,,
134,4,肺动脉(瓣),pulmonary,Q22.3,0.9818350672721863,,,,,
134,3,主动脉(瓣),aortic (valve),Q23.9,0.9513546228408813,,,,,
134,4,充血性(另见衰竭，心力，充血性),"congestive (see also Failure, heart, congestive)",I50.0,0.9638689160346985,,,,,
134,4,淀粉样,amyloid,E85.4+ I43.1*,0.982253909111023,,,,,
134,4,动脉,"artery, arterial",I25.1,0.9830493927001953,,,,,
134,4,动脉硬化性(老年性),arteriosclerotic or sclerotic (senile),I25.1,0.9711565971374512,,,,,
134,4,肺(慢性),pulmonary (chronic),I27.9,0.9621015191078186,,,,,
134,5,急性,acute,I26.0,0.9712038040161133,,,,,
134,5,见于(由于)血吸虫病,in (due to) schistosomiasis,B65 I52.1*,0.9663226008415222,,,,,
134,5,特指的 NEC,specified NEC,I27.8,0.9291806221008301,,,,,
134,4,风湿性(慢性)(非活动性)(陈旧性)(静止的)(伴有舞蹈症),rheumatic (chronic) (inactive) (old) (quiescent) (with chorea),I09.9,0.9498137831687927,,,,,
134,5,活动性或急性,active or acute,I01.9,0.9470828771591187,,,,,
134,5,伴有舞蹈症(急性)(风湿性)(西德纳姆),with chorea (acute) (rheumatic) (Sydenham's),I02.0,0.9136676788330078,,,,,
134,5,母体，影响到胎儿或新生儿,"maternal, affecting fetus or newborn",P00.3,0.9763101935386658,,,,,
134,5,特指的NEC,specified NEC,I09.8,0.950512707233429,,,,,
134,4,高血压(另见高血压，心脏),"hypertensive (see also Hypertension, heart)",I11.9,0.9577172994613647,,,,,
135,4,冠状动脉(另见缺血，心脏),"coronary (see also Ischemia, heart)",I25.9,0.9719058871269226,,,,,
135,4,黑色,black,I27.0,0.9543609619140625,,,,,
135,4,肌肉(另见变性，心肌),"muscular (see also Degeneration, myocardial)",I51.5,0.9378577470779419,,,,,
135,4,脊柱后侧凸性,kyphoscoliotic,I27.1,0.9645610451698303,,,,,
135,4,甲状腺毒性(另见甲状腺毒症),thyrotoxic (see also Thyrotoxicosis),E05.9+ I43.8*,0.9770860075950623,,,,,
135,4,甲状腺功能亢进性(另见甲状腺功能亢进症),hyperthyroid (see also Hyperthyroidism),E05.9+ I43.8*,0.9201627373695374,,,,,
135,4,脚气病(湿性),beriberi (wet),E51.1+ I43.2*,0.9706667065620422,,,,,
135,4,老年性(另见心肌炎),senile (see also Myocarditis),I51.4,0.9699265956878662,,,,,
135,4,淋球菌性,gonococcal,A54.8+ I52.0*,0.943786084651947,,,,,
135,4,梅毒性,syphilitic,A52.0+ I52.0*,0.9492159485816956,,,,,
135,5,先天性,congenital,A50.5+ I52.0*,0.947761595249176,,,,,
135,5,主动脉,aortic,A52.0+ I39.1*,0.961919903755188,,,,,
135,6,动脉瘤,aneurysm,A52.0+ I79.0*,0.9612972736358643,,,,,
135,4,脑膜炎球菌性,meningococcal,A39.5+ I52.0*,0.9529433250427246,,,,,
135,4,缺血性(慢性或伴有提及持续时间超过4周者),ischemic (chronic or with a stated duration of over 4 weeks),I25.9,0.9548695683479309,,,,,
135,5,急性或伴有提及持续时间在4周或小于4周者,acute or with a stated duration of 4 weeks or less,I24.9,0.952673614025116,,,,,
135,6,特指的NEC,specified NEC,I24.8,0.9606829881668091,,,,,
135,5,无症状,asymptomatic,I25.6,0.9812507629394531,,,,,
135,5,心电图诊断或其他特殊的调查，但现时无症状,"diagnosed on ECG or other special investigation, but currently presenting no symptoms",I25.6,0.9745283126831055,,,,,
135,6,特指形式NEC,specified form NEC,I25.8,0.9599370360374451,,,,,
135,3,糖原贮积,glycogen storage,E74.0+ I43.1*,0.9833747148513794,,,,,
135,4,先天性,congenital,Q24.9,0.9790153503417969,,,,,
135,5,母体，影响到胎儿或新生儿,"maternal, affecting fetus or newborn",P00.3,0.9919769167900085,,,,,
135,5,青紫,cyanotic,Q24.9,0.9720902442932129,,,,,
135,5,特指的 NEC,specified NEC,Q24.8,0.9406837224960327,,,,,
135,4,纤维瘤(另见心肌炎),fibroid (see also Myocarditis),I51.4,0.9869431853294373,,,,,
135,4,心因性(功能性),psychogenic (functional),F45.3,0.9797642230987549,,,,,
135,4,血管性-见病，心血管,"vascular - see Disease, cardiovascular",,0.9492800235748291,,,,,
135,3,主动脉(瓣),aortic (valve),I35.9,0.9301362633705139,,,,,
135,3,新城,Newcastle,B30.8+ H13.1*,0.9615861773490906,,,,,
135,3,行为性，器质性,"behavioral, organic",F07.9,0.9911292791366577,,,,,
135,3,性病性,venereal,A64,0.9875462055206299,,,,,
135,4,特指的性质或类型NEC,specified nature or type NEC,A63.8,0.9664549827575684,,,,,
135,3,胸,chest,J98.9,0.9778399467468262,,,,,
135,3,胸膜(腔),pleura (cavity),J94.9,0.9790366888046265,,,,,
135,4,特指的NEC,specified NEC,J94.8,0.9852994084358215,,,,,
135,3,胸腺,thymus (gland),E32.9,0.9696720838546753,,,,,
135,4,特指的NEC,specified NEC,E32.8,0.9836643934249878,,,,,
136,3,血管,vascular,I99,0.9602051973342896,,,,,
136,4,闭合性,obliterative,I77.1,0.9670697450637817,,,,,
136,5,周围,peripheral,I73.9,0.9540321826934814,,,,,
136,4,闭塞性,occlusive,I99,0.9741764068603516,,,,,
136,4,动脉硬化性-见动脉硬化,arteriosclerotic - see Arteriosclerosis,,0.9454575181007385,,,,,
136,4,高血压性-见 高血压,hypertensive - see Hypertension,,0.9284647107124329,,,,,
136,4,虹膜 NEC,iris NEC,H21.1,0.9496472477912903,,,,,
136,4,睫状体NEC,ciliary body NEC,H21.1,0.9467692375183105,,,,,
136,4,周围(闭塞),peripheral (occlusive),I73.9,0.9605961441993713,,,,,
136,3,血管痉挛(性),"angiospastic, vasospastic",I73.9,0.9684498906135559,,,,,
136,4,大脑,cerebral,G45.9,0.95439213514328,,,,,
136,4,静脉,vein,I87.8,0.9759792685508728,,,,,
136,3,血管运动性,vasomotor,I73.9,0.9890479445457458,,,,,
136,3,血红蛋白,hemoglobin or Hb,D58.2,0.9912649989128113,,,,,
136,4,C型(血红蛋白-C),C (Hb-C),D58.2,0.938940167427063,,,,,
136,5,伴有其他异常的血红蛋白 NEC,with other abnormal hemoglobin NEC,D58.2,0.9742988348007202,,,,,
136,5,地中海贫血,thalassemia,D56.9,0.9365628957748413,,,,,
136,3,镰状细胞,sickle-cell,D57.2,0.932157576084137,,,,,
136,3,椭圆形红细胞增多症,elliptocytosis,D58.1,0.9892206788063049,,,,,
136,4,血红蛋白-S,Hb-S,D57.2,0.9735690355300903,,,,,
136,4,D型(血红蛋白-D),D (Hb-D),D58.2,0.9220318794250488,,,,,
136,5,伴有其他异常的血红蛋白NEC,with other abnormal hemoglobin NEC,D58.2,0.9465379118919373,,,,,
136,5,地中海贫血,thalassemia,D56.9,0.9169333577156067,,,,,
136,5,镰状细胞,sickle-cell,D57.2,0.9616494178771973,,,,,
136,5,血红蛋白-S,Hb-S,D57.2,0.9617129564285278,,,,,
136,4,E型(血红蛋白-E),E (Hb-E),D58.2,0.9477092623710632,,,,,
136,5,伴有其他异常的血红蛋白 NEC,with other abnormal hemoglobin NEC,D58.2,0.9635586142539978,,,,,
136,4,地中海贫血,thalassemia,D56.9,0.9518166184425354,,,,,
136,3,镰状细胞,sickle-cell,D57.2,0.971837043762207,,,,,
136,4,血红蛋白-S,Hb-S,D57.2,0.9573695659637451,,,,,
136,4,H型(血红蛋白-H)(地中海贫血),H (Hb-H) (thalassemia),D56.0,0.9738175272941589,,,,,
136,5,伴有其他异常的血红蛋白NEC,with other abnormal hemoglobin NEC,D56.9,0.985950231552124,,,,,
136,4,I型地中海贫血,I thalassemia,D56.9,0.9837912917137146,,,,,
136,4,M 型,M,D74.0,0.8985298871994019,,,,,
136,4,S型或SS型-见病，镰状细胞,"S or SS - see Disease, sickle-cell",,0.975757360458374,,,,,
136,4,SC 型,SC,D57.2,0.9302711486816406,,,,,
136,4,SD 型,SD,D57.2,0.9187774658203125,,,,,
136,4,SE 型,SE,D57.2,0.9575045108795166,,,,,
136,4,不稳定，溶血性,"unstable, hemolytic",D58.2,0.9622904658317566,,,,,
136,4,球形红细胞增多症,spherocytosis,D58.0,0.9918373227119446,,,,,
136,4,椭圆形红细胞增多症,elliptocytosis,D58.1,0.9546059370040894,,,,,
136,4,异常(混合)NEC,abnormal (mixed) NEC,D58.2,0.9469609260559082,,,,,
136,5,伴有地中海贫血,with thalassemia,D56.9,0.9826198816299438,,,,,
137,3,血清 NEC,serum NEC,T80.6,0.9444237947463989,,,,,
137,3,血栓栓子性(另见栓塞),thromboembolic (see also Embolism),I74.9,0.9723731279373169,,,,,
137,3,血液,blood,D75.9,0.9591739773750305,,,,,
137,4,血管,vessel,I99,0.8951395153999329,,,,,
137,4,造血器官,forming organs,D75.9,0.9386007189750671,,,,,
137,3,循环(系统)NEC,circulatory (system) NEC,I99,0.972292959690094,,,,,
137,4,梅毒性,syphilitic,A52.0+ I98.0*,0.950645923614502,,,,,
137,5,先天性,congenital,A50.5+ I98.0*,0.9500108361244202,,,,,
137,4,母体，影响到胎儿或新生儿,"maternal, affecting fetus or newborn",P00.3,0.9725277423858643,,,,,
137,4,胎儿或新生儿,fetus or newborn,P29.9,0.9860543608665466,,,,,
137,3,牙,"tooth, teeth",K08.9,0.9581171870231628,,,,,
137,4,特指的NEC,specified NEC,K08.8,0.9759203195571899,,,,,
137,4,牙髓NEC,pulp NEC,K04.9,0.9731352925300598,,,,,
137,4,硬组织,hard tissues,K03.9,0.9941633939743042,,,,,
137,5,特指的NEC,specified NEC,K03.8,0.984472930431366,,,,,
137,3,牙槽,"alveoli, teeth",K08.9,0.9682008028030396,,,,,
137,3,牙槽嵴,alveolar ridge,,0.9619225263595581,,,,,
137,4,无牙,edentulous,K06.9,0.862570583820343,,,,,
137,5,特指的NEC,specified NEC,K06.8,0.993493378162384,,,,,
137,3,牙的支持结构,supporting structures of teeth,K08.9,0.9875996708869934,,,,,
137,4,特指的NEC,specified NEC,K08.8,0.9686521887779236,,,,,
137,3,牙髓NEC,pulp (dental) NEC,K04.9,0.9471883177757263,,,,,
137,3,牙龈,gingiva,K06.9,0.9330425262451172,,,,,
137,4,特指的NEC,specified NEC,K06.8,0.9779132008552551,,,,,
137,3,牙周,"parodontal, periodontal",K05.6,0.9929029941558838,,,,,
137,4,特指的NEC,specified NEC,K05.5,0.9697521924972534,,,,,
137,3,亚麻清铲工,flax-dresser's,J66.1,0.9813470244407654,,,,,
137,3,咽,pharynx,J39.2,0.9613965749740601,,,,,
137,4,特指的NEC,specified NEC,J39.2,0.9596410393714905,,,,,
137,3,咽鼓管,eustachian tube,H69.9,0.9793381094932556,,,,,
137,3,咽鼓管及鼓室，慢性,"tubotympanic, chronic",H66.1,0.9909758567810059,,,,,
137,3,咽喉,throat,J39.2,0.985238790512085,,,,,
137,4,脓毒性,septic,J02.0,0.9496621489524841,,,,,
137,3,烟雾病[脑底异常血管网],moyamoya,I67.5,0.9688891172409058,,,,,
137,3,眼,eye,H57.9,0.9483445286750793,,,,,
137,4,肌肉(外),muscle (external),H50.9,0.9756767153739929,,,,,
137,4,梅毒性-见眼病，梅毒性,"syphilitic - see Oculopathy, syphilitic",,0.9917603731155396,,,,,
137,4,前房,anterior chamber,H21.9,0.9638527631759644,,,,,
137,4,特指的NEC,specified NEC,H57.8,0.9632352590560913,,,,,
137,4,炎性NEC,inflammatory NEC,H57.8,0.9646775126457214,,,,,
137,3,眼房水,aqueous (chamber),H21.9,0.9452087879180908,,,,,
138,3,眼睑,eyelid,H02.9,0.9695441722869873,,,,,
138,4,特指的 NEC,specified NEC,H02.8,0.9688712358474731,,,,,
138,3,眼球,"eyeball, globe",H44.9,0.9931900501251221,,,,,
138,4,特指的 NEC,specified NEC,H44.8,0.9751713275909424,,,,,
138,3,恙虫热,tsutsugamushi,A75.3,0.9932783842086792,,,,,
138,3,恙螨,jigger,B88.1,0.9709217548370361,,,,,
138,3,腰骶部,lumbosacral region,M53.8,0.9763665199279785,,,,,
138,3,衣原体,chlamydial,A74.9,0.9757320284843445,,,,,
138,4,特指的NEC,specified NEC,A74.8,0.974869430065155,,,,,
138,3,胰腺,pancreas,K86.9,0.9982146620750427,,,,,
138,4,囊性,cystic,K86.2,0.9031910300254822,,,,,
138,4,特指的 NEC,specified NEC,K86.8,0.94411301612854,,,,,
138,4,纤维囊性,fibrocystic,E84.9,0.9849538207054138,,,,,
138,3,移植物抗宿主(骨髓),graft-versus-host (GVH) (bone marrow),T86.0,0.9723127484321594,,,,,
138,3,乙型类人猿,simian B,B00.4+ G05.1*,0.954727828502655,,,,,
138,3,阴道(非炎性),"vagina, vaginal (noninflammatory)",N89.9,0.9817589521408081,,,,,
138,4,特指的NEC,specified NEC,N89.8,0.9910434484481812,,,,,
138,4,炎性NEC,inflammatory NEC,N76.8,0.9300035238265991,,,,,
138,3,阴茎,penis,N48.9,0.9614165425300598,,,,,
138,4,特指的NEC,specified NEC,N48.8,0.9785005450248718,,,,,
138,4,炎性,inflammatory,N48.2,0.9585167765617371,,,,,
138,3,阴囊,scrotum,N50.9,0.9747142791748047,,,,,
138,3,龈,gum,K06.9,0.9374092817306519,,,,,
138,3,营养性,nutritional,E63.9,0.9826962351799011,,,,,
138,3,游泳池肉芽肿,swimming-pool granuloma,A31.1,0.9483740925788879,,,,,
138,3,游走性幼虫,sandworm,B76.9,0.9911704659461975,,,,,
138,3,鱼皮肤,fish-skin,Q80.9,0.9983354806900024,,,,,
138,4,后天性,acquired,L85.0,0.9768596887588501,,,,,
138,3,原虫性,protozoal,B64,0.9707716703414917,,,,,
138,4,并发于妊娠、分娩或产褥期,"complicating pregnancy, childbirth or puerperium",O98.6,0.9491019248962402,,,,,
138,4,肠,"intestine, intestinal",A07.9,0.9630852937698364,,,,,
138,4,特指的NEC,specified NEC,B60.8,0.988776445388794,,,,,
138,3,运动神经元(延髓性)(家族性)(混合类型)(脊柱),motor neuron (bulbar) (familial) (mixed type) (spinal),G12.2,0.984893798828125,,,,,
138,3,晕车(火车)(铁路)(旅行)(任何车辆的旅行),"car, train, travel (railway) (travel) (any vehicle)",T75.3,0.9936498999595642,,,,,
138,3,晕船,sea,T75.3,0.9575573205947876,,,,,
138,3,晕动,motion,T75.3,0.9742007851600647,,,,,
138,3,造血器官,hematopoietic organs,D75.9,0.9935045838356018,,,,,
138,3,珍珠工[珍珠工骨髓炎],pearl-worker's,M86.8,0.9848853349685669,,,,,
138,3,真菌NEC,fungus NEC,B49,0.9269665479660034,,,,,
138,3,真菌性,mycotic,B49,0.9872094988822937,,,,,
138,3,振动NEC,vibration NEC,T75.2,0.9916862845420837,,,,,
139,3,支气管NEC,bronchus NEC,J98.0,0.980035662651062,,,,,
139,3,支气管肺,bronchopulmonary,J98.4,0.9885147213935852,,,,,
139,3,芝加哥,Chicago,B40.9,0.9863570928573608,,,,,
139,3,脂贮积,lipid-storage,E75.6,0.9747685194015503,,,,,
139,4,特指的NEC,specified NEC,E75.5,0.9635120630264282,,,,,
139,3,直肠,rectum,K62.9,0.954689085483551,,,,,
139,4,特指的 NEC,specified NEC,K62.8,0.9633675813674927,,,,,
139,3,中耳,middle ear,H74.9,0.9508401155471802,,,,,
139,4,特指的NEC,specified NEC,H74.8,0.9688736200332642,,,,,
139,4,粘连,adhesive,H74.1,0.9503598809242249,,,,,
139,3,中枢神经系统朊病毒病,"prion, central nervous system",A81.9,0.9624857306480408,,,,,
139,4,特指的NEC,specified NEC,A81.8,0.9665190577507019,,,,,
139,3,肿瘤性(恶性)，全身性(M8000/6),"neoplastic (malignant), generalized (M8000/6)",C80,0.9897765517234802,,,,,
139,3,重链,heavy chain,,0.9637568593025208,,,,,
139,4,α(M9762/3),alpha (M9762/3),C88.1,0.9353190660476685,,,,,
139,4,γ(M9763/3),gamma (M9763/3),C88.2,0.9576040506362915,,,,,
139,3,周围,peripheral,,0.9716908931732178,,,,,
139,4,动脉,arterial,I73.9,0.9717992544174194,,,,,
139,4,神经-见多神经病,nerves - see Polyneuropathy,,0.9682758450508118,,,,,
139,4,血管NEC,vascular NEC,I73.9,0.9720063209533691,,,,,
139,4,自主神经系统,autonomic nervous system,G90.9,0.9783483147621155,,,,,
139,3,主动脉(非梅毒性),aorta (nonsyphilitic),I77.9,0.9796450734138489,,,,,
139,4,梅毒性NEC,syphilitic NEC,A52.0+ I79.1*,0.9686022996902466,,,,,
139,3,主动脉性(心脏)(瓣膜),aortic (heart) (valve),I35.9,0.9633381962776184,,,,,
139,3,贮积,storage,,0.8732936978340149,,,,,
139,4,粘多糖类,mucopolysaccharide,E76.3,0.9766481518745422,,,,,
139,4,糖原(另见病，糖原贮积),"glycogen (see also Disease, glycogen storage)",E74.0,0.9610011577606201,,,,,
139,3,转移性(M8000/6)-见转移(性),metastatic (M8000/6) - see Metastasis,,0.9826870560646057,,,,,
139,3,椎骨,"vertebra, vertebral",M48.9,0.9904292225837708,,,,,
139,4,盘-见病，椎间盘,"disk - see Disease, intervertebral disk",,0.9152050018310547,,,,,
139,3,椎间盘,intervertebral disk,M51.9,0.9980832934379578,,,,,
139,4,伴有脊髓病,with myelopathy,M51.0+ G99.2*,0.9592232704162598,,,,,
139,4,颈、颈胸(伴有),"cervical, cervicothoracic (with)",M50.9,0.9890797734260559,,,,,
139,5,脊髓病,myelopathy,M50.0+ G99.2*,0.9419949054718018,,,,,
139,5,神经炎、神经根炎或神经根病,"neuritis, radiculitis or radiculopathy",M50.1+ G55.1*,0.971242368221283,,,,,
139,5,特指的NEC,specified NEC,M50.8,0.9586092829704285,,,,,
139,4,特指的 NEC,specified NEC,M51.8,0.9685364961624146,,,,,
139,4,胸、胸腰(伴有),"thoracic, thoracolumbar (with)",M51.9,0.9893943071365356,,,,,
139,5,脊髓病,myelopathy,M51.0+ G99.2*,0.9500477313995361,,,,,
139,5,神经炎、神经根炎或神经根病,"neuritis, radiculitis or radiculopathy",M51.1+ G55.1*,0.9844930768013,,,,,
139,5,特指的NEC,specified NEC,M51.8,0.9867516160011292,,,,,
140,4,腰骶的(伴有),"lumbar, lumbosacral (with)",M51.9,0.9567076563835144,,,,,
140,5,脊髓病,myelopathy,M51.0+ G99.2*,0.9668689966201782,,,,,
140,5,神经炎、神经根炎、神经根病或坐骨神经痛,"neuritis, radiculitis, radiculopathy or sciatica",M51.1+ G55.1*,0.9365069270133972,,,,,
140,5,特指的 NEC,specified NEC,M51.8,0.9594671726226807,,,,,
140,3,椎间盘，变性性-见变性，椎间盘,"disk, degenerative - see Degeneration, intervertebral disk",,0.9914944171905518,,,,,
140,3,椎间盘性(脱位),discogenic,M51.2,0.9970865845680237,,,,,
140,4,伴有脊髓病,with myelopathy,M51.0+ G99.2*,0.9453712701797485,,,,,
140,3,锥体束外,extrapyramidal,G25.9,0.9893315434455872,,,,,
140,4,特指的 NEC,specified NEC,G25.8,0.9661048650741577,,,,,
140,3,滋养细胞(M9100/0)(另见胎块，水泡状),"trophoblastic (M9100/0) (see also Mole, hydatidiform)",O01.9,0.9828556776046753,,,,,
140,3,子宫(非炎性),uterus (noninflammatory),N85.9,0.9822971820831299,,,,,
140,4,感染性(另见子宫内膜炎),infective (see also Endometritis),N71.9,0.9873149991035461,,,,,
140,4,特指的NEC,specified NEC,N85.8,0.96466064453125,,,,,
140,4,炎性(另见子宫内膜炎),inflammatory (see also Endometritis),N71.9,0.9835782647132874,,,,,
140,3,子宫旁组织(非炎性),parametrium (noninflammatory),N83.9,0.9908722043037415,,,,,
140,3,自身免疫性(全身性)NEC,autoimmune (systemic) NEC,M35.9,0.9717310667037964,,,,,
140,4,溶血性(冷型)(温型),hemolytic (cold type) (warm type),D59.1,0.9847748875617981,,,,,
140,5,药物性,drug-induced,D59.0,0.9915230870246887,,,,,
140,3,纵隔,mediastinum,J98.5,0.9716789722442627,,,,,
140,3,足和口腔,foot and mouth,B08.8,0.998799741268158,,,,,
140,2,病变-见损害,Lesion,,0.9990556836128235,,,,,
140,2,病毒(性)NEC-另见情况，另见感染，病毒,"Virus, viral NEC - see also condition, see also Infection, virus",,0.9595792889595032,,,,,
140,3,感染(另见感染，病毒),"infection (see also Infection, virus)",B34.9,0.9808722138404846,,,,,
140,3,巨细胞病毒,cytomegalovirus,B25,0.9788248538970947,,,,,
140,4,由于HIV病引起的,resulting from HIV disease,B20.2,0.9900486469268799,,,,,
140,3,人类免疫缺陷(HIV)-见人(类)，免疫缺陷(HIV)病,"human immunodeficiency (HIV) - see Human, immunodeficiency, virus (HIV) disease",,0.9822970032691956,,,,,
140,3,西尼罗,West Nile,A92.3,0.9606698155403137,,,,,
140,3,特指的NEC,specified NEC,B34.9,0.9755885004997253,,,,,
140,4,由于HIV病引起的,resulting from HIV disease,B20.3,0.988330066204071,,,,,
140,3,作为分类在他处疾病的原因,as cause of disease classified elsewhere,B97.8,0.9985044002532959,,,,,
140,2,病理性－ 另见情况,"Pathologic, pathological - see also condition",,0.8977996110916138,,,,,
140,3,赌博,gambling,F63.0,0.9938088059425354,,,,,
140,3,卵,ovum,O02.0,0.9588220715522766,,,,,
140,3,偷窃,stealing,F63.2,0.9861249923706055,,,,,
140,3,纵火,fire-setting,F63.1,0.9954419136047363,,,,,
141,1,bō 波,,,,,,,,
141,2,波伦综合征,Poland's syndrome,Q79.8,0.9651291370391846,,,,,
141,2,波萨达-韦尼克病[球孢子菌病],Posada-Wernicke disease,B38.7,0.9991968274116516,,,,,
141,2,波士顿疹病,Boston exanthem,A88.0,0.9841081500053406,,,,,
141,2,波特,"Pott's, Potter's",,0.9998385310173035,,,,,
141,3,病或截瘫,disease or paraplegia,A18.0+ M49.0*,0.9858577251434326,,,,,
141,3,面容,facies,Q60.6,0.9763588309288025,,,,,
141,3,脊柱弯曲,spinal curvature,A18.0+ M49.0*,0.971652090549469,,,,,
141,3,瘤，浮肿性(另见骨髓炎),"tumor, puffy (see also Osteomyelitis)",M86.8,0.9884055852890015,,,,,
141,3,弯曲(脊柱),curvature (spinal),A18.0+ M49.0*,0.9674911499023438,,,,,
141,3,综合征(伴有肾缺如),syndrome (with renal agenesis),Q60.6,0.9942235946655273,,,,,
141,2,波伊茨-耶格病/波伊茨-耶格综合征[色素沉着息肉综合征][皮肤粘膜色素斑-肠道多发息肉综合征],Peutz-Jeghers disease or syndrome,Q85.8,0.9855732917785645,,,,,
141,2,波伊德痢疾,Boyd's dysentery,A03.2,0.9801372289657593,,,,,
141,1,bō 玻,,,0.8869997262954712,,,,,
141,2,玻璃工人病(白内障),Glass-blower's disease (cataract),H26.8,0.9934206008911133,,,,,
141,2,玻璃体 - 另见情况,Vitreous - see also condition,,0.9211414456367493,,,,,
141,3,角膜接触综合征,touch syndrome,H59.0,0.9793036580085754,,,,,
141,2,玻璃体(膜)炎，玻璃体退变，星形,"Hyalitis, hyalosis, asteroid",H43.2,0.9992793798446655,,,,,
141,3,梅毒性(晚期),syphilitic (late),A52.7+ H45.8*,0.9755712151527405,,,,,
141,2,玻璃体角膜综合征,Vitreal corneal syndrome,H59.0,0.9994107484817505,,,,,
141,2,玻璃体内的胆固醇,Cholesterin in vitreous (body),H43.2,0.9909750819206238,,,,,
141,2,玻璃体视网膜病变，增生性,"Vitreoretinopathy, proliferative",H35.2,0.9771811962127686,,,,,
141,3,伴有视网膜脱离,with retinal detachment,H33.4,0.9823761582374573,,,,,
141,2,玻璃体线,"Strand, vitreous",H43.3,0.9756606817245483,,,,,
141,2,玻璃体液化(闪光性)(老年性),Synchysis (scintillans) (senile) (vitreous body),H43.8,0.9801914691925049,,,,,
141,2,玻璃疣,Drusen,,0.9994853138923645,,,,,
141,3,黄斑(变性性)(视网膜),macula (degenerative) (retina),H35.3,0.9833042621612549,,,,,
141,3,视神经盘,optic disk,H47.3,0.956840991973877,,,,,
141,1,bō 剥,,,0.8835998177528381,,,,,
141,2,剥夺,Deprivation,,0.999351441860199,,,,,
141,3,情感 NEC,emotional NEC,Z65.8,0.9545788764953613,,,,,
141,4,影响婴儿或儿童,affecting infant or child,T74.3,0.9964032769203186,,,,,
141,3,社会,social,Z60.4,0.9862056374549866,,,,,
141,4,影响婴儿或儿童,affecting infant or child,T74.3,0.9628954529762268,,,,,
142,1,bō 播,,,0.9992673397064209,,,,,
142,2,播散性的 - 见情况,Disseminated - see condition,,0.9403520822525024,,,,,
142,2,播散性致密性骨病,Osteopathia condensans disseminata,Q78.8,0.9999516010284424,,,,,
142,1,bó 伯,,,0.9130774140357971,,,,,
142,2,伯恩病或伯恩骨软骨病,Burns' disease or osteochondrosis,M92.1,0.9951950311660767,,,,,
142,2,伯恩哈特(-罗特)病或感觉异常[感觉异常性股痛],Bernhardt(-Roth) disease or paresthesia,G57.1,0.9990119338035583,,,,,
142,2,伯恩海姆综合征(另见衰竭，心力，充血性),"Bernheim's syndrome (see also Failure, heart, congestive)",I50.0,0.9880435466766357,,,,,
142,2,伯基特,Burkitt's,,0.9990035891532898,,,,,
142,3,淋巴瘤(恶性)(M9687/3),lymphoma (malignant) (M9687/3),C83.7,0.9777901768684387,,,,,
142,4,人类免疫缺陷病毒(HIV)病所致,resulting from HIV disease,B21.1,0.9861181378364563,,,,,
142,4,未分化(M9687/3),undifferentiated (M9687/3),C83.7,0.9612506628036499,,,,,
142,4,小非核裂，弥漫性(M9687/3),"small noncleaved, diffuse (M9687/3)",C83.7,0.9797357320785522,,,,,
142,3,瘤(M9687/3),tumor (M9687/3),C83.7,0.974116325378418,,,,,
142,3,细胞白血病(M9826/3),cell leukemia (M9826/3),C91.0,0.9921749830245972,,,,,
142,3,型,type,,0.9318276643753052,,,,,
142,4,急性原淋巴细胞白血病(M9826/3),acute lymphoblastic leukemia (M9826/3),C91.0,0.9898129105567932,,,,,
142,4,未分化(M9687/3),undifferentiated (M9687/3),C83.7,0.9748591184616089,,,,,
142,2,伯克,Boeck's,,0.9988630414009094,,,,,
142,3,病或结节病(另见结节病),disease or sarcoid (see also Sarcoidosis),D86.9,0.985062301158905,,,,,
142,3,狼疮(粟粒性),lupoid (miliary),D86.3,0.9709080457687378,,,,,
142,2,伯克哈特脓疱病,Bockhart's impetigo,L01.0,0.9876921772956848,,,,,
142,2,伯克霍尔德菌感染 NEC,Burkholderia NEC,A49.8,0.9671629667282104,,,,,
142,3,鼻疽,mallei,A24.0,0.9473949074745178,,,,,
142,4,作为分类于他处疾病的原因,as the cause of disease classified elsewhere,B96.8,0.9839889407157898,,,,,
142,3,假鼻疽(另见类鼻疽),pseudomallei (see also Melioidosis),A24.4,0.9869601726531982,,,,,
142,4,作为分类于他处疾病的原因,as the cause of disease classified elsewhere,B96.8,0.9820288419723511,,,,,
142,2,伯克狼疮(粟粒性),Lupoid (miliary) of Boeck,D86.3,0.9988255500793457,,,,,
142,2,伯里病[持久隆起性红斑],Bury's disease,L95.1,0.999758780002594,,,,,
142,2,伯鲁里溃疡,Buruli ulcer,A31.1,0.989937424659729,,,,,
142,2,伯特绦虫病,Bertielliasis,B71.8,0.9475986361503601,,,,,
142,1,bó 博,,,0.9114681482315063,,,,,
142,2,博德希特尔-古特曼病(亚急性硬化性全脑炎),Bodechtel-Guttman disease (subacute sclerosing panencephalitis),A81.1,0.9919493198394775,,,,,
142,2,博恩霍尔姆病[流行性胸肌痛],Bornholm disease,B33.0,0.9829175472259521,,,,,
142,2,博纳维-乌尔里克综合征,Bonnevie-Ullrich syndrome,Q87.1,0.9991964101791382,,,,,
142,2,博尼耶综合征[前庭外侧核综合征],Bonnier's syndrome,H81.8,0.982882022857666,,,,,
142,2,博氏线,Beau's lines,L60.4,0.9999730587005615,,,,,
142,2,博温-现译名鲍恩,Bowen,,0.9550590515136719,,,,,
143,1,bó 搏,,,,,,,,
143,2,搏动,Beat(s),,0.9973152875900269,,,,,
143,3,过早,premature,I49.4,0.9801391363143921,,,,,
143,4,心房,atrial,I49.1,0.9593318700790405,,,,,
143,3,脱逸，心脏,"escaped, heart",I49.4,0.9847925305366516,,,,,
143,3,心房，过早,"atrial, premature",I49.1,0.9885252118110657,,,,,
143,3,异位,ectopic,I49.4,0.9953052997589111,,,,,
143,1,bó 薄,,,0.8815848231315613,,,,,
143,2,薄红细胞增多，遗传性,"Leptocytosis, hereditary",D56.9,0.998098611831665,,,,,
143,1,bǒ 跛,,,0.9085121750831604,,,,,
143,2,跛行，间歇性,"Claudication, intermittent",I73.9,0.9826304912567139,,,,,
143,3,大脑(动脉)性,cerebral (artery),G45.9,0.9740440249443054,,,,,
143,3,脊髓(动脉硬化)性,spinal cord (arteriosclerotic),G95.1,0.9669216275215149,,,,,
143,3,静脉性,venous,I87.8,0.9058660268783569,,,,,
143,3,梅毒性,syphilitic,A52.0+ I79.8*,0.9311679005622864,,,,,
143,1,bǔ 卟,,,0.9093085527420044,,,,,
143,2,卟啉病(南非)(瑞典),Porphyria (South African) (Swedish),E80.2,0.9970424175262451,,,,,
143,3,迟发性皮肤(遗传性)(症状性),cutanea tarda (hereditary) (symptomatic),E80.1,0.9892396926879883,,,,,
143,3,多样性,variegata,E80.2,0.988615870475769,,,,,
143,3,肝皮肤型,hepatocutaneous type,E80.1,0.9912706017494202,,,,,
143,3,红细胞生成性(先天性)(遗传性),erythropoietic (congenital) (hereditary),E80.0,0.988673746585846,,,,,
143,3,后天性,acquired,E80.2,0.9791306853294373,,,,,
143,3,急性间歇性(肝),acute intermittent (hepatic),E80.2,0.9934304356575012,,,,,
143,3,继发性,secondary,E80.2,0.9644615054130554,,,,,
143,3,由于药物,due to drugs,,0.9664487838745117,,,,,
143,4,过量或给错或服错药物,overdose or wrong substance given or taken,T50.9,0.9750774502754211,,,,,
143,5,特指的药物-见药物和化学制剂表,specified drug - see Table of drugs and chemicals,,0.9755237698554993,,,,,
143,4,恰当使用正确的物质,correct substance properly administered,E80.2,0.9879854917526245,,,,,
143,3,中毒性NEC,toxic NEC,E80.2,0.967443585395813,,,,,
143,2,卟啉尿 - 见 卟啉病,"Porphyrinuria, porphyruria - see Porphyria",,0.89896559715271,,,,,
143,2,卟啉症-见卟啉病,Porphyria,,0.9793655872344971,,,,,
143,2,卟啉症，红细胞生成性,"Protoporphyria, erythropoietic",E80.0,0.9887323379516602,,,,,
144,1,bǔ 哺,,,,,,,,
144,2,哺乳，授乳(乳房)(产褥期、产后),"Lactation, lactating (breast) (puerperal, postpartum)",,0.999104380607605,,,,,
144,3,非产褥期的,nonpuerperal,N64.3,0.9834088683128357,,,,,
144,3,过度,excessive,O92.6,0.9569096565246582,,,,,
144,3,疾患NEC,disorder NEC,O92.7,0.9792974591255188,,,,,
144,3,母亲(照料和/或检查),mother (care and/or examination),Z39.1,0.9877315163612366,,,,,
144,3,缺陷,defective,O92.4,0.9416747689247131,,,,,
144,3,乳腺炎NEC,mastitis NEC,O91.2,0.9850181937217712,,,,,
144,3,失败(完全),failed (complete),O92.3,0.9678862690925598,,,,,
144,4,部分,partial,O92.4,0.9464089274406433,,,,,
144,1,bù 不,,,0.8837300539016724,,,,,
144,2,不安,Restlessness,R45.1,0.9999297261238098,,,,,
144,2,不保留，食物,"Nonretention, food",R11,0.9861818552017212,,,,,
144,2,不成熟-另见未成熟,Immature - see also Immaturity,,0.999164342880249,,,,,
144,3,出生(28整周或以上但小于37整周),birth (28 completed weeks or more but less than 37 completed weeks),P07.3,0.9910893440246582,,,,,
144,4,极度(小于28整周),extremely (less than 28 completed weeks),P07.2,0.9861040115356445,,,,,
144,3,人格,personality,F60.8,0.9745917916297913,,,,,
144,2,不诚实，儿童问题,"Untruthfulness, child problem",F91.8,0.9987033605575562,,,,,
144,2,不充分，不足,"Inadequate, inadequacy",,0.9999461770057678,,,,,
144,3,产前保健，影响妊娠处理,"prenatal care, affecting management of pregnancy",Z35.3,0.9774630665779114,,,,,
144,3,儿童受父母的监督,supervision of child by parent,Z62.0,0.9728872179985046,,,,,
144,3,发育,development,,0.9799895286560059,,,,,
144,4,儿童,child,R62.8,0.9356821775436401,,,,,
144,4,肺,lungs,Q33.6,0.9352657794952393,,,,,
144,5,与孕期短有关的,associated with short gestation,P28.0,0.9768307209014893,,,,,
144,4,器官或部位未列出-见异常，按部位,"organ or site not listed - see Anomaly, by site",,0.9673726558685303,,,,,
144,4,生殖器,genitalia,,0.9884053468704224,,,,,
144,5,青春期后 NEC,after puberty NEC,E30.0,0.9375213980674744,,,,,
144,3,先天性,congenital,,0.9734813570976257,,,,,
144,4,男性,male,Q55.8,0.9245677590370178,,,,,
144,5,女性,female,Q52.8,0.9540913701057434,,,,,
144,4,内,internal,Q52.8,0.9115540981292725,,,,,
144,4,外,external,Q52.7,0.8630484342575073,,,,,
144,4,胎儿,fetus,P05.9,0.9713698625564575,,,,,
144,4,影响妊娠处理,affecting management of pregnancy,O36.5,0.9452390074729919,,,,,
145,3,肺,pulmonary,,0.9841371774673462,,,,,
145,4,功能,function,R06.8,0.9721919298171997,,,,,
145,5,新生儿,newborn,P28.5,0.9697400331497192,,,,,
145,4,通气，新生儿,"ventilation, newborn",P28.5,0.9642881155014038,,,,,
145,3,福利支持,welfare support,Z59.7,0.9974458813667297,,,,,
145,3,父母对儿童的监督和管教,parental supervision or control of child,Z62.0,0.9774049520492554,,,,,
145,3,家庭照顾，由于,"household care, due to",,0.9998788833618164,,,,,
145,4,家庭成员,family member,,0.9664689898490906,,,,,
145,5,残疾或有病,handicapped or ill,Z74.2,0.967115581035614,,,,,
145,5,度假,on vacation,Z75.5,0.8989092707633972,,,,,
145,5,暂时离家,temporarily away from home,Z74.2,0.979459285736084,,,,,
145,4,照料者暂时不在家,temporary absence from home of person rendering care,Z74.2,0.9960556626319885,,,,,
145,4,住处的技术性缺陷,technical defects in home,Z59.1,0.989572286605835,,,,,
145,3,家庭支持,family support,Z63.2,0.9679856896400452,,,,,
145,3,家中交往,intrafamilial communication,Z63.8,0.9610292911529541,,,,,
145,3,进食习惯,eating habits,Z72.4,0.9846037030220032,,,,,
145,3,精神(另见发育迟缓，精神),"mental (see also Retardation, mental)",F79,0.9867216348648071,,,,,
145,3,人格,personality,F60.7,0.9974534511566162,,,,,
145,3,社会,social,,0.9734363555908203,,,,,
145,4,保险,insurance,Z59.7,0.9600285291671753,,,,,
145,4,技能NEC,skills NEC,Z73.4,0.9671663641929626,,,,,
145,3,生物学、体质性、功能性或社会性能力,"biologic, constitutional, functional or social",F60.7,0.9930540919303894,,,,,
145,3,食物(供应) NEC,food (supply) NEC,Z59.4,0.9567602872848511,,,,,
145,4,饥饿效应,hunger effects,T73.0,0.9817726612091064,,,,,
145,3,收入(财政),income (financial),Z59.6,0.9742974042892456,,,,,
145,3,物质资源,material resources,Z59.6,0.9852907657623291,,,,,
145,3,饮食(引起营养缺乏),diet (causing nutritional deficiency),E63.9,0.9711158275604248,,,,,
145,3,饮用水供应,drinking-water supply,Z58.6,0.9614943861961365,,,,,
145,3,影响教育的教学,teaching affecting education,Z55.8,0.9687563180923462,,,,,
145,3,住处(取暖)(空间),housing (heating) (space),Z59.1,0.9914467334747314,,,,,
145,2,不等，腿(长度)(后天性),"Inequality, leg (length) (acquired)",M21.7,0.9823238253593445,,,,,
145,3,先天性,congenital,Q72.9,0.9938026666641235,,,,,
145,2,不定的,Movable,,0.9995904564857483,,,,,
145,3,脾,spleen,D73.8,0.9448888301849365,,,,,
145,3,肾,kidney,N28.8,0.9768052697181702,,,,,
145,4,先天性,congenital,Q63.8,0.9253222942352295,,,,,
145,3,尾骨,coccyx,M53.2,0.9557823538780212,,,,,
145,2,不定型-另见情况,"Atypical, atypism - see also condition",,0.9955162405967712,,,,,
145,3,养育状况,parenting situation,Z60.1,0.9961344003677368,,,,,
145,2,不动综合征(截瘫性),Immobility syndrome (paraplegic),M62.3,0.987659752368927,,,,,
146,2,不对称 - 另见 扭转,Asymmetry - see also Distortion,,0.9220674633979797,,,,,
146,3,骨盆，伴有胎盆不称,pelvis with disproportion (fetopelvic),O33.0,0.9870185852050781,,,,,
146,4,引起梗阻性分娩,causing obstructed labor,O65.0,0.9632763862609863,,,,,
146,4,影响到胎儿或新生儿,affecting fetus or newborn,P03.1,0.9843729734420776,,,,,
146,3,颌,jaw,K07.1,0.9508905410766602,,,,,
146,3,面部,face,Q67.0,0.9852085113525391,,,,,
146,2,不对称并头联胎畸胎,Teratencephalus,Q89.8,0.9998940825462341,,,,,
146,2,不发绀的心脏病(先天性),Acyanotic heart disease (congenital),Q24.9,0.98844313621521,,,,,
146,2,不发生,Agenesis,,0.9997550249099731,,,,,
146,3,肺(裂)(叶)(双侧)(单侧),lung (fissure) (lobe) (bilateral) (unilateral),Q33.3,0.9815850257873535,,,,,
146,3,肛门，肛(管),"anus, anal (canal)",Q42.3,0.972891628742218,,,,,
146,4,伴有瘘,with fistula,Q42.2,0.9288317561149597,,,,,
146,3,卵巢,ovary,Q50.0,0.978468120098114,,,,,
146,3,直肠,rectum,Q42.1,0.967777669429779,,,,,
146,4,伴有瘘,with fistula,Q42.0,0.9494821429252625,,,,,
146,2,不发育(另见缺如),"Aplasia, Agenesis (see also Agenesis)",,0.9887996315956116,,,,,
146,3,动脉(周围),artery (peripheral),Q27.9,0.9868951439857483,,,,,
146,4,肺,pulmonary,Q25.7,0.9314028024673462,,,,,
146,3,输尿管,ureter,Q62.8,0.9899448752403259,,,,,
146,2,不分泌，尿(另见无尿),"Nonsecretion, urine (see also Anuria)",R34,0.988229513168335,,,,,
146,2,不服从医疗和医疗制度,Noncompliance with medical treatment or regimen,Z91.1,0.9919897317886353,,,,,
146,2,不规则，不规律,"Irregular, irregularity",,0.9995744824409485,,,,,
146,3,鼻中隔,septum (nasal),J34.2,0.9854172468185425,,,,,
146,3,出血(月经),bleeding,N92.6,0.9400755763053894,,,,,
146,3,呼吸,"breathing, respiratory",R06.8,0.9979233145713806,,,,,
146,3,角膜外形(后天性),contour of cornea (acquired),H18.7,0.9798251390457153,,,,,
146,4,先天性,congenital,Q13.4,0.9601141214370728,,,,,
146,3,瞳孔,pupil,H21.5,0.9463199973106384,,,,,
146,3,心律,"action, heart",I49.9,0.9687140583992004,,,,,
146,3,形状，器官或部位，先天性NEC-见扭转,"shape, organ or site, congenital NEC - see Distortion",,0.9917628765106201,,,,,
146,3,牙本质(牙髓内),dentin (in pulp),K04.3,0.9961986541748047,,,,,
146,3,牙槽突,alveolar process,K08.8,0.9588162302970886,,,,,
146,3,月经(原因不知),menstruation (cause unknown),N92.6,0.9806212186813354,,,,,
146,3,周期(月经),periods,N92.6,0.9918625950813293,,,,,
146,2,不规则睡眠-觉醒型,"Pattern, sleep-wake, irregular",G47.2,0.99990314245224,,,,,
146,2,不合意的工作,Uncongenial work,Z56.5,0.974822461605072,,,,,
146,2,不和(与),Discord (with),,0.9984906911849976,,,,,
146,3,房东,landlord,Z59.2,0.9919832944869995,,,,,
146,3,房客,lodgers,Z59.2,0.9773362278938293,,,,,
146,3,父母和姻亲,parents and in-laws,Z63.1,0.9955718517303467,,,,,
146,3,顾问,counselor,Z64.4,0.9933456182479858,,,,,
146,3,雇主,employer,Z56.4,0.9917234778404236,,,,,
146,3,家庭,family,Z63.8,0.9968757033348083,,,,,
147,3,监督缓刑犯的官员[劳教干部],probation officer,Z64.4,0.9810681343078613,,,,,
147,3,老板[领导],boss,Z56.4,0.965578019618988,,,,,
147,3,老师,teachers,Z55.4,0.9379522800445557,,,,,
147,3,邻居,neighbors,Z59.2,0.9911828637123108,,,,,
147,3,配偶或情侣,spouse or partner,Z63.0,0.9982662200927734,,,,,
147,3,社会工作者,social worker,Z64.4,0.9747239351272583,,,,,
147,3,同事(员工),"fellow employees, workmates",Z56.4,0.987058162689209,,,,,
147,3,同学,classmates,Z55.4,0.9912949800491333,,,,,
147,2,不佳,Poor,,0.9999014139175415,,,,,
147,3,尿线,urinary stream,R39.1,0.9732878804206848,,,,,
147,3,视力 NEC,vision NEC,H54.9,0.9482451677322388,,,,,
147,2,不洁恐怖,Mysophobia,F40.2,0.9888300895690918,,,,,
147,2,不具备,Unavailability (of),,0.9991599917411804,,,,,
147,3,社会服务机构,social service agencies,Z75.4,0.9921057224273682,,,,,
147,3,学校,schooling,Z55.1,0.978715181350708,,,,,
147,3,医疗设施,medical facilities (at),Z75.3,0.9697712659835815,,,,,
147,4,家中,home,Z75.0,0.9163013100624084,,,,,
147,4,门诊,outpatient clinic,Z75.3,0.9060832262039185,,,,,
147,4,由于,due to,,0.8446880578994751,,,,,
147,5,等待住院,waiting list,Z75.1,0.9520466327667236,,,,,
147,5,家中缺乏医疗服务条件,lack of services at home,Z75.0,0.9648022055625916,,,,,
147,5,社会服务机构的检查,investigation by social service agency,Z75.2,0.9844319820404053,,,,,
147,5,远离医疗设施,remoteness from facility,Z75.3,0.9659972786903381,,,,,
147,3,与保健服务有关的机构 NEC,health service-related agencies NEC,Z75.4,0.9705173969268799,,,,,
147,3,住院床位,bed at medical facility,Z75.1,0.9834335446357727,,,,,
147,2,不可复位(性)的 - 见情况,"Irreducible, irreducibility - see condition",,0.9503561854362488,,,,,
147,2,不理想,Unsatisfactory,,0.9999779462814331,,,,,
147,3,环境(居住) NEC,surroundings NEC,Z59.1,0.9595229029655457,,,,,
147,4,工作NEC,work NEC,Z56.5,0.9436973333358765,,,,,
147,4,外界,physical environment,Z58.9,0.932840883731842,,,,,
147,5,特指的NEC,specified NEC,Z58.8,0.9753137826919556,,,,,
147,2,不连接,Nonunion,,0.9999790191650391,,,,,
147,3,耻骨联合，先天性,"symphysis pubis, congenital",Q74.2,0.9979493618011475,,,,,
147,3,骨折,fracture,M84.1,0.9716468453407288,,,,,
147,3,器官或部位，先天性NEC-见不完全，闭合,"organ or site, congenital NEC - see Imperfect, closure",,0.9918738603591919,,,,,
147,2,不连续性，听骨,"Discontinuity, ossicles, ear",H74.2,0.9937175512313843,,,,,
147,2,不良,Poor,,0.999929666519165,,,,,
147,3,产前保健，影响妊娠处理,"prenatal care, affecting management of pregnancy",Z35.3,0.990830659866333,,,,,
147,3,个人卫生,personal hygiene,R46.0,0.9991748929023743,,,,,
147,3,宫缩，分娩,"contractions, labor",O62.2,0.9793663620948792,,,,,
147,4,影响到胎儿或新生儿,affecting fetus or newborn,P03.6,0.9791964888572693,,,,,
147,3,胎儿生长NEC,fetal growth NEC,P05.9,0.9893159866333008,,,,,
147,4,影响妊娠处理,affecting management of pregnancy,O36.5,0.9371155500411987,,,,,
148,2,不满于,Dissatisfaction with,,0.9956041574478149,,,,,
148,3,工作,employment,Z56.7,0.9840862154960632,,,,,
148,3,学校环境,school environment,Z55.4,0.9767509698867798,,,,,
148,2,不明原因发热(发热原因不知),FUO (fever of unknown origin),R50,0.9984235167503357,,,,,
148,2,不耐受,Intolerance,,0.9999542832374573,,,,,
148,3,蛋白,protein,K90.4,0.9387223124504089,,,,,
148,3,淀粉 NEC,starch NEC,K90.4,0.9187851548194885,,,,,
148,3,果糖(遗传性),fructose (hereditary),E74.1,0.982455849647522,,,,,
148,3,赖氨酸,lysine,E72.3,0.9926319718360901,,,,,
148,3,葡萄糖(-半乳糖),glucose(-galactose),E74.3,0.9916672110557556,,,,,
148,3,乳糖,lactose,E73.9,0.9771154522895813,,,,,
148,4,特指的NEC,specified NEC,E73.8,0.9636459350585938,,,,,
148,3,乳汁NEC,milk NEC,K90.4,0.9688158631324768,,,,,
148,4,乳糖,lactose,E73.9,0.9612443447113037,,,,,
148,3,食物,food,K90.4,0.9818335175514221,,,,,
148,4,饮食咨询和监督,dietary counseling and surveillance,Z71.3,0.9853256940841675,,,,,
148,3,双糖，遗传性,"disaccharide, hereditary",E73.0,0.9888224005699158,,,,,
148,3,碳水化合物,carbohydrate,K90.4,0.9829441905021667,,,,,
148,3,蔗糖(-异麦芽糖),sucrose(-isomaltose),E74.3,0.9801982641220093,,,,,
148,3,脂肪 NEC,fat NEC,K90.4,0.9473592042922974,,,,,
148,4,胰腺,pancreatic,K90.3,0.9816343784332275,,,,,
148,2,不能,"Disability, Failure",,0.9998227953910828,,,,,
148,3,勃起(阴茎),erection (penile),F52.2,0.9884081482887268,,,,,
148,3,服从医疗和医疗制度,compliance with medical treatment or regimen,Z91.1,0.9757485389709473,,,,,
148,3,获得知识,knowledge acquisition,F81.9,0.9622739553451538,,,,,
148,3,扩张，末端呼吸单位(新生儿)(原发性),"expansion, terminal respiratory units (newborn) (primary)",P28.0,0.9909543991088867,,,,,
148,3,排卵，导致不孕症,ovulation causing infertility,N97.0,0.9945192337036133,,,,,
148,3,拼写，特异性,"spelling, specific",F81.1,0.9869263172149658,,,,,
148,3,去,to,,0.9322535395622253,,,,,
148,4,增加体重,gain weight,R62.8,0.976021409034729,,,,,
148,4,茁壮成长,thrive,R62.8,0.972064733505249,,,,,
148,5,人类免疫缺陷病毒(HIV)病所致,resulting from HIV disease,B22.2,0.9821404814720154,,,,,
148,3,胎头进入骨盆边缘(对母体),fetal head to enter pelvic brim (mother),O32.4,0.9961854219436646,,,,,
148,4,影响到胎儿或新生儿,affecting fetus or newborn,P03.1,0.9861710071563721,,,,,
148,3,胎头下降(到期)(对母体),descent of head (at term) (mother),O32.4,0.9804954528808594,,,,,
148,4,影响到胎儿或新生儿,affecting fetus or newborn,P03.1,0.9742693305015564,,,,,
148,3,头衔接NEC(到期)(对母体),engagement of head NEC (at term) (mother),O32.4,0.9661803245544434,,,,,
148,3,退化，胸(腺),"involution, thymus (gland)",E32.0,0.9881880879402161,,,,,
148,3,性唤起(女性)(男性),sexual arousal (female) (male),F52.2,0.9801355600357056,,,,,
148,3,学习,learning,F81.9,0.9696963429450989,,,,,
149,3,肠(小),intestine (small),Q41.9,0.9905776381492615,,,,,
149,4,大,large,Q42.9,0.8569576740264893,,,,,
149,5,特指的NEC,specified NEC,Q42.8,0.9631883502006531,,,,,
149,3,胆管,bile duct,Q44.2,0.9878565073013306,,,,,
149,3,肛门,anus,Q42.3,0.9484409093856812,,,,,
149,4,伴有瘘,with fistula,Q42.2,0.9783196449279785,,,,,
149,3,尿道,urethra,Q64.3,0.992979884147644,,,,,
149,3,食管,esophagus,Q39.0,0.9815887212753296,,,,,
149,4,伴有气管食管瘘,with tracheoesophageal fistula,Q39.1,0.9665789008140564,,,,,
149,3,输尿管,ureter,Q62.1,0.990226149559021,,,,,
149,3,直肠,rectum,Q42.1,0.9920523762702942,,,,,
149,4,伴有瘘,with fistula,Q42.0,0.9297439455986023,,,,,
149,2,不排卵,Nonovulation,N97.0,0.9972476959228516,,,,,
149,2,不配合,Incompatibility,,0.9999725222587585,,,,,
149,3,ABO,ABO,,0.9640982151031494,,,,,
149,4,输注或输血反应,infusion or transfusion reaction,T80.3,0.9850844144821167,,,,,
149,4,胎儿或新生儿,fetus or newborn,P55.1,0.9908984899520874,,,,,
149,4,影响妊娠处理,affecting management of pregnancy,O36.1,0.985517680644989,,,,,
149,3,Rh(血型)(因子),Rh (blood group) (factor),,0.9571296572685242,,,,,
149,4,输注或输血反应,infusion or transfusion reaction,T80.4,0.9865850806236267,,,,,
149,4,胎儿或新生儿,fetus or newborn,P55.0,0.9763539433479309,,,,,
149,4,影响妊娠处理,affecting management of pregnancy,O36.0,0.9713010787963867,,,,,
149,3,猕因子-见不配合，Rh,"Rh rhesus - see Incompatibility, Rh",,0.9920945763587952,,,,,
149,3,血(型)(达菲)(K型(凯尔))(基德)(刘易斯)(M)(S)NEC,blood (group) (Duffy) (K(ell)) (Kidd) (Lewis) (M) (S) NEC,,0.9536759257316589,,,,,
149,4,输注或输血反应,infusion or transfusion reaction,T80.3,0.9601645469665527,,,,,
149,4,胎儿或新生儿,fetus or newborn,P55.8,0.977866530418396,,,,,
149,4,影响妊娠处理,affecting management of pregnancy,O36.1,0.9703201055526733,,,,,
149,2,不平衡-见失衡,Imbalance,,0.9992850422859192,,,,,
149,2,不恰当的饮食或进食习惯,Inappropriate diet or eating habits,Z72.4,0.9890722036361694,,,,,
149,2,不全 - 另见情况,Incomplete - see also condition,,0.9217637181282043,,,,,
149,3,肠旋转,"rotation, intestine",Q43.3,0.9925881624221802,,,,,
149,3,扩张，肺(新生儿)NEC,"expansion, lungs (newborn) NEC",P28.1,0.9710564017295837,,,,,
149,2,不全骨折，弗赖伯格(跖骨头),"Infraction, Freiberg's (metatarsal head)",M92.7,0.9895867705345154,,,,,
149,2,不全性红细胞发生,Erythrogenesis imperfecta,D61.0,0.9999640583992004,,,,,
149,2,不生育 - 现译名 不孕症,Infertility,,0.9575115442276001,,,,,
149,2,不适,"Bad, Upset",,0.9979575872421265,,,,,
149,3,肠(大)(小),intestinal (large) (small),K59.9,0.9936150312423706,,,,,
149,4,心因性,psychogenic,F45.3,0.985983669757843,,,,,
149,3,感觉(药物所致)-见F11-F19伴有第四位数.0,trip - see F11-F19 with fourth character .0,,0.9905800223350525,,,,,
149,3,精神,mental,F48.9,0.9685536623001099,,,,,
149,3,胃,stomach,K30,0.9809173941612244,,,,,
149,4,心因性,psychogenic,F45.3,0.9704946279525757,,,,,
150,3,胃肠,gastrointestinal,K30,0.9935974478721619,,,,,
150,4,心因性,psychogenic,F45.3,0.9655510783195496,,,,,
150,3,心脏-见病，心脏,"heart - see Disease, heart",,0.9675185084342957,,,,,
150,2,不随意运动，异常的,"Involuntary movement, abnormal",R25.8,0.9834108352661133,,,,,
150,2,不通(先天性)-另见闭锁,Imperforate (congenital) - see also Atresia,,0.9941591024398804,,,,,
150,3,处女膜,hymen,Q52.3,0.9505176544189453,,,,,
150,3,肛门,anus,Q42.3,0.9584615230560303,,,,,
150,4,伴有瘘,with fistula,Q42.2,0.9091014862060547,,,,,
150,3,宫颈,cervix (uteri),Q51.8,0.9731853008270264,,,,,
150,3,空肠,jejunum,Q41.1,0.9853864908218384,,,,,
150,3,尿道,urethra,Q64.3,0.9627236127853394,,,,,
150,3,食管,esophagus,Q39.0,0.9922590255737305,,,,,
150,4,伴有气管食管瘘,with tracheoesophageal fistula,Q39.1,0.9758920073509216,,,,,
150,3,咽,pharynx,Q38.8,0.9949760437011719,,,,,
150,3,阴道,vagina,Q52.4,0.9831051230430603,,,,,
150,3,直肠,rectum,Q42.1,0.9836398363113403,,,,,
150,4,伴有瘘,with fistula,Q42.0,0.969495952129364,,,,,
150,2,不通气，输卵管,"Noninsufflation, fallopian tube",N97.1,0.9881889820098877,,,,,
150,2,不完全,Imperfect,,0.9771974086761475,,,,,
150,3,闭合(先天性),closure (congenital),,0.9957323670387268,,,,,
150,4,鼻,nose,Q30.2,0.9344048500061035,,,,,
150,4,鼻中隔,nasal septum,Q30.3,0.9722190499305725,,,,,
150,4,唇(另见裂，唇),"lip (see also Cleft, lip)",Q36.9,0.9751219153404236,,,,,
150,4,导管,ductus,,0.7653122544288635,,,,,
150,5,博塔洛[动脉导管],Botalli,Q25.0,0.9793259501457214,,,,,
150,5,动脉,arteriosus,Q25.0,0.9493276476860046,,,,,
150,4,腭(另见裂，腭),"palate (see also Cleft, palate)",Q35.9,0.9734936356544495,,,,,
150,4,耳鼓(引起听觉障碍),ear drum (causing impairment of hearing),Q16.4,0.9832234382629395,,,,,
150,4,耳前窦,preauricular sinus,Q18.1,0.9826726913452148,,,,,
150,4,房室孔,atrioventricular ostium,Q21.2,0.9127861261367798,,,,,
150,4,鼓膜(引起听觉障碍),tympanic membrane (causing impairment of hearing),Q16.4,0.9793679714202881,,,,,
150,4,喉,larynx,Q31.8,0.9019275903701782,,,,,
150,4,环状软骨,cricoid cartilage,Q31.8,0.9869873523712158,,,,,
150,4,脊柱(伴有脑膜膨出)(另见脊柱裂),spine (with meningocele) (see also Spina bifida),Q05.9,0.9665663838386536,,,,,
150,4,间隔,septum,,0.8713199496269226,,,,,
150,5,房,"atrial, interatrial, interauricular",Q21.1,0.9076830744743347,,,,,
150,5,室，心室,"interventricular, ventricular",Q21.0,0.9300562143325806,,,,,
150,6,法洛[法乐]四联症,in tetralogy of Fallot,Q21.3,0.9538547396659851,,,,,
150,5,心,heart,Q21.9,0.8864205479621887,,,,,
150,5,主动脉肺动脉,aortopulmonary,Q21.4,0.9571753740310669,,,,,
150,5,主动脉和肺动脉之间,between aorta and pulmonary artery,Q21.4,0.9925129413604736,,,,,
