image_page,level,chinese,english,code,confidence,malignant_primary,malignant_secondary,in_situ,benign,uncertain_or_unspecified
701,2,囊肿,Cyst,,,,,,,
701,3,注：一般来讲，囊肿不是肿瘤性的，它们或被分类到特指条目，或被分类到特定解剖部位之疾病的适当类目。这一概念不适用于那些具有肿瘤性质的囊肿，如：皮样囊肿，也不适用于某些结构的囊肿，如：鳃裂，它们被分类到发育异常。下表包括一些最常报告的囊肿部位以及指明囊肿类型的修饰词。这些修饰词在解剖部位下通常不再重复列出。由于为某部位所指定的编码可能随囊肿的类型而改变，因此编码员在考虑部位前，应先参阅列在囊肿特指类型下面的表。,"Note: In general, cysts are not neoplastic and are classified either as specific entities or to the appropriate category for disease of the specified anatomical site. This generalization does not apply to certain types of cysts which are neoplastic in nature, for example dermoid, or to cysts of certain structures, for example branchial cleft, which are classified as developmental anomalies. The following listing includes some of the most frequently reported sites of cysts as well as qualifiers that indicate the type of cyst. The qualifiers are not usually repeated under the anatomical sites. Since the code assignment for a given site may vary depending on the type of cyst, the coder should refer to the listings",,0.9903562664985657,,,,,
701,3,癌性(M8010/3)-见肿瘤，恶性,"carcinomatous (M8010/3) - see Neoplasm, malignant",,0.973151683807373,,,,,
701,3,半月板，膝,"meniscus, knee",M23.0,0.9796333312988281,,,,,
701,3,半月软骨(膝)(多发性),semilunar cartilage (knee) (multiple),M23.0,0.9856104254722595,,,,,
701,3,包含体(表皮)(表皮样)(上皮性)(鳞状),inclusion (epidermal) (epidermoid) (epithelial) (squamous),L72.0,0.991619884967804,,,,,
701,4,非属皮肤的-见囊肿，按部位,"not of skin - see Cyst, by site",,0.9762747287750244,,,,,
701,3,包皮,prepuce,N48.8,0.9830520749092102,,,,,
701,4,先天性,congenital,Q55.6,0.9349687695503235,,,,,
701,3,贝克[腘窝滑囊囊肿],Baker's,M71.2,0.9811468124389648,,,,,
701,4,结核性,tuberculous,A18.0+ M01.1*,0.9898934364318848,,,,,
701,4,破裂,ruptured,M66.0,0.9523400068283081,,,,,
701,3,鼻(甲),nose (turbinates),J34.1,0.9793804287910461,,,,,
701,4,窦,sinus,J34.1,0.8997887969017029,,,,,
701,3,鼻齿槽,nasoalveolar,K09.8,0.9815272092819214,,,,,
701,3,鼻唇,nasolabial,K09.8,0.9296460151672363,,,,,
701,3,鼻窦(旁窦),sinus (accessory)(nasal),J34.1,0.9577023386955261,,,,,
701,3,鼻腭(管),nasopalatine (duct),K09.1,0.9384790658950806,,,,,
701,3,鼻甲,turbinate (nose),J34.1,0.9828643798828125,,,,,
701,3,鼻咽,nasopharynx,J39.2,0.9856608510017395,,,,,
701,3,扁桃体,tonsil,J35.8,0.9784969091415405,,,,,
701,3,表皮，表皮样(包含体)(另见囊肿，皮肤),"epidermal, epidermoid (inclusion) (see also Cyst, skin)",L72.0,0.990520179271698,,,,,
701,4,口腔，口腔软组织,"mouth, oral soft tissue",K09.8,0.9554465413093567,,,,,
701,3,玻璃体,vitreous body,H43.8,0.9427254796028137,,,,,
701,3,残余(牙根),residual (radicular),K04.8,0.9870629906654358,,,,,
701,3,藏毛(感染的)(直肠),pilonidal (infected) (rectum),L05.9,0.9729939699172974,,,,,
701,4,伴有脓肿,with abscess,L05.0,0.9590435028076172,,,,,
701,4,恶性(M9084/3),malignant (M9084/3),C44.5,0.9779056310653687,,,,,
701,3,肠(大)(小),intestine (large) (small),K63.8,0.9716287851333618,,,,,
702,3,肠系膜,"mesentery, mesenteric",K66.8,0.9573618173599243,,,,,
702,4,乳糜,chyle,I89.8,0.9660860300064087,,,,,
702,3,肠源性,enterogenous,Q43.8,0.9662805795669556,,,,,
702,3,出牙,eruption,K09.0,0.9557681679725647,,,,,
702,3,处女膜,hymen,N89.8,0.9504917860031128,,,,,
702,4,胚胎性,embryonic,Q52.4,0.9038745760917664,,,,,
702,3,垂体(管)(腺)(复发性),"hypophysis, hypophyseal, pituitary (duct) (gland) (recurrent)",E23.6,0.9820082187652588,,,,,
702,4,脑,cerebri,E23.6,0.9064066410064697,,,,,
702,3,唇(腺),lip (gland),K13.0,0.9669097065925598,,,,,
702,3,大脑-见囊肿，脑,"cerebral - see Cyst, brain",,0.9888549447059631,,,,,
702,3,丹迪-沃克,Dandy-Walker,Q03.1,0.9819335341453552,,,,,
702,3,单一性,solitary,,0.9602616429328918,,,,,
702,4,骨,bone,M85.4,0.9382806420326233,,,,,
702,4,颌,jaw,K09.2,0.9599352478981018,,,,,
702,3,胆囊，胆囊管,"gallbladder, cystic duct",K82.8,0.9732468128204346,,,,,
702,3,胆总管(肝总管),bile duct (common) (hepatic),K83.5,0.9920522570610046,,,,,
702,3,胆总管[胆总管囊性扩张]，先天性,"choledochus, congenital",Q44.4,0.9949724078178406,,,,,
702,3,蝶鞍内,intrasellar,E23.6,0.9663841128349304,,,,,
702,3,蝶鞍上-见囊肿，脑,"suprasellar - see Cyst, brain",,0.9875237345695496,,,,,
702,3,蝶窦,sphenoid sinus,J34.1,0.9870869517326355,,,,,
702,3,窦,antrum,J34.1,0.9882474541664124,,,,,
702,3,多房(卵巢)(M8000/1),multilocular (ovary) (M8000/1),D39.1,0.9645445346832275,,,,,
702,4,良性(M8000/0)-见肿瘤，良性,"benign (M8000/0) - see Neoplasm, benign",,0.9767420887947083,,,,,
702,3,额窦,frontal sinus,J34.1,0.9970825910568237,,,,,
702,3,恶性(M8000/3)-见肿瘤，恶性,"malignant (M8000/3) - see Neoplasm, malignant",,0.9750058054924011,,,,,
702,3,腭(裂)(正中),palate (fissural) (median),K09.1,0.9806074500083923,,,,,
702,3,腭乳头(颌),palatine papilla (jaw),K09.1,0.9891340732574463,,,,,
702,3,耳(外),ear (external),Q18.1,0.9873331785202026,,,,,
702,3,耳屏前,pretragal,Q18.1,0.9881712794303894,,,,,
702,3,耳前,preauricular,Q18.1,0.9784961938858032,,,,,
702,3,发育性,developmental,K09.1,0.992763340473175,,,,,
702,4,口腔(非牙源性),oral region (nonodontogenic),K09.1,0.9845742583274841,,,,,
702,4,卵巢,"ovary, ovarian",Q50.1,0.9541348218917847,,,,,
702,4,牙源性,odontogenic,K09.0,0.9545754790306091,,,,,
702,3,肺,lung,J98.4,0.9725576043128967,,,,,
702,4,大泡性,giant bullous,J43.9,0.973108172416687,,,,,
702,4,先天性,congenital,Q33.0,0.9241086840629578,,,,,
702,3,附睾,epididymis,N50.8,0.9706443548202515,,,,,
702,3,副中肾管,paramesonephric duct,,0.9873235821723938,,,,,
702,4,男性,male,Q55.2,0.9388530254364014,,,,,
702,4,女性,female,Q50.4,0.9196068644523621,,,,,
703,3,腹膜,peritoneum,K66.8,0.9970779418945312,,,,,
703,4,乳糜性,chylous,I89.8,0.9814056158065796,,,,,
703,3,腹膜后,retroperitoneal,K66.8,0.9726744890213013,,,,,
703,3,钙化性牙源性(M9301/0),calcifyingodontogenic (M9301/0),D16.5,0.9822708368301392,,,,,
703,4,上颌(骨),— upper jaw (bone),D16.4,0.9308046698570251,,,,,
703,3,肝,liver,K76.8,0.9785259366035461,,,,,
703,4,棘球蚴囊,hydatid,B67.8+ K77.0*,0.9693616628646851,,,,,
703,5,多房,multilocularis,B67.5+ K77.0*,0.9481223821640015,,,,,
703,5,细粒,granulosus,B67.0+ K77.0*,0.9479507803916931,,,,,
703,4,先天性,congenital,Q44.7,0.8855164051055908,,,,,
703,3,肛门,anus,K62.8,0.978572428226471,,,,,
703,3,睾丸,testis,N50.8,0.9404563903808594,,,,,
703,3,格拉夫卵泡(出血性),graafian follicle (hemorrhagic),N83.0,0.995891273021698,,,,,
703,3,根侧牙周,lateral periodontal,K09.0,0.9890953898429871,,,,,
703,3,根尖(牙)(牙周),"apical, periapical (tooth) (periodontal)",K04.8,0.9810185432434082,,,,,
703,3,宫颈 NEC,cervix NEC,N88.8,0.9517014026641846,,,,,
703,4,纳博特,nabothian,N88.8,0.9742140173912048,,,,,
703,4,胚胎性,embryonic,Q51.6,0.9792373776435852,,,,,
703,3,巩膜,sclera,H15.8,0.9579567313194275,,,,,
703,3,骨(局部)NEC,bone (local) NEC,M85.6,0.9835705757141113,,,,,
703,4,单一性,solitary,M85.4,0.9487255215644836,,,,,
703,4,动脉瘤性,aneurysmal,M85.5,0.9919353127479553,,,,,
703,4,颌,jaw,K09.2,0.9579381942749023,,,,,
703,5,发育性(非牙源性).,developmental (nonodontogenic),K09.1,0.9858594536781311,,,,,
703,6,牙源性,odontogenic,K09.0,0.9830308556556702,,,,,
703,5,潜伏性,latent,K10.0,0.9404695630073547,,,,,
703,3,骨盆，女性,"pelvis, female",N94.8,0.9587011933326721,,,,,
703,4,在妊娠或分娩中,in pregnancy or childbirth,O34.8,0.9780333638191223,,,,,
703,5,引起梗阻性分娩,causing obstructed labor,O65.5,0.9862819314002991,,,,,
703,3,关节 NEC,joint NEC,M25.8,0.9582644701004028,,,,,
703,3,腘,popliteal,M71.2,0.9142308831214905,,,,,
703,4,破裂,ruptured,M66.0,0.9797557592391968,,,,,
703,3,含气，肺,"air, lung",J98.4,0.9821907877922058,,,,,
703,3,含牙(下颌骨)(上颌骨),dentigerous (mandible) (maxilla),K09.0,0.9785051345825195,,,,,
703,3,汗腺或汗管,sweat gland or duct,L74.8,0.998646080493927,,,,,
703,3,颌(骨)(动脉瘤性)(出血性)(创伤性),jaw (bone) (aneurysmal) (hemorrhagic) (traumatic),K09.2,0.9824857115745544,,,,,
703,4,发育性(牙源性),developmental (odontogenic),K09.0,0.993499219417572,,,,,
703,3,虹膜(渗出性)(植入性)(寄生虫性),iris (exudative) (implantation) (parasitic),H21.3,0.9755647778511047,,,,,
703,3,喉,larynx,J38.7,0.9801680445671082,,,,,
703,3,滑膜,synovial,M71.3,0.9958255290985107,,,,,
703,4,破裂,ruptured,M66.1,0.9682446718215942,,,,,
704,3,滑囊，粘液囊NEC,"bursa, bursal NEC",M71.3,0.9853600859642029,,,,,
704,4,咽,pharyngeal,J39.2,0.9323033094406128,,,,,
704,3,黄斑,macula,H35.3,0.9675416946411133,,,,,
704,3,黄体素,lutein,N83.1,0.9654354453086853,,,,,
704,3,会厌，会厌谷,"epiglottis, vallecula, vallecular (epiglottis)",J38.7,0.9904190897941589,,,,,
704,3,棘球性(另见棘球蚴),echinococcal (see also Echinococcus),B67.9,0.9882712364196777,,,,,
704,3,棘球蚴囊(另见棘球蚴),hydatid (see also Echinococcus),B67.9,0.9808191657066345,,,,,
704,4,肺NEC,lung NEC,B67.9+ J99.8*,0.9307863116264343,,,,,
704,4,肝(另见囊肿，肝，棘球蚴囊),"liver (see also Cyst, liver, hydatid)",B67.8+ K77.0*,0.9579690098762512,,,,,
704,3,特指部位NEC,specified site NEC,B67.9,0.9735422134399414,,,,,
704,3,脊膜,spinal meninges,G96.1,0.995385468006134,,,,,
704,3,寄生虫性,parasitic,B89,0.9635676145553589,,,,,
704,3,加特纳管[卵巢冠纵管],Gartner's duct,Q50.5,0.9790847301483154,,,,,
704,3,颊侧,buccal,K09.8,0.9530773162841797,,,,,
704,3,甲状(腺),thyroid (gland),E04.1,0.9566553235054016,,,,,
704,3,甲状旁(腺),parathyroid (gland),E21.4,0.9757486581802368,,,,,
704,3,甲状舌管(感染的)(永存),thyroglossal duct (infected) (persistent),Q89.2,0.992028534412384,,,,,
704,3,假粘液性(卵巢)(M8470/0),pseudomucinous (ovary) (M8470/0),D27,0.9638780951499939,,,,,
704,3,睑板腺,tarsal,H00.1,0.9705100655555725,,,,,
704,3,腱(鞘),tendon (sheath),M67.8,0.969779908657074,,,,,
704,3,腱鞘,ganglion,M67.4,0.9440240859985352,,,,,
704,3,角膜,cornea,H18.8,0.9642837047576904,,,,,
704,3,结肠,colon,K63.8,0.9476406574249268,,,,,
704,3,结膜,conjunctiva,H11.4,0.9508689045906067,,,,,
704,3,睫状体(渗出性)(植入性)(寄生虫性),ciliary body (exudative) (implantation) (parasitic),H21.3,0.9854516386985779,,,,,
704,3,近中的，面部和颈部,"medial, face and neck",Q18.8,0.9924992918968201,,,,,
704,3,晶状体,lens,H27.8,0.9719992280006409,,,,,
704,4,先天性,congenital,Q12.8,0.9515191316604614,,,,,
704,3,精囊,seminal vesicle,N50.8,0.979149580001831,,,,,
704,3,精索,spermatic cord,N50.8,0.9792299866676331,,,,,
704,3,颈外侧,cervical lateral,Q18.1,0.9748630523681641,,,,,
704,3,锯状缘,ora serrata,H33.1,0.9785485863685608,,,,,
704,3,考珀腺[尿道球腺](良性)(感染的),Cowper's gland (benign) (infected),N36.8,0.980442225933075,,,,,
704,3,口腔,"mouth, oral",K09.8,0.9844465255737305,,,,,
704,4,区,region,K09.9,0.8903317451477051,,,,,
704,5,发育性(非牙源性),developmental (nonodontogenic),K09.1,0.9883115887641907,,,,,
704,5,特指的 NEC,specified NEC,K09.8,0.9558961987495422,,,,,
704,4,软组织,soft tissue,K09.9,0.9946454763412476,,,,,
704,5,特指的NEC,specified NEC,K09.8,0.9845272302627563,,,,,
704,3,眶,orbit,H05.8,0.9450073838233948,,,,,
704,3,阔韧带(良性),broad ligament (benign),N83.8,0.9838616251945496,,,,,
704,3,拉特克囊,Rathke's pouch,E23.6,0.9960802793502808,,,,,
705,3,蓝顶(乳房),blue dome (breast),N60.0,0.9876870512962341,,,,,
705,3,阑尾,appendix,K38.8,0.9753261208534241,,,,,
705,3,泪,lacrimal,H04.8,0.9770304560661316,,,,,
705,4,道或囊,passages or sac,H04.6,0.9607676863670349,,,,,
705,4,腺,gland,H04.1,0.9194869995117188,,,,,
705,3,粒层黄体素细胞(出血性),granulosal lutein (hemorrhagic),N83.1,0.9836986064910889,,,,,
705,3,淋巴管瘤(M9173/0),lymphangiomatous (M9173/0),D18.1,0.9755597114562988,,,,,
705,3,淋巴上皮，口腔软组织,"lymphoepithelial, oral soft tissue",K09.8,0.9910930395126343,,,,,
705,3,颅颊囊，颅咽囊,"craniobuccal pouch, craniopharyngeal pouch",E23.6,0.9892309308052063,,,,,
705,3,颅脑膜,cranial meninges,G93.0,0.9954414367675781,,,,,
705,3,颅内-见囊肿，脑,"intracranial - see Cyst, brain",,0.9973242878913879,,,,,
705,3,滤泡(闭锁)(出血性)(卵巢),follicular (atretic) (hemorrhagic) (ovarian),N83.0,0.9724960327148438,,,,,
705,4,牙源性,odontogenic,K09.0,0.9716032147407532,,,,,
705,3,卵巢(扭转)NEC,"ovary, ovarian (twisted) NEC",N83.2,0.9670590758323669,,,,,
705,4,出血性,hemorrhagic,N83.2,0.9095312356948853,,,,,
705,4,多房性(M8000/1),multilocular (M8000/1),D39.1,0.9900843501091003,,,,,
705,4,发育性,developmental,Q50.1,0.9738565683364868,,,,,
705,4,假粘液性(M8470/0),pseudomucinous (M8470/0),D27,0.9679508209228516,,,,,
705,4,浆液性,serous,N83.2,0.9775822162628174,,,,,
705,4,结核性,tuberculous,A18.1+ N74.1*,0.9891659021377563,,,,,
705,4,滤泡性(格拉夫)(出血性),follicular (graafian) (hemorrhagic),N83.0,0.9782611131668091,,,,,
705,4,泡膜黄体(出血性),theca lutein (hemorrhagic),N83.1,0.981040358543396,,,,,
705,4,皮样(M9084/0),dermoid (M9084/0),D27,0.9777278900146484,,,,,
705,4,巧克力,chocolate,N80.1,0.9601479172706604,,,,,
705,4,体,corpus,,0.8061668276786804,,,,,
705,5,白,albicans,N83.2,0.941399872303009,,,,,
705,5,黄(出血性),luteum (hemorrhagic),N83.1,0.9426029324531555,,,,,
705,4,由于衰竭或退化 NEC,due to failure or involution NEC,N83.2,0.971599280834198,,,,,
705,4,在妊娠或分娩中,in pregnancy or childbirth,O34.8,0.9905773401260376,,,,,
705,5,伴有梗阻性分娩,with obstructed labor,O65.5,0.9895302653312683,,,,,
705,4,粘连性,adherent,N83.2,0.9511716365814209,,,,,
705,4,潴留,retention,N83.2,0.9884690046310425,,,,,
705,3,卵巢冠,epoophoron,Q50.5,0.986089825630188,,,,,
705,3,卵巢旁，卵巢旁体,"parovarian, paroophoron",Q50.5,0.9928786158561707,,,,,
705,3,卵泡(格拉夫)(出血性),follicle (graafian) (hemorrhagic),N83.0,0.9740230441093445,,,,,
705,4,纳博特,nabothian .,N88.8,0.9665011167526245,,,,,
705,3,马尾,cauda equina,G95.8,0.9059975147247314,,,,,
705,3,迈博姆(腺)[睑板腺],meibomian (gland),H00.1,0.979779064655304,,,,,
705,4,感染的,infected,H00.0,0.9910514950752258,,,,,
705,3,脉络丛,choroid plexus,G93.0,0.9416705965995789,,,,,
705,3,毛发,"pilar, trichilemmal",L72.1,0.9631840586662292,,,,,
706,3,毛囊,follicular,,0.9690984487533569,,,,,
706,4,皮肤,skin,L72.9,0.9533095359802246,,,,,
706,5,特指的 NEC,specified NEC,L72.8,0.913345992565155,,,,,
706,3,米勒管[苗勒管],muellerian duct,Q50.4,0.9876598119735718,,,,,
706,3,莫尔加尼(囊状附件),Morgagni (hydatid),,0.9890224933624268,,,,,
706,4,男性(附睾),male (epididymal),Q55.4,0.9739589095115662,,,,,
706,5,睾丸,testicular,Q55.2,0.9292093515396118,,,,,
706,4,女性,female,Q50.5,0.9085627794265747,,,,,
706,3,莫尔腺,gland of Moll,H02.8,0.982837975025177,,,,,
706,3,木霉,trichodermal,L72.1,0.9924398064613342,,,,,
706,3,纳博特(卵泡)[颈淋巴结囊肿](破裂),nabothian (follicle) (ruptured),N88.8,0.971208393573761,,,,,
706,3,囊尾蚴(另见猪囊尾蚴病[囊虫病]),cysticercus (see also Cysticercosis),B69.9,0.9855735301971436,,,,,
706,3,囊状附件(另见棘球蚴),hydatid (see also Echinococcus),B67.9,0.980107843875885,,,,,
706,4,莫尔加尼,Morgagni,,0.9202946424484253,,,,,
706,4,男性(附睾),male (epididymal),Q55.4,0.9620181322097778,,,,,
706,5,睾丸,testicular,Q55.2,0.9580593705177307,,,,,
706,4,女性,female,Q50.5,0.958970844745636,,,,,
706,3,脑(后天性),brain (acquired),G93.0,0.9910460710525513,,,,,
706,4,第三脑室(胶样)，先天性,"third ventricle (colloid), congenital",Q04.6,0.9710839986801147,,,,,
706,4,棘球蚴囊(另见棘球蚴),hydatid (see also Echinococcus),B67.9+ G94.8*,0.9781131744384766,,,,,
706,4,先天性,congenital,Q04.6,0.9673447608947754,,,,,
706,3,脑穿通性,porencephalic,Q04.6,0.9814494252204895,,,,,
706,4,后天性,acquired,G93.0,0.9647756814956665,,,,,
706,3,脑膜(大脑),"meninges (cerebral)/membrane, brain",G93.0,0.9903135895729065,,,,,
706,4,脊,spinal,G96.1,0.9523910284042358,,,,,
706,4,脑室周，后天性，新生儿,"periventricular, acquired, newborn",P91.1,0.9959900379180908,,,,,
706,3,尿道(腺),"urethra, urethral (gland)",N36.8,0.991376519203186,,,,,
706,3,尿道旁管，尿道旁腺,"paraurethral duct, Skene's gland",N36.8,0.9958018660545349,,,,,
706,3,尿道球腺,bulbourethral gland,N36.8,0.9824956059455872,,,,,
706,3,尿道下,suburethral,N36.8,0.9878374934196472,,,,,
706,3,努克管(女性),canal of Nuck (female),N94.8,0.9825443029403687,,,,,
706,4,先天性,congenital,Q52.4,0.9698469042778015,,,,,
706,3,女性外生殖器NEC,external female genital organs NEC,N90.7,0.9871200919151306,,,,,
706,3,旁突体，脑，先天性,"paraphysis, cerebri, congenital",Q04.6,0.9839372038841248,,,,,
706,3,膀胱(多发性)(口)(三角区).,"bladder, vesical (multiple) (orifice) (trigone)",N32.8,0.9710366129875183,,,,,
706,3,胚胎性，输卵管,"embryonic, fallopian tube",Q50.4,0.9921926259994507,,,,,
706,3,皮肤,skin,L72.9,0.9972453713417053,,,,,
706,4,包涵体,inclusion,L72.0,0.9554047584533691,,,,,
706,4,表皮，表皮样,"epidermal, epidermoid",L72.0,0.9745003581047058,,,,,
706,4,汗腺或汗管,sweat gland or duct,L74.8,0.9512633681297302,,,,,
706,4,皮脂腺,sebaceous,L72.1,0.9731242060661316,,,,,
706,4,乳房,breast,N60.8,0.9876143932342529,,,,,
707,4,上皮性，表皮样,"epidermal, epidermoid",L72.0,0.9521809816360474,,,,,
707,4,上皮样,epithelial,L72.0,0.9310708045959473,,,,,
707,4,生殖器官NEC,genital organ NEC,,0.9163579940795898,,,,,
707,5,男性,male,N50.8,0.9306520223617554,,,,,
707,5,女性,female,N90.7,0.9577549695968628,,,,,
707,4,眼睑,eyelid,H02.8,0.9535272121429443,,,,,
707,4,阴囊,scrotum,L72.9,0.904718279838562,,,,,
707,3,皮下，棕色真菌病(着色真菌病),"subcutaneous, pheomycotic (chromomycotic)",B43.2+ L99.8*,0.9753126502037048,,,,,
707,3,皮样(M9084/0)-另见肿瘤，良性,"dermoid (M9084/0) - see also Neoplasm, benign",,0.97979336977005,,,,,
707,4,伴有恶性变(M9084/3),with malignant transformation (M9084/3),C56,0.9894306659698486,,,,,
707,4,口腔,mouth,K09.8,0.9094269871711731,,,,,
707,4,口腔软组织,oral soft tissue,K09.8,0.9727017283439636,,,,,
707,4,植入性,implantation,,0.8334081768989563,,,,,
707,5,表皮(皮肤)NEC,external area or site (skin) NEC,L72.0,0.963033139705658,,,,,
707,5,虹膜,iris,H21.3,0.9347805380821228,,,,,
707,5,外阴,vulva,N90.7,0.9656273722648621,,,,,
707,5,阴道,vagina,N89.8,0.9829701781272888,,,,,
707,3,皮脂腺(管)(腺),sebaceous (duct) (gland),L72.1,0.9561030268669128,,,,,
707,4,乳房,breast,N60.8,0.9522213339805603,,,,,
707,4,生殖器官NEC,genital organ NEC,,0.9543076753616333,,,,,
707,5,男性,male,N50.8,0.9255370497703552,,,,,
707,5,女性,female,N94.8,0.9610639810562134,,,,,
707,4,眼睑,eyelid,H02.8,0.9687875509262085,,,,,
707,4,阴囊,scrotum,L72.1,0.9618732333183289,,,,,
707,3,脾NEC,spleen NEC,D73.4,0.9778351187705994,,,,,
707,4,棘球蚴囊(另见棘球蚴),hydatid (see also Echinococcus),B67.9+ D77*,0.9870723485946655,,,,,
707,3,脐尿管，先天性,"urachus, congenital",Q64.4,0.994655191898346,,,,,
707,3,前房(眼)(渗出性)(植入性)(寄生虫性),anterior chamber (eye) (exudative) (implantation) (parasitic),H21.3,0.9855997562408447,,,,,
707,3,前列腺,prostate,N42.8,0.9472877383232117,,,,,
707,3,前庭大腺,Bartholin's gland,N75.0,0.9663922786712646,,,,,
707,3,巧克力(卵巢),chocolate (ovary),N80.1,0.9663435816764832,,,,,
707,3,鞘膜,tunica vaginalis,N50.8,0.9680885076522827,,,,,
707,3,切牙管,incisive canal,K09.1,0.9642875790596008,,,,,
707,3,球颌突,globulomaxillary,K09.1,0.9351757168769836,,,,,
707,3,·一韧带内,intraligamentous,M24.2,0.9623807072639465,,,,,
707,4,膝,knee,M23.8,0.915776252746582,,,,,
707,3,绒毛膜,chorion,O41.8,0.9760746359825134,,,,,
707,3,乳房(良性)(蓝顶)(有蒂的),breast (benign) (blue dome) (pedunculated),N60.0,0.9754608273506165,,,,,
707,4,皮脂腺,sebaceous,N60.8,0.9771981239318848,,,,,
707,4,退化,involution,N60.8,0.9973644614219666,,,,,
708,3,乳头,nipple,N60.0,0.968314528465271,,,,,
708,3,乳突切除术后空腔(粘膜),postmastoidectomy cavity (mucosal),H95.1,0.9902569651603699,,,,,
708,3,"乳腺-见囊肿,乳房","mammary gland - see Cyst, breast",,0.9545470476150513,,,,,
708,3,乳汁,milk,N64.8,0.9471741318702698,,,,,
708,3,腮腺,parotid gland,K11.6,0.9930950403213501,,,,,
708,3,鳃(裂),branchial (cleft),Q18.0,0.9565629959106445,,,,,
708,3,鳃源性,branchiogenic,Q18.0,0.985107421875,,,,,
708,3,(输卵管)散(扭转),fimbrial (twisted),Q50.4,0.991196870803833,,,,,
708,3,桑普森[巧克力囊肿],Sampson's,N80.1,0.9955892562866211,,,,,
708,3,筛窦,ethmoid sinus,J34.1,0.966374397277832,,,,,
708,3,上颌骨,maxilla,K09.2,0.9287086725234985,,,,,
708,4,含牙,dentigerous,K09.0,0.9529229402542114,,,,,
708,4,牙根,radicular,K04.8,0.9523282051086426,,,,,
708,3,上皮性(包含体),epithelial (inclusion),L72.0,0.996911346912384,,,,,
708,3,杓状软骨,arytenoid,J38.7,0.9868947267532349,,,,,
708,3,舌,tongue,K14.8,0.9385724663734436,,,,,
708,3,舌下腺,sublingual gland,K11.6,0.9980139136314392,,,,,
708,3,神经管原肠(先天性),neuroenteric (congenital),Q06.8,0.9768052697181702,,,,,
708,3,神经系统NEC,nervous system NEC,G96.8,0.9707041382789612,,,,,
708,3,肾(后天性),"renal, kedney (acquired)",N28.1,0.9642195105552673,,,,,
708,4,多处[多囊肾],multiple,Q61.3,0.9638303518295288,,,,,
708,5,常染色体显性(成人型),autosomal dominant (adult type),Q61.2,0.9590760469436646,,,,,
708,5,常染色体隐性(婴儿型),autosomal recessive (infantile type),Q61.1,0.9846640229225159,,,,,
708,4,先天性,congenital,Q61.0,0.9452077746391296,,,,,
708,3,肾上腺,"adrenal gland, suprarenal gland",E27.8,0.9932096600532532,,,,,
708,4,先天性,congenital,Q89.1,0.9181534647941589,,,,,
708,5,后天性,acquired,N28.1,0.9626274108886719,,,,,
708,4,多发性,multiple,Q61.3,0.9765575528144836,,,,,
708,4,成人型,adult type,Q61.2,0.9695008993148804,,,,,
708,4,婴儿型,infantile type,Q61.1,0.9657130837440491,,,,,
708,3,肾盂源性(另见肾积水),pyelogenic (see also Hydronephrosis),N13.3,0.9746525883674622,,,,,
708,3,肾盏(另见 肾积水),calyceal (see also Hydronephrosis),N13.3,0.9701396822929382,,,,,
708,3,食管,esophagus,K22.8,0.9797123670578003,,,,,
708,3,视交叉NEC,chiasmal optic NEC,H47.4,0.9834318161010742,,,,,
708,3,视网膜(寄生虫性),retina (parasitic),H33.1,0.9717946648597717,,,,,
708,3,输卵管,"fallopian tube, oviduct, tubal (fallopian)",N83.8,0.9897412061691284,,,,,
708,4,炎性,inflammatory,N70.1,0.9048808813095093,,,,,
708,3,输卵管旁,paratubal,N83.8,0.9974563717842102,,,,,
708,3,输尿管,ureter,N28.8,0.9559904932975769,,,,,
708,3,输尿管膀胱口,ureterovesical orifice,N28.8,0.9777672290802002,,,,,
708,3,斯塔夫尼,Stafne's,K10.0,0.9942983388900757,,,,,
708,3,四迭体,corpora quadrigemina,G93.0,0.9778081178665161,,,,,
709,3,松果体,epiphysis cerebri,E34.8,0.9529440999031067,,,,,
709,3,胎盘(羊膜),placenta (amniotic),O43.1,0.9735231995582581,,,,,
709,3,泰森腺,Tyson's gland,N48.8,0.9574567675590515,,,,,
709,3,体,corpus,,0.9377475380897522,,,,,
709,4,白,albicans,N83.2,0.8821481466293335,,,,,
709,4,黄(出血性)(破裂),luteum (hemorrhagic) (ruptured),N83.1,0.9656695127487183,,,,,
709,3,体腔(心包),celomic (pericardium),Q24.8,0.9745887517929077,,,,,
709,3,瞳孔，缩瞳性,"pupillary, miotic",H21.2,0.99566251039505,,,,,
709,3,透明隔腔-见囊肿，脑,"cavum septi pellucidi - see Cyst, brain",,0.9874753952026367,,,,,
709,3,外阴(植入性)(包含体),vulva (implantation) (inclusion),N90.7,0.9844056963920593,,,,,
709,4,皮脂腺,sebaceous gland,N90.7,0.9436344504356384,,,,,
709,4,先天性,congenital,Q52.7,0.9171470403671265,,,,,
709,3,外阴阴道腺,vulvovaginal gland,N90.7,0.991412878036499,,,,,
709,3,网膜(小),omentum (lesser),K66.8,0.9815027117729187,,,,,
709,4,先天性,congenital,Q45.8,0.8956487774848938,,,,,
709,3,沃尔夫,wolffian,,0.9436762928962708,,,,,
709,4,男性,male,Q55.4,0.974432647228241,,,,,
709,4,女性,female,Q50.5,0.997701108455658,,,,,
709,3,下颌骨,mandible,K09.2,0.9534143209457397,,,,,
709,4,含牙,dentigerous,K09.0,0.957659900188446,,,,,
709,3,下颌下腺,submandibular gland,K11.6,0.9680107235908508,,,,,
709,3,先天性NEC,congenital NEC,Q89.8,0.9595127701759338,,,,,
709,4,包皮,prepuce,Q55.6,0.9396042227745056,,,,,
709,4,肝,liver,Q44.7,0.905461847782135,,,,,
709,4,喉,larynx,Q31.8,0.9547343850135803,,,,,
709,4,会厌,epiglottis,Q31.8,0.9499958753585815,,,,,
709,4,卵巢,ovary,Q50.1,0.9864675998687744,,,,,
709,4,尿道周(组织):7,periurethral (tissue),Q64.7,0.9797525405883789,,,,,
709,4,舌,tongue,Q38.3,0.9025616645812988,,,,,
709,4,肾,kidney,Q61.0,0.9671621918678284,,,,,
709,4,食管,esophagus,Q39.8,0.9786732792854309,,,,,
709,4,输卵管,"fallopian tube, oviduct",Q50.4,0.9623713493347168,,,,,
709,4,输尿管膀胱口,ureterovesical orifice,Q62.8,0.9865185022354126,,,,,
709,4,外阴,vulva,Q52.7,0.9593594670295715,,,,,
709,4,涎腺(任何),salivary gland (any),Q38.4,0.9583511352539062,,,,,
709,4,胸(腺),thymus (gland),Q89.2,0.9654085040092468,,,,,
709,4,纵隔,mediastinum,Q34.1,0.9266785383224487,,,,,
709,3,涎腺或涎管(粘液外渗或潴留),salivary gland or duct (mucous extravasation or retention),K11.6,0.9879295229911804,,,,,
709,3,腺样(感染的),adenoid (infected),J35.8,0.9893320202827454,,,,,
709,3,小脑-见囊肿，脑,"cerebellum - see Cyst, brain",,0.9929265975952148,,,,,
709,3,小脑脑桥(角)-见囊肿，脑,"cerebellopontine (angle) - see Cyst, brain",,0.9779307246208191,,,,,
709,3,心包，先天性,"pericardial, congenital",Q24.8,0.9966046810150146,,,,,
710,3,胸(腺),thymus (gland),E32.8,0.9707062244415283,,,,,
710,3,胸膜,pleura,J94.8,0.9857853651046753,,,,,
710,3,血管瘤性(M9120/0),hemangiomatous (M9120/0),D18.0,0.9724718332290649,,,,,
710,3,牙(根),"dental, tooth (root)",K04.8,0.9834704399108887,,,,,
710,4,萌出,eruption,K09.0,0.9708597660064697,,,,,
710,4,原基性,primordial,K09.0,0.9611895084381104,,,,,
710,3,牙根(残余),radicular (residual),K04.8,0.9635906219482422,,,,,
710,3,牙龈,gingiva,K09.0,0.9244849681854248,,,,,
710,3,牙源性，发育性,"odontogenic, developmental",K09.0,0.9885146617889404,,,,,
710,3,牙周,periodontal,K04.8,0.9626696705818176,,,,,
710,4,根侧,lateral,K09.0,0.9497313499450684,,,,,
710,3,咽(壁)[托伦瓦尔特],"pharynx (wall), Thornwaldt's, Tornwaldt's",J39.2,0.989846408367157,,,,,
710,3,咽下部,hypopharynx,J39.2,0.9642414450645447,,,,,
710,3,眼NEC,eye NEC,H57.8,0.9832438826560974,,,,,
710,3,眼睑(皮脂腺),eyelid (sebaceous),H02.8,0.992261528968811,,,,,
710,4,感染的,infected,H00.0,0.9893988370895386,,,,,
710,4,先天性,congenital,Q15.8,0.9585520625114441,,,,,
710,3,羊膜,"amnion, amniotic",O41.8,0.97459876537323,,,,,
710,3,胰腺(出血性)(真),"pancreas, pancreatic (hemorrhagic) (true)",K86.2,0.9947984218597412,,,,,
710,4,假,false,K86.3,0.9282129406929016,,,,,
710,4,先天性,congenital,Q45.2,0.9264301061630249,,,,,
710,3,阴唇(大)(小),labium (majus) (minus),N90.7,0.9708873629570007,,,,,
710,4,皮脂腺,sebaceous,N90.7,0.9795767068862915,,,,,
710,3,阴道(植入性)(包含体)(鳞状细胞)(壁),"vagina, vaginal (implantation) (inclusion) (squamous cell) (wall)",N89.8,0.9853419065475464,,,,,
710,4,胚胎性,embryonic,Q52.4,0.9849764108657837,,,,,
710,3,阴蒂,clitoris,N90.7,0.9888036847114563,,,,,
710,3,阴茎(皮脂腺),penis (sebaceous),N48.8,0.9953556060791016,,,,,
710,3,阴囊,scrotum,L72.9,0.9930505752563477,,,,,
710,4,皮脂腺,sebaceous,L72.1,0.92678302526474,,,,,
710,3,硬膜下(大脑),subdural (cerebral),G93.0,0.9817444682121277,,,,,
710,4,脊髓,spinal cord,G96.1,0.9262925386428833,,,,,
710,3,硬脑脊膜(大脑),dura (cerebral),G93.0,0.9743862152099609,,,,,
710,4,脊柱,spinal,G96.1,0.9831646680831909,,,,,
710,3,原基性(颌),primordial (jaw),K09.0,0.9924556016921997,,,,,
710,3,正中,median,,0.9699821472167969,,,,,
710,4,腭,palatal,K09.1,0.9468651413917542,,,,,
710,4,前上颌,anterior maxillary,K09.1,0.961381733417511,,,,,
710,3,支气管源性(纵隔的)(分离),bronchogenic (mediastinal) (sequestration),J98.4,0.9775608777999878,,,,,
710,4,先天性,congenital,Q33.0,0.9677046537399292,,,,,
710,3,直肠(上皮)(粘液),rectum (epithelium) (mucous),K62.8,0.9805111289024353,,,,,
711,3,植入性(皮样),implantation (dermoid),,0.984039306640625,,,,,
711,4,表皮(皮肤)NEC,external area or site (skin) NEC,L72.0,0.978238582611084,,,,,
711,4,虹膜,iris,H21.3,0.9485532641410828,,,,,
711,4,外阴,vulva,N90.7,0.9122048616409302,,,,,
711,4,阴道,vagina,N89.8,0.9616648554801941,,,,,
711,3,中肾管,mesonephric duct,,0.9874341487884521,,,,,
711,4,男性,male,Q55.2,0.9547369480133057,,,,,
711,4,女性,female,Q50.5,0.9024174213409424,,,,,
711,3,肿瘤性(M8000/1)-另见 肿瘤，动态未定,"neoplastic (M8000/1) - see also Neoplasm, uncertain behavior",,0.9463054537773132,,,,,
711,4,良性(M8000/0)-见肿瘤，良性,"benign (M8000/0) - see Neoplasm, benign",,0.9860714673995972,,,,,
711,3,蛛网膜，脑(后天性),"arachnoid, brain (acquired)",G93.0,0.9873449802398682,,,,,
711,4,先天性,congenital,Q04.6,0.9236899018287659,,,,,
711,3,子宫(体)(复发性),uterus (body) (corpus) (recurrent),N85.8,0.9734686017036438,,,,,
711,4,胚胎性,embryonic,Q51.8,0.9607254862785339,,,,,
711,5,宫颈,cervix,Q51.6,0.9013469815254211,,,,,
711,3,子宫肌层,myometrium,N85.8,0.9651678800582886,,,,,
711,3,子宫内膜,"endometrium, endometrial (uterus)",N85.8,0.9801884889602661,,,,,
711,4,异位(另见子宫内膜异位),ectopic (see also Endometriosis),N80.9,0.9760991930961609,,,,,
711,3,子宫韧带,uterine ligament,N83.8,0.9864967465400696,,,,,
711,3,眦,canthus,H11.4,0.932914137840271,,,,,
711,3,总(胆)管,common (bile) duct,K83.5,0.9655166864395142,,,,,
711,3,纵隔，先天性,"mediastinum, congenital",Q34.1,0.987682580947876,,,,,
711,2,囊周炎，粘连性(肩),"Pericapsulitis, adhesive (shoulder)",M75.0,0.9962396621704102,,,,,
711,2,囊状附件,Hydatid,,0.9998916387557983,,,,,
711,3,莫尔加尼,Morgagni,,0.9512332081794739,,,,,
711,4,男性(附睾),male (epididymal),Q55.4,0.9480732679367065,,,,,
711,5,睾丸,testicular,Q55.2,0.9010993242263794,,,,,
711,4,女性,female,Q50.5,0.8716005682945251,,,,,
711,3,胎块 -见 葡萄胎,mole - see Hydatidiform mole,,0.9139245748519897,,,,,
711,2,囊状淋巴管瘤,Lymphocele,I89.8,0.9574460387229919,,,,,
711,1,náo 蛲,,,0.8507922291755676,,,,,
711,2,烧虫(病)(感染)(侵染),"Enterobiasis, Enterobius vermicularis, Pinworm, Oxyuriasis, Oxyuris vermicularis, Seatworm, Threadworm (disease) (infection) (infestation)",B80,0.941199779510498,,,,,
711,1,nǎo 脑,,,0.9998802542686462,,,,,
711,2,脑 - 另见情况,Brain - see also condition,,0.9251624345779419,,,,,
711,3,综合征-见综合征，脑,"syndrome - see Syndrome, brain",,0.9949000477790833,,,,,
711,2,脑(脊)膜 - 见情况,"Meninges, meningeal - see condition",,0.9587741494178772,,,,,
712,3,良性,"meninges, benign",,0.9999867081642151,,,,,
712,3,成纤维细胞性(M9532/0),fibroblastic (M9532/0),,0.9940097332000732,,,,,
712,3,成血管细胞性(M9535/0),"angioblastic, hemangioblastic (M9535/0)",,0.9948557615280151,,,,,
712,3,多发性(M9530/1)-见 肿瘤，脑脊膜，动态未定,"multiple (M9530/1) - see Neoplasm, meninges, uncertain behavior",,0.9709931015968323,,,,,
712,3,恶性(M9530/3)-见肿瘤，脑脊膜，恶性,"malignant (M9530/3) - see Neoplasm, meninges, malignant",,0.9824879765510559,,,,,
712,3,合胞体型(M9531/0),syncytial (M9531/0),,0.9825464487075806,,,,,
712,3,混合性(M9537/0),mixed (M9537/0),,0.9757375717163086,,,,,
712,3,脑膜上皮瘤型(M9531/0),"meningiothelial, meningotheliomatous (M9531/0)",,0.9929113388061523,,,,,
712,3,内皮瘤型(M9531/0),endotheliomatous (M9531/0),,0.9879664182662964,,,,,
712,3,乳头状(M9538/1)-见肿瘤，脑脊膜，动态未定,"papillary (M9538/1) - see Neoplasm, meninges uncertain behavior",,0.9657219648361206,,,,,
712,3,沙粒体性(M9533/0),psammomatous (M9533/0),,0.9823927879333496,,,,,
712,3,纤维性(M9532/0),fibrous (M9532/0),,0.9943827390670776,,,,,
712,3,血管瘤性(M9534/0),angiomatous (M9534/0),,0.9912716150283813,,,,,
712,3,血管外皮细胞性(M9536/0),hemangiopericytic (M9536/0),,0.9899274110794067,,,,,
712,3,移行型(M9537/0),transitional (M9537/0),,0.9976391792297363,,,,,
712,2,脑白质病(另见 脑病),Leukoencephalopathy (see also Encephalopathy),G93.4,0.9693431258201599,,,,,
712,3,多病灶性(进行性),multifocal (progressive),A81.2,0.9779239296913147,,,,,
712,3,范·博盖尔特(硬化性),van Bogaert's (sclerosing),A81.1,0.9881532788276672,,,,,
712,3,海洛因蒸气,heroin vapor,G92,0.9322487711906433,,,,,
712,3,人工免疫后和疫苗接种后,postimmunization and postvaccinal,G04.0,0.9761339426040649,,,,,
712,3,血管性，进行性,"vascular, progressive",I67.3,0.9966643452644348,,,,,
712,3,异染性,metachromatic,E75.2,0.941921591758728,,,,,
712,2,脑白质切断术后综合征,Postleukotomy syndrome,F07.0,0.9995759129524231,,,,,
712,2,脑白质肾上腺萎缩症-现译名肾上腺脑白质营养不良,Adrenoleuko-dystrophy,,0.9737456440925598,,,,,
712,2,脑白质营养不良(大脑)(球样细胞)(克拉伯)(异染性)(进行性)(嗜苏丹性),Leukodystrophy (cerebral) (globoid cell) (Krabbe's) (metachromatic) (progressive) (sudanophilic),E75.2,0.9835626482963562,,,,,
712,2,脑病(急性),Encephalopathy (acute),G93.4,0.9959806203842163,,,,,
712,3,糙皮病性,pellagrous,E52+ G32.8*,0.9792782068252563,,,,,
712,3,低血糖后(昏迷),posthypoglycemic (coma),E16.1+ G94.8*,0.9924488067626953,,,,,
712,3,动脉硬化性,arteriosclerotic,I67.2,0.9428479671478271,,,,,
712,3,放射后,postradiation,G93.8,0.9966627955436707,,,,,
712,3,肝性(另见衰竭，肝),"hepatic (see also Failure, hepatic)",K72.9,0.9965699315071106,,,,,
712,3,高胆红素血症性，新生儿,"hyperbilirubinemic, newborn",P57.9,0.9897589683532715,,,,,
712,4,由于同种免疫(在 中的情况),due to isoimmunization (conditions in),P55 P57.0,0.996083676815033,,,,,
712,3,高血压性,hypertensive,I67.4,0.9691473245620728,,,,,
712,3,海绵状(亚急性)(病毒性),spongiform (subacute) (viral),A81.0,0.9607975482940674,,,,,
712,3,坏死性，亚急性(利氏病),"necrotizing, subacute (Leigh)",G31.8,0.9912937879562378,,,,,
712,3,肌阵挛(癫癇)，早期，症状性,"myoclonic, early, symptomatic",G40.4,0.9455134272575378,,,,,
713,3,见于(由于),in (due to),,0.9750683903694153,,,,,
713,4,产伤,birth injury,P11.1,0.9741257429122925,,,,,
713,4,创伤(脑震荡后),trauma (postconcussional),F07.2,0.9839860796928406,,,,,
713,4,近期损伤,current injury,S06.0,0.955521821975708,,,,,
713,4,高胰岛素血症,hyperinsulinism,E16.1+ G94.8*,0.9679218530654907,,,,,
713,4,接种,vaccination,T80.6,0.9832135438919067,,,,,
713,4,流感(具体病毒未证实),influenza (specific virus not identified),J11.8+ G94.8*,0.9684627056121826,,,,,
713,4,其他流感病毒已证实,other influenza virus identified,J10.8+ G94.8*,0.9791707992553711,,,,,
713,5,禽流感病毒已证实,avian influenza virus identified,J09+ G94.8*,0.9886181354522705,,,,,
713,4,梅毒,syphilis,A52.1+ G94.8*,0.9780227541923523,,,,,
713,4,维生素缺乏(另见缺乏，维生素),"lack of vitamin (see also Deficiency, vitamin)",E56.9+ G32.8*,0.9834581613540649,,,,,
713,4,血清(非治疗性)(治疗性),serum (nontherapeutic) (therapeutic),T80.6,0.9838880300521851,,,,,
713,4,肿瘤疾病NEC(M8000/1)(另见肿瘤),neoplastic disease NEC (M8000/1) (see also Neoplasm),D48.9+ G13.1*,0.9781137704849243,,,,,
713,3,酒精性,alcoholic,G31.2,0.9891090393066406,,,,,
713,3,门体分流性(另见衰竭，肝),"portosystemic (see also Failure, hepatic)",K72.9,0.9944069385528564,,,,,
713,3,脑挫伤后,postcontusional,F07.2,0.9874467253684998,,,,,
713,4,近期损伤,current injury,S06.2,0.9788999557495117,,,,,
713,3,胼胝体脱髓鞘性,demyelinating callosal,G37.1,0.980215311050415,,,,,
713,3,铅毒性,"lead, saturnine",T56.0,0.997431755065918,,,,,
713,3,缺氧性-另见损害，脑，缺氧性,"hypoxic - see also Damage, brain, anoxic",,0.9683033227920532,,,,,
713,4,新生儿缺血,ischaemic of newborn,P91.6,0.989201009273529,,,,,
713,3,人类免疫缺陷病毒(HIV)病所致,resulting from HIV disease,B22.0,0.985235869884491,,,,,
713,3,损伤性(脑震荡后),traumatic (postconcussional),F07.2,0.9907419681549072,,,,,
713,4,近期损伤,current injury,S06.0,0.9936931133270264,,,,,
713,3,韦尼克,Wernicke's,E51.2+ G32.8*,0.965833306312561,,,,,
713,3,维生素B缺乏NEC,vitamin B deficiency NEC,E53.9+ G32.8*,0.9732505679130554,,,,,
713,3,小叶中心性进行性(希尔德),centrolobar progressive (Schilder),G37.0,0.9946458339691162,,,,,
713,3,中毒性,toxic,G92,0.9784510731697083,,,,,
713,2,脑出血(另见出血，脑内),"Encephalorrhagia (see also Hemorrhage, intracerebral)",I61.9,0.9803212881088257,,,,,
713,2,脑穿孔-现译名脑穿通畸形,Porencephaly,,0.9640677571296692,,,,,
713,2,脑穿通畸形(先天性)(发育性),Porencephaly (congenital) (developmental),Q04.6,0.9977351427078247,,,,,
713,3,非发育性,nondevelopmental,G93.0,0.9907333254814148,,,,,
713,3,后天性,acquired,G93.0,0.9912371039390564,,,,,
713,2,脑挫伤后综合征,Postcontusional syndrome,F07.2,0.9760532379150391,,,,,
713,2,脑底异常血管网病-现译名 烟雾病,Moyamoya disease,,0.9710115194320679,,,,,
713,2,脑肝肾综合征,Cerebrohepatorenal syndrome,Q87.8,0.9883862137794495,,,,,
713,2,脑苷脂沉积症,Cerebroside lipidosis,E75.2,0.984462559223175,,,,,
713,2,脑过小,Micrencephalon,Q02,0.9573407769203186,,,,,
713,2,脑灰质脑脊膜炎- 见 脑膜脑炎,Poliomeningoencephalitis - see Meningoencephalitis,,0.9387024641036987,,,,,
714,2,脑灰质炎(急性)(延髓性),Polioencephalitis (acute) (bulbar),A80.9,0.9839008450508118,,,,,
714,3,流感性(具体病毒未证实),influenzal (specific virus not identified),J11.8+ G05.1*,0.9837646484375,,,,,
714,4,禽流感病毒已证实,avian influenza virus identified,J09+ G05.1*,0.9791936874389648,,,,,
714,4,其他流感病毒已证实,other influenza virus identified,J10.8+ G05.1*,0.971946120262146,,,,,
714,3,上部出血性(急性)(韦尼克),superior hemorrhagic (acute) (Wernicke's),E51.2+ G32.8*,0.9848979711532593,,,,,
714,3,韦尼克,Wernicke's,E51.2+ G32.8*,0.951623797416687,,,,,
714,3,下部,inferior,G12.2,0.9702767133712769,,,,,
714,2,脑回粗大(先天性),Macrogyria (congenital),Q04.8,0.9988752007484436,,,,,
714,2,脑积水(后天性)(外)(内)(恶性)(复发性),Hydrocephalus (acquired) (external) (internal) (malignant) (recurrent),G91.9,0.9904526472091675,,,,,
714,3,创伤后 NEC,post-traumatic NEC,G91.3,0.9673938155174255,,,,,
714,3,第四脑室正中孔阻塞(后天性),foramen Magendie block (acquired),G91.1,0.9967429041862488,,,,,
714,4,先天性(另见脑积水，先天性),"congenital (see also Hydrocephalus, congenital)",Q03.1,0.9707814455032349,,,,,
714,3,非交通性,noncommunicating,G91.1,0.9827064871788025,,,,,
714,3,梗阻性,obstructive,G91.1,0.98267662525177,,,,,
714,3,见于(由于),in (due to),,0.9591109752655029,,,,,
714,4,传染病NEC,infectious disease NEC,B99+ G94.0*,0.9830281734466553,,,,,
714,4,寄生虫病,parasitic disease,B89+ G94.0*,0.9522743821144104,,,,,
714,4,肿瘤疾病 NEC(M8000/1)(另见 肿瘤),neoplastic disease NEC (M8000/1) (see also Neoplasm),D48.9+ G94.1*,0.9405394196510315,,,,,
714,3,交通性,communicating,G91.0,0.9895163774490356,,,,,
714,3,梅毒性，先天性,"syphilitic, congenital",A50.4+ G94.0*,0.98819899559021,,,,,
714,3,胎儿(可疑的)，影响妊娠处理,"fetus (suspected), affecting management of pregnancy",O35.0,0.9807767868041992,,,,,
714,3,特指的 NEC,specified NEC,G91.8,0.9550226926803589,,,,,
714,3,西尔维于斯导水管狭窄(另见脑积水，先天性),"aqueduct Sylvius stricture (see also Hydrocephalus, congenital)",Q03.0,0.9707827568054199,,,,,
714,3,先天性(外部)(内部),congenital (external) (internal),Q03.9,0.9840375185012817,,,,,
714,4,伴有脊柱裂-另见脊柱裂，伴有脑积水,"with spina bifida - see also Spina bifida, with",,0.976301908493042,,,,,
714,4,背部,hydrocephalus dorsal,Q05.1,0.9233664274215698,,,,,
714,5,骶骨,sacral,Q05.3,0.9550584554672241,,,,,
714,5,颈段,cervical,Q05.0,0.9240632653236389,,,,,
714,5,胸段,thoracic,Q05.1,0.9706155061721802,,,,,
714,5,胸腰,thoracolumbar,Q05.1,0.9390536546707153,,,,,
714,5,腰段,lumbar,Q05.2,0.9368878602981567,,,,,
714,5,腰骶,lumbosacral,Q05.2,0.9496390223503113,,,,,
714,4,特指的NEC,specified NEC,Q03.8,0.9754707217216492,,,,,
714,3,新生儿,newborn,Q03.9,0.971572995185852,,,,,
714,4,伴有脊柱裂(另见脊柱裂，伴有脑积水),"with spina bifida (see also Spina bifida, with hydrocephalus)",Q05.4,0.9822842478752136,,,,,
714,3,引起胎盆不称,causing disproportion,O33.6,0.9827282428741455,,,,,
714,4,伴有梗阻性分娩,with obstructed labor,O66.3,0.9710032343864441,,,,,
714,4,影响到胎儿或新生儿,affecting fetus or newborn,P03.1,0.9482464790344238,,,,,
714,3,由于弓形虫病(先天性),due to toxoplasmosis (congenital),P37.1,0.9910925030708313,,,,,
714,3,正常压力,normal-pressure,G91.2,0.9912208318710327,,,,,
715,2,脑脊膜脊髓神经炎(另见 脑膜脑炎),Meningomyeloneuritis (see also Meningoencephalitis),G04.9,0.9812989830970764,,,,,
715,2,脑脊膜脑脊髓病,Meningoencephalomyelopathy,G96.9,0.9998515248298645,,,,,
715,2,脑脊膜脑脊髓炎(另见脑膜脑炎),Meningoencephalomyelitis (see also Meningoencephalitis),G04.9,0.9958956241607666,,,,,
715,3,急性NEC(病毒性),acute NEC (viral),A86,0.9655642509460449,,,,,
715,4,播散性(免疫后或疫苗接种后)(感染后),disseminated (postimmunization or postvaccination) (postinfectious),G04.0,0.9797356128692627,,,,,
715,3,由于,due to,,0.9671236872673035,,,,,
715,4,放线菌病,actinomycosis,A42.8+ G05.0*,0.9638379812240601,,,,,
715,4,弓形虫或弓形虫病(后天性),toxoplasma or toxoplasmosis (acquired),B58.2+ G05.2*,0.9740306735038757,,,,,
715,5,先天性,congenital,P37.1+ G05.2*,0.9562674164772034,,,,,
715,4,溶组织隐球菌,Torula (histolytica),B45.1+ G05.2*,0.9855707883834839,,,,,
715,2,脑脊膜神经根炎-见脑膜炎,Meningoradiculitis - see Meningitis,,0.999594509601593,,,,,
715,2,脑脊膜血管的 - 见情况,Meningovascular - see condition,,0.9868425726890564,,,,,
715,2,脑脊髓病,Encephalomyelopathy,G96.9,0.9999158382415771,,,,,
715,2,脑脊髓的 - 见情况,Cerebrospinal - see condition,,0.9771954417228699,,,,,
715,2,脑脊髓灰质炎(急性)(前部),Polioencephalomyelitis (acute) (anterior),A80.9,0.9916484355926514,,,,,
715,3,伴有脚气病,with beriberi,E51.2+ G32.8*,0.9847160577774048,,,,,
715,2,脑脊髓脊神经根病,Encephalomyeloradiculopathy,G96.9,0.9991292357444763,,,,,
715,2,脑脊髓脊神经根神经炎(急性)(吉兰-巴雷[格林-巴利]),Encephalomyeloradiculoneuritis (acute) (Guillain-Barré),G61.0,0.9616090655326843,,,,,
715,2,脑脊髓脑(脊)膜炎 - 见脑膜脑炎,Encephalomyelomeningitis - see Meningoencephalitis,,0.9542661309242249,,,,,
715,2,脑脊髓膨出(另见脑膨出),Encephalomyelocele (see also Encephalocele),Q01.9,0.9964569807052612,,,,,
715,2,脑脊髓炎(另见脑炎),"Encephalomyelitis, Myeloencephalitis (see also Encephalitis)",G04.9,0.995430588722229,,,,,
715,3,·—风疹,rubella,B06.0+ G05.1*,0.9608805179595947,,,,,
715,3,感染后 NEC,postinfectious NEC,G04.8,0.9462647438049316,,,,,
715,3,肌痛性，良性,"myalgic, benign",G93.3,0.9806085824966431,,,,,
715,3,急性播散性(人工免疫后),acute disseminated (postimmunization),G04.0,0.9850539565086365,,,,,
715,4,感染后,postinfectious,G04.0,0.9832090735435486,,,,,
715,3,良性肌痛性,benign myalgic,G93.3,0.9678147435188293,,,,,
715,3,麻疹后,postmeasles,B05.0+ G05.1*,0.9764283895492554,,,,,
715,3,马型，委内瑞拉,equine Venezuelan,A92.2+ G05.1*,0.9541850090026855,,,,,
715,3,水痘后,"postchickenpox, postvaricella",B01.1+ G05.1*,0.979853093624115,,,,,
715,3,特指的NEC,specified NEC,G04.8,0.994271993637085,,,,,
715,3,委内瑞拉马型,Venezuelan equine,A92.2+ G05.1*,0.955238938331604,,,,,
715,3,疫苗接种后,postvaccinal,G04.0,0.9812495708465576,,,,,
715,3,由于(任何)接种所致,due to or resulting from vaccination (any),G04.0,0.9709249138832092,,,,,
715,2,脑裂畸形,Schizencephaly,Q04.6,0.9888877868652344,,,,,
715,2,脑膜脑病,Meningoencephalopathy,G96.9,0.9997431635856628,,,,,
715,2,脑膜脑炎(另见脑炎),"Meningoencephalitis, Meningocerebritis (see also Encephalitis)",G04.9,0.9892852306365967,,,,,
715,3,病毒性NEC,virus NEC,A86,0.977950930595398,,,,,
715,3,传染性(急性)(病毒性),infectious (acute) (viral),A86,0.9816731214523315,,,,,
716,3,二相性,diphasic,A84.1,0.9865608215332031,,,,,
716,3,肺炎球菌性,pneumococcal,G00.1,0.9686540961265564,,,,,
716,3,急性NEC(另见 脑炎，病毒性),"acute NEC (see also Encephalitis, viral)",A86,0.971466064453125,,,,,
716,3,寄生虫性 NEC,parasitic NEC,B89+ G05.2*,0.9287412762641907,,,,,
716,3,加利福尼亚,California,A83.5,0.976203978061676,,,,,
716,3,见于(由于),in (due to),,0.9750866293907166,,,,,
716,4,非寄生性阿米巴,free-living amebae,B60.2+ G05.2*,0.9859576225280762,,,,,
716,4,弓形虫病(后天性),toxoplasmosis (acquired),B58.2+ G05.2*,0.9787070155143738,,,,,
716,5,先天性,congenital,P37.1+ G05.2*,0.9414501190185547,,,,,
716,4,广州副圆线虫,Parastrongylus cantonensis,B83.2+ G05.2*,0.981042742729187,,,,,
716,4,流感嗜血杆菌,Haemophilus influenzae (H. influenzae),G04.2,0.991235077381134,,,,,
716,4,流行性腮腺炎,mumps,B26.2+ G05.1*,0.9759315252304077,,,,,
716,4,纳归虫(阿米巴)(病原体)(福氏),Naegleria (amebae) (organisms) (fowleri),B60.2+ G05.2*,0.9762175679206848,,,,,
716,4,芽生菌病NEC,blastomycosis NEC,B40.8+ G05.2*,0.9771143794059753,,,,,
716,3,结核性,tuberculous,A17.8+ G05.0*,0.9808201193809509,,,,,
716,3,利斯特菌性单核细胞增多症,Listeria monocytogenes,A32.1+ G05.0*,0.9887031316757202,,,,,
716,3,链球菌性,streptococcal,G04.2,0.9961312413215637,,,,,
716,3,淋巴细胞性(浆液性),lymphocytic (serous),A87.2+ G05.1*,0.9730299711227417,,,,,
716,3,流感性(流感嗜血杆菌),influenzal (Haemophilus influenzae),G04.2,0.9794669151306152,,,,,
716,3,流行性,epidemic,A39.8+ G05.0*,0.9890956282615662,,,,,
716,3,流行性腮腺炎,mumps,B26.2+ G05.1*,0.9572848081588745,,,,,
716,3,梅毒性,syphilitic,A52.1+ G05.0*,0.9561817049980164,,,,,
716,3,疱疹病毒性,herpesviral,B00.4+ G05.1*,0.9756396412849426,,,,,
716,3,葡萄球菌性,staphylococcal,G04.2,0.9955084919929504,,,,,
716,3,嗜酸细胞性,eosinophilic,B83.2+ G05.2*,0.9700377583503723,,,,,
716,3,特异性(梅毒性),specific (syphilitic),A52.1+ G05.0*,0.9618654251098633,,,,,
716,3,特指的病原体NEC,specified organism NEC,G04.8,0.9950537085533142,,,,,
716,3,细菌性NEC,bacterial NEC,G04.2,0.9693294763565063,,,,,
716,3,原发性阿米巴性,primary amebic,B60.2+ G05.2*,0.988972544670105,,,,,
716,3,中毒性 NEC,toxic NEC,G92,0.9617445468902588,,,,,
716,2,脑膜膨出，脑脊膜膨出(另见脊柱裂),Meningocele (spinal) (see also Spina bifida),Q05.9,0.9957313537597656,,,,,
716,3,伴有脑积水(另见脊柱裂，伴有脑积水),"with hydrocephalus (see also Spina bifida, with hydrocephalus)",Q05.4,0.9856065511703491,,,,,
716,3,大脑(另见脑膨出),cerebral (see also Encephalocele),Q01.9,0.9830383062362671,,,,,
716,2,脑膜炎(基底)(大脑)(脊髓),Meningitis (basal) (cerebral) (spinal),G03.9,0.9987316131591797,,,,,
716,3,艾柯病毒,echovirus,A87.0+ G02.0*,0.9789759516716003,,,,,
716,3,孢子丝菌病,sporotrichosis,B42.8+ G02.1*,0.9548953771591187,,,,,
716,3,病毒性 NEC,viral NEC,A87.9,0.9597962498664856,,,,,
716,3,肠病毒性,enteroviral,A87.0+ G02.0*,0.9873953461647034,,,,,
716,3,虫媒病毒性,arbovirus,A87.8+ G02.0*,0.9537171125411987,,,,,
716,3,创伤性(损伤的并发症),traumatic (complication of injury),T79.8,0.9971157312393188,,,,,
716,3,大肠杆菌,Escherichia coli (E. coli),G00.8,0.9972819685935974,,,,,
717,3,放线菌病性,actinomycotic,A42.8+ G01*,0.9685496091842651,,,,,
717,3,非生脓性 NEC,nonpyogenic NEC,G03.0,0.9708303809165955,,,,,
717,3,非特异的,nonspecific,G03.9,0.9905532002449036,,,,,
717,3,非细菌性 NEC,"abacterial, nonbacterial NEC",G03.0,0.9509459733963013,,,,,
717,3,肺炎球菌性,pneumococcal,G00.1,0.9809827208518982,,,,,
717,3,弗里德伦德尔(芽胞杆菌),Friedländer (bacillus),G00.8,0.9969421029090881,,,,,
717,3,干酪样(结核),caseous (tuberculous),A17.0+ G01*,0.9745013117790222,,,,,
717,3,革兰氏阳性球菌性 NEC,Gram-positive cocci NEC,G00.9,0.9686732292175293,,,,,
717,3,革兰氏阴性球菌性NEC,Gram-negative cocci NEC,G00.9,0.9680471420288086,,,,,
717,3,钩端螺旋体性(无菌性),leptospiral (aseptic),A27 G01*,0.9848593473434448,,,,,
717,3,骨化性,ossificans,G96.1,0.9502787590026855,,,,,
717,3,化脓性,"purulent, suppurative",G00.9,0.9970177412033081,,,,,
717,4,特指的病原体NEC,specified organism NEC,G00.8,0.9904917478561401,,,,,
717,3,脊髓灰质炎病毒性,poliovirus,A80.9+ G01*,0.9794126749038696,,,,,
717,3,见于(由于),in (due to),,0.9760115146636963,,,,,
717,4,病毒性疾病NEC,viral disease NEC,A87.8,0.9685376286506653,,,,,
717,4,查加斯病(慢性),Chagas' disease (chronic),B57.4+ G02.8*,0.9662500023841858,,,,,
717,4,肠病毒,enterovirus,A87.0+ G02.0*,0.9895660281181335,,,,,
717,4,传染性单核细胞增多症,infectious mononucleosis,B27 G02.0*,0.9753739833831787,,,,,
717,4,带状疱疹,zoster,B02.1+ G02.0*,0.9616075158119202,,,,,
717,4,非洲锥虫病,African trypanosomiasis,B56 G02.8*,0.9716119170188904,,,,,
717,4,风疹,rubella,B06.0+ G02.0*,0.9831640720367432,,,,,
717,4,钩端螺旋体病,leptospirosis,A27 G01*,0.988606870174408,,,,,
717,4,脊髓灰质炎病毒,poliovirus,A80.9+ G02.0*,0.9810342192649841,,,,,
717,4,寄生虫病NEC,parasitic disease NEC,B89+ G02.8*,0.9562174677848816,,,,,
717,4,莱姆病,Lyme disease,A69.2+ G01*,0.9661082029342651,,,,,
717,4,利斯特菌性单核细胞增多症,Listeria monocytogenes,A32.1+ G01*,0.97052401304245,,,,,
717,4,流行性腮腺炎(病毒性),mumps (virus),B26.1+ G02.0*,0.9755174517631531,,,,,
717,4,麻疹,measles,B05.1+ G02.0*,0.975580632686615,,,,,
717,4,疱疹病毒(单纯性),herpes (simplex) virus,B00.3+ G02.0*,0.9845001101493835,,,,,
717,5,带状,zoster,B02.1+ G02.0*,0.9513512849807739,,,,,
717,4,球孢子菌病,coccidioidomycosis,B38.4+ G02.1*,0.9941505789756775,,,,,
717,4,沙门菌感染,salmonella infection,A02.2+ G01*,0.9908233880996704,,,,,
717,4,伤寒,typhoid fever,A01.0+ G01*,0.9676499962806702,,,,,
717,4,神经梅毒(晚期),neurosyphilis (late),A52.1+ G01*,0.9604759216308594,,,,,
717,4,水痘,"chickenpox, varicella",B01.0+ G02.0*,0.9895055890083313,,,,,
717,4,炭疽,anthrax,A22.8+ G01*,0.9610583782196045,,,,,
717,4,特指的原因 NEC,specified cause NEC,G03.8,0.9607723355293274,,,,,
717,4,腺病毒,adenovirus,A87.1+ G02.0*,0.9760870933532715,,,,,
717,4,预防性人工免疫或疫苗接种_,"preventive immunization, inoculation or vaccination",G03.8,0.9706818461418152,,,,,
717,3,结核性,tuberculous,A17.0+ G01*,0.9834872484207153,,,,,
717,3,局限性浆液性NEC,serosa circumscripta NEC,G03.0,0.9886894226074219,,,,,
718,3,柯萨奇病毒,coxsackievirus,A87.0+ G02.0,0.963282585144043,,,,,
718,3,克雷白杆菌性,Klebsiella,G00.8,0.9695113897323608,,,,,
718,3,链球菌性(急性),streptococcal (acute),G00.2,0.9755411148071289,,,,,
718,3,良性复发性(莫拉利特)C,benign recurrent (Mollaret),G03.2,0.9831774234771729,,,,,
718,3,淋巴细胞性(急性)(良性)(浆液性),lymphocytic (acute) (benign) (serous),A87.2+ G02.0*,0.9734302759170532,,,,,
718,3,淋球菌性,gonococcal,A54.8+ G01*,0.9471269845962524,,,,,
718,3,流感性(流感嗜血杆菌),influenzal (Haemophilus influenzae),G00.0,0.9718400239944458,,,,,
718,3,流行性 NEC,epidemic NEC,A39.0+ G01*,0.9287548065185547,,,,,
718,3,麻疹后,postmeasles,B05.1+ G02.0*,0.9409496188163757,,,,,
718,3,慢性 NEC,chronic NEC,G03.1,0.9566758871078491,,,,,
718,3,梅毒性(晚期)(三期),syphilitic (late)(tertiary),A52.1+ G01*,0.9703460335731506,,,,,
718,4,急性,acute,A51.4+ G01*,0.9600022435188293,,,,,
718,4,继发性,secondary,A51.4+ G01*,0.9633738398551941,,,,,
718,4,先天性,congenital,A50.4+ G01*,0.9638710618019104,,,,,
718,3,莫拉利特(良性复发性),Mollaret (benign recurrent),G03.2,0.9898979067802429,,,,,
718,3,奈瑟球菌脑脊膜炎,Neisseria meningitidis,A39.0+ G01*,0.9848449230194092,,,,,
718,3,脑脊髓性,cerebrospinal,A39.0+ G01*,0.9816402196884155,,,,,
718,3,脑膜炎球菌性,meningococcal,A39.0+ G01*,0.9828370809555054,,,,,
718,3,念珠菌性,"candidal, monilial",B37.5+ G02.1*,0.9758635759353638,,,,,
718,3,脓毒性,septic,G00.9,0.9900381565093994,,,,,
718,4,特指的病原体 NEC,specified organism NEC,G00.8,0.9561256766319275,,,,,
718,3,葡萄球菌性,staphylococcal,G00.3,0.9924862384796143,,,,,
718,3,清晰脑脊液 NEC,clear cerebrospinal fluid NEC,G03.0,0.9819148778915405,,,,,
718,3,溶组织隐球菌性,Torula histolytica (cryptococcal),B45.1+ G02.1*,0.982064425945282,,,,,
718,3,沙门菌(亚利桑那)(猪霍乱)(小肠炎)(鼠伤寒),Salmonella (arizonae)(cholerae-suis)(enteritidis) (typhimurium),A02.2+ G01*,0.9819480180740356,,,,,
718,3,生脓性,pyogenic,G00.9,0.9291332960128784,,,,,
718,4,特指的病原体NEC,specified organism NEC,G00.8,0.9796937108039856,,,,,
718,3,嗜酸细胞性,eosinophilic,B83.2+ G05.2*,0.9827751517295837,,,,,
718,3,嗜血杆菌(流感),Haemophilus (influenzae),G00.0,0.9829978942871094,,,,,
718,3,鼠疫耶尔森菌,Yersinia pestis,A20.3+ G01*,0.9623151421546936,,,,,
718,3,双球菌性,diplococcal,A39.0+ G01*,0.9648986458778381,,,,,
718,3,特指的病原体NEC,specified organism NEC,G00.8,0.9993648529052734,,,,,
718,3,无菌性(急性) NEC,"aseptic, sterile (acute) NEC",G03.0,0.9566019773483276,,,,,
718,3,细菌性,bacterial,G00.9,0.9980480670928955,,,,,
718,4,革兰氏阴性 NEC,Gram-negative NEC,G00.9,0.9933223724365234,,,,,
718,4,特指病原体的 NEC,specified organism NEC,G00.8,0.9584080576896667,,,,,
718,3,纤维蛋白脓性,fibrinopurulent,G00.9,0.9990319609642029,,,,,
718,4,特指的病原体NEC,specified organism NEC,G00.8,0.9863978624343872,,,,,
718,3,腺病毒性,adenoviral,A87.1+ G02.0*,0.9582087993621826,,,,,
718,3,隐球菌性,cryptococcal,B45.1+ G02.1*,0.9806562066078186,,,,,
718,3,真菌性NEC,mycotic NEC,B49+ G02.1*,0.9766526818275452,,,,,
719,2,脑膜炎球菌性(另见情况),"Meningococcus, meningococcal (see also condition)",A39.9,0.9984133839607239,,,,,
719,2,脑膜炎球菌血症,Meningococcemia,A39.4,0.9798119068145752,,,,,
719,3,急性,acute,A39.2,0.9676689505577087,,,,,
719,3,慢性,chronic,A39.3,0.971394419670105,,,,,
719,2,脑幕的 - 见情况,Tentorium - see condition,,0.9710679650306702,,,,,
719,2,脑脑(脊)膜脊髓炎 -见脑膜脑炎,Encephalomeningomyelitis - see Meningoencephalitis,,0.9767358303070068,,,,,
719,2,脑脑膜膨出(另见脑膨出),"Encephalomeningocele, Meningoencephalocele (see also Encephalocele)",Q01.9,0.9996236562728882,,,,,
719,3,梅毒性,syphilitic,A52.1+ G94.8*,0.9500107765197754,,,,,
719,4,先天性,congenital,A50.4+ G94.8*,0.9512379765510559,,,,,
719,2,脑脑膜炎- 见 脑膜脑炎,Encephalomeningitis - see Meningoencephalitis,,0.9274590015411377,,,,,
719,2,脑膨出,"Cephalocele, Encephalocele",Q01.9,0.9936686754226685,,,,,
719,3,鼻根部,nasofrontal,Q01.1,0.966760516166687,,,,,
719,3,额部,frontal,Q01.0,0.9811216592788696,,,,,
719,3,特指的 NEC,specified NEC,Q01.8,0.9468967318534851,,,,,
719,3,枕部,occipital,Q01.2,0.946536660194397,,,,,
719,2,脑强直(先天性),Cerebrospasticity (congenital),G80.1,0.9817304611206055,,,,,
719,2,脑桥的 - 见情况,"Pons, pontine - see condition",,0.966511070728302,,,,,
719,2,脑桥空洞症,Syringopontia,G95.0,0.9997122883796692,,,,,
719,2,脑软化(小脑)(大脑)(另见软化，脑),"Cerebromalacia, Encephalomalacia (brain) (cerebellar) (cerebral) (see also Softening, brain)",G93.8,0.9896842241287231,,,,,
719,2,脑室炎(另见脑炎),Ventriculitis (cerebral) (see also Encephalitis),G04.9,0.9968187808990479,,,,,
719,2,脑下垂体嗅剂吸入者病,Pituitary-snuff-taker's disease,J67.8,0.9998338222503662,,,,,
719,2,脑炎(慢性)(出血性)(特发性)(非流行性)(假性)(亚急性),"Cephalitis, Encephalitis, Phrenitis (chronic) (hemorrhagic) (idiopathic) (nonepidemic) (spurious) (subacute)",G04.9,0.9809944033622742,,,,,
719,3,澳大利亚,Australian,A83.4,0.9665971398353577,,,,,
719,3,巴西(病毒性),Ilheus (virus),A83.8,0.9706462621688843,,,,,
719,3,病毒感染后 NEC,postviral NEC,A86,0.9609177708625793,,,,,
719,3,病毒性,"viral, virus",A86,0.9572679996490479,,,,,
719,4,节肢动物媒介 NEC,arthropod-borne NEC,A85.2,0.9731314182281494,,,,,
719,4,蜱媒介,tick-borne,A84.9,0.9815094470977783,,,,,
719,5,特指的 NEC,specified NEC,A84.8,0.9356071949005127,,,,,
719,4,特指类型NEC,specified type NEC,A85.8,0.9664218425750732,,,,,
719,4,蚊媒介,mosquito-borne,A83.9,0.9762165546417236,,,,,
719,5,特指的NEC,specified NEC,A83.8,0.9642337560653687,,,,,
719,3,播散性，急性,"disseminated, acute",G04.0,0.9807323813438416,,,,,
719,3,波瓦生(加拿大),Powassan,A84.8,0.9970141053199768,,,,,
719,3,虫媒病毒性NEC,"arboviral, arbovirus NEC",A85.2,0.9843264222145081,,,,,
719,3,传染性(急性)，病毒性NEC,"infectious (acute), viral NEC",A86,0.9796661734580994,,,,,
719,3,创伤性,traumatic,T79.8,0.9634482264518738,,,,,
719,3,串酵母菌性[圆酿母菌性](隐球菌性),"Torula, torular (cryptococcal)",B45.1+ G05.2*,0.9827234148979187,,,,,
719,3,带状疱疹性,herpes zoster,B02.0+ G05.1*,0.9727899432182312,,,,,
720,3,道森(包含体),Dawson's (inclusion body),A81.1,0.9838612079620361,,,,,
720,3,地方性(病毒性),endemic (viral),A86,0.9757887721061707,,,,,
720,3,俄罗斯,Russian,,0.9330720901489258,,,,,
720,4,春夏型(针叶林地),spring-summer (taiga),A84.0,0.9647122621536255,,,,,
720,4,秋季,autumnal,A83.0,0.9594630002975464,,,,,
720,3,耳炎 NEC,otitic NEC,H66.4+ G05.8*,0.9675403833389282,,,,,
720,3,感染后 NEC,postinfectious NEC,G04.8,0.9915477633476257,,,,,
720,3,红斑狼疮，系统性,"lupus erythematosus, systemic",M32.1+ G05.8*,0.9843026995658875,,,,,
720,3,化脓性,suppurative,G04.8,0.9941301345825195,,,,,
720,3,昏睡性(急性)(传染性),lethargica (acute) (infectious),A85.8,0.9866088032722473,,,,,
720,3,急性(另见脑炎，病毒性),"acute (see also Encephalitis, viral)",A86,0.9876930713653564,,,,,
720,4,播散性(人工免疫后)(感染后)(疫苗接种后),disseminated (postimmunization) (postinfectious) (postvaccination),G04.0,0.9725502133369446,,,,,
720,4,非流行性,nonepidemic,G04.9,0.9943570494651794,,,,,
720,3,加利福尼亚(病毒性),California (virus),A83.5,0.9927746653556824,,,,,
720,3,见于(由于),in (due to),,0.9538455009460449,,,,,
720,4,查加斯病(慢性),Chagas' disease (chronic),B57.4+ G05.2*,0.9707809686660767,,,,,
720,4,肠病毒,enterovirus,A85.0+ G05.1*,0.9776564240455627,,,,,
720,4,传染病NEC,infectious disease NEC,B99+ G05.2*,0.9689463376998901,,,,,
720,4,带状疱疹,zoster,B02.0+ G05.1*,0.9745208024978638,,,,,
720,4,放线菌病,actinomycosis,A42.8+ G05.0*,0.9722235798835754,,,,,
720,4,非洲锥虫病,African trypanosomiasis,B56 G05.2*,0.939176082611084,,,,,
720,4,风疹,rubella,B06.0+ G05.1*,0.9699013829231262,,,,,
720,4,弓形虫病(后天性),toxoplasmosis (acquired),B58.2+ G05.2*,0.9862565398216248,,,,,
720,5,先天性,congenital,P37.1+ G05.2*,0.9638245701789856,,,,,
720,4,脊髓灰质炎病毒,poliovirus,A80.9+ G05.1*,0.9609963893890381,,,,,
720,4,寄生虫病NEC,parasitic disease NEC,B89+ G05.2*,0.9477747678756714,,,,,
720,4,结核病,tuberculosis,A17.8+ G05.0*,0.976639449596405,,,,,
720,4,巨细胞病毒,cytomegalovirus,B25.8+ G05.1*,0.978596031665802,,,,,
720,4,利斯特菌病,listeriosis,A32.1+ G05.0*,0.9846461415290833,,,,,
720,4,流感(具体病毒未证实),influenza (specific virus not identified),J11.8+ G05.1*,0.9734469652175903,,,,,
720,4,其他流感病毒已证实,other influenza virus identified,J10.8+ G05.1*,0.9742891788482666,,,,,
720,5,禽流感病毒已证实,avian influenza virus identified,J09+ G05.1*,0.9810248017311096,,,,,
720,4,流行性腮腺炎,mumps,B26.2+ G05.1*,0.9832203984260559,,,,,
720,4,麻疹,measles,B05.0+ G05.1*,0.9806080460548401,,,,,
720,4,梅毒,syphilis,,0.9475046396255493,,,,,
720,5,晚期,late,A52.1+ G05.0*,0.976475179195404,,,,,
720,5,先天性,congenital,A50.4+ G05.0*,0.983715832233429,,,,,
720,4,纳格勒阿米巴病,naegleriasis,B60.2+ G05.2*,0.9764285087585449,,,,,
720,4,疱疹(单纯性)病毒,herpes (simplex) virus,B00.4+ G05.1*,0.985877513885498,,,,,
720,4,系统性红斑狼疮,systemic lupus erythematosus,M32.1+ G05.8*,0.9720718860626221,,,,,
720,4,腺病毒,adenovirus,A85.1+ G05.1*,0.978438675403595,,,,,
721,3,节肢动物媒介 NEC(病毒性),arthropod-borne NEC (viral),A85.2,0.9718707203865051,,,,,
721,3,捷克斯洛伐克,Czechoslovakian,A84.1,0.9736273884773254,,,,,
721,3,拉克罗斯,La Crosse,A83.5,0.9704212546348572,,,,,
721,3,里奥布拉沃(美国-墨西哥交界),Rio Bravo,A85.8,0.9927374124526978,,,,,
721,3,淋巴性,lymphatica,A87.2+ G05.1*,0.9561569094657898,,,,,
721,3,流行性NEC(病毒性),epidemic NEC (viral),A86,0.9933216571807861,,,,,
721,3,麻疹后,postmeasles,B05.0+ G05.1*,0.9677642583847046,,,,,
721,3,马型(急性)(传染性)(病毒性),equine (acute) (infectious) (viral),A83.9,0.9670723676681519,,,,,
721,4,东方,Eastern,A83.2,0.9779582619667053,,,,,
721,4,委内瑞拉,Venezuelan,A92.2+ G05.1*,0.9563132524490356,,,,,
721,4,西方,Western,A83.1,0.9816758036613464,,,,,
721,3,门哥(乌干达),Mengo,A85.8,0.961075484752655,,,,,
721,3,墨累山谷(澳洲),Murray Valley,A83.4,0.9906998872756958,,,,,
721,3,脑膜炎球菌性,meningococcal,A39.8+ G05.0*,0.969372034072876,,,,,
721,3,疱疹病毒性,herpesviral,B00.4+ G05.1*,0.9747790098190308,,,,,
721,3,铅毒性,"lead, saturnine",T56.0,0.9625029563903809,,,,,
721,3,人工免疫后,postimmunization,G04.0,0.9745883941650391,,,,,
721,3,日本(乙型),Japanese (B type),A83.0,0.9764221906661987,,,,,
721,3,圣路易(美国),St Louis,A83.3,0.9548162221908569,,,,,
721,3,水痘后,"postchickenpox, postvaricella",B01.1+ G05.1*,0.9762609004974365,,,,,
721,3,特指的NEC,specified NEC,G04.8,0.952737033367157,,,,,
721,3,同心性(轴周性)(弥漫性),periaxialis (concentrica) (diffuse),G37.5,0.9791851043701172,,,,,
721,3,维也纳(瑞士),Vienna,A85.8,0.9849298000335693,,,,,
721,3,委内瑞拉马型,Venezuelan equine,A92.2+ G05.1*,0.9755585193634033,,,,,
721,3,西尼罗(病毒),West Nile (viral),A92.3,0.9609463214874268,,,,,
721,3,细菌性,bacterial,G04.8,0.9758952856063843,,,,,
721,3,型,type,,0.9104019403457642,,,,,
721,4,乙,B,A83.0,0.9184407591819763,,,,,
721,4,丙,C,A83.3,0.9311575889587402,,,,,
721,3,腺病毒性,adenoviral,A85.1,0.9728162288665771,,,,,
721,3,旋毛虫病,trichinosis,B75+ G05.2*,0.9673211574554443,,,,,
721,3,羊跳跃病,louping ill,A84.8,0.9796537756919861,,,,,
721,3,疫苗接种后,postvaccinal,G04.0,0.9847570657730103,,,,,
721,3,疫苗接种或其他免疫接种后,following vaccination or other immunization procedure,G04.0,0.9995380640029907,,,,,
721,3,远东(蜱媒介),Far Eastern (tick-borne),A84.0,0.9740561842918396,,,,,
721,3,中毒性 NEC,toxic NEC,G92,0.982022225856781,,,,,
721,3,中欧(蜱媒介),Central European (tick-borne),A84.1,0.9497951865196228,,,,,
721,2,脑炎后综合征,Postencephalitic syndrome,F07.1,0.9739332795143127,,,,,
721,2,脑叶切断术综合征,Lobotomy syndrome,F07.0,0.99372798204422,,,,,
721,2,脑震荡后综合征,Postconcussional syndrome,F07.2,0.9999244213104248,,,,,
722,1,nèi 内,,,,,,,,
722,2,内阿米巴(病)-见阿米巴病,"Entamebic, entamebiasis - see Amebiasis",,0.9923205375671387,,,,,
722,2,内部的 - 见情况,Internal - see condition,,0.9567347764968872,,,,,
722,2,内滴虫病,Embadomoniasis,A07.8,0.9737173914909363,,,,,
722,2,内翻(瘢痕性)(睑)(麻痹性)(老年性)(痉挛性),"Entropion, Inversion (cicatricial) (eyelid) (paralytic) (senile) (spastic)",H02.0,0.9755703806877136,,,,,
722,3,宫颈,cervix,N88.8,0.9740968942642212,,,,,
722,3,膀胱,bladder,N32.8,0.9704377055168152,,,,,
722,3,先天性,congenital,Q10.2,0.9835975766181946,,,,,
722,4,眼睑,eyelid,Q10.2,0.9730809330940247,,,,,
722,3,阴道(子宫切除术后),vagina (posthysterectomy),N99.3,0.9842469692230225,,,,,
722,3,子宫(慢性),uterus (chronic),N85.5,0.975856602191925,,,,,
722,4,产后,postpartum,O71.2,0.8326196670532227,,,,,
722,2,内分泌的 - 见情况,Endocrine - see condition,,0.9461668133735657,,,,,
722,2,内分泌障碍,Dysendocrinism,E34.9,0.9999107122421265,,,,,
722,2,内格勒骨盆,Nägele's pelvis,M95.5,0.9994116425514221,,,,,
722,3,伴有胎盆不称,with disproportion (fetopelvic),O33.0,0.9947640299797058,,,,,
722,4,引起梗阻性分娩,causing obstructed labor,O65.0,0.9800331592559814,,,,,
722,2,内格利,Naegeli's,,0.9998623728752136,,,,,
722,3,白血病，单核细胞性(M9863/3),"leukemia, monocytic (M9863/3)",C92.1,0.9828042984008789,,,,,
722,3,病,disease,Q82.8,0.9916697144508362,,,,,
722,2,内拉东综合征,Nelaton's syndrome,G60.8,0.9999640583992004,,,,,
722,2,内皮瘤，骨(M9260/3)-见肿瘤，骨，恶性,"Endothelioma, bone (M9260/3) - see Neoplasm, bone, malignant",,0.9885181188583374,,,,,
722,2,内皮增生(出血感染性),Endotheliosis (hemorrhagic infectious),D69.8,0.9977346658706665,,,,,
722,2,内生软骨瘤(M9220/0)-见肿瘤，骨，良性,"Enchondroma (M9220/0) - see Neoplasm, bone benign",,0.9873606562614441,,,,,
722,2,内生软骨瘤病(软骨)(多发性),Enchondromatosis (cartilaginous) (multiple),Q78.4,0.9954035878181458,,,,,
722,2,内收挛缩，髋或其他关节-见挛缩，关节,"Adduction contracture, hip or other joint - see Contraction, joint",,0.9865152835845947,,,,,
722,2,内特尔希普综合征[着色性荨麻疹],Nettleship's syndrome,Q82.2,0.98497474193573,,,,,
722,2,内陷,Inversion,,0.9995969533920288,,,,,
722,3,乳头,nipple,N64.5,0.9885622262954712,,,,,
722,4,产褥期、产后,"puerperal, postpartum",O92.0,0.9495106935501099,,,,,
722,4,妊娠_,gestational,O92.0,0.8866856694221497,,,,,
722,4,先天性,congenital,Q83.8,0.9207048416137695,,,,,
722,3,视乳头,optic papilla,Q14.2,0.9984105229377747,,,,,
722,2,内斜视(交替性)(单眼),"Cross-eye, Esotropia (alternating) (monocular)",H50.0,0.9974405169487,,,,,
722,3,间歇性,intermittent,H50.3,0.9968059062957764,,,,,
722,2,内旋转斜视,Incyclotropia,H50.4,0.9990569949150085,,,,,
722,2,内旋转隐斜,Incyclophoria,H50.5,0.9998786449432373,,,,,
722,2,内隐斜,Esophoria,H50.5,0.9999216794967651,,,,,
722,3,集中[辐凑]，过度,"convergence, excess",H51.1,0.9868500828742981,,,,,
722,3,散开[双眼外展]，机能不全,"divergence, insufficiency",H51.8,0.9928783178329468,,,,,
723,2,内脏的 - 见情况,"Viscera, visceral - see condition",,0.9764488935470581,,,,,
723,2,内脏反位或逆位(腹)(胸),Situs inversus or transversus (abdominalis) (thoracis),Q89.3,0.9850848317146301,,,,,
723,2,内脏下垂,"Splanchnoptosis, Visceroptosis",K63.4,0.9840599298477173,,,,,
723,2,内脏异位,Heterotaxia,Q89.3,0.9999512434005737,,,,,
723,2,内障(另见白内障),Cataracta (see also Cataract),H26.9,0.9997245669364929,,,,,
723,3,并发性,complicata,H26.2,0.9545499682426453,,,,,
723,3,花冠状,coronaria,Q12.0,0.9759048223495483,,,,,
723,3,葵花状,sunflower,H26.2,0.9477814435958862,,,,,
723,3,蓝色,cerulea,Q12.0,0.970757782459259,,,,,
723,3,膜性,membranacea,,0.9717902541160583,,,,,
723,4,粘着性,accreta,H26.4,0.9436344504356384,,,,,
723,4,先天性,congenita,Q12.0,0.9447196125984192,,,,,
723,3,珊瑚状,coralliformis,Q12.0,0.9755654335021973,,,,,
723,3,先天性,congenita,Q12.0,0.9540644884109497,,,,,
723,3,中心性粉状,centralis pulverulenta,Q12.0,0.9730272889137268,,,,,
723,3,棕色,brunescens,H25.1,0.9690024256706238,,,,,
723,2,内眦赘皮(眼睑)(先天性),"Epicanthus, epicanthic fold (eyelid) (congenital)",Q10.3,0.9906687140464783,,,,,
723,1,néng 能,,,0.9433913826942444,,,,,
723,2,能生育的无睾综合征,Fertile eunuch syndrome,E23.0,0.9956813454627991,,,,,
723,1,ní 尼,,,0.997999906539917,,,,,
723,2,尼古拉(-迪朗)-法夫尔病,Nicolas(-Durand)-Favre disease,A55,0.9978805780410767,,,,,
723,2,尼曼-皮克病或综合征(各型),Niemann-Pick disease or syndrome (all types),E75.2,0.9997488260269165,,,,,
723,1,nì 逆,,,0.8740434646606445,,,,,
723,2,逆蠕动,Reverse peristalsis,R19.2,0.9728364944458008,,,,,
723,2,逆行性月经,Retrograde menstruation,N92.5,0.985332727432251,,,,,
723,1,nì 溺,,,,,,,,
723,2,溺爱，父母对儿童,"Overprotection, child by parent",Z62.1,0.9991170167922974,,,,,
723,2,溺褥(另见遗尿),Bedwetting (see also Enuresis),R32,0.9984919428825378,,,,,
723,2,溺水(致命性)(非致命性),Submersion (fatal) (nonfatal),T75.1,0.9806473851203918,,,,,
723,1,nián 年粘,,,0.9999598264694214,,,,,
723,1,nián 年,,,,,,,,
723,2,年老(另见衰老),Age (old) (see also Senility),R54,0.9976810216903687,,,,,
724,2,粘蛋白沉积症(皮肤)(局灶性)(丘疹性),Mucinosis (cutaneous) (focal) (papular) (skin),L98.5,0.9748201370239258,,,,,
724,3,口腔,oral,K13.7,0.9502870440483093,,,,,
724,2,粘多糖贮积症[粘多糖贮积病],Mucopolysaccharidosis,E76.3,0.9996553659439087,,,,,
724,3,特指的 NEC,specified NEC,E76.2,0.9715966582298279,,,,,
724,3,心脏病,cardiopathy,E76.3+ I52.8*,0.9471117258071899,,,,,
724,3,型,type,,0.916468620300293,,,,,
724,4,I,I,E76.0,0.9194841384887695,,,,,
724,4,Ⅱ,II,E76.1,0.9268532991409302,,,,,
724,4,III、IV、VI、VII,"III, IV, VI, VII",E76.2,0.8580731153488159,,,,,
724,2,粘多糖贮积症IS型,Scheie's syndrome,E76.0,0.9771099090576172,,,,,
724,2,粘膜白斑病,Leukokeratosis,,0.9999380111694336,,,,,
724,3,声带,vocal cord,J38.3,0.9969618320465088,,,,,
724,3,烟碱性腭,nicotina palati,K13.2,0.9975087642669678,,,,,
724,2,粘膜皮肤利什曼病,Uta,B55.1,0.9495861530303955,,,,,
724,2,粘膜下的-见情况,Submucous - see condition,,0.9815298318862915,,,,,
724,2,粘膜疹，病毒性,"Enanthema, viral",B09,0.9999065399169922,,,,,
724,2,粘液 - 另见情况,"Mucous, Mucus - see also condition",,0.9279415607452393,,,,,
724,3,斑(梅毒性),patches (syphilitic),A51.3,0.9961320757865906,,,,,
724,4,先天性,congenital,A50.0,0.9864394068717957,,,,,
724,3,大便内,in stool,R19.5,0.9874190092086792,,,,,
724,3,"栓(另见窒息,粘液)","plug (see also Asphyxia, mucus)",T17.9,0.9695634841918945,,,,,
724,4,吸入，新生儿,"aspiration, newborn",P24.1,0.9782923460006714,,,,,
724,4,气管支气管的,tracheobronchial,T17.8,0.9796521067619324,,,,,
724,5,新生儿,newborn,P24.1,0.9604139924049377,,,,,
724,3,"窒息(另见窒息,粘液)","asphyxia or suffocation (see also Asphyxia, mucus)",T17.9,0.9653345942497253,,,,,
724,4,新生儿,newborn,P24.1,0.9917945861816406,,,,,
724,2,粘液瘤(M8840/0)-另见肿瘤，结缔组织，良性,"Myxoma (M8840/0) - see also Neoplasm, connective tissue, benign",,0.989544689655304,,,,,
724,3,神经鞘(M9562/0)-见肿瘤，神经，良性,"nerve sheath (M9562/0) - see Neoplasm, nerve, benign",,0.9856371879577637,,,,,
724,3,牙源性(M9320/0),odontogenic (M9320/0),D16.5,0.9691238403320312,,,,,
724,4,上颌(骨),upper jaw (bone),D16.4,0.9549415707588196,,,,,
724,2,粘液囊病(另见滑囊炎),Bursopathy (see also Bursitis),M71.9,0.9872437715530396,,,,,
724,3,特指的 NEC,specified NEC,M71.8,0.9438679814338684,,,,,
724,2,粘液囊炎- 现译名滑囊炎,Bursitis,,0.9710471034049988,,,,,
724,2,粘液囊肿,Mucocele,,0.9998594522476196,,,,,
724,3,鼻窦(旁窦),"nasal sinus, sinus (accessory) (nasal)",J34.1,0.9820848107337952,,,,,
724,3,鼻甲(骨)(中),turbinate (bone) (middle) (nasal),J34.1,0.9674493670463562,,,,,
724,3,胆囊,gallbladder,K82.1,0.9816486835479736,,,,,
724,3,颊窝,buccal cavity,K13.7,0.9932224750518799,,,,,
724,3,阑尾,appendix,K38.8,0.9728422164916992,,,,,
724,3,泪囊,lacrimal sac,H04.4,0.9976387023925781,,,,,
724,3,涎腺(任何),salivary gland (any),K11.6,0.9957695603370667,,,,,
725,2,粘液粘稠病,Mucoviscidosis,E84.9,0.9909114837646484,,,,,
725,3,伴有胎粪性肠梗阻,with meconium obstruction,E84.1+ P75*,0.9628874659538269,,,,,
725,2,粘液肉瘤(M8840/3)-见肿瘤，结缔组织，恶性,"Myxosarcoma (M8840/3) - see Neoplasm, connective tissue, malignant",,0.97968989610672,,,,,
725,2,粘液软骨肉瘤(M9220/3)-见肿瘤，软骨，恶性,"Myxochondrosarcoma (M9220/3) - see Neoplasm, cartilage, malignant",,0.9867400527000427,,,,,
725,2,粘液纤维瘤(M8811/0)-见肿瘤，结缔组织，良性,"Myxofibroma (M8811/0) - see Neoplasm, connective tissue, benign",,0.9873981475830078,,,,,
725,3,牙源性(M9320/0),odontogenic (M9320/0),D16.5,0.9556799530982971,,,,,
725,4,上颌(骨),upper jaw (bone),D16.4,0.9544501304626465,,,,,
725,2,"粘液纤维肉瘤(M8811/3)-见肿瘤，结缔组织,恶性","Myxofibrosarcoma (M8811/3) - see Neoplasm, connective tissue, malignant",,0.9768292307853699,,,,,
725,2,粘液性水肿(婴儿)(另见甲状腺功能减退症),Myxedema (infantile) (see also Hypothyroidism),E03.9,0.9870350956916809,,,,,
725,3,昏迷,coma,E03.5,0.9021617770195007,,,,,
725,3,皮肤,cutis,L98.5,0.9602471590042114,,,,,
725,3,丘疹性,papular,L98.5,0.9531839489936829,,,,,
725,3,先天性,congenital,E00.1,0.9644103050231934,,,,,
725,2,粘液性眼,Sticky eye,H10.0,0.9991481304168701,,,,,
725,2,粘液样脂肪肉瘤(M8852/3)-见肿瘤，结缔组织，恶性,"Myxoliposarcoma (M8852/3) - see Neoplasm, connective tissue, malignant",,0.9877628684043884,,,,,
725,2,粘液脂肪瘤(M8852/0),Myxolipoma (M8852/0),D17.9,0.9993138313293457,,,,,
725,2,粘液脂瘤-见脂肪瘤(M8852/0),Lipomyxoma (M8852/0) - see Lipoma,,0.9992397427558899,,,,,
725,2,粘液脂肉瘤(M8852/3)-见肿瘤，结缔组织，恶性,"Lipomyxosarcoma (M8852/3) - see Neoplasm, connective tissue, malignant",,0.9921323657035828,,,,,
725,2,粘脂贮积症[粘脂贮积病],Mucolipidosis,,0.9995692372322083,,,,,
725,3,Ⅰ型,I,E77.1,0.9287275075912476,,,,,
725,3,Ⅱ型，Ⅲ型,"II, III",E77.0,0.9287594556808472,,,,,
725,3,IV 型,IV,E75.1,0.8503119349479675,,,,,
725,1,niǎn 捻,,,0.9886768460273743,,,,,
725,2,捻发音,Crepitus,,0.9980509877204895,,,,,
725,3,关节,joint,M24.8,0.9764102101325989,,,,,
725,4,膝,knee,M23.8,0.9686882495880127,,,,,
725,3,头部,caput,Q75.8,0.9892957806587219,,,,,
725,1,niǎn 碾,,,0.9556952118873596,,,,,
725,2,碾压,Mangled,T07,0.988778293132782,,,,,
725,3,特指部位-见损伤，按部位,specified site – see Injury by site,,0.9662888050079346,,,,,
726,1,niàn 念,,,0.9618890881538391,,,,,
726,2,念珠菌病，念珠菌性,"Candidiasis, candidal, Candidosis, Moniliasis",B37.9,0.9909566044807434,,,,,
726,3,败血症,septicemia,B37.7,0.9837415814399719,,,,,
726,3,播散性,disseminated,B37.8,0.9801744222640991,,,,,
726,3,擦烂,intertrigo,B37.2,0.9383755922317505,,,,,
726,3,肺,lung,B37.1+ J99.8*,0.9558663964271545,,,,,
726,3,肺炎,pneumonia,B37.1+ J17.2*,0.9623345732688904,,,,,
726,3,龟头炎,balanitis,B37.4+ N51.2*,0.9852612614631653,,,,,
726,3,甲,nails,B37.2,0.9437595009803772,,,,,
726,3,甲床炎,onychia,B37.2,0.9679325819015503,,,,,
726,3,甲沟炎,paronychia,B37.2,0.9621378779411316,,,,,
726,3,口腔,mouth,B37.0,0.994448184967041,,,,,
726,3,泌尿生殖器 NEC,urogenital site NEC,B37.4,0.9564444422721863,,,,,
726,3,脑膜炎,meningitis,B37.5+ G02.1*,0.9402994513511658,,,,,
726,3,尿道炎,urethritis,B37.4+ N37.0*,0.9438538551330566,,,,,
726,3,皮肤,skin,B37.2,0.9939765930175781,,,,,
726,3,全身性,systemic,B37.8,0.9564275741577148,,,,,
726,3,人类免疫缺陷病毒(HIV)病所致,resulting from HIV disease,B20.4,0.9754385352134705,,,,,
726,3,特指部位 NEC,specified site NEC,B37.8,0.9741342663764954,,,,,
726,3,外阴,vulva,B37.3+ N77.1*,0.9785592555999756,,,,,
726,3,外阴阴道炎,vulvovaginitis,B37.3+ N77.1*,0.9836342334747314,,,,,
726,3,先天性,congenital,P37.5,0.9509938955307007,,,,,
726,3,新生儿,neonatal,P37.5,0.9633969068527222,,,,,
726,3,心内膜炎,endocarditis,B37.6+ I39.8*,0.9619807600975037,,,,,
726,3,阴道,vagina,B37.3+ N77.1*,0.9861252903938293,,,,,
726,2,念珠菌疹,Candidid,L30.2,0.9998524785041809,,,,,
726,2,念珠状发(先天性),"Beaded hair, Monilethrix (congenital)",Q84.1,0.9783815741539001,,,,,
726,1,niǎo 鸟,,,0.9458664059638977,,,,,
726,2,鸟,Bird,,0.9998020529747009,,,,,
726,3,好鸟者病或好鸟者肺,fancier's disease or lung,J67.2,0.9785934090614319,,,,,
726,3,面,face,Q75.8,0.9669821262359619,,,,,
726,2,鸟氨酸代谢紊乱,Ornithine metabolism disorder,E72.4,0.9955477118492126,,,,,
726,2,鸟氨酸血症(Ⅰ型)(Ⅱ型),Ornithinemia (type I) (type II),E72.4,0.9866913557052612,,,,,
726,2,鸟疫,Ornithosis,A70,0.9997516870498657,,,,,
726,3,伴有肺炎,with pneumonia,A70+ J17.8*,0.9784885048866272,,,,,
727,1,niào 尿,,,0.9439032077789307,,,,,
727,2,尿，尿中,Urine,,0.9998229146003723,,,,,
727,3,漏出,extravasation,R39.0,0.9998201131820679,,,,,
727,3,排出，频繁,"discharge, excessive",R35,0.9930700659751892,,,,,
727,3,排泄,secretion,,0.9991220831871033,,,,,
727,4,不足,deficient,R34,0.9058731198310852,,,,,
727,4,过多,excessive,R35,0.9600616097450256,,,,,
727,3,失禁,incontinence,R32,0.9968815445899963,,,,,
727,4,非器质性原因.,nonorganic origin,F98.0,0.9841839075088501,,,,,
727,3,有脓,pus in,N39.0,0.9708743691444397,,,,,
727,3,有血(另见 血尿),blood in (see also Hematuria),R31,0.957988977432251,,,,,
727,3,潴留或停滞,retention or stasis,R33,0.9790887236595154,,,,,
727,4,心因性,psychogenic,F45.3,0.9387766122817993,,,,,
727,2,尿闭,"Ischuria, Urodialysis",R34,0.9816490411758423,,,,,
727,2,"尿闭,肾性(另见衰竭，肾)","Shutdown, renal (see also Failure, renal)",N19,0.9458703994750977,,,,,
727,3,后,following,,0.9723146557807922,,,,,
727,4,流产(随后发生),abortion (subsequent episode),O08.4,0.9589303731918335,,,,,
727,5,近期发生-见流产,current episode - see Abortion,,0.9680237174034119,,,,,
727,4,异位妊娠或葡萄胎妊娠,ectopic or molar pregnancy,O08.4,0.9659421443939209,,,,,
727,2,尿布皮炎,Jacquet's dermatitis,L22,0.9507485032081604,,,,,
727,2,尿道出血,Urethrorrhagia,N36.8,0.952802836894989,,,,,
727,2,尿道的 - 见情况,"Urethra, urethral - see condition",,0.9757454991340637,,,,,
727,2,尿道积水,Hydrourethra,N36.8,0.9851795434951782,,,,,
727,2,尿道结石病(伴有绞痛或感染),Urethrolithiasis (with colic or infection),N21.1,0.9887164235115051,,,,,
727,2,尿道口的 - 见情况,"Meatus, meatal - see condition",,0.970206618309021,,,,,
727,2,尿道口炎(另见尿道炎),"Meatitis, urethral (see also Urethritis)",N34.2,0.9813318848609924,,,,,
727,2,尿道旁管,Paraurethral duct,Q64.7,0.9999223947525024,,,,,
727,2,尿道旁裂,Paraspadias,Q54.9,0.9994764924049377,,,,,
727,2,尿道旁腺的-见情况,Skene's gland - see condition,,0.9971286058425903,,,,,
727,2,尿道旁腺炎(另见尿道炎),Skenitis (see also Urethritis),N34.2,0.9984328150749207,,,,,
727,2,尿道旁炎(另见尿道炎),Paraurethritis (see also Urethritis),N34.2,0.9963914155960083,,,,,
727,3,淋球菌性(急性)(慢性)(伴有脓肿),gonococcal (acute)(chronic) (with abscess),A54.1,0.9808977246284485,,,,,
727,2,尿道膀胱三角区炎,Urethrotrigonitis,N30.3,0.9996646046638489,,,,,
727,2,尿道膨出,Urethrocele,,0.9999064803123474,,,,,
727,3,男性,male,N36.3,0.9406149387359619,,,,,
727,3,女性,female,N81.0,0.96843421459198,,,,,
727,4,伴有,with,,0.7752847075462341,,,,,
727,5,膀胱膨出,cystocele,N81.1,0.975167989730835,,,,,
727,5,子宫脱垂-见脱垂，子宫,"prolapse of uterus - see Prolapse, uterus",,0.9426188468933105,,,,,
727,2,尿道球腺炎(另见尿道炎),Cowperitis (see also Urethritis),N34.2,0.9869028329849243,,,,,
727,2,尿道上裂(女性)(男性),Epispadias (female) (male),Q64.0,0.9811634421348572,,,,,
727,2,尿道痛,Urethralgia,R39.8,0.9533583521842957,,,,,
727,2,尿道狭窄(另见狭窄，尿道),"Ankylurethria (see also Stricture, urethra)",N35.9,0.9873983860015869,,,,,
728,2,尿道下裂,Hypospadias,Q54.9,0.9999676942825317,,,,,
728,3,冠部,coronal,Q54.0,0.9483087658882141,,,,,
728,3,龟头(部),"balanic, glandular",Q54.0,0.9811583757400513,,,,,
728,3,会阴,perineal,Q54.3,0.9553868174552917,,,,,
728,3,特指的 NEC,specified NEC,Q54.8,0.9573602676391602,,,,,
728,3,阴茎,penile,Q54.1,0.9827409386634827,,,,,
728,3,阴茎阴囊,penoscrotal,Q54.2,0.9953325986862183,,,,,
728,2,尿道腺炎(另见 尿道炎),Littritis (see also Urethritis),N34.2,0.9814363121986389,,,,,
728,2,尿道炎(前)(后),Urethritis (anterior) (posterior),N34.2,0.9870813488960266,,,,,
728,3,非淋球菌性,nongonococcal,N34.1,0.9767338633537292,,,,,
728,4,赖特[莱特尔]病,Reiter's,M02.3,0.9831283688545227,,,,,
728,3,非特异性,nonspecific,N34.1,0.9955254793167114,,,,,
728,3,非性病性,nonvenereal,N34.1,0.9665140509605408,,,,,
728,3,结石性,calculous,N21.1,0.9704636335372925,,,,,
728,3,绝经后期,postmenopausal,N34.2,0.9946020841598511,,,,,
728,3,赖特[莱特尔]病,Reiter's,M02.3,0.9959381222724915,,,,,
728,3,淋球菌性,gonococcal,A54.0,0.9858600497245789,,,,,
728,4,伴有脓肿(副腺)(尿道周),with abscess (accessory gland) (periurethral),A54.1,0.9807451367378235,,,,,
728,3,毛滴虫性或由于(阴道)毛滴虫引起的,trichomonal or due to Trichomonas (vaginalis),A59.0+ N37.0*,0.9775136709213257,,,,,
728,3,念珠菌性,candidal,B37.4+ N37.0*,0.9833056330680847,,,,,
728,3,双球菌性(淋球菌性),diplococcal (gonococcal),A54.0,0.9727899432182312,,,,,
728,4,伴有脓肿(副腺)(尿道周),with abscess (accessory gland) (periurethral),A54.1,0.9874661564826965,,,,,
728,3,特指的NEC,specified NEC,N34.2,0.9747737050056458,,,,,
728,3,性病性NEC(非淋球菌性),venereal NEC (nongonococcal),A64+ N37.0*,0.9807690382003784,,,,,
728,3,衣原体性,chlamydial,A56.0,0.9923068881034851,,,,,
728,2,尿道液溢,Urethrorrhea,R36,0.9873263835906982,,,,,
728,2,尿道造口,Urethrostomy,,0.9998584985733032,,,,,
728,3,维护,attention to,Z43.6,0.9894368052482605,,,,,
728,3,状态,status,Z93.6,0.9604161381721497,,,,,
728,2,尿道周的-见情况,Periurethral - see condition,,0.9980902075767517,,,,,
728,2,尿道周炎(坏疽性)(另见尿道炎),Periurethritis (gangrenous) (see also Urethritis),N34.2,0.9960761070251465,,,,,
728,2,尿毒症(昏迷),"Uremia, uremic, Urinemia (coma)",N19,0.9942362308502197,,,,,
728,3,并发高血压(另见高血压，肾性),"complicating hypertension (see also Hypertension, kidney)",I12.0,0.9575175642967224,,,,,
728,3,高血压性(另见高血压，肾性),"hypertensive (see also Hypertension, kidney)",I12.0,0.9821223020553589,,,,,
728,3,后,following,,0.9834733009338379,,,,,
728,4,流产(随后发生),abortion (subsequent episode),O08.4,0.962824821472168,,,,,
728,4,异位妊娠或葡萄胎妊娠,ectopic or molar pregnancy,O08.4,0.9655926823616028,,,,,
728,3,慢性(另见衰竭，肾，慢性),"chronic (see also Failure, renal, chronic)",N18.9,0.9878439903259277,,,,,
728,3,母体NEC，影响到胎儿或新生儿,"maternal NEC, affecting fetus or newborn",P00.1,0.9871684908866882,,,,,
728,3,肾前,prerenal,R39.2,0.980518639087677,,,,,
728,3,肾外,extrarenal,R39.2,0.9906717538833618,,,,,
728,3,先天性,congenital,P96.0,0.9822030067443848,,,,,
728,3,新生儿,newborn,P96.0,0.9482824206352234,,,,,
729,2,尿关节炎，传染性(赖特[莱特尔]病),"Uroarthritis, infectious (Reiter's)",M02.3,0.9837349057197571,,,,,
729,2,尿汗症,"Urhidrosis, uridrosis",L74.8,0.9637835621833801,,,,,
729,2,尿黑酸1，2-二氧化酶缺乏,"Homogentisate l,2-dioxygenase deficiency",E70.2,0.9810994863510132,,,,,
729,2,尿黑酸尿,"Alcaptonuria,Alkaptonuria",E70.2,0.9906173944473267,,,,,
729,2,尿流缓慢,"Slowing, urinary stream",R39.1,0.9571048617362976,,,,,
729,2,尿路病,Uropathy,N39.9,0.9585703611373901,,,,,
729,3,反流性,reflux,N13.9,0.9691417813301086,,,,,
729,4,特指的 NEC,specified NEC,N13.8,0.9479916095733643,,,,,
729,3,梗阻性,obstructive,N13.9,0.9685513377189636,,,,,
729,4,特指的 NEC,specified NEC,N13.8,0.9666478037834167,,,,,
729,3,膀胱输尿管，与反流有关,"vesicoureteral, reflux-associated",N13.7,0.9968122243881226,,,,,
729,4,伴有肾盂肾炎(慢性),with pyelonephritis (chronic),N11.0,0.9882708191871643,,,,,
729,2,尿脓毒病,Urosepsis,N39.0,0.9958458542823792,,,,,
729,2,尿频(夜间),"Frequency of micturition, Pollakiuria (nocturnal)",R35,0.9982889294624329,,,,,
729,3,心因性,psychogenic,F45.3,0.9581988453865051,,,,,
729,2,尿沙(泌尿系)(另见 结石),Gravel (urinary) (see also Calculus),N20.9,0.9769877195358276,,,,,
729,2,尿石病(另见结石，泌尿道),"Urolithiasis (see also Calculus, urinary)",N20.9,0.9977231025695801,,,,,
729,2,尿素,Urea,,0.9994046688079834,,,,,
729,3,血中，高(另见尿毒症),"blood, high (see also Uremia)",N19,0.9811585545539856,,,,,
729,3,循环代谢紊乱,cycle metabolism disorder,E72.2,0.9942286014556885,,,,,
729,2,尿酸尿,Uricosuria,R82.9,0.9919779300689697,,,,,
729,2,尿酸血症(无症状),"Uricacidemia, Uricemia (asymptomatic)",E79.0,0.9863865971565247,,,,,
729,2,尿酸盐尿,Lithuria,R82.9,0.9507040977478027,,,,,
729,2,尿酸盐血症,Lithemia,E79.0,0.9854474663734436,,,,,
729,2,尿中管型,Casts in urine,R82.9,0.9929564595222473,,,,,
729,1,niè 颞,,,0.9115933179855347,,,,,
729,2,颞的 - 见情况,"Temple, Temporal - see condition",,0.966367781162262,,,,,
729,2,颞蝶的 - 见情况,Temporosphenoidal - see condition,,0.97287917137146,,,,,
729,1,níng 凝,,,0.9493336081504822,,,,,
729,2,凝结物，结石-另见结石,Concretion - see also Calculus,,0.9953927397727966,,,,,
729,3,包皮(男性),prepuce (male),N47,0.9879708290100098,,,,,
729,3,扁桃体,tonsil,J35.8,0.9729342460632324,,,,,
729,3,结膜,conjunctiva,H11.1,0.959446907043457,,,,,
729,3,精囊,seminal vesicle,N50.8,0.9865160584449768,,,,,
729,3,阑尾,appendicular,K38.1,0.9437148571014404,,,,,
729,3,泪道,lacrimalpassages,H04.5,0.9610271453857422,,,,,
729,3,泪小管,canaliculus,H04.5,0.9691178202629089,,,,,
729,3,眼睑,eyelid,H02.8,0.9463803172111511,,,,,
729,3,阴蒂,clitoris,N90.8,0.9480578899383545,,,,,
730,2,凝块肾,"Clump, kidney",Q63.1,0.9805192351341248,,,,,
730,2,凝血，血管内(弥漫性)(播散性)(另见去纤维蛋白),"Coagulation, intravascular (diffuse) (disseminated) (see also Defibrination)",D65,0.991822361946106,,,,,
730,3,胎儿或新生儿,fetus or newborn,P60,0.9769537448883057,,,,,
730,2,凝血障碍(另见缺陷，凝血),"Coagulopathy (see also Defect, coagulation)",D68.9,0.9977681636810303,,,,,
730,3,消耗性,consumption,D65,0.9871995449066162,,,,,
730,4,新生儿,newborn,P60,0.9298710227012634,,,,,
730,1,niú 牛,,,0.9927166700363159,,,,,
730,2,牛痘(全身性)(局部性),"Cowpox, Vaccinia (generalized) (localized)",B08.0,0.9955288767814636,,,,,
730,3,先天性,congenital,P35.8,0.9856829643249512,,,,,
730,3,眼睑,eyelid,B08.0+ H03.1*,0.941376805305481,,,,,
730,2,牛皮癣-现译名银屑病,Psoriasis,,0.9987233877182007,,,,,
730,2,牛心-见肥大，心脏,"Bovine heart - see Hypertrophy, cardiac",,0.9956936240196228,,,,,
730,2,牛眼(先天性),"Buphthalmia, buphthalmos (congenital)",Q15.0,0.9803835153579712,,,,,
730,1,niǔ 扭,,,0.9538992643356323,,,,,
730,2,扭曲鼻[鼻中隔偏曲],"Crooked septum, nasal",J34.2,0.9998202919960022,,,,,
730,2,扭伤，捩伤，劳损(关节)(韧带),"Sprain, strain (joint) (ligament)",T14.3,0.9964030981063843,,,,,
730,3,半月板,meniscus,,0.9657707214355469,,,,,
730,4,膝,knee,S83.6,0.9513557553291321,,,,,
730,5,伴有近期撕裂,with current tear,S83.2,0.9815269112586975,,,,,
730,5,陈旧性,old,M23.2,0.9826710224151611,,,,,
730,3,半月软骨(膝),semilunar cartilage (knee),S83.6,0.9761102795600891,,,,,
730,4,伴有近期撕裂,with current tear,S83.2,0.9922487735748291,,,,,
730,4,陈旧性,old,M23.2,0.9756432771682739,,,,,
730,3,背部,back,T09.2,0.9772806763648987,,,,,
730,3,鼻,nose,S03.5,0.961615800857544,,,,,
730,3,髌骨,patella,S83.6,0.9648651480674744,,,,,
730,3,尺肱关节,ulnohumeral,S53.4,0.989060640335083,,,,,
730,3,耻骨股骨,pubofemoral,S73.1,0.981853187084198,,,,,
730,3,耻骨联合,symphysis pubis,S33.7,0.9977474808692932,,,,,
730,3,骶(椎),sacral (spine),S33.7,0.9701808094978333,,,,,
730,3,骶骨结核,sacrotuberous,S33.7,0.9876947402954102,,,,,
730,3,骶髂(区),sacroiliac (region),S33.7,0.9833558201789856,,,,,
730,4,关节,joint,S33.6,0.9259145259857178,,,,,
730,4,慢性或陈旧性,chronic or old,M53.2,0.9674172401428223,,,,,
730,3,骶尾,sacrococcygeal,S33.7,0.9881645441055298,,,,,
730,3,多发性,multiple,T03.9,0.9589260220527649,,,,,
730,4,颈部伴有,neck with,,0.8763450980186462,,,,,
730,5,身体其他部位NEC,other body regions NEC,T03.8,0.9829612970352173,,,,,
730,5,头部,head,T03.0,0.9402632117271423,,,,,
731,4,躯干,trunk,T03.1,0.9249580502510071,,,,,
731,4,身体部位 NEC,body regions NEC,T03.8,0.943190336227417,,,,,
731,4,特指的 NEC,specified NEC,T03.8,0.9808157682418823,,,,,
731,4,头部伴有,head with,,0.8695230484008789,,,,,
731,5,颈部,neck,T03.0,0.9736950993537903,,,,,
731,5,身体其他部位,other body regions,T03.8,0.9705870747566223,,,,,
731,4,胸部伴有下背和骨盆,thorax with lower back and pelvis,T03.1,0.9738010764122009,,,,,
731,4,肢,limb,,0.7383818626403809,,,,,
731,5,上,upper,T03.2,0.8910357356071472,,,,,
731,6,伴有,with,,0.788820743560791,,,,,
731,7,下肢,lower limb(s),T03.4,0.9439913034439087,,,,,
731,6,胸部、下背和骨盆,"thorax, lower back and pelvis",T03.8,0.9758442044258118,,,,,
731,4,下,lower,T03.3,0.9063645005226135,,,,,
731,5,伴有,with,,0.751343846321106,,,,,
731,6,上肢,upper limb(s),T03.4,0.963409423828125,,,,,
731,7,胸部、下背和骨盆,"thorax, lower back and pelvis",T03.8,0.9902476072311401,,,,,
731,3,腓副韧带，膝,"fibular collateral, knee",S83.4,0.9954102635383606,,,,,
731,3,腓跟韧带,fibulocalcaneal,S93.4,0.9936903119087219,,,,,
731,3,跗骨,tarsal,S93.6,0.9955203533172607,,,,,
731,3,跗骨间,midtarsal,S93.6,0.9751034379005432,,,,,
731,3,跗跖,tarsometatarsal,S93.6,0.9420952200889587,,,,,
731,3,跟腱,Achilles tendon,S86.0,0.9590124487876892,,,,,
731,3,跟腓(韧带),calcaneofibular,S93.4,0.9499818086624146,,,,,
731,3,股骨头,"femur, head",S73.1,0.9242912530899048,,,,,
731,3,骨盆NEC,pelvis NEC,S33.7,0.9506272673606873,,,,,
731,3,颌(关节盘)(软骨),jaw (articular disk) (cartilage),S03.4,0.9781928658485413,,,,,
731,3,踝,ankle,S93.4,0.9714276194572449,,,,,
731,3,喙锁,coracoclavicular,S43.7,0.9964877963066101,,,,,
731,3,喙肱,coracohumeral,S43.4,0.975289523601532,,,,,
731,3,环甲软骨关节,cricothyroid articulation,S13.5,0.9905176758766174,,,,,
731,3,环韧带，髋,"orbicular, hip",S73.1,0.9912245869636536,,,,,
731,3,环杓软骨关节或韧带,cricoarytenoid articulation or ligament,S13.5,0.9883734583854675,,,,,
731,3,寰椎、寰枢、寰枕,"atlas, atlanto-axial, atlanto-occipital",S13.4,0.9898791909217834,,,,,
731,3,回旋套(肌腱),rotator cuff (tendon),S46.0,0.9891095161437988,,,,,
731,4,关节囊,capsule,S43.4,0.9676200747489929,,,,,
731,3,脊椎,"spine, vertebra",T09.2,0.9523616433143616,,,,,
731,4,骶,sacral,S33.7,0.9369629621505737,,,,,
731,4,颈,cervical,S13.4,0.965397834777832,,,,,
731,4,尾,coccyx,S33.7,0.9416075944900513,,,,,
731,4,胸,thoracic,S23.3,0.9746205806732178,,,,,
731,4,腰,lumbar,S33.5,0.9548859596252441,,,,,
731,3,甲状软骨或甲状腺区,thyroid cartilage or region,S13.5,0.994403064250946,,,,,
732,3,肩关节,shoulder joint,S43.4,0.9637557864189148,,,,,
732,4,板,blade,S43.7,0.9602576494216919,,,,,
732,4,带NEC,girdle NEC,S43.7,0.9553690552711487,,,,,
732,3,肩锁关节或韧带,acromioclavicular joint or ligament,S43.5,0.9516920447349548,,,,,
732,3,肩胛骨,scapula(r),S43.7,0.9749530553817749,,,,,
732,3,剑突软骨,xiphoid cartilage,S23.4,0.9921314120292664,,,,,
732,3,脚趾,toe(s),S93.5,0.9831278920173645,,,,,
732,3,胫侧，膝,"tibial collateral, knee",S83.4,0.9837083220481873,,,,,
732,3,胫骨(近端),tibia (proximal end),S83.6,0.9850776195526123,,,,,
732,3,胫腓韧带,tibiofibular,,0.9746066331863403,,,,,
732,4,上,superior,S83.6,0.876130223274231,,,,,
732,4,远侧,distal,S93.4,0.9637690186500549,,,,,
732,3,颈、颈背、颈胸,"cervical, cervicodorsal, cervicothoracic",S13.4,0.9878713488578796,,,,,
732,3,颈部NEC,neck NEC,S13.6,0.9688614010810852,,,,,
732,3,距腓,talofibular,S93.4,0.9946526288986206,,,,,
732,3,髋,hip,S73.1,0.9733654856681824,,,,,
732,3,阔韧带,broad ligament,S37.8,0.9563394784927368,,,,,
732,3,肋骨(胸廓),rib (cage),S23.4,0.9765825867652893,,,,,
732,3,肋软骨,costal cartilage,S23.4,0.9958640336990356,,,,,
732,3,肋与肋软骨、肋软骨胸骨,"chondrocostal, chondrosternal",S23.4,0.987951397895813,,,,,
732,3,拇指,thumb,S63.6,0.9762203097343445,,,,,
732,3,内侧副韧带，踝,"internal collateral, ankle",S93.4,0.9973074197769165,,,,,
732,3,内侧副韧带，膝,"medial collateral, knee",S83.4,0.9925114512443542,,,,,
732,3,颞下颌,temporomandibular,S03.4,0.9648717045783997,,,,,
732,3,髂股,iliofemoral,S73.1,0.9736288785934448,,,,,
732,3,前纵(韧带)，颈部,"anterior longitudinal, cervical",S13.4,0.985918402671814,,,,,
732,3,桡腕,radiocarpal,S63.5,0.9871957302093506,,,,,
732,3,桡肱,radiohumeral,S53.4,0.9421643018722534,,,,,
732,3,软骨,cartilage,,0.9516925811767578,,,,,
732,4,半月(膝),semilunar (knee),S83.6,0.9901511073112488,,,,,
732,5,伴有近期撕裂,with current tear,S83.2,0.9868676066398621,,,,,
732,4,甲状腺区,thyroid region,S13.5,0.9737752676010132,,,,,
732,4,剑突,xiphoid,S23.4,0.9854696393013,,,,,
732,4,肋,costal,S23.4,0.9538919925689697,,,,,
732,3,三角肌，踝,"deltoid, ankle",S93.4,0.9671202301979065,,,,,
732,3,十字韧带，膝,"cruciate, knee",S83.5,0.9963245391845703,,,,,
732,3,手,hand,S63.7,0.9555267095565796,,,,,
732,3,手指,finger(s),S63.6,0.9919618964195251,,,,,
732,3,外侧副韧带，膝,"lateral collateral, knee",S83.4,0.9896870255470276,,,,,
732,3,腕(楔骨)(舟骨)(半月骨),wrist (cuneiform) (scaphoid) (semilunar),S63.5,0.9476356506347656,,,,,
732,3,腕骨,carpal,S63.5,0.9599257111549377,,,,,
732,3,腕骨间,midcarpal,S63.7,0.993056058883667,,,,,
733,3,腕掌,carpometacarpal,S63.7,0.9797613024711609,,,,,
733,3,尾骨,coccyx,S33.7,0.9631391167640686,,,,,
733,3,无名,innominate,,0.9575956463813782,,,,,
733,4,耻骨联合,pubic junction,S33.7,0.9653864502906799,,,,,
733,4,骶骨联合,sacral junction,S33.6,0.9910764694213867,,,,,
733,4,髋臼,acetabulum,S73.1,0.9545804858207703,,,,,
733,3,膝NEC,knee NEC,S83.6,0.9654749631881714,,,,,
733,4,髌骨韧带,patellar ligament,S76.1,0.9702670574188232,,,,,
733,4,胫腓关节和韧带，上,"tibiofibular joint and ligament, superior",S83.6,0.9727691411972046,,,,,
733,4,内侧(胫)副韧带,medial (tibial) collateral,S83.4,0.9782078862190247,,,,,
733,4,十字韧带(前)(后),cruciate (anterior) (posterior),S83.5,0.9572572112083435,,,,,
733,4,特指的NEC,specified NEC,S83.6,0.9767975807189941,,,,,
733,4,外侧(腓)副韧带,lateral (fibular) collateral,S83.4,0.9616600275039673,,,,,
733,3,下颌骨(关节盘),mandible (articular disk),S03.4,0.9835882186889648,,,,,
733,3,胸(椎),"dorsal, thoracic (spine)",S23.3,0.9665076732635498,,,,,
733,3,胸部NEC,thorax NEC,S23.5,0.9958252906799316,,,,,
733,3,胸骨,"breast bone, sternum",S23.4,0.9978232383728027,,,,,
733,3,胸锁韧带,sternoclavicular joint,S43.6,0.9979798793792725,,,,,
733,3,腰(椎),lumbar (spine),S33.5,0.9661980867385864,,,,,
733,3,腰骶韧带,lumbosacral,S33.5,0.9721264243125916,,,,,
733,3,圆韧带,round ligament,S37.8,0.9905381798744202,,,,,
733,4,股,femur,S73.1,0.87127685546875,,,,,
733,3,掌骨(远侧)(上段),metacarpal (distal) (proximal),S63.7,0.9840589165687561,,,,,
733,3,掌指关节,metacarpophalangeal,S63.6,0.9948922395706177,,,,,
733,3,肢,limb,,0.9774681329727173,,,,,
733,4,上,upper,T11.2,0.9000857472419739,,,,,
733,5,伴有下肢(多部位),with lower limb(s) (multiple sites),T03.4,0.9859325289726257,,,,,
733,5,多部位,multiple sites,T03.2,0.9186428189277649,,,,,
733,4,下,lower,T13.2,0.9510340690612793,,,,,
733,5,伴有上肢(多部位),with upper limb(s) (multiple sites),T03.4,0.9867568612098694,,,,,
733,5,多部位,multiple sites,T03.3,0.9580980539321899,,,,,
733,3,跖趾关节,metatarsophalangeal,S93.5,0.9545393586158752,,,,,
733,3,指[趾]骨,phalanx,,0.9291415214538574,,,,,
733,4,脚,toe,S93.5,0.9751874804496765,,,,,
733,4,手,finger,S63.6,0.9049811363220215,,,,,
733,3,指间[趾间],interphalangeal,,0.9299294352531433,,,,,
733,4,脚,toe,S93.5,0.9318196177482605,,,,,
733,4,手,finger,S63.6,0.9021807312965393,,,,,
733,3,舟状骨(手),scaphoid (hand),S63.7,0.9829640984535217,,,,,
733,3,肘,elbow,S53.4,0.9370316863059998,,,,,
733,3,足,foot,S93.6,0.9871799349784851,,,,,
733,3,坐骨股骨,ischiofemoral,S73.1,0.9846422076225281,,,,,
733,3,坐骨关节囊韧带,ischiocapsular,S73.1,0.9953663945198059,,,,,
734,2,扭转(肠)(结肠),"Distortion, Torsion, Twist, twisted, Volvulus (bowel) (colon) (intestine)",K56.2,0.9914268255233765,,,,,
734,3,肠或结肠,"bowel, colon or intestine",K56.2,0.995248556137085,,,,,
734,3,肠系膜或网膜,mesentery or omentum,K56.2,0.991487443447113,,,,,
734,3,胆囊,gallbladder,K82.8,0.9594319462776184,,,,,
734,4,先天性,congenital,Q44.1,0.9307515025138855,,,,,
734,3,胆囊管,cystic duct,K82.8,0.9670042395591736,,,,,
734,3,胆总管(肝总管),bile duct (common) (hepatic),K83.8,0.968019425868988,,,,,
734,4,先天性,congenital,Q44.5,0.9430063366889954,,,,,
734,3,附睾,epididymis,N44,0.9721081852912903,,,,,
734,3,附件(女性),adnexa (female),N83.5,0.9702390432357788,,,,,
734,3,副卵管,accessory tube,N83.5,0.9935401082038879,,,,,
734,3,睾丸,"testis, testicle",N44,0.9919871091842651,,,,,
734,3,宫颈(另见错位，子宫),"cervix (see also Malposition, uterus)",N85.4,0.9899518489837646,,,,,
734,3,胫骨,tibia,M21.8,0.9417484998703003,,,,,
734,3,精索,spermatic cord,N44,0.9919954538345337,,,,,
734,3,痉挛-见张力失常，扭转,"spasm - see Dystonia, torsion",,0.9754194617271423,,,,,
734,3,卵巢(蒂),ovary (pedicle),N83.5,0.9535413384437561,,,,,
734,4,先天性,congenital,Q50.2,0.9189249277114868,,,,,
734,3,毛发(先天性),hair (congenital),Q84.1,0.9800098538398743,,,,,
734,3,梅克尔憩室[麦克尔憩室](先天性),Meckel's diverticulum (congenital),Q43.0,0.9954444169998169,,,,,
734,3,莫尔加尼囊状附件,hydatid of Morgagni,,0.9765239953994751,,,,,
734,4,男性,male,N44,0.949090838432312,,,,,
734,4,女性,female,N83.5,0.9518428444862366,,,,,
734,3,脾,spleen,D73.5,0.9901371002197266,,,,,
734,3,脐带，胎儿或新生儿的,umbilical cord in fetus or newborn,P02.5,0.9797332882881165,,,,,
734,3,器官或部位，先天性NEC-见异常，按部位,"organ or site, congenital NEC - see Anomaly, by site",,0.9859778881072998,,,,,
734,3,肾(蒂)(导致梗死),kidney (pedicle) (leading to infarction),N28.0,0.9763704538345337,,,,,
734,3,输卵管,"fallopian tube, oviduct",N83.5,0.9913226962089539,,,,,
734,3,胎儿或新生儿的脐带,umbilical cord in fetus or newborn,P02.5,0.9886354804039001,,,,,
734,3,胃(由于胃结肠韧带的缺失),stomach (due to absence of gastrocolic ligament),K31.8,0.9989026188850403,,,,,
734,3,先天性,congenital,Q43.8,0.9938298463821411,,,,,
734,3,阴茎,penis,N48.8,0.9910507798194885,,,,,
734,4,先天性,congenital,Q55.6,0.9282947778701782,,,,,
734,3,张力失常-见张力失常，扭转,"dystonia - see Dystonia, torsion",,0.9949946403503418,,,,,
734,3,子宫(另见错位，子宫),"uterus (see also Malposition, uterus)",N85.4,0.979535698890686,,,,,
734,1,niǔ 纽,,,0.9278106689453125,,,,,
734,2,纽结,Kink,,0.998535692691803,,,,,
734,3,动脉,artery,I77.1,0.9184258580207825,,,,,
734,3,回肠(另见梗阻，肠),"ileum or intestine (see also Obstruction, intestine)",K56.6,0.9691486358642578,,,,,
734,3,静脉,vein(s),I87.8,0.9709190726280212,,,,,
735,3,莱恩(另见梗阻，肠),"Lane's (see also Obstruction, intestine)",K56.6,0.9768133163452148,,,,,
735,3,器官或部位，先天性NEC-见异常，按部位,"organ or site, congenital NEC - see Anomaly, by site",,0.9813821911811829,,,,,
735,3,输尿管(肾盂接合处),ureter (pelvic junction),N13.5,0.9832351207733154,,,,,
735,4,伴有,with,,0.8251287341117859,,,,,
735,5,肾积水,hydronephrosis,N13.1,0.9802812933921814,,,,,
735,6,伴有感染,with infection,N13.6,0.9589641690254211,,,,,
735,5,肾盂肾炎(慢性),pyelonephritis (chronic),N11.1,0.9469305276870728,,,,,
735,4,先天性,congenital,Q62.3,0.9586812853813171,,,,,
735,2,纽结头发(后天性),Kinking hair (acquired),L67.8,0.9855287671089172,,,,,
735,2,纽孔畸形(手指),Buttonhole deformity (finger),M20.0,0.9995302557945251,,,,,
735,1,nóng 农,,,0.9753854274749756,,,,,
735,2,农民,Farmer's,,0.999984085559845,,,,,
735,3,肺,lung,J67.0,0.9606647491455078,,,,,
735,3,皮肤,skin,L57.8,0.9575214982032776,,,,,
735,2,农内-米尔罗伊综合征,Nonne-Milroy syndrome,Q82.0,0.9998711943626404,,,,,
735,1,nóng 脓,,,0.920595109462738,,,,,
735,2,脓毒败血症- 见败血症,Pyosepticemia - see Septicemia,,0.962724506855011,,,,,
735,2,脓毒性 - 另见情况,Septic - see also condition,,0.9814217686653137,,,,,
735,3,臂(伴有淋巴管炎),arm (with lymphangitis),L03.1,0.9935690760612488,,,,,
735,3,扁桃体，慢性,"tonsils, chronic",J35.0,0.997219979763031,,,,,
735,3,胆囊(急性),gallbladder (acute),K81.0,0.9888319373130798,,,,,
735,3,关节,joint,M00.9,0.9961576461791992,,,,,
735,3,甲,nail,L03.0,0.978149950504303,,,,,
735,3,脚趾(伴有淋巴管炎),toe (with lymphangitis),L03.0,0.9875869750976562,,,,,
735,3,脾(急性),spleen (acute),D73.8,0.9973089098930359,,,,,
735,3,脐带,umbilical cord,P38,0.9833428263664246,,,,,
735,3,手(伴有淋巴管炎),hand (with lymphangitis),L03.1,0.9773926734924316,,,,,
735,3,手指(伴有淋巴管炎),finger (with lymphangitis),L03.0,0.9813809394836426,,,,,
735,3,栓子-见栓塞,embolus - see Embolism,,0.9719789028167725,,,,,
735,3,痛(另见脓肿),sore (see also Abscess),L02.9,0.9846195578575134,,,,,
735,4,咽喉,throat,J02.0,0.9664387106895447,,,,,
735,5,链球菌性,streptococcal,J02.0,0.9582366347312927,,,,,
735,3,腿(伴有淋巴管炎)，除外趾,"leg (with lymphangitis), except toe(s)",L03.1,0.9813798069953918,,,,,
735,3,血栓 - 见 血栓形成,thrombus - see Thrombosis,,0.9189407229423523,,,,,
735,3,咽喉(另见咽炎),throat (see also Pharyngitis),J02.0,0.9980416297912598,,,,,
735,3,子宫(另见子宫内膜炎),uterus (see also Endometritis),N71.9,0.9923937320709229,,,,,
735,3,足(伴有淋巴管炎)，除外趾,"foot (with lymphangitis), except toe(s)",L03.1,0.9881188273429871,,,,,
736,2,脓毒症(全身性)(化脓性)(另见败血症),"Pyemia, pyemic, Sepsis (generalized) (purulent) (see also Septicemia)",A41.9,0.9892899990081787,,,,,
736,3,产褥期、产后、分娩中的(盆腔),"puerperal, postpartum, childbirth (pelvic)",O85,0.9897751808166504,,,,,
736,3,关节,joint,M00.9,0.9889469146728516,,,,,
736,3,后,following,,0.9486168026924133,,,,,
736,4,流产(随后发生),abortion (subsequent episode),O08.0,0.9519808888435364,,,,,
736,5,近期发生-见流产,current episode - see Abortion,,0.9413328766822815,,,,,
736,4,免疫接种,immunization,T88.0,0.9521698951721191,,,,,
736,4,输注、治疗性注射或输血,"infusion, therapeutic injection or transfusion",T80.2,0.9686294198036194,,,,,
736,4,异位妊娠或葡萄胎妊娠,ectopic or molar pregnancy,O08.0,0.958859920501709,,,,,
736,3,结核性-见结核，粟粒性,"tuberculous - see Tuberculosis, miliary",,0.988804817199707,,,,,
736,3,局部，手术伤口中,"localized, in operation wound",T81.4,0.993738055229187,,,,,
736,3,泌尿系,urinary,N39.0,0.9088236093521118,,,,,
736,3,盆腔，产褥期、产后、分娩中的,"pelvic, puerperal, postpartum, childbirth",O85,0.9913418889045715,,,,,
736,3,脐(新生儿)(病原体未特指的),umbilical (newborn) (organism unspecified),P36,0.9852691888809204,,,,,
736,4,破伤风,tetanus,A33,0.9682630896568298,,,,,
736,3,气管造口术吻合口,tracheostomy stoma,J95.0,0.9936051368713379,,,,,
736,3,细菌性，新生儿,"bacterial, newborn",P36.9,0.9966283440589905,,,,,
736,4,特指类型NEC,specified type NEC,P36.8,0.9652555584907532,,,,,
736,4,由于,due to,,0.7858128547668457,,,,,
736,5,大肠杆菌,Escherichia coli,P36.4,0.9716331362724304,,,,,
736,5,链球菌 NEC,streptococcus NEC,P36.1,0.9523308277130127,,,,,
736,6,B 族,group B,P36.0,0.9676229953765869,,,,,
736,5,葡萄球菌 NEC,Staphylococcus NEC,P36.3,0.9669539928436279,,,,,
736,6,金黄色,aureus,P36.2,0.9658863544464111,,,,,
736,5,厌氧菌NEC,anaerobes NEC,P36.5,0.944347083568573,,,,,
736,3,新生儿 NEC,newborn NEC,P36.9,0.974094033241272,,,,,
736,4,特指的NEC,specified NEC,P36.8,0.9828068614006042,,,,,
736,4,由于,due to,,0.7953681945800781,,,,,
736,5,大肠杆菌,Escherichia coli,P36.4,0.9401400685310364,,,,,
736,5,链球菌 NEC,streptococcus NEC,P36.1,0.9489037990570068,,,,,
736,6,B 族,group B,P36.0,0.9681307673454285,,,,,
736,5,葡萄球菌NEC,Staphylococcus NEC,P36.3,0.9815275073051453,,,,,
736,6,金黄色,aureus,P36.2,0.9802727699279785,,,,,
736,5,厌氧菌 NEC,anaerobes NEC,P36.5,0.9333622455596924,,,,,
736,3,眼内,intraocular,H44.0,0.9817638397216797,,,,,
736,3,疫苗接种后,postvaccinal,T88.0,0.9888593554496765,,,,,
736,3,由于装置、植入物或移植物(另见并发症，按部位和类型，感染或炎症),"due to device, implant or graft (see also Complications, by site and type, infection or inflammation)",T85.7,0.9757134914398193,,,,,
736,4,导管NEC,catheter NEC,T85.7,0.9551229476928711,,,,,
736,5,泌尿系(留置),urinary (indwelling),T83.5,0.9662514328956604,,,,,
736,5,输注 NEC,infusion NEC,T82.7,0.9527412056922913,,,,,
736,6,脊髓(硬膜外)(硬膜下),spinal (epidural) (subdural),T85.7,0.9593091011047363,,,,,
736,5,透析(肾),dialysis (renal),T82.7,0.9725919961929321,,,,,
736,6,腹膜内,intraperitoneal,T85.7,0.9751219749450684,,,,,
737,4,电(极)(脉冲发生器)(刺激器),electronic (electrode) (pulse generator) (stimulator),,0.9590203762054443,,,,,
737,5,骨,bone,T84.7,0.9410721063613892,,,,,
737,4,泌尿系,urinary,T83.5,0.9653626680374146,,,,,
737,5,神经系统(脑)(周围神经)(脊髓),nervous system (brain) (peripheral nerve) (spinal),T85.7,0.976859450340271,,,,,
737,5,心脏,cardiac,T82.7,0.9795414805412292,,,,,
737,4,动脉移植物NEC,arterial graft NEC,T82.7,0.9494022130966187,,,,,
737,4,关节假体,joint prosthesis,T84.5,0.9584395289421082,,,,,
737,4,矫形外科NEC,orthopedic NEC,T84.7,0.9546778798103333,,,,,
737,4,泌尿系 NEC,urinary NEC,T83.5,0.9596298336982727,,,,,
737,4,脑室颅内分流,ventricular intracranial shunt,T85.7,0.9553001523017883,,,,,
737,4,内固定(矫形外科)NEC,"fixation, internal (orthopedic) NEC",T84.6,0.9714800715446472,,,,,
737,5,矫形外科NEC,orthopedic NEC,T84.7,0.9653667211532593,,,,,
737,4,乳房(植入物),breast (implant),T85.7,0.9698400497436523,,,,,
737,4,生殖系NEC,genital NEC,T83.6,0.9585847854614258,,,,,
737,4,特指的NEC,specified NEC,T85.7,0.9578946828842163,,,,,
737,4,胃肠道(胆管)(食管),gastrointestinal (bile duct) (esophagus),T85.7,0.9389262199401855,,,,,
737,4,心脏 NEC,heart NEC,T82.7,0.9475220441818237,,,,,
737,5,瓣膜(假体),valve (prosthesis),T82.6,0.9789726138114929,,,,,
737,6,移植物,graft,T82.7,0.9330475330352783,,,,,
737,4,血管NEC,vascular NEC,T82.7,0.9377663135528564,,,,,
737,4,眼(角膜移植物)(眶植入物) NEC,ocular (corneal graft) (orbital implant) NEC,T85.7,0.9743043184280396,,,,,
737,2,脓尿(细菌性),Pyuria (bacterial),N39.0,0.9883101582527161,,,,,
737,2,脓疱(非恶性),Pustule (nonmalignant),L08.9,0.9986435770988464,,,,,
737,2,脓疱病(任何器官)(任何部位)(环形)(触染性)(单纯性),Impetigo (any organism) (any site) (circinate) (contagiosa) (simplex),L01.0,0.9823595285415649,,,,,
737,3,伯克哈特,Bockhart's,L01.0,0.9647031426429749,,,,,
737,3,大疱性,"bullous, bullosa",L01.0,0.9784466028213501,,,,,
737,3,溃疡性,ulcerative,L01.0,0.9607958197593689,,,,,
737,3,滤泡性,follicularis,L01.0,0.9236676096916199,,,,,
737,3,疱疹样,herpetiformis,L40.1,0.9793120622634888,,,,,
737,3,外耳,external ear,L01.0+ H62.4*,0.97589111328125,,,,,
737,3,新生儿,neonatorum,L01.0,0.9776676297187805,,,,,
737,3,寻常性,vulgaris,L01.0,0.9842861294746399,,,,,
737,3,眼睑,eyelid,L01.0+ H03.8*,0.9705106616020203,,,,,
737,2,脓疱性皮疹,Pustular rash,L08.0,0.9994494318962097,,,,,
737,3,恶性,malignant,A22.0,0.9253261089324951,,,,,
737,2,脓皮病NEC,"Pyoderma, pyodermia NEC",L08.0,0.9616793990135193,,,,,
737,3,坏疽性,gangrenosum,L88,0.9688187837600708,,,,,
737,3,蚀疮性,phagedenic,L88,0.9437791109085083,,,,,
737,3,新生儿,newborn,P39.4,0.9731788039207458,,,,,
737,3,增殖性,vegetans,L08.8,0.9771162867546082,,,,,
738,2,脓气心包,Pyopneumopericardium,I30.1,0.956038773059845,,,,,
738,2,脓气胸(感染性),Pyopneumothorax (infective),J86.9,0.99985271692276,,,,,
738,3,伴有瘘,with fistula,J86.0,0.9579205513000488,,,,,
738,3,结核性 NEC,tuberculous NEC,A16.5,0.9546615481376648,,,,,
738,2,脓性,Pus (in),,0.9997199177742004,,,,,
738,3,大便,stool,R19.5,0.9298083782196045,,,,,
738,3,尿,urine,N39.0,0.945526123046875,,,,,
738,2,脓性卡他(急性)(慢性)(另见淋病),Blennorrhea (acute) (chronic) (see also Gonorrhea),A54.9,0.9926975965499878,,,,,
738,3,下泌尿生殖道(淋球菌性),lower genitourinary tract (gonococcal),A54.0,0.9847139120101929,,,,,
738,3,新生儿(淋球菌性眼炎),neonatorum (gonococcal ophthalmia),A54.3+ H13.1*,0.9802647829055786,,,,,
738,2,脓性卵巢炎(另见输卵管卵巢炎),Pyo-oophoritis (see also Salpingo-oophoritis),N70.9,0.9926772117614746,,,,,
738,2,脓性膀胱炎(另见膀胱炎),Pyocystitis (see also Cystitis),N30.8,0.9977675676345825,,,,,
738,2,脓性皮炎,Pyodermatitis,L08.0,0.976048469543457,,,,,
738,3,增殖性,vegetans,L08.8,0.9954023361206055,,,,,
738,2,脓性肾炎,Pyonephritis,N12,0.9998024702072144,,,,,
738,2,脓胸,Pyothorax,J86.9,0.9998807907104492,,,,,
738,3,伴有瘘,with fistula,J86.0,0.995641827583313,,,,,
738,3,结核性 NEC,tuberculous NEC,A16.5,0.9648866653442383,,,,,
738,2,脓癣(脓性发癣),Kerion (celsi),B35.0,0.9979241490364075,,,,,
738,2,脓溢,Pyorrhea,K05.3,0.9430436491966248,,,,,
738,2,脓肿(栓子)(感染性)(转移性)(多发性)(生脓性)(脓毒性),Abscess (embolic) (infective) (metastatic) (multiple) (pyogenic) (septic),L02.9,0.9728020429611206,,,,,
738,3,阿米巴,amebic,A06.4,0.9695216417312622,,,,,
738,4,肺(和肝)(不伴有提及脑脓肿),lung (and liver) (without mention of brain abscess),A06.5+ J99.8*,0.9277101755142212,,,,,
738,4,肝(不伴有提及脑或肺脓肿),liver (without mention of brain or lung abscess),A06.4,0.9659296274185181,,,,,
738,4,脑(和肝或肺脓肿),brain (and liver or lung abscess),A06.6+ G07*,0.9683359861373901,,,,,
738,4,脾,spleen,A06.8,0.9504187107086182,,,,,
738,4,特指部位NEC,specified site NEC,A06.8,0.984154999256134,,,,,
738,3,伴有,with,,0.9753305315971375,,,,,
738,4,肠憩室病,diverticular disease (intestine),K57.8,0.9895656108856201,,,,,
738,5,大,large,K57.2,0.8814172148704529,,,,,
738,6,和小,and small,K57.4,0.9452385306358337,,,,,
738,5,小,small,K57.0,0.9109309315681458,,,,,
738,4,淋巴管炎-按脓肿项下部位编码,lymphangitis – code by site under Abscess,,0.95624840259552,,,,,
738,3,背(任何部分，除外臀部),"back (any part, except buttock)",L02.2,0.9901230931282043,,,,,
738,3,贝佐尔德,Bezold's,H70.0,0.9963007569313049,,,,,
738,3,鼻(外)(窝)(中隔),nose (external) (fossa) (septum),J34.0,0.9740368723869324,,,,,
738,3,鼻后部,postnasal,J34.0,0.9502664804458618,,,,,
738,3,鼻旁窦(慢性)(另见鼻窦炎),accessory sinus (chronic) (see also Sinusitis),J32.9,0.9891306161880493,,,,,
738,4,急性(另见鼻窦炎，急性),"acute (see also Sinusitis, acute)",J01.9,0.9671547412872314,,,,,
738,3,鼻咽,nasopharyngeal,J39.1,0.9788071513175964,,,,,
738,3,窦(慢性)(另见鼻窦炎),sinus (chronic) (see also Sinusitis),J32.9,0.9639269113540649,,,,,
739,3,臂(任何部分),arm (any part),L02.4,0.9720150828361511,,,,,
739,3,扁桃体，扁桃体内,"tonsil(s), intratonsillar",J36,0.9804942011833191,,,,,
739,3,扁桃体咽,tonsillopharyngeal,J36,0.9917885065078735,,,,,
739,3,扁桃体周,peritonsillar,J36,0.9624741673469543,,,,,
739,3,髌前,prepatellar,L02.4,0.9530208110809326,,,,,
739,3,玻璃体(液),vitreous (humor),H44.0,0.9916157722473145,,,,,
739,3,布罗迪[骨骺端脓肿](慢性)(局部性),Brodie's (chronic) (localized),M86.8,0.986119270324707,,,,,
739,3,部位 NEC,regional NEC,L02.8,0.9443064332008362,,,,,
739,3,藏毛,pilonidal,L05.0,0.9685080647468567,,,,,
739,3,产褥期-按产褥期，脓肿项下部位编码,"puerperal – code by site under Puerperal, abscess",,0.9813466668128967,,,,,
739,3,肠NEC,"bowel, intestine, intestinal NEC",K63.0,0.978030264377594,,,,,
739,3,肠系膜,"mesentery, mesenteric",K65.0,0.986762523651123,,,,,
739,4,直肠,rectal,K61.1,0.9600865840911865,,,,,
739,3,垂体(腺),pituitary (gland),E23.6,0.9646050333976746,,,,,
739,3,唇,lip,K13.0,0.9414995312690735,,,,,
739,3,大脑(栓子),cerebral (embolic),G06.0,0.9803655743598938,,,,,
739,3,大腿,thigh,L02.4,0.9928056597709656,,,,,
739,3,丹毒(另见丹毒),erysipelatous (see also Erysipelas),A46,0.9907234907150269,,,,,
739,3,胆囊,gallbladder,K81.0,0.9829002022743225,,,,,
739,3,道格拉斯[直肠子宫]陷窝或囊(另见腹膜炎，盆腔，女性),"Douglas' cul-de-sac or pouch, pouch of Douglas (see also Peritonitis, pelvic, female)",N73.5,0.9885768890380859,,,,,
739,3,骶骨(结核性),sacrum (tuberculous),A18.0+ M49.0*,0.9945186376571655,,,,,
739,4,非结核性,nontuberculous,M46.2,0.9857524633407593,,,,,
739,3,蝶(窦)(慢性),sphenoidal (sinus) (chronic),J32.3,0.9580163359642029,,,,,
739,3,顶区(头皮),parietal region (scalp),L02.8,0.9978116154670715,,,,,
739,3,动脉(壁),artery (wall),I77.8,0.9462242126464844,,,,,
739,3,窦(旁窦)(慢性)(鼻)(另见鼻窦炎),sinus (accessory)(chronic) (nasal) (see also Sinusitis),J32.9,0.969375491142273,,,,,
739,3,额窦(慢性),frontal sinus (chronic),J32.1,0.9889059662818909,,,,,
739,3,恶性NEC,pernicious NEC,L02.9,0.9803860187530518,,,,,
739,3,腭(软),palate (soft),K12.2,0.9553133249282837,,,,,
739,4,硬,hard,K10.2,0.9421856999397278,,,,,
739,3,耳(中),ear (middle),H66.4,0.9759523272514343,,,,,
739,3,耳廓,"auricle, ear",H60.0,0.9902265071868896,,,,,
739,4,急性,acute,H66.0,0.9820117950439453,,,,,
739,4,外,external,H60.0,0.9108014106750488,,,,,
739,3,肺(粟粒性)(腐败性),"lung, pulmonary (miliary) (putrid)",J85.2,0.9730411767959595,,,,,
739,4,阿米巴(伴有肝脓肿).,amebic (with liver abscess),A06.5+ J99.8,0.9607142210006714,,,,,
739,5,伴有,with,,0.7573217153549194,,,,,
739,6,肺炎,pneumonia,A06.5+ J17.0*,0.9854418635368347,,,,,
739,6,脑脓肿,brain abscess,A06.6+ G07*,0.9740919470787048,,,,,
739,4,伴有肺炎,with pneumonia,J85.1,0.9370898604393005,,,,,
739,5,由于特指的病原体-见肺炎，见于(由于),"due to specified organism - see Pneumonia, in (due to)",,0.9508769512176514,,,,,
740,3,冯·贝佐尔德,von Bezold's,H70.0,0.9979567527770996,,,,,
740,3,腐肉形成性 NEC,sloughing NEC,L02.9,0.9857591390609741,,,,,
740,3,附睾,epididymis,N45.0,0.9862606525421143,,,,,
740,3,腹,"abdomen, abdominal",,0.971544086933136,,,,,
740,4,壁,wall,L02.2,0.9201918840408325,,,,,
740,4,腔,cavity,K65.0,0.9814653992652893,,,,,
740,3,腹股沟(区),"groin, inguinal (region)",L02.2,0.9893873333930969,,,,,
740,4,淋巴腺或淋巴结,lymph gland or node,L04.1,0.9926996827125549,,,,,
740,3,腹膜(穿孔性)(破裂),"peritoneum, peritoneal (perforated) (ruptured)",K65.0,0.9883161783218384,,,,,
740,4,伴有阑尾炎,with appendicitis,K35.1,0.978175938129425,,,,,
740,4,产褥期、产后、分娩,"puerperal, postpartum, childbirth",O85,0.9662899971008301,,,,,
740,4,后,following,,0.9394873976707458,,,,,
740,5,流产(随后发生),abortion (subsequent episode),O08.0,0.9640684127807617,,,,,
740,5,异位妊娠或葡萄胎妊娠,ectopic or molar pregnancy,O08.0,0.9478616714477539,,,,,
740,4,结核性,tuberculous,A18.3+ K67.3*,0.9813685417175293,,,,,
740,4,盆腔,pelvic,,0.7781358957290649,,,,,
740,5,男性,male,K65.0,0.9298275113105774,,,,,
740,5,女性(另见腹膜炎，盆腔，女性),"female (see also Peritonitis, pelvic, female)",N73.5,0.9869163632392883,,,,,
740,4,手术后,postoperative,T81.4,0.9459081888198853,,,,,
740,3,腹膜后,retroperitoneal,K65.0,0.9876489043235779,,,,,
740,3,腹膜内,intraperitoneal,K65.0,0.9988203048706055,,,,,
740,3,腹膜外,extraperitoneal,K65.0,0.9843419790267944,,,,,
740,3,腹内(另见脓肿，腹膜),"intra-abdominal (see also Abscess, peritoneum)",K65.0,0.9812774658203125,,,,,
740,3,腹盆腔,abdominopelvic,K65.0,0.9734574556350708,,,,,
740,3,肝(胆管炎性)(血源性)(淋巴源性)(门静脉炎性),"hepatic, liver (cholangitic) (hematogenic) (lymphogenic) (pylephlebitic)",K75.0,0.9737263321876526,,,,,
740,4,阿米巴,amebic,A06.4,0.9862047433853149,,,,,
740,5,伴有,with,,0.8070307970046997,,,,,
740,6,肺脓肿,lung abscess,A06.5+ J99.8*,0.966077446937561,,,,,
740,6,脑脓肿(和肺脓肿),brain abscess (and lung abscess),A06.6+ G07*,0.981643795967102,,,,,
740,4,由于溶组织内阿米巴(另见脓肿，肝，阿米巴),"due to Entamoeba histolytica (see also Abscess,liver, amebic)",A06.4,0.9635893106460571,,,,,
740,3,肝下,subhepatic,K65.0,0.9393216371536255,,,,,
740,3,肛门,anus,K61.0,0.9755626916885376,,,,,
740,3,肛门缘,"marginal, anus",K61.0,0.994408905506134,,,,,
740,3,肛门直肠,anorectal,K61.2,0.9757480621337891,,,,,
740,3,肛周,perianal,K61.0,0.9800012707710266,,,,,
740,3,睾丸,testis,N45.0,0.9634186029434204,,,,,
740,3,膈,"diaphragm, diaphragmatic",K65.0,0.9936932325363159,,,,,
740,3,膈下,"subdiaphragmatic, subphrenic",K65.0,0.9961727857589722,,,,,
740,4,手术后,postoperative,T81.4,0.9497402310371399,,,,,
741,3,根尖(牙),apical (tooth),K04.7,0.9739001393318176,,,,,
741,4,伴有(牙槽)窦道,with sinus (alveolar),K04.6,0.967329204082489,,,,,
741,3,根尖周,periapical,K04.7,0.9878907799720764,,,,,
741,4,伴有(牙槽)窦道,with sinus (alveolar),K04.6,0.9527827501296997,,,,,
741,3,跟(足),heel,L02.4,0.9715242385864258,,,,,
741,3,宫颈(另见宫颈炎),cervix (uteri) (see also Cervicitis),N72,0.9496930837631226,,,,,
741,3,巩膜,sclera,H15.0,0.9340947866439819,,,,,
741,3,股(区),femoral (region),L02.4,0.9735943078994751,,,,,
741,3,骨(骨膜下),bone (subperiosteal),M86.8,0.9941734075546265,,,,,
741,4,鼻旁窦(慢性)(另见鼻窦炎),accessory sinus (chronic) (see also Sinusitis),J32.9,0.9767773151397705,,,,,
741,4,颌(下)(上),jaw (lower) (upper),K10.2,0.9385455250740051,,,,,
741,4,脊柱(结核性),spinal (tuberculous),A18.0+ M49.0*,0.9757921695709229,,,,,
741,5,非结核性,nontuberculous,M46.2,0.9951505661010742,,,,,
741,4,慢性,chronic,M86.6,0.9911078214645386,,,,,
741,4,乳突,mastoid,H70.0,0.9775920510292053,,,,,
741,4,岩锥,petrous,H70.2,0.9386830925941467,,,,,
741,3,骨膜,"periosteum, periosteal",M86.8,0.9799283146858215,,,,,
741,4,伴有骨髓炎,with osteomyelitis,M86.8,0.97699373960495,,,,,
741,5,急性,acute,M86.1,0.9341340065002441,,,,,
741,5,慢性,chronic,M86.6,0.9790526032447815,,,,,
741,3,骨膜下-见脓肿，骨,"subperiosteal - see Abscess, bone",,0.9862864017486572,,,,,
741,3,关节,joint,M00.9,0.9872634410858154,,,,,
741,4,脊柱(结核性),spine (tuberculous),A18.0+ M49.0*,0.980588436126709,,,,,
741,5,非结核性,nontuberculous,M46.5,0.9689931273460388,,,,,
741,3,冠周,pericoronal,K05.2,0.947911262512207,,,,,
741,3,腘,popliteal,L02.4,0.9263721108436584,,,,,
741,3,汗腺(顶泌性),sudoriparous,L75.8,0.9730824828147888,,,,,
741,3,汗腺(外分泌性),sweat gland,L74.8,0.9683738350868225,,,,,
741,3,颌(骨)(下)(上),jaw (bone) (lower)(upper),K10.2,0.9712584018707275,,,,,
741,3,颌下(区),submaxillary (region),L02.0,0.982311487197876,,,,,
741,3,虹膜,iris,H20.8,0.9768493175506592,,,,,
741,3,喉,larynx,J38.7,0.9401242136955261,,,,,
741,3,喉后,"postlaryngeal, retrolaryngeal",J38.7,0.9905365705490112,,,,,
741,3,滑囊,bursa,M71.0,0.988351583480835,,,,,
741,4,咽,pharyngeal,J39.1,0.9560741782188416,,,,,
741,3,化脓性NEC,suppurative NEC,L02.9,0.9736443161964417,,,,,
741,3,踝,ankle,L02.4,0.970203161239624,,,,,
741,3,回肠造口(芽),ileostomy (bud),K91.4,0.9764430522918701,,,,,
741,3,回盲部,ileocecal,K35.1,0.9733490943908691,,,,,
741,3,会厌,epiglottis,J38.7,0.9744759798049927,,,,,
741,3,会阴(浅表性),"perineum, perineal (superficial)",L02.2,0.98917555809021,,,,,
741,4,尿道,urethra,N34.0,0.9504557847976685,,,,,
742,3,肌肉,muscle,M60.0,0.9657309651374817,,,,,
742,3,脊(柱)(结核性),"spine, vertebra (column) (tuberculous)",A18.0+ M49.0*,0.99080491065979,,,,,
742,4,非结核性,nontuberculous,M46.2,0.9327638149261475,,,,,
742,3,脊髓(任何部分)(葡萄球菌性).,spinal cord (any part) (staphylococcal),G06.1,0.9905738234519958,,,,,
742,4,结核性,tuberculous,A17.8+ G07*,0.9524404406547546,,,,,
742,3,颊(外),cheek (external),L02.0,0.9696377515792847,,,,,
742,3,颊窝,buccal cavity,K12.2,0.9719722867012024,,,,,
742,3,甲(慢性)(伴有淋巴管炎),nail (chronic)(with lymphangitis),L03.0,0.9736016392707825,,,,,
742,3,甲状(腺),thyroid (gland),E06.0,0.9723626971244812,,,,,
742,3,肩(区),shoulder (region),L02.4,0.9818971157073975,,,,,
742,3,肩胛,scapular,M86.8,0.9836291670799255,,,,,
742,3,睑板腺,meibomian gland,H00.0,0.9703759551048279,,,,,
742,3,腱(鞘),tendon (sheath),M65.0,0.9723928570747375,,,,,
742,3,角膜,cornea,H16.3,0.9636634588241577,,,,,
742,3,脚趾(任何),toe (any),L02.4,0.953926682472229,,,,,
742,4,甲,nail,L03.0,0.8931405544281006,,,,,
742,3,结肠(壁),colon (wall),K63.0,0.9711532592773438,,,,,
742,3,结肠造口或肠造口,colostomy or enterostomy,K91.4,0.9612317681312561,,,,,
742,3,结缔组织 NEC,connective tissue NEC,L02.9,0.9517056345939636,,,,,
742,3,结核性-见结核，脓肿,"tuberculous - see Tuberculosis, abscess",,0.9928402900695801,,,,,
742,3,结膜,conjunctiva,H10.0,0.9975132346153259,,,,,
742,3,睫状体,ciliary body,H20.8,0.9956565499305725,,,,,
742,3,筋膜,fascia,M72.8,0.9972400665283203,,,,,
742,3,晶状体,lens,H27.8,0.9630556106567383,,,,,
742,3,精囊,seminal vesicle,N49.0,0.9789221286773682,,,,,
742,3,精索,spermatic cord,N49.1,0.9779276251792908,,,,,
742,3,颈部,"cervical (meaning neck), neck (region)",L02.1,0.9646498560905457,,,,,
742,4,淋巴腺或淋巴结,lymph gland or node,L04.0,0.9894946217536926,,,,,
742,3,考珀腺[尿道球腺],Cowper's gland,N34.0,0.9668294787406921,,,,,
742,3,颏,chin,L02.0,0.9410902857780457,,,,,
742,3,颏下,submental,L02.0,0.9467700719833374,,,,,
742,3,克罗恩病[局限性肠炎],Crohn's disease,K50.9,0.994755208492279,,,,,
742,4,大肠,large intestine,K50.1,0.9096129536628723,,,,,
742,5,和小肠,and small intestine,K50.8,0.9643712639808655,,,,,
742,4,小肠(十二指肠，回肠或空肠),"small intestine (duodenum, ileum or jejunum)",K50.0,0.9558701515197754,,,,,
742,3,口腔(底),mouth (floor),K12.2,0.9656640887260437,,,,,
742,3,髋(区),hip (region),L02.4,0.9754915833473206,,,,,
742,3,眶,"orbit, orbital",H05.0,0.9927681684494019,,,,,
742,3,眶内,intraorbital,H05.0,0.9937612414360046,,,,,
742,3,括约肌内(肛门),intrasphincteric (anus),K61.4,0.9969983696937561,,,,,
742,3,阔韧带(另见病，盆腔，炎性),"broad ligament (see also Disease, pelvis, inflammatory)",N73.2,0.982215404510498,,,,,
743,3,阑尾，阑尾周,"appendix, periappendicular",K35.1,0.961599588394165,,,,,
743,3,泪,lacrimal,,0.984146237373352,,,,,
743,4,道(管)(囊),passages (duct) (sac),H04.3,0.9416736960411072,,,,,
743,4,腺,gland,H04.0,0.9347457885742188,,,,,
743,4,小阜,caruncle,H04.3,0.9548290967941284,,,,,
743,3,泪管,tear duct,H04.3,0.9724456667900085,,,,,
743,3,冷(肺)(结核性)(另见结核，脓肿，肺),"cold (lung) (tuberculous) (see also Tuberculosis, abscess, lung)",A16.2,0.9838927388191223,,,,,
743,4,关节-见结核，关节,"articular - see Tuberculosis, joint",,0.9096348285675049,,,,,
743,3,利特雷腺[男性尿道腺][包皮腺],Littré's gland,N34.0,0.9903659820556641,,,,,
743,3,淋巴结结核性,scrofulous (tuberculous),A18.2,0.9812223315238953,,,,,
743,4,肠系膜,mesentery,I88.0,0.9691513180732727,,,,,
743,3,淋巴腺或淋巴结(急性)(另见淋巴结炎，急性),"lymph, lymphatic, gland or node, , glandular (lymph) (acute) (see also Lymphadenitis, acute)",L04.9,0.9917144179344177,,,,,
743,3,淋病性NEC(另见 淋球菌),gonorrheal NEC (see also Gonococcus),A54.1,0.9732241630554199,,,,,
743,3,瘘的 NEC,fistulous NEC,L02.9,0.9567602872848511,,,,,
743,3,颅，颅内,"cranium, intracranial",G06.0,0.9537016153335571,,,,,
743,3,卵巢(黄体)(另见输卵管卵巢炎),"ovary, ovarian (corpus luteum) (see also Salpingo-oophoritis)",N70.9,0.9835801720619202,,,,,
743,3,脉络膜,choroid,H30.0,0.9532958269119263,,,,,
743,3,盲肠后,retrocecal,K65.0,0.9598120450973511,,,,,
743,3,帽状腱膜下,subgaleal,L02.8,0.9687322378158569,,,,,
743,3,面部(任何部分，除外耳、眼和鼻),"face (any part, except ear, eye and nose)",L02.0,0.9974291324615479,,,,,
743,3,拇指,thumb,L02.4,0.9595894813537598,,,,,
743,4,甲,nail,L03.0,0.9447169303894043,,,,,
743,3,纳博特(卵泡)[颈淋巴结囊肿](另见宫颈炎),nabothian (follicle) (see also Cervicitis),N72,0.9857733845710754,,,,,
743,3,脑(任何部分),brain (any part),G06.0,0.9896373152732849,,,,,
743,4,阿米巴(伴有任何其他部位的脓肿),amebic (with abscess of any other site),A06.6+ G07*,0.9870619773864746,,,,,
743,4,耳源性,otogenic,G06.0,0.961391806602478,,,,,
743,4,结核性,tuberculous,A17.8+ G07*,0.9686900973320007,,,,,
743,4,淋球菌性,gonococcal,A54.8+ G07*,0.9872769713401794,,,,,
743,4,囊性,cystic,G06.0,0.9714797139167786,,,,,
743,4,棕色真菌病(着色真菌病),pheomycotic (chromomycotic),B43.1+ G07*,0.9847345948219299,,,,,
743,3,脑脊膜,meninges,G06.2,0.9941996335983276,,,,,
743,3,内阿米巴-见脓肿，阿米巴,"entamebic - see Abscess, amebic",,0.9716159701347351,,,,,
743,3,尿道(腺),urethral (gland),N34.0,0.956521213054657,,,,,
743,3,尿道旁管或尿道旁腺,Skene's duct or gland,N34.0,0.9982096552848816,,,,,
743,3,尿道球腺,bulbourethral gland,N34.0,0.9807071685791016,,,,,
743,3,尿道下,suburethral,N34.0,0.9852338433265686,,,,,
743,3,尿道周,periurethral,N34.0,0.9883377552032471,,,,,
743,4,淋球菌性(副腺)(尿道周),gonococcal (accessory gland) (periurethral),A54.1,0.9761884212493896,,,,,
743,3,颞部,"temple, temporal region",L02.0,0.9659814834594727,,,,,
744,3,颞蝶,temporosphenoidal,G06.0,0.9849531054496765,,,,,
744,3,脓血症性 -见败血症,pyemic - see Septicemia,,0.952378511428833,,,,,
744,4,新生儿(另见败血症，新生儿),"newborn (see also Septicemia, newborn)",P36.9,0.9303356409072876,,,,,
744,3,旁窦(另见鼻窦炎),parasinus (see also Sinusitis),J32.9,0.9824276566505432,,,,,
744,4,颅内静脉(任何),intracranial venous (any),G06.0,0.9784381985664368,,,,,
744,3,膀胱(壁),"bladder, vesical (wall)",N30.8,0.9854897260665894,,,,,
744,3,膀胱-子宫囊(另见腹膜炎，盆腔，女性),"vesico-uterine pouch (see also Peritonitis, pelvic, female)",N73.5,0.9803611040115356,,,,,
744,3,膀胱后,retrovesical,N30.8,0.9611797332763672,,,,,
744,3,膀胱周,perivesical,N30.8,0.9942532777786255,,,,,
744,3,盆腔,"pelvis, pelvic",,0.9894890189170837,,,,,
744,4,男性，腹膜,"male, peritoneal",K65.0,0.9705707430839539,,,,,
744,4,女性(另见病，盆腔，炎性),"female (see also Disease, pelvis, inflammatory)",N73.9,0.9770654439926147,,,,,
744,3,皮肤(另见脓肿，按部位),"cutaneous, skin (see also Abscess, by site)",L02.9,0.986687421798706,,,,,
744,3,皮下(另见脓肿，按部位),"subcutaneous (see also Abscess, by site)",L02.9,0.9902889728546143,,,,,
744,4,棕色真菌病(着色真菌病),pheomycotic (chromomycotic),B43.2+ L99.8*,0.9804016351699829,,,,,
744,3,脾,spleen,D73.3,0.9550173878669739,,,,,
744,4,阿米巴,amebic,A06.8,0.9529596567153931,,,,,
744,3,破裂(自发性)NEC,rupture (spontaneous) NEC,L02.9,0.9851390719413757,,,,,
744,3,蹼间隙,web space,L02.4,0.9901007413864136,,,,,
744,3,脐,"navel, umbilicus",L02.2,0.9885661005973816,,,,,
744,4,新生儿,newborn,P38,0.964982807636261,,,,,
744,3,气管,trachea,J39.8,0.9699305891990662,,,,,
744,3,髂(区),iliac (region),L02.2,0.987165093421936,,,,,
744,3,前额,forehead,L02.0,0.9935811758041382,,,,,
744,3,前列腺，前列腺周,"prostate, periprostatic",N41.2,0.9965051412582397,,,,,
744,4,淋球菌性(急性)(慢性),gonococcal (acute)(chronic),A54.2+ N51.0*,0.9750670194625854,,,,,
744,3,前庭大腺,Bartholin's gland,N75.1,0.9976208806037903,,,,,
744,3,鞘膜,tunica vaginalis,N49.1,0.9837571978569031,,,,,
744,3,球后,retrobulbar,H05.0,0.9438073635101318,,,,,
744,3,躯干,trunk,L02.2,0.9439181089401245,,,,,
744,3,蠕虫样阑尾,vermiform appendix,K35.1,0.9910848736763,,,,,
744,3,乳房(急性)(慢性)(非产褥期的),breast (acute) (chronic) (nonpuerperal),,0.9693036675453186,,,,,
744,4,产褥期、产后,"puerperal, postpartum",O91.1,0.9656956791877747,,,,,
744,4,妊娠,gestational,O91.1,0.9260852336883545,,,,,
744,4,新生儿,newborn,P39.0,0.9783182740211487,,,,,
744,3,乳房后-见脓肿，乳房,"retromammary - see Abscess, breast",,0.9732578992843628,,,,,
744,3,乳房内-见脓肿，乳房,"intramammary - see Abscess, breast",,0.9869036078453064,,,,,
744,3,乳房前-见脓肿，乳房,"premammary - see Abscess, breast",,0.9832432866096497,,,,,
744,3,乳房下-见脓肿，乳房,"submammary - see Abscess, breast",,0.9708771109580994,,,,,
744,3,乳头,nipple,N61,0.9787993431091309,,,,,
744,4,产褥期、产后或妊娠,"puerperal, postpartum or gestational",O91.0,0.9416502714157104,,,,,
745,3,乳突,mastoid,H70.0,0.9705514907836914,,,,,
745,3,"乳腺-见脓肿,乳房","mammary gland - see Abscess, breast",,0.9493605494499207,,,,,
745,3,乳晕(急性)(慢性)(非产褥期的),areola (acute) (chronic) (nonpuerperal),N61,0.9712569713592529,,,,,
745,4,产褥期、产后或妊娠,"puerperal, postpartum or gestational",O91.0,0.9635384678840637,,,,,
745,3,乳晕下(另见脓肿，乳房),"subareolar (see also Abscess, breast)",N61,0.9909865856170654,,,,,
745,4,产褥期、产后,"puerperal, postpartum",O91.1,0.9744021892547607,,,,,
745,3,软骨,cartilage,M94.8,0.9588572382926941,,,,,
745,3,腮(管)(腺),parotid (duct) (gland),K11.3,0.9633802771568298,,,,,
745,3,筛(骨)(慢性)(窦),ethmoid (bone) (chronic) (sinus),J32.2,0.9964941740036011,,,,,
745,3,伤寒后,post-typhoid,A01.0,0.9938095808029175,,,,,
745,3,伤口,wound,T81.4,0.9633992314338684,,,,,
745,3,上颌窦(慢性)(海默尔)(另见鼻窦炎，上颌窦),"antrum (chronic) (Highmore) (see also Sinusitis, maxillary)",J32.0,0.9816277027130127,,,,,
745,3,上颌骨，上颌,"maxilla, maxillary",K10.2,0.9857305884361267,,,,,
745,4,窦(慢性),sinus (chronic),J32.0,0.9625315070152283,,,,,
745,3,上呼吸道,"respiratory, upper",J39.8,0.9949785470962524,,,,,
745,3,舌(葡萄球菌性),"lingual, tongue (staphylococcal)",K14.0,0.9855830073356628,,,,,
745,3,舌下,sublingual,K12.2,0.9732180237770081,,,,,
745,4,腺,gland,K11.3,0.8908365964889526,,,,,
745,3,肾,"kidney, renal",N15.1,0.9844978451728821,,,,,
745,4,伴有结石,with calculus,N20.0,0.979269802570343,,,,,
745,5,伴有肾积水,with hydronephrosis,N13.6,0.9714093804359436,,,,,
745,4,并发于妊娠,complicating pregnancy,O23.0,0.9652364253997803,,,,,
745,5,影响到胎儿或新生儿,affecting fetus or newborn,P00.1,0.9773521423339844,,,,,
745,4,产褥期、产后,"puerperal, postpartum",O86.2,0.9622706174850464,,,,,
745,3,肾炎(另见脓肿，肾),"nephritic (see also Abscess, kidney)",N15.1,0.9805120825767517,,,,,
745,3,肾周(组织)，肾周炎的(另见脓肿，肾),"perirenal (tissue), perinephric, perinephritic (see also Abscess, kidney)",N15.1,0.9894020557403564,,,,,
745,3,生殖器官或生殖道NEC,genital organ or tract NEC,,0.9977405667304993,,,,,
745,4,男性,male,N49.9,0.9558680653572083,,,,,
745,5,多部位,multiple sites,N49.8,0.970684826374054,,,,,
745,5,特指的NEC,specified NEC,N49.8,0.9886878132820129,,,,,
745,4,女性(外),female (external),N76.4,0.9727886915206909,,,,,
745,4,后,following,,0.8581748008728027,,,,,
745,5,流产(随后发生),abortion (subsequent episode),O08.0,0.9342970848083496,,,,,
745,5,异位妊娠或葡萄胎妊娠,ectopic or molar pregnancy,O08.0,0.9714730381965637,,,,,
745,3,声带,vocal cord,J38.3,0.989642322063446,,,,,
745,3,食管,esophagus,K20,0.9672045707702637,,,,,
745,3,蚀疮性NEC,phagedenic NEC,L02.9,0.9553593993186951,,,,,
745,4,软下疳,chancroid,A57,0.9647575616836548,,,,,
745,3,视网膜,retina,H30.0,0.9519971609115601,,,,,
745,3,手,hand,L02.4,0.9479291439056396,,,,,
745,3,手术后(任何部位),postoperative (any site),T81.4,0.9849268198013306,,,,,
746,3,手术伤口,operative wound,T81.4,0.9893866181373596,,,,,
746,3,手指(任何),finger (any),L02.4,0.9390866160392761,,,,,
746,4,甲,nail,L03.0,0.9220717549324036,,,,,
746,3,输精管,vas deferens,N49.1,0.9462333917617798,,,,,
746,3,输卵管(另见输卵管卵巢炎),"fallopian tube, tubal, oviduct (see also Salpingo-oophoritis)",N70.9,0.9829685688018799,,,,,
746,3,输卵管卵巢(另见输卵管卵巢炎),tubo-ovarian (see also Salpingo-oophoritis),N70.9,0.9980980157852173,,,,,
746,3,输卵管系膜(另见输卵管卵巢炎),mesosalpinx (see also Salpingo-oophoritis),N70.9,0.9883513450622559,,,,,
746,3,输尿管周,periureteral,N28.8,0.9860488772392273,,,,,
746,3,丝虫(性)(另见侵染，丝虫性),"filaria, filarial (see also Infestation, filarial)",B74.9,0.9793481230735779,,,,,
746,3,锁骨上(窝),supraclavicular (fossa),L02.4,0.9913193583488464,,,,,
746,3,锁骨下(窝),infraclavicular (fossa),L02.4,0.9874900579452515,,,,,
746,3,特指部位NEC,specified site NEC,L02.8,0.9760275483131409,,,,,
746,3,体,corpus,,0.990147054195404,,,,,
746,4,海绵,cavernosum,N48.2,0.9549342393875122,,,,,
746,4,黄(另见输卵管卵巢炎),luteum (see also Salpingo-oophoritis),N70.9,0.9780734181404114,,,,,
746,3,头部NEC,head NEC,L02.8,0.9531041979789734,,,,,
746,3,头皮(任何部分),scalp (any part),L02.8,0.991172194480896,,,,,
746,3,腿(任何部分),leg (any part),L02.4,0.9957592487335205,,,,,
746,3,臀部,"buttock, gluteal (region)",L02.3,0.9678857326507568,,,,,
746,3,外耳道,external auditory canal,H60.0,0.9981235861778259,,,,,
746,3,外阴,vulva,N76.4,0.9343143105506897,,,,,
746,3,外阴阴道腺,vulvovaginal gland,N75.1,0.9730141162872314,,,,,
746,4,并发于妊娠,complicating pregnancy,O23.5,0.9626365303993225,,,,,
746,4,产褥期、产后,"puerperal, postpartum",O86.1,0.93402099609375,,,,,
746,3,腕,wrist,L02.4,0.9482983946800232,,,,,
746,3,网膜,"epiploon, epiploic, omentum",K65.0,0.9793837070465088,,,,,
746,3,膝,knee,L02.4,0.9659168124198914,,,,,
746,4,关节,joint,M00.9,0.8566139936447144,,,,,
746,3,下颌下(区)(间隙)(三角),submandibular (region) (space) (triangle),K12.2,0.9649853706359863,,,,,
746,4,腺,gland,K11.3,0.9199066162109375,,,,,
746,3,涎(管)(腺),salivary (duct) (gland),K11.3,0.9749615788459778,,,,,
746,3,陷窝(道格拉斯[直肠子宫])(后)(另见腹膜炎，盆腔，女性),"cul-de-sac (Douglas') (posterior) (see also Peritonitis, pelvic, female)",N73.5,0.9794847965240479,,,,,
746,3,小脑,"cerebellum, cerebellar",G06.0,0.957261323928833,,,,,
746,3,心包,pericardial,I30.1,0.9469731450080872,,,,,
746,3,心肌,myocardium,I40.0,0.9268200397491455,,,,,
746,3,心脏(另见心炎),heart (see also Carditis),I51.8,0.9782706499099731,,,,,
746,3,胸,chest,J86.9,0.9721061587333679,,,,,
746,4,伴有瘘,with fistula,J86.0,0.9586687088012695,,,,,
746,4,壁,wall,L02.2,0.942367434501648,,,,,
746,3,胸(腺),thymus (gland),E32.1,0.9583051800727844,,,,,
747,3,胸部,thorax,J86.9,0.992774248123169,,,,,
747,4,伴有瘘,with fistula,J86.0,0.9726751446723938,,,,,
747,3,胸肌(区),pectoral (region),L02.2,0.9690300822257996,,,,,
747,3,胸膜,pleura,J86.9,0.9553608298301697,,,,,
747,4,伴有瘘,with fistula,J86.0,0.9788950681686401,,,,,
747,3,牙(根),"dental, tooth, teeth (root)",K04.7,0.9861062169075012,,,,,
747,4,伴有(牙槽)窦道,with sinus (alveolar),K04.6,0.9432682991027832,,,,,
747,4,支持结构NEC,supporting structures NEC,K05.2,0.9561492800712585,,,,,
747,3,牙槽,"alveolar, dentoalveolar",K04.7,0.9805751442909241,,,,,
747,4,伴有窦道,with sinus,K04.6,0.9578538537025452,,,,,
747,3,牙髓,"pulp, pulpal (dental)",K04.0,0.9481003284454346,,,,,
747,3,牙龈,gingival,K05.2,0.9859625101089478,,,,,
747,3,牙周(壁),"paradontal, peridental, periodontal (parietal)",K05.2,0.9881536364555359,,,,,
747,4,伴有(牙槽)窦道,with sinus (alveolar),K04.6,0.9906665086746216,,,,,
747,3,牙周膜,pericemental,K05.2,0.9840918183326721,,,,,
747,3,咽喉(外侧),"pharynx, pharyngeal, throat (lateral)",J39.1,0.9805195331573486,,,,,
747,3,咽后,"postpharyngeal, retropharyngeal",J39.0,0.9953759908676147,,,,,
747,3,咽门,fauces,J39.1,0.9608306884765625,,,,,
747,3,咽旁，咽周,"parapharyngeal, peripharyngeal",J39.0,0.9851269125938416,,,,,
747,3,岩骨,petrous bone,H70.2,0.9855479001998901,,,,,
747,3,眼,eye,H44.0,0.9708911180496216,,,,,
747,3,眼睑,eyelid,H00.0,0.9599989652633667,,,,,
747,3,腰(结核性),lumbar (tuberculous),A18.0+ M49.0*,0.9742636680603027,,,,,
747,4,非结核性,nontuberculous,L02.2,0.9753612875938416,,,,,
747,3,腰背(区),loin (region),L02.2,0.9915812611579895,,,,,
747,3,腰肌，非结核性,"psoas, nontuberculous",M60.0,0.995447039604187,,,,,
747,3,腋(区),axilla (region),L02.4,0.9952006936073303,,,,,
747,4,淋巴腺或淋巴结,lymph gland or node,L04.2,0.969273567199707,,,,,
747,3,胰腺(管),pancreas (duct),K85,0.9931846857070923,,,,,
747,3,乙状结肠,sigmoid,K63.0,0.934180736541748,,,,,
747,3,阴唇(大)(小),labium (majus) (minus),N76.4,0.966158390045166,,,,,
747,4,并发于妊娠,complicating pregnancy,O23.5,0.9881706833839417,,,,,
747,4,产褥期、产后,"puerperal, postpartum",O86.1,0.9622375965118408,,,,,
747,3,阴道(壁)(另见阴道炎),vagina (wall) (see also Vaginitis),N76.0,0.969448447227478,,,,,
747,3,阴道旁,paravaginal,N76.0,0.9537480473518372,,,,,
747,3,阴道直肠(另见阴道炎),vaginorectal (see also Vaginitis),N76.0,0.9810587763786316,,,,,
747,3,阴阜,mons pubis,L02.2,0.9940698742866516,,,,,
747,3,阴茎,penis,N48.2,0.9925186634063721,,,,,
747,4,淋球菌性(副腺)(尿道周),gonococcal (accessory gland) (periurethral),A54.1,0.9811168909072876,,,,,
747,3,阴囊,scrotum,N49.2,0.9667651653289795,,,,,
747,3,龈,gum,K05.2,0.9432287216186523,,,,,
748,3,硬膜外,"epidural, extradural",G06.2,0.9854142665863037,,,,,
748,4,脊髓,spinal cord,G06.1,0.9676949977874756,,,,,
748,4,脑,brain,G06.0,0.937293529510498,,,,,
748,3,硬膜下,subural,G06.2,0.9832776188850403,,,,,
748,4,脊髓,spinal cord,G06.1,0.9342833757400513,,,,,
748,4,脑,brain,G06.0,0.9580546617507935,,,,,
748,3,圆韧带(另见病，盆腔，炎性),"round ligament (see also Disease, pelvis, inflammatory)",N73.2,0.971503734588623,,,,,
748,3,掌(间隙),palmar (space),L02.4,0.9600294828414917,,,,,
748,3,针眼,stitch,T81.4,0.94933021068573,,,,,
748,3,支气管,bronchi,J98.0,0.959241509437561,,,,,
748,3,肢(下)(上),limb (lower) (upper),L02.4,0.9889013767242432,,,,,
748,3,直肠，直肠旁,"rectum, pararectal",K61.1,0.9929043650627136,,,,,
748,3,直肠膀胱,rectovesical,N30.8,0.9786993265151978,,,,,
748,3,直肠周,perirectal,K61.1,0.9907922148704529,,,,,
748,3,肘窝[肘前间隙],antecubital space,L02.4,0.9993190169334412,,,,,
748,3,蛛网膜下,subarachnoid,G06.2,0.9597914218902588,,,,,
748,4,脊髓,spinal cord,G06.1,0.9427528381347656,,,,,
748,4,脑,brain,G06.0,0.9478204250335693,,,,,
748,3,椎管内,intraspinal,G06.1,0.9576466679573059,,,,,
748,4,非结核性,nontuberculous,M46.2,0.9822162985801697,,,,,
748,3,子宫(壁)(另见子宫内膜炎),"uterus, uterine (wall) (see also Endometritis)",N71.9,0.9961993098258972,,,,,
748,4,颈(另见宫颈炎),neck (see also Cervicitis),N72,0.9253891706466675,,,,,
748,4,韧带(另见病，盆腔，炎性),"ligament (see also Disease, pelvis, inflammatory)",N73.2,0.9864494204521179,,,,,
748,3,子宫后(另见腹膜炎，盆腔，女性),"retrouterine (see also Peritonitis, pelvic, female)",N73.5,0.986499547958374,,,,,
748,3,子宫旁(组织)(另见病，盆腔，炎性),"parauterine, parametric, parametrium (see also Disease, pelvis, inflammatory)",N73.2,0.9683617949485779,,,,,
748,3,子宫周(另见病，盆腔，炎性),"perimetric, periuterine (see also Disease, pelvis, inflammatory)",N73.2,0.9677337408065796,,,,,
748,3,纵隔,mediastinum,J85.3,0.9729436039924622,,,,,
748,3,眦,canthus,H10.5,0.9736288785934448,,,,,
748,3,足(任何部分),foot (any part),L02.4,0.9900022745132446,,,,,
748,3,坐骨直肠(窝),ischiorectal (fossa),K61.3,0.974122941493988,,,,,
748,1,nǔ 努,,,0.9947020411491394,,,,,
748,2,努恩膝,Nun's knee,M70.4,0.9980512857437134,,,,,
748,2,努南综合征[假特纳综合征],Noonan's syndrome,Q87.1,0.9989229440689087,,,,,
748,1,nǚ 女,,,0.9112032651901245,,,,,
748,2,女性恐怖,Gynephobia,F40.1,0.9908177256584167,,,,,
748,2,女性色情狂,Nymphomania,F52.7,0.9991697669029236,,,,,
748,2,女阴蚀疮,Esthiomene,A55,0.9996077418327332,,,,,
748,2,女子男化[女性假两性畸形],Gynandrism,Q56.0,0.9995459318161011,,,,,
749,1,nüè 疟,,,,,,,,
749,2,疟疾,"Cameroon fever, Malaria, malarial (fever), Paludism",B54,0.9957056641578674,,,,,
749,3,伴有,with,,0.9595041275024414,,,,,
749,4,黑尿热,blackwater fever,B50.8,0.9805400967597961,,,,,
749,5,血红蛋白尿性(胆汁),hemoglobinuric (bilious),B50.8,0.9675799012184143,,,,,
749,4,血红蛋白尿,hemoglobinuria,B50.8,0.964936375617981,,,,,
749,3,并发于妊娠、分娩或产褥期,"complicating pregnancy, childbirth or puerperium",O98.6,0.9843536019325256,,,,,
749,3,持续性(热),continued (fever),B50.9,0.9662070870399475,,,,,
749,3,弛张性,remittent,B54,0.9957324862480164,,,,,
749,3,恶性(间日)，急性,"falciparum, malignant (tertian), pernicious, acute, subtertian (fever)",B50.9,0.9809033274650574,,,,,
749,4,伴有并发症NEC,with complications NEC,B50.8,0.9677053689956665,,,,,
749,5,大脑型,cerebral,B50.0+ G94.8*,0.9391707181930542,,,,,
749,4,严重的,severe,B50.8,0.9677672386169434,,,,,
749,3,复发性,recurrent,B54,0.9771316647529602,,,,,
749,3,寒冷型,algid,B50.9,0.9770603775978088,,,,,
749,3,寄生虫学证实的 NEC,parasitologically confirmed NEC,B53.8,0.9607376456260681,,,,,
749,3,间日(良性)(伴有),"tertian (benign), vivax (with)",B51.9,0.9795398116111755,,,,,
749,4,并发症NEC,complications NEC,B51.8,0.964658260345459,,,,,
749,4,恶性,malignant,B50.9,0.9590952396392822,,,,,
749,4,脾破裂,ruptured spleen,B51.0+ D77*,0.9816510677337646,,,,,
749,3,临床诊断为(不伴有寄生虫学的证实),clinically diagnosed (without parasitological confirmation),B54,0.9906558394432068,,,,,
749,3,卵形,ovale,B53.0,0.9454278349876404,,,,,
749,3,脑型,cerebral,B50.0+ G94.8*,0.956226646900177,,,,,
749,3,疟原虫,Plasmodium (P.),,0.9730775356292725,,,,,
749,4,恶性NEC(另见疟疾，恶性),"falciparum NEC (see also Malaria, falciparum)",B50.9,0.979290246963501,,,,,
749,5,伴有其他疟原虫(另见疟疾，恶性),"with other Plasmodium (see also Malaria, falciparum)",B50,0.9951851963996887,,,,,
749,4,猴,simian,B53.1,0.9665255546569824,,,,,
749,5,伴有三日疟原虫(另见疟疾，三日),"with Plasmodium malariae (see also Malaria, malariae)",B52,0.9815009236335754,,,,,
749,6,和间日(另见疟疾，间日),"and vivax (see also Malaria, vivax)",B51,0.9558954238891602,,,,,
749,7,和恶性(另见疟疾，恶性),"and falciparum (see also Malaria, falciparum)",B50,0.9819144010543823,,,,,
749,4,间日NEC,vivax NEC,B51.9,0.9438211917877197,,,,,
749,5,伴有恶性疟原虫(另见疟疾，恶性),with Plasmodium falciparum (see also Malaria falciparum),B50,0.9794855713844299,,,,,
749,4,卵形,ovale,B53.0,0.9466513395309448,,,,,
749,5,伴有三日疟原虫(另见疟疾，三日),"with Plasmodium malariae (see also Malaria, malariae)",B52,0.9726859927177429,,,,,
749,6,和间日(另见疟疾，间日),"and vivax (see also Malaria, vivax)",B51,0.9851075410842896,,,,,
749,7,和恶性(另见疟疾，恶性),"and falciparum (see also Malaria, falciparum)",B50,0.9890808463096619,,,,,
750,4,三日NEC,malariae NEC,B52.9,0.9585822224617004,,,,,
750,5,伴有疟原虫,with Plasmodium,,0.9847118854522705,,,,,
750,6,恶性(和间日)(另见疟疾，恶性),"falciparum (and vivax) (see also Malaria, falciparum)",B50,0.9808233380317688,,,,,
750,6,间日(另见疟疾，间日),"vivax (see also Malaria, vivax)",B51,0.9602535963058472,,,,,
750,7,和恶性(另见疟疾，恶性),"and falciparum (see also Malaria, falciparum)",B50,0.9794051647186279,,,,,
750,3,热带,tropical,B50.9,0.9457116723060608,,,,,
750,3,日发(另见疟疾，恶性),"quotidian (see also Malaria, falciparum)",B50.9,0.96779465675354,,,,,
750,3,三日(伴有),"malariae, quartan (with)",B52.9,0.9867990612983704,,,,,
750,4,并发症 NEC,complications NEC,B52.8,0.9714480638504028,,,,,
750,4,肾小球疾患,glomerular disorder,B52.0+ N08.0*,0.9973936676979065,,,,,
750,3,特指型NEC(寄生虫学证实的),specified type NEC (parasitologically confirmed),B53.8,0.9959577322006226,,,,,
750,3,夏秋季,estivo-autumnal,B50.9,0.9941726326942444,,,,,
750,3,先天性NEC,congenital NEC,P37.4,0.9769783020019531,,,,,
750,4,恶性,falciparum,P37.3,0.989196240901947,,,,,
750,3,意外诱发(治疗性)-见疟疾，按类型,"accidentally induced (therapeutically) - see Malaria, by type",,0.979345977306366,,,,,
750,1,nüè 虐,,,0.9451133012771606,,,,,
750,2,虐待，受虐,"Abuse, Maltreatment (of)",,0.9993223547935486,,,,,
750,3,儿童NEC,child NEC,T74.9,0.9710009098052979,,,,,
750,4,躯体，嫌疑,"physical, alleged",Z61.6,0.9739524722099304,,,,,
750,4,特指的NEC,specified NEC,T74.8,0.9618097543716431,,,,,
750,4,性，嫌疑(被),"sexual, alleged (by)",,0.926550030708313,,,,,
750,5,家族成员,family member,Z61.4,0.9524686336517334,,,,,
750,5,家族以外人员,person outside family,Z61.5,0.9532249569892883,,,,,
750,3,个人史,personal history of,Z91.8,0.9982471466064453,,,,,
750,3,躯体(成人)(儿童),physical (adult) (child),T74.1,0.9682208895683289,,,,,
750,3,心理上的(成人)(儿童),psychological (adult) (child),T74.3,0.9804986119270325,,,,,
750,3,性,sexual,T74.2,0.9989535212516785,,,,,
750,4,儿童，嫌疑(被),"child, alleged (by)",,0.9384167790412903,,,,,
750,5,家族成员,family member,Z61.4,0.9230989217758179,,,,,
750,5,家族以外人员,person outside family,Z61.5,0.97068190574646,,,,,
750,3,综合征,syndrome,,0.9990453720092773,,,,,
750,4,成人(受虐)(的效应),abuse of adult (effects of),T74.9,0.9563671946525574,,,,,
750,4,儿童(受虐)(的效应),child abuse (effects of),T74.9,0.972227931022644,,,,,
