image_page,level,chinese,english,code,confidence,malignant_primary,malignant_secondary,in_situ,benign,uncertain_or_unspecified
601,3,阿米巴,amebic,A06.8,0.931884765625,,,,,
601,3,伴有,with,,0.9763005375862122,,,,,
601,4,穿孔或破裂 .,"perforation, peritonitis or rupture",K35.0,0.962533175945282,,,,,
601,5,腹膜脓肿,peritoneal abscess,K35.1,0.9543501138687134,,,,,
601,5,腹膜炎，局限性,"peritonitis, localized",K35.9,0.9789571762084961,,,,,
601,5,提及穿孔或破裂,with mention of perforation or rupture,K35.0,0.9894606471061707,,,,,
601,3,弥漫性,generalized,K35.0,0.9833807945251465,,,,,
601,3,肺炎球菌性,pneumococcal,K37,0.9696553945541382,,,,,
601,3,复发性,recurrent,K36,0.9658292531967163,,,,,
601,3,梗阻性,obstructive,K36,0.9950692653656006,,,,,
601,3,化脓性-见阑尾炎，急性,"suppurative — see Appendicitis, acute",,0.9705597758293152,,,,,
601,3,坏疽性-见阑尾炎，急性,"gangrenous – see Appendicitis, acute",,0.9512985348701477,,,,,
601,3,加重-见阑尾炎，急性,"exacerbation - see Appendicitis, acute",,0.9600355625152588,,,,,
601,3,间期性，间隔性,interval,K36,0.9899834990501404,,,,,
601,3,结核性,tuberculous,A18.3+ K93.0*,0.959216833114624,,,,,
601,3,盲肠后的,retrocecal,K37,0.9647325873374939,,,,,
601,3,愈合的(闭塞性),healed (obliterative),K36,0.9870155453681946,,,,,
601,2,阑尾周炎(另见阑尾炎),Periappendicitis (see also Appendicitis),K37,0.999651312828064,,,,,
601,1,lán 蓝,,,0.8995507955551147,,,,,
601,2,蓝,Blue,,0.9999035596847534,,,,,
601,3,点状内障,dot cataract,Q12.0,0.9927588105201721,,,,,
601,3,顶囊肿(乳房),dome cyst (breast),N60.0,0.9705175757408142,,,,,
601,3,巩膜,sclera,Q13.5,0.9887412190437317,,,,,
601,4,伴有骨脆症和聋,with fragility of bone and deafness,Q78.0,0.9799143671989441,,,,,
601,3,婴儿,baby,Q24.9,0.9765808582305908,,,,,
601,3,痣(M8780/0),nevus (M8780/0),D22.9,0.9724814295768738,,,,,
601,2,蓝色-见发绀,Blueness – see Cyanosis,,0.9533977508544922,,,,,
601,2,蓝色觉异常，蓝色盲,"Tritanomaly, tritanopia",H53.5,0.999549925327301,,,,,
601,1,làn 滥,,,0.9279056787490845,,,,,
601,2,滥用,Abuse,,0.9998254776000977,,,,,
601,3,苯丙胺(或相关物质).,amfetamine (or related substance),F15.1,0.9728904962539673,,,,,
601,3,苯环利定(或相关物质),PCP (phencyclidine) (or related substance),F19.1,0.9880754351615906,,,,,
601,3,草药或民间验方,herbal or folk remedies,F55,0.9965924620628357,,,,,
601,3,催眠剂,hypnotics,F13.1,0.981685996055603,,,,,
601,3,大麻类,"cannabis, cannabinoids",F12.1,0.9703280925750732,,,,,
601,3,激素,hormones,F55,0.9891127943992615,,,,,
601,3,解酸药,antacids,F55,0.9707307815551758,,,,,
602,3,精神活性物质(特指的NEC),psychoactive substance (specified NEC),F19.1,0.9826435446739197,,,,,
602,3,酒精(非依赖性),alcohol (non-dependent),F10.1,0.9661423563957214,,,,,
602,4,个人史[非近期],personal history of (no longer current),Z86.4,0.961406409740448,,,,,
602,4,康复措施,rehabilitation measures,Z50.2,0.9804357886314392,,,,,
602,4,咨询和监督,counselling and surveillance,Z71.4,0.9435959458351135,,,,,
602,3,抗焦虑药,anxiolytic,F13.1,0.9854722023010254,,,,,
602,3,可卡因,cocaine,F14.1,0.9628868103027344,,,,,
602,3,类阿片药,opioids,F11.1,0.9631878137588501,,,,,
602,3,类固醇,steroids,F55,0.982524573802948,,,,,
602,3,轻泻剂,laxatives,F55,0.9791707396507263,,,,,
602,3,溶剂,solvent,F18.1,0.9584944248199463,,,,,
602,3,维生素类,vitamins,F55,0.9692595601081848,,,,,
602,3,吸入剂,inhalants,F18.1,0.9312114119529724,,,,,
602,3,烟草,tobacco,F17.1,0.9666643738746643,,,,,
602,4,个人史[非近期],personal history of (no longer current),Z86.4,0.9372584223747253,,,,,
602,4,咨询和监督,counseling and surveillance,Z71.6,0.9678074717521667,,,,,
602,3,药物,drugs,,0.9817603230476379,,,,,
602,4,非致依赖性(精神活性),non-dependent (psychoactive),F55,0.9871090054512024,,,,,
602,5,安定药,tranquilizers,F13.1,0.955129861831665,,,,,
602,5,巴比妥盐类,barbiturates,F13.1,0.9754071831703186,,,,,
602,5,苯丙胺类,amfetamine-type,F15.1,0.980729877948761,,,,,
602,5,草药或民间验方,herbal or folk remedies,F55,0.9909077286720276,,,,,
602,5,大麻类,"cannabis, marihuana",F12.1,0.929802656173706,,,,,
602,5,二乙麦角酰胺LSD,LSD,F16.1,0.9578179717063904,,,,,
602,5,混合的,mixed,F19.1,0.7542213797569275,,,,,
602,5,激素,hormones,F55,0.9696632623672485,,,,,
602,5,解酸药,antacids,F55,0.9746235609054565,,,,,
602,5,咖啡因,caffeine,F15.1,0.9798055291175842,,,,,
602,5,可卡因类,cocaine-type,F14.1,0.9706545472145081,,,,,
602,5,类固醇,steroids,F55,0.9778137803077698,,,,,
602,5,吗啡类(类阿片药),morphine-type (opioids),F11.1,0.9830288887023926,,,,,
602,5,轻泻剂,laxatives,F55,0.9875896573066711,,,,,
602,5,特指的NEC,specified NEC,F19.1,0.7663346529006958,,,,,
602,5,维生素类,vitamins,F55,0.9190977811813354,,,,,
602,5,兴奋剂NEC,stimulants NEC,F15.1,0.9296516180038452,,,,,
602,5,印度大麻,hashish,F12.1,0.9573246240615845,,,,,
602,5,镇静剂,sedatives,F13.1,0.9010175466537476,,,,,
602,5,镇痛药(非开处方的),analgesics (non-prescribed),F55,0.9861456155776978,,,,,
602,5,致幻剂,hallucinogens,F16.1,0.987755537033081,,,,,
602,4,个人史[非近期],personal history of (no longer current),Z86.4,0.9392415285110474,,,,,
602,4,康复措施,rehabilitation measures,Z50.3,0.9917384386062622,,,,,
603,4,抗焦虑性,anxiolytics,F13.1,0.9439351558685303,,,,,
603,4,兴奋剂 NEC,stimulants NEC,F15.1,0.9897967576980591,,,,,
603,4,镇静剂,sedatives,F13.1,0.9583486914634705,,,,,
603,4,咨询和监督,counseling and surveillance,Z71.5,0.9740906953811646,,,,,
603,3,镇静剂,sedative,F13.1,0.9675680994987488,,,,,
603,3,致幻剂,hallucinogens,F16.1,0.9619072079658508,,,,,
603,1,láng 狼,,,0.9178617596626282,,,,,
603,2,狼疮,Lupus,,0.9989545941352844,,,,,
603,3,冻疮样(贝尼耶),pernio (Besnier),D86.3,0.9677665829658508,,,,,
603,3,非结核性，非播散性,"nontuberculous, not disseminated",L93.0,0.9939465522766113,,,,,
603,3,红斑(盘状)(局限性),erythematosus (discoid) (local),L93.0,0.9875121712684631,,,,,
603,4,播散性-见狼疮，红斑，系统性,"disseminated - see Lupus, erythematosus, systemic",,0.9853246808052063,,,,,
603,4,深部,profundus,L93.2,0.9695391058921814,,,,,
603,4,特指的NEC,specified NEC,L93.2,0.973203182220459,,,,,
603,4,系统性,systemic,M32.9,0.952914297580719,,,,,
603,5,伴有,with,,0.8158197402954102,,,,,
603,6,累及肺,lung involvement,M32.1+ J99.1*,0.9664552211761475,,,,,
603,6,肾小管间质病,renal tubulo-interstitial disease,M32.1+ N16.4*,0.9564085006713867,,,,,
603,5,母体，影响到胎儿或新生儿,"maternal, affecting fetus or newborn",P00.8,0.9728981852531433,,,,,
603,5,特指的NEC,specified NEC,M32.8,0.9768937230110168,,,,,
603,5,药物性,drug-induced,M32.0,0.971666157245636,,,,,
603,5,抑制物(存在),inhibitor (presence of),D68.6,0.9707638025283813,,,,,
603,4,亚急性皮肤,subacute cutaneous,L93.1,0.9781441688537598,,,,,
603,4,眼睑,eyelid,H01.1,0.9585829377174377,,,,,
603,3,结核性,tuberculous,A18.4,0.9843303561210632,,,,,
603,4,眼睑,eyelid,A18.4+ H03.1*,0.9794812798500061,,,,,
603,3,肼苯哒嗪,hydralazine,,0.956139862537384,,,,,
603,4,过量或给错或服错药物,overdose or wrong substance given or taken,T46.5,0.9557511806488037,,,,,
603,4,恰当使用正确的物质,correct substance properly administered,M32.0,0.9885861873626709,,,,,
603,3,盘状(局限性),discoid (local),L93.0,0.9950885772705078,,,,,
603,3,侵蚀性,exedens,A18.4,0.9925850629806519,,,,,
603,3,肾炎(慢性),nephritis (chronic),M32.1+ N08.5*,0.9584695100784302,,,,,
603,3,系统性-见狼疮，红斑，系统性,"systemic - see Lupus, erythematosus, systemic",,0.9937739968299866,,,,,
603,3,寻常,vulgaris,A18.4,0.9855937957763672,,,,,
603,4,眼睑,eyelid,A18.4+ H03.1*,0.9930071234703064,,,,,
603,3,脂膜炎,panniculitis,L93.2,0.9780397415161133,,,,,
604,1,lǎng 朗,,,0.99945467710495,,,,,
604,2,朗德里-现译名兰德里,Landry,,0.9870015978813171,,,,,
604,2,朗迪-奥斯勒-韦伯病或综合征[遗传性出血性毛细血管扩张],Rendu-Osler-Weber disease or syndrome,I78.0,0.9340903759002686,,,,,
604,2,朗杜齐-德热里纳营养不良或面肩肱萎缩,Landouzy-Déjerine dystrophy or facioscapulohumeral atrophy,G71.0,0.9990630745887756,,,,,
604,2,朗杜齐病(出血性黄疸钩端螺旋体病),Landouzy's disease (icterohemorrhagic leptospirosis),A27.0,0.9837357401847839,,,,,
604,2,朗瑟罗糖尿病,Lancereaux's diabetes,E14.6,0.9999246597290039,,,,,
604,1,láo 劳,,,0.9999260902404785,,,,,
604,2,劳埃德综合征(M8360/1)-见腺瘤病，内分泌性,"Lloyd's syndrome (M8360/1) - see Adenomatosis, endocrine",,0.998221218585968,,,,,
604,2,劳恩-加农-莱文综合征,Lown-Ganong-Levine syndrome,I45.6,0.9990275502204895,,,,,
604,2,劳-穆-比综合征[劳伦斯-穆恩(-巴尔得)-比德尔],Laurence-Moon(-Bardet)-Biedl syndrome,Q87.8,0.9975831508636475,,,,,
604,2,劳损-另见扭伤,Strain - see also Sprain,,0.9984870553016663,,,,,
604,3,肌肉,muscle,M62.6,0.9498833417892456,,,,,
604,3,精神NEC,mental NEC,Z73.3,0.984603226184845,,,,,
604,4,与工作有关的,work-related,Z56.6,0.9844359159469604,,,,,
604,3,躯体 NEC,physical NEC,Z73.3,0.9525181651115417,,,,,
604,4,与工作有关的,work-related,Z56.6,0.9566650390625,,,,,
604,3,体位性,postural,M70.9,0.964272141456604,,,,,
604,3,下背,low back,M54.5,0.9944759607315063,,,,,
604,3,心理NEC,psychological NEC,Z73.3,0.9845743179321289,,,,,
604,3,心脏-见病，心脏,"heart - see Disease, heart",,0.9732064604759216,,,,,
604,3,眼 NEC,eye NEC,H53.1,0.9449916481971741,,,,,
604,1,láo 痨,,,0.9093955159187317,,,,,
604,2,痨,"Tabes, tabetic",,0.974334180355072,,,,,
604,3,肠系膜,mesenterica,A18.3+ K93.0*,0.9697337746620178,,,,,
604,2,痨病(另见结核),Phthisis (see also Tuberculosis),A16.9,0.9939074516296387,,,,,
604,3,眼球(感染性),"bulbi, eyeball (infectional)(due to infection)",H44.5,0.9948105812072754,,,,,
604,1,lǎo 老,,,0.9763153195381165,,,,,
604,2,老年化(不伴有提及精神病),Senescence (without mention of psychosis),R54,0.9904668927192688,,,,,
604,2,老年环(角膜),Arcus senilis (cornea),H18.4,0.9798441529273987,,,,,
604,2,老年角膜线,Linea corneae senilis,H18.4,0.9788801074028015,,,,,
604,2,老年精神病态,Presbyophrenia,F03,0.95667564868927,,,,,
604,2,老年聋,"Presbycusis, presbyacusia",H91.1,0.9906526207923889,,,,,
604,2,老年性(角膜)环,Circulus senilis (cornea),H18.4,0.9730814099311829,,,,,
605,2,老年性，衰老(另见情况),"Senile, senility, Old age, Senectus (see also condition)",R54,0.9971150159835815,,,,,
605,3,伴有,with,,0.9016711115837097,,,,,
605,4,急性精神错乱状态,acute confusional state,F05.1,0.9891330003738403,,,,,
605,4,精神病NEC(另见精神病，老年性),"psychosis NEC (see also Psychosis, senile)",F03,0.9707422256469727,,,,,
605,4,精神改变NEC,mental changes NEC,F03,0.9615550637245178,,,,,
605,3,过早,premature,E34.8,0.9560553431510925,,,,,
605,3,无力,asthenia,R54,0.9505676031112671,,,,,
605,3,虚弱,debility,R54,0.9878584146499634,,,,,
605,3,疣(另见角化病，皮脂溢性),"wart (see also Keratosis, seborrheic)",L82,0.9850558042526245,,,,,
605,2,老年性心脏,Presbycardia,R54,0.9544875025749207,,,,,
605,2,老人弓[角膜弓][老人环],Gerontoxon,H18.4,0.997813880443573,,,,,
605,2,老视,Presbyopia,H52.4,0.9698042869567871,,,,,
605,1,lào 酪,,,0.999199628829956,,,,,
605,2,酪氨酸代谢(紊乱)症,Tyrosinosis,E70.2,0.9995205402374268,,,,,
605,2,酪氨酸尿,Tyrosinuria,E70.2,0.9524429440498352,,,,,
605,1,lē 勒,,,0.9973441958427429,,,,,
605,2,勒夫勒,Löffler's,,0.9994162917137146,,,,,
605,3,肺炎或综合征[单纯性肺嗜酸细胞浸润症],pneumonia or syndrome,J82,0.988162636756897,,,,,
605,3,心内膜炎,endocarditis,I42.3,0.9916405081748962,,,,,
605,2,勒凯纳骨质疏松(局限性),Lequesne's osteoporosis (localized),M81.6,0.989643394947052,,,,,
605,2,勒克吕病(囊性),Reclus' disease (cystic),N60.1,0.992478609085083,,,,,
605,2,勒里什综合征,Leriche's syndrome,I74.0,0.990540087223053,,,,,
605,2,勒农-德利尔综合征,Renon-Delille syndrome,E23.3,0.9998917579650879,,,,,
605,1,léi 雷,,,0.9421866536140442,,,,,
605,2,雷电(效应)(电击)(击中),Lightning (effects) (shock) (stroke) (struck by),T75.0,0.9958670735359192,,,,,
605,3,烧伤-见烧伤,burn - see Burn,,0.9930242300033569,,,,,
605,2,雷夫叙姆病或综合征-现译名植烷酸贮积症,Refsum's disease or syndrome,,0.9990623593330383,,,,,
605,2,雷克林豪森病[神经纤维瘤病](M9540/1),Recklinghausen's disease (M9540/1),Q85.0,0.9979404211044312,,,,,
605,3,骨[纤维囊性骨炎],bones,E21.0,0.9734655022621155,,,,,
605,2,雷诺病、雷诺坏疽、雷诺现象或雷诺综合征,"Raynaud's disease, gangrene, phenomenon or syndrome",I73.0,0.9635980725288391,,,,,
605,2,雷特病或雷特综合征,Rett's disease or syndrome,F84.2,0.9910975694656372,,,,,
605,1,léi 镭,,,0.9471742510795593,,,,,
605,2,镭照射的有害效应NEC,"Radium, adverse effect NEC",T66,0.9916143417358398,,,,,
606,1,lěi 垒,,,0.9129378199577332,,,,,
606,2,垒球指,Baseball finger,S63.1,0.9842766523361206,,,,,
606,1,lěi 累,,,0.999235987663269,,,,,
606,2,累积分泌物，前列腺,"Accumulation secretion, prostate",N42.8,0.9768374562263489,,,,,
606,1,lèi 肋,,,0.998268187046051,,,,,
606,2,肋骨 - 另见情况,Rib - see also condition,,0.9275478720664978,,,,,
606,3,颈,cervical,Q76.5,0.9786975383758545,,,,,
606,2,肋骨软骨炎,Costochondritis,M94.0,0.9882140755653381,,,,,
606,1,lèi 泪,,,0.999718964099884,,,,,
606,2,泪的-见情况,Lacrimal - see condition,,0.9993488192558289,,,,,
606,2,泪点闭塞,Punctum lacrimale occlusion,H04.5,0.9944541454315186,,,,,
606,2,泪管狭窄,Dacryostenosis,H04.5,0.9811045527458191,,,,,
606,3,先天性,congenital,Q10.5,0.9881755709648132,,,,,
606,2,泪管肿大,Dacryoma,H04.6,0.9995753169059753,,,,,
606,2,泪囊的 - 见情况,"Sac, lacrimal - see condition",,0.9525434970855713,,,,,
606,2,泪囊粘液溢,Dacryocystoblenorrhea,H04.4,0.9973992109298706,,,,,
606,2,泪囊膨出,Dacryocystocele,H04.6,0.9978803992271423,,,,,
606,2,泪囊炎(急性)(蜂窝织炎的),Dacryocystitis (acute) (phlegmonous),H04.3,0.983453094959259,,,,,
606,3,慢性,chronic,H04.4,0.9848856329917908,,,,,
606,3,梅毒性,syphilitic,A52.7+ H06.0*,0.9768840670585632,,,,,
606,4,先天性(早期),congenital (early),A50.0+ H06.0*,0.9830930233001709,,,,,
606,3,沙眼性，活动,"trachomatous, active",A71.1,0.9648362398147583,,,,,
606,3,新生儿,neonatal,P39.1,0.9807726740837097,,,,,
606,2,泪囊周炎(急性)(亚急性),Dacryopericystitis (acute) (subacute),H04.3,0.9738149046897888,,,,,
606,3,慢性,chronic,H04.4,0.949784517288208,,,,,
606,2,泪石,Tear-stone,H04.5,0.9458448886871338,,,,,
606,2,泪石病,"Dacryolith, dacryolithiasis",H04.5,0.9788244962692261,,,,,
606,2,泪腺炎(急性)(慢性),"Dacryoadenitis, dacryadenitis (acute) (chronic)",H04.0,0.9736959934234619,,,,,
606,2,泪小管炎(急性)(泪器)(亚急性),Canaliculitis (acute) (lacrimal) (subacute),H04.3,0.9796333312988281,,,,,
606,3,放线菌,Actinomyces,A42.8,0.9588972926139832,,,,,
606,3,慢性,chronic,H04.4,0.9924544095993042,,,,,
606,2,泪眼,Dacryops,H04.1,0.9884733557701111,,,,,
606,2,泪溢-现译名溢泪,Epiphora,,0.9979386329650879,,,,,
607,1,lèi 类,,,0.967664897441864,,,,,
607,2,类阿片,Opioid(s),,0.9998571276664734,,,,,
607,3,戒断状态,withdrawal state,F11.3,0.9850073456764221,,,,,
607,3,依赖综合征,dependence syndrome,F11.2,0.9556608200073242,,,,,
607,3,有害性使用,harmful use,F11.1,0.9731065630912781,,,,,
607,3,中毒(急性),intoxication (acute),F11.0,0.9952459335327148,,,,,
607,2,类癌(瘤)(M8240/3)-另见肿瘤，恶性,"Carcinoid (tumor) (M8240/3) - see also Neoplasm, malignant",,0.9879793524742126,,,,,
607,3,伴有卵巢甲状腺肿(M9091/1),with struma ovarii (M9091/1),D39.1,0.9972755312919617,,,,,
607,3,杯形细胞(M8243/3),goblet cell (M8243/3),,0.9995519518852234,,,,,
607,4,特指部位-见肿瘤，恶性,"specified site - see Neoplasm, malignant",,0.9711396098136902,,,,,
607,4,未特指部位,unspecified site,C18.1,0.990972101688385,,,,,
607,3,恶性(M8240/3)-见肿瘤，恶性,"malignant (M8240/3) - see Neoplasm, malignant",,0.9837529063224792,,,,,
607,3,复合性(M8244/3)-见肿瘤，恶性,"composite (M8244/3) - see Neoplasm, malignant",,0.987331748008728,,,,,
607,3,甲状腺肿性(M9091/1),strumal (M9091/1),D39.1,0.9742653965950012,,,,,
607,3,阑尾(M8240/1),appendix (M8240/1),D37.3,0.9779289960861206,,,,,
607,3,粘蛋白性(M8243/3),mucinous (M8243/3),,0.9926063418388367,,,,,
607,4,特指部位-见肿瘤，恶性,"specified site - see Neoplasm, malignant",,0.9699904322624207,,,,,
607,4,未特指部位,unspecified site,C18.1,0.9818632006645203,,,,,
607,3,嗜银性(M8241/1)-见肿瘤，动态未定,"argentaffin (M8241/1) - see Neoplasm, uncertain behavior",,0.977522611618042,,,,,
607,4,恶性(M8241/3)-见肿瘤，恶性,"malignant (M8241/3) - see Neoplasm, malignant",,0.9767863750457764,,,,,
607,3,支气管腺瘤型(M8240/3)-见肿瘤，肺，恶性,"type bronchial adenoma (M8240/3) - see Neoplasm, lung, malignant",,0.9869430661201477,,,,,
607,3,综合征,syndrome,E34.0,0.9778918027877808,,,,,
607,2,类白血病反应(淋巴细胞性)(单核细胞性)(中幼粒细胞),Leukemoid reaction (lymphocytic) (monocytic) (myelocytic),D72.8,0.9953183531761169,,,,,
607,2,类鼻疽,Melioidosis,A24.4,0.9689944386482239,,,,,
607,3,急性,acute,A24.1,0.9564339518547058,,,,,
607,3,亚急性,subacute,A24.2,0.9296107292175293,,,,,
607,3,慢性,chronic,A24.2,0.9832797646522522,,,,,
607,3,败血症,septicemia,A24.1,0.9826579093933105,,,,,
607,3,暴发性,fulminating,A24.1,0.9664807915687561,,,,,
607,3,肺(慢性),pulmonary (chronic),A24.2,0.989096999168396,,,,,
607,4,急性,acute,A24.1,0.9296490550041199,,,,,
607,4,亚急性,subacute,A24.2,0.9473106265068054,,,,,
607,3,肺炎,pneumonia,A24.1,0.9717065691947937,,,,,
607,3,特指的 NEC,specified NEC,A24.3,0.9525942206382751,,,,,
607,2,类丹毒,Erysipeloid,A26.9,0.999871551990509,,,,,
607,3,败血症,septicemia,A26.7,0.9906383752822876,,,,,
607,3,播散性,disseminated,A26.8,0.9873859286308289,,,,,
607,3,皮肤(罗森巴赫),cutaneous (Rosenbach's),A26.0,0.9805482625961304,,,,,
607,3,特指的 NEC,specified NEC,A26.8,0.9132416844367981,,,,,
608,2,类风湿尘肺[卡普兰综合征],Caplan's syndrome,M05.1+ J99.0*,0.9869245886802673,,,,,
608,2,类风湿性 - 另见情况,Rheumatoid - see also condition,M06.9,0.9381890296936035,,,,,
608,3,多关节炎,polyarthritis,M06.9,0.9711125493049622,,,,,
608,3,肺(病),lung (disease),M05.1+ J99.0*,0.9550421237945557,,,,,
608,3,关节炎,arthritis,M06.9,0.9741181135177612,,,,,
608,4,伴有累及器官NEC,with involvement of organs NEC,M05.3,0.9712636470794678,,,,,
608,4,血清反应阳性的,seropositive,M05.9,0.9738336801528931,,,,,
608,5,特指的 NEC,specified NEC,M05.8,0.9593749642372131,,,,,
608,4,血清反应阴性的,seronegative,M06.0,0.982978343963623,,,,,
608,3,心包炎,pericarditis,M05.3+ I32.8*,0.9421889185905457,,,,,
608,3,心肌炎,myocarditis,M05.3+ I41.8*,0.9600709080696106,,,,,
608,3,血管炎,vasculitis,M05.2,0.9914811253547668,,,,,
608,2,类固醇,Steroid,,0.9999542236328125,,,,,
608,3,效应(有害)(肾上腺皮质)(医源性),effects (adverse) (adrenocortical) (iatrogenic),,0.9892921447753906,,,,,
608,4,发热,fever,,0.8910495042800903,,,,,
608,5,过量或给错或服错药物,overdose or wrong substance given or taken,T38.0,0.9741832613945007,,,,,
608,5,恰当使用正确的物质,correct substance properly administered,R50.9,0.9950118660926819,,,,,
608,4,戒断,withdrawal,,0.7913995981216431,,,,,
608,4,过量或给错或服错药物,overdose or wrong substance given or taken,T38.0,0.9703961610794067,,,,,
608,5,恰当使用正确的物质,correct substance properly administered,E27.3,0.970064640045166,,,,,
608,4,类库欣综合征,cushingoid,,0.9190886616706848,,,,,
608,4,过量或给错或服错药物,overdose or wrong substance given or taken,T38.0,0.9526629447937012,,,,,
608,4,糖尿病,diabetes,,0.868552565574646,,,,,
608,5,过量或给错或服错药物,overdose or wrong substance given or taken,T38.0,0.9763395190238953,,,,,
608,5,恰当使用正确的物质,correct substance properly administered,E13,0.994921088218689,,,,,
608,4,由于,due to,,0.79330974817276,,,,,
608,5,过量或给错或服错药物,overdose or wrong substance given or taken,T38.0,0.9754829406738281,,,,,
608,5,恰当使用正确的物质,correct substance properly administered,E27.3,0.9869615435600281,,,,,
608,2,类军刀伤损害,En coup de sabre lesion,L94.1,0.9969649314880371,,,,,
608,2,类库欣综合征，由于类固醇治疗所致,Cushingoid due to steroid therapy,,0.9998887777328491,,,,,
608,3,过量或给错或服错药物,overdose or wrong substance given or taken,T38.0,0.9932199716567993,,,,,
608,3,恰当使用正确的物质,correct substance properly administered,E24.2,0.9988182783126831,,,,,
608,2,类牛皮癣 - 现译名副银屑病,Parapsoriasis,,0.9516173601150513,,,,,
608,2,类球孢子菌病-现译名副球孢子菌病,Paracoccidiodomycosis,,0.9984067678451538,,,,,
608,2,类人猿骨盆,Anthropoid pelvis,Q74.2,0.9571027159690857,,,,,
608,3,伴有胎盆不称,with disproportion (fetopelvic),O33.0,0.9950575828552246,,,,,
608,4,影响到胎儿或新生儿,affecting fetus or newborn,P03.1,0.9840976595878601,,,,,
608,2,类沙眼,Paratrachoma,A74.0+ H13.1*,0.9647766947746277,,,,,
608,2,类特纳综合征,Turner-like syndrome,Q87.1,0.9618782997131348,,,,,
608,2,类天花,"Alastrim, Varioloid",B03,0.9762999415397644,,,,,
609,2,类天疱疮,Pemphigoid,L12.9,0.9995580315589905,,,,,
609,3,瘢痕性,cicatricial,L12.1,0.9958829879760742,,,,,
609,3,大疱性,bullous,L12.0,0.9547853469848633,,,,,
609,3,良性，粘膜,"benign, mucous membrane",L12.1,0.9965066313743591,,,,,
609,3,青少年,juvenile,L12.2,0.9512659907341003,,,,,
609,3,特指的 NEC,specified NEC,L12.8,0.9761273264884949,,,,,
609,3,眼,ocular,L12.1+ H13.3*,0.9560703635215759,,,,,
609,2,类网状细胞增多症，光线性[光化性],"Reticuloid, actinic",L57.1,0.9993141293525696,,,,,
609,2,类无睾,Eunuchoidism,E29.1,0.9960167407989502,,,,,
609,3,促性腺激素分泌不足的,hypogonadotropic,E23.0,0.9751293063163757,,,,,
609,2,类胸膜肺炎菌，作为分类于他处疾病的原因,"Pleuro-pneumonia-like-organism (PPLO), as cause of disease classified elsewhere",B96.0,0.9971216320991516,,,,,
609,2,类银屑病-现译名副银屑病,Parapsoriasis,,0.9998320937156677,,,,,
609,2,类圆线虫病,"Strongyloidiasis, strongyloidosis",B78.9,0.9887235760688782,,,,,
609,3,播散性,disseminated,B78.7,0.9802244901657104,,,,,
609,3,肠道,intestinal,B78.0,0.9896132349967957,,,,,
609,3,皮肤,cutaneous,B78.1+ L99.8*,0.9932490587234497,,,,,
609,1,lěng 冷,,,0.9508733153343201,,,,,
609,2,冷冻(另见效应，有害，寒冷),"Frozen, Congelation (see also Effect, adverse, cold)",T69.9,0.992763340473175,,,,,
609,3,骨盆(女性),pelvis (female),N94.8,0.9858719706535339,,,,,
609,4,男性,male,K66.8,0.9577234387397766,,,,,
609,3,肩,shoulder,M75.0,0.9932693243026733,,,,,
609,2,冷，寒冷,Cold,,0.9999176263809204,,,,,
609,3,暴露于,exposure to,T69.9,0.9760097861289978,,,,,
609,4,特指的效应NEC,specified effect NEC,T69.8,0.9772762656211853,,,,,
609,3,的效应,effects of,T69.9,0.9925233125686646,,,,,
609,4,特指的 NEC,specified NEC,T69.8,0.9640159606933594,,,,,
609,3,过度，的效应,"excessive, effects of",T69.9,0.978099524974823,,,,,
609,4,特指的NEC,specified NEC,T69.8,0.9720240831375122,,,,,
609,3,敏感，自身免疫性,"sensitivity, auto-immune",D59.1,0.9684502482414246,,,,,
609,3,凝集素病或血红蛋白尿,agglutinin disease or hemoglobinuria,D59.1,0.995829701423645,,,,,
609,3,损伤综合征(新生儿),injury syndrome (newborn),P80.0,0.9958694577217102,,,,,
609,3,造成衰竭,exhaustion from,T69.8,0.9931585192680359,,,,,
609,2,冷球蛋白血症(特发性)(混合的)(原发性)(紫癜)(继发性)(血管炎),"Cryoglobulinemia, cryoglobulinemic (essential) (idiopathic) (mixed) (primary) (purpura) (secondary) (vasculitis)",D89.1,0.9807066917419434,,,,,
609,3,伴有累及肺,with lung involvement,D89.1+ J99.8*,0.9855250120162964,,,,,
610,1,lí 离,,,,,,,,
610,2,离,Removal (from) (of),,0.9709653258323669,,,,,
610,3,家，在童年(入收养所或公共机构),home in childhood (to foster home or institution),Z61.1,0.9821264147758484,,,,,
610,2,离婚，引起家庭破裂,"Divorce, causing family disruption",Z63.5,0.998200535774231,,,,,
610,2,离心性骨软骨发育不良,Eccentro-osteochondrodysplasia,E76.2,0.9998751878738403,,,,,
610,1,lí 梨,,,0.933121383190155,,,,,
610,2,梨浆虫病,Piroplasmosis,B60.0,0.9613934755325317,,,,,
610,1,lǐ 里,,,0.9994871020317078,,,,,
610,2,里德尔,Riedel's,,0.9999807476997375,,,,,
610,3,甲状腺肿、甲状腺炎或病,"struma, thyroiditis or disease",E06.5,0.9967265725135803,,,,,
610,3,叶，肝,"lobe, liver",Q44.7,0.9753787517547607,,,,,
610,2,里厄疝-见疝，腹，特指部位NEC,"Rieux's hernia - see Hernia, abdomen, specified site NEC",,0.9833917021751404,,,,,
610,2,里尔黑变病,Riehl's melanosis,L81.4,0.9905480742454529,,,,,
610,2,里格尔异常或里格尔综合征,Rieger's anomaly or syndrome,Q13.8,0.9998977780342102,,,,,
610,2,里格斯病[边缘性牙周炎],Riggs' disease,K05.3,0.9956671595573425,,,,,
610,2,里急后重(直肠的),Tenesmus (rectal),R19.8,0.9988965392112732,,,,,
610,3,膀胱(排尿),vesical,R30.1,0.9910339117050171,,,,,
610,2,里加-费德病,Riga-Fede disease,K14.0,0.999973714351654,,,,,
610,2,里特病-见新生儿剥脱性皮炎,Ritter's disease,,0.9996805787086487,,,,,
610,2,里希特疝-见疝，腹，伴有梗阻,"Richter's hernia - see Hernia, abdomen, with obstruction",,0.9921110272407532,,,,,
610,1,lì 立,,,0.9392223954200745,,,,,
610,2,立克次氏体-现译名立克次体,Rickettsia,,0.9785289168357849,,,,,
610,2,立克次体病 NEC,"Rickettsial disease, Rickettsiosis NEC",A79.9,0.970346212387085,,,,,
610,3,蜱媒介,tick-borne,A77.9,0.9795980453491211,,,,,
610,3,水泡状,vesicular,A79.1,0.9592481851577759,,,,,
610,3,特指类型NEC,specified type NEC,A79.8,0.9808739423751831,,,,,
610,3,由于,due to,,0.9629729390144348,,,,,
610,4,螨立克次体(立克次体痘),Rickettsia akari (rickettsialpox),A79.1,0.982539176940918,,,,,
610,4,桑氏艾希体,Ehrlichia sennetsu,A79.8,0.9836847186088562,,,,,
610,2,立克次体痘(螨立克次体)[疹热],"Rickettsialpox (Rickettsia akari), Kew Garden fever",A79.1,0.9979996085166931,,,,,
611,1,lì 利,,,0.9597919583320618,,,,,
611,2,利布曼-萨克斯病[非典型性赘疣性心内膜炎],Libman-Sacks disease,M32.1+ I39.8*,0.9267776608467102,,,,,
611,2,利尼亚克(-德托尼-范科尼-德勃雷)综合征,Lignac(-de Toni-Fanconi-Debré) syndrome,E72.0,0.985693633556366,,,,,
611,2,利绍尔麻痹,Lissauer's paralysis,A52.1,0.999539315700531,,,,,
611,2,利什曼斑，皮肤(另见利什曼病，皮肤),"Leishmanoid, dermal (see also Leishmaniasis, cutaneous)",B55.1,0.9926255941390991,,,,,
611,3,黑热病后,post-kala-azar,B55.0,0.992871880531311,,,,,
611,2,利什曼病,Leishmaniasis,B55.9,0.9635257720947266,,,,,
611,3,巴西,Brazilian,B55.2,0.8959568738937378,,,,,
611,3,鼻咽,nasopharyngeal,B55.2,0.9863088726997375,,,,,
611,3,旧大陆型,Old World,B55.1,0.9968473315238953,,,,,
611,3,口鼻,naso-oral,B55.2,0.9800905585289001,,,,,
611,3,美洲(粘膜皮肤),American (mucocutaneous),B55.2,0.9790383577346802,,,,,
611,4,皮肤,cutaneous,B55.1,0.883163571357727,,,,,
611,3,弥漫性皮肤,tegumentaria diffusa,B55.1,0.975109338760376,,,,,
611,3,内脏,visceral,B55.0,0.9852054715156555,,,,,
611,3,粘膜皮肤(美洲)(新大陆型),mucocutaneous (American) (New World),B55.2,0.969519317150116,,,,,
611,3,皮肤(任何类型),"cutaneous, dermal (any type)",B55.1,0.9818887114524841,,,,,
611,4,黑热病后,post-kala-azar,B55.0,0.9790247678756714,,,,,
611,4,眼睑,eyelid,B55.1+ H03.0*,0.9529789090156555,,,,,
611,3,亚洲沙漠,Asian desert,B55.1,0.9820466041564941,,,,,
611,3,眼睑,eyelid,B55.1+ H03.0*,0.9583608508110046,,,,,
611,3,婴儿,infantile,B55.0,0.9730246067047119,,,,,
611,2,利氏病[亚急性坏死性脑脊髓病],Leigh's disease,G31.8,0.999312698841095,,,,,
611,2,利斯特菌病,"Listeriosis, listerellosis",A32.9,0.9993475079536438,,,,,
611,3,怀疑损害到胎儿而影响妊娠处理的,suspected damage to fetus affecting management of pregnancy,O35.8,0.9864162802696228,,,,,
611,3,皮肤,cutaneous,A32.0,0.9232379198074341,,,,,
611,3,胎儿,fetal,P37.2,0.9488703608512878,,,,,
611,3,特指的NEC,specified NEC,A32.8,0.9588028788566589,,,,,
611,3,先天性(播散性),congenital (disseminated),P37.2,0.9869972467422485,,,,,
611,3,新生儿(播散性),neonatal (disseminated),P37.2,0.9783297777175903,,,,,
611,3,眼腺型,oculoglandular,A32.8,0.9892057776451111,,,,,
611,2,利特尔病[先天性四肢痉挛性强直],Little's disease,G80.9,0.9939601421356201,,,,,
611,2,利特雷,Littré's,,0.9997977614402771,,,,,
611,3,疝[憩室疝]-见疝，腹,"hernia - see Hernia, abdomen",,0.9580217599868774,,,,,
611,3,腺[男性尿道腺][包皮腺]-见情况,gland - see condition,,0.9947961568832397,,,,,
611,2,利希泰姆病或利希泰姆综合征[脊髓亚急性联合变性]-见变性，混合,"Lichtheim's disease or syndrome - se Degeneration, comibined",,0.9785434603691101,,,,,
612,1,lì 蛎,,,,,,,,
612,2,蛎壳疮(梅毒性),Rupia (syphilitic),A51.3,0.9799631834030151,,,,,
612,3,三期,tertiary,A52.7+ L99.8*,0.9771089553833008,,,,,
612,3,先天性,congenital,A50.0,0.9777763485908508,,,,,
612,1,lì 粒,,,0.9221166968345642,,,,,
612,2,粒细胞的- 见情况,Myeloblastic - see condition,,0.9571789503097534,,,,,
612,2,粒细胞缺乏(症)(咽峡炎)(慢性)(周期性)(遗传性)(婴儿)(恶性)(原发性),"Agranulocytosis, Granulocyto-penia (angina) (chronic) (cyclical) (genetic) (infantile) (periodic) (pernicious)(primary)",D70,0.9666657447814941,,,,,
612,1,lì 痢,,,0.9816268086433411,,,,,
612,2,痢疾(性)(卡他性)(腹泻)(流行性)(出血性)(传染性)(散发性)(热带),"Dysentery, dysenteric (catarrhal) (diarrhea) (epidemic) (hemorrhagic) (infectious) (sporadic) (tropical)",A09.0,0.9630686640739441,,,,,
612,3,阿米巴(另见阿米巴病),amebic (see also Amebiasis),A06.0,0.9841917753219604,,,,,
612,4,急性,acute,A06.0,0.9609536528587341,,,,,
612,4,慢性,chronic,A06.1,0.9599766135215759,,,,,
612,4,伴有脓肿-见脓肿，阿米巴,"with abscess - see Abscess, amebic",,0.9425081014633179,,,,,
612,3,病毒性(另见小肠炎，病毒性),"viral (see also Enteritis, viral)",A08.4,0.9886038899421692,,,,,
612,3,波伊德,Boyd's,A03.2,0.9599301815032959,,,,,
612,3,唇鞭毛虫,Chilomastix,A07.8,0.9860138297080994,,,,,
612,3,弗氏,Flexner's,A03.1,0.9492974281311035,,,,,
612,3,关节炎 *,arthritis *,A09.9+ M03,0.957551896572113,,,,,
612,4,传染性 *,infectious *,A09.0+ M03,0.9382397532463074,,,,,
612,4,细菌性 *,bacillary *,A03.9+ M03,0.9556428790092468,,,,,
612,3,后生动物性,metazoal,B82.0,0.9902364015579224,,,,,
612,3,结肠肠袋虫,Balantidium coli,A07.0,0.9979171752929688,,,,,
612,3,兰伯,Lamblia,A07.1,0.9457216262817383,,,,,
612,3,兰伯贾第虫[肠兰伯鞭毛虫],Giardia lamblia,A07.1,0.9652860760688782,,,,,
612,3,类圆线虫病,strongyloidiasis,B78.0,0.9950618147850037,,,,,
612,3,利什曼,leishmanial,B55.0,0.9652239680290222,,,,,
612,3,毛滴虫性,trichomonal,A07.8,0.9873589873313904,,,,,
612,3,内阿米巴-见痢疾，阿米巴,"Entamoeba, entamebic - see Dysentery, amebic",,0.9878517389297485,,,,,
612,3,内滴虫,Embadomonas,A07.8,0.9929794669151306,,,,,
612,3,念珠菌性,"candidal, monilial",B37.8,0.9935026168823242,,,,,
612,3,球虫性,coccidial,A07.3,0.9610786437988281,,,,,
612,3,沙门菌,Salmonella,A02.0,0.998180627822876,,,,,
612,3,施米茨(-施蒂策),Schmitz(-Stutzer),A03.0,0.9653320908546448,,,,,
612,3,双核阿米巴属(脆弱),Dientamoeba (fragilis),A07.8,0.9822941422462463,,,,,
612,3,宋内,Sonne,A03.3,0.9188157320022583,,,,,
613,3,希斯-罗素,Hiss-Russell,A03.1,0.9815127849578857,,,,,
613,3,细菌性,bacillary,A03.9,0.9767004251480103,,,,,
613,4,波氏,Boyd,A03.2,0.9587103724479675,,,,,
613,4,弗氏,Flexner,A03.1,0.9698494672775269,,,,,
613,4,关节炎 *,arthritis *,A03.9+ M03,0.9366213083267212,,,,,
613,4,施米茨(-施蒂策),Schmitz(-Stutzer),A03.0,0.9693192839622498,,,,,
613,4,宋内,Sonne,A03.3,0.9511343240737915,,,,,
613,4,特指类型 NEC,specified type NEC,A03.8,0.9573507905006409,,,,,
613,4,志贺(-克鲁泽),Shiga(-Kruse),A03.0,0.9763599038124084,,,,,
613,4,志贺菌,Shigella,A03.9,0.9582816362380981,,,,,
613,5,A 族,group A,A03.0,0.9065740704536438,,,,,
613,5,B 族,group B,A03.1,0.9701943397521973,,,,,
613,5,C 族,group C,A03.2,0.9976712465286255,,,,,
613,5,D 族,group D,A03.3,0.9316558837890625,,,,,
613,5,波氏,boydii,A03.2,0.9634482860565186,,,,,
613,5,弗氏,flexneri,A03.1,0.956881582736969,,,,,
613,5,痢疾杆菌,dysenteriae,A03.0,0.9455689787864685,,,,,
613,4,宋内,sonnei,A03.3,0.899239718914032,,,,,
613,4,特指类型NEC,specified type NEC,A03.8,0.958571195602417,,,,,
613,3,小袋虫性,balantidial,A07.0,0.9851135611534119,,,,,
613,3,血吸虫性,schistosomal,B65.1,0.9879965782165527,,,,,
613,3,原虫性,protozoal,A07.9,0.9693683385848999,,,,,
613,3,志贺(-克鲁泽),Shiga(-Kruse),A03.0,0.9651908278465271,,,,,
613,3,志贺菌NEC(另见痢疾，细菌性),"Shigella NEC (see also Dysentery, bacillary)",A03.9,0.98898845911026,,,,,
613,1,lián 连,,,0.9277022480964661,,,,,
613,2,连合部切开术后综合征,Postcommissurotomy syndrome,I97.0,0.9829858541488647,,,,,
613,2,连枷状,Flail,,0.9989671111106873,,,,,
613,3,二尖瓣(小叶),mitral valve (leaflet),I34.1,0.9729454517364502,,,,,
613,3,关节(麻痹性),joint (paralytic),M25.2,0.9981210827827454,,,,,
613,3,胸,chest,S22.5,0.9921209216117859,,,,,
613,4,新生儿(产伤),newborn (birth injury),P13.8,0.9809491038322449,,,,,
613,2,连接不协调,Discordant connection,,0.9999725222587585,,,,,
613,3,房室(先天性),atrioventricular (congenital),Q20.5,0.9916636943817139,,,,,
613,3,心室动脉,ventriculoarterial,Q20.3,0.9571722149848938,,,,,
613,2,连接不正，骨折,"Malunion, fracture",M84.0,0.9694885611534119,,,,,
613,2,连通,Communication,,0.9999657273292542,,,,,
613,3,在...之间,between,,0.9450685381889343,,,,,
613,4,肺动脉和肺静脉，先天性,"pulmonary artery and pulmonary vein, congenital",Q25.7,0.990081787109375,,,,,
613,4,心包囊和胸膜囊,pericardial sac and pleural sac,Q34.8,0.9771334528923035,,,,,
613,4,主动脉底和肺动脉,base of aorta and pulmonary artery,Q21.4,0.964435875415802,,,,,
614,4,子宫和消化道或泌尿道，先天性,"uterus and digestive or urinary tract, congenital",Q51.7,0.9887186884880066,,,,,
614,4,左心室和右心房,left ventricle and right atrium,Q20.5,0.9653449654579163,,,,,
614,1,lián 联,,,0.9792301058769226,,,,,
614,2,联合异常-另见融合,"Union, abnormal - see also Fusion",,0.9993622303009033,,,,,
614,3,喉和气管,larynx and trachea,Q34.8,0.9903810620307922,,,,,
614,2,联胎,Siamese twin,Q89.4,0.999963641166687,,,,,
614,2,联体儿[联体双胎],Conjoined twins,Q89.4,0.9875282645225525,,,,,
614,1,lián 镰,,,0.988562285900116,,,,,
614,2,镰状细胞性贫血(另见病，镰状细胞),"Drepanocytic anemia, Sickle-cell anemia, Sicklemia (see also Disease, sickle-cell)",D57.1,0.9985948801040649,,,,,
614,3,伴有危象,with crisis,D57.0,0.9990254640579224,,,,,
614,1,liàn 恋,,,0.9998599290847778,,,,,
614,2,恋尸症,Necrophilia,F65.8,0.999880313873291,,,,,
614,2,恋物癖,Fetishism,F65.0,0.9997169971466064,,,,,
614,3,异装性,transvestic,F65.1,0.9924900531768799,,,,,
614,1,liàn 链,,,0.9800060391426086,,,,,
614,2,链杆菌病,Streptobacillosis,A25.1,0.9897215962409973,,,,,
614,2,链霉菌病,Streptomycosis,B47.1,0.9984858632087708,,,,,
614,2,链球菌(性)-另见情况,"Streptococcus, streptococcal - see also condition",,0.9980872869491577,,,,,
614,3,肺炎，作为分类于他处疾病的原因,"pneumoniae, as cause of disease classified elsewhere",B95.3,0.9949904084205627,,,,,
614,3,特指的NEC，作为分类于他处疾病的原因,"specified NEC, as cause of disease classified elsewhere",B95.4,0.9887963533401489,,,,,
614,3,族,group,,0.9430678486824036,,,,,
614,4,A，作为分类于他处疾病的原因,"A, as cause of disease classified elsewhere",B95.0,0.989412784576416,,,,,
614,4,B，作为分类于他处疾病的原因,"B, as cause of disease classified elsewhere",B95.1,0.9622188806533813,,,,,
614,4,D，作为分类于他处疾病的原因,"D, as cause of disease classified elsewhere",B95.2,0.9892243146896362,,,,,
614,3,作为分类于他处疾病的原因,as cause of disease classified elsewhere,B95.5,0.9842441082000732,,,,,
614,2,链球菌性败血症(另见败血症，链球菌性),"Streptococcemia (see also Septicemia, streptococcal)",A40.9,0.9997167587280273,,,,,
614,2,链丝菌病,Streptotrichosis,A48.8,0.9999409914016724,,,,,
615,1,liǎng 两,,,,,,,,
615,2,两侧共济失调，大脑，婴儿,"Diataxia, cerebral, infantile",G80.4,0.9871880412101746,,,,,
615,2,两性畸形[两性同体](真),"Hermaphrodite, hermaphroditism (true)",Q56.0,0.9896507859230042,,,,,
615,3,"46,XX/46,XY","46, XX/46, XY",Q99.0,0.8981690406799316,,,,,
615,3,"46,XX伴有条纹性腺","46, XX with streak gonads",Q99.1,0.9771145582199097,,,,,
615,3,"46,XY伴有条纹性腺","46, XY with streak gonads",Q99.1,0.9735068082809448,,,,,
615,3,"异源嵌合体46,XX/46,XY","chimera 46,XX/46,XY",Q99.0,0.9800511598587036,,,,,
615,2,两性胚细胞瘤[两性母细胞瘤](M8632/1),Gynandroblastoma (M8632/1),,0.9997232556343079,,,,,
615,3,特指部位-见肿瘤，动态未定,"specified site - see Neoplasm, uncertain behavior",,0.9950917959213257,,,,,
615,3,未特指部位,unspecified site,,0.9957020878791809,,,,,
615,4,男性,male,D40.1,0.96085524559021,,,,,
615,4,女性,female,D39.1,0.9009312391281128,,,,,
615,2,两性生殖器,Ambiguous genitalia,Q56.4,0.9991607069969177,,,,,
615,1,liàng 亮,,,0.999875009059906,,,,,
615,2,亮滑皮,Glossy skin,L90.8,0.9577249884605408,,,,,
615,1,liáo 疗,,,0.9828020930290222,,,,,
615,2,疗法,Therapy,Z51.9,0.9588971138000488,,,,,
615,3,呼吸,breathing,Z50.1,0.9663655161857605,,,,,
615,3,解毒,detoxification,,0.962797999382019,,,,,
615,4,酒精,alcohol,Z50.2,0.9761356711387634,,,,,
615,4,药物,drug,Z50.3,0.9248613715171814,,,,,
615,3,精神动力学 NEC,psychodynamic NEC,Z50.4,0.942812442779541,,,,,
615,3,静脉注射，未报告诊断的,intravenous (IV) without reported diagnosis,Z51.8,0.9976384043693542,,,,,
615,4,外科手术后,following surgery,Z48.8,0.9810855984687805,,,,,
615,3,物理NEC,physical NEC,Z50.1,0.9756962060928345,,,,,
615,3,言语,speech,Z50.5,0.9171555638313293,,,,,
615,3,憎恶(行为) NEC,aversive (behavior) NEC,Z50.4,0.9612800478935242,,,,,
615,4,酒精,alcohol,Z50.2,0.9925828576087952,,,,,
615,4,药物,drug,Z50.3,0.9727367758750916,,,,,
615,3,职业性,"occupational, vocational",Z50.7,0.9909496903419495,,,,,
615,1,liè 列,,,0.9995438456535339,,,,,
615,2,列蒂-格雷皮-米凯利贫血[微椭圆异形红细胞性贫血],Rietti-Greppi-Micheli anemia,D56.9,0.9963557124137878,,,,,
616,1,liè 裂,,,,,,,,
616,2,裂(先天性)-另见不完全，闭合,"Bifid, Cleft (congenital) - see also Imperfect, closure",,0.9906917214393616,,,,,
616,3,鼻,nose,Q30.2,0.9559777975082397,,,,,
616,3,髌骨,patella,Q74.1,0.9559777975082397,,,,,
616,3,唇(单侧),lip (unilateral),Q36.9,0.9957070350646973,,,,,
616,4,伴有腭裂,with cleft palate,Q37.9,0.9517726302146912,,,,,
616,5,软,soft,Q37.3,0.9236422777175903,,,,,
616,5,硬,hard,Q37.1,0.8804694414138794,,,,,
616,6,和软,and soft,Q37.5,0.9543781280517578,,,,,
616,4,双侧,bilateral,Q36.0,0.9119585752487183,,,,,
616,5,伴有腭裂,with cleft palate,Q37.8,0.9824983477592468,,,,,
616,6,软,soft,Q37.2,0.9180030822753906,,,,,
616,6,硬,hard,Q37.0,0.8846912384033203,,,,,
616,7,和软,and soft,Q37.4,0.9583196043968201,,,,,
616,4,正中,median,Q36.1,0.9061539769172668,,,,,
616,3,腭,palate,Q35.9,0.9855839610099792,,,,,
616,4,伴有唇裂(单侧),with cleft lip (unilateral),Q37.9,0.9907853603363037,,,,,
616,5,双侧,bilateral,Q37.8,0.9193546175956726,,,,,
616,4,软,soft,Q35.3,0.9258094429969788,,,,,
616,5,伴有裂,with cleft,,0.9416333436965942,,,,,
616,6,唇(单侧),lip (unilateral),Q37.3,0.9493936896324158,,,,,
616,7,双侧,bilateral,Q37.2,0.9240104556083679,,,,,
616,6,硬腭,hard palate,Q35.5,0.9464654922485352,,,,,
616,7,伴有唇裂(单侧),with cleft lip (unilateral),Q37.5,0.9832943081855774,,,,,
616,8,双侧,bilateral,Q37.4,0.9263065457344055,,,,,
616,4,硬,hard,Q35.1,0.9514966011047363,,,,,
616,5,伴有裂,with cleft,,0.8521416187286377,,,,,
616,6,唇(单侧),lip (unilateral),Q37.1,0.9582144618034363,,,,,
616,7,双侧,bilateral,Q37.0,0.9074739217758179,,,,,
616,6,软腭,soft palate,Q35.5,0.9728628993034363,,,,,
616,7,伴有唇裂(单侧),with cleft lip (unilateral),Q37.5,0.9794109463691711,,,,,
616,8,双侧,bilateral,Q37.4,0.9592670798301697,,,,,
616,4,正中,medial,Q35.5,0.8883475661277771,,,,,
616,3,环状软骨，后,"cricoid cartilage, posterior",Q31.8,0.9881191253662109,,,,,
616,3,甲状软骨,thyroid cartilage,Q31.8,0.9960918426513672,,,,,
616,3,脚趾 NEC,toe NEC,Q74.2,0.9606195688247681,,,,,
616,3,鳃(囊肿)(永存),branchial (cyst) (persistent),Q18.2,0.9791524410247803,,,,,
616,3,舌[二裂舌],tongue,Q38.3,0.976456344127655,,,,,
616,3,肾,kidney,Q63.8,0.9449800848960876,,,,,
616,3,输尿管,ureter,Q62.8,0.9667187929153442,,,,,
616,3,心尖,"apex, heart",Q24.8,0.9907256364822388,,,,,
616,3,悬雍垂,uvula,Q35.7,0.9664897918701172,,,,,
616,3,牙槽突,alveolar process,K08.8,0.9919873476028442,,,,,
617,3,阴蒂,clitoris,Q52.6,0.9031391143798828,,,,,
617,3,阴茎,penis,Q55.6,0.9334720969200134,,,,,
617,3,阴囊,scrotum,Q55.2,0.9556255340576172,,,,,
617,3,子宫,uterus,Q51.3,0.9536013603210449,,,,,
617,2,裂缝舌,Scrotal tongue,K14.5,0.978285014629364,,,,,
617,2,裂沟舌,Plicated tongue,K14.5,0.9658749103546143,,,,,
617,2,裂开,Dehiscence,,0.9999805688858032,,,,,
617,3,会阴切开术,episiotomy,O90.1,0.9679151177406311,,,,,
617,3,会阴伤口(产后),perineal wound (postpartum),O90.1,0.982427179813385,,,,,
617,3,剖宫产伤口,cesarean wound,O90.0,0.9606197476387024,,,,,
617,3,手术后NEC,postoperative NEC,T81.3,0.9672521352767944,,,,,
617,3,手术伤口 NEC,operation wound NEC,T81.3,0.9796546697616577,,,,,
617,2,裂伤 - 见 撕裂伤,Laceration,,0.8967606425285339,,,,,
617,2,裂体吸虫病(另见血吸虫病),Bilharziasis (see also Schistosomiasis),B65.9,0.99927818775177,,,,,
617,3,肠,intestinal,B65.1,0.9917048215866089,,,,,
617,3,东方[肝吸虫],oriental,B65.2,0.9624059200286865,,,,,
617,3,肺 NEC †,pulmonary NEC,B65 J99.8*,0.9128525257110596,,,,,
617,4,肺炎,pneumonia,B65 J17.3*,0.9400067329406738,,,,,
617,3,膀胱,vesical,B65.0,0.9851495027542114,,,,,
617,3,热带血尿,tropical hematuria,B65.0,0.969463586807251,,,,,
617,3,乳糜尿,"chyluria, galacturia",B65.0,0.945685863494873,,,,,
617,3,血性乳糜尿,hematochyluria,B65.0,0.9757057428359985,,,,,
617,3,脂肪尿,lipuria,B65.0,0.9676392674446106,,,,,
617,2,裂头属，裂头绦虫病(阔节)(感染)(侵染),"Dibothriocephalus, dibothriocephaliasis (latus) (infection) (infestation)",B70.0,0.9924306869506836,,,,,
617,3,幼虫,larval,B70.1,0.9687650203704834,,,,,
617,2,裂头绦虫病(肠),Diphyllobothriasis (intestine),B70.0,0.9706255197525024,,,,,
617,3,幼虫,larval,B70.1,0.9583985805511475,,,,,
617,2,裂头蚴病,Sparganosis,B70.1,0.9820688366889954,,,,,
617,2,裂隙，裂纹,"Fissure, fissured",,0.9994834065437317,,,,,
617,3,鼻,nose,Q30.2,0.950901448726654,,,,,
617,3,唇,lip,K13.0,0.9916558265686035,,,,,
617,3,腭(先天性)(另见裂，腭),"palate (congenital) (see also Cleft, palate)",Q35.9,0.9720970988273621,,,,,
617,3,耳，耳垂，先天性,"ear, lobule, congenital",Q17.8,0.9985710382461548,,,,,
617,3,肛门,"anus, anal",K60.2,0.9607182741165161,,,,,
617,4,急性,acute,K60.0,0.9442120790481567,,,,,
617,4,慢性,chronic,K60.1,0.9378767013549805,,,,,
617,4,先天性,congenital,Q43.8,0.9383090734481812,,,,,
617,3,喉,larynx,J38.7,0.9542112946510315,,,,,
617,4,先天性,congenital,Q31.8,0.9770914912223816,,,,,
617,3,会厌(先天性),epiglottis (congenital),Q31.8,0.9945739507675171,,,,,
618,3,脊柱(先天性)(另见 脊柱裂),spine (congenital) (see also Spina bifida),Q05.9,0.9803078174591064,,,,,
618,4,伴有脑积水(另见脊柱裂，伴有脑积水),"with hydrocephalus (see also Spina bifida, with hydrocephalus)",Q05.4,0.9813706278800964,,,,,
618,3,皮肤,skin,R23.4,0.9689354300498962,,,,,
618,3,乳头,nipple,N64.0,0.9729969501495361,,,,,
618,4,产褥期、产后或妊娠,"puerperal, postpartum or gestational",O92.1,0.9583196043968201,,,,,
618,3,舌(后天性),tongue (acquired),K14.5,0.9964497685432434,,,,,
618,4,先天性,congenital,Q38.3,0.925367534160614,,,,,
618,2,裂牙,Schizodontia,K00.2,0.9856714606285095,,,,,
618,1,lín 林,,,0.8630245327949524,,,,,
618,2,林道(-冯·希佩尔)病[遗传性斑痣性错构瘤],Lindau(-von Hippel) disease,Q85.8,0.9994187951087952,,,,,
618,1,lín 临,,,0.9457224607467651,,,,,
618,2,临产,Labor,,0.9999675750732422,,,,,
618,3,假,false,O47.9,0.9894558191299438,,,,,
618,4,妊娠37整周或以后的,at or after 37 completed weeks of gestation,O47.1,0.9753698706626892,,,,,
618,4,妊娠37整周前的,before 37 completed weeks of gestation,O47.0,0.97820645570755,,,,,
618,2,临床研究调查(控制受试者),Clinical research investigation (control subject),Z00.6,0.9989056587219238,,,,,
618,1,lín 淋,,,0.9005982279777527,,,,,
618,2,淋巴(管)的 - 见情况,Lymphatic (vessel) - see condition,,0.9604063630104065,,,,,
618,2,淋巴(组织)发育不全，胸腺的,"Alymphoplasia, thymic",D82.1,0.9990370869636536,,,,,
618,2,淋巴管肌瘤(M9174/0),Lymphangiomyoma (M9174/0),D18.1,0.9880882501602173,,,,,
618,2,淋巴管肌瘤病(M9174/1)-见肿瘤，结缔组织，动态未定,"Lymphangiomyomatosis (M9174/1) - see Neoplasm, connective tissue, uncertain behavior",,0.9935322403907776,,,,,
618,2,淋巴管扩张,"Lymphangiectasis, Lymphectasia",I89.0,0.9743867516517639,,,,,
618,3,感染后,postinfectional,I89.0,0.91990065574646,,,,,
618,3,结膜,conjunctiva,H11.8,0.9841363430023193,,,,,
618,3,阴囊,scrotum,I89.0,0.9147082567214966,,,,,
618,2,淋巴管瘤(M9170/0),Lymphangioma (M9170/0),D18.1,0.9894354939460754,,,,,
618,3,恶性(M9170/3)-见肿瘤，结缔组织，恶性,"malignant (M9170/3) - see Neoplasm, connective tissue, malignant",,0.976582944393158,,,,,
618,3,海绵状(M9172/0),cavernous (M9172/0),D18.1,0.9634480476379395,,,,,
618,3,毛细(M9171/0),capillary (M9171/0),D18.1,0.9709177017211914,,,,,
618,3,囊性(M9173/0),cystic (M9173/0),D18.1,0.9805464148521423,,,,,
618,2,淋巴管内皮瘤(M9170/0),Lymphangioendothelioma (M9170/0),D18.1,0.9867220520973206,,,,,
618,3,恶性(M9170/3)-见肿瘤，结缔组织，恶性,"malignant (M9170/3) - see Neoplasm, connective tissue, malignant",,0.9718502759933472,,,,,
618,2,淋巴管肉瘤(M9170/3)-见肿瘤，结缔组织，恶性,"Lymphangiosarcoma (M9170/3) - see Neoplasm, connective tissue, malignant",,0.9777202606201172,,,,,
619,2,淋巴管炎,Lymphangitis,I89.1,0.9339353442192078,,,,,
619,3,急性-见蜂窝织炎,acute - see Cellulitis,,0.9921733736991882,,,,,
619,3,亚急性(任何部位),subacute (any site),I89.1,0.9678897857666016,,,,,
619,3,慢性(任何部位),chronic (any site),I89.1,0.9635937213897705,,,,,
619,3,伴有,with,,0.9996783137321472,,,,,
619,4,蜂窝织炎-见脓肿，按部位,"cellulitis - see Abscess, by site",,0.9302018880844116,,,,,
619,4,脓肿-见脓肿，按部位,"abscess - see Abscess, by site",,0.9295084476470947,,,,,
619,3,产褥期、产后、分娩,"puerperal, postpartum, childbirth",O86.8,0.9871810674667358,,,,,
619,3,后,following,,0.9658966064453125,,,,,
619,4,流产(随后发生),abortion (subsequent episode),O08.8,0.9217119812965393,,,,,
619,5,近期发生-见流产,current episode - see Abortion,,0.9413192272186279,,,,,
619,4,异位妊娠或葡萄胎妊娠,ectopic or molar pregnancy,O08.8,0.973132848739624,,,,,
619,3,坏疽性,gangrenous,I89.1,0.9599285125732422,,,,,
619,3,结核性(另见结核，淋巴腺),"tuberculous (see also Tuberculosis, lymph gland)",A18.2,0.9919971823692322,,,,,
619,3,瘰疠性，结核性,"strumous, tuberculous",A18.2,0.9869657754898071,,,,,
619,3,乳房,breast,,0.9646414518356323,,,,,
619,4,产褥期、产后(非化脓性),"puerperal, postpartum (nonpurulent)",O91.2,0.9686668515205383,,,,,
619,5,化脓性,purulent,O91.1,0.886746346950531,,,,,
619,4,妊娠,gestational,O91.2,0.943939745426178,,,,,
619,3,软下疳性,chancroidal,A57,0.992642343044281,,,,,
619,3,阴茎,penis,,0.9645110964775085,,,,,
619,4,急性,acute,N48.2,0.968364953994751,,,,,
619,4,淋球菌性(急性)(慢性),gonococcal (acute)(chronic),A54.0,0.9819518327713013,,,,,
619,3,由于,due to,,0.8796065449714661,,,,,
619,4,斑氏吴策线虫,Wuchereria bancrofti,B74.0,0.9830866456031799,,,,,
619,4,布鲁格(马来)丝虫,Brugia (malayi),B74.1,0.9704673290252686,,,,,
619,5,帝汶丝虫,timori,B74.2,0.9898686408996582,,,,,
619,2,淋巴结结核性 - 见情况,Scrofulous - see condition,,0.9470182061195374,,,,,
619,2,淋巴结炎,Lymphadenitis,I88.9,0.9366024136543274,,,,,
619,3,急性,acute,L04.9,0.971947431564331,,,,,
619,4,肩,shoulder,L04.2,0.9102233052253723,,,,,
619,4,颈,neck,L04.0,0.9457854628562927,,,,,
619,4,髋,hip,L04.3,0.9637988805770874,,,,,
619,4,面部,face,L04.0,0.9093780517578125,,,,,
619,4,躯干,trunk,L04.1,0.912000298500061,,,,,
619,4,特指部位 NEC,specified site NEC,L04.8,0.9604246616363525,,,,,
619,4,头部,head,L04.0,0.9486497044563293,,,,,
619,4,腋,axilla,L04.2,0.9546411633491516,,,,,
619,4,肢,limb,,0.7870364785194397,,,,,
619,5,上,upper,L04.2,0.8711640238761902,,,,,
619,5,下,lower,L04.3,0.922236979007721,,,,,
619,3,亚急性，未特指部位,"subacute, unspecified site",I88.1,0.9645314812660217,,,,,
620,3,慢性,chronic,I88.1,0.9822326898574829,,,,,
620,4,肠系膜,mesenteric,I88.0,0.94386225938797,,,,,
620,4,非特异的，特指部位NEC,"nonspecific, specified site NEC",I88.1,0.9759688377380371,,,,,
620,3,肠系膜(急性)(慢性)(非特异的)(亚急性),mesenteric (acute)(chronic) (nonspecific) (subacute),I88.0,0.97133469581604,,,,,
620,4,结核性,tuberculous,A18.3+ K93.0*,0.9754029512405396,,,,,
620,4,由于沙门菌伤寒,due to Salmonella typhi,A01.0,0.9757658243179321,,,,,
620,3,感染性(另见淋巴结炎，急性),"infective (see also Lymphadenitis, acute)",L04.9,0.9898600578308105,,,,,
620,3,化脓性(另见淋巴结炎，急性),"purulent, suppurative (see also Lymphadenitis, acute)",L04.9,0.9922921061515808,,,,,
620,3,结核性(另见结核，淋巴腺),"tuberculous (see also Tuberculosis, lymph gland)",A18.2,0.9856231212615967,,,,,
620,3,局部，非细菌性,"regional, nonbacterial",I88.8,0.9676034450531006,,,,,
620,3,淋病性,gonorrheal,A54.8,0.970658004283905,,,,,
620,3,梅毒性(早期)(继发性),syphilitic (early) (secondary),A51.4,0.9730190634727478,,,,,
620,4,晚期,late,A52.7+ I98.8*,0.9663732051849365,,,,,
620,3,脓毒性(另见淋巴结炎，急性),"septic (see also Lymphadenitis, acute)",L04.9,0.9883289337158203,,,,,
620,3,乳房,breast,,0.9604622721672058,,,,,
620,4,产褥期、产后(非化脓性),"puerperal, postpartum (nonpurulent)",O91.2,0.9818558096885681,,,,,
620,5,化脓性,purulent,O91.1,0.9786167144775391,,,,,
620,4,妊娠(非化脓性),gestational (nonpurulent),O91.2,0.9892922639846802,,,,,
620,5,化脓性,purulent,O91.1,0.8957441449165344,,,,,
620,3,软下疳性(先天性),chancroidal (congenital),A57,0.9945806264877319,,,,,
620,3,生脓性(另见淋巴结炎，急性),"pyogenic (see also Lymphadenitis, acute)",L04.9,0.9920676946640015,,,,,
620,3,性病性(衣原体性),venereal (chlamydial),A55,0.9784834980964661,,,,,
620,3,由于,due to,,0.934840738773346,,,,,
620,4,白喉(毒素),diphtheria (toxin),A36.8,0.9684825539588928,,,,,
620,4,斑氏吴策线虫,Wuchereria bancrofti,B74.0,0.9665904641151428,,,,,
620,4,布鲁格(马来)丝虫,Brugia (malayi),B74.1,0.9821022152900696,,,,,
620,5,帝汶丝虫,timori,B74.2,0.9723834991455078,,,,,
620,4,衣原体淋巴肉芽肿,chlamydial lymphogranuloma,A55,0.9879598617553711,,,,,
620,2,淋巴瘤(恶性)(M9590/3),Lymphoma (malignant) (M9590/3),C85.9,0.9994019269943237,,,,,
620,3,B细胞NEC(M9590/3),B-cell NEC (M9590/3),C85.1,0.9796439409255981,,,,,
620,4,单核细胞样(M9711/3),monocytoid (M9711/3),C85.7,0.9775086641311646,,,,,
620,3,B先质NEC(M9590/3),B-precursor NEC (M9590/3),C85.1,0.9749589562416077,,,,,
620,3,T区(M9703/3),T-zone (M9703/3),C84.2,0.9617459774017334,,,,,
620,3,T 细胞NEC(M9590/3),T-cell NEC (M9590/3),C84.5,0.9408473968505859,,,,,
620,4,成人(M9827/3),adult (M9827/3),C91.5,0.9799867272377014,,,,,
620,4,血管中心性(M9713/3),angiocentric (M9713/3),C85.7,0.9758397340774536,,,,,
620,4,周围(M9702/3),peripheral (M9702/3),C84.4,0.9728474020957947,,,,,
620,5,多形性,pleomorphic,,0.9441836476325989,,,,,
620,6,小细胞(M9706/3),small cell (M9706/3),C84.4,0.9734606742858887,,,,,
620,5,中等细胞和大细胞(M9707/3),medium and large cell (M9707/3),C84.4,0.9650489687919617,,,,,
620,5,血管成免疫细胞性淋巴腺病伴有血内蛋白异常(M9705/3),angioimmunoblastic lymphadenopathy with dysproteinemia (M9705/3),C84.4,0.9774986505508423,,,,,
621,3,白血病性，成人T 细胞(M9827/3),"leukemia, adult T-cell (M9827/3)",C91.5,0.9851779341697693,,,,,
621,3,伯基特(小非核裂，弥漫性)(未分化)(M9687/3),"Burkitt's (small noncleaved, diffuse) (undifferentiated) (M9687/3)",C83.7,0.989046037197113,,,,,
621,4,人类免疫缺陷病毒(HIV)病所致,resulting from HIV disease,B21.1,0.9747576713562012,,,,,
621,3,成人 T 细胞(M9827/3),adult T-cell (M9827/3),C91.5,0.9803265333175659,,,,,
621,3,大细胞(弥漫性)(M9680/3),large cell (diffuse) (M9680/3),C83.3,0.9794629812240601,,,,,
621,4,Ki-1+(M9714/3),Ki-1+ (M9714/3),C85.7,0.9639279842376709,,,,,
621,4,伴有,with,,0.8467038869857788,,,,,
621,5,小核裂，混合性，滤泡性(M9691/3),"small cleaved, mixed, follicular (M9691/3)",C82.1,0.9954680800437927,,,,,
621,5,小细胞，混合性，弥漫性(M9675/3),"small cell, mixed diffuse (M9675/3)",C83.2,0.9810128808021545,,,,,
621,4,非核裂和核裂性(M9680/3),noncleaved and cleaved (M9680/3),C83.3,0.9814980626106262,,,,,
621,3,单核细胞样B细胞(M9711/3),monocytoid B-cell (M9711/3),C85.7,0.9802505373954773,,,,,
621,3,地中海(M9764/3),Mediterranean (M9764/3),C88.3,0.9815992116928101,,,,,
621,3,非伯基特，未分化细胞性(M9686/3),"non-Burkitt's, undifferentiated cell (M9686/3)",C83.6,0.9875141382217407,,,,,
621,3,非核裂(弥漫性)(M9682/3),noncleaved (diffuse) (M9682/3),C83.3,0.9696602821350098,,,,,
621,4,大细胞(弥漫性)(M9682/3),large cell (diffuse) (M9682/3),C83.3,0.9744278788566589,,,,,
621,5,滤泡性(M9698/3),follicular (M9698/3),C82.2,0.9788858890533447,,,,,
621,4,滤泡性(M9698/3),follicular (M9698/3),C82.2,0.9856868386268616,,,,,
621,4,小细胞(弥漫性)(M9686/3),small cell (diffuse) (M9686/3),C83.0,0.9696429371833801,,,,,
621,3,非霍奇金[何杰金]型NEC(M9591/3),non-Hodgkin's type NEC (M9591/3),C85.9,0.9706834554672241,,,,,
621,4,人类免疫缺陷病毒(HIV)病所致,resulting from HIV disease,B21.2,0.981136679649353,,,,,
621,3,核裂细胞性(弥漫性)(M9672/3),cleaved cell (diffuse) (M9672/3),C83.1,0.9923713803291321,,,,,
621,4,伴有,with,,0.770954966545105,,,,,
621,5,大细胞，滤泡性(M9691/3),"large cell, follicular (M9691/3)",C82.1,0.9773624539375305,,,,,
621,5,非核裂，大细胞(M9680/3),"noncleaved, large cell (M9680/3)",C83.3,0.9785265922546387,,,,,
621,4,大(弥漫性)(M9681/3),large (diffuse)(M9681/3),C83.3,0.9602963924407959,,,,,
621,5,滤泡性(M9698/3),follicular (M9698/3),C82.2,0.9758630394935608,,,,,
621,4,滤泡性(M9695/3),follicular (M9695/3),C82.0,0.9546387791633606,,,,,
621,4,小(弥漫性)(M9672/3),small(diffuse)(M9672/3),C83.1,0.9925898909568787,,,,,
621,3,混合细胞型,mixed cell type,,0.9930296540260315,,,,,
621,4,淋巴细胞组织细胞(弥漫性)(M9675/3),lymphocytic-histiocytic (diffuse) (M9675/3),C83.2,0.9759970307350159,,,,,
621,5,结节性(M9691/3),nodular (M9691/3),C82.1,0.9684527516365051,,,,,
621,4,滤泡性(M9691/3),follicular (M9691/3),C82.1,0.9802801012992859,,,,,
621,4,弥漫性(M9675/3),diffuse (M9675/3),C83.2,0.969586193561554,,,,,
621,4,小核裂和大细胞，滤泡性(M9691/3),"small cleaved and large cell, follicular (M9691/3)",C82.1,0.9935321807861328,,,,,
621,4,小细胞和大细胞(弥漫性)(M9675/3),small and large cell (diffuse) (M9675/3),C83.2,0.971757173538208,,,,,
621,3,霍奇金[何杰金](M9650/3),Hodgkin's (M9650/3),C81.9,0.9861571192741394,,,,,
621,3,浆细胞性，浆细胞样(M9671/3),"plasmacytic, plasmacytoid (M9671/3)",C83.8,0.9732272028923035,,,,,
621,3,结节性(伴有或不伴有弥漫区)(M9690/3),nodular (with or without diffuse areas) (M9690/3),C82.9,0.9948523640632629,,,,,
621,4,混合(细胞型)(M9691/3),mixed (cell type) (M9691/3),C82.1,0.9656479358673096,,,,,
622,4,淋巴细胞(M9690/3),lymphocytic (M9690/3),C82.9,0.9816709756851196,,,,,
622,5,低分化(M9696/3),poorly differentiated (M9696/3),C82.7,0.9899641871452332,,,,,
622,5,中分化(M9694/3),intermediate differentiation (M9694/3),C82.7,0.9854525923728943,,,,,
622,5,高分化(M9693/3),well differentiated (M9693/3),C82.7,0.9774407744407654,,,,,
622,4,淋巴细胞组织细胞混合性(M9691/3),mixed lymphocytic-histiocytic (M9691/3),C82.1,0.9902607202529907,,,,,
622,4,组织细胞(M9698/3),histiocytic (M9698/3),C82.2,0.9907767176628113,,,,,
622,3,淋巴浆细胞性，淋巴浆细胞样(M9671/3),"lymphoplasmatic, lymphoplasmacytoid (M9671/3)",C83.8,0.9795737266540527,,,,,
622,3,淋巴上皮样(M9704/3),lymphoepithelioid (M9704/3),C84.3,0.9820353388786316,,,,,
622,3,淋巴细胞性(弥漫性)(M9670/3),lymphocytic (diffuse) (M9670/3),C83.0,0.9788258075714111,,,,,
622,4,结节性(M9690/3),nodular (M9690/3),C82.9,0.9655483961105347,,,,,
622,5,低分化(M9696/3),poorlydifferentiated (M9696/3),C82.7,0.9716728329658508,,,,,
622,5,中分化(M9694/3),intermediate differentiation (M9694/3),C82.7,0.9865330457687378,,,,,
622,5,高分化(M9693/3),well differentiated (M9693/3),C82.7,0.9902734756469727,,,,,
622,4,小(M9670/3),small (M9670/3),C83.0,0.9572077989578247,,,,,
622,4,中分化，结节性(M9694/3),"intermediate differentiation, nodular (M9694/3)",C82.7,0.9724003076553345,,,,,
622,3,滤泡性(结节性)(伴有或不伴有弥漫区)(M9690/3),follicular (nodular) (with or without diffuse areas) (M9690/3),C82.9,0.9821922183036804,,,,,
622,4,大细胞(核裂)(非核裂)(M9698/3),large cell (cleaved) (noncleaved) (M9698/3),C82.2,0.9920125007629395,,,,,
622,4,非核裂(大细胞)(M9698/3),noncleaved (large cell) (M9698/3),C82.2,0.9851341247558594,,,,,
622,4,混合型(M9691/3),mixed cell type (M9691/3),C82.1,0.9823732972145081,,,,,
622,4,小核裂细胞(M9695/3),small cleaved cell (M9695/3),C82.0,0.9936195015907288,,,,,
622,5,和大细胞(M9691/3),and large cell (M9691/3),C82.1,0.9808583855628967,,,,,
622,4,中心母细胞(M9697/3),centroblastic (M9697/3),C82.7,0.9876672625541687,,,,,
622,5,中心细胞(M9692/3),centrocytic (M9692/3),C82.7,0.9778626561164856,,,,,
622,4,组织细胞(M9698/3),histiocytic (M9698/3),C82.2,0.9883632063865662,,,,,
622,3,伦纳特(M9704/3),Lennert's (M9704/3),C84.3,0.9790859818458557,,,,,
622,3,弥漫性(M9595/3),diffuse (M9595/3),C83.9,0.9692420363426208,,,,,
622,4,大细胞(M9680/3),large cell (M9680/3),C83.3,0.9734482765197754,,,,,
622,5,非核裂(M9682/3),noncleaved (M9682/3),C83.3,0.9947840571403503,,,,,
622,5,非核裂(M9682/3),noncleaved (M9682/3),C83.3,0.9733487963676453,,,,,
622,4,大细胞(M9682/3),large cell (M9682/3),C83.3,0.9674367904663086,,,,,
622,4,小细胞(M9686/3),small cell (M9686/3),C83.0,0.9497100114822388,,,,,
622,4,混合型(M9675/3),mixed cell type (M9675/3),C83.2,0.9833233952522278,,,,,
622,4,淋巴细胞组织细胞(M9675/3),lymphocytic-histiocytic (M9675/3),C83.2,0.9907131195068359,,,,,
622,5,小细胞和大细胞(M9675/3),small and large cell (M9675/3),C83.2,0.9936531186103821,,,,,
622,4,淋巴细胞(高分化)(M9670/3),lymphocytic (well differentiated) (M9670/3),C83.0,0.9782698154449463,,,,,
622,4,低分化(M9672/3),poorly differentiated (M9672/3),C83.1,0.991932213306427,,,,,
622,5,中分化(M9673/3),intermediate differentiation (M9673/3),C83.8,0.9878091812133789,,,,,
622,4,网状细胞肉瘤(M9593/3),reticulum cell sarcoma (M9593/3),C83.3,0.9983097314834595,,,,,
623,4,小细胞(M9670/3),small cell (M9670/3),C83.0,0.9521244168281555,,,,,
623,5,非核裂，伯基特(M9687/3),"noncleaved, Burkitt's (M9687/3)",C83.7,0.9848170280456543,,,,,
623,5,核裂(M9672/3),cleaved (M9672/3),C83.1,0.9542284607887268,,,,,
623,5,淋巴细胞(M9670/3),lymphocytic (M9670/3),C83.0,0.9616788029670715,,,,,
623,4,组织细胞(M9680/3),histiocytic (M9680/3),C83.3,0.9829044342041016,,,,,
623,3,免疫母细胞性(弥漫性)(大类型)(M9684/3),immunoblastic (diffuse) (large type) (M9684/3),C83.4,0.9971612691879272,,,,,
623,3,皮肤(M9709/3),cutaneous (M9709/3),C84.5,0.9702170491218567,,,,,
623,3,曲细胞性(M9685/3),convoluted cell (M9685/3),C83.5,0.965024471282959,,,,,
623,3,人类免疫缺陷病毒(HIV)病所致,resulting from HIV disease,B21.2,0.9819234609603882,,,,,
623,3,外套层(M9673/3),mantle zone (M9673/3),C83.8,0.9610499143600464,,,,,
623,3,未分化细胞性(M9686/3),undifferentiated cell (M9686/3),C83.6,0.9854809641838074,,,,,
623,4,伯基特型(M9687/3),Burkitt's type (M9687/3),C83.7,0.9876678586006165,,,,,
623,3,小细胞(弥漫性)(M9670/3),small cell (diffuse) (M9670/3),C83.0,0.9741855263710022,,,,,
623,4,"伴有大细胞,混合性(弥漫性)(M9675/3)","with large cell, mixed (diffuse) (M9675/3)",C83.2,0.9820116758346558,,,,,
623,4,非核裂(弥漫性)(M9686/3),noncleaved (diffuse) (M9686/3),C83.0,0.9721265435218811,,,,,
623,5,伯基特(M9687/3),Burkitt's (M9687/3),C83.7,0.9946495890617371,,,,,
623,4,核裂(弥漫性)(M9672/3),cleaved (diffuse) (M9672/3),C83.1,0.9719255566596985,,,,,
623,5,和大细胞，混合性，滤泡性(M9691/3),"and large cell, mixed, follicular (M9691/3)",C82.1,0.9719606041908264,,,,,
623,5,滤泡性(M9695/3),follicular (M9695/3),C82.0,0.9958657026290894,,,,,
623,4,淋巴细胞性(弥漫性)(M9670/3),lymphocytic (diffuse) (M9670/3),C83.0,0.9780853390693665,,,,,
623,3,血管成免疫细胞性(M9705/3),angioimmunoblastic (M9705/3),C84.4,0.9766165614128113,,,,,
623,3,血管中心性T 细胞(M9713/3),angiocentric T-cell (M9713/3),C85.7,0.9785556793212891,,,,,
623,3,原淋巴细胞性(弥漫性)(M9685/3),lymphoblastic (diffuse) (M9685/3),C83.5,0.9740715026855469,,,,,
623,3,真性组织细胞(M9723/3),true histiocytic (M9723/3),C96.3,0.9971570372581482,,,,,
623,3,中心母细胞性(弥漫性)(M9683/3),centroblastic (diffuse) (M9683/3),C83.8,0.9905000925064087,,,,,
623,4,滤泡性(M9697/3),follicular (M9697/3),C82.7,0.992711067199707,,,,,
623,3,中心母细胞性-中心细胞性(弥漫性)(M9676/3),centroblastic-centrocytic (diffuse) (M9676/3),C83.8,0.9858814477920532,,,,,
623,4,滤泡性(M9692/3),follicular (M9692/3),C82.7,0.9897835850715637,,,,,
623,3,中心细胞性(M9674/3),centrocytic (M9674/3),C83.8,0.9954498410224915,,,,,
623,3,周围T 细胞(M9702/3),peripheral T-cell (M9702/3),C84.4,0.9382389187812805,,,,,
623,4,多形性,pleomorphic,,0.8628376126289368,,,,,
623,5,小细胞(M9706/3),small cell (M9706/3),C84.4,0.9915022253990173,,,,,
623,5,中等细胞和大细胞(M9707/3),medium and large cell (M9707/3),C84.4,0.9915136694908142,,,,,
623,4,血管成免疫细胞性淋巴腺病伴有血内蛋白异常AILD，(M9705/3),angioimmunoblastic lymphadenopathy with dysproteinemia (M9705/3),C84.4,0.9632819890975952,,,,,
623,3,组织细胞性(M9680/3),histiocytic (M9680/3),C83.3,0.9810341596603394,,,,,
623,4,真性(M9723/3),true (M9723/3),C96.3,0.9910128116607666,,,,,
623,2,淋巴瘤病(M9590/3)-见淋巴瘤,Lymphomatosis (M9590/3) - see Lymphoma,,0.9938808083534241,,,,,
623,2,淋巴瘤性甲状腺肿,Lymphadenoid goiter,E06.3,0.9807178378105164,,,,,
624,2,淋巴瘤性乳头状囊腺瘤[沃辛瘤](M8561/0)-见肿瘤，涎腺，良性,"Warthin's tumor (M8561/0) - see Neoplasm, salivary gland, benign",,0.9993725419044495,,,,,
624,2,淋巴肉瘤(弥漫性)(M9592/3),Lymphosarcoma (diffuse) (M9592/3),C85.0,0.9946974515914917,,,,,
624,3,滤泡性(M9690/3),follicular (M9690/3),C82.9,0.9627660512924194,,,,,
624,4,混合细胞型(M9691/3),mixed cell type (M9691/3),C82.1,0.9826277494430542,,,,,
624,3,细胞性白血病(M9850/3),cell leukemia (M9850/3),C94.7,0.9787520170211792,,,,,
624,2,淋巴肉芽肿，性病性,"Poradenitis, nostras inguinalis or venerea",A55,0.9990360140800476,,,,,
624,2,淋巴肉芽肿(病)(恶性)(M9650/3),"Lymphogranuloma, Lymphogranulomatosis (malignant) (M9650/3)",C81.9,0.9743750691413879,,,,,
624,3,腹股沟,inguinale,A55,0.9237562417984009,,,,,
624,3,良性(伯克结节病)(绍曼),benign (Boeck's sarcoid) (Schaumann's),D86.1,0.978329062461853,,,,,
624,3,性病性(任何部位)(衣原体性),venereum (any site) (chlamydial),A55,0.982839822769165,,,,,
624,3,衣原体性,chlamydial,A55,0.9564188718795776,,,,,
624,2,淋巴上皮瘤(M8082/3)-见肿瘤，恶性,Lymphoepithelioma (M8082/3) - see Neoplasm. malignant,,0.9972895979881287,,,,,
624,2,淋巴水肿(另见象皮肿),Lymphedema (see also Elephantiasis),I89.0,0.9851570129394531,,,,,
624,3,原发性,precox,I89.0,0.9503114819526672,,,,,
624,3,继发性,secondary,I89.0,0.9690510034561157,,,,,
624,3,乳房切除术后,postmastectomy,I97.2,0.9423364400863647,,,,,
624,3,手术的 NEC,surgical NEC,I97.8,0.945476233959198,,,,,
624,4,乳房切除术后(综合征),postmastectomy (syndrome),I97.2,0.9626959562301636,,,,,
624,3,遗传性,hereditary,Q82.0,0.9644920229911804,,,,,
624,2,淋巴网状内皮细胞增生症，良性(接种的),"Lymphoreticulosis, benign (of inoculation)",A28.1,0.9993157386779785,,,,,
624,2,淋巴细胞减少,Lymphopenia,D72.8,0.9998549818992615,,,,,
624,2,淋巴细胞瘤，良性 皮肤,"Lymphocytoma, benign cutis",L98.8,0.9744458198547363,,,,,
624,2,淋巴细胞缺乏,Alymphocytosis,D72.8,0.9999351501464844,,,,,
624,3,胸腺(伴有免疫缺陷),thymic (with immunodeficiency),D82.1,0.9913331270217896,,,,,
624,2,淋巴细胞性,Lymphocytic,,0.9999576807022095,,,,,
624,3,脉络丛脑膜炎(急性)(浆液性),choriomeningitis (acute) (serous),A87.2+ G02.0*,0.9841774702072144,,,,,
624,3,脉络丛脑炎(急性)(浆液性),chorioencephalitis (acute) (serous),A87.2+ G05.1*,0.9837256073951721,,,,,
624,3,脑膜脑炎,meningoencephalitis,A87.2+ G05.1*,0.9837112426757812,,,,,
624,2,淋巴细胞与组织细胞增多症，噬红细胞性,"Lymphohistiocytosis, hemophagocytic",D76.1,0.9998630285263062,,,,,
624,2,淋巴细胞增多(症状性),Lymphocytosis (symptomatic),D72.8,0.9996267557144165,,,,,
624,2,淋巴细胞增生，X连锁病,"Lymphoproliferation, X-linked disease",D82.3,0.9891039729118347,,,,,
624,3,传染性(急性),infectious (acute),B33.8,0.9911243915557861,,,,,
624,2,淋巴腺病(全身性),Lymphadenopathy (generalized),R59.1,0.9670482277870178,,,,,
624,3,局限性,localized,R59.0,0.9807647466659546,,,,,
624,3,梅毒性(早期)(继发性),syphilitic (early)(secondary),A51.4,0.9915371537208557,,,,,
624,3,人类免疫缺陷病毒(HIV)病所致,resulting from HIV disease,B23.1,0.9831475019454956,,,,,
624,3,血管成免疫细胞性(M9767/1),angioimmunoblastic (M9767/1),D47.7,0.9804117679595947,,,,,
624,3,由于弓形虫病(后天性),due to toxoplasmosis (acquired),B58.8,0.9913098216056824,,,,,
624,4,先天性(急性)(慢性)(亚急性),congenital (acute) (chronic) (subacute),P37.1,0.9665343165397644,,,,,
624,2,淋巴腺或淋巴结的 - 见情况,Lymph gland or node - see condition,,0.9731731414794922,,,,,
624,2,淋巴样的 - 见情况,Lymphoid - see condition,,0.981890082359314,,,,,
624,2,淋巴溢,Lymphorrhea,I89.8,0.9549906849861145,,,,,
625,2,淋巴郁滞,Lymphostasis,I89.8,0.9749910831451416,,,,,
625,2,淋巴组织增生,Lymphadenosis,R59.1,0.9920039176940918,,,,,
625,2,淋病(急性)(慢性),"Clap, Blennorrhagia, blennorrhagic, Gonorrhea (acute) (chronic)",A54.9,0.9931990504264832,,,,,
625,3,并发于妊娠、分娩或产褥期,"complicating pregnancy, childbirth or puerperium",O98.2,0.985304594039917,,,,,
625,4,影响到胎儿或新生儿,affecting fetus or newborn,P00.2,0.9572741389274597,,,,,
625,3,宫颈,cervix,A54.0,0.9930330514907837,,,,,
625,3,结膜，结膜炎(新生儿),"conjunctiva, conjunctivitis (neonatorum)",A54.3+ H13.1*,0.9851216673851013,,,,,
625,3,精囊(急性)(慢性),seminal vesicle (acute) (chronic),A54.2+ N51.8*,0.9923650622367859,,,,,
625,3,精索(急性)(慢性),spermatic cord (acute) (chronic),A54.2+ N51.8*,0.9763725996017456,,,,,
625,3,考珀腺[尿道球腺](伴有脓肿),Cowper's gland (with abscess),A54.1,0.9702662229537964,,,,,
625,3,卵巢(急性)(慢性),ovary (acute) (chronic),A54.2+ N74.3*,0.9565770030021667,,,,,
625,3,尿道,urethra,A54.0,0.9454558491706848,,,,,
625,4,伴有脓肿(副腺)(尿道周),with abscess (accessory gland) (periurethral),A54.1,0.9703187942504883,,,,,
625,3,膀胱,bladder,A54.0,0.9470891952514648,,,,,
625,3,盆腔(急性)(慢性),pelvis (acute) (chronic),A54.2,0.9493324160575867,,,,,
625,4,女性盆腔炎性疾病,female pelvic inflammatory disease,A54.2+ N74.3*,0.9640651345252991,,,,,
625,3,前列腺(急性)(慢性),prostate (acute) (chronic),A54.2+ N51.0*,0.9598703384399414,,,,,
625,3,前庭大腺(急性)(慢性)(化脓性),Bartholin's gland (acute) (chronic) (purulent),A54.0,0.9738826751708984,,,,,
625,4,伴有脓肿(副腺)(尿道周),with abscess (accessory gland) (periurethral),A54.1,0.9691685438156128,,,,,
625,3,肾(急性)(慢性),kidney (acute) (chronic),A54.2+ N29.1*,0.9752869606018066,,,,,
625,3,输精管(急性)(慢性),vas deferens (acute) (chronic),A54.2+ N51.8*,0.9549100995063782,,,,,
625,3,输卵管(急性)(慢性),fallopian tube (acute)(chronic),A54.2+ N74.3*,0.979567289352417,,,,,
625,3,特指部位未列出(另见淋球菌),specified site not listed (see also Gonococcus),A54.8,0.9871364831924438,,,,,
625,3,外阴,vulva,A54.0,0.9402242302894592,,,,,
625,3,下泌尿生殖道,lower genitourinary tract,A54.0,0.9948901534080505,,,,,
625,4,伴有脓肿(副腺)(尿道周),with abscess (accessory gland) (periurethral),A54.1,0.9583024978637695,,,,,
625,3,阴道,vagina,A54.0,0.9681380391120911,,,,,
625,3,阴茎,penis,A54.0,0.9701714515686035,,,,,
625,2,淋球菌(病)(感染)(另见情况),"Gonococcus, gonococcal (disease) (infection) (see also condition)",A54.9,0.9812469482421875,,,,,
625,3,并发于妊娠、分娩或产褥期,"complicating pregnancy, childbirth or puerperium",O98.2,0.9797590970993042,,,,,
625,4,影响到胎儿或新生儿,affecting fetus or newborn,P00.2,0.9850063323974609,,,,,
625,3,肛门,anus,A54.6,0.9673538208007812,,,,,
625,3,关节,joint,A54.4+ M01.3*,0.9319813251495361,,,,,
625,3,虹膜睫状体炎,iridocyclitis,A54.3+ H22.0*,0.9744318127632141,,,,,
625,3,滑囊，滑囊炎,"bursa, bursitis",A54.4+ M73.0*,0.967116117477417,,,,,
625,3,腱鞘,tendon sheath,A54.4+ M68.0*,0.9936800003051758,,,,,
625,3,结膜，结膜炎(新生儿),"conjunctiva, conjunctivitis (neonatorum)",A54.3+ H13.1*,0.9818294644355774,,,,,
625,3,淋巴(腺)(结),lymphatic (gland) (node),A54.8,0.965369462966919,,,,,
626,3,泌尿生殖(器官)(系统)(道)(急性),genitourinary (organ) (system) (tract) (acute),,0.9742902517318726,,,,,
626,4,上(另见情况),upper (see also condition),A54.2,0.9745612144470215,,,,,
626,4,下,lower,A54.0,0.8749181628227234,,,,,
626,5,伴有脓肿(副腺)(尿道周),with abscess (accessory gland) (periurethral),A54.1,0.9698694944381714,,,,,
626,3,脑脊膜炎,"meninges, meningitis",A54.8+ G01*,0.9646202921867371,,,,,
626,3,尿道(急性)(慢性),urethra (acute) (chronic),A54.0,0.9852870106697083,,,,,
626,4,伴有脓肿(副腺)(尿道周),with abscess (accessory gland) (periurethral),A54.1,0.9652997255325317,,,,,
626,3,盆腔(急性)(慢性),pelvis (acute) (chronic),A54.2,0.9739264249801636,,,,,
626,3,盆腔腹膜炎,pelviperitonitis,A54.2+ N74.3*,0.9955722093582153,,,,,
626,3,皮肤,skin,A54.8+ L99.8*,0.9790256023406982,,,,,
626,3,输卵管(急性)(慢性),fallopian tubes (acute)(chronic),A54.2+ N74.3*,0.9838567972183228,,,,,
626,3,输卵管积脓(急性)(慢性),pyosalpinx (acute) (chronic),A54.2+ N74.3*,0.9830279350280762,,,,,
626,3,特指部位NEC,specified site NEC,A54.8,0.9826589822769165,,,,,
626,3,外阴(急性)(慢性),vulva (acute) (chronic),A54.0,0.9826124906539917,,,,,
626,3,心内膜,endocardium,A54.8+ I39.8*,0.9651936292648315,,,,,
626,3,心脏,heart,A54.8+ I52.0*,0.971421480178833,,,,,
626,3,咽,pharynx,A54.5,0.9875144958496094,,,,,
626,3,眼，新生儿,"eye, newborn",A54.3+ H13.1*,0.9636549949645996,,,,,
626,3,直肠,rectum,A54.6,0.9495151042938232,,,,,
626,2,淋球菌性血症,Gonococcemia,A54.8,0.9994621276855469,,,,,
626,1,lín 磷,,,0.9384167790412903,,,,,
626,2,磷丧失性肾小管疾患,Phosphate-losing tubular disorder,N25.0,0.9997626543045044,,,,,
626,2,磷酸盐尿,Phosphaturia,E83.3,0.9879436492919922,,,,,
626,2,磷酸盐血症,Phosphatemia,E83.3,0.9565363526344299,,,,,
626,1,lín 鳞,,,0.9515954256057739,,,,,
626,2,鳞毛病,Lepothrix,A48.8,0.949334442615509,,,,,
626,2,鳞状 - 另见情况,Squamous - see also condition,,0.9850223064422607,,,,,
626,3,上皮，于,epithelium in,,0.9856605529785156,,,,,
626,4,宫颈管(先天性),cervical canal (congenital),Q51.8,0.9725726246833801,,,,,
626,4,子宫粘膜(先天性),uterine mucosa (congenital),Q51.8,0.9748587608337402,,,,,
627,1,liú 流,,,0.9332689046859741,,,,,
627,2,流产（完全）（不完全）,Abortion (complete) (incomplete),O06.-,0.9676470756530762,,,,,
627,3,注：下列第四位数列表与 O03-O06、O08 类目一起使用。已经对“近期发生”和“随后发生”加以区分。即：近期发生是指对一种疾病或损伤及其所引起的并发症或临床表现一起进行治疗的医疗事件，而随后发生则是指对以前治疗疾病或损伤的并发症或临床表现进行治疗的医疗事件。,Note: The following fourth-character list is provided to be used with categories O03-O06 and O08. A distinction is made between an episode of care at which a disease or injury and resulting complications or manifestations are treated together—current episode—and an episode of care for complications or manifestations of diseases or injuries treated previously—subsequent episode.,,0.7857323884963989,,,,,
627,3,并发于,complicated (by),O03.8 O04.8 O05.8 O06.8 O03.3 O04.3 O05.3 O06.3 O08.9,0.7857323884963989,,,,,
627,4,纤维蛋白原缺乏血症,afibrinogenemia,O03.6 O04.6 O05.6 O06.6 O03.1 O04.1 O05.1 O06.1 O08.1,0.9596331119537354,,,,,
627,4,心脏停搏,cardiac arrest,O03.8 O04.8 O05.8 O06.8 O03.3 O04.3 O05.3 O06.3 O08.8,0.9221949577331543,,,,,
627,4,化学性损害,chemical damage,,0.9146424531936646,,,,,
627,5,膀胱,bladder,O03.8 O04.8 O05.8 O06.8 O03.3 O04.3 O05.3 O06.3 O08.6,0.9271150827407837,,,,,
627,5,肠,bowel,O03.8 O04.8 O05.8 O06.8 O03.3 O04.3 O05.3 O06.3 O08.6,,,,,,
627,5,阔韧带,broad ligament,O03.8 O04.8 O05.8 O06.8 O03.3 O04.3 O05.3 O06.3 O08.6,0.954693615436554,,,,,
627,5,宫颈,cervix,O03.8 O04.8 O05.8 O06.8 O03.3 O04.3 O05.3 O06.3 O08.6,0.8014006614685059,,,,,
627,5,尿道周组织,periurethral tissue,O03.8 O04.8 O05.8 O06.8 O03.3 O04.3 O05.3 O06.3 O08.6,0.941747784614563,,,,,
627,5,子宫,uterus,O03.8 O04.8 O05.8 O06.8 O03.3 O04.3 O05.3 O06.3 O08.6,0.9765405058860779,,,,,
627,4,循环萎陷,circulatory collapse,O03.8 O04.8 O05.8 O06.8 O03.3 O04.3 O05.3 O06.3 O08.3,0.9529047012329102,,,,,
627,4,特指的情况 NEC,specified condition NEC,O03.8 O04.8 O05.8 O06.8 O03.3 O04.3 O05.3 O06.3 O08.8,0.9730907678604126,,,,,
627,4,盆腔器官或组织损伤 NEC,damage to pelvic organs or tissues NEC,O03.8 O04.8 O05.8 O06.8 O03.3 O04.3 O05.3 O06.3 O08.6,,,,,,
627,4,去纤维蛋白综合征,defibrination syndrome,O03.6 O04.6 O05.6 O06.6 O03.1 O04.1 O05.1 O06.1 O08.1,0.9574045538902283,,,,,
627,4,电解质失衡,electrolyte imbalance,O03.8 O04.8 O05.8 O06.8 O03.3 O04.3 O05.3 O06.3 O08.5,0.964519739151001,,,,,
627,4,栓塞,embolism,O03.7 O04.7 O05.7 O06.7 O03.2 O04.2 O05.2 O06.2 O08.2,0.9849719405174255,,,,,
627,5,空气,air,O03.7 O04.7 O05.7 O06.7 O03.2 O04.2 O05.2 O06.2 O08.2,0.9145863652229309,,,,,
627,5,羊水,amniotic fluid,O03.7 O04.7 O05.7 O06.7 O03.2 O04.2 O05.2 O06.2 O08.2,0.9849719405174255,,,,,
627,5,血块,blood clot,O03.7 O04.7 O05.7 O06.7 O03.2 O04.2 O05.2 O06.2 O08.2,0.9849719405174255,,,,,
627,5,肺,pulmonary,O03.7 O04.7 O05.7 O06.7 O03.2 O04.2 O05.2 O06.2 O08.2,0.9624924063682556,,,,,
627,5,脓毒症性,pyemic,O03.7 O04.7 O05.7 O06.7 O03.2 O04.2 O05.2 O06.2 O08.2,0.9249944686889648,,,,,
627,5,败血症性,septic,O03.7 O04.7 O05.7 O06.7 O03.2 O04.2 O05.2 O06.2 O08.2,0.9033393859863281,,,,,
627,5,脓毒败血症性,septicopyemic,O03.7 O04.7 O05.7 O06.7 O03.2 O04.2 O05.2 O06.2 O08.2,0.9684575796127319,,,,,
627,5,肥皂,soap,O03.7 O04.7 O05.7 O06.7 O03.2 O04.2 O05.2 O06.2 O08.2,0.9849719405174255,,,,,
627,4,子宫内膜炎,endometritis,O03.5 O04.5 O05.5 O06.5 O03.0 O04.0 O05.0 O06.0 O08.0,0.9765405058860779,,,,,
627,4,出血（延迟）（过多）,hemorrhage (delayed) (excessive),O03.6 O04.6 O05.6 O06.6 O03.1 O04.1 O05.1 O06.1 O08.1,0.9153546094894409,,,,,
627,4,感染,infection,,0.8718439340591431,,,,,
627,5,生殖道,genital,O03.5 O04.5 O05.5 O06.5 O03.0 O04.0 O05.0 O06.0 O08.0,0.9755514860153198,,,,,
627,5,盆腔,pelvic,O03.5 O04.5 O05.5 O06.5 O03.0 O04.0 O05.0 O06.0 O08.0,0.976464569568634,,,,,
627,5,泌尿道,urinary tract,O03.8 O04.8 O05.8 O06.8 O03.3 O04.3 O05.3 O06.3 O08.8,0.9487084746360779,,,,,
627,4,血管内凝血,intravascular coagulation,O03.6 O04.6 O05.6 O06.6 O03.1 O04.1 O05.1 O06.1 O08.1,0.9864348769187927,,,,,
627,4,裂伤,laceration,,0.9022389650344849,,,,,
627,5,膀胱,bladder,O03.8 O04.8 O05.8 O06.8 O03.3 O04.3 O05.3 O06.3 O08.6,0.9271150827407837,,,,,
627,5,肠,bowel,O03.8 O04.8 O05.8 O06.8 O03.3 O04.3 O05.3 O06.3 O08.6,,,,,,
627,5,阔韧带,broad ligament,O03.8 O04.8 O05.8 O06.8 O03.3 O04.3 O05.3 O06.3 O08.6,0.954693615436554,,,,,
627,5,宫颈,cervix,O03.8 O04.8 O05.8 O06.8 O03.3 O04.3 O05.3 O06.3 O08.6,0.8014006614685059,,,,,
627,5,尿道周组织,periurethral tissue,O03.8 O04.8 O05.8 O06.8 O03.3 O04.3 O05.3 O06.3 O08.6,0.941747784614563,,,,,
627,5,子宫,uterus,O03.8 O04.8 O05.8 O06.8 O03.3 O04.3 O05.3 O06.3 O08.6,0.9765405058860779,,,,,
627,4,代谢紊乱,metabolic disorder,O03.8 O04.8 O05.8 O06.8 O03.3 O04.3 O05.3 O06.3 O08.5,0.9297277927398682,,,,,
627,4,少尿,oliguria,O03.8 O04.8 O05.8 O06.8 O03.3 O04.3 O05.3 O06.3 O08.4,0.9136456251144409,,,,,
627,4,卵巢炎,oophoritis,O03.5 O04.5 O05.5 O06.5 O03.0 O04.0 O05.0 O06.0 O08.0,0.9401905536651611,,,,,
627,4,子宫旁组织炎,parametritis,O03.5 O04.5 O05.5 O06.5 O03.0 O04.0 O05.0 O06.0 O08.0,0.9619625806808472,,,,,
628,4,盆腔腹膜炎,pelvic peritonitis,O03.5 O04.5 O05.5 O06.5 O03.0 O04.0 O05.0 O06.0 O08.0,0.9763826727867126,,,,,
628,4,穿孔,perforation,,0.9562913775444031,,,,,
628,5,膀胱,bladder,O03.8 O04.8 O05.8 O06.8 O03.3 O04.3 O05.3 O06.3 O08.6,0.9271150827407837,,,,,
628,5,肠,bowel,O03.8 O04.8 O05.8 O06.8 O03.3 O04.3 O05.3 O06.3 O08.6,,,,,,
628,5,宫颈,cervix,O03.8 O04.8 O05.8 O06.8 O03.3 O04.3 O05.3 O06.3 O08.6,0.8014006614685059,,,,,
628,5,子宫,uterus,O03.8 O04.8 O05.8 O06.8 O03.3 O04.3 O05.3 O06.3 O08.6,0.9765405058860779,,,,,
628,4,肾衰竭（急性）,renal failure (acute),O03.8 O04.8 O05.8 O06.8 O03.3 O04.3 O05.3 O06.3 O08.4,0.8361914157867432,,,,,
628,4,尿闭,renal shutdown,O03.8 O04.8 O05.8 O06.8 O03.3 O04.3 O05.3 O06.3 O08.4,0.9422439336776733,,,,,
628,4,输卵管炎,salpingitis,O03.5 O04.5 O05.5 O06.5 O03.0 O04.0 O05.0 O06.0 O08.0,0.9820495843887329,,,,,
628,4,输卵管卵巢炎,salpingo-oophoritis,O03.5 O04.5 O05.5 O06.5 O03.0 O04.0 O05.0 O06.0 O08.0,0.9820495843887329,,,,,
628,4,脓毒症,sepsis,O03.5 O04.5 O05.5 O06.5 O03.0 O04.0 O05.0 O06.0 O08.0,0.9249944686889648,,,,,
628,4,感染性休克,septic shock,O03.5 O04.5 O05.5 O06.5 O03.0 O04.0 O05.0 O06.0 O08.0,0.9446274638175964,,,,,
628,4,休克（手术后）,shock (postoperative),O03.8 O04.8 O05.8 O06.8 O03.3 O04.3 O05.3 O06.3 O08.3,0.9160469174385071,,,,,
628,4,撕裂,tear,,0.9677998423576355,,,,,
628,5,膀胱,bladder,O03.8 O04.8 O05.8 O06.8 O03.3 O04.3 O05.3 O06.3 O08.6,0.9271150827407837,,,,,
628,5,肠,bowel,O03.8 O04.8 O05.8 O06.8 O03.3 O04.3 O05.3 O06.3 O08.6,,,,,,
628,5,阔韧带,broad ligament,O03.8 O04.8 O05.8 O06.8 O03.3 O04.3 O05.3 O06.3 O08.6,0.954693615436554,,,,,
628,5,宫颈,cervix,O03.8 O04.8 O05.8 O06.8 O03.3 O04.3 O05.3 O06.3 O08.6,0.8014006614685059,,,,,
628,5,尿道周组织,periurethral tissue,O03.8 O04.8 O05.8 O06.8 O03.3 O04.3 O05.3 O06.3 O08.6,0.941747784614563,,,,,
628,5,子宫,uterus,O03.8 O04.8 O05.8 O06.8 O03.3 O04.3 O05.3 O06.3 O08.6,0.9765405058860779,,,,,
628,4,肾小管坏死,tubular necrosis (renal),O03.8 O04.8 O05.8 O06.8 O03.3 O04.3 O05.3 O06.3 O08.4,0.9518097043037415,,,,,
628,4,尿毒症,uremia,O03.8 O04.8 O05.8 O06.8 O03.3 O04.3 O05.3 O06.3 O08.4,0.8331340551376343,,,,,
628,4,泌尿系感染,urinary infection,O03.8 O04.8 O05.8 O06.8 O03.3 O04.3 O05.3 O06.3 O08.8,0.9833147525787354,,,,,
629,3,非法,illegal,O05.-,0.9387927055358887,,,,,
629,3,合法（人工）,legal (induced),O04.-,0.9830095171928406,,,,,
629,4,胎儿,fetus,P96.4,0.9695281982421875,,,,,
629,3,稽留,missed,O02.1,0.9528677463531494,,,,,
629,3,企图（失败）（人工）（非医疗的）,attempted (failed) (induced) (nonmedical),O07.9,0.978891909122467,,,,,
629,4,并发,complicated by,,0.7857323884963989,,,,,
629,5,败血症,septicemia,O07.5,0.9237914681434631,,,,,
629,5,出血（延迟）（过多）,hemorrhage (delayed) (excessive),O07.6,0.9153546094894409,,,,,
629,5,穿孔，盆腔器官,perforation of pelvic organ(s),O07.8,0.974500834941864,,,,,
629,5,电解质失衡,electrolyte imbalance,O07.8,0.964519739151001,,,,,
629,5,感染，生殖道或盆腔,"infection, genital tract or pelvic",O07.5,0.9755514860153198,,,,,
629,5,感染性休克,septic shock,O07.5,0.9446274638175964,,,,,
629,5,卵巢炎,oophoritis,O07.5,0.9401905536651611,,,,,
629,5,泌尿感染,urinary infection,O07.8,0.9833147525787354,,,,,
629,5,脓毒症,sepsis,O07.5,0.9249944686889648,,,,,
629,5,盆腔腹膜炎,pelvic peritonitis,O07.5,0.9763826727867126,,,,,
629,5,盆腔器官的化学性损害,chemical damage of pelvic organ(s),O07.8,0.9740716218948364,,,,,
629,5,盆腔器官裂伤,laceration of pelvic organ(s),O07.8,0.976464569568634,,,,,
629,5,去纤维蛋白综合征,defibrination syndrome,O07.6,0.9574045538902283,,,,,
629,5,少尿,oliguria,O07.8,0.9136456251144409,,,,,
629,5,肾衰竭或尿闭,renal failure or shutdown,O07.8,0.9422439336776733,,,,,
629,5,肾小管坏死,tubular necrosis (renal),O07.8,0.9518097043037415,,,,,
629,5,输卵管炎或输卵管卵巢炎,salpingitis or salpingo-oophoritis,O07.5,0.9820495843887329,,,,,
629,5,栓塞（羊水）（血块）（肺）（脓毒性）（肥皂）,embolism (amniotic fluid) (blood clot) (pulmonary) (septic) (soap),O07.7,0.9849719405174255,,,,,
629,5,特指的情况 NEC,specified condition NEC,O07.8,0.9730907678604126,,,,,
629,5,纤维蛋白原缺乏血症,afibrinogenemia,O07.6,0.9596331119537354,,,,,
629,5,心脏停搏,cardiac arrest,O07.8,0.9221949577331543,,,,,
629,5,休克,shock,O07.8,0.9160469174385071,,,,,
629,6,感染性,septic,O07.5,0.9033393859863281,,,,,
629,5,血管内凝血,intravascular coagulation,O07.6,0.9864348769187927,,,,,
629,5,循环萎陷,circulatory collapse,O07.8,0.9529047012329102,,,,,
629,5,子宫内膜炎,endometritis,O07.5,0.9765405058860779,,,,,
629,5,子宫旁组织炎,parametritis,O07.5,0.9619625806808472,,,,,
629,4,非法,illegal,O07.-,0.9387927055358887,,,,,
629,4,医疗,medical,O07.4,0.9349907636642456,,,,,
629,5,并发,complicated by,,0.7857323884963989,,,,,
629,6,败血症,septicemia,O07.0,0.9237914681434631,,,,,
629,6,出血（延迟）（过多）,hemorrhage (delayed) (excessive),O07.1,0.9153546094894409,,,,,
629,6,穿孔，盆腔器官,perforation of pelvic organ(s),O07.3,0.974500834941864,,,,,
629,6,电解质失衡,electrolyte imbalance,O07.3,0.964519739151001,,,,,
629,6,感染，生殖道或盆腔,"infection, genital tract or pelvic",O07.0,0.9755514860153198,,,,,
629,6,感染性休克,septic shock,O07.0,0.9446274638175964,,,,,
630,6,卵巢炎,oophoritis,O07.0,0.9401905536651611,,,,,
630,6,泌尿感染,urinary infection,O07.3,0.9833147525787354,,,,,
630,6,脓毒症,sepsis,O07.0,0.9249944686889648,,,,,
630,6,盆腔腹膜炎,pelvic peritonitis,O07.0,0.9763826727867126,,,,,
630,6,盆腔器官的化学性损害,chemical damage of pelvic organ(s),O07.3,0.9740716218948364,,,,,
630,6,盆腔器官裂伤,laceration of pelvic organ(s),O07.3,0.976464569568634,,,,,
630,6,去纤维蛋白综合征,defibrination syndrome,O07.1,0.9574045538902283,,,,,
630,6,少尿,oliguria,O07.3,0.9136456251144409,,,,,
630,6,肾衰竭或尿闭,renal failure or shutdown,O07.3,0.9422439336776733,,,,,
630,6,肾小管坏死,tubular necrosis (renal),O07.3,0.9518097043037415,,,,,
630,6,输卵管炎或输卵管卵巢炎,salpingitis or salpingo-oophoritis,O07.0,0.9820495843887329,,,,,
630,6,栓塞（羊水）（血块）（肺）（脓毒性）（肥皂）,embolism (amniotic fluid) (blood clot) (pulmonary) (septic) (soap),O07.2,0.9849719405174255,,,,,
630,6,特指的情况 NEC,specified condition NEC,O07.3,0.9730907678604126,,,,,
630,6,纤维蛋白原缺乏血症,afibrinogenemia,O07.1,0.9596331119537354,,,,,
630,6,心脏停搏,cardiac arrest,O07.3,0.9221949577331543,,,,,
630,6,休克,shock,O07.3,0.9160469174385071,,,,,
630,7,感染性,septic,O07.0,0.9033393859863281,,,,,
630,6,血管内凝血,intravascular coagulation,O07.1,0.9864348769187927,,,,,
630,6,循环萎陷,circulatory collapse,O07.3,0.9529047012329102,,,,,
630,6,子宫内膜炎,endometritis,O07.0,0.9765405058860779,,,,,
630,6,子宫旁组织炎,parametritis,O07.0,0.9619625806808472,,,,,
630,3,人工,induced,O06.-,0.9352606534957886,,,,,
630,4,非医疗的,nonmedical,O05.-,0.925620973110199,,,,,
630,4,为,for,,0.7349923253059387,,,,,
630,5,合法指征,legal indications,O04.-,0.945065975189209,,,,,
630,5,医疗指征,medical indications,O04.-,0.9351696372032166,,,,,
630,5,精神病学指征,psychiatric indications,O04.-,0.930296003818512,,,,,
630,3,失败—见流产，企图,"failed—see Abortion, attempted",,0.9830124378204346,,,,,
630,3,手术性—见流产，医疗性,"operative—see Abortion, medical",,0.987991988658905,,,,,
630,3,输卵管,tubal,O00.1,0.9135305285453796,,,,,
630,3,胎儿或新生儿,fetus or newborn,P96.4,0.9725639820098877,,,,,
630,3,习惯性或复发性,habitual or recurrent,N96,0.9960556626319885,,,,,
630,4,伴有近期流产—见类目 O03-O06,with current abortion—see categories O03-O06,,0.9409354329109192,,,,,
630,5,胎儿,fetus,P01.8,0.9695281982421875,,,,,
630,4,不伴有近期妊娠,without current pregnancy,N96,0.9713619351387024,,,,,
630,4,近期妊娠的医疗,care in current pregnancy,O26.2,0.9654878973960876,,,,,
630,3,先兆（自然）,threatened (spontaneous),O20.0,0.9878842234611511,,,,,
630,3,先兆流产后的,following threatened abortion,O03.-,0.9427738785743713,,,,,
630,4,影响到胎儿或新生儿,affecting fetus or newborn,P01.8,0.9764834642410278,,,,,
631,3,医疗性,medical,O04.-,0.9349907636642456,,,,,
631,4,胎儿,fetus,P96.4,0.9695281982421875,,,,,
631,3,意外的,accidental,O03.-,0.9763135313987732,,,,,
631,3,治疗性,therapeutic,O04.-,0.9466355443000793,,,,,
631,4,胎儿,fetus,P96.4,0.9695281982421875,,,,,
631,3,自然,spontaneous,O03.-,0.954293966293335,,,,,
631,4,胎儿,fetus,P01.8,0.9695281982421875,,,,,
631,4,先兆,threatened,O20.0,0.9562642574310303,,,,,
631,5,影响到胎儿或新生儿,affecting fetus or newborn,P01.8,0.9764834642410278,,,,,
631,2,流产者，习惯性或复发性NEC,"Aborter, habitual or recurrent NEC",,0.9994872808456421,,,,,
631,3,不伴有近期妊娠,without current pregnancy,N96,0.9921554923057556,,,,,
631,3,近期流产-见类目O03-O06,current abortion - see categories O03-O06,,0.968573808670044,,,,,
631,4,影响到胎儿或新生儿,affecting fetus or newborn,P01.8,0.960486888885498,,,,,
631,3,在近期妊娠医疗中,care in current pregnancy,O26.2,0.9900590181350708,,,,,
631,2,流感嗜血杆菌，作为分类于他处疾病的原因,"Haemophilus (H.) influenzae, as cause of disease classified elsewhere",B96.3,0.9924099445343018,,,,,
631,2,流浪者,"Hobo, Tramp, Vagabond",Z59.0,0.9844929575920105,,,,,
631,2,流泪，异常的,"Lacrimation, abnormal",H04.2,0.9919275641441345,,,,,
631,2,流涎(另见多涎),Sialorrhea (see also Ptyalism),K11.7,0.9987878799438477,,,,,
631,2,流涎过度,"Salivation, excessive",K11.7,0.9883114099502563,,,,,
631,2,流行性的 - 见情况,Epidemic - see condition,,0.9197403192520142,,,,,
631,2,流行性感冒(具体病毒未证实),"Flu, Grippe, Grippal, Influenza (specific virus not identified)",J11.1,0.9903222918510437,,,,,
631,3,巴尔干[Q热],Balkan,A78,0.9852146506309509,,,,,
631,3,伴有,with,,0.947857677936554,,,,,
631,4,肠炎,enteritis,J11.8,0.9534059166908264,,,,,
631,5,禽流感病毒已证实,— avian influenza virus identified,J09,0.9769309163093567,,,,,
631,5,其他流感病毒已证实,other influenza virus identified,J10.8,0.9792813658714294,,,,,
631,4,肺炎（在J12-J16、J18中的任何类型）,"pneumonia (any form in J12-J16, J18)",J11.0,0.9806854128837585,,,,,
631,5,禽流感病毒已证实,avian influenza virus identified,J09,0.9801534414291382,,,,,
631,5,其他流感病毒已证实,other influenza virus identified,J10.0,0.9791037440299988,,,,,
631,4,喉炎,laryngitis,J11.1,0.9298645853996277,,,,,
631,5,禽流感病毒已证实,—avian influenza virus identified,J09,0.9709595441818237,,,,,
631,5,其他流感病毒已证实,other influenza virus identified,J10.1,0.9643964171409607,,,,,
631,4,呼吸道表现 NEC,respiratory manifestations NEC,J11.1,0.9337748885154724,,,,,
631,5,禽流感病毒已证实,avian influenza virus identified,J09,0.9814984202384949,,,,,
631,5,其他流感病毒已证实,other influenza virus identified,J10.1,0.9626901149749756,,,,,
631,4,假性脑脊膜炎,meningismus,J11.8,0.9124047160148621,,,,,
631,5,禽流感病毒已证实,avian influenza virus identified,J09,0.9875489473342896,,,,,
631,5,其他流感病毒已证实,other influenza virus identified,J10.8,0.9636165499687195,,,,,
631,4,累及,involvement of,,0.7890399098396301,,,,,
631,5,神经系统NEC,nervous system NEC,J11.8,0.9417158365249634,,,,,
631,6,禽流感病毒已证实,avian influenza virus identified,J09,0.9707461595535278,,,,,
631,6,其他流感病毒已证实,other influenza virus identified,J10.8,0.9917964935302734,,,,,
632,5,胃肠道,gastrointestinal tract,J11.8,0.962406575679779,,,,,
632,6,禽流感病毒已证实,avian influenza virus identified,J09,0.9548587799072266,,,,,
632,6,其他流感病毒已证实,other influenza virus identified,J10.8,0.9759238958358765,,,,,
632,4,临床表现 NEC,manifestations NEC,J11.8,0.9375165700912476,,,,,
632,5,禽流感病毒已证实,avian influenza virus identified,J09,0.9657503962516785,,,,,
632,5,其他流感病毒已证实,other influenza virus identified,J10.8,0.9741464257240295,,,,,
632,4,上呼吸道感染(急性)NEC,upper respiratory infection (acute) NEC,J11.1,0.9728839993476868,,,,,
632,5,禽流感病毒已证实,avian influenza virus identified,J09,0.9615005850791931,,,,,
632,5,其他流感病毒已证实,other influenza virus identified,J10.1,0.9873372316360474,,,,,
632,4,胃肠炎,gastroenteritis,J11.8,0.9714096188545227,,,,,
632,5,禽流感病毒已证实,avian influenza virus identified,J09,0.9802672266960144,,,,,
632,5,其他流感病毒已证实,other influenza virus identified,J10.8,0.9922919869422913,,,,,
632,4,消化系表现,digestive manifestations,J11.8,0.9804959893226624,,,,,
632,5,禽流感病毒已证实,avian influenza virus identified,J09,0.9828899502754211,,,,,
632,5,其他流感病毒已证实,other influenza virus identified,J10.8,0.9862445592880249,,,,,
632,4,心肌炎,myocarditis,J11.8+ I41.1*,0.970025897026062,,,,,
632,5,禽流感病毒已证实,avian influenza virus identified,J09+ I41.1*,0.9834185242652893,,,,,
632,5,其他流感病毒已证实,other influenza virus identified,J10.8+ I41.1*,0.9554039835929871,,,,,
632,4,胸膜渗出 NEC,pleural effusion NEC,J11.1,0.9751713275909424,,,,,
632,5,禽流感病毒已证实,avian influenza virus identified,J09,0.9801702499389648,,,,,
632,5,其他流感病毒已证实,other influenza virus identified,J10.1,0.9901610016822815,,,,,
632,4,咽炎,pharyngitis,J11.1,0.9502302408218384,,,,,
632,5,禽流感病毒已证实,avian influenza virus identified,J09,0.9757526516914368,,,,,
632,5,其他流感病毒已证实,other influenza virus identified,J10.1,0.9861125349998474,,,,,
632,3,病毒被标明,virus identified,J10.1,0.9889023900032043,,,,,
632,3,呼吸道(上)(另见流行性感冒，伴有，呼吸道表现),"respiratory (upper) (see also Influenza, with, respiratory manifestations)",J11.1,0.991899311542511,,,,,
632,3,流行性,epidemic,J11.1,0.9703754186630249,,,,,
632,3,母体，影响到胎儿或新生儿,"maternal, affecting fetus or newborn",P00.2,0.9779159426689148,,,,,
632,3,禽,avian,J09,0.9466727375984192,,,,,
632,3,其他,other,J10.1,0.9467039108276367,,,,,
632,3,夏季，意大利的[白蛉热],"summer, of Italy",A93.1,0.9634162783622742,,,,,
632,3,支气管(另见流行性感冒，伴有，呼吸道表现),"bronchial (see also Influenza, with, respiratory manifestations)",J11.1,0.9890814423561096,,,,,
632,2,流行性感冒样病(另见 流行性感冒),Influenza-like disease (see also Influenza),J11.1,0.9877832531929016,,,,,
632,2,流行性腮腺炎,Mumps (parotitis),B26.9,0.9905911087989807,,,,,
632,3,并发症 NEC,complication NEC,B26.8,0.9698132872581482,,,,,
632,3,多神经病,polyneuropathy,B26.8+ G63.0*,0.9578367471694946,,,,,
632,3,肝炎,hepatitis,B26.8+ K77.0*,0.9725254774093628,,,,,
632,3,睾丸炎,orchitis,B26.0+ N51.1*,0.9783936738967896,,,,,
632,3,关节炎,arthritis,B26.8+ M01.5*,0.9674609303474426,,,,,
632,3,卵巢炎,oophoritis,B26.8+ N74.8*,0.9665083885192871,,,,,
633,3,脑膜脑炎,meningoencephalitis,B26.2+ G05.1*,0.9866442680358887,,,,,
633,3,脑膜炎(无菌性),meningitis (aseptic) :1†,B26.1+ G02.0*,0.9640282988548279,,,,,
633,3,脑炎,encephalitis,B26.2+ G05.1*,0.969630777835846,,,,,
633,3,心肌炎,myocarditis,B26.8+ I41.1*,0.9779419898986816,,,,,
633,3,胰腺炎,pancreatitis,B26.3+ K87.1*,0.9487837553024292,,,,,
633,2,流行性肾病(普马拉汉坦病毒属),Nephropathia epidemica (Puumala hantavirus),A98.5+ N08.0*,0.9300670027732849,,,,,
633,2,流行性胸膜痛[鬼抓风],Devil's grip,B33.0,0.9903165698051453,,,,,
633,2,流血，出血(另见出血),Bleeding (see also Hemorrhage),R58,0.9920478463172913,,,,,
633,3,不规则,irregular,N92.6,0.959774374961853,,,,,
633,3,家族性(另见缺陷，凝血),"familial (see also Defect, coagulation)",D68.9,0.9889978766441345,,,,,
633,3,接触性(性交后),contact (postcoital),N93.0,0.9778231978416443,,,,,
633,3,经间期(规则),intermenstrual (regular),N92.3,0.9956549406051636,,,,,
633,4,不规则,irregular,N92.1,0.9796830415725708,,,,,
633,3,绝经后期,"postclimacteric, postmenopausal",N95.0,0.9867455959320068,,,,,
633,3,毛细血管,capillary,I78.8,0.9833735227584839,,,,,
633,4,产褥期,puerperal,O72.2,0.9587507843971252,,,,,
633,3,排卵期,ovulation,N92.3,0.9904415607452393,,,,,
633,3,脐残端,umbilical stump,P51.9,0.9562976956367493,,,,,
633,3,青春期(过多，与月经来潮有关),"puberty (excessive, with onset of menstrual periods)",N92.2,0.994888186454773,,,,,
633,3,倾向(另见缺陷，凝血),"tendencies (see also Defect, coagulation)",D68.9,0.9830973148345947,,,,,
633,3,手术后,postoperative,T81.0,0.9735831022262573,,,,,
633,4,特指的 NEC,specified NEC,E51.8,0.9509871602058411,,,,,
633,3,替代性,vicarious,N94.8,0.952885091304779,,,,,
633,3,无张力性，分娩后,"atonic, following delivery",O72.1,0.9931612014770508,,,,,
633,3,性交后,"following intercourse, postcoital",N93.0,0.9975787401199341,,,,,
633,3,牙槽(拔牙后),tooth socket (post-extraction),T81.0,0.9824963808059692,,,,,
633,3,阴道(异常的),"vagina, vaginal (abnormal)",N93.9,0.9904638528823853,,,,,
633,4,功能障碍性或功能性.,dysfunctional or functional,N93.8,0.980403482913971,,,,,
633,4,新生儿,newborn,P54.6,0.9755712747573853,,,,,
633,3,直肠,"rectum, rectal",K62.5,0.9889493584632874,,,,,
633,4,新生儿,newborn,P54.2,0.9479717016220093,,,,,
633,3,痔NEC,hemorrhoids NEC,I84.8,0.98516446352005,,,,,
633,3,子宫 NEC,"uterus, uterine NEC",N93.9,0.9122531414031982,,,,,
633,4,更年期,climacteric,N92.4,0.9737256765365601,,,,,
633,4,更年前期或绝经前期,preclimacteric or premenopausal,N92.4,0.9825069308280945,,,,,
633,4,功能障碍性或功能性,dysfunctional or functional,N93.8,0.9874821901321411,,,,,
633,4,绝经期,menopausal,N92.4,0.9637032151222229,,,,,
633,4,与月经周期无关,unrelated to menstrual cycle,N93.9,0.9701273441314697,,,,,
634,1,liú 硫,,,,,,,,
634,2,硫胺缺乏,Aneurin (Thiamin) deficiency,E51.9,0.9995386600494385,,,,,
634,2,硫化血红蛋白血症(后天性)(伴有高铁血红蛋白血症),"Sulfhemoglobinemia, sulphemoglobinemia (acquired) (with methemoglobinemia)",D74.8,0.9961103796958923,,,,,
634,1,liú 瘤,,,0.9116867780685425,,,,,
634,2,瘤(M8000/1)-另见肿瘤，动态未定,"Tumor (M8000/1) - see also Neoplasm, uncertain behavior",,0.9893755912780762,,,,,
634,3,G 细胞(M8153/1),G cell (M8153/1),,0.9353080987930298,,,,,
634,4,恶性(M8153/3),malignant (M8153/3),,0.9772652983665466,,,,,
634,5,特指部位NEC-见肿瘤，恶性,"specified site NEC - see Neoplasm, malignant",,0.9911029934883118,,,,,
634,5,未特指部位,unspecified site,C25.4,0.9775962233543396,,,,,
634,5,胰腺,pancreas,C25.4,0.9914262890815735,,,,,
634,4,特指部位-见肿瘤，动态未定,"specified site - see Neoplasm, uncertain behavior",,0.9725503325462341,,,,,
634,4,未特指部位,unspecified site,D37.7,0.964217483997345,,,,,
634,3,α细胞(M8152/0),alpha-cell (M8152/0),,0.9571176767349243,,,,,
634,4,恶性(M8152/3),malignant (M8152/3),,0.9901097416877747,,,,,
634,5,特指部位NEC-见肿瘤，恶性,"specified site NEC - see Neoplasm, malignant",,0.9635729789733887,,,,,
634,5,未特指部位,unspecified site,C25.4,0.952603816986084,,,,,
634,5,胰腺,pancreas,C25.4,0.9243795275688171,,,,,
634,4,特指部位NEC-见肿瘤，良性,"specified site NEC - see Neoplasm, benign",,0.9930691719055176,,,,,
634,4,未特指部位,unspecified site,D13.7,0.9932808876037598,,,,,
634,4,胰腺,pancreas,D13.7,0.9792294502258301,,,,,
634,3,β细胞(M8151/0),beta-cell (M8151/0),,0.9682838320732117,,,,,
634,4,恶性(M8151/3),malignant (M8151/3),,0.965257465839386,,,,,
634,5,特指部位NEC-见肿瘤，恶性,"specified site NEC - see Neoplasm, malignant",,0.9724850654602051,,,,,
634,5,未特指部位,unspecified site,C25.4,0.974315345287323,,,,,
634,5,胰腺,pancreas,C25.4,0.9868804812431335,,,,,
634,4,特指部位NEC-见肿瘤，良性,"specified site NEC - see Neoplasm, benign",,0.9864022135734558,,,,,
634,4,未特指部位,unspecified site,D13.7,0.954704225063324,,,,,
634,4,胰腺,pancreas,D13.7,0.9546924233436584,,,,,
634,3,阿斯金(M8803/3)-见肿瘤，结缔组织，恶性,"Askin's (M8803/3) - see Neoplasm, connective tissue, malignant",,0.9846736788749695,,,,,
634,3,贝德纳尔(M8833/3)-见肿瘤，皮肤，恶性,"Bednar (M8833/3) - see Neoplasm, skin, malignant",,0.9899480938911438,,,,,
634,3,波特头皮浮胀-见骨髓炎,Pott's puffy - see Osteomyelitis,,0.9923677444458008,,,,,
634,3,伯基特(M9687/3),Burkitt's (M9687/3),C83.7,0.9932355880737305,,,,,
634,3,布朗脂肪(M8880/0)-见 脂肪瘤,brown fat (M8880/0) - see Lipoma,,0.9713394045829773,,,,,
634,3,布鲁克(M8100/0)-见肿瘤，皮肤，良性,"Brooke's (M8100/0) - see Neoplasm, skin, benign",,0.9882507920265198,,,,,
634,3,布伦纳(M9000/0),Brenner (M9000/0),D27,0.9729180335998535,,,,,
634,4,恶性(M9000/3),malignant (M9000/3),C56,0.9675651788711548,,,,,
634,4,交界恶性(M9000/1),borderline malignancy (M9000/1),D39.1,0.9761395454406738,,,,,
634,4,增生性(M9000/1),proliferating (M9000/1),D39.1,0.9751052856445312,,,,,
635,3,动脉瘤性(另见动脉瘤),aneurysmal (see also Aneurysm),I72.9,0.9718688130378723,,,,,
635,3,多囊状卵黄(M9071/3),polyvesicular vitelline (M9071/3),,0.9975115060806274,,,,,
635,4,特指部位-见 肿瘤，恶性,"specified site - see Neoplasm, malignant",,0.9543973803520203,,,,,
635,4,未特指部位,unspecified site,,0.8938526511192322,,,,,
635,5,男性,male,C62.9,0.9469696283340454,,,,,
635,5,女性,female,C56,0.906489908695221,,,,,
635,3,恶性(M8000/3)-另见肿瘤，恶性,"malignant (M8000/3) - see also Neoplasm, malignant",,0.986217737197876,,,,,
635,4,混合性 NEC(M8940/3),mixed NEC (M8940/3),,0.9758108258247375,,,,,
635,4,巨细胞(型)(M8003/3),giant cell (type) (M8003/3),,0.9616342186927795,,,,,
635,4,梭形细胞(型)(M8004/3),"fusiform cell, spindle cell (type) (M8004/3)",,0.9755431413650513,,,,,
635,4,未分类的(M8000/3),unclassified (M8000/3),,0.977701723575592,,,,,
635,4,小细胞(型)(M8002/3),small cell (type) (M8002/3),,0.9779798984527588,,,,,
635,3,肥大细胞(M9740/1),mast cell (M9740/1),D47.0,0.9819003343582153,,,,,
635,4,恶性(M9740/3),malignant (M9740/3),C96.2,0.9663257002830505,,,,,
635,3,肺门细胞(M8660/0),hilar cell (M8660/0),D27,0.9633991718292236,,,,,
635,3,冯·雷克林豪森-见神经纤维瘤病,von Recklinghausen's - see Neurofibromatosis,,0.996156632900238,,,,,
635,3,附属器(皮肤)(M8390/0)-见肿瘤，皮肤，良性,"adnexal (skin) (M8390/0) - see Neoplasm, skin, benign",,0.9873706698417664,,,,,
635,3,钙化上皮性牙源性(M9340/0),calcifying epithelial odontogenic (M9340/0),D16.5,0.9893270134925842,,,,,
635,4,上颌(骨),upper jaw (bone),D16.4,0.9593576788902283,,,,,
635,3,睾丸基质[间质](M8590/1),testicular stromal (M8590/1),D40.1,0.9905112981796265,,,,,
635,3,睾丸间质细胞[莱迪希细胞](M8650/1),Leydig cell (M8650/1),,0.9803192019462585,,,,,
635,4,恶性(M8650/3),malignant (M8650/3),,0.9761086702346802,,,,,
635,5,特指部位-见肿瘤，恶性,"specified site - see Neoplasm, malignant",,0.9392966628074646,,,,,
635,5,未特指部位,unspecified site,,0.8896908760070801,,,,,
635,6,男性,male,C62.9,0.9253476858139038,,,,,
635,6,女性,female,C56,0.9356437921524048,,,,,
635,4,良性(M8650/0),benign (M8650/0),,0.9881282448768616,,,,,
635,4,特指部位-见肿瘤，良性,"specified site - see Neoplasm, benign",,0.9610735774040222,,,,,
635,4,未特指部位,unspecified site,,0.9115524291992188,,,,,
635,4,男性,male,D29.2,0.9293079972267151,,,,,
635,4,女性,female,D27,0.876312255859375,,,,,
635,4,特指部位-见肿瘤，动态未定,"specified site - see Neoplasm, uncertain behavior",,0.9548109769821167,,,,,
635,4,未特指部位,unspecified site,,0.9127821326255798,,,,,
635,5,男性,male,D40.1,0.9707424640655518,,,,,
635,5,女性,female,D39.1,0.8468089699745178,,,,,
635,3,格拉维茨(M8312/3),Grawitz's (M8312/3),C64,0.9595336318016052,,,,,
635,3,宫颈，在妊娠或分娩中,"cervix, in pregnancy or childbirth",O34.4,0.9879658818244934,,,,,
635,4,引起梗阻性分娩,causing obstructed labor,O65.5,0.9651709794998169,,,,,
635,5,影响到胎儿或新生儿,affecting fetus or newborn,P03.1,0.9919054508209229,,,,,
635,4,影响到胎儿或新生儿,affecting fetus or newborn,P03.8,0.9517435431480408,,,,,
635,3,含牙，混合性(M9282/0),"dentigerous, mixed (M9282/0)",D16.5,0.9717344045639038,,,,,
635,4,上颌(骨),upper jaw (bone),D16.4,0.9588806629180908,,,,,
636,3,汗腺(M8400/1)-另见肿瘤，皮肤，动态未定,"sweat gland (M8400/1) - see also Neoplasm, skin, uncertain behavior",,0.9955191612243652,,,,,
636,4,恶性(M8400/3)-见肿瘤，皮肤，恶性,"malignant (M8400/3) - see Neoplasm, skin, malignant",,0.9663454294204712,,,,,
636,4,良性(M8400/0)-见肿瘤，皮肤，良性,"benign (M8400/0) - see Neoplasm, skin, benign",,0.968266487121582,,,,,
636,3,黑素，神经外胚(M9363/0)-见肿瘤，良性,"melanotic, neuroectodermal (M9363/0) - see Neoplasm, benign",,0.977289080619812,,,,,
636,3,幻象,phantom,F45.8,0.9737236499786377,,,,,
636,3,混合性 NEC(M8940/0)-另见 肿瘤，良性,"mixed NEC (M8940/0) - see also Neoplasm, benign",,0.9490744471549988,,,,,
636,4,恶性(M8940/3)-见肿瘤，恶性,"malignant (M8940/3) - see Neoplasm, malignant",,0.98967045545578,,,,,
636,3,基底细胞(M8090/1)-见肿瘤，皮肤，动态未定,"basal cell (M8090/1) - see Neoplasm, skin, uncertain behavior",,0.9800341129302979,,,,,
636,3,肌上皮(M8982/0)-见肿瘤，良性,"myoepithelial (M8982/0) - see Neoplasm, benign",,0.9741585850715637,,,,,
636,3,棘球蚴囊(另见棘球蚴),hydatid (see also Echinococcus),B67.9,0.9809319972991943,,,,,
636,3,继发性(M8000/6)-见肿瘤，继发性,"secondary (M8000/6) - see Neoplasm, secondary",,0.9787009954452515,,,,,
636,3,间叶,mesenchymal,,0.9660854935646057,,,,,
636,4,恶性(M8800/3)-见肿瘤，结缔组织，恶性,"malignant (M8800/3) - see Neoplasm, connective tissue, malignant",,0.987101137638092,,,,,
636,4,混合的(M8990/1)- 见 肿瘤，结缔组织，动态未定,"mixed (M8990/1) - see Neoplasm, connective tissue,uncertain behavior",,0.94206303358078,,,,,
636,3,间质细胞(M8650/1)- 另见 肿瘤，动态未定,"interstitial cell (M8650/1) - see also Neoplasm, uncertain behavior",,0.9733988642692566,,,,,
636,4,恶性(M8650/3)-见肿瘤，恶性,"malignant (M8650/3) - see Neoplasm, malignant",,0.9743629693984985,,,,,
636,4,良性(M8650/0)-见肿瘤，良性,"benign (M8650/0) - see Neoplasm, benign",,0.959432065486908,,,,,
636,3,浆细胞(恶性)(M9731/3),plasma cell (malignant) (M9731/3),C90.2,0.9845355153083801,,,,,
636,3,浆液性，低度恶性可能(M8442/3),"serous, of low malignant potential (M8442/3)",,0.9951934814453125,,,,,
636,4,特指部位-见肿瘤，恶性,"specified site - see Neoplasm, malignant",,0.9736607670783997,,,,,
636,4,未特指部位,unspecified site,C56,0.9704996347427368,,,,,
636,3,颈动脉体(M8692/1),carotid body (M8692/1),D44.6,0.9673689603805542,,,,,
636,3,巨细胞(M8003/1)-另见肿瘤，动态未定,"giant cell (M8003/1) - see also Neoplasm, uncertain behavior",,0.9640685319900513,,,,,
636,4,恶性(M8003/3)-见肿瘤，恶性,"malignant (M8003/3) - see Neoplasm, malignant",,0.9817087650299072,,,,,
636,4,骨(M9250/1),bone (M9250/1),D48.0,0.9730706810951233,,,,,
636,5,恶性(M9250/3)-见肿瘤，骨，恶性,"malignant (M9250/3) - see Neoplasm, bone, malignant",,0.9874355792999268,,,,,
636,4,软骨瘤(M9230/0)-见肿瘤，骨，良性,"chondromatous (M9230/0) - see Neoplasm, bone, benign",,0.9741337299346924,,,,,
636,4,软组织(M9251/1)-见肿瘤，结缔组织，动态未定,"soft parts (M9251/1) - see Neoplasm, connective tissue, uncertain behavior",,0.9846024513244629,,,,,
636,5,恶性(M9251/3)-见肿瘤，结缔组织恶性,"malignant (M9251/3) - see Neoplasm, connective tissue,malignant",,0.9768735766410828,,,,,
636,3,颗粒细胞(M9580/0)- 另见 肿瘤，结缔组织，良性,"granular cell (M9580/0) - see also Neoplasm, connective tissue, benign",,0.9610438346862793,,,,,
636,4,恶性(M9580/3)-见肿瘤，结缔组织，恶性,"malignant (M9580/3) - see Neoplasm, connective tissue, malignant",,0.9831917881965637,,,,,
636,3,科德曼(M9230/0)-见肿瘤，骨，良性,"Codman's (M9230/0) - see Neoplasm, bone, benign",,0.995051383972168,,,,,
636,3,科克特殊性[皮脂囊肿],Cock's peculiar,L72.1,0.982782244682312,,,,,
636,3,克拉特斯金(M8162/3),Klatskin's (M8162/3),C24.0,0.9794085621833801,,,,,
637,3,克鲁肯贝格(M8490/6),Krukenberg's (M8490/6),C79.6,0.961212158203125,,,,,
637,3,拉特克[颅咽管](M9350/1),Rathke's pouch (M9350/1),D44.3,0.9794766306877136,,,,,
637,3,类癌-见类癌(M8240/3),carcinoid (M8240/3) - see Carcinoid,,0.9856895804405212,,,,,
637,3,良性(未分类的)(M8000/0)-见肿瘤，良性,"benign (unclassified) (M8000/0) - see Neoplasm, benign",,0.9825268387794495,,,,,
637,3,卵巢，在妊娠或分娩中,"ovary, in pregnancy or childbirth",O34.8,0.9822470545768738,,,,,
637,4,引起梗阻性分娩,causing obstructed labor,O65.5,0.9454121589660645,,,,,
637,4,影响到胎儿或新生儿,affecting fetus or newborn,P03.8,0.9877311587333679,,,,,
637,3,卵巢间质(M8590/1),ovarian stromal (M8590/1),D39.1,0.9611155390739441,,,,,
637,3,卵巢门细胞(M8660/0),hilus cell (M8660/0),D27,0.974109947681427,,,,,
637,3,卵黄囊(M9071/3),yolk sac (M9071/3),,0.9888228178024292,,,,,
637,4,特指部位-见肿瘤，恶性,"specified site - see Neoplasm, malignant",,0.9586232900619507,,,,,
637,4,未特指部位,unspecified site,,0.9249072670936584,,,,,
637,5,男性,male,C62.9,0.9641443490982056,,,,,
637,5,女性,female,C56,0.9068775773048401,,,,,
637,3,卵泡细胞(M8620/1),granulosa cell (M8620/1),D39.1,0.9565168619155884,,,,,
637,4,恶性(M8620/3),malignant (M8620/3),C56,0.9482677578926086,,,,,
637,4,幼年型(M8622/1),juvenile (M8622/1),D39.1,0.9827679991722107,,,,,
637,3,卵泡细胞膜细胞(M8621/1),granulosa cell-theca cell (M8621/1),D39.1,0.9775933027267456,,,,,
637,3,梅毒性，脑,"syphilitic, brain",A52.1+ G94.8*,0.944778323173523,,,,,
637,3,梅克尔细胞(M8247/3)-见肿瘤，皮肤，恶性,"Merkel cell (M8247/3) - see Neoplasm, skin, malignant",,0.9836711287498474,,,,,
637,3,苗勒[米勒]混合(M8950/3),"Müllerian, mixed (M8950/3)",,0.9909700751304626,,,,,
637,4,特指部位-见肿瘤，恶性,"specified site - see Neoplasm, malignant",,0.9731115698814392,,,,,
637,4,未特指部位,unspecified site,C54.9,0.9127578139305115,,,,,
637,3,膜细胞(M8600/0),theca cell (M8600/0),D27,0.9713146686553955,,,,,
637,3,膜细胞卵泡细胞(M8621/1),theca cell-granulosa cell (M8621/1),D39.1,0.9945340156555176,,,,,
637,3,内胚窦(M9071/3),endodermal sinus (M9071/3),,0.9981333613395691,,,,,
637,4,特指部位-见 肿瘤，恶性,"specified site - see Neoplasm, malignant",,0.9407451748847961,,,,,
637,4,未特指部位,unspecified site,,0.8635745048522949,,,,,
637,5,男性,male,C62.9,0.9570300579071045,,,,,
637,5,女性,female,C56,0.8747432231903076,,,,,
637,3,粘蛋白性，低度恶性可能(M8472/3),"mucinous, of low malignant potential (M8472/3)",,0.9974036812782288,,,,,
637,4,特指部位-见肿瘤，恶性,"specified site - see Neoplasm, malignant",,0.9590477347373962,,,,,
637,4,未特指部位,unspecified site,C56,0.9493996500968933,,,,,
637,3,粘液表皮样(M8430/1)-见肿瘤，动态未定,"mucoepidermoid (M8430/1) - see Neoplasm, uncertain behavior",,0.9738820791244507,,,,,
637,3,粘液类癌样(M8243/3),mucocarcinoid (M8243/3),,0.9832367897033691,,,,,
637,4,特指部位-见肿瘤，恶性,"specified site - see Neoplasm, malignant",,0.9476816654205322,,,,,
637,4,未特指部位,unspecified site,C18.1,0.9821338653564453,,,,,
637,3,帕西尼(M9507/0)-见肿瘤，皮肤，良性,"pacinian (M9507/0) - see Neoplasm, skin, benign",,0.982373058795929,,,,,
637,3,潘科斯特(M8010/3),Pancoast's (M8010/3),C34.1,0.9906288385391235,,,,,
638,3,"胚胎(混合性)(M9080/1)-另见 肿瘤,动态未定","embryonal (mixed) (M9080/1) - see also Neoplasm, uncertain behavior",,0.9652569890022278,,,,,
638,4,肝(M9080/3),liver (M9080/3),C22.7,0.9842116236686707,,,,,
638,3,盆腔，在妊娠或分娩中,"pelvic, in pregnancy or childbirth",O34.8,0.9695793390274048,,,,,
638,4,引起梗阻性分娩,causing obstructed labor,O65.5,0.9529724717140198,,,,,
638,5,影响到胎儿或新生儿,affecting fetus or newborn,P03.1,0.9738967418670654,,,,,
638,4,影响到胎儿或新生儿,affecting fetus or newborn,P03.8,0.9710723757743835,,,,,
638,3,皮肤附属物(M8390/0)-见肿瘤，皮肤，良性,"skin appendage (M8390/0) - see Neoplasm, skin, benign",,0.982882559299469,,,,,
638,3,皮样-见肿瘤，良性(M9084/0),"dermoid (M9084/0) - see Neoplasm, benign",,0.9722414016723633,,,,,
638,4,伴有恶性变(M9084/3),with malignant transformation (M9084/3),C56,0.985834002494812,,,,,
638,3,皮脂腺(另见囊肿，皮脂腺),"sebaceous (see also Cyst, sebaceous)",L72.1,0.9856306314468384,,,,,
638,3,平堡(M9340/0),Pindborg (M9340/0),D16.5,0.9581876397132874,,,,,
638,3,上颌(骨),upper jaw (bone),D16.4,0.9568667411804199,,,,,
638,3,平滑肌(M8897/1)-见肿瘤，结缔组织，动态未定,"smooth muscle (M8897/1) - see Neoplasm, connective tissue, uncertain behavior",,0.9749531745910645,,,,,
638,3,球旁细胞(M8361/1),juxtaglomerular (M8361/1),D41.0,0.9789315462112427,,,,,
638,3,曲张性(另见静脉曲张),varicose (see also Varicose vein),I83.9,0.9883252382278442,,,,,
638,3,蝾螈，恶性(M9561/3)-见肿瘤，神经，恶性,"Triton, malignant (M9561/3) - see Neoplasm, nerve, malignant",,0.9866361021995544,,,,,
638,3,乳头状(M8050/0)-另见乳头状瘤,papillary (M8050/0) - see also Papilloma,,0.970967173576355,,,,,
638,4,浆液性，低度恶性可能(M8462/3),"serous, of low malignant potential (M8462/3)",,0.9886651039123535,,,,,
638,5,特指部位-见肿瘤，恶性,"specified site - see Neoplasm, malignant",,0.9694215059280396,,,,,
638,5,未特指部位,unspecified site,C56,0.9727539420127869,,,,,
638,4,囊性(M8452/1),cystic (M8452/1),D37.7,0.970373272895813,,,,,
638,4,粘蛋白性，低度恶性可能(M8473/3),"mucinous, of low malignant potential (M8473/3)",C56,0.99213707447052,,,,,
638,5,特指部位-见肿瘤，恶性,"specified site - see Neoplasm, malignant",,0.962500274181366,,,,,
638,5,未特指部位,unspecified site,C56,0.979672908782959,,,,,
638,3,软骨瘤巨细胞(M9230/0)-见肿瘤，骨，良性,"chondromatous giant cell (M9230/0) - see Neoplasm, bone, benign",,0.9727466702461243,,,,,
638,3,软组织,soft tissue,,0.9880196452140808,,,,,
638,4,恶性(M8800/3)-见肿瘤，结缔组织，恶性,"malignant (M8800/3) - see Neoplasm, connective tissue, malignant",,0.9607590436935425,,,,,
638,4,良性(M8800/0)-见肿瘤，结缔组织，良性,"benign (M8800/0) - see Neoplasm, connective tissue, benign",,0.9689217805862427,,,,,
638,3,塞托利-睾丸间质细胞[莱迪希细胞](M8631/0),Sertoli-Leydig cell (M8631/0),,0.99418705701828,,,,,
638,4,特指部位-见肿瘤，良性,"specified site - see Neoplasm, benign",,0.9469578862190247,,,,,
638,4,未特指部位,unspecified site,,0.8972185850143433,,,,,
638,5,男性,male,D29.2,0.9515986442565918,,,,,
638,5,女性,female,D27,0.9376236796379089,,,,,
639,3,塞托利细胞(M8640/0),Sertoli cell (M8640/0),,0.9846811890602112,,,,,
639,4,伴有脂质贮积(M8641/0),with lipid storage (M8641/0),,0.9594184756278992,,,,,
639,5,特指部位-见肿瘤，良性,"specified site - see Neoplasm, benign",,0.9350409507751465,,,,,
639,3,未特指部位,unspecified site,,0.9952312111854553,,,,,
639,4,男性,male,D29.2,0.929474949836731,,,,,
639,4,女性,female,D27,0.819952666759491,,,,,
639,4,特指部位-见肿瘤，良性,"specified site - see Neoplasm, benign",,0.9629207253456116,,,,,
639,4,未特指部位,unspecified site,,0.9127083420753479,,,,,
639,5,男性,male,D29.2,0.9454916715621948,,,,,
639,5,女性,female,D27,0.8829358220100403,,,,,
639,3,桑普森[巧克力囊肿],Sampson's,N80.1,0.9781792163848877,,,,,
639,3,上皮性,epithelial,,0.9574583172798157,,,,,
639,4,恶性(M8010/3)-见肿瘤，恶性,"malignant (M8010/3) - see Neoplasm, malignant",,0.9866449236869812,,,,,
639,4,良性(M8010/0)-见 肿瘤，良性,"benign (M8010/0) - see Neoplasm, benign",,0.9706954956054688,,,,,
639,3,神经外胚(周围)(M9364/3)-另见肿瘤，恶性,"neuroectodermal (peripheral) (M9364/3) - see also Neoplasm, malignant",C80,0.9842287302017212,,,,,
639,4,原始性(M9473/3),primitive (M9473/3),,0.9901593327522278,,,,,
639,5,特指部位-见肿瘤，恶性,"specified site - see Neoplasm, malignant",,0.9479339718818665,,,,,
639,5,未特指部位,unspecified site,C71.9,0.9805926084518433,,,,,
639,3,肾上腺,adrenal,,0.9473205804824829,,,,,
639,4,皮质(良性)(M8370/0),cortical (benign) (M8370/0),D35.0,0.9768633842468262,,,,,
639,5,恶性(M8370/3),malignant (M8370/3),C74.0,0.9731075167655945,,,,,
639,4,剩余(M8671/0)-见肿瘤，良性,"rest (M8671/0) - see Neoplasm, benign",,0.9733901619911194,,,,,
639,3,肾上腺样(M8311/1)-见肿瘤，动态未定,"hypernephroid (M8311/1) - see Neoplasm, uncertain behavior",,0.9891564249992371,,,,,
639,3,生殖细胞(M9064/3)-另见肿瘤，恶性,"germ cell (M9064/3) - see also Neoplasm, malignant",,0.9931774139404297,,,,,
639,4,混合性(M9085/3),mixed (M9085/3),C80,0.9704369306564331,,,,,
639,3,施明克(M8082/3)-见肿瘤，鼻咽，恶性,"Schmincke's (M8082/3) - see Neoplasm, nasopharynx, malignant",,0.9933931827545166,,,,,
639,3,嗜铬细胞(M8700/0)-另见肿瘤，良性,"chromaffin (M8700/0) - see also Neoplasm, benign",,0.989010214805603,,,,,
639,4,恶性(M8700/3)-见肿瘤，恶性,"malignant (M8700/3) - see Neoplasm, malignant",,0.9813465476036072,,,,,
639,3,视网膜原基(M9363/0)-见肿瘤，良性,"retinal anlage (M9363/0) - see Neoplasm, benign",,0.9892142415046692,,,,,
639,3,栓子(M8000/6)-见肿瘤，继发性,"embolus (M8000/6) - see Neoplasm, secondary",,0.9819212555885315,,,,,
639,3,胎儿的，引起(对母体)梗阻性分娩,"fetal, causing obstructed labor (mother)",O66.3,0.9906313419342041,,,,,
639,3,胎盘部位滋养层(M9104/1),placental site trophoblastic (M9104/1),D39.2,0.995445191860199,,,,,
639,3,头巾样(M8200/0),turban (M8200/0),D23.4,0.9769181609153748,,,,,
639,3,外阴或会阴，在妊娠或分娩中,"vulva or perineum, in pregnancy or childbirth",O34.7,0.989311933517456,,,,,
639,4,引起梗阻性分娩,causing obstructed labor,O65.5,0.9338374733924866,,,,,
639,5,影响到胎儿或新生儿,affecting fetus or newborn,P03.1,0.9844078421592712,,,,,
639,4,影响到胎儿或新生儿,affecting fetus or newborn,P03.8,0.9805458784103394,,,,,
639,3,维尔姆斯(M8960/3),Wilms' (M8960/3),C64,0.9524999260902405,,,,,
639,3,沃辛[乳头状淋巴性腺囊瘤](M8561/0)-见肿瘤，涎腺，良性,"Warthin's (M8561/0) - see Neoplasm, salivary gland, benign",,0.9875074028968811,,,,,
639,3,无包膜硬化性(M8350/3),nonencapsulated sclerosing (M8350/3),C73,0.9937505722045898,,,,,
640,3,纤维瘤(M8890/0)-见平滑肌瘤,fibroid (M8890/0) - see Leiomyoma,,0.9826162457466125,,,,,
640,3,涎腺型，混合(M8940/0)-另见肿瘤，涎腺，良性,"salivary gland type, mixed (M8940/0) - see also Neoplasm, salivary gland, benign",,0.9919369220733643,,,,,
640,4,恶性(M8940/3)-见 肿瘤，涎腺，恶性,"malignant (M8940/3) - see Neoplasm, salivary gland, malignant",,0.9729530215263367,,,,,
640,3,腺类癌样(M8245/3)-见肿瘤，恶性,"adenocarcinoid (M8245/3) - see Neoplasm, malignant",,0.9799902439117432,,,,,
640,3,腺瘤样(M9054/0)-另见肿瘤，良性,"adenomatoid (M9054/0) - see also Neoplasm, benign",,0.9748230576515198,,,,,
640,4,牙源性(M9300/0),odontogenic (M9300/0),D16.5,0.963462233543396,,,,,
640,5,上颌(骨),upper jaw (bone),D16.4,0.9582936763763428,,,,,
640,3,腺泡细胞(M8550/1),"acinar cell, acinic cell (M8550/1)",,0.968353807926178,,,,,
640,3,形骸细胞，牙源性(M9302/0),"ghost cell, odontogenic (M9302/0)",D16.5,0.9836956262588501,,,,,
640,4,上颌(骨),upper jaw (bone),D16.4,0.9260249137878418,,,,,
640,3,性索(-间质)(M8590/1)- 见肿瘤，动态未定,"sex cord(-stromal) (M8590/1) - see Neoplasm, uncertain behavior",,0.9747889041900635,,,,,
640,4,伴有环状小管(M8623/1),with annular tubules (M8623/1),D39.1,0.9810919761657715,,,,,
640,3,性腺间质(M8590/1)-见肿瘤，动态未定,"gonadal stromal (M8590/1) - see Neoplasm, uncertain behavior",,0.9836077094078064,,,,,
640,3,胸骨乳突(先天性),sternomastoid (congenital),Q68.0,0.9724999666213989,,,,,
640,3,嗅神经源性(M9520/3),neurogenic olfactory (M9520/3),C30.0,0.9818019270896912,,,,,
640,3,许特尔细胞(良性)(M8290/0),Hurthle cell (benign) (M8290/0),D34,0.9788232445716858,,,,,
640,4,恶性(M8290/3),malignant (M8290/3),C73,0.9765980243682861,,,,,
640,3,血管内支气管肺泡(M9134/1),intravascular bronchial alveolar (M9134/1),D38.1,0.9971357583999634,,,,,
640,3,血管球(M8711/0),glomus (M8711/0),D18.0,0.9651318788528442,,,,,
640,4,颈静脉(M8690/1),jugulare (M8690/1),D44.7,0.9666915535926819,,,,,
640,3,牙源性(M9270/1),odontogenic (M9270/1),D48.0,0.981066882610321,,,,,
640,4,恶性(M9270/3),malignant (M9270/3),C41.1,0.9754812717437744,,,,,
640,5,上颌(骨),upper jaw (bone),C41.0,0.8965467214584351,,,,,
640,4,良性(M9270/0),benign (M9270/0),D16.5,0.962500274181366,,,,,
640,5,上颌(骨),upper jaw (bone),D16.4,0.9525206089019775,,,,,
640,4,钙化上皮性(M9340/0),calcifying epithelial (M9340/0),D16.5,0.9891785979270935,,,,,
640,5,上颌(骨),upper jaw (bone),D16.4,0.9525919556617737,,,,,
640,4,鳞状(M9312/0),squamous (M9312/0),D16.5,0.9800685048103333,,,,,
640,5,上颌(骨),upper jaw (bone),D16.4,0.9471433758735657,,,,,
640,4,腺瘤样(M9300/0),adenomatoid (M9300/0),D16.5,0.9566710591316223,,,,,
640,5,上颌(骨),upper jaw (bone),D16.4,0.965462863445282,,,,,
640,3,叶状(M9020/1),phyllodes (M9020/1),D48.6,0.9736928939819336,,,,,
640,4,恶性(M9020/3)-见肿瘤，乳房，恶性,"malignant (M9020/3) - see Neoplasm, breast, malignant",,0.9782556295394897,,,,,
640,4,良性(M9020/0),benign (M9020/0),D24,0.9687560796737671,,,,,
640,3,胰岛细胞(M8150/0),islet cell (M8150/0),,0.9884966015815735,,,,,
640,4,恶性(M8150/3),malignant (M8150/3),,0.960615873336792,,,,,
640,5,特指部位NEC-见肿瘤，恶性,"specified site NEC - see Neoplasm, malignant",,0.9741751551628113,,,,,
640,5,未特指部位,unspecified site,C25.4,0.9365615844726562,,,,,
640,5,胰腺,pancreas,C25.4,0.9495115876197815,,,,,
641,4,特指部位NEC-见肿瘤，良性,"specified site NEC - see Neoplasm, benign",,0.9844491481781006,,,,,
641,4,未特指部位,unspecified site,D13.7,0.973202109336853,,,,,
641,4,胰腺,pancreas,D13.7,0.9471123814582825,,,,,
641,3,阴道，在妊娠或分娩中,"vagina, in pregnancy or childbirth",O34.6,0.9875632524490356,,,,,
641,4,引起梗阻性分娩,causing obstructed labor,O65.5,0.9633169174194336,,,,,
641,5,影响到胎儿或新生儿,affecting fetusor newborn,P03.1,0.9627373814582825,,,,,
641,4,影响到胎儿或新生儿,affecting fetus or newborn,P03.8,0.9857797026634216,,,,,
641,3,硬化性间质(M8602/0),sclerosing stromal (M8602/0),D27,0.9781489372253418,,,,,
641,3,硬纤维(腹外)(M8821/1)- 另见肿瘤，结缔组织，动态未定,"desmoid (extra-abdominal) (M8821/1)- see also Neoplasm, connective tissue, uncertain behavior",,0.972141444683075,,,,,
641,4,腹部(M8822/1),abdominal (M8822/1),D48.1,0.9662541151046753,,,,,
641,3,尤因(M9260/3)-见肿瘤，骨，恶性,"Ewing's (M9260/3) - see Neoplasm, bone, malignant",,0.9882664680480957,,,,,
641,3,支气管肺泡，血管内(M9134/1),"bronchial alveolar, intravascular (M9134/1)",D38.1,0.9944080114364624,,,,,
641,3,脂肪性(M8850/0)-见 脂肪瘤,fatty (M8850/0) - see Lipoma,,0.9691781401634216,,,,,
641,3,脂细胞，卵巢(M8670/0),"lipid cell, ovary (M8670/0)",D27,0.983710527420044,,,,,
641,3,脂样细胞，卵巢(M8670/0),"lipoid cell, ovary (M8670/0)",D27,0.9889305830001831,,,,,
641,3,痔-见痔,hemorrhoidal - see Hemorrhoids,,0.9824962615966797,,,,,
641,3,中胚层，混合性(M8951/3)-另见肿瘤，恶性,"mesodermal, mixed (M8951/3) - see also Neoplasm, malignant",,0.9897770881652832,,,,,
641,4,肝,liver,C22.4,0.9248512983322144,,,,,
641,3,中肾性(M9110/1)-另见肿瘤，动态未定,"mesonephric (M9110/1) - see also Neoplasm, uncertain behavior",,0.9740673899650574,,,,,
641,4,恶性(M9110/3)-见肿瘤，恶性,"malignant (M9110/3) - see Neoplasm, malignant",,0.9837393760681152,,,,,
641,3,主动脉体(M8691/1),aortic body (M8691/1),D44.7,0.9741010665893555,,,,,
641,3,转移性,metastatic,,0.9901666641235352,,,,,
641,4,至特指部位(M8000/6)-见肿瘤，继发性，按部位,"to specified site (M8000/6) - see Neoplasm, secondary, by site",,0.982100784778595,,,,,
641,4,自特指部位(M8000/3)-见肿瘤，恶性，按部位,"from specified site (M8000/3) - see Neoplasm, malignant, by site",,0.9715993404388428,,,,,
641,3,滋养层，胎盘部位(M9104/1),"trophoblastic, placental site (M9104/1)",D39.2,0.9885147213935852,,,,,
641,3,子宫(体)，在妊娠或分娩中,"uterus (body), in pregnancy or childbirth",O34.1,0.9788960814476013,,,,,
641,4,引起梗阻性分娩,causing obstructed labor,O65.5,0.9657629728317261,,,,,
641,5,影响到胎儿或新生儿,affecting fetus or newborn,P03.1,0.9742758870124817,,,,,
641,4,影响到胎儿或新生儿,affecting fetus or newborn,P03.8,0.9879067540168762,,,,,
641,3,子宫内膜样，低度恶性可能(M8380/1),"endometrioid, of low malignant potential(M8380/1)",,0.9957796335220337,,,,,
641,3,见肿瘤，动态未定,"see Neoplasm, uncertain behavior",,0.9919483065605164,,,,,
641,1,liù 六,,,0.9072271585464478,,,,,
641,2,六胎儿，影响到胎儿或新生儿,"Sextuplet, affecting fetus or newborn",P01.5,0.9961333274841309,,,,,
641,3,妊娠,pregnancy,O30.8,0.9602891802787781,,,,,
641,2,六指[趾]畸形,Hexadactylism,Q69.9,0.9992184042930603,,,,,
642,1,lóng 龙,,,,,,,,
642,2,龙贝格病或龙贝格综合征[单侧面神经萎缩],Romberg's disease or syndrome,G51.8,0.9928086996078491,,,,,
642,2,龙线虫病,"Dracunculiasis, dracunculosis",B72,0.9548251032829285,,,,,
642,1,lóng 聋,,,0.9998208284378052,,,,,
642,2,聋(后天性)(完全)(遗传性)(部分),Deafness (acquired) (complete) (hereditary) (partial),H91.9,0.985795795917511,,,,,
642,3,伴有蓝巩膜和骨脆症,with blue sclera and fragility of bone,Q78.0,0.9983034133911133,,,,,
642,3,传导性,conductive,H90.2,0.9835500717163086,,,,,
642,4,单侧(对侧听觉不受限制),unilateral (unrestricted hearing other side),H90.1,0.9660751819610596,,,,,
642,4,双侧,bilateral,H90.0,0.9413324594497681,,,,,
642,4,和感音神经性，混合的,"and sensorineural, mixed",H90.8,0.9787641167640686,,,,,
642,5,单侧(对侧听觉不受限制),unilateral (unrestricted hearing other side),H90.7,0.9826372861862183,,,,,
642,5,双侧,bilateral,H90.6,0.9698639512062073,,,,,
642,3,传导性和感音神经性混合的,mixed conductive and sensorineural,H90.8,0.9880086183547974,,,,,
642,4,单侧(对侧听觉不受限制),unilateral (unrestricted hearing other side),H90.7,0.984097957611084,,,,,
642,4,双侧,bilateral,H90.6,0.9727234244346619,,,,,
642,3,低频率,low frequency,H91.9,0.9848500490188599,,,,,
642,3,短暂性缺血性,transient ischemic,H93.0,0.9977430701255798,,,,,
642,3,耳毒性,ototoxic,H91.0,0.9490009546279907,,,,,
642,3,感觉性-见聋，感音神经性,"sensory - see Deafness, sensorineural",,0.9849889874458313,,,,,
642,3,感受性-见聋，感音神经性,"perceptive - see Deafness, sensorineural",,0.9935644268989563,,,,,
642,3,感音神经性,sensorineural,H90.5,0.9927751421928406,,,,,
642,4,单侧(对侧听觉不受限制),unilateral (unrestricted hearing other side),H90.4,0.9869182109832764,,,,,
642,4,双侧,bilateral,H90.3,0.9610355496406555,,,,,
642,4,和传导性，混合的,"and conductive, mixed",H90.8,0.9892207384109497,,,,,
642,5,单侧(对侧听觉不受限制),unilateral (unrestricted hearingother side),H90.7,0.9913045763969421,,,,,
642,5,双侧,bilateral,H90.6,0.9888681173324585,,,,,
642,3,高频率,high frequency,H91.9,0.9598007202148438,,,,,
642,3,功能性(癔症性),functional (hysterical),F44.6,0.9448074698448181,,,,,
642,3,锅炉制造工,boilermaker's,H83.3,0.9942100644111633,,,,,
642,3,航空性,aviation,T70.0,0.9679288864135742,,,,,
642,3,精神性,mental,R48.8,0.971489667892456,,,,,
642,3,梅毒性,syphilitic,A52.1+ H94.8*,0.9570268392562866,,,,,
642,3,情绪性(癔症性),emotional (hysterical),F44.6,0.9618353843688965,,,,,
642,3,神经(性)-见聋，感音神经性,"nerve, neural - see Deafness, sensorineural",,0.9690704941749573,,,,,
642,3,特指类型 NEC,specified type NEC,H91.8,0.9677080512046814,,,,,
642,3,听觉疲劳性,auditory fatigue,H91.8,0.9916262626647949,,,,,
642,3,突发性(特发性),sudden (idiopathic),H91.2,0.9720901846885681,,,,,
642,3,无语性,nonspeaking,H91.3,0.9715107679367065,,,,,
642,3,先天性 NEC,congenital NEC,H90.5,0.9481734037399292,,,,,
643,3,心因性(癔症性),psychogenic (hysterical),F44.6,0.9398905038833618,,,,,
643,3,癔症性,hysterical,F44.6,0.9419562220573425,,,,,
643,3,由于毒性物质,due to toxic agents,H91.0,0.9976381063461304,,,,,
643,3,语词性(发育性),word (developmental),F80.2,0.9938036799430847,,,,,
643,3,噪声性,noise-induced,H83.3,0.9678511619567871,,,,,
643,3,中心性-见聋，感音神经性,"central - see Deafness, sensorineural",,0.9802737236022949,,,,,
643,2,聋哑(后天性)(先天性)NEC,"Deaf mutism, Deaf and dumb (acquired) (congenital) NEC",H91.3,0.9981455206871033,,,,,
643,3,梅毒性，先天性,"syphilitic, congenital",A50.0+ H94.8*,0.985743522644043,,,,,
643,3,癔症性,hysterical,F44.6,0.9592841267585754,,,,,
643,1,lóng 隆,,,0.9186491370201111,,,,,
643,2,隆凸(下颌)(腭),Torus (mandibularis) (palatinus),K10.0,0.9942864179611206,,,,,
643,1,lòu 瘘,,,0.9012640118598938,,,,,
643,2,瘘,Fistula,L98.8,0.9925690293312073,,,,,
643,3,半规管,semicircular canals,H83.1,0.999133825302124,,,,,
643,3,鼻,"nose, nasal",J34.8,0.9687828421592712,,,,,
643,4,鼻窦(另见鼻窦炎),sinus (see also Sinusitis),J32.9,0.9757780432701111,,,,,
643,3,鼻泪管,lacrimonasal duct,H04.6,0.9980390667915344,,,,,
643,3,鼻旁窦(另见鼻窦炎),accessory sinuses (see also Sinusitis),J32.9,0.9970333576202393,,,,,
643,3,鼻咽,nasopharynx,J39.2,0.9527642726898193,,,,,
643,3,窦(另见鼻窦炎),sinus (see also Sinusitis),J32.9,0.9802412390708923,,,,,
643,3,藏毛(感染性)(直肠),pilonidal (infected) (rectum),L05.9,0.970732569694519,,,,,
643,4,伴有脓肿,with abscess,L05.0,0.9867468476295471,,,,,
643,3,肠NEC,intestine NEC,K63.2,0.9508562088012695,,,,,
643,3,肠结肠(腹部),"enterocolic, intestinocolonic (abdominal)",K63.2,0.9947888255119324,,,,,
643,3,肠膀胱,intestinovesical,N32.1,0.9902201294898987,,,,,
643,3,肠皮肤,enterocutaneous,K63.2,0.9910546541213989,,,,,
643,3,肠输尿管,intestinoureteral,N28.8,0.9783136248588562,,,,,
643,3,肠阴道,"enterovaginal, intestinovaginal",N82.4,0.9854717254638672,,,,,
643,4,大肠,large intestine,N82.3,0.9861273169517517,,,,,
643,4,小肠,small intestine,N82.2,0.9945061802864075,,,,,
643,4,先天性,congenital,Q52.2,0.9319838285446167,,,,,
643,3,肠子宫,"enterouterine, intestinouterine",N82.4,0.9952287077903748,,,,,
643,4,先天性,congenital,Q51.7,0.9569891691207886,,,,,
643,3,创伤性动静脉(另见损伤，血管),"traumatic arteriovenous (see also Injury, blood vessel)",T14.5,0.9922522902488708,,,,,
643,3,唇,lip,K13.0,0.9436752200126648,,,,,
643,4,先天性,congenital,Q38.0,0.9406148195266724,,,,,
643,3,胆(道)(另见瘘，胆管),"biliary (tract) (see also Fistula, bile duct)",K83.3,0.972055196762085,,,,,
644,3,胆管(总)(肝),bile duct (common) (hepatic),K83.3,0.9790547490119934,,,,,
644,4,伴有结石,"with calculus, stones",K80.5,0.9390163421630859,,,,,
644,3,胆囊,gallbladder,K82.3,0.9791808724403381,,,,,
644,4,伴有结石、胆石症、石(另见胆石症),"with calculus, cholelithiasis, stones (see also Cholelithiasis)",K80.2,0.9663246273994446,,,,,
644,3,胆囊肠(另见瘘，胆囊),"cholecystenteric, cholecystointestinal (see also Fistula, gallbladder)",K82.3,0.9843080043792725,,,,,
644,3,胆囊管(另见瘘，胆囊),"cystic duct (see also Fistula, gallbladder)",K82.3,0.9885083436965942,,,,,
644,4,先天性,congenital,Q44.5,0.934498131275177,,,,,
644,3,胆囊结肠(另见瘘，胆囊),"cholecystocolic, cholecystocolonic (see also Fistula, gallbladder)",K82.3,0.9932639002799988,,,,,
644,3,胆囊十二指肠(另见瘘，胆囊),"cholecystoduodenal (see also Fistula, gallbladder)",K82.3,0.981942892074585,,,,,
644,3,胆囊胃(另见瘘，胆囊),"cholecystogastric (see also Fistula, gallbladder)",K82.3,0.9827513098716736,,,,,
644,3,胆总管十二指肠(另见瘘，胆管),"choledochoduodenal (see also Fistula, bile duct)",K83.3,0.9879835247993469,,,,,
644,3,动静脉(后天性)(未破裂),arteriovenous (acquired) (nonruptured),I77.0,0.9780483245849609,,,,,
644,4,创伤性-见损伤，血管,"traumatic - see Injury, blood vessel",,0.9584136605262756,,,,,
644,4,肺,pulmonary,I28.0,0.9367014765739441,,,,,
644,5,先天性,congenital,Q25.7,0.8877426981925964,,,,,
644,4,冠状动脉,coronary,I25.4,0.9765588045120239,,,,,
644,4,脑,brain,I67.1,0.9604918360710144,,,,,
644,5,破裂,ruptured,I60.8,0.9399874806404114,,,,,
644,5,先天性,congenital,Q28.2,0.9292656779289246,,,,,
644,6,破裂,ruptured,I60.8,0.9357916116714478,,,,,
644,4,手术形成的(为透析).,surgically created (for dialysis),Z99.2,0.9412707686424255,,,,,
644,5,并发症NEC,complication NEC,T82.9,0.9601967930793762,,,,,
644,6,感染或炎症,infection or inflammation,T82.7,0.9883308410644531,,,,,
644,6,机械性,mechanical,T82.5,0.9253715872764587,,,,,
644,6,特指的 NEC,specified NEC,T82.8,0.9583930373191833,,,,,
644,4,先天性(周围),congenital (peripheral),Q27.3,0.9698697328567505,,,,,
644,5,肺,pulmonary,Q25.7,0.94087153673172,,,,,
644,5,脑,brain,Q28.2,0.8731685280799866,,,,,
644,6,破裂,ruptured,I60.8,0.933961033821106,,,,,
644,3,动脉,artery,I77.2,0.953730583190918,,,,,
644,3,额窦(另见鼻窦炎，额窦),"frontal sinus (see also Sinusitis, frontal)",J32.1,0.9976688623428345,,,,,
644,3,耳(外)(管),ear (external) (canal),H61.8,0.9753277897834778,,,,,
644,3,耳后,"postauricular, retroauricular .",H70.1,0.9431203007698059,,,,,
644,3,耳廓,auricle,H61.1,0.935546875,,,,,
644,4,先天性,congenital,Q18.1,0.9165325164794922,,,,,
644,3,耳前(先天性),preauricular (congenital),Q18.1,0.9837210774421692,,,,,
644,3,放线菌病性-见放线菌病,actinomycotic - see Actinomycosis,,0.989810585975647,,,,,
644,3,肺,"lung, pulmonary",J86.0,0.939644455909729,,,,,
644,4,动静脉,arteriovenous,I28.0,0.965242862701416,,,,,
644,5,先天性,congenital,Q25.7,0.9522728323936462,,,,,
644,4,结核性(另见结核，肺),"tuberculous (see also Tuberculosis, pulmonary)",A16.2,0.988956868648529,,,,,
645,3,肺腹膜,pulmonoperitoneal,J86.0,0.9897975921630859,,,,,
645,3,粪性,"fecal, stercoral",K63.2,0.992587149143219,,,,,
645,4,先天性,congenital,Q43.6,0.956096351146698,,,,,
645,3,附睾,epididymis,N50.8,0.9780385494232178,,,,,
645,3,腹(壁),abdomen (wall),K63.2,0.9928643107414246,,,,,
645,4,肠NEC,intestine NEC,K63.2,0.9559675455093384,,,,,
645,4,膀胱,bladder,N32.2,0.9541970491409302,,,,,
645,4,输尿管,ureter,N28.8,0.9936210513114929,,,,,
645,4,子宫,uterus,N82.5,0.932037353515625,,,,,
645,3,腹膜,peritoneum,K65.9,0.9812582731246948,,,,,
645,3,腹胸腔,abdominothoracic,J86.0,0.9924746155738831,,,,,
645,3,腹子宫,abdominouterine,N82.5,0.9807986617088318,,,,,
645,4,先天性,congenital,Q51.7,0.915272057056427,,,,,
645,3,结核性,tuberculous,A18.1+ N51.1*,0.9650740027427673,,,,,
645,3,肝动脉-门静脉，先天性,"hepatic artery-portal vein, congenital",Q26.6,0.990913450717926,,,,,
645,3,肝肺,hepatopulmonary,J86.0,0.9635213613510132,,,,,
645,3,肝胸膜,hepatopleural,J86.0,0.9697316884994507,,,,,
645,3,肛门(处)(感染性)(复发性),"anus, anal, in ano (infectional) (recurrent)",K60.3,0.9816383719444275,,,,,
645,4,结核性,tuberculous,A18.3+ K93.0*,0.9827624559402466,,,,,
645,4,先天性,congenital,Q43.6,0.9596030116081238,,,,,
645,5,伴有缺失、闭锁和狭窄,"with absence, atresia and stenosis",Q42.2,0.9876266121864319,,,,,
645,3,肛门直肠,anorectal,K60.5,0.9675705432891846,,,,,
645,3,肛周,perianal,K60.3,0.9313244223594666,,,,,
645,3,根尖周脓肿所致的,from periapical abscess,K04.6,0.9853771328926086,,,,,
645,3,宫颈,cervix,N82.9,0.9338849186897278,,,,,
645,3,宫颈膀胱,cervicovesical,N82.1,0.977668285369873,,,,,
645,3,宫颈乙状结肠,cervicosigmoidal,N82.4,0.9790873527526855,,,,,
645,3,骨,bone,M89.8,0.9632524251937866,,,,,
645,4,伴有骨髓炎，慢性,"with osteomyelitis, chronic",M86.4,0.9562946557998657,,,,,
645,3,关节,joint,M25.1,0.9479994177818298,,,,,
645,4,结核性-见结核，关节,"tuberculous - see Tuberculosis, joint",,0.954275906085968,,,,,
645,3,冠状，动静脉,"coronary, arteriovenous",I25.4,0.9634464979171753,,,,,
645,3,喉,larynx,J38.7,0.9851058125495911,,,,,
645,3,喉气管，先天性,"laryngotracheal, congenital",Q34.8,0.9888558387756348,,,,,
645,3,回肠,ileum,K63.2,0.9869439601898193,,,,,
645,3,回肠膀胱,ileovesical,N32.1,0.9906433820724487,,,,,
645,3,回肠阴道,ileovaginal,N82.2,0.97928786277771,,,,,
645,3,回肠直肠或回肠乙状结肠,ileorectal or ileosigmoidal,K63.2,0.9848073124885559,,,,,
645,3,会阴(伴有累及尿道)NEC,"perineum, perineal (with urethral involvement) NEC",N36.0,0.9714537858963013,,,,,
645,4,结核性,tuberculous,A18.1+ N37.8*,0.9687066674232483,,,,,
645,4,输尿管,ureter,N28.8,0.973031222820282,,,,,
646,3,会阴直肠,perineorectal,K60.4,0.9932665824890137,,,,,
646,3,颊窝(感染性),buccal cavity (infective),K12.2,0.98914635181427,,,,,
646,3,"颊窦(另见鼻窦炎,上颌窦)","antrobuccal (see also Sinusitis, maxillary)",J32.0,0.9706953167915344,,,,,
646,3,甲状舌管,thyroglossal duct,Q89.2,0.9976192712783813,,,,,
646,3,甲状腺,thyroid,E07.8,0.9752768278121948,,,,,
646,3,结肠,colon,K63.2,0.9745641350746155,,,,,
646,3,结肠造口,colostomy,K91.4,0.9876041412353516,,,,,
646,3,结核性-作为结核病，按部位编码,"tuberculous- code as Tuberculosis, by site",,0.9747982621192932,,,,,
646,3,近中的，面部和颈部,"medial, face and neck",Q18.8,0.9724665284156799,,,,,
646,3,颈，外侧,"cervical, lateral",Q18.1,0.9930191040039062,,,,,
646,3,颈耳,cervicoaural,Q18.1,0.9886134266853333,,,,,
646,3,空肠,jejunum,K63.2,0.998271107673645,,,,,
646,3,口腔(皮肤),"oral, mouth (cutaneous)",K12.2,0.9950571060180664,,,,,
646,4,鼻(伴有腭裂)(另见裂，腭),"nasal (with cleft palate) (see also Cleft, palate)",Q35.9,0.974445641040802,,,,,
646,4,上颌,maxillary,J32.0,0.972288966178894,,,,,
646,3,口腔上颌窦,oroantral,J32.0,0.9968341588973999,,,,,
646,3,眶,"orbit, orbital",H05.8,0.966745913028717,,,,,
646,3,阑尾,"appendix, appendicular",K38.3,0.9350606203079224,,,,,
646,3,肋部,costal region,J86.0,0.994288444519043,,,,,
646,3,泪(腺)(囊),lacrimal (gland) (sac),H04.6,0.9811868071556091,,,,,
646,3,淋巴,lymphatic,I89.8,0.930059015750885,,,,,
646,3,盲肠,cecum,K63.2,0.9731048345565796,,,,,
646,3,盲肠乙状结肠,cecosigmoidal,K63.2,0.9920183420181274,,,,,
646,3,门静脉-肝动脉，先天性,"portal vein-hepatic artery, congenital",Q26.6,0.9871057868003845,,,,,
646,3,迷路,labyrinth,H83.1,0.9922375082969666,,,,,
646,3,泌尿(道)(永存)(复发性),urinary (tract) (persistent) (recurrent),N36.0,0.9769418835639954,,,,,
646,3,脑,brain,G96.0,0.9600755572319031,,,,,
646,4,动静脉(后天性),arteriovenous (acquired),I67.1,0.9712173342704773,,,,,
646,5,先天性,congenital,Q28.2,0.9522279500961304,,,,,
646,3,脑脊液,cerebrospinal (fluid),G96.0,0.9954842329025269,,,,,
646,3,内耳(迷路),inner ear (labyrinth),H83.1,0.9766889214515686,,,,,
646,3,尿道,urethra,N36.0,0.9674203395843506,,,,,
646,4,结核性,tuberculous,A18.1+ N37.8*,0.9731410145759583,,,,,
646,4,先天性,congenital,Q64.7,0.9184311628341675,,,,,
646,3,尿道会阴,urethroperineal,N36.0,0.9774768352508545,,,,,
646,3,尿道会阴膀胱,urethroperineovesical,N32.2,0.9757246375083923,,,,,
646,3,尿道膀胱,urethrovesical,N32.2,0.9957166910171509,,,,,
646,3,尿道阴道,urethrovaginal,N82.1,0.9961570501327515,,,,,
646,3,尿道阴囊,urethroscrotal,N50.8,0.9406042695045471,,,,,
646,3,尿道直肠,urethrorectal,N36.0,0.9956119656562805,,,,,
646,4,先天性,congenital,Q64.7,0.9293795824050903,,,,,
647,3,膀胱-0.,vesico-,,0.8642103672027588,,,,,
647,4,肠道,"enteric, intestinal",N32.1,0.9396102428436279,,,,,
647,4,腹壁,abdominal,N32.2,0.9359868168830872,,,,,
647,4,宫颈阴道,cervicovaginal,N82.1,0.9352258443832397,,,,,
647,4,会阴,perineal,N32.2,0.8991801738739014,,,,,
647,4,结肠,colic,N32.1,0.9742937088012695,,,,,
647,4,尿道,urethral,N32.2,0.9342015385627747,,,,,
647,4,尿道直肠,urethrorectal,N32.1,0.9755428433418274,,,,,
647,4,输尿管,ureteral,N32.2,0.979476809501648,,,,,
647,3,输尿管阴道,ureterovaginal,N82.1,0.9810910820960999,,,,,
647,4,乙状结肠,sigmoidal,N32.1,0.9577640295028687,,,,,
647,4,乙状结肠阴道.,sigmoidovaginal,N82.3,0.9717187881469727,,,,,
647,4,阴道,vaginal,N82.0,0.97050940990448,,,,,
647,4,直肠,rectal,N32.1,0.9391069412231445,,,,,
647,4,先天性,congenital,Q64.7,0.9357651472091675,,,,,
647,4,子宫,uterine,N82.1,0.9670845866203308,,,,,
647,4,先天性,congenital,Q51.7,0.9226532578468323,,,,,
647,4,子宫直肠,metrorectal,N82.4,0.9912546277046204,,,,,
647,3,膀胱(括约肌)NEC,bladder (sphincter) NEC,N32.2,0.9683569669723511,,,,,
647,4,进入精囊,into seminal vesicle,N32.2,0.9835795164108276,,,,,
647,3,皮肤,"cutaneous, skin",L98.8,0.9430308938026428,,,,,
647,4,通到生殖道(女性),to genital tract (female),N82.5,0.9729633331298828,,,,,
647,3,脾结肠,splenocolic,D73.8,0.9742697477340698,,,,,
647,3,脐尿,umbilicourinary,Q64.8,0.9891648888587952,,,,,
647,3,脐尿管，先天性,"urachus, congenital",Q64.4,0.9796736836433411,,,,,
647,3,气管，先天性(外部)(内部).,"trachea, congenital (external) (internal)",Q32.1,0.979313313961029,,,,,
647,3,气管食管,tracheoesophageal,J86.0,0.9934905171394348,,,,,
647,4,气管造口术后,following tracheostomy,J95.0,0.9687401056289673,,,,,
647,4,先天性,congenital,Q39.2,0.970051109790802,,,,,
647,5,伴有食管闭锁,with atresia of esophagus,Q39.1,0.9743145108222961,,,,,
647,3,前列腺,prostate,N42.8,0.9704563021659851,,,,,
647,3,前庭大腺,Bartholin's gland,N82.9,0.9939644932746887,,,,,
647,3,乳(突)(区),"aural (mastoid), mastoid (process) (region)",H70.1,0.9906321167945862,,,,,
647,3,乳房(腺),"breast, mammary (gland)",N61,0.9702843427658081,,,,,
647,4,产褥期、产后或妊娠，由于乳腺炎(化脓性),"puerperal, postpartum or gestational, due to mastitis (purulent)",O91.1,0.9118337631225586,,,,,
647,3,乳头,nipple,N64.0,0.9564679265022278,,,,,
647,3,腮(腺),parotid (gland),K11.4,0.9912494421005249,,,,,
647,3,鳃(裂),branchial (cleft),Q18.0,0.9784839749336243,,,,,
647,3,鳃弓源性,branchiogenous,Q18.0,0.9884700775146484,,,,,
647,3,筛(另见鼻窦炎，筛窦),"ethmoid (see also Sinusitis, ethmoidal)",J32.2,0.9857878684997559,,,,,
647,3,上颌,maxillary,J32.0,0.9658693671226501,,,,,
648,3,上颌窦(另见鼻窦炎，上颌窦),"antrum (see also Sinusitis, maxillary)",J32.0,0.9752728343009949,,,,,
648,3,舌下腺,sublingual gland,K11.4,0.9540653228759766,,,,,
648,3,肾,"kidney, renal",N28.8,0.9392460584640503,,,,,
648,3,生殖道(女性),genital tract (female),N82.9,0.9849305748939514,,,,,
648,4,特指的 NEC,specified NEC,N82.8,0.9772834181785583,,,,,
648,4,通到,to,,0.8267567157745361,,,,,
648,5,肠NEC,intestine NEC,N82.4,0.9446970820426941,,,,,
648,5,皮肤,skin,N82.5,0.9048266410827637,,,,,
648,3,十二指肠,duodenum,K31.6,0.9544492959976196,,,,,
648,3,食管,"esophagus, oesophago, oesophagus",K22.8,0.9874938130378723,,,,,
648,4,先天性,congenital,Q39.2,0.9754478335380554,,,,,
648,5,伴有食管闭锁,with atresia of esophagus,Q39.1,0.9660502076148987,,,,,
648,3,食管皮肤,esophagocutaneous,K22.8,0.9813406467437744,,,,,
648,3,食管气管,esophagotracheal,J86.0,0.986626148223877,,,,,
648,4,先天性,congenital,Q39.2,0.9409546852111816,,,,,
648,5,伴有食管闭锁,with atresia of esophagus,Q39.1,0.9757847785949707,,,,,
648,3,食管胸膜皮肤,esophagopleural-cutaneous,J86.0,0.9912053346633911,,,,,
648,3,食管支气管,esophagobronchial,J86.0,0.9731491208076477,,,,,
648,4,先天性,congenital,Q39.2,0.9601672291755676,,,,,
648,5,伴有食管闭锁,with atresia of esophagus,Q39.1,0.9896952509880066,,,,,
648,3,手术后，持续性,"postoperative, persistent",T81.8,0.9832665920257568,,,,,
648,4,特指部位-见瘘，按部位,"specified site - see Fistula, by site",,0.973939836025238,,,,,
648,3,输卵管，外部,"fallopian tube, oviduct, external",N82.5,0.9940018653869629,,,,,
648,3,输尿管(永存),ureter (persistent),N28.8,0.991569995880127,,,,,
648,3,输尿管腹壁,ureteroabdominal,N28.8,0.989184558391571,,,,,
648,3,输尿管膀胱,ureterovesical,N32.2,0.9782782793045044,,,,,
648,3,输尿管乙状结肠腹壁,ureterosigmoido-abdominal,N28.8,0.9903641939163208,,,,,
648,3,输尿管阴道,ureterovaginal,N82.1,0.9807636737823486,,,,,
648,3,输尿管直肠,ureterorectal,N28.8,0.989595890045166,,,,,
648,3,外阴直肠,vulvorectal,N82.4,0.990861177444458,,,,,
648,4,先天性,congenital,Q52.7,0.9598209261894226,,,,,
648,3,尾骨,coccyx,L05.9,0.9599120020866394,,,,,
648,4,伴有脓肿,with abscess,L05.0,0.9774338006973267,,,,,
648,3,胃,"gastric, stomach",K31.6,0.9724220037460327,,,,,
648,3,胃结肠,gastrocolic,K31.6,0.9596650004386902,,,,,
648,4,结核性,tuberculous,A18.3+ K93.0*,0.9622790217399597,,,,,
648,4,先天性,congenital,Q40.2,0.9192607998847961,,,,,
648,3,胃空肠,gastrojejunal,K31.6,0.9900217056274414,,,,,
648,3,胃空肠结肠,gastrojejunocolic,K31.6,0.9547319412231445,,,,,
648,3,胃小肠结肠,gastroenterocolic,K31.6,0.9940395355224609,,,,,
648,3,下颌下腺,submandibular gland,K11.4,0.9599616527557373,,,,,
648,3,先天性，部位未列出-见异常，按部位,"congenital, site not listed - see Anomaly, by site",,0.9978154301643372,,,,,
649,3,涎管或涎腺(任何),salivary duct or gland (any),K11.4,0.9927697777748108,,,,,
649,4,先天性,congenital,Q38.4,0.9139045476913452,,,,,
649,3,陷窝，道格拉斯[直肠子宫],"cul-de-sac, Douglas'",N82.9,0.9825412631034851,,,,,
649,3,心包(胸膜)(囊)-见心包炎,pericardium (pleura) (sac)– see Pericarditis,,0.9680063724517822,,,,,
649,3,胸(壁),"chest, thoracic, thorax (wall)",J86.0,0.9835244417190552,,,,,
649,3,胸肠,thoracointestinal,J86.0,0.980401873588562,,,,,
649,3,胸腹,thoracoabdominal,J86.0,0.9907912611961365,,,,,
649,3,胸膜、胸膜皮肤或胸膜腹壁,"pleura, pleural, pleurocutaneous or pleuroperitoneal",J86.0,0.9936092495918274,,,,,
649,4,结核性 NEC,tuberculous NEC,A16.5,0.94003826379776,,,,,
649,3,胸胃,thoracogastric,J86.0,0.9917433857917786,,,,,
649,4,管,duct,I89.8,0.8976339101791382,,,,,
649,3,牙槽窦(另见鼻窦炎，上颌窦),"alveolar antrum (see also Sinusitis, maxillary)",J32.0,0.9950255751609802,,,,,
649,3,咽,pharynx,J39.2,0.973649799823761,,,,,
649,3,咽食管,pharyngoesophageal,J39.2,0.9865109324455261,,,,,
649,3,鳃裂(先天性),branchial cleft (congenital),Q18.0,0.9758314490318298,,,,,
649,3,眼睑,eyelid,H01.8,0.9355999827384949,,,,,
649,3,眼球(角膜)(巩膜),eyeball (cornea) (sclera),H44.4,0.9607762098312378,,,,,
649,3,腰，结核性,"lumbar, tuberculous",A18.0+ M49.0*,0.9733005166053772,,,,,
649,3,胰腺,pancreatic,K86.8,0.9686647057533264,,,,,
649,3,胰腺十二指肠,pancreaticoduodenal,K86.8,0.9926394820213318,,,,,
649,3,乙状结肠,sigmoid,K63.2,0.9418213963508606,,,,,
649,4,通到膀胱,to bladder,N32.1,0.9481487274169922,,,,,
649,3,阴唇(大)(小),labium (majus) (minus),N82.9,0.9771352410316467,,,,,
649,3,阴道(壁),vagina (wall),N82.9,0.9652605056762695,,,,,
649,3,阴道肠道NEC,vaginointestinal NEC,N82.4,0.9786685109138489,,,,,
649,4,大肠,large intestine,N82.3,0.9109820127487183,,,,,
649,4,小肠,small intestine,N82.2,0.9719346165657043,,,,,
649,3,阴道会阴,vaginoperineal,N82.5,0.9872234463691711,,,,,
649,3,阴道皮肤(产后),vaginocutaneous (postpartal),N82.5,0.9759747385978699,,,,,
649,3,阴茎,penis,N48.8,0.9868044257164001,,,,,
649,3,阴囊(泌尿道),scrotum (urinary),N50.8,0.9678947329521179,,,,,
649,4,结核性,tuberculous,A18.1+ N51.8*,0.9690895676612854,,,,,
649,3,支气管皮肤、支气管纵隔、支气管胸膜、支气管胸膜纵膈(感染性),"bronchial, bronchocutaneous, bronchomediastinal, bronchopleural, bronchopleuromediastinal (infective)",J86.0,0.9938668012619019,,,,,
649,4,结核性NEC,tuberculous NEC,A16.4,0.9809226393699646,,,,,
649,3,支气管内脏,bronchovisceral,J86.0,0.9921691417694092,,,,,
649,3,支气管食管,bronchoesophageal,J86.0,0.9863101840019226,,,,,
649,4,先天性,congenital,Q39.2,0.9765703082084656,,,,,
649,5,伴有食管闭锁Q3,with atresia of esophagus C,,0.9869629740715027,,,,,
650,3,直肠(通到皮肤),rectum (to skin),K60.4,0.9703178405761719,,,,,
650,4,结核性,tuberculous,A18.3+ K93.0*,0.9792064428329468,,,,,
650,4,先天性,congenital,Q43.6,0.9612987637519836,,,,,
650,5,伴有缺失、闭锁和狭窄,"with absence, atresia and stenosis",Q42.0,0.9733862280845642,,,,,
650,3,直肠尿道,rectourethral,N36.0,0.9467387199401855,,,,,
650,4,先天性,congenital,Q64.7,0.9236100912094116,,,,,
650,3,直肠膀胱,rectovesical,N32.1,0.9617963433265686,,,,,
650,4,先天性,congenital,Q64.7,0.927564263343811,,,,,
650,3,直肠膀胱阴道,rectovesicovaginal,N82.3,0.9923831224441528,,,,,
650,4,先天性,congenital,Q64.7,0.8927688002586365,,,,,
650,3,直肠输尿管,rectoureteral,N28.8,0.9863990545272827,,,,,
650,3,直肠外阴,rectovulval,N82.4,0.9803860187530518,,,,,
650,4,先天性,congenital,Q52.7,0.9351398944854736,,,,,
650,3,直肠乙状结肠(互通性),rectosigmoid (intercommunicating),K63.2,0.9809780120849609,,,,,
650,3,直肠阴唇,rectolabial,N82.4,0.9740991592407227,,,,,
650,3,直肠阴道,rectovaginal,N82.3,0.9678747057914734,,,,,
650,4,结核性,tuberculous,A18.1+ N74.1*,0.982657253742218,,,,,
650,4,先天性,congenital,Q52.2,0.9767624139785767,,,,,
650,3,直肠周,perirectal,K60.4,0.9395151138305664,,,,,
650,4,结核性,tuberculous,A18.3+ K93.0*,0.9705972075462341,,,,,
650,3,直肠子宫,rectouterine,N82.4,0.9695730805397034,,,,,
650,4,先天性,congenital,Q51.7,0.9136773943901062,,,,,
650,3,中耳,middle ear,H74.8,0.9133272171020508,,,,,
650,3,主动脉-十二指肠,aorta-duodenal,I77.2,0.984786868095398,,,,,
650,3,子宫,uterus,N82.9,0.9579655528068542,,,,,
650,3,子宫肠道,"uteroenteric, uterointestinal",N82.4,0.9766887426376343,,,,,
650,4,先天性,congenital,Q51.7,0.9808651804924011,,,,,
650,3,子宫腹壁,uteroabdominal,N82.5,0.9702779650688171,,,,,
650,4,先天性,congenital,Q51.7,0.8659007549285889,,,,,
650,3,子宫尿道,uterourethral,Q51.7,0.9768437147140503,,,,,
650,3,子宫膀胱,uterovesical,N82.1,0.9727128744125366,,,,,
650,4,先天性,congenital,Q51.7,0.9424253702163696,,,,,
650,3,子宫输尿管,uteroureteric,N82.1,0.9793814420700073,,,,,
650,3,子宫阴道,uterovaginal,N82.8,0.9620225429534912,,,,,
650,3,子宫直肠,uterorectal,N82.4,0.9493726491928101,,,,,
650,4,先天性,congenital,Q51.7,0.9182327389717102,,,,,
650,3,纵隔,mediastinal,J86.0,0.9958334565162659,,,,,
650,3,纵隔皮肤,mediastinocutaneous,J86.0,0.9829810857772827,,,,,
650,3,纵隔支气管,mediastinobronchial,J86.0,0.9839023351669312,,,,,
650,3,坐骨直肠(窝),ischiorectal (fossa),K61.3,0.9938422441482544,,,,,
