image_page,level,chinese,english,code,confidence,malignant_primary,malignant_secondary,in_situ,benign,uncertain_or_unspecified
1251,2,眼肌的 - 见情况,Ocular muscle - see condition,,0.9546040296554565,,,,,
1251,2,眼肌麻痹[眼肌瘫痪](另见斜视，麻痹性),"Ophthalmoplegia (see also Strabismus, paralytic)",H49.9,0.9872770309448242,,,,,
1251,3,内(完全性)(全部性),internal (complete) (total),H52.5,0.9803279638290405,,,,,
1251,3,外NEC,external NEC,H49.8,0.9494290351867676,,,,,
1251,4,进行性,progressive,H49.4,0.9394664764404297,,,,,
1251,3,核间性,internuclear,H51.2,0.9697783589363098,,,,,
1251,3,核上性，进行性,"supranuclear, progressive",G23.1,0.9771469235420227,,,,,
1251,3,帕里诺,Parinaud's,H49.8,0.9819833636283875,,,,,
1251,3,偏头痛,migraine,G43.8,0.9482196569442749,,,,,
1251,3,全部(外),total (external),H49.3,0.9917265176773071,,,,,
1251,3,糖尿病性(另见E10-E14伴有第四位数.3),diabetic (see also E10-E14 with fourth character.3),E14.3+ H58.8*,0.9610963463783264,,,,,
1251,2,眼睑皮肤松弛症,Blepharochalasis,H02.3,0.9975478649139404,,,,,
1251,3,先天性,congenital,Q10.0,0.9421267509460449,,,,,
1251,2,眼脑肾综合征(伴有范科尼综合征),Lowe's syndrome (with Fanconi's syndrome),E72.0,0.9911680221557617,,,,,
1251,2,眼内病,Endophthalmia,H44.0,0.9586580991744995,,,,,
1251,2,眼内容炎-现译名眼内炎,Endophthalmitis,,0.9996128678321838,,,,,
1251,2,眼内炎(急性)(感染性)(转移性)(亚急性),Endophthalmitis (acute) (infective) (metastatic) (subacute),H44.0,0.9841635823249817,,,,,
1251,3,化脓性,purulent,H44.0,0.9820785522460938,,,,,
1251,3,寄生虫性NEC,parasitic NEC,H44.1,0.9886477589607239,,,,,
1251,3,见于(由于),in (due to),,0.9808289408683777,,,,,
1251,4,弓蛔虫病,toxocariasis,B83.0+ H45.1*,0.98399418592453,,,,,
1251,4,盘尾丝虫病,onchocerciasis,B73+ H45.1*,0.9608556032180786,,,,,
1251,4,猪囊尾蚴病[囊虫病],cysticercosis,B69.1+ H45.1*,0.9844867587089539,,,,,
1251,3,交感神经性,sympathetic,H44.1,0.9979057908058167,,,,,
1251,3,淋病性,gonorrheal,A54.3+ H45.1*,0.9568156003952026,,,,,
1251,3,特指的 NEC,specified NEC,H44.1,0.9685710668563843,,,,,
1251,2,眼疲劳[视疲劳],"Asthenopia, Eyestrain",H53.1,0.9997004866600037,,,,,
1251,3,调节,accommodative,H52.5,0.9633193612098694,,,,,
1251,3,心因性,psychogenic,F44.6,0.9854084849357605,,,,,
1251,3,癔症性,hysterical,F44.6,0.9360756278038025,,,,,
1251,2,眼球积血,Hemophthalmos,H44.8,0.9792589545249939,,,,,
1251,2,眼球囊炎,Tenonitis - see also Tenosynovitis,,0.9854452610015869,,,,,
1251,3,眼(囊),eye (capsule),H05.0,0.9858686327934265,,,,,
1251,2,眼球内陷,Enophthalmos,H05.4,0.9999220371246338,,,,,
1251,2,眼球膨出(先天性),Ophthalmocele (congenital),Q15.8,0.9971756339073181,,,,,
1251,2,眼色素层[葡萄膜]-见情况,Uveal - see condition,,0.9965754747390747,,,,,
1251,2,眼色素层角膜炎[葡萄膜角膜炎](另见虹膜睫状体炎),Uveokeratitis (see also Iridocyclitis),H20.9,0.9989964365959167,,,,,
1251,2,眼色素层腮腺炎[葡萄膜腮腺炎],Uveoparotitis,D86.8,0.999596893787384,,,,,
1252,2,眼色素层炎[葡萄膜炎](前)(另见虹膜睫状体炎),Uveitis (anterior) (see also Iridocyclitis),H20.9,0.9896396994590759,,,,,
1252,3,虹膜异色,heterochromic,H20.8,0.9752589464187622,,,,,
1252,3,后-见脉络膜视网膜炎,posterior - see Chorioretinitis,,0.9950941205024719,,,,,
1252,3,交感性,sympathetic,H44.1,0.9795743227005005,,,,,
1252,3,结核性,tuberculous,A18.5+ H22.0*,0.9860786199569702,,,,,
1252,3,梅毒性(继发性),syphilitic (secondary),A51.4+ H22.0*,0.9805968999862671,,,,,
1252,4,晚期,late,A52.7+ H22.0*,0.9286072850227356,,,,,
1252,4,先天性(早期),congenital(early),A50.0+ H22.0*,0.9757741093635559,,,,,
1252,3,由于弓形虫病(后天性),due to toxoplasmosis (acquired),B58.0+ H22.0*,0.985004186630249,,,,,
1252,4,先天性,congenital,P37.1+ H22.0*,0.9652834534645081,,,,,
1252,2,眼炎,"Ophthalmia, Ophthalmitis",H10.9,0.986471951007843,,,,,
1252,3,埃及,Egyptian,A71.1+ H13.1*,0.9744414687156677,,,,,
1252,3,白喉性,diphtheritic,A36.8+ H13.1*,0.9679434895515442,,,,,
1252,3,变应性(急性),allergic (acute),H10.1,0.9754022359848022,,,,,
1252,3,春季卡他性,spring,H10.1,0.9737967848777771,,,,,
1252,3,电光性,electrica,H16.1,0.9515497088432312,,,,,
1252,3,光化性,actinic rays,H16.1,0.9981743693351746,,,,,
1252,3,化脓性,purulent,H10.0,0.9799693822860718,,,,,
1252,3,交感性,sympathetic,H44.1,0.9508603811264038,,,,,
1252,3,结节性,nodosa,H16.2,0.9581257700920105,,,,,
1252,3,卡他性,catarrhal,H10.2,0.9940125942230225,,,,,
1252,3,淋病性，淋球菌性(新生儿),"blennorrhagic, gonococcal (neonatorum)",A54.3+ H13.1*,0.9790704250335693,,,,,
1252,3,新生儿,"neonatorum, newborn",P39.1,0.9799486398696899,,,,,
1252,4,淋球菌性,gonococcal,A54.3+ H13.1*,0.9879882335662842,,,,,
1252,3,转移性,metastatic,H44.0,0.9660171270370483,,,,,
1252,2,眼震(先天性)(剥夺性)(分离性)(隐性),Nystagmus (congenital) (deprivation) (dissociated) (latent),H55,0.9933434128761292,,,,,
1252,3,矿工,miner's,H55,0.9585164189338684,,,,,
1252,3,良性阵发性,benign paroxysmal,H81.1,0.9668176770210266,,,,,
1252,3,中枢性位置性,central positional,H81.4,0.9882422089576721,,,,,
1252,1,yǎn 演,,,0.980488121509552,,,,,
1252,2,演讲者咽炎,Speaker's throat,R49.8,0.999743640422821,,,,,
1252,1,yàn 厌,,,0.9769209623336792,,,,,
1252,2,厌食,Anorexia,,0.9996172189712524,,,,,
1252,3,神经性,nervosa,F50.0,0.9498834609985352,,,,,
1252,4,非典型,atypical,F50.1,0.9640213847160339,,,,,
1252,4,无节制饮食型,binge-eating type,F50.2,0.9763628244400024,,,,,
1252,3,癔症性,hysterical,F44.8,0.9597106575965881,,,,,
1253,1,yàn 咽,,,0.9668827056884766,,,,,
1253,2,咽下，摄入,Ingestion,,0.999729335308075,,,,,
1253,3,化学物质-见药物和化学制剂表,chemical - see Table of drugs and chemicals,,0.9893592596054077,,,,,
1253,3,酒精,alcohol,F10.9,0.9330863952636719,,,,,
1253,3,药物或药剂,drug or medicament,,0.9980436563491821,,,,,
1253,4,过量或给错或服错药物,overdose or wrong substance given or taken,T50.9,0.9896058440208435,,,,,
1253,5,特指的药物-见药物和化学制剂表,specified drug - see Table of drugs and chemicals,,0.9844861626625061,,,,,
1253,4,恰当使用正确的物质,correct substance properly administered,T88.7,0.977100670337677,,,,,
1253,3,异物(另见异物),foreign body (see also Foreign body),T18.9,0.9843916893005371,,,,,
1253,2,咽下困难 - 现译名 吞咽困难,Dysphagia,,0.9000921249389648,,,,,
1253,1,yáng 羊,,,0.980268657207489,,,,,
1253,2,羊痘[触染性深脓疱(病毒病)],Orf (virus disease),B08.0,0.9789049029350281,,,,,
1253,2,羊膜穿刺术筛选(为),Amniocentesis screening (for),Z36.2,0.9885302782058716,,,,,
1253,3,甲胎蛋白水平增高,"alphafetoprotein level, raised",Z36.1,0.9926446676254272,,,,,
1253,3,染色体异常,chromosomal anomalies,Z36.0,0.9953507781028748,,,,,
1253,2,羊膜的- 见情况,"Amnion, amniotic - see condition",,0.9374024868011475,,,,,
1253,2,羊膜盖面(引起窒息),Caul over face (causing asphyxia),P21.9,0.9916967749595642,,,,,
1253,2,羊膜炎,Amnionitis,,0.9999454617500305,,,,,
1253,3,并发于妊娠,complicating pregnancy,O41.1,0.9834235906600952,,,,,
1253,3,影响到胎儿或新生儿,affecting fetus or newborn,P02.7,0.9971914291381836,,,,,
1253,2,羊水过多,"Hydramnios, Polyhydramnios",O40,0.988557755947113,,,,,
1253,3,影响到胎儿或新生儿,affecting fetus or newborn,P01.3,0.9842033386230469,,,,,
1253,2,羊水过少,"Oligohydramnios, Anhydramnios",O41.0,0.9939166307449341,,,,,
1253,3,影响到胎儿或新生儿,affecting fetus or newborn,P01.2,0.9978790283203125,,,,,
1253,2,羊跳跃病(脑炎),Louping ill (encephalitis),A84.8,0.9876763820648193,,,,,
1253,1,yáng 阳,,,0.9591551423072815,,,,,
1253,2,阳萎(性的)(心因性),Impotence (sexual) (psychogenic),F52.2,0.9992947578430176,,,,,
1253,3,器质性原因 NEC,organic origin NEC,N48.4,0.9608606100082397,,,,,
1253,3,咨询,counseling,Z70.1,0.9370003938674927,,,,,
1253,2,阳性,Positive,,0.9999531507492065,,,,,
1253,3,梅毒血清学检验,serology for syphilis,A53.0,0.9909834265708923,,,,,
1253,4,假,false,R76.2,0.8694395422935486,,,,,
1253,4,有体征或症状-作为梅毒，按部位和分期编码,"with signs or symptoms - code as Syphilis, by site and stage",,0.9835508465766907,,,,,
1253,3,培养(非特异的),culture (nonspecific),,0.9853801727294922,,,,,
1253,4,鼻,nose,R84.5,0.9491071105003357,,,,,
1253,4,伤口,wound,R89.5,0.9580969214439392,,,,,
1253,4,痰,sputum,R84.5,0.9657219648361206,,,,,
1253,4,咽喉,throat,R84.5,0.9421707391738892,,,,,
1254,3,试验，人类免疫缺陷病毒,"test, human immunodeficiency virus (HIV)",R75,0.993198812007904,,,,,
1254,3,血清学检验,serology,,0.9556671977043152,,,,,
1254,4,假,false,R76.2,0.8839406967163086,,,,,
1254,4,梅毒,syphilis,A53.0,0.9595127105712891,,,,,
1254,5,有体征或症状-作为梅毒，按部位和分期编码,"with signs or symptoms - code as Syphilis, by site and stage",,0.9680935144424438,,,,,
1254,1,yáng 扬,,,0.9677877426147461,,,,,
1254,2,扬-比[扬斯基-比尔朔夫斯基]黑矇性白痴,Jansky-Bielschowsky amaurotic idiocy,E75.4,0.9955846667289734,,,,,
1254,1,yǎng 痒,,,0.9643452763557434,,,,,
1254,2,痒病,Itch,L29.9,0.9995768666267395,,,,,
1254,3,钩虫,"coolie, dew, ground",B76.9,0.9971056580543518,,,,,
1254,3,谷,"grain, straw",B88.0,0.9690496325492859,,,,,
1254,3,家禽饲养者,poultryman's,B88.0,0.9777353405952454,,,,,
1254,3,疥螨,sarcoptic,B86,0.9960002899169922,,,,,
1254,3,挪威,Norwegian,B86,0.9350289106369019,,,,,
1254,3,砌砖工,bricklayer's,L25.3,0.9503234624862671,,,,,
1254,4,变应性,allergic,L23.5,0.9507823586463928,,,,,
1254,4,刺激性,irritant,L24.5,0.9836734533309937,,,,,
1254,3,揉面,baker's,L25.4,0.9705445766448975,,,,,
1254,4,变应性,allergic,L23.6,0.991297721862793,,,,,
1254,4,刺激性,irritant,L24.6,0.9576231241226196,,,,,
1254,3,乳酪,cheese,B88.0,0.9958208203315735,,,,,
1254,3,食品店员,grocer's,B88.0,0.9966650009155273,,,,,
1254,3,收割期,harvest,B88.0,0.9987751245498657,,,,,
1254,3,水,water,B76.9,0.9620475172996521,,,,,
1254,3,丝虫性(另见丝虫病),"filarial (see also Filaria, filarial, filariasis)",B74.9,0.9977959394454956,,,,,
1254,3,须癣,barber's,B35.0,0.974403440952301,,,,,
1254,3,恙虫,scrub,B88.0,0.9825875163078308,,,,,
1254,3,意指疥疮,meaning scabies,B86,0.9666279554367065,,,,,
1254,2,痒疹,Prurigo,L28.2,0.9996787905693054,,,,,
1254,3,贝尼耶,Besnier's,L20.0,0.9975066781044006,,,,,
1254,3,黑布拉,Hebra's,L28.2,0.9775680899620056,,,,,
1254,3,结节性,nodularis,L28.1,0.9579213261604309,,,,,
1254,3,轻症,mitis,L28.2,0.9435696005821228,,,,,
1254,3,夏令,estivalis,L56.4,0.995438814163208,,,,,
1254,3,心因性,psychogenic,F45.8,0.9933326244354248,,,,,
1255,1,yàng 恙,,,,,,,,
1255,2,恙虫病,Tsutsugamushi (disease) (fever),A75.3,0.9691847562789917,,,,,
1255,2,恙螨(侵染),Chigger (infestation),B88.0,0.9554562568664551,,,,,
1255,2,恙螨病,"Jigger disease, Trombiculosis, trombiculiasis, trombidiosis",B88.0,0.9719046354293823,,,,,
1255,1,yāo 腰,,,0.9973622560501099,,,,,
1255,2,腰大肌炎,Psoitis,M60.8,0.9999062418937683,,,,,
1255,2,腰的 - 见情况,Lumbar - see condition,,0.965904951095581,,,,,
1255,2,腰三角疝-见疝，腹，特指部位NEC,"Petit's hernia - see Hernia, abdomen, specified site NEC",,0.9946408867835999,,,,,
1255,2,腰痛,"Lumbago, lumbalgia",M54.5,0.9655938148498535,,,,,
1255,3,伴有坐骨神经痛,with sciatica,M54.4,0.9973738789558411,,,,,
1255,4,由于椎间盘疾患,due to intervertebral disk disorder,M51.1+ G55.1*,0.9537506103515625,,,,,
1255,3,由于椎间盘移位,"due to displacement, intervertebral disk",M51.2,0.9884821176528931,,,,,
1255,4,伴有坐骨神经痛,with sciatica,M51.1+ G55.1*,0.9605914950370789,,,,,
1255,2,腰椎化，脊椎，先天性,"Lumbarization, vertebra, congenital",Q76.4,0.9997595548629761,,,,,
1255,1,yǎo 咬,,,0.947579026222229,,,,,
1255,2,咬颊或咬唇,"Biting, cheek or lip",K13.1,0.9817124009132385,,,,,
1255,2,咬甲癖,Onychophagia,F98.8,0.9996155500411987,,,,,
1255,2,咬伤,Bite(s),,0.9994953870773315,,,,,
1255,3,动物(另见伤口，开放性),"animal (see also Wound, open)",T14.1,0.9825447797775269,,,,,
1255,4,多处,multiple,T01.9,0.9648542404174805,,,,,
1255,4,有毒动物,venomous,T63.9,0.9589458703994751,,,,,
1255,5,特指的NEC,specified NEC,T63.8,0.9649079442024231,,,,,
1255,3,海蛇(有毒动物),sea-snake (venomous),T63.0,0.9795877933502197,,,,,
1255,3,海生动物(有毒动物)NEC,marine animal (venomous) NEC,T63.6,0.9931442737579346,,,,,
1255,3,节肢动物 NEC,arthropod NEC,T63.4,0.9589530229568481,,,,,
1255,3,昆虫(无毒的)(另见损伤，浅表),"insect (nonvenomous) (see also Injury, superficial)",T14.0,0.9957147836685181,,,,,
1255,4,有毒动物,venomous,T63.4,0.964087724685669,,,,,
1255,3,两栖动物(有毒动物),amphibian (venomous),T63.8,0.9747472405433655,,,,,
1255,3,爬行动物NEC,reptile NEC,T63.1,0.9681926369667053,,,,,
1255,4,无毒的-见伤口，开放性,"nonvenomous- see Wound, open",,0.9397974610328674,,,,,
1255,3,人(开放性伤口)(另见伤口，开放性),"human (open wound) (see also Wound, open)",T14.1,0.9726624488830566,,,,,
1255,3,蛇,snake,T63.0,0.9549412131309509,,,,,
1255,4,无毒的-见伤口，开放性,"nonvenomous - see Wound, open",,0.9389774799346924,,,,,
1255,3,蜈蚣,centipede,T63.4,0.9841886758804321,,,,,
1255,3,蜥蜴(有毒动物),lizard (venomous),T63.1,0.979971170425415,,,,,
1255,3,蝎子,scorpion,T63.2,0.9427648186683655,,,,,
1256,3,恙螨,chigger,B88.0,0.9665026664733887,,,,,
1256,3,有毒动物,"poisonous, venomous",T63.9,0.9965947270393372,,,,,
1256,4,特指的 NEC,specified NEC,T63.8,0.9531651139259338,,,,,
1256,3,蚤-见损伤，浅表,"flea - see Injury, superficial",,0.9886620044708252,,,,,
1256,3,蜘蛛(有毒动物),spider (venomous),T63.3,0.9585363268852234,,,,,
1256,4,无毒的(另见损伤，浅表),"nonvenomous (see also Injury, superficial)",T14.0,0.9597064852714539,,,,,
1256,1,yào 药,,,0.9140433073043823,,,,,
1256,2,药品中毒(由于过量)(给错或服错药物),Medicine poisoning (by overdose) (wrong substance given or taken in error),T50.9,0.9980844259262085,,,,,
1256,3,特指的药物或物质-见药物和化学制剂表,specified drug or substance - see Table of drugs and chemicals,,0.9975902438163757,,,,,
1256,2,药物,Drug,,0.9999874830245972,,,,,
1256,3,给错或服错药物 - 见 药物和化学制剂表,wrong substance given or taken in error - see Table of drugs and chemicals,,0.9456955194473267,,,,,
1256,3,过量-见药物和化学制剂表,overdose - see Table of drugs and chemicals,,0.992784321308136,,,,,
1256,3,解毒治疗,detoxification therapy,Z50.3,0.9950891733169556,,,,,
1256,3,康复措施,rehabilitation measures,Z50.3,0.9885717034339905,,,,,
1256,3,滥用NEC,use NEC,,0.9742959141731262,,,,,
1256,4,为致死原因,for mortality,F19.9,0.9817579388618469,,,,,
1256,3,滥用的咨询和监督,abuse counseling and surveillance,Z71.5,0.99789959192276,,,,,
1256,3,热,fever,R50.2,0.9813435673713684,,,,,
1256,3,习惯-编码于F10-F19伴有第四位数.2,habit - code to F10-F19 with fourth character.2,,0.977948784828186,,,,,
1256,3,依赖-编码于F10-F19伴有第四位数.2,dependence - code to F10-F19 with fourth character.2,,0.9822216033935547,,,,,
1256,3,瘾(另见依赖)-编码于F10-F19伴有第四位数.2,addiction (see also Dependence) - code to F10-F19 with fourth character .2,,0.9805306196212769,,,,,
1256,3,有害效应 NEC，恰当使用正确的物质,"adverse effect NEC, correct substance properly administered",T88.7,0.9528964757919312,,,,,
1256,3,有害性使用- 编码于F10-F19伴有第四位数.1,harmful use - code to F10-F19 with fourth character.1,,0.9772195219993591,,,,,
1256,3,"在细菌感染中的耐药菌株 - 见 耐药(对),抗生素，按照菌株","resistant bacterial agent in bacterial infection - see Resistance (to), antibiotic by bacterial agent",,0.9347311854362488,,,,,
1256,3,中毒-见药物和化学制剂表,poisoning - see Table of drugs and chemicals,,0.9910569190979004,,,,,
1256,2,药物的误用 NEC,Misuse of drugs NEC,F19.1,0.9732643961906433,,,,,
1256,2,药物反应,"Response, drug",,0.9999495148658752,,,,,
1256,3,光变应性,photoallergic,L56.1,0.9648259878158569,,,,,
1256,3,光毒性,phototoxic,L56.0,0.9974451661109924,,,,,
1256,1,yē 耶,,,0.9996349811553955,,,,,
1256,2,耶尔森菌病-另见感染，耶尔森菌,"Yersiniosis - see also Infection, Yersinia",,0.9955414533615112,,,,,
1256,3,肠的,intestinal,A04.6,0.9952171444892883,,,,,
1256,3,肠外,extraintestinal,A28.2,0.9834436774253845,,,,,
1257,1,yē 椰,,,,,,,,
1257,2,椰子螨皮炎,Copra itch,B88.0,0.9927747845649719,,,,,
1257,1,yē 噎,,,0.9745170474052429,,,,,
1257,2,噎塞,Choked,,0.9807144999504089,,,,,
1257,3,呕吐时NEC(另见窒息，食物或异物),"while vomiting NEC (see also Asphyxia, food or foreign body)",T17.9,0.9910383224487305,,,,,
1257,3,食物、粘痰或呕吐物NEC(另见窒息，食物或异物),"on food, phlegm, or vomitus NEC (see also Asphyxia, food or foreign body)",T17.9,0.9890872240066528,,,,,
1257,1,yè 叶,,,0.9575820565223694,,,,,
1257,2,叶状囊肉瘤(M9020/1),Cystosarcoma phyllodes (M9020/1),D48.6,0.9992443919181824,,,,,
1257,3,恶性(M9020/3)-见肿瘤，乳房，恶性,"malignant (M9020/3) - see Neoplasm, breast, malignant",,0.976067304611206,,,,,
1257,3,良性(M9020/0),benign (M9020/0),D24,0.9754638671875,,,,,
1257,1,yè 夜,,,0.9999826550483704,,,,,
1257,2,夜,Night,,0.9995797872543335,,,,,
1257,3,惊(儿童),terrors (child),F51.4,0.9976934790611267,,,,,
1257,3,盲,blindness,H53.6,0.9407504200935364,,,,,
1257,4,维生素A缺乏性,vitamin A deficiency,E50.5+ H58.1*,0.989547848701477,,,,,
1257,4,先天性,congenital,H53.6,0.9508128762245178,,,,,
1257,2,夜间的 - 见情况,Nocturnal - see condition,,0.9137630462646484,,,,,
1257,2,夜惊症(儿童),"Terror(s), night (child)",F51.4,0.9933680891990662,,,,,
1257,2,夜盲症(夜盲),Nyctalopia (night blindness),H53.6,0.9674776792526245,,,,,
1257,3,维生素A缺乏性,vitamin A deficiency,E50.5+ H58.1*,0.9868494272232056,,,,,
1257,2,夜磨牙症,Bruxism,F45.8,0.9728025197982788,,,,,
1257,2,夜尿，夜尿症,"Nocturia, Nycturia",R35,0.9909999966621399,,,,,
1257,3,心因性,psychogenic,F45.3,0.9830319881439209,,,,,
1257,2,夜游症,Somnambulism,F51.3,0.9580086469650269,,,,,
1257,3,癔症性,hysterical,F44.8,0.9316450357437134,,,,,
1257,1,yè 液,,,0.9999769330024719,,,,,
1257,2,液气心包，液气心包炎(另见心包炎),"Hydropneumopericardium, Hydropneumoperi- carditis (see also Pericarditis)",I31.9,0.9812349081039429,,,,,
1257,2,液气胸,Hydropneumothorax,J94.8,0.9825852513313293,,,,,
1257,3,创伤性,traumatic,S27.3,0.9928219318389893,,,,,
1257,3,结核性 NEC,tuberculous NEC,A16.5,0.9711056351661682,,,,,
1257,2,液体,Fluid,,0.9999693632125854,,,,,
1257,3,丢失(急性),loss (acute),E86,0.9734303951263428,,,,,
1257,3,腹，腹腔,"abdomen, peritoneal",R18,0.9586194157600403,,,,,
1258,3,关节,joint,M25.4,0.9959259629249573,,,,,
1258,3,心脏(另见衰竭，心力，充血性),"heart (see also Failure, heart, congestive)",I50.0,0.9675633311271667,,,,,
1258,3,胸，胸腔,"chest, pleural cavity",J94.8,0.9837475419044495,,,,,
1258,1,yè 腋,,,0.919450581073761,,,,,
1258,2,腋窝毛发病,Trichosis axillaris,A48.8,0.9917004108428955,,,,,
1258,2,腋下 - 另见情况,"Axilla, axillary - see also condition",,0.9541873931884766,,,,,
1258,3,乳房,breast,Q83.1,0.9628258943557739,,,,,
1258,1,yī 一,,,0.832378625869751,,,,,
1258,2,时性黑矇,Blackout,R55,0.9826664924621582,,,,,
1258,1,yī 伊,,,0.999844491481781,,,,,
1258,2,伊顿-兰伯特综合征,Eaton-Lambert syndrome,C80+ G73.1*,0.9889287352561951,,,,,
1258,3,与肿瘤无关,unassociated with neoplasm,G70.8,0.9977829456329346,,,,,
1258,2,伊尔斯病,Eales' disease,H35.0,0.9964196085929871,,,,,
1258,2,伊塞兰病或伊塞兰骨软骨病,Iselin's disease or osteochondrosis,M92.7,0.9998388886451721,,,,,
1258,1,yī 衣,,,0.9998382925987244,,,,,
1258,2,衣氏放线菌(感染)-见放线菌病,Actinomyces israelii (infection) - see Actinomycosis,,0.9971933364868164,,,,,
1258,2,衣原体(性),"Chlamydia, chlamydial",A74.9,0.968895435333252,,,,,
1258,3,附睾炎,epididymitis,A56.1+ N51.1*,0.9826705455780029,,,,,
1258,3,腹膜炎,peritonitis,A74.8+ K67.0*,0.955810546875,,,,,
1258,3,睾丸炎,orchitis,A56.1+ N51.1*,0.9724187850952148,,,,,
1258,3,宫颈炎,cervicitis,A56.0,0.9769334197044373,,,,,
1258,3,结膜炎,conjunctivitis,A74.0+ H13.1*,0.9856741428375244,,,,,
1258,3,尿道炎,urethritis,A56.0,0.981607973575592,,,,,
1258,3,女性,female,,0.961548924446106,,,,,
1258,4,盆腔腹膜炎,pelviperitonitis,A56.1+ N74.4*,0.9863577485084534,,,,,
1258,4,盆腔炎性病,pelvic inflammatory disease,A56.1+ N74.4*,0.9696574807167053,,,,,
1258,3,膀胱炎,cystitis,A56.0,0.990375280380249,,,,,
1258,3,输卵管炎,salpingitis,A56.1+ N74.4*,0.9809714555740356,,,,,
1258,3,特指的 NEC,specified NEC,A74.8,0.9866064190864563,,,,,
1258,3,外阴阴道炎,vulvovaginitis,A56.0,0.9981071949005127,,,,,
1258,3,性传播感染 NEC,sexually transmitted infection NEC,A56.8,0.963316023349762,,,,,
1258,3,咽炎,pharyngitis,A56.4,0.9291483759880066,,,,,
1258,3,鹦鹉热(感染),psittaci (infection),A70,0.950609028339386,,,,,
1258,3,直肠炎,proctitis,A56.3,0.9959112405776978,,,,,
1258,3,子宫内膜炎,endometritis,A56.1+ N74.4*,0.9828767776489258,,,,,
1258,2,衣原体病(另见衣原体),Chlamydiosis (see also Chlamydia),A74.9,0.9847129583358765,,,,,
1259,1,yī 医,,,,,,,,
1259,2,医疗(随后的),Care (following),,0.9560375213623047,,,,,
1259,3,产后,postpartum,,0.9920100569725037,,,,,
1259,4,产后即刻,immediately after delivery,Z39.0,0.9840328097343445,,,,,
1259,4,常规随诊,routine follow-up,Z39.2,0.9905074834823608,,,,,
1259,3,姑息性,palliative,Z51.5,0.9828867316246033,,,,,
1259,3,妊娠 - 见 孕产妇医疗,pregnancy - see Maternal care,,0.9044755697250366,,,,,
1259,3,为随后治疗的准备性,"preparatory, for subsequent treatment",Z51.4,0.9938948154449463,,,,,
1259,4,为透析,for dialysis,Z49.0,0.9532318115234375,,,,,
1259,3,正牙,orthodontic,Z51.8,0.9637616276741028,,,,,
1259,2,医院游击者综合征,Hospital hopper syndrome,F68.1,0.9999856352806091,,,,,
1259,1,yī 依,,,0.9993075728416443,,,,,
1259,2,依赖,"Dependence, Dependency",,0.999934196472168,,,,,
1259,3,被动,passive,F60.7,0.9865615367889404,,,,,
1259,3,反应(持久性),reactions (persistent),F60.7,0.9973098039627075,,,,,
1259,3,提供照料者,care-provider,Z74.9,0.9967233538627625,,,,,
1259,3,由于,due to,,0.9495110511779785,,,,,
1259,4,阿片(生物碱)(衍生物)(酊),opium (alkaloids) (derivatives) (tincture),F11.2,0.9688047766685486,,,,,
1259,4,阿片酊,laudanum,F11.2,0.9415910840034485,,,,,
1259,4,阿片樟脑酊,paregoric,F11.2,0.9842883944511414,,,,,
1259,4,阿片制剂,opiate,F11.2,0.9705246090888977,,,,,
1259,4,安定药NEC,"diazepam, tranquilizer NEC",F13.2,0.9720061421394348,,,,,
1259,4,巴比妥,barbital(s),F13.2,0.9720568656921387,,,,,
1259,4,巴比妥酸盐(化合物)(可归类到T42.3的药物),barbiturate(s) (compounds) (drugs classifiable to T42.3),F13.2,0.9805552959442139,,,,,
1259,4,苯巴比妥,phenobarbital,F13.2,0.9922687411308289,,,,,
1259,4,苯丙胺(型),amfetamine(s) (type),F15.2,0.9684563279151917,,,,,
1259,4,苯环利定(苯环己哌啶)(和有关物质),phencyclidine (PCP) (and related substances),F19.2,0.9757263660430908,,,,,
1259,4,催眠剂NEC,hypnotic NEC,F13.2,0.9820985198020935,,,,,
1259,4,大麻(叶),"bhang, ganja, hemp, marihuana, marijuana, dagga",F12.2,0.9455162882804871,,,,,
1259,4,大麻类(印度)(衍生物)(树脂)(型),Cannabis (indica) (sativa) (derivatives) (resin) (type),F12.2,0.9496467113494873,,,,,
1259,4,大麻提纯浸出物,hashish,F12.2,0.959896981716156,,,,,
1259,4,多种物质,polysubstance,F19.2,0.9749467968940735,,,,,
1259,4,二甲-4-羟色胺，赛洛西宾,"psilocin, psilocybine",F16.2,0.9533184766769409,,,,,
1259,4,非巴比妥酸盐镇静剂和伴有类似效应的安定药,nonbarbiturate sedatives and tranquilizers with similar effect,F13.2,0.9594707489013672,,,,,
1259,4,芬美曲秦,phenmetrazine,F15.2,0.9959743618965149,,,,,
1259,4,复合药物,combinations of drugs,F19.2,0.9824836850166321,,,,,
1259,4,格鲁米特[苯乙哌啶酮][多睡丹],glutethimide,F13.2,0.973095715045929,,,,,
1260,4,古柯(叶)(衍生物),coca (leaf) (derivatives),F14.2,0.9413067102432251,,,,,
1260,4,海洛因(盐)(任何),heroin (salt) (any),F11.2,0.9774627685546875,,,,,
1260,4,挥发性溶剂,volatile solvents,F18.2,0.9686885476112366,,,,,
1260,4,甲(基),methyl,,0.8123852610588074,,,,,
1260,5,醇，酒精,alcohol,F10.2,0.9811983108520508,,,,,
1260,5,吗啡,morphine,F11.2,0.9346896409988403,,,,,
1260,5,溴化物,bromide,F13.2,0.9970860481262207,,,,,
1260,5,哌醋(甲)酯,phenidate,F15.2,0.9621412754058838,,,,,
1260,4,甲丙氨酯[安宁][眠尔通],meprobamate,F13.2,0.9705068469047546,,,,,
1260,4,甲基苯丙胺,methamfetamine(s),F15.2,0.977540910243988,,,,,
1260,4,甲喹酮,methaqualone,F13.2,0.9899463653564453,,,,,
1260,4,胶(飞机)(嗅),glue (airplane) (sniffing),F18.2,0.9829466342926025,,,,,
1260,4,精神活性物质NEC,substance NEC,F19.2,0.9959627985954285,,,,,
1260,4,精神兴奋剂 NEC,psychostimulant NEC,F15.2,0.9478999972343445,,,,,
1260,4,酒精(乙醇)(甲醇),alcohol (ethyl) (methyl),F10.2,0.9860679507255554,,,,,
1260,5,解毒治疗,detoxification therapy,Z50.2,0.9858612418174744,,,,,
1260,5,康复措施,rehabilitation measures,Z50.2,0.985367476940155,,,,,
1260,5,咨询和监督,counseling and surveillance,Z71.4,0.9226484894752502,,,,,
1260,4,咖啡因,caffeine,F15.2,0.9371811151504517,,,,,
1260,4,卡塔叶[阿拉伯茶树叶],khat,F15.2,0.9658123850822449,,,,,
1260,4,抗焦虑药NEC,anxiolytic NEC,F13.2,0.9843462705612183,,,,,
1260,4,可待因,codeine,F11.2,0.9708980321884155,,,,,
1260,4,可卡因,cocaine,F14.2,0.9697908163070679,,,,,
1260,4,类阿片药,opioids,F11.2,0.969337522983551,,,,,
1260,4,鲁米那,luminal,F13.2,0.9177920818328857,,,,,
1260,4,氯氮草[利眠宁],chlordiazepoxide,F13.2,0.9504126310348511,,,,,
1260,4,氯醛(甜菜碱)(水合),cloral (betaine) (hydrate),F13.2,0.9688387513160706,,,,,
1260,4,麻醉类(药)NEC,narcotic (drug) NEC,F19.2,0.9672823548316956,,,,,
1260,4,吗啡(硫酸盐)(亚硫酸盐)(型),morphine (sulfate) (sulfite) (type),F11.2,0.9808348417282104,,,,,
1260,4,麦角酰二乙胺-25(衍生物),LSD-25 (derivatives),F16.2,0.9851343631744385,,,,,
1260,4,麦角酰二乙胺，麦角酸，右型麦角酰二乙胺,"lysergide, lysergic acid, D-lysergic acid diethylamide",F16.2,0.973344624042511,,,,,
1260,4,美沙酮,methadone,F11.2,0.9450073838233948,,,,,
1260,4,美司卡林,mescaline,F16.2,0.9906579852104187,,,,,
1260,4,拍约他，仙人球膏[制自墨西哥仙人球的麻醉剂],peyote,F16.2,0.9579360485076904,,,,,
1260,4,屈大麻酚,maconha,F12.2,0.9700474143028259,,,,,
1260,4,三聚乙醛,paraldehyde,F13.2,0.9495111107826233,,,,,
1260,4,司可巴比妥钠[速可眠],secobarbital (sodium),F13.2,0.9832572937011719,,,,,
1260,4,特指的药物NEC,specified drug NEC,F19.2,0.9506936073303223,,,,,
1260,4,戊巴比妥钠,"pentobarbital, pentobarbitone (sodium)",F13.2,0.9893043637275696,,,,,
1261,4,吸入剂,inhalants,F18.2,0.9470897316932678,,,,,
1261,4,兴奋剂NEC,stimulant NEC,F15.2,0.9475451707839966,,,,,
1261,4,溴化物NEC,bromide(s) NEC,F13.2,0.9876693487167358,,,,,
1261,4,烟草,tobacco,F17.2,0.9152839779853821,,,,,
1261,5,咨询和监督,counseling and surveillance,Z71.6,0.9719334840774536,,,,,
1261,4,烟碱[尼古丁],nicotine,F17.2,0.9691038727760315,,,,,
1261,4,盐酸苯环己哌啶,PCP (phencyclidine),F19.2,0.9776900410652161,,,,,
1261,4,氧化亚氮[笑气],nitrous oxide,F19.2,0.9529713988304138,,,,,
1261,4,药物NEC,drug NEC,F19.2,0.9336113333702087,,,,,
1261,5,并发于妊娠、分娩或产褥期,"complicating pregnancy, childbirth or puerperium",O99.3,0.9727846384048462,,,,,
1261,6,新生儿的戒断症状,withdrawal symptoms in newborn,P96.1,0.9782294034957886,,,,,
1261,6,影响到胎儿或新生儿,affecting fetus or newborn,P04.4,0.977086067199707,,,,,
1261,5,催眠剂NEC,soporific NEC,F13.2,0.9625048637390137,,,,,
1261,5,对胎儿可疑的损害，影响妊娠处理,"suspected damage to fetus, affecting management of pregnancy",O35.5,0.9670358896255493,,,,,
1261,5,复合NEC,combinations NEC,F19.2,0.9739429950714111,,,,,
1261,5,合成，伴有类吗啡效应,"synthetic, with morphine-like effect",F11.2,0.9468401670455933,,,,,
1261,5,咨询和监督,counseling and surveillance,Z71.5,0.9258265495300293,,,,,
1261,4,乙(基),ethyl,,0.8513290286064148,,,,,
1261,5,氨基甲酸酯,carbamate,F19.2,0.9873549938201904,,,,,
1261,5,乙醇，酒精,alcohol,F10.2,0.9452514052391052,,,,,
1261,5,氯化物,chloride,F19.2,0.9627873301506042,,,,,
1261,5,吗啡,morphine,F11.2,0.9363130927085876,,,,,
1261,5,溴化物,bromide,F13.2,0.9649515151977539,,,,,
1261,4,异戊巴比妥,amobarbital,F13.2,0.9455106258392334,,,,,
1261,4,异戊巴比妥钠,amytal (sodium),F13.2,0.9815533757209778,,,,,
1261,4,印度大麻,Indian hemp,F12.2,0.984354555606842,,,,,
1261,4,右苯丙胺(型),dexamfetamine(s) (type),F15.2,0.9792492389678955,,,,,
1261,4,右啡烷,dextrorphan,F11.2,0.9595233201980591,,,,,
1261,4,右吗拉胺,dextromoramide,F11.2,0.9938231706619263,,,,,
1261,4,右美沙芬[右甲吗南],dextromethorphan,F11.2,0.951363742351532,,,,,
1261,4,镇静剂 NEC,sedative NEC,F13.2,0.9677762389183044,,,,,
1261,4,致幻剂,hallucinogenics,F16.2,0.9952574968338013,,,,,
1261,3,于,on,,0.9978954195976257,,,,,
1261,4,呼吸机,respirator,Z99.1,0.9669732451438904,,,,,
1261,4,机器,machine,Z99.9,0.9796142578125,,,,,
1261,5,可启动的NEC,enabling NEC,Z99.8,0.9633725881576538,,,,,
1261,5,特指类型NEC,specified type NEC,Z99.8,0.9697467088699341,,,,,
1261,4,轮椅,wheelchair,Z99.3,0.9532089233398438,,,,,
1261,4,肾透析,renal dialysis,Z99.2,0.9673752188682556,,,,,
1262,3,提供照料者(因为),care provider (because of),Z74.9,0.965339183807373,,,,,
1262,5,活动能力减少,impaired mobility,Z74.0,0.9794333577156067,,,,,
1262,5,特指的理由 NEC,specified reason NEC,Z74.8,0.9682356715202332,,,,,
1262,4,无其他家庭成员能够给予照顾,no other household member able to render care,Z74.2,0.9790791273117065,,,,,
1262,5,需要,need for,,0.9140424728393555,,,,,
1262,5,持续监护,continuous supervision,Z74.3,0.9845092296600342,,,,,
1262,5,人员照顾,assistance with personal care,Z74.1,0.9590519070625305,,,,,
1262,4,吸引器,aspirator,Z99.0,0.9792245030403137,,,,,
1262,3,综合征-编码于F10-F19伴有第四位数.2,syndrome - code to F10-F19 with fourth character.2,,0.9931895732879639,,,,,
1262,1,yí 胰,,,0.8768820762634277,,,,,
1262,2,胰岛的 - 见情况,Insular - see condition,,0.9275335669517517,,,,,
1262,3,胰岛素分泌过多-见高胰岛素血症,hyperinsulinism,,0.9997584819793701,,,,,
1262,2,胰岛素瘤,"Insulinoma, Insuloma",,0.9997938275337219,,,,,
1262,3,恶性(M8151/3),malignant (M8151/3),,0.9803133606910706,,,,,
1262,4,特指部位NEC-见肿瘤，恶性,"specified site NEC - see Neoplasm, malignant",,0.9813891649246216,,,,,
1262,4,未特指部位,unspecified site,C25.4,0.9620891213417053,,,,,
1262,4,胰腺,pancreas,C25.4,0.9805949330329895,,,,,
1262,3,特指部位NEC,specified site NEC,,0.9807446002960205,,,,,
1262,4,恶性(M8152/3)-见肿瘤，恶性,"malignant (M8152/3) - see Neoplasm, malignant",,0.9793936610221863,,,,,
1262,4,良性(M8152/0)-见肿瘤，良性,"benign (M8152/0) - see Neoplasm, benign",,0.9788705706596375,,,,,
1262,4,动态未定或未知(M8152/1)-见肿瘤，动态未定或未知,"uncertain or unknown behavior (M8152/1) - see Neoplasm, uncertain or unknown behavior",,0.9948009252548218,,,,,
1262,3,未特指部位,unspecified site,D13.7,0.9839776158332825,,,,,
1262,4,恶性(M8152/3),malignant (M8152/3),C25.4,0.9912243485450745,,,,,
1262,4,良性(M8152/0),benign (M8152/0),D13.7,0.9751119017601013,,,,,
1262,4,动态未定或未知(M8152/1),uncertain or unknown behavior (M8152/1),D37.7,0.9900439381599426,,,,,
1262,3,胰腺,pancreas,D13.7,0.957439124584198,,,,,
1262,4,恶性(M8152/3),malignant (M8152/3),C25.4,0.9665718078613281,,,,,
1262,4,良性(M8152/0),benign (M8152/0),D13.7,0.9879452586174011,,,,,
1262,4,动态未定或未知(M8152/1),uncertain or unknown behavior (M8152/1),D37.7,0.9740934371948242,,,,,
1262,2,胰岛细胞瘤，胰腺(M8150/0),"Islet cell tumor, pancreas (M8150/0)",D13.7,0.9819542169570923,,,,,
1262,2,胰胚细胞瘤[胰母细胞瘤](M8971/3)-见肿瘤，胰腺，恶性,"Pancreatoblastoma (M8971/3) - see Neoplasm, pancreas, malignant",,0.9754002690315247,,,,,
1262,2,胰石病,Pancreolithiasis,K86.8,0.9699772596359253,,,,,
1262,2,胰腺的 - 见情况,"Pancreas, pancreatic - see condition",,0.9838061928749084,,,,,
1262,2,胰腺瘤-现译名舒血管肠肽瘤,Vipoma,,0.9811553359031677,,,,,
1263,2,胰腺炎,Pancreatitis,K85,0.9808380603790283,,,,,
1263,3,急性(水肿性)(出血性)(复发性),acute (edematous)(hemorrhagic)(recurrent),,0.9939667582511902,,,,,
1263,4,胆石性,gallstone,K85.1,0.9549954533576965,,,,,
1263,4,胆汁性,biliary,K85.1,0.9596033692359924,,,,,
1263,4,酒精性,alcohol-induced,K85.2,0.9606176614761353,,,,,
1263,4,特发性,idiopathic,K85.0,0.9557079076766968,,,,,
1263,4,特指的 NEC,specified NEC,K85.8,0.9771192669868469,,,,,
1263,4,药物性,drug-induced,K85.3,0.9468532800674438,,,,,
1263,3,亚急性,subacute,K85,0.9506567716598511,,,,,
1263,3,慢性(传染性),chronic (infectious),K86.1,0.989136815071106,,,,,
1263,4,复发性,"recurrent, relapsing",K86.1,0.9226199388504028,,,,,
1263,4,酒精性,alcohol-induced,K86.0,0.9890472292900085,,,,,
1263,3,出血性(急性),hemorrhagic (acute),K85,0.9871021509170532,,,,,
1263,3,恶性,malignant,K85,0.9632412791252136,,,,,
1263,3,复发性(慢性),"recurrent, relapsing (chronic)",K86.1,0.9885327219963074,,,,,
1263,3,化脓性,suppurative,K85,0.9497556686401367,,,,,
1263,3,坏疽性,gangrenous,K85,0.9650617837905884,,,,,
1263,3,环状(急性),annular (acute),K85,0.9732545018196106,,,,,
1263,3,间质性(慢性),interstitial (chronic),K86.1,0.9867918491363525,,,,,
1263,4,急性,acute,K85,0.9617616534233093,,,,,
1263,3,巨细胞病毒性,cytomegaloviral,B25.2+ K87.1*,0.989436686038971,,,,,
1263,3,流行性,mumps,B26.3+ K87.1*,0.9527370929718018,,,,,
1263,3,梅毒性,syphilitic,A52.7+ K87.1*,0.9609325528144836,,,,,
1263,3,囊性(慢性),cystic (chronic),K86.1,0.9926170706748962,,,,,
1263,3,水肿性(急性),edematous (acute),K85,0.982570230960846,,,,,
1263,3,纤维性(慢性),fibrous (chronic),K86.1,0.9920485615730286,,,,,
1263,1,yí 移,,,0.9086369872093201,,,,,
1263,2,移居者,Transplant,Z94.9,0.9999485015869141,,,,,
1263,3,社会,social,Z60.3,0.9545873999595642,,,,,
1263,2,移民，引起焦虑,"Migration, anxiety concerning",Z60.3,0.9956735968589783,,,,,
1263,2,移位,"Displacement, displaced, Shift",,0.999896764755249,,,,,
1263,3,贲门经食管裂孔(先天性),cardia through esophageal hiatus (congenital),Q40.1,0.996780514717102,,,,,
1263,3,臂丛(先天性),brachial plexus (congenital),Q07.8,0.9931249618530273,,,,,
1263,3,处女膜(向上)(先天性),hymen (upward) (congenital),Q52.4,0.9691272974014282,,,,,
1263,3,胆囊(先天性),gallbladder (congenital),Q44.1,0.9874671101570129,,,,,
1263,3,骶髂(关节)(先天性),sacroiliac (joint) (congenital),Q74.2,0.983928918838501,,,,,
1263,4,陈旧性,old,M53.2,0.9619655013084412,,,,,
1263,4,近期损伤,current injury,S33.2,0.9774511456489563,,,,,
1263,3,耳廓(先天性),auricle (congenital),Q17.4,0.9874615669250488,,,,,
1263,3,宫颈(另见错位，子宫),"cervix (see also Malposition, uterus)",N85.4,0.9801956415176392,,,,,
1263,3,骨、软骨、关节、腱的后天性创伤性NEC(不伴有骨折)- 见 脱位,"acquired traumatic of bone, cartilage, joint, tendon NEC (without fracture)- see Dislocation",,0.9228556156158447,,,,,
1264,3,黄斑(先天性),macula (congenital),Q14.1,0.9707962274551392,,,,,
1264,3,甲(先天性),nail (congenital),Q84.6,0.9692443013191223,,,,,
1264,4,后天性,acquired,L60.8,0.9762986302375793,,,,,
1264,3,结肠(先天性),colon (congenital),Q43.3,0.9825316071510315,,,,,
1264,3,晶状体，先天性,"lens, congenital",Q12.1,0.9858567714691162,,,,,
1264,3,口腔内沃顿管[下颌腺管]开口,opening of Wharton's duct in mouth,Q38.4,0.9942566752433777,,,,,
1264,3,阑尾，盲肠后(先天性),"appendix, retrocecal (congenital)",Q43.8,0.9856497645378113,,,,,
1264,3,泪、泪器或泪管(先天性),"lacrymal, lacrimal apparatus or duct (congenital)",Q10.6,0.9951719641685486,,,,,
1264,3,泪点(先天性),punctum lacrimale (congenital),Q10.6,0.9969365000724792,,,,,
1264,3,泪小管，先天性,"canuliculus (lacrimalis), congenital",Q10.6,0.9965684413909912,,,,,
1264,3,卵巢(后天性),ovary (acquired),N83.4,0.9850751161575317,,,,,
1264,4,进入疝囊,into hernial sac,N83.4,0.9816349148750305,,,,,
1264,4,先天性,congenital,Q50.3,0.9298736453056335,,,,,
1264,4,游离于腹腔内(先天性),free in peritoneal cavity (congenital),Q50.3,0.9848392605781555,,,,,
1264,3,脑干，尾部(先天性),"brain stem, caudal (congenital)",Q04.8,0.9785904884338379,,,,,
1264,3,膀胱(后天性),bladder (acquired),N32.8,0.9925735592842102,,,,,
1264,4,先天性,congenital,Q64.1,0.9706206321716309,,,,,
1264,3,脾(先天性),spleen (congenital),Q89.0,0.9858672022819519,,,,,
1264,3,气管(先天性),trachea (congenital),Q32.1,0.9779351949691772,,,,,
1264,3,器官或部位，先天性NEC-见错位，先天性,"organ or site, congenital NEC - see Malposition,",,0.9932875633239746,,,,,
1264,3,上皮,congenital,,0.9703555703163147,,,,,
1264,3,宫颈柱状,epithelium,N87.9,0.9453520178794861,,,,,
1264,4,骰形，超出外口的限界,"columnar, of cervix",Q51.8 N87.9,0.9889978766441345,,,,,
1264,4,舌(向下)(先天性),"cuboidal, beyond limits of external os",Q38.3 Q51.8,0.9879993796348572,,,,,
1264,3,肾(后天性),tongue (downward) (congenital),N28.8 Q38.3,0.9755662679672241,,,,,
1264,3,肾上腺(先天性),kidney (acquired),Q89.1 N28.8,0.9901351928710938,,,,,
1264,3,先天性,adrenal gland (congenital),Q63.2 Q89.1,0.9566358327865601,,,,,
1264,4,食管(后天性),congenital,K22.8 Q63.2,0.994999885559082,,,,,
1264,3,食管粘膜，进入胃的贲门，先天性,"esophagus, oesophagus (acquired)",Q39.8 K22.8,0.9810824394226074,,,,,
1264,3,先天性,"esophageal mucosa into cardia of stomach, congenital",Q39.8,0.9857851266860962,,,,,
1264,4,输卵管(后天性),congenital,N83.4 Q39.8,0.9902519583702087,,,,,
1264,3,先天性,"fallopian tube, oviduct (acquired)",Q50.6 N83.4,0.9512317776679993,,,,,
1264,4,造口(先天性),congenital,Q50.6,0.964326024055481,,,,,
1264,4,输卵管或输卵管子宫开口,opening (congenital),Q50.6,0.9667902588844299,,,,,
1264,3,先天性,uterine opening of oviducts or fallopian tubes,Q50.6,0.9860331416130066,,,,,
1264,4,输尿管或输尿管孔或口(先天性),congenital,Q62.6 Q50.6,0.994871973991394,,,,,
1264,3,听阈(暂时性),ureter or ureteric opening or orifice (congenital),H93.2 Q62.6,0.9908350706100464,,,,,
1264,3,胃，先天性,auditory threshold (temporary),Q40.2 H93.2,0.9823301434516907,,,,,
1264,3,胃粘膜(先天性),"stomach, congenital",Q40.2,0.9867444038391113,,,,,
1264,3,涎腺(任何)(先天性),gastric mucosa (congenital),Q38.4 Q40.2,0.9887981414794922,,,,,
1265,3,小脑，尾部(先天性),"cerebellum, caudal (congenital)",Q04.8,0.9875667095184326,,,,,
1265,3,心室间隔,ventricular septum,Q21.0,0.9995843768119812,,,,,
1265,4,伴有未成熟心室,with rudimentary ventricle,Q20.4,0.9528948664665222,,,,,
1265,3,心脏(先天性),heart (congenital),Q24.8,0.9763657450675964,,,,,
1265,4,后天性,acquired,I51.8,0.9654940366744995,,,,,
1265,3,牙,"tooth, teeth",K07.3,0.9909960031509399,,,,,
1265,3,眼球(后天性)(外侧)(陈旧性),"eyeball, globe (acquired) (lateral) (old)",H05.2,0.9805112481117249,,,,,
1265,4,先天性,congenital,Q15.8,0.9444653391838074,,,,,
1265,3,装置、植入物或移植物(另见并发症，按部位和类型，机械性),"device, implant or graft (see also Complications, by site and type, mechanical)",T85.6,0.9851949214935303,,,,,
1265,4,导管NEC,catheter NEC,T85.6,0.9455738663673401,,,,,
1265,5,泌尿系(留置),urinary (indwelling),T83.0,0.9775838255882263,,,,,
1265,5,输注 NEC,infusion NEC,T82.5,0.9703251719474792,,,,,
1265,6,脊髓(硬膜外)(硬膜下),spinal (epidural) (subdural),T85.6,0.9536879658699036,,,,,
1265,5,透析(肾),dialysis (renal),T82.4,0.9829269051551819,,,,,
1265,6,腹膜内,intraperitoneal,T85.6,0.9213270545005798,,,,,
1265,4,电(极)(脉冲发生器)(刺激器),electronic (electrode) (pulse generator) (stimulator),,0.9622280597686768,,,,,
1265,5,骨,bone,T84.3,0.941910445690155,,,,,
1265,5,泌尿系,urinary,T83.1,0.9502696394920349,,,,,
1265,5,神经系统(脑)(周围神经)(脊髓),nervous system (brain) (peripheral nerve) (spinal),T85.1,0.9733726978302002,,,,,
1265,5,心脏,cardiac,T82.1,0.9349326491355896,,,,,
1265,4,动脉移植物 NEC,arterial graft NEC,T82.3,0.9664149284362793,,,,,
1265,5,冠状动脉(搭桥术),coronary (bypass),T82.2,0.9920375943183899,,,,,
1265,4,关节假体,joint prosthesis,T84.0,0.9588850140571594,,,,,
1265,4,矫形外科NEC,orthopedic NEC,T84.4,0.9676600694656372,,,,,
1265,5,骨移植物,bone graft,T84.3,0.99083012342453,,,,,
1265,4,泌尿系 NEC,urinary NEC,T83.1,0.98005610704422,,,,,
1265,5,移植物,graft,T83.2,0.9521814584732056,,,,,
1265,4,脑室颅内分流,ventricular intracranial shunt,T85.0,0.9899898767471313,,,,,
1265,4,内固定(矫形外科)NEC,"fixation, internal (orthopedic) NEC",T84.2,0.9846737384796143,,,,,
1265,5,四肢骨,bones of limb,T84.1,0.9905550479888916,,,,,
1265,4,乳房(植入物),breast (implant),T85.4,0.975791335105896,,,,,
1265,4,生殖系NEC,genital NEC,T83.4,0.9820896983146667,,,,,
1265,5,子宫内避孕装置,intrauterine contraceptive device,T83.3,0.9903196096420288,,,,,
1265,4,特指的NEC,specified NEC,T85.6,0.9698317646980286,,,,,
1265,4,胃肠(胆管)(食管),gastrointestinal (bile duct) (esophagus),T85.5,0.9748727083206177,,,,,
1265,4,心脏NEC,heart NEC,T82.5,0.9639310240745544,,,,,
1265,5,瓣膜(假体),valve (prosthesis),T82.0,0.9625517725944519,,,,,
1265,6,移植物,graft,T82.2,0.9683866500854492,,,,,
1265,4,血管NEC,vascular NEC,T82.5,0.9738327860832214,,,,,
1265,4,眼(角膜移植物)(眶植入物) NEC,ocular (corneal graft) (orbital implant) NEC,T85.3,0.9756078720092773,,,,,
1265,5,眼内晶状体,intraocular lens,T85.2,0.9797042012214661,,,,,
1266,3,椎间盘 NEC,intervertebral disk NEC,M51.2,0.990517795085907,,,,,
1266,4,伴有脊髓病,with myelopathy,M51.0+ G99.2*,0.9794641137123108,,,,,
1266,4,颈，颈胸(伴有),"cervical, cervicothoracic (with)",M50.2,0.9699378609657288,,,,,
1266,5,伴有脊髓病,with myelopathy,M50.0+ G99.2*,0.9674803614616394,,,,,
1266,5,神经炎、神经根炎或神经根病:1↑,"neuritis, radiculitis or radiculopathy",G55.1* M50.1+,0.9663529992103577,,,,,
1266,4,胸，胸腰(伴有),"thoracic, thoracolumbar (with)",M51.2,0.9678971171379089,,,,,
1266,5,脊髓病,myelopathy,M51.0+ G99.2*,0.9628464579582214,,,,,
1266,5,神经炎、神经根炎、神经根病,"neuritis, radiculitis, radiculopathy",M51.1+ G55.1*,0.9770733714103699,,,,,
1266,5,特指的 NEC,specified NEC,M51.2,0.9148212671279907,,,,,
1266,5,由于重大创伤,due to major trauma,S23.1,0.9804384708404541,,,,,
1266,4,腰骶(伴有),"lumbar, lumbosacral (with)",M51.2,0.9832062125205994,,,,,
1266,5,脊髓病,myelopathy,M51.0+ G99.2*,0.981827437877655,,,,,
1266,5,神经炎、神经根炎、神经根病或坐骨神经痛,"neuritis, radiculitis, radiculopathy or sciatica",M51.1+ G55.1*,0.9657299518585205,,,,,
1266,5,特指的 NEC,specified NEC,M51.2,0.9564847946166992,,,,,
1266,4,由于重大创伤-见脱位，脊椎,"due to major trauma - see Dislocation, vertebra",,0.9528934359550476,,,,,
1266,3,子宫(另见错位，子宫),"uterus, uterine (see also Malposition, uterus)",N85.4,0.9945526123046875,,,,,
1266,3,纵隔,mediastinal,R93.8,0.9828733801841736,,,,,
1266,2,移行-另见情况,"Migratory, migrating - see also condition",,0.9977377653121948,,,,,
1266,3,睾丸,testis,Q55.2,0.9880825281143188,,,,,
1266,2,移植(状态),Transplant(ed) (status),,0.9993939399719238,,,,,
1266,3,并发症NEC(另见并发症，移植物),"complication NEC (see also Complications, graft)",T86.8,0.9941736459732056,,,,,
1266,4,皮肤NEC(感染)(排斥),skin NEC (infection) (rejection),T86.8,0.9883063435554504,,,,,
1266,3,肠,intestine,Z94.8,0.9823046326637268,,,,,
1266,3,肺,lung(s),Z94.2,0.9687376618385315,,,,,
1266,4,和心脏,and heart,Z94.3,0.978664219379425,,,,,
1266,3,肝,liver,Z94.4,0.9427294731140137,,,,,
1266,3,骨,bone,Z94.6,0.9575566649436951,,,,,
1266,4,髓,marrow,Z94.8,0.9112269878387451,,,,,
1266,3,角膜,cornea,Z94.7,0.9459518790245056,,,,,
1266,3,毛发,hair,Z41.0,0.9260517954826355,,,,,
1266,3,皮肤,skin,Z94.5,0.9826545715332031,,,,,
1266,3,器官,organ,Z94.9,0.9594069123268127,,,,,
1266,3,肾,kidney,Z94.0,0.9783210754394531,,,,,
1266,3,特指的器官或组织 NEC,specified organ or tissue NEC,Z94.8,0.9840536713600159,,,,,
1266,3,心脏,heart,Z94.1,0.9473209381103516,,,,,
1266,4,瓣膜,valve,Z95.4,0.9558701515197754,,,,,
1266,5,假体,prosthetic,Z95.2,0.9475418925285339,,,,,
1266,5,异种,xenogenic,Z95.3,0.9367796778678894,,,,,
1266,4,和肺,and lung(s),Z94.3,0.9898846745491028,,,,,
1266,3,胰腺,pancreas,Z94.8,0.9864810705184937,,,,,
1266,3,组织,tissue,Z94.9,0.9571282267570496,,,,,
1267,2,移植物抗宿主病(骨髓),Graft-versus-host (GVH) disease (bone marrow),T86.0,0.988507091999054,,,,,
1267,1,yí 遗,,,0.9998012185096741,,,,,
1267,2,遗传梅毒[先天梅毒](另见梅毒，先天性),"Heredosyphilis (see also Syphilis, congenital)",A50.9,0.9898706674575806,,,,,
1267,2,遗传性变性，斑疹性,"Heredodegeneration, macular",H35.5,0.9881435632705688,,,,,
1267,2,遗传性的 - 见情况,Hereditary - see condition,,0.9619361162185669,,,,,
1267,2,遗传性周期性麻痹,Adynamia episodica hereditaria,G72.3,0.9852834343910217,,,,,
1267,2,遗精,Spermatorrhea,N50.8,0.9591585397720337,,,,,
1267,2,遗留的(另见潴留),"Remnant, Retained (see also Retention)",,0.990668773651123,,,,,
1267,3,半月板，膝,"meniscus, knee",M23.3,0.9892256855964661,,,,,
1267,3,扁桃体,tonsil,J35.8,0.9819384813308716,,,,,
1267,4,感染的(慢性),infected (chronic),J35.0,0.9909111857414246,,,,,
1267,3,甲状舌管,thyroglossal duct,Q89.2,0.9975563883781433,,,,,
1267,3,脐尿管,urachus,Q64.4,0.9878568053245544,,,,,
1267,3,手指甲,fingernail,L60.8,0.9916958808898926,,,,,
1267,4,先天性,congenital,Q84.6,0.9417542219161987,,,,,
1267,2,遗尿,Enuresis,R32,0.9689972400665283,,,,,
1267,3,非器质性原因,nonorganic origin,F98.0,0.9869866967201233,,,,,
1267,3,功能性,functional,F98.0,0.9489547610282898,,,,,
1267,3,心因性,psychogenic,F98.0,0.9860214591026306,,,,,
1267,3,夜间,nocturnal,R32,0.9471918940544128,,,,,
1267,4,心因性,psychogenic,F98.0,0.9929671287536621,,,,,
1267,2,遗弃(新生儿),"Abandonment, Desertion (newborn)",T74.0,0.9981973767280579,,,,,
1267,2,遗忘症,Amnesia,R41.3,0.9536278247833252,,,,,
1267,3,癫疯发作后,postictal in epilepsy,G40.9,0.9096488952636719,,,,,
1267,3,分离性,dissociative,F44.0,0.9813932180404663,,,,,
1267,3,逆行性,retrograde,R41.2,0.9748892188072205,,,,,
1267,3,顺行性,anterograde,R41.1,0.9945253133773804,,,,,
1267,3,听觉,auditory,R48.8,0.9923372268676758,,,,,
1267,3,心因性,psychogenic,F44.0,0.9881032109260559,,,,,
1267,3,癔症性,hysterical,F44.0,0.9513924717903137,,,,,
1267,3,暂时完全性,transient global,G45.4,0.9988489747047424,,,,,
1267,2,遗忘综合征,Amnes(t)ic syndrome,,0.9999067187309265,,,,,
1267,3,酒精性,alcohol-induced,F10.6,0.9846153259277344,,,,,
1267,3,药物性-见F11-F19伴有第四位数.6,drug-induced - see F11-F19 with fourth character .6,,0.9760460257530212,,,,,
1267,1,yí 疑,,,0.9228940010070801,,,,,
1267,2,疑病症，疑病患者(反应),"Hypochondria, hypochondriac, hypochondriasis (reaction)",F45.2,0.9953615665435791,,,,,
1268,1,yǐ 乙,,,,,,,,
1268,2,乙醇中毒(另见酒精中毒),Ethylism (see also Alcoholism),F10.2,0.9865298867225647,,,,,
1268,2,乙状 -另见情况,Sigmoid - see also condition,,0.9545480012893677,,,,,
1268,3,肾,kidney,Q63.1,0.8580244779586792,,,,,
1268,2,乙状结肠 - 另见情况,Sigmoid - see also condition,,0.9784460663795471,,,,,
1268,3,曲的 - 见情况,flexure - see condition,,0.9142281413078308,,,,,
1268,2,乙状结肠炎(另见小肠炎),Sigmoiditis (see also Enteritis),A09.9,0.9852221608161926,,,,,
1268,3,传染性,infectious,A09.0,0.9503039121627808,,,,,
1268,3,非传染性,noninfectious,K52.9,0.9762622714042664,,,,,
1268,1,yǐ 蚁,,,0.9998454451560974,,,,,
1268,2,蚁走感,Formication,R20.2,0.9573042392730713,,,,,
1268,1,yì 异,,,0.998120129108429,,,,,
1268,2,异常(先天性)(未特指类型),"Anomaly, anomalous (congenital) (unspecified type)",Q89.9,0.9891998171806335,,,,,
1268,3,阿克森费尔德,Axenfeld's,Q15.0,0.9853284358978271,,,,,
1268,3,埃布斯坦,Ebstein's,Q22.5,0.994558572769165,,,,,
1268,3,奥尔德,Alder's,D72.0,0.9906245470046997,,,,,
1268,3,白细胞，遗传性,"leukocytes, genetic",D72.0,0.9881858229637146,,,,,
1268,3,瓣膜(心脏) NEC,valve (heart) NEC,Q24.8,0.9707298278808594,,,,,
1268,4,肺,pulmonary,Q22.3,0.9722282290458679,,,,,
1268,4,冠状动脉窦,"coronary sinus, sinus coronario",Q24.5,0.9867501258850098,,,,,
1268,4,下腔静脉,"inferior vena cava, venae cavae inferioris",Q24.8,0.9763860106468201,,,,,
1268,3,包皮,prepuce,Q55.6,0.9582709670066833,,,,,
1268,3,鼻(骨)(软骨)(鼻中隔)(窦),"nose, nasal (bones) (cartilage) (septum) (sinus)",Q30.9,0.9651615023612976,,,,,
1268,4,特指的 NEC,specified NEC,Q30.8,0.9520356059074402,,,,,
1268,3,鼻窦(壁),nasal sinus (wall),Q30.9,0.9882481098175049,,,,,
1268,3,彼得,Peter's,Q13.4,0.995833694934845,,,,,
1268,3,臂,arm,Q74.0,0.9609242677688599,,,,,
1268,3,髌骨,patella,Q74.1,0.968643844127655,,,,,
1268,3,玻璃体或玻璃液,vitreous body or humor,Q14.0,0.9988290667533875,,,,,
1268,3,肠(大)(小),intestine (large) (small),Q43.9,0.9781975150108337,,,,,
1268,4,伴有异常的粘连、固定或旋转不良,"with anomalous adhesions, fixation or malrotation",Q43.3,0.9730082154273987,,,,,
1268,3,肠系膜,mesentery,Q45.9,0.9832427501678467,,,,,
1268,3,成颗粒或颗粒细胞，遗传性,"granulation or granulocyte, genetic",D72.0,0.9734882712364197,,,,,
1268,3,尺骨,ulna,Q74.0,0.9773196578025818,,,,,
1268,3,处女膜,hymen,Q52.4,0.9644584059715271,,,,,
1268,3,垂体(腺),"hypophyseal, pituitary (gland)",Q89.2,0.9819984436035156,,,,,
1268,3,唇,lip,Q38.0,0.9767810702323914,,,,,
1269,3,大脑,cerebral,Q04.9,0.987788736820221,,,,,
1269,4,血管,vessels,Q28.3,0.9099847078323364,,,,,
1269,3,大腿NEC,thigh NEC,Q74.2,0.994077742099762,,,,,
1269,3,胆管或胆道,biliary duct or passage,Q44.5,0.9985358715057373,,,,,
1269,3,胆囊(位置)(形状)(大小),gallbladder (position) (shape) (size),Q44.1,0.9836236238479614,,,,,
1269,3,胆囊管，胆总管,"cystic duct, common duct",Q44.5,0.9955138564109802,,,,,
1269,3,导管,ductus,,0.9622364640235901,,,,,
1269,4,博塔洛[动脉导管],botalli,Q25.0,0.9691780209541321,,,,,
1269,4,动脉,arteriosus,Q25.0,0.9525555372238159,,,,,
1269,3,骶骨NEC,sacrum NEC,Q76.4,0.9754487872123718,,,,,
1269,3,骶髂(关节)NEC,sacroiliac (joint) NEC,Q74.2,0.9767118692398071,,,,,
1269,3,动脉(周围),artery (peripheral),Q27.9,0.9899760484695435,,,,,
1269,4,大,great,Q25.9,0.9203119277954102,,,,,
1269,4,大脑,cerebral,Q28.3,0.8820383548736572,,,,,
1269,5,特指的NEC,specified NEC,Q25.8,0.9768955707550049,,,,,
1269,4,肺NEC,pulmonary NEC,Q25.7,0.9764056205749512,,,,,
1269,4,冠状动脉,coronary,Q24.5,0.9606770277023315,,,,,
1269,4,基底 NEC,basilar NEC,Q28.1,0.9420017004013062,,,,,
1269,4,视网膜,retina,Q14.1,0.9497233629226685,,,,,
1269,4,眼,eye,Q15.8,0.975985586643219,,,,,
1269,4,周围,peripheral,Q27.9,0.933930516242981,,,,,
1269,5,特指的NEC,specified NEC,Q27.8,0.9925990700721741,,,,,
1269,4,椎骨NEC,vertebral NEC,Q28.1,0.9591609835624695,,,,,
1269,3,短小(肢),reduction (extremity) (limb),,0.9808367490768433,,,,,
1269,4,上肢,upper limb,Q71.9,0.9257345199584961,,,,,
1269,5,特指的NEC,specified NEC,Q71.8,0.9561322331428528,,,,,
1269,4,下肢,lower limb,Q72.9,0.9227083921432495,,,,,
1269,5,特指的NEC,specified NEC,Q72.8,0.9795112013816833,,,,,
1269,4,尺骨(纵向),ulna (longitudinal),Q71.5,0.9803041815757751,,,,,
1269,4,腓骨(纵向),fibula (longitudinal),Q72.6,0.9873480200767517,,,,,
1269,4,股骨(纵向),femur (longitudinal),Q72.4,0.9824587106704712,,,,,
1269,4,胫骨(纵向),tibia (longitudinal),Q72.5,0.9852253198623657,,,,,
1269,4,桡骨(纵向),radius (longitudinal),Q71.4,0.9848653078079224,,,,,
1269,3,多发性[多处]NEC,multiple NEC,Q89.7,0.9969069361686707,,,,,
1269,3,额骨(另见异常，颅),"frontal bone (see also Anomaly, skull)",Q75.9,0.9857920408248901,,,,,
1269,3,腭(硬)(软)NEC,palate (hard) (soft) NEC,Q38.5,0.9687386155128479,,,,,
1269,3,耳,ear,Q17.9,0.9369309544563293,,,,,
1269,3,廓,auricle,Q17.8,0.9479252099990845,,,,,
1269,4,引起听觉障碍,causing impairment of hearing,Q16.9,0.9880962371826172,,,,,
1269,4,内,inner,Q16.5,0.9128450751304626,,,,,
1269,4,听小骨,ossicles,Q16.3,0.9515925049781799,,,,,
1269,4,心,heart,Q20.8,0.9388173222541809,,,,,
1270,4,引起听觉障碍,causing impairment of hearing,Q16.9,0.9779919385910034,,,,,
1270,4,中(引起听觉障碍),middle (causing impairment of hearing),Q16.4,0.9666298627853394,,,,,
1270,3,耳道,auditory canal,Q17.8,0.9966139793395996,,,,,
1270,3,耳蜗,concha (ear),Q17.3,0.9884395599365234,,,,,
1270,3,二尖瓣(小叶)(瓣膜),mitral (leaflets) (valve),Q23.9,0.9674081802368164,,,,,
1270,4,特指的 NEC,specified NEC,Q23.8,0.9751688838005066,,,,,
1270,3,房室兴奋,atrioventricular excitation,I45.6,0.9720916748046875,,,,,
1270,3,腓骨NEC,fibula NEC,Q74.2,0.9419458508491516,,,,,
1270,3,肺(裂)(叶),"lung, pulmonary (fissure) (lobe)",Q33.9,0.9878683686256409,,,,,
1270,4,瓣膜,valve,Q22.3,0.8915675282478333,,,,,
1270,4,动脉NEC,artery NEC,Q25.7,0.9478599429130554,,,,,
1270,4,静脉连接,venous connection,Q26.4,0.9739950299263,,,,,
1270,5,部分,partial,Q26.3,0.8989672064781189,,,,,
1270,5,全部,total,Q26.2,0.9326120615005493,,,,,
1270,3,附睾,epididymis,Q55.4,0.9885892271995544,,,,,
1270,3,跗骨NEC,tarsus NEC,Q74.2,0.9650006294250488,,,,,
1270,3,腹壁NEC,abdominal wall NEC,Q79.5,0.9897516369819641,,,,,
1270,3,肝,liver,Q44.7,0.9376119375228882,,,,,
1270,4,管,duct,Q44.5,0.8953913450241089,,,,,
1270,3,感觉器官NEC,sense organs NEC,Q07.8,0.9541672468185425,,,,,
1270,3,肛门,anus,Q43.9,0.9704815149307251,,,,,
1270,3,睾丸,testis,Q55.2,0.9598727822303772,,,,,
1270,3,膈(裂孔) NEC,diaphragm (apertures) NEC,Q79.1,0.9469386339187622,,,,,
1270,3,宫颈,cervix,Q51.9,0.9646574854850769,,,,,
1270,4,在妊娠或分娩中,in pregnancy or childbirth,O34.4,0.9833829998970032,,,,,
1270,5,引起梗阻性分娩,causing obstructed labor,O65.5,0.9660689234733582,,,,,
1270,6,影响到胎儿或新生儿,affecting fetus or newborn,P03.1,0.9570696353912354,,,,,
1270,5,影响到胎儿或新生儿,affecting fetus or newborn,P03.8,0.9776932597160339,,,,,
1270,3,肱骨,humerus,Q74.0,0.967885434627533,,,,,
1270,3,股骨NEC,femur NEC,Q74.2,0.9617113471031189,,,,,
1270,3,骨NEC,bone NEC,Q79.9,0.9650676846504211,,,,,
1270,4,臂,arm,Q74.0,0.9157146215438843,,,,,
1270,4,肩带,shoulder girdle,Q74.0,0.8869491815567017,,,,,
1270,4,颅,skull,Q75.9,0.8877776265144348,,,,,
1270,5,伴有,with,,0.8241509199142456,,,,,
1270,6,脑积水,hydrocephalus,Q03.9,0.9455105066299438,,,,,
1270,7,伴有脊柱裂(另见脊柱裂，伴有脑积水),"with spina bifida (see also Spina bifida, with hydrocephalus)",Q05.4,0.9667702913284302,,,,,
1270,6,脑膨出(另见脑膨出),encephalocele (see also Encephalocele),Q01.9,0.9812644124031067,,,,,
1270,6,无脑儿,anencephaly,Q00.0,0.9538079500198364,,,,,
1270,6,小头畸形,microcephaly,Q02,0.9457194209098816,,,,,
1271,4,面,face,Q75.9,0.9020842909812927,,,,,
1271,4,盆腔带,pelvic girdle,Q74.2,0.9196364283561707,,,,,
1271,4,腿,leg,Q74.2,0.9006921052932739,,,,,
1271,3,骨道(耳),osseous meatus (ear),Q16.1,0.9669788479804993,,,,,
1271,3,骨骼,skeleton,Q79.9,0.9936352372169495,,,,,
1271,4,全身性,generalized,Q78.9,0.9715078473091125,,,,,
1271,3,骨盆(骨性)NEC,pelvis (bony) NEC,Q74.2,0.9905790090560913,,,,,
1271,3,固定，肠,"fixation, intestine",Q43.3,0.9962889552116394,,,,,
1271,3,关节NEC,joint NEC,Q74.9,0.9629347920417786,,,,,
1271,4,特指的NEC,specified NEC,Q74.8,0.9710234999656677,,,,,
1271,3,冠状动脉或静脉,coronary artery or vein,Q24.5,0.9663891792297363,,,,,
1271,3,颌,jaw,K07.9,0.9644441604614258,,,,,
1271,4,大小(大),size (major),K07.0,0.9543498158454895,,,,,
1271,4,特指的NEC,specified NEC,K07.8,0.9648264050483704,,,,,
1271,3,颌-颅底关系,jaw-cranial base relationship,K07.1,0.991949737071991,,,,,
1271,3,颌下腺,submaxillary gland,Q38.4,0.9558645486831665,,,,,
1271,3,黑格林,Hegglin's,D72.0,0.9647512435913086,,,,,
1271,3,虹膜,iris,Q13.2,0.991581380367279,,,,,
1271,3,喉(肌),"larynx, laryngeal (muscle)",Q31.9,0.9839798808097839,,,,,
1271,4,蹼(膈),web(bed),Q31.0,0.9466323852539062,,,,,
1271,3,呼吸系统,respiratory system,Q34.9,0.9547529816627502,,,,,
1271,4,特指的 NEC,specified NEC,Q34.8,0.9535778164863586,,,,,
1271,3,滑囊,bursa,Q79.9,0.9421179890632629,,,,,
1271,3,踝(关节),ankle (joint),Q74.2,0.9907125234603882,,,,,
1271,3,环状软骨,cricoid cartilage,Q31.8,0.961622416973114,,,,,
1271,3,回肠,ileum,Q43.9,0.9742739200592041,,,,,
1271,3,回盲部(袢)(瓣膜),ileocecal (coil) (valve),Q43.9,0.9662451148033142,,,,,
1271,3,会厌，会厌谷,"epiglottis, valleculae",Q31.8,0.9920310974121094,,,,,
1271,3,肌肉,muscle,Q79.9,0.9601665139198303,,,,,
1271,4,眼睑,eyelid,Q10.3,0.9458410739898682,,,,,
1271,3,肌肉骨骼系统，除外四肢,"musculoskeletal system, except limbs",Q79.9,0.996208131313324,,,,,
1271,3,脊，脊椎NEC,"spine, spinal, vertebra NEC",Q76.4,0.9828481078147888,,,,,
1271,4,神经根,nerve root,Q07.8,0.8879392743110657,,,,,
1271,4,索,cord,Q06.9,0.9076477885246277,,,,,
1271,4,柱NEC,column NEC,Q76.4,0.9772782921791077,,,,,
1271,3,加特纳管[卵巢冠纵管],Gartner's duct,Q50.6,0.9980501532554626,,,,,
1271,3,颊,cheek,Q18.9,0.9559058547019958,,,,,
1271,3,甲,nail,Q84.6,0.9673563241958618,,,,,
1271,3,"甲状(腺),甲状旁腺","thyroid (gland), parathyroid gland",Q89.2,0.9669023156166077,,,,,
1271,3,肩(带)(关节),shoulder (girdle) (joint),Q74.0,0.9872826337814331,,,,,
1271,3,肩胛骨,scapula,Q74.0,0.9901245832443237,,,,,
1272,3,腱,tendon,Q79.9,0.9366415739059448,,,,,
1272,3,腱索,chordae tendineae,Q24.8,0.9917784333229065,,,,,
1272,3,脚趾,toe,Q74.2,0.9538128972053528,,,,,
1272,3,角膜(形状),cornea (shape),Q13.4,0.9859305620193481,,,,,
1272,3,结肠,colon,Q43.9,0.9562676548957825,,,,,
1272,3,睫,cilia,Q10.3,0.92717045545578,,,,,
1272,3,筋膜,fascia,Q79.9,0.9613368511199951,,,,,
1272,3,晶状体,lens,Q12.9,0.9451541900634766,,,,,
1272,3,胫骨NEC,tibia NEC,Q74.2,0.9749559760093689,,,,,
1272,3,精囊,seminal vesicles,Q55.4,0.9743415117263794,,,,,
1272,3,精索,spermatic cord,Q55.4,0.9419043064117432,,,,,
1272,3,颈(任何部分),neck (any part),Q18.9,0.9594045281410217,,,,,
1272,3,静脉(周围),vein(s) (peripheral),Q27.9,0.9869301915168762,,,,,
1272,4,大,great,Q26.9,0.95452880859375,,,,,
1272,4,大脑,cerebral,Q28.3,0.9229217171669006,,,,,
1272,5,特指的NEC,specified NEC,Q26.8,0.9595843553543091,,,,,
1272,4,冠状动脉,coronary,Q24.5,0.9796690940856934,,,,,
1272,4,脑,brain,Q28.3,0.9170123338699341,,,,,
1272,3,静脉回流,venous return,Q26.8,0.9950496554374695,,,,,
1272,3,颏,chin,Q18.9,0.9502569437026978,,,,,
1272,3,空肠,jejunum,Q43.8,0.9381375908851624,,,,,
1272,3,口腔,mouth,Q38.6,0.956449031829834,,,,,
1272,3,髋NEC,hip NEC,Q74.2,0.9683490991592407,,,,,
1272,3,眶(眼),orbit (eye),Q10.7,0.967890202999115,,,,,
1272,3,阔韧带,broad ligament,Q50.6,0.9911219477653503,,,,,
1272,3,阑尾,appendix,Q43.8,0.9894071817398071,,,,,
1272,3,肋骨,rib,Q76.6,0.9530870318412781,,,,,
1272,4,神经,cervical,Q76.5,0.9333339333534241,,,,,
1272,3,泪器或泪管,lacrimal apparatus or duct,Q10.6,0.997199296951294,,,,,
1272,3,泪小阜,"caruncle, lacrimal",Q10.6,0.9778249859809875,,,,,
1272,3,里格尔,Rieger's,Q13.8,0.9875555038452148,,,,,
1272,3,联合,union,,0.9728236198425293,,,,,
1272,4,环状软骨和甲状软骨,cricoid cartilage and thyroid cartilage,Q31.8,0.9964971542358398,,,,,
1272,4,甲状软骨和舌骨,thyroid cartilage and hyoid bone,Q31.8,0.9713593125343323,,,,,
1272,4,气管伴有喉,trachea with larynx,Q31.8,0.9535610675811768,,,,,
1272,3,连接,connection,,0.9838734269142151,,,,,
1272,4,肺静脉,pulmonary venous,Q26.4,0.9799520373344421,,,,,
1272,5,部分,partial,Q26.3,0.9081769585609436,,,,,
1272,5,全部,total,Q26.2,0.9303890466690063,,,,,
1272,4,门静脉,portal vein,Q26.5,0.9357202649116516,,,,,
1272,4,肾动脉伴有肾,renal artery with kidney,Q27.2,0.9925540089607239,,,,,
1273,3,颅,"skull, cranium",Q75.9,0.9884109497070312,,,,,
1273,4,伴有,with,,0.7740848660469055,,,,,
1273,5,脑积水,hydrocephalus,Q03.9,0.9404247403144836,,,,,
1273,6,伴有脊柱裂(另见脊柱裂，伴有脑积水),"with spina bifida (see also Spina bifida, with hydrocephalus)",Q05.4,0.9453607797622681,,,,,
1273,5,脑膨出(另见脑膨出),encephalocele (see also Encephalocele),Q01.9,0.9613319039344788,,,,,
1273,5,无脑儿,anencephaly,Q00.0,0.9637885689735413,,,,,
1273,5,小头畸形,microcephaly,Q02,0.9631790518760681,,,,,
1273,3,卵巢NEC,ovary NEC,Q50.3,0.9770805835723877,,,,,
1273,3,马尾,cauda equina,Q06.3,0.9920925498008728,,,,,
1273,3,脉络膜,choroid,Q14.3,0.9710926413536072,,,,,
1273,4,丛,plexus,Q07.8,0.8797064423561096,,,,,
1273,3,盲肠,cecum,Q43.9,0.9784531593322754,,,,,
1273,3,毛发,hair,Q84.2,0.9489433765411377,,,,,
1273,3,毛细血管,capillary,Q27.9,0.9953416585922241,,,,,
1273,3,梅-黑格林,May-Hegglin,D72.0,0.9929125308990479,,,,,
1273,3,门静脉,portal vein,Q26.5,0.9981156587600708,,,,,
1273,4,连接,connection,Q26.5,0.9287235736846924,,,,,
1273,3,泌尿道,urinary tract,Q64.9,0.9968734979629517,,,,,
1273,3,泌尿生殖系NEC,genitourinary NEC,,0.9792054295539856,,,,,
1273,4,男性,male,Q55.9,0.9667483568191528,,,,,
1273,4,女性,female,Q52.9,0.9352232813835144,,,,,
1273,3,面部,face,Q18.9,0.9929760098457336,,,,,
1273,4,骨,bone(s),Q75.9,0.921366810798645,,,,,
1273,3,膜迷路,"labyrinth, membranous",Q16.5,0.9973877668380737,,,,,
1273,3,莫尔加尼囊状附件,hydatid of Morgagni,,0.9764612913131714,,,,,
1273,4,男性(附睾),male (epididymal),Q55.4,0.9844576120376587,,,,,
1273,5,睾丸,testicular,Q55.2,0.9755699038505554,,,,,
1273,4,女性,female,Q50.5,0.9543318152427673,,,,,
1273,3,拇指,thumb,Q74.0,0.9851729869842529,,,,,
1273,3,脑(多发性),brain (multiple),Q04.9,0.9845532774925232,,,,,
1273,4,血管,vessel,Q28.3,0.8910233974456787,,,,,
1273,3,脑(脊)膜束或壁,meningeal bands or folds,Q07.9,0.9847797751426697,,,,,
1273,4,脊柱,spinal,Q06.9,0.9780468344688416,,,,,
1273,4,挛缩,constriction of,Q07.8,0.9498721361160278,,,,,
1273,3,脑脊膜,meninges,Q07.9,0.9584167003631592,,,,,
1273,4,大脑,cerebral,Q04.8,0.8934072852134705,,,,,
1273,4,脊柱,spinal,Q06.9,0.9300549030303955,,,,,
1273,3,内分泌腺NEC,endocrine gland NEC,Q89.2,0.9671803116798401,,,,,
1273,3,尿道，尿道口NEC,"urethra, meatus urinarius NEC",Q64.7,0.9862578511238098,,,,,
1273,4,梗阻性,obstructive,Q64.3,0.9370926022529602,,,,,
1273,3,尿道旁管,paraurethral ducts,Q64.7,0.9792696237564087,,,,,
1273,3,努克管[腹膜鞘突],canal of Nuck,Q52.4,0.9908429980278015,,,,,
1274,3,膀胱(颈),bladder (neck),Q64.7 O64.7,0.9597539901733398,,,,,
1274,3,膀胱尿道口 NEC,vesicourethral orifice NEC,Q64.7,0.974609375,,,,,
1274,3,佩尔格-许特,Pelger-Huet,D72.0,0.9944548010826111,,,,,
1274,3,盆腔带 NEC,pelvic girdle NEC,Q74.2,0.9700927138328552,,,,,
1274,3,皮肤(附属物),skin (appendage),Q82.9,0.9865214228630066,,,,,
1274,3,皮纹,dermatoglyphic,Q82.8,0.9881723523139954,,,,,
1274,3,皮脂腺,sebaceous gland,Q82.9,0.9929600954055786,,,,,
1274,3,脾,spleen,Q89.0,0.9737908840179443,,,,,
1274,3,苹果皮综合征,apple peel syndrome,Q41.1,0.9893348813056946,,,,,
1274,3,脐尿管,urachus,Q64.4,0.9710140824317932,,,,,
1274,3,起端,origin,,0.9272378087043762,,,,,
1274,4,动脉,artery,,0.9000284075737,,,,,
1274,5,肺,pulmonary,Q25.7,0.9294952750205994,,,,,
1274,5,肾,renal,Q27.2,0.9323501586914062,,,,,
1274,5,锁骨下,subclavian,Q25.8,0.9730808734893799,,,,,
1274,5,无名动脉,innominate,Q25.8,0.9884867072105408,,,,,
1274,3,气管(软骨),trachea (cartilage),Q32.1,0.9823338985443115,,,,,
1274,3,器官NEC,organ NEC,Q89.9,0.9863934516906738,,,,,
1274,4,科尔蒂[螺旋器],of Corti,Q16.5,0.9850443601608276,,,,,
1274,3,髂骨NEC,ilium NEC,Q74.2,0.9821856617927551,,,,,
1274,3,前臂,forearm,Q74.0,0.9845236539840698,,,,,
1274,3,前额(另见异常，颅),"forehead (see also Anomaly, skull)",Q75.8,0.9872477054595947,,,,,
1274,3,前列腺,prostate,Q55.4,0.9931174516677856,,,,,
1274,3,前庭大腺[巴多林腺],Bartholin's duct,Q38.4,0.999299168586731,,,,,
1274,3,腔静脉(下)(上),vena cava (inferior) (superior),Q26.9,0.9944408535957336,,,,,
1274,3,切迪阿克-东(-施泰因布林克)[遗传性白细胞颗粒异常综合征],Chediak-Higashi(-Steinbrinck),E70.3,0.9890471696853638,,,,,
1274,3,屈光,refraction,H52.7,0.9719552397727966,,,,,
1274,3,屈曲(关节)NEC,flexion (joint) NEC,Q74.9,0.9673305749893188,,,,,
1274,4,髋或大腿,hip or thigh,Q65.8,0.9805364608764648,,,,,
1274,3,全身性骨骼NEC,skeleton generalized NEC,Q78.9,0.970801055431366,,,,,
1274,3,染色体,"chromosomes, chromosomal",Q99.9,0.976449728012085,,,,,
1274,4,D(1)的-见情况，染色体，13,"D(1) - see condition, chromosome, 13",,0.9378877878189087,,,,,
1274,4,E(3)的-见情况，染色体，18,"E(3) - see condition, chromosome, 18",,0.9896148443222046,,,,,
1274,4,G-见染色体的情况，21,"G - see condition, chromosome, 21",,0.9574642181396484,,,,,
1274,4,特指的NEC,specified NEC,Q99.8,0.9939804077148438,,,,,
1274,4,性,sex,,0.7270864844322205,,,,,
1274,5,(单纯性)性腺发育障碍症.,gonadal dysgenesis (pure),Q99.1,0.9698570370674133,,,,,
1274,5,克兰费尔特,Klinefelter's,Q98.4,0.9610110521316528,,,,,
1274,5,男性表型,male phenotype,Q98.9,0.9833469986915588,,,,,
1274,6,特指的 NEC,specified NEC,Q98.8,0.9303332567214966,,,,,
1274,5,女性表型,female phenotype,Q97.9,0.995007336139679,,,,,
1274,6,特指的 NEC,specified NEC,Q97.8,0.9355736970901489,,,,,
1275,5,特纳,Turner's,Q96.9,0.9753128290176392,,,,,
1275,6,特指的NEC,specified NEC,Q96.8,0.9708772897720337,,,,,
1275,3,桡骨,radius,Q74.0,0.9613585472106934,,,,,
1275,3,韧带,ligament,Q79.9,0.9954014420509338,,,,,
1275,4,阔,broad,Q50.6,0.936530351638794,,,,,
1275,4,圆,round,Q52.8,0.9188274145126343,,,,,
1275,3,乳房，乳头,"breast, nipple",Q83.9,0.9878011345863342,,,,,
1275,3,乳头肌,papillary muscles,Q24.8,0.9986069202423096,,,,,
1275,3,入脑前血管,precerebral vessel,Q28.1,0.9985076189041138,,,,,
1275,3,腮(腺)，腮腺管,"parotid (gland), stenonian duct",Q38.4,0.9828739762306213,,,,,
1275,3,三尖瓣(小叶)(瓣膜),tricuspid (leaflet) (valve),Q22.9,0.991611123085022,,,,,
1275,4,埃布斯坦,Ebstein's,Q22.5,0.9576054811477661,,,,,
1275,4,闭锁或狭窄,atresia or stenosis,Q22.4,0.9757263660430908,,,,,
1275,3,色素沉着,pigmentation,L81.9,0.9998092651367188,,,,,
1275,3,上肢,upper limb,Q74.0,0.9879311919212341,,,,,
1275,3,杓会厌褶,aryteno-epiglottic folds,Q31.8,0.9796837568283081,,,,,
1275,3,舌,tongue,Q38.3,0.9815720915794373,,,,,
1275,3,射精管,ejaculatory duct,Q55.4,0.996941864490509,,,,,
1275,3,神经,nerve,Q07.9,0.9578791260719299,,,,,
1275,4,视,optic,Q07.8,0.9354134798049927,,,,,
1275,4,听,acoustic,Q07.8,0.8697435855865479,,,,,
1275,3,神经系统(中枢)NEC,nervous system (central) NEC,Q07.9,0.9803552627563477,,,,,
1275,3,肾(盏)(盂),"kidney(s), renal (calyx) (pelvis)",Q63.9,0.9607356190681458,,,,,
1275,4,动脉,artery,Q27.2,0.9688348770141602,,,,,
1275,4,特指的NEC,specified NEC,Q63.8,0.9682246446609497,,,,,
1275,4,盂,pelvis,Q63.9,0.8701993227005005,,,,,
1275,5,特指的 NEC,specified NEC,Q63.8,0.9555331468582153,,,,,
1275,3,肾上(腺),adrenal (gland),Q89.1,0.991249680519104,,,,,
1275,3,生殖器官或生殖系统,"genitalia, genital organ(s) or system",,0.9901002645492554,,,,,
1275,4,男性,male,Q55.9,0.9109318256378174,,,,,
1275,5,特指的NEC,specified NEC,Q55.8,0.9729709625244141,,,,,
1275,4,女性,female,Q52.9,0.9146453142166138,,,,,
1275,5,内NEC,internal NEC,Q52.9,0.8909632563591003,,,,,
1275,5,外,external,Q52.7,0.8799612522125244,,,,,
1275,3,声门,glottis,Q31.8,0.9696246385574341,,,,,
1275,3,十二指肠,duodenum,Q43.9,0.9908021092414856,,,,,
1275,3,食管,"esophagus, oesophagus",Q39.9,0.987953782081604,,,,,
1275,3,视,optic,,0.9869375228881836,,,,,
1275,4,盘[视神经盘],disk,Q14.2,0.9420321583747864,,,,,
1275,4,神经,nerve,Q07.8,0.9750223159790039,,,,,
1276,3,视睫状神经管,opticociliary vessels,Q13.2,0.9941328167915344,,,,,
1276,3,视网膜,retina :1,Q14.1,0.9889853596687317,,,,,
1276,3,手,hand,Q74.0,0.9834702014923096,,,,,
1276,3,手指,finger,Q74.0,0.9935818910598755,,,,,
1276,3,输精管,vas deferens,Q55.4,0.9933860301971436,,,,,
1276,3,输卵管,"fallopian tube, oviduct",Q50.6,0.997471034526825,,,,,
1276,3,输尿管,ureter,Q62.8,0.9774251580238342,,,,,
1276,4,梗阻性 NEC,obstructive NEC,Q62.3,0.9596863389015198,,,,,
1276,3,束,band,,0.9624639749526978,,,,,
1276,4,心房,atrial,Q20.8,0.9559263586997986,,,,,
1276,4,心室,ventricular,Q24.8,0.968219518661499,,,,,
1276,4,心脏,heart,Q24.8,0.9750022292137146,,,,,
1276,3,锁骨,clavicle,Q74.0,0.9914559125900269,,,,,
1276,3,特指的器官或部位 NEC,specified organ or site NEC,Q89.8,0.9688292145729065,,,,,
1276,3,体被,integument,Q84.9,0.9920828342437744,,,,,
1276,4,特指的 NEC,specified NEC,Q84.8,0.9613127112388611,,,,,
1276,3,听神经,acoustic nerve,Q07.8,0.9969250559806824,,,,,
1276,3,瞳孔,pupil,Q13.2,0.94657301902771,,,,,
1276,4,功能,function,H57.0,0.9635199308395386,,,,,
1276,3,头(另见异常，颅),"head (see also Anomaly, skull)",Q75.9,0.9915959239006042,,,,,
1276,3,外胚层,ectodermal,Q82.9,0.9718027710914612,,,,,
1276,3,外阴,vulva,Q52.7 O52.7,0.8647719025611877,,,,,
1276,3,腕骨(关节),"carpus, wrist (joint)",Q74.0,0.9798564910888672,,,,,
1276,3,尾骨,coccyx,Q76.4,0.9703338146209717,,,,,
1276,3,胃,stomach,Q40.3,0.980350136756897,,,,,
1276,3,胃肠道NEC,gastrointestinal tract NEC,Q45.9,0.985353946685791,,,,,
1276,3,位置，牙,"position, tooth, teeth",K07.3,0.9737762212753296,,,,,
1276,3,西尔维于斯导水管,aqueduct of Sylvius,Q03.0,0.9864493608474731,,,,,
1276,4,伴有脊柱裂(另见脊柱裂，伴有脑积水),"with spina bifida (see also Spina bifida, with hydrocephalus)",Q05.4,0.9605401158332825,,,,,
1276,3,膝,knee,Q74.1,0.951962411403656,,,,,
1276,3,狭小，眼睑,"narrowness, eyelid",Q10.3,0.9787777066230774,,,,,
1276,3,下肢NEC,lower limb NEC,Q74.2,0.9384012818336487,,,,,
1276,3,涎管或涎腺,salivary duct or gland,Q38.4,0.9948585629463196,,,,,
1276,3,消化器官或消化道 NEC,digestive organ(s) or tract NEC,Q45.9,0.9804574251174927,,,,,
1276,4,上,upper,Q40.9,0.9115241169929504,,,,,
1276,4,下,lower,Q43.9,0.9410374760627747,,,,,
1276,3,心包,pericardium,Q24.8,0.9654930830001831,,,,,
1276,3,心房,atrial,,0.9060418009757996,,,,,
1276,4,束或壁,bands or folds,Q20.8,0.9121291041374207,,,,,
1276,4,心间隔,septa,Q21.1,0.9466341137886047,,,,,
1276,3,心肌,myocardium,Q24.8,0.9551247358322144,,,,,
1277,3,心室,ventricular,,0.9747197031974792,,,,,
1277,4,束或襞,bands or folds,Q24.8,0.9519363641738892,,,,,
1277,4,心间隔,septa,Q21.0,0.9379304647445679,,,,,
1277,3,心血管系统,cardiovascular system,Q28.8,0.9934800267219543,,,,,
1277,3,心脏,"cardiac, heart",Q24.9,0.9939007759094238,,,,,
1277,4,瓣膜 NEC,valve NEC,Q24.8,0.9548962712287903,,,,,
1277,5,肺,pulmonary,Q22.3,0.903040885925293,,,,,
1277,4,耳,auricle,Q20.8,0.8678109645843506,,,,,
1277,4,间隔,septum,Q21.9,0.9111972451210022,,,,,
1277,5,特指的 NEC,specified NEC,Q21.8,0.9510022401809692,,,,,
1277,5,心房,auricular,Q21.1,0.9570845365524292,,,,,
1277,5,心室,ventricular,Q21.0,0.966625988483429,,,,,
1277,4,间隔闭合,septal closure,Q21.9,0.9824079275131226,,,,,
1277,5,特指的NEC,specified NEC,Q21.8,0.9713327288627625,,,,,
1277,4,腔,chambers,Q20.9,0.9141520857810974,,,,,
1277,5,特指的NEC,specified NEC,Q20.8,0.9801651239395142,,,,,
1277,4,束或襞,bands or folds,Q24.8,0.9042298197746277,,,,,
1277,4,心室,ventricle,Q20.8,0.9734920859336853,,,,,
1277,3,性染色体NEC-见异常，染色体，性,"sex chromosomes NEC - see Anomaly, chromosomes, sex",,0.9843188524246216,,,,,
1277,3,胸壁,"chest wall, thorax (wall)",Q67.8,0.9775944948196411,,,,,
1277,4,骨,bones,Q76.9,0.8533274531364441,,,,,
1277,3,胸骨 NEC,sternum NEC,Q76.7,0.9080596566200256,,,,,
1277,3,胸膜(襞),pleural (folds),Q34.0,0.9746840000152588,,,,,
1277,3,胸腺,thymus gland,Q89.2,0.9978258013725281,,,,,
1277,4,骨性,bony,Q76.9,0.9090121388435364,,,,,
1277,3,悬雍垂,uvula,Q38.5,0.9498873353004456,,,,,
1277,3,旋转-另见旋转不良,rotation - see also Malrotation,,0.9949369430541992,,,,,
1277,4,髋或大腿,hip or thigh,Q65.8,0.9351146221160889,,,,,
1277,3,血管 NEC,"vascular, vessel(s) NEC",Q27.9,0.9340331554412842,,,,,
1277,4,环,ring,Q25.4,0.9452565908432007,,,,,
1277,4,脑,brain,Q28.3,0.9582774639129639,,,,,
1277,4,入脑前,precerebral,Q28.1,0.9177495837211609,,,,,
1277,4,视乳头,optic papilla,Q14.2,0.9798167943954468,,,,,
1277,3,循环系统NEC,circulatory system NEC,Q28.9,0.9708706736564636,,,,,
1277,3,牙NEC,"tooth, teeth NEC",K00.9,0.9619331359863281,,,,,
1277,4,间隙,spacing,K07.3,0.917120635509491,,,,,
1277,4,萌出[出牙],eruption,K00.6,0.9611021280288696,,,,,
1277,4,位置,position,K07.3,0.9495522379875183,,,,,
1277,3,牙弓关系,dental arch relationship,K07.2,0.998310387134552,,,,,
1277,3,牙面,dentofacial,K07.9,0.9253464937210083,,,,,
1277,4,功能性,functional,K07.5,0.9793674349784851,,,,,
1277,4,特指的 NEC,specified NEC,K07.8,0.9676596522331238,,,,,
1278,3,咽，咽喉,"pharynx, throat",Q38.8,0.9930293560028076,,,,,
1278,3,咽鼓管,eustachian tube,Q17.8,0.9656019806861877,,,,,
1278,3,眼,eye,Q15.9,0.9802217483520508,,,,,
1278,4,后段,posterior segment,Q14.9,0.8877828121185303,,,,,
1278,4,前段,anterior segment,Q13.9,0.9520923495292664,,,,,
1278,4,特指的 NEC,specified NEC,Q15.8,0.9680131673812866,,,,,
1278,3,眼肌,ocular muscle,Q15.8,0.9803999662399292,,,,,
1278,3,眼睑(皱折),"eyelid, lid (fold)",Q10.3,0.9786216616630554,,,,,
1278,3,腰骶(关节)(区),lumbosacral (joint) (region),Q76.4,0.9736864566802979,,,,,
1278,3,胰腺或胰管,pancreas or pancreatic duct,Q45.3,0.994519054889679,,,,,
1278,3,乙状结肠(曲),sigmoid (flexure),Q43.9,0.9746138453483582,,,,,
1278,3,阴唇(大)(小),labium (majus) (minus),Q52.7,0.9844054579734802,,,,,
1278,3,阴道,vagina,Q52.4,0.9772116541862488,,,,,
1278,3,阴蒂,clitoris,Q52.6,0.9678888916969299,,,,,
1278,3,阴茎(头),penis (glans),Q55.6,0.974367618560791,,,,,
1278,3,阴囊,scrotum,Q55.2,0.9513539671897888,,,,,
1278,3,龈,gum,Q38.6,0.959841251373291,,,,,
1278,3,硬(脑)脊膜,dura (brain),Q04.9,0.9862151741981506,,,,,
1278,4,脊髓,spinal cord,Q06.9,0.9294907450675964,,,,,
1278,3,幽门,pylorus,Q40.3,0.9679157137870789,,,,,
1278,3,尤尔[羊皮纸样右心室](心肌发育不全，右心室),"Uhl's (hypoplasia of myocardium, right ventricle)",Q24.8,0.9938552975654602,,,,,
1278,3,圆韧带,round ligament,Q52.8,0.9723724126815796,,,,,
1278,3,猿褶,simian crease,Q82.8,0.9965413212776184,,,,,
1278,3,造口，肺静脉,"opening, pulmonary veins",Q26.4,0.9878190159797668,,,,,
1278,3,掌骨,metacarpus,Q74.0,0.9726561307907104,,,,,
1278,3,正常色觉,"trichromata, trichromatopsia",H53.5,0.9969849586486816,,,,,
1278,3,支气管,bronchus,Q32.4,0.9395340085029602,,,,,
1278,3,肢,limb,Q74.9,0.9441430568695068,,,,,
1278,4,上,upper,Q74.0,0.9103270769119263,,,,,
1278,4,下NEC,lower NEC,Q74.2,0.9262240529060364,,,,,
1278,5,短小变形,reduction deformity,Q72.8,0.9922733902931213,,,,,
1278,3,跖骨 NEC,metatarsus NEC,Q74.2,0.9539941549301147,,,,,
1278,3,直肠,rectum,Q43.9,0.9864492416381836,,,,,
1278,4,致死性,thanatophoric,Q77.1,0.9932222366333008,,,,,
1278,3,中耳,middle ear,Q16.4,0.9931185245513916,,,,,
1278,3,中心凹,fovea centralis,Q14.1,0.9938777089118958,,,,,
1278,3,周围血管系统,peripheral vascular system,Q27.9,0.9976415634155273,,,,,
1278,3,肘,elbow 、,Q74.0,0.95957350730896,,,,,
1278,3,主动脉(弓)，主动脉窦NEC,"aorta (arch), sinus of Valsalva NEC",Q25.4,0.9580312371253967,,,,,
1278,4,缩窄(导管前)(导管后),coarctation (preductal) (postductal),Q25.1,0.9363346099853516,,,,,
1278,3,主动脉尖或主动脉瓣NEC,aortic cusp or valve NEC,Q23.9,0.9878047108650208,,,,,
1278,3,椎间软骨或椎间盘,intervertebral cartilage or disk,Q76.4,0.9918548464775085,,,,,
1279,3,子宫,uterus,Q51.9,0.9747863411903381,,,,,
1279,4,仅有一个功能角,with only one functioning horn,Q51.8,0.9593835473060608,,,,,
1279,4,在妊娠或分娩中NEC,in pregnancy or childbirth NEC,O34.0,0.9787794947624207,,,,,
1279,5,引起梗阻性分娩,causing obstructed labor,O65.5,0.984305739402771,,,,,
1279,4,影响到胎儿或新生儿,affecting fetus or newborn,P03.1,0.949303150177002,,,,,
1279,5,影响到胎儿或新生儿,affecting fetus or newborn,P03.8,0.9824642539024353,,,,,
1279,3,眦,canthus,Q10.3,0.9442145228385925,,,,,
1279,3,足 NEC,foot NEC,Q74.2,0.979047954082489,,,,,
1279,3,足跟 NEC,heel NEC,O74.2 Q74.2,0.9479023814201355,,,,,
1279,4,内翻(先天性),varus (congenital),Q66.3,0.9781442880630493,,,,,
1279,3,坐骨NEC,ischium NEC,Q74.2,0.947165310382843,,,,,
1279,2,异常的-另见异常,"Abnormal, abnormality, abnormalities - see also Anomaly",,0.9996410012245178,,,,,
1279,3,X线检查-见异常的，诊断性影像,"X-ray examination - see Abnormal, diagnostic imaging",,0.9922877550125122,,,,,
1279,3,白细胞NEC,white blood cells NEC,R72,0.9685366153717041,,,,,
1279,3,白细胞分类计数(细胞)NEC,leukocyte (cell) (differential) NEC,R72,0.9901009798049927,,,,,
1279,3,标本,specimen,,0.9743828177452087,,,,,
1279,4,宫颈,cervix uteri,R87,0.9576993584632874,,,,,
1279,4,呼吸器官(支气管洗出物)(鼻分泌物)(胸膜液体)(痰)(咽喉刮屑),respiratory organs (bronchial washings) (nasal secretions) (pleural fluid) (sputum) (throat scrapings),R84,0.9799875020980835,,,,,
1279,4,滑膜液,synovial fluid,R89,0.9864757061004639,,,,,
1279,4,男性生殖器官(前列腺分泌物)(精子),male genital organs (prostatic secretions) (semen),R86,0.9906767010688782,,,,,
1279,4,女性生殖器官(分泌物)(涂片),female genital organs (secretions) (smears),R87,0.9825838208198547,,,,,
1279,4,乳头溢液,nipple discharge,R89,0.9907638430595398,,,,,
1279,4,伤口分泌物,wound secretion,R89,0.9582639336585999,,,,,
1279,4,特指的器官、系统或组织NEC,"specified organ, system or tissue NEC",R89,0.985107958316803,,,,,
1279,4,外阴(分泌物)(涂片),vulva (secretion) (smear),R87,0.9783015251159668,,,,,
1279,4,消化器官(腹水)(唾液),digestive organs(peritoneal fluid) (saliva) .,R85,0.9833487868309021,,,,,
1279,4,胸部(支气管洗出物)(胸膜液),thorax (bronchial washings) (pleural fluids) .,R84,0.9763578772544861,,,,,
1279,4,阴道(分泌物)(涂片),vagina (secretion) (smear),R87,0.965660572052002,,,,,
1279,3,不随意运动,involuntary movement,R25.8,0.9880927801132202,,,,,
1279,3,步态(另见步态),gait (see also Gait),R26.8,0.9836243391036987,,,,,
1279,4,癔症性,hysterical,F44.4,0.9359226226806641,,,,,
1279,3,产程 NEC,labor NEC,O75.8,0.9265925884246826,,,,,
1279,4,影响到胎儿或新生儿,affecting fetus or newborn,P03.6,0.9795960783958435,,,,,
1279,3,产力,forces of labor,O62.9,0.9326386451721191,,,,,
1279,4,特指类型NEC,specified type NEC,O62.8,0.9744122624397278,,,,,
1279,4,影响到胎儿或新生儿,affecting fetus or newborn,P03.6,0.9850403070449829,,,,,
1279,3,肠音,bowel sounds,R19.1,0.9829670786857605,,,,,
1279,3,常染色体NEC,autosomes NEC,Q99.9,0.9922521710395813,,,,,
1279,4,脆性位点,fragile site,Q95.5,0.9712352752685547,,,,,
1280,3,超声检查结果-见异常的，诊断性影像,"ultrasound results - see Abnormal, diagnostic imaging",,0.9792492985725403,,,,,
1280,3,超声心动图,echocardiogram,R93.1,0.9735896587371826,,,,,
1280,3,大便(颜色)(内容)(粘液),stool (color) (contents) (mucus),R19.5,0.9795066714286804,,,,,
1280,3,电解质(另见失衡，电解质),"electrolyte (see also Imbalance, electrolyte)",E87.8,0.9933480024337769,,,,,
1280,3,毒理学(所见),toxicology (findings),R78.9,0.9857288002967834,,,,,
1280,3,反射NEC(另见反射),reflex NEC (see also Reflex),R29.2,0.9712582230567932,,,,,
1280,3,放射学检查-见异常的，诊断性影像,"radiological examination - see Abnormal, diagnostic imaging",,0.9873083829879761,,,,,
1280,3,肺,pulmonary,,0.9857433438301086,,,,,
1280,4,动脉，先天性,"artery, congenital",Q25.7,0.9721845388412476,,,,,
1280,4,功能，新生儿,"function, newborn",P28.8,0.9564509987831116,,,,,
1280,4,试验结果,test results,R94.2,0.9444770216941833,,,,,
1280,4,通气，新生儿,"ventilation, newborn",P28.8,0.9561861753463745,,,,,
1280,3,分泌,secretion,,0.9922224283218384,,,,,
1280,4,高血糖素,glucagon,E16.3,0.9727529883384705,,,,,
1280,4,胃泌素,gastrin,E16.4,0.9854898452758789,,,,,
1280,3,分娩,parturition,,0.955974280834198,,,,,
1280,4,母亲-见分娩，并发,"mother - see Delivery, complicated",,0.9574031829833984,,,,,
1280,4,影响到胎儿或新生儿,affecting fetus or newborn,P03.9,0.9669582843780518,,,,,
1280,3,粪便(颜色)(内容)(粘液),feces (color) (contents) (mucus),R19.5,0.9815906882286072,,,,,
1280,3,功能检查,function studies,,0.9981974363327026,,,,,
1280,4,肺,pulmonary,R94.2,0.8664679527282715,,,,,
1280,4,肝,liver,R94.5,0.8710801005363464,,,,,
1280,4,甲状腺,thyroid,R94.6,0.993521511554718,,,,,
1280,4,脑,brain,R94.0,0.9833006262779236,,,,,
1280,4,内分泌NEC,endocrine NEC,R94.7,0.97011798620224,,,,,
1280,4,膀胱,bladder,R94.8,0.9758326411247253,,,,,
1280,4,脾,spleen,R94.8,0.9780623912811279,,,,,
1280,4,神经系统,nervous system,,0.941552460193634,,,,,
1280,5,中枢,central,R94.0,0.9585351943969727,,,,,
1280,5,周围,peripheral,R94.1,0.968346893787384,,,,,
1280,4,肾,kidney,R94.4,0.978774905204773,,,,,
1280,4,特殊感觉,special senses,R94.1,0.9664108157157898,,,,,
1280,4,心血管,cardiovascular,R94.3,0.977188229560852,,,,,
1280,3,宫颈NEC(后天性)(先天性)，在妊娠或分娩中,"cervix NEC (acquired) (congenital), in pregnancy or childbirth",O34.4,0.9272796511650085,,,,,
1280,4,引起梗阻性分娩,causing obstructed labor,O65.5,0.961086094379425,,,,,
1280,5,影响到胎儿或新生儿,affecting fetus or newborn,P03.1,0.9857831597328186,,,,,
1280,3,骨盆(骨性)-见畸形，骨盆,"pelvis (bony) - see Deformity, pelvis",,0.983065128326416,,,,,
1280,3,核型,karyotype,R89.8,0.996269941329956,,,,,
1280,3,颌闭合,jaw closure,K07.5,0.9981966018676758,,,,,
1280,3,红细胞(形态学)(体积),red blood cell(s) (morphology) (volume),R71,0.9770410656929016,,,,,
1280,3,呼吸音NEC,breathing NEC,R06.8,0.976426362991333,,,,,
1281,3,回波图-见异常的，诊断性影像,"echogram - see Abnormal, diagnostic imaging",,0.9682165384292603,,,,,
1281,3,基础代谢率,basal metabolic rate,R94.8,0.9567947387695312,,,,,
1281,3,肌电图,electromyogram (EMG),R94.1,0.9715491533279419,,,,,
1281,3,肌球蛋白(阿伯丁)(安纳波利斯),myoglobin (Aberdeen) (Annapolis) .,R89,0.9847244024276733,,,,,
1281,3,甲胎蛋白,alphafetoprotein,R77.2,0.9603714346885681,,,,,
1281,3,甲状腺结合球蛋白,thyroid-binding globulin,E07.8,0.9912441372871399,,,,,
1281,3,精子，精液,"spermatozoa, semen, seminal fluid",R86,0.9857057332992554,,,,,
1281,3,静脉窦,sinus venosus,Q21.1,0.9707105755805969,,,,,
1281,3,叩诊，胸(鼓音),"percussion, chest (tympany)",R09.8,0.9721589088439941,,,,,
1281,3,裂孔，先天性，膈,"apertures, congenital, diaphragm Q",Q79,0.9917481541633606,,,,,
1281,3,临床所见 NEC,clinical findings NEC,R68.8,0.9857661128044128,,,,,
1281,3,芒图试验[结核菌素皮内试验],Mantoux test,R76.1,0.9732866883277893,,,,,
1281,3,毛发(颜色)(干),hair (color) (shaft),L67.9,0.9653008580207825,,,,,
1281,4,特指的NEC,specified NEC,L67.8,0.9568580985069275,,,,,
1281,3,免疫学所见,immunological findings,R89.4,0.9550067782402039,,,,,
1281,4,人类免疫缺陷病毒(HIV)病所致,resulting from HIV disease,B23.2,0.9917346239089966,,,,,
1281,4,在血清中,in serum,R76.9,0.9522602558135986,,,,,
1281,5,特指的NEC,specified NEC,R76.8,0.973448634147644,,,,,
1281,3,脑超声波图,echoencephalogram,R90.8,0.9786207675933838,,,,,
1281,3,脑电图,electroencephalogram (EEG),R94.0,0.982243537902832,,,,,
1281,3,尿(成分)NEC,urine (constituents) NEC,R82.9,0.9699763655662537,,,,,
1281,4,非医学物质,substances nonmedical,R82.6,0.9826802611351013,,,,,
1281,4,特指的NEC,specified NEC,R82.9,0.9656769037246704,,,,,
1281,4,微生物学检查(培养),microbiological examination (culture),R82.7,0.992958128452301,,,,,
1281,4,细胞学检查,cytological examination,R82.8,0.9829135537147522,,,,,
1281,4,阳性培养,positive culture,R82.7,0.9795920252799988,,,,,
1281,4,重金属,heavy metals,R82.6,0.9596117734909058,,,,,
1281,4,组织学检查,histological examination,R82.8,0.9307650923728943,,,,,
1281,3,凝血,coagulation,D68.9,0.9246334433555603,,,,,
1281,4,新生儿，短暂性,"newborn, transient",P61.6,0.9646026492118835,,,,,
1281,3,帕帕尼古劳(涂片),Papanicolaou (smear),,0.9834460020065308,,,,,
1281,4,部位 NEC,sites NEC,R89.6,0.943780779838562,,,,,
1281,4,宫颈,cervix,R87.6,0.9286142587661743,,,,,
1281,3,排尿 NEC,urination NEC,R39.1,0.9693049788475037,,,,,
1281,3,盆腔器官或组织NEC,organs or tissues of pelvis NEC,,0.9912103414535522,,,,,
1281,4,在妊娠或分娩中,in pregnancy or childbirth,O34.9,0.9662580490112305,,,,,
1281,5,特指的NEC,specified NEC,O34.8,0.9733999967575073,,,,,
1281,5,引起梗阻性分娩,causing obstructed labor,O65.5,0.941804826259613,,,,,
1281,6,影响到胎儿或新生儿,affecting fetus or newborn,P03.1,0.9741502404212952,,,,,
1281,5,影响到胎儿或新生儿,affecting fetus or newborn,P03.8,0.9331212043762207,,,,,
1281,3,葡萄糖耐量(试验),glucose tolerance (test),R73.0,0.9766613245010376,,,,,
1281,4,在妊娠、分娩或产褥期中,"in pregnancy, childbirth or puerperium",O99.8,0.948165237903595,,,,,
1282,3,脐带,umbilical cord,,0.9817602038383484,,,,,
1282,4,并发于分娩,complicating delivery,O69.9,0.9534459114074707,,,,,
1282,4,影响到胎儿或新生儿,affecting fetus or newborn,P02.6,0.979118824005127,,,,,
1282,3,清蛋白,albumin,R77.0,0.9530702829360962,,,,,
1282,3,球蛋白,globulin,R77.1,0.9669223427772522,,,,,
1282,4,甲状腺结合,thyroid-binding,E07.8,0.9671468734741211,,,,,
1282,4,皮质醇结合,cortisol-binding,E27.8,0.9784569144248962,,,,,
1282,3,染色体,"chromosome, chromosomal",Q99.9,0.9932364225387573,,,,,
1282,4,分析结果,analysis result,R89.8,0.9649830460548401,,,,,
1282,4,环状(染色体)替换,ring replacement,Q93.2,0.9952778816223145,,,,,
1282,4,女性，伴有多于三个X染色体,female with more than three X chromosomes,Q97.1,0.9791535139083862,,,,,
1282,4,双着丝粒(染色体)替换,dicentric replacement,Q93.2,0.9865782260894775,,,,,
1282,4,胎儿的(可疑的)，影响妊娠处理,"fetal (suspected), affecting management of pregnancy",O35.1,0.9752963781356812,,,,,
1282,4,特指的NEC,specified NEC,Q99.8,0.9644228219985962,,,,,
1282,4,性,sex,Q99.8,0.9487954378128052,,,,,
1282,5,结构的，男性,"structural, male",Q98.6,0.9911249876022339,,,,,
1282,5,男性表型,male phenotype,Q98.9,0.9921805262565613,,,,,
1282,6,特指的NEC,specified NEC,Q98.8,0.9580317735671997,,,,,
1282,5,女性表型,female phenotype,Q97.9,0.9744645953178406,,,,,
1282,6,特指的 NEC,specified NEC,Q97.8,0.9561734199523926,,,,,
1282,3,热量试验,caloric test,R94.1,0.9544107913970947,,,,,
1282,3,妊娠产物,product of conception,O02.9,0.9569098353385925,,,,,
1282,4,特指类型 NEC,specified type NEC,O02.8,0.9601340293884277,,,,,
1282,3,妊娠子宫形状-见 异常，子宫,"shape, gravid uterus - see Anomaly, uterus",,0.9679057598114014,,,,,
1282,3,绒毛膜,chorion,O41.9,0.9684085845947266,,,,,
1282,4,影响到胎儿或新生儿,affecting fetus or newborn,P02.9,0.9780721068382263,,,,,
1282,3,软骨结合,synchondrosis,Q78.8,0.9708864688873291,,,,,
1282,3,神经刺激反应,response to nerve stimulation,R94.1,0.9934680461883545,,,,,
1282,3,肾功能试验,renal function test,R94.4,0.9532153010368347,,,,,
1282,3,肾小球，轻微-编码于N00-N07伴有第四位数.0,"glomerular, minor - code to N00-N07 with fourth character.0",,0.9951898455619812,,,,,
1282,3,生物合成，睾丸雄激素,"biosynthesis, testicular androgen",E29.1,0.9976277351379395,,,,,
1282,3,视力激发电位,visually evoked potential (VEP),R94.1,0.9929861426353455,,,,,
1282,3,视网膜电图,electroretinogram (ERG),R94.1,0.9648067355155945,,,,,
1282,3,视网膜对应,retinal correspondence,H53.3,0.9751102924346924,,,,,
1282,3,酸碱平衡(混合性),acid-base balance (mixed),E87.4,0.979627788066864,,,,,
1282,4,胎儿-见窘迫，胎儿,"fetus - see Distress, fetal",,0.9170286655426025,,,,,
1282,3,所见,finding,,0.9551731944084167,,,,,
1282,4,标本-见异常的，标本,"specimen - see Abnormal, specimen",,0.9787382483482361,,,,,
1282,4,产前筛选，母亲,"antenatal screening, mother",O28.9,0.9825820326805115,,,,,
1282,5,超声波,ultrasonic,O28.3,0.9655929207801819,,,,,
1282,5,放射学 NEC,radiological NEC,O28.4,0.9534462094306946,,,,,
1283,5,染色体NEC,chromosomal NEC,O28.5,0.9325874447822571,,,,,
1283,5,生物化学NEC,biochemical NEC,O28.1,0.9800726771354675,,,,,
1283,5,特指的NEC,specified NEC,O28.8,0.9552894830703735,,,,,
1283,5,细胞学NEC,cytological NEC,O28.2,0.990034818649292,,,,,
1283,5,血液学NEC,hematological NEC,O28.0,0.9748008251190186,,,,,
1283,5,遗传学NEC,genetic NEC,O28.5,0.9585397839546204,,,,,
1283,3,胎儿,"fetus, fetal",,0.9932616353034973,,,,,
1283,4,酸碱平衡，并发产程和分娩,"acid-base balance, complicating labor and delivery",O68.3,0.9840348958969116,,,,,
1283,4,心率-见窘迫，胎儿,"heart rate - see Distress, fetal",,0.9495235681533813,,,,,
1283,4,引起胎盆不称,causing disproportion,O33.7,0.9850666522979736,,,,,
1283,5,伴有梗阻性分娩,with obstructed labor,O66.3,0.9808660745620728,,,,,
1283,5,影响到胎儿或新生儿,affecting fetus or newborn,P03.1,0.9799914360046387,,,,,
1283,4,影响妊娠处理,affecting management of pregnancy,O35.9,0.9615806341171265,,,,,
1283,3,胎膜,membranes (fetal),,0.9896211624145508,,,,,
1283,4,并发于妊娠,complicating pregnancy,O41.9,0.9783833622932434,,,,,
1283,4,特指类型NEC，影响到胎儿或新生儿,"specified type NEC, affecting fetus or newborn",P02.8,0.9844382405281067,,,,,
1283,4,影响到胎儿或新生儿,affecting fetus or newborn,P02.9,0.9590531587600708,,,,,
1283,3,胎盘NEC(另见胎盘，异常的),"placenta NEC (see also Placenta, abnormal)",O43.1,0.9914275407791138,,,,,
1283,3,痰(量)(颜色)(气味),sputum (amount) (color) (odor),R09.3,0.972751796245575,,,,,
1283,3,体重下降,loss of weight,R63.4,0.9974502325057983,,,,,
1283,3,听骨，后天性 NEC,"ear ossicles, acquired NEC",H74.3,0.9894752502441406,,,,,
1283,3,听觉 NEC,auditory perception NEC,H93.2,0.9679962992668152,,,,,
1283,3,通道-见瘘,communication - see Fistula,,0.9864886999130249,,,,,
1283,3,瞳孔功能(反应)(反射),pupillary function (reaction) (reflex),H57.0,0.9925781488418579,,,,,
1283,3,头部运动,head movement,R25.0,0.9900627136230469,,,,,
1283,3,唾液,saliva,R85,0.9676874876022339,,,,,
1283,3,外阴和会阴(后天性)(先天性)，在妊娠或分娩中,"vulva and perineum (acquired) (congenital), in pregnancy or childbirth",O34.7,0.9602710604667664,,,,,
1283,4,引起梗阻性分娩,causing obstructed labor,O65.5,0.9752950072288513,,,,,
1283,5,影响到胎儿或新生儿,affecting fetus or newborn,P03.1,0.9939484596252441,,,,,
1283,3,位置-见错位,position - see Malposition,,0.9641058444976807,,,,,
1283,3,温度记录法-见异常的，诊断性影像,"thermography - see Abnormal, diagnostic imaging",,0.9932225346565247,,,,,
1283,3,先露(胎儿)(另见先露，胎儿，异常的),"presentation (fetus) (see also Presentation, fetal, abnormal)",O32.9,0.9797265529632568,,,,,
1283,4,分娩前，影响到胎儿或新生儿,"before labor, affecting fetus or newborn",P01.7,0.9725832343101501,,,,,
1283,3,心(脏),heart,,0.9780426621437073,,,,,
1283,4,率NEC,rate NEC,R00.8,0.9345309734344482,,,,,
1283,5,胎儿-见窘迫，胎儿,"fetus - see Distress, fetal",,0.9476850628852844,,,,,
1283,4,音NEC,sounds NEC,R01.2,0.9749168753623962,,,,,
1283,4,阴影,shadow,R93.1,0.9755026698112488,,,,,
1284,3,心电图,electrocardiogram (ECG) (EKG),R94.3,0.9687646627426147,,,,,
1284,3,心律(另见心律失常),"rhythm, heart (see also Arrhythmia)",I49.9,0.9798932075500488,,,,,
1284,4,胎儿-见窘迫，胎儿,"fetus - see Distress, fetal",,0.9387685656547546,,,,,
1284,3,心内电生理学检查,electrophysiological intracardiac studies,R94.3,0.9987626075744629,,,,,
1284,3,心向量图,vectorcardiogram,R94.3,0.9581833481788635,,,,,
1284,3,心音图,phonocardiogram,R94.3,0.9793165326118469,,,,,
1284,3,形状,form,,0.9666792154312134,,,,,
1284,4,牙,teeth,K00.2,0.8877490162849426,,,,,
1284,4,子宫-见异常，子宫,"uterus - see Anomaly, uterus",,0.937835693359375,,,,,
1284,3,胸(摩擦)音(罗音),chest sounds (friction) (rales),R09.8,0.9759700298309326,,,,,
1284,3,胸膜(层),pleural (folds),Q34.0,0.9658113718032837,,,,,
1284,3,血红蛋白(病)(另见病，血红蛋白),"hemoglobin (disease) (see also Disease, hemoglobin)",D58.2,0.9910606145858765,,,,,
1284,4,特性-见特性，血红蛋白，异常的,"trait - see Trait, hemoglobin, abnormal",,0.9643580317497253,,,,,
1284,3,血浆,plasma,,0.9567238092422485,,,,,
1284,4,蛋白,protein,R77.9,0.9768988490104675,,,,,
1284,5,特指的NEC,specified NEC,R77.8,0.9619348645210266,,,,,
1284,4,粘滞度,viscosity,R70.1,0.9474117159843445,,,,,
1284,3,血气水平,blood-gas level,R79.8,0.9885168671607971,,,,,
1284,3,血清水平,serum level (of),,0.9682555198669434,,,,,
1284,4,淀粉酶,amylase,R74.8,0.9561033844947815,,,,,
1284,4,碱性磷酸酶,alkaline phosphatase,R74.8,0.9611960649490356,,,,,
1284,4,酶(肝),enzymes (liver),R74.9,0.9795551300048828,,,,,
1284,5,特指的NEC,specified NEC,R74.8,0.9739545583724976,,,,,
1284,4,三酰基甘油脂酶,triacylglycerol lipase,R74.8,0.9590946435928345,,,,,
1284,4,酸性磷酸酶,acid phosphatase,R74.8,0.9763734936714172,,,,,
1284,4,脂酶,lipase,R74.8,0.969585120677948,,,,,
1284,3,血液中...的水平,blood level (of),,0.9724352955818176,,,,,
1284,4,钴,cobalt,R79.0,0.9545819759368896,,,,,
1284,4,锂,lithium,R78.8,0.9566367268562317,,,,,
1284,4,矿物质 NEC,mineral NEC,R79.0,0.9903203248977661,,,,,
1284,4,镁,magnesium,R79.0,0.9420706629753113,,,,,
1284,4,铁,iron,R79.0,0.9697033166885376,,,,,
1284,4,铜,copper,R79.0,0.9191767573356628,,,,,
1284,4,锌,zinc,R79.0,0.9377449154853821,,,,,
1284,3,血液化学,"chemistry, blood",R79.9,0.99513179063797,,,,,
1284,4,特指的 NEC,specified NEC,R79.8,0.965764582157135,,,,,
1284,3,血液学NEC，HIV病所致.,"hematological NEC, resulting from HIV disease",B23.2,0.98126220703125,,,,,
1284,3,牙(形状)(大小),"tooth, teeth (form) (size)",K00.2,0.9867604374885559,,,,,
1284,3,牙间隙,"spacing, tooth, teeth",K07.3,0.9860184788703918,,,,,
1284,3,咽鼓管通道,"course, eustachian tube",Q17.8,0.9803942441940308,,,,,
1284,3,眼电图,electro-oculogram (EOG),R94.1,0.9843228459358215,,,,,
1285,3,羊膜，羊水,"amnion, amniotic fluid",O41.9,0.9542519450187683,,,,,
1285,4,影响到胎儿或新生儿,affecting fetus or newborn,P02.9,0.9701707363128662,,,,,
1285,3,液体,fluid,,0.9113929867744446,,,,,
1285,4,腹膜,peritoneal,R85,0.9634178876876831,,,,,
1285,4,呼吸器官(支气管洗出物)(鼻分泌物)(胸膜液体)(痰)(咽喉刮屑),respiratory organs (bronchial washings) (nasal secretions)(pleural fluid) (sputum) (throat scrapings),R84,0.9696958661079407,,,,,
1285,4,滑膜,synovial,R89,0.9546300172805786,,,,,
1285,4,脑脊髓,cerebrospinal,R83,0.9803571105003357,,,,,
1285,4,胸部(支气管洗出物)(胸膜液体),thorax (bronchial washings) (pleural fluid),R84,0.980137050151825,,,,,
1285,4,胸膜,pleural,R84,0.9697465896606445,,,,,
1285,4,羊膜,amniotic,R89,0.9199653267860413,,,,,
1285,4,阴道,vaginal,R87,0.9670581817626953,,,,,
1285,3,阴道(后天性)(先天性)，在妊娠或分娩中,"vagina (acquired) (congenital), in pregnancy or childbirth",O34.6,0.9794877171516418,,,,,
1285,4,引起梗阻性分娩,causing obstructed labor,O65.5,0.9501257538795471,,,,,
1285,5,影响到胎儿或新生儿,affecting fetus or newborn,P03.1,0.9613503217697144,,,,,
1285,3,硬化组织形成，牙髓内,hard tissue formation in pulp (dental),K04.3,0.971527099609375,,,,,
1285,3,月经周期(明显)(另见月经),periods (grossly) (see also Menstruation),N92.6,0.9836575388908386,,,,,
1285,3,运动(障碍)(另见障碍，运动),"movement (disorder) (see also Disorder, movement)",G25.9,0.9781655073165894,,,,,
1285,4,不随意,involuntary,R25.8,0.965771496295929,,,,,
1285,4,头部,head,R25.0,0.9434260725975037,,,,,
1285,3,掌皱褶,palmar creases,Q82.8,0.9960716962814331,,,,,
1285,3,诊断性影像,diagnostic imaging,,0.9704014658927917,,,,,
1285,4,部位特指的NEC,sites specified NEC,R93.8,0.9679873585700989,,,,,
1285,4,胆道,biliary tract,R93.2,0.9885742664337158,,,,,
1285,4,肺(区),lung (field),R91,0.9525187611579895,,,,,
1285,4,腹部(区)NEC,"abdomen, abdominal region NEC",R93.5,0.9879801869392395,,,,,
1285,4,腹膜后腔,retroperitoneum,R93.5,0.9808533191680908,,,,,
1285,4,肝,liver,R93.2,0.9407339692115784,,,,,
1285,4,冠状动脉循环,coronary circulation,R93.1,0.9965946674346924,,,,,
1285,4,肌肉骨骼系统NEC,musculoskeletal system NEC,R93.7,0.9904486536979675,,,,,
1285,4,颅骨,skull,R93.0,0.9821732640266418,,,,,
1285,4,泌尿器官,urinary organs,R93.4,0.9500628113746643,,,,,
1285,4,泌尿生殖器官,genitourinary organs,R93.8,0.9919751882553101,,,,,
1285,4,皮肤和皮下组织,skin and subcutaneous tissue,R93.8,0.972049355506897,,,,,
1285,4,乳房,breast,R92,0.9637535214424133,,,,,
1285,4,四肢,limbs,R93.6,0.9872830510139465,,,,,
1285,4,头部,head,R93.0,0.9606389999389648,,,,,
1285,4,胃肠(道),gastrointestinal (tract),R93.3,0.9701533317565918,,,,,
1285,4,消化道NEC,digestive tract NEC,R93.3,0.9915423393249512,,,,,
1285,4,心脏,heart,R93.1,0.9747360348701477,,,,,
1285,4,胸内器官NEC,intrathoracic organs NEC,R93.8,0.993500292301178,,,,,
1285,4,中枢神经系统 NEC,central nervous system NEC,R90.8,0.9870346784591675,,,,,
1286,3,重力或重力状态(的效应),gravitational (G) forces or states (effect of),T75.8,0.9976534247398376,,,,,
1286,3,转运蛋白,transport protein,E88.0,0.9757835865020752,,,,,
1286,3,姿势,posture,R29.3,0.9230730533599854,,,,,
1286,3,组织学 NEC,histology NEC,R89.7,0.9758163094520569,,,,,
1286,2,异常生长物(蕈样)(肿瘤性)(新)(M8000/1)-另见肿瘤，动态未定,"Growth (fungoid) (neoplastic) (new)(M8000/1) - see also Neoplasm, uncertain behavior",,0.9955132007598877,,,,,
1286,3,恶性(M8000/3)-见肿瘤，恶性,"malignant (M8000/3) - see Neoplasm, malignant",,0.9889034032821655,,,,,
1286,3,继发性(M8000/6)-见肿瘤，继发性,"secondary (M8000/6) - see Neoplasm, secondary",,0.981600821018219,,,,,
1286,3,良性(M8000/0)-见肿瘤，良性,"benign (M8000/0) - see Neoplasm, benign",,0.9797900915145874,,,,,
1286,3,腺样(植物),adenoid (vegetative),J35.8,0.9799822568893433,,,,,
1286,2,异常纤维蛋白原血症(先天性),Dysfibrinogenemia (congenital),D68.2,0.9995787739753723,,,,,
1286,2,异常增生,Dysplasia,,0.9999091625213623,,,,,
1286,3,根尖周(牙骨质)(牙骨质骨)(M9272/0),periapical (cemental) (cemento-osseous) (M9272/0),D16.5,0.9906061887741089,,,,,
1286,4,上颌(骨),upper jaw (bone),D16.4,0.9818642139434814,,,,,
1286,2,异构，心耳(伴有无脾或多脾),"Isomerism, atrial appendages (with asplenia or polysplenia)",Q20.6,0.9924687147140503,,,,,
1286,2,异尖线虫病(感染)(侵染),Anisakiasis (infection) (infestation),B81.0,0.9951480627059937,,,,,
1286,2,异尖线虫蚴侵染,Anisakis larvae infestation,B81.0,0.9961299896240234,,,,,
1286,2,异亮氨酸病,Isoleucinosis,E71.1,0.9861728549003601,,,,,
1286,2,异期复孕,Superfetation,O30.8,0.9718915820121765,,,,,
1286,2,异色(先天性),Heterochromia (congenital),Q13.2,0.9957695603370667,,,,,
1286,2,异色皮肌炎,Poikilodermatomyositis,M33.1,0.9785183072090149,,,,,
1286,3,白内障,cataract,H26.2,0.977597713470459,,,,,
1286,3,残留(非磁性)金属异物,retained metallic foreign body (nonmagnetic),H44.7,0.9924149513244629,,,,,
1286,4,磁性,magnetic,H44.6,0.9660954475402832,,,,,
1286,3,虹膜炎,iritis,H20.8,0.9881531000137329,,,,,
1286,3,睫状体炎(富克斯),cyclitis (Fuchs),H20.8,0.9872050285339355,,,,,
1286,3,毛发,hair,L67.1,0.9361487030982971,,,,,
1286,3,葡萄膜炎[眼色素层炎],uveitis,H20.8,0.9868600964546204,,,,,
1286,2,异食癖,Pica,F50.8,0.9995473623275757,,,,,
1286,3,成人,in adults,F50.8,0.9969420433044434,,,,,
1286,3,婴儿或儿童,infant or child,F98.3,0.9948187470436096,,,,,
1286,2,异位-另见错位，先天性,"Ectopic, Ectopia, Heterotopia, Heterotopic - see also Malposition, congenital",,0.9937307238578796,,,,,
1286,3,搏动,beats,I49.4,0.9874489903450012,,,,,
1286,4,心房,atrial,I49.1,0.9817538857460022,,,,,
1286,4,心室,ventricular,I49.3,0.9661433100700378,,,,,
1286,3,促肾上腺皮质激素综合征,ACTH syndrome,E24.3,0.9979918599128723,,,,,
1286,3,大脑,cerebral,Q04.8,0.9581085443496704,,,,,
1286,3,肺内骨和软骨,bone and cartilage in lung,Q33.5,0.9888460636138916,,,,,
1286,3,肺内组织,tissue in lung,Q33.5,0.949952244758606,,,,,
1286,3,腹部内脏,abdominal viscera,Q45.8,0.9805051684379578,,,,,
1286,4,由于前腹壁缺陷,due to defect in anterior abdominal wall,Q79.5,0.9751028418540955,,,,,
1287,3,肛门,anus,Q43.5,0.9634390473365784,,,,,
1287,3,睾丸(双侧)(单侧),testis (bilateral) (unilateral),Q53.0,0.9596182107925415,,,,,
1287,3,激素分泌NEC,hormone secretion NEC,E34.2,0.9679818749427795,,,,,
1287,3,晶状体,"lens, lentis",Q12.1,0.9909917116165161,,,,,
1287,3,脑，脑性,"brain, cerebralis",Q04.8,0.9968506693840027,,,,,
1287,3,膀胱[膀胱外翻],"bladder, vesicae",Q64.1,0.9931732416152954,,,,,
1287,3,器官或部位 NEC-见错位，先天性,"organ or site NEC - see Malposition, congenital",,0.9716420769691467,,,,,
1287,3,妊娠(另见妊娠，按部位),"pregnancy (see also Pregnancy, by site)",O00.9,0.9719388484954834,,,,,
1287,3,乳房组织,breast tissue,Q83.8,0.995921790599823,,,,,
1287,3,肾(交叉性)(肾盂),"kidney, renal (crossed) (pelvis)",Q63.2,0.9832720756530762,,,,,
1287,3,输尿管,ureter,Q62.6,0.9841859340667725,,,,,
1287,3,胎块(另见妊娠，按部位),"mole (see also Pregnancy, by site)",O00.9,0.9741377234458923,,,,,
1287,3,瞳孔,pupil,H21.5,0.9700561165809631,,,,,
1287,3,胃粘膜,gastric mucosa,Q40.2,0.9986169934272766,,,,,
1287,3,心房搏动,atrial beats,I49.1,0.979427695274353,,,,,
1287,3,心室搏动,ventricular beats,I49.3,0.989019513130188,,,,,
1287,3,心脏,"cardiac, cordis, heart",Q24.8,0.9887490272521973,,,,,
1287,3,胰腺,pancreas,Q45.3,0.9922733306884766,,,,,
1287,3,子宫内膜(另见子宫内膜异位),endometrium (see also Endometriosis),N80.9,0.998146116733551,,,,,
1287,2,异位促肾上腺皮质激素综合征,ACTH ectopic syndrome,E24.3,0.9998223185539246,,,,,
1287,2,异位滑囊,Adventitious bursa,M71.8,0.969940185546875,,,,,
1287,2,异位心,Ectocardia,Q24.8,0.9838969707489014,,,,,
1287,2,异位症,Myosis,,0.9997572302818298,,,,,
1287,3,间质(淋巴管内性)(M8931/1),stromal (endolymphatic) (M8931/1),D39.0,0.9790061712265015,,,,,
1287,2,异物,Foreign body,,0.9999327659606934,,,,,
1287,3,玻璃体(液),vitreous (humor),S05.5,0.9796560406684875,,,,,
1287,3,残留(非磁性)(陈旧性)(于),retained (nonmagnetic) (old) (in),,0.972604513168335,,,,,
1287,4,玻璃体,vitreous,H44.7,0.9705412983894348,,,,,
1287,5,磁性,magnetic,H44.6,0.9783234596252441,,,,,
1287,4,虹膜,iris,H44.7,0.9559388756752014,,,,,
1287,5,磁性,magnetic,H44.6,0.97258460521698,,,,,
1287,4,肌肉,muscle,M79.5,0.9509807825088501,,,,,
1287,4,睫状体,ciliary body,H44.7,0.9478374719619751,,,,,
1287,5,磁性,magnetic,H44.6,0.9606715440750122,,,,,
1287,4,晶状体,lens,H44.7,0.9574886560440063,,,,,
1287,5,磁性,magnetic,H44.6,0.9462732076644897,,,,,
1287,4,眶,orbit,H05.5,0.9242729544639587,,,,,
1287,4,前房(眼),anterior chamber (eye),H44.7,0.9661998748779297,,,,,
1287,5,磁性,magnetic,H44.6,0.9474585056304932,,,,,
1287,4,球后,retrobulbar,H05.5,0.983836829662323,,,,,
1287,4,软组织,soft tissue,M79.5,0.9848875999450684,,,,,
1287,4,眼睑,eyelid,H02.8,0.9722541570663452,,,,,
1288,5,磁性,magnetic,H44.6,0.9490767121315002,,,,,
1288,4,眼球,globe,H44.7,0.9305963516235352,,,,,
1288,4,眼球后壁,posterior wall of globe,H44.7,0.9535136222839355,,,,,
1288,5,磁性,magnetic,H44.6,0.9428234696388245,,,,,
1288,3,操作中意外遗留的,accidentally left during a procedure,T81.5,0.7584318518638611,,,,,
1288,3,陈旧性或残留，软组织,"old or residual, soft tissue",M79.5,0.9813504815101624,,,,,
1288,3,虹膜,iris,S05.5,0.9889687895774841,,,,,
1288,3,呼吸道,respiratory tract,T17.9,0.6423056125640869,,,,,
1288,4,多处,multiple parts,T17.8,0.863869845867157,,,,,
1288,4,特指部位NEC,specified part NEC,T17.8,0.8840753436088562,,,,,
1288,3,见于,in,,0.8457085490226746,,,,,
1288,4,穿刺伤口- 见伤口，开放性，按部位,"puncture wound - see Wound, open, by site",,0.9427464604377747,,,,,
1288,4,软组织(残留),soft tissue (residual),M79.5,0.8696156144142151,,,,,
1288,3,睫状体(眼),ciliary body (eye),S05.5,0.4579714238643646,,,,,
1288,3,晶状体,lens,S05.5,0.3879694640636444,,,,,
1288,3,经腔口进入,entering through orifice,,0.9249940514564514,,,,,
1288,4,鼻(道),nose (passage),T17.1,0.8175922632217407,,,,,
1288,4,鼻窦,nasal sinus,T17.0,0.707938551902771,,,,,
1288,4,鼻孔,nostril,T17.1,0.759739339351654,,,,,
1288,4,鼻旁窦,accessory sinus,T17.0,0.826474130153656,,,,,
1288,4,鼻咽,nasopharynx,T17.2,0.9552968740463257,,,,,
1288,4,扁桃体(窝),"tonsil, tonsillar (fossa)",T17.2,0.8732326626777649,,,,,
1288,4,肠(小),intestine (small),T18.3,0.18075717985630035,,,,,
1288,5,大,large,T18.4,0.6625086069107056,,,,,
1288,4,窦(旁窦)(额)(上颌)(鼻),sinus (accessory) (frontal) (maxillary) (nasal),T17.0,0.9542996287345886,,,,,
1288,4,窦(海默尔),antrum (Highmore's),T17.0,0.9353129267692566,,,,,
1288,5,梨状,piriform,T17.2,0.8453528881072998,,,,,
1288,4,腭,palate,T18.0,0.967176079750061,,,,,
1288,4,耳(外部),ear (external),T16,0.6868889331817627,,,,,
1288,4,耳道,auditory canal,T16,0.8930139541625977,,,,,
1288,4,耳廓,auricle,T16,0.6789940595626831,,,,,
1288,4,肺,lung,T17.8,0.5434844493865967,,,,,
1288,4,肛门,anus,T18.5,0.9076938629150391,,,,,
1288,4,宫颈(管)(子宫),cervix (canal) (uteri),T19.3,0.6187177896499634,,,,,
1288,4,海默尔窦,Highmore's antrum,T17.0,0.9928436875343323,,,,,
1288,4,喉,larynx,T17.3,0.8848345279693604,,,,,
1288,4,呼吸道,respiratory tract,T17.9,0.5458536744117737,,,,,
1288,5,多处,multiple parts,T17.8,0.6589813232421875,,,,,
1288,5,特指部位NEC,specified part NEC,T17.8,0.970548152923584,,,,,
1288,4,回肠,ileum,T18.3,0.7751136422157288,,,,,
1289,4,颊窝,buccal cavity,T18.0,0.9687836766242981,,,,,
1289,4,角膜,cornea,T15.0,0.9665069580078125,,,,,
1289,4,结肠,colon,T18.4,0.9573030471801758,,,,,
1289,4,结膜，结膜囊,"conjunctiva, conjunctival sac",T15.1,0.9589588642120361,,,,,
1289,4,口腔,"mouth, oral cavity",T18.0,0.9270673394203186,,,,,
1289,4,阑尾,appendix,T18.4,0.9568252563476562,,,,,
1289,4,泪道或泪腺,tear ducts or glands,T15.8,0.9900578856468201,,,,,
1289,4,泪器、泪管、泪腺或泪囊,"lacrimal apparatus, duct, gland or sac",T15.8,0.9818041324615479,,,,,
1289,4,梨状窦,piriform sinus,T17.2,0.9774569869041443,,,,,
1289,4,盲肠,cecum,T18.4,0.9808949828147888,,,,,
1289,4,泌尿生殖道,genitourinary tract,T19.9,0.9801397919654846,,,,,
1289,5,多处,multiple parts,T19.8,0.9575666189193726,,,,,
1289,5,特指部位 NEC,specified part NEC,T19.8,0.9454265832901001,,,,,
1289,4,尿道,urethra,T19.0,0.9512335062026978,,,,,
1289,4,膀胱,bladder,T19.1,0.9536822438240051,,,,,
1289,4,气管,trachea,T17.4,0.9023662805557251,,,,,
1289,4,上颌窦,maxillary sinus,T17.0,0.9859638214111328,,,,,
1289,4,舌,tongue,T18.0,0.9134239554405212,,,,,
1289,4,十二指肠,duodenum,T18.3,0.9201374053955078,,,,,
1289,4,食管,esophagus,T18.1,0.9571680426597595,,,,,
1289,4,输尿管,ureter,T19.8,0.9811954498291016,,,,,
1289,4,外阴,vulva,T19.2,0.9604014158248901,,,,,
1289,4,胃,stomach,T18.2,0.9035802483558655,,,,,
1289,4,胃肠道,gastrointestinal tract,T18.9,0.9850056767463684,,,,,
1289,5,多处,multiple parts,T18.8,0.9496827125549316,,,,,
1289,5,特指部位NEC,specified part NEC,T18.8,0.980682373046875,,,,,
1289,4,细支气管,bronchioles,T17.8,0.978180468082428,,,,,
1289,4,消化器官或消化道NEC,"digestive organ or tract, alimentary canal NEC",T18.9,0.9695761799812317,,,,,
1289,5,多处,multiple parts,T18.8,0.9432218670845032,,,,,
1289,5,特指部位 NEC,specified part NEC,T18.8,0.9250261187553406,,,,,
1289,4,小肠,small intestine,T18.3,0.9948059916496277,,,,,
1289,4,牙槽突,alveolar process,T18.0,0.9343931078910828,,,,,
1289,4,咽，咽喉,"pharynx, throat",T17.2,0.9697494506835938,,,,,
1289,4,咽下部,hypopharynx,T17.2,0.9140838980674744,,,,,
1289,4,眼(外部)NEC,eye (external) NEC,T15.9,0.9913297295570374,,,,,
1289,5,多处,multiple parts,T15.8,0.9637325406074524,,,,,
1289,5,特指部位 NEC,specified part NEC,T15.8,0.9678303003311157,,,,,
1289,4,眼睑,eyelid,T15.1,0.9747399091720581,,,,,
1289,4,眼球,"eyeball, globe",T15.8,0.9619473218917847,,,,,
1289,4,阴道,vagina,T19.2,0.9450171589851379,,,,,
1290,4,阴茎,penis,T19.8,0.9681892991065979,,,,,
1290,4,龈,gum,T18.0,0.9256636500358582,,,,,
1290,4,支气管(主),bronchus (main),T17.5,0.9293117523193359,,,,,
1290,4,直肠,rectum,T18.5,0.9535234570503235,,,,,
1290,4,直肠乙状结肠(连接处),rectosigmoid (junction),T18.5,0.9900827407836914,,,,,
1290,4,窒息，由于(另见窒息，食物),"asphyxia due to, suffocation by (see also Asphyxia, food)",T17.9,0.9775598645210266,,,,,
1290,4,子宫(任何部分),uterus (any part),T19.3,0.9860115051269531,,,,,
1290,4,眦(内),canthus (inner),T15.1,0.9324607253074646,,,,,
1290,3,眶,orbit,S05.4,0.9580281972885132,,,,,
1290,4,陈旧性，残留,"old, retained",H05.5,0.9337503910064697,,,,,
1290,3,内部器官，非经自然腔口进入-作为损伤，按部位编码,"internal organ, not entering through a natural orifice code as Injury, by site",,0.9945639371871948,,,,,
1290,3,前房(眼),anterior chamber (eye),S05.5,0.9964486360549927,,,,,
1290,3,浅表性，不伴有大的开放性伤口(另见损伤，浅表),"superficial, without major open wound (see also Injury, superficial)",T14.0,0.9912933707237244,,,,,
1290,3,肉芽肿(陈旧性)(软组织),granuloma (old) (soft tissue),M60.2,0.9892185926437378,,,,,
1290,4,皮肤,skin,L92.3,0.9777657389640808,,,,,
1290,3,视网膜,retina,S05.5,0.974625825881958,,,,,
1290,3,手术伤口，意外遗留的,"operation wound, left accidentally",T81.5,0.9753046035766602,,,,,
1290,3,吞咽,swallowed,T18.9,0.9753738641738892,,,,,
1290,3,"吸入(另见窒息,食物)","inhalation or inspiration (see also Asphyxia, food)",T17.9,0.9714255332946777,,,,,
1290,3,咽下，内服的NEC,"ingestion, ingested NEC",T18.9,0.9673792719841003,,,,,
1290,3,眼肌,ocular muscle,S05.4,0.979240894317627,,,,,
1290,4,陈旧性，残留,"old, retained",H05.5,0.9867506623268127,,,,,
1290,3,眼睑,lid (eye),T15.1,0.9471091032028198,,,,,
1290,3,眼内,intraocular,S05.5,0.9932223558425903,,,,,
1290,4,陈旧性，残留(非磁性),"old, retained (nonmagnetic)",H44.7,0.9794068932533264,,,,,
1290,5,磁性,magnetic,H44.6,0.9361795783042908,,,,,
1290,3,意外遗留在手术伤口内(引起粘连、梗阻或穿孔),"inadvertently left in operation wound (causing adhesions, obstruction or perforation)",T81.5,0.9898198843002319,,,,,
1290,2,异形红细胞症,Poikilocytosis,R71,0.99828040599823,,,,,
1290,2,异形吸虫，异形吸虫病(小肠),"Heterophyes, heterophyiasis (small intestine)",B66.8,0.9895710945129395,,,,,
1290,2,"异源嵌合体，46,XX/46,XY","Chimera, 46,XX/46,XY",Q99.0,0.9770582318305969,,,,,
1290,2,异装症(双重),"Transvestism, transvestitism (dual-role)",F64.1,0.9996594786643982,,,,,
1290,3,恋物性,fetishistic,F65.1,0.9930684566497803,,,,,
1290,2,异缬氨酸血症,Isovaleric acidemia,E71.1,0.9598097205162048,,,,,
1291,1,yì 抑,,,,,,,,
1291,2,抑郁，忧郁,Depression,F32.9,0.9972212910652161,,,,,
1291,3,产后，产褥期,"postpartum, postnatal",F53.0,0.995198130607605,,,,,
1291,3,大(不伴有精神症状),major (without psychotic symptoms),F32.2,0.9944013357162476,,,,,
1291,4,伴有精神症状,with psychotic symptoms,F32.3,0.9599817991256714,,,,,
1291,4,复发性-见障碍，抑郁，复发性,"recurrent - see Disorder, depressive, recurrent",,0.9601598978042603,,,,,
1291,3,单相,monopolar,F33.9,0.9639632701873779,,,,,
1291,3,反应性(心因性)(单次发作),reactive (psychogenic) (single episode),F32.9,0.9878361821174622,,,,,
1291,4,精神,psychotic,F32.3,0.9809659123420715,,,,,
1291,3,非典型性(单次发作),atypical (single episode),F32.8,0.9742850065231323,,,,,
1291,3,非器质性精神(单次发作),psychotic (single episode),F32.3,0.9906505346298218,,,,,
1291,4,复发性,recurrent,F33.3,0.9720970392227173,,,,,
1291,3,复发性(另见障碍，抑郁，复发性),"recurrent (see also Disorder, depressive, recurrent)",F33.9,0.9955167174339294,,,,,
1291,3,更年期(单次发作),"climacteric, involutional (single episode)",F32.8,0.997977614402771,,,,,
1291,3,激越(单次发作),agitated (single episode),F32.2,0.9870091080665588,,,,,
1291,3,急性,acute,F32.9,0.964707612991333,,,,,
1291,3,季节性(另见障碍，抑郁，复发性),"seasonal (see also Disorder, depressive, recurrent)",F33.9,0.9858386516571045,,,,,
1291,3,焦虑性,anxiety,F41.2,0.9191251397132874,,,,,
1291,4,持续性,persistent,F34.1,0.9642394781112671,,,,,
1291,3,精神,mental,F32.9,0.9629496335983276,,,,,
1291,3,精神分裂后,post-schizophrenic,F20.4,0.9824074506759644,,,,,
1291,3,精神分裂症后精神,post-psychotic of schizophrenia,F20.4,0.9951070547103882,,,,,
1291,3,精神神经症型,psychoneurotic,F34.1,0.9782590270042419,,,,,
1291,3,绝经期(单次发作),menopausal (single episode),F32.8,0.9667457342147827,,,,,
1291,3,老年性,senile,F03,0.9679971933364868,,,,,
1291,3,内源性(不伴有精神症状),endogenous (without psychotic symptoms),F33.2,0.9924648404121399,,,,,
1291,4,伴有精神症状,with psychotic symptoms,F33.3,0.9808775186538696,,,,,
1291,3,神经，神经症性,"nervous, neurotic",F34.1,0.9870895743370056,,,,,
1291,3,特指的NEC(单次发作),specified NEC (single episode),F32.8,0.9706149697303772,,,,,
1291,3,围生期,perinatal,P96.8,0.9941685199737549,,,,,
1291,3,心因性(反应性)(单次发作),psychogenic (reactive) (single episode),F32.9,0.9969362020492554,,,,,
1291,3,严重的，单次发作,"severe, single episode",F32.2,0.9880979657173157,,,,,
1291,3,癔症性,hysterical,F44.8,0.9597253799438477,,,,,
1291,3,隐匿性(单次发作),masked (single episode),F32.8,0.9966123104095459,,,,,
1291,3,躁狂-抑郁-见障碍，抑郁，复发性,"manic-depressive - see Disorder, depressive, recurrent",,0.9912755489349365,,,,,
1291,3,致命性(复发性)(不伴有精神症状),vital (recurrent) (without psychotic symptoms),F33.2,0.988381564617157,,,,,
1291,4,伴有精神症状,with psychotic symptoms,F33.3,0.9842310547828674,,,,,
1291,4,单次发作,single episode,F32.2,0.9881536364555359,,,,,
1291,2,抑制,"Depression, Suppression",,0.9900007843971252,,,,,
1291,3,大脑,cerebral,R29.8,0.9698732495307922,,,,,
1291,4,新生儿,newborn,P91.4,0.9916478991508484,,,,,
1292,3,呼吸中枢,respiratory center,G93.8,0.9376074075698853,,,,,
1292,3,卵巢分泌,ovarian secretion,E28.3,0.9466667175292969,,,,,
1292,3,泌乳,lactation,O92.5,0.9224823713302612,,,,,
1292,3,尿，尿分泌,"urine, urinary secretion",R34,0.9519756436347961,,,,,
1292,3,肾(另见衰竭，肾),"renal (see also Failure, renal)",N19,0.9728365540504456,,,,,
1292,3,月经,menstruation,N94.8,0.9757228493690491,,,,,
1292,2,抑制，性高潮(女性)(男性),"Inhibition, orgasm (female) (male)",F52.3,0.9976266622543335,,,,,
1292,2,抑制剂，系统性红斑狼疮，存在,"Inhibitor, systemic lupus erythematosus, presence",D68.6,0.978559136390686,,,,,
1292,1,yì 易,,,0.9984259605407715,,,,,
1292,2,易半脱位髋,Subluxatable hip,Q65.6,0.9987162351608276,,,,,
1292,2,易出血者(家族性)(遗传性)(另见缺陷，凝血),"Bleeder (familial) (hereditary) (see also Defect, coagulation)",D68.9,0.9987050294876099,,,,,
1292,2,易激(惹),Irritable,,0.9994980692863464,,,,,
1292,3,肠(综合征),bowel (syndrome),K58.9,0.9775193333625793,,,,,
1292,4,伴有腹泻,with diarrhea,K58.0,0.9508914351463318,,,,,
1292,4,心因性,psychogenic,F45.3,0.962616503238678,,,,,
1292,3,大脑，新生儿,"cerebral, in newborn",P91.3,0.9695287346839905,,,,,
1292,3,回肠,ileum,K59.8,0.9813747406005859,,,,,
1292,3,交感神经,sympathetic,G90.8,0.9735156297683716,,,,,
1292,3,结肠,colon,K58.9,0.9994314908981323,,,,,
1292,4,伴有腹泻,with diarrhea,K58.0,0.9863088130950928,,,,,
1292,4,心因性,psychogenic,F45.3,0.9970517158508301,,,,,
1292,3,空肠,jejunum,K59.8,0.9296941757202148,,,,,
1292,3,髋,hip,M24.8,0.9895210266113281,,,,,
1292,3,尿道,urethra,N36.8,0.9462205171585083,,,,,
1292,3,膀胱,bladder,N32.8,0.9738699197769165,,,,,
1292,3,十二指肠,duodenum,K59.8,0.9900998473167419,,,,,
1292,3,胃,stomach,K31.8,0.937725841999054,,,,,
1292,4,心因性,psychogenic,F45.3,0.9643155932426453,,,,,
1292,3,心脏(心因性),heart (psychogenic),F45.3,0.9795830249786377,,,,,
1292,3,婴儿,infant,R68.1,0.9902415871620178,,,,,
1292,3,直肠,rectum,K59.8,0.9506714344024658,,,,,
1292,2,易脱位髋，先天性,"Dislocatable hip, congenital",Q65.6,0.9886205196380615,,,,,
1292,2,易位,Translocation,,0.9999899864196777,,,,,
1292,3,平衡,balanced,,0.9885979890823364,,,,,
1292,4,常染色体,autosomal,Q95.9,0.9777097702026367,,,,,
1292,5,正常个体的,in normal individual,Q95.0,0.9766051769256592,,,,,
1292,4,染色体,chromosomes,Q95.9,0.9918681979179382,,,,,
1292,5,正常个体的,in normal individual,Q95.0,0.9917072653770447,,,,,
1292,3,染色体 NEC,chromosomes NEC,Q99.8,0.952135443687439,,,,,
1293,2,易位,Translocation,,0.9999781250953674,,,,,
1293,3,三体性,trisomy,,0.9306409955024719,,,,,
1293,4,13,13,Q91.6,0.9818719029426575,,,,,
1293,4,18,18,Q91.2,0.9877911806106567,,,,,
1293,4,21,21,Q90.2,0.9960997700691223,,,,,
1293,3,唐氏综合征[先天愚型],Down's syndrome,Q90.2,0.9923811554908752,,,,,
1293,2,易性症,Transsexualism,F64.0,0.9621376395225525,,,,,
1293,1,yì 疫,,,0.9119492769241333,,,,,
1293,2,疫苗接种后反应或并发症-见并发症，接种,"Postvaccinal reaction or complication - see Complications, vaccination",,0.9990510940551758,,,,,
1293,1,yì 意,,,0.9995980858802795,,,,,
1293,2,意识错乱，混浊,"Confusion, confused",R41.0,0.9989200234413147,,,,,
1293,3,癫疯性,epileptic,F05.8,0.8887274861335754,,,,,
1293,3,反应性(由于情绪应激，心理创伤),"reactive (from emotional stress, psychological trauma)",F44.8,0.9855503439903259,,,,,
1293,3,精神状态(心因性),mental state (psychogenic),F44.8,0.9914594888687134,,,,,
1293,3,心因性,psychogenic,F44.8,0.9798036217689514,,,,,
1293,2,意识丧失,Unconscious(ness),R40.2,0.99962317943573,,,,,
1293,2,意外(损伤),Accident,,0.999828577041626,,,,,
1293,3,出生-见出生，损伤,"birth - see Birth, injury",,0.9797568917274475,,,,,
1293,3,大脑[脑血管],cerebral,I64,0.9249411821365356,,,,,
1293,3,冠状动脉(另见梗死，心肌),"coronary (see also Infarct, myocardium)",I21.9,0.971325159072876,,,,,
1293,3,脑血管，颅脑血管,"vascular, brain, cerebrovascular, craniovascular",I64,0.9966018795967102,,,,,
1293,4,陈旧性,old,I69.4,0.9881035089492798,,,,,
1293,4,出血性,hemorrhagic,I61.9,0.9163582921028137,,,,,
1293,3,心血管(另见病，心血管),"cardiovascular (see also Disease, cardiovascular)",I51.6,0.9632369875907898,,,,,
1293,3,心脏(另见梗死，心肌),"cardiac (see also Infarct, myocardium)",I21.9,0.9787606000900269,,,,,
1293,3,在妊娠中，对母亲,"during pregnancy, to mother",,0.9930130839347839,,,,,
1293,4,影响到胎儿或新生儿,affecting fetus or newborn,P00.5,0.9685245752334595,,,,,
1293,2,意外的 - 见情况,Accidental - see condition,,0.9282519221305847,,,,,
1293,2,意外事故(预防性)(治疗性)(另见并发症),Misadventure (prophylactic) (therapeutic) (see also Complications),T88.9,0.9898276925086975,,,,,
1293,3,放射治疗NEC,radiotherapy NEC,T66,0.9672325253486633,,,,,
1293,3,辐射NEC,radiation NEC,T66,0.9594561457633972,,,,,
1293,3,给予胰岛素,administration of insulin,T38.3,0.997748613357544,,,,,
1293,3,接种或其他免疫学的操作-见并发症，接种,"vaccination or other immunological procedure - see Complications, vaccination",,0.9900760054588318,,,,,
1293,3,局部应用(热敷、膏药，等),"local applications (of fomentations, plasters, etc.)",T88.9,0.9946587085723877,,,,,
1293,4,烧伤或烫伤-见烧伤,burn or scald - see Burn,,0.9699194431304932,,,,,
1293,4,特指的NEC,specified NEC,T88.8,0.9677306413650513,,,,,
1294,3,手术操作(早期)(晚期)-见并发症，手术操作,"surgical procedure (early) (late) - see Complications, surgical procedure",,0.9901432991027832,,,,,
1294,3,输血-见并发症，输血,"transfusion - see Complications, transfusion",,0.9911551475524902,,,,,
1294,3,输注-见并发症，输注,"infusion - see Complications, infusion",,0.9947903156280518,,,,,
1294,3,特指的 NEC,specified NEC,T88.8,0.9677362442016602,,,,,
1294,3,医疗照顾(早期)(晚期),medical care (early) (late),T88.9,0.9641732573509216,,,,,
1294,4,烧伤或烫伤-见烧伤,burn or scald - see Burn,,0.9340978860855103,,,,,
1294,4,特指的NEC,specified NEC,T88.8,0.9823011755943298,,,,,
1294,4,药物或化学制剂的有害效应-见药物和化学制剂表,adverse effect of drugs or chemicals - see Table of drugs and chemicals,,0.9635075926780701,,,,,
1294,2,意志缺失,Abulia,R68.8,0.9573251605033875,,,,,
1294,1,yì 溢,,,0.9997270107269287,,,,,
1294,2,溢泪,Epiphora,H04.2,0.9924052953720093,,,,,
1294,2,溢液(鼻的)(另见排出物),"Discharge, Hydrorrhea (nasal) (see also Discharge)",J34.8,0.9990900158882141,,,,,
1294,3,妊娠-见破裂，胎膜，过早,"pregnancy - see Rupture, membranes, pr",,0.98538738489151,,,,,
1294,1,yì 翼,,,0.9991496205329895,,,,,
1294,2,翼状胬肉(眼),Pterygium (eye),H11.0,0.9678764343261719,,,,,
1294,3,颈皮,colli,Q18.3,0.9550268054008484,,,,,
1294,1,yì 癔,,,0.7336236238479614,,,,,
1294,2,癔症性癫痛,Hysteroepilepsy,F44.5,0.8294793963432312,,,,,
1294,2,癔症，癔症性(转换)(分离性状态),"Hysteria, hysterical (conversion) (dissociative state)",F44.9,0.9580507874488831,,,,,
1294,3,抽搐,convulsions,F44.5,0.9626414775848389,,,,,
1294,3,焦虑性,anxiety,F41.8,0.9388777017593384,,,,,
1294,3,精神病，急性,"psychosis, acute",F44.9,0.9976774454116821,,,,,
1294,2,癔症球,Globus (hystericus),F45.8,0.9348238706588745,,,,,
1294,1,yīn 因,,,0.9998735189437866,,,,,
1294,2,因经济情况而影响照料,Economic circumstances affecting care,Z59.9,0.9913747906684875,,,,,
1294,2,因素,Factor(s),,0.9999691843986511,,,,,
1294,3,精神性，与分类于他处的疾病有关的,"psychic, associated with diseases classified elsewhere",F54,0.9816991090774536,,,,,
1294,3,心理学,psychological,,0.9595637321472168,,,,,
1294,4,或行为,or behavioral,,0.8844738006591797,,,,,
1294,5,影响全身性医疗情况,affecting general medical condition,F54,0.9920709133148193,,,,,
1294,4,影响躯体状况的,affecting physical conditions,F54,0.9917986989021301,,,,,
1295,1,yīn 阴,,,0.9998149871826172,,,,,
1295,2,阴部的 - 见情况,"Pudenda, pudendum - see condition",,0.9148631691932678,,,,,
1295,2,阴唇的 - 见情况,"Labia, labium - see condition",,0.9773081541061401,,,,,
1295,2,阴道的 - 见情况,"Vagina, vaginal - see condition",,0.9520833492279053,,,,,
1295,2,阴道积脓(另见阴道炎),Pyocolpos (see also Vaginitis),N76.0,0.9962245225906372,,,,,
1295,2,阴道积血(伴有子宫积血或输卵管积血),Hematocolpos (with hematometra or hematosalpinx),N89.7,0.9961167573928833,,,,,
1295,2,阴道积液(先天性),Hydrocolpos (congenital),N89.8,0.9996944665908813,,,,,
1295,2,阴道痉挛(反射),Vaginismus (reflex),N94.2,0.9974623918533325,,,,,
1295,3,非器质性,nonorganic,F52.5,0.9922589659690857,,,,,
1295,3,继发性,secondary,N94.2,0.9935628175735474,,,,,
1295,3,心因性,psychogenic,F52.5,0.9840266108512878,,,,,
1295,2,阴道旁炎(另见 阴道炎),Paravaginitis (see also Vaginitis),N76.0,0.9771122932434082,,,,,
1295,2,阴道膀胱炎(另见 阴道炎),Colpocystitis (see also Vaginitis),N76.0,0.9739487767219543,,,,,
1295,2,阴道疝[阴道脱垂],Colpocele,N81.1,0.9796754121780396,,,,,
1295,2,阴道上皮内肿瘤-见肿瘤，上皮内，阴道,"VAIN - see Neoplasia, intraepithelial, vagina",,0.9893544316291809,,,,,
1295,2,阴道炎(急性),"Colpitis, Vaginitis (acute)",N76.0,0.9989076256752014,,,,,
1295,3,亚急性或慢性,subacute or chronic,N76.1,0.9981829524040222,,,,,
1295,3,慢性,chronic,N76.1,0.9837169051170349,,,,,
1295,3,并发于妊娠,complicating pregnancy,O23.5,0.9739665985107422,,,,,
1295,4,影响到胎儿或新生儿,affecting fetus or newborn,P00.8,0.9924930334091187,,,,,
1295,3,产褥期(产后),puerperal (postpartum),O86.1,0.9678349494934082,,,,,
1295,3,后,following,,0.9801701307296753,,,,,
1295,4,流产(随后发生),abortion (subsequent episode),O08.0,0.9683748483657837,,,,,
1295,4,异位妊娠或葡萄胎妊娠,ectopic or molar pregnancy,O08.0,0.9680342078208923,,,,,
1295,3,见于(由于),in (due to),,0.9858818054199219,,,,,
1295,4,蛲虫感染,pinworm infection,B80+ N77.1*,0.9634743928909302,,,,,
1295,4,念珠菌病,candidiasis,B37.3+ N77.1*,0.9866421222686768,,,,,
1295,4,疱疹病毒性(单纯性疱疹)感染,herpesviral (herpes simplex) infection,A60.0+ N77.1*,0.9757294058799744,,,,,
1295,3,结核性,tuberculous,A18.1+ N77.1*,0.9879568815231323,,,,,
1295,3,绝经后萎缩性,postmenopausal atrophic,N95.2,0.9872740507125854,,,,,
1295,3,老年性(萎缩性),senile (atrophic),N95.2,0.9751459360122681,,,,,
1295,3,淋病性，淋球菌性,"blennorrhagic, gonococcal",A54.0,0.9928025007247925,,,,,
1295,4,伴有脓肿(副腺)(尿道周),with abscess (accessory gland) (periurethral),A54.1,0.9770206212997437,,,,,
1295,3,毛滴虫性,trichomonal,A59.0+ N77.1*,0.969057559967041,,,,,
1295,3,梅毒性(早期),syphilitic (early),A51.0,0.9755982756614685,,,,,
1295,4,晚期,late,A52.7+ N77.1*,0.9670370817184448,,,,,
1295,3,念珠菌性,"candidal, monilial",B37.3+ N77.1*,0.9749484062194824,,,,,
1295,3,萎缩性，绝经后期,"atrophic, postmenopausal",N95.2,0.9912640452384949,,,,,
1295,3,性病性NEC,venereal NEC,A64+ N77.1*,0.9646278023719788,,,,,
1295,3,衣原体性,chlamydial,A56.0,0.9925858378410339,,,,,
1295,3,由于(阴道)毛滴虫引起的,due to Trichomonas (vaginalis),A59.0+ N77.1*,0.9943656921386719,,,,,
1295,3,真菌性(念珠菌性),mycotic (candidal),B37.3+ N77.1*,0.9926630258560181,,,,,
1296,2,阴道周炎(另见阴道炎),Perivaginitis (see also Vaginitis),N76.0,0.993660569190979,,,,,
1296,2,阴蒂的 - 见情况,Clitoris - see condition,,0.9607895612716675,,,,,
1296,2,阴茎的 - 见情况,Penis - see condition,,0.9613898396492004,,,,,
1296,2,阴茎海绵体硬结症,Induratio penis plastica,N48.6,0.9846408367156982,,,,,
1296,2,阴茎炎,Penitis,N48.2,0.9606961011886597,,,,,
1296,2,阴茎异常勃起,Priapism,N48.3,0.999614417552948,,,,,
1296,2,阴冷,Frigidity,F52.0,0.9495345950126648,,,,,
1296,2,阴囊的 - 见情况,Scrotum - see condition,,0.9732193350791931,,,,,
1296,2,阴囊乳糜肿(非丝虫性),Chylocele (nonfilarial),I89.8,0.9861225485801697,,,,,
1296,3,鞘膜,tunica vaginalis,N50.8,0.9926528930664062,,,,,
1296,4,丝虫性(另见丝虫病),filarial (see also Filaria),B74 N51.8*,0.9876475930213928,,,,,
1296,3,丝虫性(另见 丝虫病),filarial (see also Filaria),B74 N51.8*,0.976214587688446,,,,,
1296,2,阴虱，意指耻骨区阴虱,"Crabs, meaning pubic lice",B85.3,0.9997903108596802,,,,,
1296,2,阴虱属侵染- 见 虱病,Phthirus infestation - see Phthiriasis,,0.909640371799469,,,,,
1296,2,阴影，肺,"Shadow, lung",R91,0.9989476799964905,,,,,
1296,1,yín 银,,,0.9639670252799988,,,,,
1296,2,银沉着病，银质沉着病 NEC,"Argyria, argyriasis, argyrosis NEC",T56.8,0.9769953489303589,,,,,
1296,3,结膜,conjunctival,H11.1,0.9603627920150757,,,,,
1296,3,由于药物或药剂,from drug or medicament,,0.9985191226005554,,,,,
1296,4,过量或给错或服错药物,overdose or wrong substance given or taken,T37.8,0.9761679172515869,,,,,
1296,4,恰当使用正确的物质,correct substance properly administered,L81.8,0.9756854772567749,,,,,
1296,2,银屑病(曾译名牛皮癣),Psoriasis,L40.9,0.9996301531791687,,,,,
1296,3,斑块状,plaque,L40.0,0.9460419416427612,,,,,
1296,3,滴状,guttate,L40.4,0.955453097820282,,,,,
1296,3,关节病型,arthropathic,L40.5+ M07.3*,0.9910299777984619,,,,,
1296,3,脓疱性(全身),pustular (generalized),L40.1,0.9521593451499939,,,,,
1296,4,掌跖,palmaris et plantaris,L40.3,0.9634087085723877,,,,,
1296,3,钱币形,nummular,L40.0,0.9840917587280273,,,,,
1296,3,屈侧,flexural,L40.8,0.9854180216789246,,,,,
1296,3,特指的 NEC,specified NEC,L40.8,0.9754585027694702,,,,,
1296,3,寻常性,vulgaris,L40.0,0.9726101756095886,,,,,
1296,1,yín 龈,,,0.9544251561164856,,,,,
1296,2,龈变性,Gingivosis,K05.1,0.9942224025726318,,,,,
1296,2,龈出血,"Ulorrhagia, ulorrhea",K06.8,0.9866667985916138,,,,,
1296,2,龈口炎,Gingivostomatitis,K05.1,0.9977636337280273,,,,,
1296,3,坏死性溃疡性(急性),necrotizing ulcerative (acute),A69.1,0.9922522306442261,,,,,
1296,3,疱疹病毒性,herpesviral,B00.2,0.9870142340660095,,,,,
1296,2,龈舌炎,Gingivoglossitis,K14.0,0.9561293721199036,,,,,
1297,3,急性,acute,K05.0,0.9620169401168823,,,,,
1297,4,坏死性,necrotizing,A69.1,0.9557053446769714,,,,,
1297,3,慢性(脱屑性)(增生性)(单纯边缘性)(溃疡性),chronic (desquamative) (hyperplastic) (simple marginal) (ulcerative),K05.1,0.9846117496490479,,,,,
1297,3,糙皮病性,pellagrous,E52+ K93.8*,0.9663749933242798,,,,,
1297,4,急性坏死性,acute necrotizing,A69.1,0.954312264919281,,,,,
1297,3,樊尚,Vincent's,A69.1,0.9882327318191528,,,,,
1297,3,坏死性溃疡性(急性),necrotizing ulcerative (acute),A69.1,0.9913052916526794,,,,,
1297,1,yǐn 引,,,0.9915050268173218,,,,,
1297,2,引产术，影响到胎儿或新生儿,"Induction of labor, affecting fetus or newborn",P03.8,0.9802188873291016,,,,,
1297,2,引出,Extraction,,0.9999850392341614,,,,,
1297,3,月经,menstrual,Z30.3,0.9935676455497742,,,,,
1297,1,yǐn 饮,,,0.9766157269477844,,,,,
1297,2,饮酒(史),Drinking (alcohol) (history of) .,F10.9,0.9577562808990479,,,,,
1297,3,过量，过度NEC,"excessive, to excess NEC",F10.0,0.9906745553016663,,,,,
1297,4,习惯性(频繁的),habitual (continual),F10.2,0.9773169159889221,,,,,
1297,3,极度,heavy,F10.1,0.9450164437294006,,,,,
1297,3,问题,problem,F10.1,0.9590906500816345,,,,,
1297,2,饮食,Dietary,,0.9999070763587952,,,,,
1297,3,不足或缺乏,inadequacy or deficiency,E63.9,0.9693077206611633,,,,,
1297,3,咨询和监督,counseling and surveillance,Z71.3,0.9725944995880127,,,,,
1297,2,饮食过多,Hyperphagia,R63.2,0.9999809265136719,,,,,
1297,1,yǐn 隐,,,0.9035170674324036,,,,,
1297,2,隐孢子虫病,Cryptosporidiosis,A07.2,0.9849109649658203,,,,,
1297,3,人类免疫缺陷病毒(HIV)病所致,resulting from HIV disease,B20.8,0.9864512085914612,,,,,
1297,2,隐蔽型阴茎,Concealed penis,Q55.6,0.9824110865592957,,,,,
1297,2,隐睾症,"Cryptorchid, cryptorchism, cryptorchidism",Q53.9,0.9948770999908447,,,,,
1297,3,单侧,unilateral,Q53.1,0.9742769598960876,,,,,
1297,3,双侧,bilateral,Q53.2,0.9685194492340088,,,,,
1297,2,隐孔吸虫病,Nanophyetiasis,B66.8,0.9580722451210022,,,,,
1297,2,隐球菌病，隐球菌(感染)(新型细球菌),"Cryptococcosis, Cryptococcus, Torulosis (infection) (neoformans)",B45.9,0.9737231731414795,,,,,
1297,3,播散性,disseminated,B45.7,0.9889413118362427,,,,,
1297,3,大脑,cerebral,B45.1+ G05.2*,0.962348222732544,,,,,
1297,3,大脑脑膜,meningocerebralis,B45.1+ G02.1*,0.9782263040542603,,,,,
1297,3,肺,pulmonary,B45.0+ J99.8*,0.9556959271430969,,,,,
1297,3,骨,"bone, osseous",B45.3+ M90.2*,0.9656103849411011,,,,,
1298,3,脑膜炎,meningitis,B45.1+ G02.1*,0.9753659963607788,,,,,
1298,3,皮肤,"cutaneous, skin",B45.2+ L99.8*,0.9726806879043579,,,,,
1298,3,全身性,generalized,B45.7,0.96064293384552,,,,,
1298,3,特指的NEC,specified NEC,B45.8,0.9912436008453369,,,,,
1298,2,隐乳头炎(肛门),Cryptopapillitis (anus),K62.8,0.9890953302383423,,,,,
1298,2,隐窝炎(肛门)(直肠),Cryptitis (anal) (rectal),K62.8,0.9928218722343445,,,,,
1298,2,隐斜,"Heterophoria, Phoria",H50.5,0.9519162178039551,,,,,
1298,2,隐性的 - 见情况,Latent - see condition,,0.9749733805656433,,,,,
1298,2,隐眼,Cryptophthalmos,Q11.2,0.9909170866012573,,,,,
1298,3,综合征,syndrome,Q87.0,0.9894561171531677,,,,,
1298,2,隐子座菌病,Cryptostromosis,J67.6,0.9753069281578064,,,,,
1298,1,yǐn 瘾,,,0.9784517288208008,,,,,
1298,2,瘾(另见依赖)-编码于F10-F19伴有第四位数.2,Addiction (see also Dependence) - code to F10-F19 with fourth character.2,,0.990983247756958,,,,,
1298,3,阿片和类阿片药,opium and opioids,F11.2,0.9854660630226135,,,,,
1298,3,海洛因,heroin,F11.2,0.9506505727767944,,,,,
1298,3,甲醇,methyl alcohol,F10.2,0.9874764680862427,,,,,
1298,3,甲基类酒精,methylated spirit,F10.2,0.9856829047203064,,,,,
1298,3,酒精(乙醇)(甲醇)(木醇),"alcohol, alcoholic (ethyl) (methyl) (wood)",F10.2,0.9849367141723633,,,,,
1298,4,并发于妊娠、分娩或产褥期,"complicating pregnancy, childbirth or puerperium",O99.3,0.9733926653862,,,,,
1298,5,影响到胎儿或新生儿,affecting fetus or newborn,P04.3,0.9718546271324158,,,,,
1298,4,怀疑损害到胎儿而影响妊娠处理,suspected damage to fetus affecting management of pregnancy,O35.4,0.9807150363922119,,,,,
1298,3,苦艾酒,absinthe,F10.2,0.9461645483970642,,,,,
1298,3,吗啡(类物质),morphine(-like substances),F11.2,0.9937947392463684,,,,,
1298,3,烟草,tobacco,F17.2,0.979728639125824,,,,,
1298,3,烟碱[尼古丁],nicotine,F17.2,0.9665841460227966,,,,,
1298,3,药物,drug,F19.2,0.9357571005821228,,,,,
1298,3,乙醇,ethyl alcohol,F10.2,0.927240788936615,,,,,
1298,1,yīng 婴,,,0.9999605417251587,,,,,
1298,2,婴儿-另见婴儿型,"Baby, Infant(s) - see also Infancy",,0.9989116191864014,,,,,
1298,3,不断哭闹，过度哭闹,"crying constantly, excessive crying",R68.1,0.9907330870628357,,,,,
1298,3,活产(单胎),liveborn (singleton),Z38.2,0.9902384281158447,,,,,
1298,4,出生于,born,,0.7984321713447571,,,,,
1298,5,医院内,in hospital,Z38.0,0.9805277585983276,,,,,
1298,5,医院外,outside hospital,Z38.1,0.9415062069892883,,,,,
1298,4,双胎,twin,Z38.5,0.9802799224853516,,,,,
1298,3,出生于,born in,,0.9824125170707703,,,,,
1298,4,医院内,in hospital,Z38.3,0.9314894676208496,,,,,
1298,5,医院外,outside hospital,Z38.4,0.9846200346946716,,,,,
1299,3,活产(单胎),liveborn (singleton),Z38.2,0.9786847233772278,,,,,
1299,4,多胎 NEC,multiple NEC,Z38.8,0.9156914353370667,,,,,
1299,5,出生于,born,,0.8732701539993286,,,,,
1299,6,医院内,in hospital,Z38.6,0.9216361045837402,,,,,
1299,6,医院外,outside hospital,Z38.7,0.9360418319702148,,,,,
1299,3,缺乏照料,lack of care,T74.0,0.9814229011535645,,,,,
1299,3,松弛(综合征),floppy (syndrome),P94.2,0.9746649265289307,,,,,
1299,3,糖尿病母亲的(综合征),of diabetic mother (syndrome of),P70.1,0.9963468909263611,,,,,
1299,4,妊娠糖尿病,gestational diabetes,P70.0,0.9876408576965332,,,,,
1299,3,易激惹儿童,irritable child,R68.1,0.9695985913276672,,,,,
1299,2,婴儿猝死综合征,"Cot death, Crib death",R95,0.9859792590141296,,,,,
1299,2,婴儿黑热病,Ponos,B55.0,0.9644901752471924,,,,,
1299,2,婴儿期多营养不良综合征,Pluricarential syndrome of infancy,E40,0.9775501489639282,,,,,
1299,2,婴儿松弛综合征(非特异性),Floppy baby syndrome (nonspecific),P94.2,0.9974676370620728,,,,,
1299,2,婴儿型，婴儿期-另见情况,"Infancy, infantile, infantilism - see also condition",,0.9505597949028015,,,,,
1299,3,骨盆,pelvis,M95.5,0.9957621693611145,,,,,
1299,4,伴有胎盆不称,with disproportion (fetopelvic),O33.1,0.9686352014541626,,,,,
1299,5,引起梗阻性分娩,causing obstructed labor,O65.1,0.9821956753730774,,,,,
1299,5,影响到胎儿或新生儿,affecting fetus or newborn,P03.1,0.9864018559455872,,,,,
1299,3,乳糜泻,celiac,K90.0,0.964653730392456,,,,,
1299,3,生殖器(青春期后),"genitalia, genitals (after puberty)",E30.0,0.9817057847976685,,,,,
1299,4,在妊娠或分娩中NEC,in pregnancy or childbirth NEC,O34.8,0.9840849041938782,,,,,
1299,5,引起梗阻性分娩,causing obstructed labor,O65.5,0.98380446434021,,,,,
1299,5,影响到胎儿或新生儿,affecting fetus or newborn,P03.8,0.9772588014602661,,,,,
1299,3,子宫(另见婴儿型，生殖器),"uterus (see also Infantile, genitalia)",E30.0,0.9794299602508545,,,,,
1299,1,yīng 鹦,,,0.998852550983429,,,,,
1299,2,鹦鹉病(早期先天性梅毒性假麻痹),Parrot's disease (early congenital syphilitic pseudoparalysis),A50.0,0.998339831829071,,,,,
1299,2,鹦鹉热,"Parrot fever, Psittacosis",A70,0.9834256172180176,,,,,
1299,3,伴有肺炎,with pneumonia,A70+ J17.8*,0.992464005947113,,,,,
1299,1,yíng 营,,,0.9507818222045898,,,,,
1299,2,营养不良，营养障碍,"Dystrophy, dystrophia, Malnutrition",E46,0.9992846846580505,,,,,
1299,3,贝克型[贝克肌营养不良],Becker's type,G71.0,0.9983941912651062,,,,,
1299,3,玻璃体视网膜,vitreoretinal,H35.5,0.9897211790084839,,,,,
1299,3,蛋白质,protein,E46,0.9681641459465027,,,,,
1299,4,能量,energy,E46,0.8806287050247192,,,,,
1299,5,轻度,mild,E44.1,0.936549961566925,,,,,
1299,5,中度,moderate,E44.0,0.9174005389213562,,,,,
1300,5,重度,severe,E43,0.9196138381958008,,,,,
1300,6,中间型(伴有),intermediate form (with),E42,0.9726563096046448,,,,,
1300,7,恶性营养不良病[夸希奥科病](和消瘦),kwashiorkor (and marasmus),E42,0.9855055809020996,,,,,
1300,7,消瘦,marasmus,E41,0.9264155030250549,,,,,
1300,4,热能,calorie,E46,0.9548546671867371,,,,,
1300,5,轻度,mild,E44.1,0.9669488072395325,,,,,
1300,5,中度,moderate,E44.0,0.9563714265823364,,,,,
1300,5,重度,severe,E43,0.9991270899772644,,,,,
1300,6,中间型(伴有),intermediate form (with),E42,0.9826496839523315,,,,,
1300,7,恶性营养不良病[夸希奥科病](和消瘦),kwashiorkor (and marasmus),E42,0.9691563844680786,,,,,
1300,7,消瘦,marasmus,E41,0.9183213114738464,,,,,
1300,3,迪谢内型,Duchenne's type,G71.0,0.9586379528045654,,,,,
1300,3,度,degree,,0.9653953909873962,,,,,
1300,4,一,first,E44.1,0.9812585711479187,,,,,
1300,4,二,second,E44.0,0.9992799758911133,,,,,
1300,4,三,third,E43,0.9819345474243164,,,,,
1300,4,轻,mild,E44.1,0.9093899726867676,,,,,
1300,4,中,moderate,E44.0,0.9027307033538818,,,,,
1300,4,重(蛋白质能量),severe (protein-energy),E43,0.9395873546600342,,,,,
1300,5,中间型(伴有),intermediate form (with),E42,0.9606812000274658,,,,,
1300,6,恶性营养不良病[夸希奥科病](和消瘦),kwashiorkor (and marasmus),E42,0.9789587259292603,,,,,
1300,6,消瘦,marasmus,E41,0.9682139158248901,,,,,
1300,3,多腺体,polyglandular,E31.8,0.9973928332328796,,,,,
1300,3,厄尔布,Erb's,G71.0,0.942097008228302,,,,,
1300,3,恶性,malignant,E40,0.9753561615943909,,,,,
1300,3,反射性(交感神经),reflex (sympathetic),M89.0,0.9780569672584534,,,,,
1300,3,肥胖性生殖无能症,adiposogenital,E23.6,0.9935013651847839,,,,,
1300,3,富克斯,Fuchs',H18.5,0.9349286556243896,,,,,
1300,3,高尔肌,Gower's muscular,G71.0,0.9852380156517029,,,,,
1300,3,黄色(肝)-见衰竭，肝,"yellow (liver) - see Failure, hepatic",,0.9628158211708069,,,,,
1300,3,肌,muscular,G71.0,0.9920689463615417,,,,,
1300,4,埃米尼-德赖富斯,Emery-Dreifuss,G71.0,0.9757660031318665,,,,,
1300,4,迪谢内型,Duchenne type,G71.0,0.9646959900856018,,,,,
1300,4,厄尔布型,Erb type,G71.0,0.981192946434021,,,,,
1300,4,高尔,Gower's,G71.0,0.9776308536529541,,,,,
1300,4,肌强直性,myotonic,G71.1,0.9686290621757507,,,,,
1300,4,假肥大性(婴儿),pseudohypertrophic (infantile),G71.0,0.9634096026420593,,,,,
1300,4,进行性(遗传性),progressive (hereditary),G71.0,0.978249192237854,,,,,
1300,5,夏科-马里(-图思)型[进行性神经性肌萎缩],Charcot-Marie(-Tooth) type,G60.0,0.9678870439529419,,,,,
