image_page,level,chinese,english,code,confidence,malignant_primary,malignant_secondary,in_situ,benign,uncertain_or_unspecified
251,0,E,,,,,,,,
251,1,è 厄,,,0.9619320034980774,,,,,
251,2,厄尔布麻痹[厄尔布(-迪谢内)麻痹](产伤)(新生儿),Erb(-Duchenne) paralysis (birth injury) (newborn),P14.0,0.9988069534301758,,,,,
251,2,厄舍-塞尼尔病或厄舍-塞尼尔综合征[红斑性天疱疮],Usher-Senear disease or syndrome,L10.4,0.9405367970466614,,,,,
251,1,è 恶,,,0.9999182224273682,,,,,
251,2,恶病质,Cachexia,R64,0.9924904108047485,,,,,
251,3,癌性(M8000/3),cancerous (M8000/3),C80,0.9710227251052856,,,,,
251,3,垂体功能减退性,hypopituitary,E23.0,0.9663113355636597,,,,,
251,3,垂体性,"hypophyseal, pituitary",E23.0,0.9729899168014526,,,,,
251,3,恶性(M8000/3),malignant (M8000/3),C80,0.9637632369995117,,,,,
251,3,甲状腺功能缺失性,strumipriva,E03.4,0.9727969765663147,,,,,
251,3,结核性NEC(另见结核),tuberculous NEC (see also Tuberculosis),A16.9,0.9970960021018982,,,,,
251,3,老年性,"old age, senile",R54,0.9874712824821472,,,,,
251,3,脾性,splenica,D73.0,0.9713802337646484,,,,,
251,3,铅毒性,"lead, saturnine",T56.0,0.989625871181488,,,,,
251,3,神经性,nervous,F48.0,0.9901124238967896,,,,,
251,3,西蒙兹,Simmonds',E23.0,0.967696487903595,,,,,
251,3,心性-见病，心脏,"cardiac, heart - see Disease, heart",,0.9874248504638672,,,,,
251,3,由于营养不良,due to malnutrition,E41,0.9540088772773743,,,,,
251,3,沼泽性(另见疟疾),"marsh, paludal (see also Malaria)",B54,0.9766471982002258,,,,,
251,2,恶臭,Fetid,,0.9996110796928406,,,,,
251,3,汗,sweat,L75.0,0.9148344993591309,,,,,
251,3,呼吸,breath,R19.6,0.9382315874099731,,,,,
251,2,恶劣心境,Dysthymia,F34.1,0.9621148109436035,,,,,
251,2,恶丝虫病,Dirofilariasis,B74.8,0.99994957447052,,,,,
251,2,恶性(肿瘤)(M8000/3)-见肿瘤，恶性,"Malignancy (M8000/3) - see Neoplasm, malignant",,0.9988102316856384,,,,,
251,2,恶性的 - 见情况,"Malignant, Pernicious - see condition",,0.9538710713386536,,,,,
251,2,恶性营养不良病[夸希奥科病],Kwashiorkor,E40,0.9998553991317749,,,,,
251,3,消瘦性,"marasmic, marasmus type",E42,0.9421406984329224,,,,,
251,1,è 腭,,,0.993924617767334,,,,,
251,2,腭的 - 见情况,Palate - see condition,,0.9692035913467407,,,,,
251,2,腭裂(另见裂，腭),"Palatoschisis (see also Cleft, palate)",Q35.9,0.9778638482093811,,,,,
251,2,腭麻痹,Palatoplegia,K13.7,0.9967795610427856,,,,,
251,1,è 呃,,,0.9841306209564209,,,,,
251,2,呃逆，打嗝,"Hiccup, Hiccough, Singultus",R06.6,0.9944063425064087,,,,,
251,3,流行性,"epidemic, epidemicus",B33.0,0.9928832650184631,,,,,
251,3,心因性,psychogenic,F45.3,0.9716669917106628,,,,,
252,1,ēn 恩,,,0.8751645684242249,,,,,
252,2,恩格尔曼(-卡穆拉蒂)综合征[进行性骨干发育不良],Engelmann(-Camurati) syndrome,Q78.3,0.9112610220909119,,,,,
252,2,恩格曼病[传染性湿疹样皮炎],Engman's disease,L30.3,0.998726487159729,,,,,
252,2,恩乔维拉病[非性病性梅毒],Njovera,A65,0.9997141361236572,,,,,
252,1,ér 儿,,,0.8910152912139893,,,,,
252,2,儿童期丢脸的(经历),Humiliation (experience) in childhood,Z61.3,0.999420702457428,,,,,
252,2,儿童行为残忍(另见障碍，品行),"Cruelty in children (see also Disorder, conduct)",F91.8,0.9986369013786316,,,,,
252,2,儿童行为引起关注,Child behavior causing concern,Z63.8,0.9924095869064331,,,,,
252,2,儿童样痴呆,Moria,F07.0,0.9841349124908447,,,,,
252,2,儿童住院症,Hospitalism in children,F43.2,0.9783487915992737,,,,,
252,1,ěr 耳,,,0.8794265985488892,,,,,
252,2,耳 - 另见情况,Ear - see also condition,,0.9465802907943726,,,,,
252,3,穿刺,piercing,Z41.3,0.9413090944290161,,,,,
252,3,耵聍(嵌顿性),wax (impacted),H61.2,0.9624155163764954,,,,,
252,2,耳出血(非创伤性),Otorrhagia (nontraumatic),H92.2,0.9976876378059387,,,,,
252,3,创伤性-见损伤，按类型,"traumatic - see Injury, by type",,0.9902352094650269,,,,,
252,2,耳垂，小叶性的-见情况,"Lobule, lobular - see condition",,0.9931358695030212,,,,,
252,2,耳郭-又称耳廓,Auricle,,0.9996076226234436,,,,,
252,2,耳廓，耳状附件 -另见情况,"Auricle, auricular - see also condition",,0.9609553813934326,,,,,
252,3,颈部,cervical,Q18.2,0.9465857744216919,,,,,
252,2,耳流脓-现译名耳漏,Otorrhea,,0.9843060970306396,,,,,
252,2,耳漏,Otorrhea,H92.1,0.9999541640281677,,,,,
252,3,脑脊液,cerebrospinal,G96.0,0.9890548586845398,,,,,
252,2,耳轮或对耳轮慢性结节性软骨皮炎,Chondrodermatitis nodularis chronica helicis or anthelicis,H61.0,0.9998923540115356,,,,,
252,2,耳鸣(听得见的)(主观的),Tinnitus (audible) (aurium) (subjective),H93.1,0.9844955801963806,,,,,
252,2,耳前附属物或耳赘,Preauricular appendage or tag,Q17.0,0.9980248808860779,,,,,
252,2,耳石综合征,Otolith syndrome,H81.8,0.9999450445175171,,,,,
252,2,耳痛,"Earache, Otalgia",H92.0,0.9996089935302734,,,,,
252,2,耳头畸形,Otocephaly,Q18.2,0.9992110729217529,,,,,
252,2,耳血肿，耳廓(非创伤性),"Othematoma, pinna (nontraumatic)",H61.1,0.9978275299072266,,,,,
252,2,耳炎,Otitis,H66.9,0.9801549315452576,,,,,
252,3,内,interna,H83.0,0.962227463722229,,,,,
252,3,外,externa,H60.9,0.983153760433197,,,,,
252,4,急性,acute,H60.5,0.9610030651092529,,,,,
252,5,反应性,reactive,H60.5,0.988414466381073,,,,,
252,5,光化性,actinic,H60.5,0.9377269148826599,,,,,
252,5,化学性,chemical,H60.5,0.9316950440406799,,,,,
252,5,接触性,contact,H60.5,0.952654242515564,,,,,
252,5,湿疹样,eczematoid,H60.5,0.9645029306411743,,,,,
252,4,慢性,chronic,H60.8,0.96756511926651,,,,,
252,4,出血性,hemorrhagic,H60.3,0.9444848299026489,,,,,
253,4,恶性,malignant,H60.2,0.9706217646598816,,,,,
253,4,感染性NEC,infective NEC,H60.3,0.970703125,,,,,
253,4,坏死性,necrotizing,H60.2,0.9398229122161865,,,,,
253,4,见于(由于),in (due to),,0.8637548685073853,,,,,
253,5,病毒性疾病NEC,viral disease NEC,B34.9+ H62.1*,0.9566701054573059,,,,,
253,5,传染病NEC,infectious disease NEC,B99+ H62.3*,0.9767691493034363,,,,,
253,5,带状疱疹,zoster,B02.8+ H62.1*,0.9778095483779907,,,,,
253,5,丹毒,erysipelas,A46+ H62.0*,0.9684802889823914,,,,,
253,5,寄生虫病NEC,parasitic disease NEC,B89+ H62.3*,0.9732624292373657,,,,,
253,5,念珠菌病,candidiasis,B37.2+ H62.2*,0.9637744426727295,,,,,
253,5,脓疱病,impetigo,L01.0+ H62.4*,0.9862498044967651,,,,,
253,5,疱疹(单纯性)病毒感染,herpes (simplex) virus infection,B00.1+ H62.1*,0.9649958610534668,,,,,
253,6,带状,zoster,B02.8+ H62.1*,0.9568772315979004,,,,,
253,5,曲霉病,aspergillosis,B44.8+ H62.2*,0.9695698618888855,,,,,
253,5,真菌病NEC,mycosis NEC,B36.9+ H62.2*,0.9448730945587158,,,,,
253,4,弥漫性,diffuse,H60.3,0.9394994974136353,,,,,
253,4,特指的NEC,specified NEC,H60.8,0.9531741142272949,,,,,
253,4,铜绿假单胞菌,Pseudomonas aeruginosa,H60.2,0.9776398539543152,,,,,
253,4,真菌性,mycotic,B36.9+ H62.2*,0.9716138243675232,,,,,
253,3,粘连性,adhesive,H74.1,0.9636375308036804,,,,,
253,3,中,media,H66.9,0.9003785848617554,,,,,
253,4,急性或亚急性,acute or subacute,H66.9,0.9832431077957153,,,,,
253,5,伴有渗出,with effusion,H65.1,0.9652304649353027,,,,,
253,5,变应性,allergic,H65.1,0.9484966397285461,,,,,
253,5,多血的,sanguinous,H65.1,0.9565359354019165,,,,,
253,5,非化脓性NEC,nonsuppurative NEC,H65.1,0.9835864901542664,,,,,
253,5,分泌性,secretory,H65.0,0.9787966012954712,,,,,
253,5,化脓性,"purulent, suppurative",H66.0,0.9369834065437317,,,,,
253,5,坏死性(于),necrotizing (in),H66.0,0.9738889932632446,,,,,
253,6,麻疹,measles,B05.3+ H67.1*,0.9750258326530457,,,,,
253,6,猩红热,scarlet fever,A38+ H67.0*,0.9433395266532898,,,,,
253,5,浆液粘蛋白性,seromucinous,H65.1,0.9789736270904541,,,,,
253,5,浆液性,serous,H65.0,0.9885998368263245,,,,,
253,5,粘液样,mucoid,H65.1,0.9688675403594971,,,,,
253,5,渗出性,exudative,H65.1,0.9362269043922424,,,,,
253,4,慢性,chronic,H66.9,0.9701061248779297,,,,,
253,5,伴有渗出(非化脓性),with effusion (nonpurulent),H65.4,0.9731877446174622,,,,,
253,5,变应性,allergic,H65.4,0.9234689474105835,,,,,
253,5,非化脓性 NEC,nonsuppurative NEC,H65.4,0.9352825880050659,,,,,
253,5,分泌性,secretory,H65.3,0.9811990857124329,,,,,
253,5,化脓性,"purulent, suppurative",H66.3,0.9644197225570679,,,,,
253,6,鼓窦隐窝,atticoantral,H66.2,0.9490261077880859,,,,,
253,6,良性,benign,H66.1,0.954194962978363,,,,,
253,6,特指的NEC,specified NEC,H66.3,0.9656645655632019,,,,,
253,6,咽鼓管,tubotympanic,H66.1,0.968605637550354,,,,,
254,5,浆液粘蛋白性,seromucinous,H65.4,0.9818220138549805,,,,,
254,5,浆液性,serous,H65.2,0.9661096334457397,,,,,
254,5,卡他性,catarrhal :2,H65.2,0.9575265645980835,,,,,
254,5,漏出性,transudative,H65.3,0.8756607174873352,,,,,
254,5,粘蛋白性,mucinous,H65.3,0.9101061820983887,,,,,
254,5,粘液样,mucoid,H65.3,0.9203435778617859,,,,,
254,5,渗出性,exudative,H65.4,0.9409875273704529,,,,,
254,4,伴有渗出(非化脓性),with effusion (nonpurulent),H65.9,0.9680380821228027,,,,,
254,4,变应性,allergic,H65.9,0.9636677503585815,,,,,
254,4,非化脓性,nonsuppurative,H65.9,0.947167694568634,,,,,
254,4,分泌性,secretory,H65.9,0.9108459949493408,,,,,
254,4,化脓性,"purulent, suppurative",H66.4,0.9745632410049438,,,,,
254,4,见于(由于),in (due to),,0.9176390171051025,,,,,
254,4,病毒性疾病NEC,viral disease NEC,B34.9+ H67.1*,0.9773082137107849,,,,,
254,4,结核,tuberculosis,A18.6+ H67.0*,0.9790695905685425,,,,,
254,4,流感(具体病毒未证实),influenza (specific virus not identified),J11.8+ H67.1*,0.9828370809555054,,,,,
254,4,禽流感病毒被标实,avian virus identified,J09+ H67.1*,0.9855330586433411,,,,,
254,4,其他病毒被标实,other virus identified,J10.8+ H67.1*,0.9690970182418823,,,,,
254,6,麻疹,measles,B05.3+ H67.1*,0.9735927581787109,,,,,
254,5,猩红热,scarlet fever,A38+ H67.0*,0.943946897983551,,,,,
254,4,浆液粘蛋白性,seromucinous,H65.9,0.9544013142585754,,,,,
254,4,浆液性,serous,H65.9,0.9055519104003906,,,,,
254,4,结核性,tuberculous,A18.6+ H67.0*,0.9859036803245544,,,,,
254,4,卡他性,catarrhal,H65.9,0.9824796319007874,,,,,
254,4,漏出性,transudative,H65.9,0.9862373471260071,,,,,
254,4,麻疹后,postmeasles,B05.3+ H67.1*,0.9906356930732727,,,,,
254,4,粘液样,mucoid,H65.9,0.9655830264091492,,,,,
254,4,渗出性,exudative,H65.9,0.9651363492012024,,,,,
254,2,耳硬化,Otosclerosis,H80.9,0.9498160481452942,,,,,
254,3,闭塞性,obliterative,H80.1,0.9927375316619873,,,,,
254,3,非闭塞性,nonobliterative,H80.0,0.98688143491745,,,,,
254,3,耳蜗,cochlear,H80.2,0.9392037987709045,,,,,
254,3,涉及,involving,,0.9970954656600952,,,,,
254,4,耳囊,otic capsule,H80.2,0.9894640445709229,,,,,
254,4,卵圆窗,oval window,,0.943571925163269,,,,,
254,5,闭塞性,obliterative,H80.1,0.966895341873169,,,,,
254,5,非闭塞性,nonobliterative,H80.0,0.9752511382102966,,,,,
254,4,圆窗,round window,H80.2,0.9841567277908325,,,,,
254,3,特指的NEC,specified NEC,H80.8,0.9633773565292358,,,,,
255,2,耳硬化症(另见耳硬化),Otospongiosis (see also Otosclerosis),H80.9,0.999721348285675,,,,,
255,2,耳真菌病(弥漫性)(于),Otomycosis (diffuse) (in),B36.9+ H62.2*,0.9786674976348877,,,,,
255,3,念珠菌病,"candidiasis, moniliasis",B37.8+ H62.2*,0.9450511932373047,,,,,
255,3,曲霉病,aspergillosis,B44.8+ H62.2*,0.9678758382797241,,,,,
255,2,耳嵴，先天性,"Ridged ear, congenital",Q17.3,0.9896511435508728,,,,,
255,1,èr 二,,,,,,,,
255,2,二叉，牙,"Dichotomy, teeth",K00.2,0.9930239915847778,,,,,
255,2,二尖瓣的 - 见情况,Mitral - see condition,,0.9620320200920105,,,,,
255,2,二联律,Coupled rhythm,R00.8,0.9999710321426392,,,,,
255,2,二联脉,Bigeminal pulse,R00.8,0.9908305406570435,,,,,
255,2,二联性精神病,Folie deux,F24,0.999984085559845,,,,,
255,2,二色视者(先天性),"Dichromat, dichromatopsia (congenital)",H53.5,0.9951581954956055,,,,,
255,2,二叶主动脉瓣,Bicuspid aortic valve,Q23.1,0.988353431224823,,,,,
255,2,二乙麦角酰胺反应(急性)LSD,LSD reaction (acute),F16.0,0.3419857621192932,,,,,
256,0,F,,,,,,,,
256,1,fā 发,,,0.9996967315673828,,,,,
256,2,发绀,Cyanosis,R23.0,0.9252203702926636,,,,,
256,3,肠源性,enterogenous,D74.8,0.9667615294456482,,,,,
256,3,结膜,conjunctiva,H11.4,0.9689938426017761,,,,,
256,3,视网膜(性),"retina, retinal",H35.8,0.980156660079956,,,,,
256,3,指[趾]阵发性,paroxysmal digital,I73.0,0.9915531873703003,,,,,
256,2,发给，签发,Issue of,,0.9999018907546997,,,,,
256,3,医学证明书(死亡原因)(工作适应性)(丧失工作能力)(劳动能力丧失),medical certificate (cause of death) (fitness) (incapacity) (invalidity),Z02.7,0.9838973879814148,,,,,
256,3,再次处方(装置)(眼镜)(药物),repeat prescription (appliance) (glasses) (medicament),Z76.0,0.9792588353157043,,,,,
256,4,避孕用具(丸),contraceptive (pill),Z30.4,0.9652193188667297,,,,,
256,5,装置(子宫内),device (intrauterine),Z30.5,0.9627953767776489,,,,,
256,2,发酵病的 - 见情况,Zymotic - see condition,,0.9571350812911987,,,,,
256,2,发脾气，儿童问题,"Tantrum, child problem",F91.8,0.9973316192626953,,,,,
256,2,发热 - 见热,Fever,,0.9011308550834656,,,,,
256,2,发热后的 - 见情况,Postfebrile - see condition,,0.9698488116264343,,,,,
256,2,发声困难,Dysphonia,R49.0,0.9601398706436157,,,,,
256,3,功能性,functional,F44.4,0.998577892780304,,,,,
256,3,痉挛性,spastica,J38.3,0.9410609006881714,,,,,
256,3,心因性,psychogenic,F44.4,0.994507908821106,,,,,
256,3,癔症性,hysterical,F44.4,0.9580807089805603,,,,,
256,2,发现时已死(原因不知),Found dead (cause unknown),R98,0.9999445676803589,,,,,
256,2,发炎-见炎,Inflamed - see Inflamed,,0.9991670846939087,,,,,
256,2,发育,Development,,0.9999935626983643,,,,,
256,3,不全，先天性-另见异常，按部位,"imperfect, congenital - see also Anomaly, by site",,0.9863624572753906,,,,,
256,4,肺,lungs,Q33.6,0.9419698119163513,,,,,
256,4,心脏,heart,Q24.9,0.9413171410560608,,,,,
256,3,不完全,incomplete,P05.9,0.9184132814407349,,,,,
256,4,呼吸系统,respiratory system,Q34.8,0.997175931930542,,,,,
256,4,器官或部位未列出-见发育不全，按部位,"organ or site not listed - see Hypoplasia, by site",,0.9729358553886414,,,,,
256,4,支气管树,bronchial tree,Q32.4,0.9430409073829651,,,,,
256,3,迟发性，精神(另见发育迟缓，精神),"tardy, mental (see also Retardation, mental)",F79,0.9781148433685303,,,,,
256,3,缺陷，先天性-另见异常，按部位,"defective, congenital - see also Anomaly, by site",,0.9913570880889893,,,,,
256,4,瓣膜,valve,Q24.8,0.9136562347412109,,,,,
256,5,肺,pulmonary,Q22.2,0.9811630249023438,,,,,
256,4,马尾,cauda equina,Q06.3,0.9637130498886108,,,,,
256,4,左心室,left ventricle,Q24.8,0.9300371408462524,,,,,
256,5,见于左心发育不全综合征,in hypoplastic left heart syndrome,Q23.4,0.9859886169433594,,,,,
257,3,停顿,arrested,R62.8,0.9356287717819214,,,,,
257,4,儿童,child,R62.8,0.9770774841308594,,,,,
257,4,骨,bone,M89.2,0.9612523913383484,,,,,
257,4,胎儿,fetus,P05.9,0.9460150599479675,,,,,
257,5,影响妊娠处理,affecting management of pregnancy,O36.5,0.9573305249214172,,,,,
257,4,由于营养不良,due to malnutrition,E45,0.9335941076278687,,,,,
257,3,延迟(另见延迟，发育),"delayed (see also Delay, development)",R62.8,0.9727872014045715,,,,,
257,4,混合技能,mixed skills,F83,0.9682595729827881,,,,,
257,4,计算技能,arithmetical skills,F81.2,0.9770891666412354,,,,,
257,4,拼写,spelling,F81.1,0.973077654838562,,,,,
257,4,特指的学习技能 NEC,specified learning skill NEC,F81.8,0.9782783389091492,,,,,
257,4,学习技能,learning skills,F81.9,0.9407046437263489,,,,,
257,4,言语,speech,F80.9,0.9618604183197021,,,,,
257,4,语言(技能)(表达性),language (skills) (expressive),F80.1,0.9544380307197571,,,,,
257,4,阅读,reading,F81.0,0.9287899732589722,,,,,
257,4,运动协调,motor coordination,F82,0.9917410612106323,,,,,
257,2,发育不良-另见异常,"Dysplasia, Maldevelopment - see also Anomaly",,0.9737856388092041,,,,,
257,3,干骺端,metaphyseal,Q78.5,0.9782580137252808,,,,,
257,3,宫颈,cervix (uteri),N87.9,0.9829904437065125,,,,,
257,4,轻度,mild,N87.0,0.9533398747444153,,,,,
257,4,中度,moderate,N87.1,0.9415093660354614,,,,,
257,4,重度 NEC,severe NEC,N87.2,0.9481770396232605,,,,,
257,3,骨骼,skeletal,Q78.9,0.9817790985107422,,,,,
257,3,骨骺,"epiphysis, epiphysealis",,0.9603968262672424,,,,,
257,4,点状,punctata,Q77.3,0.9386100769042969,,,,,
257,4,多发性,"multiple, multiplex",Q77.3,0.9408864974975586,,,,,
257,3,骨膜,periosteum,M89.8,0.9746255278587341,,,,,
257,3,关节，先天性,"joint, congenital",Q74.8,0.9662598967552185,,,,,
257,3,红骨(M9275/0),florid osseous (M9275/0),D16.5,0.9629805684089661,,,,,
257,4,上颌(骨),upper jaw (bone),D16.4,0.9744913578033447,,,,,
257,3,肌肉,muscle,Q79.8,0.9540363550186157,,,,,
257,3,脊髓,spinal cord,Q06.1,0.9971009492874146,,,,,
257,3,脊柱,spine,Q76.4,0.9892921447753906,,,,,
257,3,脊椎骨骺,spondyloepiphyseal,Q77.7,0.9387459754943848,,,,,
257,3,脚趾,toe,Q74.2,0.9544470906257629,,,,,
257,3,结肠,colon,Q43.9,0.9751303195953369,,,,,
257,3,髋(畸形),hip (malformation),Q74.2,0.9792047739028931,,,,,
257,4,变形，先天性,"deformity, congenital",Q65.8,0.9804856777191162,,,,,
257,4,先天性脱位,congenital dislocation,Q65.2,0.911439836025238,,,,,
257,5,单侧,unilateral,Q65.0,0.9427286982536316,,,,,
257,5,双侧,bilateral,Q65.1,0.9691139459609985,,,,,
257,3,髋臼，先天性,"acetabular, congenital",Q65.8,0.9798362255096436,,,,,
258,3,乳(腺)(良性),mammary (gland) (benign),N60.9,0.9686406850814819,,,,,
258,4,囊性,cystic,N60.1,0.9515690803527832,,,,,
258,4,特指的NEC,specified NEC,N60.8,0.9787165522575378,,,,,
258,3,乳突,mastoid process,Q75.8,0.989707350730896,,,,,
258,3,软骨外胚层,chondroectodermal,Q77.6,0.9880385398864746,,,,,
258,3,上皮性，宫颈(另见发育不良，宫颈),"epithelial, uterine cervix (see also Dysplasia, cervix)",N87.9,0.9793495535850525,,,,,
258,3,肾,"kidney, renal",Q61.4,0.9713357090950012,,,,,
258,3,视(神经)中隔,septo-optic,Q04.4,0.9944280982017517,,,,,
258,3,视网膜，先天性,"retinal, congenital",Q14.1,0.9798039793968201,,,,,
258,3,腿,leg,Q74.2,0.9585365056991577,,,,,
258,3,外胚层(无汗性)(先天性)(遗传性),ectodermal (anhidrotic) (congenital) (hereditary),Q82.4,0.9943755865097046,,,,,
258,4,多汗性,hydrotic,Q82.8,0.969925582408905,,,,,
258,3,外阴,vulva,N90.3,0.963000476360321,,,,,
258,4,轻度,mild,N90.0,0.9747190475463867,,,,,
258,4,中度,moderate,N90.1,0.9679794311523438,,,,,
258,4,重度 NEC,severe NEC,N90.2,0.9398021697998047,,,,,
258,3,心律失常性右室,arrhythmogenic right ventricular,I42.8,0.9911720752716064,,,,,
258,3,胸腺，伴有免疫缺陷,"thymic, with immunodeficiency",D82.1,0.9802786707878113,,,,,
258,3,眼(先天性),eye (congenital),Q11.2,0.9750527739524841,,,,,
258,3,眼-牙-指[趾],oculodentodigital,Q87.0,0.9953257441520691,,,,,
258,3,阴道,vagina,N89.3,0.9591019153594971,,,,,
258,4,轻度,mild,N89.0,0.9690818786621094,,,,,
258,4,中度,moderate,N89.1,0.9739174246788025,,,,,
258,4,重度NEC,severe NEC,N89.2,0.9660161733627319,,,,,
258,3,营养不良性,dystrophic,Q77.5,0.9913333654403687,,,,,
258,3,右室，心律失常性,"right ventricular, arrhythmogenic",I42.8,0.9769515991210938,,,,,
258,3,支气管肺，围生儿,"bronchopulmonary, perinatal",P27.1,0.9934360384941101,,,,,
258,3,窒息性胸廓(先天性),asphyxiating thoracic (congenital),Q77.2,0.9797688722610474,,,,,
258,3,中耳,middle ear,Q16.4,0.9901946783065796,,,,,
258,2,发育不全(症)(另见缺如),"Hypoplasia, hypoplastic, Agenesis, Aplasia (see also Agenesis)",,0.9871839284896851,,,,,
258,3,鼻,"nose, nasal",Q30.1,0.9875112175941467,,,,,
258,3,臂，意指上肢(先天性),"arm, meaning upper limb (congenital)",Q71.9,0.9640691876411438,,,,,
258,3,髌骨,patella,Q74.1,0.9599762558937073,,,,,
258,3,肠(小),intestine (small),Q41.9,0.9758341908454895,,,,,
258,4,大,large,Q42.9,0.9545308351516724,,,,,
258,5,特指的NEC,specified NEC,Q42.8,0.973263144493103,,,,,
258,3,尺骨(先天性),ulna (congenital),Q71.8,0.9976395964622498,,,,,
258,3,垂体(腺)(先天性),pituitary (gland) (congenital),Q89.2,0.9699652194976807,,,,,
258,3,单侧髁,unilateral condylar,K10.8,0.986324667930603,,,,,
258,3,胆管或胆道,biliary duct or passage,Q44.5,0.9981582760810852,,,,,
258,3,胆囊，先天性,"gallbladder, congenital",Q44.0,0.9917616248130798,,,,,
259,3,骶骨,sacrum,Q76.4,0.9629392027854919,,,,,
259,3,动脉(周围),artery (peripheral),Q27.9,0.981631875038147,,,,,
259,4,肺,pulmonary,Q25.7,0.875140368938446,,,,,
259,4,冠状动脉,coronary,Q24.5,0.9686911106109619,,,,,
259,4,脑(先天性),brain (congenital),Q28.3,0.9616409540176392,,,,,
259,4,脐,umbilical,Q27.0,0.8607423901557922,,,,,
259,4,视网膜性(先天性).,retinal (congenital),Q14.1,0.9650154113769531,,,,,
259,4,特指的NEC,specified NEC,Q27.8,0.9818407893180847,,,,,
259,3,耳(廓)(叶)[小耳],ear (auricle) (lobe),Q17.2,0.970203697681427,,,,,
259,4,中,middle,Q16.4,0.9232562780380249,,,,,
259,3,耳道,auditory canal,Q17.8,0.9548801779747009,,,,,
259,4,引起听觉障碍,causingimpairment of hearing,Q16.9,0.9563700556755066,,,,,
259,3,腓骨(先天性),fibula (congenital),Q72.8,0.9830602407455444,,,,,
259,3,肺(叶)(非与孕期短有关的),"lung, pulmonary (lobe) (not associated with short gestation)",Q33.6,0.9887902140617371,,,,,
259,4,伴有未成熟、早熟或低出生体重,"with immaturity, prematurity or low birth weight",P28.0,0.9889079332351685,,,,,
259,4,与孕期短有关的,associated with short gestation,P28.0,0.9899063110351562,,,,,
259,3,肺，先天性(双侧)(单侧),"lung, congenital (bilateral) (unilateral)",Q33.3,0.9801499843597412,,,,,
259,4,与孕期短有关的,associated with short gestation,P28.0,0.9904996156692505,,,,,
259,3,跗骨,tarsus,Q72.8,0.9655102491378784,,,,,
259,3,附睾(先天性),epididymis (congenital),Q55.4,0.9892166256904602,,,,,
259,3,腹部肌肉综合征,abdominal muscle syndrome,Q79.4,0.9857163429260254,,,,,
259,3,肝,liver,Q44.7 O44.7,0.9270437359809875,,,,,
259,3,肛门，肛(管),"anus, anal (canal)",Q42.3,0.9672226309776306,,,,,
259,4,伴有瘘,with fistula,Q42.2,0.9546412229537964,,,,,
259,3,睾丸(伴有缺如),testicle (with absence),Q55.0,0.9908959865570068,,,,,
259,4,伴有融合,(with fusion),Q55.1,0.9565242528915405,,,,,
259,3,肱骨(先天性),humerus (congenital),Q71.8,0.9760178327560425,,,,,
259,3,宫颈，先天性,"cervix (uteri), congenital",Q51.8,0.9633349180221558,,,,,
259,4,伴有不发育,with agenesis,Q51.5,0.9425289034843445,,,,,
259,3,股骨(先天性),femur (congenital),Q72.8,0.9830959439277649,,,,,
259,3,骨NEC,bone NEC,Q79.9,0.9456580281257629,,,,,
259,4,颅(另见发育不全，颅),"skull (see also Hypoplasia, skull)",Q75.8,0.9776150584220886,,,,,
259,4,面,face,Q75.8,0.8588486909866333,,,,,
259,4,髓,marrow,D61.9,0.9331936836242676,,,,,
259,5,巨核细胞,megakaryocytic,D69.4,0.9913289546966553,,,,,
259,3,骨道(耳),osseous meatus (ear),Q17.8,0.980774462223053,,,,,
259,3,骨髓(髓样),bone marrow (myeloid),D61.9,0.9723628163337708,,,,,
259,3,颌,jaw,K07.0,0.9656397104263306,,,,,
259,3,喉,larynx,Q31.2,0.9857966303825378,,,,,
259,3,呼吸系统NEC,respiratory system NEC,Q34.8,0.9621408581733704,,,,,
259,3,环状软骨,cricoid cartilage,Q31.2,0.9514709711074829,,,,,
260,3,会厌,epiglottis,Q31.2,0.987087607383728,,,,,
260,3,肌肉,muscle,Q79.8,0.9627993702888489,,,,,
260,3,脊(髓)(前角细胞),spinal (cord) (ventral horn cell),Q06.1,0.986932098865509,,,,,
260,3,脊柱，脊椎,"spine, vertebra",Q76.4,0.9932757019996643,,,,,
260,3,甲,nail(s),Q84.6,0.9765245318412781,,,,,
260,3,甲状(腺)(先天性)(伴有粘液水肿).,thyroid (congenital) (with myxedema),E03.1,0.988166332244873,,,,,
260,4,软骨,cartilage,Q31.2,0.9433799386024475,,,,,
260,3,甲状旁(腺),parathyroid (gland),Q89.2,0.9837146401405334,,,,,
260,3,甲状旁-胸腺的,parathyroid-thymic,D82.1,0.9694070219993591,,,,,
260,3,肩带骨[上肢带骨],shoulder girdle,Q74.0,0.9768245220184326,,,,,
260,3,肩胛骨,scapula,Q74.0,0.9931933283805847,,,,,
260,3,脚趾,toe,Q72.8,0.9575780034065247,,,,,
260,3,结肠,colon,Q42.9,0.9967613220214844,,,,,
260,4,特指的 NEC,specified NEC,Q42.8,0.9666920900344849,,,,,
260,3,胫腓(先天性),tibiofibular (congenital),Q72.8,0.9692524671554565,,,,,
260,3,精索,spermatic cord,Q55.4,0.9905465841293335,,,,,
260,3,静脉(周围),vein(s) (peripheral),Q27.8,0.9809569120407104,,,,,
260,4,大,great,Q26.8,0.9062790870666504,,,,,
260,4,脑,brain,Q28.3,0.9648138284683228,,,,,
260,3,局灶性皮肤,focal dermal,Q82.8,0.9745500683784485,,,,,
260,3,巨核细胞,megakaryocytic,D69.4,0.9951356649398804,,,,,
260,3,肋骨,rib,Q76.6,0.9706383943557739,,,,,
260,3,颅(骨),skull (bone),Q75.8,0.9614458680152893,,,,,
260,4,伴有,with,,0.7782725691795349,,,,,
260,5,脑积水,hydrocephalus,Q03.9,0.9672706127166748,,,,,
260,6,伴有脊柱裂(另见脊柱裂，伴有脑积水),"with spina bifida (see also Spina bifida, with hydrocephalus)",Q05.4,0.9869474768638611,,,,,
260,5,脑膨出(另见脑膨出),encephalocele (see also Encephalocele),Q01.9,0.9765139222145081,,,,,
260,5,无脑儿,anencephaly,Q00.0,0.9577838778495789,,,,,
260,5,小头畸形,microcephaly,Q02,0.9726755023002625,,,,,
260,3,卵巢，先天性,"ovary, congenital",Q50.3,0.9982001185417175,,,,,
260,3,盲肠,cecum,Q42.8,0.9789544939994812,,,,,
260,3,毛发,hair,Q84.2,0.9615598917007446,,,,,
260,3,面,face,Q18.8,0.9473860263824463,,,,,
260,4,骨,bone(s),Q75.8,0.8866593837738037,,,,,
260,3,膜迷路,"labyrinth, membranous",Q16.5,0.9942370653152466,,,,,
260,3,脑[无脑儿],brain,Q00.0,0.9757494926452637,,,,,
260,4,部分,of part of,Q04.3,0.9190533757209778,,,,,
260,3,脑[小头畸形],brain,Q02,0.9790040850639343,,,,,
260,4,部分,of part of,Q04.3,0.9010788798332214,,,,,
260,4,脑回,gyri,Q04.3,0.8974945545196533,,,,,
260,3,内分泌(腺)NEC,endocrine (gland) NEC,Q89.2,0.9822722673416138,,,,,
261,3,佩利措伊斯-梅茨巴赫[家族性脑白质病],Pelizaeus-Merzbacher,E75.2,0.9934352040290833,,,,,
261,3,盆腔带,"pelvis, pelvic girdle",Q74.2,0.9960058927536011,,,,,
261,3,皮肤,skin,Q82.8,0.9450498223304749,,,,,
261,4,伴有缺如，先天性,"with absence, congenital",Q84.8,0.9553189873695374,,,,,
261,3,皮质外轴(先天性),axialis extracorticalis (congenita),E75.2,0.9919838905334473,,,,,
261,3,胼胝体,corpus callosum,Q04.0,0.9872235059738159,,,,,
261,3,脐动脉,umbilical artery,Q27.0,0.9621766209602356,,,,,
261,3,前角细胞,ventral horn cell,Q06.1,0.9886571764945984,,,,,
261,3,前列腺,prostate,Q55.4,0.9864839315414429,,,,,
261,3,腔静脉(下)(上),vena cava (inferior) (superior),Q26.8,0.9741380214691162,,,,,
261,3,桡尺骨,radioulnar,Q71.8,0.9841682314872742,,,,,
261,3,桡骨,radius,Q71.8,0.9487769603729248,,,,,
261,3,"乳房(乳晕),先天性","breast, mammary (areola), congenital",Q83.8,0.9684348106384277,,,,,
261,3,腮腺,parotid gland,Q38.4,0.9904241561889648,,,,,
261,3,上颌,maxillary,K07.0,0.9616269469261169,,,,,
261,3,舌,tongue,Q38.3,0.9790036678314209,,,,,
261,3,肾,"kidney(s), renal",Q60.5,0.986855685710907,,,,,
261,4,单侧,unilateral,Q60.3,0.87498539686203,,,,,
261,4,双侧,bilateral,Q60.4,0.9580101370811462,,,,,
261,3,肾上(腺)，先天性,"adrenal (gland), congenital",Q89.1,0.9498002529144287,,,,,
261,3,生殖器官,"genitalia, genital organ(s)",,0.9981718063354492,,,,,
261,4,见于肥胖性生殖无能症.,in adiposogenital dystrophy,E23.6,0.9858052730560303,,,,,
261,4,女性，先天性,"female, congenital",Q52.8,0.9786214232444763,,,,,
261,5,内NEC,internal NEC,Q52.8,0.9553059339523315,,,,,
261,5,外,external,Q52.7,0.9238497614860535,,,,,
261,3,声门,glottis,Q31.2,0.9351174235343933,,,,,
261,3,食管(先天性),esophagus (congenital),Q39.8,0.9857256412506104,,,,,
261,3,手(先天性),hand (congenital),Q71.8,0.9614173769950867,,,,,
261,3,手指(先天性),finger (congenital),Q71.8,0.9790510535240173,,,,,
261,3,髓样,medullary,D61.9,0.9835785627365112,,,,,
261,3,锁骨(先天性),clavicle (congenital),Q74.0,0.9732648134231567,,,,,
261,3,特纳(牙釉质),Turner's,K00.4,0.9769247770309448,,,,,
261,3,头部,cephalic,Q02,0.9772179126739502,,,,,
261,3,腿，意指下肢(先天性),"leg, meaning lower limb (congenital)",Q72.9,0.987307071685791,,,,,
261,3,外阴，先天性,"vulva, congenital",Q52.7,0.9960917830467224,,,,,
261,3,腕骨,carpus,Q71.8,0.9651305675506592,,,,,
261,3,网状组织,reticular,D72.0,0.9891350269317627,,,,,
261,3,尾骨,coccyx,Q76.4,0.9436973929405212,,,,,
261,3,下颌骨，下颌,"mandible, mandibular",K07.0,0.9779767990112305,,,,,
261,4,单侧髁,unilateral condylar,K10.8,0.9696402549743652,,,,,
261,3,消化器官或消化道，先天性NEC,"digestive organ(s) or tract, congenital NEC",Q45.8,0.9878501296043396,,,,,
261,4,上(先天性),upper (congenital),Q40.8,0.961134672164917,,,,,
262,3,小脑,cerebellum,Q04.3,0.9720372557640076,,,,,
262,3,心性,"cardiac, heart",Q24.8,0.9587748646736145,,,,,
262,4,性,sexual,E30.0,0.980083167552948,,,,,
262,3,性腺(由于染色体异常),gonadal (due to chromosomal anomaly),Q96.9,0.983007550239563,,,,,
262,4,单纯[单纯性性腺发育障碍症],pure,Q99.1,0.9854418635368347,,,,,
262,3,胸(腺),thymus (gland),Q89.2,0.9871510863304138,,,,,
262,4,伴有免疫缺陷,with immunodeficiency,D82.1,0.9656922817230225,,,,,
262,3,胸骨,sternum,Q76.7,0.9922822713851929,,,,,
262,3,血管周 NEC,"vascular, peripheral NEC",Q27.8,0.9554430246353149,,,,,
262,4,脑,brain,Q28.3,0.9002748727798462,,,,,
262,3,牙本质,dentinal,K00.5,0.9646059274673462,,,,,
262,3,牙槽突(后天性),alveolar process (acquired),K08.8,0.9955822825431824,,,,,
262,4,先天性,congenital,Q38.6,0.9579371213912964,,,,,
262,3,牙骨质,cementum,K00.4,0.9848002791404724,,,,,
262,3,牙釉质(新生儿)(产褥期)(产前),enamel of teeth (neonatal) (postnatal) (prenatal),K00.4,0.9790958166122437,,,,,
262,3,咽鼓管,eustachian tube,Q17.8,0.9864352941513062,,,,,
262,3,眼,eye,Q11.2,0.9455726742744446,,,,,
262,4,伴有缺如,with absence,Q11.1,0.9425594210624695,,,,,
262,3,眼睑(先天性),eyelid (congenital),Q10.3,0.9678994417190552,,,,,
262,3,眼睫状小带,zonule (ciliary),Q12.8,0.9816964268684387,,,,,
262,3,胰腺,pancreas,Q45.0,0.9762323498725891,,,,,
262,3,阴唇(大)(小)，先天性,"labium (majus) (minus), congenital",Q52.7,0.9570279121398926,,,,,
262,3,阴道,vagina,Q52.4,0.9742968082427979,,,,,
262,3,阴茎(先天性),penis (congenital),Q55.6,0.9674096703529358,,,,,
262,4,伴有缺如,with absence,Q55.5,0.9711899757385254,,,,,
262,3,阴囊,scrotum,Q55.1,0.9820317029953003,,,,,
262,3,右心综合征,right heart syndrome,Q22.6,0.9926156997680664,,,,,
262,3,圆韧带,round ligament,Q52.8,0.9809983372688293,,,,,
262,3,掌骨,metacarpus,Q71.8,0.9663892388343811,,,,,
262,3,支气管,bronchus,Q32.4,0.975347101688385,,,,,
262,3,肢(先天性),limb (congenital),Q73.8,0.9633401036262512,,,,,
262,4,伴有缺如,with absence,Q73.0,0.9717261791229248,,,,,
262,4,上,upper,Q71.0,0.9146468043327332,,,,,
262,4,下,lower,Q72.0 O72.0,0.8984624147415161,,,,,
262,4,上,upper,Q71.9,0.8907591104507446,,,,,
262,4,下,lower,Q72.9,0.9302878379821777,,,,,
262,3,直肠,rectum,Q42.1,0.9752664566040039,,,,,
262,4,伴有瘘,with fistula,Q42.0,0.9277801513671875,,,,,
262,3,跖骨,metatarsus,Q72.8,0.9805454015731812,,,,,
262,3,中心凹(视网膜)(先天性),fovea centralis (congenital),Q14.1,0.9987199902534485,,,,,
262,3,周围血管系统,peripheral vascular system,Q27.8,0.9972600340843201,,,,,
263,3,主动脉(先天性),"aorta, aortic (congenital)",Q25.4,0.9753302335739136,,,,,
263,4,瓣膜,valve,Q23.1,0.9571009874343872,,,,,
263,5,见于左心发育不全综合征,in hypoplastic left heart syndrome,Q23.4,0.9844766855239868,,,,,
263,4,升，见于左心发育不全综合征,"ascending, in hypoplastic left heart syndrome",Q23.4,0.9707937240600586,,,,,
263,3,子宫，先天性,"uterus, congenital",Q51.8,0.9633844494819641,,,,,
263,4,伴有不发育,with agenesis,Q51.0,0.9837659001350403,,,,,
263,3,子宫内膜,endometrium,N85.8,0.9788604378700256,,,,,
263,3,足,foot,Q72.8,0.9766080975532532,,,,,
263,3,左心综合征,left heart syndrome,Q23.4,0.9482976794242859,,,,,
263,2,发育迟缓,Retardation,,0.9998413920402527,,,,,
263,3,发育性，具体的(另见障碍，发育性),"development, developmental, specific (see also Disorder, developmental)",F89,0.9742436408996582,,,,,
263,4,计算技能,arithmetical skills,F81.2,0.9739229679107666,,,,,
263,4,拼写(不伴有阅读障碍),spelling (without reading disorder),F81.1,0.9900032877922058,,,,,
263,4,学习,learning,F81.9,0.9615234732627869,,,,,
263,5,语言(技能)(表达性),—language (skills) (expressive),F80.1,0.9555102586746216,,,,,
263,4,阅读,reading,F81.0,0.9687672853469849,,,,,
263,4,运动功能,motor function,F82,0.9837939143180847,,,,,
263,3,精神,mental,F79,0.9792014360427856,,,,,
263,4,轻度(智商在50-69),mild (IQ 50-69),F70,0.9758653044700623,,,,,
263,4,中度(智商在35-49),moderate (IQ 35-49),F71,0.9661067128181458,,,,,
263,4,重度(智商在20-34),severe (IQ 20-34),F72,0.9545661807060242,,,,,
263,4,极重度(智商低于20),profound (IQ under 20),F73,0.9897038340568542,,,,,
263,4,伴有,with,,0.9293733239173889,,,,,
263,5,孤独特征,autistic features,F84.1,0.983983039855957,,,,,
263,5,活动过度和刻板运动,overactivity and stereotyped movements,F84.4,0.9935746192932129,,,,,
263,4,特指的NEC,specified NEC,F78,0.9737433791160583,,,,,
263,3,拼写(特异性)(不伴有阅读障碍),spelling (specific) (without reading disorder),F81.1,0.9965458512306213,,,,,
263,3,阅读(特异性),reading (specific),F81.0,0.9883137345314026,,,,,
263,3,运动功能，特指的,"motor function, specific",F82,0.9622547626495361,,,,,
263,2,发育迟滞—现译名发育迟缓,Retardation,,0.944831132888794,,,,,
263,2,发育过度-见肥大,Overdevelopment - see Hypertrophy,,0.9982889294624329,,,,,
263,2,发育期痛，儿童,"Growing pains, children",R29.8,0.9999260306358337,,,,,
263,2,发育未成熟(另见未成熟),Dysmaturity (see also Immaturity),P05.0,0.999420166015625,,,,,
263,3,肺(新生儿)(威尔逊-米基迪),pulmonary (newborn) (Wilson-Mikity),P27.0,0.9700709581375122,,,,,
263,2,发育性的 - 见情况,Developmental - see condition,,0.8867870569229126,,,,,
263,2,发育异常,Dysplasia,,0.9999616146087646,,,,,
263,3,动脉，纤维肌肉,"arterial, fibromuscular",I77.3,0.9921842217445374,,,,,
263,3,肺，先天性(非与孕期短有关的),"lung, congenital (not associated with short gestation)",Q33.6,0.9928882718086243,,,,,
263,3,骨干，进行性,"diaphyseal, progressive",Q78.3,0.9966513514518738,,,,,
263,2,发疹后的 - 见情况,Postexanthematous - see condition,,0.9679258465766907,,,,,
264,2,发作[惊厥](另见惊厥),"Absence, Attack, Episode, Seizure(s) (see also Convulsions)",,0.9962641596794128,,,,,
264,3,大,grand mal,G40.6,0.9737711548805237,,,,,
264,3,小,petit mal,G40.7,0.9872430562973022,,,,,
264,3,卒中,"apoplexy, apoplectic",I64,0.9749758839607239,,,,,
264,3,大脑(卒中的),cerebral (apoplectic),I64,0.9609887003898621,,,,,
264,3,癫痛(另见癫痛),epileptic (see also Epilepsy),G40.9,0.888590395450592,,,,,
264,4,非特指的(无张力性)(阵挛性)(肌阵挛性)(强直性)(强直性阵挛性),nonspecific (atonic) (clonic) (myoclonic) (tonic) (tonic-clonic),G40.3,0.9787494540214539,,,,,
264,4,复杂部分,complex partial,G40.2,0.9734872579574585,,,,,
264,4,简单部分,simple partial,G40.1,0.9690601229667664,,,,,
264,4,局灶性发作,localized onset,G40.0,0.9902465343475342,,,,,
264,4,小NEC,petit mal NEC,G40.7,0.9593649506568909,,,,,
264,4,持续状态,status,G41.1,0.936385989189148,,,,,
264,3,癫痛样,"epileptiform, epileptoid",R56.8,0.9189497828483582,,,,,
264,3,大,grand mal,G40.6,0.9107195138931274,,,,,
264,3,小,petit mal,G40.7,0.921615481376648,,,,,
264,4,局灶性,focal,G40.1,0.9614025354385376,,,,,
264,3,短暂性缺血性(TIA),transient ischemic (TIA),G45.9,0.9818547368049622,,,,,
264,4,特指的NEC,specified NEC,G45.8,0.9721741676330566,,,,,
264,3,额手鞠躬,salaam,G40.4,0.9249880909919739,,,,,
264,3,感觉性和运动性-见惊厥,sensory and motor - see Convulsions,,0.9804240465164185,,,,,
264,3,钩回,uncinate,G40.2,0.9665094614028931,,,,,
264,3,冠心病-见梗死，心肌,"coronary - see Infarct, myocardium",,0.9930340647697449,,,,,
264,3,肌阵挛(癫疯),myoclonic,G40.3,0.9453493356704712,,,,,
264,3,绞痛-见 心绞痛,angina - see Angina,,0.9527841210365295,,,,,
264,3,杰克逊(局灶性)(运动型)(感觉型),jacksonian (focal) (motor type) (sensory type),G40.1,0.9916394948959351,,,,,
264,3,惊恐,panic,F41.0,0.9562904834747314,,,,,
264,3,惊厥(另见惊厥),convulsive (see also Convulsions),R56.8,0.9961263537406921,,,,,
264,3,精神病性(另见精神病),psychotic (see also Psychosis),F23.9,0.988350510597229,,,,,
264,3,精神分裂性(急性)NEC，短暂的,"schizophrenic (acute) NEC, brief",F23.2,0.9833326935768127,,,,,
264,3,精神分裂样，短暂的,"schizophreniform, brief",F23.2,0.9656133055686951,,,,,
264,3,精神运动性(另见癫痫),psychomotor (see also Epilepsy),G40.2,0.9531197547912598,,,,,
264,4,器质性,organic,F06.8,0.9784978628158569,,,,,
264,4,酒精戒断性,alcohol withdrawal,F10.3,0.9956168532371521,,,,,
264,3,酒精性,alcohol,F10.3,0.9577416181564331,,,,,
264,3,酒精有关的,alcohol-related,F10.3,0.968664824962616,,,,,
264,3,倔强症 - 见 倔强症,cataleptic - see Catalepsy,,0.9318612217903137,,,,,
264,3,麻痹,paralysis,I64,0.9744732975959778,,,,,
264,3,脑(卒中的),brain (apoplectic),I64,0.9561157822608948,,,,,
264,3,脑性或大脑性,brain or cerebral,I64,0.9636399745941162,,,,,
264,3,皮层性(局灶性)(运动性),cortical (focal) (motor),G40.1,0.987343430519104,,,,,
264,3,青紫，新生儿,"cyanotic, newborn",P28.2,0.9884511828422546,,,,,
265,3,情感性，混合性,"affective, mixed",F38.0,0.9851167798042297,,,,,
265,3,热性,febrile,R56.0,0.9670450091362,,,,,
265,3,斯托克斯-亚当斯[阿-斯综合征],Stokes-Adams,I45.9,0.9789342284202576,,,,,
265,3,无张力性,atonic,G40.3,0.9889823198318481,,,,,
265,3,心血管病,cardiovascular,I51.6,0.9500818848609924,,,,,
265,3,心脏病-见病，心脏,"heart - see Disease, heart",,0.9836078882217407,,,,,
265,3,血管迷走神经性(阵发性)(特发性),vasovagal (paroxysmal) (idiopathic),R55,0.9792324304580688,,,,,
265,3,血管运动性,vasomotor,R57.9,0.9553602337837219,,,,,
265,3,亚当斯-斯托克斯[阿-斯综合征],Adams-Stokes,I45.9,0.9731378555297852,,,,,
265,3,亚躁狂,hypomanic,F30.0,0.9549447298049927,,,,,
265,3,抑郁,depressive,F32.9,0.9868990778923035,,,,,
265,4,轻度,mild,F32.0,0.9101377129554749,,,,,
265,4,中度,moderate,F32.1,0.9069292545318604,,,,,
265,4,重度(不伴有精神症状),severe (without psychotic symptoms),F32.2,0.9695731997489929,,,,,
265,5,伴有精神症状,with psychotic symptoms,F32.3,0.9788606762886047,,,,,
265,4,大(另见障碍，抑郁，大),"major (see also Disorder, depressive, major)",F32.9,0.9447655081748962,,,,,
265,4,复发性-另见障碍，抑郁，复发性,"recurrent - see also Disorder, depressive, recurrent",,0.9166881442070007,,,,,
265,5,短暂的,brief,F38.1,0.9740437865257263,,,,,
265,4,特指的 NEC,specified NEC,F32.8,0.9525396227836609,,,,,
265,3,意识丧失,unconsciousness,R55,0.9781190156936646,,,,,
265,4,癔症性,hysterical,F44.8,0.9017176032066345,,,,,
265,3,癔症性(分离性抽搐),hysterical (dissociative convulsions),F44.5,0.9460409879684448,,,,,
265,4,分离性障碍,dissociative disorder,F44.9,0.9795401096343994,,,,,
265,3,运动不能性(另见癫疯),akinetic (see also Epilepsy),G40.3,0.9637479186058044,,,,,
265,3,晕厥,syncope,R55,0.9824736714363098,,,,,
265,3,躁狂,manic,F30.9,0.9836548566818237,,,,,
265,4,复发性,recurrent,F31.8,0.9848912358283997,,,,,
265,3,阵发性-见惊厥,paroxysmal - see Convulsions,,0.9960286617279053,,,,,
265,3,自主性(癔症性),autonomic (hysterical),F44.5,0.9685510396957397,,,,,
265,2,发作性酒狂,Dipsomania,F10.2,0.999849796295166,,,,,
265,3,伴有精神病(另见精神病，酒精中毒性),"with psychosis (see also Psychosis, alcoholic)",F10.5,0.9964926838874817,,,,,
265,2,发作性睡病,Narcolepsy,G47.4,0.9998606443405151,,,,,
265,1,fǎ 法,,,0.9984531402587891,,,,,
265,2,法贝尔综合征[低色性贫血],Faber's syndrome,D50.9,0.9999169111251831,,,,,
265,2,法伯病或法伯综合征,Farber's disease or syndrome,E75.2,0.9697742462158203,,,,,
265,2,法布里(-安德森)病,Fabry(-Anderson) disease,E75.2,0.9759900569915771,,,,,
265,2,法尔-福尔哈德病(肾的),Fahr-Volhard disease (of kidney),I12.9,0.9799957275390625,,,,,
265,3,伴有肾功能不全,with renal insufficiency,I12.0,0.9605057835578918,,,,,
265,2,法尔病(脑的),Fahr's disease (of brain),G23.8,0.9936439990997314,,,,,
265,2,法乐 - 现译名法洛,Fallot,,0.9300201535224915,,,,,
266,3,四联症,tetrad or tetralogy,Q21.3,0.9769622087478638,,,,,
266,3,五联症,pentalogy,Q21.8,0.9716876745223999,,,,,
266,2,法齐奥-隆德病或综合征[幼年进行性延髓性麻痹],Fazio-Londe disease or syndrome,G12.1,0.9991790056228638,,,,,
266,2,法特壶腹的 - 见情况,Vater's ampulla - see condition,,0.9734964966773987,,,,,
266,2,法西奥-现译名法齐奥,Fazio,,0.9991546869277954,,,,,
266,1,fà 发,,,0.9997712969779968,,,,,
266,2,发结节病,Trichoptilosis,L67.8,0.9636150598526001,,,,,
266,2,发色变异,Variations in hair color,L67.1,0.9651939272880554,,,,,
266,1,fān 翻,,,0.9065694808959961,,,,,
266,2,翻晒干草者肺,Haymaker's lung,J67.0,0.9920430183410645,,,,,
266,1,fán 矾,,,0.9564443826675415,,,,,
266,2,矾土肺,Aluminosis (of lung),J63.0,0.9974085092544556,,,,,
266,1,fán 烦,,,0.9854580163955688,,,,,
266,2,烦渴[多饮],Polydipsia,R63.1,0.97882479429245,,,,,
266,2,烦恼,Worries,R45.2,0.9439100027084351,,,,,
266,1,fán 樊,,,0.9319671392440796,,,,,
266,2,樊尚[急性坏死溃疡性],Vincent's,,0.9994940161705017,,,,,
266,3,口炎,stomatitis,A69.0,0.9385350346565247,,,,,
266,3,咽峡炎,angina,A69.1,0.970565915107727,,,,,
266,3,龈炎,gingivitis,A69.1,0.9369868040084839,,,,,
266,1,fǎn 反,,,0.9808956980705261,,,,,
266,2,反刍,Rumination,R11,0.9184123873710632,,,,,
266,3,新生儿,newborn,P92.1,0.9636982679367065,,,,,
266,3,障碍，婴幼儿,disorder of infancy,F98.2,0.9719434380531311,,,,,
266,2,反复-见重复,Redupiication - see Duplication,,0.9986133575439453,,,,,
266,2,反复跌倒 NEC,Repeated falls NEC,R26.9 R29.6,0.9729348421096802,,,,,
266,2,反验(前)(后),Crossbite (anterior) (posterior),K07.2,0.9400144815444946,,,,,
266,2,反甲[匙状甲],Koilonychia,L60.3,0.9999033808708191,,,,,
266,3,先天性,congenital,Q84.6,0.9547500610351562,,,,,
267,3,二尖瓣-见关闭不全，二尖瓣,"mitral (valve) - see Insufficiency, mitral",,0.9930705428123474,,,,,
267,4,先天性,congenital,Q23.3,0.9673378467559814,,,,,
267,3,三尖瓣(另见关闭不全，三尖瓣),"tricuspid (see also Insufficiency, tricuspid)",I07.1,0.9874525666236877,,,,,
267,4,非风湿性(另见关闭不全，三尖瓣，非风湿性),"nonrheumatic (see also Insufficiency, tricuspid, nonrheumatic)",I36.1,0.9563019871711731,,,,,
267,3,瓣膜 -见 心内膜炎,"valve, valvular - see Endocarditis",,0.926608681678772,,,,,
267,3,肺动脉(瓣),pulmonary (heart) (valve),I37.1,0.9695195555686951,,,,,
267,4,梅毒性,syphilitic,A52.0+ I39.3*,0.9387657642364502,,,,,
267,4,先天性,congenital,Q22.2,0.9634437561035156,,,,,
267,3,膀胱输尿管NEC的(伴有瘢痕形成),vesicoureteral NEC (with scarring),N13.7,0.9919928908348083,,,,,
267,4,伴有肾盂肾炎(慢性),with pyelonephritis (chronic),N11.0,0.9746431708335876,,,,,
267,4,先天性,congenital,Q62.7,0.9239664077758789,,,,,
267,3,食管,esophageal,K21.9,0.9730737209320068,,,,,
267,4,伴有食管炎,with esophagitis,K21.0,0.9745743274688721,,,,,
267,3,食物(另见呕吐),food (see also Vomiting),R11,0.9759005308151245,,,,,
267,4,伴有再吞咽-见 反刍,with reswallowing - see Rumination,,0.9251455664634705,,,,,
267,4,新生儿,newborn,P92.1,0.9795960187911987,,,,,
267,3,输尿管,ureteral,N13.7,0.9910458326339722,,,,,
267,4,伴有肾盂肾炎(慢性),with pyelonephritis (chronic),N11.0,0.9801153540611267,,,,,
267,3,胃内容物(另见呕吐),gastric contents (see also Vomiting),R11,0.9881867170333862,,,,,
267,3,胃食管,gastroesophageal,K21.9,0.9911831617355347,,,,,
267,4,伴有食管炎,with esophagitis,K21.0,0.9827690124511719,,,,,
267,3,心肌 - 见 心内膜炎,myocardial - see Endocarditis,,0.9199023246765137,,,,,
267,3,心脏-见心内膜炎,heart - see Endocarditis,,0.9926960468292236,,,,,
267,3,主动脉(瓣)(另见关闭不全，主动脉),"aortic (valve) (see also Insufficiency, aortic)",I35.1,0.9901591539382935,,,,,
267,4,梅毒性,syphilitic,A52.0+ I39.1*,0.9802002906799316,,,,,
267,2,反射-另见情况,Reflex - see also condition,,0.9866164326667786,,,,,
267,3,瞳孔，异常的,"pupillary, abnormal",H57.0,0.9921658039093018,,,,,
267,3,血管迷走神经性,vasovagal,R55,0.9941685795783997,,,,,
267,3,咽，过强的,hyperactive gag,J39.2,0.9979566931724548,,,,,
267,2,反射，肌阵挛性(癫痈),"Jerks, myoclonic",G25.3,0.9478679299354553,,,,,
267,2,反射减弱,Hyporeflexia,R29.2,0.9554535150527954,,,,,
267,2,反射亢进,Hyper-reflexia,R29.2,0.9621773958206177,,,,,
267,2,反射障碍,Dysreflexia,,0.999832034111023,,,,,
267,3,自主,autonomic,G90.4,0.9950066804885864,,,,,
267,2,反社会型人格,Antisocial personality,F60.2,0.9979947805404663,,,,,
267,2,反酸,Waterbrash,R12,0.9999763369560242,,,,,
267,2,反向,Inversion,,0.9999528527259827,,,,,
267,3,睾丸(先天性),testis (congenital),Q55.2,0.9925373792648315,,,,,
267,3,器官或部位，先天性NEC-见异常，按部位,"organ or site, congenital NEC - see Anomaly, by site",,0.9886054396629333,,,,,
267,3,心室,ventricular,Q20.5,0.996577262878418,,,,,
267,2,反向阅读(失读症),Backward reading (dyslexia),F81.0,0.9768813252449036,,,,,
268,2,反应-另见障碍,Reaction – see also Disorder,,0.9994247555732727,,,,,
268,3,X线NEC,X-ray NEC,T66,0.9435623288154602,,,,,
268,3,阿蒂斯-见阿蒂斯现象,Arthus - see Arthus' phenomenon,,0.969530463218689,,,,,
268,3,白血病样(淋巴细胞性)(单核细胞性)(中幼粒细胞),leukemoid (lymphocytic) (monocytic) (myelocytic),D72.8,0.9538072347640991,,,,,
268,3,悲哀,grief,F43.2,0.9618924856185913,,,,,
268,3,变应性(另见变态反应),allergic (see also Allergy),T78.4,0.9846769571304321,,,,,
268,4,食物(任何)(内服的) NEC,food (any) (ingested) NEC,T78.1,0.9718441963195801,,,,,
268,5,皮炎,dermatitis,L27.2,0.9426807165145874,,,,,
268,3,血清,serum,T80.6,0.9613144397735596,,,,,
268,3,药物、药剂或生物学的-见变态反应，药物,"drug, medicament or biological - see Allergy, drug",,0.9782229661941528,,,,,
268,3,处境性(另见反应，调节),"situational (see also Reaction, adjustment)",F43.2,0.9942734241485596,,,,,
268,4,急性,acute,F43.0,0.9595226645469666,,,,,
268,3,适应不良,maladjustment,F43.2,0.9922252893447876,,,,,
268,3,创伤后紧张，简单的,"post-traumatic stress, uncomplicated",Z73.3,0.9751517176628113,,,,,
268,3,低血糖性，由于胰岛素引起的,"hypoglycemic, due to insulin",E16.0,0.9913227558135986,,,,,
268,4,伴有昏迷(糖尿病性)-编码于E10-E14伴有第四位数.0,with coma (diabetic) - code to E10-E14 with fourth character.0,,0.9847655296325684,,,,,
268,5,非糖尿病性,nondiabetic,E15,0.9698140025138855,,,,,
268,4,医疗中意外事故,therapeutic misadventure,T38.3,0.9867681860923767,,,,,
268,3,毒素-抗毒素-见并发症，接种,"toxin-antitoxin - see Complications, vaccination",,0.9866647124290466,,,,,
268,3,多动-见运动过度,hyperkinetic - see Hyperkinesia,,0.9807674884796143,,,,,
268,3,二乙麦角酰胺(急性)LSD,LSD (acute),F16.0,0.9682828187942505,,,,,
268,3,放射后 NEC,postradiation NEC,T66,0.9479956030845642,,,,,
268,3,分离性,dissociative,F44.9,0.972943902015686,,,,,
268,3,辐射 NEC,radiation NEC,T66,0.9223524332046509,,,,,
268,3,过敏性-见休克，过敏性,"anaphylactic - see Shock, anaphylactic",,0.9738264083862305,,,,,
268,3,赫克斯海默,Herxheimer's,T78.2,0.9849072694778442,,,,,
268,3,回避，童年或青少年,"withdrawing, child or adolescent",F93.2,0.9960784316062927,,,,,
268,3,脊椎穿刺,spinal puncture,G97.1,0.9740002155303955,,,,,
268,3,焦虑性,anxiety,F41.1,0.9632878303527832,,,,,
268,3,接种(免疫血清)(任何)-见并发症，接种,"inoculation, vaccination (immune serum)(any) - see Complications, vaccination",,0.9834941625595093,,,,,
268,3,结核菌素皮肤试验，异常的,"tuberculin skin test, abnormal",R76.1,0.9958800077438354,,,,,
268,3,精神病性,psychotic,F23.9,0.9917632341384888,,,,,
268,3,精神分裂性,schizophrenic,F23.2,0.9931973218917847,,,,,
268,4,急性(短暂)(未分化),acute (brief) (undifferentiated),F23.2,0.9706414937973022,,,,,
268,4,潜隐型,latent,F21,0.9520804286003113,,,,,
268,4,未分化(急性)(短暂),undifferentiated (acute) (brief),F23.2,0.9629941582679749,,,,,
268,3,精神神经症型(另见神经症),psychoneurotic (see also Neurosis),F48.9,0.9721924662590027,,,,,
268,4,强迫动作性,obsessive,F42.0,0.9731277227401733,,,,,
268,4,强迫思维性,compulsive,F42.1,0.9712287187576294,,,,,
268,3,精神生理学(另见障碍，躯体形式),"psychophysiological (see also Disorder, somatoform)",F45.9,0.9984387755393982,,,,,
268,4,由于或与躯体状况有关,due to or associated with physical condition,F06.8,0.9669596552848816,,,,,
269,3,抗毒素(预防性)(治疗性)-见并发症，接种,"antitoxin (prophylactic) (therapeutic) - see Complications, vaccination",,0.9771177172660828,,,,,
269,3,恐怖,"fear, phobic",F40.9,0.9748643636703491,,,,,
269,4,儿童(异常的),child (abnormal),F93.1,0.9822155833244324,,,,,
269,3,麻醉-见麻醉，并发症,"anesthesia - see Anesthesia, complication",,0.9835461378097534,,,,,
269,3,梅毒血清学-见梅毒血清学,serological for syphilis - see Serology for syphilis,,0.9827626347541809,,,,,
269,3,免疫接种-见并发症，接种,"immunization - see Complications, vaccination",,0.9897028803825378,,,,,
269,3,脑脊液丢失,"fluid loss, cerebrospinal",G97.1,0.9959230422973633,,,,,
269,3,偏执(急性),paranoid (acute),F23.3,0.974579930305481,,,,,
269,4,慢性,chronic,F22.0,0.9855282306671143,,,,,
269,4,老年性,senile,F03,0.9686394333839417,,,,,
269,3,破伤风抗毒素-见并发症，接种,"tetanus antitoxin - see Complications, vaccination",,0.9871399998664856,,,,,
269,3,器质性，急性或亚急性(另见谵妄),"organic, acute or subacute (see also Delirium)",F05.9,0.9898780584335327,,,,,
269,3,强迫动作性,compulsive,F42.1,0.9858030676841736,,,,,
269,3,强迫性,obsessive-compulsive,F42.9,0.9690008163452148,,,,,
269,3,情感(另见障碍，情感),"affective (see also Disorder, affective)",F39,0.9816522002220154,,,,,
269,3,躯体化(另见障碍，躯体形式),"somatization (see also Disorder, somatoform)",F45.9,0.9975389838218689,,,,,
269,3,神经衰弱性,neurasthenic,F48.0,0.9563968181610107,,,,,
269,3,神经源性(另见神经症),neurogenic (see also Neurosis),F48.9,0.9813975095748901,,,,,
269,3,神经症性,neurotic,F48.9,0.9638605117797852,,,,,
269,3,适应(另见反应，调节),"adaption (see also Reaction, adjustment)",F43.2,0.9975364804267883,,,,,
269,3,手术操作-见并发症，手术操作,"surgical procedure - see Complications, surgical procedure",,0.9741203188896179,,,,,
269,3,输血(变应性)(血液)(骨髓)(淋巴细胞)-见并发症，输血,"transfusion (allergic) (blood) (bone marrow) (lymphocytes) - see Complications, transfusion",,0.9884033799171448,,,,,
269,3,输注-见并发症，输注,"infusion - see Complications, infusion",,0.983293890953064,,,,,
269,3,衰弱,asthenic,F48.0,0.9150563478469849,,,,,
269,3,调节(焦虑)(品行障碍)(抑郁)(痛苦)(情绪紊乱),adjustment (anxiety) (conduct disorder) (depressiveness) (distress) (emotional disturbance),F43.2,0.9861381649971008,,,,,
269,4,伴有选择性缄默症(青少年)(儿童),"with mutism, elective (adolescent) (child)",F94.0,0.9634202122688293,,,,,
269,3,危机，急性,"crisis, acute",F43.0,0.9861472249031067,,,,,
269,3,心因性,psychogenic,F99,0.9933475255966187,,,,,
269,3,猩红热毒素-见并发症，接种,"scarlet fever toxin - see Complications, vaccination",,0.9938235878944397,,,,,
269,3,血清学(预防性)(治疗性),serum (prophylactic) (therapeutic),T80.6,0.9748843312263489,,,,,
269,4,即刻,immediate,T80.5,0.9934112429618835,,,,,
269,3,血型不配合,incompatibility,,0.9647367596626282,,,,,
269,4,Rh(因子)(输注)(输血),Rh (factor) (infusion) (transfusion),T80.4,0.9623733758926392,,,,,
269,4,血型(ABO)(输注)(输血),blood group (ABO) (infusion) (transfusion),T80.3,0.9658799171447754,,,,,
269,3,亚硝酸盐样-见危象，亚硝酸盐样,"nitritoid - see Crisis, nitritoid",,0.9957529902458191,,,,,
269,3,亚躁狂,hypomanic,F30.0,0.9619700312614441,,,,,
269,3,炎性-见感染,inflammatory - see Infection,,0.9811190366744995,,,,,
269,3,腰椎穿刺,lumbar puncture,G97.1,0.9768442511558533,,,,,
270,3,药物 NEC,drug NEC,T88.7,0.9466670751571655,,,,,
270,4,变应性-见变态反应，药物,"allergic - see Allergy, drug",,0.9811232686042786,,,,,
270,4,成瘾性-编码于F11-F19伴有第四位数.9,addictive - code to F11-F19 with fourth character.9,,0.9925693869590759,,,,,
270,5,经过胎盘或乳汁传播-见吸收不良，药物，成瘾性，通过胎盘,"transmitted via placenta or breast milk - see Absorption, drug, addictive, through placenta",,0.9779840707778931,,,,,
270,4,给错或服错药物,wrong substance given or taken in error,T50.9,0.9642885327339172,,,,,
270,5,特指的药物-见药物和化学制剂表,specified drug - see Table of drugs and chemicals,,0.9921351671218872,,,,,
270,4,光变应性,photoallergic,L56.1,0.977232038974762,,,,,
270,4,光毒性,phototoxic,L56.0,0.9715296626091003,,,,,
270,4,过量或中毒,overdose or poisoning,T50.9,0.9767395853996277,,,,,
270,5,特指的药物-见 药物和化学制剂表,specified drug - see Table of drugs and chemicals,,0.957562267780304,,,,,
270,4,戒断-编码于F11-F19伴有第四位数.3,withdrawal - code to F11-F19 with fourth character.3,,0.9827293157577515,,,,,
270,5,新生儿,newborn,P96.1,0.958003044128418,,,,,
270,5,有药瘾母亲的婴儿,— infant of dependent mother,P96.1,0.9653860330581665,,,,,
270,4,恰当使用正确的物质,correct substance properly administered,T88.7,0.9805025458335876,,,,,
270,4,苔癣样,lichenoid,L43.2,0.9909576177597046,,,,,
270,4,新生儿,newborn,P93,0.9590376615524292,,,,,
270,3,胰岛素,insulin,T78.4,0.9312140345573425,,,,,
270,3,疑病,hypochondriacal,F45.2,0.9704765677452087,,,,,
270,3,异,foreign,,0.9481421113014221,,,,,
270,4,物 NEC,body NEC,M60.2,0.9541932344436646,,,,,
270,4,在操作中对意外遗留(化学性)(粉剂)(滑石粉)异物的,substance accidentally left during a procedure (chemical) (powder) (talc),T81.6,0.9790017008781433,,,,,
270,3,抑郁(单次发作),depressive (single episode),F32.9,0.992998480796814,,,,,
270,4,非器质性精神,psychotic,F32.3,0.9949381351470947,,,,,
270,4,复发性-见障碍，抑郁，复发性,"recurrent - see Disorder, depressive, recurrent",,0.9742094278335571,,,,,
270,3,癔症性,hysterical,F44.9,0.9203391075134277,,,,,
270,3,应激(严重的),stress (severe),F43.9,0.9834766387939453,,,,,
270,4,急性(激动)(“茫然”)(定向障碍)(意识障碍)(逃跑反应)(神游),"acute (agitation) (""daze"") (disorientation) (disturbance of consciousness) (flight reaction) (fugue)",F43.0,0.9779030084609985,,,,,
270,4,特指的NEC,specified NEC,F43.8,0.9902863502502441,,,,,
270,3,躁狂-抑郁-见障碍，双相，情感性,"manic-depressive - see Disorder, bipolar, affective",,0.9885565042495728,,,,,
270,3,中毒性，对局部麻醉,"toxic, to local anesthesia",T81.8,0.9960950016975403,,,,,
270,4,产后，产褥期,"postpartum, puerperal",O89.3,0.9556705951690674,,,,,
270,4,妊娠中,in pregnancy,O29.3,0.9674097895622253,,,,,
270,4,在产程和分娩中,in labor and delivery,O74.4,0.9719561338424683,,,,,
270,3,转换性,conversion,F44.9,0.9806520938873291,,,,,
270,3,紫外线NEC,ultraviolet NEC,T66,0.9753543734550476,,,,,
270,2,反应性抑郁-见反应，抑郁,"Reactive depression - see Reaction, depressive",,0.994718611240387,,,,,
270,2,反转录病毒[逆转录病毒]，作为分类于他处疾病的原因,"Retrovirus, as cause of disease classified elsewhere",B97.3,0.9954208731651306,,,,,
271,1,fàn 犯,,,,,,,,
271,2,犯罪行为的受害者,"Crime, victim of",Z65.4,0.999968945980072,,,,,
271,2,犯罪主义者,Criminalism,F60.2,0.999984860420227,,,,,
271,1,fàn 范,,,0.9795290231704712,,,,,
271,2,范博盖尔特-谢勒-爱泼斯坦病或综合征[脑腱胆固醇沉着],Van Bogaert-Scherer-Epstein disease or syndrome,E75.5,0.9615817070007324,,,,,
271,2,范博盖尔特白质脑病(硬化性)(亚急性),Van Bogaert's leukoencephalopathy (sclerosing) (subacute),A81.1,0.9928809404373169,,,,,
271,2,范德赫夫(-德克莱恩)综合征[蓝巩膜、成骨不全和耳硬化],Van der Hoeve(-de Kleyn) syndrome,Q78.0,0.9766381978988647,,,,,
271,2,范德沃德综合征,Van der Woude's syndrome,Q38.0,0.9998683929443359,,,,,
271,2,范科尼(-德托尼)(-德布雷)综合征[胱氨酸病],Fanconi(-de Toni)(-Debre) syndrome,E72.0,0.9995724558830261,,,,,
271,2,范科尼贫血[先天性再生障碍性贫血],Fanconi's anemia,D61.0,0.9997943639755249,,,,,
271,2,范克里弗尔德-冯·吉尔克病[糖原贮积病],Van Creveld-von Gierke disease,E74.0,0.99944007396698,,,,,
271,2,范奈克病或骨软骨病[坐骨耻骨的软骨结合],Van Neck's disease or osteochondrosis,M91.0,0.9993401765823364,,,,,
271,1,fāng 芳,,,0.9999788403511047,,,,,
271,2,芳香氨基酸代谢紊乱,Aromatic amino-acid metabolism disorder,E70.9,0.9998692274093628,,,,,
271,3,特指的NEC,specified NEC,E70.8,0.9676072001457214,,,,,
271,1,fáng 防,,,0.9603021144866943,,,,,
271,2,防止妊娠,Interception of pregnancy,Z30.3,0.9540553092956543,,,,,
271,1,fáng 妨,,,0.979034960269928,,,,,
271,2,妨碍,"Handicap, handicapped",,0.9983812570571899,,,,,
271,3,受教育,educational,Z55.9,0.9870184659957886,,,,,
271,4,特指的 NEC,specified NEC,Z55.8,0.9498676061630249,,,,,
271,1,fáng 房,,,0.9186996817588806,,,,,
271,2,房室传导加速,Accelerated atrioventricular conduction,I45.6,0.9899942874908447,,,,,
271,1,fàng 放,,,0.9999608993530273,,,,,
271,2,放射尘回降(有害效应)NEC,"Fallout, radioactive (adverse effect) NEC",T66,0.992228627204895,,,,,
271,2,放射性坏死 NEC,Radionecrosis NEC,T66,0.9735971093177795,,,,,
271,2,放射性皮肤烧伤(急性、慢性或职业性)-见烧伤,"Radiodermal burns (acute, chronic, or occupational)- see Burn",,0.9859709739685059,,,,,
272,2,放射性皮炎,Radiodermatitis,L58.9,0.9822946190834045,,,,,
272,3,急性,acute,L58.0,0.9605900645256042,,,,,
272,3,慢性,chronic,L58.1,0.9564486145973206,,,,,
272,2,放射性神经炎,Actinoneuritis,G62.8,0.9904682636260986,,,,,
272,2,放射性物质的有害效应 NEC,"Radioactive substances, adverse effects NEC",T66,0.9785740375518799,,,,,
272,2,放射治疗期间,Radiotherapy session,Z51.0,0.9729993343353271,,,,,
272,2,放线杆菌病,"Actinobacillosis, actinobacillus",A28.8,0.9982130527496338,,,,,
272,2,放线菌病(性),"Actinomycosis, actinomycotic",A42.9,0.9774264693260193,,,,,
272,3,败血症,septicemia,A42.7,0.974382758140564,,,,,
272,3,伴有肺炎,with pneumonia,A42.0+ J17.0*,0.983159601688385,,,,,
272,3,肺,pulmonary,A42.0,0.982712984085083,,,,,
272,3,腹部,abdominal,A42.1,0.99498051404953,,,,,
272,3,颈面部,cervicofacial,A42.2,0.9705770611763,,,,,
272,3,皮肤,cutaneous,A42.8,0.9392238259315491,,,,,
272,3,特指部位 NEC,specified site NEC,A42.8,0.9383327960968018,,,,,
272,3,胃肠,gastrointestinal,A42.1,0.9578218460083008,,,,,
272,2,放线菌瘤(足),Actinomycetoma (foot),B47.1,0.9681494235992432,,,,,
272,2,放置,Insertion,,0.9999473094940186,,,,,
272,3,子宫内避孕装置,intrauterine contraceptive device,Z30.1,0.9844768047332764,,,,,
272,1,fēi 非,,,0.9891222715377808,,,,,
272,2,非白血性 - 见情况,Aleukemic - see condition,,0.9595366716384888,,,,,
272,2,非典型-另见情况,"Atypical, atypism - see also condition",,0.9973235726356506,,,,,
272,3,子宫内膜,endometrium,N85.9,0.9920660853385925,,,,,
272,4,增生(腺瘤),hyperplasia (adenomatous),N85.1,0.9841238260269165,,,,,
272,2,非活动性的 - 见情况,Inactive - see condition,,0.9341562390327454,,,,,
272,2,非霍奇金[何杰金]淋巴瘤NEC(M9591/3),Non-Hodgkin's lymphoma NEC (M9591/3),C85.9,0.9876673221588135,,,,,
272,3,人类免疫缺陷病毒(HIV)病所致,resulting from HIV disease,B21.2,0.9973719120025635,,,,,
272,2,非社交型人格,Asocial personality,F60.2,0.9626218676567078,,,,,
272,2,非酮症性高甘油酸血症,Nonketotic hyperglycinemia,E72.5,0.9998362064361572,,,,,
272,2,非性病性梅毒,"Bejel, Dichuchwa",A65,0.9994919896125793,,,,,
272,2,非炎性心肌病(另见心肌病),Myocardosis (see also Cardiomyopathy),I42.9,0.9865702390670776,,,,,
272,2,非洲回归热,Carapata (disease),A68.0,0.9963473677635193,,,,,
272,2,非洲眼线虫病,Eyeworm disease of Africa,B74.3,0.9997793436050415,,,,,
272,2,非洲锥虫病[睡眠病]NEC(另见病，睡眠),"Sleeping sickness NEC (see also Sickness, sleeping)",B56.9,0.9950933456420898,,,,,
272,2,非自身免疫性溶血性贫血,Nonautoimmune hemolytic anemia,D59.4,0.9963741302490234,,,,,
272,3,药物性,drug-induced,D59.2,0.9332210421562195,,,,,
272,1,fēi 菲,,,0.9645220041275024,,,,,
272,2,菲茨休-柯蒂斯综合征(淋球菌性),Fitzhugh-Curtis syndrome (gonococcal),A54.8+ K67.1*,0.9946392178535461,,,,,
273,2,菲尔德,Fiedler's,,0.9999377131462097,,,,,
273,3,病(出血性黄疸钩端螺旋体病),disease (icterohemorrhagic leptospirosis),A27.0,0.9945563673973083,,,,,
273,3,心肌炎(急性),myocarditis (acute),I40.1,0.9820391535758972,,,,,
273,2,菲拉托夫病[传染性单核细胞增多症],Filatov's disease,B27.0,0.9768343567848206,,,,,
273,1,féi 肥,,,0.9999394416809082,,,,,
273,2,肥大，肥厚性,"Bulky, Hypertrophy, Hypertrophic",,0.9910501837730408,,,,,
273,3,瘢痕,scar,L91.0,0.9422878623008728,,,,,
273,3,半侧颜面,hemifacial,Q67.4,0.9706329107284546,,,,,
273,3,半月板，膝，先天性,"meniscus, knee, congenital",Q74.1,0.9947111010551453,,,,,
273,3,包皮(先天性),prepuce (congenital),N47,0.9848934412002563,,,,,
273,4,女性(阴蒂),female,N90.8,0.9518776535987854,,,,,
273,3,鼻,nasal,J34.8,0.9956983923912048,,,,,
273,4,窦,sinus,J34.8,0.9038622379302979,,,,,
273,4,骨,bone,J34.8,0.9601029753684998,,,,,
273,4,甲,turbinate,J34.3,0.9408316612243652,,,,,
273,4,粘膜(鼻中隔),mucous membrane (septum),J34.3,0.9716271162033081,,,,,
273,4,软骨,cartilage,J34.8,0.9706370830535889,,,,,
273,4,翼,alae,J34.8,0.9590885043144226,,,,,
273,3,鼻咽，淋巴样(感染性)(组织)(壁),"nasopharynx, lymphoid (infectional) (tissue) (wall)",J35.2,0.9829836487770081,,,,,
273,3,鼻炎(鼻甲),rhinitis (turbinate),J31.0,0.9870885014533997,,,,,
273,3,扁桃体(咽门)(感染性)(舌)(淋巴样),tonsils (faucial) (infective) (lingual) (lymphoid),J35.1,0.9901158809661865,,,,,
273,4,和腺样体,with adenoids,J35.3,0.9802395701408386,,,,,
273,3,肠 NEC,intestine NEC,K63.8,0.9395888447761536,,,,,
273,3,处女膜，先天性,"hymen, congenital",Q52.4,0.9837352633476257,,,,,
273,3,"垂体(前叶[腺垂体])(窝)(腺),6",pituitary (anterior) (fossa) (gland),E23.6,0.9750617146492004,,,,,
273,3,唇,lip,K13.0,0.9422071576118469,,,,,
273,4,先天性,congenital,Q18.6,0.9458367824554443,,,,,
273,3,胆囊，胆囊管,"gallbladder, cystic duct",K82.8,0.9922046661376953,,,,,
273,3,胆总管(肝总管),bile duct (common) (hepatic),K83.8,0.979435920715332,,,,,
273,3,动脉,artery,I77.8,0.956849217414856,,,,,
273,4,先天性NEC,congenital NEC,Q27.8,0.9877729415893555,,,,,
273,3,腭(硬),palate (hard),K10.8,0.9875718355178833,,,,,
273,4,软,soft,K13.7,0.9666226506233215,,,,,
273,3,附睾,epididymis,N50.8,0.9924905300140381,,,,,
273,3,肝,"hepatic, liver",R16.0,0.9865143895149231,,,,,
273,4,急性,acute,K76.8,0.9619956612586975,,,,,
273,4,硬变-见硬变，肝,"cirrhotic - see Cirrhosis, liver",,0.9130465388298035,,,,,
273,4,脂肪性-见脂肪(性)，肝,"fatty - see Fatty, liver",,0.9604501128196716,,,,,
273,3,肛乳头,anal papillae,K62.8,0.9928765296936035,,,,,
273,3,睾丸,testis,N50.8,0.989800751209259,,,,,
273,4,先天性,congenital,Q55.2,0.9679619669914246,,,,,
274,3,宫颈,cervix (uteri),N88.8,0.9646840691566467,,,,,
274,4,先天性,congenital,Q51.8,0.9351359009742737,,,,,
274,4,延长,elongation,N88.4,0.9474797248840332,,,,,
274,3,骨,bone,M89.3,0.9719781875610352,,,,,
274,3,关节(另见关节病),arthritis (see also Arthrosis),M19.9,0.9840342402458191,,,,,
274,3,滑膜NEC,synovial NEC,M67.2,0.9549981951713562,,,,,
274,3,回肠,ileum,K63.8,0.9827149510383606,,,,,
274,3,肌层，动脉,"muscular coat, artery",I77.8,0.94996178150177,,,,,
274,3,肌肉,muscle,M62.8,0.9951275587081909,,,,,
274,3,脊柱炎,spondylitis,M47.9,0.9878025054931641,,,,,
274,3,甲,nail,L60.2,0.95094895362854,,,,,
274,4,先天性,congenital,Q84.5,0.9549862146377563,,,,,
274,3,甲状(腺)(另见甲状腺肿),thyroid (gland) (see also Goiter),E04.9,0.9820207357406616,,,,,
274,3,甲状旁(腺),parathyroid (gland),E21.0,0.9812780022621155,,,,,
274,3,假性肌肉,pseudomuscular,G71.0,0.9719194769859314,,,,,
274,3,睑板腺,meibomian gland,H00.1,0.9734351634979248,,,,,
274,3,腱,tendon,M67.8,0.9971151947975159,,,,,
274,3,脚趾(先天性),toe (congenital),Q74.2,0.9919070601463318,,,,,
274,4,后天性,acquired,M20.5,0.9897550344467163,,,,,
274,3,结肠(另见巨结肠),colon (see also Megacolon),K59.3,0.9880369901657104,,,,,
274,4,先天性,congenital,Q43.2,0.97052401304245,,,,,
274,3,结膜，淋巴样,"conjunctiva, lymphoid",H11.8,0.9622398614883423,,,,,
274,3,精阜,verumontanum,N36.8,0.9102779030799866,,,,,
274,3,精囊,seminal vesicle,N50.8,0.9809766411781311,,,,,
274,3,精索,spermatic cord,N50.8,0.970718502998352,,,,,
274,3,静脉,vein,I87.8,0.9229819774627686,,,,,
274,3,空肠,jejunum,K63.8,0.9777156114578247,,,,,
274,3,裂孔(食管),hiatus (esophageal),Q79.1,0.9852957725524902,,,,,
274,3,淋巴结，淋巴腺,"gland, glandular, lymph, lymphatic gland",R59.9,0.9901903867721558,,,,,
274,4,结核性-见结核，淋巴腺,"tuberculous - see Tuberculosis, lymph gland",,0.9762136936187744,,,,,
274,4,局部性,localized,R59.0,0.9648026823997498,,,,,
274,4,全身性,generalized,R59.1,0.9874213933944702,,,,,
274,3,卵巢,ovary,N83.8,0.9714207053184509,,,,,
274,3,盲肠(另见巨结肠),cecum (see also Megacolon),K59.3,0.9816925525665283,,,,,
274,3,梅克尔憩室[麦克尔憩室](先天性),Meckel's diverticulum (congenital),Q43.0,0.9980244636535645,,,,,
274,3,门淋巴结,hilus gland,R59.0,0.9634546637535095,,,,,
274,3,脑,brain,G93.8,0.9756233096122742,,,,,
274,3,粘膜,mucous membrane,,0.9621977210044861,,,,,
274,4,鼻(甲),nose (turbinate),J34.3,0.9423601031303406,,,,,
274,4,牙槽嵴,alveolar ridge,K06.2,0.9542791247367859,,,,,
274,4,龈,gum,K06.1,0.9186723232269287,,,,,
274,3,尿道,urethra,N36.8,0.9779118299484253,,,,,
275,3,膀胱(括约肌)(三角区),bladder (sphincter) (trigone),N32.8,0.9663524627685547,,,,,
275,3,脾-见脾大,spleen - see Splenomegaly,,0.9872013926506042,,,,,
275,3,器官或部位，先天性NEC-见异常，按部位,"organ or site, congenital NEC - see Anomaly, by site",,0.980668842792511,,,,,
275,3,前列腺(腺纤维瘤性)(无症状)(良性)(早期)(复发性),prostate (adenofibromatous) (asymptomatic) (benign) (early) (recurrent),N40,0.9789984226226807,,,,,
275,4,先天性,congenital,Q55.4,0.9625064134597778,,,,,
275,3,前庭大腺,Bartholin's gland,N75.8,0.9936601519584656,,,,,
275,3,鞘膜,tunica vaginalis,N50.8,0.9531562328338623,,,,,
275,3,韧带,ligament,M24.2,0.9745227098464966,,,,,
275,3,乳房,breast,N62,0.9512481093406677,,,,,
275,4,产褥期、产后,"puerperal, postpartum",O92.2,0.9289258122444153,,,,,
275,4,老年性(实质),senile (parenchymatous),N62,0.9626051783561707,,,,,
275,4,囊性,cystic,N60.1,0.9532098770141602,,,,,
275,5,伴有上皮增生,with epithelial proliferation,N60.3,0.9276864528656006,,,,,
275,4,青春期，巨大,"pubertal, massive",N62,0.970009982585907,,,,,
275,4,胎儿或新生儿,fetus or newborn,P83.4,0.9643365740776062,,,,,
275,3,乳头,nipple,N62,0.9797772765159607,,,,,
275,3,乳腺-见肥大，乳房,"mammary gland - see Hypertrophy, breast",,0.9853847622871399,,,,,
275,3,软骨,cartilage,M94.8,0.9742723703384399,,,,,
275,3,腮腺,parotid gland,K11.1,0.9788416028022766,,,,,
275,3,舌,tongue,K14.8,0.9615147113800049,,,,,
275,4,乳头(叶状),papillae (foliate),K14.3,0.9686641097068787,,,,,
275,4,先天性,congenital,Q38.2,0.9835643768310547,,,,,
275,3,舌扁桃体(感染性),lingual tonsil (infective),J35.1,0.9844292402267456,,,,,
275,4,和腺样体,with adenoids,J35.3,0.9567603468894958,,,,,
275,3,舌下腺,sublingual gland,K11.1,0.9479835629463196,,,,,
275,3,肾(代偿性),kidney (compensatory),N28.8,0.9587712287902832,,,,,
275,4,先天性,congenital,Q63.3,0.9535198211669922,,,,,
275,3,肾上腺皮质(腺),"adrenal cortex, suprarenal cortex (gland)",E27.8,0.9946640133857727,,,,,
275,3,声带,vocal cord,J38.3,0.9881652593612671,,,,,
275,3,十二指肠,duodenum,K31.8,0.9791327714920044,,,,,
275,3,食管裂孔(先天性),esophageal hiatus (congenital),Q79.1 O79.1,0.9749559760093689,,,,,
275,4,伴有疝-见疝，裂孔,"with hernia - see Hernia, hiatal",,0.9515500664710999,,,,,
275,3,输精管,vas deferens,N50.8,0.9694956541061401,,,,,
275,3,输尿管,ureter,N28.8,0.9544909596443176,,,,,
275,3,外阴,vulva,N90.6,0.9776905179023743,,,,,
275,4,停滞性(非丝虫性),stasis (nonfilarial),N90.6,0.9808236360549927,,,,,
275,3,胃,stomach,K31.8,0.9416585564613342,,,,,
275,3,胃粘膜,gastric mucosa,K29.6,0.999617338180542,,,,,
275,3,系带(舌),"frenulum, frenum (tongue)",K14.8,0.9908367991447449,,,,,
275,4,唇,lip,K13.0,0.9324130415916443,,,,,
275,3,下颌下腺,submandibular gland,K11.1,0.9928404092788696,,,,,
275,3,腺纤维瘤性，前列腺,"adenofibromatous, prostate",N40,0.99267578125,,,,,
276,3,腺样体(感染性),adenoids (infective),J35.2,0.9820282459259033,,,,,
276,4,伴有扁桃体,with tonsils,J35.3,0.9524014592170715,,,,,
276,3,心房-见肥大，心脏,"auricular - see Hypertrophy, cardiac",,0.988427460193634,,,,,
276,3,心肌(另见肥大，心脏),"myocardium (see also Hypertrophy, cardiac)",I51.7,0.9754924178123474,,,,,
276,4,特发性,idiopathic,I42.2,0.987038791179657,,,,,
276,3,心室-另见肥大，心脏,"ventricle, ventricular (heart) - see also Hypertrophy, cardiac",,0.9893224835395813,,,,,
276,4,法洛[法乐]四联症,in tetralogy of Fallot,Q21.3,0.9798006415367126,,,,,
276,4,先天性,congenital,Q24.8,0.9187105298042297,,,,,
276,3,心脏(慢性)(特发性),"cardiac, heart (chronic) (idiopathic)",I51.7,0.9684061408042908,,,,,
276,4,伴有风湿热(中的情况),with rheumatic fever (conditions in 100),I00,0.974337100982666,,,,,
276,5,非活动性或静止的(伴有舞蹈症),inactive or quiescent (with chorea),I09.8,0.9853127598762512,,,,,
276,5,活动性,active,I01.8,0.9540647268295288,,,,,
276,4,瓣膜(另见心内膜炎),valve (see also Endocarditis),I38,0.9639265537261963,,,,,
276,4,风湿性(伴有舞蹈症),rheumatic (with chorea),I09.8,0.976343035697937,,,,,
276,5,活动性或急性,active or acute,I01.8,0.9796489477157593,,,,,
276,6,伴有舞蹈症,with chorea,I02.0,0.9312164187431335,,,,,
276,4,高血压性(另见高血压，心脏),"hypertensive (see also Hypertension, heart)",I11.9,0.9738251566886902,,,,,
276,4,先天性 NEC,congenital NEC,Q24.8,0.965312659740448,,,,,
276,4,脂肪性(另见变性，心肌),"fatty (see also Degeneration, myocardial)",I51.5,0.9737841486930847,,,,,
276,3,胸腺(先天性),"thymic, thymus (gland) (congenital)",E32.0,0.9852789044380188,,,,,
276,3,悬雍垂,uvula,K13.7,0.9755535125732422,,,,,
276,3,牙槽突或牙槽嵴,alveolar process or ridge,K08.8,0.9723299145698547,,,,,
276,3,咽,pharynx,J39.2,0.9570284485816956,,,,,
276,4,淋巴样(感染性)(组织)(壁),lymphoid (infectional) (tissue) (wall),J35.2,0.965471088886261,,,,,
276,3,咽扁桃体,pharyngeal tonsil,J35.2,0.9854327440261841,,,,,
276,3,眼睑,eyelid,H02.8,0.9446723461151123,,,,,
276,3,胰腺，先天性,"pancreas, congenital",Q45.3,0.990380585193634,,,,,
276,3,乙状结肠(另见巨结肠),sigmoid (see also Megacolon),K59.3,0.9698758721351624,,,,,
276,3,阴唇(大)(小),labium (majus) (minus),N90.6,0.9916081428527832,,,,,
276,3,阴道,vagina,N89.8,0.9595892429351807,,,,,
276,3,阴蒂(硬化的),clitoris (cirrhotic),N90.8,0.9881064295768738,,,,,
276,4,先天性,congenital,Q52.6,0.9631639719009399,,,,,
276,3,阴茎,penis,N48.8,0.9839666485786438,,,,,
276,3,阴茎海绵体,corpora cavernosa,N48.8,0.988023042678833,,,,,
276,3,阴囊,scrotum,N50.8,0.9746266007423401,,,,,
276,3,龈(粘膜),gum (mucous membrane),K06.1,0.9968497157096863,,,,,
276,3,幽门(成人)(肌肉)(括约肌),pylorus (adult) (muscle) (sphincter),K31.1,0.9679511785507202,,,,,
276,4,先天性或婴儿,congenital or infantile,Q40.0,0.9516909122467041,,,,,
276,3,正中嵴,median bar,N40,0.9509096741676331,,,,,
276,3,脂肪垫,fat pad,E65,0.9924771189689636,,,,,
276,4,膝(髌下)(腘)(髌前)(髌后),knee (infrapatellar) (popliteal) (prepatellar) (retropatellar),M79.4,0.9106028079986572,,,,,
277,3,直肠(括约肌),"rectal, rectum (sphincter)",K62.8,0.9960321187973022,,,,,
277,3,跖骨,metatarsus,M89.3,0.9870581030845642,,,,,
277,3,跖骨头,metatarsal head,M89.3,0.96453458070755,,,,,
277,3,舟状骨(跗骨),scaphoid (tarsal),M89.3,0.972076416015625,,,,,
277,3,子宫,uterus,N85.2,0.9117164611816406,,,,,
277,4,产褥期,puerperal,O90.8,0.9559959173202515,,,,,
277,4,颈(伴有延长),neck (with elongation),N88.4,0.9777414202690125,,,,,
277,3,子宫肌层,myometrium,N85.2,0.9595552682876587,,,,,
277,3,子宫内膜(腺性),endometrium (glandular),N85.0,0.9600611925125122,,,,,
277,4,非典型(腺瘤),atypical (adenomatous),N85.1,0.987098217010498,,,,,
277,3,宫颈,cervix,N88.8,0.9653460383415222,,,,,
277,3,足(先天性),foot (congenital),Q74.2,0.9765413403511047,,,,,
277,2,肥大细胞,Mast cell,,0.9587305784225464,,,,,
277,3,白血病(M9900/3),leukemia (M9900/3),C94.3,0.9791625142097473,,,,,
277,3,病，全身性组织(M9741/3),"disease, systemic tissue (M9741/3)",C96.2,0.9937559366226196,,,,,
277,3,瘤(M9740/1),tumor (M9740/1),D47.0,0.9734282493591309,,,,,
277,4,恶性(M9740/3),malignant (M9740/3),C96.2,0.9870147705078125,,,,,
277,3,肉瘤(M9740/3),sarcoma (M9740/3),C96.2,0.9865531921386719,,,,,
277,2,肥大细胞瘤(M9740/1),Mastocytoma (M9740/1),D47.0,0.9791417121887207,,,,,
277,3,恶性(M9740/3),malignant (M9740/3),C96.2,0.9769352674484253,,,,,
277,2,肥大细胞增生病,Mastocytosis,Q82.2,0.9966626763343811,,,,,
277,3,恶性(M9741/3),malignant (M9741/3),C96.2,0.9562463760375977,,,,,
277,2,肥大性酒渣鼻[鼻赘],Rhinophyma,L71.1,0.9995845556259155,,,,,
277,2,肥厚,Thickening,,0.9999827146530151,,,,,
277,3,瓣膜，心脏-见心内膜炎,"valve, heart - see Endocarditis",,0.9957364797592163,,,,,
277,3,表皮,epidermal,L85.9,0.9556936025619507,,,,,
277,4,特指的 NEC,specified NEC,L85.8,0.9428601861000061,,,,,
277,3,处女膜,hymen,N89.6,0.9823288917541504,,,,,
277,3,骨,bone,M89.3,0.9657763838768005,,,,,
277,3,骨膜,periosteal,M89.3,0.9841124415397644,,,,,
277,3,喉,larynx,J38.7,0.9535024166107178,,,,,
277,3,会厌下,subepiglottic,J38.7,0.991658091545105,,,,,
277,3,甲,nail,L60.2,0.9570810198783875,,,,,
277,4,先天性,congenital,Q84.5,0.9336785078048706,,,,,
277,3,皮肤,skin,R23.4,0.9324641823768616,,,,,
277,3,乳房,breast,N64.5,0.9606114625930786,,,,,
277,3,舌,tongue,K14.8,0.939071536064148,,,,,
277,3,胸膜,pleura,J92.9,0.9681914448738098,,,,,
277,4,伴有石棉沉着,with asbestos,J92.0,0.9730173945426941,,,,,
277,2,肥胖性生殖无能症,Adiposogenital dystrophy,E23.6,0.9999291896820068,,,,,
278,2,肥胖症(单纯性),"Adiposis, Adiposity, Corpulence, Fatness, Obesity (simple)",E66.9,0.9797309041023254,,,,,
278,3,病态性,morbid,E66.8,0.9655207395553589,,,,,
278,3,垂体性,pituitary,E23.6,0.9752561450004578,,,,,
278,3,极度，伴有小泡性肺换气不足,"extreme, with alveolar hypoventilation",E66.2,0.9949726462364197,,,,,
278,3,家族性,familial,E66.8,0.9878512620925903,,,,,
278,3,甲状腺功能减退性(另见甲状腺功能减退症),hypothyroid (see also Hypothyroidism) localized,E03.9 E65,0.9727746844291687,,,,,
278,3,局部性,localized,E65,0.9995749592781067,,,,,
278,3,脑性,cerebralis,E23.6,0.9480915069580078,,,,,
278,3,内分泌性,endocrine,E66.8,0.989702582359314,,,,,
278,3,内源性,endogenous,E66.8,0.9953981041908264,,,,,
278,3,特指的NEC,specified NEC,E66.8,0.9516435861587524,,,,,
278,3,体质性,constitutional,E66.8,0.9744430780410767,,,,,
278,3,痛性,dolorosa,E88.2,0.9970836043357849,,,,,
278,3,外源性,exogenous,E66.0,0.9967806339263916,,,,,
278,3,腺性,glandular,E66.8,0.9870103597640991,,,,,
278,3,心脏(另见变性，心肌),"heart (see also Degeneration, myocardial)",I51.5,0.9736056327819824,,,,,
278,3,药物性,drug-induced,E66.1,0.9527426362037659,,,,,
278,3,饮食咨询和监督(为).,dietary counseling and surveillance (for),Z71.3,0.9909289479255676,,,,,
278,3,营养性,nutritional,E66.0,0.9437505602836609,,,,,
278,3,由于,due to,,0.999761164188385,,,,,
278,4,过度热能,excess calories,E66.0,0.9909522533416748,,,,,
278,4,过度饮食,overalimentation,E66.0,0.9923853278160095,,,,,
278,1,fèi 肺,,,0.9998745918273926,,,,,
278,2,肺(底)实变-见肺炎，大叶性,"Consolidation lung (base) - see Pneumonia, lobar",,0.9833641648292542,,,,,
278,2,肺孢子虫病,Pneumocystosis,B59+ J17.3*,0.9631614685058594,,,,,
278,3,人类免疫缺陷病毒(HIV)病所致,resulting from HIV disease,B20.6,0.9907306432723999,,,,,
278,2,肺病 NEC,Pneumopathy NEC,J98.4,0.9937012195587158,,,,,
278,3,壁层肺泡,parietoalveolar,J84.0,0.966514527797699,,,,,
278,3,肺泡,alveolar,J84.0,0.9874522089958191,,,,,
278,3,由于有机灰尘.NEC,due to organic dust NEC,J66.8,0.946813702583313,,,,,
278,2,肺不张(大块)(部分)(压力性)(肺),Atelectasis (massive) (partial) (pressure) (pulmonary),J98.1,0.9958447217941284,,,,,
278,3,结核性(另见结核，肺),"tuberculous (see also Tuberculosis, pulmonary)",A16.2,0.991506040096283,,,,,
278,3,胎儿或新生儿(继发性),fetus or newborn (secondary),P28.1,0.9941710233688354,,,,,
278,4,部分,partial,P28.1,0.9754800796508789,,,,,
278,4,由于吸收,due to resorption,P28.1,0.9463098645210266,,,,,
278,4,原发性,primary,P28.0,0.9910228848457336,,,,,
278,3,原发性(新生儿),primary (newborn),P28.0,0.964050829410553,,,,,
279,2,肺尘埃沉着病 NEC(由于)(吸入),"Pneumoconiosis, Pneumonoconiosis NEC (due to) (inhalation of)",J64,0.9782910346984863,,,,,
279,3,白陶土,kaolin,J62.8,0.9842946529388428,,,,,
279,3,伴有结核(A15-A16中任何一型),with tuberculosis (any type in A15-A16),J65,0.9991812109947205,,,,,
279,3,发霉干草,moldy hay,J67.0,0.9576654434204102,,,,,
279,3,硅[矽]NEC,"silica, silicate NEC",J62.8,0.9783028960227966,,,,,
279,4,伴有碳,with carbon,J60,0.9307606816291809,,,,,
279,3,硅藻土(矽藻土),diatomite (diatomaceous earth),J62.8,0.9936040043830872,,,,,
279,3,滑石粉(灰尘),talc (dust),J62.0,0.9975607991218567,,,,,
279,3,灰尘,dust,,0.9141602516174316,,,,,
279,4,大理石,marble,J62.8,0.9153568148612976,,,,,
279,4,石灰,lime,J62.8,0.887015163898468,,,,,
279,4,无机 NEC,inorganic NEC,J63.8,0.9571328163146973,,,,,
279,4,有机 NEC,organic NEC,J66.8,0.9798651933670044,,,,,
279,3,矿工,"collier's, miner's",J60,0.997459352016449,,,,,
279,3,矿石纤维 NEC,mineral fibers NEC,J61,0.9901871085166931,,,,,
279,3,类风湿性,rheumatoid,M05.1+ J99.0*,0.961859405040741,,,,,
279,3,铝,aluminum,J63.0,0.9666004180908203,,,,,
279,3,煤炭工(单纯性),coalworker's (simple),J60,0.9720950126647949,,,,,
279,3,棉尘,cotton dust,J66.0,0.9904482364654541,,,,,
279,3,磨坊工,grinder's,J62.8,0.9935408234596252,,,,,
279,3,磨石工,millstone maker's,J62.8,0.9659738540649414,,,,,
279,3,喷沙工,sandblaster's,J62.8,0.9977889060974121,,,,,
279,3,铍,beryllium,J63.2,0.9926890134811401,,,,,
279,3,石匠,stonemason's,J62.8,0.976586103439331,,,,,
279,3,石棉,asbestos,J61,0.9399155974388123,,,,,
279,3,石墨,graphite,J63.3,0.9818436503410339,,,,,
279,3,陶工,potter's,J62.8,0.9742370247840881,,,,,
279,3,铁矾土,bauxite,J63.1,0.9897775650024414,,,,,
279,3,云母,mica,J62.8,0.9625316858291626,,,,,
279,3,蔗尘,"bagasse, bagassosis",J67.1,0.9658884406089783,,,,,
279,2,肺充气不足，新生儿,"Aeration lung imperfect, newborn",P28.1,0.9725059270858765,,,,,
279,2,肺出血(另见出血，肺),"Pneumorrhagia (see also Hemorrhage, lung)",R04.8,0.9947609305381775,,,,,
279,3,结核性(另见结核，肺),"tuberculous (see also Tuberculosis, pulmonary)",A16.2,0.9942651391029358,,,,,
279,2,肺出血肾炎综合征[古德帕斯丘综合征],Goodpasture's syndrome,M31.0,0.9628965258598328,,,,,
279,2,肺的 -见情况,"Lung, Pulmonary - see condition",,0.934971272945404,,,,,
279,2,肺空洞(另见结核，肺),"Cavitation of lung (see also Tuberculosis, pulmonary)",A16.2,0.9800420999526978,,,,,
279,3,非结核性,nontuberculous,J98.4,0.9579115509986877,,,,,
279,2,肺母细胞瘤(M8972/3)-见肿瘤，肺，恶性,"Pneumoblastoma (M8972/3) - see Neoplasm, lung, malignant",,0.9905757308006287,,,,,
279,2,肺囊虫病 - 现译名 肺孢子虫病,Pneumocystosis,,0.9368577003479004,,,,,
280,3,变应性(外因性),allergic (extrinsic),J67.9,0.9818055033683777,,,,,
280,4,由于,due to,,0.7373928427696228,,,,,
280,5,病原体(真菌性，嗜热放线菌，其他)生长于通风(空调)系统,"organisms (fungal, thermophilic actinomycetes, other) growing in ventilation (air conditioning) systems",J67.7,0.984175980091095,,,,,
280,5,吸入有机粉尘NEC,inhaled organic dusts NEC,J67.8,0.9918973445892334,,,,,
280,3,颌,jaw,K10.3,0.9559221267700195,,,,,
280,3,纤维化(原因不明的)(特发性),fibrosing (cryptogenic) (idiopathic),J84.1,0.9805713295936584,,,,,
280,3,由于,due to,,0.9332962036132812,,,,,
280,4,棒曲霉,Aspergillus clavatus,J67.4,0.991992175579071,,,,,
280,4,皮质隐子座菌,Cryptostroma corticale,J67.6,0.9811656475067139,,,,,
280,2,肺气肿-现译名气肿,Emphysema,,0.9838330149650574,,,,,
280,2,肺石病,Pulmolithiasis,J98.4,0.9593075513839722,,,,,
280,2,肺石屑病,Lithosis,J62.8,0.9625916481018066,,,,,
280,2,肺心包炎(另见心包炎),Pneumopericarditis (see also Pericarditis),I31.9,0.9889222383499146,,,,,
280,2,肺胸膜炎(另见肺炎),"Pneumopleurisy, pneumopleuritis (see also Pneumonia)",J18.8,0.9792444705963135,,,,,
280,2,肺炎(急性)(双侧)(移行性)(原发性)(化脓性)(脓毒性)(未吸收),"Pneumonia,Pneumonitis(acute)(double) (migratory) (primary)(purulent)(septic)(unresolved)",J18.9,0.976642906665802,,,,,
280,3,白色,alba,A50.0,0.9391425848007202,,,,,
280,3,斑性-见肺炎，支气管,"patchy - see Pneumonia, broncho",,0.9909643530845642,,,,,
280,3,伴有,with,,0.9811525344848633,,,,,
280,4,肺脓肿,lung abscess,J85.1,0.9681767225265503,,,,,
280,5,由于特指的病原体-见肺炎，见于(由于),"due to specified organism - see Pneumonia, in (due to)",,0.9565595388412476,,,,,
280,4,流感(具体病毒未证实),"influenza, flu, or grippe (specific virus not identified)",J11.0,0.9878609776496887,,,,,
280,5,禽流感病毒已证实,avian influenza virus identified,J09,0.9872003793716431,,,,,
280,4,其他流感病毒已证实,other influenza virus identified,J10.0,0.969072699546814,,,,,
280,3,变形杆菌,Proteus,J15.6,0.9704431891441345,,,,,
280,3,变应性(嗜酸细胞性),allergic (eosinophilic),J82,0.9665423631668091,,,,,
280,3,病毒性(支气管)(间质性)(大叶性),"viral, virus (broncho) (interstitial) (lobar)",J12.9,0.9817187190055847,,,,,
280,4,伴有流感(另见肺炎，伴有，流行性感冒),"with influenza, flu, or grippe (see also Pneumonia, with, influenza)",J11.0,0.9836075901985168,,,,,
280,4,副流感,parainfluenza,J12.2,0.9846728444099426,,,,,
280,4,呼吸道合胞体,respiratory syncytial,J12.1,0.9925096035003662,,,,,
280,4,特指的 NEC,specified NEC,J12.8,0.9568848013877869,,,,,
280,4,先天性,congenital,P23.0,0.9664739966392517,,,,,
280,4,腺病毒,adenoviral,J12.0,0.9707396030426025,,,,,
280,3,播散性(局灶性)-见肺炎，支气管,"disseminated (focal) - see Pneumonia, broncho",,0.9786097407341003,,,,,
280,3,苍白(先天性),white (congenital),A50.0,0.9601939916610718,,,,,
280,3,操作所致的,resulting from a procedure,J95.8,0.9970169067382812,,,,,
280,3,肠菌性,Enterobacter,J15.6,0.9959772229194641,,,,,
280,3,创伤性(并发症)(早期)(继发性),traumatic (complication) (early) (secondary),T79.8,0.9685653448104858,,,,,
280,3,大肠杆菌性,Escherichia coli (E. coli),J15.5,0.9573971629142761,,,,,
281,3,大片性-见肺炎，大叶性,"massive - see Pneumonia, lobar",,0.9824656844139099,,,,,
281,3,大叶性(播散性)(间质性),lobar (disseminated) (interstitial),J18.1,0.9757113456726074,,,,,
281,4,慢性(另见纤维化，肺),"chronic (see also Fibrosis, lung)",J84.1,0.9521762132644653,,,,,
281,4,伴有流感(另见肺炎，伴有，流感),"with influenza (see also Pneumonia, with, influenza)",J11.0,0.9672732353210449,,,,,
281,4,变形杆菌,Proteus,J15.6,0.9783170223236084,,,,,
281,4,病毒性(另见肺炎，病毒性),"viral, virus (see also Pneumonia, viral)",J12.9,0.9686102867126465,,,,,
281,4,大肠杆菌,Escherichia coli (E. coli),J15.5,0.960745096206665,,,,,
281,4,肺炎链球菌,Streptococcus pneumoniae,J13,0.9893865585327148,,,,,
281,4,肺炎球菌性,pneumococcal,J13,0.9715890288352966,,,,,
281,4,弗里德伦德尔芽胞杆菌,Friedländer's bacillus,J15.0,0.9857268929481506,,,,,
281,4,假单胞菌,Pseudomonas,J15.1,0.9625465869903564,,,,,
281,4,克雷白杆菌(肺炎),Klebsiella (pneumoniae),J15.0,0.9687560796737671,,,,,
281,4,链球菌性NEC,streptococcal NEC,J15.4,0.9849333763122559,,,,,
281,4,流感性(另见肺炎，伴有，流感),"influenzal (see also Pneumonia, with, influenza)",J11.0,0.9827451109886169,,,,,
281,4,流感嗜血杆菌,Haemophilus influenzae,J14,0.9759622812271118,,,,,
281,4,葡萄球菌性,staphylococcal,J15.2,0.9864934682846069,,,,,
281,4,特指的病原体 NEC,specified organism NEC,J16.8,0.9607015252113342,,,,,
281,4,细菌性,bacterial,J15.9,0.9441669583320618,,,,,
281,5,特指的NEC,specified NEC,J15.8,0.9895338416099548,,,,,
281,3,胆固醇,cholesterol,J84.8,0.9952297210693359,,,,,
281,3,非典型NEC,atypical NEC,J18.9,0.9525858163833618,,,,,
281,3,肺尖部-见肺炎，大叶性,"apex, apical - see Pneumonia, lobar",,0.97699373960495,,,,,
281,3,肺囊虫(卡氏)(耶氏),Pneumocystis (carinii) (jirovecii),B59+ J17.3*,0.9501811861991882,,,,,
281,4,人类免疫缺陷病毒(HIV)病所致,resulting from HIVdisease,B20.6,0.9934338927268982,,,,,
281,3,(肺炎)支原体,"Eaton's agent, Mycoplasma (pneumoniae)",J15.7,0.9727134704589844,,,,,
281,3,肺炎链球菌,Streptococcus pneumoniae,J13,0.9817866683006287,,,,,
281,3,肺炎球菌性(支气管)(大叶),pneumococcal (broncho) (lobar),J13,0.9927574992179871,,,,,
281,3,风湿性100†,rheumatic 100†,J17.8*,0.93269944190979,,,,,
281,3,风疹性，先天性,"rubella, congenital",P35.0,0.9946630001068115,,,,,
281,3,辐射性,radiation,J70.0,0.9816638827323914,,,,,
281,3,弗里德伦德尔芽胞杆菌,Friedländer's bacillus,J15.0,0.9864187240600586,,,,,
281,3,副流感病毒,parainfluenza virus,J12.2,0.9953063726425171,,,,,
281,3,干酪样(另见结核，肺),"caseous (see also Tuberculosis, pulmonary)",A16.2,0.9857917428016663,,,,,
281,3,感染后NEC,postinfectional NEC :8*,B99+ J17.8*,0.9706063270568848,,,,,
281,3,过敏性(由于)(另见肺炎，变应性),"allergic, hypersensitivity (due to)(see also Pneumonitis, allergic)",J67.9,0.9817001223564148,,,,,
281,4,红椿锯屑,red cedar dust,J67.8,0.9853166937828064,,,,,
281,4,红杉锯屑病,sequoiosis,J67.8,0.9557212591171265,,,,,
281,4,木锯屑,wood dust,J67.8,0.9859742522239685,,,,,
281,4,有机灰尘 NEC,organic dust NEC,J67.8,0.9596922397613525,,,,,
281,3,呼吸道合胞病毒,respiratory syncytial virus,J12.1,0.9879639744758606,,,,,
281,3,化学性，由于气体、烟雾或蒸气(吸入),"chemical, due to gases, fumes or vapors (inhalation)",J68.0,0.9983031153678894,,,,,
282,3,坏疽性,gangrenous,J85.0,0.9643221497535706,,,,,
282,3,坏死性,necrotic,J85.0,0.9789993762969971,,,,,
282,3,蛔虫,Ascaris,B77.8+ J17.3*,0.9729514718055725,,,,,
282,3,基底-见肺炎，大叶性,"basal, basic, basilar - see Pneumonia, lobar",,0.9889614582061768,,,,,
282,3,假单胞菌,Pseudomonas,J15.1,0.9974578022956848,,,,,
282,3,间质性,interstitial,J84.9,0.969757080078125,,,,,
282,4,浆细胞,plasma cell,B59+ J17.3*,0.9747573733329773,,,,,
282,4,普通,usual,J84.1,0.962457001209259,,,,,
282,3,见于(由于),in (due to),,0.9580597281455994,,,,,
282,4,百日咳,whooping cough,A37 J17.0*,0.9747940301895142,,,,,
282,4,败血症,septicemia,A41 J17.0*,0.9720180630683899,,,,,
282,4,变形杆菌,Proteus,J15.6,0.9586505889892578,,,,,
282,4,病毒性(另见肺炎，病毒性),"virus (see also Pneumonia, viral)",J12.9,0.9826553463935852,,,,,
282,3,肠菌性,Enterobacter,J15.6,0.9421235918998718,,,,,
282,3,大肠杆菌,Escherichia coli (E. coli),J15.5,0.9295808672904968,,,,,
282,4,放线菌病,actinomycosis,A42.0+ J17.0*,0.9885118007659912,,,,,
282,4,肺孢子虫病(卡氏肺囊虫性)(耶氏肺囊虫性),pneumocystosis (Pneumocystis carinii) (Pneumocystis jirovecii),B59+ J17.3*,0.9599636793136597,,,,,
282,5,人类免疫缺陷病毒(HIV)病所致,resulting from HIV disease,B20.6,0.9726159572601318,,,,,
282,4,肺炎球菌,pneumococcus,J13,0.9853531718254089,,,,,
282,4,风湿热100†,rheumatic fever 100†,J17.8*,0.9527890086174011,,,,,
282,4,风疹,rubella,B06.8+ J17.1*,0.9747543334960938,,,,,
282,3,弗里德伦德尔芽胞杆菌,Friedländer's bacillus,J15.0,0.993466317653656,,,,,
282,3,副流感病毒,parainfluenza virus,J12.2,0.9795348644256592,,,,,
282,4,弓形虫病,toxoplasmosis,B58.3+ J17.3*,0.9781731367111206,,,,,
282,3,呼吸道合胞病毒,respiratory syncytial virus,J12.1,0.9944602847099304,,,,,
282,4,蛔虫病,ascariasis,B77.8+ J17.3*,0.9779202938079834,,,,,
282,4,假单胞菌NEC,Pseudomonas NEC,J15.1,0.9888039231300354,,,,,
282,5,假鼻疽,pseudomallei,A24.1,0.9237070679664612,,,,,
282,4,巨细胞病毒病,cytomegalovirus disease,B25.0+ J17.1*,0.9779170155525208,,,,,
282,3,克雷白杆菌(肺炎),Klebsiella (pneumoniae),J15.0,0.976260244846344,,,,,
282,4,寇热,Q fever,A78+ J17.8*,0.9409055113792419,,,,,
282,3,类胸膜肺炎菌(PPLO),pleuro-pneumonia-like-organism (PPLO),J15.7,0.9880384802818298,,,,,
282,4,链球菌,Streptococcus,J15.4,0.9919264912605286,,,,,
282,4,B 族,group B,J15.3,0.9633981585502625,,,,,
282,5,肺炎,pneumoniae,J13,0.9883419275283813,,,,,
282,5,特指的 NEC,specified NEC,J15.4,0.9580590724945068,,,,,
282,4,淋病,gonorrhea,A54.8+ J17.0*,0.9785715937614441,,,,,
282,4,流感(另见肺炎，伴有，流感),"influenza (see also Pneumonia, with, influenza)",J11.0,0.9722352027893066,,,,,
282,3,流感嗜血杆菌(H.流感),Haemophilus influenzae (H. influenzae),J14,0.9937317967414856,,,,,
282,4,螺旋体NEC,Spirochaeta NEC,A69.8+ J17.8*,0.9753135442733765,,,,,
282,4,麻疹,measles,B05.2+ J17.1*,0.9911074638366699,,,,,
283,3,粘质沙雷菌,Serratia marcescens,J15.6,0.9784765839576721,,,,,
283,4,念珠菌病,candidiasis,B37.1+ J17.2*,0.9494416117668152,,,,,
283,4,鸟疫,ornithosis,A70+ J17.8*,0.9595226645469666,,,,,
283,4,诺卡菌病,"nocardiosis, nocardiasis",A43.0+ J17.0*,0.9808379411697388,,,,,
283,4,葡萄球菌,staphylococcus,J15.2,0.9584704041481018,,,,,
283,4,球孢子菌病,coccidioidomycosis,B38.2+ J17.2*,0.9620031118392944,,,,,
283,5,急性,acute,B38.0+ J17.2*,0.9608111381530762,,,,,
283,5,慢性,chronic,B38.1+ J17.2*,0.985097348690033,,,,,
283,4,曲霉病,aspergillosis,B44 J17.2*,0.9702367186546326,,,,,
283,3,沙门菌(感染),Salmonella (infection),A02.2+ J17.0*,0.9783158302307129,,,,,
283,4,伤寒,typhi,A01.0+ J17.0*,0.9634991884231567,,,,,
283,4,伤寒,typhoid fever,A01.0+ J17.0*,0.9719732999801636,,,,,
283,4,鼠疫耶尔森菌,Yersinia pestis,A20.2,0.9862640500068665,,,,,
283,4,水痘,"chickenpox, varicella",B01.2+ J17.1*,0.9760368466377258,,,,,
283,3,炭疽,anthrax,A22.1+ J17.0*,0.9869673848152161,,,,,
283,4,特指的,specified,,0.9617109298706055,,,,,
283,4,病原体 NEC,organism NEC,J16.8,0.9455832242965698,,,,,
283,4,细菌NEC,bacterium NEC,J15.8,0.9551485776901245,,,,,
283,4,土拉菌病,tularemia,A21.2+ J17.0*,0.960900604724884,,,,,
283,4,腺病毒,adenovirus,J12.0,0.9865352511405945,,,,,
283,4,血吸虫病,schistosomiasis,B65 J17.3*,0.979442834854126,,,,,
283,4,芽胞杆菌炭疽,Bacillus anthracis,A22.1+ J17.0*,0.9617530107498169,,,,,
283,4,烟雾和蒸气(化学性)(吸入),fumes and vapors (chemical) (inhalation),J68.0,0.9793839454650879,,,,,
283,4,衣原体,Chlamydia,J16.0,0.9806681871414185,,,,,
283,5,新生儿,neonatal,P23.1,0.9599059224128723,,,,,
283,3,鹦鹉热,psittacosis,A70+ J17.8*,0.9874269962310791,,,,,
283,4,支原体(肺炎),"Eaton's agent, Mycoplasma (pneumoniae)",J15.7,0.9865061640739441,,,,,
283,4,组织胞浆菌病,histoplasmosis,B39.2+ J17.2*,0.9536879658699036,,,,,
283,5,急性,acute,B39.0+ J17.2*,0.987131655216217,,,,,
283,5,慢性,chronic,B39.1+ J17.2*,0.9876337647438049,,,,,
283,3,浆细胞性(婴儿),plasma cell (of infants),B59+ J17.3*,0.9488949179649353,,,,,
283,3,结核性(任何)(另见结核，肺),"tuberculous (any) (see also Tuberculosis, pulmonary)",A16.2,0.9853143095970154,,,,,
283,3,静止性，停滞性,"static, stasis",J18.2,0.9940314292907715,,,,,
283,3,巨细胞病毒性,cytomegaloviral,B25.0+ J17.1*,0.9746400713920593,,,,,
283,3,巨细胞性(麻疹),giant cell (measles),B05.2+ J17.1*,0.9784970879554749,,,,,
283,3,卡他性(另见肺炎，支气管),"catarrhal (see also Pneumonia, broncho)",J18.0,0.9897428750991821,,,,,
283,3,克雷白杆菌(肺炎),Klebsiella (pneumoniae),J15.0,0.974713921546936,,,,,
283,3,空调器,air-conditioner,J67.7,0.992907702922821,,,,,
283,3,勒夫勒,Löffler's,J82,0.9792985916137695,,,,,
283,3,类胸膜肺炎菌(PPLO),pleuro-pneumonia-like-organism (PPLO),J15.7,0.9809194207191467,,,,,
284,3,链球菌性NEC(支气管)(大叶),streptococcal NEC (broncho) (lobar),J15.4,0.9874110221862793,,,,,
284,4,B 族,group B,J15.3,0.9473749995231628,,,,,
284,3,淋巴样，间质性，HIV病所致,"lymphoid, interstitial, resulting from HIV disease",B22.1,0.9901031851768494,,,,,
284,3,淋球菌性,gonococcal,A54.8+ J17.0*,0.9796521663665771,,,,,
284,3,流感性(另见肺炎，伴有，流感),"grippal, influenzal (see also Pneumonia, with, influenza)",J11.0,0.9982525706291199,,,,,
284,3,流感嗜血杆菌(支气管)(大叶),Haemophilus influenzae (broncho) (lobar),J14,0.9881123900413513,,,,,
284,3,螺旋体性NEC,spirochetal NEC,A69.8+ J17.8*,0.9800072908401489,,,,,
284,3,麻疹后,postmeasles,B05.2+ J17.1*,0.9701054096221924,,,,,
284,3,麻醉后,postanesthetic,,0.9883349537849426,,,,,
284,4,产后，产褥期,"postpartum, puerperal",O89.0,0.9301360249519348,,,,,
284,4,过量或给错药物,overdose or wrong substance given,T41.2,0.9706582427024841,,,,,
284,5,特指的麻醉药-见药物和化学制剂表,specified anesthetic - see Table of drugs and chemicals,,0.9680182337760925,,,,,
284,4,恰当使用正确的物质,correct substance properly administered,J95.8,0.9942787885665894,,,,,
284,4,妊娠中,in pregnancy,O29.0,0.9559836387634277,,,,,
284,4,在产程和分娩中,in labor and delivery,O74.0,0.98103928565979,,,,,
284,3,梅毒性，先天性(早期),"syphilitic, congenital(early)",A50.0,0.9757566452026367,,,,,
284,3,弥漫性-见肺炎，支气管,"diffuse - see Pneumonia, broncho",,0.9859939217567444,,,,,
284,3,粘质沙雷菌,Serratia marcescens,J15.6,0.9915288090705872,,,,,
284,3,念珠菌,Candida,B37.1+ J17.2*,0.962727963924408,,,,,
284,3,葡萄球菌性(支气管)(大叶),staphylococcal (broncho) (lobar),J15.2,0.9759081602096558,,,,,
284,3,融合性-见肺炎，支气管,"confluent - see Pneumonia, broncho",,0.9777840971946716,,,,,
284,3,沙门菌(亚利桑那)(猪霍乱)(小肠炎)(鼠伤寒),Salmonella (arizonae) (cholerae-suis) (enteritidis) (typhimurium),A02.2+ J17.0*,0.9786379337310791,,,,,
284,4,伤寒,typhi,A01.0+ J17.0*,0.9908005595207214,,,,,
284,3,实质性(另见纤维化，肺),"parenchymatous (see also Fibrosis, lung)",J84.1,0.9859004616737366,,,,,
284,3,嗜酸细胞性,eosinophilic,J82,0.9941954612731934,,,,,
284,3,手术后,postoperative,J95.8,0.942784309387207,,,,,
284,3,栓子，栓塞性(另见栓塞，肺),"embolic, embolism (see also Embolism, pulmonary)",I26.9,0.9253150224685669,,,,,
284,3,胎粪性,meconium,P24.0,0.9821910858154297,,,,,
284,3,炭疽性,anthrax,A22.1+ J17.0*,0.9677795171737671,,,,,
284,3,特指的 NEC,specified NEC,J18.8,0.9738971590995789,,,,,
284,4,病毒NEC,virus NEC,J12.8,0.9643615484237671,,,,,
284,4,病原体NEC,organism NEC,J16.8,0.9603829383850098,,,,,
284,4,细菌NEC,bacterium NEC,J15.8,0.9891782402992249,,,,,
284,3,通风(空调),ventilation (air-conditioning),J67.7,0.982772946357727,,,,,
284,3,土拉菌性,tularemic,A21.2+ J17.0*,0.9746248722076416,,,,,
284,3,吞咽性(另见肺炎，吸入性),"deglutition (see also Pneumonia, aspiration)",J69.0,0.9768368601799011,,,,,
284,3,无力性,adynamic,J18.2,0.9944867491722107,,,,,
284,3,吸入食物或呕吐物的(另见肺炎，吸入性),"inhalation of food or vomit (see also Pneumonia, aspiration)",J69.0,0.9897027015686035,,,,,
285,3,吸入性，误吸,aspiration,J69.0,0.9661920070648193,,,,,
285,4,新生儿,newborn,P24.9,0.9234323501586914,,,,,
285,5,胎粪,meconium,P24.0,0.9617687463760376,,,,,
285,4,由于,due to,,0.828652560710907,,,,,
285,5,固体、液体NEC,"solids, liquids NEC",J69.8,0.9760145545005798,,,,,
285,5,食物(反流)、乳汁，呕吐,"food (regurgitated), milk, vomit",J69.0,0.9585433006286621,,,,,
285,5,胃内分泌物,gastric secretions,J69.0,0.9805087447166443,,,,,
285,5,油类、植物精质.,"oils, essences",J69.1,0.9554678201675415,,,,,
285,4,由于麻醉,due to anesthesia during,J95.4,0.9822320342063904,,,,,
285,4,产程和分娩中,labor and delivery,O74.0,0.9413800835609436,,,,,
285,4,产褥期中,puerperium,O89.0,0.9420151114463806,,,,,
285,4,妊娠中,pregnancy,O29.0,0.9276198744773865,,,,,
285,3,细菌性,bacterial,J15.9,0.9672667384147644,,,,,
285,4,特指的NEC,specified NEC,J15.8,0.9471388459205627,,,,,
285,3,先天性(感染性),congenital (infective),P23.9,0.9981405138969421,,,,,
285,4,特指的 NEC,specified NEC,P23.8,0.9704603552818298,,,,,
285,4,由于,due to,,0.732229471206665,,,,,
285,5,病毒性病原体,viral agent,P23.0,0.9574839472770691,,,,,
285,5,大肠杆菌,Escherichia coli,P23.4,0.9575416445732117,,,,,
285,5,肺炎克雷白杆菌,Klebsiella pneumoniae,P23.6,0.948460578918457,,,,,
285,5,感染性病原体 NEC,infective organism NEC,P23.8,0.9639396667480469,,,,,
285,5,假单胞菌,Pseudomonas,P23.5,0.9782634973526001,,,,,
285,5,链球菌(除外B族),streptococcus (except group B),P23.6,0.9817954301834106,,,,,
285,6,B 族,group B,P23.3,0.9569911956787109,,,,,
285,5,流感嗜血杆菌,Haemophilus influenzae,P23.6,0.9847603440284729,,,,,
285,5,葡萄球菌,staphylococcus,P23.2,0.9521005749702454,,,,,
285,5,细菌NEC,bacterium NEC,P23.6,0.9715549945831299,,,,,
285,5,衣原体,Chlamydia,P23.1,0.9416932463645935,,,,,
285,5,支原体,Mycoplasma,P23.6,0.9562903046607971,,,,,
285,3,纤维瘤，纤维性(慢性)(另见纤维化，肺),"fibroid, fibrous (chronic) (see also Fibrosis, lung)",J84.1,0.9881592392921448,,,,,
285,3,腺病毒,adenoviral,J12.0,0.9764779210090637,,,,,
285,3,小叶性-见肺炎，支气管,"lobular - see Pneumonia, broncho",,0.990980327129364,,,,,
285,3,新生儿,neonatal,P23.9,0.9794360399246216,,,,,
285,4,吸入性,aspiration,P24.9,0.9856677651405334,,,,,
285,3,胸膜肺叶性-见肺炎，大叶性,"pleurolobar - see Pneumonia, lobar",,0.9851601719856262,,,,,
285,3,芽胞杆菌,bacillus,J15.9,0.962411642074585,,,,,
285,4,特指的NEC,specified NEC,J15.8,0.9757432341575623,,,,,
285,3,衣原体性,chlamydial,J16.0,0.9926618337631226,,,,,
285,4,先天性,congenital,P23.1,0.9814906716346741,,,,,
285,3,鹦鹉热,psittacosis,A70+ J17.8*,0.9411559104919434,,,,,
285,3,硬化性(慢性)(另见纤维化，肺),"cirrhotic (chronic) (see also Fibrosis, lung)",J84.1,0.9839677810668945,,,,,
286,3,由于,due to,,0.9104416966438293,,,,,
286,4,二氧化氮,nitrogen dioxide,J68.0,0.9446418881416321,,,,,
286,4,钒,vanadium,J68.0,0.9402500987052917,,,,,
286,4,镉,cadmium,J68.0,0.9628373384475708,,,,,
286,4,弓形虫病(后天性)J,toxoplasmosis (acquired),B58.3+ J17.3*,0.9286171793937683,,,,,
286,5,先天性,congenital,P37.1+ J17.3*,0.9578689932823181,,,,,
286,4,固体、液体NEC,"solids, liquids NEC",J69.8,0.9781157374382019,,,,,
286,4,锰,manganese,J68.0,0.9654607176780701,,,,,
286,4,铍,beryllium,J68.0,0.9851908683776855,,,,,
286,4,气体、烟雾或蒸气(吸入),"gases, fumes or vapors (inhalation)",J68.0,0.983039379119873,,,,,
286,4,清洁剂,detergent,J69.8,0.9451994299888611,,,,,
286,4,食物、呕吐物(吸入),"food, vomit (aspiration)",J69.0,0.9868720769882202,,,,,
286,4,碳氟化合物聚合物,fluorocarbon-polymer,J68.0,0.9882214069366455,,,,,
286,4,吸入,inhalation,,0.9440299868583679,,,,,
286,5,固体、液体NEC,"solids, liquids NEC",J69.8,0.9742836952209473,,,,,
286,5,食物(反胃)、乳汁、呕吐物,"food (regurgitated), milk, vomit",J69.0,0.9868143796920776,,,,,
286,5,血液,blood,J69.8,0.9940901398658752,,,,,
286,4,油类、植物精质,"oils, essences",J69.1,0.9723736047744751,,,,,
286,5,植物精质,essences,J69.1,0.9611032605171204,,,,,
286,4,油类、植物精质,"oils, essences",J69.1,0.9842595458030701,,,,,
286,3,支气管(融合性)(格鲁布)(弥漫性)(播散性)(累及肺叶)(大叶),"broncho, bronchial (confluent) (croupous) (diffuse) (disseminated) (involving lobes)",J18.0,0.9652910232543945,,,,,
286,4,慢性(另见纤维化，肺),"chronic (see also Fibrosis, lung)",J84.1,0.9860386848449707,,,,,
286,4,伴有流感(另见肺炎，伴有，流感),"with influenza (see also Pneumonia, with, influenza)",J11.0,0.9763887524604797,,,,,
286,4,变形菌,Proteus,J15.6,0.9899026155471802,,,,,
286,4,变应性(嗜酸细胞性),allergic (eosinophilic),J82,0.9774298071861267,,,,,
286,4,病毒性(另见肺炎，病毒性),"viral, virus (see also Pneumonia, viral)",J12.9,0.9821327328681946,,,,,
286,4,大肠杆菌,Escherichia coli (E. coli),J15.5,0.9457922577857971,,,,,
286,4,肺炎球菌性,pneumococcal,J13,0.9892764091491699,,,,,
286,4,弗里德伦德尔芽胞杆菌,Friedländer's bacillus,J15.0,0.9945470690727234,,,,,
286,4,假单胞菌,Pseudomonas,J15.1,0.9489582180976868,,,,,
286,4,克雷白杆菌(肺炎),Klebsiella (pneumoniae),J15.0,0.9665212035179138,,,,,
286,4,类胸膜肺炎菌(PPLO),pleuro-pneumonia-like-organisms (PPLO),J15.7,0.9917731285095215,,,,,
286,4,链球菌性 NEC,streptococcal NEC,J15.4,0.9409631490707397,,,,,
286,4,流感性(另见肺炎，伴有，流感),"influenzal (see also Pneumonia, with, influenza)",J11.0,0.9835371375083923,,,,,
286,4,流感嗜血杆菌,Haemophilus influenzae,J14,0.9862919449806213,,,,,
286,4,葡萄球菌性,staphylococcal,J15.2,0.9676973223686218,,,,,
286,4,特指的病原体NEC,specified organism NEC,J16.8,0.9721384644508362,,,,,
286,4,吸入性(另见肺炎，吸入性),"aspiration, inhalation (see also Pneumonia, aspiration)",J69.0,0.9634076356887817,,,,,
286,5,由于烟雾或蒸气(化学性),due to fumes or vapors (chemical),J68.0,0.9710831046104431,,,,,
286,5,油类或植物精质,of oils or essences,J69.1,0.9921621084213257,,,,,
287,4,细菌性,bacterial,J15.9,0.950709342956543,,,,,
287,4,支原体(肺炎),"Eaton's agent, Mycoplasma (pneumoniae)",J15.7,0.9507784247398376,,,,,
287,5,特指的NEC,specified NEC,J15.8,0.9622077345848083,,,,,
287,4,脂质性,"lipid, lipoid",J69.1,0.9365100860595703,,,,,
287,5,内源性,endogenous,J84.8,0.9716567993164062,,,,,
287,4,坠积性,hypostatic,J18.2,0.9499875903129578,,,,,
287,3,脂质性(外源性),"lipid, lipoid (exogenous)",J69.1,0.9937448501586914,,,,,
287,3,坠积性(支气管)(大叶),hypostatic (broncho) (lobar),J18.2,0.9616290330886841,,,,,
287,2,肺炎杆菌，作为分类于他处疾病的原因,"Klebsiella (K.) pneumoniae, as cause of disease classified elsewhere",B96.1,0.9998684525489807,,,,,
287,2,肺炎球菌(性)的- 见情况,"Pneumococcus, pneumococcal - see condition",,0.9647970795631409,,,,,
287,2,肺炎型的 -见情况,Pneumonic - see condition,,0.9550403952598572,,,,,
287,2,肺炎支原体，作为分类于他处疾病的原因,"Mycoplasma (M.) pneumoniae, as cause of disease classified elsewhere",B96.0,0.9967677593231201,,,,,
287,2,肺真菌病NEC,Pneumomycosis NEC,B49+ J99.8*,0.9883254170417786,,,,,
287,1,fèi 废,,,0.999805212020874,,,,,
287,2,废用性 - 现译名 失用性,"Anopsia, quadrant",,0.9672400951385498,,,,,
287,1,fèi 费,,,0.9998670816421509,,,,,
287,2,费埃病[肢痛症],Feer's disease,T56.1,0.9903411865234375,,,,,
287,2,费尔-克利佩尔综合征[先天性短颈综合征],Feil-Klippel syndrome,Q76.1,0.9901340007781982,,,,,
287,2,费尔蒂综合征[类风湿关节炎伴脾大和白细胞减少],Felty's syndrome,M05.0,0.9238014221191406,,,,,
287,2,费赖伯格 - 现译名 弗赖伯格,Freiberg,,0.950474202632904,,,,,
287,1,fèi 痱,,,0.9625675082206726,,,,,
287,2,痱子，粟疹,Prickly heat,L74.0,0.9952758550643921,,,,,
287,1,fēn 分,,,0.9311568140983582,,,,,
287,2,分叉,Splitting,,0.9998829364776611,,,,,
287,3,尿线,urinary stream,R39.1,0.9845601320266724,,,,,
287,2,分节过多，白细胞性，遗传性,"Hypersegmentation, Hyposegmentation, leukocytic, hereditary",D72.0,0.9924671053886414,,,,,
287,2,分解代谢，老年性,"Catabolism, senile",R54,0.963580310344696,,,,,
287,2,分离 -另见 死骨片,"Diastasis, Dissociation, Separation, Sequestration - see also Sequestrum",,0.9138511419296265,,,,,
287,3,耻骨(联合)，产伤,"pubic bone, symphysis pubis, obstetrical trauma",O71.6,0.9518020749092102,,,,,
287,3,房室(任何程度),auriculoventricular or atrioventricular (AV) (any degree),I45.8,0.973976731300354,,,,,
287,3,肺，先天性,"lung, congenital",Q33.2,0.9899321794509888,,,,,
288,3,腹直肌,recti (abdomen),,0.9658282995223999,,,,,
288,4,并发于分娩,complicating delivery,O71.8,0.9718225002288818,,,,,
288,4,先天性,congenital,Q79.5,0.926835834980011,,,,,
288,3,干扰性,interference,I45.8,0.9818450808525085,,,,,
288,3,骨骺(生长)，创伤性-作为骨折，按部位编码,"epiphysis, epiphyseal, traumatic - code as Fracture, by site",,0.9838467240333557,,,,,
288,3,骨突，创伤性-作为骨折，按部位编码,"apophysis, traumatic - code as Fracture, by site",,0.9932084083557129,,,,,
288,3,骨折-见骨折,fracture - see Fracture,,0.9832680821418762,,,,,
288,3,关节(创伤性)(近期)-作为脱位，按部位编码,"joint (traumatic) (current) - code as Dislocation, by site",,0.9868544936180115,,,,,
288,3,肌肉,muscle,M62.0,0.9692808985710144,,,,,
288,4,先天性,congenital,Q79.8,0.9538938999176025,,,,,
288,3,焦虑，异常的(童年),"anxiety, abnormal (of childhood)",F93.0,0.9841569066047668,,,,,
288,3,颅骨,cranial bones,M84.8,0.949723482131958,,,,,
288,4,先天性NEC,congenital NEC,Q75.8,0.9670183062553406,,,,,
288,3,脉络膜,choroid,H31.4,0.9853779077529907,,,,,
288,3,气管环，不全性，先天性,"tracheal ring, incomplete, congenital",Q32.1,0.982976496219635,,,,,
288,3,视网膜(性)-见脱离，视网膜,"retina, retinal - see Detachment, retina",,0.9884237051010132,,,,,
288,3,胎盘(正常植入)(过早)(另见胎盘早剥),placenta (normally implanted) (premature) (see also Abruptio placentae),O45.9,0.9721556305885315,,,,,
288,2,分离性反应，状态,"Dissociative reaction, state",F44.9,0.9989991784095764,,,,,
288,2,分裂，不完全(先天性)-另见融合,"Segmentation, incomplete (congenital) - see also Fusion",,0.986062228679657,,,,,
288,3,骨NEC,bone NEC,Q78.8,0.9370469450950623,,,,,
288,3,腰骶(关节)(脊椎),lumbosacral (joint) (vertebra),Q76.4,0.9879035949707031,,,,,
288,2,分裂，裂隙,"Division, Split, Splitting",,0.9875783324241638,,,,,
288,3,唇，先天性(另见裂，唇),"lip, congenital (see also Cleft, lip)",Q36.9,0.9925897717475891,,,,,
288,3,宫颈(后天性),cervix uteri (acquired),N88.8,0.9934026002883911,,,,,
288,3,外口被系带分成两个开口,external os into two openings by frenum,Q51.8,0.9732672572135925,,,,,
288,3,甲,nails,L60.3,0.9852721095085144,,,,,
288,3,静脉,vein,I87.8,0.9326506853103638,,,,,
288,3,小阴唇(先天性),labia minora (congenital),Q52.7,0.9922329783439636,,,,,
288,3,心音,heart sounds,R01.2,0.9843255877494812,,,,,
288,3,阴茎头,glans penis,Q55.6,0.9973731637001038,,,,,
288,3,足,foot,Q72.7,0.9878836274147034,,,,,
288,2,分裂情感性精神病,Schizoaffective psychosis,F25.9,0.999933123588562,,,,,
288,2,分裂样(人格),Schizoid (personality),F60.1,0.9934718012809753,,,,,
288,3,童年的,of childhood,F84.5,0.9285694360733032,,,,,
288,2,分流,Shunt,,0.9999880194664001,,,,,
288,3,大脑脑室(交通性)原位,cerebral ventricle (communicating) in situ,Z98.2,0.9867027401924133,,,,,
288,3,动静脉(透析),arteriovenous (dialysis),Z99.2,0.9698551893234253,,,,,
288,4,肺(后天性) NEC,pulmonary (acquired) NEC,I28.0,0.9442484378814697,,,,,
288,5,先天性,congenital,Q25.7,0.8953490853309631,,,,,
288,3,手术，假体的，伴有并发症-见并发症，移植物，动脉,"surgical, prosthetic, with complications - see Complications, graft, arterial",,0.9902105331420898,,,,,
289,3,激素,hormone,,0.9341861009597778,,,,,
289,4,抗利尿，不足(综合征),"antidiuretic, inappropriate (syndrome)",E22.2,0.9816232323646545,,,,,
289,4,异位NEC,ectopic NEC,E34.2,0.9590938091278076,,,,,
289,4,由,by,,0.8200985789299011,,,,,
289,5,类癌瘤,carcinoid tumor,E34.0,0.9214293360710144,,,,,
289,5,嗜铬细胞瘤,pheochromocytoma,E27.5,0.9590162038803101,,,,,
289,3,尿,urinary,,0.9662949442863464,,,,,
289,4,过多,excessive,R35,0.9682257771492004,,,,,
289,4,抑制,suppression,R34,0.9671211242675781,,,,,
289,2,分泌过多,Hypersecretion,,0.9999891519546509,,,,,
289,3,雌激素,estrogen,E28.0,0.9587240815162659,,,,,
289,3,促肾上腺皮质激素(与库欣综合征无关),ACTH (not associated with Cushing's syndrome),E27.0,0.9990448951721191,,,,,
289,4,垂体,pituitary,E24.0,0.9081054329872131,,,,,
289,3,儿茶酚胺,catecholamine,E27.5,0.9629891514778137,,,,,
289,3,高血糖素,glucagon,E16.3,0.9512784481048584,,,,,
289,3,激素,hormone(s),,0.9649561047554016,,,,,
289,4,肠NEC,intestinal NEC,E34.1,0.9533035755157471,,,,,
289,4,垂体,pituitary,E22.9,0.937684178352356,,,,,
289,4,刺激甲状腺,thyroid stimulating,E05.8,0.9912973046302795,,,,,
289,4,促肾上腺皮质激素(与库欣综合征无关),ACTH (not associated with Cushing's syndrome),E27.0,0.9628291130065918,,,,,
289,5,垂体,pituitary,E24.0,0.9462921023368835,,,,,
289,4,睾丸,testicular,E29.0,0.9899815320968628,,,,,
289,4,抗利尿,antidiuretic,E22.2,0.9593112468719482,,,,,
289,4,卵巢雄激素,ovarian androgen,E28.1,0.9849326014518738,,,,,
289,4,生长,growth,E22.0,0.9714253544807434,,,,,
289,3,甲状腺降钙素,thyrocalcitonin,E07.0,0.9873428344726562,,,,,
289,3,降钙素,calcitonin,E07.0,0.9719871282577515,,,,,
289,3,泪腺,lacrimal glands,H04.2,0.9900064468383789,,,,,
289,3,卵巢雄激素,ovarian androgens,E28.1,0.9686044454574585,,,,,
289,3,皮质醇,cortisol,E24.9,0.988832414150238,,,,,
289,3,乳汁,milk,O92.6,0.9154447317123413,,,,,
289,3,上呼吸道液体,upper respiratory,J39.8,0.9907381534576416,,,,,
289,3,肾上腺皮质,corticoadrenal,E24.9,0.9924712181091309,,,,,
289,3,肾上腺素,"adrenaline, epinephrine",E27.5,0.9790077209472656,,,,,
289,3,肾上腺髓质,"adrenomedullary, medulloadrenal",E27.5,0.9915294647216797,,,,,
289,3,胃液,gastric,K31.8,0.9845916032791138,,,,,
289,4,心因性,psychogenic,F45.3,0.990750789642334,,,,,
289,3,胃泌素,gastrin,E16.4,0.9823197722434998,,,,,
289,3,涎腺(任何),salivary gland (any),K11.7,0.9928960204124451,,,,,
289,3,雄激素(睾丸),androgen (testicular),E29.0,0.9805183410644531,,,,,
289,4,卵巢(药物性)(医源性),ovarian (drug-induced) (iatrogenic),E28.1,0.978055477142334,,,,,
289,3,胰岛素-见高胰岛素血症,insulin - see Hyperinsulinism,,0.9732558131217957,,,,,
290,2,分泌过少,Hyposecretion,,0.9999866485595703,,,,,
290,3,促肾上腺皮质激素,ACTH,E23.0,0.9568248391151428,,,,,
290,3,后叶加压素,vasopressin,E23.2,0.9955023527145386,,,,,
290,3,抗利尿激素,antidiuretic hormone,E23.2,0.9656504988670349,,,,,
290,3,卵巢(雌激素),ovary,E28.3,0.9434351921081543,,,,,
290,3,涎腺(任何),salivary gland (any),K11.7,0.9654970765113831,,,,,
290,2,分娩(单胎)(对母体),"Accouchement, Birth, Childbirth, Delivery, Labor, Parturition (single) (mother)",O80.9,0.9617070555686951,,,,,
290,3,被忽视，在分娩中或产后,"neglect, at or after",T74.0,0.972219705581665,,,,,
290,3,并发(被),complicated (by),O75.9,0.9657406210899353,,,,,
290,4,班德尔环[病理性子宫收缩环],Bandl's ring,O62.4,0.9741135835647583,,,,,
290,4,瘢痕,scar(s),,0.872038722038269,,,,,
290,5,宫颈,cervix,O34.4,0.8874987363815308,,,,,
290,5,剖宫产,cesarean section,O75.7,0.9277042150497437,,,,,
290,5,子宫NEC,uterus NEC,O34.2,0.962422788143158,,,,,
290,4,剥离，耻骨(联合),"separation, pubic bone (symphysis pubis)",O71.6,0.9566482305526733,,,,,
290,4,病理性缩复环，子宫,"pathological retraction ring, uterus",O62.4,0.9729177951812744,,,,,
290,4,不完全扩张(宫颈),incomplete dilatation (cervix),O62.0,0.9533731937408447,,,,,
290,4,产程期间发热,fever during labor,O75.2,0.9769478440284729,,,,,
290,4,产程延长,"prolonged labor, retarded birth",O63.9,0.9389072060585022,,,,,
290,5,第一,first stage,O63.0,0.8528486490249634,,,,,
290,5,第二,second stage,O63.1,0.9236537218093872,,,,,
290,4,产后物滞留(伴有出血),retention of secundines (with hemorrhage),O72.0,0.9567376375198364,,,,,
290,5,不伴有出血,without hemorrhage,O73.0,0.9437987804412842,,,,,
290,5,部分,partial,O72.2,0.9091992378234863,,,,,
290,6,不伴有出血,without hemorrhage,O73.1,0.9010945558547974,,,,,
290,4,产伤,obstetric trauma,O71.9,0.9310258030891418,,,,,
290,5,特指的NEC,specified NEC,O71.8,0.9875971674919128,,,,,
290,4,成囊，妊娠子宫,"sacculation, pregnant uterus",O34.5,0.973994255065918,,,,,
290,4,出血(子宫),"bleeding, hemorrhage (uterine)",O67.9,0.9447033405303955,,,,,
290,5,产后NEC(无张力性)(即刻),postpartum NEC (atonic) (immediate),O72.1,0.9818390011787415,,,,,
290,6,伴有胎盘滞留或胎盘嵌顿,with retained or trapped placenta,O72.0,0.967434287071228,,,,,
290,6,第三产程,third stage,O72.0,0.9302363991737366,,,,,
290,6,继发性,secondary,O72.2,0.950046718120575,,,,,
290,6,延迟,delayed,O72.2,0.9528061747550964,,,,,
290,5,大脑,cerebral,O99.4,0.9219143986701965,,,,,
290,5,胎盘NEC,placenta NEC,O67.8,0.986850917339325,,,,,
290,5,意外(另见胎盘早剥),accidental (see also Abruptio placentae),O45.9,0.9860888123512268,,,,,
290,5,由于,due to,,0.9835262894630432,,,,,
290,6,创伤(产科性),trauma (obstetric),O67.8,0.9223284125328064,,,,,
290,6,低置胎盘,low-lying placenta,O44.1,0.9175195693969727,,,,,
290,6,前置胎盘,placenta previa,O44.1,0.9131474494934082,,,,,
290,6,胎盘早期剥离(正常植入)(另见胎盘早剥),premature separation of placenta (normally implanted) (see also Abruptio placentae),O45.9,0.9460407495498657,,,,,
290,6,胎盘滞留,retained placenta,O72.0,0.9434840679168701,,,,,
290,6,子宫平滑肌瘤,uterine leiomyoma,O67.8,0.9536765217781067,,,,,
291,5,与...有关,associated with,,0.9911157488822937,,,,,
291,6,低纤维蛋白原血症,hypofibrinogenemia,O67.0,0.9461294412612915,,,,,
291,6,凝血缺陷,coagulation defect,O67.0,0.9710502624511719,,,,,
291,6,纤维蛋白溶解亢进,hyperfibrinolysis,O67.0,0.9597126245498657,,,,,
291,6,纤维蛋白原缺乏血症,afibrinogenemia,O67.0,0.9360052943229675,,,,,
291,4,穿孔-见分娩，并发，裂伤,"perforation - see Delivery, complicated by, laceration",,0.9403091669082642,,,,,
291,4,穿透伤，妊娠子宫，被器械,"penetration, pregnant uterus, by instrument",O71.1,0.9789732694625854,,,,,
291,4,创伤(产科),trauma (obstetrical),O71.9,0.9652105569839478,,,,,
291,4,卒中(大脑),apoplexy (cerebral),O99.4,0.9316273927688599,,,,,
291,4,错位,malposition,,0.8309793472290039,,,,,
291,5,胎盘(伴有出血),placenta (with hemorrhage),O44.1,0.935856819152832,,,,,
291,6,不伴有出血,without hemorrhage,O44.0,0.9772792458534241,,,,,
291,5,子宫或宫颈,uterus or cervix,O65.5,0.9555323719978333,,,,,
291,4,大脑出血,cerebral hemorrhage,O99.4,0.941333532333374,,,,,
291,4,腹直肌分离,diastasis recti (abdominis),O71.8,0.9848352074623108,,,,,
291,3,高龄初产妇-作为分娩，并发，特异性情况编码,"primipara, elderly or old - code as Delivery, complicated by, specific condition",,0.9738869667053223,,,,,
291,4,高血压(另见高血压，并发于妊娠),"hypertension (see also Hypertension, complicating pregnancy)",O16,0.9719980955123901,,,,,
291,4,梗阻-见分娩，梗阻性,"obstruction - see Labor, obstructed",,0.953747570514679,,,,,
291,4,宫颈环状脱离,annular detachment of cervix,O71.3,0.9893039464950562,,,,,
291,4,宫颈痉挛,"spasm, cervix",O62.4,0.9855388402938843,,,,,
291,4,宫颈狭窄,"stenosis or stricture, cervix",O65.5,0.977872908115387,,,,,
291,4,宫颈性难产(低张性),cervical dystocia (hypotonic),O62.0,0.9847761988639832,,,,,
291,4,宫缩乏力,"inertia, uterus",O62.2,0.9837819933891296,,,,,
291,5,原发性,primary,O62.0,0.9440353512763977,,,,,
291,5,继发性,secondary,O62.1,0.9787771701812744,,,,,
291,4,机能不良，子宫NEC,"dysfunction, uterus NEC",O62.9,0.9902744293212891,,,,,
291,5,不协调,incoordinate,O62.4,0.950124204158783,,,,,
291,5,低张性,hypotonic,O62.2,0.9114853143692017,,,,,
291,6,原发性,primary,O62.0,0.9457080960273743,,,,,
291,6,继发性,secondary,O62.1,0.9508543610572815,,,,,
291,5,高张性,hypertonic,O62.4,0.9649205207824707,,,,,
291,4,急产,precipitate labor,O62.3,0.8813817501068115,,,,,
291,4,肩先露,shoulder presentation,O64.4,0.9338645935058594,,,,,
291,4,窘迫,distress,,0.7970414757728577,,,,,
291,5,母体,maternal,O75.0,0.9071957468986511,,,,,
291,5,胎儿,fetal,O68.9,0.9531895518302917,,,,,
291,6,超声波证据,ultrasonic evidence,O68.8,0.9863286018371582,,,,,
291,6,生物化学证据,biochemical evidence,O68.3,0.9418171048164368,,,,,
291,4,特指的证据NEC,specified evidence NEC,O68.8,0.9795328974723816,,,,,
291,4,心电图的证据,electrocardiographic evidence,O68.8,0.9485720992088318,,,,,
292,4,库弗莱尔子宫(另见胎盘早剥),Couvelaire uterus (see also Abruptio placentae),O45.8,0.9811702966690063,,,,,
292,4,扩张,dilatation,,0.8758218288421631,,,,,
292,5,宫颈不完全、不良或缓慢,"cervix incomplete, poor or slow",O62.0,0.9693567156791687,,,,,
292,5,膀胱,bladder,O66.8,0.9596686959266663,,,,,
292,4,裂伤,laceration,O70.9,0.9382224678993225,,,,,
292,5,肠,bowel,O71.5,0.8573688268661499,,,,,
292,5,处女膜,hymen,O70.0,0.9588142037391663,,,,,
292,5,腹膜,peritoneum,O71.5,0.9044488072395325,,,,,
292,5,肛门括约肌,"anus (sphincter), sphincter ani",O70.2,0.963151752948761,,,,,
292,6,伴有粘膜,with mucosa,O70.3,0.9731897711753845,,,,,
292,5,宫颈,cervix (uteri),O71.3,0.9077603220939636,,,,,
292,5,会阴,"perineum, perineal",O70.9,0.9793981313705444,,,,,
292,6,度,first degree,O70.0,0.9458272457122803,,,,,
292,6,二度,second degree,O70.1,0.9271764755249023,,,,,
292,6,三度,third degree,O70.2,0.9506592750549316,,,,,
292,6,四度,fourth degree,O70.3,0.9639774560928345,,,,,
292,6,肌肉,muscles,O70.1,0.8359910845756531,,,,,
292,6,皮肤,skin,O70.0,0.8702188730239868,,,,,
292,6,轻度,slight,O70.0,0.8946268558502197,,,,,
292,5,尿道,urethra,O71.5,0.9470714330673218,,,,,
292,5,膀胱(泌尿道),bladder (urinary),O71.5,0.963234543800354,,,,,
292,5,盆腔,pelvic,,0.7924972772598267,,,,,
292,6,底,floor,O70.1,0.8812488317489624,,,,,
292,6,器官NEC,organ NEC,O71.5,0.9396016001701355,,,,,
292,5,特指的NEC,specified NEC,O71.8,0.9340977668762207,,,,,
292,5,外阴,vulva,O70.0,0.9042550325393677,,,,,
292,5,阴唇,labia,O70.0,0.8955052495002747,,,,,
292,5,阴唇系带,fourchette,O70.0,0.9394447207450867,,,,,
292,5,阴道(深部)(高位)(不伴有会阴裂伤),"vagina, vaginal (deep) (high) (without perineal laceration)",O71.4,0.9702261686325073,,,,,
292,6,伴有会阴,with perineum,O70.0,0.9174256920814514,,,,,
292,6,和肌肉(会阴)(阴道),and muscles (perineal) (vaginal),O70.1,0.9306862354278564,,,,,
292,5,直肠阴道(隔)(不伴有会阴裂伤),rectovaginal (septum) (without perineal laceration),O71.4,0.9486883282661438,,,,,
292,6,伴有会阴,with perineum,O70.2,0.9587495923042297,,,,,
292,7,和肛门或直肠粘膜,with anal or rectal mucosa,O70.3,0.9354749321937561,,,,,
292,5,子宫,uterus,O71.1,0.9296797513961792,,,,,
292,6,产前,before labour,O71.0,0.8765766024589539,,,,,
292,4,瘤，盆腔器官或组织NEC,"tumor, pelvic organs or tissues NEC",O65.5,0.9648284912109375,,,,,
292,4,挛缩环,"contraction, contracted ring",O62.4,0.9707404971122742,,,,,
292,4,麻醉致死,anesthetic death,O74.8,0.9803000688552856,,,,,
292,4,内翻，子宫,"inversion, uterus",O71.2,0.9406337141990662,,,,,
293,4,破裂,rupture,,0.8672582507133484,,,,,
293,5,宫颈,cervix,O71.3,0.895200252532959,,,,,
293,5,会阴(不伴有提及其他裂伤)-见分娩，并发，裂伤，会阴,"perineum (without mention of other laceration) see Delivery, complicated by, laceration, perineum",,0.9735260605812073,,,,,
293,5,尿道,urethra,O71.5,0.9382219314575195,,,,,
293,5,膀胱(泌尿道),bladder (urinary),O71.5,0.9720489382743835,,,,,
293,5,盆腔器官NEC,pelvic organ NEC,O71.5,0.9915715456008911,,,,,
293,5,子宫(分娩中或分娩后),uterus (during or after labor),O71.1,0.9581505656242371,,,,,
293,6,分娩前,before labor,O71.0,0.9315119981765747,,,,,
293,4,破裂子宫-见分娩，并发，破裂，子宫,"disruptio uteri - see Delivery, complicated by, rupture, uterus",,0.9636843800544739,,,,,
293,4,脐带,cord (umbilical),,0.8125503659248352,,,,,
293,5,并发症,complication,O69.9,0.8523379564285278,,,,,
293,6,特指的 NEC,specified NEC,O69.8,0.8848466873168945,,,,,
293,5,缠绕,entanglement,O69.2,0.9325233101844788,,,,,
293,5,挫伤,bruising,O69.5,0.8958854675292969,,,,,
293,5,短,short,O69.3,0.835024356842041,,,,,
293,5,绕颈，紧紧地或伴有受压,"around neck, tightly or with compression",O69.1,0.9443482160568237,,,,,
293,5,受压 NEC,compression NEC,O69.2,0.9028574824333191,,,,,
293,5,脱垂,prolapse,O69.0,0.9621836543083191,,,,,
293,5,先露,presentation,O69.0,0.8916841745376587,,,,,
293,5,血管损害,vascular lesion,O69.5,0.9346256852149963,,,,,
293,5,血栓形成(血管),thrombosis (vessels),O69.5,0.9382876753807068,,,,,
293,5,血肿,hematoma,O69.5,0.8995482325553894,,,,,
293,4,脐带帆状附着,velamentous insertion of cord,O69.8,0.9559749364852905,,,,,
293,4,脐带受压NEC,compression of cord (umbilical) NEC,O69.2,0.9569283127784729,,,,,
293,4,沙漏式挛缩，子宫,"hourglass contraction, uterus",O62.4,0.9582774639129639,,,,,
293,4,栓塞(肺),embolism (pulmonary),O88.2,0.9617711901664734,,,,,
293,5,空气,air,O88.0,0.9563883543014526,,,,,
293,5,脓毒(症)性,"septic, pyemic",O88.3,0.9610604643821716,,,,,
293,5,血凝块,blood-clot,O88.2,0.9590198397636414,,,,,
293,5,羊水,amniotic fluid,O88.1,0.8472422361373901,,,,,
293,5,脂肪,fat,O88.8,0.9499256014823914,,,,,
293,4,撕裂-见分娩，并发，裂伤,"tear - see Delivery, complicated by, laceration",,0.9746814966201782,,,,,
293,4,死亡(突然)，未知原因,"death (sudden), unknown cause",O95,0.9514246582984924,,,,,
293,4,松弛，子宫,"atony, uterus",O62.2,0.9548046588897705,,,,,
293,4,损伤(对母亲),injury (to mother),O71.9,0.9272705912590027,,,,,
293,4,胎儿,fetal,,0.8806502819061279,,,,,
293,5,畸形,deformity,O66.3,0.9304389953613281,,,,,
293,5,窘迫(另见分娩，并发，窘迫，胎儿),"distress (see also Delivery, complicated by, distress, fetal)",O68.9,0.9632337689399719,,,,,
293,5,心率异常,heart rate anomaly,O68.0 O68.9,0.9690096378326416,,,,,
293,6,伴有羊水中的胎粪,with meconium in liquor,O68.2,0.9858411550521851,,,,,
293,4,胎儿受压-见分娩，并发，窘迫，胎儿,"stress, fetal - see Delivery, complicated by, distress, fetal",,0.9358407855033875,,,,,
294,4,胎膜(自发性)破裂后的延迟,delay following rupture of membranes (spontaneous),O75.6,0.9537925720214844,,,,,
294,4,胎膜或部分胎盘滞留,retained membranes or portions of placenta,O72.2,0.9772154092788696,,,,,
294,5,不伴有出血,without hemorrhage,O73.1,0.9153757691383362,,,,,
294,4,胎膜早破(另见破裂，胎膜，过早),"premature rupture, membranes (see also Rupture, membranes, premature)",O42.9,0.958428680896759,,,,,
294,4,胎盘,"placenta, placental",,0.828376293182373,,,,,
294,5,剥离(过早)(另见胎盘早剥),"abruptio, detachment, separation (premature) (see also Abruptio placentae)",O45.9,0.9735513925552368,,,,,
294,5,出血 NEC,hemorrhage NEC,O67.8,0.9702741503715515,,,,,
294,5,错位(伴有出血),malposition (with hemorrhage),O44.1,0.9938193559646606,,,,,
294,6,不伴有出血,without hemorrhage,O44.0,0.9582144021987915,,,,,
294,5,低置(伴有出血),low (implantation) (with hemorrhage),O44.1,0.9857974648475647,,,,,
294,4,不伴有出血,without hemorrhage,O44.0,0.9729339480400085,,,,,
294,5,畸形NEC,malformation NEC,O43.1,0.9536416530609131,,,,,
294,5,疾患,disorder,O43.9,0.9521418809890747,,,,,
294,5,前置(中心性)(外侧)(边缘)(部分)(伴有出血),previa (central) (lateral) (marginal) (partial) (with hemorrhage),O44.1,0.9445294737815857,,,,,
294,6,不伴有出血,without hemorrhage,O44.0,0.9594853520393372,,,,,
294,4,侵入性,accreta,O72.0,0.907566249370575,,,,,
294,4,不伴有出血,without hemorrhage,O73.0,0.9505660533905029,,,,,
294,5,异常NEC,abnormality NEC,O43.1,0.9577128291130066,,,,,
294,5,早期剥离(另见胎盘早剥),ablatio (see also Abruptio placentae),O45.9,0.9809389710426331,,,,,
294,4,粘连(伴有出血),adherent (with hemorrhage),O72.0,0.9481584429740906,,,,,
294,5,不伴有出血,without hermorrhage,O73.0,0.9224154353141785,,,,,
294,5,植入不良(伴有出血),vicious insertion (with hemorrhage),O44.1,0.9530199766159058,,,,,
294,5,不伴有出血,without hemorrhage,O44.0,0.9766912460327148,,,,,
294,4,植入性(伴有出血),"increta, percreta (with hemorrhage)",O72.0,0.9072340726852417,,,,,
294,5,不伴有出血,without hemorrhage,O73.0,0.9582259058952332,,,,,
294,5,滞留(伴有出血),retained (with hemorrhage),O72.0,0.9320590496063232,,,,,
294,5,不伴有出血,without hemorrhage,O73.0,0.9459049701690674,,,,,
294,4,胎盘病,diseased placenta,O43.9,0.946773886680603,,,,,
294,4,胎盘早剥NEC,abruptio placentae NEC,O45.8,0.9757041335105896,,,,,
294,4,胎盘粘连,adherent placenta,O72.0,0.9488237500190735,,,,,
294,5,不伴有出血,without hemorrhage,O73.0,0.9743212461471558,,,,,
294,4,脱垂,prolapse,,0.9761390686035156,,,,,
294,5,臂或手,arm or hand,O32.2,0.9236124157905579,,,,,
294,5,脐带,cord (umbilical),O69.0,0.9416408538818359,,,,,
294,5,子宫,uterus,O34.5,0.8702238202095032,,,,,
294,5,足或腿,foot or leg,O32.1,0.9629485011100769,,,,,
294,4,休克,shock,O75.1,0.9372208118438721,,,,,
294,4,血管前置,vasa previa,O69.4,0.960384726524353,,,,,
295,4,血肿,hematoma,O71.7,0.919251561164856,,,,,
295,5,盆腔,pelvic,O71.7,0.9483407139778137,,,,,
295,5,外阴或会阴,vulva or perineum,O71.7,0.9233183860778809,,,,,
295,5,阴道,vagina,O71.7,0.8918370008468628,,,,,
295,5,硬膜下,subdural,O99.4,0.9241748452186584,,,,,
295,5,坐骨棘,ischial spine,O71.7,0.8912122845649719,,,,,
295,4,羊水中的胎粪,meconium in liquor,O68.1,0.9055865406990051,,,,,
295,5,伴有胎儿心率异常,with fetal heart rate anomaly,O68.2*,0.958850085735321,,,,,
295,4,以前的,previous,,0.9253181219100952,,,,,
295,5,剖宫产,cesarean section,O75.7,0.9095875024795532,,,,,
295,5,手术,surgery,,0.9708302617073059,,,,,
295,6,妇科NEC,gynecological NEC,O34.8,0.9398083686828613,,,,,
295,6,宫颈,cervix,O34.4,0.9171188473701477,,,,,
295,6,会阴,perineum,O34.7,0.9726732969284058,,,,,
295,6,外阴,vulva,O34.7,0.9363788366317749,,,,,
295,6,阴道,vagina,O34.6,0.9140164852142334,,,,,
295,6,子宫NEC,uterus NEC,O34.2,0.9404031038284302,,,,,
295,4,异常的,"abnormal, abnormality of",,0.8254988789558411,,,,,
295,5,产力,forces of labor,O62.9,0.9055880308151245,,,,,
295,6,特指类型NEC,specified type NEC,O62.8,0.9716001749038696,,,,,
295,5,子宫挛缩NEC,uterine contractions NEC,O62.9,0.9846703410148621,,,,,
295,4,幼稚型,infantile,,0.9265894889831543,,,,,
295,5,生殖器NEC,genitalia NEC,O34.8,0.930784285068512,,,,,
295,5,子宫,uterus,O34.5,0.9134965538978577,,,,,
295,4,子宫破裂-见分娩，并发，破裂，子宫,"metrorrhexis - see Delivery, complicated by, rupture, uterus",,0.9816821217536926,,,,,
295,4,子宫强直,tetanic uterus,O62.4,0.9825956225395203,,,,,
295,4,子宫收缩不协调,incoordinate uterine contractions,O62.4,0.989892840385437,,,,,
295,4,子痫,eclampsia,O15.1,0.8869380950927734,,,,,
295,3,产钳术 NEC,forceps NEC,O81.3,0.9429324269294739,,,,,
295,4,低位,low,O81.0,0.8913306593894958,,,,,
295,5,真空吸引器失败后,following failed vacuum extraction,O66.5,0.9772340655326843,,,,,
295,4,和吸杯(真空吸引器),with ventouse (vacuum extractor),O81.5,0.9595649838447571,,,,,
295,4,影响到胎儿或新生儿,affectingfetusor newborn,P03.2,0.9834030270576477,,,,,
295,4,中位,mid-cavity,Q81.1 O81.1,0.8524850606918335,,,,,
295,5,伴有旋转,with rotation,O81.2,0.937476634979248,,,,,
295,3,穿颅术，以促进分娩,"craniotomy, to facilitate delivery",O83.4,0.9853843450546265,,,,,
295,3,多胎,multiple,O84.9,0.9604632258415222,,,,,
295,4,都是(由),all (by),,0.8608978986740112,,,,,
295,5,产钳术,forceps,O84.1,0.9390918612480164,,,,,
295,5,剖宫产,cesarean section,O84.2,0.9414639472961426,,,,,
295,5,真空吸引器助产,vacuum extractor,O84.1,0.9139590263366699,,,,,
295,5,自然[顺产],spontaneous,O84.0,0.9146836400032043,,,,,
295,4,合并方式,combination of methods,O84.8,0.8919653296470642,,,,,
295,4,特指的 NEC,specified NEC,O84.8,0.9787222146987915,,,,,
296,3,腹腔妊娠中能活胎儿,viable fetus in abdominal pregnancy,O83.3,0.9899286031723022,,,,,
296,3,梗阻性,obstructed,O66.9,0.9629129767417908,,,,,
296,4,被或由于,—by or due to,,0.8644739985466003,,,,,
296,5,持续性枕后位或枕横位,"persistent occipitoposterior, or occipitotransverse (position)",O64.0,0.979243278503418,,,,,
296,5,错位,malposition,,0.9867522716522217,,,,,
296,6,盆腔器官或组织NEC,pelvic organs or tissues NEC,O65.5,0.9426446557044983,,,,,
296,5,额先露,brow presentation,O64.3,0.9385422468185425,,,,,
296,5,复合性先露,compound presentation,O64.5,0.9825330972671509,,,,,
296,5,宫颈瘢痕,cicatrix of cervix,O65.5,0.9616843461990356,,,,,
296,5,过大胎儿,oversize fetus,O66.2,0.9740807414054871,,,,,
296,5,横位,transverse,,0.9927240014076233,,,,,
296,6,先露或产式,presentation or lie,O64.8,0.9648242592811584,,,,,
296,6,阻滞(深部),arrest (deep),O64.0,0.9688329696655273,,,,,
296,5,后倾，子宫或宫颈,"retroversion, uterus or cervix",O65.5,0.9780645966529846,,,,,
296,5,畸形(后天性)(先天性),deformity (acquired) (congenital),,0.970727264881134,,,,,
296,6,骨盆(骨性)NEC,pelvis (bony) NEC,O65.0,0.9689357280731201,,,,,
296,6,盆腔器官或组织NEC,pelvic organs or tissues NEC,O65.5,0.9803145527839661,,,,,
296,5,肩,shoulder,,0.9951171875,,,,,
296,6,难产或嵌顿,dystocia or impaction,O66.0,0.978239119052887,,,,,
296,6,先露,presentation,O64.4,0.89333176612854,,,,,
296,5,肩嵌顿,impacted shoulders,O66.0,0.9556038975715637,,,,,
296,5,肩峰先露,acromion presentation,O64.4,0.9365851283073425,,,,,
296,5,均小骨盆,contracted pelvis (general),O65.1,0.9770610928535461,,,,,
296,6,出口,outlet,O65.3,0.9160084128379822,,,,,
296,6,入口,inlet,O65.2,0.9493592977523804,,,,,
296,6,中腔,mid-cavity,O65.3,0.931641697883606,,,,,
296,5,颏先露,chin presentation,O64.2,0.9447977542877197,,,,,
296,5,面先露,face presentation,O64.2,0.9859192967414856,,,,,
296,6,对耻骨,to pubes,O64.0,0.96641606092453,,,,,
296,5,脑积水胎儿,hydrocephalic fetus,O66.3,0.9134612083435059,,,,,
296,6,影响到胎儿或新生儿,affecting fetus or newborn,P03.1,0.9647672176361084,,,,,
296,5,膀胱膨出,cystocele,O65.5,0.969200074672699,,,,,
296,5,盆腔瘤NEC,pelvic tumor NEC,O65.5,0.9526399374008179,,,,,
296,5,前倾，宫颈或子宫,"anteversion, cervix or uterus",O65.5,0.9851271510124207,,,,,
296,5,强直,rigid,,0.969663679599762,,,,,
296,6,宫颈,cervix,O65.5,0.9257246851921082,,,,,
296,6,会阴或外阴,perineum or vulva,O65.5,0.9769394993782043,,,,,
296,6,盆底,pelvic floor,O65.5,0.9343173503875732,,,,,
296,6,阴道,vagina,O65.5,0.9241924285888672,,,,,
296,5,深部横位阻滞,deep transverse arrest,O64.0,0.9694291353225708,,,,,
296,5,衰竭，胎头进入骨盆边缘,"failure, fetal head to enter pelvic brim",O64.8,0.9879752993583679,,,,,
297,5,双角子宫,bicornis or bicornate uterus,O65.5,0.9587160348892212,,,,,
297,5,双胎交锁,locked twins,O66.1,0.9586976170539856,,,,,
297,5,双子宫(先天性),double uterus (congenital),O65.5,0.9843724966049194,,,,,
297,5,胎盆不称 NEC,"disproportion, fetopelvic NEC",O65.4,0.9482079744338989,,,,,
297,6,影响到胎儿或新生儿,affecting fetus or newborn,P03.1,0.9826978445053101,,,,,
297,5,胎头不衔接,nonengagement of fetal head,O64.8,0.9836329817771912,,,,,
297,5,胎位不正,"malposition, mal lie",O64.9,0.9468615055084229,,,,,
297,6,胎儿 NEC,fetus NEC,O64.9,0.9444683790206909,,,,,
297,5,头盆不称(胎儿形成正常),cephalopelvic disproportion (normally formed fetus),O65.4,0.9436268210411072,,,,,
297,6,影响到胎儿或新生儿,affecting fetus or newborn,P03.1,0.9738936424255371,,,,,
297,5,臀(位)先露,breech presentation,O64.1,0.9702643752098083,,,,,
297,5,脱垂,prolapse,,0.9888599514961243,,,,,
297,6,臂或手,arm or hand,O64.4,0.8939204216003418,,,,,
297,6,子宫,uterus,O65.5,0.8712796568870544,,,,,
297,6,足或腿,foot or leg,O64.8,0.8905134201049805,,,,,
297,5,狭窄,stenosis,O65.5,0.9401950240135193,,,,,
297,5,先露异常,malpresentation,O64.9,0.957729160785675,,,,,
297,6,特指的NEC,specified NEC,O64.8,0.9740587472915649,,,,,
297,6,影响到胎儿或新生儿,affecting fetus or newborn,P03.1,0.9627600312232971,,,,,
297,5,纤维(瘤)(子宫),fibroid (tumor) (uterus),O65.5,0.9780657291412354,,,,,
297,5,斜位产式,oblique presentation,O64.4,0.9496782422065735,,,,,
297,5,移位，子宫 NEC,"displacement, uterus NEC",O65.5,0.9491959810256958,,,,,
297,5,异常的,abnormal,,0.8589903116226196,,,,,
297,6,大胎儿,"size, fetus",O66.2,0.9133117198944092,,,,,
297,7,影响到胎儿或新生儿,affecting fetus or newborn,P03.1,0.948248565196991,,,,,
297,6,宫颈,cervix,O65.5,0.8739928603172302,,,,,
297,6,骨盆(骨性),pelvis (bony),O65.9,0.95620197057724,,,,,
297,7,特指的NEC,specified NEC,O65.8,0.9643756151199341,,,,,
297,7,影响到胎儿或新生儿,affecting fetus or newborn,P03.1,0.9804016351699829,,,,,
297,6,盆腔器官或组织,pelvic organs or tissues,O65.5,0.9965975284576416,,,,,
297,6,软(骨盆),soft parts (of pelvis),O65.5,0.9238266348838806,,,,,
297,6,先露或位置,presentation or position,O64.9,0.9895908236503601,,,,,
297,7,影响到胎儿或新生儿,affecting fetus or newborn,P03.1,0.9638615846633911,,,,,
297,6,阴道,vagina,O65.5,0.9266608357429504,,,,,
297,6,子宫,uterus,O65.5,0.9329798817634583,,,,,
297,5,在O32.-中的情况,conditions in O32.-,O64.9,0.9520933032035828,,,,,
297,5,在O34.-中的情况,conditions in O34.-,O65.5,0.9316828846931458,,,,,
297,5,直肠膨出,rectocele,O65.5,0.9233272075653076,,,,,
297,5,子宫或宫颈侧倾,"lateroversion, uterus or cervix",O65.5,0.9348102807998657,,,,,
297,5,子宫嵌顿,incarceration of uterus,O65.5,0.9481712579727173,,,,,
297,4,特指的NEC,specified NEC,O66.8,0.9634607434272766,,,,,
297,5,影响到胎儿或新生儿,affecting fetus or newborn,P03.1,0.9850356578826904,,,,,
298,3,稽留,missed,O36.4,0.9389022588729858,,,,,
298,3,急产,precipitate,O62.3,0.9572687149047852,,,,,
298,4,影响到胎儿或新生儿,affecting fetus or newborn,P03.5,0.9683111906051636,,,,,
298,3,困难[难产]NEC,difficult NEC,,0.9735530018806458,,,,,
298,4,以前的，影响妊娠处理,"previous, affecting management of pregnancy",Z35.2,0.9920351505279541,,,,,
298,3,母亲的并发症-见分娩，并发,"complications in mother - see Delivery, complicated",,0.975745439529419,,,,,
298,3,破坏性手术,destructive operation,O83.4,0.9353082776069641,,,,,
298,3,剖宫产(为),cesarean (for),O82.9,0.962432861328125,,,,,
298,4,瘢痕,scar(s),,0.9623721241950989,,,,,
298,5,宫颈,cervix,O34.4,0.8967097401618958,,,,,
298,5,剖宫产,cesarean section,O34.2,0.9353930950164795,,,,,
298,5,子宫,uterus,O34.2,0.8357590436935425,,,,,
298,4,伴有子宫切除术,with hyerectomy,O82.2,0.9471191763877869,,,,,
298,4,产程延长NEC,prolonged labor NEC,O63.9,0.9540404677391052,,,,,
298,4,成囊，妊娠子宫,"sacculation, pregnant uterus",O34.5,0.9683665037155151,,,,,
298,4,弛缓，子宫,"atony, uterus",O62.2,0.9261769652366638,,,,,
298,4,出血(产前),hemorrhage (antepartum),O46.9,0.9602645039558411,,,,,
298,5,产时,intrapartum,O67.9,0.8833287954330444,,,,,
298,4,错位,malposition,,0.9202054738998413,,,,,
298,5,盆腔器官或组织NEC,pelvic organs or tissues NEC,O34.8,0.9618260860443115,,,,,
298,5,胎儿,fetus,O32.9,0.9517831802368164,,,,,
298,6,在多胎妊娠中,in multiple gestation,O32.5,0.9575771689414978,,,,,
298,5,子宫 NEC,uterus NEC,O34.5,0.8793720006942749,,,,,
298,4,额先露,brow presentation,O32.3,0.9814954996109009,,,,,
298,4,宫颈瘢痕,cicatrix of cervix,O34.4,0.9650169014930725,,,,,
298,4,宫颈狭窄,"stenosis or stricture, cervix",O34.4,0.9627746939659119,,,,,
298,4,宫缩乏力,"inertia, uterus",O62.2,0.9667615294456482,,,,,
298,5,原发性,primary,O62.0,0.9721860885620117,,,,,
298,5,继发性,secondary,O62.1,0.9721899032592773,,,,,
298,4,横先露或横产式.,transverse presentation or lie,O32.2,0.969594419002533,,,,,
298,4,后倾,retroversion,O34.5,0.9026429653167725,,,,,
298,5,子宫,uterus,O34.5,0.8956135511398315,,,,,
298,4,环扎术,cerclage,O34.3,0.9666459560394287,,,,,
298,4,畸形(后天性)(先天性),deformity (acquired) (congenital),,0.9444567561149597,,,,,
298,5,骨盆(骨性)NEC,pelvis (bony) NEC,O33.0,0.9267642498016357,,,,,
298,4,盆腔器官或组织NEC,pelvic organs or tissues NEC,O34.8,0.9469144344329834,,,,,
298,4,急症,emergency,O82.1,0.8631999492645264,,,,,
298,4,肩峰先露,acromion presentation,O32.2,0.9589046239852905,,,,,
298,4,肩先露,shoulder presentation,O32.2,0.9643529653549194,,,,,
298,4,僵直,rigid,,0.8585522770881653,,,,,
298,5,宫颈,cervix,O34.4,0.9364277720451355,,,,,
298,5,会阴,perineum,O34.7,0.8571832776069641,,,,,
298,5,盆腔底,pelvic floor,O34.8,0.9517202973365784,,,,,
298,5,外阴,vulva,O34.7,0.9038183093070984,,,,,
298,5,阴道,vagina,O34.6,0.9162465929985046,,,,,
299,4,窘迫,distress,,0.8598408102989197,,,,,
299,5,母体,maternal,O75.0,0.8576734066009521,,,,,
299,5,胎儿,fetal,O36.3,0.8619281053543091,,,,,
299,4,早产,prematurity,O60.1,0.9617181420326233,,,,,
299,4,均小骨盆,contracted pelvis (general),,0.8786913752555847,,,,,
299,5,出口,outlet,O33.3,0.8400497436523438,,,,,
299,5,入口,inlet,O33.2,0.8900109529495239,,,,,
299,4,颏先露,chin presentation,O32.3,0.8623391389846802,,,,,
299,4,扩张不良，宫颈,"poor dilatation, cervix",O62.0,0.9564250111579895,,,,,
299,4,瘤，盆腔器官或组织NEC,"tumor, pelvic organs or tissues NEC",O34.8,0.972862720489502,,,,,
299,5,宫颈,cervix,O34.4,0.8779757618904114,,,,,
299,4,面先露,face presentation,O32.3,0.9118888974189758,,,,,
299,4,母体,maternal,,0.8335579633712769,,,,,
299,5,糖尿病(另见糖尿病，并发于妊娠),"diabetes mellitus (see also Diabetes, complicating pregnancy)",O24.9,0.9587945342063904,,,,,
299,5,心脏病 NEC,heart disease NEC,O99.4,0.9732229113578796,,,,,
299,4,脑积水胎儿,hydrocephalic fetus,O33.6,0.9754636287689209,,,,,
299,4,膀胱膨出,cystocele,O34.8,0.9548307657241821,,,,,
299,4,盆腔瘤NEC,pelvic tumor NEC,O34.8,0.9699187874794006,,,,,
299,4,脐带先露或脱垂,umbilical cord presentation or prolapse,O69.0,0.9777266383171082,,,,,
299,4,前倾，子宫,"anteversion, uterus",O34.5,0.940260648727417,,,,,
299,4,前置胎盘(伴有出血),placenta previa (with hemorrhage),O44.1,0.9321032166481018,,,,,
299,5,不伴有出血,without hemorrhage,O44.0,0.9460381269454956,,,,,
299,4,失败,failed,,0.780809223651886,,,,,
299,5,产钳术,forceps,O66.5,0.9585791230201721,,,,,
299,5,试产NEC,trial of labour NEC,O66.4,0.9514334201812744,,,,,
299,5,吸杯,ventouse,O66.5,0.9554046988487244,,,,,
299,5,真空吸引器,vacuum extraction,O66.5,0.9176280498504639,,,,,
299,4,胎儿,"fetus, fetal",,0.8566456437110901,,,,,
299,5,窘迫,distress,O36.3,0.9166980981826782,,,,,
299,5,胎盆不称，由于胎儿畸形NEC,disproportion due to fetal deformity NEC,O33.7,0.9864025115966797,,,,,
299,4,胎儿过大,"increased size, fetus, oversized fetus",O33.5,0.9595707058906555,,,,,
299,4,胎儿母体出血,fetal-maternal hemorrhage,O43.0,0.935032844543457,,,,,
299,4,胎盘机能不全,placental insufficiency,O36.5,0.9540172815322876,,,,,
299,4,胎盘早剥(另见胎盘早剥),abruptio placentae (see also Abruptio placentae),O45.9,0.9163718223571777,,,,,
299,4,胎盆不称NEC,disproportion NEC,O33.9,0.9562594890594482,,,,,
299,4,胎位不正,mal lie,O32.9,0.9480266571044922,,,,,
299,4,特指的NEC,specified NEC,O82.8,0.9649248123168945,,,,,
299,4,头盆胎盆不称,cephalopelvic disproportion,O33.9,0.9586566686630249,,,,,
299,4,臀(位)先露,breech presentation,O32.1,0.9698187708854675,,,,,
299,4,脱垂,prolapse,,0.9318950176239014,,,,,
299,5,臂或手,arm or hand,O32.2,0.9329867959022522,,,,,
299,5,子宫,uterus,O34.5,0.8406268954277039,,,,,
299,4,息肉，宫颈,"polyp, cervix",O34.4,0.9458601474761963,,,,,
300,4,先露异常NEC,malpresentation NEC,O32.9,0.9447324872016907,,,,,
300,5,在多胎妊娠中,in multiple gestation,O32.5,0.937502920627594,,,,,
300,4,先兆子痫(另见先兆子痫),pre-eclampsia (see also Pre-eclampsia),O14.9,0.9357650876045227,,,,,
300,4,斜位产式,oblique presentation,O32.2,0.9089726805686951,,,,,
300,4,选择性,elective,O82.0,0.9585765600204468,,,,,
300,4,羊水中的胎粪,meconium in liquor,O36.3,0.9814589619636536,,,,,
300,4,移位，子宫NEC,"displacement, uterus NEC",O34.5,0.9712965488433838,,,,,
300,4,以前的,previous,,0.8720307350158691,,,,,
300,5,剖宫产,cesarean section,O34.2,0.9830844402313232,,,,,
300,3,手术(对),surgery (to),,0.9984024167060852,,,,,
300,6,妇科NEC,gynecological NEC,O34.8,0.9721028804779053,,,,,
300,6,宫颈,cervix,O34.4,0.9498581886291504,,,,,
300,5,阴道,vagina,O34.6,0.9322676062583923,,,,,
300,4,子宫,uterus,O34.2,0.864851713180542,,,,,
300,4,异常的,abnormal,,0.9961837530136108,,,,,
300,5,宫颈,cervix,O34.4,0.9556544423103333,,,,,
300,5,骨盆(骨性)(畸形)(大)NEC伴有胎盆不称,pelvis (bony) (deformity) (major) NEC with disproportion (fetopelvic),O33.0,0.9283697009086609,,,,,
300,6,伴有梗阻性分娩,with obstructed labor,O65.0,0.9851275682449341,,,,,
300,5,外阴,vulva,O34.7,0.9252281188964844,,,,,
300,5,先露或位置,presentation or position,O32.9,0.9507350325584412,,,,,
300,6,在多胎妊娠中,in multiple gestation,O32.5,0.9471979737281799,,,,,
300,5,阴道,vagina,O34.6,0.9526256322860718,,,,,
300,5,子宫，先天性,"uterus, congenital",O34.0,0.95852130651474,,,,,
300,4,影响到胎儿或新生儿,affecting fetus or newborn,P03.4,0.9941017031669617,,,,,
300,4,原位希罗德卡缝术,Shirodkar suture in situ,O34.3,0.9856333136558533,,,,,
300,4,再次NEC,repeat NEC,O82.0,0.9578142166137695,,,,,
300,4,早产 NEC,preterm NEC,O60.1,0.939059853553772,,,,,
300,5,伴有自然临产,withspontaneous labor,O60.1,0.9561688303947449,,,,,
300,5,不伴有自然临产,without spontaneous labor,O60.3,0.9466860294342041,,,,,
300,4,直肠膨出,rectocele,O34.8,0.9223905801773071,,,,,
300,4,子宫侧倾,"lateroversion, uterus",O34.5,0.9372313022613525,,,,,
300,4,子宫嵌顿,incarceration of uterus,O34.5,0.9316452145576477,,,,,
300,4,子宫运动不协调,incoordinate uterine action,O62.4,0.9598140120506287,,,,,
300,4,子痫,eclampsia,O15.0,0.9229102730751038,,,,,
300,4,足月头高,high head at term,O32.4,0.9546266198158264,,,,,
300,3,失败(足月或近足月),missed (at or near term),O36.4,0.9741836786270142,,,,,
300,3,手法助产NEC,manipulation-assisted NEC,O83.2,0.9838262796401978,,,,,
300,3,碎胎术，以促进分娩,"embryotomy, to facilitate delivery",O83.4,0.9758236408233643,,,,,
300,3,锁骨切断术，以促进分娩,"cleidotomy, to facilitate delivery",O83.4,0.9850500822067261,,,,,
300,3,提前开始(自发的),premature or preterm NEC,O60.1,0.9860016703605652,,,,,
