image_page,level,chinese,english,code,confidence,malignant_primary,malignant_secondary,in_situ,benign,uncertain_or_unspecified
1051,3,盆腔(底),"pelvis, pelvic (floor)",S39.9,0.9854194521903992,,,,,
1051,4,并发于分娩,complicating delivery,O70.1,0.9679439067840576,,,,,
1051,4,关节或韧带，并发于分娩,"joint or ligament, complicating delivery",O71.6,0.9224663376808167,,,,,
1051,4,器官,organ,S37.9,0.8909412026405334,,,,,
1051,5,伴有,with,,0.9234055876731873,,,,,
1051,6,腹部器官,abdominal organ(s),S39.6,0.9430145025253296,,,,,
1051,6,胸内器官,intrathoracic organs,T06.5,0.9790306091308594,,,,,
1051,5,产伤NEC,obstetric trauma NEC,O71.5,0.9678979516029358,,,,,
1051,4,流产的并发症-编码于O03-O07伴有第四位数.3 或.8,complication of abortion - code to -007 with fourth character.3 or.8,O03,0.9830264449119568,,,,,
1051,4,特指的 NEC,specified NEC,S39.8,0.9624990224838257,,,,,
1051,3,皮肤，单纯-另见损伤，浅表,"skin, alone - see also Injury, superficial",T14.9,0.9782134890556335,,,,,
1051,4,表面完整-见损伤，浅表,"surface intact - see Injury, superficial",,0.9794813394546509,,,,,
1051,3,皮感觉神经-见损伤，神经，皮感觉,"cutaneous sensory nerve - see Injury, nerve, cutaneous sensory",,0.9727451801300049,,,,,
1051,3,皮下NEC,subcutaneous NEC,T14.0,0.9593355059623718,,,,,
1051,3,皮质(大脑),cortex (cerebral),S06.8,0.9736787676811218,,,,,
1051,4,视,visual,S04.0,0.9523764848709106,,,,,
1051,3,脾,spleen,S36.0,0.9187048673629761,,,,,
1051,3,气管(颈)NEC,trachea (cervical) NEC,S19.8,0.9761667847633362,,,,,
1051,4,胸,thoracic,S27.5,0.9654587507247925,,,,,
1051,3,器械(手术中),instrumental (during surgery),T81.2,0.9904860258102417,,,,,
1051,4,产科,obstetric,O71.9,0.938903272151947,,,,,
1051,5,高位阴道,high vaginal,O71.4,0.9392397403717041,,,,,
1051,5,宫颈,cervix,O71.3,0.9241957664489746,,,,,
1051,5,会阴NEC,perineal NEC,O70.9,0.8992745280265808,,,,,
1051,5,尿道,urethra,O71.5,0.8810999393463135,,,,,
1051,5,膀胱,bladder,O71.5,0.95505690574646,,,,,
1051,5,子宫,uterus,O71.5,0.9179375767707825,,,,,
1051,6,伴有破裂或穿孔,with rupture or perforation,O71.1,0.9468955993652344,,,,,
1051,4,产伤-见产伤,birth injury - see Birth injury,,0.9704210758209229,,,,,
1051,4,非手术(另见损伤，按部位),"nonsurgical (see also Injury, by site)",T14.9,0.9796801209449768,,,,,
1051,3,髂部,iliac region,S39.9,0.9873812794685364,,,,,
1051,3,前臂,forearm,S59.9,0.9911238551139832,,,,,
1051,4,和肘，多处,"and elbow, multiple",S59.7,0.9725995659828186,,,,,
1051,4,特指的NEC,specified NEC,S59.8,0.966699481010437,,,,,
1051,3,前额,forehead,S09.9,0.9891834855079651,,,,,
1051,3,前房，眼,"anterior chamber, eye",S05.8,0.978074848651886,,,,,
1051,3,前列腺,prostate,S37.8,0.9903728365898132,,,,,
1051,3,浅表(对于挫伤，首先见挫伤),"superficial (for contusions, see first Contusion)",T14.0,0.9981662034988403,,,,,
1051,4,包皮,prepuce,S30.8,0.9114471673965454,,,,,
1051,4,背部，下部,"back, lower",S30.8,0.9773173928260803,,,,,
1051,4,鼻(中隔),"nasal, nose (septum)",S00.3,0.9752867221832275,,,,,
1052,3,和肩，多处,"and shoulder, multiple .",S40.7,0.9924968481063843,,,,,
1052,3,特指的NEC,specified NEC,S40.8,0.9556258320808411,,,,,
1052,3,意指上肢-见损伤，浅表，肢，,"meaning upper limb - see Injury, superficial, limb, upper",,0.9897937774658203,,,,,
1052,4,耻骨区,pubic region,S30.8,0.9539649486541748,,,,,
1052,4,唇,lip,S00.5,0.9105080962181091,,,,,
1052,4,大腿,thigh,S70.9,0.9257252812385559,,,,,
1052,5,和髋，多处,"and hip, multiple",S70.7,0.9904816150665283,,,,,
1052,5,特指的 NEC .,specified NEC,S70.8,0.9854466319084167,,,,,
1052,4,骶骨区,sacral region,S30.8,0.9344123005867004,,,,,
1052,4,顶区,parietal region,S00.0,0.9375154376029968,,,,,
1052,4,多处,multiple,T00.9,0.9977644681930542,,,,,
1052,3,臂,arm,,0.9993551969528198,,,,,
1052,3,上(和肩),upper (and shoulder),S40.7,0.9794850945472717,,,,,
1052,4,意指上肢-见损伤，浅表，多处，肢，上,"meaning upper limb - see Injury, superficial, multiple, limb, upper",,0.9739529490470886,,,,,
1052,5,大腿(和髋),thigh (and hip),S70.7,0.9897856116294861,,,,,
1052,5,腹部、下背和盆腔区(伴有),"abdominal, lower back and pelvic regions (with)",S30.7,0.9983161091804504,,,,,
1052,6,身体其他部位,other body regions,T00.8,0.9537108540534973,,,,,
1052,6,胸部,thorax,T00.1,0.9305956959724426,,,,,
1052,5,踝(和足),ankle (and foot),S90.7,0.9660539627075195,,,,,
1052,4,肩(和上臂),shoulder (and upper arm),S40.7,0.9293733239173889,,,,,
1052,5,颈(伴有),neck (with),S10.7,0.9872150421142578,,,,,
1052,6,身体其他部位,other body regions,T00.8,0.9874938130378723,,,,,
1052,4,头部,head,T00.0,0.9099388122558594,,,,,
1052,5,髋(和大腿),hip (and thigh),S70.7,0.9767788052558899,,,,,
1052,3,前臂(和肘),forearm (and elbow),S50.7,0.9758121967315674,,,,,
1052,4,躯干,trunk,T09.0,0.9583325386047363,,,,,
1052,5,身体部位 NEC,body regions NEC,T00.8,0.9569475054740906,,,,,
1052,5,手(和腕),hand (and wrist),S60.7,0.9233274459838867,,,,,
1052,3,特指的 NEC,specified NEC,T00.8,0.9348998665809631,,,,,
1052,4,头(伴有),head (with),S00.7,0.9529502987861633,,,,,
1052,3,颈,neck,T00.0,0.9697852730751038,,,,,
1052,3,身体其他部位,other body regions,T00.8,0.9886271357536316,,,,,
1052,3,腿,leg,,0.9794087409973145,,,,,
1052,3,小(和膝),lower (and knee),S80.7,0.9894183874130249,,,,,
1052,3,意指下肢-见损伤，浅表，多处，肢，下,"meaning lower limb - see Injury, superficial, multiple, limb, lower",,0.9877791404724121,,,,,
1052,3,腕(和手),wrist (and hand),S60.7,0.9786341190338135,,,,,
1052,4,膝(和小腿),knee (and lower leg),S80.7,0.9664167761802673,,,,,
1053,5,小腿,calf,S80.7,0.9457101821899414,,,,,
1053,5,胸部(伴有),thorax (with),S20.7,0.9655614495277405,,,,,
1053,5,腹部、下背和盆腔区,"abdominal, lower back and pelvic regions",T00.1,0.9083519577980042,,,,,
1053,6,身体其他部位,other body regions,T00.8,0.980739951133728,,,,,
1053,4,肢,limb,,0.6239935755729675,,,,,
1053,3,上(伴有),upper (with),T00.2,0.9617020487785339,,,,,
1053,3,腹部、下背和盆腔区,"abdominal, lower back and pelvic regions",T00.8,0.9882862567901611,,,,,
1053,3,下肢,lower limb(s),T00.6,0.9618254899978638,,,,,
1053,4,胸部,thorax,T00.8,0.9417365193367004,,,,,
1053,3,下(伴有),lower (with),T00.3,0.970328688621521,,,,,
1053,3,腹部、下背和盆腔区,"abdominal, lower back and pelvic regions",T00.8,0.9880749583244324,,,,,
1053,4,上肢,upper limb(s),T00.6,0.9090710878372192,,,,,
1053,4,胸部,thorax,T00.8,0.9287897944450378,,,,,
1053,5,足(和踝),foot (and ankle),S90.7,0.9494894742965698,,,,,
1053,4,额,brow,S00.1,0.9556857943534851,,,,,
1053,4,腭,palate,S00.5,0.962622880935669,,,,,
1053,4,耳(廓)(管)(外),"ear, pinna (auricle) (canal) (external)",S00.4,0.9535186886787415,,,,,
1053,4,耳道(外)(口),auditory canal (external) (meatus),S00.4,0.9739688038825989,,,,,
1053,4,附睾,epididymis,S30.8,0.9767205119132996,,,,,
1053,4,附器，眼NEC,"adnexa, eye NEC",S05.8,0.9746981263160706,,,,,
1053,4,腹部,"abdomen, abdominal",S30.9,0.9771344661712646,,,,,
1053,5,伴有下背和盆腔区，多处,"with lower back and pelvic regions, multiple",S30.7,0.987307608127594,,,,,
1053,5,壁,wall,S30.8,0.9094445705413818,,,,,
1053,5,特指的NEC,specified NEC,S30.8,0.9646771550178528,,,,,
1053,4,腹股沟，腹股沟区,"groin, inguinal region",S30.8,0.9887564778327942,,,,,
1053,4,肛门,anus,S30.8,0.9811276197433472,,,,,
1053,4,睾丸,testis,S30.8,0.9703816175460815,,,,,
1053,3,巩膜,sclera,S05.8,0.9581372737884521,,,,,
1053,4,骨盆,pelvis,S30.9,0.951339840888977,,,,,
1053,5,伴有腹部和下背区，多处,"with abdominal and lower back regions, multiple",S30.7,0.9846639037132263,,,,,
1053,5,特指的NEC,specified NEC,S30.8,0.9502672553062439,,,,,
1053,4,鼓室，鼓膜,"tympanum, tympanic membrane",S00.4,0.932593584060669,,,,,
1053,4,腘间隙,popliteal space,S80.9,0.9599024653434753,,,,,
1053,4,颌，颌下区,"jaw, submaxillary region",S00.8,0.9661814570426941,,,,,
1053,4,喉,larynx,S10.1,0.9549458622932434,,,,,
1054,4,踝,ankle,S90.9,0.9510813355445862,,,,,
1054,5,和足，多处,"and foot, multiple",S90.7,0.975841760635376,,,,,
1054,5,特指的 NEC,specified NEC,S90.8,0.9146971702575684,,,,,
1054,3,会厌,epiglottis,S10.8,0.9637008309364319,,,,,
1054,4,会阴,perineum,S30.8,0.8824536800384521,,,,,
1054,3,肌肉,muscle,T14.6,0.9271345138549805,,,,,
1054,4,"颊(外),颊部","cheek (external), malar region",S00.8,0.9729261994361877,,,,,
1054,5,内,internal,S00.5,0.9407079219818115,,,,,
1054,4,甲,nail,,0.8310573697090149,,,,,
1054,5,脚趾,toe,S90.9,0.9711686968803406,,,,,
1054,5,手指,finger,S60.9,0.9015176892280579,,,,,
1054,4,肩(和上臂),shoulder (and upper arm),S40.9,0.9700164794921875,,,,,
1054,5,多处,multiple,S40.7,0.8527153134346008,,,,,
1054,5,特指的NEC,specified NEC,S40.8,0.9819456934928894,,,,,
1054,3,肩胛间区,interscapular region,S20.4,0.9820578098297119,,,,,
1054,4,肩胛区,scapular region,S40.9,0.9751703143119812,,,,,
1054,4,角膜,cornea,S05.0,0.9647505283355713,,,,,
1054,5,伴有异物,with foreign body,T15.0,0.9838010668754578,,,,,
1054,3,结膜,conjunctiva,S05.0,0.9604142308235168,,,,,
1054,5,伴有异物(结膜囊中),with foreign body (in conjunctival sac),T15.1,0.9861603379249573,,,,,
1054,4,结膜下,subconjunctival,S05.8,0.9749200344085693,,,,,
1054,4,颈,neck,S10.9,0.9269831776618958,,,,,
1054,4,多处,multiple,S10.7,0.9507683515548706,,,,,
1054,5,特指部位 NEC,specified part NEC,S10.8,0.9765766263008118,,,,,
1054,4,颏，颏下区,"chin, submental region",S00.8,0.9429600834846497,,,,,
1054,4,口腔,"mouth, oral cavity",S00.5,0.9494879841804504,,,,,
1054,4,髋,hip,S70.9,0.9324380159378052,,,,,
1054,5,和大腿，多处,"and thigh, multiple",S70.7,0.9643110036849976,,,,,
1054,5,特指的NEC,specified NEC,S70.8,0.9901389479637146,,,,,
1054,4,眶区,orbital region,S00.2,0.9393149614334106,,,,,
1054,4,眶上,supraorbital,S00.8,0.9628132581710815,,,,,
1054,4,肋部,costal region,S20.8,0.9687148332595825,,,,,
1054,5,多处,multiple,S20.7,0.9626051187515259,,,,,
1054,5,后,back,S20.4,0.9192889332771301,,,,,
1054,5,前,front,S20.3,0.9019330143928528,,,,,
1054,4,泪(器)(腺)(囊),lacrimal (apparatus) (gland) (sac),S05.8,0.9572283625602722,,,,,
1054,4,眉毛,eyebrow,S00.1,0.9213749766349792,,,,,
1054,4,面部NEC,face NEC,S00.8,0.9802971482276917,,,,,
1054,4,拇指,thumb,S60.8,0.9758554100990295,,,,,
1054,4,内部部位NEC-见损伤，内部，按部位,"internal site NEC - see Injury, internal, by site",,0.9779397249221802,,,,,
1054,4,颞，颞区,"temple, temporal region",S00.8,0.9685070514678955,,,,,
1054,4,皮肤，皮下NEC,"skin, subcutaneous NEC",T14.0,0.9763413667678833,,,,,
1055,4,气管(颈),trachea (cervical),S10.1,0.797816276550293,,,,,
1055,5,胸,thoracic,S27.5,0.7149680256843567,,,,,
1055,4,髂部,iliac region,S30.8,0.3804458677768707,,,,,
1055,4,前臂,forearm,S50.9,0.8853284120559692,,,,,
1055,5,特指的NEC,specified NEC,S50.8,0.7798970341682434,,,,,
1055,4,前额,forehead,S00.8,0.7467847466468811,,,,,
1055,4,鞘膜,tunica vaginalis,S30.8,0.6322525143623352,,,,,
1055,4,躯干NEC,trunk NEC,T09.0,0.7414954304695129,,,,,
1055,4,乳房,"breast, mammary",S20.1,0.5977796912193298,,,,,
1055,4,乳突部,mastoid region,S00.8,0.5765088796615601,,,,,
1055,4,上腹部,epigastric region,S30.8,0.811445415019989,,,,,
1055,4,上肢NEC,upper limb NEC,T11.0,0.7206465601921082,,,,,
1055,5,伴有身体其他部位,with other body regions,T00.8,0.9657697677612305,,,,,
1055,4,舌,tongue,S00.5,0.7269853353500366,,,,,
1055,4,声带,vocal cord(s),S10.1,0.795606255531311,,,,,
1055,3,食管(胸),esophagus (thoracic),S27.8,0.6256778836250305,,,,,
1055,5,颈,cervical,S10.1,0.7939204573631287,,,,,
1055,4,手,hand,S60.9,0.569159209728241,,,,,
1055,5,和腕，多处,"and wrist, multiple",S60.7,0.8812910914421082,,,,,
1055,5,特指的NEC,specified NEC,S60.8,0.8506001234054565,,,,,
1055,4,手指,finger(s),S60.9,0.6449673771858215,,,,,
1055,4,锁骨上窝,supraclavicular fossa,S10.8,0.9349274039268494,,,,,
1055,4,头部,head,S00.9,0.7907488942146301,,,,,
1055,5,多处,multiple,S00.7,0.8362644910812378,,,,,
1055,5,特指的NEC,specified NEC,S00.8,0.7613853812217712,,,,,
1055,5,头皮,scalp,S00.0,0.7371187210083008,,,,,
1055,4,头皮,scalp,S00.0,0.5972820520401001,,,,,
1055,4,腿,leg,,0.5651005506515503,,,,,
1055,5,下,lower,S80.9,0.99,,,,,
1055,6,多处,multiple,S80.7,0.6627053022384644,,,,,
1055,6,和膝，多处,"and knee, multiple",S80.7,0.7879082560539246,,,,,
1055,6,特指的NEC,specified NEC,S80.8,0.8512488603591919,,,,,
1055,5,意指下肢-见损伤，浅表，肢，下,"meaning lower limb - see Injury, superficial, limb, lower",,0.9531257152557373,,,,,
1055,4,臀部,buttock,S30.8,0.6898309588432312,,,,,
1055,4,外生殖器,"genital organs, external",S30.8,0.6237958073616028,,,,,
1055,4,外阴,vulva,S30.8,0.6253679394721985,,,,,
1055,4,腕,wrist,S60.9,0.6008843183517456,,,,,
1055,5,和手，多处,"and hand, multiple",S60.7,0.484605610370636,,,,,
1055,5,特指的NEC,specified NEC,S60.8,0.5189087986946106,,,,,
1056,4,膝,knee,S80.9,0.9587615132331848,,,,,
1056,5,和小腿，多处,"and lower leg, multiple",S80.7,0.48559701442718506,,,,,
1056,4,下背,lower back,S30.9,0.9383219480514526,,,,,
1056,5,伴有腹部和盆腔区，多处,"with abdominal and pelvic regions, multiple",S30.7,0.4131299555301666,,,,,
1056,5,特指的NEC,specified NEC,S30.8,0.9421030879020691,,,,,
1056,4,胁腹,flank,S30.8,0.9845532178878784,,,,,
1056,4,胸壁,"chest wall, thorax, thoracic (wall)",S20.8,0.9751363396644592,,,,,
1056,4,胸部,sternal region,S20.3,0.9835768938064575,,,,,
1056,5,多处,multiple,S20.7,0.9369180798530579,,,,,
1056,5,后,back,S20.4,0.8563401103019714,,,,,
1056,5,前,front,S20.3,0.8895230889320374,,,,,
1056,4,悬雍垂,uvula,S00.5,0.9784876108169556,,,,,
1056,4,牙，牙槽突,"tooth, teeth, alveolar process",S00.5,0.96486496925354,,,,,
1056,4,咽，咽喉,"pharynx, throat",S10.1,0.8755711913108826,,,,,
1056,4,眼睑,eyelid,S00.2,0.8226799964904785,,,,,
1056,4,眼球NEC,"eyeball, globe (eye) NEC",S05.8,0.9856632947921753,,,,,
1056,4,眼周区,periocular area,S00.2,0.9875125885009766,,,,,
1056,4,腰部,lumbar region,S30.8,0.9588587284088135,,,,,
1056,4,腋,axilla,S40.9,0.9708448648452759,,,,,
1056,4,阴部,pudendum,S30.8,0.9759402871131897,,,,,
1056,4,阴唇(大)(小),labium (majus) (minus),S30.8,0.9679743647575378,,,,,
1056,4,阴道,vagina,S30.8,0.9825732707977295,,,,,
1056,4,阴蒂,clitoris,S30.8,0.9856960773468018,,,,,
1056,4,阴茎,penis,S30.8,0.9859771728515625,,,,,
1056,4,阴囊,scrotum,S30.8,0.972111165523529,,,,,
1056,4,龈,gum,S00.5,0.9407455921173096,,,,,
1056,4,枕区,occipital region,S00.0,0.9396573305130005,,,,,
1056,4,肢,"extremity, limb",T14.0,0.9638317823410034,,,,,
1056,5,上NEC(伴有),upper NEC (with),T11.0,0.9491220116615295,,,,,
1056,6,身体其他部位,other body region(s),T00.8,0.9596177339553833,,,,,
1056,7,下肢,lower limb(s),T00.6,0.9440066814422607,,,,,
1056,5,下NEC(伴有),lower NEC (with),T13.0,0.893547534942627,,,,,
1056,6,上肢,upper limb(s),T00.6,0.978821337223053,,,,,
1056,6,身体其他部位,other body region(s),T00.8,0.917199969291687,,,,,
1056,4,指[趾]甲下,subungual,,0.8829666972160339,,,,,
1056,5,脚,toe(s),S90.9,0.9788224101066589,,,,,
1056,5,手,finger(s),S60.9,0.8822481036186218,,,,,
1056,4,趾[指],phalanges,,0.9047644734382629,,,,,
1056,5,脚,toe,S90.9,0.9727148413658142,,,,,
1056,5,手,finger,S60.9,0.809379518032074,,,,,
1056,4,肘,elbow,S50.9,0.9377291202545166,,,,,
1056,5,和前臂(水平)，多处,"and forearm (level), multiple",S50.7,0.9907634258270264,,,,,
1057,4,眦，眼,"canthus, eye",S00.2,0.9168455004692078,,,,,
1057,4,足,foot,S90.9,0.8963087797164917,,,,,
1057,5,和踝，多处,"and ankle, multiple",S90.7,0.9644216299057007,,,,,
1057,5,特指的 NEC,specified NEC,S90.8,0.9488385915756226,,,,,
1057,4,足跟,heel,S90.9,0.9604454636573792,,,,,
1057,3,腔静脉(上),vena cava (superior),S25.2,0.9936375021934509,,,,,
1057,4,下,inferior,S35.1,0.9256322383880615,,,,,
1057,3,鞘膜,tunica vaginalis,S39.9,0.9496945142745972,,,,,
1057,3,躯干,trunk,T09.9,0.9671051502227783,,,,,
1057,4,内部，多处,"internal, multiple",T06.5,0.9775128960609436,,,,,
1057,4,特指类型 NEC,specified type NEC,T09.8,0.9789207577705383,,,,,
1057,3,乳房 NEC,breast NEC,S29.9,0.9467675685882568,,,,,
1057,3,乳突区,mastoid region,S09.9,0.9759433269500732,,,,,
1057,3,上腹部,epigastric region,S39.9,0.9505132436752319,,,,,
1057,3,上颌骨,maxilla,S09.9,0.946467399597168,,,,,
1057,3,舌,tongue,S09.9,0.9834234714508057,,,,,
1057,3,神经,nerve,T14.4,0.9472936987876892,,,,,
1057,4,臂,arm,,0.8329545855522156,,,,,
1057,5,上(水平),upper (level),S44.9,0.9718574285507202,,,,,
1057,6,多处,multiple,S44.7,0.9402084946632385,,,,,
1057,6,和肩，多处,"and shoulder, multiple",S44.7,0.9477524161338806,,,,,
1057,6,特指的 NEC,specified NEC,S44.8,0.9450687170028687,,,,,
1057,6,腋,axillary,S44.3,0.9558315277099609,,,,,
1057,5,意指上肢,meaning upper limb,T11.3,0.9858759045600891,,,,,
1057,4,臂丛,brachial plexus,S14.3,0.9386037588119507,,,,,
1057,4,尺(前臂(水平)),ulnar (forearm (level)),S54.0,0.945436954498291,,,,,
1057,5,上臂(水平),upper arm (level),S44.0,0.9866088628768921,,,,,
1057,5,手(水平),hand (level),S64.0,0.9459046125411987,,,,,
1057,5,腕(水平),wrist (level),S64.0,0.9593577980995178,,,,,
1057,4,丛,plexus,,0.7818099856376648,,,,,
1057,5,臂,brachial,S14.3,0.9554510116577148,,,,,
1057,5,肠系膜，下,"mesenteric, inferior",S34.5,0.9770615100860596,,,,,
1057,5,腹腔,"celiac, coeliac",S34.5,0.9832738637924194,,,,,
1057,5,脊,spinal,T09.4,0.9414694905281067,,,,,
1057,6,多部位,multiple sites,T06.1,0.8917754292488098,,,,,
1057,4,大腿(水平),thigh (level),S74.9,0.9873234629631042,,,,,
1057,5,股,femoral,S74.1,0.9806287288665771,,,,,
1057,5,和髋(水平)，多处,"and hip (level), multiple",S74.7,0.968424379825592,,,,,
1057,5,皮感觉,cutaneous sensory,S74.2,0.9237177968025208,,,,,
1057,5,特指的 NEC,specified NEC,S74.8,0.9738691449165344,,,,,
1057,5,坐骨大孔,sciatic,S74.0,0.9528455138206482,,,,,
1057,4,第一颅[嗅],first cranial (olfactory),S04.8,0.9414266347885132,,,,,
1058,4,第二颅[视],second cranial (optic),S04.0,0.9750218987464905,,,,,
1058,4,第三颅[动眼],third cranial (oculomotor),S04.1,0.9820427298545837,,,,,
1058,4,第四颅[滑车],fourth cranial (trochlear),S04.2,0.9696031212806702,,,,,
1058,4,第五颅[三叉],fifth cranial (trigeminal),S04.3,0.9675464034080505,,,,,
1058,4,第六颅[展],sixth cranial (abducent),S04.4,0.9831712245941162,,,,,
1058,4,第七颅[面],seventh cranial (facial),S04.5,0.964008092880249,,,,,
1058,4,第八颅[听或听力],eighth cranial (acoustic or auditory),S04.6,0.9514318108558655,,,,,
1058,4,第九颅[舌咽],ninth cranial (glossopharyngeal),S04.8,0.945764422416687,,,,,
1058,4,第十颅[肺胃或迷走],tenth cranial (pneumogastric or vagus),S04.8,0.9501295685768127,,,,,
1058,4,第十一颅[副],eleventh cranial (accessory),S04.7,0.9779495000839233,,,,,
1058,4,第十二颅[舌下],twelfth cranial (hypoglossal),S04.8,0.9324540495872498,,,,,
1058,4,动眼,oculomotor,S04.1,0.9584513306617737,,,,,
1058,4,多个区域,multiple regions,T06.2,0.979708194732666,,,,,
1058,5,不可归类到同一个三位数类目的,not classifiable to the same three-character category,T06.2,0.9854782223701477,,,,,
1058,5,大腿(和髋)(水平),thigh (and hip) (level),S74.7,0.9640575647354126,,,,,
1058,5,踝(和足)水平,ankle (and foot) level,S94.7,0.9612008929252625,,,,,
1058,5,肩(和上臂)(水平),shoulder (and upper arm) (level),S44.7,0.9439192414283752,,,,,
1058,5,髋(和大腿)(水平),hip (and thigh) (level),S74.7,0.9466636180877686,,,,,
1058,5,前臂,forearm,S54.7,0.9220571517944336,,,,,
1058,5,上臂(和肩)(水平),"arm, upper (and shoulder) (level)",S44.7,0.9731885194778442,,,,,
1058,5,手(和腕)(水平),hand (and wrist) (level),S64.7,0.9399051070213318,,,,,
1058,5,腕(和手)(水平),wrist (and hand) (level),S64.7,0.9578868746757507,,,,,
1058,5,小腿,"leg, lower",S84.7,0.9718157649040222,,,,,
1058,5,足(和踝)(水平),foot (and ankle) (level),S94.7,0.9783003330230713,,,,,
1058,4,腓侧(小腿水平),peroneal (lower leg level),S84.1,0.970265805721283,,,,,
1058,5,踝和足(水平),ankle and foot (level),S94.2,0.9799662232398987,,,,,
1058,4,腓深(踝水平)(足水平),deep peroneal (ankle level) (foot level),S94.2,0.9735955595970154,,,,,
1058,4,肺胃,pneumogastric,S04.8,0.9727320075035095,,,,,
1058,4,副,accessory,S04.7,0.9754897356033325,,,,,
1058,4,腹,abdomen,S34.8,0.9751273393630981,,,,,
1058,5,周围,peripheral,S34.6,0.9416208267211914,,,,,
1058,4,股(髋水平)(大腿水平),femoral (hip level) (thigh level),S74.1,0.9643549919128418,,,,,
1058,4,骨盆,pelvis,S34.8,0.9528394341468811,,,,,
1058,5,周围,peripheral,S34.6,0.9538536071777344,,,,,
1058,4,滑车,trochlear,S04.2,0.9878989458084106,,,,,
1058,4,踝,ankle,S94.9,0.9751986265182495,,,,,
1058,5,腓深,deep peroneal,S94.2,0.9939014911651611,,,,,
1058,5,和足，多处,"and foot, multiple",S94.7,0.974200963973999,,,,,
1058,5,特指的 NEC,specified NEC,S94.8,0.9353345632553101,,,,,
1058,5,足底内侧,medial plantar,S94.1,0.9227616786956787,,,,,
1058,5,足底外侧,lateral plantar,S94.0,0.9893311858177185,,,,,
1059,4,肌螺旋(上臂水平),musculospiral (upper arm level),S44.2,0.9563730955123901,,,,,
1059,4,肌皮,musculocutaneous,S44.4,0.9315575361251831,,,,,
1059,4,脊,spinal,T09.4,0.9635144472122192,,,,,
1059,5,丛-见损伤，神经，丛，脊,"plexus - see Injury, nerve, plexus, spinal",,0.8779283761978149,,,,,
1059,5,根,root,T09.4,0.9337480068206787,,,,,
1059,6,伴有身体多个部位,with multiple body regions,T06.1,0.9032598733901978,,,,,
1059,6,背,dorsal,S24.2,0.8941264152526855,,,,,
1059,6,骶,sacral,S34.2,0.9637996554374695,,,,,
1059,6,颈,cervical,S14.2,0.9411911964416504,,,,,
1059,6,胸,thoracic,S24.2,0.9410344958305359,,,,,
1059,6,腰骶,"lumbar, lumbosacral",S34.2,0.9739464521408081,,,,,
1059,4,肩,shoulder,S44.9,0.8819433450698853,,,,,
1059,5,"和上臂(水平),多处","and upper arm (level), multiple",S44.7,0.9578582048416138,,,,,
1059,5,特指的NEC,specified NEC,S44.8,0.8259873986244202,,,,,
1059,4,交感 NEC,sympathetic NEC,S34.5,0.9424223303794861,,,,,
1059,5,颈,cervical,S14.5,0.9229159951210022,,,,,
1059,4,脚趾,toe,S94.9,0.9770634174346924,,,,,
1059,4,胫(小腿水平),tibial (lower leg level),S84.0,0.9448722004890442,,,,,
1059,4,颈,neck,S14.6,0.9553409814834595,,,,,
1059,5,交感,sympathetic,S14.5,0.9851433634757996,,,,,
1059,5,周围,peripheral,S14.4,0.961874783039093,,,,,
1059,4,颈交感,cervical sympathetic,S14.5,0.9882109761238098,,,,,
1059,4,髋(水平),hip (level),S74.9,0.9777936935424805,,,,,
1059,5,股,femoral,S74.1,0.9695746302604675,,,,,
1059,5,和大腿(水平)，多处,"and thigh (level), multiple",S74.7,0.8984614610671997,,,,,
1059,5,皮感觉,cutaneous sensory,S74.2,0.9736542105674744,,,,,
1059,5,特指的NEC,specified NEC,S74.8,0.9776235818862915,,,,,
1059,5,坐骨大孔,sciatic,S74.0,0.9899910092353821,,,,,
1059,4,颅,cranial,S04.9,0.9714410305023193,,,,,
1059,5,伴有,with,,0.7469332218170166,,,,,
1059,6,脊神经(和脊索)，在颈部水平,spinal nerves (and cord) at neck level,T06.0,0.9794057011604309,,,,,
1059,6,脑(多处),brain (multiple),S09.7,0.9641687273979187,,,,,
1059,5,第一颅[嗅],first (olfactory),S04.8,0.981040894985199,,,,,
1059,5,第二颅[视],second (optic),S04.0,0.9722318053245544,,,,,
1059,5,第三颅[动眼],third (oculomotor),S04.1,0.98332279920578,,,,,
1059,5,第四颅[滑车],fourth (trochlear),S04.2,0.7766983509063721,,,,,
1059,5,第五颅[三叉],fifth (trigeminal),S04.3,0.9755706787109375,,,,,
1059,5,第六颅[展],sixth (abducent),S04.4,0.9230783581733704,,,,,
1059,5,第七颅[面],seventh (facial),S04.5,0.9440910220146179,,,,,
1059,5,第八颅[听或听力],eighth (acoustic or auditory),S04.6,0.7822690606117249,,,,,
1059,5,第九颅[舌咽],ninth (glossopharyngeal),S04.8,0.9362894296646118,,,,,
1059,5,第十颅[肺胃或迷走],tenth (pneumogastric or vagus),S04.8,0.9913961887359619,,,,,
1060,5,第十一颅[副],eleventh (accessory),S04.7,0.8535646200180054,,,,,
1060,5,第十二颅[舌下],twelfth (hypoglossal),S04.8,0.9506521821022034,,,,,
1060,5,特指的NEC,specified NEC,S04.8,0.9391594529151917,,,,,
1060,4,迷走,vagus,S04.8,0.5936563611030579,,,,,
1060,5,新生儿,newborn,P11.3,0.4558435082435608,,,,,
1060,4,拇指,"thumb, digital",S64.3,0.965267539024353,,,,,
1060,4,内脏,splanchnic,S34.5,0.594395101070404,,,,,
1060,4,盆腔带,pelvic girdle,S74.9,0.9777039289474487,,,,,
1060,5,特指的 NEC,specified NEC,S74.8,0.9300178289413452,,,,,
1060,4,皮感觉,cutaneous sensory,,0.8540350198745728,,,,,
1060,5,大腿(水平),thigh (level),S74.2,0.9400709867477417,,,,,
1060,5,踝(水平),ankle (level),S94.3,0.9579511880874634,,,,,
1060,5,肩(水平),shoulder (level),S44.5,0.9644847512245178,,,,,
1060,5,髋(水平),hip (level),S74.2,0.9526281356811523,,,,,
1060,5,前臂(水平),forearm (level),S54.3,0.963621973991394,,,,,
1060,5,上臂(水平),"arm, upper (level)",S44.5,0.9734331369400024,,,,,
1060,5,小腿(水平),"leg, lower (level)",S84.2,0.6388850808143616,,,,,
1060,5,足(水平),foot (level),S94.3,0.560495138168335,,,,,
1060,4,前臂(水平),forearm (level),S54.9,0.9804623126983643,,,,,
1060,5,多处,multiple,S54.7,0.903811514377594,,,,,
1060,5,特指的NEC,specified NEC,S54.8,0.9840570688247681,,,,,
1060,4,躯干,trunk,T09.4,0.5183960199356079,,,,,
1060,4,桡(前臂水平),radial (forearm (level)),S54.2,0.8224160671234131,,,,,
1060,5,上臂(水平),upper arm (level),S44.2,0.8372161388397217,,,,,
1060,5,手,hand,S64.2,0.43010273575782776,,,,,
1060,5,腕(水平),wrist (level),S64.2,0.9692991971969604,,,,,
1060,4,三叉,trigeminal,S04.3,0.9394854307174683,,,,,
1060,4,上肢,upper limb,T11.3,0.9158930778503418,,,,,
1060,4,舌下,hypoglossal,S04.8,0.7603232860565186,,,,,
1060,4,舌咽,glossopharyngeal,S04.8,0.7140288352966309,,,,,
1060,4,视,optic,S04.0,0.944003701210022,,,,,
1060,4,手,hand,S64.9,0.628720223903656,,,,,
1060,5,尺,ulnar,S64.0,0.6273729205131531,,,,,
1060,5,和腕(水平)，多处,"and wrist (level), multiple",S64.7,0.9769416451454163,,,,,
1060,5,桡,radial,S64.2,0.9230279922485352,,,,,
1060,5,特指的NEC,specified NEC,S64.8,0.871776282787323,,,,,
1060,5,正中,median,S64.1,0.8900044560432434,,,,,
1061,4,腿,leg,,0.721462070941925,,,,,
1061,5,大-见损伤，神经，大腿,"upper - see Injury, nerve, thigh",,0.9315750002861023,,,,,
1061,5,小,lower,S84.9,0.8863320350646973,,,,,
1061,6,多处,multiple,S84.7,0.9418647289276123,,,,,
1061,6,皮感觉,cutaneous sensory,S84.2,0.9713024497032166,,,,,
1061,6,特指的 NEC,specified NEC,S84.8,0.9331872463226318,,,,,
1061,5,意指下肢,meaning lower limb,T13.3,0.9783264994621277,,,,,
1061,4,腕(水平),wrist (level),S64.9,0.969913899898529,,,,,
1061,5,尺,ulnar,S64.0,0.8507806658744812,,,,,
1061,5,和手(水平)，多处,"and hand (level), multiple",S64.7,0.9488174319267273,,,,,
1061,5,桡,radial,S64.2,0.905761182308197,,,,,
1061,5,特指的NEC,specified NEC,S64.8,0.9645848870277405,,,,,
1061,5,正中,median,S64.1,0.8618488311767578,,,,,
1061,4,下,lower,,0.7146347165107727,,,,,
1061,5,背,back,S34.8,0.7739058136940002,,,,,
1061,6,周围,peripheral,S34.6,0.9706496596336365,,,,,
1061,5,肢,limb,T13.3,0.9506920576095581,,,,,
1061,4,胸,thorax,S24.6,0.9674386978149414,,,,,
1061,5,交感,sympathetic,S24.4,0.9719123840332031,,,,,
1061,5,特指的NEC,specified NEC,S24.5,0.9802588224411011,,,,,
1061,5,周围,peripheral,S24.3,0.9728874564170837,,,,,
1061,4,嗅,olfactory,S04.8,0.9573574066162109,,,,,
1061,4,腋,axillary,S44.3,0.9720098376274109,,,,,
1061,4,展,abducent,S04.4,0.9594852328300476,,,,,
1061,4,正中(前臂(水平)),median (forearm (level)),S54.1,0.954035758972168,,,,,
1061,5,上臂(水平),upper arm (level),S44.1,0.9761303663253784,,,,,
1061,5,手(水平),hand (level),S64.1,0.9768895506858826,,,,,
1061,5,腕(水平),wrist (level),S64.1,0.9832332134246826,,,,,
1061,4,指[趾],digital,,0.8261540532112122,,,,,
1061,5,脚,toe,S94.8,0.9578285217285156,,,,,
1061,5,拇,thumb,S64.3,0.9707083106040955,,,,,
1061,5,手,finger,S64.4,0.8828056454658508,,,,,
1061,4,周围,peripheral,T14.4,0.9552508592605591,,,,,
1061,5,多处,multiple,T06.2,0.9645179510116577,,,,,
1061,5,腹,abdomen,S34.6,0.9865362048149109,,,,,
1061,5,骨盆,pelvis,S34.6,0.9812137484550476,,,,,
1061,5,颈 Ln,neck,S14.4,0.7879108190536499,,,,,
1061,5,特指的 NEC,specified NEC,T14.4,0.9487369656562805,,,,,
1061,5,下背,lower back,S34.6,0.9602033495903015,,,,,
1061,4,足,foot,S94.9,0.9616508483886719,,,,,
1061,5,腓深,deep peroneal,S94.2,0.9788126349449158,,,,,
1061,5,和踝，多处,"and ankle, multiple",S94.7,0.9881979823112488,,,,,
1062,5,皮感觉,cutaneous sensory,S94.3,0.9912355542182922,,,,,
1062,5,特指的NEC,specified NEC,S94.8,0.9459020495414734,,,,,
1062,5,足底内侧,medial plantar,S94.1,0.9700987339019775,,,,,
1062,5,足底外侧,lateralplantar,S94.0,0.9467554092407227,,,,,
1062,4,足底内侧(踝水平)(足水平),medial plantar (ankle level) (foot level),S94.1,0.9708195924758911,,,,,
1062,4,足底外侧(踝水平)(足水平),lateral plantar (ankle level) (foot level),S94.0,0.9766899943351746,,,,,
1062,4,坐骨大孔(髋水平)(大腿水平),sciatic (hip level) (thigh level),S74.0,0.9722440838813782,,,,,
1062,3,神经节,ganglion,,0.9922642111778259,,,,,
1062,4,腹腔,"celiac, coeliac",S34.5,0.9840744733810425,,,,,
1062,4,加塞,gasserian,S04.3,0.9509145021438599,,,,,
1062,4,星状,stellate,S24.4,0.9525315165519714,,,,,
1062,4,胸交感神经,thoracic sympathetic,S24.4,0.9820645451545715,,,,,
1062,3,肾,kidney,S37.0,0.9408615231513977,,,,,
1062,3,肾上腺(多处),"adrenal (gland), suprarenal gland (multiple)",S37.8,0.9842780828475952,,,,,
1062,3,生殖器,genital organ(s),,0.978695809841156,,,,,
1062,4,产伤,obstetric trauma,O71.9,0.9454153776168823,,,,,
1062,4,内,internal,S37.9,0.917386531829834,,,,,
1062,4,外,external,S39.9,0.9167429208755493,,,,,
1062,3,十二指肠,duodenum,S36.4,0.9922968745231628,,,,,
1062,3,食管(胸部),esophagus (thoracic part),S27.8,0.9926306009292603,,,,,
1062,4,颈 NEC,cervical NEC,S19.8,0.9648863077163696,,,,,
1062,3,视(交叉)(皮质)(神经)(路),optic (chiasm) (cortex) (nerve) (pathways),S04.0,0.9689231514930725,,,,,
1062,3,视皮质,visual cortex,S04.0,0.9731535911560059,,,,,
1062,3,视网膜,retina,S05.8,0.9675111174583435,,,,,
1062,4,贯通性,penetrating,S05.6,0.9838916659355164,,,,,
1062,3,手,hand,S69.9,0.9485607743263245,,,,,
1062,4,和腕，多处,"and wrist, multiple",S69.7,0.9923820495605469,,,,,
1062,4,特指的NEC,specified NEC,S69.8,0.9959191679954529,,,,,
1062,3,手术并发症(外部或内部),surgical complication (external or internal site),T81.2,0.9971939921379089,,,,,
1062,3,手指(甲),finger (nail),S69.9,0.99181067943573,,,,,
1062,3,输精管,vas deferens,S37.8,0.9981309771537781,,,,,
1062,3,输卵管,fallopian tube,S37.5,0.9759551286697388,,,,,
1062,3,输卵管系膜,mesosalpinx,S37.8,0.9737471342086792,,,,,
1062,3,输尿管,ureter,S37.1,0.9569275379180908,,,,,
1062,3,索,cord,,0.9537037014961243,,,,,
1062,4,脊-见损伤，脊髓，按部位,"spinal - see Injury, spinal cord, by region",,0.9573273062705994,,,,,
1062,4,精,spermatic,S37.8,0.9191602468490601,,,,,
1062,3,锁骨上窝NEC,supraclavicular fossa NEC,S19.9,0.9639596343040466,,,,,
1062,3,特塞梅特膜-见损伤，眼球，贯通性,"Descemet's membrane - see Injury, eyeball, penetrating",,0.9977527856826782,,,,,
1062,3,听力，导致聋,"acoustic, resulting in deafness",S04.6,0.9793629050254822,,,,,
1063,3,头部,head,S09.9,0.9840349555015564,,,,,
1063,4,多处(可分类到类目S00-S09.2),multiple (classifiable to categories S00-S09.2),S09.7,0.9976440668106079,,,,,
1063,4,特指的NEC,specified NEC,S09.8,0.9658125042915344,,,,,
1063,3,头皮,scalp,S09.9,0.9932513236999512,,,,,
1063,4,胎儿或新生儿(产伤),fetus or newborn (birth injury),P12.9,0.9642766118049622,,,,,
1063,5,特指的 NEC,specified NEC,P12.8,0.9583889245986938,,,,,
1063,5,由于监测(电极)(采样(标本)切口),due to monitoring (electrode) (sampling incision),P12.4,0.967848002910614,,,,,
1063,3,腿,leg,,0.9880092740058899,,,,,
1063,4,小,lower,S89.9,0.9045987129211426,,,,,
1063,5,多处,multiple,S89.7,0.9326076507568359,,,,,
1063,5,特指的NEC,specified NEC,S89.8,0.9651702046394348,,,,,
1063,4,意指下肢-见损伤，肢，下,"meaning lower limb - see Injury, limb, lower",,0.9622873663902283,,,,,
1063,3,臀部,buttock,S39.9,0.9688530564308167,,,,,
1063,3,外阴,vulva,S39.9,0.9948151707649231,,,,,
1063,3,腕,wrist,S69.9,0.9620811939239502,,,,,
1063,4,和手，多处,"and hand, multiple",S69.7,0.9703028202056885,,,,,
1063,4,特指的NEC,specified NEC,S69.8,0.9775195717811584,,,,,
1063,3,尾骨,coccyx,S39.9,0.977034330368042,,,,,
1063,4,并发于分娩,complicating delivery,O71.6,0.9612044095993042,,,,,
1063,3,胃,stomach,S36.3,0.9612246751785278,,,,,
1063,3,胃肠道,gastrointestinal tract,S36.9,0.9830428957939148,,,,,
1063,3,膝,knee,S89.9,0.9768720269203186,,,,,
1063,4,半月板(外侧)(内侧),meniscus (lateral) (medial),S83.6,0.9622130990028381,,,,,
1063,5,伴有(副)(十字)韧带,with ligament (collateral) (cruciate),S83.7,0.9671331644058228,,,,,
1063,5,陈旧性损伤或撕裂,old injury or tear,M23.2,0.9739075899124146,,,,,
1063,4,多处结构,multiple structures,S83.7,0.9769047498703003,,,,,
1063,3,下背,lower back,S39.9,0.9431101083755493,,,,,
1063,4,特指的 NEC,specified NEC,S39.8,0.9715932607650757,,,,,
1063,3,涎管或涎腺,salivary duct or gland,S09.9,0.9478651285171509,,,,,
1063,3,腺,gland,,0.953033983707428,,,,,
1063,4,甲状 NEC,thyroid NEC,S19.8,0.9424673318862915,,,,,
1063,4,泪(撕裂),lacrimal (laceration),S05.8,0.9753163456916809,,,,,
1063,4,涎,salivary,S09.9,0.9836215376853943,,,,,
1063,3,腺样增殖体,adenoid,S09.9,0.9644314646720886,,,,,
1063,3,小脑,cerebellum,S06.8,0.9792264103889465,,,,,
1063,3,心肌,myocardium,S26.9,0.9634401798248291,,,,,
1063,3,心脏,heart,S26.9,0.9748346209526062,,,,,
1063,4,伴有心包积血,with hemopericardium,S26.0,0.9709133505821228,,,,,
1063,4,特指的 NEC,specified NEC,S26.8,0.9797311425209045,,,,,
1063,3,星状神经节,stellate ganglion,S24.4,0.9851176142692566,,,,,
1064,3,胸,"thorax, thoracic",S29.9,0.9893483519554138,,,,,
1064,4,多处,multiple,S29.7,0.9579988121986389,,,,,
1064,4,内部,internal,S27.9,0.8845160603523254,,,,,
1064,5,特指的NEC,specified NEC,S27.8,0.9662379026412964,,,,,
1064,4,腔,cavity,S27.9,0.928983747959137,,,,,
1064,5,多处,multiple,S27.7,0.9622378349304199,,,,,
1064,4,外部,external,S29.9,0.9357383251190186,,,,,
1064,5,特指的 NEC,specified NEC,S29.8,0.9662410020828247,,,,,
1064,4,胸内器官,intrathoracic organ,S27.9,0.9584547281265259,,,,,
1064,5,多处,multiple,S27.7,0.879508376121521,,,,,
1064,5,特指的NEC,specified NEC,S27.8,0.9731149673461914,,,,,
1064,3,胸(腺),thymus (gland),S27.8,0.9687198400497437,,,,,
1064,3,胸部,sternal region,S29.9,0.9957756996154785,,,,,
1064,3,胸膜,pleura,S27.6,0.9939356446266174,,,,,
1064,3,胸内器官,intrathoracic organ,S27.9,0.9964584708213806,,,,,
1064,4,伴有腹内(和盆腔)器官,with intra-abdominal (and pelvic) organs,T06.5,0.9676697254180908,,,,,
1064,4,多处,multiple,S27.7,0.9341517686843872,,,,,
1064,4,特指的NEC,specified NEC,S27.8,0.9845143556594849,,,,,
1064,3,胸正中区NEC,midthoracic region NEC,S29.9,0.9951967000961304,,,,,
1064,3,悬雍垂,uvula,S09.9,0.9843634963035583,,,,,
1064,3,血管NEC,blood vessel NEC,T14.5,0.9498920440673828,,,,,
1064,4,背,dorsal,S95.8,0.9757256507873535,,,,,
1064,5,动脉，足,"artery, foot",S95.0,0.9600803256034851,,,,,
1064,5,静脉，足,"vein, foot",S95.2,0.9233189225196838,,,,,
1064,4,臂,"arm, brachial",,0.9886958599090576,,,,,
1064,5,动脉,artery,S45.1,0.9336636662483215,,,,,
1064,5,静脉,vein,S45.2,0.9338433742523193,,,,,
1064,5,上(水平),upper (level),S45.9,0.9640888571739197,,,,,
1064,6,和肩，多处,"and shoulder, multiple",S45.7,0.9704102277755737,,,,,
1064,6,特指的 NEC,specified NEC,S45.8,0.9721981883049011,,,,,
1064,5,意指上肢-见损伤，血管，肢，上,"meaning upper limb - see Injury, blood vessel, limb, upper",,0.9396027326583862,,,,,
1064,4,肠系膜(下)(上),mesenteric (inferior) (superior),S35.9,0.9917991161346436,,,,,
1064,5,动脉,artery,S35.2,0.8914020657539368,,,,,
1064,5,静脉,vein,S35.3,0.9665411710739136,,,,,
1064,4,尺动脉(前臂(水平)),ulnar artery (forearm (level)),S55.0,0.978997528553009,,,,,
1064,5,手和腕(水平),hand and wrist (level),S65.0,0.9652608036994934,,,,,
1064,4,大脑(动脉)(静脉),cerebral (artery)(vein),S06.8,0.9663126468658447,,,,,
1064,4,大腿(水平),thigh (level),S75.9,0.9904930591583252,,,,,
1064,5,和髋，多处,"and hip, multiple",S75.7,0.9819352030754089,,,,,
1064,5,特指的 NEC,specified NEC,S75.8,0.9607399106025696,,,,,
1064,4,大隐静脉(小腿水平),greater saphenous vein (lower leg level),S85.3,0.9824017882347107,,,,,
1064,5,髋和大腿水平,hip and thigh level,S75.2,0.9782364368438721,,,,,
1065,4,多处(区域)(部位),multiple (regions) (sites),T06.3,0.9722276329994202,,,,,
1065,5,大腿(和髋)水平,thigh (and hip) level,S75.7,0.9523329138755798,,,,,
1065,5,腹部、下背和骨盆,"abdomen, lower back and pelvis",S35.7,0.960262656211853,,,,,
1065,5,踝(和足)水平,ankle (and foot) level,S95.7,0.9170935153961182,,,,,
1065,5,肩(和上臂)水平,shoulder (and upper arm) level,S45.7,0.9682101011276245,,,,,
1065,5,颈,neck,S15.7,0.93960040807724,,,,,
1065,5,髋(和大腿)水平,hip (and thigh) level,S75.7,0.9598344564437866,,,,,
1065,5,前臂(水平),forearm (level),S55.7,0.9713981747627258,,,,,
1065,5,上臂,"arm, upper",S45.7,0.9677190780639648,,,,,
1065,5,手(和腕)水平,hand (and wrist) level,S65.7,0.9135735034942627,,,,,
1065,5,腿,leg,,0.7944546937942505,,,,,
1065,6,大,upper,S75.7,0.837141215801239,,,,,
1065,6,小,lower,S85.7,0.9698143005371094,,,,,
1065,5,腕(和手)水平,wrist (and hand) level,S65.7,0.9842967391014099,,,,,
1065,5,胸部,thorax,S25.7,0.978674054145813,,,,,
1065,5,足(和踝)水平,foot (and ankle) level,S95.7,0.9725662469863892,,,,,
1065,4,腓侧动脉,peroneal artery,S85.2,0.9733800888061523,,,,,
1065,4,肺(动脉)(静脉),pulmonary (artery) (vein),S25.4,0.9829272627830505,,,,,
1065,4,腹部,abdomen,S35.9,0.9481890201568604,,,,,
1065,5,多处,multiple,S35.7,0.9888907670974731,,,,,
1065,5,和下背、骨盆，多处,"and lower back, pelvis, multiple",S35.7,0.9857313632965088,,,,,
1065,5,特指的 NEC,specified NEC,S35.8,0.9310616850852966,,,,,
1065,4,腹腔动脉,celiac artery,S35.2,0.984407901763916,,,,,
1065,4,肝,hepatic,S35.8,0.9496262073516846,,,,,
1065,5,动脉,artery,S35.2,0.9496186971664429,,,,,
1065,5,静脉,vein,S35.1,0.9420555233955383,,,,,
1065,4,股,femoral,S75.9,0.9044196605682373,,,,,
1065,5,动脉(总)(浅表),artery (common) (superficial),S75.0,0.9653283357620239,,,,,
1065,5,静脉(髋水平)(大腿水平),vein (hip level) (thigh level),S75.1,0.9613916277885437,,,,,
1065,4,骨盆,pelvis,S35.9,0.9774160385131836,,,,,
1065,5,多处,multiple,S35.7,0.960771918296814,,,,,
1065,5,和腹部、下背，多处,"and abdomen, lower back, multiple",S35.7,0.9807950258255005,,,,,
1065,5,特指的 NEC,specified NEC,S35.8,0.9783100485801697,,,,,
1065,4,腘,popliteal,S85.9,0.9240096807479858,,,,,
1065,5,动脉,artery,S85.0,0.9732012748718262,,,,,
1065,5,静脉,vein,S85.5,0.9801757335662842,,,,,
1065,4,踝(水平),ankle (level),S95.9,0.9762023687362671,,,,,
1065,5,和足，多处,"and foot, multiple",S95.7,0.9835811257362366,,,,,
1065,5,特指的 NEC,specified NEC,S95.8,0.9684395790100098,,,,,
1065,4,奇静脉,azygos vein,S25.8,0.9799447059631348,,,,,
1066,4,肩,shoulder,S45.9,0.9236592650413513,,,,,
1066,5,和上臂水平，多处,"and upper arm level, multiple",S45.7,0.990332841873169,,,,,
1066,5,浅静脉,superficial vein,S45.3,0.9750068187713623,,,,,
1066,5,特指的 NEC,specified NEC,S45.8,0.9675639271736145,,,,,
1066,4,胫骨动脉(前)(后),tibial artery (anterior) (posterior),S85.1,0.9791412353515625,,,,,
1066,4,颈,neck,S15.9,0.9705702066421509,,,,,
1066,5,内,internal,S15.3,0.9246559143066406,,,,,
1066,5,多处,multiple,S15.7,0.9298250079154968,,,,,
1066,5,特指的 NEC,specified NEC,S15.8,0.9649325013160706,,,,,
1066,4,颈(动脉)(总)(外)(内),carotid artery (common) (external) (internal),S15.0,0.9601072669029236,,,,,
1066,5,静脉(总)(外)(内),vein (common) (external) (internal),S15.8,0.9508174061775208,,,,,
1066,4,颈静脉(外),jugular vein (external),S15.2,0.978797197341919,,,,,
1066,5,内[2003年补充],internal [2003 Addendum],S15.3,0.9746094346046448,,,,,
1066,4,髋(水平),hip (level),S75.9,0.9775742888450623,,,,,
1066,5,和大腿，多处,"and thigh, multiple",S75.7,0.977849543094635,,,,,
1066,5,特指的 NEC,specified NEC,S75.8,0.9672869443893433,,,,,
1066,4,肋间(动脉)(静脉),intercostal (artery) (vein),S25.5,0.9715794920921326,,,,,
1066,3,颅内,intracranial,S06.9,0.9768348336219788,,,,,
1066,4,卵巢(动脉)(静脉),ovarian (artery) (vein),S35.8,0.9749778509140015,,,,,
1066,4,门静脉,portal vein,S35.3,0.9809667468070984,,,,,
1066,4,拇指,thumb,S65.4,0.9892256259918213,,,,,
1066,4,脾,splenic,S35.9,0.9265586137771606,,,,,
1066,5,动脉,artery,S35.2,0.9677839279174805,,,,,
1066,5,静脉,vein,S35.3,0.9683351516723633,,,,,
1066,4,髂(动脉)(静脉),iliac (artery) (vein),S35.5,0.9808363914489746,,,,,
1066,4,前臂,forearm,S55.9,0.9759824275970459,,,,,
1066,5,尺动脉,ulnar artery,S55.0,0.9862598180770874,,,,,
1066,5,多处,multiple,S55.7,0.9483299255371094,,,,,
1066,5,静脉,vein,S55.2,0.9931175708770752,,,,,
1066,5,桡骨动脉,radial artery,S55.1,0.968816339969635,,,,,
1066,5,特指的 NEC,specified NEC,S55.8,0.9334341287612915,,,,,
1066,3,腔静脉(上),vena cava (superior),S25.2,0.9847897887229919,,,,,
1066,4,下,inferior,S35.1,0.9245980381965637,,,,,
1066,4,桡骨动脉(前臂(水平)),radial artery (forearm (level)),S55.1,0.9661210775375366,,,,,
1066,5,手和腕(水平),hand and wrist (level),S65.1,0.9874482750892639,,,,,
1066,4,乳房(动脉)(静脉),mammary (artery) (vein),S25.8,0.985038697719574,,,,,
1066,4,入脑前,precerebral,S15.9,0.98382967710495,,,,,
1066,5,动脉或静脉,artery or vein,S15.8,0.9930071234703064,,,,,
1066,4,上臂(水平),upper arm (level),S45.9,0.9642972350120544,,,,,
1066,5,浅静脉,superficial vein,S45.3,0.9956260323524475,,,,,
1066,4,肾(动脉)(静脉),renal (artery) (vein),S35.4,0.9624817967414856,,,,,
1066,4,手(水平),hand (level),S65.9,0.9485509395599365,,,,,
1067,4,手指,"digital (hand), finger",S65.5,0.9088566899299622,,,,,
1067,5,拇指,thumb,S65.4,0.967225193977356,,,,,
1067,5,和腕，多处,"and wrist, multiple",S65.7,0.9832062125205994,,,,,
1067,5,特指的 NEC,specified NEC,S65.8,0.964812695980072,,,,,
1067,4,锁骨下,subclavian,S25.8,0.9744200110435486,,,,,
1067,5,动脉,artery,S25.1,0.9645412564277649,,,,,
1067,5,静脉,vein,S25.3,0.9557763338088989,,,,,
1067,4,特指的NEC(另见损伤，血管，按部位),"specified NEC (see also Injury, blood vessel, by site)",T14.5,0.9835203289985657,,,,,
1067,4,头部,head,S09.0,0.956543505191803,,,,,
1067,5,多处,multiple,S09.0,0.9679266810417175,,,,,
1067,3,颅内,intracranial,S06.9,0.9574407339096069,,,,,
1067,5,特指的NEC,specified NEC,S09.0,0.9732626676559448,,,,,
1067,4,腿,leg,,0.7836281657218933,,,,,
1067,5,小(水平),lower (level),S85.9,0.982934832572937,,,,,
1067,6,多处,multiple,S85.7,0.9609633684158325,,,,,
1067,6,特指的NEC,specified NEC,S85.8,0.9334799647331238,,,,,
1067,4,意指下肢-见损伤，血管，肢，下,"meaning lower limb - see Injury, blood vessel, limb, lower",,0.9398059844970703,,,,,
1067,4,腕(水平),wrist (level),S65.9,0.9849705100059509,,,,,
1067,5,和手，多处,"and hand, multiple",S65.7,0.9807761907577515,,,,,
1067,5,特指的 NEC,specified NEC,S65.8,0.9514443278312683,,,,,
1067,4,胃,gastric,S35.8,0.907761812210083,,,,,
1067,5,动脉,artery,S35.2,0.987058162689209,,,,,
1067,5,静脉,vein,S35.8,0.9877920150756836,,,,,
1067,4,胃十二指肠动脉,gastroduodenal artery,S35.2,0.9668797850608826,,,,,
1067,4,无名,innominate,S25.8,0.9479020237922668,,,,,
1067,5,动脉,artery,S25.1,0.9629560112953186,,,,,
1067,5,静脉,vein,S25.3,0.9878433346748352,,,,,
1067,4,下背,lower back,S35.9,0.9522472023963928,,,,,
1067,5,多处,multiple,S35.7,0.9785741567611694,,,,,
1067,5,和腹部、骨盆，多处,"and abdomen, pelvis, multiple",S35.7,0.987304151058197,,,,,
1067,5,特指的NEC,specified NEC,S35.8,0.9697770476341248,,,,,
1067,4,下腹(动脉)(静脉),hypogastric (artery) (vein),S35.5,0.9719440937042236,,,,,
1067,4,小隐静脉(小腿水平),lesser saphenous vein (lower leg level),S85.4,0.9865498542785645,,,,,
1067,4,心脏(动脉)(静脉),heart (artery)(vein),S25.8,0.9779455661773682,,,,,
1067,4,胸,thoracic,S25.9,0.9791890382766724,,,,,
1067,5,多处,multiple,S25.7,0.9161379337310791,,,,,
1067,5,特指的NEC,specified NEC,S25.8,0.9642885327339172,,,,,
1067,4,腋,axillary,S45.9,0.9718785285949707,,,,,
1067,5,动脉,artery,S45.0,0.977917492389679,,,,,
1067,5,静脉,vein,S45.2,0.9587736129760742,,,,,
1068,4,隐静脉(大)(小腿水平),saphenous vein (greater) (lower leg level),S85.3,0.9831519722938538,,,,,
1068,5,髋和大腿水平,hip and thigh level,S75.2,0.962910532951355,,,,,
1068,5,小,lesser,S85.4,0.950787365436554,,,,,
1068,4,由于在操作中意外穿刺或撕裂,due to accidental puncture or laceration during procedure,T81.2,0.9678551554679871,,,,,
1068,4,掌动静脉弓(浅),palmar arch (superficial),S65.2,0.9836435317993164,,,,,
1068,5,深,deep,S65.3,0.9314826130867004,,,,,
1068,4,肢,"extremity, limb",T14.5,0.8965328931808472,,,,,
1068,5,上,upper,T11.4,0.8884338140487671,,,,,
1068,6,多处,multiple,T06.3,0.9487048387527466,,,,,
1068,5,下,lower,T13.4,0.894248902797699,,,,,
1068,6,多处,multiple,T06.3,0.9269249439239502,,,,,
1068,4,椎动脉,vertebral artery,S15.1,0.9675264954566956,,,,,
1068,4,子宫(动脉)(静脉),uterine (artery) (vein),S35.5,0.9661805629730225,,,,,
1068,4,足(水平),foot (level),S95.9,0.9584255814552307,,,,,
1068,5,和踝，多处,"and ankle, multiple",S95.7,0.9784839153289795,,,,,
1068,5,特指的 NEC,specified NEC,S95.8,0.9568707942962646,,,,,
1068,4,足底动脉(深)(足),plantar artery (deep) (foot),S95.1,0.9695164561271667,,,,,
1068,3,牙,tooth,S09.9,0.9616293907165527,,,,,
1068,3,牙槽(突),alveolar (process),S09.9,0.9680494666099548,,,,,
1068,3,咽,pharynx,S09.9,0.9750030636787415,,,,,
1068,3,咽鼓管,eustachian tube,S09.9,0.9931311011314392,,,,,
1068,3,咽喉 NEC,throat NEC,S19.8,0.9687725305557251,,,,,
1068,3,眼,"eye, globe (eye)",S05.9,0.973964273929596,,,,,
1068,4,特指的 NEC,specified NEC,S05.8,0.9834564328193665,,,,,
1068,3,眼睑,eyelid,S09.9,0.9618463516235352,,,,,
1068,4,浅表,superficial,S00.2,0.9737403392791748,,,,,
1068,3,眼内,intraocular,S05.6,0.9827184677124023,,,,,
1068,3,眼球,eyeball,S05.8,0.9620844721794128,,,,,
1068,4,贯通性,penetrating,S05.6,0.9707677364349365,,,,,
1068,5,伴有,with,,0.8084047436714172,,,,,
1068,6,眼内组织脱出或缺失,prolapse or loss of intraocular tissue,S05.2,0.9828878045082092,,,,,
1068,6,异物,foreign body,S05.5,0.893314003944397,,,,,
1068,5,不伴有眼内组织脱出或缺失,without prolapse or loss of intraocular tissue,S05.3,0.9887405633926392,,,,,
1068,4,浅表,superficial,S05.8,0.9450283050537109,,,,,
1068,4,特指的NEC,specified NEC,S05.8,0.9877969622612,,,,,
1068,3,腰骶(区),"lumbar, lumbosacral (region)",S39.9,0.9849312901496887,,,,,
1068,4,丛,plexus,S34.4,0.8895426988601685,,,,,
1068,3,腋,axilla,S49.9,0.9814140796661377,,,,,
1068,3,胰腺,pancreas,S36.2,0.9938579797744751,,,,,
1068,3,阴部,pudendum,S39.9,0.9891669750213623,,,,,
1069,3,阴唇(大)(小),labium (majus) (minus),S39.9,0.9919255375862122,,,,,
1069,3,阴道,vagina,S39.9,0.9695602655410767,,,,,
1069,3,阴蒂,clitoris,S39.9,0.97831791639328,,,,,
1069,3,阴茎,penis,S39.9,0.9803986549377441,,,,,
1069,3,阴囊,scrotum,S39.9,0.9849944710731506,,,,,
1069,3,龈,gum,S09.9,0.9464401006698608,,,,,
1069,3,圆韧带,round ligament,S37.8,0.9119641184806824,,,,,
1069,3,枕(区)(头皮),occipital (region) (scalp),S09.9,0.9756804704666138,,,,,
1069,4,叶(另见损伤，颅内),"lobe (see also Injury, intracranial)",S06.8,0.982718288898468,,,,,
1069,3,支气管,"bronchus, bronchi",S27.4,0.9529115557670593,,,,,
1069,3,肢,limb,T14.9,0.9574720859527588,,,,,
1069,4,上,upper,T11.9,0.8860368728637695,,,,,
1069,5,特指的 NEC,specified NEC,T11.8,0.9765782356262207,,,,,
1069,4,下,lower,T13.9,0.9336101412773132,,,,,
1069,5,特指的 NEC,specified NEC,T13.8,0.9660496115684509,,,,,
1069,3,直肠,rectum,S36.6,0.9703977108001709,,,,,
1069,3,直肠阴道隔NEC,rectovaginal septum NEC,S39.8,0.9771631360054016,,,,,
1069,3,指[趾]甲下,subungual,,0.9458110928535461,,,,,
1069,4,手,fingers,S69.9,0.8759182095527649,,,,,
1069,4,脚,toes,S90.9,0.9631627798080444,,,,,
1069,3,趾[指],phalanges,,0.9467358589172363,,,,,
1069,4,手,hand,S69.9,0.8759200572967529,,,,,
1069,4,脚,foot,S99.9,0.9491387009620667,,,,,
1069,3,中耳,middle ear,S09.9,0.9902329444885254,,,,,
1069,3,轴突,"axon, axonal",T14.4,0.9610941410064697,,,,,
1069,3,肘,elbow,S59.9,0.9560510516166687,,,,,
1069,4,和前臂，多处,"and forearm, multiple",S59.7,0.9943816661834717,,,,,
1069,4,特指的 NEC,specified NEC,S59.8,0.9824920892715454,,,,,
1069,3,主动脉(胸),aorta (thoracic),S25.0,0.9615572690963745,,,,,
1069,4,腹,abdominal,S35.0,0.9660685658454895,,,,,
1069,3,椎骨NOS,vertebra NOS,T09.9,0.9768149852752686,,,,,
1069,3,椎间盘,intervertebral disk,T09.9,0.9982847571372986,,,,,
1069,3,紫外线NEC,ultraviolet rays NEC,T66,0.9907187819480896,,,,,
1069,3,子宫,uterus,S37.6,0.9655476808547974,,,,,
1069,3,眦，眼,"canthus, eye",S09.9,0.9878445863723755,,,,,
1069,3,纵隔,mediastinum,S27.8,0.9760034084320068,,,,,
1069,3,足,foot,S99.9,0.9607458710670471,,,,,
1069,4,和踝，多处,"and ankle, multiple",S99.7,0.9822469353675842,,,,,
1069,4,特指的NEC,specified NEC,S99.8,0.9867419004440308,,,,,
1069,3,足跟,heel,S99.9,0.9243972897529602,,,,,
1069,2,损伤后休克引起的无力性快速脉搏,Feeble rapid pulse due to shock following injury,T79.4,0.9997817873954773,,,,,
1069,2,损形(由于瘢痕),Disfigurement (due to scar),L90.5,0.9988511800765991,,,,,
1070,1,suō 梭,,,0.9991758465766907,,,,,
1070,2,梭，克鲁肯贝格,"Spindle, Krukenberg's",H18.0,0.9991950988769531,,,,,
1070,2,梭菌螺菌病[樊尚咽峡炎],Fusospirillosis,A69.1,0.9997122287750244,,,,,
1070,1,suō 缩,,,0.9991188645362854,,,,,
1070,2,缩小三齿线虫感染或侵染,Ternidens diminutus infection or infestation,B81.8,0.9951885938644409,,,,,
1070,2,缩窄 - 现译名 狭窄,Narrowing,,0.948150098323822,,,,,
1070,2,缩窄性的 - 见情况,Constrictive - see condition,,0.9589992761611938,,,,,
1070,1,suǒ 索,,,0.9993590116500854,,,,,
1070,2,索恩综合征[失盐综合征],Thorn's syndrome,N28.8,0.9979942440986633,,,,,
1070,2,索托斯综合征,Sotos' syndrome,Q87.3,0.9994416236877441,,,,,
1070,1,suǒ 锁,,,0.9366253018379211,,,,,
1070,2,锁定,Locking,,0.9999685287475586,,,,,
1070,3,关节(另见紊乱，关节),"joint (see also Derangement, joint)",M24.8,0.9884905219078064,,,,,
1070,4,膝,knee,M23.8,0.9730143547058105,,,,,
1070,2,锁骨颅骨发育不良,Craniocleidodysostosis,Q74.0,0.9975646734237671,,,,,
1070,2,锁骨切断术，胎儿或新生儿,"Cleidotomy, fetus or newborn",P03.8,0.9970376491546631,,,,,
1070,3,以促进分娩,to facilitate delivery,O83.4,0.9667522311210632,,,,,
1071,0,T,,,0.9999591112136841,,,,,
1071,1,tā 塌,,,0.9996767640113831,,,,,
1071,2,塌,Bent,,0.9999523162841797,,,,,
1071,3,背(癔症性),back (hysterical),F44.4,0.9397009015083313,,,,,
1071,3,鼻,nose,M95.0,0.9606895446777344,,,,,
1071,4,先天性,congenital,Q67.4,0.9441908001899719,,,,,
1071,2,塌方，损伤,"Cave-in, injury",,0.9999185800552368,,,,,
1071,3,挤压(严重的),crushing (severe),T14.7,0.9891802072525024,,,,,
1071,3,窒息,suffocation,T71,0.9883289933204651,,,,,
1071,2,塌陷[萎陷],Collapse,R55,0.9991350173950195,,,,,
1071,3,气管,trachea,J39.8,0.9898858666419983,,,,,
1071,3,气管支气管,tracheobronchial,J98.0,0.9900123476982117,,,,,
1071,3,椎体NEC,vertebra NEC,M48.5,0.9882393479347229,,,,,
1071,4,见于(由于),in (due to),,0.8805885314941406,,,,,
1071,5,骨质疏松症(另见骨质疏松症),osteoporosis (see also Osteoporosis),M80.9,0.9698566794395447,,,,,
1071,5,转移性恶性肿瘤(M8000/6),metastasis (M8000/6),C79.5+ M49.5*,0.9806627631187439,,,,,
1071,1,tǎ 塔,,,0.9958030581474304,,,,,
1071,2,塔比综合征,Taybi's syndrome,Q87.2,0.9999750256538391,,,,,
1071,2,塔尔玛病[后天性肌强直],Talma's disease,M62.8,0.9999377131462097,,,,,
1071,2,塔那痘(病毒病),Tanapox (virus disease),B08.8,0.9846629500389099,,,,,
1071,2,塔皮亚综合征,Tapia's syndrome,G52.7,0.9999309778213501,,,,,
1071,2,塔希纳热,Tahyna fever,B33.8,0.9924329519271851,,,,,
1071,1,tāi 胎,,,0.9599289894104004,,,,,
1071,2,胎儿-另见情况,"Fetus, Fetal - see also condition",,0.9992743730545044,,,,,
1071,3,酒精综合征(畸形的),alcohol syndrome (dysmorphic),Q86.0,0.9891029000282288,,,,,
1071,3,压扁(对母体),compressus (mother),O31.0,0.9918938875198364,,,,,
1071,3,乙内酰脲综合征,hydantoin syndrome,Q86.1,0.9689802527427673,,,,,
1071,3,纸样(对母体),papyraceous (mother),O31.0,0.9835430979728699,,,,,
1071,2,胎粪(性),Meconium,,0.9980683326721191,,,,,
1071,3,肠梗阻，胎儿或新生儿,"ileus, fetus or newborn",E84.1+ P75*,0.9777360558509827,,,,,
1071,3,腹膜炎,peritonitis,P78.0,0.9566619992256165,,,,,
1071,3,梗阻，胎儿或新生儿,"obstruction, fetus or newborn",P76.0,0.9670120477676392,,,,,
1071,4,见于粘液粘稠病,in mucoviscidosis,E84.1+ P75*,0.948715329170227,,,,,
1071,3,排出-见窘迫，胎儿,"passage of - see Distress, fetal",,0.9799051880836487,,,,,
1071,3,栓塞综合征(新生儿) NEC,plug syndrome (newborn) NEC,P76.0,0.9490693211555481,,,,,
1071,3,羊水内-另见窘迫，胎儿,"in liquor - see also Distress, fetal",,0.9899532198905945,,,,,
1071,4,并发产程和分娩,complicating labor and delivery,O68.1,0.9584106206893921,,,,,
1072,2,胎块,Mole,,0.9967409372329712,,,,,
1072,3,恶性，意指,"malignant, meaning",,0.9672571420669556,,,,,
1072,4,恶性葡萄胎(M9100/1),malignant hydatidiform mole (M9100/1),D39.2,0.9807924032211304,,,,,
1072,4,黑(色素)瘤(M8720/3)-见黑色素瘤,melanoma (M8720/3) - see Melanoma,,0.9776298403739929,,,,,
1072,3,非水泡状,nonhydatidiform,O02.0,0.9582352638244629,,,,,
1072,3,破坏性(M9100/1),destructive (M9100/1),D39.2,0.9928539991378784,,,,,
1072,3,侵袭性(水泡状[葡萄胎])(M9100/1),invasive (hydatidiform) (M9100/1),D39.2,0.9776708483695984,,,,,
1072,3,妊娠NEC,pregnancy NEC,O02.0,0.9735385179519653,,,,,
1072,3,肉样,"carneous, fleshy",O02.0,0.946310818195343,,,,,
1072,3,输卵管,tubal,O00.1,0.971100389957428,,,,,
1072,3,水泡状[葡萄胎](良性)(并发于妊娠)(娩出)(未娩出)(M9100/0),"hydatid, hydatidiform, vesicular (benign) (complicating pregnancy)(delivered) (undelivered) (M9100/0)",O01.9,0.9680860638618469,,,,,
1072,4,完全(M9100/0),complete (M9100/0),O01.0,0.9539096355438232,,,,,
1072,4,不完全(M9103/0),incomplete (M9103/0),O01.1,0.9701641201972961,,,,,
1072,4,部分(M9103/0),partial (M9103/0),O01.1,0.9546990394592285,,,,,
1072,4,典型(M9100/0),classical (M9100/0),O01.0,0.9581187963485718,,,,,
1072,4,恶性(M9100/1),malignant (M9100/1),D39.2,0.9713006019592285,,,,,
1072,4,侵袭性(M9100/1),invasive (M9100/1),D39.2,0.9803784489631653,,,,,
1072,4,以前的，影响妊娠处理,"previous, affecting management of pregnancy",Z35.1,0.9919775128364563,,,,,
1072,3,血性,blood,O02.0,0.9670571684837341,,,,,
1072,3,血肿性,Breus',O02.0,0.961481511592865,,,,,
1072,2,胎块妊娠NEC (M9100/0),Molar pregnancy NEC (M9100/0),O02.0,0.9858222007751465,,,,,
1072,2,胎膜 - 另见情况,"Membrane(s), membranous - see also condition",,0.9458793997764587,,,,,
1072,3,未破(引起窒息)-见窒息，新生儿,"unruptured (causing asphyxia) - see Asphyxia, newborn",,0.9860196113586426,,,,,
1072,3,早破-见破裂，胎膜，过早,"premature rupture - see Rupture, membranes, premature",,0.9363617300987244,,,,,
1072,3,滞留(并发于分娩)(伴有出血),retained (complicating delivery) (with hemorrhage),O72.2,0.9808675646781921,,,,,
1072,4,不伴有出血,without hemorrhage,O73.1,0.9702200293540955,,,,,
1072,2,胎膜炎,Membranitis,O41.1,0.9905825853347778,,,,,
1072,3,影响到胎儿或新生儿,affecting fetus or newborn,P02.7,0.9899204969406128,,,,,
1072,2,胎盘(另见情况),"Placenta, placental (see also condition)",,0.9971734881401062,,,,,
1072,3,剥离(正常植入)(部分)(过早)(伴有出血)(另见胎盘早剥),separation (normally implanted) (partial) (premature) (with hemorrhage) (see also Abruptio placentae),O45.9,0.9141142964363098,,,,,
1072,3,边缘(出血)(破裂),marginal (hemorrhage) (rupture),O44.1,0.9734335541725159,,,,,
1072,4,影响到胎儿或新生儿,affecting fetus or newborn,P02.0,0.9876667261123657,,,,,
1072,3,病 NEC,disease NEC,O43.9,0.9233900904655457,,,,,
1072,4,影响到胎儿或新生儿,affecting fetus or newborn,P02.2,0.9831862449645996,,,,,
1072,3,出血,hemorrhage,O46.8,0.9691429138183594,,,,,
1072,4,前置胎盘,placenta previa,O44.1,0.9565429091453552,,,,,
1072,4,胎盘早剥(另见胎盘早剥),abruptio placentae (see also Abruptio placentae),O45.9,0.9038721323013306,,,,,
1072,3,错位(另见 胎盘，前置),"malposition (see also Placenta, previa)",O44.1,0.9721648097038269,,,,,
1073,3,低位植入(伴有出血),low implantation or insertion (with hemorrhage),O44.1,0.9588867425918579,,,,,
1073,3,低置(另见胎盘，前置),"low-lying (see also Placenta, previa)",O44.1,0.9925200939178467,,,,,
1073,3,多隔性,septuplex,O43.1,0.9873701333999634,,,,,
1073,3,多叶,"multilobed, multipartita",O43.1,0.9589928388595581,,,,,
1073,3,副,succenturiata,O43.1,0.968546450138092,,,,,
1073,3,梗死,infarction,O43.8,0.9936404228210449,,,,,
1073,4,影响到胎儿或新生儿,affecting fetus or newborn,P02.2,0.9698747992515564,,,,,
1073,3,化学物质传递-见吸收不良，化学性，通过胎盘,"transmission of chemical substance - see Absorption, chemical, through placenta",,0.9966988563537598,,,,,
1073,3,坏死,necrosis,O43.8,0.9611220359802246,,,,,
1073,3,机能不全,insufficiency,,0.9703390002250671,,,,,
1073,4,影响到胎儿或新生儿,affecting fetus or newborn,P02.2,0.9585805535316467,,,,,
1073,4,影响妊娠处理,affecting management of pregnancy,O36.5,0.9740163087844849,,,,,
1073,3,机能障碍,dysfunction,O43.8,0.9899008274078369,,,,,
1073,3,畸形,malformation,O43.1,0.931219756603241,,,,,
1073,3,假,spuria,O43.1,0.9234230518341064,,,,,
1073,3,轮廓,circumvallata,O43.1,0.9953554272651672,,,,,
1073,3,梅毒性,syphilitic,O98.1,0.9615303874015808,,,,,
1073,3,膜状,membranacea,O43.1,0.9376283288002014,,,,,
1073,3,囊(羊膜),cyst (amniotic),O43.1,0.962100625038147,,,,,
1073,3,前置(中心性)(完全性)(边缘性)(部分性)(全部)(伴有出血),previa (central) (complete) (marginal) (partial) (total) (with hemorrhage),O44.1,0.9550911784172058,,,,,
1073,4,不伴有出血,without hemorrhage,O44.0,0.9260473251342773,,,,,
1073,4,影响到胎儿或新生儿,affecting fetus or newborn,P02.0,0.9545458555221558,,,,,
1073,3,嵌顿(伴有产后出血),trapped (with postpartum hemorrhage),O72.0,0.994274377822876,,,,,
1073,4,不伴有出血,without hemorrhage,O73.0,0.972429096698761,,,,,
1073,3,侵入性(伴有出血),accreta (with hemorrhage),O72.0,0.9921277761459351,,,,,
1073,4,不伴有出血,without hemorrhage,O73.0,0.9593374133110046,,,,,
1073,3,球拍状,battledore,O43.1,0.9697149991989136,,,,,
1073,3,缺陷-见胎盘，机能不全,"deficiency - see Placenta, insufficiency",,0.995956301689148,,,,,
1073,3,软化(过早),softening (premature),O43.8,0.9715734124183655,,,,,
1073,3,三叶,"tripartita, triplex",O43.1,0.9114153385162354,,,,,
1073,3,双叶,"bipartita, dimidiata, duplex",O43.1,0.975584864616394,,,,,
1073,3,脱离(部分)(过早)(伴有出血)(另见胎盘早剥),"ablatio, detachment (partial) (premature) (with hemorrhage) (see alsoAbruptio placentae)",O45.9,0.9492385983467102,,,,,
1073,4,影响到胎儿或新生儿,affecting fetus or newborn,P02.1,0.9786834716796875,,,,,
1073,3,外侧(另见胎盘，前置),"lateral (see also Placenta, previa)",O44.1,0.9901242852210999,,,,,
1073,3,息肉,polyp,O90.8,0.9215530753135681,,,,,
1073,3,纤维变性,fibrosis,O43.8,0.9811607599258423,,,,,
1073,3,小-见胎盘，机能不全,"small - see Placenta, insufficiency",,0.9972352981567383,,,,,
1073,3,血管曲张,varicose vessels,O43.8,0.9768104553222656,,,,,
1073,3,血肿,hematoma,O43.8,0.9615609645843506,,,,,
1074,3,异常的 NEC,"abnormal, abnormality NEC",O43.1,0.9873070120811462,,,,,
1074,4,伴有出血,with hemorrhage,O46.8,0.9082484245300293,,,,,
1074,5,产前 NEC,antepartum NEC,O46.8,0.9628891348838806,,,,,
1074,5,产时,intrapartum,O67.8,0.9075125455856323,,,,,
1074,5,影响到胎儿或新生儿,affecting fetus or newborn,P02.1,0.9697347283363342,,,,,
1074,4,影响到胎儿或新生儿,affecting fetus or newborn,P02.2,0.9635813236236572,,,,,
1074,3,有窗,fenestrata,O43.1,0.9773063063621521,,,,,
1074,3,早剥(另见胎盘早剥),abruptio (see also Abruptio placentae),O45.9,0.9974316358566284,,,,,
1074,4,影响到胎儿或新生儿,affecting fetus or newborn,P02.1,0.9489089846611023,,,,,
1074,3,增生,hyperplasia,O43.8,0.9742735624313354,,,,,
1074,3,粘连(伴有产后出血),adherent (with postpartum hemorrhage),O72.0,0.9961225390434265,,,,,
1074,4,不伴有出血,without hemorrhage,O73.0,0.9463538527488708,,,,,
1074,3,植入(伴有产后出血),"increta, percreta (with postpartum hemorrhage)",O72.0,0.9847965240478516,,,,,
1074,4,不伴有出血,without hemorrhage,O73.0,0.9731698036193848,,,,,
1074,3,植入，恶性(另见胎盘，前置),"insertion, vicious (see also Placenta, previa)",O44.1,0.9942724108695984,,,,,
1074,3,滞留(伴有产后出血),retention (with postpartum hemorrhage),O72.0,0.9954143166542053,,,,,
1074,4,不伴有出血,without hemorrhage,O73.0,0.9583122134208679,,,,,
1074,4,碎片，并发于产褥期(延迟出血),"fragments, complicating puerperium (delayed hemorrhage)",O72.2,0.9720184206962585,,,,,
1074,5,不伴有出血,without hemorrhage,O73.1,0.9787632822990417,,,,,
1074,2,胎盘后的- 见情况,Retroplacental - see condition,,0.9465517401695251,,,,,
1074,2,胎盘炎,Placentitis,,0.9996822476387024,,,,,
1074,3,并发于妊娠,complicating pregnancy,O41.1,0.995303213596344,,,,,
1074,3,影响到胎儿或新生儿,affecting fetus or newborn,P02.7,0.9703400731086731,,,,,
1074,2,胎盘早剥,Abruptio placentae,O45.9,0.9923385977745056,,,,,
1074,3,伴有凝血缺陷,with coagulation defect,O45.0,0.998129665851593,,,,,
1074,3,影响到胎儿或新生儿,affecting fetus or newborn,P02.1,0.98042231798172,,,,,
1074,2,胎盘植入(伴有出血),Accreta placenta (with hemorrhage),O72.0,0.9813786745071411,,,,,
1074,3,不伴有出血,without hemorrhage,O73.0,0.9792947173118591,,,,,
1074,2,胎盆不称,Disproportion (fetopelvic),O33.9,0.9477701187133789,,,,,
1074,3,母体和胎儿混合性原因,mixed maternal and fetal origin,O33.4,0.9744492769241333,,,,,
1074,3,起因于,caused by,,0.994500458240509,,,,,
1074,4,均小骨盆,contraction pelvis (general),O33.1,0.9866378307342529,,,,,
1074,5,出口,outlet,O33.3,0.9131584167480469,,,,,
1074,5,入口,inlet,O33.2,0.9139170050621033,,,,,
1074,5,引起梗阻,causing obstruction,O65.1,0.9359846711158752,,,,,
1074,4,联体儿[联体双胎],conjoined twins,O33.7,0.9766775369644165,,,,,
1074,4,脑积水胎儿,hydrocephalic fetus,O33.6,0.9432324767112732,,,,,
1074,4,盆腔，异常(骨性)NEC,"pelvis, pelvic, abnormality (bony) NEC",O33.0,0.9550100564956665,,,,,
1074,5,引起梗阻性分娩,causing obstructed labor,O65.0,0.9500675797462463,,,,,
1074,4,胎儿,fetal,,0.7858492136001587,,,,,
1074,5,骶骨畸胎瘤,sacral teratoma,O33.7,0.9364143013954163,,,,,
1074,5,腹水,ascites,O33.7,0.9419256448745728,,,,,
1075,5,畸形NEC,deformity NEC,O33.7,0.963072657585144,,,,,
1075,5,脊髓脊膜膨出,meningomyelocele,O33.7,0.9598551392555237,,,,,
1075,5,瘤,tumor,O33.7,0.9069957733154297,,,,,
1075,5,脑积水,hydrocephalus,O33.6,0.9577539563179016,,,,,
1075,5,水肿,hydrops,O33.7,0.9357314109802246,,,,,
1075,4,特大胎儿,unusually large fetus,O33.5,0.9216532111167908,,,,,
1075,3,胎儿(伴有胎儿形成正常),fetal (with normally formed fetus),O33.5,0.9784355163574219,,,,,
1075,3,特指的 NEC,specified NEC,O33.8,0.9752370715141296,,,,,
1075,3,头盆,cephalopelvic,O33.9,0.9769837856292725,,,,,
1075,4,引起梗阻性分娩,causing obstructed labor,O65.4,0.9343247413635254,,,,,
1075,3,纤维型,fibre-type,G71.2,0.9982580542564392,,,,,
1075,3,引起梗阻性分娩,causing obstructed labor,O65.4,0.9980770349502563,,,,,
1075,3,影响到胎儿或新生儿,affecting fetus or newborn,P03.1,0.9912559986114502,,,,,
1075,2,胎生牙,"Natal tooth, teeth",K00.6,0.9995409846305847,,,,,
1075,2,胎头变形(分娩中),"Molding, head (during birth)",P13.1,0.9946967363357544,,,,,
1075,2,胎位不正(另见先露，胎儿),"Mal lie (see also Presentation, fetal)",O32.9,0.9912781119346619,,,,,
1075,2,胎型子宫,Fetalis uterus,Q51.8,0.9944072961807251,,,,,
1075,2,胎记,Birthmark,Q82.5,0.9999446272850037,,,,,
1075,1,tāi 苔,,,0.917519211769104,,,,,
1075,2,苔癣,Lichen,L28.0,0.9420636892318726,,,,,
1075,3,白色,albus,L90.0,0.9793047904968262,,,,,
1075,4,阴茎,penis,N48.0,0.9403310418128967,,,,,
1075,4,外阴,vulva,N90.4,0.9723480939865112,,,,,
1075,3,扁平(慢性),planus (chronicus),L43.9,0.9939280152320862,,,,,
1075,4,大疱性,bullous,L43.1,0.9795106053352356,,,,,
1075,4,肥厚性,hypertrophic,L43.0,0.9802266955375671,,,,,
1075,4,环状,annularis,L43.8,0.9889411926269531,,,,,
1075,4,毛囊性,follicular,L66.1,0.960353672504425,,,,,
1075,4,念珠状,moniliformis,L44.3,0.9517737030982971,,,,,
1075,4,热带,tropicus,L43.3,0.9531792402267456,,,,,
1075,4,特指的NEC,specified NEC,L43.8,0.9614773988723755,,,,,
1075,4,威尔逊,of Wilson,L43.9,0.9968902468681335,,,,,
1075,4,亚急性(活动性),subacute (active),L43.3,0.9572057127952576,,,,,
1075,4,疣状,verrucosus,L43.0,0.9390092492103577,,,,,
1075,3,单纯性(慢性)(局限性),simplex (chronicus) (circumscriptus),L28.0,0.9892899990081787,,,,,
1075,3,淀粉样变,amyloidosis,E85.4+ L99.0*,0.9887610077857971,,,,,
1075,3,光泽,nitidus,L44.1,0.9382454752922058,,,,,
1076,3,红,ruber,,0.99671870470047,,,,,
1076,4,扁平,planus,L43.9,0.9271146655082703,,,,,
1076,4,念珠状,moniliformis,L44.3,0.9598937630653381,,,,,
1076,3,瘰疠性(原发性)(结核),scrofulosus (primary) (tuberculous),A18.4,0.9886927008628845,,,,,
1076,3,毛发,pilaris,Q82.8,0.9642130136489868,,,,,
1076,3,毛发扁平,planopilaris,L66.1,0.9658599495887756,,,,,
1076,4,后天性,acquired,L85.8,0.9577727913856506,,,,,
1076,3,粘液水肿性,myxedematosus,L98.5,0.9704061150550842,,,,,
1076,3,条纹状,striatus,L44.2,0.9939647912979126,,,,,
1076,3,萎缩,atrophicus,L90.0,0.930225670337677,,,,,
1076,4,阴茎,penis,N48.0,0.9809640645980835,,,,,
1076,4,外阴,vulva,N90.4,0.9148405194282532,,,,,
1076,3,先天性,congenital,Q82.8,0.9580367803573608,,,,,
1076,3,荨麻疹性,urticatus,L28.2,0.9660834670066833,,,,,
1076,3,硬化(萎缩),sclerosus (et atrophicus),L90.0,0.987561821937561,,,,,
1076,4,阴茎,penis,N48.0,0.9703190922737122,,,,,
1076,4,外阴,vulva,N90.4,0.9698899984359741,,,,,
1076,2,苔癣化,Lichenification,L28.0,0.9975362420082092,,,,,
1076,2,苔癣样结核(原发性),Lichenoides tuberculosis (primary),A18.4,0.9972826242446899,,,,,
1076,2,苔癣性粘液水肿,Scleromyxedema,L98.5,0.9774481058120728,,,,,
1076,1,tài 泰,,,0.9999871253967285,,,,,
1076,2,泰-萨克斯黑矇性家族性白痴或病,Tay-Sachs amaurotic familial idiocy or disease,E75.0,0.991030216217041,,,,,
1076,2,泰森病[非热带性口炎性腹泻或乳糜泻],Thaysen's disease,K90.0,0.9855658411979675,,,,,
1076,1,tān 贪,,,0.9305102229118347,,,,,
1076,2,贪食-现译名多食,Polyphagia,,0.9767274856567383,,,,,
1076,1,tān 瘫,,,0.9680492281913757,,,,,
1076,2,瘫痪[麻痹](另见麻痹),Palsy (see also Paralysis),G83.9,0.9992425441741943,,,,,
1076,3,贝尔(另见瘫痪，面部),"Bell's (see also Palsy, facial)",G51.0,0.9937233328819275,,,,,
1076,3,臂丛 NEC,brachial plexus NEC,G54.0,0.930608868598938,,,,,
1076,4,胎儿或新生儿(产伤),fetus or newborn (birth injury),P14.3,0.9713551998138428,,,,,
1076,3,尺神经(迟发性),ulnar nerve (tardy),G56.2,0.9723547697067261,,,,,
1076,3,大脑性[脑瘫](先天性),cerebral (congenital),G80.9,0.980414867401123,,,,,
1076,4,单瘫 NEC,monoplegic NEC,G80.8,0.9432103037834167,,,,,
1076,5,痉挛性,spastic,G80.1,0.9773994088172913,,,,,
1076,4,非先天性，急性,"not congenital, acute",I64,0.9389605522155762,,,,,
1076,4,共济失调,ataxic,G80.4,0.9807840585708618,,,,,
1077,4,混合性,mixed,G80.8,0.9754112362861633,,,,,
1077,4,截瘫性,paraplegic,G80.8,0.9420468807220459,,,,,
1077,5,痉挛性,spastic,G80.1,0.958613932132721,,,,,
1077,4,痉挛性,spastic,G80.1,0.9767705798149109,,,,,
1077,5,单瘫,monoplegic,G80.1,0.9652333855628967,,,,,
1077,5,偏瘫性,hemiplegic,G80.2,0.9283525347709656,,,,,
1077,5,双侧瘫,diplegic,G80.1,0.9715075492858887,,,,,
1077,5,四肢瘫,quadriplegic,G80.0,0.9846059083938599,,,,,
1077,5,特指的NEC,specified NEC,G80.1,0.9773449897766113,,,,,
1077,4,梅毒性,syphilitic,A52.1,0.9528619050979614,,,,,
1077,5,先天性,congenital,A50.4,0.9256032109260559,,,,,
1077,4,偏瘫性,hemiplegic :8,G80.8,0.9320555925369263,,,,,
1077,5,痉挛性,spastic,G80.2,0.9466750621795654,,,,,
1077,4,手足徐动症样,athetoid,G80.3,0.9886319637298584,,,,,
1077,4,双侧瘫,diplegic,G80.8,0.9540958404541016,,,,,
1077,5,痉挛性,spastic,G80.1,0.9650782942771912,,,,,
1077,4,四肢瘫,"quadriplegic, tetraplegic",G80.8,0.9801381826400757,,,,,
1077,5,痉挛性,spastic,G80.0,0.9471099972724915,,,,,
1077,4,特指的NEC,specified NEC,G80.8,0.9665741324424744,,,,,
1077,4,舞蹈性手足徐动症样,choreathetoid,G80.3,0.983016312122345,,,,,
1077,4,运动障碍性,dyskinetic,G80.3,0.9520578384399414,,,,,
1077,5,手足徐动症样,athetoid,G80.3,0.9832323789596558,,,,,
1077,5,舞蹈性手足徐动症样,choreathetoid,G80.3,0.9739935398101807,,,,,
1077,5,张力障碍性,dystonic,G80.3,0.9794010519981384,,,,,
1077,4,张力障碍性,dystonic,G80.3,0.9659491777420044,,,,,
1077,3,第七神经(另见 瘫痪，面部),"seventh nerve (see also Palsy, facial)",G51.0,0.9739975929260254,,,,,
1077,3,厄尔布,Erb's,P14.0,0.9428920745849609,,,,,
1077,3,腓侧神经(急性)(迟发性),peroneal nerve (acute) (tardy),G57.3,0.9780021905899048,,,,,
1077,3,匐行性,creeping,G12.2,0.9570285677909851,,,,,
1077,3,假延髓病型 NEC,pseudobulbar NEC,G12.2,0.9586668610572815,,,,,
1077,3,克隆普克(-德热里纳),Klumpke(-Déjerine),P14.1,0.9825741648674011,,,,,
1077,3,颅神经-另见疾患，神经，颅,"cranial nerve - see also Disorder, nerve, cranial",,0.9894410967826843,,,,,
1077,4,多发性(于),multiple (in),G52.7,0.9434745907783508,,,,,
1077,5,传染病NEC,infectious disease NEC,B99+ G53.1*,0.9612472653388977,,,,,
1077,5,寄生虫病 NEC,parasitic disease NEC,B89+ G53.1*,0.9369298815727234,,,,,
1077,5,结节病,sarcoidosis,D86.8+ G53.2*,0.9745467901229858,,,,,
1077,5,肿瘤疾病NEC(M8000/1)(另见肿瘤),neoplastic disease NEC (M8000/1) (see also Neoplasm),D48.9+ G53.3*,0.9775274991989136,,,,,
1077,3,面部,facial,G51.0,0.949085533618927,,,,,
1077,4,新生儿(产伤),newborn (birth injury) .,P11.3,0.9900449514389038,,,,,
1077,3,脑性[脑瘫]-见瘫痪，大脑性,"brain - see Palsy, cerebral",,0.981225848197937,,,,,
1077,3,铅毒性,lead,T56.0,0.9666140079498291,,,,,
1078,3,潜水员,diver's,T70.3,0.9894459843635559,,,,,
1078,3,桡神经(急性),radial nerve (acute),G56.3,0.9643168449401855,,,,,
1078,3,舌咽,glossopharyngeal,G52.1,0.9436495304107666,,,,,
1078,3,神经性,nerve,G58.9,0.9865767359733582,,,,,
1078,4,特指的NEC,specified NEC,G58.8,0.9829500913619995,,,,,
1078,3,萎缩性弥漫性(进行性),atrophic diffuse (progressive),G12.2,0.9942789077758789,,,,,
1078,3,消瘦性,wasting,G12.2,0.9726362824440002,,,,,
1078,3,延髓性(慢性)(进行性),bulbar (chronic) (progressive),G12.2,0.9798265695571899,,,,,
1078,4,核上性 NEC,supranuclear NEC,G12.2,0.9653652310371399,,,,,
1078,4,假NEC,pseudo- NEC,G12.2,0.9598214030265808,,,,,
1078,4,童年(法齐奥-隆德),of childhood (Fazio-Londe),G12.1,0.9822278618812561,,,,,
1078,3,震颤(另见帕金森综合征),shaking (see also Parkinsonism),G20,0.9865715503692627,,,,,
1078,3,正中神经(迟发性),median nerve (tardy),G56.1,0.9935176968574524,,,,,
1078,1,tán 弹,,,0.9771453738212585,,,,,
1078,2,"弹力纤维瘤(M8820/0)-见肿瘤，结缔组织,良性","Elastofibroma (M8820/0) - see Neoplasm, connective tissue, benign",,0.9801467061042786,,,,,
1078,2,弹力组织肌纤维变性,Elastomyofibrosis,I42.4,0.9925654530525208,,,,,
1078,2,弹响,Snapping,,0.9988198280334473,,,,,
1078,3,髋,hip,M24.8,0.9477604627609253,,,,,
1078,4,涉及髂胫带,involving iliotibial band,M76.3,0.9816706776618958,,,,,
1078,3,膝,knee,M23.8,0.9726822376251221,,,,,
1078,4,涉及髂胫带,involving iliotibial band,M76.3,0.9481861591339111,,,,,
1078,3,指,finger,M65.3,0.9445534944534302,,,,,
1078,2,弹响髋(新生儿),Clicking hip (newborn),R29.4,0.961972177028656,,,,,
1078,2,弹性假黄色瘤,Pseudoxanthoma elasticum,Q82.8,0.9943413138389587,,,,,
1078,2,弹性皮肤,Elastic skin,Q82.8,0.981388509273529,,,,,
1078,3,后天性,acquired,L57.4,0.9751473665237427,,,,,
1078,2,弹性组织变性,Elastosis,,0.9959331154823303,,,,,
1078,3,匐行穿孔性,perforans serpiginosa,L87.2,0.9815728664398193,,,,,
1078,3,光线性[光化性]，日光性,"actinic, solar",L57.8,0.979952871799469,,,,,
1078,3,老年性,senilis,L57.4,0.9674984216690063,,,,,
1078,3,萎缩性(老年性),atrophicans (senile),L57.4,0.9977333545684814,,,,,
1078,2,弹性组织瘤(少年期),Elastoma (juvenile),Q82.8,0.9900962114334106,,,,,
1078,3,米斯谢尔,Miescher's,L87.2,0.9633745551109314,,,,,
1078,1,tán 痰,,,0.9939939379692078,,,,,
1078,2,痰,Sputum,,0.9966703057289124,,,,,
1078,3,带血,blood-stained,R04.2,0.9882831573486328,,,,,
1078,3,过多(原因不知),excessive (cause unknown),R09.3,0.9987468123435974,,,,,
1079,1,tàn 叹,,,,,,,,
1079,2,叹息,Sighing,R06.8,0.978466272354126,,,,,
1079,3,心因性,psychogenic,F45.3,0.9547114372253418,,,,,
1079,1,tàn 炭,,,0.9551301002502441,,,,,
1079,2,炭肺-现译名 炭末沉着病,Anthracosis,,0.9579772353172302,,,,,
1079,2,炭疽,Anthrax,A22.9,0.9974446296691895,,,,,
1079,3,败血症,septicemia,A22.7,0.9701524972915649,,,,,
1079,3,伴有肺炎,with pneumonia,A22.1+ J17.0*,0.9885327816009521,,,,,
1079,3,大脑,cerebral,A22.8,0.9801712036132812,,,,,
1079,3,肺,pulmonary,A22.1,0.9904441833496094,,,,,
1079,3,呼吸性,respiratory,A22.1,0.9852808713912964,,,,,
1079,3,脑膜炎,meningitis,A22.8+ G01*,0.9755172729492188,,,,,
1079,3,皮肤,cutaneous,A22.0,0.9498059153556824,,,,,
1079,3,特指的临床表现 NEC,specified manifestation NEC,A22.8,0.9767736792564392,,,,,
1079,3,胃肠,gastrointestinal,A22.2,0.977787435054779,,,,,
1079,3,吸入,inhalation,A22.1,0.9583287835121155,,,,,
1079,2,炭末沉着病(肺),Anthracosis (lung),J60,0.9845449328422546,,,,,
1079,2,炭末石末沉着病,Anthracosilicosis,J60,0.9999278783798218,,,,,
1079,1,tàn 碳,,,0.9465222358703613,,,,,
1079,2,碳肺,Carbon lung,J60,0.9734935164451599,,,,,
1079,2,碳氧血红蛋白血症[一氧化碳中毒],Carboxyhemoglobinemia,T58,0.9998043179512024,,,,,
1079,1,tāng 汤,,,0.9631090760231018,,,,,
1079,2,汤姆森病[先天性肌强直],Thomsen's disease,G71.1,0.9997782707214355,,,,,
1079,1,táng 唐,,,0.9680728912353516,,,,,
1079,2,唐氏病,Down's disease,Q90.9,0.9855127334594727,,,,,
1079,2,唐氏综合征[先天愚型][三体综合征](另见三体性，21),"Down's syndrome (see also Trisomy, 21)",Q90.9,0.9757811427116394,,,,,
1079,1,táng 糖,,,0.9353548884391785,,,,,
1079,2,糖,Sugar,,0.9999910593032837,,,,,
1079,3,尿,in urine,R81,0.9790282249450684,,,,,
1079,3,血,blood,,0.9459862112998962,,,,,
1079,4,低,low,E16.2,0.9087585210800171,,,,,
1079,4,高,high,R73.9,0.963168203830719,,,,,
1079,2,糖胶树胶工人溃疡或糖胶树胶工人痛,Chiclero ulcer or sore,B55.1,0.9912379384040833,,,,,
1080,2,糖尿,Glycosuria,R81,0.9981723427772522,,,,,
1080,3,肾性,renal·,E74.8,0.9408645033836365,,,,,
1080,2,糖尿病(性)，多尿症(已控制的)(家族性)(严重的),"Diabetes, diabetic (mellitus) (controlled) (familial) (severe)",E14,0.9828757643699646,,,,,
1080,3,I型,type I,E10,0.9051194190979004,,,,,
1080,3,Ⅱ型(非肥胖)(肥胖),type II (nonobese) (obese),E11,0.9682551622390747,,,,,
1080,3,白内障-编码于E10-E14伴有第四位数.3,cataract - code to E10-E14 with fourth character.3,,0.993441104888916,,,,,
1080,3,丙酮血症-编码于E10-E14伴有第四位数.1,acetonemia - code to E10-E14 with fourth character.1,,0.9949422478675842,,,,,
1080,3,并发于妊娠、分娩或产褥期(母体),"complicating pregnancy, childbirth or puerperium (maternal)",O24,0.9875637888908386,,,,,
1080,4,出现于妊娠中,arising in pregnancy,O24.4,0.9414359927177429,,,,,
1080,5,影响到胎儿或新生儿,affecting fetus or newborn,P70.0,0.9934853911399841,,,,,
1080,4,妊娠,gestational,O24.4,0.9102063775062561,,,,,
1080,5,影响到胎儿或新生儿,affecting fetus or newborn,P70.0,0.9908736944198608,,,,,
1080,4,影响到胎儿或新生儿,affecting fetus or newborn,P70.1,0.9606268405914307,,,,,
1080,4,原有的,pre-existing,O24.3,0.9458286166191101,,,,,
1080,5,非胰岛素依赖性,non-insulin-dependent,O24.1,0.9766590595245361,,,,,
1080,5,胰岛素依赖性,insulin-dependent,O24.0,0.9933702349662781,,,,,
1080,5,与营养不良有关的,malnutrition-related,O24.2,0.9672918319702148,,,,,
1080,3,不稳定性,unstable,E10,0.9584824442863464,,,,,
1080,3,成年型(非肥胖)(肥胖),adult-onset (nonobese) (obese),E11,0.9837766289710999,,,,,
1080,3,成熟期发病(非肥胖)(肥胖),maturity-onset (nonobese) (obese),E11,0.9792531728744507,,,,,
1080,3,出现于妊娠中,arising in pregnancy,O24.4,0.9716939330101013,,,,,
1080,4,影响到胎儿或新生儿,affecting fetus or newborn,P70.0,0.9944920539855957,,,,,
1080,3,脆弱型,brittle,E10,0.9513747096061707,,,,,
1080,3,非酮症性,nonketotic,E11,0.9458503127098083,,,,,
1080,3,非胰岛素依赖性(青年的),non-insulin-dependent (of the young),E11,0.988830029964447,,,,,
1080,3,骨改变-编码于E10-E14伴有第四位数.6,bone change - code to E10-E14 with fourth character.6,,0.9673583507537842,,,,,
1080,3,虹膜炎-编码于E10-E14伴有第四位数.3,iritis - code to E10-E14 with fourth character .3,,0.9910793304443359,,,,,
1080,3,化学性,chemical,R73.0,0.9788942933082581,,,,,
1080,3,坏疽-编码于E10-E14伴有第四位数.5,gangrene - code to E10-E14 with fourth character.5,,0.9888820052146912,,,,,
1080,3,昏迷(高血糖性)(高渗性)-编码于E10-E14伴有第四位数.0,coma (hyperglycemic) (hyperosmolar)- code to E10-E14 with fourth character.0,,0.9870147109031677,,,,,
1080,3,朗瑟罗(伴有胰腺疾病及消瘦),Lancereaux's,E14.6,0.9802665710449219,,,,,
1080,3,类固醇性,steroid-induced,,0.9747215509414673,,,,,
1080,4,过量或给错或服错药物,overdose or wrong substance given or taken,T38.0,0.9874973893165588,,,,,
1080,4,恰当使用正确的物质,correct substance properly administered,E13,0.9908229112625122,,,,,
1080,3,磷,phosphate,E83.3,0.9688475131988525,,,,,
1080,3,毛细血管内肾小球硬化症-编码于E10-E14伴有第四位数.2,intracapillary glomerulosclerosis - code to E10-E14 with fourth character.2,,0.9928978085517883,,,,,
1080,3,尿崩症,insipidus,E23.2,0.9965717196464539,,,,,
1080,4,垂体,pituitary,E23.2,0.955582857131958,,,,,
1080,4,后叶加压素抵抗,vasopressin resistant,N25.1,0.9909585118293762,,,,,
1080,4,肾性,nephrogenic,N25.1,0.9529922008514404,,,,,
1081,3,潜伏性,latent,R73.0,0.9661639928817749,,,,,
1081,3,青铜色,"bronze, bronzed",E83.1,0.977085530757904,,,,,
1081,3,趋酮症性,ketosis-prone,E10,0.9773955941200256,,,,,
1081,3,妊娠,gestational,O24.4,0.9584969282150269,,,,,
1081,3,神经病变,neuropathy,E14.4+ G63.2*,0.9785466194152832,,,,,
1081,4,多神经病,polyneuropathy,E14.4+ G63.2*,0.9688419699668884,,,,,
1081,4,周围自主-编码于E10-E14伴有第四位数.4,peripheral autonomic - code to E10-E14 with fourth character.4,,0.9854594469070435,,,,,
1081,3,神经痛-编码于E10-E14伴有第四位数.4,neuralgia - code to E10-E14 with fourth character.4,,0.9925291538238525,,,,,
1081,3,神经炎-编码于E10-E14伴有第四位数.4,neuritis - code to E10-E14 with fourth character .4,,0.9904701709747314,,,,,
1081,3,肾性,renal,E74.8,0.9412989616394043,,,,,
1081,3,肾病变-编码于E10-E14伴有第四位数.2,nephropathy - code to E10-E14 with fourth character.2,,0.9953200817108154,,,,,
1081,3,肾病-编码于E10-E14伴有第四位数.2,nephrosis - code to E10-E14 with fourth character.2,,0.9923534989356995,,,,,
1081,3,视网膜病变-编码于E10-E14伴有第四位数.3,retinopathy - code to E10-E14 with fourth character .3,,0.9647269248962402,,,,,
1081,3,视网膜出血 -编码于E10-E14伴有第四位数.3,retinal hemorrhage - code to E10-E14 with fourth character.3,,0.9786217212677002,,,,,
1081,3,视网膜炎-编码于E10-E14伴有第四位数.3,retinitis - code to E10-E14 with fourth character .3,,0.9878222346305847,,,,,
1081,3,酸中毒-编码于E10-E14伴有第四位数.1,acidosis - code to E10-E14 with fourth character .1,,0.9885165691375732,,,,,
1081,3,特指的NEC,specified NEC,E13,0.9703372716903687,,,,,
1081,3,酮病，酮症酸中毒-编码于E10-E14伴有第四位数.1,"ketosis, ketoacidosis - code to E10-E14 with fourth character.1",,0.9735358953475952,,,,,
1081,3,稳定性,stable,E11,0.9704015851020813,,,,,
1081,3,先天性,congenital . -,E10,0.9622113108634949,,,,,
1081,4,年龄小于28天,age less than 28 days,P70.2,0.9783651232719421,,,,,
1081,3,新生儿(短暂性),neonatal (transient),P70.2,0.9911865592002869,,,,,
1081,3,血色病,hemochromatosis,E83.1,0.9741575121879578,,,,,
1081,3,胰岛素依赖性,insulin-dependent,E10,0.9975696206092834,,,,,
1081,3,饮食咨询和监督,dietary counseling and surveillance,Z71.3,0.9996839761734009,,,,,
1081,3,幼年型,juvenile-onset,E10,0.9725735783576965,,,,,
1081,3,与营养不良有关的(胰岛素或非胰岛素依赖性),malnutrition-related (insulin-or non-insulin- dependent),E12,0.9969581365585327,,,,,
1081,2,糖尿病前期,"Prediabetes, prediabetic",R73.0,0.9974282383918762,,,,,
1081,3,并发于妊娠、分娩或产褥期,"complicating pregnancy, childbirth or puerperium",O99.8,0.9893240928649902,,,,,
1081,2,糖原,Glycogen,,0.9989310503005981,,,,,
1081,3,浸润(另见病，糖原贮积),"infiltration (see also Disease, glycogen storage)",E74.0,0.9954821467399597,,,,,
1081,3,贮积病(另见病，糖原贮积),"storage disease (see also Disease, glycogen storage)",E74.0,0.9993751645088196,,,,,
1081,2,糖原贮积病(弥漫性)(全身性)(伴有肝硬变)(另见病，糖原贮积),"Glycogenosis (diffuse) (generalized) (with hepatic cirrhosis) (see also Disease, glycogen storage)",E74.0,0.9592502117156982,,,,,
1081,3,心脏,cardiac,E74.0+ I43.1*,0.9745541214942932,,,,,
1081,2,糖原贮积病扩散,Hepatomegalia glycogenica diffusa,E74.0+ K77.8*,0.9876735210418701,,,,,
1082,1,tàng 烫,,,0.9999473690986633,,,,,
1082,2,烫伤 - 见烧伤,Scald - see Burn,,0.8916274309158325,,,,,
1082,1,tāo 绦,,,0.9607376456260681,,,,,
1082,2,绦虫感染或侵染(另见侵染，绦虫),"Cestode, Cestodiasis, Tapeworm, infection or infestation (see also Infestation, tapeworm)",B71.9,0.9911873936653137,,,,,
1082,2,绦虫病(肠道)感染或侵染,Taenia infection or infestation (intestine),B68.9,0.9949690103530884,,,,,
1082,3,牛肉,saginata,B68.1,0.9492272138595581,,,,,
1082,3,特指类型 NEC,specified type NEC,B71.8,0.989148736000061,,,,,
1082,3,无钩,mediocanellata,B68.1,0.9481837153434753,,,,,
1082,3,猪肉(肠型),solium (intestinal form),B68.0,0.9972789287567139,,,,,
1082,4,幼虫型(另见猪囊尾蚴病[囊虫病]),larval form (see also Cysticercosis),B69.9,0.9885410666465759,,,,,
1082,1,táo 陶,,,0.9999614357948303,,,,,
1082,2,陶-宾综合征[陶西格-宾],Taussig-Bing syndrome,Q20.1,0.9998877048492432,,,,,
1082,2,陶工,Potter's,,0.9933010339736938,,,,,
1082,3,肺,lung,J62.8,0.9415905475616455,,,,,
1082,3,哮喘,asthma,J62.8,0.9592904448509216,,,,,
1082,2,陶里病[糖原贮积病],Tauri's disease,E74.0,0.9998866319656372,,,,,
1082,2,陶西格-宾综合征-现译名陶-宾综合征,Taussig-Bing syndrome,,0.9998332262039185,,,,,
1082,1,tào 套,,,0.9032530784606934,,,,,
1082,2,套叠(肠)(结肠)(直肠),"Intussusception, Invagination (bowel) (colon) (intestine)(rectum)",K56.1,0.9843200445175171,,,,,
1082,3,阑尾,appendix,K38.8,0.989823579788208,,,,,
1082,3,输尿管(伴有梗阻),ureter (with obstruction),N13.5,0.9742217659950256,,,,,
1082,3,先天性,congenital,Q43.8,0.9761084318161011,,,,,
1082,1,tè 特,,,0.9993613362312317,,,,,
1082,2,特发性的 - 见情况,"Essential, Idiopathic - see condition",,0.9278892278671265,,,,,
1082,2,特发性皮肤萎缩,Pasini and Pierini's atrophoderma,L90.3,0.9914017915725708,,,,,
1082,2,特赖茨疝[十二指肠上隐窝疝]-见疝，腹，特指部位 NEC,"Treitz's hernia - see Hernia,abdomen, specified site NEC",,0.9644201993942261,,,,,
1082,2,特雷彻科林斯综合征[下颌与面骨发育不全],Treacher Collins syndrome,Q75.4,0.999546229839325,,,,,
1082,2,特纳,Turner's,,0.9995369911193848,,,,,
1082,3,发育不全(牙),hypoplasia (tooth),K00.4,0.976530134677887,,,,,
1082,3,牙,tooth,K00.4,0.9502606987953186,,,,,
1082,3,综合征[性腺发育障碍症],syndrome,Q96.9,0.9907802939414978,,,,,
1082,4,特指的 NEC,specified NEC,Q96.8,0.9750012159347534,,,,,
1082,2,特纳-乌尔里克综合征,Turner-Ullrich syndrome,Q96.9,0.9999484419822693,,,,,
1082,2,特塞梅特膜的- 见情况,Descemet's membrane - see condition,,0.9879387021064758,,,,,
1083,2,特性,Trait(s),,0.9999626278877258,,,,,
1083,3,A型人格,type A personality,Z73.1,0.9534133076667786,,,,,
1083,3,悖德型,amoral,F61,0.9397532939910889,,,,,
1083,3,反社会型,antisocial,F61,0.9888048768043518,,,,,
1083,3,个性品质，增强,"personality, accentuated",Z73.1,0.9949751496315002,,,,,
1083,3,镰状细胞,sickle-cell,D57.3,0.9981238842010498,,,,,
1083,4,伴有椭圆形或球形红细胞增多症,with elliptocytosis or spherocytosis,D57.3,0.9742095470428467,,,,,
1083,3,社交紊乱型,dissocial,F61,0.9808743596076965,,,,,
1083,3,妄想狂样,paranoid,F61,0.9936757683753967,,,,,
1083,3,血红蛋白,hemoglobin,,0.9605546593666077,,,,,
1083,4,C(另见病，血红蛋白C),"C (see also Disease, hemoglobin C)",D58.2,0.9722208976745605,,,,,
1083,5,伴有椭圆形红细胞增多症,with elliptocytosis,D58.1,0.9818400740623474,,,,,
1083,4,S(血红蛋白-S),S (Hb-S),D57.3,0.9677841663360596,,,,,
1083,4,异常NEC,abnormal NEC,D58.2,0.9285091161727905,,,,,
1083,5,伴有地中海贫血,with thalassemia,D56.3,0.9927756190299988,,,,,
1083,3,血红蛋白-AS,Hb-AS,D57.3,0.9491980671882629,,,,,
1083,3,血红蛋白-S,Hb-S,D57.3,0.9935653209686279,,,,,
1083,2,特异反应性(另见变态反应),Idiosyncrasy (see also Allergy),T78.4,0.9890230298042297,,,,,
1083,3,药物、药剂和生物学的-见变态反应，药物,"drug, medicament and biological - see Allergy, drug",,0.987166702747345,,,,,
1083,2,特异性，特指的-见情况,"Specific, specified - see condition",,0.9820423722267151,,,,,
1083,2,特应性 - 见过敏,Atopy - see Hypersensitivity,,0.9376230239868164,,,,,
1083,2,特指症状NEC,Symptoms specified NEC,R68.8,0.9757214188575745,,,,,
1083,3,涉及,involving,,0.963875949382782,,,,,
1083,4,发育NEC,development NEC,R62.8,0.9893527030944824,,,,,
1083,4,腹部 NEC,abdomen NEC,R19.8,0.9311205744743347,,,,,
1083,4,呼吸系统NEC,respiratory system NEC,R09.8,0.9680262804031372,,,,,
1083,4,肌肉骨骼系统NEC,musculoskeletal system NEC,R29.8,0.9822921752929688,,,,,
1083,4,泌尿系统NEC,urinary system NEC,R39.8,0.9880280494689941,,,,,
1083,4,盆腔NEC,pelvis NEC,R19.8,0.9782242178916931,,,,,
1083,4,皮肤和体被NEC,skin and integument NEC,R23.8,0.9734585285186768,,,,,
1083,4,情绪NEC,emotional state NEC,R45.8,0.9799383878707886,,,,,
1083,4,认知功能NEC,cognitive functions NEC,R41.8,0.9706498980522156,,,,,
1083,4,摄入食物和液体,food and fluid intake,R63.8,0.9958095550537109,,,,,
1083,4,神经系统NEC,nervous system NEC,R29.8,0.989328145980835,,,,,
1083,4,外貌NEC,appearance NEC,R46.8,0.9703963994979858,,,,,
1083,4,消化系统NEC,digestive system NEC,R19.8,0.9907782077789307,,,,,
1083,4,心血管系统NEC,cardiovascular system NEC,R09.8,0.9919519424438477,,,,,
1083,4,行为NEC,behavior NEC,R46.8,0.9760697484016418,,,,,
1083,4,胸部NEC,chest NEC,R09.8,0.9736289381980896,,,,,
1083,4,循环系统NEC,circulatory system NEC,R09.8,0.9871284365653992,,,,,
1083,4,般知觉和感觉,general perceptions and sensations,R44.8,0.980221688747406,,,,,
1083,4,意识NEC,awareness NEC,R41.8,0.9548928141593933,,,,,
1083,3,神经症性,neurotic,F48.8,0.9831554889678955,,,,,
1083,3,做作性，自发性,"factitious, self-induced",F68.1,0.9981104731559753,,,,,
1084,1,téng 疼,,,0.9479342103004456,,,,,
1084,2,疼痛性-另见痛,"Painful, Ache(s) - see also Pain",,0.9868003726005554,,,,,
1084,3,勃起,erection,N48.3,0.9694369435310364,,,,,
1084,3,呼吸,respiration,R07.1,0.9739733934402466,,,,,
1084,3,排尿,micturition,R30.9,0.9737188816070557,,,,,
1084,3,射精,ejaculation (semen),N48.8,0.9914143681526184,,,,,
1084,4,心因性,psychogenic,F52.6,0.9650989770889282,,,,,
1084,3,性交,coitus,,0.9683539271354675,,,,,
1084,4,男性,male,N48.8,0.9303403496742249,,,,,
1084,4,女性,female,N94.1,0.9398404359817505,,,,,
1084,4,心因性,psychogenic,F52.6,0.9453218579292297,,,,,
1084,3,月经(另见痛经),menstruation (see also Dysmenorrhea),N94.6,0.9730004668235779,,,,,
1084,4,心因性,psychogenic,F45.8,0.9823706746101379,,,,,
1084,2,疼痛性勃起(持久性),"Erection, painful (persistent)",N48.3,0.9985203146934509,,,,,
1084,1,tī 锑,,,0.9003089070320129,,,,,
1084,2,锑剂霍乱,Antimonial cholera,T56.8,0.9775097966194153,,,,,
1084,1,tǐ 体,,,0.8953107595443726,,,,,
1084,2,体，小体,"Body, bodies, Corpora, Corpus",,0.9982116222381592,,,,,
1084,3,阿绍夫(另见心肌炎，风湿性),"Aschoff's (see also Myocarditis, rheumatic)",I09.0,0.9780396223068237,,,,,
1084,3,胞样(视网膜),cytoid (retina),H34.2,0.9655093550682068,,,,,
1084,3,玻璃疣(变性性)(斑)(视网膜性),drusen (degenerative) (macula) (retinal),H35.3,0.9797966480255127,,,,,
1084,4,视神经盘,optic disk,H47.3,0.9894466996192932,,,,,
1084,3,淀粉样，前列腺,"amylacea, prostate",N42.8,0.9878856539726257,,,,,
1084,3,马洛里,Mallory's,R89.7,0.9677682518959045,,,,,
1084,3,米粒样,rice,M24.0,0.9448379874229431,,,,,
1084,4,膝,knee,M23.4,0.9616050720214844,,,,,
1084,3,莫塞尔,Mooser's,A75.2,0.989113450050354,,,,,
1084,3,异物-见异物,foreign - see Foreign body,,0.9297352433204651,,,,,
1084,3,阴茎海绵 -见情况,cavernosa - see condition,,0.9494760632514954,,,,,
1084,3,游离,loose,,0.9149463772773743,,,,,
1084,4,关节，除外膝,"joint, except knee",M24.0,0.9670313596725464,,,,,
1084,5,膝,knee,M23.4,0.9472503066062927,,,,,
1084,4,鞘，腱,"sheath, tendon",M67.8,0.9365900158882141,,,,,
1084,2,体检 -见健康查体,Check-up,,0.9444689154624939,,,,,
1084,2,体力耗尽(状态),Burn-out (state),Z73.0,0.9995328783988953,,,,,
1085,2,体液不调,Dyscrasia,,0.9999123811721802,,,,,
1085,3,多腺体，多个腺体,"polyglandular, pluriglandular",E31.9,0.9948399066925049,,,,,
1085,3,血液(伴有),blood (with),D75.9,0.9754512310028076,,,,,
1085,4,产前出血,antepartum hemorrhage,O46.0,0.920006275177002,,,,,
1085,4,产褥期、产后,"puerperal, postpartum",O72.3,0.9513295292854309,,,,,
1085,4,产时出血,intrapartum hemorrhage,O67.0,0.9459205269813538,,,,,
1085,4,胎儿或新生儿,fetus or newborn,P61.9,0.9767742156982422,,,,,
1085,5,特指类型NEC,specified type NEC,P61.8,0.9539437294006348,,,,,
1085,2,体质性的 - 见情况,Constitutional - see condition,,0.980282187461853,,,,,
1085,2,体重,Weight,,0.9999773502349854,,,,,
1085,3,出生时在999克或以下(极低),999 grams or less at birth (extremely low),P07.0,0.9944450855255127,,,,,
1085,3,出生时在1000-2499克(低),1000-2499 grams at birth (low),P07.1,0.9853448867797852,,,,,
1085,3,减轻(异常的)(原因不知的),loss (abnormal) (cause unknown),R63.4,0.9805353283882141,,,,,
1085,3,增长(异常的)(过度的),gain (abnormal) (excessive),R63.5,0.9732348322868347,,,,,
1085,4,妊娠中,in pregnancy,O26.0,0.9394504427909851,,,,,
1085,5,低,low,O26.1,0.8153287172317505,,,,,
1085,2,体重不足,Underweight,R62.8,0.9999721646308899,,,,,
1085,3,对胎龄而言,for gestational age,P05.0,0.9884191751480103,,,,,
1085,2,体重增长(异常的)(过度)(另见体重，增长),"Gain in weight (abnormal) (excessive) (see also Weight, gain)",R63.5,0.9926201701164246,,,,,
1085,3,妊娠,pregnancy,O26.0,0.9941973686218262,,,,,
1085,1,tì 替,,,0.9227404594421387,,,,,
1085,2,替代性障碍,Substitution disorder,F44.9,0.9576391577720642,,,,,
1085,2,替代症,Equivalent,,0.9999493956565857,,,,,
1085,3,癫痫性(精神性),epileptic (psychic),G40.2,0.9457195997238159,,,,,
1085,3,惊厥(腹部的),convulsive (abdominal),G40.8,0.9729893803596497,,,,,
1085,1,tiān 天,,,0.9998650550842285,,,,,
1085,2,天氨酰葡萄糖胺尿症,Aspartylglucosaminuria,E77.1,0.9998411536216736,,,,,
1085,2,天鹅颈状变形(手指),Swan-neck deformity (finger),M20.0,0.9996939301490784,,,,,
1085,2,天花(重型)(类天花),"Smallpox, Variola (major) (minor)",B03,0.9808228611946106,,,,,
1085,2,天疱疮,Pemphigus,L10.9,0.999767541885376,,,,,
1085,3,巴西,Brazilian,L10.3,0.9252822399139404,,,,,
1085,3,红斑性,erythematosus,L10.4,0.9539190530776978,,,,,
1085,3,坏疽性(另见坏疽),gangrenous (see also Gangrene),R02,0.9776625633239746,,,,,
1085,3,结膜,conjunctiva,L12.1+ H13.3*,0.9840732216835022,,,,,
1085,3,良性家族性(慢性),benign familial (chronic),Q82.8,0.9652053713798523,,,,,
1085,3,落叶型,foliaceous,L10.2,0.993079662322998,,,,,
1085,3,梅毒性(先天性),syphilitic (congenital),A50.0,0.9823484420776367,,,,,
1085,3,特指的 NEC,specified NEC,L10.8,0.9658330082893372,,,,,
1085,3,新生儿,neonatorum,L00,0.9742136001586914,,,,,
1086,3,寻常型,vulgaris,L10.0,0.9633800983428955,,,,,
1086,3,眼,ocular,L12.1+ H13.3*,0.9579355120658875,,,,,
1086,3,药物性,drug-induced,L10.5,0.9602634310722351,,,,,
1086,3,野火型,wildfire,L10.3,0.990925133228302,,,,,
1086,3,增殖型,vegetans,L10.1,0.9927552342414856,,,,,
1086,2,天气效应,"Weather, effects (of) (on)",,0.9908138513565063,,,,,
1086,3,寒冷的 NEC,cold NEC,T69.9,0.946414053440094,,,,,
1086,4,特指的效应 NEC,specified effect NEC,T69.8,0.9858267307281494,,,,,
1086,3,皮肤的,skin,L57.8,0.9802049994468689,,,,,
1086,3,热的(另见热),hot (see also Heat),T67.9,0.9915083646774292,,,,,
1086,2,天使综合征-现译名安格曼综合征,Angelman syndrome,,0.979528546333313,,,,,
1086,1,tián 填,,,0.9780034422874451,,,,,
1086,2,填塞器的-见情况,Obturator - see condition,,0.9597289562225342,,,,,
1086,1,tiáo 条,,,0.9292044639587402,,,,,
1086,2,条索状,Streak(s),,0.9997105598449707,,,,,
1086,3,卵巢,ovarian,Q50.3,0.9628692269325256,,,,,
1086,1,tiáo 调,,,0.9999322891235352,,,,,
1086,2,调节(疾患)(麻痹)(痉挛)(另见情况),"Accommodation, Adjustment, Regulation (disorder) (paresis) (spasm) (see also condition)",H52.5,0.976757824420929,,,,,
1086,3,假体，外-见安装,"prosthesis, external - see Fitting",,0.9863656163215637,,,,,
1086,3,喂养(高龄)(婴儿),feeding (elderly) (infant),R63.3,0.9838180541992188,,,,,
1086,3,癔症性麻痹,hysterical paralysis of,F44.8,0.9750704169273376,,,,,
1086,3,月经,menstrual,Z30.3,0.9784220457077026,,,,,
1086,3,植入装置-见 管理,implanted device - see Management,,0.9512907266616821,,,,,
1086,2,调节痉挛,Cyclospasm,H52.5,0.9964172840118408,,,,,
1086,2,调整 - 见 调节,Adjustment,,0.8467329144477844,,,,,
1086,1,tiě 铁,,,0.9160119295120239,,,,,
1086,2,铁沉着病(肺),Siderosis (lung),J63.4,0.9832450151443481,,,,,
1086,3,眼(球),eye (globe),H44.3,0.9312654137611389,,,,,
1086,2,铁道脊柱,Railway spine,F48.8,0.9661092758178711,,,,,
1086,2,铁的 - 见情况,Iron – see condition,,0.924104630947113,,,,,
1086,2,铁矾土纤维化(肺的),Bauxite fibrosis (of lung),J63.1,0.9662335515022278,,,,,
1086,2,铁硅[矽]尘肺,Siderosilicosis,J62.8,0.9991748332977295,,,,,
1086,2,铁矿工肺,Iron-miner's lung,J63.4,0.966863751411438,,,,,
1086,2,铁路员工神经症,Railroad neurosis,F48.8,0.9989583492279053,,,,,
1087,1,tīng 听,,,,,,,,
1087,2,听的，听觉的 - 见情况,"Acoustic, Auditory - see condition",,0.9319920539855957,,,,,
1087,2,听觉不良,Dysacusis,H93.2,0.9847850799560547,,,,,
1087,2,听觉过敏,Hyperacusis,H93.2,0.99090975522995,,,,,
1087,2,听力复聪,"Recruitment, auditory",H93.2,0.9998883008956909,,,,,
1087,2,听力检查,Hearing examination,Z01.1,0.9987581372261047,,,,,
1087,2,听力丧失(后天性)(另见聋),Imperception auditory (acquired) (see also Deafness),H91.9,0.9895837306976318,,,,,
1087,3,先天性,congenital,F80.2,0.981024444103241,,,,,
1087,1,tíng 停,,,0.9992698431015015,,,,,
1087,2,停搏,Stoppage,,0.9990566372871399,,,,,
1087,3,心脏(另见停止，心跳),"cardiac, heart (see also Arrest, cardiac)",I46.9,0.9751682281494141,,,,,
1087,2,停顿,Standstill,,0.999904453754425,,,,,
1087,3,窦房,sinoatrial,I45.5,0.9867308139801025,,,,,
1087,3,心房,auricular,I45.5,0.9587580561637878,,,,,
1087,3,心室(另见停止，心跳),"ventricular (see also Arrest, cardiac)",I46.9,0.9853807091712952,,,,,
1087,3,心脏(另见停止，心跳),"cardiac (see also Arrest, cardiac)",I46.9,0.971149206161499,,,,,
1087,2,停止，暂停,"Arrest, arrested",,0.9999545216560364,,,,,
1087,3,窦房结,sinus,I45.5,0.9494576454162598,,,,,
1087,3,发育或生长,development or growth,,0.9941361546516418,,,,,
1087,4,儿童,child,R62.8,0.9818348288536072,,,,,
1087,4,骨,bone,M89.2,0.9382755756378174,,,,,
1087,4,气管环,tracheal rings,Q32.1,0.9712266325950623,,,,,
1087,4,胎儿,fetus,P05.9,0.9755969643592834,,,,,
1087,5,影响妊娠处理,affecting management of pregnancy,O36.5,0.9862164855003357,,,,,
1087,3,骨骺生长,epiphyseal,M89.1,0.9266781210899353,,,,,
1087,3,呼吸,respiratory,R09.2,0.9312564134597778,,,,,
1087,3,呼吸循环(另见停止，心跳),"cardiorespiratory (see also Arrest, cardiac)",I46.9,0.9860517382621765,,,,,
1087,4,新生儿,newborn,P28.5,0.9875060319900513,,,,,
1087,3,精子发生(完全)(不完全),spermatogenesis (complete) (incomplete),N46,0.9671226143836975,,,,,
1087,3,心跳,cardiac,I46.9,0.9759520292282104,,,,,
1087,4,并发于,complicating,,0.8127878308296204,,,,,
1087,5,分娩(剖宫产)(器械的),delivery(cesarean) (instrumental),O75.4,0.9521241188049316,,,,,
1087,5,麻醉(全身)(局部)或其他镇静剂,anesthesia (general) (local) or other sedation,,0.9559788703918457,,,,,
1087,6,产后，产褥期,"postpartum, puerperal",O89.1,0.9259765148162842,,,,,
1087,6,过量或给错药物,overdose or wrong substance given,T41,0.9761167168617249,,,,,
1087,4,特指的麻醉药-见药物和化学制剂表,specified anesthetic - see Table of drugs and chemicals,,0.9535689949989319,,,,,
1088,6,恰当使用正确的物质,correct substance properly administered,I46.9,0.9685107469558716,,,,,
1088,6,妊娠中,in pregnancy,O29.1,0.9380731582641602,,,,,
1088,5,在产程和分娩中,in labor and delivery,O74.2,0.9835067391395569,,,,,
1088,5,手术,surgery,T81.8,0.9321606755256653,,,,,
1088,4,复苏成功,with successful resuscitation,I46.0,0.9769796133041382,,,,,
1088,4,手术后,postoperative,I97.8,0.9554426074028015,,,,,
1088,5,心脏外科手术的远期效应,long-term effect of cardiac surgery,I97.1,0.9807536602020264,,,,,
1088,4,新生儿,newborn,P29.1,0.9673765301704407,,,,,
1088,3,心脏-见停止，心跳,"heart - see Arrest, cardiac",,0.9670310020446777,,,,,
1088,3,循环(另见停止，心跳),"circulatory (see also Arrest, cardiac)",I46.9,0.9756355285644531,,,,,
1088,2,停滞(性)，郁滞,Stasis,,0.9975881576538086,,,,,
1088,3,肠,intestinal,K59.8,0.9450594186782837,,,,,
1088,3,胆汁(非结石性),bile (noncalculous),K83.1,0.9921324849128723,,,,,
1088,3,肺(另见水肿，肺),"pulmonary (see also Edema, lung)",J81,0.982441782951355,,,,,
1088,3,肝(硬变)-见硬变，心脏,"liver (cirrhotic) - see Cirrhosis, cardiac",,0.9877296090126038,,,,,
1088,3,回肠,ileum,K59.8,0.9614713191986084,,,,,
1088,3,静脉,venous,I87.8,0.9354612827301025,,,,,
1088,3,空肠,jejunum,K59.8,0.9929718971252441,,,,,
1088,3,溃疡,ulcer,I83.0,0.9409230351448059,,,,,
1088,3,淋巴性,lymphatic,I89.8,0.9388618469238281,,,,,
1088,3,盲肠或结肠,cecum or colon,K59.8,0.9953809380531311,,,,,
1088,3,尿,urine,R33,0.9140693545341492,,,,,
1088,3,皮炎,dermatitis,I83.1,0.9785454273223877,,,,,
1088,3,湿疹,eczema,I83.1,0.9557520747184753,,,,,
1088,3,十二指肠,duodenal,K31.5,0.9771875739097595,,,,,
1088,3,心脏(另见衰竭，心力，充血性),"cardiac (see also Failure, heart, congestive)",I50.0,0.970146894454956,,,,,
1088,3,支气管,bronchus,J98.0,0.9891669750213623,,,,,
1088,4,伴有感染(另见支气管炎),with infection (see also Bronchitis),J40,0.9908545017242432,,,,,
1088,1,tōng 通,,,0.9523153305053711,,,,,
1088,2,通道 - 另见情况,Passage/Canal - see also condition,,0.9637293219566345,,,,,
1088,3,共同房室,atrioventricular common,Q21.2,0.9926146268844604,,,,,
1088,3,假尿道,"false, urethra",N36.0,0.9750241041183472,,,,,
1088,3,探子或探条-见维护，人工，造口,"of sounds or bougies - see Attention, artificial opening",,0.9583483934402466,,,,,
1088,2,通气不足,Hypoventilation,R06.8,0.999985933303833,,,,,
1088,2,通气过度(手足搐搦),Hyperventilation (tetany),R06.4,0.947648823261261,,,,,
1088,3,心因性,psychogenic,F45.3,0.985967218875885,,,,,
1088,3,癔症性,hysterical,F45.3,0.9472662806510925,,,,,
1088,3,综合征,syndrome,F45.3,0.9893864989280701,,,,,
1088,2,通气机肺，新生儿,"Ventilator lung, newborn",P27.8,0.9680750966072083,,,,,
1089,1,tóng 同,,,0.9529543519020081,,,,,
1089,2,同胞竞争,"Rivalry, sibling",F93.3,0.9999111890792847,,,,,
1089,3,影响儿童,affecting child,Z61.2,0.9811611175537109,,,,,
1089,2,同期复孕,Superfecundation,O30.8,0.9744853973388672,,,,,
1089,2,同血缘,Consanguinity,Z84.3,0.9998905658721924,,,,,
1089,3,咨询,counseling,Z71.8,0.944142758846283,,,,,
1089,2,同源嵌合体(常染色体),"Mosaicism, mosaic (autosomal) (chromosomal)",,0.9855302572250366,,,,,
1089,3,45X,45X,,0.9991132020950317,,,,,
1089,4,"46,XX","46, XX",Q96.3,0.9907565712928772,,,,,
1089,4,"46,XY","46, XY",Q96.3,0.9904842972755432,,,,,
1089,4,细胞系NEC伴有异常的性染色体,cell lines NEC with abnormal sex chromosome,Q96.4,0.99289470911026,,,,,
1089,3,性染色体,sex chromosome,,0.9957895278930664,,,,,
1089,4,男性 NEC,male NEC,Q98.7,0.9701827764511108,,,,,
1089,4,女性 NEC,female NEC,Q97.8,0.9706088900566101,,,,,
1089,5,细胞系伴有不同数量的X 染色体,lines with various numbers of X chromosomes,Q97.2,0.9648796916007996,,,,,
1089,2,同种免疫NEC(另见不配合),Isoimmunization NEC (see also Incompatibility),,0.9988133907318115,,,,,
1089,3,胎儿或新生儿,fetus or newborn,P55.9,0.9759097695350647,,,,,
1089,4,ABO,ABO,P55.1,0.8952974677085876,,,,,
1089,4,Rh,Rh,P55.0,0.9701253175735474,,,,,
1089,4,伴有,with,,0.846369743347168,,,,,
1089,5,胆红素脑病[核黄疸],kernicterus,P57.0,0.9714539051055908,,,,,
1089,5,胎儿水肿,hydrops fetalis,P56.0,0.9770371913909912,,,,,
1089,4,特指类型NEC,specified type NEC,P55.8,0.9777101278305054,,,,,
1089,2,同种血清性肝炎(预防性)(治疗性)(另见肝炎，病毒性，乙型),"Homologous serum hepatitis (prophylactic) (therapeutic) (see also Hepatitis, viral, type B)",B16.9,0.9668741226196289,,,,,
1089,1,tóng 铜,,,0.9407570958137512,,,,,
1089,2,铜屑沉着症,Chalcosis,H44.3,0.990508496761322,,,,,
1089,3,角膜,cornea,H18.0,0.9468047022819519,,,,,
1089,3,晶状体,crystalline lens,H26.2,0.9972544312477112,,,,,
1089,3,视网膜,retina,H35.8,0.9538224935531616,,,,,
1089,1,tóng 童,,,0.9998868703842163,,,,,
1089,2,童年期性身份障碍，精神性,Psychosexual identity disorder of childhood,F64.2,0.9999523162841797,,,,,
1089,2,童年时家庭关系模式的改变影响儿童,Altered pattern of family relationships affecting child,Z61.2,0.9888759851455688,,,,,
1090,1,tóng 酮,,,0.9999017715454102,,,,,
1090,2,酮病 NEC,Ketosis NEC,E88.8,0.9891757369041443,,,,,
1090,3,糖尿病性-编码于E10-E14伴有第四位数.1,diabetic - code to E10-E14 with fourth character .1,,0.9847135543823242,,,,,
1090,2,酮尿,Ketonuria,R82.4,0.9966294765472412,,,,,
1090,2,酮症酸中毒NEC,Ketoacidosis NEC,E87.2,0.9957077503204346,,,,,
1090,3,糖尿病性-编码于E10-E14伴有第四位数.1,diabetic - code to E10-E14 with fourth character.,,0.9933568835258484,,,,,
1090,1,tóng 瞳,,,0.999656081199646,,,,,
1090,2,瞳孔闭合,Occlusio pupillae,H21.4,0.9899581074714661,,,,,
1090,2,瞳孔不等(瞳孔),Anisocoria (pupil),H57.0,0.9793584942817688,,,,,
1090,3,先天性,congenital,Q13.2,0.9823940396308899,,,,,
1090,2,瞳孔紧张症,Pupillotonia,H57.0,0.9902660250663757,,,,,
1090,2,瞳孔开大,Mydriasis (pupil),H57.0,0.950671374797821,,,,,
1090,2,瞳孔膜(永存),Pupillary membrane (persistent),Q13.8,0.9935392737388611,,,,,
1090,2,瞳孔缩小,"Miosis, Myosis (pupil)",H57.0,0.996933102607727,,,,,
1090,2,瞳孔异位,Corectopia,Q13.2,0.9836597442626953,,,,,
1090,1,tǒng 桶,,,0.9219538569450378,,,,,
1090,2,"桶柄状骨折或撕裂(半月软骨)(另见撕裂,半月板)","Bucket-handle fracture or tear (semilunar cartilage) (see also Tear, meniscus)",S83.2,0.9748997688293457,,,,,
1090,2,桶状胸,Barrel chest,M95.4,0.9590109586715698,,,,,
1090,1,tǒng 筒,,,0.9354302287101746,,,,,
1090,2,筒线虫病,Gongylonemiasis,B83.8,0.9941871762275696,,,,,
1090,1,tòng 痛,,,0.9712267518043518,,,,,
1090,2,痛,"Pain(s), Sore, Tic",R52.9,0.9999074935913086,,,,,
1090,3,急性NEC,acute NEC,R52.0,0.9563630223274231,,,,,
1090,3,慢性 NEC,chronic NEC,R52.2,0.9586343169212341,,,,,
1090,4,特指的 NEC,specified NEC,R52.2,0.9585035443305969,,,,,
1090,4,顽固性,intractable,R52.1,0.9555869698524475,,,,,
1090,3,背(体位性),back (postural),M54.9,0.9942572712898254,,,,,
1090,4,特指的NEC,specified NEC,M54.8,0.9821538329124451,,,,,
1090,4,下,low,M54.5,0.932451605796814,,,,,
1090,4,心因性,psychogenic,F45.4,0.9601495862007141,,,,,
1090,3,鼻,"nasal, nose",J34.8,0.9878353476524353,,,,,
1090,3,鼻咽,nasopharynx,J39.2,0.9968682527542114,,,,,
1090,3,臂,arm,M79.6,0.9661288261413574,,,,,
1091,3,耳,ear,H92.0,0.9560376405715942,,,,,
1091,3,临产，假性-见临产，假,"labor, false or spurious - see Labor, false",,0.9672493934631348,,,,,
1091,3,腹,abdominal,R10.4,0.9920864105224609,,,,,
1091,4,上,upper abdomen,R10.1,0.8980798721313477,,,,,
1091,4,下,lower abdomen,R10.3,0.9168384075164795,,,,,
1091,5,盆腔或会阴的,pelvic or perineal,R10.2,0.9805793762207031,,,,,
1091,4,严重的,severe,R10.0,0.9581640958786011,,,,,
1091,3,腹股沟,groin,R10.3,0.9590757489204407,,,,,
1091,3,肛门,anus,K62.8,0.9429618716239929,,,,,
1091,3,睾丸,testis,N50.8,0.9898490309715271,,,,,
1091,4,心因性,psychogenic,F45.4,0.9753940105438232,,,,,
1091,3,骨,bone,M89.8,0.9808631539344788,,,,,
1091,3,关节,joint,M25.5,0.9856470227241516,,,,,
1091,4,心因性,psychogenic,F45.4,0.9425185322761536,,,,,
1091,3,冠状动脉-见 心绞痛,coronary - see Angina,,0.9572725296020508,,,,,
1091,3,颌,jaw,K10.8,0.9816534519195557,,,,,
1091,3,呼吸,respiration,R07.1,0.9835613965988159,,,,,
1091,3,会阴,perineal,R10.2,0.9732703566551208,,,,,
1091,3,肌肉,muscle,M79.1,0.9835536479949951,,,,,
1091,3,脊神经根(另见神经根炎),"radicular, root, spinal root (spinal) (see also Radiculitis)",M54.1,0.9822662472724915,,,,,
1091,3,脊椎源性(综合征),vertebrogenic (syndrome),M54.8,0.9670037031173706,,,,,
1091,3,"假(临产)-见临产,假","false (labor)- see Labor, false",,0.9548059105873108,,,,,
1091,3,肩,shoulder,M25.5,0.942729115486145,,,,,
1091,3,脚趾,toe,M79.6,0.9842368364334106,,,,,
1091,3,结肠,colon,R10.4,0.9789808392524719,,,,,
1091,3,胫骨,tibia,M89.8,0.962995707988739,,,,,
1091,3,精囊,seminal vesicle,N50.8,0.9757875204086304,,,,,
1091,3,精索,spermatic cord,N50.8,0.9853377938270569,,,,,
1091,3,经间,intermenstrual,N94.0,0.9938561320304871,,,,,
1091,3,颈 NEC,neck NEC,M54.2,0.9130023121833801,,,,,
1091,4,心因性,psychogenic,F45.4,0.9866331815719604,,,,,
1091,3,口腔,mouth,K13.7,0.7150615453720093,,,,,
1091,3,眶区,orbital region,H57.1,0.7919413447380066,,,,,
1091,3,眶下(另见神经痛，三叉),"infra-orbital (see also Neuralgia, trigeminal)",G50.0,0.9960684180259705,,,,,
1091,3,肋骨,rib,R07.3,0.7773556113243103,,,,,
1091,3,类风湿样，肌肉,"rheumatoid, muscular",M79.1,0.9893045425415039,,,,,
1091,3,卵巢,ovary,N94.8,0.9779107570648193,,,,,
1091,3,盲肠,cecum,R10.3,0.9678621292114258,,,,,
1091,3,面部,"face, facial",R51,0.9560844302177429,,,,,
1091,4,非典型,atypical,G50.1,0.9765617251396179,,,,,
1091,3,女性生殖器官NEC,female genital organs NEC,N94.8,0.8819016218185425,,,,,
1091,3,排卵期,ovulation,N94.0,0.9674635529518127,,,,,
1092,3,膀胱,"bladder, vesical",R39.8,0.9682705402374268,,,,,
1092,3,盆腔,pelvic,R10.2,0.9537479877471924,,,,,
1092,3,气(肠),gas (intestinal),R14,0.9806414842605591,,,,,
1092,3,全身,generalized,R52.9,0.9943238496780396,,,,,
1092,3,乳房,breast,N64.4,0.9603678584098816,,,,,
1092,4,心因性,psychogenic,F45.4,0.948964536190033,,,,,
1092,3,乳突,mastoid,H92.0,0.9750766754150391,,,,,
1092,3,三叉神经(另见神经痛，三叉),"douloureux, trigeminal (see also Neuralgia, trigeminal)",G50.0,0.9841612577438354,,,,,
1092,4,非典型,atypical,G50.1,0.9540699124336243,,,,,
1092,3,上腹,"epigastric, epigastrium",R10.1,0.9782496690750122,,,,,
1092,3,上颌,maxilla,K10.8,0.9532179832458496,,,,,
1092,3,舌,tongue,K14.6,0.9309595823287964,,,,,
1092,3,神经NEC,nerve NEC,M79.2,0.981011688709259,,,,,
1092,3,神经肌肉,neuromuscular,M79.2,0.9965896606445312,,,,,
1092,3,肾,kidney,N23,0.9774053692817688,,,,,
1092,3,生殖器官,genital organ,,0.9986369013786316,,,,,
1092,4,男性,male,N50.8,0.9779397249221802,,,,,
1092,4,女性,female,N94.8,0.8945319652557373,,,,,
1092,4,心因性,psychogenic,F45.4,0.975146472454071,,,,,
1092,3,手,hand,M79.6,0.9128799438476562,,,,,
1092,3,手指,finger,M79.6,0.9399861693382263,,,,,
1092,3,输尿管,ureter,N23,0.9706124663352966,,,,,
1092,3,头(另见头痛),head (see also Headache),R51,0.9840682744979858,,,,,
1092,3,腿,leg,M79.6,0.9392447471618652,,,,,
1092,3,尾骨,coccyx,M53.3,0.9786092042922974,,,,,
1092,3,胃,"gastric, stomach",R10.1,0.991512656211853,,,,,
1092,4,心因性,psychogenic,F45.4,0.9751225709915161,,,,,
1092,3,下背,low back,M54.5,0.9441105127334595,,,,,
1092,3,下腹,lower abdomen,R10.3,0.9510924816131592,,,,,
1092,4,盆腔或会阴,pelvic or perineal,R10.2,0.9888133406639099,,,,,
1092,3,胁腹,flank,R10.4,0.927746593952179,,,,,
1092,3,心包(另见痛，心前区),"pericardial (see also Pain, precordial)",R07.2,0.9930806159973145,,,,,
1092,3,心前区,"precordial, over heart (region)",R07.2,0.9987072944641113,,,,,
1092,4,心因性,psychogenic,F45.4,0.9596885442733765,,,,,
1092,3,心因性(任何部位)(持续),psychogenic (any site) (persistent),F45.4,0.9820868968963623,,,,,
1092,3,心脏(另见痛，心前区),"heart (see also Pain, precordial)",R07.2,0.9883041381835938,,,,,
1092,3,胸,chest,R07.4,0.9831002354621887,,,,,
1092,4,呼吸时,on breathing,R07.1,0.9816302061080933,,,,,
1092,4,前壁,anterior wall,R07.3,0.9598900675773621,,,,,
1092,4,缺血性,ischemic,I20.9,0.9657127261161804,,,,,
1092,3,胸膜，胸膜炎性,"pleura, pleural, pleuritic",R07.3,0.9644904732704163,,,,,
1093,3,胸椎,thoracic spine,M54.6,0.947167694568634,,,,,
1093,4,伴有神经根和内脏痛.,with radicular and visceral pain,M54.1,0.9715141654014587,,,,,
1093,3,牙,tooth,K08.8,0.9499698281288147,,,,,
1093,3,咽,pharynx,J39.2,0.981847882270813,,,,,
1093,3,咽喉,throat,R07.0,0.9558236598968506,,,,,
1093,4,急性(另见咽炎),acute (see also Pharyngitis),J02.9,0.9848976135253906,,,,,
1093,4,慢性,chronic,J31.2,0.9714675545692444,,,,,
1093,4,白喉性,diphtheritic,A36.0,0.9682749509811401,,,,,
1093,4,伴有流感(另见流行性感冒，伴有，呼吸道表现),"with influenza, flu, or grippe (see also Influenza, with, respiratory manifestations)",J11.1,0.9740750789642334,,,,,
1093,4,病毒性 NEC,viral NEC,J02.8,0.9701918363571167,,,,,
1093,5,柯萨奇,coxsackie,B08.5,0.9756482243537903,,,,,
1093,4,柯萨奇(病毒性),coxsackie (virus),B08.5,0.9844526648521423,,,,,
1093,4,链球菌性(溃疡性),streptococcal (ulcerative),J02.0,0.9866132736206055,,,,,
1093,4,流感性(另见流行性感冒，伴有，呼吸道表现),"influenzal (see also Influenza, with, respiratory manifestations)",J11.1,0.9686533212661743,,,,,
1093,4,脓毒性,septic,J02.0,0.9826021790504456,,,,,
1093,4,疱疹病毒性,herpesviral,B00.2,0.994694709777832,,,,,
1093,3,眼,"eye, ocular, ophthalmic",H57.1,0.977940022945404,,,,,
1093,3,腰，腰背,"lumbar region, loin",M54.5,0.9814879894256592,,,,,
1093,3,阴茎,penis,N48.8,0.9519495964050293,,,,,
1093,4,心因性,psychogenic,F45.4,0.9931651949882507,,,,,
1093,3,阴囊,scrotum,N50.8,0.9796052575111389,,,,,
1093,4,心因性,psychogenic,F45.4,0.9697486758232117,,,,,
1093,3,由于装置、植入物或移植物引起的(另见并发症，按部位和类型),"due to device, implant or graft (see also Complications, by site and type)",T85.8,0.9845208525657654,,,,,
1093,4,导管NEC,catheter NEC,T85.8,0.9660527110099792,,,,,
1093,5,泌尿系(留置),urinary (indwelling),T83.8,0.9712173938751221,,,,,
1093,5,输注NEC,infusion NEC,T82.8,0.9969189763069153,,,,,
1093,6,脊髓(硬膜外)(硬膜下),spinal (epidural) (subdural),T85.8,0.9735769629478455,,,,,
1093,5,透析(肾),dialysis (renal),T82.8,0.997043251991272,,,,,
1093,6,腹膜内的,intraperitoneal,T85.8,0.9881709218025208,,,,,
1093,4,电(极)(脉冲发生器)(刺激器),electronic (electrode) (pulse generator) (stimulator),,0.9613285064697266,,,,,
1093,5,骨,bone,T84.8,0.918407142162323,,,,,
1093,5,泌尿系,urinary,T83.8,0.9533373713493347,,,,,
1093,5,神经系统(脑)(周围神经)(脊髓),nervous system (brain) (peripheral nerve) (spinal),T85.8,0.9921897053718567,,,,,
1093,5,心脏,cardiac,T82.8,0.9832122325897217,,,,,
1093,4,动脉移植物NEC,arterial graft NEC,T82.8,0.9660876989364624,,,,,
1093,4,关节假体,joint prosthesis,T84.8,0.9720757007598877,,,,,
1093,4,矫形外科NEC,orthopedic NEC,T84.8,0.9641388058662415,,,,,
1093,4,泌尿系NEC,urinary NEC,T83.8,0.954249918460846,,,,,
1093,4,脑室颅内分流,ventricular intracranial shunt,T85.8,0.9797049760818481,,,,,
1094,3,由于装置、植入物或移植物引起的,"due to device, implant or graft",,0.9999152421951294,,,,,
1094,4,内固定(矫形外科)NEC,"fixation, internal (orthopedic) NEC",T84.8,0.9704595804214478,,,,,
1094,4,乳房(植入物),breast (implant),T85.8,0.9566684365272522,,,,,
1094,4,生殖系NEC,genital NEC,T83.8,0.9718503952026367,,,,,
1094,4,输注NEC,infusion NEC,T85.8,0.9735612869262695,,,,,
1094,4,特指的NEC,specified NEC,T85.8,0.9730719923973083,,,,,
1094,4,胃肠(胆管)(食管),gastrointestinal (bile duct) (esophagus),T85.8,0.9760652780532837,,,,,
1094,4,心脏NEC,heart NEC,T82.8,0.9642991423606873,,,,,
1094,4,血管NEC,vascular NEC,T82.8,0.9667528867721558,,,,,
1094,4,眼(角膜移植物)(眶植入物)NEC,ocular (corneal graft) (orbital implant) NEC,T85.8,0.9693085551261902,,,,,
1094,3,掌指(关节),metacarpophalangeal (joint),M25.5,0.9702721834182739,,,,,
1094,3,肢(下)(上),limb (lower) (upper),M79.6,0.9851946234703064,,,,,
1094,3,跖趾(关节),metatarsophalangeal (joint),M25.5,0.9934970736503601,,,,,
1094,3,直肠,rectum,K62.8,0.9875272512435913,,,,,
1094,3,子宫NEC,uterus NEC,N94.8,0.9237630367279053,,,,,
1094,4,心因性,psychogenic,F45.4,0.9746391773223877,,,,,
1094,3,足,foot,M79.6,0.9630367755889893,,,,,
1094,3,坐骨大孔,sciatic,M54.3,0.9958858489990234,,,,,
1094,2,痛风(性),"Gout, gouty",M10.9,0.9720319509506226,,,,,
1094,3,原发性,primary,M10.0,0.9738420844078064,,,,,
1094,3,继发性 NEC,secondary NEC,M10.4,0.9482643008232117,,,,,
1094,3,梅毒性,syphilitic,A52.7+ M14.8*,0.9695901274681091,,,,,
1094,3,铅毒性,"lead-induced, saturnine",M10.1,0.9640364646911621,,,,,
1094,3,特发性,idiopathic,M10.0,0.9748326539993286,,,,,
1094,3,痛风石性 NEC,tophi NEC,M10.9,0.9853886365890503,,,,,
1094,4,耳,ear,M10.9+ H62.8*,0.9558796286582947,,,,,
1094,4,心脏,heart,M10.0+ I43.8*,0.9857107996940613,,,,,
1094,3,药物性,drug-induced,M10.2,0.9694169759750366,,,,,
1094,3,由于肾功能损害引起的,in (due to) renal impairment,M10.3,0.990647554397583,,,,,
1094,2,痛风石(另见痛风),Tophi (see also Gout),M10,0.9977485537528992,,,,,
1094,2,痛经(特发性)(表皮脱落性),Dysmenorrhea (essential) (exfoliative),N94.6,0.9978981614112854,,,,,
1094,3,原发性,primary,N94.4,0.9479191899299622,,,,,
1094,3,继发性,secondary,N94.5,0.9649084806442261,,,,,
1094,3,充血性(综合征),congestive (syndrome),N94.6,0.9771663546562195,,,,,
1094,3,心因性,psychogenic,F45.8,0.9733552932739258,,,,,
1094,2,痛觉过度，痛觉过敏,"Hyperpathia, Hyperalgesia",R20.8,0.9998645782470703,,,,,
1094,2,痛觉减退,Hypalgesia,R20.8,0.9792232513427734,,,,,
1094,2,痛觉缺失(另见麻醉),Analgesia (see also Anesthesia),R20.0,0.9858798980712891,,,,,
1094,2,痛性肥胖症,Dercum's disease,E88.2,0.9994691014289856,,,,,
1095,2,痛性痉挛,Cramp(s),R25.2,0.9889605641365051,,,,,
1095,3,报务员,telegrapher's,F48.8,0.9710980653762817,,,,,
1095,4,器质性,organic,G25.8,0.9468854069709778,,,,,
1095,3,肠,intestinal,R10.4,0.9914130568504333,,,,,
1095,4,心因性,psychogenic,F45.3,0.991297721862793,,,,,
1095,3,打字员,typist's,F48.8,0.9606861472129822,,,,,
1095,4,器质性,organic,G25.8,0.9391540288925171,,,,,
1095,3,胆囊,colic,R10.4,0.9459359049797058,,,,,
1095,4,心因性,psychogenic,F45.3,0.9674686193466187,,,,,
1095,3,腹部,abdominal,R10.4,0.9517444372177124,,,,,
1095,3,肌肉(全身性)(肢),muscle (general) (limb),R25.2,0.9897509217262268,,,,,
1095,4,心因性,psychogenic,F45.8,0.9925639033317566,,,,,
1095,4,由于浸泡,due to immersion,T75.1,0.9762652516365051,,,,,
1095,3,浸泡,immersion,T75.1,0.937091588973999,,,,,
1095,3,莱诺铸排机排字工人的,linotypist's,F48.8,0.9584498405456543,,,,,
1095,4,器质性,organic,G25.8,0.9359109997749329,,,,,
1095,3,缺盐性,salt-depletion,E87.1,0.9610931277275085,,,,,
1095,3,书写,writer's,F48.8,0.9847707748413086,,,,,
1095,4,器质性,organic,G25.8,0.9540013074874878,,,,,
1095,3,司炉工,stoker's,T67.2,0.978499174118042,,,,,
1095,3,消防队员,fireman,T67.2,0.9858108758926392,,,,,
1095,3,游泳，游泳者,"bathing, swimmer's",T75.1,0.95796799659729,,,,,
1095,3,肢(下)(上)NEC,limb (lower) (upper) NEC,R25.2,0.9598534107208252,,,,,
1095,3,职业性(手),occupational (hand),F48.8,0.9955645799636841,,,,,
1095,4,器质性,organic,G25.8,0.9368571639060974,,,,,
1095,3,中暑性,heat,T67.2,0.9499658346176147,,,,,
1095,3,子宫,uterus,N94.8,0.9704777598381042,,,,,
1095,4,月经(另见痛经),menstrual (see also Dysmenorrhea),N94.6,0.9813191890716553,,,,,
1095,2,痛性尿淋漓,Strangury,R30.0,0.9766884446144104,,,,,
1095,2,痛性神经营养不良,Algoneurodystrophy,M89.0,0.9903793334960938,,,,,
1095,2,痛性阴茎勃起(非性病性),Chordee (nonvenereal),N48.8,0.9783815741539001,,,,,
1095,3,淋球菌性,gonococcal,A54.0,0.9843584895133972,,,,,
1095,3,先天性,congenital,Q54.4,0.9957282543182373,,,,,
1096,1,tōu 偷,,,0.9996706247329712,,,,,
1096,2,偷窃狂,Kleptomania,F63.2,0.9985445737838745,,,,,
1096,2,偷窃行为,Stealing,,0.9998303651809692,,,,,
1096,3,病理性(强迫性),pathological (compulsive),F63.2,0.9964237213134766,,,,,
1096,3,儿童,child problem,F91.8,0.9900970458984375,,,,,
1096,4,与他人结伙,in company with others,F91.2,0.9754911661148071,,,,,
1096,1,tóu 头,,,0.9088344573974609,,,,,
1096,2,头,Caput,,0.9999091625213623,,,,,
1096,3,捻发音,crepitus,Q75.8,0.9802786707878113,,,,,
1096,3,脐周静脉曲张[水母头],medusae,I86.8,0.9652404189109802,,,,,
1096,3,胎头水肿[先锋头],succedaneum,P12.8,0.9885278344154358,,,,,
1096,2,头不全畸胎,Paracephalus,Q89.7,0.9997829794883728,,,,,
1096,2,头部倒经,Cephalomenia,N94.8,0.9986002445220947,,,,,
1096,2,头的 - 见情况,"Cephalic, Head - see condition",,0.9483834505081177,,,,,
1096,2,头发打结,Knotting of hair,L67.8,0.9979674816131592,,,,,
1096,2,头巾样瘤(M8200/0),Turban tumor (M8200/0),D23.4,0.9844111204147339,,,,,
1096,2,头颅血肿(钙化),"Cephalematoma, cephalhematoma (calcified)",,0.9997120499610901,,,,,
1096,3,创伤性,traumatic,S09.8,0.985704779624939,,,,,
1096,3,胎儿或新生儿(产伤),fetus or newborn (birth injury),P12.0,0.9843991994857788,,,,,
1096,2,头盆的 - 见情况,Cephalopelvic - see condition,,0.9210336208343506,,,,,
1096,2,头皮的 - 见情况,Scalp - see condition,,0.9681512117385864,,,,,
1096,2,头皮松垂[回状头皮],Gyrate scalp,Q82.8,0.9997762441635132,,,,,
1096,2,头皮屑,"Dandruff, Furfur",L21.0,0.9998403787612915,,,,,
1096,2,头疼(另见头痛),"Cephalgia, cephalalgia (see also Headache)",R51,0.9978758692741394,,,,,
1096,3,非器质性原因,nonorganic origin,F45.4,0.9898106455802917,,,,,
1096,2,头痛,Headache,R51,0.9997915029525757,,,,,
1096,3,变应性 NEC,allergic NEC,G44.8,0.9651078581809998,,,,,
1096,3,创伤后，慢性,"post-traumatic, chronic",G44.3,0.9897515177726746,,,,,
1096,3,丛集性(慢性)(发作性),cluster (chronic) (episodic),G44.0,0.9711569547653198,,,,,
1096,3,非器质性原因,nonorganic origin,F45.4,0.9973170757293701,,,,,
1096,3,脊髓和硬膜外麻醉引起的,spinal and epidural anesthesia-induced (in),T88.5,0.9965258240699768,,,,,
1096,4,产程和分娩,labor and delivery,O74.5,0.9744234085083008,,,,,
1096,4,产后，产褥期,"postpartum, puerperal",O89.4,0.9518498182296753,,,,,
1096,4,妊娠,pregnancy,O29.4,0.9595977067947388,,,,,
1096,3,脊髓液丢失(穿刺后),spinal fluid loss (from puncture),G97.1,0.9982866048812866,,,,,
1096,3,紧张性(慢性)(发作性),tension (chronic) (episodic),G44.2,0.9735358357429504,,,,,
1096,3,偏(型),migraine (type),G43.9,0.9918552041053772,,,,,
1096,3,情绪性,emotional,F45.4,0.9780603647232056,,,,,
1096,3,特指的综合征 NEC,specified syndrome NEC,G44.8,0.9611733555793762,,,,,
1096,3,心因性,psychogenic,F45.4,0.9940921068191528,,,,,
1096,3,血管性,vascular,G44.1,0.9967213869094849,,,,,
1097,3,腰穿后，腰椎穿刺后,"postspinal puncture, lumbar puncture",G97.1,0.9987830519676208,,,,,
1097,3,药物性 NEC,drug-induced NEC,G44.4,0.9596074819564819,,,,,
1097,3,组胺性,histamine,G44.0,0.9652206301689148,,,,,
1097,2,头狭窄,Stenocephaly,Q75.8,0.9785715937614441,,,,,
1097,2,头血囊肿,"Cephalematocele, cephal(o)hematocele",,0.9997984766960144,,,,,
1097,3,创伤性,traumatic,S09.8,0.996614396572113,,,,,
1097,3,胎儿或新生儿,fetus or newborn,P52.8,0.9712668061256409,,,,,
1097,4,产伤,birth injury,P10.8,0.9858675003051758,,,,,
1097,2,头晕,Dizziness,R42,0.9319111704826355,,,,,
1097,3,心因性,psychogenic,F45.8,0.9748724102973938,,,,,
1097,3,癔症性,hysterical,F44.8,0.9585211873054504,,,,,
1097,1,tóu 投,,,0.9914625287055969,,,,,
1097,2,投药-见给予,Administration,,0.9994222521781921,,,,,
1097,1,tòu 透,,,0.9302641153335571,,,,,
1097,2,透明变性,Hyalinosis,,0.9999693036079407,,,,,
1097,3,局灶性和节段性(肾小球)-编码于N00-N07 伴有第四位数.1,focal and segmental (glomerular)- code to N00-N07 with fourth character.1,,0.9824386239051819,,,,,
1097,3,皮肤(粘膜),cutis (et mucosae),E78.8,0.9779348969459534,,,,,
1097,2,透明蛋白斑，巩膜，老年性,"Hyalin plaque, sclera, senile",H15.8,0.9998411536216736,,,,,
1097,2,透明肺，单侧,"Transparency, lung, unilateral",J43.0,0.9932966828346252,,,,,
1097,2,透明膜[玻璃膜](病)(肺)(新生儿),Hyaline membrane (disease) (lung) (newborn),P22.0,0.9990492463111877,,,,,
1097,2,透析(间歇性)(治疗),Dialysis (intermittent) (treatment),,0.9983917474746704,,,,,
1097,3,腹膜,peritoneal,Z49.2,0.9900089502334595,,,,,
1097,4,仅为准备性医疗(不伴有治疗),preparatory care only (without treatment),Z49.0,0.9910919666290283,,,,,
1097,3,肾,renal,Z49.1,0.9461086988449097,,,,,
1097,4,仅为准备性医疗(不伴有治疗),preparatory care only (without treatment),Z49.0,0.9936556816101074,,,,,
1097,3,视网膜(性),"retina, retinal",H33.0,0.9760065078735352,,,,,
1097,3,特指类型NEC,specified type NEC,Z49.2,0.9838228821754456,,,,,
1097,4,仅为准备性医疗(不伴有治疗),preparatory care only (without treatment),Z49.0,0.9896068572998047,,,,,
1097,3,体外,extracorporeal.,Z49.1,0.9796721339225769,,,,,
1097,4,仅为准备性医疗(不伴有治疗),preparatory care only (without treatment),Z49.0,0.9843138456344604,,,,,
1097,1,tū 凸,,,0.9364752173423767,,,,,
1097,2,凸出,Extrusion,,0.9999833703041077,,,,,
1097,3,眼植入物(球)(眼球),eye implant (ball) (globe),T85.3,0.9412607550621033,,,,,
1097,3,椎间盘-见移位，椎间盘,"intervertebral disk - see Displacement, intervertebral disk",,0.9956104159355164,,,,,
1097,2,凸耳(先天性),Prominence of auricle (congenital) (ear),Q17.5,0.9703705906867981,,,,,
1097,2,凸颌畸形[下颌前突](下颌)(上颌),Prognathism (mandibular) (maxillary),K07.1,0.9954990148544312,,,,,
1098,1,tū 秃,,,0.8714825510978699,,,,,
1098,2,秃发(另见脱发),Baldness (see also Alopecia),L65.9,0.9857508540153503,,,,,
1098,3,男性型(另见脱发，雄激素性),"male-pattern (see also Alopecia, androgenic)",L64.9,0.985266387462616,,,,,
1098,1,tū 突,,,0.998393714427948,,,,,
1098,2,突变,Mutation,,0.9998844265937805,,,,,
1098,3,凝血酶原基因[凝血因子V莱顿突变],prothrombin gene [factor V Leiden mutation],D68.5,0.9941878914833069,,,,,
1098,2,突变瘤(黑素)(M9363/0)-见肿瘤，良性,"Progonoma (melanotic) (M9363/0) - see Neoplasm, benign",,0.9934825897216797,,,,,
1098,2,突出，前突,"Hernia, Protrusion, protrusio",,0.999825656414032,,,,,
1098,3,脊柱(另见脊柱裂),spinal (see also Spina bifida),Q05.9,0.9847033619880676,,,,,
1098,4,伴有脑积水(另见脊柱裂，伴有脑积水),"with hydrocephalus (see also Spina bifida, with hydrocephalus)",Q05.4,0.9384979009628296,,,,,
1098,3,髋臼(进入骨盆),acetabulum (into pelvis),M24.7,0.9899823069572449,,,,,
1098,3,卵巢,ovary,N83.4,0.9736331105232239,,,,,
1098,3,妊娠子宫,pregnant uterus,O34.5,0.9776774644851685,,,,,
1098,3,软骨，脊椎-见移位，椎间盘,"cartilage, vertebra - see Displacement, intervertebral disk",,0.9931545853614807,,,,,
1098,3,输卵管,oviduct,N83.4,0.9810946583747864,,,,,
1098,3,输尿管,ureter,N28.8,0.9692744612693787,,,,,
1098,3,髓核-见移位，椎间盘,"nucleus pulposus - see Displacement, intervertebral disk",,0.9771922826766968,,,,,
1098,3,网膜-见疝，腹,"omental - see Hernia, abdomen",,0.9554270505905151,,,,,
1098,3,阴道(前)(壁),vaginal (anterior) (wall),N81.1,0.9822937846183777,,,,,
1098,3,直肠阴道,rectovaginal,N81.6,0.9902684092521667,,,,,
1098,3,装置、植入物或移植物(另见并发症，按部位和类型，机械性),"device, implant or graft (see also Complications, by site and type, mechanical)",T85.6,0.9956055283546448,,,,,
1098,4,导管NEC,catheter NEC,T85.6,0.9537947177886963,,,,,
1098,5,泌尿系(留置),urinary (indwelling),T83.0,0.9842067360877991,,,,,
1098,5,输注 NEC,infusion NEC,T82.5,0.9709845781326294,,,,,
1098,6,脊髓(硬膜外)(硬膜下),spinal (epidural) (subdural),T85.6,0.9660139679908752,,,,,
1098,5,透析(肾),dialysis (renal),T82.4,0.9286841750144958,,,,,
1098,6,腹膜内,intraperitoneal,T85.6,0.922755241394043,,,,,
1098,4,电(极)(脉冲发生器)(刺激器),electronic (electrode) (pulse generator) (stimulator),,0.93401038646698,,,,,
1098,5,骨,bone,T84.3,0.9656330347061157,,,,,
1098,5,神经系统(脑)(周围神经)(脊髓),nervous system (brain) (peripheral nerve) (spinal),T85.1,0.9792860150337219,,,,,
1098,4,动脉移植物NEC,arterial graft NEC,T82.3,0.9789327383041382,,,,,
1098,5,冠状动脉(搭桥术),coronary (bypass),T82.2,0.9790583252906799,,,,,
1098,4,关节假体,joint prosthesis,T84.0,0.9450462460517883,,,,,
1098,4,矫形外科NEC,orthopedic NEC,T84.4,0.9781872630119324,,,,,
1098,5,骨移植物,bone graft,T84.3,0.9880267977714539,,,,,
1098,4,泌尿系NEC,urinary NEC,T83.1,0.9827620387077332,,,,,
1098,5,移植物,graft,T83.2,0.9710262417793274,,,,,
1099,4,脑室颅内分流,ventricular intracranial shunt,T85.0,0.9826968908309937,,,,,
1099,4,内固定(矫形外科) NEC,"fixation, internal (orthopedic) NEC",T84.2,0.9635725617408752,,,,,
1099,5,四肢骨,bones of limb,T84.1,0.9497792720794678,,,,,
1099,4,乳房(植入物),breast (implant),T85.4,0.9226576685905457,,,,,
1099,4,生殖系NEC,genital NEC,T83.4,0.9797583222389221,,,,,
1099,5,子宫内避孕装置,intrauterine contraceptive device,T83.3,0.9741247296333313,,,,,
1099,4,特指的NEC,specified NEC,T85.6,0.9782848954200745,,,,,
1099,4,胃肠(胆管)(食管),gastrointestinal (bile duct) (esophagus),T85.5,0.9740616083145142,,,,,
1099,4,心脏NEC,heart NEC,T82.5,0.9930025935173035,,,,,
1099,5,瓣膜(假体),valve(prosthesis),T82.0,0.9700101613998413,,,,,
1099,6,移植物,graft,T82.2,0.9530506730079651,,,,,
1099,4,血管NEC,vascular NEC,T82.5,0.9627096652984619,,,,,
1099,4,眼(角膜移植物)(眶植入物)NEC,ocular (corneal graft) (orbital implant) NEC,T85.3,0.9827331304550171,,,,,
1099,5,眼内晶状体,intraocular lens,T85.2,0.9922075271606445,,,,,
1099,3,椎间软骨或椎间盘-见移位，椎间盘,"intervertebral cartilage or disk - see Displacement, intervertebral disk",,0.9931839108467102,,,,,
1099,3,子宫,uterus,N81.4,0.9798024296760559,,,,,
1099,4,妊娠,pregnant,O34.5,0.8903810977935791,,,,,
1099,2,突出的坐骨棘或骶骨岬,Prominent ischial spine or sacral promontory,,0.9978567957878113,,,,,
1099,3,伴有胎盆不称,with disproportion (fetopelvic),O33.0,0.9964774250984192,,,,,
1099,4,引起梗阻性分娩,causing obstructed labor,O65.0,0.9562444686889648,,,,,
1099,4,影响到胎儿或新生儿,affecting fetus or newborn,P03.1,0.9843147397041321,,,,,
1099,2,突冠,Hooded,,0.9999791979789734,,,,,
1099,3,阴蒂,clitoris,Q52.6,0.9888433814048767,,,,,
1099,3,阴茎,penis,Q55.6,0.965094268321991,,,,,
1099,2,突然,Sudden,,0.9905283451080322,,,,,
1099,3,死亡，原因不知,"death, cause unknown",R96.0,0.9489650726318359,,,,,
1099,4,产科,obstetric,O95,0.8736681342124939,,,,,
1099,4,产褥期、产后,"puerperal, postpartum",O95,0.9462597370147705,,,,,
1099,4,分娩中,during childbirth,O95,0.8485537767410278,,,,,
1099,4,婴儿,infant,R95,0.9638498425483704,,,,,
1099,3,心力衰竭(另见衰竭，心力),"heart failure (see also Failure, heart)",I50.9,0.9644002318382263,,,,,
1099,3,婴儿猝死综合征,infant death syndrome,R95,0.971154510974884,,,,,
1099,2,突眼,"Exophthalmos, Proptosis (ocular)",H05.2,0.9537996053695679,,,,,
1099,3,搏动性,pulsating,H05.2,0.9813289642333984,,,,,
1099,3,甲状腺毒性，促甲状腺激素性,"thyrotoxic, thyrotropic",E05.0+ H06.2*,0.9850625395774841,,,,,
1099,3,甲状腺机能障碍性,dysthyroid,E05.0+ H06.2*,0.9883511066436768,,,,,
1099,3,甲状腺肿,goiter,E05.0+ H06.2*,0.9767192602157593,,,,,
1099,3,间歇性 NEC,intermittent NEC,H05.2,0.9849177002906799,,,,,
1099,3,先天性,congenital,Q15.8,0.9727973937988281,,,,,
1099,3,由于甲状腺毒症(甲状腺功能亢进症),due to thyrotoxicosis (hyperthyroidism),E05.0+ H06.2*,0.9922629594802856,,,,,
1100,1,tú 图,,,0.9998401999473572,,,,,
1100,2,图雷特综合征[抽动秽语综合征],Tourette's syndrome,F95.2,0.999755859375,,,,,
1100,1,tǔ 土,,,0.9096097946166992,,,,,
1100,2,土拉菌病(又称兔热病),Tularemia,A21.9,0.990123450756073,,,,,
1100,3,败血症,septicemia,A21.7,0.9613456726074219,,,,,
1100,3,肺(任何),"pneumonia (any), pneumonic",A21.2+ J17.0*,0.9775100350379944,,,,,
1100,3,腹部,abdominal,A21.3,0.9783971905708313,,,,,
1100,3,结膜炎,conjunctivitis,A21.1+ H13.1*,0.9742404222488403,,,,,
1100,3,溃疡腺型,ulceroglandular,A21.0,0.9845872521400452,,,,,
1100,3,全身性,generalized,A21.7,0.95100337266922,,,,,
1100,3,伤寒性,typhoidal,A21.7,0.9980525374412537,,,,,
1100,3,特指的 NEC,specified NEC,A21.8,0.9840157628059387,,,,,
1100,3,胃肠,gastrointestinal,A21.3,0.9945605993270874,,,,,
1100,3,咽下,ingestion,A21.3,0.9469261169433594,,,,,
1100,3,眼,ophthalmic,A21.1,0.9432887434959412,,,,,
1100,3,眼腺型,oculoglandular,A21.1,0.9973416924476624,,,,,
1100,1,tù 兔,,,0.9997735023498535,,,,,
1100,2,兔唇(完全)(不完全)(另见裂，唇),"Harelip (complete) (incomplete) (see also Cleft, lip)",Q36.9,0.9961057305335999,,,,,
1100,2,兔热病 - 又称 土拉菌病,Tularemia,,0.899104654788971,,,,,
1100,2,兔眼(眼睑)(神经性),Lagophthalmos (eyelid) (nervous),H02.2,0.9688333868980408,,,,,
1100,3,角膜结膜炎,keratoconjunctivitis,H16.2,0.9889891147613525,,,,,
1100,1,tuǐ 腿,,,0.9309132695198059,,,,,
1100,2,腿的 - 见情况,Leg - see condition,,0.962626576423645,,,,,
1100,1,tuì 退,,,0.9988313317298889,,,,,
1100,2,退缩,Recession,,0.9999003410339355,,,,,
1100,3,前房角(眼),chamber angle (eye),H21.5,0.9557496309280396,,,,,
1100,3,牙龈(广泛性)(局部性)(感染后)(手术后),gingival (generalized) (localized) (postinfective) (postoperative),K06.0,0.9666176438331604,,,,,
1100,1,tuì 蜕,,,0.8970044255256653,,,,,
1100,2,蜕膜炎(急性)，影响到胎儿或新生儿,"Deciduitis (acute), affecting fetus or newborn",P00.8,0.9953434467315674,,,,,
