image_page,level,chinese,english,code,confidence,malignant_primary,malignant_secondary,in_situ,benign,uncertain_or_unspecified
951,1,shài 晒,,,,,,,,
951,2,晒伤,Sunburn,L55.9,0.9999327659606934,,,,,
951,3,度,first degree,L55.0,0.9625496864318848,,,,,
951,3,二度,second degree,L55.1,0.9750046133995056,,,,,
951,3,三度,third degree,L55.2,0.9803864359855652,,,,,
951,3,特指的 NEC,specified NEC,L55.8,0.9686234593391418,,,,,
951,1,shān 山,,,0.993257462978363,,,,,
951,2,山地病,Mountain sickness,T70.2,0.9650906324386597,,,,,
951,2,山黧豆中毒,"Lathyrism, Neurolathyrism .",T62.2,0.9985194802284241,,,,,
951,1,shǎn 闪,,,0.9862690567970276,,,,,
951,2,闪光幻觉,Photopsia,H53.1,0.9999420642852783,,,,,
951,2,闪回(饮酒或药物的残留效应)-编码于F10-F19伴有第四位数.7,Flashbacks (residual to alcohol or drug use) - code to F10-F19 with fourth character.7,,0.976686954498291,,,,,
951,1,shàn 疝,,,0.9699532985687256,,,,,
951,2,疝(后天性)(复发性),"Hernia, hernial (acquired) (recurrent)",K46.9,0.994519054889679,,,,,
951,3,伴有,with,,0.9107564091682434,,,,,
951,4,梗阻(另见疝，按部位，伴有，梗阻),"obstruction (see also Hernia, by site, with, obstruction)",K46.0,0.9756481051445007,,,,,
951,4,坏疽(另见疝，按部位，伴有，坏疽),"gangrene (see also Hernia, by site, with, gangrene)",K46.1,0.9559817910194397,,,,,
951,3,半月线-见疝，腹壁,"spigelian - see Hernia, ventral",,0.974713921546936,,,,,
951,3,闭孔-见疝，腹，特指部位N,"obturator - see Hernia, abdomen, specified site NEC",,0.9817758202552795,,,,,
951,3,玻璃体(进入伤口),vitreous (into wound),S05.2,0.991428554058075,,,,,
951,4,进入前房,into anterior chamber,H43.0,0.9738031029701233,,,,,
951,3,不可复位的(另见疝，按部位，伴有，梗阻),"irreducible (see also Hernia, by site, with obstruction)",K46.0,0.9909811615943909,,,,,
951,4,伴有坏疽(另见疝，按部位，伴有，坏疽),"with gangrene (see also Hernia, by site, with gangrene)",K46.1,0.9392297863960266,,,,,
951,3,肠-见疝，按部位,"intestine, intestinal - see Hernia, by site",,0.9851300716400146,,,,,
951,3,"肠系膜(内)-见疝,腹","mesenteric (internal) - see Hernia, abdomen",,0.9821617603302002,,,,,
951,3,大脑，先天性(另见脑膨出),"cerebral, congenital (see also Encephalocele)",Q01.9,0.994214653968811,,,,,
951,4,耳内,endaural,Q01.8,0.9209586381912231,,,,,
951,3,肺(皮下),lung (subcutaneous),J98.4,0.984416663646698,,,,,
951,3,腹,"abdomen, abdominal",K46.9,0.9701077938079834,,,,,
951,4,壁-见疝，腹壁,"wall - see Hernia, ventral",,0.8800829648971558,,,,,
951,4,特指部位 NEC,specified site NEC with,K45.8,0.9637331962585449,,,,,
951,4,梗阻,obstruction,K45.0,0.8928282856941223,,,,,
951,4,坏疽(和梗阻),gangrene (and obstruction),K45.1,0.9450812935829163,,,,,
952,3,"·一腹白线(半月)-见疝,腹壁","linea (alba) (semilunaris)- see Hernia, ventral",,0.9458596706390381,,,,,
952,3,腹壁,ventral,K43.9,0.9663058519363403,,,,,
952,4,伴有,with,,0.8181736469268799,,,,,
952,5,梗阻,obstruction,K43.0,0.9242724180221558,,,,,
952,5,坏疽(和梗阻),gangrene (and obstruction),K43.1,0.9645453691482544,,,,,
952,3,腹股沟(直)(外)(精索)(斜)(内)(阴囊)(滑动),inguinal (direct) (external) (funicular) (indirect) (internal) (oblique) (scrotal) (sliding),K40.9,0.9759387373924255,,,,,
952,4,伴有,with,,0.8274250030517578,,,,,
952,5,梗阻,obstruction,K40.3,0.958305835723877,,,,,
952,5,坏疽(和梗阻),gangrene (and obstruction),K40.4,0.9652224183082581,,,,,
952,4,单侧,unilateral,K40.9,0.8903966546058655,,,,,
952,5,伴有,with,,0.9219690561294556,,,,,
952,6,梗阻,obstruction,K40.3,0.9684423804283142,,,,,
952,6,坏疽(和梗阻),gangrene (and obstruction),K40.4,0.9598562121391296,,,,,
952,4,双侧,bilateral,K40.2,0.9847512245178223,,,,,
952,5,伴有,with,,0.8197034597396851,,,,,
952,6,梗阻,obstruction,K40.0,0.900928795337677,,,,,
952,6,坏疽(和梗阻),gangrene (and obstruction),K40.1,0.9755858182907104,,,,,
952,3,腹膜后-见疝，腹，特指部位NEC,"retroperitoneal - see Hernia, abdomen, specified site NEC",,0.9812319874763489,,,,,
952,3,腹内-见疝，腹,"intra-abdominal - see Hernia, abdomen",,0.9564815759658813,,,,,
952,3,膈,"diaphragm, diaphragmatic",K44.9,0.9860501289367676,,,,,
952,4,伴有,with,,0.8402277231216431,,,,,
952,5,梗阻,obstruction,K44.0,0.9410085678100586,,,,,
952,5,坏疽(和梗阻),gangrene (and obstruction),K44.1,0.9828113913536072,,,,,
952,4,先天性,congenital,Q79.0,0.9589465856552124,,,,,
952,3,梗阻性(另见疝，按部位，伴有梗阻),"obstructive (see also Hernia, by site, with obstruction)",K46.0,0.9925982356071472,,,,,
952,4,伴有坏疽(另见疝，按部位，伴有坏疽),"with gangrene (see also Hernia, by site, with gangrene)",K46.1,0.9715139269828796,,,,,
952,3,股,"crural, femoral",K41.9,0.9994000196456909,,,,,
952,4,伴有,with,,0.8037185072898865,,,,,
952,5,梗阻,obstruction,K41.3,0.9498978853225708,,,,,
952,5,坏疽(和梗阻).,gangrene (and obstruction),K41,0.9172075390815735,,,,,
952,4,单侧,unilateral,K41.9,0.972571611404419,,,,,
952,5,伴有,with,,0.9768781661987305,,,,,
952,6,梗阻,obstruction,K41.3,0.961392879486084,,,,,
952,6,坏疽(和梗阻),gangrene (and obstruction),K41.4,0.944869339466095,,,,,
952,4,双侧,bilateral,K41.2,0.9791340231895447,,,,,
952,5,伴有,with,,0.9998289942741394,,,,,
952,6,梗阻,obstruction,K41.0,0.9284098148345947,,,,,
952,6,坏疽(和梗阻),gangrene (and obstruction),K41.1,0.9750624299049377,,,,,
952,3,黑塞尔巴赫[筛筋膜疝]-见疝，股，按类型,"Hesselbach's - see Hernia, femoral, by type",,0.9966630339622498,,,,,
952,3,虹膜(创伤性),iris (traumatic),S05.2,0.9903932809829712,,,,,
953,3,滑动(腹股沟)-另见疝，腹股沟,"sliding (inguinal) - see also Hernia, inguinal",,0.9895533323287964,,,,,
953,4,裂孔 -见 疝，裂孔,"hiatus - see Hernia, hiatal",,0.9099044799804688,,,,,
953,3,会阴-见疝，腹，特指部位NEC,"perineal - see Hernia, abdomen, specified site NEC",,0.9709911346435547,,,,,
953,3,肌(鞘),muscle (sheath),M62.8,0.9613637924194336,,,,,
953,3,肌腱,tendon,M67.8,0.9530460834503174,,,,,
953,3,间质-见疝，腹,"interstitial - see Hernia, abdomen",,0.9640209674835205,,,,,
953,3,绞窄性(另见疝，按部位，伴有梗阻),"strangulated (see also Hernia, by site, with obstruction)",K46.0,0.9905362725257874,,,,,
953,4,伴有坏疽(另见疝，按部位，伴有坏疽),"with gangrene (see also Hernia, by site, with gangrene)",K46.1,0.9703414440155029,,,,,
953,3,结肠-见疝，腹,"colon - see Hernia, abdomen",,0.9802538752555847,,,,,
953,3,睫状体(创伤性),ciliary body (traumatic),S05.2,0.9947986602783203,,,,,
953,3,筋膜,fascia,M62.8,0.9874824285507202,,,,,
953,3,晶状体(创伤性),lens (traumatic),S05.2,0.9861944317817688,,,,,
953,3,库珀-见疝，腹，特指部位NEC,"Cooper's - see Hernia, abdomen, specified site NEC",,0.9911319017410278,,,,,
953,3,阑尾-见疝，腹,"appendix - see Hernia, abdomen",,0.9470083713531494,,,,,
953,3,里厄[盲肠后疝]-见疝，腹，特指部位NEC,"Rieux's, Riex's - see Hernia, abdomen, specified site NEC",,0.9935801029205322,,,,,
953,3,里希特[肠壁疝]-见疝，腹，伴有梗阻,"Richter's - see Hernia, abdomen, with obstruction",,0.9877443909645081,,,,,
953,3,利特雷[憩室疝]-见疝，腹,"Littré's - see Hernia, abdomen",,0.9885028600692749,,,,,
953,3,裂孔(食管)(滑动),hiatal (esophageal) (sliding),K44.9,0.9808916449546814,,,,,
953,4,伴有,with,,0.7580505609512329,,,,,
953,5,梗阻,obstruction,K44.0,0.936588704586029,,,,,
953,5,坏疽(和梗阻),gangrene (and obstruction),K44.1,0.9678269624710083,,,,,
953,4,先天性,congenital,Q40.1,0.9683346748352051,,,,,
953,3,泌尿道，先天性,"urinary meatus, congenital",Q64.7,0.9968160390853882,,,,,
953,3,脑，先天性(另见脑膨出),"brain, congenital (see also Encephalocele)",Q01.9,0.9956269860267639,,,,,
953,3,尿道，先天性,"urethra, congenital",Q64.7,0.9859161972999573,,,,,
953,3,膀胱(粘膜)(括约肌),"bladder, vesical (mucosa) (sphincter)",,0.9770686626434326,,,,,
953,4,男性,male,N32.8,0.9651191830635071,,,,,
953,4,女性,female,N81.1,0.9793660044670105,,,,,
953,4,先天性(女性)(男性),congenital (female)(male),Q64.7,0.9741064310073853,,,,,
953,3,膀胱前,prevesical,N32.8,0.9792123436927795,,,,,
953,3,脐，脐旁,"funicular (umbilical), umbilicus, umbilical, paraumbilical",K42.9,0.9892715215682983,,,,,
953,3,脐上-见疝，腹壁,"supra-umbilicus - see Hernia, ventral",,0.988673746585846,,,,,
953,4,伴有,with,,0.785456120967865,,,,,
953,5,梗阻,obstruction,K42.0,0.945326030254364,,,,,
953,5,坏疽(和梗阻),gangrene (and obstruction),K42.1,0.9777036309242249,,,,,
953,4,精(索)-见疝，腹股沟,"spermatic (cord) - see Hernia, inguinal",,0.9575402736663818,,,,,
953,3,憩室，肠-见疝，腹,"diverticulum, intestine - see Hernia, abdomen",,0.9653083682060242,,,,,
953,3,钳闭[嵌顿]-另见疝，按部位，伴有梗阻,"incarcerated - see also Hernia, by site, with obstruction",,0.9808881282806396,,,,,
953,4,伴有坏疽-见疝，按部位，伴有坏疽,"with gangrene - see Hernia, by site, with gangrene",,0.952040433883667,,,,,
954,3,鞘膜,tunica vaginalis,Q55.2 O55.2,0.9792001247406006,,,,,
954,3,切口-见疝，腹壁,"incisional - see Hernia, ventral",,0.9852797389030457,,,,,
954,3,上腹-见疝，腹,"epigastric - see Hernia, ventral",,0.966673731803894,,,,,
954,3,食管裂孔-另见疝，裂孔,"esophageal hiatus - see also Hernia, hiatal",K44.9,0.9814712405204773,,,,,
954,4,先天性,congenital,Q40.1,0.9655120968818665,,,,,
954,3,食管旁-另见疝，膈,"paraesophageal - see also Hernia, diaphragm",K44.9,0.9888268113136292,,,,,
954,4,先天性,congenital,Q40.1,0.9055123925209045,,,,,
954,3,手术后-见疝，腹,"postoperative - see Hernia, ventral",,0.9923413395881653,,,,,
954,3,输卵管,fallopian tube,N83.4,0.977416455745697,,,,,
954,3,双(腹股沟)-见疝，腹股沟，双侧,"double (inguinal) - see Hernia, inguinal, bilateral",,0.9895768761634827,,,,,
954,3,特赖茨(窝)[十二指肠上隐窝疝]-见疝，腹，特指部位 NEC,"Treitz's (fossa) - see Hernia, abdomen, specified site NEC",,0.9894281625747681,,,,,
954,3,外(腹股沟)-见疝，腹股沟,"external (inguinal) - see Hernia, inguinal",,0.9862454533576965,,,,,
954,3,韦尔波[股血管前股疝]-见疝，股,"Velpeau's - see Hernia, femoral",,0.978085994720459,,,,,
954,3,胃肠道-见疝，腹,"gastrointestinal tract - see Hernia, abdomen",,0.9753748774528503,,,,,
954,3,斜(腹股沟)-见疝，腹股沟,"indirect, oblique (inguinal) - see Hernia, inguinal",,0.9872571229934692,,,,,
954,3,腰-见疝，腹，特指部位NEC,"lumbar - see Hernia, abdomen, specified site NEC",,0.9861429333686829,,,,,
954,3,腰三角-见疝，腹，特指部位NEC,"Petit's - see Hernia, abdomen, specified site NEC",,0.9934196472167969,,,,,
954,3,阴部-见疝，腹，特指部位NEC,"pudendal - see Hernia, abdomen, specified site NEC",,0.9852495193481445,,,,,
954,3,阴囊-见疝，腹股沟,"scrotum, scrotal - see Hernia, inguinal",,0.9737544059753418,,,,,
954,3,枕骨大孔,foramen magnum,G93.5,0.9787673354148865,,,,,
954,4,先天性,congenital,Q01.8,0.9544225335121155,,,,,
954,3,直(腹股沟)-见疝，腹股沟,"direct (inguinal) - see Hernia, inguinal",,0.994920015335083,,,,,
954,3,纵隔,mediastinum,J98.5,0.9733868837356567,,,,,
954,3,坐骨大孔-见疝，腹，特指部位NEC,"ischiatic, sciatic - see Hernia, abdomen, specified site NEC",,0.9915209412574768,,,,,
954,3,坐骨直肠-见疝，腹，特指部位NEC,"ischiorectal - see Hernia, abdomen, specified site NEC",,0.9927576780319214,,,,,
954,2,疝形成，突出-另见疝,Herniation - see also Hernia,,0.9959767460823059,,,,,
954,3,大脑,cerebral,G93.5,0.9846814870834351,,,,,
954,3,脑(干),brain (stem),G93.5,0.9848731160163879,,,,,
954,3,髓核-见移位，椎间盘,"nucleus pulposus - see Displacement, intervertebral disk",,0.9948642253875732,,,,,
954,3,纵隔,mediastinum,J98.5,0.9728226065635681,,,,,
954,1,shāng 伤,,,0.9999645352363586,,,,,
954,2,伤寒(顿挫型)(逍遥型)(任何部位)(热)(出血性)(感染)(间歇性)(恶性)(风湿性),Typhoid (abortive) (ambulant) (any site) (fever) (hemorrhagic) (infection) (intermittent) (malignant) (rheumatic),A01.0,0.9847235083580017,,,,,
954,3,肺炎,pneumonia,A01.0+ J17.0*,0.9723894596099854,,,,,
954,3,接种反应-见并发症，接种,"inoculation reaction - see Complications, vaccination",,0.9862126708030701,,,,,
954,2,伤寒肠炎,Typhoenteritis,A01.0,0.9871594309806824,,,,,
954,2,伤寒腹膜炎,Typhoperitonitis,A01.0,0.9826217293739319,,,,,
955,2,伤口，开放性(动物咬伤)(切口)(撕裂)(贯通性)(穿刺伤口)(射击伤)(伴有贯通性异物),"Wound, open (animal bite) (cut) (laceration) (penetrating) (puncture wound) (shot wound) (with penetrating foreign body)",T14.1,0.9880766868591309,,,,,
955,3,包皮,prepuce,S31.2,0.9406619668006897,,,,,
955,3,背,back,S21.2,0.9333269596099854,,,,,
955,4,下,lower,S31.0,0.8877001404762268,,,,,
955,3,鼻(中隔)(窦),"nose, nasal (septum) (sinus)",S01.2,0.980054497718811,,,,,
955,3,鼻咽,nasopharynx,S01.8,0.9876936674118042,,,,,
955,3,臂,arm,,0.8569612503051758,,,,,
955,4,上,upper,S41.1,0.8667234778404236,,,,,
955,5,和肩(水平)，多处,"and shoulder (level), multiple",S41.7,0.9650223851203918,,,,,
955,4,意指上肢-见伤口，开放性，肢，上,"meaning upper limb - see Wound, open, limb, upper",,0.9629713892936707,,,,,
955,3,玻璃体(液)-见伤口，眼,"vitreous (humor) - see Wound, ocular",,0.9842776656150818,,,,,
955,3,耻骨区,pubic region,S31.1,0.9559352993965149,,,,,
955,3,处女膜,hymen,S31.4,0.9712442755699158,,,,,
955,3,唇,lip,S01.5,0.9680012464523315,,,,,
955,3,大腿,thigh,S71.1,0.9618068337440491,,,,,
955,4,和髋，多处,"and hip, multiple",S71.7,0.9746329188346863,,,,,
955,3,骶骨区,sacral region,S31.0,0.9562618136405945,,,,,
955,3,骶髂部,sacroiliac region,S31.0,0.9765241146087646,,,,,
955,3,多处,multiple,T01.9,0.9453551769256592,,,,,
955,4,大腿(和髋),thigh (and hip),S71.7,0.9862167835235596,,,,,
955,4,腹部、下背和骨盆,"abdomen, lower back and pelvis",S31.7,0.9875847697257996,,,,,
955,4,踝(和足),ankle (and foot),S91.7,0.9453414082527161,,,,,
955,4,肩(和上臂),shoulder (and upper arm),S41.7,0.9711373448371887,,,,,
955,4,颈部,neck,S11.7,0.958914577960968,,,,,
955,5,伴有,with,,0.7937029600143433,,,,,
955,6,身体其他部位,other body regions,T01.8,0.9476110935211182,,,,,
955,6,头部,head,T01.0,0.9555339813232422,,,,,
955,4,髋(和大腿),hip (and thigh),S71.7,0.982361376285553,,,,,
955,4,前臂(和肘),forearm (and elbow),S51.7,0.9825251698493958,,,,,
955,4,上臂(和肩),"arm, upper (and shoulder)",S41.7,0.9912113547325134,,,,,
955,4,手(和腕),hand (and wrist),S61.7,0.9770005345344543,,,,,
955,4,特指部位 NEC,specified sites NEC,T01.8,0.9870043396949768,,,,,
955,4,头部,head,S01.7,0.9396212697029114,,,,,
955,5,和,with,,0.8530885577201843,,,,,
955,6,颈部,neck,T01.0,0.9614364504814148,,,,,
955,6,身体其他部位,other body regions,T01.8,0.9894954562187195,,,,,
955,4,腕(和手),wrist (and hand),S61.7,0.9830400943756104,,,,,
955,4,膝(和小腿),knee (and lower leg),S81.7,0.9819204807281494,,,,,
955,4,小腿,calf,S81.7,0.9863453507423401,,,,,
955,4,小腿(和膝),"leg, lower (and knee)",S81.7,0.9776648283004761,,,,,
955,4,胸部,thorax,S21.7,0.9764931797981262,,,,,
955,5,和,with,,0.765960693359375,,,,,
955,6,腹部、下背和骨盆,"abdomen, lower back and pelvis",T01.1,0.985813558101654,,,,,
956,4,肢,limb,,0.694998562335968,,,,,
956,5,上,upper,T01.2,0.9165154695510864,,,,,
956,6,伴有,with,,0.8956508636474609,,,,,
956,7,腹部、下背和骨盆,"abdomen, lower back and pelvis",T01.8,0.9607234001159668,,,,,
956,7,下肢,lower limb(s),T01.6,0.964204728603363,,,,,
956,7,胸部,thorax,T01.8,0.9563790559768677,,,,,
956,5,下,lower,T01.3,0.930878221988678,,,,,
956,6,伴有,with,,0.9413202404975891,,,,,
956,7,腹部、下背和骨盆,"abdomen, lower back and pelvis",T01.8,0.9878075122833252,,,,,
956,7,上肢,upper limb(s),T01.6,0.9647523760795593,,,,,
956,7,胸部,thorax,T01.8,0.9417349696159363,,,,,
956,4,足(和踝),foot (and ankle),S91.7,0.9613915085792542,,,,,
956,3,腭,palate,S01.5,0.9831613898277283,,,,,
956,3,耳道(外)(口),"auditory, ear (canal) (external) (meatus)",S01.3,0.9764325022697449,,,,,
956,4,鼓,drum,S09.2,0.929997980594635,,,,,
956,3,耳廓,"auricle, ear, pinna",S01.3,0.985508918762207,,,,,
956,3,腹部,"abdomen, abdominal",S31.8,0.9941375851631165,,,,,
956,4,壁,wall,S31.1,0.9377951622009277,,,,,
956,4,和下背、骨盆，多处,"and lower back, pelvis, multiple",S31.7,0.9850782155990601,,,,,
956,3,腹股沟，腹股沟区,"groin, inguinal region",S31.1,0.9723878502845764,,,,,
956,3,附睾,epididymis,S31.3,0.9407822489738464,,,,,
956,3,肛门,anus,S31.8,0.9479742050170898,,,,,
956,3,睾丸,testis,S31.3,0.9829332232475281,,,,,
956,3,巩膜-见伤口，眼,"sclera - see Wound, ocular",,0.9819865226745605,,,,,
956,3,鼓室，鼓膜,"tympanum, tympanic membrane",S09.2,0.9954173564910889,,,,,
956,3,骨盆(底),"pelvis, pelvic (floor)",S31.0,0.9950103163719177,,,,,
956,4,带NEC,girdle NEC,S71.8,0.9867720603942871,,,,,
956,4,和腹部、下背，多处,"and abdomen, lower back, multiple",S31.7,0.9836475253105164,,,,,
956,4,区,region,S31.0,0.9071968793869019,,,,,
956,3,贯通性-作为伤口，按部位编,"penetrating - code as Wound, by site",,0.9865959882736206,,,,,
956,3,腘间隙,popliteal space,S81.8,0.9645029902458191,,,,,
956,3,颌,jaw,S01.8,0.9585177898406982,,,,,
956,3,颌下区,submaxillary region,S01.8,0.9967312216758728,,,,,
956,3,虹膜-见伤口，眼,"iris - see Wound, ocular",,0.9858721494674683,,,,,
956,3,喉,larynx,S11.0,0.9753223061561584,,,,,
956,3,踝,ankle,S91.0,0.9603158831596375,,,,,
956,4,和足，多处,"and foot, multiple",S91.7,0.9827258586883545,,,,,
956,3,会厌,epiglottis,S11.8,0.9615551233291626,,,,,
956,3,会阴,perineum,S31.0,0.9911856055259705,,,,,
956,3,季肋部,hypochondrium,S31.1,0.9636445045471191,,,,,
956,3,颊(外侧),cheek (external),S01.4,0.9761162400245667,,,,,
956,4,内侧,internal,S01.5,0.951912522315979,,,,,
957,3,颊区,malar region,S01.8,0.9837192893028259,,,,,
957,3,甲,nail,,0.9127599596977234,,,,,
957,4,脚趾,toe(s),S91.2,0.9299187660217285,,,,,
957,4,拇指,thumb,S61.1,0.9442955255508423,,,,,
957,4,手指,finger(s),S61.1,0.9696792364120483,,,,,
957,3,甲状(腺),thyroid (gland),S11.1,0.9534780979156494,,,,,
957,3,肩,shoulder,S41.0,0.9577222466468811,,,,,
957,4,带,girdle,S41.8,0.9795992970466614,,,,,
957,4,和上臂(水平)，多处,"and upper arm (level), multiple",S41.7,0.9782246947288513,,,,,
957,3,肩胛间区,interscapular region,S21.2,0.9926968216896057,,,,,
957,3,肩胛区,scapular region,S41.8,0.9889447093009949,,,,,
957,3,脚趾,toe(s),S91.1,0.9661377668380737,,,,,
957,4,伴有伤及趾甲(床),with damage to nail (matrix),S91.2,0.9799950122833252,,,,,
957,3,角膜(另见伤口，眼),"cornea (see also Wound, ocular)",S05.8,0.9826843738555908,,,,,
957,3,结膜(另见伤口，眼),"conjunctiva (see also Wound, ocular)",S05.0,0.9817664623260498,,,,,
957,3,睫状体(眼)-见伤口，眼,"ciliary body (eye) - see Wound, ocular",,0.981920599937439,,,,,
957,3,胫,shin,S81.8,0.9578838348388672,,,,,
957,3,精索(阴囊的),spermatic cord (scrotal),S31.3,0.9832693338394165,,,,,
957,4,盆腔区,pelvic region,S37.8,0.9394160509109497,,,,,
957,3,颈部,neck,S11.9,0.983638346195221,,,,,
957,4,多处,multiple,S11.7,0.93597412109375,,,,,
957,4,特指部位 NEC,specified part NEC,S11.8,0.9428079128265381,,,,,
957,3,颈部食管,cervical esophagus,S11.2,0.9823694825172424,,,,,
957,3,颈项,nape (neck),S11.8,0.9496097564697266,,,,,
957,3,颏，颏下区,"chin, submental region",S01.8,0.9344645142555237,,,,,
957,3,口腔,"mouth, oral cavity",S01.5,0.9247806072235107,,,,,
957,3,髋,hip,S71.0,0.9681622385978699,,,,,
957,4,和大腿，多处,"and thigh, multiple",S71.7,0.9599623084068298,,,,,
957,3,眶，贯通性(伴有或不伴有异物),"orbit, penetrating (with or without foreign body)",S05.4,0.9938177466392517,,,,,
957,3,肋区,costal region,S21.9,0.9905394315719604,,,,,
957,4,后,back,S21.2,0.9260257482528687,,,,,
957,4,前,front,S21.1,0.9153388738632202,,,,,
957,3,泪管(开放性),canaliculus lacrimalis,S01.1,0.97993004322052,,,,,
957,4,伴有眼睑伤口,with wound of eyelid,S01.1,0.9807468056678772,,,,,
957,3,泪小管,lacrimal duct,S05.8,0.995827317237854,,,,,
957,4,伴有眼睑伤口,with wound of eyelid,S01.1,0.9567671418190002,,,,,
957,3,颅,skull,S01.8,0.9619227647781372,,,,,
957,3,脉络膜-见伤口，眼,"choroid - see Wound, ocular",,0.9849141240119934,,,,,
957,3,眉部,brow,S01.1,0.9623415470123291,,,,,
957,3,面部NEC,face NEC,S01.8,0.9947201013565063,,,,,
957,3,拇指,thumb,S61.0,0.9543656706809998,,,,,
957,4,伴有伤及指甲(床),with damage to nail (matrix),S61.1,0.9774861335754395,,,,,
958,3,内部部位NEC-见损伤，内部，按部位,"internal site NEC - see Injury, internal, by site",,0.9953845739364624,,,,,
958,3,颞区,"temple, temporal region",S01.8,0.9924129843711853,,,,,
958,3,颞下颌区,temporomandibular area,S01.4,0.9661356210708618,,,,,
958,3,皮肤 NEC,skin NEC,T14.1,0.9456894397735596,,,,,
958,3,脐区,umbilical region,S31.1,0.9718583226203918,,,,,
958,3,气管(颈区),trachea (cervical region),S11.0,0.9729647636413574,,,,,
958,4,胸内,intrathoracic,S27.5,0.9479866027832031,,,,,
958,3,髂(区),iliac (region),S31.1,0.9743002653121948,,,,,
958,3,前臂,forearm,S51.9,0.7817072868347168,,,,,
958,4,多处,multiple,S51.7,0.9035876989364624,,,,,
958,4,特指的NEC,specified NEC,S51.8,0.980219304561615,,,,,
958,3,前额,forehead,S01.8,0.993857204914093,,,,,
958,3,鞘膜,tunica vaginalis,S31.3,0.7819753885269165,,,,,
958,3,躯干 NEC,trunk NEC,T09.1,0.7775027751922607,,,,,
958,4,多部位,multiple sites,T01.1,0.8696464896202087,,,,,
958,3,乳房,"breast, mammary",S21.0,0.7916374802589417,,,,,
958,3,乳突区,mastoid region,S01.8,0.993253231048584,,,,,
958,3,上腹区,epigastric region,S31.1,0.9816877841949463,,,,,
958,3,舌,tongue,S01.5,0.9321532249450684,,,,,
958,3,生殖器(外)NEC,genital organs (external) NEC,S31.5,0.9707958698272705,,,,,
958,3,食管(胸部),esophagus (thoracic),S27.8,0.9791663885116577,,,,,
958,4,颈部,cervical,S11.2,0.9578158259391785,,,,,
958,3,手,hand,S61.9,0.9655209183692932,,,,,
958,4,和腕，多处,"and wrist, multiple",S61.7,0.992817223072052,,,,,
958,4,特指的NEC,specified NEC,S61.8,0.8846606016159058,,,,,
958,3,手术刀，胎儿或新生儿(产伤),"scalpel, fetus or newborn (birth injury)",P15.8,0.9777778387069702,,,,,
958,3,手掌,palm,S61.8,0.9521251916885376,,,,,
958,3,手指,finger(s),S61.0,0.9618574380874634,,,,,
958,4,伴有伤及指甲(床),with damage to nail (matrix),S61.1,0.893330454826355,,,,,
958,3,锁骨上区,supraclavicular region,S11.8,0.9969750642776489,,,,,
958,3,特塞梅特膜-见伤口，眼,"Descemet's membrane - see Wound, ocular",,0.9794511198997498,,,,,
958,3,头部,head,S01.9,0.9762149453163147,,,,,
958,4,多处,multiple,S01.7,0.9571782350540161,,,,,
958,4,特指的NEC,specified NEC,S01.8,0.78900146484375,,,,,
958,4,头皮,scalp,S01.0,0.9558244347572327,,,,,
958,3,腿,leg,,0.9928401708602905,,,,,
958,4,小 oo,lower,S81.9,0.4624135494232178,,,,,
958,5,多处,multiple,S81.7,0.938940167427063,,,,,
958,5,和膝，多处,"and knee, multiple",S81.7,0.9849877953529358,,,,,
958,5,特指的NEC,specified NEC,S81.8,0.9639474153518677,,,,,
958,4,意指下肢-见伤口，开放性，肢，下,"meaning lower limb - see Wound, open, limb, lower",,0.9403814673423767,,,,,
959,3,臀部,buttock,S31.0,0.812015175819397,,,,,
959,3,外阴,vulva,S31.4,0.8509988784790039,,,,,
959,3,腕,wrist,S61.9,0.8767381906509399,,,,,
959,4,和手，多处,"and hand, multiple",S61.7,0.6268882751464844,,,,,
959,4,特指的 NEC,specified NEC,S61.8,0.7099853754043579,,,,,
959,3,膝,knee,S81.0,0.7804865837097168,,,,,
959,3,下背,lower back,S31.0,0.731360137462616,,,,,
959,4,和腹部、骨盆，多处,"and abdomen, pelvis, multiple",S31.7,0.9748779535293579,,,,,
959,3,下腹部,hypogastric region,S31.1,0.441780686378479,,,,,
959,3,涎腺,salivary gland,S01.5,0.9366419315338135,,,,,
959,3,小腿,calf,S81.8,0.9543520212173462,,,,,
959,3,胁腹,flank,S31.1,0.9740047454833984,,,,,
959,3,胸骨区,sternal region,S21.1,0.9982249736785889,,,,,
959,3,胸部(外部)(壁),"chest, thorax, thoracic (external) (wall)",S21.9,0.9916700720787048,,,,,
959,4,多处,multiple,S21.7,0.9639468789100647,,,,,
959,4,后,back,S21.2,0.9699214100837708,,,,,
959,4,前,front,S21.1,0.9095152616500854,,,,,
959,4,特指的 NEC,specified NEC,S21.8,0.9740407466888428,,,,,
959,3,悬雍垂,uvula,S01.5,0.628697395324707,,,,,
959,3,血管-见损伤，血管,"blood vessel - see Injury, blood vessel",,0.9609987139701843,,,,,
959,3,牙槽(突),alveolar (process),S01.5,0.6578196287155151,,,,,
959,3,咽喉,throat,S11.8,0.875898540019989,,,,,
959,3,眼,"eye, ocular",S05.9,0.5663822293281555,,,,,
959,4,附器,adnexa,S05.8,0.48308658599853516,,,,,
959,4,贯通性(眼球),penetrating (eyeball),S05.6,0.5218561887741089,,,,,
959,5,伴有异物,with foreign body,S05.5,0.6117199063301086,,,,,
959,5,眶(伴有或不伴有异物),orbit (with or without foreign body),S05.4,0.9874531030654907,,,,,
959,4,肌肉(眼球外),muscle (extraocular),S05.4,0.9843606352806091,,,,,
959,4,睑,eyelid,S01.1,0.9670456647872925,,,,,
959,4,眶(贯通性)(伴有或不伴有异物),orbit (penetrating) (with or without foreign body),S05.4,0.9823985695838928,,,,,
959,4,撕裂和破裂,laceration and rupture,S05.3,0.9952213168144226,,,,,
959,5,伴有眼内组织脱出或缺失,with prolapse or loss of intraocular tissue,S05.2,0.9870754480361938,,,,,
959,4,撕脱(创伤性剜出术),avulsion (traumatic enucleation),S05.7,0.981126606464386,,,,,
959,4,特指的NEC,specified NEC,S05.8,0.8490422368049622,,,,,
959,4,眼周区,periocular area,S01.1,0.7110480666160583,,,,,
959,3,眼睑,eyelid,S01.1,0.4419633150100708,,,,,
959,3,眼内-见伤口，眼,"intraocular - see Wound, ocular",,0.8605223894119263,,,,,
959,3,"眼前房 - 见伤口,眼","anterior chamber, eye - see Wound, ocular",,0.9272257685661316,,,,,
959,3,眼球(另见伤口，眼),"eyeball, globe (eye) (see also Wound, ocular)",S05,0.8940684199333191,,,,,
959,3,眼周区(伴有或不伴有泪道),periocular area (with or without lacrimal passages),S01.1,0.9690304398536682,,,,,
960,3,眼眦,"canthus, eye",S01.1,0.9603537321090698,,,,,
960,3,腰背,loin,S31.0,0.9501398801803589,,,,,
960,3,腰区,lumbar region,S31.0,0.9718637466430664,,,,,
960,3,腋,axilla,S41.8,0.9943472743034363,,,,,
960,3,阴部,pudendum,S31.4,0.9735708236694336,,,,,
960,3,阴唇(大)(小),labium (majus) (minus),S31.4,0.985766589641571,,,,,
960,3,阴道,vagina,S31.4,0.9947008490562439,,,,,
960,3,阴蒂,clitoris,S31.4,0.9866349101066589,,,,,
960,3,阴茎,penis,S31.2,0.9851434826850891,,,,,
960,3,阴囊,scrotum,S31.3,0.9832307696342468,,,,,
960,3,龈,gum,S01.5,0.9575888514518738,,,,,
960,3,肢,limb,,0.9598346948623657,,,,,
960,4,上 NEC,upper NEC,T11.1,0.9365221261978149,,,,,
960,5,多部位,multiple sites,T01.2,0.9554435610771179,,,,,
960,4,下NEC,lower NEC,T13.1,0.9030609726905823,,,,,
960,5,多部位,multiple sites,T01.3,0.9614322781562805,,,,,
960,3,直肠阴道隔,rectovaginal septum,S31.8,0.9932317137718201,,,,,
960,3,指[趾],digit(s),,0.9667754769325256,,,,,
960,4,脚,foot,S91.1,0.9690209627151489,,,,,
960,5,伴有伤及趾甲(床),with damage to nail (matrix),S91.2,0.9804942011833191,,,,,
960,4,手,hand,S61.0,0.9056609869003296,,,,,
960,5,伴有伤及指甲(床),with damage to nail (matrix),S61.1,0.9940035343170166,,,,,
960,3,肘,elbow,S51.0,0.9501705169677734,,,,,
960,3,足,foot,S91.3,0.9825795888900757,,,,,
960,3,足背,instep,S91.3,0.9954242706298828,,,,,
960,3,足跟,heel,S91.3,0.9569007754325867,,,,,
960,4,和踝，多处,"and ankle, multiple",S91.7,0.9622288942337036,,,,,
960,1,shāng 商,,,0.999984085559845,,,,,
960,2,商店偷窃，不伴有精神障碍表现,"Shoplifting, without manifest psychiatric disorder",Z03.2,0.9949303269386292,,,,,
960,1,shàng 上,,,0.9999520182609558,,,,,
960,2,上腹部 - 见情况,"Epigastrium, epigastric - see condition",,0.9637607932090759,,,,,
960,2,上腹疝-见疝，腹,"Epigastrocele - see Hernia, ventral",,0.9926620125770569,,,,,
960,2,上颌骨，上颌的-见情况,"Maxilla, maxillary - see condition",,0.9818823337554932,,,,,
960,2,上颌寄生胎畸胎,Epignathus,Q89.4,0.9941116571426392,,,,,
960,2,上呼吸道的 - 见情况,Upper respiratory - see condition,,0.9657154083251953,,,,,
960,2,上睑下垂,"Blepharoptosis, Ptosis",H02.4,0.9319713711738586,,,,,
960,3,先天性,congenital,Q10.0,0.9736050367355347,,,,,
961,2,上髁炎(肘),Epicondylitis (elbow),,0.9854349493980408,,,,,
961,3,内,medial,M77.0,0.9479965567588806,,,,,
961,3,外,lateral,M77.1,0.965815544128418,,,,,
961,2,上皮(性)的- 见情况,"Epithelium, epithelial - see condition",,0.979120671749115,,,,,
961,2,上皮瘤(恶性)(M8011/3)-另见肿瘤，恶性,"Epithelioma (malignant) (M8011/3) - see also Neoplasm, malignant",,0.9866446852684021,,,,,
961,3,鲍恩(M8081/2)-见肿瘤，皮肤，原位,"Bowen's (M8081/2) - see Neoplasm, skin, in situ",,0.9881711006164551,,,,,
961,3,表皮内[雅达松](M8096/0)-见肿瘤，皮肤，良性,"intraepidermal, Jadassohn (M8096/0) - see Neoplasm, skin, benign",,0.9803920388221741,,,,,
961,3,钙化[马勒布](M8110/0)-见肿瘤，皮肤，良性,"calcifying, of Malherbe (M8110/0) - see Neoplasm, skin, benign",,0.9700578451156616,,,,,
961,3,基底细胞(M8090/3)-见肿瘤，皮肤，恶性,"basal cell (M8090/3) - see Neoplasm, skin, malignant",,0.9890933632850647,,,,,
961,3,良性(M8011/0)-见肿瘤，良性,"benign (M8011/0) - see Neoplasm, benign",,0.9691060185432434,,,,,
961,3,鳞状细胞(M8070/3)-见肿瘤，恶性,"squamous cell (M8070/3) - see Neoplasm, malignant",,0.9916492700576782,,,,,
961,3,囊状腺样(M8100/0)-见肿瘤，皮肤，良性,"adenoides cysticum (M8100/0) - see Neoplasm, skin, benign",,0.9861741065979004,,,,,
961,3,外部-见肿瘤，皮肤，恶性,"external site - see Neoplasm, skin, malignant",,0.9863965511322021,,,,,
961,2,上皮瘤病，色素沉着性,"Epitheliomatosis, pigmented",Q82.1,0.9773368835449219,,,,,
961,2,上斜视,Hypertropia,H50.2,0.9999825954437256,,,,,
961,2,上隐斜(交替性),Hyperphoria (alternating),H50.5,0.9850072264671326,,,,,
961,1,shàng 尚,,,0.9998378157615662,,,,,
961,2,尚贝格病(进行性色素沉着性皮肤病),Schamberg's disease (progressive pigmentary dermatosis),L81.7,0.984568178653717,,,,,
961,1,shāo 烧,,,0.941084086894989,,,,,
961,2,烧伤(电流)(火焰)(热气体、液体或物体)(辐射)(蒸气)(热的),"Burn (electricity) (flame) (hot gas, liquid or object) (radiation) (steam) (thermal)",T30.0,0.9838480353355408,,,,,
961,3,注：下列第四位数亚目与T20-T25，和类目一起使用：.0 未特指度数.1一度红斑.2二度水疱，表皮损失.3三度下部组织深度坏死全层皮肤损失,"Note: The following fourth-character subdivisions are for use with categories T20-T25, T29 and T30: .0 Unspecified degree .1 First degree Erythema .2 Second degree Blisters, epidermal loss .3 Third degree Deep necrosis of underlying tissue Full-thickness skin loss",,0.9380170106887817,,,,,
961,3,度-作为烧伤，按部位编码，伴有第四位数.1,"first degree - code as Burn, by site, with fourth character .1",,0.962677001953125,,,,,
961,3,二度-作为烧伤，按部位编码，伴有第四位数.2,"second degree - code as Burn, by site, with fourth character .2",,0.9759128093719482,,,,,
961,3,三度-作为烧伤，按部位编码，伴有第四位数.3,"third degree - code as Burn, by site, with fourth character.3",,0.9864079356193542,,,,,
961,3,四度-作为烧伤，按部位编码，伴有第四位数.3,"fourth degree - code as Burn, by site, with fourth character.3",,0.9615414142608643,,,,,
962,3,背(下),back (lower),T21,0.9738002419471741,,,,,
962,3,鼻(中隔),nose (septum),T20,0.9703895449638367,,,,,
962,3,臂(下)(上)-见烧伤，肢，上,"arm (lower) (upper) - see Burn, limb, upper",,0.9696056842803955,,,,,
962,3,扁桃体,tonsil(s),T28.0,0.9791576862335205,,,,,
962,3,表皮丢失-作为烧伤，按部位编码，伴有,"epidermal loss - code as Burn, by site,with fourth",,0.9745905995368958,,,,,
962,3,第四位数.2,character.2,,0.9535062909126282,,,,,
962,3,肠(大)(小),intestine (large) (small),T28.2,0.9746700525283813,,,,,
962,3,唇,lip(s),T20,0.9639890193939209,,,,,
962,3,大腿,thigh(s),T24,0.9745292663574219,,,,,
962,3,耳(廓)(管)(鼓)(外),ear (auricle) (canal) (drum) (external),T20,0.9576780796051025,,,,,
962,3,非全层皮肤损伤-作为烧伤，按部位编码，伴有第四位数.2,"partial thickness skin damage – code as Burn, by site, with fourth character .2",,0.9771990776062012,,,,,
962,3,肺(伴有喉和气管),lung (with larynx and trachea),T27.1,0.9977541565895081,,,,,
962,3,腐蚀伤(外)(内)-见腐蚀伤，按部位,"corrosion (external) (internal) - see Corrosion, by site",,0.9756695628166199,,,,,
962,3,腐蚀性酸或苛性碱-见腐蚀伤，按部位,"caustic acid or alkaline - see Corrosion, by site",,0.9820905327796936,,,,,
962,3,腹部(肌肉)(壁),"abdomen, abdominal (muscle) (wall)",T21,0.983241856098175,,,,,
962,3,腹股沟,groin,T21,0.9645587801933289,,,,,
962,3,肛门,anus,T21,0.9711475372314453,,,,,
962,3,睾丸,testis,T21,0.9526636600494385,,,,,
962,3,宫颈,cervix,T28.3,0.9601823091506958,,,,,
962,3,巩膜,sclera,T26.3,0.9804100394248962,,,,,
962,3,骨盆,pelvis,T21,0.9007858633995056,,,,,
962,3,红斑(性)-作为烧伤，按部位编码，伴有第四位数.1,"erythema, erythematous - code as Burn,by site, with fourth character.1",,0.9803731441497803,,,,,
962,3,喉,larynx,T27.0,0.9732024669647217,,,,,
962,4,伴有肺,with lung,T27.1,0.9620252251625061,,,,,
962,3,呼吸道,respiratory tract,T27.3,0.9965876936912537,,,,,
962,4,特指部位NEC,specified part NEC,T27.2,0.9779848456382751,,,,,
962,3,化学性(酸类)(碱类)(腐蚀剂类)(外)(内)-见腐蚀伤，按部位,"chemical (acids) (alkalines) (caustics) (external) (internal) - see Corrosion, by site",,0.9704037308692932,,,,,
962,3,踝(和足),ankle (and foot),T25,0.9785159826278687,,,,,
962,4,伴有腿,with leg,T29,0.9917399287223816,,,,,
962,3,会阴,perineum,T21,0.9940835237503052,,,,,
962,3,肩，肩胛区,"shoulder(s), scapular region",T22,0.983724057674408,,,,,
962,3,肩胛间区,interscapular region,T21,0.998491108417511,,,,,
962,3,碱(苛性)(外)(内)-见腐蚀伤，按部位,alkaline (caustic) (external) (internal) - see Corrosion by site,,0.9828778505325317,,,,,
962,3,脚趾(甲)(趾甲下的),toe(nail) (subungual),T25,0.9720296263694763,,,,,
962,3,角膜(和结膜),cornea (and conjunctiva),T26.1,0.9759183526039124,,,,,
962,4,化学性,chemical,T26.6,0.968980073928833,,,,,
962,3,结肠,colon,T28.2,0.9983541965484619,,,,,
962,3,结膜(和角膜),conjunctiva (and cornea),T26.1,0.9957736730575562,,,,,
962,4,化学性,chemical,T26.6,0.9781154990196228,,,,,
962,3,颈,neck,T20,0.95687335729599,,,,,
963,3,口腔,mouth,T28.0,0.9604885578155518,,,,,
963,3,髋,hip(s),T24,0.9739284515380859,,,,,
963,3,雷电-见烧伤，按部位,"lightning - see Burn, by site",,0.981454074382782,,,,,
963,3,泪器、泪管、泪腺或泪囊,"lacrimal apparatus, duct, gland or sac",T26.3,0.9967021346092224,,,,,
963,4,化学性,chemical,T26.8,0.9567941427230835,,,,,
963,3,泌尿生殖器官,genitourinary organs,,0.9825186133384705,,,,,
963,4,内,internal,T28.3,0.8706004619598389,,,,,
963,5,由于苛性或腐蚀性物质,from caustic or corrosive substance,T28.8,0.9882978200912476,,,,,
963,4,外,external,T21,0.8926390409469604,,,,,
963,3,面部,face,T20,0.9881543517112732,,,,,
963,3,摩擦-见烧伤，按部位,"friction - see Burn, by site",,0.9851738214492798,,,,,
963,3,拇指,thumb(s),T23,0.9453818202018738,,,,,
963,3,内部器官NEC(另见烧伤，按部位),"internal organs NEC (see also Burn, by site)",T28.4,0.9639970660209656,,,,,
963,4,由于(吞咽)苛性或腐蚀性物质NEC(另见腐蚀伤，按部位),"from caustic or corrosive substance (swallowing) NEC (see also Corrosion, by site)",T28.9,0.973893404006958,,,,,
963,3,颞部,temple,T20,0.9759626388549805,,,,,
963,3,皮肤 NEC,skin NEC,T30.0,0.917912483215332,,,,,
963,3,气管,trachea,T27.0,0.9726446866989136,,,,,
963,4,伴有肺,with lung,T27.1,0.9444034695625305,,,,,
963,3,躯干,trunk,T21,0.9948708415031433,,,,,
963,3,全层皮肤丢失-作为烧伤，按部位编码，伴有第四位数.3,"full-thickness skin loss - code as Burn, by site, with fourth character .3",,0.9767067432403564,,,,,
963,3,全身,"entire body, total body",T29,0.9575801491737366,,,,,
963,3,乳房,breast(s),T21,0.9670413136482239,,,,,
963,3,舌,tongue,T28.0,0.9426750540733337,,,,,
963,3,身体多个部位(可归类于T20-T28中超过一个类目的部位),multiple body regions (sites classifiable to more than one category in T20-T28),T29.0,0.9823936820030212,,,,,
963,4,度(仅，不伴有二度或三度),"first degree (only, without second or third degree)",T29.1,0.9758551716804504,,,,,
963,4,二度(伴有一度),second degree (with first degree),T29.2,0.9537282586097717,,,,,
963,4,三度(伴有一度和二度).,third degree (with first and second degree),T29.3,0.9464932680130005,,,,,
963,3,食管,esophagus,T28.1,0.9777302742004395,,,,,
963,3,手(指)(和腕),hand(s) (phalanges) (and wrist),T23,0.9805452227592468,,,,,
963,4,伴有臂,with arm,T29,0.9384832382202148,,,,,
963,3,手掌,palm(s),T23,0.9489873647689819,,,,,
963,3,手指(甲)(指甲下的),finger(s) (nail) (subungual),T23,0.951170027256012,,,,,
963,3,水疱-作为烧伤，按部位编码，伴有第四位数.2,"blisters - code as Burn, by site, with fourth character.2",,0.9867863059043884,,,,,
963,3,酸(腐蚀性)(外)(内)-见腐蚀伤，按部位,"acid (caustic) (external) (internal) - see Corrosion, by site",,0.9823029041290283,,,,,
963,3,头(和面部)(和颈),head (and face) (and neck),T20,0.9716730117797852,,,,,
963,3,头皮,scalp,T20,0.9574125409126282,,,,,
963,4,仅眼部-见烧伤，眼和附器,"eye(s) only - see Burn, eye(s) and adnexa",,0.9338129758834839,,,,,
963,5,特指部位-见烧伤，按部位,"specified part - see Burn, by site",,0.9604203104972839,,,,,
963,3,"腿(小)(大)-见烧伤,肢,下","leg(s) (lower) (upper) - see Burn, limb(s), lower",,0.9577761292457581,,,,,
964,3,臀部,buttock(s),T21,0.9822449684143066,,,,,
964,3,外阴,vulva,T21,0.9570825695991516,,,,,
964,3,腕(和手),wrist (and hand),T23,0.984523594379425,,,,,
964,4,伴有臂,with arm,T29,0.9822359085083008,,,,,
964,3,未特指部位伴有累及特指的体表范围,unspecified site with extent of body surface involved specified,,0.9980411529541016,,,,,
964,4,小于10%,less than 10 per cent,T31.0,0.9187217354774475,,,,,
964,4,10%-19%,10-19 per cent,T31.1,0.949695348739624,,,,,
964,4,20%-29%,20-29 per cent,T31.2,0.9603114724159241,,,,,
964,4,30%-39%,30-39 per cent,T31.3,0.9347469806671143,,,,,
964,4,40%-49%,40-49 per cent,T31.4,0.9611501693725586,,,,,
964,4,50%-59%,50-59 per cent,T31.5,0.981453001499176,,,,,
964,4,60%-69%,60-69 per cent,T31.6,0.9508926868438721,,,,,
964,4,70%-79%,70-79 per cent,T31.7,0.9830319285392761,,,,,
964,4,80%-89%,80-89 per cent,T31.8,0.9617480635643005,,,,,
964,4,90%或以上,90 per cent or more,T31.9,0.9346951842308044,,,,,
964,3,胃,stomach,T28.2,0.9436101317405701,,,,,
964,3,胃肠道NEC,gastrointestinal tract NEC,T28.2,0.9698710441589355,,,,,
964,4,由于吞咽苛性或腐蚀性物质,from swallowing caustic or corrosive substance,T28.7,0.9791315793991089,,,,,
964,3,吸入NEC(另见烧伤，按部位),"inhalation NEC (see also Burn, by site)",T27.3,0.9787828326225281,,,,,
964,4,苛性或腐蚀性物质(烟雾)-见腐蚀伤，按部位,"caustic or corrosive substance (fumes) - see Corrosion, by site",,0.9723650813102722,,,,,
964,3,膝,knee,T24,0.947572648525238,,,,,
964,3,下背,lower back,T21,0.9242565631866455,,,,,
964,3,下部组织深度坏死-作为烧伤，按部位编码，,"deep necrosis of underlying tissue - code as Burn, by",,0.9940780401229858,,,,,
964,3,伴有第四位数.3,"site, with fourth character .3",,0.9830624461174011,,,,,
964,3,消化道NEC,alimentary tract NEC,T28.2,0.9826065897941589,,,,,
964,3,胁腹,flank,T21,0.9597535729408264,,,,,
964,3,胸部(外)，胸壁,"thorax (external), chest wall",T21,0.9851035475730896,,,,,
964,3,咽，咽喉,"pharynx, throat",T28.0,0.976195752620697,,,,,
964,3,眼和附器,eye(s) and adnexa,T26.4,0.9938015341758728,,,,,
964,4,伴有导致眼球破裂和破坏,with resulting rupture and destruction of eyeball,T26.2,0.9705305695533752,,,,,
964,4,特指部位(另见烧伤，按部位),"specified part (see also Burn, by site)",T26.3,0.97321617603302,,,,,
964,3,眼睑,eyelid(s),T26.0,0.9848040342330933,,,,,
964,4,化学性,chemical,T26.5,0.9496462345123291,,,,,
964,3,眼球-见烧伤，眼和附器,"eyeball - see Burn, eye(s) and adnexa",,0.9943721294403076,,,,,
964,3,眼周区,periocular area,T26.0,0.9929943084716797,,,,,
964,4,化学性,chemical,T26.5,0.9582746028900146,,,,,
964,3,腋,axilla,T22,0.9574464559555054,,,,,
964,3,阴唇(大)(小),labium (majus) (minus),T21,0.9589774012565613,,,,,
964,3,阴道,vagina,T28.3,0.9621461033821106,,,,,
965,3,阴茎,penis,T21,0.989183247089386,,,,,
965,3,阴囊,scrotum,T21,0.9729356169700623,,,,,
965,3,由于内服的化学物质-见腐蚀伤，按部位,"due to ingested chemical agent - see Corrosion, by site",,0.9913799166679382,,,,,
965,3,由于吞咽苛性或腐蚀性物质NEC-见腐蚀伤，按部位,"from swallowing caustic or corrosive substance NEC - see Corrosion, by site",,0.9897138476371765,,,,,
965,3,肢,"limb(s), extremity",,0.9713476896286011,,,,,
965,4,上(除外仅腕和手),upper (except wrist and hand alone) .,T22,0.9783402681350708,,,,,
965,5,伴有腕和手,with wrist and hand,T29,0.9492743611335754,,,,,
965,4,下(除外仅踝或足),lower (except ankle or foot alone),T24,0.9803167581558228,,,,,
965,5,伴有踝和足,with ankle and foot,T29,0.9739187955856323,,,,,
965,3,直肠,rectum,T28.2,0.9986753463745117,,,,,
965,3,子宫,uterus,T28.3,0.9352793097496033,,,,,
965,3,足(和踝)(趾),foot (and ankle) (phalanges) .,T25,0.9807272553443909,,,,,
965,4,伴有腿,with leg,T29,0.9872395992279053,,,,,
965,1,sháo 杓,,,0.9731904864311218,,,,,
965,2,杓状的 - 见情况,Arytenoid - see condition,,0.9410930275917053,,,,,
965,1,shǎo 少,,,0.9999653100967407,,,,,
965,2,少汗，少汗症,"Hypohidrosis, hypoidrosis, Oligohidrosis .",L74.4,0.9987210631370544,,,,,
965,2,少精液症,Oligospermia,N46,0.9998000860214233,,,,,
965,2,少尿,Oliguria,R34,0.9998763203620911,,,,,
965,3,操作后,postprocedural,N99.0,0.9685098528862,,,,,
965,3,后,following,,0.9625986218452454,,,,,
965,4,流产(随后发生),abortion (subsequent episode),O08.4,0.9587662220001221,,,,,
965,5,近期发生-见流产,current episode - see Abortion,,0.9192318320274353,,,,,
965,4,异位妊娠或葡萄胎妊娠,ectopic or molar pregnancy,O08.4,0.9570990204811096,,,,,
965,2,少突神经胶质细胞瘤(M9450/3),Oligodendroglioma (M9450/3),,0.9867886900901794,,,,,
965,3,间变型(M9451/3),anaplastic type (M9451/3),,0.9971450567245483,,,,,
965,4,特指部位-见肿瘤，恶性,"specified site - see Neoplasm, malignant",,0.9810512065887451,,,,,
965,4,未特指部位,unspecified site,C71.9,0.9814419150352478,,,,,
965,3,特指部位-见肿瘤，恶性,"specified site - see Neoplasm, malignant",,0.9847052693367004,,,,,
965,3,未特指部位,unspecified site,C71.9,0.9967156052589417,,,,,
965,2,少牙畸形(另见无牙症),Oligodontia (see also Anodontia),K00.0,0.9982958436012268,,,,,
965,1,shào 绍,,,0.9338118433952332,,,,,
965,2,绍曼,Schaumann's,,0.9994865655899048,,,,,
965,3,病或综合征(另见结节病),disease or syndrome (see also Sarcoidosis),D86.9,0.981113612651825,,,,,
965,3,良性淋巴肉芽肿病,benign lymphogranulomatosis,D86.1,0.9952912926673889,,,,,
966,1,shào 哨,,,,,,,,
966,2,哨型面,Whistling face,Q87.0,0.9999632835388184,,,,,
966,1,shé 舌,,,0.9998799562454224,,,,,
966,2,舌 - 另见情况,"Lingua, Tongue - see also condition",,0.9181889295578003,,,,,
966,3,地图,geographica,K14.1,0.9796074628829956,,,,,
966,3,黑(毛),nigra (villosa),K14.3,0.9783897995948792,,,,,
966,3,裂沟,plicata,K14.5,0.9376438856124878,,,,,
966,3,胼胝,tylosis,K13.2,0.9550541639328003,,,,,
966,3,系带过短,tie,Q38.1,0.9506275057792664,,,,,
966,2,舌病,Glossopathy,K14.9,0.9928746819496155,,,,,
966,2,舌的 - 见情况,Lingual - see condition,,0.9550350308418274,,,,,
966,2,舌麻痹,Glossoplegia,K14.8,0.9996491074562073,,,,,
966,2,舌苔,Coated tongue,K14.3,0.9997607469558716,,,,,
966,2,舌痛,"Glossalgia, Glossodynia",K14.6,0.9549739956855774,,,,,
966,3,剥脱性,exfoliativa,K14.0,0.9859838485717773,,,,,
966,2,舌系带过短,Ankyloglossia,Q38.1,0.999618649482727,,,,,
966,2,舌下的 - 见情况,Sublingual - see condition,,0.9315382838249207,,,,,
966,2,舌下囊肿,Ranula,K11.6,0.9626868367195129,,,,,
966,3,先天性,congenital,Q38.4,0.9584018588066101,,,,,
966,2,舌下炎-见舌炎,Subglossitis - see Glossitis,,0.9984102845191956,,,,,
966,2,舌形虫病,Linguatulosis,B88.8,0.9995157122612,,,,,
966,2,舌炎,"Glossitis, Glottitis",K14.0,0.9995405673980713,,,,,
966,3,糙皮病性,pellagrous,E52+ K93.8*,0.9622079730033875,,,,,
966,3,亨特,Hunter's,D51.0,0.9880899786949158,,,,,
966,3,间质，硬化性,"interstitial, sclerous",K14.0,0.9981177449226379,,,,,
966,3,局限性剥脱性,areata exfoliativa,K14.1,0.9952551126480103,,,,,
966,3,良性游走性,benign migratory,K14.1,0.9943358898162842,,,,,
966,3,慢性浅表性,chronic superficial,K14.0,0.9968185424804688,,,,,
966,3,默勒[慢性舌乳头炎],Moeller's,K14.0,0.9974876642227173,,,,,
966,3,皮质浅表性，硬化性,"cortical superficial, sclerotic",K14.0,0.9988881349563599,,,,,
966,3,浅表性，慢性,"superficial, chronic",K14.0,0.9588150382041931,,,,,
966,3,萎缩性,atrophic,K14.4,0.9827126264572144,,,,,
966,3,正中菱形,median rhomboid,K14.2,0.9603304266929626,,,,,
966,2,舌粘连 -见舌系带过短,Ankyloglossia,,0.9600542187690735,,,,,
966,2,舌灼痛,Glossopyrosis,K14.6,0.9537268877029419,,,,,
966,1,shé 蛇,,,0.9998891353607178,,,,,
966,2,蛇舌状虫病,Porocephaliasis,B88.8,0.9578262567520142,,,,,
967,1,shě 舍,,,,,,,,
967,2,舍恩莱因(-亨诺克)[过敏性]病或紫癜(原发性)(风湿性),Schönlein(-Henoch) disease or purpura (primary) (rheumatic),D69.0,0.9479275941848755,,,,,
967,2,舍格伦-拉松综合征,Sjögren-Larsson syndrome,Q87.1,0.999790608882904,,,,,
967,2,舍格伦综合征或病(另见干燥综合征),Sjögren's syndrome or disease (see also Sicca syndrome),M35.0,0.9920212626457214,,,,,
967,1,shè 社,,,0.9229444265365601,,,,,
967,2,社会,Social,,0.9999749064445496,,,,,
967,3,技能不足 NEC,skills inadequacy NEC,Z73.4,0.9700698852539062,,,,,
967,3,排斥,"exclusion, rejection",Z60.4,0.9940181374549866,,,,,
967,4,由于歧视或迫害(感觉),due to discrimination or persecution (perceived),Z60.5,0.9698901772499084,,,,,
967,3,移居者,transplantation,Z60.3,0.9703893065452576,,,,,
967,3,移民,migrant,Z59.0,0.9902425408363342,,,,,
967,4,文化适应困难,acculturation difficulty,Z60.3,0.9820117950439453,,,,,
967,3,职责冲突NEC,role conflict NEC,Z73.5,0.9712384939193726,,,,,
967,2,社交紊乱型行为，不伴有精神障碍表现,"Dissocial behavior, without manifest psychiatric disorder",Z03.2,0.9985899329185486,,,,,
967,1,shè 射,,,0.9998272061347961,,,,,
967,2,射精,Ejaculation,,0.9999616742134094,,,,,
967,3,过早[早泄],premature,F52.4,0.9864436388015747,,,,,
967,3,精子，疼痛性,"semen, painful",N48.8,0.9777659773826599,,,,,
967,4,心因性,psychogenic,F52.6,0.9749962687492371,,,,,
967,1,shè 摄,,,0.9997711777687073,,,,,
967,2,摄入,Intake,,0.9997406005859375,,,,,
967,3,口,oral,,0.9480723142623901,,,,,
967,4,不足,poor,R63.8,0.9716567993164062,,,,,
967,3,液体,fluid,,0.9772884845733643,,,,,
967,4,不足,poor,R63.8,0.9311248064041138,,,,,
967,1,shēn 申,,,0.9459367394447327,,,,,
967,2,申策尔-吉迪恩综合征,Schinzel-Gideon syndrome,,0.9953451156616211,,,,,
967,2,申克孢子丝菌感染-见孢子丝菌病,Sporothrix schenckii infection - see Sporotrichosis,,0.9990386962890625,,,,,
967,2,申克病[孢子丝菌病],Schenck's disease,B42.1,0.9997316002845764,,,,,
967,1,shēn 伸,,,0.9995428323745728,,,,,
967,2,伸长，神经-见损伤，神经,"Stretching, nerve - see Injury, nerve",,0.9747931957244873,,,,,
968,1,shēn 身,,,,,,,,
968,2,身体不适,Malaise,R53,0.9913994073867798,,,,,
968,2,身心-见障碍，身心,"Psychosomatic - see Disorder, psychosomatic",,0.9879665970802307,,,,,
968,1,shēn 砷,,,0.9835123419761658,,,,,
968,2,砷性色素沉着,Arsenical pigmentation,L81.8,0.9998893737792969,,,,,
968,3,由于药物或药剂-见药物和化学制剂表,from drug or medicament - see Table of drugs and chemicals,,0.9880477786064148,,,,,
968,1,shēn 深,,,0.9690771102905273,,,,,
968,2,深眠状态,Parasomnia,G47.8,0.9999291896820068,,,,,
968,3,非器质性原因,nonorganic origin,F51.9,0.9778828024864197,,,,,
968,2,深脓疮,Ecthyma,L08.0,0.9407057762145996,,,,,
968,3,传染性[触染性],"contagiosum, infectiosum",B08.0,0.9845407009124756,,,,,
968,3,坏疽性,gangrenosum,L88,0.94566810131073,,,,,
968,1,shén 神,,,0.9999139904975891,,,,,
968,2,神经病(变),"Neuropathy, neuropathic",G62.9,0.9990249872207642,,,,,
968,3,癌旁(感觉中枢)(丹尼布朗),paraneoplastic (sensorial) (Denny Brown),D48.9+ G13.0*,0.9690776467323303,,,,,
968,3,癌性,carcinomatous,C80+ G13.0*,0.9467030167579651,,,,,
968,3,臂丛,brachial plexus,G54.0,0.9972806572914124,,,,,
968,3,德热里纳-索塔斯,Déjerine-Sottas,G60.0,0.9539690017700195,,,,,
968,3,骶丛,sacral plexus,G54.1,0.9427105784416199,,,,,
968,3,多发性(急性)(慢性),multiple (acute) (chronic),G62.9,0.9898585081100464,,,,,
968,3,肥大性,hypertrophic,G60.0,0.9784884452819824,,,,,
968,4,德热里纳-索塔斯,Déjerine-Sottas,G60.0,0.9919223189353943,,,,,
968,4,进行性间质性,interstitial progressive,G60.0,0.9948208332061768,,,,,
968,4,夏科-马里-图思[进行性神经性肌萎缩],Charcot-Marie-Tooth,G60.0,0.9819249510765076,,,,,
968,4,婴儿期,of infancy,G60.0,0.9551951885223389,,,,,
968,3,肋间,intercostal,G58.0,0.9977515339851379,,,,,
968,3,慢性,chronic,,0.9826827645301819,,,,,
968,4,复发性脱髓鞘性,"relapsing, demyelinating",G62.8,0.9920249581336975,,,,,
968,4,进行性，节段脱髓鞘性,"progressive, segmentally demyelinating",G62.8,0.9616402983665466,,,,,
968,3,面神经,facial nerve,G51.9,0.9824654459953308,,,,,
968,3,尿毒症性,uremic,N18.8+ G63.8*,0.9336240887641907,,,,,
968,3,膀胱,bladder,N31.9,0.9945718050003052,,,,,
968,4,迟缓性(运动性)(感觉性),atonic (motor) (sensory),N31.2,0.9911949038505554,,,,,
968,4,反射性,reflex,N31.1,0.9836427569389343,,,,,
968,4,非反射性,nonreflex,N31.2,0.9753584265708923,,,,,
969,4,无抑制的,uninhibited,N31.0,0.9844876527786255,,,,,
969,4,自主性,autonomous,N31.2,0.8864611983299255,,,,,
969,3,缺血性-见疾患，神经,"ischemic - see Disorder, nerve",,0.9906049370765686,,,,,
969,3,神经根 NEC,radicular NEC,M54.1,0.9545751810073853,,,,,
969,4,伴有椎间盘疾患(另见病，椎间盘，按部位(伴有)，神经炎),"with intervertebral disk disorder (see also Disease, intervertebral disk, by site, with neuritis)",M51.1+ G55.1*,0.9475240111351013,,,,,
969,4,臂,brachial,M54.1,0.909398078918457,,,,,
969,4,颈 NEC,cervical NEC,M54.1,0.9305304288864136,,,,,
969,4,胸 NEC,thoracic NEC,M54.1,0.9509181976318359,,,,,
969,4,腰骶,"lumbar, lumbosacral",M54.1,0.977544903755188,,,,,
969,4,遗传性感觉性,hereditary sensory,G60.8,0.9643712639808655,,,,,
969,3,视(神经),optic (nerve),H46,0.9695855379104614,,,,,
969,4,缺血性,ischemic,H47.0,0.9751735329627991,,,,,
969,3,糖尿病性(另见E10-E14伴有第四位数.4),diabetic (see also E10-E14 with fourth character .4),E14.4+ G63.2*,0.9789443612098694,,,,,
969,4,单神经病,mononeuropathy,E14.4+ G59.0*,0.982062578201294,,,,,
969,3,特发性,idiopathic,G60.9,0.9532758593559265,,,,,
969,4,进行性,progressive,G60.3,0.9876152276992798,,,,,
969,4,特指的 NEC,specified NEC,G60.8,0.9796909093856812,,,,,
969,3,维生素B₁₂（缺乏）,vitamin B12 (deficiency),E53.8+ G63.4*,0.9545354247093201,,,,,
969,4,伴有贫血(恶性),with anemia (pernicious),D51.0+ G63.4*,0.9771453738212585,,,,,
969,5,由于饮食缺乏,due to dietary deficiency,D51.3+ G63.4*,0.9808148145675659,,,,,
969,3,陷夹,entrapment,G58.9,0.9809474945068359,,,,,
969,4,尺神经,ulnar nerve,G56.2,0.9780145883560181,,,,,
969,4,腓侧神经,peroneal nerve,G57.3,0.9732571840286255,,,,,
969,4,胫后神经,posterior tibial nerve,G57.5,0.9575650095939636,,,,,
969,4,外侧大腿皮神经,lateral cutaneous nerve of thigh,G57.1,0.9898267388343811,,,,,
969,4,正中神经,median nerve,G56.0,0.9896002411842346,,,,,
969,3,血清性,serum,G61.1,0.9523695707321167,,,,,
969,3,牙买加(姜),Jamaica (ginger),G62.2,0.9608538150787354,,,,,
969,3,腰丛,lumbar plexus,G54.1,0.9970110058784485,,,,,
969,3,遗传性,hereditary,G60.9,0.9899473190307617,,,,,
969,4,感觉性,sensory,G60.8,0.9884633421897888,,,,,
969,4,特指的 NEC,specified NEC,G60.8,0.965930700302124,,,,,
969,4,运动和感觉性(I-IV型),motor and sensory (types I-IV),G60.0,0.9743901491165161,,,,,
969,3,与遗传性共济失调有关的,with hereditary ataxia (associated),G60.2,0.9723917841911316,,,,,
969,3,运动和感觉性(另见多神经病),motor and sensory (see also Polyneuropathy),G62.8,0.9896408319473267,,,,,
969,4,遗传性(I-IV型),hereditary (types I-IV),G60.0,0.9836808443069458,,,,,
969,3,中毒性 NEC,toxic NEC,G62.2,0.9597183465957642,,,,,
970,3,周围(神经)(另见多神经病),peripheral (nerve) (see also Polyneuropathy),G62.9,0.9945555329322815,,,,,
970,4,特发性,idiopathic,G60.9,0.9902423024177551,,,,,
970,4,自主,autonomic,G90.9,0.9609975814819336,,,,,
970,5,见于(由于),in (due to),,0.9062874913215637,,,,,
970,6,代谢性疾病NEC,metabolic disease NEC,E88.9+ G99.0*,0.9582841396331787,,,,,
970,6,淀粉样变,amyloidosis,E85.4+ G99.0*,0.9122720956802368,,,,,
970,6,甲状腺功能亢进症,hyperthyroidism,E05.9+ G99.0*,0.9632064700126648,,,,,
970,6,内分泌病NEC,endocrine disease NEC,E34.9+ G99.0*,0.9623678922653198,,,,,
970,6,糖尿病(另见E10-E14伴有第四位数.4),diabetes mellitus (see also E10-E14 with fourth character .4),E14.4+ G99.0*,0.9633130431175232,,,,,
970,6,痛风,gout,M10.0+ G99.1*,0.9358664751052856,,,,,
970,5,特发性,idiopathic,G90.0,0.9756926894187927,,,,,
970,3,自主，周围-见神经病(变)，周围，自主,"autonomic, peripheral - see Neuropathy, peripheral, autonomic",,0.9693402051925659,,,,,
970,3,坐骨大孔,sciatic,G57.0,0.9584203362464905,,,,,
970,2,神经的 - 见情况,Nerve - see condition,,0.9278527498245239,,,,,
970,2,神经毒血症-见毒血症,Neurotoxemia - see Toxemia,,0.9996874928474426,,,,,
970,2,神经根病(另见神经根炎),Radiculopathy (see also Radiculitis),M54.1,0.9997156262397766,,,,,
970,2,神经根脊髓炎(另见脑炎),Radiculomyelitis (see also Encephalitis),G04.9,0.9995458722114563,,,,,
970,3,中毒性，由于白喉棒状杆菌引起,toxic due to Corynebacterium diphtheriae,A36.8+ G05.0*,0.9912675023078918,,,,,
970,2,神经根炎(压迫)(脊椎源性),Radiculitis (pressure) (vertebrogenic),M54.1,0.991378903388977,,,,,
970,3,臂NEC,brachial NEC,M54.1,0.9740963578224182,,,,,
970,3,梅毒性,syphilitic,A52.1+ G99.8*,0.9525614380836487,,,,,
970,3,神经 NEC,cervical NEC,M54.1,0.9217192530632019,,,,,
970,3,胸(伴有内脏痛)NEC,thoracic (with visceral pain) NEC,M54.1,0.9801356196403503,,,,,
970,3,腰骶NEC,"lumbar, lumbosacral NEC",M54.1,0.9445333480834961,,,,,
970,3,由于椎间盘移位-见神经炎，由于，椎间盘移位,"due to displacement of intervertebral disk - see Neuritis, due to, displacement intervertebral disk",,0.9920529723167419,,,,,
970,2,神经官能症－现译名神经症,Neurosis,,0.952786922454834,,,,,
970,2,神经肌病,Neuromyopathy,G70.9,0.9977839589118958,,,,,
970,3,癌旁,paraneoplastic,D48.9+ G13.0*,0.9704000949859619,,,,,
970,2,神经肌肉衰弱(流行性)(感染后),Neuromyasthenia (epidemic) (postinfectious),G93.3,0.9918510317802429,,,,,
970,2,神经肌肉痛,Neuromyalgia,M79.2,0.9999127388000488,,,,,
970,2,神经脊髓炎,Neuromyelitis,G36.9,0.9998324513435364,,,,,
970,3,上行性,ascending,G61.0,0.9618055820465088,,,,,
970,3,视,optica,G36.0,0.9685496091842651,,,,,
970,2,神经胶质瘤(M9505/1)- 见肿瘤，动态未定,"Neuroglioma (M9505/1) - see Neoplasm, uncertain behavior",,0.9829730987548828,,,,,
970,2,神经胶质瘤(恶性)(M9380/3),Glioma (malignant) (M9380/3),,0.9995657801628113,,,,,
970,3,鼻,nose,Q30.8,0.9937114119529724,,,,,
970,3,混合性(M9382/3),mixed (M9382/3),,0.9823232293128967,,,,,
970,4,特指部位-见肿瘤，恶性,"specified site - see Neoplasm, malignant",,0.9485253691673279,,,,,
970,4,未特指部位,unspecified site,C71.9,0.9782724380493164,,,,,
971,3,室管膜下(M9383/1),subependymal (M9383/1),D43.2,0.9938931465148926,,,,,
971,4,特指部位-见肿瘤，动态未定,"specified site - see Neoplasm, uncertain behavior",,0.9921143651008606,,,,,
971,4,未特指部位,unspecified site,D43.2,0.9694625735282898,,,,,
971,3,特指部位NEC-见肿瘤，恶性,"specified site NEC - see Neoplasm, malignant",,0.9872117042541504,,,,,
971,3,未特指部位,unspecified site,C71.9,0.9643805027008057,,,,,
971,3,星形细胞性(M9400/3),astrocytic (M9400/3),,0.9756038188934326,,,,,
971,4,特指部位-见肿瘤，恶性,"specified site - see Neoplasm, malignant",,0.9688352942466736,,,,,
971,4,未特指部位,unspecified site,C71.9,0.9594892859458923,,,,,
971,2,神经胶质肉瘤(M9442/3),Gliosarcoma (M9442/3),,0.9825873970985413,,,,,
971,3,特指部位-见肿瘤，恶性,"specified site - see Neoplasm, malignant",,0.9986154437065125,,,,,
971,3,未特指部位,unspecified site,C71.9,0.9839925169944763,,,,,
971,2,神经胶质神经瘤(M9505/1)-见肿瘤，动态未定,"Glioneuroma (M9505/1) - see Neoplasm, uncertain behavior",,0.9976981282234192,,,,,
971,2,神经胶质增生(大脑),Gliosis (cerebral),G93.8,0.996234118938446,,,,,
971,3,脊髓,spinal,G95.8,0.9893397688865662,,,,,
971,2,神经节成神经细胞瘤[神经节神经母细胞瘤](M9490/3)-见肿瘤，神经，恶性,"Ganglioneuroblastoma (M9490/3) - see Neoplasm, nerve, malignant",,0.9876759648323059,,,,,
971,2,神经节瘤(M9490/0),"Ganglioneuroma, Gangliocytoma (M9490/0)",D36.1,0.9997225403785706,,,,,
971,2,神经节瘤病(M9491/0),Ganglioneuromatosis (M9491/0),D36.1,0.9989874958992004,,,,,
971,3,恶性(M9490/3)-见肿瘤，神经，恶性,"malignant (M9490/3) - see Neoplasm, nerve, malignant",,0.9959868788719177,,,,,
971,2,神经节神经胶质瘤(M9505/1)-见肿瘤，动态未定,"Ganglioglioma (M9505/1) - see Neoplasm, uncertain behavior",,0.9926537871360779,,,,,
971,2,神经节细胞瘤[节旁体瘤，副神经节瘤](M8680/1),Paraganglioma (M8680/1),,0.9998605251312256,,,,,
971,3,恶性(M8680/3),malignant (M8680/3),,0.9635785818099976,,,,,
971,4,特指部位-见肿瘤，恶性,"specified site - see Neoplasm, malignant",,0.9587765336036682,,,,,
971,4,未特指部位,unspecified site,C75.5,0.9579872488975525,,,,,
971,3,非嗜铬性(M8693/1),nonchromaffin (M8693/1),,0.9896212816238403,,,,,
971,4,恶性(M8693/3),malignant (M8693/3),,0.9924786686897278,,,,,
971,5,特指部位-见肿瘤，恶性,"specified site - see Neoplasm, malignant",,0.9809210896492004,,,,,
971,5,未特指部位,unspecified site,C75.5,0.9679423570632935,,,,,
971,4,特指部位-见肿瘤，动态未定,"specified site - see Neoplasm, uncertain behavior",,0.9775184392929077,,,,,
971,4,未特指部位,unspecified site,D44.7,0.9482294321060181,,,,,
971,3,副交感神经(M8682/1),parasympathetic (M8682/1),,0.9894759058952332,,,,,
971,4,特指部位-见肿瘤，动态未定,"specified site - see Neoplasm, uncertain behavior",,0.9803537130355835,,,,,
971,4,未特指部位,unspecified site,D44.7,0.9533438086509705,,,,,
971,3,交感神经(M8681/1),sympathetic (M8681/1),,0.9974507093429565,,,,,
971,4,特指部位-见肿瘤，动态未定,"specified site - see Neoplasm, uncertain behavior",,0.9803633093833923,,,,,
971,4,未特指部位,unspecified site,D44.7,0.9654832482337952,,,,,
971,3,颈(M8690/1),jugular (M8690/1),D44.7,0.989608645439148,,,,,
971,3,颈动脉体(M8692/1),carotid body (M8692/1),D44.6,0.9786877632141113,,,,,
971,3,颈静脉球(M8690/1),glomus jugulare (M8690/1),D44.7,0.9721481800079346,,,,,
971,3,神经节细胞性(M8683/0),gangliocytic (M8683/0),,0.9942448139190674,,,,,
971,4,特指部位-见肿瘤，良性,"specified site - see Neoplasm, benign",,0.954861581325531,,,,,
971,4,未特指部位,unspecified site,D13.2,0.9695109724998474,,,,,
972,3,肾上腺(M8700/0),adrenal (M8700/0),D35.0,0.9755857586860657,,,,,
972,3,肾上腺外(M8693/1),extra-adrenal (M8693/1),,0.9895933270454407,,,,,
972,4,恶性(M8693/3),malignant (M8693/3),,0.9556225538253784,,,,,
972,5,特指部位-见肿瘤，恶性,"specified site - see Neoplasm, malignant",,0.9759619832038879,,,,,
972,5,未特指部位,unspecified site,C75.5,0.9711694121360779,,,,,
972,4,特指部位-见肿瘤，动态未定,"specified site - see Neoplasm, uncertain behavior",,0.9557235240936279,,,,,
972,4,未特指部位,unspecified site,D44.7,0.9479591846466064,,,,,
972,3,嗜铬(M8700/0)-另见肿瘤，良性,"chromaffin (M8700/0) - see also Neoplasm, benign",,0.98347008228302,,,,,
972,4,恶性(M8700/3)-见肿瘤，恶性,"malignant (M8700/3) - see Neoplasm, malignant",,0.9902734160423279,,,,,
972,3,特指部位-见肿瘤，动态未定,"specified site - see Neoplasm, uncertain behavior",,0.9885667562484741,,,,,
972,3,未特指部位,unspecified site,D44.7,0.989706814289093,,,,,
972,3,主动脉体(M8691/1),aortic body (M8691/1),D44.7,0.9920228719711304,,,,,
972,4,恶性(M8691/3),malignant (M8691/3),C75.5,0.9751412868499756,,,,,
972,2,神经节细胞缺失症(肠)(结肠),Aganglionosis (bowel) (colon),Q43.1,0.9993414878845215,,,,,
972,2,神经节炎,Ganglionitis,,0.9999054670333862,,,,,
972,3,带状疱疹后膝状,postherpetic geniculate,B02.2+ G53.0*,0.9739880561828613,,,,,
972,3,带状疱疹性,herpes zoster,B02.2+ G53.0*,0.9806146621704102,,,,,
972,3,第五神经(另见神经痛，三叉),"fifth nerve (see also Neuralgia, trigeminal)",G50.0,0.9948674440383911,,,,,
972,3,加塞[眼部带状疱疹](带状疱疹后),gasserian (postherpetic) (postzoster),B02.3+ H58.8*,0.9917455911636353,,,,,
972,3,膝状,geniculate,G51.1,0.9788439273834229,,,,,
972,4,带状疱疹后,"postherpetic, postzoster",B02.2+ G53.0*,0.9721827507019043,,,,,
972,4,新生儿(产伤),newborn (birth injury),P11.3,0.9784528613090515,,,,,
972,2,神经节苷脂沉积症- 现译名 神经节苷脂贮积症,Gangliosidosis,,0.9687948822975159,,,,,
972,2,神经节苷脂贮积症,Gangliosidosis,E75.1,0.9819484353065491,,,,,
972,3,GM1,GM1,E75.1,0.9643621444702148,,,,,
972,3,GM2(成人型)(婴儿型)(幼年型),GM2 (adult) (infantile) (juvenile),E75.0,0.9710797667503357,,,,,
972,3,GM3,GM3,E75.1,0.9982935190200806,,,,,
972,2,神经磷脂贮积症,Sphingomyelinosis,E75.3,0.9997747540473938,,,,,
972,2,神经瘤(M9570/0)-另见肿瘤，神经，良性,"Neuroma (M9570/0) – see also Neoplasm, nerve, benign",,0.9752498865127563,,,,,
972,2,神经瘤性象皮病(先天性),Pachydermatocele (congenital),Q82.8,0.9929006099700928,,,,,
972,3,丛状(M9550/0)-见肿瘤，神经，良性,"plexiform (M9550/0) – see Neoplasm, nerve, benign",,0.9818309545516968,,,,,
972,3,莫顿,Morton's,G57.6,0.9502299427986145,,,,,
972,3,切断(残端)(晚期)(手术并发症)(创伤性),amputation (stump) (late) (surgical complication) (traumatic),T87.3,0.9913952946662903,,,,,
972,3,视(神经),optic (nerve),D33.3,0.9862068891525269,,,,,
972,3,听(神经)(M9560/0),acoustic (nerve) (M9560/0),D33.3,0.9822024703025818,,,,,
972,3,跖骨间 NEC,intermetatarsal NEC,G57.8,0.9633411765098572,,,,,
972,3,指间,interdigital,G58.8,0.9971503019332886,,,,,
972,3,上肢,upper limb,G56.8,0.9244470596313477,,,,,
972,4,下肢 NEC,lower limb NEC,G57.8,0.9392061233520508,,,,,
972,2,神经麻风,Neuroleprosy,A30.9,0.9988924860954285,,,,,
973,2,神经梅毒(静止期)(晚期)(复发性),"Neurosyphilis, neurosyphilitic (arrested) (late) (recurrent)",A52.3,0.9925372004508972,,,,,
973,3,伴有共济失调(小脑)(运动性)(痉挛性)(脊髓性),with ataxia (cerebellar) (locomotor) (spastic) (spinal),A52.1,0.9921959638595581,,,,,
973,3,出血性,hemorrhagic,A52.3,0.9565423130989075,,,,,
973,3,动脉瘤(大脑),aneurysm (cerebral),A52.0+ I68.8*,0.9531375169754028,,,,,
973,3,动脉炎(任何动脉)(大脑),arteritis (any artery) (cerebral),A52.0+ I68.1*,0.9746226072311401,,,,,
973,3,脊髓痨(性)，脊髓痨性麻痹性痴呆,"tabes, tabetic (dorsalis), taboparesis",A52.1,0.9623035788536072,,,,,
973,4,幼年型,juvenile,A50.4,0.9951488375663757,,,,,
973,3,麻痹性，全身性麻痹(另见麻痹，全身性),"paresis, paretic, general paresis (see also Paralysis, general)",A52.1,0.9842848777770996,,,,,
973,3,脑(脊)膜(粘连),"meningeal, meninges (adhesive)",A52.1+ G01*,0.9612566232681274,,,,,
973,3,脑膜血管性(弥漫性),meningovascular (diffuse),A52.1+ G01*,0.9812459349632263,,,,,
973,3,脑膜炎,meningitis,A52.1+ G01*,0.9536104798316956,,,,,
973,3,软脑(脊)膜(无菌性),leptomeninges (aseptic),A52.1+ G01*,0.9829027652740479,,,,,
973,3,实质性(变性性),parenchymatous (degenerative),A52.1,0.9971880316734314,,,,,
973,3,视萎缩,optic atrophy,A52.1+ H48.0*,0.9469674229621887,,,,,
973,3,树胶样肿,gumma,A52.3,0.9646711945533752,,,,,
973,3,特指性质或部位NEC,specified nature or site NEC,A52.1,0.9881628751754761,,,,,
973,3,无症状型,asymptomatic,A52.2,0.9935150146484375,,,,,
973,3,先天性,congenital,A50.4,0.9927935600280762,,,,,
973,3,血管(大脑)NEC,vascular (cerebral) NEC,A52.0+ I68.8*,0.9489202499389648,,,,,
973,3,血清学(不伴有症状),serological (without symptoms),A52.2,0.97979336977005,,,,,
973,3,血栓形成(大脑),thrombosis (cerebral),A52.0+ I68.8*,0.9691314697265625,,,,,
973,3,硬脑(脊)膜,dura (mater),A52.1+ G01*,0.9656099081039429,,,,,
973,3,幼年型(无症状型)(脑膜),juvenile (asymptomatic) (meningeal),A50.4,0.9898860454559326,,,,,
973,3,蛛网膜(粘连),arachnoid (adhesive),A52.1+ G01*,0.9918435215950012,,,,,
973,2,神经盘炎,Papillitis,H46,0.9998854398727417,,,,,
973,3,视,optic,H46,0.9640620350837708,,,,,
973,2,神经鞘瘤(M9560/0)-见肿瘤，神经，良性,"Neurinoma, Neurilemmoma, Schwannoma (M9560/0) see Neoplasm, nerve, benign",,0.9822210073471069,,,,,
973,3,恶性(M9560/3)-另见肿瘤，神经，恶性,"malignant (M9560/3) – see also Neoplasm, nerve, malignant",,0.9779214859008789,,,,,
973,4,伴有成横纹肌细胞分化(M9561/3)-见肿瘤，神经，恶性,"with rhabdomyoblastic differentiation (M9561/3) see Neoplasm, nerve, malignant",,0.9698518514633179,,,,,
973,4,听(神经),acoustic (nerve),C72.4,0.9744324684143066,,,,,
973,3,黑素细胞性(M9560/0)-见肿瘤，神经，良性,"melanocytic (M9560/0) – see Neoplasm, nerve, benign",,0.9671976566314697,,,,,
973,3,色素沉着性(M9560/0)-见肿瘤，神经，良性,"pigmented (M9560/0) – see Neoplasm, nerve, benign",,0.9793695211410522,,,,,
973,3,听(神经),acoustic (nerve),D33.3,0.9918556213378906,,,,,
973,2,神经鞘瘤病(M9560/1)-见肿瘤，神经，动态未定,"Neurinomatosis (M9560/1) - see Neoplasm, nerve, uncertain behavior",,0.9752802848815918,,,,,
973,2,神经鞘粘液瘤(M9562/0)-见肿瘤，神经，良性,"Neurothekeoma (M9562/0) – see Neoplasm, nerve, benign",,0.9929717779159546,,,,,
973,2,神经鞘肉瘤(M9560/3)-见肿瘤，神经，恶性,"Neurilemmosarcoma (M9560/3) – see Neoplasm, nerve, malignant",,0.9920185208320618,,,,,
973,2,神经鞘脂贮积症,Sphingolipidosis,E75.3,0.9997664093971252,,,,,
973,3,特指的NEC,specified NEC,E75.2,0.9757308959960938,,,,,
974,2,神经肉瘤(M9540/3)-见肿瘤，神经，恶性,"Neurosarcoma (M9540/3) - see Neoplasm, nerve, malignant",,0.9991472959518433,,,,,
974,2,神经上皮瘤(M9503/3)-另见 肿瘤，恶性,"Neuroepithelioma (M9503/3) - see also Neoplasm, malignant",,0.9809308052062988,,,,,
974,3,嗅神经(M9523/3),olfactory (M9523/3),C30.0,0.9834747910499573,,,,,
974,2,神经失用症-见损伤，神经,"Neurapraxia - see Injury, nerve",,0.9860712289810181,,,,,
974,2,神经束膜内膜炎-见疾患，神经,"Endoperineuritis - see Disorder, nerve",,0.9939919710159302,,,,,
974,2,神经束膜炎 NEC,Perineuritis NEC,M79.2,0.9833759069442749,,,,,
974,2,神经衰弱,Neurasthenia,F48.0,0.9913234710693359,,,,,
974,3,胃,gastric,F45.3,0.981045126914978,,,,,
974,3,心脏,"cardiac, heart",F45.3,0.9961371421813965,,,,,
974,2,神经痛(急性)(另见神经炎),"Neuralgia, neuralgic (acute) (see also Neuritis)",M79.2,0.9990456700325012,,,,,
974,3,带状疱疹后NEC,postherpetic NEC,B02.2+ G53.0*,0.9506328701972961,,,,,
974,4,三叉,trigeminal,B02.2+ G53.0*,0.9308977127075195,,,,,
974,3,蝶腭(神经节),sphenopalatine (ganglion),G44.8,0.9785382747650146,,,,,
974,3,耳,ear,H92.0,0.9683140516281128,,,,,
974,3,福瑟吉尔(另见神经痛，三叉),"Fothergill's (see also Neuralgia, trigeminal)",G50.0,0.9877171516418457,,,,,
974,3,亨特,Hunt's,B02.2+ G53.0*,0.9585510492324829,,,,,
974,3,睫部,ciliary,G44.0,0.9661162495613098,,,,,
974,3,眶下(另见神经痛，三叉),"infraorbital (see also Neuralgia, trigeminal)",G50.0,0.9973514080047607,,,,,
974,3,颅,cranial,,0.9476907253265381,,,,,
974,4,带状疱疹后,"postherpetic, postzoster",B02.2+ G53.0*,0.9765090942382812,,,,,
974,4,神经-另见疾患，神经，颅,"nerve - see also Disorder, nerve, cranial",,0.9706361889839172,,,,,
974,5,第五或三叉(另见神经痛，三叉),"fifth or trigeminal (see also Neuralgia, trigeminal)",G50.0,0.9843869209289551,,,,,
974,3,颅神经-见疾患，神经，颅,"nerve, cranial - see Disorder, nerve, cranial",,0.9938894510269165,,,,,
974,3,莫顿,Morton's,G57.6,0.9857277870178223,,,,,
974,3,偏头痛性,migrainous,G44.0,0.990274965763092,,,,,
974,3,三叉,"trigeminal, trifacial",G50.0,0.9421696066856384,,,,,
974,4,带状疱疹后,"postherpetic, postzoster",B02.2+ G53.0*,0.9814196228981018,,,,,
974,3,舌下(神经),hypoglossal (nerve),G52.3,0.9876403212547302,,,,,
974,3,舌咽(神经),glossopharyngeal (nerve),G52.1,0.9632390737533569,,,,,
974,3,书写,writer's,F48.8,0.9412420988082886,,,,,
974,4,器质性,organic,G25.8,0.9789916276931763,,,,,
974,3,特指的神经 NEC,specified nerve NEC,G58.8,0.9712203145027161,,,,,
974,3,膝状神经节,facialis vera,G51.1,0.9842332005500793,,,,,
974,2,神经维生素缺乏病,Neuroavitaminosis,E56.9+ G99.8*,0.9704175591468811,,,,,
974,2,神经系统囊虫病,Neurocysticercosis,B69.0+ G99.8*,0.9924706816673279,,,,,
974,2,神经细胞瘤(M9506/0)-见肿瘤，良性,"Neurocytoma (M9506/0) - see Neoplasm, benign",,0.9982182383537292,,,,,
974,2,神经纤维瘤(M9540/0)-另见肿瘤，神经，良性,"Neurofibroma (M9540/0) - see also Neoplasm, nerve, benign",,0.9834197759628296,,,,,
974,3,丛状(M9550/0)-见肿瘤，神经，良性,"plexiform (M9550/0) - see Neoplasm, nerve, benign",,0.976382851600647,,,,,
974,3,多发性-见神经纤维瘤病,multiple - see Neurofibromatosis,,0.9872167110443115,,,,,
974,3,黑素(M9541/0)-见肿瘤，神经，良性,"melanotic (M9541/0) - see Neoplasm, nerve, benign",,0.9739755392074585,,,,,
975,2,神经纤维瘤病(多发性)(非恶性)(M9540/1),Neurofibromatosis (multiple) (nonmalignant) (M9540/1),Q85.0,0.9760943055152893,,,,,
975,3,恶性(M9540/3)-见肿瘤，神经，恶性,"malignant (M9540/3) - see Neoplasm, nerve, malignant",,0.9927924275398254,,,,,
975,2,神经纤维肉瘤(M9540/3)-见肿瘤，神经，恶性,"Neurofibrosarcoma (M9540/3) - see Neoplasm, nerve, malignant",,0.9888774156570435,,,,,
975,2,神经陷夹-见神经病(变)，陷夹,"Entrapment, nerve - see Neuropathy, entrapment",,0.9626061916351318,,,,,
975,2,神经星形细胞瘤(M9505/1)-见肿瘤，动态未定,"Neuroastrocytoma (M9505/1) - see Neoplasm, uncertain behavior",,0.9879657030105591,,,,,
975,2,神经性肌强直(艾萨克),Neuromyotonia (Isaacs),G71.1,0.9751734137535095,,,,,
975,2,神经性麻痹的 - 见情况,Neuroparalytic - see condition,,0.9622521996498108,,,,,
975,2,神经性皮炎(局限性)(局部),Neurodermatitis (circumscribed) (circumscripta) (local),L28.0,0.9989568591117859,,,,,
975,3,变应性,atopic,L20.8,0.9860271215438843,,,,,
975,3,播散性,disseminated,L20.8,0.9927451610565186,,,,,
975,3,弥漫性(布罗克),diffuse (Brocq),L20.8,0.9983985424041748,,,,,
975,2,神经性食欲亢进,Hyperorexia nervosa,F50.2,0.9999465346336365,,,,,
975,2,神经性循环衰弱,Soldier's heart,F45.3,0.9999104738235474,,,,,
975,2,神经循环性衰弱,Neurocirculatory asthenia,F45.3,0.9720069169998169,,,,,
975,2,神经炎,Neuritis,M79.2,0.9879989624023438,,,,,
975,3,臂,brachial,M54.1,0.9860549569129944,,,,,
975,4,由于椎间盘移位,"due to displacement, intervertebral disk",M50.1+ G55.1*,0.9810487627983093,,,,,
975,3,产褥期、产后,"puerperal, postpartum",O26.8,0.9959272742271423,,,,,
975,3,传染性(多发性)NEC,infectious (multiple) NEC,G61.0,0.9837906956672668,,,,,
975,3,带状疱疹后,"postherpetic, postzoster",B02.2+ G53.0*,0.98111891746521,,,,,
975,3,德热里纳-索塔斯,Déjerine-Sottas,G60.0,0.993861198425293,,,,,
975,3,地方性，地方性多发性[脚气病],"endemic, multiplex endemica",E51.1+ G63.4*,0.9870854020118713,,,,,
975,3,淀粉样性，任何部位,"amyloid, any site",E85.4+ G63.3*,0.9902865886688232,,,,,
975,3,动眼(神经),oculomotor (nerve),H49.0,0.9948050379753113,,,,,
975,3,多发性(另见多神经病),multiple (see also Polyneuropathy),G62.9,0.9944356679916382,,,,,
975,4,地方性,endemic,E51.1+ G63.4*,0.9837172031402588,,,,,
975,4,感染性，急性,"infective, acute",G61.0,0.9834635257720947,,,,,
975,3,分类于他处疾病中的-见多神经病,in disease classified elsewhere - see Polyneuropathy,,0.99813312292099,,,,,
975,3,滑车(神经),trochlear (nerve),H49.1,0.9840710163116455,,,,,
975,3,脊(神经)根(另见神经根炎),spinal (nerve) root (see also Radiculitis),M54.1,0.9888982772827148,,,,,
975,3,肩带,shoulder-girdle,G54.5,0.9464680552482605,,,,,
975,3,进行性肥大性间质性,progressive hypertrophic interstitial,G60.0,0.9893527030944824,,,,,
975,3,类风湿性(慢性),rheumatoid (chronic),M79.2,0.9870110750198364,,,,,
975,3,颅神经,cranial nerve,,0.9989219307899475,,,,,
975,4,第二或视,second or optic,H46,0.946408748626709,,,,,
975,4,第三或动眼,third or oculomotor,H49.0,0.95771324634552,,,,,
975,4,第四或滑车,fourth or trochlear,H49.1,0.9831499457359314,,,,,
975,4,第六或展,sixth or abducent,H49.2,0.972848117351532,,,,,
975,4,第七或面,seventh or facial,G51.8,0.9518258571624756,,,,,
975,5,新生儿(产伤),newborn (birth injury),P11.3,0.9827128052711487,,,,,
975,4,第八或听,eighth or acoustic or auditory,H93.3,0.9379269480705261,,,,,
976,3,梅毒性,syphilitic,A52.1+ G59.8*,0.980961799621582,,,,,
976,3,面,facial,G51.8,0.9428441524505615,,,,,
976,4,新生儿(产伤),newborn (birth injury),P11.3,0.9904311895370483,,,,,
976,3,球后,retrobulbar,H46,0.9676993489265442,,,,,
976,4,见于(由于),in (due to),,0.8431010246276855,,,,,
976,5,多发性硬化,multiple sclerosis,G35+ H48.1*,0.9865290522575378,,,,,
976,5,脑膜炎球菌性感染,meningococcal infection,A39.8+ H48.1*,0.9717168211936951,,,,,
976,5,晚期梅毒,late syphilis,A52.1+ H48.1*,0.9720562100410461,,,,,
976,4,梅毒性,syphilitic,A52.1+ H48.1*,0.940276026725769,,,,,
976,4,脑膜炎球菌性,meningococcal,A39.8+ H48.1*,0.9800955057144165,,,,,
976,3,全身性-见多神经病,general - see Polyneuropathy,,0.9969468116760254,,,,,
976,3,妊娠中发生的,arising during pregnancy,O26.8,0.9945337176322937,,,,,
976,3,神经根(另见神经根炎),nerve root (see also Radiculitis),M54.1,0.9943958520889282,,,,,
976,3,视(遗传性)(交感神经),optic (hereditary) (sympathetic),H46,0.9722542762756348,,,,,
976,4,伴有脱髓鞘,with demyelination,G36.0,0.9681771397590637,,,,,
976,3,糖尿病性(多神经病)(另见 E10-E14 伴有第四位数.4),diabetic (polyneuropathy) (see also E10-E14 with fourth character.4),E14.4+ G63.2*,0.9501678943634033,,,,,
976,4,单神经病,mononeuropathy,E14.4+ G59.0*,0.9715502858161926,,,,,
976,3,特指的神经 NEC,specified nerve NEC,G58.8,0.9687853455543518,,,,,
976,3,听(神经),"acoustic, auditory (nerve)",H93.3,0.9894254207611084,,,,,
976,4,见于(由于),in (due to),,0.9164829254150391,,,,,
976,5,传染病NEC,infectious disease NEC,B99+ H94.0*,0.9436468482017517,,,,,
976,5,寄生虫病NEC,parasitic disease NEC,B89+ H94.0*,0.9384925961494446,,,,,
976,4,梅毒性,syphilitic,A52.1+ H94.0*,0.976799726486206,,,,,
976,3,痛风性,gouty,M10.0+ G63.6*,0.9909651279449463,,,,,
976,3,膝状神经节,geniculate ganglion,G51.1,0.9969977736473083,,,,,
976,4,由于疱疹(带状疱疹),due to herpes (zoster),B02.2+ G53.0*,0.9848276972770691,,,,,
976,3,胸,thoracic,M54.1,0.969367265701294,,,,,
976,3,嗅神经,olfactory nerve,G52.0,0.9973201751708984,,,,,
976,3,腰骶,"lumbar, lumbosacral",M54.1,0.9789745807647705,,,,,
976,3,由于,due to,,0.9463561177253723,,,,,
976,4,脚气病,beriberi,E51.1+ G63.4*,0.9626225233078003,,,,,
976,4,疝形成，髓核,"herniation, nucleus pulposus",M51.1+ G55.1*,0.9606705904006958,,,,,
976,5,颈椎,cervical,M50.1+ G55.1*,0.9294004440307617,,,,,
976,5,胸椎、胸腰椎,"thoracic, thoracolumbar",M51.1+ G55.1*,0.9717345237731934,,,,,
976,5,腰骶,"lumbar, lumbosacral",M51.1+ G55.1*,0.9695508480072021,,,,,
976,4,椎间盘移位、脱出、突出或破裂,"displacement, prolapse, protrusion or rupture, intervertebral disk",M51.1+ G55.1*,0.985329270362854,,,,,
976,5,颈,cervical,M50.1+ G55.1*,0.9871030449867249,,,,,
976,5,胸、胸腰,"thoracic, thoracolumbar",M51.1+ G55.1*,0.9872497916221619,,,,,
976,5,腰骶,"lumbar, lumbosacral",M51.1+ G55.1*,0.9741439819335938,,,,,
976,3,与妊娠有关的,pregnancy-related,O26.8,0.9894662499427795,,,,,
976,3,展(神经),abducens (nerve),H49.2,0.9869115948677063,,,,,
977,3,中毒性 NEC,toxic NEC,G62.2,0.9515215754508972,,,,,
977,3,周围(神经),peripheral (nerve),G62.9,0.9710003137588501,,,,,
977,4,并发于妊娠或产褥期,complicating pregnancy or puerperium,O26.8,0.9629713892936707,,,,,
977,4,单一-见单神经炎,single - see Mononeuritis,,0.9254398345947266,,,,,
977,4,多发性(另见多神经病),multiple (see also Polyneuropathy),G62.9,0.9917222261428833,,,,,
977,3,坐骨大孔(神经),sciatic (nerve),M54.3,0.9710706472396851,,,,,
977,4,由于椎间盘移位,due to displacement of intervertebral disk,M51.1+ G55.1*,0.9619451761245728,,,,,
977,2,神经硬化-见疾患，神经,"Neurosclerosis - see Disorder, nerve",,0.9896373748779297,,,,,
977,2,神经元蜡样脂褐质贮积症,"Ceroid-lipofuscinosis, neuronal",E75.4,0.9995944499969482,,,,,
977,2,神经元炎,Neuronitis,G58.9,0.9856488704681396,,,,,
977,3,前庭,vestibular,H81.2,0.9521996974945068,,,,,
977,2,神经源性 - 另见情况,Neurogenic - see also condition,,0.9665180444717407,,,,,
977,3,肠 NEC,bowel NEC,K59.2,0.9464312195777893,,,,,
977,3,膀胱(另见机能障碍，膀胱，神经肌肉),"bladder (see also Dysfunction, bladder, neuromuscular)",N31.9,0.9957258105278015,,,,,
977,4,马尾综合征,cauda equina syndrome,G83.4,0.9577885270118713,,,,,
977,3,心脏,heart,F45.3,0.9751166701316833,,,,,
977,2,神经症(性)(另见情况),"Neurosis, Nervous, Neurotic (see also condition)",F48.9,0.9998518824577332,,,,,
977,3,表皮脱落,excoriation,L98.1,0.9889078140258789,,,,,
977,3,肠,intestine,F45.3,0.9654260873794556,,,,,
977,3,处境性,situational,F48.8,0.9977558851242065,,,,,
977,3,创伤性,traumatic,F43.1,0.9852370619773865,,,,,
977,3,动作失调,incoordination,F45.8,0.9979907274246216,,,,,
977,4,喉,larynx,F45.3,0.9167490005493164,,,,,
977,4,声带,vocal cord,F45.3,0.9881794452667236,,,,,
977,3,反刍,rumination,F45.3,0.9659233093261719,,,,,
977,3,更年期,climacteric,N95.1,0.9937660694122314,,,,,
977,3,功能性(另见障碍，躯体形式),"functional (see also Disorder, somatoform)",F45.9,0.9953949451446533,,,,,
977,3,喉(感觉性),larynx (sensory),F45.3,0.9639066457748413,,,,,
977,4,癔症性,hysterical,F44.4,0.8878962993621826,,,,,
977,3,呼吸,respiratory,F45.3,0.9891856908798218,,,,,
977,3,环境性,environmental,F48.8,0.9504250288009644,,,,,
977,3,混合性 NEC,mixed NEC,F48.8,0.9662032127380371,,,,,
977,3,肌肉骨骼,musculoskeletal,F45.8,0.9680790305137634,,,,,
977,3,焦虑(状态),anxiety (state),F41.1,0.9622783660888672,,,,,
977,3,结肠,colon,F45.3,0.9740778803825378,,,,,
977,3,精神衰弱(型),psychasthenic (type),F48.8,0.9814587831497192,,,,,
977,3,绝经,menopause,N95.1,0.9407041072845459,,,,,
977,3,恐惧性,phobic,F40.9,0.9817027449607849,,,,,
977,3,内脏,visceral,F45.3,0.9779421091079712,,,,,
977,3,膀胱,bladder,F45.3,0.9773795008659363,,,,,
977,3,赔偿,compensation,F68.0,0.968858540058136,,,,,
978,3,皮肤,cutaneous,F45.8,0.9896447062492371,,,,,
978,3,疲劳,fatigue,F48.0,0.9950423836708069,,,,,
978,3,器官(另见障碍，躯体形式),"organ (see also Disorder, somatoform)",F45.9,0.9894140362739563,,,,,
978,3,强迫(动作),"compulsive, compulsion",F42.1,0.9848522543907166,,,,,
978,3,强迫(思维),obsessional,F42.0,0.9839975833892822,,,,,
978,3,强迫性,"anankastic, obsessive-compulsive",F42.9,0.9981498718261719,,,,,
978,3,社会,social,F40.1,0.9412551522254944,,,,,
978,3,手艺界,craft,F48.8,0.9891718029975891,,,,,
978,3,衰弱,asthenic,F48.0,0.9861329793930054,,,,,
978,3,特指类型 NEC,specified type NEC,F48.8,0.9774096012115479,,,,,
978,3,铁路界,railroad,F48.8,0.9610874056816101,,,,,
978,3,胃,"gastric, stomach",F45.3,0.9964184761047363,,,,,
978,3,胃肠,gastrointestinal,F45.3,0.9955188035964966,,,,,
978,3,心血管,cardiovascular,F45.3,0.9613338708877563,,,,,
978,3,心脏(反射),"cardiac, heart (reflex)",F45.3,0.9668285250663757,,,,,
978,3,性(偏好),sexual,F65.9,0.9844618439674377,,,,,
978,3,性格,character,F60.9,0.9562921524047852,,,,,
978,3,血管运动性,vasomotor,F45.3,0.9663892388343811,,,,,
978,3,咽,pharynx,F45.3,0.956442654132843,,,,,
978,3,眼 NEC,ocular NEC,F45.8,0.9517168402671814,,,,,
978,3,疑病性,hypochondriacal,F45.2,0.9740182161331177,,,,,
978,3,抑郁(反应)(型),depressive (reaction) (type),F34.1,0.992570698261261,,,,,
978,3,癔症性,hysterical,F44.9,0.9122740030288696,,,,,
978,3,战争,war,F48.8,0.9717777371406555,,,,,
978,3,职业性,occupational,F48.8,0.9598982930183411,,,,,
978,3,直肠,rectum,F45.3,0.9647989273071289,,,,,
978,3,转换性,conversion,F44.9,0.9948450922966003,,,,,
978,3,状态,state,F48.9,0.9845002889633179,,,,,
978,4,伴有人格解体发作,with depersonalization episode,F48.1,0.9839949011802673,,,,,
978,2,神经质(另见情况),"Nervous, Nervousness (see also condition)",R45.0,0.9954198598861694,,,,,
978,2,神经痣(M8725/0)-见痣,Neuronevus (M8725/0) - see Nevus,,0.9964098930358887,,,,,
978,2,神经组织消耗-另见疾患，神经,"Neurophthisis - see also Disorder, nerve",,0.9989845156669617,,,,,
978,3,周围，糖尿病性(另见E10-E14伴有第四位数.4),"peripheral, diabetic (see also E10-E14 with fourth character .4)",E14.4+ G63.2*,0.9681992530822754,,,,,
978,2,神游症,Fugue,R68.8,0.9637339115142822,,,,,
978,3,癫疯发作后,postictal in epilepsy,G40.9,0.9352705478668213,,,,,
978,3,对异常应激反应(短暂性),reaction to exceptional stress (transient),F43.0,0.9961584210395813,,,,,
978,3,分离性,dissociative,F44.1,0.9940266013145447,,,,,
978,3,癔症性,hysterical,F44.1,0.9514222741127014,,,,,
978,2,神智恍惚,Trance,R41.8,0.97773677110672,,,,,
978,3,癔症性,hysterical,F44.3,0.9116722941398621,,,,,
979,1,shèn 肾,,,0.9532901644706726,,,,,
979,2,肾,Ren,,0.9999476671218872,,,,,
979,3,弓形,arcuatus,Q63.1,0.9457564949989319,,,,,
979,3,马蹄形,unguliformis,Q63.1,0.99569171667099,,,,,
979,3,游动,"mobile, mobilis",N28.8,0.9649458527565002,,,,,
979,4,先天性,congenital,Q63.8,0.9756259918212891,,,,,
979,2,肾病(肾炎性)(先天性)(爱泼斯坦)(综合征),"Nephrosis, nephrotic (congenital) (Epstein's) (syndrome)",N04,0.993636429309845,,,,,
979,3,注：当一个术语只索引至三位数水平时，如：N04.-，则应参阅第一卷N00-N08的第四位数亚目列表。,"Note:Where a term is indexed only at the three- character level, e.g., N04.-, reference should be made to the list of fourth-character subdivisions in Volume 1 at N00-N08.",,0.9826412200927734,,,,,
979,3,急性,acute,N04,0.9702103734016418,,,,,
979,3,伴有肾小球损害,with glomerular lesion,N04,0.9988881945610046,,,,,
979,4,低补体血性,hypocomplementemic,N04.5,0.9668172001838684,,,,,
979,4,足突病,foot process disease,N04,0.9647470116615295,,,,,
979,3,并发于妊娠,complicating pregnancy,O26.8,0.9799855351448059,,,,,
979,3,化学性-见 肾病，小管性,"chemical - see Nephrosis, tubular",,0.95866459608078,,,,,
979,3,坏死性-见 肾病，小管性,"necrotizing - see Nephrosis, tubular",,0.9649372100830078,,,,,
979,3,见于,in,,0.9837676882743835,,,,,
979,4,淀粉样变,amyloidosis,E85.4+ N08.4*,0.9960305690765381,,,,,
979,4,流行性出血热,epidemic hemorrhagic fever,A98.5+ N08.0*,0.9815232157707214,,,,,
979,4,疟疾(三日),malaria (malariae),B52.0+ N08.0*,0.9670077562332153,,,,,
979,4,糖尿病(另见E10-E14伴有第四位数.2),diabetes mellitus (see also E10-E14 with fourth character .2),E14.2+ N08.3*,0.9774990677833557,,,,,
979,3,梅毒性(晚期),syphilitic (late),A52.7+ N08.0*,0.9717288017272949,,,,,
979,3,疟疾(三日),malarial (malariae),B52.0+ N08.0*,0.9748055934906006,,,,,
979,3,缺血性-见肾病，小管性,"ischemic - see Nephrosis, tubular",,0.9742223620414734,,,,,
979,3,缺氧性-见肾病，小管性,"anoxic - see Nephrosis, tubular",,0.9803439974784851,,,,,
979,3,糖尿病性(另见E10-E14伴有第四位数.2),diabetic (see also E10-E14 with fourth character .2),E14.2+ N08.3*,0.9538330435752869,,,,,
979,3,下部肾单位-见肾病，小管性,"lower nephron - see Nephrosis, tubular",,0.9826415777206421,,,,,
979,3,小管性(急性),tubular (acute),N17.0,0.9673281311988831,,,,,
979,4,操作后,postprocedural,N99.0,0.9639827609062195,,,,,
979,3,血红蛋白尿性-见肾病，小管性,"hemoglobinuric - see Nephrosis, tubular",,0.9746686816215515,,,,,
979,3,脂样,lipoid,N04,0.9739446640014648,,,,,
979,3,中毒性-见肾病，小管性,"toxic - see Nephrosis, tubular",,0.9834268689155579,,,,,
980,2,肾病(变)(任何肾疾病)(另见肾炎),Nephropathy (see also Nephritis),N28.9,0.9921020865440369,,,,,
980,3,注：当一个术语只索引至三位数水平时，如：N07.-，则应参阅第一卷N00-N08的第四位数亚目列表。,"Note:Where a term is indexed only at the three- character level, e.g., N07.-, reference should be made to the list of fourth-character subdivisions in Volume 1 at N00-N08.",,0.9794600009918213,,,,,
980,3,巴尔干(地方性),Balkan (endemic),N15.0,0.9898696541786194,,,,,
980,3,伴有,with,,0.9951983690261841,,,,,
980,4,肾小球损害-见肾小球肾炎,glomerular lesion - see Glomerulonephritis,,0.9586156606674194,,,,,
980,4,水肿-见 肾病,edema - see Nephrosis,,0.8936191201210022,,,,,
980,3,淀粉样性，遗传性,"amyloid, hereditary",E85.0,0.991483747959137,,,,,
980,3,高血压性(另见高血压，肾性),"hypertensive (see also Hypertension, kidney)",I12.9,0.9918360114097595,,,,,
980,3,化学性-见肾病变，中毒性,"chemical - see Nephropathy, toxic",,0.9629673361778259,,,,,
980,3,"镰状细胞性(另见病,镰状细胞)","sickle-cell (see also Disease, sickle-cell)",D57.1+ N08.2*,0.9809538722038269,,,,,
980,3,免疫球蛋白A,IgA,N02.8,0.9592779874801636,,,,,
980,4,伴有肾小球损害,with glomerular lesion,N02,0.9656798243522644,,,,,
980,5,局灶性和节段性透明变性或硬化,focal and segmental hyalinosis or sclerosis,N02.1,0.9899243116378784,,,,,
980,5,膜性(弥漫性),membranous (diffuse),N02.2,0.9770690202713013,,,,,
980,5,膜性增殖性(弥漫性),membranoproliferative (diffuse),N02.5,0.9827154874801636,,,,,
980,5,肾小球膜毛细血管性(弥漫性),mesangiocapillary (diffuse),N02.5,0.9726806879043579,,,,,
980,5,肾小球膜性增殖性(弥漫性),mesangial proliferative (diffuse),N02.3,0.9909974932670593,,,,,
980,5,特指病理学 NEC,specified pathology NEC,N02.8,0.9644739627838135,,,,,
980,5,增生性 NEC,proliferative NEC,N02.8,0.9754074811935425,,,,,
980,3,铅毒性,"lead, saturnine",N14.3,0.9771197438240051,,,,,
980,3,肾小球膜性(免疫球蛋白A/免疫球蛋白G)-见肾病变，免疫球蛋白A,"mesangial (IgA/IgG) -see Nephropathy, IgA",,0.9660401344299316,,,,,
980,3,糖尿病性(另见E10-E14伴有第四位数.2),diabetic (see also E10-E14 with fourth character .2),E14.2+ N08.3*,0.9777291417121887,,,,,
980,3,药物性,drug-induced,N14.2,0.9932906031608582,,,,,
980,4,特指的 NEC,specified NEC,N14.1,0.9710216522216797,,,,,
980,3,遗传性 NEC,hereditary NEC,N07,0.9466350674629211,,,,,
980,3,与妊娠有关的,pregnancy-related,O26.8,0.984305739402771,,,,,
980,3,增生性NEC-编码于N00-N07伴有第四位数.8,proliferative NEC - code to N00-N07 with fourth character.8,,0.9849734902381897,,,,,
980,3,镇痛剂,analgesic,N14.0,0.994741678237915,,,,,
980,3,中毒性NEC(由于),toxic NEC (due to),N14.4,0.991682767868042,,,,,
980,4,药物,drugs,N14.2,0.9727455973625183,,,,,
980,5,特指的 NEC,specified NEC,N14.1,0.9598719477653503,,,,,
980,5,镇痛药,analgesic,N14.0,0.9862706661224365,,,,,
980,4,重金属,heavy metals,N14.3,0.9673851728439331,,,,,
980,3,重金属诱发的,heavy metal-induced,N14.3,0.9959134459495544,,,,,
980,3,阻塞性,obstructive,N13.8,0.9860432744026184,,,,,
980,2,肾病肾炎，出血性(地方性),"Nephrosonephritis, hemorrhagic (endemic)",A98.5+ N08.0*,0.981184720993042,,,,,
980,2,肾出血,Nephrorrhagia,N28.8,0.990926206111908,,,,,
981,2,肾的 - 见情况,"Kidney, Renal - see condition",,0.9639029502868652,,,,,
981,2,肾动脉硬化(另见高血压，肾性),"Arterionephrosclerosis (see also Hypertension, kidney)",I12.9,0.9865033626556396,,,,,
981,2,肾钙沉着症,Nephrocalcinosis,E83.5+ N29.8*,0.9514783620834351,,,,,
981,2,肾化脓(另见 脓肿，肾),"Nephropyosis (see also Abscess, kidney)",N15.1,0.9623945951461792,,,,,
981,2,肾积脓，肾积脓水，肾积脓尿,"Pyonephrosis, Pyohydronephrosis, Hydropyonephrosis",N13.6,0.9973623752593994,,,,,
981,3,结核性,tuberculous,A18.1+ N29.1*,0.9595857262611389,,,,,
981,2,肾积水(萎缩性)(早期)(无功能性)(间歇性)(原发性)(继发性) NEC,Hydronephrosis (atrophic) (early) (functionless) (intermittent) (primary) (secondary) NEC,N13.3,0.9826722145080566,,,,,
981,3,伴有,with,,0.9543629884719849,,,,,
981,4,感染,infection,N13.6,0.9728087186813354,,,,,
981,4,输尿管狭窄NEC,ureteral stricture NEC,N13.1,0.9673932790756226,,,,,
981,5,伴有感染,with infection,N13.6,0.9683959484100342,,,,,
981,4,阻塞(被),obstruction (by) (of),,0.9126842617988586,,,,,
981,5,肾结石,renal calculus,N13.2,0.8952159881591797,,,,,
981,6,伴有感染,with infection,N13.6,0.9539384841918945,,,,,
981,5,输尿管NEC,ureteral NEC,N13.1,0.9696173071861267,,,,,
981,6,伴有感染,with infection,N13.6,0.9691447615623474,,,,,
981,6,结石,calculus,N13.2,0.913216769695282,,,,,
981,7,伴有感染,with infection,N13.6,0.9666573405265808,,,,,
981,5,输尿管肾盂连接处,ureteropelvic junction,N13.0,0.948315441608429,,,,,
981,6,伴有感染,with infection,N13.6,0.964924693107605,,,,,
981,3,结核性,tuberculous,A18.1+ N29.1*,0.9768228530883789,,,,,
981,3,先天性,congenital,Q62.0,0.979467511177063,,,,,
981,2,肾瘤(M8960/3),Nephroma (M8960/3),C64,0.9881950616836548,,,,,
981,3,中胚层性(M8960/1),mesoblastic (M8960/1),D41.0,0.9762346148490906,,,,,
981,2,肾母细胞瘤(上皮性)(间叶性)(M8960/3),"Nephroblastoma, Wilms' tumor (epithelial) (mesenchymal) (M8960/3)",C64,0.9951265454292297,,,,,
981,2,肾膀胱炎，小脓疱性(另见肾炎，肾小管间质),"Nephrocystitis, pustular (see also Nephritis, tubulo- interstitial)",N12,0.9964731931686401,,,,,
981,2,肾胚细胞瘤-现译名 肾母细胞瘤,Nephroblastoma,,0.973180890083313,,,,,
981,2,肾膨结线虫(感染)(侵染),Dioctophyme renalis (infection) (infestation),B83.8,0.9970486760139465,,,,,
981,2,肾上腺(腺体)的 - 见情况,"Adrenal, Suprarenal (gland) - see condition",,0.9600586295127869,,,,,
981,2,肾上腺机能病，结核性,"Adrenalism, tuberculous",A18.7+ E35.1*,0.9857993721961975,,,,,
981,2,肾上腺机能减退,"Hypoadrenalism, hypoadrenia",E27.4,0.9668317437171936,,,,,
981,3,结核性,tuberculous,A18.7+ E35.1*,0.9551025629043579,,,,,
981,3,原发性,primary,E27.1,0.9812348484992981,,,,,
981,2,肾上腺机能亢进,Hyperadrenalism,E27.5,0.9901133179664612,,,,,
981,2,肾上腺脑白质营养不良,Adrenoleukodystrophy,E71.3,0.9858866333961487,,,,,
981,2,肾上腺皮质的 - 见情况,Cortico-adrenal - see condition,,0.945035994052887,,,,,
981,2,肾上腺皮质固酮机能亢进,Hypercorticosteronism,,0.9998603463172913,,,,,
981,3,过量或给错或服错药物,overdose or wrong substance given or taken,T38.0,0.9984363913536072,,,,,
981,3,恰当使用正确的物质,correct substance properly administered,E24.2,0.9981258511543274,,,,,
982,2,肾上腺皮质机能减退,Hypoadrenocorticism,E27.4,0.9982727766036987,,,,,
982,3,垂体,pituitary,E23.0,0.9638137817382812,,,,,
982,3,原发性,primary,E27.1,0.9758999943733215,,,,,
982,2,肾上腺皮质机能亢进,"Hyperadrenocorticism, Hypercortisonism, Hypercorticalism",E24.9,0.999878466129303,,,,,
982,3,垂体依赖性,pituitary-dependent,E24.0,0.9749777913093567,,,,,
982,3,过量或给错或服错药物,overdose or wrong substance given or taken,T38.0,0.9989346861839294,,,,,
982,3,恰当使用正确的物质,correct substance properly administered,E24.2,0.9758548736572266,,,,,
982,3,先天性,congenital,E25.0,0.9469617009162903,,,,,
982,3,医源性,iatrogenic,,0.9532714486122131,,,,,
982,4,过量或给错或服错药物,overdose or wrong substance given or taken,T38.0,0.9904897212982178,,,,,
982,4,恰当使用正确的物质,correct substance properly administered,E24.2,0.9584981203079224,,,,,
982,3,与库欣综合征无关,not associated with Cushing's syndrome,E27.0,0.9980358481407166,,,,,
982,2,肾上腺皮质机能障碍,Dysadrenocortism,E27.9,0.9999252557754517,,,,,
982,2,肾上腺皮质综合征-见库欣综合征,Adrenocortical syndrome - see Cushing's syndrome,,0.9997828006744385,,,,,
982,2,肾上腺性征，先天性,"Adrenogenitalism, congenital",E25.0,0.9994384050369263,,,,,
982,2,肾上腺性征综合征,Adrenogenital syndrome,E25.9,0.9891304969787598,,,,,
982,3,先天性,congenital,E25.0,0.965623676776886,,,,,
982,3,后天性,acquired,E25.8,0.9959689378738403,,,,,
982,3,失盐,salt loss,E25.0,0.9783989787101746,,,,,
982,2,肾上腺炎,"Adrenalitis, adrenitis",E27.8,0.9999139904975891,,,,,
982,3,脑膜炎球菌性，出血性,"meningococcal, hemorrhagic",A39.1+ E35.1*,0.9668944478034973,,,,,
982,3,自身免疫性,autoimmune,E27.1,0.9802514314651489,,,,,
982,2,肾上腺样瘤(M8312/3),Hypernephroma (M8312/3),C64,0.9963585734367371,,,,,
982,2,肾石病(先天性)(肾盂)(复发性)(另见结石，肾),"Nephrolithiasis (congenital) (pelvis) (recurrent)(see also Calculus, kidney)",N20.0,0.9866165518760681,,,,,
982,3,尿酸,uric acid,M10.0+ N22.8*,0.9754573702812195,,,,,
982,3,痛风性,gouty,M10.0+ N22.8*,0.9911744594573975,,,,,
982,2,肾素瘤(M8361/1),Reninoma (M8361/1),D41.0,0.9993550777435303,,,,,
982,2,肾痛,Nephralgia,N23,0.9337909817695618,,,,,
982,2,肾下垂,Nephroptosis,N28.8,0.9995765686035156,,,,,
982,2,肾小球,Glomerular,,0.9998480677604675,,,,,
982,3,病，梅毒性,disease in syphilis,A52.7+ N08.0*,0.988162636756897,,,,,
982,3,肾炎(另见肾小球肾炎),nephritis (see also Glomerulonephritis),N05,0.9874475002288818,,,,,
982,2,肾小球病(另见肾小球肾炎),Glomerulopathy (see also Glomerulonephritis),N05,0.9997168183326721,,,,,
982,2,肾小球肾炎(另见肾炎),Glomerulonephritis (see also Nephritis),N05,0.9827700257301331,,,,,
982,3,注：当一个术语只索引至三位数水平时，如：N01.-，则应参阅第一卷N00-N08的第四位数亚目列表。,"Note:Where a term is indexed only at the three- character level, e.g., N01.-, reference should be made to the list of fourth-character subdivisions in Volume 1 at N00-N08.",,0.9771521091461182,,,,,
982,3,急性,acute,N00,0.882912814617157,,,,,
982,3,亚急性-见肾炎，急进型,"subacute - see Nephritis, rapidly progressive",,0.9911389350891113,,,,,
982,3,慢性,chronic,N03,0.971411406993866,,,,,
982,3,伴有水肿(另见肾病),with edema (see also Nephrosis),N04,0.9983625411987305,,,,,
983,3,低补体血性-见肾小球肾炎，膜性增殖性,"hypocomplementemic - see Glomerulonephritis, membranoproliferative",,0.9926537275314331,,,,,
983,3,分叶性，分叶结节状-见肾小球肾炎，膜性增殖性,"lobular, lobulonodular - see Glomerulonephritis, membranoproliferative",,0.9978917837142944,,,,,
983,3,坏死性 NEC - 编码于 N00-N07 伴有第四,"necrotic, necrotizing NEC - code to N00-N07 with",,0.9269497990608215,,,,,
983,3,位数.8,fourth character.8,,0.9999483823776245,,,,,
983,3,急进型,rapidly progressive,N01,0.9825143814086914,,,,,
983,3,见于(由于),in (due to),,0.9926981925964355,,,,,
983,4,败血症,septicemia,A41 N08.0*,0.946104884147644,,,,,
983,4,播散性血管内凝血,disseminated intravascular coagulation,D65+ N08.2*,0.9738994836807251,,,,,
983,4,淀粉样变,amyloidosis,E85 N08.4*,0.9682666063308716,,,,,
983,4,多发性骨髓瘤(M9732/3),multiple myeloma (M9732/3),C90.0+ N08.1*,0.9916437268257141,,,,,
983,4,法布里(-安德森)病,Fabry(-Anderson) disease,E75.2+ N08.4*,0.9886941313743591,,,,,
983,4,肺出血肾炎综合征,Goodpasture's syndrome,M31.0+ N08.5*,0.9787178039550781,,,,,
983,4,亨诺克(-舍恩莱因)紫癜,Henoch(-Schönlein) purpura,D69.0+ N08.2*,0.9841210246086121,,,,,
983,4,类圆线虫病,strongyloidiasis,B78.9+ N08.0*,0.5150411128997803,,,,,
983,4,冷球蛋白血症,cryglobulinemia,D89.1+ N08.2*,0.983883261680603,,,,,
983,4,镰状细胞疾患,sickle-cell disorders,D57 N08.2*,0.9654891490936279,,,,,
983,4,裂体吸虫病,bilharziasis,B65 N08.0*,0.9684044718742371,,,,,
983,4,卵磷脂胆固醇酰基转移酶缺乏,lecithin cholesterol acyltransferase deficiency,E78.6+ N08.4*,0.9853850603103638,,,,,
983,4,去纤维蛋白综合征,defibrination syndrome,D65+ N08.2*,0.9811962246894836,,,,,
983,4,溶血性尿毒症综合征,hemolytic-uremic syndrome,D59.3+ N08.2*,0.9880873560905457,,,,,
983,4,三日疟原虫,Plasmodium malariae,B52.0+ N08.0*,0.9538289904594421,,,,,
983,4,糖尿病(另见E10-E14伴有第四位数.2),diabetes mellitus (see also E10-E14 with fourth character .2),E14.2+ N08.3*,0.9773927927017212,,,,,
983,4,瓦尔登斯特伦巨球蛋白血症(M9761/3),Waldenström's macroglobulinemia (M9761/3),C88.0+ N08.1*,0.9390636086463928,,,,,
983,4,韦格纳肉芽肿病,Wegener's granulomatosis,M31.3+ N08.5*,0.980574369430542,,,,,
983,4,系统性红斑狼疮,systemic lupus erythematosus,M32.1+ N08.5*,0.9765357971191406,,,,,
983,4,显微镜下多动脉炎,microscopic polyangiitis,M31.7+ N08.5*,0.9738256335258484,,,,,
983,4,血栓形成性血小板减少性紫癜,thrombotic thrombocytopenic purpura,M31.1+ N08.5*,0.9889543652534485,,,,,
983,4,血吸虫病,schistosomiasis,B65 N08.0*,0.9841917157173157,,,,,
983,4,亚急性细菌性心内膜炎,subacute bacterial endocarditis,I33.0+ N08.8*,0.983919084072113,,,,,
983,3,结节性-见肾小球肾炎，膜性增殖性,"nodular - see Glomerulonephritis, membranopro- liferative",,0.9954005479812622,,,,,
983,3,局灶性(和节段性)-编码于N00-N07伴有第四位数.1,focal (and segmental) - code to N00-N07 with fourth character.1,,0.9883625507354736,,,,,
983,3,链球菌感染后NEC,poststreptococcal NEC,N05.9,0.9693385362625122,,,,,
983,4,急进型,rapidly progressive,N01,0.9536333084106445,,,,,
983,4,急性,acute,N00,0.9080216288566589,,,,,
983,4,慢性,chronic,N03,0.9677343368530273,,,,,
983,3,毛细血管内增殖性(弥漫性)NEC-编码于N00-N07 伴有第四位数.4,endocapillary proliferative (diffuse) NEC - code to N00-N07 with fourth character.4,,0.9862953424453735,,,,,
983,3,毛细血管外NEC-编码于N00-N07伴有第四位数.7,extracapillary NEC - code to N00-N07 with fourth character.7,,0.9655132293701172,,,,,
984,3,弥漫性,diffuse,,0.9456542134284973,,,,,
984,4,毛细血管内增殖性-编码于N00-N07伴有第四位数.4,endocapillary proliferative - code to N00-N07 with fourth character.4,,0.9719545245170593,,,,,
984,4,膜性- 编码于N00-N07伴有第四位数.2,membranous - code to N00-N07 with fourth character.2,,0.9486148953437805,,,,,
984,4,肾小球膜毛细血管性-编码于N00-N07伴有第四位数.5,mesangiocapillary - code to N00-N07 with fourth character.5,,0.9708395600318909,,,,,
984,4,肾小球膜性增殖性-编码于N00-N07伴有第四位数.3,mesangial proliferative - code to N00-N07 with fourth character .3,,0.981027364730835,,,,,
984,4,新月形-编码于N00-N07伴有第四位数.7,crescentic - code to N00-N07 with fourth character.7,,0.9637606143951416,,,,,
984,4,硬化性(另见衰竭，肾，慢性),"sclerosing (see also Failure, renal, chronic)",N18.9,0.9881194233894348,,,,,
984,3,密集沉积物-编码于N00-N07伴有第四位数.6,dense deposit - code to N00-N07 with fourth character.6,,0.9950695633888245,,,,,
984,3,免疫复合物(循环)NEC,immune complex (circulating) NEC,N05.8,0.9742409586906433,,,,,
984,3,免疫球蛋白A-见肾病变，免疫球蛋白A,"IgA - see Nephropathy, IgA",,0.9944724440574646,,,,,
984,3,膜性(弥漫性)NEC-编码于N00-N07伴有第四位数.2,membranous (diffuse) NEC - code to N00-N07 with fourth character .2,,0.9787604808807373,,,,,
984,3,膜性增殖性(弥漫性)(1型)(3型)-编码于,membranoproliferative (diffuse) (type 1) (type 3) -,,0.9498480558395386,,,,,
984,3,N00-N07伴有第四位数.5,code to N00-N07 with fourth character.5,,0.9992245435714722,,,,,
984,4,密集沉积物(2型)NEC-编码于N00-N07伴有第四位数.6,dense deposit (type 2) NEC -code to N00-N07 with fourth character .6,,0.9797463417053223,,,,,
984,3,肾小球膜毛细血管性(弥漫性)NEC-编码于N00-N07伴有第四位数.5,mesangiocapillary (diffuse) NEC - code to N00-N07 with fourth character .5,,0.9815871119499207,,,,,
984,3,肾小球膜性,mesangial,,0.9497865438461304,,,,,
984,4,免疫球蛋白A/免疫球蛋白G-见肾病变，免疫球蛋白A,"IgA/IgG - see Nephropathy, IgA",,0.9855499267578125,,,,,
984,4,增生性(弥漫性)NEC-编码于N00-N07伴有第四位数.3,proliferative (diffuse) NEC - code to N00-N07 with fourth character .3,,0.987931489944458,,,,,
984,3,特指病理学 NEC - 编码于 N00-N07 伴有第四位数.8,specified pathology NEC - code to N00-N07 with fourth character.8,,0.9420061707496643,,,,,
984,3,新月形(弥漫性)NEC-编码于N00-N07伴有第四位数.7,crescentic (diffuse) NEC - code to N00-N07 with fourth character.7,,0.9776432514190674,,,,,
984,3,硬化性，弥漫性(另见衰竭，肾，慢性),"sclerosing, diffuse (see also Failure, renal, chronic)",N18.9,0.9928410053253174,,,,,
984,3,增殖性 NEC - 编码于 N00-N07 伴有第四位数.8,proliferative NEC- code to N00-N07 with fourth character.8,,0.9488099217414856,,,,,
984,4,弥漫性(狼疮),diffuse (lupus),M32.1+ N08.5*,0.9837297797203064,,,,,
984,2,肾小球炎(另见肾小球肾炎),Glomerulitis (see also Glomerulonephritis),N05,0.9985613822937012,,,,,
984,2,肾小球硬化症(另见硬化，肾),"Glomerulosclerosis (see also Sclerosis, renal)",N26,0.9888168573379517,,,,,
984,3,毛细血管内,intracapillary,E14.2+ N08.3*,0.9922637939453125,,,,,
984,2,肾炎,"Nephritis, nephritic",N05,0.9721450805664062,,,,,
984,3,注：当一个术语只索引至三位数水平时，如：N00.-，则应参阅第一卷N00-N08的第四位数亚目列表。,"Note:Where a term is indexed only at the three- character level, e.g., N00.-, reference should be made to the list of fourth-character subdivisions in Volume 1 at N00-N08.",,0.982016384601593,,,,,
984,3,急性,acute,N00,0.9217309951782227,,,,,
984,3,亚急性,subacute,N01,0.9163225293159485,,,,,
985,3,慢性,chronic,N03,0.9507148265838623,,,,,
985,4,动脉硬化性(另见高血压，肾性),"arteriosclerotic (see also Hypertension, kidney)",I12.9,0.9636219143867493,,,,,
985,3,巴尔干(地方性),Balkan (endemic),N15.0,0.9944137334823608,,,,,
985,3,伴有,with,,0.9702926874160767,,,,,
985,4,肾小球损害,—glomerular lesion,,0.9332995414733887,,,,,
985,5,低补体血性-见肾炎，膜性增殖性,"hypocomplementemic - see Nephritis, membranoproliferative",,0.9698205590248108,,,,,
985,5,坏死性 NEC - 编码于 N00-N07 伴有第四位数.8,"necrotic, necrotizing NEC - code to N00-N07 with fourth character .8",,0.9172741770744324,,,,,
985,5,结节性-见肾炎，膜性增殖性,"nodular - see Nephritis, membranoproliferative",,0.9762352108955383,,,,,
985,5,弥漫性硬化性(另见 衰竭，肾，慢性),"diffuse sclerosing (see also Failure, renal, chronic)",N18.9,0.9703875780105591,,,,,
985,5,免疫球蛋白A-见肾病变，免疫球蛋白A,"IgA - see Nephropathy, IgA",,0.9771406054496765,,,,,
985,5,特指病理学NEC-编码于N00-N07伴有第四位数.8,specified pathology NEC - code to N00-N07 with fourth character.8,,0.9848402142524719,,,,,
985,5,小叶性，分叶结节状-见肾炎，膜性增殖性,"lobular, lobulonodular - see Nephritis, membranoproliferative",,0.9601736664772034,,,,,
985,4,水肿-见肾病,edema - see Nephrosis,,0.9156251549720764,,,,,
985,4,足突病,foot process disease,N04,0.9462531805038452,,,,,
985,3,变性性 - 见 肾病,degenerative - see Nephrosis,,0.8498713970184326,,,,,
985,3,并发于妊娠、分娩或产褥期,"complicating pregnancy, childbirth or puerperium",O99.8,0.9825373888015747,,,,,
985,4,伴有继发性高血压，原有的,"with secondary hypertension, pre-existing",O10.4,0.9818195700645447,,,,,
985,5,影响到胎儿或新生儿,affecting fetus or newborn,P00.0,0.9877787828445435,,,,,
985,4,影响到胎儿或新生儿,affecting fetus or newborn,P00.1,0.973190426826477,,,,,
985,3,产褥期(产后),puerperal (postpartum),O90.8,0.9502267241477966,,,,,
985,3,低补体血性-见肾炎，膜性增殖性,"hypocomplementemic - see Nephritis, membranoproliferative",,0.9904738664627075,,,,,
985,3,淀粉样,amyloid,E85.4+ N08.4*,0.9268263578414917,,,,,
985,3,动脉硬化性(另见高血压，肾性),"arteriosclerotic (see also Hypertension, kidney)",I12.9,0.9701871275901794,,,,,
985,3,感染性 - 见 肾炎，肾小管间质,"infective - see Nephritis, tubulo-interstitial",,0.9220443964004517,,,,,
985,3,管状，肾小管性-见肾炎，肾小管间质,"tubal, tubular - see Nephritis, tubulo-interstitial",,0.9871966242790222,,,,,
985,3,化脓性-见肾炎，肾小管间质,"purulent, suppurative - see Nephritis, tubulo-interstitial",,0.9968138337135315,,,,,
985,3,坏死性NEC -编码于N00-N07伴有第四位数.8,"necrotic, necrotizing NEC - code to N00-N07 with fourth character.8",,0.9567152261734009,,,,,
985,3,急进型,rapidly progressive,N01,0.9964796304702759,,,,,
985,3,间质性-见肾炎，肾小管间质,"interstitial - see Nephritis, tubulo-interstitial",,0.9906840324401855,,,,,
985,3,结核性,tuberculous,A18.1+ N29.1*,0.9901515245437622,,,,,
985,3,结节性-见肾炎，膜性增殖性,"nodular - see Nephritis, membranoproliferative",,0.9883918166160583,,,,,
985,3,结石性(另见结石，肾),"calculous, calculus (see also Calculus, kidney)",N20.9,0.9947438836097717,,,,,
985,3,抗肾小管基底膜(肾小管间质)NEC,antitubular basement membrane (tubulo-interstitial) NEC,N12,0.9874358773231506,,,,,
985,4,中毒性-见肾病变，中毒性,"toxic - see Nephropathy, toxic",,0.9693743586540222,,,,,
985,3,抗肾小球基底膜抗体，见于肺出血肾炎综合征,"antiglomerular basement membrane (anti-GBM) antibody, in Goodpasture's syndrome",M31.0+ N08.5*,0.9857972860336304,,,,,
986,3,链球菌感染后 NEC,poststreptococcal NEC,N05.9,0.9619783759117126,,,,,
986,4,急进型,rapidly progressive,N01,0.984650731086731,,,,,
986,4,急性,acute,N00,0.8921352028846741,,,,,
986,4,慢性,chronic,N03,0.9462169408798218,,,,,
986,3,淋球菌性(急性)(慢性),gonococcal (acute)(chronic),A54.2+ N08.0*,0.9782900214195251,,,,,
986,3,梅毒性(晚期),syphilitic (late),A52.7+ N08.0*,0.9808763861656189,,,,,
986,4,先天性,congenital,A50.5+ N08.0*,0.9574815034866333,,,,,
986,4,早期(继发性),early (secondary),A51.4+ N08.0*,0.9608765244483948,,,,,
986,3,弥漫性硬化性(另见衰竭，肾，慢性),"diffuse sclerosing (see also Failure, renal, chronic)",N18.9,0.9826300740242004,,,,,
986,3,免疫复合物(循环性)NEC,immune complex (circulating) NEC,N05.8,0.9807030558586121,,,,,
986,3,免疫球蛋白A-见肾病变，免疫球蛋白A,"IgA - see Nephropathy, IgA",,0.9891107082366943,,,,,
986,3,膜性增殖性(弥漫性)(1型)(3型)-编码于,membranoproliferative(diffuse) (type 1) (type 3)-,,0.9681239128112793,,,,,
986,3,N00-N07 伴有第四位数.5,code to N00-N07 with fourth character .5,,0.9810546040534973,,,,,
986,4,2型-编码于N00-N07伴有第四位数.6,type 2 - code to N00-N07 with fourth character .6,,0.974801778793335,,,,,
986,3,脓毒性-见肾炎，肾小管间质,"septic - see Nephritis, tubulo-interstitial",,0.9971315264701843,,,,,
986,3,铅毒性,"lead, saturnine",N14.3,0.9971215724945068,,,,,
986,3,上行性-见肾炎，肾小管间质,"ascending - see Nephritis, tubulo-interstitial",,0.9864744544029236,,,,,
986,3,肾病性-见肾病,nephrotic - see Nephrosis,,0.9766051173210144,,,,,
986,3,肾小管间质(见于),tubulo-interstitial (in),N12,0.9923941493034363,,,,,
986,4,急性(传染性),acute (infectious),N10,0.9775312542915344,,,,,
986,4,慢性(传染性),chronic (infectious),N11.9,0.9938896894454956,,,,,
986,5,非梗阻性,nonobstructive,N11.8,0.9296188354492188,,,,,
986,6,与反流有关的,reflux-associated,N11.0,0.9731769561767578,,,,,
986,5,梗阻性,obstructive,N11.1,0.9088987708091736,,,,,
986,5,特指的 NEC,specified NEC,N11.8,0.9361106157302856,,,,,
986,4,舍格伦综合征,Sjögren's syndrome,M35.0+ N16.4*,0.9765342473983765,,,,,
986,3,特指病理学NEC-编码于N00-N07伴有第四位数.8,specified pathology NEC - code to N00-N07 with fourth character.8,,0.9909487962722778,,,,,
986,3,小动脉性(另见高血压，肾性),"arteriolar (see also Hypertension, kidney)",I12.9,0.9816231727600098,,,,,
986,3,心血管性-见高血压，肾性,"cardiovascular - see Hypertension, kidney",,0.9913516044616699,,,,,
986,3,心源性-见高血压，肾性，伴有，累及心脏,"cardiac - see Hypertension, kidney, with heart involvement",,0.9911198019981384,,,,,
986,3,血管性-见高血压，肾性,"vascular - see Hypertension, kidney",,0.9852060675621033,,,,,
986,3,盐丢失性或消瘦NEC,salt-losing or -wasting NEC,N28.8,0.9767287969589233,,,,,
986,3,硬化性(另见硬化，肾),"cirrhotic (see also Sclerosis, renal)",N26,0.9947305917739868,,,,,
986,3,硬化性，弥漫性(另见衰竭，肾，慢性),"sclerosing, diffuse (see also Failure, renal, chronic)",N18.9,0.9990065097808838,,,,,
986,3,由于,due to,,0.9657022356987,,,,,
986,4,糖尿病(另见E10-E14伴有第四位数.2),diabetes mellitus (see also E10-E14 with fourth character .2),E14.2+ N08.3*,0.9815098643302917,,,,,
986,4,系统性红斑狼疮(慢性),systemic lupus erythematosus (chronic),M32.1+ N08.5*,0.9824255108833313,,,,,
986,3,增生性 NEC-编码于N00-N07伴有第四位数.8,proliferative NEC - code to N00-N07 with fourth character.8,,0.97600919008255,,,,,
986,3,中毒性-见肾病变，中毒性,"toxic - see Nephropathy, toxic",,0.9783117771148682,,,,,
987,2,肾硬化病(小动脉性)(动脉硬化性)(慢性)(玻璃样)(另见高血压，肾性),"Nephrosclerosis (arteriolar) (arteriosclerotic) (chronic) (hyaline) (see also Hypertension, kidney)",I12.9,0.967923104763031,,,,,
987,3,老年性(另见硬化，肾),"senile (see also Sclerosis, renal)",N26,0.965127170085907,,,,,
987,2,肾盂积尿,Uronephrosis,N13.3,0.9799975156784058,,,,,
987,2,肾盂结石(另见结石，肾),"Pelviolithiasis (see also Calculus, kidney)",N20.0,0.9682903289794922,,,,,
987,2,肾盂静脉炎,Pyelophlebitis,I80.8,0.9665986895561218,,,,,
987,2,肾盂扩张,Pyelectasis,N13.3,0.9469810724258423,,,,,
987,2,肾盂膀胱炎(另见肾盂肾炎),Pyelocystitis (see also Pyelonephritis),N12,0.9912652373313904,,,,,
987,2,肾盂肾病(梗阻性),Pyelonephrosis (obstructive),N11.1,0.9967377781867981,,,,,
987,3,慢性,chronic,N11.9,0.9345927834510803,,,,,
987,2,肾盂肾炎(另见肾炎，肾小管间质),"Pyelonephritis (see also Nephritis, tubulo-interstitial)",N12,0.9934994578361511,,,,,
987,3,急性,acute,N10,0.9573854207992554,,,,,
987,3,慢性,chronic,N11.9,0.9762505292892456,,,,,
987,4,伴有结石,with calculus,N20.9,0.9811200499534607,,,,,
987,5,伴有肾积水,with hydronephrosis,N13.2,0.97237628698349,,,,,
987,4,非梗阻性,nonobstructive,N11.8,0.981732964515686,,,,,
987,5,伴有反流(膀胱输尿管),with reflux (vesicoureteral),N11.0,0.9829278588294983,,,,,
987,4,梗阻性,obstructive,N11.1,0.9798955321311951,,,,,
987,4,特指的 NEC,specified NEC,N11.8,0.9534403681755066,,,,,
987,3,伴有,with,,0.9998391270637512,,,,,
987,4,结石,calculus,N20.9,0.9598958492279053,,,,,
987,5,伴有肾积水,with hydronephrosis,N13.2,0.9766967296600342,,,,,
987,4,挛缩肾,contracted kidney,N11.9,0.9867535829544067,,,,,
987,3,并发于妊娠,complicating pregnancy,O23.0,0.9954256415367126,,,,,
987,4,影响到胎儿或新生儿 .,affecting fetus or newborn .,P00,0.9663546085357666,,,,,
987,3,非梗阻性,nonobstructive,N12,0.9965828657150269,,,,,
987,4,伴有反流(膀胱输尿管),with reflux (vesicoureteral),N11.0,0.9757182598114014,,,,,
987,4,慢性,chronic,N11.8,0.9806733131408691,,,,,
987,3,见于(由于),in (due to),,0.9890153408050537,,,,,
987,4,白喉,diphtheria,A36.8+ N16.0*,0.9650551080703735,,,,,
987,4,白血病NEC(M9800/3),leukemia NEC (M9800/3),C95.9+ N16.1*,0.9692925214767456,,,,,
987,4,败血症NEC,septicemia NEC,A41 N16.0*,0.9750832915306091,,,,,
987,4,布氏菌病,brucellosis,A23 N16.0*,0.9786486029624939,,,,,
987,4,多发性骨髓瘤(M9732/3),multiple myeloma (M9732/3),C90.0+ N16.1*,0.9914186596870422,,,,,
987,4,弓形虫病,toxoplasmosis,B58.8+ N16.0*,0.9778417348861694,,,,,
987,4,胱氨酸病,cystinosis,E72.0+ N16.3*,0.9850510358810425,,,,,
987,4,结节病,sarcoidosis,D86.8+ N16.2*,0.9879927635192871,,,,,
987,4,冷球蛋白血症(混合的),cryoglobulinemia (mixed),D89.1+ N16.2*,0.9778321981430054,,,,,
987,4,淋巴瘤NEC(M9590/3),lymphoma NEC (M9590/3),C85.9+ N16.1*,0.9886583685874939,,,,,
987,4,沙门菌感染,salmonella infection,A02.2+ N16.0*,0.9797435998916626,,,,,
987,4,舍格伦病,Sjögren's disease,M35.0+ N16.4*,0.9802330732345581,,,,,
987,4,糖原贮积病,glycogen storage disease,E74.0+ N16.3*,0.9767400622367859,,,,,
988,4,威尔逊病,Wilson's disease,E83.0+ N16.3*,0.9928260445594788,,,,,
988,4,移植排斥,transplant rejection,T86 N16.5*,0.9428375363349915,,,,,
988,4,阻塞,obstruction,N11.1,0.9517979025840759,,,,,
988,3,结石性,calculous,N20.9,0.9588617086410522,,,,,
988,4,伴有肾积水,with hydronephrosis,N13.2,0.9341234564781189,,,,,
988,3,梅毒性,syphilitic,A52.7+ N16.0*,0.965423047542572,,,,,
988,2,肾盂炎(先天性)(尿毒症性)(另见肾盂肾炎),Pyelitis (congenital) (uremic) (see also Pyelonephritis),N12,0.9875987768173218,,,,,
988,3,急性,acute,N10,0.9839557409286499,,,,,
988,3,慢性,chronic,N11.9,0.9556402564048767,,,,,
988,4,伴有结石,with calculus,N20.9,0.9271335601806641,,,,,
988,5,伴有肾积水,with hydronephrosis,N13.2,0.9537497162818909,,,,,
988,3,伴有,with,,0.9996411204338074,,,,,
988,4,结石,calculus,N20.9,0.9002877473831177,,,,,
988,4,伴有肾积水,with hydronephrosis,N13.2,0.9658686518669128,,,,,
988,4,挛缩肾,contracted kidney,N11.9,0.9774183034896851,,,,,
988,3,并发于妊娠,complicating pregnancy,O23.0,0.9850883483886719,,,,,
988,4,影响到胎儿或新生儿,affecting fetus or newborn,P00.1,0.9861220121383667,,,,,
988,3,产褥期(产后),puerperal (postpartum),O86.2,0.9687875509262085,,,,,
988,3,结核性,tuberculous,A18.1+ N29.1*,0.9811784029006958,,,,,
988,3,囊性,cystica,N28.8,0.9795190691947937,,,,,
988,2,肾造口,Nephrostomy,,0.9997966885566711,,,,,
988,3,维护,attention to,Z43.6,0.9887616634368896,,,,,
988,3,状态,status,Z93.6,0.9718819856643677,,,,,
988,2,肾盏积水(另见肾积水),Hydrocalycosis (see also Hydronephrosis),N13.3,0.9903149604797363,,,,,
988,2,肾盏扩张,Calicectasis,N28.8,0.9964926242828369,,,,,
988,2,肾周，肾周的，肾周炎的-见情况,"Perinephric, Perirenal, perinephritic - see condition",,0.9991273283958435,,,,,
988,2,肾周炎(另见感染，肾),"Perinephritis (see also Infection, kidney)",N15.9,0.9944459795951843,,,,,
988,3,化脓性(另见脓肿，肾),"purulent (see also Abscess, kidney)",N15.1,0.9829065203666687,,,,,
988,1,shèn 渗,,,0.9544472098350525,,,,,
988,2,渗出，渗出物,Effusion,,0.9994820952415466,,,,,
988,3,大脑,cerebral,G93.6,0.9916530847549438,,,,,
988,3,腹膜(慢性),peritoneal (chronic),R18,0.9903212189674377,,,,,
988,3,关节,joint,M25.4,0.9828063249588013,,,,,
988,3,脊髓(另见脑膜炎),spinal (see also Meningitis),G03.9,0.997133195400238,,,,,
988,3,颅内,intracranial,G93.6,0.9956963062286377,,,,,
988,3,脑(浆液性),brain (serous),G93.6,0.9776642918586731,,,,,
988,3,脑脊膜，脑脊髓(另见脑膜炎),"meninges, cerebrospinal (see also Meningitis)",G03.9,0.9868520498275757,,,,,
988,3,乳糜样(胸膜),"chylous, chyliform (pleura)",J94.0,0.9970113039016724,,,,,
989,3,心包(非炎性),"pericardium, pericardial (noninflammatory)",I31.3,0.9839062094688416,,,,,
989,4,急性(另见心包炎，急性),"acute (see also Pericarditis, acute)",I30.9,0.969684898853302,,,,,
989,3,胸-见渗出，胸膜,"chest, thorax, thoracic – see Effusion, pleura",,0.9618284702301025,,,,,
989,3,胸膜，胸膜炎，胸膜心包,"pleura, pleurisy, pleuritic, pleuropericardial",J90,0.9966134428977966,,,,,
989,4,恶性 NEC,malignant NEC,C78.2,0.9589714407920837,,,,,
989,4,结核性 NEC,tuberculous NEC,A16.5,0.9700860977172852,,,,,
989,5,原发性(进行性),primary (progressive),A16.7,0.9711158275604248,,,,,
989,6,伴有细菌学和组织学证实,with bacteriological and histological confirmation,A15.7,0.9685696363449097,,,,,
989,4,流感性(另见流行性感冒，伴有，呼吸道表现),"influenzal (see also Influenza, with, respiratory manifestations)",J11.1,0.9499356746673584,,,,,
989,4,乳糜样,"chylous, chyliform",J94.0,0.9838802814483643,,,,,
989,4,胎儿或新生儿,fetus or newborn,P28.8,0.9704980850219727,,,,,
989,3,羊水-见破裂，胎膜，过早,"amniotic fluid - see Rupture, membranes, premature",,0.9788495302200317,,,,,
989,2,渗出物，胸膜-见渗出，胸膜,"Exudate, pleural – see Effusion, pleura",,0.9558395743370056,,,,,
989,2,渗出性的 - 见情况,Exudative – see condition,,0.9256880879402161,,,,,
989,2,渗透性过高，毛细血管,"Hyperpermeability, capillary",I78.8,0.9914592504501343,,,,,
989,1,shēng 升,,,0.9293299317359924,,,,,
989,2,升的 - 见情况,Ascending – see condition,,0.9590036869049072,,,,,
989,2,升高,"Elevated, Elevation, Rise",,0.9990333318710327,,,,,
989,3,白细胞分类计数,leukocyte count,R72,0.9705942273139954,,,,,
989,3,沉降率,sedimentation rate,R70.0,0.981267511844635,,,,,
989,3,膈，先天性,"diaphragm, congenital",Q79.1,0.9780009984970093,,,,,
989,3,红细胞沉降率,erythrocyte sedimentation rate,R70.0,0.9941595792770386,,,,,
989,3,基础代谢率,basal metabolic rate,R94.8,0.9798650741577148,,,,,
989,3,肩胛骨，先天性,"scapula, congenital",Q74.0,0.9793128967285156,,,,,
989,3,静脉压,venous pressure,I87.8,0.9688010811805725,,,,,
989,3,抗体滴度,antibody titer,R76.0,0.9642970561981201,,,,,
989,3,免疫球蛋白水平,immunoglobulin level,R76.8,0.9654022455215454,,,,,
989,3,尿内水平,urine level of,,0.9672985076904297,,,,,
989,4,17-甾酮类,17-ketosteroids,R82.5,0.9701337218284607,,,,,
989,4,儿茶酚胺,catecholamines,R82.5,0.9962834715843201,,,,,
989,4,类固醇,steroids,R82.5,0.9535736441612244,,,,,
989,4,吲哚乙酸,indoleacetic acid,R82.5,0.993967592716217,,,,,
989,3,乳酸脱氢酶水平,lactic acid dehydrogenase (LDH) level,R74.0,0.9890519380569458,,,,,
989,3,体温(原因不明),body temperature (of unknown origin),R50.9,0.9973464608192444,,,,,
989,3,血压(另见高血压),blood pressure (see also Hypertension),I10,0.9936554431915283,,,,,
989,4,读数(偶然)(孤立)(非特异)，无高血压诊断,"reading (incidental) (isolated) (nonspecific), no diagnosis of hypertension",R03.0,0.973224937915802,,,,,
989,3,转氨酶水平,transaminase level,R74.0,0.9828023314476013,,,,,
990,1,shēng 生,,,0.9497668147087097,,,,,
990,2,生产 - 见分娩,Birth,,0.9042716026306152,,,,,
990,2,生长,Growth,,0.9999158382415771,,,,,
990,3,迅速，儿童期,"rapid, childhood",Z00.2,0.977876603603363,,,,,
990,2,生成过多-另见分泌过多,Overproduction - see also Hypersecretion,,0.9881558418273926,,,,,
990,3,儿茶酚胺,catecholamine,E27.5,0.9861159324645996,,,,,
990,3,生长激素,growth hormone,E22.0,0.9604614973068237,,,,,
990,2,生活力缺损,Abiotrophy,R68.8,0.994407594203949,,,,,
990,2,生客恐怖,Xenophobia,F40.1,0.9885390996932983,,,,,
990,2,生脓性的 - 见情况,Pyogenic - see condition,,0.9581875801086426,,,,,
990,2,生育酚缺乏,Tocopherol deficiency,E56.0,0.9611043334007263,,,,,
990,2,生殖-肛门直肠综合征,Genito-anorectal syndrome,A55,0.9997857809066772,,,,,
990,2,生殖的 - 见情况,Genital - see condition,,0.9117487668991089,,,,,
990,2,生殖母细胞瘤(弥漫性)(M9676/3),Germinoblastoma (diffuse) (M9676/3),C83.2,0.9885104298591614,,,,,
990,3,滤泡性(M9692/3),follicular (M9692/3),C82.1,0.9743876457214355,,,,,
990,2,生殖细胞瘤(M9064/3)-见肿瘤，恶性,"Germinoma (M9064/3) - see Neoplasm, malignant",,0.9966185688972473,,,,,
990,2,生殖腺发育不全(先天性)-见性腺功能减退症,Hypogenitalism (congenital) - see Hypogonadism,,0.9854745268821716,,,,,
990,1,shēng 声,,,0.9999300837516785,,,,,
990,2,声带的 - 见情况,Vocal cord - see condition,,0.8997588753700256,,,,,
990,2,声带炎(纤维性)(结节性)(结节状),Chorditis (fibrinous) (nodosa) (tuberosa),J38.2,0.9856690168380737,,,,,
990,2,声门的 - 见情况,Glottis - see condition,,0.9752276539802551,,,,,
990,2,声嘶[声哑],Hoarseness,R49.0,0.9599156975746155,,,,,
990,2,声音,Voice,,0.9999839663505554,,,,,
990,3,改变,change,R49.8,0.9768451452255249,,,,,
990,3,丧失(另见失声[失音]),loss (see also Aphonia),R49.1,0.9486072063446045,,,,,
990,1,shèng 圣,,,0.9607353806495667,,,,,
990,2,圣,Saint,,0.9999781847000122,,,,,
990,3,安东尼热(另见丹毒),Anthony's fire (see also Erysipelas),A46,0.993423581123352,,,,,
990,3,维图斯舞蹈病-见舞蹈症，西德纳姆,"Vitus' dance - see Chorea, Sydenham's",,0.9824165105819702,,,,,
990,2,圣安东尼热[丹毒](另见丹毒),"Fire, Saint Anthony's (see also Erysipelas)",A46,0.997997522354126,,,,,
990,2,圣保罗(巴西)热或圣保罗斑疹伤寒,Sao Paulo fever or typhus,A77.0,0.9996874928474426,,,,,
990,2,圣菲利波(B型)(C型)(D型)综合征,Sanfilippo (type B) (type C) (type D) syndrome,E76.2,0.9941091537475586,,,,,
990,2,圣华金河(谷)热[球孢子菌病],San Joaquin (Valley) fever,B38.0+ J99.8*,0.9813455939292908,,,,,
990,2,圣氏三联症(另见疝，膈),"Saint's triad (see also Hernia, diaphragm)",K44.9,0.9961181879043579,,,,,
990,2,圣休伯特病,St Hubert's disease,A82.9,0.9730796217918396,,,,,
991,1,shī 尸,,,0.9997462034225464,,,,,
991,2,尸碱(中毒),Ptomaine (poisoning),T62.9,0.9836218953132629,,,,,
991,1,shī 失,,,0.9997838735580444,,,,,
991,2,失,Loss (of),,0.9996533989906311,,,,,
991,3,控，直肠括约肌,"control, sphincter, rectum",R15,0.997322678565979,,,,,
991,4,非器质性原因,nonorganic origin,F98.1,0.9736009836196899,,,,,
991,3,声(另见失声[失音]),voice (see also Aphonia),R49.1,0.9873287081718445,,,,,
991,3,血-见出血,blood - see Hemorrhage,,0.9720747470855713,,,,,
991,2,失败,"Failure, failed",,0.9966214299201965,,,,,
991,3,产程中扩张宫颈,cervical dilatation in labor,O62.0,0.9962077736854553,,,,,
991,4,影响到胎儿或新生儿,affecting fetus or newborn,P03.6,0.9903684258460999,,,,,
991,3,产钳术NEC(以后通过剖宫产术分娩),forceps NEC (with subsequent delivery by cesarean section),O66.5,0.9852597117424011,,,,,
991,4,影响到胎儿或新生儿,affecting fetus or newborn,P03.1,0.9812272191047668,,,,,
991,3,考试引起焦虑,"examination(s), anxiety concerning",Z55.2,0.9838442802429199,,,,,
991,3,麻醉中插管,intubation during anesthesia,T88.4,0.9944417476654053,,,,,
991,4,产后，产褥期,"postpartum, puerperal",O89.6,0.9587860107421875,,,,,
991,4,在产程和分娩中,in labor and delivery,O74.7,0.9791721701622009,,,,,
991,4,在妊娠中,during pregnancy,O29.6,0.967719316482544,,,,,
991,3,企图流产-见流产，企图,"attempted abortion - see Abortion, attempted",,0.9885960817337036,,,,,
991,3,试产(以后通过剖宫产术分娩),trial of labor (with subsequent cesarean section),O66.4,0.996864914894104,,,,,
991,4,影响到胎儿或新生儿,affecting fetus or newborn,P03.1,0.9682869911193848,,,,,
991,3,吸杯NEC(以后通过剖宫产术分娩),ventouse NEC (with subsequent cesarean section),O66.5,0.9928861260414124,,,,,
991,4,影响到胎儿或新生儿,affecting fetus or newborn,P03.1,0.9826580286026001,,,,,
991,3,旋转,rotation,,0.9330471754074097,,,,,
991,4,肠,intestine,Q43.3,0.9569894075393677,,,,,
991,4,结肠,colon,Q43.3,0.9670418500900269,,,,,
991,4,盲肠,cecum,Q43.3,0.9287876486778259,,,,,
991,4,肾,kidney,Q63.2,0.9735075831413269,,,,,
991,3,移植,transplant,T86.9,0.961944580078125,,,,,
991,4,肠,intestine,T86.8,0.9570329189300537,,,,,
991,4,肺,lung(s),T86.8,0.9392046928405762,,,,,
991,5,和心脏,with heart,T86.3,0.9758630394935608,,,,,
991,4,肝,liver,T86.4,0.8732478618621826,,,,,
991,4,骨,bone,T86.8,0.8943750858306885,,,,,
991,5,髓,marrow,T86.0,0.9419983625411987,,,,,
991,4,皮肤(同种异基因移植物)(自体移植物),skin (allograft)(autograft),T86.8,0.9807968139648438,,,,,
991,4,肾,kidney,T86.1,0.958885908126831,,,,,
991,4,特指的器官或组织NEC,specified organ or tissue NEC,T86.8,0.9642279744148254,,,,,
991,4,心脏,heart,T86.2,0.9749923348426819,,,,,
991,5,和肺,with lung(s),T86.3,0.9643803834915161,,,,,
991,4,胰腺,pancreas,T86.8,0.9633564352989197,,,,,
992,3,引产(分娩的),induction (of labor),O61.9,0.985284686088562,,,,,
992,4,机械性,mechanical,O61.1,0.9466708898544312,,,,,
992,4,流产-见流产，企图,"abortion - see Abortion, attempted",,0.9460265636444092,,,,,
992,4,器械,instrumental,O61.1,0.9158540368080139,,,,,
992,4,特指的 NEC,specified NEC,O61.8,0.9375545978546143,,,,,
992,4,通过,by,,0.7651673555374146,,,,,
992,5,后叶催产素,oxytocic drugs,O61.0,0.9572835564613342,,,,,
992,5,前列腺素,prostaglandins,O61.0,0.9261115193367004,,,,,
992,4,外科,surgical,O61.1,0.9290163516998291,,,,,
992,4,医疗性,medical,O61.0,0.9534628391265869,,,,,
992,3,真空吸引器NEC(以后通过剖宫产术分娩),vacuum extraction NEC (with subsequent cesarean section),O66.5,0.907954216003418,,,,,
992,4,影响到胎儿或新生儿,affecting fetus or newborn,P03.1,0.9473739862442017,,,,,
992,2,失表情,Amimia,R48.8,0.9492104649543762,,,,,
992,2,失弛缓症(贲门)(食管),Achalasia (cardia) (esophagus),K22.0,0.9956051707267761,,,,,
992,3,先天性,congenital,Q39.5,0.9594689607620239,,,,,
992,3,幽门,pylorus,Q40.0,0.9808821678161621,,,,,
992,2,失读,Alexia,R48.0,0.9999647736549377,,,,,
992,3,发育性,developmental,F81.0,0.9885975122451782,,,,,
992,2,失衡,Imbalance,R26.8,0.9999541640281677,,,,,
992,3,蛋白质能量(另见营养不良),protein-energy (see also Malnutrition),E46,0.9911428093910217,,,,,
992,3,电解质,electrolyte,E87.8,0.978775680065155,,,,,
992,4,流产后,following abortion,O08.5,0.885739803314209,,,,,
992,4,新生儿，暂时性NEC,"neonatal, transitory NEC",P74.4,0.9806013107299805,,,,,
992,5,钾,potassium,P74.3,0.9513286352157593,,,,,
992,5,钠,sodium,P74.2,0.973708987236023,,,,,
992,4,由于妊娠剧吐,due to hyperemesis gravidarum,O21.1,0.9718300700187683,,,,,
992,3,激素,hormone,E34.9,0.972372829914093,,,,,
992,3,交感神经,sympathetic,G90.8,0.9807291030883789,,,,,
992,3,迷路,labyrinth,H83.2,0.9879674911499023,,,,,
992,3,内分泌,endocrine,E34.9,0.9881927371025085,,,,,
992,3,摄入食物结构,constituents of food intake,E63.1,0.9674558043479919,,,,,
992,3,眼肌NEC,eye muscle NEC,H50.9,0.9596454501152039,,,,,
992,3,癔症性,hysterical,F44.4,0.9422503709793091,,,,,
992,3,姿势,posture,R29.3,0.9798368215560913,,,,,
992,3,自主,autonomic,G90.8,0.9820102453231812,,,,,
992,2,失活牙,Devitalized tooth,K04.9,0.999713659286499,,,,,
992,2,失禁(尿),Incontinence,R32,0.956186056137085,,,,,
992,3,充溢性,overflow,N39.4,0.9654271602630615,,,,,
992,3,大便,"feces, fecal",R15,0.9984395503997803,,,,,
992,4,非器质性原因,nonorganic origin,F98.1,0.9706810712814331,,,,,
992,3,反射性,reflex,N39.4,0.961253821849823,,,,,
992,3,肛门括约肌,anal sphincter,R15,0.9977326989173889,,,,,
993,3,尿,"urine, urinary",R32,0.9645814299583435,,,,,
993,4,非器质性原因,nonorganic origin,F98.0,0.9465109705924988,,,,,
993,4,特指的NEC,specified NEC,N39.4,0.9316689372062683,,,,,
993,4,压力性(女性)(男性),stress (female) (male),N39.3,0.9436334371566772,,,,,
993,3,尿道括约肌,urethral sphincter,R32,0.9757055044174194,,,,,
993,3,心因性,psychogenic,F45.8,0.9896334409713745,,,,,
993,3,压力性(女性)(男性),stress (female) (male),N39.3,0.9709612727165222,,,,,
993,3,欲望性,urge,N39.4,0.9533708691596985,,,,,
993,2,失眠，失眠症(器质性),"Hyposomnia, Sleeplessness, Insomnia (organic)",G47.0,0.9945997595787048,,,,,
993,3,非器质性原因,nonorganic origin,F51.0,0.9823047518730164,,,,,
993,3,心因性,psychogenic,F51.0,0.9722159504890442,,,,,
993,3,原发性,primary,F51.0,0.9760140776634216,,,,,
993,2,失去,Loss (of),,0.9998343586921692,,,,,
993,3,父母，童年时,parent in childhood,Z61.0,0.981194257736206,,,,,
993,3,家庭(成员)，童年时,family (member) in childhood,Z61.0,0.9729329943656921,,,,,
993,3,所爱亲属，童年时,love relationship in childhood,Z61.0,0.9887953996658325,,,,,
993,3,自尊，童年时,"self-esteem, in childhood",Z61.3,0.9837242960929871,,,,,
993,2,失认(体形)(触觉)(其他感觉),Agnosia (body image) (tactile) (other senses),R48.1,0.9980624914169312,,,,,
993,3,发育性,developmental,F88,0.9555945992469788,,,,,
993,3,语言,verbal,R48.1,0.9451788663864136,,,,,
993,4,发育性,developmental,F80.2,0.99090176820755,,,,,
993,4,视力,visual,R48.1,0.959973931312561,,,,,
993,4,听觉,auditory,R48.1,0.9517424702644348,,,,,
993,5,发育性,developmental,F80.2,0.9707907438278198,,,,,
993,2,失声[失音],Aphonia,R49.1,0.9605860114097595,,,,,
993,3,器质性,organic,R49.1,0.9906243681907654,,,,,
993,3,心因性,psychogenic,F44.4,0.9853812456130981,,,,,
993,3,癔症性,hysterical,F44.4,0.9364508390426636,,,,,
993,2,失算,Acalculia,R48.8,0.9999498724937439,,,,,
993,3,发育性,developmental,F81.2,0.9848042726516724,,,,,
993,2,失调,Disturbance,,0.9999537467956543,,,,,
993,3,步态,gait,R26.8,0.9757190346717834,,,,,
993,4,心因性,psychogenic,F44.4,0.9808969497680664,,,,,
993,4,癔症性,hysterical,F44.4,0.941659152507782,,,,,
993,3,代谢，先天性-见障碍，代谢,"metabolism, inborn - see Disorder, metabolism",,0.9732171893119812,,,,,
993,3,电解质(另见失衡，电解质),"electrolyte (see also Imbalance, electrolyte)",E87.8,0.9905471801757812,,,,,
993,4,新生儿，暂时性,"newborn, transitory",P74.4,0.9727545976638794,,,,,
993,5,钾平衡,potassium balance,P74.3,0.9838773608207703,,,,,
993,5,钠平衡,sodium balance,P74.2,0.8834829330444336,,,,,
993,5,特指类型 NEC,specified type NEC,P74.4,0.9616522789001465,,,,,
993,3,果糖代谢,fructose metabolism,E74.1,0.9916715621948242,,,,,
993,3,活动与注意力(伴有运动过度),activity and attention (with hyperkinesis),F90.0,0.9960498213768005,,,,,
994,3,钾平衡，新生儿,"potassium balance, newborn",P74.3,0.9750089645385742,,,,,
994,3,节律，心脏,"rhythm, heart",I49.9,0.9819343686103821,,,,,
994,3,钠平衡，新生儿,"sodium balance, newborn",P74.2,0.9694878458976746,,,,,
994,3,内分泌(腺),endocrine (gland),E34.9,0.9698882699012756,,,,,
994,4,新生儿，暂时性,"neonatal, transitory",P72.9,0.9392760992050171,,,,,
994,5,特指的NEC,specified NEC,P72.8,0.939845860004425,,,,,
994,3,平衡,equilibrium,R42,0.9285562634468079,,,,,
994,3,酸碱平衡(混合性),acid-base equilibrium (mixed),E87.4,0.9744735956192017,,,,,
994,3,胃肠(功能性),gastrointestinal (functional),K30,0.9823402166366577,,,,,
994,4,心因性,psychogenic,F45.3,0.9734236001968384,,,,,
994,2,失写(绝对),Agraphia (absolute),R48.8,0.999362587928772,,,,,
994,3,发育性,developmental,F81.8,0.9950594902038574,,,,,
994,2,失业，引起的焦虑,"Unemployment, anxiety concerning",Z56.0,0.9891560077667236,,,,,
994,3,威胁,threatened,Z56.2,0.9824938774108887,,,,,
994,2,失用(典型)(观念)(意想性动作)(观念性动作)(运动性)(词语),Apraxia (classic) (ideational) (ideokinetic) (ideomotor) (motor) (verbal),R48.2,0.9822584390640259,,,,,
994,3,动眼，先天性,"oculomotor, congenital",H51.8,0.9940575957298279,,,,,
994,2,失用性弱视[废用性弱视]，象限性,"Anopsia, quadrant",H53.4,0.9855399131774902,,,,,
994,2,失语(遗忘性)(完全性)(命名性)(语义性)(语法性),Aphasia (amnestic) (global) (nominal) (semantic) (syntactic),R47.0,0.9750547409057617,,,,,
994,3,发育性(感受型),developmental (receptive type),F80.2,0.9844887852668762,,,,,
994,4,表达型,expressive type,F80.1,0.9828494191169739,,,,,
994,4,韦尼克,Wernicke's,F80.2,0.98609459400177,,,,,
994,3,感觉性,sensory,F80.2,0.9270507097244263,,,,,
994,3,后天性，伴有癫疯(兰道-克勒夫纳综合征),"acquired, with epilepsy (Landau-Kleffner syndrome)",F80.3,0.973786473274231,,,,,
994,3,进行性，孤立的,progressive isolated,G31.0,0.9965245723724365,,,,,
994,3,梅毒，三期,"syphilis, tertiary",A52.1+ G94.8*,0.977256178855896,,,,,
994,3,尿毒症的,uremic,N19,0.981401801109314,,,,,
994,3,听觉性(发育性),auditory (developmental),F80.2,0.9784425497055054,,,,,
994,3,韦尼克(发育性),Wernicke's (developmental),F80.2,0.9860137701034546,,,,,
994,2,失乐感,Amusia,R48.8,0.9994813799858093,,,,,
994,3,发育性,developmental,F80.8,0.9805741310119629,,,,,
994,2,失重(的效应),Weightlessness (effect of),T75.8,0.9971773624420166,,,,,
994,1,shī 虱,,,0.9999198913574219,,,,,
994,2,虱，虱病(侵染),"Lice, Louse, lousiness, Pediculus, Pediculosis, Phthiriasis (infestation)",B85.2,0.9817923307418823,,,,,
994,3,伴有任何可分类到B85.0-B85.1和B85.3的侵染,with any infestation classifiable to B85.0-B85.1 and B85.3,B85.4,0.9784495830535889,,,,,
994,3,耻骨部(阴虱)(任何部位),pubis (pubic-louse) (any site),B85.3,0.9763795137405396,,,,,
994,3,混合性(可归类到超过一个B85.0-B85.3亚目者),mixed (classifiable to more than one of the subcategories B85.0-B85.3),B85.4,0.9974161386489868,,,,,
995,3,体(任何部位),"corporis (body-louse) (any site), body (Pediculus corporis)",B85.1,0.9887500405311584,,,,,
995,3,头(任何部位),"capitis (head-louse) (any site), head (Pediculus capitis)",B85.0,0.9807215929031372,,,,,
995,3,外阴,vulvae,B85.3,0.9618673920631409,,,,,
995,3,眼睑,eyelid,B85.3+ H03.0*,0.9671036601066589,,,,,
995,3,衣,vestimenti,B85.1,0.9037023782730103,,,,,
995,3,阴部,"crab, pubic (Phthirus pubis)",B85.3,0.9907334446907043,,,,,
995,1,shī 狮,,,0.9980387687683105,,,,,
995,2,狮面,Leontiasis,,0.9993981122970581,,,,,
995,3,骨性,ossium,M85.2,0.998264729976654,,,,,
995,3,梅毒性(晚期),syphilitic (late),A52.7,0.9894022941589355,,,,,
995,4,先天性,congenital,A50.5,0.9643319845199585,,,,,
995,1,shī 施,,,0.9998793005943298,,,,,
995,2,施-齐-奥病,Schwalbe-Ziehen-Oppenheim disease,G24.1,0.9998538494110107,,,,,
995,2,施蒂克病[传染性红斑],Sticker's disease,B08.3,0.9994954466819763,,,,,
995,2,施蒂林综合征,Stilling's syndrome,H50.8,0.9999465346336365,,,,,
995,2,施拉特-奥斯古德病或骨软骨病[胫骨粗隆骨软骨病],Schlatter-Osgood disease or osteochondrosis,M92.5,0.9674358367919922,,,,,
995,2,施拉特胫骨,Schlatter's tibia,M92.5,0.9972020983695984,,,,,
995,2,施米茨(-施蒂策)痢疾,Schmitz(-Stutzer) dysentery,A03.0,0.9955625534057617,,,,,
995,2,施密特综合征(多腺体，自身免疫性),"Schmidt's syndrome (polyglandular, autoimmune)",E31.0,0.9859873056411743,,,,,
995,2,施明克癌或施明克瘤(M8082/3)-见肿瘤，鼻咽，恶性,"Schmincke's carcinoma or tumor (M8082/3) - see Neoplasm, nasopharynx, malignant",,0.9839359521865845,,,,,
995,2,施莫尔病或结节,Schmorl's disease or nodes,M51.4,0.9996809363365173,,,,,
995,2,施奈德,Schneiderian,,0.9998289942741394,,,,,
995,3,癌(M8121/3),arcinoma (M8121/3),,0.987017035484314,,,,,
995,4,特指部位-见肿瘤，恶性,"specified site - see Neoplasm, malignant",,0.9523700475692749,,,,,
995,4,未特指部位,unspecified site,C30.0,0.9582056403160095,,,,,
995,3,乳头状瘤(M8121/0),papilloma (M8121/0),,0.9929875135421753,,,,,
995,4,特指部位-见肿瘤，良性,"specified site - see Neoplasm, benign",,0.9513424634933472,,,,,
995,4,未特指部位,unspecified site,D14.0,0.9477002024650574,,,,,
995,2,施虐受虐癖[施虐受虐狂],Sadomasochism,F65.5,0.9995020627975464,,,,,
995,2,施虐癖[施虐狂](性施虐),Sadism (sexual),F65.5,0.9985060691833496,,,,,
995,2,施皮尔迈尔-福格特病[家族黑矇性白痴],Spielmeyer-Vogt disease,E75.4,0.9854615330696106,,,,,
995,2,施皮格勒-芬特良性淋巴细胞瘤,Spiegler-Fendt benign lymphocytoma,L98.8,0.9997377991676331,,,,,
995,2,施普伦格尔畸形[先天性肩胛隆凸],Sprengel's deformity (congenital),Q74.0,0.9988616704940796,,,,,
995,2,施塔加特病[遗传性黄斑变性],Stargardt's disease,H35.5,0.9967134594917297,,,,,
995,2,施泰因布罗克综合征[肩手综合征],Steinbrocker's syndrome,G90.8,0.9999228715896606,,,,,
995,2,施特里线[角膜色素线],Stähli's line (cornea) (pigment),H18.0,0.9759379625320435,,,,,
996,2,施特伦佩尔-玛丽脊椎炎[类风湿性脊椎炎],Strümpell-Marie spine,M45,0.9834476113319397,,,,,
996,2,施特伦佩尔-韦斯特法尔假硬化,Strümpell-Westphal pseudosclerosis,E83.0,0.9805771708488464,,,,,
996,2,施瓦茨(-让皮尔)综合征,Schwartz(-Jampel) syndrome,Q78.8,0.9999421834945679,,,,,
996,2,施韦宁格-布齐皮肤松弛,Schweninger-Buzzi anetoderma,L90.1,0.9988510608673096,,,,,
996,1,shī 湿,,,0.9998747110366821,,,,,
996,2,湿冷皮肤,Clammy skin,R23.1,0.9826099276542664,,,,,
996,2,湿疣,Condyloma,A63.0,0.9654808044433594,,,,,
996,3,扁平,"latum, syphilitic",A51.3,0.9476127624511719,,,,,
996,4,先天性,congenital,A50.0,0.9566894769668579,,,,,
996,3,尖锐,acuminatum,A63.0,0.9651409387588501,,,,,
996,3,淋病,gonorrheal,A54.0,0.9842276573181152,,,,,
996,3,性病性，梅毒性,"venereal, syphilitic",A51.3,0.9589189291000366,,,,,
996,2,湿疹-血小板减少-免疫缺陷综合征[奥尔德里奇(-威斯科特)综合征],Aldrich(-Wiskott) syndrome,D82.0,0.984789252281189,,,,,
996,2,湿疹(急性)(慢性)(红斑性)(裂隙性)(红色)(鳞状)(另见皮炎),Eczema (acute) (chronic) (erythematous) (fissum) (rubrum) (squamous) (see also Dermatitis),L30.9,0.9838302135467529,,,,,
996,3,擦烂性NEC,intertriginous NEC,L30.4,0.9634271860122681,,,,,
996,4,婴儿,infantile,L21.1,0.9610363245010376,,,,,
996,3,出汗障碍[汗疱]性,dyshydrotic,L30.1,0.990234911441803,,,,,
996,3,肥大性,hypertrophicum,L28.0,0.980186939239502,,,,,
996,3,接种,"vaccination, vaccinatum",T88.1,0.9595087766647339,,,,,
996,3,轮廓性(黑布腊),marginatum (hebrae),B35.6,0.9751462936401367,,,,,
996,3,内因性(变应性),intrinsic (allergic),L20.8,0.9886640310287476,,,,,
996,3,脓疱病性,impetiginous,L01.1,0.9946807026863098,,,,,
996,3,疱疹性,herpeticum,B00.0,0.9931077361106873,,,,,
996,3,曲张性,varicose,I83.1,0.9538097381591797,,,,,
996,3,苔癣化NEC,lichenified NEC,L28.0,0.9347274303436279,,,,,
996,3,停滞性,stasis,I83.1,0.9576816558837891,,,,,
996,3,外耳,external ear,H60.5,0.9826059341430664,,,,,
996,3,小脓疱性,pustular,L30.3,0.982836127281189,,,,,
996,3,婴儿(由于任何物质),infantile (due to any substance),L20.8,0.9845350384712219,,,,,
996,4,擦烂性,intertriginous,L21.1,0.9549551010131836,,,,,
996,4,皮脂溢性,seborrheic,L21.1,0.9736490249633789,,,,,
996,3,坠积性,hypostatic,I83.1,0.9730369448661804,,,,,
996,2,湿疹样疹,Eczematid,L30.2,0.995209276676178,,,,,
996,1,shí 十,,,0.8873870968818665,,,,,
996,2,十二指肠胆管炎(另见 胆管炎),Duodenocholangitis (see also Cholangitis),K83.0,0.9909766912460327,,,,,
996,2,十二指肠的 - 见情况,"Duodenum, duodenal - see condition",,0.959225594997406,,,,,
996,2,十二指肠钩虫-见钩口线虫,Ancylostoma,,0.9938554167747498,,,,,
996,2,十二指肠炎(非特异的)(消化性),Duodenitis (nonspecific) (peptic),K29.8,0.9964366555213928,,,,,
997,1,shí 石,,,0.9993307590484619,,,,,
997,2,石 - 另见 结石,Stone(s) - see also Calculus,,0.9268474578857422,,,,,
997,3,黄嘌呤,xanthine,E79.8+ N22.8*,0.9765375852584839,,,,,
997,3,泌尿(管)(嵌顿性)(道),urinary (duct) (impacted) (passage),N20.9,0.9693827629089355,,,,,
997,4,膀胱(憩室),bladder (diverticulum),N21.0,0.969244122505188,,,,,
997,4,下道 NEC,lower tract NEC,N21.9,0.9139905571937561,,,,,
997,5,特指的NEC,specified NEC,N21.8,0.9704755544662476,,,,,
997,3,尿道(嵌顿性),urethra (impacted),N21.1,0.9967295527458191,,,,,
997,3,膀胱(憩室),bladder'(diverticulum),N21.0,0.9586906433105469,,,,,
997,3,前列腺,prostate,N42.0,0.9455543756484985,,,,,
997,3,肾,"kidney, renal",N20.0,0.9909991025924683,,,,,
997,3,涎腺或涎管(任何),salivary gland or duct (any),K11.5,0.9900311827659607,,,,,
997,3,牙髓,pulpal (dental),K04.2,0.9917659163475037,,,,,
997,2,石板选矿工肺或石板采矿工肺,Slate-dresser's or slate-miner's lung,J62.8,0.9780643582344055,,,,,
997,2,石匠肺,Stonecutter's lung,J62.8,0.9945741295814514,,,,,
997,2,石匠哮喘、石匠病、石匠肺或石匠肺尘埃沉着病,"Stonemason's asthma, disease, lung or pneumoconiosis",J62.8,0.9976624846458435,,,,,
997,2,石蜡瘤,Paraffinoma,T88.8,0.9554993510246277,,,,,
997,2,石棉沉着病(曾译名石棉肺),Asbestosis,J61,0.9780214428901672,,,,,
997,2,石棉肺-现译名石棉沉着病,Asbestosis,,0.9996137619018555,,,,,
997,2,石末沉着病(曾译名石末肺),Chalicosis,J62.8,0.9982852935791016,,,,,
997,2,石末肺 - 现译名 石末沉着病,Chalicosis,,0.9396926760673523,,,,,
997,2,石墨纤维变性(肺的),Graphite fibrosis (of lung),J63.3,0.9985123872756958,,,,,
997,2,石胎,Lithopedion,P95,0.9998213648796082,,,,,
997,1,shí 实,,,0.923883318901062,,,,,
997,2,实体感觉缺失,Astereognosis,R48.1,0.9765751957893372,,,,,
997,1,shí 食,,,0.9993360638618469,,,,,
997,2,食粪癖,Coprophagy,F50.8,0.9974840879440308,,,,,
997,2,食管的 - 见情况,"Esophagus, Oesophagus - see condition",,0.9603304266929626,,,,,
997,2,食管痉挛,Esophagismus,K22.4,0.9984753131866455,,,,,
997,2,食管气管的- 见情况,Esophagotracheal - see condition,,0.9539696574211121,,,,,
997,2,食管软化症,Esophagomalacia,K22.8,0.9999808073043823,,,,,
997,2,食管炎(急性)(碱性)(化学性)(慢性)(感染性)(坏死性)(消化性)(手术后),Esophagitis (acute) (alkaline) (chemical) (chronic) (infectional) (necrotic) (peptic) (postoperative),K20,0.984899640083313,,,,,
997,3,反流性,reflux,K21.0,0.9507884979248047,,,,,
997,3,结核性,tuberculous,A18.8+ K23.0*,0.9637078046798706,,,,,
997,3,溃疡性,ulcerative,K22.1,0.969920814037323,,,,,
997,3,由于胃肠反流性疾病,due to gastrointestinal reflux disease,K21.0,0.9993928074836731,,,,,
997,2,食污癖[食土癖]儿童,Dirt-eating child,F98.3,0.9987064599990845,,,,,
998,2,食物,Food,,0.9999666213989258,,,,,
998,3,绞窄或窒息(另见窒息，食物),"strangulation or suffocation (see also Asphyxia, food)",T17.9,0.9885302782058716,,,,,
998,3,缺乏,"deprivation, lack of",T73.0,0.9959882497787476,,,,,
998,4,特指食物种类 NEC,specified kind of food NEC,E63.8,0.9744771122932434,,,,,
998,3,噎塞(另见窒息，食物),"choked on (see also Asphyxia, food)",T17.9,0.9827201962471008,,,,,
998,3,窒息(由于吸入)(另见窒息，食物),"asphyxia (from aspiration or inhalation) (see also Asphyxia, food)",T17.9,0.9798954129219055,,,,,
998,2,食欲,Appetite,,0.9999514818191528,,,,,
998,3,变坏,depraved,F50.8,0.9789758920669556,,,,,
998,4,童年,in childhood,F98.3,0.950598955154419,,,,,
998,3,反常(癔症性),perverted (hysterical),F50.8,0.9740830659866333,,,,,
998,3,缺乏或不振(另见厌食),lack or loss (see also Anorexia),R63.0,0.9824584722518921,,,,,
998,4,非器质性原因,nonorganic origin,F50.8,0.9703314304351807,,,,,
998,4,心因性,psychogenic,F50.8,0.9837414622306824,,,,,
998,3,旺盛,excessive,R63.2,0.9873778820037842,,,,,
998,2,食欲变坏,Depraved appetite,F50.8,0.9999338984489441,,,,,
998,3,儿童期,in childhood,F98.3,0.9949418902397156,,,,,
998,2,食欲不振,Dysorexia,R63.0,0.9999784231185913,,,,,
998,3,心因性,psychogenic,F50.8,0.9663785099983215,,,,,
998,2,食欲倒错NEC,Parorexia NEC,F50.8,0.9818726181983948,,,,,
998,3,心因性,psychogenic,F50.8,0.9993002414703369,,,,,
998,2,食欲过盛(神经性),Bulimia (nervosa),F50.2,0.9995548129081726,,,,,
998,3,非典型,atypical,F50.3,0.9814424514770508,,,,,
998,3,正常体重,normal weight,F50.3,0.9778532981872559,,,,,
998,1,shí 蚀,,,0.9995213747024536,,,,,
998,2,蚀疮性的 - 见情况,Phagedenic - see condition,,0.9485983848571777,,,,,
998,1,shǐ 史,,,0.9084213972091675,,,,,
998,2,史-约[史蒂文斯-约翰逊]病或综合征,Stevens-Johnson disease or syndrome,L51.1,0.9984913468360901,,,,,
998,2,史密斯-莱尔米-奥皮茨综合征,Smith-Lemli-Opitz syndrome,Q87.1,0.9967892169952393,,,,,
998,2,史密斯骨折(分离)[桡骨下端骨折],Smith's fracture (separation),S52.5,0.9796351790428162,,,,,
998,1,shǐ 使,,,0.9027474522590637,,,,,
998,2,使用(另见给予),Use (of) (see also Administration),,0.9843313694000244,,,,,
998,3,阿司匹林，长期(近期),aspirin for a long term (current),Z92.2,0.9732142090797424,,,,,
998,3,抗凝血药，长期(近期),anticoagulant for a long term (current),Z92.1,0.975264847278595,,,,,
998,3,烟草,tobacco,Z72.0,0.9760043025016785,,,,,
998,3,药剂，长期(近期)NEC,medicaments for a long term (current) NEC,Z92.2,0.9530978798866272,,,,,
999,3,有害的 F1x.1,harmful F1x.1,,0.9733077883720398,,,,,
999,4,成药,patent medicines,F55,0.9008879065513611,,,,,
999,5,母体，影响到胎儿或新生儿.,"maternal, affecting fetus or newborn",P04.1,0.9643943905830383,,,,,
999,4,非处方药物，非致依赖物质,"nonprescribed drugs, non-dependence producing",F55,0.965607225894928,,,,,
999,4,挥发性溶剂,volatile solvents,F18.1,0.9568774700164795,,,,,
999,4,酒精,alcohol,F10.1,0.9401043057441711,,,,,
999,4,吸入剂,inhalants,F18.1,0.9788845181465149,,,,,
999,4,药物-编码于F11-F19伴有第四位数.1,drugs - code to F11-F19 with fourth character .1,,0.9835712313652039,,,,,
999,1,shì 事,,,0.9997503757476807,,,,,
999,2,事故 - 见 意外事故,Accident,,0.9175517559051514,,,,,
999,1,shì 饰,,,0.9997848868370056,,,,,
999,2,饰物皮炎[香料皮炎],Berlock (berloque) dermatitis,L56.2,0.9999707341194153,,,,,
999,1,shì 视,,,0.9998882412910461,,,,,
999,2,视(神经)盘水肿,Papilledema (choked disk),H47.1,0.965839684009552,,,,,
999,2,视力，视觉,"Vision, visual",,0.9998838305473328,,,,,
999,3,低下(双眼),low (both eyes),H54.2,0.9802704453468323,,,,,
999,4,单眼(另一眼正常),one eye (other eye normal),H54.6,0.9681016802787781,,,,,
999,5,盲，另一眼,"blindness, other eye",H54.4,0.9564237594604492,,,,,
999,3,定向障碍(综合征),disorientation (syndrome),H53.8,0.9876070022583008,,,,,
999,3,复(视),double,H53.2,0.9846544861793518,,,,,
999,3,幻觉[幻视],hallucinations,R44.1,0.9841756224632263,,,,,
999,3,检查,examination,Z01.0,0.9964683055877686,,,,,
999,3,模糊,"blurred, blurring",H53.8,0.9980697631835938,,,,,
999,4,癔症性,hysterical,F44.6,0.9675430059432983,,,,,
999,3,缺陷NEC,"defect, defective NEC",H54.9,0.9438288807868958,,,,,
999,3,丧失,loss,H54.9,0.9186489582061768,,,,,
999,4,单眼,one eye,H54.5,0.962798535823822,,,,,
999,4,双眼,both eyes,H54.1,0.9634808301925659,,,,,
999,4,突然,sudden,H53.1,0.9858441948890686,,,,,
999,4,完全，具有或不具有光感-见,"complete, with or without light perception - see Blindness",,0.9448297023773193,,,,,
999,3,视觉感受同步性不伴有融合,"perception, simultaneous without fusion",H53.3,0.9957695007324219,,,,,
999,3,双眼，抑制,"binocular, suppression",H53.3,0.9926788210868835,,,,,
999,3,野，受限(缺陷),"field, limitation (defect)",H53.4,0.9862558245658875,,,,,
999,3,晕,halos,H53.1,0.9708511233329773,,,,,
999,3,障碍,disturbance,H53.9,0.9332641959190369,,,,,
999,4,癔症性,hysterical,F44.6,0.9453095197677612,,,,,
1000,2,视神经的 - 见情况,Optic nerve - see condition,,0.9436710476875305,,,,,
1000,2,视神经脊髓炎,Ophthalmoneuromyelitis,G36.0,0.9680308699607849,,,,,
1000,2,视神经脉络膜视网膜炎(另见脉络膜视网膜炎),Neurochorioretinitis (see also Chorioretinitis),H30.9,0.9914492964744568,,,,,
1000,2,视神经脑脊髓病,"Neuroencephalomyelopathy, optic",G36.0,0.9918612241744995,,,,,
1000,2,视神经视网膜炎(另见 脉络膜视网膜炎),Neuroretinitis (see also Chorioretinitis),H30.9,0.9852132797241211,,,,,
1000,2,视神经炎,Fasciculitis optica,H46,0.9494916200637817,,,,,
1000,2,视网膜(性)的 - 见情况,"Retina, retinal - see condition",,0.9566391706466675,,,,,
1000,2,视网膜病(变)(背景性)(科茨)(渗出性)(高血压性),Retinopathy (background) (Coats) (exudative) (hypertensive),H35.0,0.992519199848175,,,,,
1000,3,动脉硬化性,arteriosclerotic,I70.8+ H36.8*,0.9873130917549133,,,,,
1000,3,环形,circinate,H35.0,0.9849729537963867,,,,,
1000,3,见于(由于),in (due to),,0.9885701537132263,,,,,
1000,4,动脉硬化症,atherosclerosis,I70.8+ H36.8*,0.9740294218063354,,,,,
1000,4,镰状细胞疾患,sickle-cell disorders,D57 H36.8*,0.9871748089790344,,,,,
1000,4,糖尿病(另见E10-E14伴有第四位数.3),diabetes (see also E10-E14 with fourth character.3),E14.3+ H36.0*,0.974392294883728,,,,,
1000,3,日光性,solar,H31.0,0.951710045337677,,,,,
1000,3,色素性[视网膜色素变性]，先天性,"pigmentary, congenital",H35.5,0.9930394887924194,,,,,
1000,3,糖尿病性(另见E10-E14伴有第四位数.3),diabetic (see also E10-E14 with fourth character.3),E14.3+ H36.0*,0.9715648293495178,,,,,
1000,3,早产儿,of prematurity,H35.1,0.9623675346374512,,,,,
1000,3,增生性NEC,proliferative NEC,H35.2,0.9561365842819214,,,,,
1000,4,镰状细胞,sickle-cell,D57 H36.8*,0.970200777053833,,,,,
1000,3,中心性浆液性,central serous,H35.7,0.9892905354499817,,,,,
1000,2,视网膜剥离,"Disinsertion, retina",H33.0,0.9998286366462708,,,,,
1000,2,视网膜脉络膜炎(另见脉络膜视网膜炎),Retinochoroiditis (see also Chorioretinitis),H30.9,0.9932429790496826,,,,,
1000,3,播散性,disseminated,H30.1,0.9907669425010681,,,,,
1000,4,梅毒性,syphilitic,A52.7+ H32.0*,0.9806193113327026,,,,,
1000,3,近乳头状,juxtapapillaris,H30.0,0.9907257556915283,,,,,
1000,3,局灶性,focal,H30.0,0.953561007976532,,,,,
1000,2,视网膜胚瘤(M9501/3)-见肿瘤，恶性,"Diktyoma (M9501/3) - see Neoplasm, malignant",,0.9948775768280029,,,,,
1000,2,视网膜劈裂症,Retinoschisis,H33.1,0.9996691346168518,,,,,
1000,3,先天性,congenital,Q14.1,0.9936632513999939,,,,,
1000,2,视网膜鞘,"Sheathing, retinal vessels",H35.0,0.9998130798339844,,,,,
1000,2,视网膜炎(另见脉络膜视网膜炎),Retinitis (see also Chorioretinitis),H30.9,0.9977383613586426,,,,,
1000,3,白蛋白尿性,albuminurica,N18.8+ H32.8*,0.9821324944496155,,,,,
1000,3,白点状,punctata albescens,H35.5,0.9943119883537292,,,,,
1000,3,动脉硬化性,arteriosclerotic,I70.8+ H36.8*,0.98545902967453,,,,,
1000,3,结核性,tuberculous,A18.5+ H32.0*,0.9904524087905884,,,,,
1000,3,近乳头状,juxtapapillaris,H30.0,0.9928913712501526,,,,,
1000,3,局灶性,focal,H30.0,0.9815791249275208,,,,,
1000,3,梅毒性(早期)(二期),"luetic, syphilitic (early) (secondary)",A51.4+ H32.0*,0.9836499094963074,,,,,
1000,4,晚期,late,A52.7+ H32.0*,0.9734482169151306,,,,,
1000,4,先天性(早期),congenital (early),A50.0+ H32.0*,0.971435010433197,,,,,
1000,4,中心性，复发性,"central, recurrent",A52.7+ H32.0*,0.972547709941864,,,,,
