image_page,level,chinese,english,code,confidence,malignant_primary,malignant_secondary,in_situ,benign,uncertain_or_unspecified
751,1,nuò 诺,,,0.9089127779006958,,,,,
751,2,诺卡菌病,"Nocardiosis, nocardiasis",A43.9,0.9541042447090149,,,,,
751,3,肺,"lung, pulmonary",A43.0+ J99.8*,0.9666245579719543,,,,,
751,3,肺炎,pneumonia,A43.0+ J17.0*,0.982012927532196,,,,,
751,3,皮肤,cutaneous,A43.1,0.9451299905776978,,,,,
751,3,特指部位 NEC,specified site NEC,A43.8,0.9754898548126221,,,,,
751,2,诺特纳格尔,Nothnagel's,,0.9997495412826538,,,,,
751,3,血管运动性肢端感觉异常,vasomotor acroparesthesia,I73.8,0.9917521476745605,,,,,
751,3,综合征,syndrome,H49.0,0.9884204864501953,,,,,
751,2,诺维回归热,Novy's relapsing fever,A68.9,0.9702942371368408,,,,,
751,3,蜱媒介,tick-borne,A68.1,0.9692784547805786,,,,,
751,3,虱媒介,louse-borne,A68.0,0.981368362903595,,,,,
751,2,诺伊曼病或诺伊曼综合征[增殖型天疱疮],Neumann's disease or syndrome,L10.1,0.9993231296539307,,,,,
752,0,O,,,,,,,,
752,1,ōu 欧,,,0.9409974217414856,,,,,
752,2,欧洲芽生菌病(另见隐球菌病),European blastomycosis (see also Cryptococcosis),B45.9,0.9990494847297668,,,,,
752,1,ǒu 呕,,,0.9362426996231079,,,,,
752,2,呕吐(另见剧吐),"Emesis, Vomiting (see also Hyperemesis)",R11,0.9940987229347229,,,,,
752,3,胆汁(原因不知),bilious (cause unknown),R11,0.9985315799713135,,,,,
752,4,胃肠道手术后,following gastrointestinal surgery,K91.0,0.982024073600769,,,,,
752,3,冬季(流行性),winter (epidemic),A08.1,0.9796177744865417,,,,,
752,3,粪，粪便物,"stercoral, fecal matter",R11,0.9917359352111816,,,,,
752,3,流行性,epidemic,A08.1,0.9752260446548462,,,,,
752,3,尿毒症性-见尿毒症,uremic - see Uremia,,0.9803509712219238,,,,,
752,3,妊娠期或并发于妊娠的,of or complicating pregnancy,O21.9,0.992566704750061,,,,,
752,4,早期(怀孕22周之前)(轻度),early (before the end of the 22nd week of gestation) (mild),O21.0,0.971924364566803,,,,,
752,5,伴有代谢紊乱,with metabolic disturbance,O21.1,0.9807568788528442,,,,,
752,4,晚期(怀孕22整周之后),late (after 22 completed weeks' gestation),O21.2,0.9778521656990051,,,,,
752,4,由于,due to,,0.7069631814956665,,,,,
752,5,分类于他处的疾病,diseases classified elsewhere,O21.8,0.9719380736351013,,,,,
752,5,特指原因NEC,specific cause NEC,O21.8,0.9769513607025146,,,,,
752,3,妊娠性-见剧吐，妊娠,"gravidarum - see Hyperemesis, gravidarum",,0.9600441455841064,,,,,
752,3,神经性，神经症性,"nervous, neurotic",F50.5,0.9955437779426575,,,,,
752,3,胃肠道手术后,following gastrointestinal surgery,K91.0,0.9930710196495056,,,,,
752,4,心因性,psychogenic,F50.5,0.9746302366256714,,,,,
752,3,心因性,psychogenic,F50.5,0.9802160263061523,,,,,
752,3,新生儿,newborn,P92.0,0.9673428535461426,,,,,
752,3,血(另见呕血),blood (see also Hematemesis),K92.0,0.9952189922332764,,,,,
752,3,癔症性,hysterical,F50.5,0.9590256810188293,,,,,
752,3,引起窒息或气哽(另见窒息，食物),"causing asphyxia, choking or suffocation (see also Asphyxia, food)",T17.9,0.9828327298164368,,,,,
752,3,周期性,"cyclical, periodic",R11,0.9752753973007202,,,,,
752,4,心因性,psychogenic,F50.5,0.9641761779785156,,,,,
752,2,呕血,Hematemesis,K92.0,0.977532684803009,,,,,
752,3,伴有溃疡-作为溃疡，按部位，伴有出血编码,"with ulcer – code as Ulcer, by site, with hemorrhage",K27.4,0.9884664416313171,,,,,
752,3,新生儿,"newborn, neonatal",P54.0,0.9476726651191711,,,,,
752,4,吞咽母血引起的,due to swallowed maternal blood,P78.2,0.9390092492103577,,,,,
753,0,P,,,0.9996026158332825,,,,,
753,1,pà 帕,,,0.9998829364776611,,,,,
753,2,帕金森病、综合征或震颤(另见帕金森综合征),"Parkinson's disease, syndrome or tremor (see also Parkinsonism)",G20,0.9950338006019592,,,,,
753,2,帕金森综合征(特发性)(原发性),Parkinsonism (idiopathic) (primary),G20,0.9850357174873352,,,,,
753,3,伴有直立性低血压(特发性)(症状性),with orthostatic hypotension (idiopathic) (symptomatic),G90.3,0.9981352686882019,,,,,
753,3,痴呆由于,dementia in,G20+ F02.3*,0.963854968547821,,,,,
753,3,动脉硬化性,arteriosclerotic,G21.4,0.9793001413345337,,,,,
753,3,继发性,secondary,G21.9,0.965292751789093,,,,,
753,4,特指的 NEC,specified NEC,G21.8,0.9677061438560486,,,,,
753,4,由于,due to,,0.7741466760635376,,,,,
753,5,动脉硬化,arteriosclerosis,G21.4,0.9304509162902832,,,,,
753,5,梅毒,syphilis,A52.1+ G22*,0.9607070684432983,,,,,
753,5,脑炎,encephalitis,G21.3,0.9871870875358582,,,,,
753,5,外因 NEC,external agents NEC,G21.2,0.9610708951950073,,,,,
753,5,药物NEC,drugs NEC,G21.1,0.9432507157325745,,,,,
753,6,抗精神病药,neuroleptic,G21.0,0.9645208716392517,,,,,
753,3,梅毒性,syphilitic,A52.1+ G22*,0.97442626953125,,,,,
753,3,脑炎后,postencephalitic,G21.3,0.9709702134132385,,,,,
753,3,血管性,vascular,G21.4,0.984798014163971,,,,,
753,3,由于药物,due to drugs,G21.1,0.9926464557647705,,,,,
753,4,抗精神病药,neuroleptic,G21.0,0.983426570892334,,,,,
753,3,治疗诱发的 NEC,treatment-induced NEC,G21.1,0.9594229459762573,,,,,
753,2,帕克斯顿病[发结节病],Paxton's disease,B36.8,0.9996743202209473,,,,,
753,2,帕里-龙贝格综合征[单侧面神经萎缩],Parry-Romberg syndrome,G51.8,0.9997944235801697,,,,,
753,2,帕里病[毒性结节性甲状腺肿],Parry's disease,E05.0,0.9771307706832886,,,,,
753,2,帕里诺,Parinaud's,,0.9999335408210754,,,,,
753,3,结膜炎[帕里诺眼淋巴结综合征],conjunctivitis,H10.8,0.9815155267715454,,,,,
753,3,眼肌麻痹,ophthalmoplegia,H49.8,0.9824475646018982,,,,,
753,3,眼腺型综合征[帕里诺眼淋巴结综合征],oculoglandular syndrome,H10.8,0.9965466260910034,,,,,
753,3,综合征(眼肌麻痹),syndrome (ophthalmoplegia),H49.8,0.9847420454025269,,,,,
753,2,帕帕尼古劳涂片，宫颈,"Papanicolaou smear, cervix",Z12.4,0.9747451543807983,,,,,
753,3,常规,routine,Z01.4,0.9822062253952026,,,,,
753,3,对可疑肿瘤,for suspected neoplasm,Z12.4,0.9986066222190857,,,,,
753,4,未发现疾病,no disease found,Z03.1,0.9898530840873718,,,,,
753,3,作为妇科常规检查的一部分,as part of routine gynecological examination,Z01.4,0.9967592358589172,,,,,
753,2,帕帕尼科拉乌 - 现译名 帕帕尼古劳,Papanicolaou,,0.9325749278068542,,,,,
753,2,帕皮永-利奇和普沙乌梅综合征,Papillon-Leage and Psaume syndrome,Q87.0,0.9972818493843079,,,,,
753,2,帕森内奇-奥尔德雷-特纳综合征,Parsonage-Aldren-Turner syndrome,G54.5,0.9998987913131714,,,,,
754,2,帕套综合征(另见三体性，13),"Patau's syndrome (see also Trisomy, 13)",Q91.7,0.9717625975608826,,,,,
754,2,帕特南(-达纳)病或综合征[亚急性脊髓联合变性],Putnam(-Dana) disease or syndrome - see,,0.9838895797729492,,,,,
754,3,见变性，混合,"Degeneration, combined",,0.9548231363296509,,,,,
754,2,帕西尼瘤(M9507/0)-见肿瘤，皮肤，良性,"Pacinian tumor (M9507/0) - see Neoplasm, skin, benign",,0.9904844164848328,,,,,
754,1,pái 排,,,0.9505029916763306,,,,,
754,2,排斥,Rejection,,0.999956488609314,,,,,
754,3,食物，心因性,"food, psychogenic",F50.8,0.9787591695785522,,,,,
754,3,移植,transplant,T86.9,0.9727320075035095,,,,,
754,4,肠,intestine,T86.8,0.933305025100708,,,,,
754,4,肺,lung(s),T86.8,0.9358880519866943,,,,,
754,5,伴有心脏,with heart,T86.3,0.9194783568382263,,,,,
754,4,肝,liver,T86.4,0.8713837265968323,,,,,
754,4,骨,bone,T86.8,0.9419780969619751,,,,,
754,5,髓,marrow,T86.0,0.9476788640022278,,,,,
754,4,皮肤(同种异基因移植物)(自体移植物),skin (allograft) (autograft),T86.8,0.9738556742668152,,,,,
754,4,器官(免疫或非免疫原因),organ (immune or nonimmune cause),T86.9,0.9744330048561096,,,,,
754,4,肾,kidney,T86.1,0.9328147768974304,,,,,
754,4,特指的NEC,specified NEC,T86.8,0.9863095879554749,,,,,
754,4,心脏,heart,T86.2,0.9659801125526428,,,,,
754,5,伴有肺,with lung(s),T86.3,0.9878246188163757,,,,,
754,4,胰腺,pancreas,T86.8,0.9498884677886963,,,,,
754,2,排出(物)(自),Discharge (from),,0.9994090795516968,,,,,
754,3,鼻后部-见鼻窦炎,postnasal- see Sinusitis,,0.9903090000152588,,,,,
754,3,耳,ear,H92.1,0.9774500727653503,,,,,
754,3,过多尿,excessive urine,R35,0.9453839063644409,,,,,
754,3,毛滴虫性或由于毛滴虫引起的(阴道),trichomonal or due to Trichomonas (vaginalis),A59.0,0.9933366179466248,,,,,
754,3,内有异常所见-见异常的，标本,"abnormal finding in - see Abnormal, specimen",,0.9957305192947388,,,,,
754,3,尿道,urethral,R36,0.8801999688148499,,,,,
754,3,乳房(女性)(男性),breast (female) (male),N64.5,0.9898708462715149,,,,,
754,3,乳头,nipple,N64.5,0.9532575607299805,,,,,
754,3,阴道,vaginal,N89.8,0.9794197082519531,,,,,
754,3,阴茎,penile,R36,0.9287242889404297,,,,,
754,2,排出物(阴道),Fluor (vaginalis),N89.8,0.965538740158081,,,,,
754,2,排卵(周期),Ovulation (cycle),,0.9909517765045166,,,,,
754,3,衰竭或缺乏,failure or lack of,N97.0,0.9896807074546814,,,,,
754,3,痛,pain,N94.0,0.9878173470497131,,,,,
754,2,排尿,Micturition,,0.9999232292175293,,,,,
754,3,踌躇,hesitancy,R39.1,0.987288236618042,,,,,
754,3,频繁(夜间),frequency (nocturnal),R35,0.9542973041534424,,,,,
754,4,心因性,psychogenic,F45.3,0.9578118920326233,,,,,
755,3,疼痛,painful,R30.9,0.9777819514274597,,,,,
755,4,心因性,psychogenic,F45.3,0.9507741928100586,,,,,
755,3,障碍NEC,disorder NEC,R39.1,0.9644081592559814,,,,,
755,4,心因性,psychogenic,F45.3,0.973514199256897,,,,,
755,2,排尿踌躇,Hesitancy of micturition,R39.1,0.9984414577484131,,,,,
755,2,排尿困难,Dysuria,R30.0,0.9999573230743408,,,,,
755,3,心因性,psychogenic,F45.3,0.9616578817367554,,,,,
755,2,排尿疼痛,"Urination, painful",R30.9,0.9575775861740112,,,,,
755,1,pài 派,,,0.9999788999557495,,,,,
755,2,派尔综合征[干骺端发育不良],Pyle's syndrome,Q78.5,0.9911465644836426,,,,,
755,1,pān 潘,,,0.9430225491523743,,,,,
755,2,潘科斯特综合征或潘科斯特瘤[肺尖癌](M8010/3),Pancoast's syndrome or tumor (M8010/3),C34.1,0.9940763711929321,,,,,
755,2,潘内病[肱骨小头骨软骨病],Panner's disease,M92.0,0.9981064200401306,,,,,
755,1,pán 盘,,,0.9926490783691406,,,,,
755,2,盘尾丝虫病,"Onchocerciasis, onchocercosis, River blindness",B73+ H45.1*,0.9381569623947144,,,,,
755,3,眼NEC,eye NEC,B73+ H45.1*,0.9785611629486084,,,,,
755,3,眼睑,eyelid,B73+ H03.0*,0.9632174372673035,,,,,
755,2,盘形,Discoid,,0.9998583793640137,,,,,
755,3,半月板(先天性),meniscus (congenital),M23.1,0.9849543571472168,,,,,
755,3,半月软骨(先天性),semilunar cartilage (congenital),M23.1,0.9823962450027466,,,,,
755,1,pán 蹒,,,0.9712632894515991,,,,,
755,2,蹒跚步态,Staggering gait,R26.0,0.9503859281539917,,,,,
755,3,癔症性,hysterical,F44.4,0.9439303278923035,,,,,
755,1,pàn 袢,,,0.8723678588867188,,,,,
755,2,袢,Loop,,0.9400839805603027,,,,,
755,3,肠(另见扭转),intestine (see also Volvulus),K56.2,0.9589381814002991,,,,,
755,3,血管，(视)乳头上,"vascular, on papilla (optic)",Q14.2,0.9833886027336121,,,,,
755,1,páng 膀,,,0.999864935874939,,,,,
755,2,膀胱出血,Cystorrhagia,N32.8,0.9836499094963074,,,,,
755,2,膀胱的 - 见情况,"Bladder, Vesical - see condition",,0.975609540939331,,,,,
756,2,膀胱会阴的 - 见情况,Vesicoperineal - see condition,,0.9022138714790344,,,,,
756,2,膀胱结肠的 - 见情况,Vesicocolic - see condition,,0.9768593311309814,,,,,
756,2,膀胱麻痹,Cystoplegia,N31.2,0.9998053312301636,,,,,
756,2,膀胱尿道膨出(另见膀胱膨出),Cystourethrocele (see also Cystocele),,0.9994166493415833,,,,,
756,3,男性,male,N32.8,0.9666086435317993,,,,,
756,3,女性,female,N81.1,0.975214421749115,,,,,
756,2,膀胱尿道炎(另见 尿道炎),Cystourethritis (see also Urethritis),N34.2,0.9879148006439209,,,,,
756,2,膀胱尿道直肠的 - 见情况,Vesicourethrorectal - see condition,,0.9387984871864319,,,,,
756,2,膀胱膨出(-尿道膨出),Cystocele-(-urethrocele),,0.9990877509117126,,,,,
756,3,男性,male,N32.8,0.997775673866272,,,,,
756,3,女性,female,N81.1,0.964918851852417,,,,,
756,4,伴有子宫脱垂-见脱垂，子宫,"with prolapse of uterus - see Prolapse, uterus",,0.9423350095748901,,,,,
756,3,在妊娠或分娩中,in pregnancy or childbirth,O34.8,0.9928718209266663,,,,,
756,4,引起梗阻性分娩,causing obstructed labor,O65.5,0.9865710139274597,,,,,
756,5,影响到胎儿或新生儿,affecting fetus or newborn,P03.1,0.9971170425415039,,,,,
756,4,影响到胎儿或新生儿,affecting fetus or newborn,P03.8,0.9832078218460083,,,,,
756,2,膀胱三角区炎(假膜的),Trigonitis (bladder) (pseudomembranous),N30.3,0.9878929853439331,,,,,
756,2,膀胱上组织炎(另见膀胱炎),Epicystitis (see also Cystitis),N30.9,0.9959205389022827,,,,,
756,2,膀胱肾盂炎(另见肾盂肾炎),Cystopyelitis (see also Pyelonephritis),N12,0.988487720489502,,,,,
756,2,膀胱石病,Cystolithiasis,N21.0,0.9988905787467957,,,,,
756,2,膀胱下垂,Cystoptosis,N32.8,0.9865667819976807,,,,,
756,2,膀胱炎(渗出性)(出血性)(脓毒性)(化脓性),Cystitis (exudative) (hemorrhagic) (septic) (suppurative),N30.9,0.9832961559295654,,,,,
756,3,急性,acute,N30.0,0.9588748812675476,,,,,
756,3,亚急性,subacute,N30.2,0.9419615864753723,,,,,
756,3,慢性,chronic,N30.2,0.976280689239502,,,,,
756,4,间质性,interstitial,N30.1,0.9538952112197876,,,,,
756,4,特指的 NEC,specified NEC,N30.2,0.9855402708053589,,,,,
756,3,阿米巴,amebic,A06.8,0.9623156189918518,,,,,
756,3,白喉性,diphtheritic,A36.8+ N33.8*,0.9759280681610107,,,,,
756,3,伴有前列腺炎,with prostatitis,N41.3,0.9638751745223999,,,,,
756,3,包绕性,encysted,N30.8,0.9509831666946411,,,,,
756,3,变应性,allergic,N30.8,0.9651128649711609,,,,,
756,3,并发于妊娠,complicating pregnancy,O23.1,0.9904102683067322,,,,,
756,4,影响到胎儿或新生儿,affecting fetus or newborn,P00.1,0.9936537742614746,,,,,
756,3,产褥期、产后,"puerperal, postpartum",O86.2,0.9840671420097351,,,,,
756,3,大疱性,bullous,N30.8,0.9687040448188782,,,,,
756,3,辐照,irradiation,N30.4,0.9900606870651245,,,,,
756,3,坏疽性,gangrenous,N30.8,0.9893998503684998,,,,,
756,3,间质性(慢性),interstitial (chronic),N30.1,0.9903349280357361,,,,,
756,3,结核性,tuberculous,A18.1+ N33.0*,0.9701095223426819,,,,,
756,3,结石性,calculous,N21.0,0.9691209197044373,,,,,
756,3,淋病性(淋球菌性),blennorrhagic (gonococcal),A54.0,0.9662722945213318,,,,,
757,3,淋球菌性,gonococcal,A54.0,0.9676705002784729,,,,,
757,3,毛滴虫性,trichomonal,A59.0+ N33.8*,0.9649338126182556,,,,,
757,3,梅毒性(晚期),syphilitic (late),A52.7+ N33.8*,0.9550759196281433,,,,,
757,3,囊性,cystic(a),N30.8,0.9621725082397461,,,,,
757,3,粘膜下,submucous,N30.1,0.9584776163101196,,,,,
757,3,嗜酸细胞性,eosinophilic,N30.8,0.9978055357933044,,,,,
757,3,特指的 NEC,specified NEC,N30.8,0.9919756650924683,,,,,
757,3,衣原体性,chlamydial,A56.0,0.964826226234436,,,,,
757,2,膀胱阴道的 - 见情况,Vesicovaginal - see condition,,0.9530651569366455,,,,,
757,2,膀胱造口,Cystostomy,,0.9996086359024048,,,,,
757,3,维护,attention to,Z43.5,0.9976266622543335,,,,,
757,3,状态,status,Z93.5,0.9462446570396423,,,,,
757,2,膀胱直肠的 - 见情况,Vesicorectal - see condition,,0.9550836682319641,,,,,
757,1,pào 泡,,,0.9506086111068726,,,,,
757,2,泡膜细胞瘤(M8600/0),Thecoma (M8600/0),D27,0.9991734623908997,,,,,
757,3,恶性(M8600/3),malignant (M8600/3),C56,0.9668053388595581,,,,,
757,3,黄体化(M8601/0),luteinized (M8601/0),D27,0.9837719202041626,,,,,
757,2,泡翼线虫病,Physalopteriasis,B81.8,0.9647645354270935,,,,,
757,1,pào 炮,,,0.9682494401931763,,,,,
757,2,炮弹休克[震吓痴呆症](近期),Shellshock (current),F43.0,0.9853116273880005,,,,,
757,3,持续状态,lasting state,F43.1,0.9773601293563843,,,,,
757,1,pào 疱,,,0.9428154230117798,,,,,
757,2,疱疹(性),"Herpes, herpetic",B00.9,0.9788609147071838,,,,,
757,3,败血症,septicemia,B00.7,0.9702215194702148,,,,,
757,3,瘭疽[化脓性指头炎],whitlow,B00.8,0.9567186832427979,,,,,
757,3,唇,"labialis, lip",B00.1,0.9825305938720703,,,,,
757,3,带状(另见情况),zoster (see also condition),B02.9,0.9866471290588379,,,,,
757,4,并发 NEC,complicated NEC,B02.8,0.9815459251403809,,,,,
757,4,播散性,disseminated,B02.7,0.9858344793319702,,,,,
757,4,多神经病,polyneuropathy,B02.2+ G63.0*,0.9414864778518677,,,,,
757,4,耳部,"auricularis, oticus",B02.2+ H94.0*,0.9812711477279663,,,,,
757,4,角膜炎(基质性),keratitis (interstitial),B02.3+ H19.2*,0.9845748543739319,,,,,
757,4,脑膜炎,meningitis,B02.1+ G02.0*,0.9732211232185364,,,,,
757,4,脑炎,encephalitis,B02.0+ G05.1*,0.9591680765151978,,,,,
757,4,三叉神经痛,trigeminal neuralgia,B02.2+ G53.0*,0.9700440764427185,,,,,
757,4,神经炎、神经痛,"neuritis, neuralgia",B02.2+ G53.0*,0.9464234709739685,,,,,
757,4,特指的并发症 NEC,specified complication NEC,B02.8,0.9841857552528381,,,,,
758,4,膝状神经节炎,geniculate ganglionitis,B02.2+ G53.0*,0.9291571378707886,,,,,
758,4,眼(睑),eye(lid),B02.3+ H03.1*,0.9808642268180847,,,,,
758,4,眼部NEC,ophthalmicus NEC,B02.3+ H58.8,0.9749913811683655,,,,,
758,3,单纯性,simplex,B00.9,0.9992780685424805,,,,,
758,4,并发NEC,complicated NEC,B00.8,0.9130850434303284,,,,,
758,4,肝炎,hepatitis,B00.8+ K77.0*,0.9760181903839111,,,,,
758,4,角膜炎(基质性),keratitis(interstitial),B00.5+ H19,0.9837491512298584,,,,,
758,4,内脏,visceral,B00.8,0.9528378248214722,,,,,
758,4,特指的并发症NEC,specified complication NEC,B00.8,0.9913801550865173,,,,,
758,4,外耳,external ear,B00.1+ H62.1*,0.9732342958450317,,,,,
758,4,先天性,congenital,P35.2,0.987586498260498,,,,,
758,4,眼睑,eyelid,B00.5+ H03.1*,0.9685612916946411,,,,,
758,3,发热性,febrilis,B00.1,0.9972959160804749,,,,,
758,3,肛门生殖器,anogenital,A60.9,0.9838520288467407,,,,,
758,3,肛周皮肤,perianal skin,A60.1,0.9739044308662415,,,,,
758,3,虹膜睫状体炎(单纯性),iridocyclitis (simplex),B00.5+ H22.0*,0.9788517951965332,,,,,
758,4,带状,zoster,B02.3+ H22.0*,0.9716549515724182,,,,,
758,3,虹膜炎(单纯性),iritis (simplex),B00.5+ H22.0*,0.9794812798500061,,,,,
758,3,环形,circinatus,B35.4,0.9914631247520447,,,,,
758,4,大疱性,bullosus,L12.0,0.9811745882034302,,,,,
758,3,环状(大疱型多形红斑),iris (vesicular erythema multiforme),L51.1,0.988473653793335,,,,,
758,3,脸炎(带状),blepharitis (zoster),B02.3+ H03.1*,0.9469389915466309,,,,,
758,4,单纯性,simplex,B00.5+ H03.1*,0.9824205040931702,,,,,
758,3,角膜-见疱疹(性)，角膜炎,"cornea - see Herpes, keratitis",,0.983056902885437,,,,,
758,3,角膜结膜炎(单纯性),keratoconjunctivitis (simplex),B00.5+ H19.1*,0.9865137338638306,,,,,
758,4,带状,zoster,B02.3+ H19.2*,0.9670690298080444,,,,,
758,3,角膜炎(单纯性)(树状)(盘状)(基质性),keratitis (simplex) (dendritic) (disciform) (interstitial),B00.5+ H19.1*,0.9916363954544067,,,,,
758,4,带状(基质性),zoster (interstitial),B02.3+ H19.2*,0.9794009327888489,,,,,
758,3,结膜炎,conjunctivitis,B02.3+ H13.1*,0.9700607657432556,,,,,
758,3,口炎,stomatitis,B00.2,0.984957218170166,,,,,
758,3,面部,facialis,B00.1,0.9917511343955994,,,,,
758,3,脑膜炎(单纯性),meningitis (simplex),B00.3+ G02.0*,0.9672666192054749,,,,,
758,4,带状,zoster,B02.1+ G02.0*,0.9324060678482056,,,,,
758,3,脑炎,encephalitis,B00.4+ G05.1*,0.9728554487228394,,,,,
758,3,内脏,visceral,B00.8,0.9879230856895447,,,,,
758,3,人类免疫缺陷病毒(HIV)病所致,resultingfrom HIV disease,B20.3,0.97116619348526,,,,,
758,3,妊娠,"gestational, gestationis",O26.4,0.9802035093307495,,,,,
758,3,生殖器,"genital, genitalis",A60.0,0.983217179775238,,,,,
758,4,男性 *,male *,A60.0+ N51,0.9706587791442871,,,,,
758,4,女性 *,female*,A60.0+ N77,0.937768816947937,,,,,
758,3,秃发,tonsurans,B35.0,0.9863788485527039,,,,,
759,3,外阴,vulva,A60.0+ N77.1*,0.9777066707611084,,,,,
759,3,膝状神经节炎,geniculate ganglionitis,B02.2+ G53.0*,0.9548928141593933,,,,,
759,3,咽炎，咽扁桃体炎,"pharyngitis, pharyngotonsillitis",B00.2,0.9778022170066833,,,,,
759,3,眼部(带状)NEC,"eye, ophthalmicus (zoster) NEC",B02.3+ H58.8*,0.9662168622016907,,,,,
759,4,单纯性,simplex,B00.5+ H58.8*,0.9636728763580322,,,,,
759,3,眼睑(带状),eyelid (zoster),B02.3+ H03.1*,0.9745752215385437,,,,,
759,4,单纯性,simplex,B00.5+ H03.1*,0.9515573978424072,,,,,
759,3,阴茎,penis,A60.0+ N51.8*,0.9463855624198914,,,,,
759,3,阴囊,scrotum,A60.0+ N51.8*,0.9645413756370544,,,,,
759,3,龈口炎,gingivostomatitis,B00.2,0.9604237675666809,,,,,
759,3,直肠,rectum,A60.1+ K93.8*,0.9493705034255981,,,,,
759,2,疱疹性咽峡炎,Herpangina,B08.5,0.9986618161201477,,,,,
759,1,pēi 胚,,,0.9425163269042969,,,,,
759,2,胚胎性,Embryonic,,0.9987813830375671,,,,,
759,3,输精管,vas deferens,Q55.4,0.9953890442848206,,,,,
759,3,心脏,heart,Q28.9,0.9607143402099609,,,,,
759,3,循环,circulation,Q28.9,0.9914526343345642,,,,,
759,2,胚细胞瘤[母细胞瘤](M8000/3)-见肿瘤，恶性,"Blastoma (M8000/3)– see Neoplasm, malignant",,0.9827966690063477,,,,,
759,3,肺(M8972/3)-见肿瘤，肺，恶性,"pulmonary (M8972/3) – see Neoplasm, lung, malignan",,0.9712898135185242,,,,,
759,2,胚组织瘤(M9080/1)-另见肿瘤，动态未定,"Embryoma (M9080/1) – see also Neoplasm, uncertain behavior",,0.9808239340782166,,,,,
759,3,恶性(M9080/3)-另见肿瘤，恶性,"malignant (M9080/3)– see also Neoplasm,",,0.979377269744873,,,,,
759,4,肝(M8970/3),liver (M8970/3),C22.0,0.9765485525131226,,,,,
759,4,睾丸(M9070/3),testis (M9070/3),C62.9,0.9782841205596924,,,,,
759,5,未降的,undescended,C62.0,0.9707318544387817,,,,,
759,5,下降的(阴囊的),descended (scrotal),C62.1,0.9712091684341431,,,,,
759,4,肾(M8960/3),kidney (M8960/3),C64,0.9643343687057495,,,,,
759,3,肝(M8970/3),liver (M8970/3),C22.0,0.9589841961860657,,,,,
759,3,睾丸(M9070/3),testis (M9070/3),C62.9,0.9943663477897644,,,,,
759,4,未降的,undescended,C62.0,0.9901633858680725,,,,,
759,4,下降的(阴囊的),descended (scrotal),C62.1,0.9494630098342896,,,,,
759,3,良性(M9080/0)-见肿瘤，良性,"benign (M9080/0)- see Neoplasm, benign",,0.961542546749115,,,,,
759,3,肾(M8960/3),kidney (M8960/3),C64,0.9631760120391846,,,,,
759,1,péi 培,,,0.9662222862243652,,,,,
759,2,培尔病(麻痹性痴呆),Bayle's disease (general paresis),A52.1,0.9996998310089111,,,,,
759,1,péi 赔,,,0.9998346567153931,,,,,
759,2,赔偿,Compensation,,0.9999406337738037,,,,,
759,3,神经症，精神神经病,"neurosis, psychoneurosis",F68.0,0.9969409704208374,,,,,
760,1,pèi 佩,,,,,,,,
760,2,佩尔格-许特异常或综合征,Pelger-Huet anomaly or syndrome,D72.0,0.9739856719970703,,,,,
760,2,佩尔曼综合征,Perlmans syndrome,Q87.8,0.9999406933784485,,,,,
760,2,佩尔特斯病[股骨头骨骺的骨软骨病],Perthes' disease,M91.1,0.99227374792099,,,,,
760,2,佩尔危象[脊髓痨性眼危象],Pel's crisis,A52.1,0.9959263205528259,,,,,
760,2,佩吉特病,Paget's disease,,0.9999483823776245,,,,,
760,3,伴有浸润性导管癌(M8541/3)-见 肿瘤，乳房，恶性,"with infiltrating duct carcinoma (M8541/3) see Neoplasm, breast, malignant",,0.9653851985931396,,,,,
760,3,变形性骨炎,osteitis deformans,M88.9,0.9929209351539612,,,,,
760,3,导管内癌(M8543/3)-见肿瘤，乳房，恶性,"→intraductal carcinoma (M8543/3) - see Neoplasm, breast, malignant",,0.9786572456359863,,,,,
760,3,恶性(M8540/3),malignant (M8540/3),,0.9893708229064941,,,,,
760,4,乳房,breast,C50.0,0.9619426727294922,,,,,
760,4,特指部位NEC(M8542/3)-见肿瘤，皮肤，恶性,"specified site NEC (M8542/3) - see Neoplasm, skin, malignant",,0.9750357270240784,,,,,
760,4,未特指部位,unspecified site,C50.0,0.9334160685539246,,,,,
760,3,骨,bone,M88.9,0.954857587814331,,,,,
760,4,颅,skull,M88.0,0.9501316547393799,,,,,
760,4,特指的 NEC,specified NEC,M88.8,0.9486297369003296,,,,,
760,4,在(M9184/3)中的骨肉瘤(M9184/3)-见肿瘤，骨，恶性,"osteosarcoma in (M9184/3) - see Neoplasm, bone, malignant",,0.9845355153083801,,,,,
760,3,乳房(M8540/3),"breast, mammary (M8540/3)",C50.0,0.9838215708732605,,,,,
760,3,乳房以外的(M8542/3)- 另见肿瘤，皮肤，恶性,"extramammary (M8542/3) - see also Neoplasm, skin, malignant",,0.9730729460716248,,,,,
760,4,肛门(M8542/3),anus (M8542/3),C21.0,0.9639148712158203,,,,,
760,5,皮肤(M8542/3),skin(M8542/3),C44.5,0.9982206225395203,,,,,
760,5,缘(M8542/3),margin (M8542/3),C44.5,0.9678641557693481,,,,,
760,3,乳头(M8540/3),nipple (M8540/3),C50.0,0.9655178785324097,,,,,
760,2,佩莱格里尼-施蒂达病或综合征[膝关节内侧副韧带钙化],Pellegrini-Stieda disease or syndrome,M76.4,0.9995678067207336,,,,,
760,2,佩利措伊斯-梅茨巴赫病[家族性脑白质病],Pelizaeus-Merzbacher disease,E75.2,0.9978435635566711,,,,,
760,2,佩利齐综合征[骨骺综合征],Pellizzi's syndrome,E34.8,0.9944926500320435,,,,,
760,2,佩罗尼病[阴茎海绵体硬结症],Peyronie's disease,N48.6,0.9998383522033691,,,,,
760,2,佩娜-绍克尔(I)(II)综合征,Pena-Shokier (I) (II) syndrome,Q99.8,0.9969261884689331,,,,,
760,2,佩特森(-布朗)-凯利综合征,Paterson(-Brown)-Kelly syndrome,D50.1,0.997380256652832,,,,,
760,1,pèi 配,,,0.9273325204849243,,,,,
760,2,配偶间相处不良,Conjugal maladjustment,Z63.0,0.9695065021514893,,,,,
760,1,pēn 喷,,,0.9761306047439575,,,,,
760,2,喷沙工哮喘、喷沙工肺或喷沙工肺尘埃沉着病,"Sandblaster's asthma, lung or pneumoconiosis",J62.8,0.999527633190155,,,,,
760,2,喷嚏(顽固性),Sneezing (intractable),R06.7,0.9898664951324463,,,,,
761,1,pén 盆,,,0.9735301733016968,,,,,
761,2,盆腔腹膜炎-另见 腹膜炎，盆腔,"Pelviperitonitis - see also Peritonitis, pel",,0.9708874821662903,,,,,
761,3,产褥期,puerperal,O85,0.9283388257026672,,,,,
761,3,淋球菌性,gonococcal,A54.2,0.9739582538604736,,,,,
761,1,péng 彭,,,0.999912440776825,,,,,
761,2,彭德莱综合征[家族性呆小聋哑症],Pendred's syndrome,E07.1,0.9956797361373901,,,,,
761,1,péng 蓬,,,0.9796170592308044,,,,,
761,2,蓬佩病(糖原贮积),Pompe's disease (glycogen storage),E74.0,0.9997308850288391,,,,,
761,2,蓬塞病(结核性关节炎),Poncet's disease (tuberculous arthritis),A18.0+ M01.1*,0.990302562713623,,,,,
761,1,péng 膨,,,0.9998067617416382,,,,,
761,2,膨出，扩张,"Ectasia, ectasis",,0.9957278966903687,,,,,
761,3,巩膜,sclera,H15.8,0.9517910480499268,,,,,
761,3,角膜,cornea,H18.7,0.979432225227356,,,,,
761,3,毛细血管,capillary,I78.8,0.9781888127326965,,,,,
761,3,乳房,breast,N60.4,0.9421276450157166,,,,,
761,3,乳腺管,mammary duct,N60.4,0.9822402596473694,,,,,
761,3,主动脉(另见动脉瘤，主动脉),"aorta (see also Aneurysm, aorta)",I71.9,0.9706876873970032,,,,,
761,4,破裂,ruptured,I71.8,0.9616546630859375,,,,,
761,2,膨隆虹膜,Bomb iris,H21.4,0.9998657703399658,,,,,
761,2,膨升,Eventration,,0.9999803900718689,,,,,
761,3,膈(先天性),diaphragm (congenital),Q79.1,0.9871852993965149,,,,,
761,2,膨胀，扩张,Distension,,0.9997831583023071,,,,,
761,3,肠,intestine,K63.8,0.9861891865730286,,,,,
761,3,胆囊,gallbladder,K82.8,0.9719258546829224,,,,,
761,3,腹部,abdomen,R14,0.9589021801948547,,,,,
761,3,肝,liver,K76.8,0.9568890333175659,,,,,
761,3,结肠,colon,K63.8,0.9954820275306702,,,,,
761,3,精囊,seminal vesicle,N50.8,0.9881892800331116,,,,,
761,3,盲肠,cecum,K63.8,0.9299857020378113,,,,,
761,3,膀胱,bladder,N32.8,0.9737942814826965,,,,,
761,3,肾,kidney,N28.8,0.9578186869621277,,,,,
761,3,输尿管,ureter,N28.8,0.9756898283958435,,,,,
761,3,胃,stomach,K31.8,0.9990368485450745,,,,,
761,4,急性,acute,K31.0,0.9286558628082275,,,,,
761,4,心因性,psychogenic,F45.3,0.9765372276306152,,,,,
761,3,子宫,uterus,N85.8,0.959641695022583,,,,,
762,1,pí 皮,,,,,,,,
762,2,皮-罗畸形或皮-罗综合征,Pierre Robin deformity or syndrome,Q87.0,0.99029141664505,,,,,
762,2,皮安病(另见雅司病),Pian (see also Yaws),A66.9,0.995707631111145,,,,,
762,2,皮安瘤,Pianoma,A66.1,0.9994023442268372,,,,,
762,2,皮层下的 - 见情况,Subcortical - see condition,,0.9509776830673218,,,,,
762,2,皮橙色病(皮肤),Carotinosis (cutis) (skin),E67.1,0.9890161752700806,,,,,
762,2,皮多肌炎,Dermatopolymyositis,M33.9,0.9647886157035828,,,,,
762,3,肿瘤疾病NEC引起的(M8000/1)(另见肿瘤),in neoplastic disease NEC (M8000/1) (see also Neoplasm),D48.9+ M36.0*,0.9707747101783752,,,,,
762,2,皮尔逊病或皮尔逊骨软骨病,Pierson's disease or osteochondrosis,M91.0,0.9734567999839783,,,,,
762,2,皮肥厚，厚皮病,"Pachyderma, pachydermia",L85.9,0.9991666674613953,,,,,
762,3,喉(疣状),larynx (verrucosa),J38.7,0.9872276186943054,,,,,
762,2,皮肤 - 另见情况,"Cutis, Skin - see also condition",,0.9710512161254883,,,,,
762,3,大理石色,marmorata,R23.8,0.9893407225608826,,,,,
762,3,高弹性,hyperelastica,Q82.8,0.9743133783340454,,,,,
762,4,后天性,acquired,L57.4,0.9387481808662415,,,,,
762,3,骨质生成,osteosis,L94.2,0.9808410406112671,,,,,
762,3,回状(头皮),verticis gyrata,Q82.8,0.9937505125999451,,,,,
762,4,后天性,acquired,L91.8,0.9820877313613892,,,,,
762,3,颈部菱形,rhomboidalis nuchae,L57.2,0.975291907787323,,,,,
762,3,湿冷,clammy,R23.1,0.9783284068107605,,,,,
762,3,松弛症(高弹性)(另见皮肤松垂),"laxa, pendula (hyperelastica) (see also Dermatolysis)",Q82.8,0.9895234107971191,,,,,
762,4,老年性,senilis,L57.4,0.9608543515205383,,,,,
762,2,皮肤变色,Dyschromia (skin),L81.9,0.979385256767273,,,,,
762,2,皮肤病,Dermatosis,L98.9,0.9998778700828552,,,,,
762,3,鲍恩(M8081/2)-见肿瘤，皮肤，原位,"Bowen's(M8081/2) - see Neoplasm, skin, in situ",,0.9837037920951843,,,,,
762,3,剥脱性,exfoliativa,L26,0.9676766395568848,,,,,
762,3,大疱性,bullous,L13.9,0.9441850781440735,,,,,
762,4,特指的 NEC,specified NEC,L13.8,0.9591866731643677,,,,,
762,3,短暂性皮肤棘层松解性,transient acantholytic,L11.1,0.9764690399169922,,,,,
762,3,黑色丘疹性,papulosa nigra,L82,0.9774953722953796,,,,,
762,3,淋球菌性,gonococcal,A54.8+ L99.8*,0.9793435335159302,,,,,
762,3,疱疹样,herpetiformis,L13.0,0.9732381701469421,,,,,
762,3,热性嗜中性,febrile neutrophilic,L98.2,0.9994915127754211,,,,,
762,3,人为性,factitial,L98.1,0.9891635179519653,,,,,
762,3,色素,pigmentary,L81.9,0.9759228825569153,,,,,
762,4,进行性,progressive,L81.7,0.9464808106422424,,,,,
762,4,尚贝格[进行性色素沉着性紫癜性皮病],Schamberg's,L81.7,0.9573072195053101,,,,,
762,3,嗜中性，热性,"neutrophilic, febrile",L98.2,0.9890039563179016,,,,,
762,3,小脓疱性，角质层下,"pustular, subcorneal",L13.1,0.9939923882484436,,,,,
763,3,心因性,psychogenic,F54,0.9634077548980713,,,,,
763,3,眼睑(非传染性).,eyelid (noninfectious),H01,0.9729008674621582,,,,,
763,3,月经 NEC,menstrual NEC,L98.8,0.9486913084983826,,,,,
763,3,职业性(另见皮炎，由于),"occupational (see also Dermatitis, due to)",L25.9,0.953770637512207,,,,,
763,3,着色紫癜性,"purpuric, pigmented",L81.7,0.9883004426956177,,,,,
763,2,皮肤病的脓疱化 NEC,Impetiginization of dermatoses NEC,L01.1,0.9691645503044128,,,,,
763,2,皮肤橙色病,"Aurantiasis, cutis",E67.1,0.9613208174705505,,,,,
763,2,皮肤的 - 见情况,Dermal - see condition,,0.9739429950714111,,,,,
763,2,皮肤多神经炎[红皮水肿性多神经病],Dermatopolyneuritis,T56.1,0.9837859272956848,,,,,
763,2,皮肤发炎,Chafing,L30.4,0.9876736998558044,,,,,
763,2,皮肤干燥病-另见鱼鳞病,Xeroderma - see also Ichthyosis,,0.9963359832763672,,,,,
763,3,后天性,acquired,L85.0,0.9877461791038513,,,,,
763,4,眼睑,eyelid,H01.1,0.9387292265892029,,,,,
763,3,维生素A缺乏,vitamin A deficiency,E50.8+ L86*,0.9876911044120789,,,,,
763,3,着色性,pigmentosum,Q82.1,0.9302509427070618,,,,,
763,2,皮肤感觉障碍(深部)(振动性),Sensibility disturbance of skin (deep) (vibratory),R20.8,0.9797472357749939,,,,,
763,2,皮肤骨化病,Osteosis cutis,L94.2,0.9861933588981628,,,,,
763,2,皮肤棘层松解,Acantholysis,L11.9,0.9651403427124023,,,,,
763,2,皮肤角化病(先天性)(掌跖)(对称性),"Keratoderma, keratodermia (congenital) (palmaris et plantaris) (symmetrical)",Q82.8,0.9951969981193542,,,,,
763,3,点状,punctata,L85.2,0.9700132012367249,,,,,
763,3,后天性,acquired,L85.1,0.9652479887008667,,,,,
763,3,经绝期,climactericum,L85.1,0.9782026410102844,,,,,
763,3,赖特[莱特尔],Reiter's,M02.3+ L86*,0.9855945110321045,,,,,
763,3,淋病性,gonorrheal,A54.8+ L86*,0.9764219522476196,,,,,
763,3,淋球菌性,gonococcal,A54.8+ L86*,0.987322986125946,,,,,
763,2,皮肤瘰疠(原发性)(结核),Scrofulide (primary) (tuberculous),A18.4,0.9873896837234497,,,,,
763,2,皮肤毛细血管破裂,Dermatorrhexis,Q82.8,0.9998325109481812,,,,,
763,3,后天性,acquired,L57.4,0.957514762878418,,,,,
763,2,皮肤粘膜肌炎,Dermatomucosomyositis,M33.1,0.9999114274978638,,,,,
763,2,皮肤粘膜色素斑-肠道多发息肉综合征[波伊茨-耶格综合征][色素沉着息肉综合征],Peutz-Jeghers disease or syndrome,Q85.8,0.9895612597465515,,,,,
763,2,皮肤皮脂缺乏症,Asteatosis cutis,L85.3,0.9950214624404907,,,,,
763,2,皮肤松弛(有斑),Anetoderma (maculosum) (of),L90.8,0.9767225980758667,,,,,
763,3,施韦宁格-布齐,Schweniger-Buzzi,L90.1,0.9895513653755188,,,,,
763,3,雅达松-佩利扎里,Jadassohn-Pellizzari,L90.2,0.9977710843086243,,,,,
763,2,皮肤松垂 NEC,Dermatomegaly NEC,Q82.8,0.9943109154701233,,,,,
763,2,皮肤松垂(剥脱性)(先天性),Dermatolysis (exfoliativa) (congenital),Q82.8,0.9819859266281128,,,,,
763,3,后天性,acquired,L57.4,0.9864106774330139,,,,,
763,3,睑皮,palpebrarum,H02.3,0.9330424070358276,,,,,
763,3,老年性,senile,L57.4,0.9392454028129578,,,,,
763,3,眼睑,eyelids,H02.3,0.9541447162628174,,,,,
764,2,皮肤萎缩,"Atrophoderma, atrophodermia (of)",L90.9,0.9993393421173096,,,,,
764,3,斑状,maculatum,L90.8,0.9376238584518433,,,,,
764,4,梅毒性,syphilitic,A51.3+ L99.8*,0.9779759645462036,,,,,
764,4,条纹状体,et striatum,L90.8,0.9851472973823547,,,,,
764,5,由于梅毒引起的,due to syphilis,A52.7+ L99.8*,0.9733936190605164,,,,,
764,3,老年性,senile,L90.8,0.9693769812583923,,,,,
764,4,由于(非电离)(日光性)辐射,due to radiation (nonionizing) (solar),L57.8,0.9675837755203247,,,,,
764,3,弥漫性(特发性),diffusum (idiopathic),L90.4,0.9848640561103821,,,,,
764,3,面部对称性网状,reticulatum symmetricum faciei,L66.4,0.9956874251365662,,,,,
764,3,蠕虫形(颊),vermiculata (cheeks),L66.4,0.9930514097213745,,,,,
764,3,神经性,neuriticum,L90.8,0.9813371300697327,,,,,
764,3,特发性,Pasini and Pierini,L90.3,0.9529956579208374,,,,,
764,3,着色性,pigmentosum,Q82.1,0.9950106143951416,,,,,
764,2,皮肤纤维瘤(豆状)(M8832/0)-见肿瘤，皮肤，良性,"Dermatofibroma (lenticulare) (M8832/0) - see Neoplasm, skin, benign",,0.9812524318695068,,,,,
764,2,皮肤纤维肉瘤(M8832/3)-另见肿瘤，皮肤，恶性,"Dermatofibrosarcoma (M8832/3) - see also Neoplasm,skin, malignant",,0.9826058745384216,,,,,
764,3,隆凸性(M8832/3),protuberans (M8832/3),,0.9920371770858765,,,,,
764,4,色素沉着的(M8833/3),pigmented (M8833/3),,0.9844169616699219,,,,,
764,2,皮肤癣菌病(表皮癣菌)(感染)(小孢子菌)(癣)(毛癣菌),"Dermatophytosis, Dermophytosis (epidermophyton) (infection) (Microsporum) (tinea) (Trichophyton)",B35.9,0.9633375406265259,,,,,
764,3,播散性,disseminated,B35.8,0.981667697429657,,,,,
764,3,腹股沟,groin,B35.6,0.9919132590293884,,,,,
764,3,肛周(区),perianal (area),B35.6,0.9688253998756409,,,,,
764,3,甲,nail,B35.1,0.993043839931488,,,,,
764,3,肉芽肿性,granulomatous,B35.8,0.99981290102005,,,,,
764,3,深位的,deep-seated,B35.8,0.9583894610404968,,,,,
764,3,手,hand,B35.2,0.9641270041465759,,,,,
764,3,特指的NEC,specified NEC,B35.8,0.9866263270378113,,,,,
764,3,体,"body, corporis",B35.4,0.9974812865257263,,,,,
764,3,头部，头皮,"capitis, scalp",B35.0,0.9863653779029846,,,,,
764,3,须,beard,B35.0,0.9702469706535339,,,,,
764,3,足,foot,B35.3,0.944124698638916,,,,,
764,2,皮肤异色病,Poikiloderma,L81.6,0.9999717473983765,,,,,
764,3,西瓦特,Civatte's,L57.3,0.9746958613395691,,,,,
764,3,先天性,congenital,Q82.8,0.9756033420562744,,,,,
764,3,血管萎缩性,vasculare atrophicans,L94.5,0.9990864992141724,,,,,
764,2,皮革状胃(M8142/3),"Leather bottle stomach, Linitis (gastric) plastica (M8142/3)",C16.9,0.9752791523933411,,,,,
764,2,皮肌炎(急性)(慢性),Dermatomyositis (acute) (chronic),M33.1,0.9979974031448364,,,,,
764,3,伴有累及肺,with lung involvement,M33 J99.1*,0.9862210750579834,,,,,
764,3,幼年,juvenile,M33.0,0.997240424156189,,,,,
764,3,肿瘤疾病 NEC引起的(M8000/1)(另见 肿瘤),in (due to) neoplastic disease NEC (M8000/1) (see also Neoplasm),D48.9+ M36.0*,0.9535159468650818,,,,,
764,2,皮角,Cornu cutaneum,L85.8,0.9999764561653137,,,,,
765,2,皮克,Pick's,,0.9996066093444824,,,,,
765,3,病或综合征(脑),disease or syndrome (brain),G31.0,0.9905099868774414,,,,,
765,4,引起痴呆,dementia in,G31.0+ F02.0*,0.9623731374740601,,,,,
765,3,小管性腺瘤(M8640/0),tubular adenoma (M8640/0),,0.9813137650489807,,,,,
765,4,特指部位-见肿瘤，良性,"specified site - see Neoplasm, benign",,0.971605658531189,,,,,
765,4,未特指部位,unspecified site,,0.8916881680488586,,,,,
765,5,男性,male,D29.2,0.9594384431838989,,,,,
765,5,女性,female,D27,0.8789690732955933,,,,,
765,2,皮克-尼曼病[神经鞘磷脂沉积病],Pick-Niemann disease,E75.2,0.9888041615486145,,,,,
765,2,皮毛工人肺,Furrier's lung,J67.8,0.977290689945221,,,,,
765,2,皮霉菌病,Dermatomycosis,B36.9,0.999738335609436,,,,,
765,3,花斑糠疹,furfuracea,B36.0,0.9584246277809143,,,,,
765,3,特指类型NEC,specified type NEC,B36.8,0.9879448413848877,,,,,
765,2,皮神经炎，儿童的,Dermatoneuritis of children,T56.1,0.9873901605606079,,,,,
765,2,皮下，表皮下的-见情况,"Subcutaneous, subcuticular - see condition",,0.9882118701934814,,,,,
765,2,皮炎,"Dermatitis, Itch",L30.9,0.999948263168335,,,,,
765,3,阿米巴,amebic,A06.7,0.9369762539863586,,,,,
765,3,白喉性,diphtheritica,A36.3,0.9418482780456543,,,,,
765,3,斑蟊,blister beetle,L24.8,0.9530307054519653,,,,,
765,3,变应性(接触性)(另见皮炎，由于),"allergic (contact) (see also Dermatitis, due to)",L23.9,0.994560182094574,,,,,
765,3,表皮脱落性，剥脱性(全身性),"exfoliative, exfoliativa (generalized)",L26,0.974028468132019,,,,,
765,3,糙皮病性,pellagrous,E52,0.9810234904289246,,,,,
765,3,传染性湿疹样,infectious eczematoid,L30.3,0.9917668104171753,,,,,
765,3,创伤性NEC,traumatic NEC,L30.4,0.9716867804527283,,,,,
765,3,刺激性(接触性)(另见皮炎，由于),"irritant (contact) (see also Dermatitis, due to)",L24.9,0.9806069135665894,,,,,
765,3,大疱性,"bullous, bullosa",L13.9,0.9851858615875244,,,,,
765,4,季节性,seasonal,L30.8,0.9467819333076477,,,,,
765,4,粘膜粘连性，萎缩性,mucosynechial; atrophic,L12.1,0.9731466174125671,,,,,
765,4,特指的NEC,specified NEC,L13.8,0.9796295166015625,,,,,
765,3,冬令,hiemalis,L30.8,0.9840090274810791,,,,,
765,3,冻伤,congelationis,T69.1,0.9794172048568726,,,,,
765,3,发部乳头状[瘢痕瘤性毛囊炎],papillaris capillitii,L73.0,0.983056366443634,,,,,
765,3,匐行性,repens,L40.2,0.9841172695159912,,,,,
765,3,腐蚀性-见烧伤,escharotica - see Burn,,0.9906097650527954,,,,,
765,3,干性,dry skin,L85.3,0.9452227354049683,,,,,
765,3,感染性,infective,L30.3,0.9832261204719543,,,,,
765,3,光线性[光化性](由于日光),actinic (due to sun),L57.8,0.9850112199783325,,,,,
765,4,非日光性,other than from sun,L59.8,0.9243627190589905,,,,,
765,3,光接触性,photocontact,L56.2,0.9956201314926147,,,,,
765,3,化脓性,"purulent, suppurative",L08.0,0.9504045248031616,,,,,
765,3,坏疽性,"gangrenosa, gangrenous",L88,0.9603238105773926,,,,,
765,4,婴儿,infantum,R02,0.9718658924102783,,,,,
765,3,火激,ab igne,L59.0,0.9919023513793945,,,,,
766,3,季节性大疱性,seasonal bullous,L30.8,0.9710703492164612,,,,,
766,3,接触性(职业性)(另见皮炎，由于),"contact (occupational) (see also Dermatitis, due to)",L25.9,0.9920150637626648,,,,,
766,4,变应性,allergic,L23.9,0.9573320150375366,,,,,
766,4,刺激性,irritant,L24.9,0.9626697897911072,,,,,
766,3,静脉曲张性,varicose,I83.1,0.9576972723007202,,,,,
766,4,伴有溃疡,with ulcer,I83.2,0.9166038036346436,,,,,
766,3,口周性,perioral,L71.0,0.9839176535606384,,,,,
766,3,裂体吸虫[血吸虫],schistosome,B65.3,0.9801437854766846,,,,,
766,3,螨(所致的),"mite, acarine",B88.0+ L99.8*,0.982162356376648,,,,,
766,3,毛虫,caterpillar,L24.8,0.9956074953079224,,,,,
766,3,摩擦,friction,L30.4,0.9894934892654419,,,,,
766,3,尿布,"diaper, Jacquet's, napkin",L22,0.9287331700325012,,,,,
766,3,脓毒性,septic,L08.0,0.990303099155426,,,,,
766,3,脓球菌性,pyococcal,L08.0,0.9508278965950012,,,,,
766,3,疱疹病毒性，水泡状(耳)(唇),"herpesviral, vesicular (ear) (lip)",B00.1,0.9671449661254883,,,,,
766,3,疱疹样(大疱性)(红斑性)(小脓疱性)(水泡状),herpetiformis (bullous) (erythematous) (pustular) (vesicular),L13.0,0.9786549210548401,,,,,
766,4,老年性,senile,L12.0,0.9665747880935669,,,,,
766,4,青少年,juvenile,L12.2,0.9714263081550598,,,,,
766,3,皮脂溢,seborrheic,L21.9,0.9829505681991577,,,,,
766,4,特指的 NEC,specified NEC,L21.8,0.9349373579025269,,,,,
766,4,婴儿,infantile,L21.1,0.98259037733078,,,,,
766,3,钱币状,nummular,L30.0,0.9993733167648315,,,,,
766,3,秋螨,harvest mite,B88.0+ L99.8*,0.9758723974227905,,,,,
766,3,屈部NEC,flexural NEC,L20.8,0.9794610738754272,,,,,
766,3,燃烧[火激],combustionis,L59.0,0.9825035929679871,,,,,
766,4,由于烧伤或烫伤-见烧伤,—due to burn or scald - see Burn,,0.9758174419403076,,,,,
766,3,热,heat,L59.0,0.9427732825279236,,,,,
766,3,热激性,calorica,L59.0,0.9659084677696228,,,,,
766,4,由于烧伤或烫伤-见烧伤,due to burn or scald - see Burn,,0.9741271138191223,,,,,
766,3,人为性,"artefacta, facta, factitia, factitial",L98.1,0.9770230650901794,,,,,
766,3,瘙痒性NEC,pruritic NEC,L30.8,0.9757736325263977,,,,,
766,3,尚贝格[进行性色素沉着性紫癜性皮病],Schamberg's,L81.7,0.9925236105918884,,,,,
766,3,砷性(内服的),arsenical (ingested),L27.8,0.976999819278717,,,,,
766,3,生脓性,pyogenica,L08.0,0.9641708135604858,,,,,
766,3,湿疹性NEC,eczematous NEC,L30.9,0.9512007236480713,,,,,
766,3,饰物[香料皮炎],"berlock, berloque",L56.2,0.993323564529419,,,,,
766,3,水泡状，疱疹病毒性,"vesicular, herpesviral",B00.1,0.9968381524085999,,,,,
766,3,苔癣化NEC,lichenified NEC,L28.0,0.945192277431488,,,,,
766,3,糖尿病性(另见E10-E14伴有第四位数.6),diabetic (see also E10-E14 with fourth character .6),E14.6+ L99.8*,0.9724242091178894,,,,,
766,3,特应性[遗传过敏性],atopic,L20.9,0.9982390999794006,,,,,
766,4,特指的NEC,specified NEC,L20.8,0.9596536755561829,,,,,
766,3,特指的NEC,specified NEC,L30.8,0.9718637466430664,,,,,
767,3,停滞性,stasis,I83.1,0.946334719657898,,,,,
767,4,伴有溃疡,with ulcer,I83.2,0.9736523032188416,,,,,
767,3,痛经性,dysmenorrheica,N94.6,0.9492009282112122,,,,,
767,3,挖蛤者[尾蚴性],clam digger's,B65.3,0.9846755266189575,,,,,
767,3,尾蚴性,"cercarial,swimmer's",B65.3,0.9924646019935608,,,,,
767,3,小脓疱性,pustular,,0.9981719851493835,,,,,
767,4,触染性,contagious,B08.0,0.9869440197944641,,,,,
767,4,角质层下,subcorneal,L13.1,0.9748019576072693,,,,,
767,3,芽生菌性,blastomycetic,B40.3+ L99.8*,0.9591911435127258,,,,,
767,3,眼睑(变应性)(接触性)(湿疹性),eyelid (allergic) (contact) (eczematous),H01.1,0.9777759313583374,,,,,
767,4,由于,due to,,0.7998625636100769,,,,,
767,5,带状疱疹,herpes (zoster),B02.3+ H03.1*,0.9622991681098938,,,,,
767,6,单纯性,simplex,B00.5+ H03.1*,0.9632238149642944,,,,,
767,5,脂螨属,Demodex species,B88.0+ H03.0*,0.9728880524635315,,,,,
767,3,阳光,solare,L57.8,0.9715144634246826,,,,,
767,3,恙虫,Leptus,B88.0+ L99.8*,0.9791014790534973,,,,,
767,3,药物性(恰当使用正确的物质)(全身性)(内服的)(另见皮炎，由于，药物),"medicamentosa (correct substance properly administered) (generalized) (internal use) (see also Dermatitis, due to, drugs)",L27.0,0.9795112609863281,,,,,
767,4,局部性皮炎,localized skin eruption,L27.1,0.9498263597488403,,,,,
767,4,由于接触皮肤,due to contact with skin,L25.1,0.9711846709251404,,,,,
767,5,变应性,allergic,L23.3,0.9871013164520264,,,,,
767,5,刺激性,irritant,L24.4,0.9881067872047424,,,,,
767,3,椰子螨,copra,B88.0,0.9695444107055664,,,,,
767,3,遗传过敏性[特应性],atopic,L20.9,0.9936068654060364,,,,,
767,4,特指的NEC,specified NEC,L20.8,0.965068519115448,,,,,
767,3,疣状÷,verrucosa,B43.0+ L99.8*,0.9134885668754578,,,,,
767,3,由于,due to,,0.982042670249939,,,,,
767,4,X 线,X-rays,L58.9,0.8982926607131958,,,,,
767,5,急性,acute,L58.0,0.9660236239433289,,,,,
767,5,慢性,chronic,L58.1,0.9053990840911865,,,,,
767,4,报春花类植物[樱草](变应性)(接触性),"primrose, primula (allergic) (contact)",L23.7,0.9707434177398682,,,,,
767,4,表皮癣菌病-见皮肤癣菌病,epidermophytosis - see Dermatophytosis,,0.9487078785896301,,,,,
767,4,丙酮(接触性)(刺激性),acetone (contact) (irritant),L24.2,0.966455340385437,,,,,
767,4,醇类(刺激性)(皮肤接触性)(在 中的物质),alcohols (irritant) (skin contact) (substances in),T51 L24.2,0.9715623259544373,,,,,
767,5,内服,taken internally,L27.8,0.9283488988876343,,,,,
767,4,低温,low temperature,L30.8,0.9673352837562561,,,,,
767,4,二硫化碳(接触性)(刺激性),carbon disulfide (contact) (irritant),L24.2,0.9657915830612183,,,,,
767,4,防腐剂(接触性)-见皮炎，由于，化学制剂，接触皮肤,"preservatives (contact) - see Dermatitis, due to, chemicals, in contact with skin",,0.972869873046875,,,,,
767,4,放射性物质,radioactive substances,L58.9,0.973162829875946,,,,,
767,5,急性,acute,L58.0,0.9691705703735352,,,,,
767,5,慢性,chronic,L58.1,0.920571506023407,,,,,
768,4,辐射,radiation,L59.8,0.9490731358528137,,,,,
768,5,非电离(慢性暴露).,nonionizing (chronic exposure),L57.8,0.9757472276687622,,,,,
768,5,日光 NEC,sun NEC,L57.8,0.8878144025802612,,,,,
768,6,急性,acute,L56.8,0.9024909138679504,,,,,
768,4,辐照-见皮炎，由于，放射性物质,"irradiation - see Dermatitis, due to, radioactive substances",,0.9438549280166626,,,,,
768,4,腐蚀剂类(接触性)(刺激性),caustics (contact) (irritant),L24.5,0.9657214283943176,,,,,
768,4,铬(变应性)(接触性),chromium (allergic) (contact),L23.0,0.9828428626060486,,,,,
768,5,刺激性,irritant,L24.8,0.950961172580719,,,,,
768,4,光(日光) NEC,light (sun) NEC,L57.8,0.9572586417198181,,,,,
768,5,急性,acute,L56.8,0.8862212896347046,,,,,
768,5,其他,other,L59.8,0.9506574273109436,,,,,
768,4,寒冷天气,cold weather,L30.8,0.991001307964325,,,,,
768,4,红外线,infrared rays,L59.8,0.9917677044868469,,,,,
768,4,化学制剂NEC,chemicals NEC,L25.3,0.9813045859336853,,,,,
768,5,接触皮肤,in contact with skin,L25.3,0.9579318761825562,,,,,
768,6,变应性,allergic,L23.5,0.9298658967018127,,,,,
768,6,刺激性 NEC,irritant NEC,L24.5,0.9683933854103088,,,,,
768,5,内服,taken internally,L27.8,0.9657647609710693,,,,,
768,4,化妆品(接触性),cosmetics (contact),L25.0,0.9965419769287109,,,,,
768,5,变应性,allergic,L23.2,0.9657221436500549,,,,,
768,5,刺激性,irritant,L24.3,0.9868544936180115,,,,,
768,4,火草[美狗舌草](变应性)(接触性),Senecio jacobaea (allergic) (contact),L23.7,0.974323570728302,,,,,
768,4,鸡皮刺螨,Dermanyssus gallinae,B88.0,0.9911024570465088,,,,,
768,4,甲苯(接触性)(刺激性),toluene (contact) (irritant),L24.2,0.9751480221748352,,,,,
768,4,碱(接触性)(刺激性),alkalis (contact) (irritant),L24.5,0.9840324521064758,,,,,
768,4,胶-见皮炎，由于，粘贴剂,"glues - see Dermatitis, due to, adhesives",,0.9558667540550232,,,,,
768,4,金属，金属盐(变应性)(接触性),"metals, metal salts (allergic) (contact)",L23.0,0.9769819378852844,,,,,
768,5,刺激性,irritant,L24.8,0.9911495447158813,,,,,
768,4,静脉曲张,varicose veins,I83.1,0.9524742960929871,,,,,
768,4,菌苗或接种(恰当使用正确的物质),vaccine or vaccination (correct substance properly administered),L27.0,0.9854945540428162,,,,,
768,5,给错或服错药物,wrong substance given or taken,T50.9,0.9915089011192322,,,,,
768,4,镭,radium,L58.9,0.9556179046630859,,,,,
768,5,急性,acute,L58.0,0.9222491383552551,,,,,
768,5,慢性,chronic,L58.1,0.9564512968063354,,,,,
768,4,毛皮(变应性)(接触性),furs (allergic) (contact),L23.8,0.9646327495574951,,,,,
768,5,刺激性,irritant,L24.8,0.9543532729148865,,,,,
768,4,美洲吸血异脂螨,Liponyssoides sanguineus,B88.0,0.9768348932266235,,,,,
768,4,内服物质,internal agent,L27.9,0.980402410030365,,,,,
768,5,食物,food,L27.2,0.9611241221427917,,,,,
768,5,药物和药剂(全身性)(另见皮炎，由于，药物),"drugs and medicaments (generalized) (see also Dermatitis, due to, drugs)",L27.0,0.9892780184745789,,,,,
769,4,尼龙(变应性)(接触性),nylon (allergic) (contact),L23.5,0.9648295044898987,,,,,
769,5,刺激性,irritant,L24.5,0.9543705582618713,,,,,
769,4,粘固粉[水泥剂](接触性),cement (contact),L25.3,0.9696275591850281,,,,,
769,5,刺激性,irritant,L24.5,0.9631307125091553,,,,,
769,5,变应性,allergic,L23.5,0.9287908673286438,,,,,
769,4,镍(变应性)(接触性),nickel (allergic) (contact),L23.0,0.9626837968826294,,,,,
769,5,刺激性,irritant,L24.8,0.9732496738433838,,,,,
769,4,漆树(槲叶)(毒葛)(野葛)(毒性)(变应性)(接触性),"lacquer tree, Rhus (diversiloba) (radicans) (toxicodendron) (venenata) (verniciflua) (allergic) (contact)",L23.7,0.9570060968399048,,,,,
769,4,去污剂(接触性)(刺激性),detergents (contact) (irritant),L24.0,0.9799844622612,,,,,
769,4,染料(接触性),dyes (contact),L25.2,0.9666513800621033,,,,,
769,5,变应性,allergic,L23.4,0.9543628692626953,,,,,
769,5,刺激性,irritant,L24.8,0.9848917126655579,,,,,
769,4,热,hot,,0.7014877796173096,,,,,
769,5,天气或场所,weather or places,L59.0,0.9316628575325012,,,,,
769,5,物体和材料-见烧伤,objects and materials - see Burn,,0.9202271103858948,,,,,
769,4,溶剂(接触性)(刺激性)(在T52-T53中的物质),solvents (contact) (irritant) (substances in T52-T53),L24.2,0.9748924374580383,,,,,
769,4,杀昆虫剂，接触皮肤,"insecticide, in contact with skin",L25.3,0.9493217468261719,,,,,
769,4,变应性,allergic,L23.5,0.9627627730369568,,,,,
769,5,刺激性,irritant,L24.5,0.9542577862739563,,,,,
769,4,砷(内服的),arsenic (ingested),L27.8,0.9813088178634644,,,,,
769,4,石油产品(接触性)(刺激性)(在 中的物质),petroleum products (contact) (irritant) (substances in),T52 L24.2,0.9578704833984375,,,,,
769,4,食物(内服的),food (ingested),L27.2,0.9644312262535095,,,,,
769,5,接触皮肤,in contact with skin,L25.4,0.9533064365386963,,,,,
769,6,变应性,allergic,L23.6,0.9295024871826172,,,,,
769,6,刺激性,irritant,L24.6,0.9789164066314697,,,,,
769,4,四氯乙烯(接触性)(刺激性),tetrachlorethylene (contact) (irritant),L24.2,0.9804562926292419,,,,,
769,4,松脂[松节油](接触性),turpentine (contact),L25.3,0.9762611389160156,,,,,
769,5,变应性,allergic,L23.5,0.9149436950683594,,,,,
769,5,刺激性,irritant,L24.2,0.9464199542999268,,,,,
769,4,塑料(变应性)(接触性),plastic (allergic) (contact),L23.5,0.9680176973342896,,,,,
769,5,刺激性,irritant,L24.5,0.9808181524276733,,,,,
769,4,酸类(接触性)(刺激性),acids (contact) (irritant),L24.5,0.9659221768379211,,,,,
769,4,特指的物质NEC(接触性),specified agent NEC (contact),L25.8,0.9836984872817993,,,,,
769,5,变应性,allergic,L23.8,0.955373227596283,,,,,
769,5,刺激性,irritant,L24.8,0.986742377281189,,,,,
769,4,涂料溶剂(接触性)(刺激性),paint solvents (contact) (irritant),L24.2,0.9825085997581482,,,,,
769,4,豚草(变应性)(接触性),ragweed (allergic) (contact),L23.7,0.9685068726539612,,,,,
769,4,外部刺激NEC,external irritant NEC,L24.9,0.9456163048744202,,,,,
769,4,橡胶(变应性)(接触性),rubber (allergic) (contact),L23.5,0.9758639335632324,,,,,
770,4,橡皮膏(任何)(变应性)(接触性),plasters (adhesive) (any) (allergic) (contact),L23.1,0.956318199634552,,,,,
770,5,刺激性,irritant,L24.5,0.951042115688324,,,,,
770,4,咽下，内服的物质,"ingestion, ingested substance",L27.9,0.9724762439727783,,,,,
770,5,化学制剂NEC,chemicals NEC,L27.8,0.9676671624183655,,,,,
770,5,食物,food,L27.2,0.9342791438102722,,,,,
770,5,特指的NEC,specified NEC,L27.8,0.9802160263061523,,,,,
770,5,药物和药剂(恰当使用正确的物质)(全身性)(另见皮炎，由于，药物),"drugs and medicaments (correct substance properly administered) (generalized) (see also Dermatitis, due to, drugs)",L27.0,0.9920645356178284,,,,,
770,6,给错或服错药物,wrong substance given or taken,T50.9,0.9856559634208679,,,,,
770,4,特指的物质-见 药物和化学制剂表,specified substance - see Table of drugs and chemicals,,0.9607487916946411,,,,,
770,4,局部性皮炎,localized skin eruption,L27.1,0.9843841195106506,,,,,
770,4,阳光NEC,sunshine NEC,L57.8,0.962306022644043,,,,,
770,4,急性,acute,L56.8,0.9774386286735535,,,,,
770,4,药物和药剂(恰当使用正确的物质)(全身性)(内服的),drugs and medicaments (correct substance properly administered) (generalized) (internal use),L27.0,0.9808760285377502,,,,,
770,5,给错或服错药物,wrong substance given or taken,T50.9,0.9647908806800842,,,,,
770,4,特指的物质-见药物和化学制剂表,specified substance - see Table of drugs and chemicals,,0.9616400599479675,,,,,
770,5,接触皮肤,in contact with skin,L25.1,0.9868534803390503,,,,,
770,5,变应性,allergic,L23.3,0.9727649688720703,,,,,
770,6,刺激性,irritant,L24.4,0.9515072107315063,,,,,
770,4,局部性皮疹,localized skin eruption,L27.1,0.9528629183769226,,,,,
770,5,外用(另见皮炎，由于，药物，接触皮肤),"external (see also Dermatitis, due to, drugs, in contact with skin)",,0.9624717235565186,,,,,
770,6,给错或服错药物,wrong substance given or taken,T49.9,0.9549689888954163,,,,,
770,5,特指的物质-见药物和化学制剂表,specified substance - see Table of drugs and chemicals,,0.954049825668335,,,,,
770,4,油类NEC(接触性)(刺激性),oils NEC (contact) (irritant),L24.1,0.9904246926307678,,,,,
770,4,粘贴剂(变应性)(接触性)(橡皮膏),adhesives (allergic) (contact) (plaster),L23.1,0.9729607105255127,,,,,
770,5,刺激性,irritant,L24.5,0.9889223575592041,,,,,
770,4,脂类NEC(接触性)(刺激性),greases NEC (contact) (irritant),L24.1,0.9863601922988892,,,,,
770,4,脂螨属,Demodex species,B88.0,0.9726535677909851,,,,,
770,4,植物NEC(接触性),plants NEC (contact),L25.5,0.9890203475952148,,,,,
770,5,变应性,allergic,L23.7,0.9426893591880798,,,,,
770,5,刺激性,irritant,L24.7,0.95538729429245,,,,,
770,4,重铬酸盐(变应性),dichromate (allergic),L23.0,0.9538277983665466,,,,,
770,5,刺激性,irritant,L24.5,0.9674665331840515,,,,,
770,4,紫外线(日光NEC)(慢性暴露),ultraviolet rays (sun NEC) (chronic exposure),L57.8,0.986909806728363,,,,,
770,5,急性,acute,L56.8,0.9787920117378235,,,,,
770,3,增殖型,vegetans,L10.1,0.9642711281776428,,,,,
771,3,真菌,fungus,B36.9,0.990136981010437,,,,,
771,4,特指类型 NEC,specified type NEC,B36.8,0.9568065404891968,,,,,
771,3,致敏 NEC,sensitization NEC,L23.9,0.9527510404586792,,,,,
771,3,坠积性,"hypostatic, hypostatica",I83.1,0.9782571792602539,,,,,
771,4,伴有溃疡,with ulcer,I83.2,0.9788303375244141,,,,,
771,3,灼伤，由于烧伤或烫伤-见烧伤,"ambustionis, due to burn or scald – see Burn",,0.9788832068443298,,,,,
771,3,紫外线(日光)(慢性暴露),ultraviolet (sun) (chronic exposure),L57.8,0.9858418703079224,,,,,
771,4,急性,acute,L56.8,0.9000803828239441,,,,,
771,2,皮样(囊肿)(M9084/0)-另见肿瘤，良性,"Dermoid (cyst) (M9084/0) – see also Neoplasm, benign",,0.9703997373580933,,,,,
771,3,伴有恶性变(M9084/3),with malignant transformation (M9084/3),C56,0.995526909828186,,,,,
771,3,由于辐射(非电离),due to radiation (nonionizing),L57.8,0.9900949597358704,,,,,
771,2,皮真菌病-现译名皮肤癣菌病,"Dermatophytosis, Dermophytosis",,0.9846118688583374,,,,,
771,2,皮癣菌疹(另见皮肤癣菌病),"Dermatophytid, Dermaphytid, Dermatophytide (see also Dermatophytosis)",L30.2,0.991921603679657,,,,,
771,2,皮疹,Rash,R21,0.9545709490776062,,,,,
771,3,溃烂,canker,A38,0.9457157254219055,,,,,
771,3,免疫接种后,following immunization,T88.1,0.9694883823394775,,,,,
771,3,尿布(银屑病样),"diaper, napkin (psoriasiform)",L22,0.997018039226532,,,,,
771,3,脓疱性,pustular,L08.0,0.9673052430152893,,,,,
771,3,热,heat,L74.0,0.9580850005149841,,,,,
771,3,食物(另见皮炎，由于，食物),"food (see also Dermatitis, due to, food)",L27.2,0.9895489811897278,,,,,
771,3,猩红,scarlet,A38,0.9570848345756531,,,,,
771,3,血清性(预防性)(治疗性),serum (prophylactic) (therapeutic),T80.6,0.9665642976760864,,,,,
771,3,荨麻(另见荨麻疹),nettle (see also Urticaria),L50.9,0.9910262227058411,,,,,
771,3,药物(内服的),drug (internal use),L27.0,0.9918336868286133,,,,,
771,4,接触性(另见皮炎，由于，药物，外用),"contact (see also Dermatitis, due to, drugs, external)",L25.1,0.9914610385894775,,,,,
771,3,游走性，舌的,"wandering, tongue",K14.1,0.9972283840179443,,,,,
771,2,皮脂囊肿,Steatoma,L72.1,0.9622997045516968,,,,,
771,3,眼睑(囊性),eyelid (cystic),H01.1,0.9922062158584595,,,,,
771,4,感染的,infected,H00.0,0.99241703748703,,,,,
771,2,皮脂囊肿病,Steatocystoma multiplex,L72.2,0.9996832013130188,,,,,
771,2,皮脂腺的-另见情况,Sebaceous – see also condition,,0.9498616456985474,,,,,
771,3,囊肿(另见囊肿，皮脂腺),"cyst (see also Cyst, sebaceous)",L72.1,0.988540530204773,,,,,
771,2,皮脂腺囊肿(另见囊肿，皮脂腺),"Wen (see also Cyst, sebaceous)",L72.1,0.9676862359046936,,,,,
771,2,皮脂溢出(性),"Seborrhea, seborrheic, Pityriasis",R23.8,0.9876805543899536,,,,,
771,3,干燥性,sicca,L21.0,0.9558113217353821,,,,,
771,3,角化病,keratosis,L82,0.9583970308303833,,,,,
771,3,皮炎,dermatitis,L21.9,0.9836357235908508,,,,,
771,4,婴儿,infantile,L21.1,0.9807206392288208,,,,,
771,3,湿疹,eczema,L21.9,0.9773962497711182,,,,,
771,4,婴儿,infantile,L21.1,0.9631376266479492,,,,,
771,3,头部,capitis,L21.0,0.9814462065696716,,,,,
771,3,干性,furfuracea,L21.0,0.9886117577552795,,,,,
772,2,皮质的 - 见情况,Cortical - see condition,,0.9667326807975769,,,,,
772,2,皮赘(肥大的皮肤)(感染的),Tag (hypertrophied skin) (infected),L91.8,0.9973607063293457,,,,,
772,3,处女膜,hymen,N89.8,0.9623296856880188,,,,,
772,3,肛门,anus,I84.6,0.9667665362358093,,,,,
772,3,会阴,perineal,N90.8,0.9853230118751526,,,,,
772,3,尿道,"urethra, urethral",N36.8,0.9871727228164673,,,,,
772,3,皮肤,skin,L91.8,0.9548857808113098,,,,,
772,4,副(先天性),accessory (congenital),Q82.8,0.9637940526008606,,,,,
772,4,先天性,congenital,Q82.8,0.9411670565605164,,,,,
772,3,外阴,vulva,N90.8,0.9540849328041077,,,,,
772,3,直肠,rectum,I84.6,0.8980544209480286,,,,,
772,3,痔,hemorrhoidal,I84.6,0.9734256267547607,,,,,
772,1,pí 铍,,,0.9559831023216248,,,,,
772,2,铍中毒(肺),Berylliosis (lung),J63.2,0.9571203589439392,,,,,
772,1,pí 疲,,,0.9162514209747314,,,,,
772,2,疲惫(全身NEC),Exhaustion (physical NEC),R53,0.9885044097900391,,,,,
772,3,精神性,mental,F48.0,0.9735391139984131,,,,,
772,3,神经性,nervous,F48.0,0.9706045389175415,,,,,
772,2,疲劳,"Fatigue, Tiredness",R53,0.9997915029525757,,,,,
772,3,并发于妊娠,complicating pregnancy,O26.8,0.9882733821868896,,,,,
772,3,操作性,operational,F48.8,0.9682430028915405,,,,,
772,3,肌肉,muscle,M62.6,0.9776281714439392,,,,,
772,3,老年性,senile,R54,0.9154727458953857,,,,,
772,3,神经性,"nervous, neurosis",F48.0,0.9765971302986145,,,,,
772,3,声音,voice,R49.8,0.9532086253166199,,,,,
772,3,心肌(另见衰竭，心力),"myocardium (see also Failure, heart)",I50.9,0.9670811891555786,,,,,
772,3,心因性(全身性),psychogenic (general),F48.0,0.9805441498756409,,,,,
772,3,战斗,combat,F43.0,0.9539645314216614,,,,,
772,3,中暑(短暂性),heat (transient),T67.6,0.9631317853927612,,,,,
772,3,综合征,syndrome,F48.0,0.952513575553894,,,,,
772,1,pí 脾,,,0.9970868229866028,,,,,
772,2,脾被膜炎,Episplenitis,D73.8,0.9687546491622925,,,,,
772,2,脾病,Splenopathy,D73.9,0.9999745488166809,,,,,
772,2,脾大,"Splenomegaly, splenomegalia",R16.1,0.9789125919342041,,,,,
772,3,埃及,Egyptian,B65.1,0.949089765548706,,,,,
772,3,伴有肝大,with hepatomegaly,R16.2,0.9578394293785095,,,,,
772,3,充血性(慢性),congestive (chronic),D73.2,0.9815881252288818,,,,,
772,3,戈谢,Gaucher's,E75.2,0.9198482036590576,,,,,
773,3,梅毒性,syphilitic,A52.7+ D77*,0.9693008065223694,,,,,
773,4,先天性(早期),congenital (early),A50.0+ D77*,0.9560924172401428,,,,,
773,3,尼曼-皮克,Niemann-Pick,E75.2,0.9512848854064941,,,,,
773,3,疟疾性(另见疟疾),malarial (see also Malaria),B54+ D77*,0.9815625548362732,,,,,
773,3,特发性,idiopathic,R16.1,0.9909416437149048,,,,,
773,3,先天性,congenital,Q89.0,0.9891788363456726,,,,,
773,3,中性粒细胞减少性,neutropenic,D70,0.9819103479385376,,,,,
773,2,脾的 - 见情况,"Spleen, splenic - see condition",,0.9641410112380981,,,,,
773,2,脾功能减退症,Hyposplenism,D73.0,0.9205725789070129,,,,,
773,2,脾功能亢进,"Hypersplenia, hypersplenism",D73.1,0.9838107824325562,,,,,
773,2,脾疝,Splenocele,D73.8,0.9897924661636353,,,,,
773,2,脾下垂,Splenoptosis,D73.8,0.963455319404602,,,,,
773,2,脾炎(间质)(恶性)(非特异的),Splenitis (interstitial) (malignant) (nonspecific),D73.8,0.977338969707489,,,,,
773,3,结核性,tuberculous,A18.8+ D77*,0.9822559952735901,,,,,
773,2,脾周炎(感染性),Perisplenitis (infectional),D73.8,0.9881414175033569,,,,,
773,2,脾组织植入,Splenosis,D73.8,0.9912618398666382,,,,,
773,1,pí 蜱,,,0.9981492161750793,,,,,
773,2,蜱病NEC,Ixodiasis NEC,B88.8,0.9952800869941711,,,,,
773,1,pǐ 匹,,,0.9613894820213318,,,,,
773,2,匹克威克综合征,Pickwickian syndrome,E66.2,0.9824628233909607,,,,,
773,1,piān 偏,,,0.9171217083930969,,,,,
773,2,偏侧发育障碍 - 见 偏侧萎缩,Hemidystrophy - see Hemiatrophy,,0.9137181043624878,,,,,
773,2,偏侧感觉迟钝,Hemihypesthesia,R20.1,0.9761520028114319,,,,,
773,2,偏侧感觉缺失,Hemianesthesia,R20.0,0.9819473624229431,,,,,
773,2,偏侧感觉异常,Hemiparesthesia,R20.2,0.9886044859886169,,,,,
773,2,偏侧痉挛(面部),Hemispasm (facial),R25.2,0.9904720783233643,,,,,
773,2,偏侧缺肢畸形,Hemiectromelia,Q73.8,0.9761181473731995,,,,,
773,2,偏侧手足徐动症,Hemiathetosis,R25.8,0.9939190745353699,,,,,
773,2,偏侧痛觉减退,Hemihypalgesia,R20.8,0.9803836941719055,,,,,
773,2,偏侧痛觉缺失,Hemianalgesia,R20.0,0.991804301738739,,,,,
773,2,偏侧投掷症,Hemiballism(us),G25.5,0.9747423529624939,,,,,
773,2,偏侧萎缩,Hemiatrophy,R68.8,0.9836333394050598,,,,,
773,3,面部，进行性(龙贝格),"face, facial, progressive (Romberg)",G51.8,0.9977807402610779,,,,,
773,3,舌,tongue,K14.8,0.9647020697593689,,,,,
773,3,小脑,cerebellar,G31.9,0.9675272703170776,,,,,
774,2,偏侧无脑畸形,Hemianencephaly,Q00.0,0.9581959247589111,,,,,
774,2,偏侧舞蹈症,Hemichorea,G25.5,0.9629554152488708,,,,,
774,2,偏侧震颤,Hemitremor,R25.1,0.9927258491516113,,,,,
774,2,偏离，偏曲，偏移,Deviation,,0.9996148347854614,,,,,
774,3,鼻中隔(后天性),"nasal septum, septum (nasal) (acquired)",J34.2,0.9954751133918762,,,,,
774,4,先天性,congenital,Q67.4,0.9298059940338135,,,,,
774,3,气管,trachea,J39.8,0.9676772356033325,,,,,
774,3,器官或部位，先天性NEC-见错位，先天性,"organ or site, congenital NEC - see Malposition, congenital",,0.99443519115448,,,,,
774,3,食管(后天性),esophagus (acquired),K22.8,0.9778820276260376,,,,,
774,3,输尿管，先天性,"ureter, congenital",Q62.6,0.9715710878372192,,,,,
774,3,同向性(眼)(痉挛性),conjugate (eye) (spastic),H51.8,0.9788534045219421,,,,,
774,3,性欲,sexual,F65.9,0.9692544341087341,,,,,
774,4,爱童癖,"pederosis, pedophilia",F65.4,0.9859375953674316,,,,,
774,4,多相,multiple,F65.6,0.9550917148590088,,,,,
774,4,窥阴癖,voyeurism,F65.3,0.9775502681732178,,,,,
774,4,恋尸症,necrophilia,F65.8,0.9746659994125366,,,,,
774,4,恋物癖，恋物性,"fetishism, fetishistic",F65.0,0.9885802268981934,,,,,
774,5,异装症,transvestism,F65.1,0.9433364272117615,,,,,
774,4,露阴癖,exhibitionism,F65.2,0.9744105339050293,,,,,
774,4,摩擦癖,frotteurism,F65.8,0.982789158821106,,,,,
774,4,男性色情狂,satyriasis,F52.7,0.9835336208343506,,,,,
774,4,女性色情狂,nymphomania,F52.7,0.9599446654319763,,,,,
774,4,色情狂,erotomania,F52.7,0.9822800755500793,,,,,
774,4,施虐癖[施虐狂],"sadism, sadomasochism",F65.5,0.9874838590621948,,,,,
774,4,施虐受虐癖[施虐受虐狂],"sadism, sadomasochism",F65.5,0.9815035462379456,,,,,
774,4,受虐癖[受虐狂],masochism,F65.5,0.979993462562561,,,,,
774,4,兽奸,bestiality,F65.8,0.9709445238113403,,,,,
774,4,特指类型NEC,specified type NEC,F65.8,0.9925039410591125,,,,,
774,4,异装症,transvestism,F64.1,0.9679743051528931,,,,,
774,3,牙，中线,"teeth, midline",K07.2,0.9858396649360657,,,,,
774,3,眼，斜视,"eye, skew",H51.8,0.9934527277946472,,,,,
774,3,中线(牙弓)(颌)(牙),midline (dental arch) (jaw) (teeth),K07.2,0.9580948948860168,,,,,
774,4,特指部位 NEC-见错位,specified site NEC - see Malposition,,0.9434137344360352,,,,,
774,2,偏盲(两鼻侧，内侧)(两外侧，颞侧)(异侧性)(同侧性)(鼻侧)(外周性),"Hemianopia, hemianopsia (binasal) (bitemporal) (heteronymous) (homonymous) (nasal) (peripheral)",H53.4,0.9820718169212341,,,,,
774,3,梅毒性,syphilitic,A52.7+ H58.1*,0.9629353284835815,,,,,
774,2,偏曲[弯曲],Deflection,,0.999509871006012,,,,,
774,3,鼻甲,turbinate (nose),J34.2,0.9907360672950745,,,,,
774,3,鼻中隔(后天性),septum (acquired) (nasal) (nose),J34.2,0.9718148112297058,,,,,
774,3,脊柱-见弯曲，脊柱,"spine - see Curvature, spine",,0.9783343076705933,,,,,
774,3,桡骨,radius,M21.8,0.9407505393028259,,,,,
775,2,偏瘫,Hemiplegia,G81.9,0.9736968278884888,,,,,
775,3,脊髓性,spinal,G81.1,0.9837916493415833,,,,,
775,3,交叉性面神经,alternans facialis,G83.8,0.9704257249832153,,,,,
775,3,痉挛性,spastic,G81.1,0.9972400665283203,,,,,
775,4,先天性,congenital,G80.2,0.9318790435791016,,,,,
775,3,上行性 NEC,ascending NEC,G81.9,0.9368278384208679,,,,,
775,4,脊髓性,spinal,G95.8,0.9678516387939453,,,,,
775,3,栓子性(近期发生),embolic (current episode),I63.4,0.9725672006607056,,,,,
775,3,松弛性,flaccid,G81.0,0.9867963194847107,,,,,
775,3,先天性(大脑性),congenital (cerebral),G80.8,0.9728860855102539,,,,,
775,4,痉挛性,spastic,G80.2,0.9576146602630615,,,,,
775,3,新生儿 NEC,newborn NEC,P91.8,0.9782329201698303,,,,,
775,4,产伤性,birth injury,P11.9,0.9682193994522095,,,,,
775,3,血栓形成性(近期发生),thrombotic (current episode),I63.3,0.9735473394393921,,,,,
775,3,癔症性,hysterical,F44.4,0.9635831117630005,,,,,
775,2,偏头痛(特发性),"Hemicrania, Migraine, Megrim (idiopathic)",G43.9,0.9924662113189697,,,,,
775,3,伴有先兆(急性发病)(延长)(典型),with aura (acute-onset) (prolonged) (typical),G43.1,0.9769822359085083,,,,,
775,3,并发,complicated,G43.3,0.9912835359573364,,,,,
775,3,不伴有先兆,without aura,G43.0,0.9641844034194946,,,,,
775,3,典型,classical,G43.1,0.9869911670684814,,,,,
775,3,腹型,abdominal,G43.8,0.9878798723220825,,,,,
775,3,基底,basilar,G43.1,0.9919837713241577,,,,,
775,3,偏瘫性(家族性),hemiplegic (familial),G43.1,0.9864042401313782,,,,,
775,3,普通,common,G43.0,0.9533548951148987,,,,,
775,3,视网膜性,retinal,G43.8,0.9841798543930054,,,,,
775,3,特指的 NEC,specified NEC,G43.8,0.9807204008102417,,,,,
775,3,替代症,equivalent(s),G43.1,0.9429360628128052,,,,,
775,3,眼肌麻痹性,ophthalmoplegic,G43.8,0.9873499870300293,,,,,
775,3,意指偏侧,meaning migraine,G43.9,0.9849687814712524,,,,,
775,3,月经性,menstrual,N94.3,0.9287275075912476,,,,,
775,3,阵发性，慢性,"paroxysmal, chronic",G44.0,0.9826520681381226,,,,,
775,3,状态,status,G43.2,0.9276707172393799,,,,,
775,2,偏执(性)(型),Paranoid,,0.996460497379303,,,,,
775,3,痴呆(老年性),dementia (senile),F03,0.978748083114624,,,,,
775,4,早熟性(另见精神分裂症),praecox (see also Schizophrenia),F20.9,0.9720778465270996,,,,,
775,3,反应(急性),reaction (acute),F23.3,0.9755630493164062,,,,,
775,4,慢性,chronic,F22.0,0.9645299911499023,,,,,
775,3,精神病,psychosis,F22.0,0.9980804920196533,,,,,
775,4,更年期,"climacteric, involutional",F22.8,0.9446402788162231,,,,,
775,4,酒精中毒性,alcoholic,F10.5,0.9884571433067322,,,,,
775,4,绝经期,menopausal,F22.8,0.9452716112136841,,,,,
775,4,老年性,senile,F03,0.9525090456008911,,,,,
775,4,心因性(急性),psychogenic (acute),F23.3,0.9620074033737183,,,,,
775,3,精神分裂症,schizophrenia,F20.0,0.9925823211669922,,,,,
776,3,倾向,tendencies,F61,0.9378546476364136,,,,,
776,3,人格,personality,F60.0,0.9710286259651184,,,,,
776,3,特征,traits,F61,0.9749137759208679,,,,,
776,3,状态,state,F22.0,0.9951131343841553,,,,,
776,4,单纯性,simple,F22.0,0.9449859857559204,,,,,
776,4,更年期,climacteric,F22.8,0.962801456451416,,,,,
776,4,绝经期,menopausal,F22.8,0.9853470921516418,,,,,
776,4,老年性,senile,F03,0.9324229955673218,,,,,
776,4,特指的NEC,specified NEC,F22.8,0.9628557562828064,,,,,
776,4,退化,involution,F22.8,0.9827718734741211,,,,,
776,4,药物引起的-见F11-F19伴有第四位数.5,induced by drug - see F11-F19 with fourth character.5,,0.9869399666786194,,,,,
776,2,偏执狂,Paranoia,F22.0,0.9998905658721924,,,,,
776,1,pián 胼,,,0.9694593548774719,,,,,
776,2,胼胝(感染的),"Callositas, callosity, Callus (infected)",L84,0.9832141995429993,,,,,
776,2,胼胝形成(后天性),Tylosis (acquired),L84,0.9864423871040344,,,,,
776,3,舌,linguae,K13.2,0.9616121053695679,,,,,
776,3,掌跖(先天性)(遗传性),palmaris et plantaris (congenital) (inherited),Q82.8,0.9885790348052979,,,,,
776,4,后天性,acquired,L85.1,0.9871100783348083,,,,,
776,1,piàn 片,,,0.9324991703033447,,,,,
776,2,片山病[日本血吸虫病]或片山热,Katayama's disease or fever,B65.2,0.9980420470237732,,,,,
776,2,片形吸虫病,Fascioliasis,B66.3,0.9918686151504517,,,,,
776,1,piāo 漂,,,0.9360650777816772,,,,,
776,2,漂变[连续变异]，尺骨,"Drift, ulnar",M21.8,0.9887430667877197,,,,,
776,1,pín 贫,,,0.938299834728241,,,,,
776,2,贫穷 NEC,Poverty NEC,Z59.6,0.9733623266220093,,,,,
776,3,极度,extreme,Z59.5,0.9603399634361267,,,,,
776,2,贫血,Anemia,D64.9,0.9586631059646606,,,,,
776,3,埃及,Egyptian,B76.9+ D63.8*,0.9856075048446655,,,,,
776,3,艾迪生(-比尔默)[恶性贫血],Addison(-Biermer),D51.0,0.9849589467048645,,,,,
776,3,氨基酸缺乏,amino-acid-deficiency,D53.0,0.9716969132423401,,,,,
776,3,巴格达春季[溶血性贫血],Baghdad spring,D55.0,0.9944825768470764,,,,,
776,3,靶细胞,target cell,D64.8,0.9932076930999756,,,,,
777,3,伴有,with disorder of,,0.9931334257125854,,,,,
777,4,磷酸戊糖通道疾患,pentose phosphate pathway,D55.1,0.9945887327194214,,,,,
777,4,厌氧性糖分解疾患,anaerobic glycolysis,D55.2,0.9791133403778076,,,,,
777,3,半再生性,semiplastic,D61.8,0.9852327108383179,,,,,
777,3,比尔默[恶性贫血],Biermer's,D51.0,0.9678347110748291,,,,,
777,3,吡哆醇有效性,pyridoxine-responsive,D64.3,0.9901905655860901,,,,,
777,3,丙酮酸盐激酶缺乏,pyruvate kinase deficiency,D55.2,0.9647766351699829,,,,,
777,3,并发于妊娠、分娩或产褥期,"complicating pregnancy, childbirth or puerperium",O99.0,0.9810536503791809,,,,,
777,3,蚕豆病,favism,D55.0,0.9686091542243958,,,,,
777,3,产褥期,puerperal,O99.0,0.9526350498199463,,,,,
777,3,出血后(慢性),posthemorrhagic (chronic),D50.0,0.9901098012924194,,,,,
777,4,急性,acute,D62,0.9248181581497192,,,,,
777,4,新生儿,newborn,P61.3,0.9633225798606873,,,,,
777,3,出血性(慢性),hemorrhagic (chronic),D50.0,0.9754033088684082,,,,,
777,4,急性,acute,D62,0.8612270355224609,,,,,
777,3,纯红细胞,pure red cell,D60.9,0.9951561689376831,,,,,
777,4,先天性,congenital,D61.0,0.9670567512512207,,,,,
777,3,大红细胞性,macrocytic,D52.9,0.9965611696243286,,,,,
777,4,妊娠期或并发于妊娠的,of or complicating pregnancy,O99.0,0.9464685916900635,,,,,
777,4,热带,tropical,D52.8,0.9510549902915955,,,,,
777,4,营养性,nutritional,D52.0,0.9845801591873169,,,,,
777,3,大脑,cerebral,I67.8,0.9677459001541138,,,,,
777,3,戴克-杨型(继发性)(症状性),Dyke-Young type (secondary) (symptomatic),D59.1,0.9917739033699036,,,,,
777,3,戴蒙德-布莱克芬[先天性再生不良性贫血],Diamond-Blackfan,D61.0,0.98926842212677,,,,,
777,3,单纯性慢性,simple chronic,D53.9,0.9990140795707703,,,,,
777,3,蛋白缺乏性,protein-deficiency,D53.0,0.9758883118629456,,,,,
777,3,低色性,hypochromic,D50.9,0.9457575678825378,,,,,
777,4,家族性性连锁,familial sex-linked,D64.0,0.995425283908844,,,,,
777,4,铁粒幼细胞性，性连锁,"sideroblastic, sex-linked",D64.0,0.9906644225120544,,,,,
777,4,小红细胞性,microcytic,D50.8,0.9913886189460754,,,,,
777,4,正成红细胞性,normoblastic,D50.8,0.9887101650238037,,,,,
777,4,吡哆醇有效性,pyridoxine-responsive,D64.3,0.9820291996002197,,,,,
777,3,地中海,Mediterranean,D56.9,0.9752984046936035,,,,,
777,3,多色性,pleochromic,D64.8,0.9869810938835144,,,,,
777,4,口炎性腹泻的,of sprue,D52.8,0.9725257158279419,,,,,
777,3,恶性(先天性)(进行性),"malignant, pernicious (congenital) (progressive)",D51.0,0.9883168935775757,,,,,
777,4,妊娠期或并发于妊娠的,of or complicating pregnancy,O99.0,0.9678483605384827,,,,,
777,3,儿童期,childhood,D64.9,0.9866846799850464,,,,,
777,3,二相性,diphasic,D53.1,0.9788581728935242,,,,,
777,3,二形性,dimorphic,D53.1,0.9911285638809204,,,,,
778,3,发育不全性，红细胞,"hypoplasia, hypoplastic, red blood cells",D61.9,0.9964069724082947,,,,,
778,4,先天性或家族性,congenital or familial,D61.0,0.9593127369880676,,,,,
778,3,范科尼[先天性再生障碍性贫血],Fanconi's,D61.0,0.9979154467582703,,,,,
778,3,非典型性(原发性),atypical (primary),D64.9,0.9972314834594727,,,,,
778,3,非球形红细胞性溶血性-见贫血，溶血性，非球形红细胞性,"nonspherocytic hemolytic - see Anemia, hemolytic, nonspherocytic",,0.9935697317123413,,,,,
778,3,钩虫性,"brickmaker's, hookworm",B76.9+ D63.8*,0.9819985032081604,,,,,
778,3,谷胱甘肽还原酶缺乏,glutathione-reductase deficiency,D55.1,0.9775716066360474,,,,,
778,3,骨髓痨性,myelophthisic,D61.9,0.9419870972633362,,,,,
778,3,骨髓纤维化(M9960/1),myelofibrosis (M9960/1),D47.1+ D63.0*,0.9749839305877686,,,,,
778,3,骨髓增生性(M9960/1),myeloproliferative (M9960/1),D47.1,0.9769264459609985,,,,,
778,3,骨髓增生异常性(M9989/1),myelodysplastic (M9989/1),D46.9,0.9635451436042786,,,,,
778,3,骨硬化性,osteosclerotic,D64.8,0.9746330380439758,,,,,
778,3,赫里克(另见病，镰状细胞),"Herrick's (see also Disease, sickle-cell)",D57.1,0.9786199331283569,,,,,
778,3,红细胞生成不良性(先天性),dyserythropoietic (congenital),D64.4,0.9903087019920349,,,,,
778,3,红细胞性谷胱甘肽缺乏,erythrocytic glutathione deficiency,D55.1,0.9910510182380676,,,,,
778,3,极重度,profound,D64.9,0.9514480829238892,,,,,
778,3,己糖激酶缺乏,hexokinase deficiency,D55.2,0.9903880953788757,,,,,
778,3,脊髓病性,myelopathic,D64.8,0.952953577041626,,,,,
778,3,继发于,secondary to,,0.9715241193771362,,,,,
778,4,出血(慢性),hemorrhage (chronic),D50.0,0.9618125557899475,,,,,
778,5,急性,acute,D62,0.8964288234710693,,,,,
778,4,失血(慢性),blood loss (chronic),D50.0,0.9859268665313721,,,,,
778,5,急性,acute,D62,0.9179692268371582,,,,,
778,3,家族性幼红细胞性,familial erythroblastic,D56.1,0.9974194765090942,,,,,
778,3,结肠肠袋虫,Balantidium coli,A07.0,0.9706029891967773,,,,,
778,3,结核性,tuberculous,A18.8+ D63.8*,0.9689280986785889,,,,,
778,3,进行性,progressive,D64.9,0.9778305888175964,,,,,
778,3,巨红细胞性,megalocytic,D53.1,0.9644801020622253,,,,,
778,3,巨幼细胞性,megaloblastic,D53.1,0.9877220392227173,,,,,
778,4,妊娠期或并发于妊娠的,of or complicating pregnancy,O99.0,0.956350564956665,,,,,
778,4,乳清酸性酸尿症,orotic aciduria,D53.0,0.9896746873855591,,,,,
778,4,特指类型NEC,specified type NEC,D53.1,0.9708511829376221,,,,,
778,4,顽固性,refractory,D53.1,0.9705054759979248,,,,,
778,4,遗传性,hereditary,D51.1,0.9898896217346191,,,,,
778,4,营养性,nutritional,D52.0,0.9701016545295715,,,,,
778,3,绝对素食者,vegan,D51.3,0.998927116394043,,,,,
778,3,库利(幼红细胞性),Cooley's (erythroblastic),D56.1,0.9965628981590271,,,,,
778,3,矿工,miner's,B76.9+ D63.8*,0.9845501184463501,,,,,
778,3,莱德勒(溶血性),Lederer's (hemolytic),D59.1,0.9931763410568237,,,,,
778,3,联合性系统疾病NEC,combined system disease NEC,D51.0+ G32.0*,0.9672017097473145,,,,,
778,4,由于饮食性维生素B₁₂缺乏,due to dietary vitamin B12 deficiency,D51.3+ G32.0*,0.9818877577781677,,,,,
779,3,镰状细胞(另见病，镰状细胞),"drepanocytic, sickle-cell (see also Disease, sickle-cell)",D57.1,0.9755942225456238,,,,,
779,4,伴有危象,with crisis,D57.0,0.954976499080658,,,,,
779,3,列蒂-格雷皮-米凯利[微椭圆异形红细胞性贫血],Rietti-Greppi-Micheli,D56.9,0.9522728323936462,,,,,
779,3,裂头绦虫(裂头属),Diphyllobothrium (Dibothriocephalus),B70.0+ D63.8*,0.9907671213150024,,,,,
779,3,慢性单纯性,chronic simple,D53.9,0.9949983954429626,,,,,
779,3,梅毒性(后天性)(晚期),syphilitic (acquired) (late),A52.7+ D63.8*,0.969818651676178,,,,,
779,3,酶缺乏，药物性,"enzyme-deficiency, drug-induced",D59.2,0.9945966005325317,,,,,
779,3,脓毒性,septic,D64.8,0.9893012642860413,,,,,
779,3,疟疾性(另见疟疾),malarial (see also Malaria),B54+ D63.8*,0.9889616966247559,,,,,
779,3,脾性，脾大性,"splenic, splenomegalic",D64.8,0.9908404350280762,,,,,
779,3,葡萄糖-6-磷酸脱氢酶缺乏,glucose-6-phosphate dehydrogenase (G6PD) deficiency,D55.0,0.988490879535675,,,,,
779,3,球形包涵体，先天性,"Heinz body, congenital",D58.2,0.9947171807289124,,,,,
779,3,球形红细胞(遗传性)(另见球形红细胞增多症),spherocytic (hereditary) (see also Spherocytosis),D58.0,0.9889084696769714,,,,,
779,3,全身性,general,D64.9,0.9867877960205078,,,,,
779,3,缺乏,deficiency,D53.9,0.995776891708374,,,,,
779,4,"2,3-蝶酰谷氨酸","2,3-PG",D55.2,0.9189342856407166,,,,,
779,4,"2,3-二磷酸甘油酸变位酶(2,3-PG)","2,3-diphosphoglycerate mutase (2,3-PG)",D55.2,0.9728670716285706,,,,,
779,4,6-磷酸葡萄糖酸脱氢酶,"6-PGD, 6-phosphogluconate dehydrogenase",D55.1,0.9522586464881897,,,,,
779,4,氨基酸,amino-acid,D53.0,0.9621098041534424,,,,,
779,4,丙酮酸盐激酶,pyruvate kinase,D55.2,0.9740448594093323,,,,,
779,4,蛋白质,protein,D53.0,0.9450925588607788,,,,,
779,4,谷胱甘肽还原酶,"GGS-R, glutathione reductase",D55.1,0.9725285768508911,,,,,
779,4,红细胞性谷胱甘肽,erythrocytic glutathione,D55.1,0.9580219388008118,,,,,
779,4,还原型谷胱甘肽,GSH,D55.1,0.9641897082328796,,,,,
779,4,己糖激酶,hexokinase,D55.2,0.9871761202812195,,,,,
779,4,磷酸丙糖(同分)异构酶,triose-phosphate isomerase,D55.2,0.9842552542686462,,,,,
779,4,磷酸甘油醛脱氢酶,glyceraldehyde phosphate dehydrogenase,D55.2,0.9915695190429688,,,,,
779,4,磷酸甘油酸激酶,phosphoglycerate kinase,D55.2,0.9575023651123047,,,,,
779,4,磷酸果糖醛醇酶,phosphofructo-aldolase,D55.2,0.9895806908607483,,,,,
779,4,酶,enzyme,D55.9,0.9749592542648315,,,,,
779,5,核苷酸代谢酶,nucleotide metabolism,D55.3,0.9745730757713318,,,,,
779,4,葡萄糖-6-磷酸脱氢酶,glucose-6-phosphate dehydrogenase (G6PD),D55.0,0.9784144163131714,,,,,
779,5,糖酵解酶,glycolytic,D55.2,0.9994710087776184,,,,,
779,6,特指类型NEC,specified type NEC,D55.8,0.974178671836853,,,,,
779,5,药物性(溶血性),drug-induced (hemolytic),D59.2,0.9794448018074036,,,,,
779,5,与己糖-磷酸盐[HMP]分流途径有关的NEC,related to hexose monophosphate (HMP) shunt pathway NEC,D55.1,0.960500180721283,,,,,
779,4,葡萄糖-6-磷酸脱氢酶G6PD,"G6PD, glucose-6-phosphate dehydrogenase",D55.0,0.9686129093170166,,,,,
780,4,铁,iron,D50.9,0.9496656656265259,,,,,
780,5,继发于失血(慢性),secondary to blood loss (chronic),D50.0,0.9823490381240845,,,,,
780,4,维生素B₁₂,vitamin B12,D51.9,0.9324707388877869,,,,,
780,5,特指类型 NEC,specified type NEC,D51.8,0.9493528008460999,,,,,
780,5,饮食,dietary,D51.3,0.9785205125808716,,,,,
780,3,由于,due to,,0.99677973985672,,,,,
780,3,内在因子缺乏,intrinsic factor deficiency,D51.0,0.9639785885810852,,,,,
780,4,选择性维生素B₁₂吸收不良伴有蛋白尿,selective vitamin B12 malabsorption with proteinuria,D51.1,0.9886408448219299,,,,,
780,4,叶酸，叶酸盐,"folic acid, folate",D52.9,0.9964168667793274,,,,,
780,5,药物性,drug-induced,D52.1,0.9729511141777039,,,,,
780,5,饮食,dietary,D52.0,0.892856776714325,,,,,
780,3,营养性,nutritional,D53.9,0.9296813607215881,,,,,
780,5,伴有,with,,0.8075246810913086,,,,,
780,6,特指的缺乏NEC,specified deficiency NEC,D53.8,0.9613177180290222,,,,,
780,6,铁质吸收不良,poor iron absorption,D50.8,0.9754623770713806,,,,,
780,4,转钴胺素Ⅱ,transcobalamin II,D51.2,0.9865766167640686,,,,,
780,3,缺铁性(顽固性),sideropenic (refractory),D50.9,0.9778435826301575,,,,,
780,3,热带,tropical,B76.9+ D63.8*,0.9792107343673706,,,,,
780,4,大红细胞性,macrocytic,D52.8,0.970951497554779,,,,,
780,3,妊娠期或并发于妊娠的,of or complicating pregnancy,O99.0,0.976811408996582,,,,,
780,4,影响到胎儿或新生儿,affecting fetus or newborn,P00.8,0.9910311698913574,,,,,
780,3,溶血性,hemolytic,D58.9,0.948145866394043,,,,,
780,4,急性,acute,D59.9,0.9462441205978394,,,,,
780,5,莱德勒,Lederer's,D59.1,0.9523563385009766,,,,,
780,5,胎儿或新生儿(另见病，溶血性),"fetus or newborn (see also Disease, hemolytic)",P55.9,0.9677810072898865,,,,,
780,5,由于酶缺乏，特指类型NEC,due to enzyme deficiency specified type NEC,D55.8,0.9654136896133423,,,,,
780,4,慢性,chronic,D58.9,0.9302589297294617,,,,,
780,5,特发性,idiopathic,D59.9,0.9226773381233215,,,,,
780,4,非球形红细胞性,nonspherocytic,,0.9289186000823975,,,,,
780,5,Ⅰ型,type I,D55.1,0.9047272801399231,,,,,
780,5,Ⅱ型,type II,D55.2,0.9512159824371338,,,,,
780,5,先天性或遗传性 NEC,congenital or hereditary NEC,D55.8,0.9813823699951172,,,,,
780,6,Ⅰ型I,type I,D55.1,0.9381829500198364,,,,,
780,6,Ⅱ型,type II,D55.2,0.964439868927002,,,,,
780,3,丙酮酸盐激酶缺乏,pyruvate kinase deficiency,D55.2,0.9266994595527649,,,,,
780,3,葡萄糖-6-磷酸脱氢酶缺乏,glucose-6-phosphate dehydrogenase deficiency,D55.0,0.994955837726593,,,,,
780,4,非自身免疫性,nonautoimmune,D59.4,0.9608893990516663,,,,,
780,5,药物性,drug-induced,D59.2,0.9937853217124939,,,,,
781,4,后天性,acquired,D59.9,0.9502862691879272,,,,,
781,5,伴有血红蛋白尿NEC,with hemoglobinuria NEC,D59.6,0.9484460949897766,,,,,
781,5,传染性,infectious,D59.4,0.9664471745491028,,,,,
781,5,非自身免疫性NEC,non-autoimmune NEC,D59.4,0.9809569120407104,,,,,
781,4,药物性,drug-induced,D54.2,0.9658550024032593,,,,,
781,5,特指类型NEC,specified type NEC,D59.8,0.99408358335495,,,,,
781,5,中毒性,toxic,D59.4,0.9638572335243225,,,,,
781,5,自身免疫性 NEC,autoimmune NEC,D59.1,0.9627347588539124,,,,,
781,4,机械性,mechanical,D59.4,0.9784725904464722,,,,,
781,4,继发性,secondary,D59.4,0.9547408223152161,,,,,
781,4,自身免疫性,autoimmune,D59.1,0.9662490487098694,,,,,
781,4,药物性,drug-induced,D59.0,0.9555908441543579,,,,,
781,4,家族性,familial,D58.9,0.9783452749252319,,,,,
781,4,冷型(继发性)(症状性),cold type (secondary) (symptomatic),D59.1,0.959711492061615,,,,,
781,4,斯特兰斯基-里加拉型(另见血红蛋白病),Stransky-Regala type (see also Hemoglobinopathy),D58.2,0.9766029119491577,,,,,
781,4,特发性(慢性),idiopathic (chronic),D59.9,0.9697160124778748,,,,,
781,4,特指的(遗传性)类型 NEC,specified (hereditary) type NEC,D58.8,0.9754381775856018,,,,,
781,4,微血管病性,microangiopathic,D59.4,0.9915869235992432,,,,,
781,4,温型(继发性)(症状性),warm type (secondary) (symptomatic),D59.1,0.9910767674446106,,,,,
781,4,先天性(球形红细胞)(另见球形红细胞增多症),congenital (spherocytic) (see also Spherocytosis),D58.0,0.9660513997077942,,,,,
781,4,遗传性,hereditary,D58.9,0.9795130491256714,,,,,
781,5,特指类型 NEC,specified type NEC,D58.8,0.9611906409263611,,,,,
781,5,由于酶障碍,due to enzyme disorder,D55.9,0.9681686758995056,,,,,
781,6,特指类型NEC,specified type NEC,D55.8,0.9465957880020142,,,,,
781,4,由于,due to,,0.7928117513656616,,,,,
781,5,存在血管分流或其他内脏假体装置,presence of shunt or other internal prosthetic device,D59.4,0.981825053691864,,,,,
781,5,酶障碍,enzyme disorder,D55.9,0.9514819979667664,,,,,
781,5,药物性,drug-induced,D59.2,0.9751773476600647,,,,,
781,5,心脏情况,cardiac conditions,D59.4,0.9747441411018372,,,,,
781,5,药物(非自身免疫性),drugs (nonautoimmune),D59.2,0.9917243719100952,,,,,
781,6,自身免疫性,autoimmune,D59.0,0.9877358675003052,,,,,
781,4,症状性,symptomatic,D59.4,0.9753621220588684,,,,,
781,5,自身免疫性,autoimmune,D59.1,0.977923572063446,,,,,
781,4,中毒性NEC,toxic NEC,D59.4,0.9738081097602844,,,,,
781,4,自身免疫性,autoimmune,D59.1,0.9958718419075012,,,,,
781,5,药物性,drug-induced,D59.0,0.9939207434654236,,,,,
781,3,乳清酸尿性,orotaciduric,D53.0,0.9988205432891846,,,,,
781,3,山羊乳(喂养性),goat's milk,D52.0,0.9778552651405334,,,,,
782,3,失利用性,achrestic,D53.1,0.9810677766799927,,,,,
782,3,髓细胞性,myelogenous,D64.8,0.9946708679199219,,,,,
782,3,胎儿或新生儿,fetus or newborn,P61.4,0.9844850301742554,,,,,
782,4,胎儿失血后的,following fetal blood loss,P61.3,0.974075973033905,,,,,
782,4,由于,due to,,0.8170326352119446,,,,,
782,5,ABO(抗体)(同种免疫)(母体/胎儿血型不配合),ABO(antibodies) (isoimmunization) (maternal/fetal incompatibility),P55.1,0.973615825176239,,,,,
782,5,Rh(抗体)(同种免疫)(母体/胎儿血型不配合),Rh (antibodies) (isoimmunization) (maternal/fetal incompatibility),P55.0,0.9743832349777222,,,,,
782,3,特发性,"essential, idiopathic",D64.9,0.9947101473808289,,,,,
782,4,溶血性，慢性,"hemolytic, chronic",D59.9,0.989220917224884,,,,,
782,4,再生障碍性,aplastic,D61.3,0.9460427761077881,,,,,
782,3,特指类型NEC,specified type NEC,D64.8,0.9719319343566895,,,,,
782,3,铁粒幼细胞性,sideroblastic,D64.3,0.9724366068840027,,,,,
782,4,低色性，性连锁,"hypochromic, sex-linked",D64.0,0.9832577705383301,,,,,
782,4,继发性(由于),secondary (due to),,0.9221795201301575,,,,,
782,5,病,disease,D64.1,0.9011688232421875,,,,,
782,5,药物和中毒,drugs and toxins,D64.2,0.9802635312080383,,,,,
782,4,特指类型NEC,specified type NEC,D64.3,0.9870643615722656,,,,,
782,4,遗传性,hereditary,D64.0,0.9701470136642456,,,,,
782,4,吡哆醇有效性NEC,pyridoxine-responsive NEC,D64.3,0.9956617951393127,,,,,
782,3,铁缺乏性,"asiderotic, iron deficiency",D50.9,0.9886016845703125,,,,,
782,4,继发于失血(慢性),secondary to blood loss (chronic),D50.0,0.9810540080070496,,,,,
782,4,特指类型NEC,specified type NEC,D50.8,0.9917880892753601,,,,,
782,3,椭圆形红细胞增多症(另见椭圆形红细胞增多症),elliptocytosis (see also Elliptocytosis),D58.1,0.961185097694397,,,,,
782,3,顽固性(M9980/1),refractory (M9980/1),D46.4,0.9836987853050232,,,,,
782,4,伴有,with,,0.8572632074356079,,,,,
782,5,胚细胞过多(M9983/1),excess of blasts (M9983/1),D46.2,0.9784713983535767,,,,,
782,5,伴有转化中的(M9984/1),with transformation (M9984/1),D46.3,0.9788063764572144,,,,,
782,4,铁粒幼细胞(M9982/1),sideroblasts (M9982/1),D46.1,0.9788013100624084,,,,,
782,5,血色病(M9982/1),hemochromatosis (M9982/1),D46.1,0.9862435460090637,,,,,
782,4,不伴有铁粒幼细胞(M9981/1),without sideroblasts (M9981/1),D46.0,0.9860677123069763,,,,,
782,4,缺铁性,sideropenic,D50.8,0.9771908521652222,,,,,
782,4,铁粒幼细胞性(M9982/1),sideroblastic (M9982/1),D46.1,0.9855338931083679,,,,,
782,3,威茨,Witts',D50.8,0.9683767557144165,,,,,
782,3,微椭圆异形红细胞性(列蒂-格雷皮-米凯利),microelliptopoikilocytic (Rietti-Greppi-Micheli),D56.9,0.98662269115448,,,,,
782,3,维生素B₆有效性,vitamin B6-responsive,D64.3,0.9659404158592224,,,,,
782,3,维生素C缺乏性,scorbutic,D53.2,0.9964888095855713,,,,,
782,3,萎黄病性,chlorotic,D50.8,0.99601811170578,,,,,
782,3,胃酸缺乏性,achlorhydric,D50.8,0.9923268556594849,,,,,
783,3,先天性,congenital,P61.4,0.9840682744979858,,,,,
783,4,海因茨小体[球形包涵体],Heinz body,D58.2,0.9869387149810791,,,,,
783,4,红细胞生成不良性，造血不良性,"dyserythropoietic, dyshematopoietic",D64.4,0.9725913405418396,,,,,
783,4,胎儿失血后,following fetal blood loss,P61.3,0.9669896364212036,,,,,
783,4,遗传性溶血性 NEC,hereditary hemolytic NEC,D58.9,0.9577108025550842,,,,,
783,4,由于同种免疫NEC,due to isoimmunization NEC,P55.9,0.9765491485595703,,,,,
783,3,小红细胞性,microcytic,D50.8,0.9754853844642639,,,,,
783,4,低色性,hypochromic,D50.8,0.9567661285400391,,,,,
783,4,家族性,familial,D56.8,0.9631310701370239,,,,,
783,4,由于失血(慢性),due to blood loss (chronic),D50.0,0.9659282565116882,,,,,
783,5,急性,acute,D62,0.9305464029312134,,,,,
783,3,新生儿,newborn,P61.4,0.9890273213386536,,,,,
783,4,出血后(胎儿),posthemorrhagic (fetal),P61.3,0.9410876631736755,,,,,
783,3,新生儿假白血病性,pseudoleukemica infantum,D64.8,0.9838958382606506,,,,,
783,3,血红蛋白缺乏,hemoglobin deficiency,D64.9,0.9649171829223633,,,,,
783,3,血小板减少性(另见血小板减少),thrombocytopenic (see also Thrombocytopenia),D69.6,0.9889121055603027,,,,,
783,3,压迫性,pressure,D64.8,0.9979848265647888,,,,,
783,3,雅克什[婴儿假白血病性贫血],von Jaksch's,D64.8,0.9785841107368469,,,,,
783,3,叶酸盐(叶酸)缺乏,folate (folic acid) deficiency,D52.9,0.9818311929702759,,,,,
783,3,婴儿,infantile,D64.9,0.995093822479248,,,,,
783,3,营养(缺乏)性,nutritional (deficiency),D53.9,0.9762967228889465,,,,,
783,4,伴有铁质吸收不良,with poor iron absorption,D50.8,0.9926638603210449,,,,,
783,4,巨幼细胞性,megaloblastic,D52.0,0.9889257550239563,,,,,
783,4,特指的NEC,specified NEC,D53.8,0.9725639224052429,,,,,
783,3,营养不良,malnutrition,D53.9,0.9907511472702026,,,,,
783,3,由于,due to,,0.976972758769989,,,,,
783,4,出血(慢性),hemorrhage (chronic),D50.0,0.9588517546653748,,,,,
783,5,急性,acute,D62,0.9365684986114502,,,,,
783,4,酶障碍,enzyme disorder,D55.9,0.9917087554931641,,,,,
783,4,粘液水肿,myxedema,E03.9+ D63.8*,0.984384298324585,,,,,
783,4,缺乏,deficiency,,0.9322983026504517,,,,,
783,5,氨基酸,amino-acid,D53.0,0.9826725125312805,,,,,
783,5,蛋白,protein,D53.0,0.9125461578369141,,,,,
783,5,钼,molybdenum,D53.8,0.9392231702804565,,,,,
783,5,铜,copper,D53.8,0.9116973876953125,,,,,
783,5,锌,zinc,D53.8,0.9488590955734253,,,,,
783,5,叶酸盐(叶酸),folate (folic acid),D52.9,0.9759237170219421,,,,,
783,6,药物性,drug-induced,D52.1,0.9386364221572876,,,,,
783,6,饮食,dietary,D52.0,0.9264513850212097,,,,,
783,4,失血(慢性),loss of blood (chronic),D50.0,0.982725203037262,,,,,
783,5,急性,acute,D62,0.906604528427124,,,,,
783,4,胎儿失血,fetal blood loss,P61.3,0.9441070556640625,,,,,
784,4,紊乱,disorder of,,0.9070340394973755,,,,,
784,5,谷胱甘肽代谢,glutathione metabolism,D55.1,0.9881851673126221,,,,,
784,5,核苷酸代谢,nucleotide metabolism,D55.3,0.9724140167236328,,,,,
784,4,选择性维生素B₁₂吸收不良伴有蛋白尿,selective vitamin B12 malabsorption with proteinuria,D51.1,0.9708447456359863,,,,,
784,4,饮食性维生素B₁₂缺乏,dietary vitamin B12 deficiency,D51.3,0.9641233086585999,,,,,
784,4,早产,prematurity,P61.2,0.9506485462188721,,,,,
784,4,转钴胺素Ⅱ缺乏,transcobalamin II deficiency,D51.2,0.9499297142028809,,,,,
784,3,幼白红细胞性,leukoerythroblastic,D64.8,0.9850596189498901,,,,,
784,3,幼红细胞性,erythroblastic,,0.9810734987258911,,,,,
784,4,家族性,familial,D56.1,0.9863494634628296,,,,,
784,4,胎儿或新生儿(另见病，溶血性),"fetus or newborn (see also Disease, hemolytic)",P55.9,0.9608361721038818,,,,,
784,4,童年的,of childhood,D56.1,0.9617689251899719,,,,,
784,3,原发性,primary,D64.9,0.9868872165679932,,,,,
784,3,再生障碍性,aplastic,D61.9,0.9779893159866333,,,,,
784,4,红细胞(单纯性),red cell (pure),D60.9,0.9812737703323364,,,,,
784,5,短暂性,transient,D60.1,0.9806108474731445,,,,,
784,5,慢性,chronic,D60.0,0.9722024202346802,,,,,
784,5,特指类型NEC,specified type NEC,D60.8,0.9619134068489075,,,,,
784,5,先天性,congenital,D61.0,0.9297330379486084,,,,,
784,4,特发性,idiopathic,D61.3,0.9734693765640259,,,,,
784,4,特指类型NEC,specified type NEC,D61.8,0.9889741539955139,,,,,
784,4,体质性,constitutional,D61.0,0.9891494512557983,,,,,
784,4,先天性,congenital,D61.0,0.9805575609207153,,,,,
784,4,药物性,drug-induced,D61.1,0.9768847227096558,,,,,
784,4,由于,due to,,0.7844210267066956,,,,,
784,5,辐射,radiation,D61.2,0.9416652917861938,,,,,
784,5,感染,infection,D61.2,0.9848223924636841,,,,,
784,5,外因 NEC,external agents NEC,D61.2,0.9594330787658691,,,,,
784,5,药物,drugs,D61.1,0.9420072436332703,,,,,
784,4,中毒性,toxic,D61.2,0.9615106582641602,,,,,
784,3,早产的,of prematurity,P61.2,0.9459579586982727,,,,,
784,3,造血不良性(先天性),dyshematopoietic (congenital),D64.4,0.9877304434776306,,,,,
784,3,增生低下性(折射性),hypoproliferative (refractive),D61.9,0.9907798767089844,,,,,
784,3,沼泽(另见疟疾),"marsh, paludal (see also Malaria)",B54+ D63.8*,0.9889377951622009,,,,,
784,3,正常红细胞性(感染),normocytic (infection),D64.9,0.9643949270248413,,,,,
784,4,骨髓痨性,myelophthisic,D61.9,0.9416615962982178,,,,,
784,4,由于(慢性)失血,due to blood loss (chronic),D50.0,0.9273051023483276,,,,,
784,5,急性,acute,D62,0.8850465416908264,,,,,
784,3,中毒性,toxic,D61.2,0.9911326169967651,,,,,
784,3,肿瘤疾病引起的NEC(M8000/1)(另见 肿瘤),in neoplastic disease NEC (M8000/1) (see also Neoplasm),D48.9+ D63.0*,0.9646607041358948,,,,,
784,3,珠蛋白生成障碍性[地中海贫血],thalassemia,D56.9,0.9669470191001892,,,,,
785,1,pǐn 品,,,,,,,,
785,2,品他病,"Carate, Pinta",A67.9,0.9782084226608276,,,,,
785,3,白斑,vitiligo,A67.2,0.9542219638824463,,,,,
785,3,红斑,erythematous plaques,A67.1,0.94898521900177,,,,,
785,3,角化过度,hyperkeratosis,A67.1,0.9629329442977905,,,,,
785,3,浓染性损害,hyperchromic lesions,A67.1,0.9457006454467773,,,,,
785,3,皮肤损害(无色性)(瘢痕性)(变色性),skin lesions (achromic) (cicatricial) (dyschromic),A67.2,0.9875234365463257,,,,,
785,4,混合性(无色性和浓染性),mixed (achromic and hyperchromic),A67.3,0.9930006861686707,,,,,
785,4,浓染性,hyperchromic,A67.1,0.958918571472168,,,,,
785,3,丘疹(初期),papule (primary),A67.0,0.9844484329223633,,,,,
785,3,损害,lesions,A67.9,0.9828053712844849,,,,,
785,4,初期,primary,A67.0,0.9838019609451294,,,,,
785,4,中期,intermediate,A67.1,0.9730878472328186,,,,,
785,4,晚期,late,A67.2,0.9650378823280334,,,,,
785,4,混合性,mixed,A67.3,0.9848650693893433,,,,,
785,4,浓染性,hyperchromic,A67.1,0.9740085601806641,,,,,
785,4,皮肤(无色性)(瘢痕性)(变色性),skin (achromic) (cicatricial) (dyschromic),A67.2,0.9639477729797363,,,,,
785,5,混合性(无色性和浓染性),mixed (achromic and hyperchromic),A67.3,0.9728953838348389,,,,,
785,5,浓染性,hyperchromic,A67.1,0.9928659200668335,,,,,
785,4,心血管性,cardiovascular,A67.2+ I98.1*,0.9638404846191406,,,,,
785,3,下疳(初期),chancre (primary),A67.0,0.9715690612792969,,,,,
785,3,心血管损害,cardiovascular lesions,A67.2+ I98.1*,0.9677014946937561,,,,,
785,2,品他疹,Pintids,A67.1,0.9565575122833252,,,,,
785,2,品行障碍 - 见 障碍，品行,"Conduct disorder - see Disorder, conduct",,0.9309172034263611,,,,,
785,1,píng 平,,,0.9230255484580994,,,,,
785,2,平-见扁平,Flat,,0.9979316592216492,,,,,
785,2,平堡瘤(M9340/0),Pindborg tumor (M9340/0),D16.5,0.9972076416015625,,,,,
785,3,上颌(骨)(M9340/0),upper jaw (bone) (M9340/0),D16.4,0.9873313903808594,,,,,
785,2,平滑肌瘤(M8890/0)-另见肿瘤，结缔组织，良性,"Leiomyoma (M8890/0) - see also Neoplasm, connective tissue, benign",,0.9832743406295776,,,,,
785,3,奇异性(M8893/0)-见肿瘤，结缔组织，良性,"bizarre (M8893/0) - see Neoplasm, connective tissue, benign",,0.9805275797843933,,,,,
785,3,上皮样(M8891/0)-见肿瘤，结缔组织，良性,"epithelioid (M8891/0) - see Neoplasm, connective tissue, benign",,0.9801711440086365,,,,,
785,3,细胞性(M8892/0)-见肿瘤，结缔组织，良性,"cellular (M8892/0) - see Neoplasm, connective tissue, benign",,0.9746208190917969,,,,,
785,3,血管性(M8894/0)-见肿瘤，结缔组织，良性,"vascular (M8894/0) - see Neoplasm, connective tissue, benign",,0.9792709350585938,,,,,
785,3,子宫(颈)(体),uterus (cervix) (corpus),D25.9,0.9849932193756104,,,,,
785,4,壁内,intramural,D25.1,0.9517195224761963,,,,,
785,4,浆膜下层,subserosal,D25.2,0.9474878311157227,,,,,
785,4,粘膜下,submucous,D25.0,0.942903995513916,,,,,
786,2,平滑肌瘤病(血管内)(M8890/1)-见肿瘤，结缔组织，动态未定,"Leiomyomatosis (intravascular) (M8890/1) - see Neoplasm, connective tissue, uncertain behavior",,0.9937067627906799,,,,,
786,2,平滑肌肉瘤(M8890/3)-另见肿瘤，结缔组织，恶性,"Leiomyosarcoma (M8890/3) - see also Neoplasm, connective tissue, malignant",,0.9846401810646057,,,,,
786,3,粘液样(M8896/3)-见肿瘤，结缔组织，恶性,"myxoid (M8896/3) - see Neoplasm, connective tissue, malignant",,0.9795643091201782,,,,,
786,3,上皮样(M8891/3)-见肿瘤，结缔组织，恶性,"epithelioid (M8891/3) - see Neoplasm, connective tissue, malignant",,0.9837997555732727,,,,,
786,2,平滑肌纤维瘤(M8890/0)-另见肿瘤，结缔组织，良性,"Leiomyofibroma (M8890/0) - see also Neoplasm, connective tissue, benign",,0.9802678227424622,,,,,
786,3,子宫(颈)(体),uterus (cervix) (corpus),D25.9,0.9808427095413208,,,,,
786,2,平滑纤维肌瘤(M8890/0)-另见平滑肌瘤,Leiofibromyoma (M8890/0) – see also Leiomyoma,,0.9750098586082458,,,,,
786,3,子宫(颈)(体)-见平滑肌瘤，子宫,"uterus (cervix) (corpus) – see Leiomyoma, uterus",,0.9803709983825684,,,,,
786,2,平库斯病(光泽苔藓),Pinkus' disease (lichen nitidus),L44.1,0.9983720183372498,,,,,
786,1,píng 评,,,0.9691455960273743,,,,,
786,2,评价(为),Evaluation (for) (of),,0.9894871711730957,,,,,
786,3,儿童迅速生长期,period of rapid growth in childhood,Z00.2,0.9802383184432983,,,,,
786,3,发育状态,development state,,0.9959798455238342,,,,,
786,4,儿童迅速生长期,periodof rapid growth in childhood,Z00.2,0.9524135589599609,,,,,
786,4,青春期,puberty,Z00.3,0.9634943604469299,,,,,
786,4,青少年,adolescent,Z00.3,0.9806456565856934,,,,,
786,4,婴儿或儿童,infant or child,Z00.1,0.9933481216430664,,,,,
786,3,精神卫生(状态),mental health (status),Z00.4,0.9742337465286255,,,,,
786,4,接受权威机构要求的,requested by authority,Z04.6,0.969287097454071,,,,,
786,3,可疑情况(另见观察),suspected condition (see also Observation),Z03.9,0.9876558780670166,,,,,
786,3,生长和发育状态(迅速生长期),growth and developmental state (period of rapid growth),Z00.2,0.9744749069213867,,,,,
786,4,儿童,child,Z00.1,0.9787306189537048,,,,,
786,1,píng 苹,,,0.9402050971984863,,,,,
786,2,苹果皮综合征,Apple peel syndrome .,Q41.1,0.999957263469696,,,,,
786,1,pò 迫,,,0.9998059272766113,,,,,
786,2,迫害,Persecution,,0.9987591505050659,,,,,
786,3,社会,social,Z60.5,0.991338849067688,,,,,
786,3,妄想,delusion (of),F22.0,0.922537088394165,,,,,
786,1,pò 破,,,0.9998068809509277,,,,,
786,2,破产引起焦虑,"Bankruptcy, anxiety concerning",Z59.8,0.9929580688476562,,,,,
786,2,破骨细胞瘤(M9250/1),Osteoclastoma (M9250/1),D48.0,0.9983476400375366,,,,,
786,3,恶性(M9250/3)-见肿瘤，骨，恶性,"malignant (M9250/3) – see Neoplasm, bone, malignant",,0.9768614768981934,,,,,
787,2,破坏(性)(另见损害),"Destruction, destructive (see also Damage)",,0.9930902123451233,,,,,
787,3,鼻中隔,septum (nasal),J34.8,0.9496451616287231,,,,,
787,3,骨,bone,M89.8,0.9944923520088196,,,,,
787,4,梅毒性,syphilitic,A52.7+ M90.2*,0.9507433772087097,,,,,
787,3,鼓室，鼓膜(非创伤性),"tympanum, tympanic membrane (nontraumatic)",H73.8,0.9884176850318909,,,,,
787,3,关节，关节小面,"joint, articular facet",M24.8,0.9909444451332092,,,,,
787,4,骶髂,sacroiliac,M53.3,0.9503881931304932,,,,,
787,4,膝,knee,M23.8,0.957949161529541,,,,,
787,4,椎骨(另见脊椎关节强硬),vertebra (see also Spondylosis),M47.9,0.9773939847946167,,,,,
787,3,活胎儿[毁胎]以促进(母体)分娩,live fetus to facilitate delivery (mother),O83.4,0.9927897453308105,,,,,
787,4,对胎儿,fetus,P03.8,0.9914884567260742,,,,,
787,3,手术[毁胎术]以促进分娩,operation to facilitate delivery,O83.4,0.9934960603713989,,,,,
787,3,直肠括约肌,rectal sphincter,K62.8,0.9746198654174805,,,,,
787,3,椎骨盘-见变性，椎间盘,"vertebral disk - see Degeneration, intervertebral disk.",,0.9914571642875671,,,,,
787,2,破坏性胎块(M9100/1),Mola destruens (M9100/1),D39.2,0.9984835982322693,,,,,
787,2,破裂,"Disruption, Rupture, ruptured",,0.9999234676361084,,,,,
787,3,瓣膜(心脏)-见心内膜炎,"valve, valvular (heart) - see Endocarditis",,0.9873737692832947,,,,,
787,3,半月软骨，膝,"semilunar cartilage, knee",S83.2,0.9892574548721313,,,,,
787,3,边缘窦(胎盘)(伴有出血),marginal sinus (placental) (with hemorrhage),O46.8,0.9835789203643799,,,,,
787,4,伴有前置胎盘,with placenta previa,O44.1,0.9421035051345825,,,,,
787,5,影响到胎儿或新生儿,affecting fetus or newborn,P02.0,0.9785470962524414,,,,,
787,4,影响到胎儿或新生儿,affecting fetus or newborn,P02.1,0.9455210566520691,,,,,
787,3,扁桃体,tonsil,J35.8,0.9836252331733704,,,,,
787,3,肠NEC(非创伤性),"bowel, intestine'NEC (nontraumatic) .",K63,0.9800742268562317,,,,,
787,4,产伤,obstetric trauma,O71.5,0.9437296986579895,,,,,
787,4,创伤性,traumatic,S36.9,0.9879337549209595,,,,,
787,4,胎儿或新生儿,fetus or newborn,P78.0,0.9405339360237122,,,,,
787,3,肠系膜(非创伤性),mesentery (nontraumatic),K66.8,0.9882185459136963,,,,,
787,3,耻骨联合,symphysis pubis,,0.9809815883636475,,,,,
787,4,产科性,obstetric,O71.6,0.9288824200630188,,,,,
787,4,创伤性,traumatic,S33.4,0.9818302392959595,,,,,
787,3,处女膜(无意的)(非创伤性),hymen (nonintentional) (nontraumatic),N89.8,0.9821275472640991,,,,,
787,3,创伤性,traumatic,,0.943205714225769,,,,,
787,4,耻骨联合,symphysis pubis,S33.4,0.9738042950630188,,,,,
787,4,肝,liver,S36.1,0.921194314956665,,,,,
787,4,膈,diaphragm,S27.8,0.9776190519332886,,,,,
787,4,鼓膜，鼓室(膜),"membrana tympani, tympanum, tympanic (membrane)",S09.2,0.9861536026000977,,,,,
787,4,踝韧带,ankle ligament,S93.2,0.9463445544242859,,,,,
787,4,肌肉或肌腱-见损伤，肌,"muscle or tendon - see Injury, muscle",,0.9582065343856812,,,,,
787,4,内部器官-见损伤，按部位,"internal organ - see Injury, by site",,0.9640409350395203,,,,,
787,4,脾,spleen,S36.0,0.9539077877998352,,,,,
788,4,韧带(另见扭伤),ligament (see also Sprain),T14.3,0.9816685914993286,,,,,
788,5,尺侧副,ulnar collateral,S53.3,0.9328873753547668,,,,,
788,5,尺腕,ulnocarpal,S63.3,0.9381387829780579,,,,,
788,5,副(手),collateral (hand),S63.4,0.9716392755508423,,,,,
788,6,腕,wrist,S63.3,0.9514055848121643,,,,,
788,5,桡侧副,radial collateral,S53.2,0.9346059560775757,,,,,
788,5,桡腕,radiocarpal,S63.3,0.9502475261688232,,,,,
788,5,腕(副),wrist (collateral),S63.3,0.9602693319320679,,,,,
788,5,腕骨(桡腕)(尺腕),carpus (radiocarpal) (ulnocarpal),S63.3,0.958584725856781,,,,,
788,5,掌,palmar,S63.4,0.9290105104446411,,,,,
788,5,掌指和指间关节处的手指(副)(掌)(掌板),finger at metacarpo-and interphalangeal joint(s) (collateral) (palmar) (volar plate),S63.4,0.9547783732414246,,,,,
788,5,足,foot,S93.2,0.8257691264152527,,,,,
788,4,肾,kidney,S37.0,0.9616193175315857,,,,,
788,4,输尿管,ureter,S37.1,0.9562466740608215,,,,,
788,4,外部-见伤口，开放性，按部位,"external site - see Wound, open, by site",,0.9756549596786499,,,,,
788,4,胃,stomach,S36.3,0.9088156223297119,,,,,
788,4,眼(另见破裂，眼),"eye (see also Rupture, eye)",S05.3,0.9842671155929565,,,,,
788,4,胰腺,pancreas,S36.2,0.9819343090057373,,,,,
788,4,乙状结肠,sigmoid,S36.5,0.9837828278541565,,,,,
788,4,阴道,vagina,S31.4,0.9731655716896057,,,,,
788,4,直肠,rectum,S36.6,0.9643834233283997,,,,,
788,4,主动脉(胸),aorta (thoracic),S25.0,0.9816256165504456,,,,,
788,5,腹,abdominal,S35.0,0.9679440259933472,,,,,
788,4,椎间盘,intervertebral disk,T09.2,0.9918014407157898,,,,,
788,5,颈,cervical,S13.0,0.9503309726715088,,,,,
788,5,胸,thoracic,S23.0,0.9600052833557129,,,,,
788,5,腰,lumbar,S33.0,0.9483941197395325,,,,,
788,4,子宫,uterus,S37.6,0.8878661394119263,,,,,
788,3,大脑动脉瘤(先天性)(见出血，蛛网膜下),"cerebral aneurysm (congenital) (see Hemorrhage, subarachnoid)",,0.9949619770050049,,,,,
788,3,胆囊，胆囊管,"gallbladder, cystic duct",K82.2,0.9830276966094971,,,,,
788,3,胆总管(肝总管),bile duct (common) (hepatic),K83.2,0.9756767153739929,,,,,
788,3,动静脉瘘，脑,"arteriovenous fistula, brain",I60.8,0.9807291626930237,,,,,
788,3,动脉,artery,I77.2,0.9616725444793701,,,,,
788,4,创伤性(并发症)(另见损伤，血管),"traumatic (complication) (see also Injury, blood vessel)",T14.5,0.9956611394882202,,,,,
788,4,肺,pulmonary,I28.8,0.9401493072509766,,,,,
788,4,冠状(另见梗死，心肌),"coronary (see also Infarct, myocardium)",I21.9,0.9638348817825317,,,,,
788,4,脑(另见出血，脑内),"brain (see also Hemorrhage, intracerebral)",I61.9,0.9272801876068115,,,,,
788,4,心脏(另见梗死，心肌),"heart (see also Infarct, myocardium)",I21.9,0.9390406012535095,,,,,
788,3,动脉瘤 -见动脉瘤,aneurysm - see Aneurysm,,0.9318093061447144,,,,,
789,3,耳鼓(非创伤性)(另见穿孔，鼓膜),"ear drum (nontraumatic) (see also Perforation, tympanic membrane)",H72.9,0.9888646006584167,,,,,
789,4,伴有中耳炎-见耳炎，中,with otitis media - see Otitis media,,0.9534976482391357,,,,,
789,4,创伤性，近期发生,"traumatic, current episode",S09.2,0.9837589263916016,,,,,
789,3,二尖(瓣),mitral (valve),I34.8,0.9546557664871216,,,,,
789,3,肺,pulmonary,,0.9700336456298828,,,,,
789,4,瓣膜(心脏),valve (heart),I37.8,0.9300814270973206,,,,,
789,4,动脉,artery,I28.8,0.9067491292953491,,,,,
789,4,血管,vessel,I28.8,0.9478155374526978,,,,,
789,3,肝,liver,S36.1,0.9927482604980469,,,,,
789,4,产伤,birth injury,P15.0,0.9467200040817261,,,,,
789,3,冈上肌(完全性)(不完全性)(非创伤性),supraspinatus (complete)(incomplete) (nontraumatic),M75.1,0.9802907109260559,,,,,
789,3,肛门(括约肌)-见撕裂，肛门,"anus (sphincter) - see Laceration, anus",,0.9926689267158508,,,,,
789,3,格拉夫卵泡(血肿),graafian follicle (hematoma),N83.0,0.974247932434082,,,,,
789,3,膈，创伤性,"diaphragm, traumatic",S27.8,0.9916935563087463,,,,,
789,3,宫颈,cervix (uteri),,0.9909704923629761,,,,,
789,4,产伤,obstetrical trauma,O71.3,0.9029033184051514,,,,,
789,4,创伤性,traumatic,S37.6,0.9923086166381836,,,,,
789,3,巩膜,sclera,S05.3,0.9768458008766174,,,,,
789,3,鼓膜，鼓室(膜)(非创伤性)(另见穿孔，鼓膜),"membrana tympani, tympanum, tympanic (membrane) (nontraumatic) (see also Perforation, tympanic membrane)",H72.9,0.9945113062858582,,,,,
789,4,创伤性,traumatic,S09.2,0.9836058616638184,,,,,
789,4,多发性,multiple,H72.8,0.9784544706344604,,,,,
789,4,全部,total,H72.8,0.9480113983154297,,,,,
789,3,关节-见脱位,joint - see Dislocation,,0.9963381290435791,,,,,
789,3,关节囊-见扭伤,joint capsule - see Sprain,,0.9968103766441345,,,,,
789,3,冠状(动脉)(血栓形成性)(另见梗死，心肌),"coronary (artery) (thrombotic) (see also Infarct, myocardium)",I21.9,0.9840165972709656,,,,,
789,3,虹膜 NEC,iris NEC,H21.5,0.9537385106086731,,,,,
789,4,创伤性-见破裂，眼,"traumatic - see Rupture, eye",,0.9428762793540955,,,,,
789,3,滑膜(囊肿),synovium (cyst),M66.1,0.9903033971786499,,,,,
789,3,寰枢椎,atlantoaxial,S13.1,0.9950017929077148,,,,,
789,3,寰枕,atlanto-occipital,S13.1,0.9763202667236328,,,,,
789,3,黄体(感染的)(卵巢),corpus luteum (infected) (ovary),N83.1,0.9771685600280762,,,,,
789,3,回肠(非创伤性),ileum (nontraumatic),K63.1,0.9859591126441956,,,,,
789,4,产伤,obstetric trauma,O71.5,0.9447672963142395,,,,,
789,4,创伤性,traumatic,S36.4,0.9741862416267395,,,,,
789,4,胎儿或新生儿,fetus or newborn,P78.0,0.9472070932388306,,,,,
789,3,回旋套(完全)(不完全)(非创伤性),rotator cuff (complete) (incomplete) (nontraumatic),M75.1,0.9778897762298584,,,,,
790,3,会阴(非产科)(非创伤性),perineum (nonobstetric) (nontraumatic),N90.8,0.9888246655464172,,,,,
790,4,并发于分娩,complicating delivery,O70.9,0.9144272208213806,,,,,
790,5,Ⅰ度,first degree,O70.0,0.8294916152954102,,,,,
790,5,Ⅱ度,second degree,O70.1,0.8910317420959473,,,,,
790,5,IⅢI度,third degree,O70.2,0.9233332276344299,,,,,
790,5,IV 度,fourth degree,O70.3,0.823387861251831,,,,,
790,3,婚姻,marital,Z63.0,0.996812105178833,,,,,
790,4,涉及离婚,involving divorce,Z63.5,0.9544931054115295,,,,,
790,3,肌肉(创伤性)NEC-见损伤，肌,"muscle (traumatic) NEC - see Injury, muscle",,0.9842052459716797,,,,,
790,4,非创伤性,nontraumatic,M62.1,0.9911056756973267,,,,,
790,3,肌腱连接点NEC，非创伤性,"musculotendinous junction NEC, nontraumatic",M66.5,0.9894887804985046,,,,,
790,3,脊髓(另见损伤，脊髓，按部位),"spinal cord (see also Injury, spinal cord, by region)",T09.3,0.9933662414550781,,,,,
790,4,胎儿或新生儿(产伤),fetus or newborn (birth injury),P11.5,0.9612941741943359,,,,,
790,3,家庭,family,Z63.8,0.9626007080078125,,,,,
790,4,涉及离婚或分居,involving divorce or separation,Z63.5,0.98028165102005,,,,,
790,3,腱(创伤性)-另见损伤，肌,"tendon (traumatic) - see also Injury, muscle",,0.9811100363731384,,,,,
790,4,非创伤性,nontraumatic,M66.5,0.9754389524459839,,,,,
790,4,自发性,spontaneous,M66.5,0.9790000915527344,,,,,
790,5,屈肌,flexor,M66.3,0.9739176630973816,,,,,
790,5,伸肌,extensor,M66.2,0.9535589814186096,,,,,
790,5,特指的 NEC,specified NEC,M66.4,0.9492864012718201,,,,,
790,3,角膜(创伤性)-见破裂，眼,cornea (traumatic) - see Rupture,,0.9897891283035278,,,,,
790,3,结肠(非创伤性),colon (nontraumatic),K63.1,0.9752684235572815,,,,,
790,4,产伤,obstetric trauma,O71.5,0.9340730309486389,,,,,
790,4,创伤性,traumatic,S36.5,0.972249448299408,,,,,
790,4,胎儿或新生儿,fetus or newborn,P78.0,0.9724740982055664,,,,,
790,3,睫状体 NEC,ciliary body NEC,H21.5,0.9508543014526367,,,,,
790,3,晶状体(白内障)(创伤性),lens (cataract) (traumatic),H26.1,0.9729433655738831,,,,,
790,3,静脉曲张-见静脉曲张,"varicose vein, varix - see Varicose vein",,0.9932738542556763,,,,,
790,3,空肠(非创伤性),"jejunum, jejunal (nontraumatic)",K63.1,0.9728510975837708,,,,,
790,4,产伤,obstetric trauma,O71.5,0.9559313654899597,,,,,
790,4,创伤性,traumatic,S36.4,0.9929873943328857,,,,,
790,4,胎儿或新生儿,fetus or newborn,P78.0,0.9842029809951782,,,,,
790,3,阑尾炎(伴有腹膜炎),appendix (with peritonitis),K35.0,0.9773906469345093,,,,,
790,3,泪管(创伤性),lacrimal duct (traumatic),S05.8,0.9845759272575378,,,,,
790,3,淋巴管,lymphatic vessel,I89.8,0.9547503590583801,,,,,
790,3,卵巢,"ovary, ovarian",N83.8,0.9614746570587158,,,,,
790,4,黄体囊肿,corpus luteum cyst,N83.1,0.9645683765411377,,,,,
790,4,卵泡(格拉夫),follicle (graafian),N83.0,0.9687201380729675,,,,,
790,3,脉络膜(直接)(间接)(创伤性),choroid (direct) (indirect) (traumatic),H31.3,0.9893903136253357,,,,,
790,3,盲肠(伴有腹膜炎),cecum (with peritonitis),K65.0,0.9923848509788513,,,,,
790,3,毛细血管,capillaries,I78.8,0.9906643629074097,,,,,
791,3,囊肿-见囊肿,cyst - see Cyst,,0.9612767100334167,,,,,
791,3,脑,brain,,0.9659669995307922,,,,,
791,4,出血性(另见出血，脑内),"hemorrhagic (see also Hemorrhage, intracerebral)",I61.9,0.950888991355896,,,,,
791,4,动脉瘤(先天性)(另见出血，蛛网膜下),"aneurysm (congenital) (see also Hemorrhage, subarachnoid)",I60.9,0.9630498290061951,,,,,
791,5,梅毒性,syphilitic,A52.0+ I68.8*,0.9523003697395325,,,,,
791,3,脑膜动脉,meningeal artery,I60.8,0.987783670425415,,,,,
791,3,内部器官，创伤性-见损伤，按部位,"internal organ, traumatic - see Injury, by site",,0.9973457455635071,,,,,
791,3,内脏,viscus,R19.8,0.9695479273796082,,,,,
791,3,尿道(非创伤性),urethra (nontraumatic),N36.8,0.9908937215805054,,,,,
791,4,产伤,obstetrical trauma,O71.5,0.904194712638855,,,,,
791,4,创伤性,traumatic,S37.3,0.9779394865036011,,,,,
791,4,流产后,followingabortion,O08.6,0.9204849004745483,,,,,
791,3,脓肿(自发性)-作为脓肿，按部位编码,"abscess (spontaneous) - code as Abscess, by site",,0.967425525188446,,,,,
791,3,膀胱(非创伤性)(括约肌)(自发性),bladder (nontraumatic) (sphincter) (spontaneous),N32.4,0.9791914224624634,,,,,
791,4,产伤,obstetrical trauma,O71.5,0.9251341223716736,,,,,
791,4,创伤性,traumatic,S37.2,0.9471016526222229,,,,,
791,4,流产后,following abortion,O08.6,0.9613104462623596,,,,,
791,3,盆腔,pelvic,,0.9832246899604797,,,,,
791,4,底，并发于分娩,"floor, complicating delivery",O70.1,0.96954345703125,,,,,
791,4,器官NEC，产伤,"organ NEC, obstetrical trauma",O71.5,0.9524460434913635,,,,,
791,3,脾(创伤性),spleen (traumatic),S36.0,0.9882051348686218,,,,,
791,4,产伤,birth injury,P15.1,0.9587173461914062,,,,,
791,4,非创伤性,nontraumatic,D73.5,0.9916123151779175,,,,,
791,4,先天性(产伤),congenital (birth injury),P15.1,0.9856426119804382,,,,,
791,4,由于间日疟原虫,due to Plasmodium vivax malaria,B51.0+ D77*,0.9626334309577942,,,,,
791,4,自发性,spontaneous,D73.5,0.9521816968917847,,,,,
791,3,脾静脉,splenic vein,R58,0.9810038208961487,,,,,
791,3,脐带，并发于分娩,"umbilical cord, complicating delivery",O69.8,0.9597257971763611,,,,,
791,4,影响到胎儿或新生儿,affecting fetus or newborn,P50.1,0.9688975214958191,,,,,
791,3,憩室(肠)(另见憩室),diverticulum (intestine) (see also Diverticula),K57.8,0.9863573908805847,,,,,
791,3,前列腺(创伤性),prostate (traumatic),S37.8,0.9723667502403259,,,,,
791,3,腔静脉,vena cava,R58,0.9703443646430969,,,,,
791,3,韧带-另见扭伤,ligament(s) - see also Sprain,,0.9888303279876709,,,,,
791,4,膝,knee,,0.8231959939002991,,,,,
791,5,陈旧性(慢性),old (chronic),M23.5,0.9375159740447998,,,,,
791,5,近期损伤-见脱位，膝,"current injury - see Dislocation, knee",,0.9264983534812927,,,,,
791,5,自发性NEC,spontaneous NEC,M23.6,0.9672992825508118,,,,,
791,3,乳头肌 NEC,papillary muscle NEC,I51.2,0.933807909488678,,,,,
791,4,急性心肌梗死后(近期并发症),following acute myocardial infarction (current complication),I23.5,0.949860155582428,,,,,
792,3,三尖(瓣)(心脏),tricuspid (heart)(valve),I07.8,0.9701052308082581,,,,,
792,3,伤口,wound,,0.9476065039634705,,,,,
792,4,会阴(产科性),perineal (obstetric),O90.1,0.9462174773216248,,,,,
792,4,会阴切开术,episiotomy,O90.1,0.9189439415931702,,,,,
792,4,手术,operation,T81.3,0.9008048176765442,,,,,
792,5,剖宫产,cesarean,O90.0,0.9613890051841736,,,,,
792,3,肾,kidney,S37.0,0.948908805847168,,,,,
792,4,产伤,birth injury,P15.8,0.9455299377441406,,,,,
792,4,非创伤性,nontraumatic,N28.8,0.9868800640106201,,,,,
792,3,十二指肠残端,duodenal stump,K31.8,0.976962685585022,,,,,
792,3,食管,esophagus,K22.3,0.9657866954803467,,,,,
792,3,视网膜(创伤性)(不伴有脱离),"retina, retinal (traumatic) (without detachment)",H33.3,0.9905673861503601,,,,,
792,4,伴有脱离,with detachment,H33.0,0.9833394885063171,,,,,
792,3,手术伤口，手术后伤口,"operation wound, postoperative wound",T81.3,0.9872723817825317,,,,,
792,3,输卵管NEC(非产科)(非创伤性),"fallopian tube, oviduct, tube, tubal NEC (nonobstetric) (nontraumatic)",N83.8,0.9720826745033264,,,,,
792,4,脓肿(另见输卵管卵巢炎),abscess (see also Salpingo-oophoritis),N70.9,0.9890009760856628,,,,,
792,4,由于妊娠引起的,due to pregnancy,O00.1,0.9487762451171875,,,,,
792,3,输卵管积脓(另见输卵管卵巢炎),pyosalpinx (see also Salpingo-oophoritis),N70.9,0.9952075481414795,,,,,
792,3,输尿管(创伤性),ureter (traumatic),S37.1,0.9907186627388,,,,,
792,4,非创伤性,nontraumatic,N28.8,0.9426436424255371,,,,,
792,3,胎膜(自发性),membranes (spontaneous),,0.972102165222168,,,,,
792,4,分娩延迟，在(破膜)后,delayeddelivery following,O75.6,0.97213214635849,,,,,
792,5,影响到胎儿或新生儿,affecting fetus or newborn,P01.1,0.9688624143600464,,,,,
792,4,过早[早破],premature,O42.9,0.9330523014068604,,,,,
792,5,产程开始,onset of labor,,0.916077733039856,,,,,
792,6,由于治疗而延迟,delayed by therapy,O42.2,0.9395580291748047,,,,,
792,6,在24小时以后,after 24 hours,O42.1,0.960962176322937,,,,,
792,6,在24小时之内,within 24 hours,O42.0,0.9538704752922058,,,,,
792,5,影响到胎儿或新生儿,affecting fetus or newborn,P01.1,0.9699884653091431,,,,,
792,5,由于治疗而使产程延迟,labor delayed by therapy,O42.2,0.983727216720581,,,,,
792,4,人工,artificial,,0.9998699426651001,,,,,
792,5,分娩延迟，在(人工破膜)后,delayed delivery following,O75.5,0.9401642084121704,,,,,
792,6,影响到胎儿或新生儿,affecting fetus or newborn,P01.1,0.9802381992340088,,,,,
792,3,特塞梅特膜,Descemet's membrane,H18.3,0.9815883636474609,,,,,
792,4,创伤性-见破裂，眼,"traumatic - see Rupture, eye",,0.9542842507362366,,,,,
792,3,外阴，并发于分娩,"vulva, complicating delivery",O70.0,0.9767176508903503,,,,,
792,3,威利斯环[大脑动脉环],circle of Willis,I60.6,0.9654957056045532,,,,,
792,3,胃(非创伤性)(自发性),"gastric, stomach (nontraumatic) (spontaneous)",K31.8,0.9924910068511963,,,,,
792,4,创伤性,traumatic,S36.3,0.9908193349838257,,,,,
792,4,血管,vessel,K92.2,0.9036144614219666,,,,,
793,3,心(壁),"cardiac, heart (wall)",I21.9,0.980063796043396,,,,,
793,4,创伤性,traumatic,S26.8,0.9642528295516968,,,,,
793,4,急性心肌梗死后(近期并发症),following acute myocardial infarction (current complication),I23.3,0.9581040740013123,,,,,
793,5,伴有心包积血,with hemopericardium,I23.0,0.9584711790084839,,,,,
793,4,同时伴有急性心肌梗死-见梗死，心肌,"concurrent with acute myocardial infarction - see Infarct, myocardium",,0.9729233980178833,,,,,
793,3,心肌(另见梗死，心肌),"myocardium, myocardial (see also Infarct, myocardium)",I21.9,0.9761292934417725,,,,,
793,4,创伤性,traumatic,S26.8,0.9603771567344666,,,,,
793,3,囟门,fontanel,P13.1,0.9218428134918213,,,,,
793,3,胸导管,thoracic duct,I89.8,0.9688098430633545,,,,,
793,3,血管(另见出血),blood vessel (see also Hemorrhage),R58,0.9961291551589966,,,,,
793,4,创伤性(并发症)(另见损伤，血管),"traumatic (complication) (see also Injury, blood vessel)",T14.5,0.9833681583404541,,,,,
793,4,肺,pulmonary,I28.8,0.9461604356765747,,,,,
793,4,脑(另见出血，脑内),"brain (see also Hemorrhage, intracerebral)",I61.9,0.9505347013473511,,,,,
793,4,心(另见梗死，心肌),"heart (see also Infarct, myocardium)",I21.9,0.946416974067688,,,,,
793,3,眼(不伴有眼内组织脱出或缺失),eye (without prolapse or loss of intraocular tissue),S05.3,0.9922374486923218,,,,,
793,4,伴有眼内组织脱出或缺失,with prolapse or loss of intraocular tissue,S05.2,0.9323666095733643,,,,,
793,3,眼球(创伤性)-见破裂，眼,"globe (eye) (traumatic) - see Rupture, eye",,0.9713848233222961,,,,,
793,3,胰腺(非创伤性),pancreas (nontraumatic),K86.8,0.9813756942749023,,,,,
793,4,创伤性,traumatic,S36.2,0.9930018186569214,,,,,
793,3,乙状结肠(非创伤性),sigmoid (nontraumatic),K63.1,0.9827091693878174,,,,,
793,4,产伤,obstetric trauma,O71.5,0.884514331817627,,,,,
793,4,创伤性,traumatic,S36.5,0.9830271601676941,,,,,
793,4,胎儿或新生儿,fetus or newborn,P78.0,0.9578298330307007,,,,,
793,3,阴道,vagina,S31.4,0.9621444344520569,,,,,
793,4,并发于分娩(另见撕裂伤，阴道，并发于分娩),"complicating delivery (see also Laceration, vagina, complicating delivery)",O71.4,0.953917384147644,,,,,
793,3,真菌性动脉瘤引起大脑出血(另见出血，蛛网膜下),"mycotic aneurysm causing cerebral hemorrhage (see also Hemorrhage, subarachnoid)",I60.9,0.9752359390258789,,,,,
793,3,直肠(非创伤性),rectum (nontraumatic),K63.1,0.9795742034912109,,,,,
793,4,产伤,obstetric trauma,O71.5,0.899582028388977,,,,,
793,4,创伤性,traumatic,S36.6,0.9522629380226135,,,,,
793,4,胎儿或新生儿,fetus or newborn,P78.0,0.9754289388656616,,,,,
793,3,主动脉(另见动脉瘤，主动脉),"aorta, aortic (see also Aneurysm, aorta)",I71.8,0.9776445627212524,,,,,
793,4,瓣膜或尖(另见心内膜炎，主动脉),"valve or cusp (see also Endocarditis, aortic)",I35.8,0.9682600498199463,,,,,
793,4,创伤性(胸),traumatic (thoracic),S25.0,0.9786523580551147,,,,,
793,5,腹,abdominal,S35.0,0.9747369289398193,,,,,
793,4,腹,abdominal,I71.3,0.9213756322860718,,,,,
793,4,弓,arch,I71.1,0.8973486423492432,,,,,
793,4,横,transverse,I71.1,0.9081361293792725,,,,,
793,4,降,descending,I71.8,0.935073733329773,,,,,
793,5,腹部,abdominal,I71.3,0.9373612403869629,,,,,
793,5,胸部,thoracic,I71.1,0.9612632989883423,,,,,
794,4,梅毒性,syphilitic,A52.0+ I79.0*,0.9514322280883789,,,,,
794,4,升,ascending,I71.1,0.9754931330680847,,,,,
794,4,胸,"thorax, thoracic",I71.1,0.9470717906951904,,,,,
794,3,子宫(创伤性),uterus (traumatic),S37.6,0.984768807888031,,,,,
794,4,产程中或产程后,during or after labor,O71.1,0.9251275658607483,,,,,
794,5,影响到胎儿或新生儿,affecting fetus or newborn,P03.8,0.9709773659706116,,,,,
794,4,非产褥期的，非创伤性,"nonpuerperal, nontraumatic",N85.8,0.9924522042274475,,,,,
794,4,妊娠(产程期间),pregnant (during labor),O71.1,0.9773900508880615,,,,,
794,5,分娩前,before labor,O71.0,0.9620859026908875,,,,,
794,3,子宫骶骨韧带(非产科)(非创伤性),uterosacral ligament (nonobstetric) (nontraumatic),N83.8,0.9929758906364441,,,,,
794,2,破片[裂片]-作为损伤，浅表性，按部位编码,"Splinter – code as Injury, superficial, by site",,0.9756038188934326,,,,,
794,2,破伤风，强直性(头部)(抽搐),"Tetanus, tetanic (cephalic) (convulsions)",A35,0.9810202717781067,,,,,
794,3,伴有流产或异位妊娠,with abortion or ectopic gestation,A34,0.9783117175102234,,,,,
794,3,产科性,obstetric,A34,0.9540824890136719,,,,,
794,3,产褥期、产后、分娩,"puerperal, postpartum, childbirth",A34,0.991248607635498,,,,,
794,3,接种,inoculation,Z23.5,0.9404469728469849,,,,,
794,4,反应(由于血清)-见并发症，接种,"reaction (due to serum) - see Complications, vaccination",,0.9699563980102539,,,,,
794,3,新生儿,neonatorum,A33,0.9631760120391846,,,,,
794,1,pōu 剖,,,0.9513453245162964,,,,,
794,2,剖腹产-见剖宫产,Cesarean section,,0.9989869594573975,,,,,
794,2,剖宫产,Cesarean,,0.9982595443725586,,,,,
794,3,急症,emergency,O82.1,0.9801140427589417,,,,,
794,3,手术NEC(另见 分娩，剖宫产),"operation or section NEC (see also Delivery, cesarean)",O82.9,0.9649494290351868,,,,,
794,4,伴有子宫切除术,with hysterectomy,O82.2,0.9337822198867798,,,,,
794,4,死后的，影响到胎儿或新生儿,"post mortem, affecting fetus or newborn",P01.6,0.9557548761367798,,,,,
794,4,以前的，影响妊娠处理,"previous, affecting management of pregnancy",O34.2,0.9012173414230347,,,,,
794,4,影响到胎儿或新生儿,affecting fetus or newborn,P03.4,0.9798312187194824,,,,,
794,4,早产NEC,preterm NEC,O60.1,0.9591153860092163,,,,,
794,5,伴有自然临产,with spontaneous labor,O60.1,0.9274739027023315,,,,,
794,5,不伴有自然临产,without spontaneous labor,O60.3,0.9605641961097717,,,,,
794,1,pū 扑,,,0.8987500071525574,,,,,
794,2,扑动,Flutter,,0.9990018606185913,,,,,
794,3,心房,atrial or auricular,I48,0.9778156280517578,,,,,
794,4,心室,ventricular,I49.0,0.9929730296134949,,,,,
794,3,心脏,heart,I49.8,0.9533146023750305,,,,,
794,2,扑翼样震颤,Asterixis,R27.8,0.9995617866516113,,,,,
795,1,pú 葡,,,0.8750143051147461,,,,,
795,2,葡萄球菌(性)-另见情况,"Staphylococcus, staphylococcal - see also condition",,0.9981405138969421,,,,,
795,3,金黄色，作为分类于他处疾病的原因,"aureus, as cause of disease classified elsewhere",B95.6,0.987794816493988,,,,,
795,3,特指的NEC，作为分类于他处疾病的原因,"specified NEC, as cause of disease classified elsewhere",B95.7,0.9970887303352356,,,,,
795,3,作为分类于他处疾病的原因,as cause of disease classified elsewhere,B95.8,0.9973266124725342,,,,,
795,2,葡萄球菌菌血症,Staphylococcemia,A41.2,0.9998628497123718,,,,,
795,2,葡萄球菌性烫伤样皮肤综合征,Staphylococcal scalded skin syndrome,L00,0.9994704127311707,,,,,
795,2,葡萄胎(良性)(并发于妊娠)(娩出)(未娩出)(另见胎块，水泡状)(M9100/0),"Hydatidiform mole (benign) (complicating pregnancy) (delivered) (undelivered) (see also Mole, hydatidiform) (M9100/0)",O01.9,0.9914668798446655,,,,,
795,3,部分(M9103/0),partial (M9103/0),O01.1,0.9777000546455383,,,,,
795,3,典型(M9100/0),classical (M9100/0),O01.0,0.9641880393028259,,,,,
795,3,恶性(M9100/1),malignant (M9100/1),D39.2,0.9650300145149231,,,,,
795,3,侵袭性(M9100/1),invasive (M9100/1),D39.2,0.9827187061309814,,,,,
795,3,完全(M9100/0),complete (M9100/0),O01.0,0.973609447479248,,,,,
795,3,以前的，影响妊娠处理,"previous, affecting management of pregnancy",Z35.1,0.974274218082428,,,,,
795,2,葡萄糖-半乳糖吸收不良,Glucose-galactose malabsorption,E74.3,0.9999515414237976,,,,,
795,2,葡萄糖对羟苯甘氨酸尿,Glucoglycinuria,E72.5,0.9997330904006958,,,,,
795,2,葡萄肿(前)(睫状体)(赤道)(后)(巩膜),Staphyloma (anterior) (ciliary) (equatorial) (posterior) (sclera),H15.8,0.9906705617904663,,,,,
795,3,角膜,cornea,H18.7,0.9546622633934021,,,,,
795,1,pǔ 普,,,0.9035377502441406,,,,,
795,2,普遍(存在)肠系膜(过多),Universal mesentery,Q43.3,0.9784629940986633,,,,,
795,2,普拉德-威利综合征,Prader-Willi syndrome,Q87.1,0.9999534487724304,,,,,
795,2,普赖泽尔病[外伤后腕舟骨骨质疏松及萎缩],Preiser's disease,M87.2,0.9847509264945984,,,,,
795,2,普劳特(-樊尚)感染-见樊尚，感染,"Plaut(-Vincent) infection - see Vincent's, infection",,0.9944931268692017,,,,,
795,2,普林格尔病[皮脂腺腺瘤],Pringle's disease,Q85.1,0.9998689293861389,,,,,
795,2,普-文综合征[普卢默-文森综合征][缺铁性吞咽困难综合征],Plummer-Vinson syndrome,D50.1,0.9812015891075134,,,,,
795,2,普卢默病[毒性结节性甲状腺肿],Plummer's disease,E05.2,0.9798628091812134,,,,,
795,2,普罗菲谢病,Profichet's disease,M79.8,0.9998757243156433,,,,,
795,2,普通,Common,,0.9999906420707703,,,,,
795,3,易变型免疫缺陷-见免疫缺陷，普通易变型,"variable immunodeficiency - see Immunodeficiency, common variable",,0.9968308210372925,,,,,
795,1,pǔ 蹼,,,0.8989924192428589,,,,,
795,2,蹼状,"Web, webbed",,0.9604009985923767,,,,,
795,3,国综合征,popliteal syndrome,Q87.8,0.9500137567520142,,,,,
795,3,喉(声门)(声门下),larynx (glottic) (subglottic),Q31.0,0.9655281901359558,,,,,
795,3,脚趾,toes,Q70.3,0.9778991937637329,,,,,
795,3,颈,neck,Q18.3,0.9700804352760315,,,,,
795,3,食管,esophagus,Q39.4,0.9925647377967834,,,,,
795,3,手指,fingers,Q70.1,0.9692667722702026,,,,,
796,0,Q,,,,,,,,
796,1,qī 七,,,0.9787552356719971,,,,,
796,2,七日热[钩端螺旋体病],Nanukayami,A27.8,0.9996782541275024,,,,,
796,1,qī 期,,,0.9998301863670349,,,,,
796,2,期前收缩 (室上性),Extrasystoles (supraventricular),I49.4,0.8741849660873413,,,,,
796,3,交界性,junctional,I49.2,0.9699316620826721,,,,,
796,3,心房,"atrial, auricular",I49.1,0.9748647809028625,,,,,
796,3,心室,ventricular,I49.3,0.9799562096595764,,,,,
796,1,qí 齐,,,0.9486357569694519,,,,,
796,2,齐恩-奥本海姆病[变形性肌张力障碍],Ziehen-Oppenheim disease,G24.1,0.9927874207496643,,,,,
796,2,齐夫综合征,Zieve's syndrome,K70.0,0.9999694228172302,,,,,
796,1,qí 奇,,,0.9802349805831909,,,,,
796,2,奇德尔病[婴儿维生素C缺乏症],Cheadle's disease,E54,0.9994731545448303,,,,,
796,1,qí 歧,,,0.9917172789573669,,,,,
796,2,歧视,Discrimination,,0.9999129772186279,,,,,
796,3,性别,sex,Z60.5,0.9883458018302917,,,,,
796,3,政治性,political,Z60.5,0.9752225875854492,,,,,
796,3,种族,"ethnic, racial",Z60.5,0.9691585302352905,,,,,
796,3,宗教,religious,Z60.5,0.9763098955154419,,,,,
796,1,qí 脐,,,0.9033240079879761,,,,,
796,2,脐肠系膜管，永存,"Omphalomesenteric duct, persistent",Q43.0,0.9953168630599976,,,,,
796,2,脐出血，新生儿,"Omphalorrhagia, newborn",P51.9,0.9956885576248169,,,,,
796,2,脐带 - 另见情况,Cord - see also condition,,0.9707645773887634,,,,,
796,3,绕颈(紧紧地)(伴有压迫),around neck (tightly) (with compression),,0.99666827917099,,,,,
796,4,并发于分娩,complicating delivery,O69.1,0.9772643446922302,,,,,
796,4,影响到胎儿或新生儿,affecting fetus or newborn,P02.5,0.9788921475410461,,,,,
796,2,脐带结扎不当(引起出血),Improperly tied umbilical cord (causing hemorrhage),P51.8,0.9776136875152588,,,,,
796,2,脐的 - 见情况,Navel - see condition,,0.9703113436698914,,,,,
796,2,脐积水(出生以来),Hydromphalos (since birth),Q45.8,0.9797164797782898,,,,,
796,2,脐尿管 - 另见情况,Urachus - see also condition,,0.9565235376358032,,,,,
796,3,未闭或永存,patent or persistent,Q64.4,0.9809247851371765,,,,,
797,2,脐炎(先天性)(新生儿)(伴有轻度出血),Omphalitis (congenital) (newborn) (with mild hemorrhage),P38,0.9906283617019653,,,,,
797,3,非新生儿,not of newborn,L08.9,0.9803796410560608,,,,,
797,3,破伤风,tetanus,A33,0.9875892400741577,,,,,
797,1,qí 骑,,,0.9790202975273132,,,,,
797,2,骑士骨,Rider's bone,M61.5,0.9824819564819336,,,,,
797,1,qí 畸,,,0.9410119652748108,,,,,
797,2,畸形- 见畸形[拼音：jīxíng(发音：机形)],"Deformity, Malformation",,0.981513261795044,,,,,
797,1,qǐ 起,,,0.9960178136825562,,,,,
797,2,起诉引起焦虑,"Prosecution, anxiety concerning",Z65.3,0.990358829498291,,,,,
797,2,起源于围生期的情况,Conditions arising in the perinatal period,,0.9956367015838623,,,,,
797,3,注：起源于围生期的情况，即使在以后发病或死亡也应尽可能编码到第十六章。此章优先于那些包括按照解剖部位编码疾病的各章。,"Note:Conditions arising in the perinatal period, even though death or morbidity occurs later, should, as far as possible, be coded to chapter XVI, which takes precedence over chapters containing codes for diseases by their anatomical site.",,0.9992666840553284,,,,,
797,2,不包括：先天性畸形、变形和染色体异常(Q00-Q99)内分泌、营养和代谢疾病(E00-E99)损伤、中毒和外因的某些其他后果(S00-T99)肿瘤(C00-D48)新生儿破伤风(),"Exclude: Congenital malformations, deformations and chromosomal abnormalities (Q00-Q99) Endocrine, nutritional and metabolic diseases (E00-E99) Injury, poisoning and certain other consequences of external causes (S00-T99) Neoplasms (C00-D48) Tetanus neonatorum ()",A33,0.985317587852478,,,,,
797,2,ABO溶血病(胎儿或新生儿),ABO hemolytic disease(fetus or newborn),P55.1,0.9779526591300964,,,,,
797,2,Rh(因子),Rh(factor),,0.9661148190498352,,,,,
797,3,溶血性疾病(胎儿或新生儿),hemolytic disease(fetus or newborn),P55.0,0.9850355386734009,,,,,
797,4,血型不配合，免疫接种或致敏，胎儿或新生儿,"incompatibility, immunization or sensitization, fetus or newborn",P55.0,0.9458726048469543,,,,,
797,3,阴性母亲影响到胎儿或新生儿,negative mother affecting fetus or newborn,P55.0,0.9686277508735657,,,,,
797,3,双胎(妊娠)(胎儿或新生儿),twin(pregnancy)(fetus or newborn),P01.5,0.9768595695495605,,,,,
797,3,三胎，影响到胎儿或新生儿,"triplet, affecting fetus or newborn",P01.5,0.987490177154541,,,,,
797,3,四胎，影响到胎儿或新生儿,"quadruplet, affecting fetus or newborn",P01.5,0.9758595824241638,,,,,
797,3,五胎，影响到胎儿或新生儿,"quintuplet, affecting fetus or newborn",P01.5,0.9702780842781067,,,,,
797,3,六胎，影响到胎儿或新生儿,"sextuplet, affecting fetus or newborn",P01.5,0.9921379089355469,,,,,
797,3,阿普加(评分),apgar(score),,0.9938375949859619,,,,,
797,3,1分钟为0-3分，伴有窒息,"0-3 at 1 minute, with asphyxia",P21.0,0.9814296960830688,,,,,
797,3,1分钟为4-7分，伴有窒息,"4-7 at 1 minute, with asphyxia",P21.1,0.9838911294937134,,,,,
797,3,低NEC，伴有窒息,"low NEC, with asphyxia",P21.9,0.9278595447540283,,,,,
798,2,埃(-迪)麻痹[埃尔布(-迪谢内)](产伤)(新生儿),Erb(-Duchenne) paralysis(birth injury)(newborn),P14.0,0.9943309426307678,,,,,
798,3,埃尔布麻痹(臂丛)(出生)(新生儿),"Erb's palsy, paralysis (brachial) (birth) (newborn)",P14.0,0.9964366555213928,,,,,
798,3,安德伍德病[新生儿硬化病],Underwood's disease,P83.0,0.9961256384849548,,,,,
798,3,白蛋白尿(急性)(慢性)(亚急性),"albuminuria, albuminuric (acute) (chronic) (subacute)",,0.9913315176963806,,,,,
798,4,先兆子痫，影响到胎儿或新生儿,"pre-eclamptic, affecting fetus or newborn",P00.0,0.9698833227157593,,,,,
798,3,白质软化，脑，新生儿,"leukomalacia, cerebral, newborn",P91.2,0.9521186947822571,,,,,
798,3,败血症(性)(全身性)(化脓性)(另见起源于围生期的情况，脓毒症),"septicemia, septicemic(generalized)(suppurative)(see also Conditions originating in the perinatal period, sepsis)",,0.988347053527832,,,,,
798,4,不动杆菌，新生儿,"Actinobacter, newborn",P36.8,0.9731675386428833,,,,,
798,4,肠杆菌(产气杆菌)(阴沟)，新生儿,"Enterobacter (aerogenes) (clocae), newborn",P36.8,0.9608275890350342,,,,,
798,4,大肠杆菌，新生儿,"Bacillus coli, newborn",P36.8,0.984223484992981,,,,,
798,4,弗里德兰德杆菌，新生儿,"Friedländer's bacillus, newborn",P36.8,0.9904789328575134,,,,,
798,4,链球菌(性)，新生儿,"Streptococcus, streptococcal, neonatal",P36.1,0.9622016549110413,,,,,
798,4,柠檬杆菌，新生儿,"Citobacter, newborn",P36.8,0.9717788696289062,,,,,
798,4,新生儿 NEC(另见 起源于围生期的情况，脓毒症，新生儿),"newborn NEC(see also Conditions originating in the perinatal period, sepsis, newborn)",P36.9,0.9347822666168213,,,,,
798,2,"班德尔环[病理性子宫收缩环](挛缩),并发于分娩","Bandl's ring(contraction), complicating delivery",,0.9831555485725403,,,,,
798,3,影响到胎儿或新生儿,affecting fetus or newborn,P03.6,0.9729063510894775,,,,,
798,3,瘢痕,"scar, scarring",,0.9897244572639465,,,,,
798,4,母体宫颈,"cervix, maternal",,0.7920985817909241,,,,,
798,3,在妊娠或分娩中，影响到胎儿或新生儿,"in pregnancy or childbirth, affecting fetus or newborn",P03.8,0.9850443005561829,,,,,
798,4,母体子宫,"uterus, maternal",,0.8948116302490234,,,,,
798,5,在妊娠或分娩中，影响到胎儿或新生儿,"in pregnancy or childbirth, affecting fetus or newborn",P03.8,0.9561324119567871,,,,,
798,4,由于以前的剖宫产术，并发于妊娠或分娩,"due to previous cesarean section, complicating pregnancy or childbirth",,0.9764887690544128,,,,,
798,5,影响到胎儿或新生儿,affecting fetus or newborn,P03.8,0.9902434349060059,,,,,
798,3,奔马律,gallop rhythm,,0.9913782477378845,,,,,
798,4,胎儿,fetal,P20.9,0.9665371775627136,,,,,
798,4,新生儿,newborn,P29.1,0.9676088094711304,,,,,
798,3,鼻塞(非梅毒性)，新生儿,"snuffles (non-syphilitic), newborn",P28.8,0.9883597493171692,,,,,
798,3,闭锁,"atresia, atretic",,0.9699943661689758,,,,,
798,4,母体宫颈(后天性)，在妊娠或分娩中,"cervix, maternal(acquired), in pregnancy or childbirth",,0.9645622372627258,,,,,
798,5,引起梗阻性分娩,causing obstructed labor,,0.9258772134780884,,,,,
798,5,影响到胎儿或新生儿,affecting fetus or newborn,P03.1,0.9672164916992188,,,,,
798,3,边缘窦，破裂或出血，母体，影响到胎儿或新生儿,"sinus, marginal, ruptured or bleeding, maternal, affecting fetus or newborn",P02.1,0.9850835800170898,,,,,
798,4,伴有前置胎盘，影响到胎儿或新生儿,"with placenta previa, affecting fetus or newborn",P02.0,0.9751249551773071,,,,,
799,3,扁平-另见起源于围生期的情况，异常，按部位,"flat - see also Conditions arising in the perinatal period, anomaly, by site",,0.9776511192321777,,,,,
799,4,母体骨盆,"pelvis, maternal",,0.9469861388206482,,,,,
799,3,伴有胎盆不称，影响到胎儿或新生儿,"with disproportion(fetopelvic), affecting fetus or newborn",P03.1,0.9786965250968933,,,,,
799,3,变形,deformity,,0.9532439112663269,,,,,
799,4,母体(盆腔)器官或软组织，在妊娠或分娩中NEC,"soft parts, maternal organs or tissues (of pelvis), in pregnancy or childbirth NEC",,0.9862428903579712,,,,,
799,5,引起梗阻性分娩,causing obstructed labor,,0.9355084300041199,,,,,
799,6,影响到胎儿或新生儿,affecting fetus or newborn,P03.1,0.9692513346672058,,,,,
799,5,影响到胎儿或新生儿,affecting fetus or newborn,P03.8,0.9738161563873291,,,,,
799,4,母体骨盆(后天性)(骨性),"pelvis, pelvic, maternal (acquired) (bony)",,0.9459658861160278,,,,,
799,5,伴有胎盆不称，影响到胎儿或新生儿,"with disproportion(fetopelvic), affecting fetus or newborn",P03.1,0.9803593158721924,,,,,
799,4,胎儿，引起梗阻性分娩，影响到胎儿或新生儿,"fetal, causing obstructed labor, affecting fetus or newborn",P03.1,0.9519498348236084,,,,,
799,3,并发症(由于),complications(from)(of),,0.9799352288246155,,,,,
799,4,脐带，影响到胎儿或新生儿,"umbilical cord, affecting fetus or newborn",P02.6,0.9681234359741211,,,,,
799,4,在产程和分娩中母体使用镇静剂，影响到胎儿或新生儿,"maternal sedation during labor and delivery, affecting fetus or newborn",P04.0,0.9772161245346069,,,,,
799,4,子宫内操作NEC，影响到胎儿或新生儿,"intrauterine procedure NEC, affecting fetus or newborn",P96.5,0.9913684725761414,,,,,
799,3,病，疾病-另见起源于围生期的情况，综合征,"disease, diseased - see also Conditions originating in the perinatal period, syndrome",,0.9850460886955261,,,,,
799,4,(肺)透明膜(弥漫性)(全身性)(新生儿),"hyaline (diffuse) (generalized), membrane (lung) (newborn)",P22.0,0.9713398218154907,,,,,
799,4,病毒性NEC,"viral, virus NEC",,0.9684498906135559,,,,,
799,5,先天性,congenital,P35.9,0.9793912768363953,,,,,
799,6,特指的 NEC,specified NEC,P35.8,0.9540315270423889,,,,,
799,4,传染性，感染性的,"infectious, infective",,0.9669941067695618,,,,,
799,5,母体，并发于妊娠或分娩,"maternal, complicating pregnancy or childbirth",,0.9714294075965881,,,,,
799,6,影响到胎儿或新生儿,affecting fetus or newborn,P00.2,0.9839264750480652,,,,,
799,5,先天性,congenital,P37.9,0.9681740999221802,,,,,
799,6,特指的NEC,specified NEC,P37.8,0.9749994277954102,,,,,
799,4,呼吸(道),respiratory(tract),,0.9321155548095703,,,,,
799,5,胎儿或新生儿慢性NEC,"chronic NEC, fetus or newborn",P27.9,0.9733468890190125,,,,,
799,6,特指的 NEC,specified NEC,P27.8,0.9516147375106812,,,,,
799,5,新生儿,newborn,P28.9,0.9711376428604126,,,,,
799,5,特指类型 NEC,specified type NEC,P28.8,0.9477261304855347,,,,,
799,4,母体，与妊娠无关NEC，影响到胎儿或新生儿,"maternal, unrelated to pregnancy NEC, affecting fetus or newborn",P00.9,0.9613057374954224,,,,,
799,4,母体盆腔,"pelvis, pelvic, maternal",,0.9654257893562317,,,,,
799,5,炎性，并发于妊娠,"inflammatory, complicating pregnancy",,0.9089309573173523,,,,,
799,6,影响到胎儿或新生儿,affecting fetus or newborn,P00.8,0.9823880195617676,,,,,
800,4,母体肾(盂)(功能性),"renal, maternal (functional) (pelvis)",,0.919887125492096,,,,,
800,5,并发于妊娠，影响到胎儿或新生儿,"complicating pregnancy, affecting fetus or newborn",P00.1,0.9692029356956482,,,,,
800,4,溶血性(胎儿)(新生儿),hemolytic(fetus)(newborn),P55.9,0.9643437266349792,,,,,
800,4,特指类型 NEC,specified type NEC,P55.8,0.9449124336242676,,,,,
800,3,由于,due to,,0.9942328333854675,,,,,
800,4,Rh阴性母亲,Rh- negative mother,P55.0,0.9500789642333984,,,,,
800,3,不配合,incompatibility,,0.9614529609680176,,,,,
800,4,ABO(血型),ABO(blood group),P55.1,0.9741472005844116,,,,,
800,3,Rh(血型)(因子),Rh(blood group)(factor),P55.0,0.9854834675788879,,,,,
800,3,血(型)(达菲)(K型(凯尔))(基德)(刘易斯)(M 型)(S 型) NEC,blood(group)(Duffy)(K(ell)) (Kidd) (Lewis)(M)(S) NEC,P55.8,0.9437447190284729,,,,,
800,4,胎儿或新生儿,fetus or newborn,,0.8991041779518127,,,,,
800,5,出血性,hemorrhagic,P53,0.9107729196548462,,,,,
800,4,乳房，炎性,"breast, inflammatory",P83.4,0.9325242638587952,,,,,
800,3,心血管,cardiovascular,P29.9,0.9201413989067078,,,,,
800,4,特指的 NEC,specified NEC,P29.8,0.9309197068214417,,,,,
800,4,胎盘，影响到胎儿或新生儿,"placenta, affecting fetus or newborn",P02.2,0.9679682850837708,,,,,
800,4,心脏(器质性),heart(organic),,0.9353577494621277,,,,,
800,5,风湿性(慢性)(非活动性)(陈旧性)(静止的)(伴有舞蹈症),rheumatic(chronic)(inactive)(old)(quiescent) (with chorea),,0.9874697327613831,,,,,
800,5,母体，影响到胎儿或新生儿,"maternal, affecting fetus or newborn",P00.3,0.9760922789573669,,,,,
800,5,先天性,congenital,,0.8927998542785645,,,,,
800,5,母体，影响到胎儿或新生儿,"maternal, affecting fetus or newborn",P00.3,0.9736984968185425,,,,,
800,4,新生儿面神经(第七)(产伤),"facial nerve (seventh), newborn (birth injury)",P11.3,0.9820923805236816,,,,,
800,4,新生儿心脏呼吸[呼吸循环],"cardiorespiratory, newborn",P96.8,0.9820985794067383,,,,,
800,4,循环(系统)NEC，胎儿或新生儿,"circulatory (system) NEC, fetus or newborn",P29.9,0.9834758043289185,,,,,
800,5,母体，影响到胎儿或新生儿,"maternal, affecting fetus or newborn",P00.3,0.9794491529464722,,,,,
800,3,病毒血症，新生儿,"viremia, newborn",P35.9,0.9680159091949463,,,,,
800,3,剥离,"ablatio, ablation",,0.9362481236457825,,,,,
800,4,胎盘，影响到胎儿或新生儿,"placentae, affecting fetus or newborn",P02.1,0.9943573474884033,,,,,
800,3,播散性血管内凝血，新生儿,"clotting, disseminated, intravascular, newborn",P60,0.995759129524231,,,,,
800,3,不成熟,premature,,0.9476801156997681,,,,,
800,4,肺,lungs,P28.0,0.955775260925293,,,,,
800,3,不成熟儿，出生(28整周及以上但小于37整周),"immature, birth (28 completed weeks or more but less than 37 completed weeks)",P07.3,0.9956960678100586,,,,,
800,3,极度(小于28整周),extremely (less than 28 completed weeks),P07.2,0.9614434838294983,,,,,
800,3,不成熟儿NEC(小于37整周)(另见起源于围生期的情况，未成熟),"prematurity NEC (less than 37 completed weeks) (see also Conditions arising in the perinatal period, immaturity)",P07.3,0.979424774646759,,,,,
800,4,极度(小于28整周),"extreme, gross, marked, severe (less than 28 completed weeks)",P07.2,0.9871076941490173,,,,,
