image_page,level,chinese,english,code,confidence,malignant_primary,malignant_secondary,in_situ,benign,uncertain_or_unspecified
501,1,jì 季,,,,,,,,
501,2,季节性变应性鼻炎-见 花粉症,Hay fever,,0.9642753005027771,,,,,
501,2,季肋发育不良,Hypochondroplasia,Q77.4,0.9998117089271545,,,,,
501,2,季米特里-斯特奇-韦伯病,Dimitri-Sturge-Weber disease,Q85.8,0.9876875281333923,,,,,
501,1,jì 祭,,,0.9256678223609924,,,,,
501,2,祭杀(焚烧),Immolation,T31.9,0.9742466807365417,,,,,
501,1,jì 继,,,0.9709681272506714,,,,,
501,2,继发性,Secondary,,0.9999847412109375,,,,,
501,3,牙本质病(牙髓内),dentin (in pulp),K04.3,0.989233136177063,,,,,
501,3,肿瘤(M8000/6)-见肿瘤表，继发性,"neoplasm (M8000/6) - see Table of neoplasms, secondary",,0.9875661730766296,,,,,
501,1,jì 寄,,,0.9695263504981995,,,,,
501,2,寄膳者，医院NEC,"Boarder, hospital NEC",Z76.4,0.9978803992271423,,,,,
501,3,陪伴病人,accompanying sick person,Z76.3,0.9778492450714111,,,,,
501,2,寄生虫恐怖,Parasitophobia,F40.2,0.9945899844169617,,,,,
501,2,寄生虫侵染,Parasitism,B89,0.9861428737640381,,,,,
501,3,肠道 NEC,intestinal NEC,B82.9,0.9490842223167419,,,,,
501,3,皮肤 NEC,skin NEC,B88.9,0.9690790772438049,,,,,
501,3,特指的 - 见 侵染,specified - see Infestation,,0.894085705280304,,,,,
501,2,寄生的 - 另见情况,Parasitic - see also condition,,0.9263204336166382,,,,,
501,3,双胎,twin,Q89.4,0.946230947971344,,,,,
501,2,寄生性黑皮病,Vagabond's disease,B85.1,0.9827712178230286,,,,,
501,1,jiā 加,,,0.9208017587661743,,,,,
501,2,加德纳-戴蒙德综合征[疼痛性青肿综合征],Gardner-Diamond syndrome,D69.2,0.9842853546142578,,,,,
501,2,加雷病、加雷骨炎(硬化性)、加雷骨髓炎,"Garré's disease, osteitis (sclerosing), osteomyelitis",M86.8,0.9994045495986938,,,,,
501,2,加利福尼亚病[球孢子菌病],California disease,B38.9,0.9993788599967957,,,,,
501,2,加罗德垫，指节垫,"Garrod's pad, knuckle",M72.1,0.9997949600219727,,,,,
501,2,加姆纳病[铁质沉着性脾肉芽肿病],Gamna's disease,D73.1,0.9996601343154907,,,,,
501,2,加湿器肺或加湿器肺炎,Humidifier lung or pneumonitis,J67.7,0.9995285868644714,,,,,
501,2,加特纳管[卵巢冠纵管],Gartner's duct,,0.9998111128807068,,,,,
501,3,囊肿,cyst,Q50.5,0.9659206867218018,,,,,
501,3,永存,persistent,Q50.6,0.9280781149864197,,,,,
501,2,加压病,Compressed air disease,T70.3,0.9454268217086792,,,,,
502,1,jiā 夹,,,,,,,,
502,2,夹层形成 - 另见情况,"Dissecting, Dissection - see also condition",,0.9620158672332764,,,,,
502,3,动脉,artery,,0.9503525495529175,,,,,
502,4,大脑(未破裂),cerebral (nonruptured),I67.0,0.9668278694152832,,,,,
502,5,破裂(另见出血，蛛网膜下),"ruptured (see also Hemorrhage, subarachnoid)",I60.7,0.9641916155815125,,,,,
502,3,伤口-见伤口，开放性,"wound - see Wound, open",,0.9916696548461914,,,,,
502,3,血管,vascular,I99,0.9781926870346069,,,,,
502,3,主动脉(任何部分)(破裂),aorta (any part) (ruptured),I71.0,0.9779680967330933,,,,,
502,1,jiā 家,,,0.9992305040359497,,,,,
502,2,家禽饲养者癣,Poultryman's itch,B88.0,0.9991669058799744,,,,,
502,2,家庭，家族性-另见情况,"Family, familial - see also condition",,0.9967145323753357,,,,,
502,3,计划(生育)指导,planning advice,Z30.0,0.9919103980064392,,,,,
502,3,破裂,disruption,Z63.8,0.9467753171920776,,,,,
502,4,涉及离婚或离别,involving divorce or separation,Z63.5,0.9970394968986511,,,,,
502,3,特指的NEC,specified NEC,Z59.8,0.9847459197044373,,,,,
502,3,问题,problem,Z63.9,0.9728904366493225,,,,,
502,4,特指的NEC,specified NEC,Z63.8,0.974638819694519,,,,,
502,2,家庭，居住环境影响照料,"Household, housing circumstance affecting care",Z59.9,0.9921746253967285,,,,,
502,2,家庭成员失踪,Disappearance of family member,Z63.4,0.9595409035682678,,,,,
502,2,家族性巨颌症,Cherubism,K10.8,0.9978530406951904,,,,,
502,1,jiá 颊,,,0.9155732989311218,,,,,
502,2,颊(侧)的 - 见情况,"Buccal, Cheek - see condition",,0.9509170055389404,,,,,
502,2,颊耳畸形,Melotia,Q17.4,0.9568904638290405,,,,,
502,1,jiǎ 甲,,,0.964136004447937,,,,,
502,2,甲 - 另见情况,Nail - see also condition,,0.9099048376083374,,,,,
502,3,髌综合征,patella syndrome,Q87.2,0.9447937607765198,,,,,
502,3,咬,biting,F98.8,0.944279134273529,,,,,
502,2,甲剥离,Onycholysis,L60.1,0.9664326906204224,,,,,
502,2,甲床角化,Onychophosis,L60.8,0.9665919542312622,,,,,
502,2,甲床脓炎,Eponychia,Q84.6,0.9551620483398438,,,,,
502,2,甲床炎(伴有淋巴管炎),"Onychia, Onychitis, Onyxitis (with lymphangitis)",L03.0,0.9998722076416016,,,,,
502,3,念珠菌性,candidal,B37.2,0.9640257358551025,,,,,
502,3,皮,dermatophytic,B35.1,0.9905439615249634,,,,,
502,2,甲刺(伴有淋巴管炎),Hangnail (with lymphangitis),L03.0,0.999750018119812,,,,,
502,2,甲肥厚,"Onychauxis, Pachyonychia",L60.2,0.999971866607666,,,,,
502,3,先天性,congenital,Q84.5,0.9955833554267883,,,,,
503,2,甲沟炎(伴有淋巴管炎),Paronychia (with lymphangitis),L03.0,0.995194673538208,,,,,
503,3,结核性(原发性),tuberculous (primary),A18.4,0.9896032214164734,,,,,
503,3,念珠菌性,candidal,B37.2,0.9526248574256897,,,,,
503,2,甲基丙二酸血症,Methylmalonic acidemia,E71.1,0.9838111400604248,,,,,
503,2,甲缺失,Onychomadesis,L60.8,0.9675843715667725,,,,,
503,2,甲软化,Onychomalacia,L60.3,0.9844697713851929,,,,,
503,2,甲松离,Onychoschizia,L60.3,0.9970355033874512,,,,,
503,2,甲脱落,Onychoptosis,L60.8,0.9994404315948486,,,,,
503,2,甲弯曲,"Onychogryphosis, onychogryposis",L60.2,0.9999399185180664,,,,,
503,2,甲真菌病,Onychomycosis,B35.1,0.9999229907989502,,,,,
503,2,甲周炎(伴有淋巴管炎),Perionychia (with lymphangitis),L03.0,0.9935230612754822,,,,,
503,2,甲状旁腺的 - 见情况,Parathyroid gland - see condition,,0.9773436188697815,,,,,
503,2,甲状旁腺功能减退症,Hypoparathyroidism,E20.9,0.9869089722633362,,,,,
503,3,操作后,postprocedural,E89.2,0.952599823474884,,,,,
503,3,家族性,familial,E20.8,0.9900933504104614,,,,,
503,3,特发性,idiopathic,E20.0,0.9553261995315552,,,,,
503,3,新生儿，暂时性,"neonatal, transitory",P71.4,0.9984413385391235,,,,,
503,3,特指的 NEC,specified NEC,E20.8,0.9649496078491211,,,,,
503,2,甲状旁腺功能亢进症,Hyperparathyroidism,E21.3,0.9838000535964966,,,,,
503,3,继发性 NEC,secondary NEC,E21.1,0.9480611681938171,,,,,
503,4,肾,renal,N25.8,0.9568420648574829,,,,,
503,3,原发性,primary,E21.0,0.9485809206962585,,,,,
503,3,特指的 NEC,specified NEC,E21.2,0.9535626173019409,,,,,
503,2,甲状旁腺样手足搐搦,Parathyroid tetany,E20.9,0.9955042004585266,,,,,
503,2,甲状舌(管)- 另见情况,Thyroglossal - see also condition,,0.9713250398635864,,,,,
503,3,管，永存,"duct, persistent",Q89.2,0.99866783618927,,,,,
503,3,囊肿,cyst,Q89.2,0.9427602291107178,,,,,
503,2,甲状舌管永存[永存甲状舌管],"Thyrolingual duct, persistent",Q89.2,0.9901764988899231,,,,,
503,2,甲状腺(体) - 另见情况,Thyroid (body) (gland) - see also condition,,0.9374381303787231,,,,,
503,3,结节(囊性)(非毒性)(单一),nodule (cystic) (nontoxic) (single),E04.1,0.9777634143829346,,,,,
503,2,甲状腺毒性,Thyrotoxic,,0.9999697804450989,,,,,
503,3,暴发或危象,storm or crisis,E05.5,0.9738577008247375,,,,,
503,3,心脏病或衰竭(另见甲状腺毒症),heart disease or failure (see also Thyrotoxicosis),E05.9+ I43.8*,0.975456178188324,,,,,
503,2,甲状腺毒症(复发性),Thyrotoxicosis (recurrent),E05.9,0.9898836612701416,,,,,
503,3,伴有,with,,0.9542905688285828,,,,,
503,4,单甲状腺结节,single thyroid nodule,E05.1,0.9705764055252075,,,,,
503,4,"甲状腺肿(弥漫性)(另见甲状腺肿,中毒性)","goiter (diffuse) (see also Goiter, toxic)",E05.0,0.9625309109687805,,,,,
503,5,单结节性,uninodular,E05.1,0.9197873473167419,,,,,
503,5,多结节性,multinodular,E05.2,0.9356063008308411,,,,,
503,5,结节性,nodular,E05.2,0.987030565738678,,,,,
503,3,慢性甲状腺炎伴有短暂性,transient with chronic thyroiditis,E06.2,0.9739070534706116,,,,,
503,3,人为,factitia,E05.4,0.9956143498420715,,,,,
504,3,新生儿,neonatal,P72.1,0.9628180265426636,,,,,
504,3,心脏,heart,E05.9+ I43.8*,0.9580956697463989,,,,,
504,3,由于,due to,,0.971855640411377,,,,,
504,4,促甲状腺激素分泌过度,overproduction of thyroid-stimulating hormone,E05.8,0.9612119197845459,,,,,
504,4,摄入过多甲状腺物质,ingestion of (excessive) thyroid material,E05.4,0.9777998328208923,,,,,
504,4,特指的原因NEC,specified cause NEC,E05.8,0.9630509614944458,,,,,
504,4,异位甲状腺结节或组织,ectopic thyroid nodule or tissue,E05.3,0.9641217589378357,,,,,
504,2,甲状腺功能减退症(后天性),Hypothyroidism (acquired),E03.9,0.9975378513336182,,,,,
504,3,操作后,postprocedural,E89.0,0.9928234815597534,,,,,
504,3,辐照后,postirradiation,E89.0,0.9842376112937927,,,,,
504,3,感染后,postinfectious,E03.3,0.9935434460639954,,,,,
504,3,临床症状不明显[亚临床]，与缺碘有关的,"subclinical, iodine-deficiency-related",E02,0.9966398477554321,,,,,
504,3,缺碘(后天性)NEC,iodine-deficiency (acquired) NEC,E01.8,0.9948281645774841,,,,,
504,4,临床症状不明显[亚临床],subclinical,E02,0.9790715575218201,,,,,
504,4,先天性(另见综合征，缺碘，先天性),"congenital (see also Syndrome, iodine-deficiency, congenital)",E00.9,0.9897082448005676,,,,,
504,3,手术后,postsurgical,E89.0,0.9418622255325317,,,,,
504,3,特指的NEC,specified NEC,E03.8,0.9608810544013977,,,,,
504,3,先天性(不伴有甲状腺肿),congenital (without goiter),E03.1,0.9872393608093262,,,,,
504,4,伴有甲状腺肿(弥漫性),with goiter (diffuse),E03.0,0.975321352481842,,,,,
504,3,新生儿，暂时性,"neonatal, transitory",P72.2,0.9845187067985535,,,,,
504,3,医源性NEC,iatrogenic NEC,E03.2,0.9857876896858215,,,,,
504,3,由于,due to,,0.9393061399459839,,,,,
504,4,保泰松,phenylbutazone,E03.2,0.9728851914405823,,,,,
504,4,对氨基水杨酸(PAS),P-aminosalicylic acid (PAS),E03.2,0.9861776232719421,,,,,
504,4,辐照治疗,irradiation therapy,E89.0,0.9562265872955322,,,,,
504,4,磺胺,sulfonamide,E03.2,0.991570770740509,,,,,
504,4,雷琐辛[间苯二酚],resorcinol,E03.2,0.9807693958282471,,,,,
504,4,硫脲族药物,thiourea group drugs,E03.2,0.9819467663764954,,,,,
504,3,缺碘(后天性)NEC,iodine-deficiency (acquired) NEC,E01.8,0.9721357822418213,,,,,
504,4,临床症状不明显[亚临床],subclinical,E02,0.9650771021842957,,,,,
504,4,手术,surgery,E89.0,0.9380813241004944,,,,,
504,4,外源性物质NEC,exogenous substance NEC,E03.2,0.9635447859764099,,,,,
504,4,药剂 NEC,medicament NEC,E03.2,0.9484759569168091,,,,,
504,2,甲状腺功能亢进症(潜伏性)(成人前的)(复发性),Hyperthyroidism (latent) (pre-adult) (recurrent),E05.9,0.9914944171905518,,,,,
504,3,伴有,with,,0.9895045161247253,,,,,
504,4,甲状腺结节(单一),thyroid nodule (single),E05.1,0.9723031520843506,,,,,
504,4,甲状腺肿(弥漫性),goiter (diffuse),E05.0,0.9569495916366577,,,,,
504,5,单结节性,uninodular,E05.1,0.9588320255279541,,,,,
504,5,多结节性,multinodular,E05.2,0.9444437623023987,,,,,
504,5,结节性,nodular,E05.2,0.9660771489143372,,,,,
504,5,腺瘤,adenomatous,E05.2,0.9800586700439453,,,,,
504,3,新生儿，暂时性,"neonatal, transitory",P72.1,0.9804333448410034,,,,,
505,2,甲状腺功能缺失性恶病质,thyroid (gland) (acquired),E03.4,0.9888728857040405,,,,,
505,3,甲状腺机能减退(后天性)(另见甲状腺功能减退症),Subthyroidism (acquired) (see also Hypothyroidism),E03.9,0.9926882386207581,,,,,
505,3,先天性,congenital,E03.1,0.979291558265686,,,,,
505,2,甲状腺机能亢进(复发性)-见甲状腺功能亢进症,Hyperthyroid (recurrent) – see Hyperthyroidism,,0.9997546672821045,,,,,
505,2,甲状腺机能缺失(后天性)-见甲状腺功能减退症,Athyrea (acquired) – see Hypothyroidism,,0.9997835159301758,,,,,
505,2,甲状腺机能障碍,Dysthyroidism,E07.9,0.9901946783065796,,,,,
505,2,甲状腺炎,Thyroiditis,E06.9,0.9998559951782227,,,,,
505,3,急性,acute,E06.0,0.9540228843688965,,,,,
505,3,亚急性,subacute,E06.1,0.9910695552825928,,,,,
505,3,慢性,chronic,E06.5,0.971114456653595,,,,,
505,4,伴有甲状腺毒症，短暂性,"with thyrotoxicosis, transient",E06.2,0.9676708579063416,,,,,
505,4,淋巴瘤性,lymphadenoid,E06.3,0.9859609007835388,,,,,
505,4,纤维性,fibrous,E06.5,0.9904586672782898,,,,,
505,3,板样,woody,E06.5,0.9543182849884033,,,,,
505,3,产后，产褥期,"postpartum, puerperal",O90.5,0.9821212291717529,,,,,
505,3,德奎尔万,de Quervain,E06.1,0.9966074228286743,,,,,
505,3,非化脓性,nonsuppurative,E06.1,0.990166962146759,,,,,
505,3,化脓性,suppurative,E06.0,0.9797878265380859,,,,,
505,3,假结核病性,pseudotuberculous,E06.1,0.9937610030174255,,,,,
505,3,结核性,tuberculous,A18.8+ E35.0*,0.9744654893875122,,,,,
505,3,巨细胞,giant-cell,E06.1,0.9957690238952637,,,,,
505,3,里德尔,Riedel's,E06.5,0.9903941750526428,,,,,
505,3,淋巴瘤性,lymphomatous,E06.3,0.9733695983886719,,,,,
505,3,淋巴细胞性(慢性),lymphocytic (chronic),E06.3,0.9811033010482788,,,,,
505,3,淋巴样,lymphoid,E06.3,0.9733926057815552,,,,,
505,3,桥本,Hashimoto's,E06.3,0.9808784127235413,,,,,
505,3,侵袭性,ligneous,E06.5,0.9589534997940063,,,,,
505,3,肉芽肿性(德奎尔万)(亚急性),granulomatous (de Quervain) (subacute),E06.1,0.9881623983383179,,,,,
505,3,生脓性,pyogenic,E06.0,0.9916134476661682,,,,,
505,3,纤维性(慢性),fibrous (chronic),E06.5,0.9679696559906006,,,,,
505,3,药物性,drug-induced,E06.4,0.952793300151825,,,,,
505,3,医源性,iatrogenic,E06.4,0.9696699380874634,,,,,
505,3,自身免疫性,autoimmune,E06.3,0.9955174922943115,,,,,
505,2,甲状腺肿(游动性)(胸骨后),"Goiter, Struma (plunging) (substernal)",E04.9,0.9992746710777283,,,,,
505,3,伴有,with,,0.9758459329605103,,,,,
505,4,甲状腺毒症(另见甲状腺肿，中毒性),"thyrotoxicosis (see also Goiter, toxic)",E05.0,0.9847181439399719,,,,,
505,5,结节性,nodular,E05.2,0.9425817728042603,,,,,
505,5,腺瘤,adenomatous,E05.2,0.9458869099617004,,,,,
505,4,甲状腺功能亢进症(复发性)(另见甲状腺肿，中毒性),"hyperthyroidism (recurrent) (see also Goiter, toxic)",E05.0,0.9718112349510193,,,,,
505,5,结节性,nodular,E05.2,0.905871570110321,,,,,
505,5,腺瘤,adenomatous,E05.2,0.9683974385261536,,,,,
505,3,单纯性,simple,E04.0,0.9918480515480042,,,,,
506,3,单结节性(非毒性),uninodular (nontoxic),E04.1,0.9947106242179871,,,,,
506,4,中毒性或伴有甲状腺功能亢进症,toxic or with hyperthyroidism,E05.1,0.9732241034507751,,,,,
506,3,地方性(缺碘),endemic (iodine-deficiency),E01.2,0.9949868321418762,,,,,
506,4,多结节性,multinodular,E01.1,0.9785128235816956,,,,,
506,4,弥漫性,diffuse,E01.0,0.9566734433174133,,,,,
506,3,多结节性(囊性)(非毒性),multinodular (cystic) (nontoxic),E04.2,0.9627858400344849,,,,,
506,4,中毒性或伴有甲状腺功能亢进症,toxic or with hyperthyroidism,E05.2,0.9844823479652405,,,,,
506,3,非毒性,nontoxic,E04.9,0.9678383469581604,,,,,
506,4,单纯性,simple,E04.0,0.9582920074462891,,,,,
506,4,单结节性,uninodular,E04.1,0.9200797080993652,,,,,
506,4,多结节性,multinodular,E04.2,0.9495628476142883,,,,,
506,4,弥漫性(胶样),diffuse (colloid),E04.0,0.9766679406166077,,,,,
506,4,特指的NEC,specified NEC,E04.8,0.9700611233711243,,,,,
506,3,激素生成障碍性(家族性),dyshormogenetic (familial),E07.1,0.9945074319839478,,,,,
506,3,结节性(非毒性)(由于),nodular (nontoxic) (due to),E04.9,0.9730774164199829,,,,,
506,4,伴有,with,,0.7943024635314941,,,,,
506,5,甲状腺毒症,thyrotoxicosis,E05.2,0.9842203855514526,,,,,
506,5,甲状腺功能亢进症,hyperthyroidism,E05.2,0.9931958913803101,,,,,
506,4,地方性,endemic,E01.1,0.9642631411552429,,,,,
506,4,缺碘,iodine-deficiency,E01.1,0.9627938866615295,,,,,
506,4,散发性,sporadic,E04.9,0.9828928112983704,,,,,
506,4,中毒性,toxic,E05.2,0.979508101940155,,,,,
506,3,里德尔[木样],Riedel's,E06.5,0.9785880446434021,,,,,
506,3,淋巴瘤性,"lymphadenoid, lymphomatosa,",E06.3,0.94215989112854,,,,,
506,3,卵巢(M9090/0),ovarii (M9090/0),D27,0.9539930820465088,,,,,
506,4,伴有类癌(M9091/1),with carcinoid (M9091/1),D39.1,0.9723494648933411,,,,,
506,4,恶性(M9090/3),malignant (M9090/3),C56,0.9736003279685974,,,,,
506,3,囊性,cystic,E04.2,0.9551423192024231,,,,,
506,4,由于缺碘,due to iodine-deficiency,E01.1,0.9873896241188049,,,,,
506,3,缺碘(地方性),iodine-deficiency (endemic),E01.2,0.9829074740409851,,,,,
506,4,多结节性,multinodular,E01.1,0.9726947546005249,,,,,
506,4,结节性,nodular,E01.1,0.9636933207511902,,,,,
506,4,弥漫性,diffuse,E01.0,0.9659996628761292,,,,,
506,3,突眼性,exophthalmic,E05.0,0.9918352961540222,,,,,
506,3,先天性(非毒性),congenital (nontoxic),E03.0,0.9876391887664795,,,,,
506,4,弥漫性,diffuse,E03.0,0.9902418851852417,,,,,
506,4,实质的,parenchymatous,E03.0,0.9505023956298828,,,,,
506,4,暂时性，伴有正常功能,"transitory, with normal functioning",P72.0,0.9791340231895447,,,,,
506,3,腺瘤(另见甲状腺肿，结节性),"adenomatous (see also Goiter, nodular)",E04.9,0.9926015734672546,,,,,
506,3,新生儿 NEC,neonatal NEC,P72.0,0.9501806497573853,,,,,
506,3,由于,due to,,0.9491961598396301,,,,,
506,4,甲状腺激素合成酶缺乏引起的,enzyme defect in synthesis of thyroid hormone,E07.1,0.9530370831489563,,,,,
506,4,缺碘(地方性),iodine-deficiency (endemic),E01.2,0.9862961769104004,,,,,
507,3,中毒性,toxic,E05.0,0.967269241809845,,,,,
507,4,单结节性,uninodular,E05.1,0.971911609172821,,,,,
507,4,多结节性,multinodular,E05.2,0.959088921546936,,,,,
507,4,结节性,nodular,E05.2,0.9792323112487793,,,,,
507,4,瘤，恶性(M8000/3),"tumor, malignant (M8000/3)",C73,0.9690824151039124,,,,,
507,4,腺瘤,adenomatous,E05.2,0.9584382176399231,,,,,
507,2,甲状腺肿-聋综合征,Goiter-deafness syndrome,E07.1,0.9573953151702881,,,,,
507,1,jiǎ 贾,,,0.9995529651641846,,,,,
507,2,贾第虫病,Giardiasis,A07.1,0.9888399243354797,,,,,
507,2,贾菲-利希滕斯坦(-尤林格)综合征.,Jaffe-Lichtenstein(-Uehlinger) syndrome,M85.0,0.997897744178772,,,,,
507,1,jiǎ 假,,,0.9990156888961792,,,,,
507,2,假-另见情况,False - see also condition,,0.988694429397583,,,,,
507,3,关节,joint,M84.1,0.9959272742271423,,,,,
507,3,临产(痛),labor (pains),O47.9,0.9689362645149231,,,,,
507,4,妊娠37整周后,after 37 completed weeks of gestation,O47.1,0.9790278673171997,,,,,
507,4,妊娠37整周前,before 37 completed weeks of gestation,O47.0,0.9763486981391907,,,,,
507,3,妊娠,pregnancy,F45.8,0.9974133968353271,,,,,
507,3,通道，尿道(前列腺),"passage, urethra (prostatic)",N36.0,0.9867205023765564,,,,,
507,3,阳性，梅毒血清学试验(瓦塞尔曼反应),positive serological test for syphilis (Wassermann reaction),R76.2,0.990580677986145,,,,,
507,2,假单胞菌(另见感染，假单胞菌),"Pseudomonas (see also Infection, pseudomonas)",,0.9981040358543396,,,,,
507,3,鼻疽感染-见感染，伯克霍尔德菌，鼻疽,"mallei infection - see Infection, Burkholderia, mallei",,0.9849991798400879,,,,,
507,4,作为分类于他处疾病的原因,as cause of disease classified elsewhere,B96.8,0.9891964793205261,,,,,
507,4,类鼻疽，作为分类于他处疾病的原因,"pseudomallei, as cause of disease classified elsewhere",B96.8,0.986017107963562,,,,,
507,4,铜绿，作为分类于他处疾病的原因,"aeruginosa, as cause of disease classified elsewhere",B96.8,0.9876539707183838,,,,,
507,2,假动脉瘤-见动脉瘤,Pseudoaneurysm - see Aneurysm,,0.999455988407135,,,,,
507,2,假风疹,Pseudorubella,B08.2,0.9592305421829224,,,,,
507,2,假肝硬变，心包炎性,"Pseudocirrhosis, liver, pericardial",I31.1,0.9938445091247559,,,,,
507,2,假格鲁布[喘鸣性喉痉挛],Pseudocroup,J38.5,0.9992907047271729,,,,,
507,2,假佝偻病(肾性),Pseudorickets (renal),N25.0,0.9826988577842712,,,,,
507,2,假关节(骨),"Pseudarthrosis, pseudoarthrosis, Pseudoarthrosis (bone)",M84.1,0.974454402923584,,,,,
507,3,关节融合或关节固定术后,"joint, following fusion or arthrodesis",M96.0,0.9905720949172974,,,,,
507,3,锁骨，先天性,"clavicle, congenital",Q74.0,0.997549831867218,,,,,
507,2,假红细胞增多,Pseudopolycythemia,D75.1,0.9787214398384094,,,,,
507,2,假胡勒多种营养不良,Pseudo-Hurler's polydystrophy,E77.0,0.9995812773704529,,,,,
507,2,假结核病,Pseudotuberculosis,A28.2,0.9624171257019043,,,,,
507,3,小肠结肠炎,enterocolitis,A04.8,0.9841550588607788,,,,,
508,2,假晶状体,Pseudophakia,Z96.1,0.9533300399780273,,,,,
508,2,假库欣综合征，酒精性,"Pseudo-Cushing's syndrome, alcohol-induced",E24.4,0.9992859363555908,,,,,
508,2,假两性畸形,Pseudohermaphroditism,Q56.3,0.9829033613204956,,,,,
508,3,男性,male,Q56.1,0.9612361192703247,,,,,
508,4,伴有,with,,0.771854043006897,,,,,
508,5,5-α还原酶缺乏.,5-alpha-reductase deficiency,E29.1,0.9499471783638,,,,,
508,5,睾丸女性化,feminizing testis,E34.5,0.93497234582901,,,,,
508,5,肾上腺皮质疾患.,adrenocortical disorder,E25.8,0.9583967328071594,,,,,
508,5,雄激素抵抗,androgen resistance,E34.5,0.9902160167694092,,,,,
508,5,阴囊裂,cleft scrotum,Q56.1,0.9622132182121277,,,,,
508,4,不伴有性腺疾患,without gonadal disorder,Q56.1,0.9805199503898621,,,,,
508,4,肾上腺,adrenal,E25.8,0.9599553942680359,,,,,
508,3,女性,female,Q56.2 O56.2,0.9387193322181702,,,,,
508,4,伴有肾上腺皮质疾患,with adrenocortical disorder,E25.8,0.9805733561515808,,,,,
508,4,不伴有肾上腺皮质疾患,without adrenocortical disorder,Q56.2,0.9975523948669434,,,,,
508,4,肾上腺，先天性,"adrenal, congenital",E25.0,0.9906753301620483,,,,,
508,4,肾上腺,adrenal,E25.8,0.9802650213241577,,,,,
508,2,假两性同体-现译名假两性畸形,Pseudohermaphroditism,,0.9997444748878479,,,,,
508,2,假鳞片样脱皮，(晶状体)囊,"Pseudoexfoliation, capsule (lens)",H26.8,0.9918686747550964,,,,,
508,2,假麻痹[假瘫],Pseudoparalysis,,0.9995183944702148,,,,,
508,3,臂或腿,arm or leg,R29.8,0.9789600372314453,,,,,
508,3,无张力性，先天性,"atonic, congenital",P94.2,0.9808917045593262,,,,,
508,2,假膜,Membrane(s),,0.9999719858169556,,,,,
508,3,睫状体炎性,cyclitic,H21.4,0.9803111553192139,,,,,
508,2,假膜的 - 见情况,Pseudomembranous - see condition,,0.9426777958869934,,,,,
508,2,假脑脊膜突出(操作后)(脊髓的),Pseudomeningocele (postprocedural) (spinal),G97.8,0.9930610656738281,,,,,
508,3,外伤后,post-traumatic,G96.1,0.9739867448806763,,,,,
508,2,假牛痘,Pseudocowpox,B08.0,0.9561864137649536,,,,,
508,2,假破伤风(另见 惊厥),Pseudotetanus (see also Convulsions),R56.8,0.9453588128089905,,,,,
508,2,假青春期，早熟,"Pseudopuberty, precocious",,0.9996384382247925,,,,,
508,3,男性同性,male isosexual,E25.8,0.9550619125366211,,,,,
508,3,女性异性,female heterosexual,E25.8,0.9965125918388367,,,,,
508,2,假色汗症,Pseudochromhidrosis,L67.8,0.9998903274536133,,,,,
508,2,假神经胶质瘤,Pseudoglioma,H44.8,0.9719948172569275,,,,,
508,2,假视神经炎，视(神经)(盘)，先天性,"Pseudoneuritis, optic (disk) (nerve), congenital",Q14.2,0.9777553677558899,,,,,
508,2,假手足搐搦,Pseudotetany,R29.0,0.9619295597076416,,,,,
508,3,癔症性,hysterical,F44.5,0.9353170394897461,,,,,
508,2,假心绞痛 - 见 心绞痛,Pseudoangina (pectoris) - see Angina,,0.9601108431816101,,,,,
508,2,假性斑秃,Pseudopelade,L66.0,0.9894636869430542,,,,,
508,2,假性动脉干,Pseudotruncus arteriosus,Q25.4,0.999812662601471,,,,,
508,2,假性肌强直,Pseudomyotonia,G71.1,0.9999185800552368,,,,,
508,2,假性甲状旁腺功能减退症,"Pseudohypoparathyroidism, Pseudopseudo- hypoparathyroidism",E20.1,0.9799736142158508,,,,,
509,2,假性髋关节痛,Pseudocoxalgia,M91.3,0.9799864888191223,,,,,
509,2,假性囊肿,Pseudocyst,,0.9997024536132812,,,,,
509,3,肺,lung,J98.4,0.9369354248046875,,,,,
509,3,视网膜,retina,H33.1,0.939449667930603,,,,,
509,3,胰腺,pancreas,K86.3,0.9780247211456299,,,,,
509,2,假性脑膜炎,Meningismus,R29.1,0.9946403503417969,,,,,
509,3,流感性(具体病毒未证实),influenzal (specific virus not identified),J11.8,0.9888535141944885,,,,,
509,4,禽流感病毒已证实,avian influenza virus identified,J09,0.9707800149917603,,,,,
509,4,其他流感病毒已证实,other influenza virus identified,J10.8,0.993194580078125,,,,,
509,3,由于血清或菌苗,due to serum or vaccine,R29.1,0.9948103427886963,,,,,
509,2,假性视乳头水肿,Pseudopapilledema,H47.3,0.9984745383262634,,,,,
509,3,先天性,congenital,Q14.2,0.9666951894760132,,,,,
509,2,假性翼状胬肉,Pseudopterygium,H11.8,0.9728394150733948,,,,,
509,2,假性肿瘤,Pseudotumor,,0.9998500347137451,,,,,
509,3,眶的,orbital,H05.1,0.9683068990707397,,,,,
509,3,脑的,cerebri,G93.2,0.9889753460884094,,,,,
509,2,假血友病(贝尔努特)(遗传性)(B型),Pseudohemophilia (Bernuth's) (hereditary) (type B),D68.0,0.9889907240867615,,,,,
509,3,A 型,type A,D69.8,0.9427806735038757,,,,,
509,3,血管性,vascular,D69.8,0.9936802983283997,,,,,
509,2,假硬化(脑),Pseudosclerosis (brain),,0.9997918009757996,,,,,
509,3,痉挛性，伴有痴呆,"spastic, with dementia",A81.0+ F02.1*,0.9860210418701172,,,,,
509,3,韦斯特法尔,of Westphal,E83.0+ G99.8*,0.984076738357544,,,,,
509,2,假硬化病，新生儿,"Pseudosclerema, newborn",P83.8,0.9965371489524841,,,,,
509,2,假月经(新生儿),"Pseudomenses, Pseudomenstruation (newborn)",P54.6,0.9997237324714661,,,,,
509,2,假孕,Pseudocyesis,F45.8,0.9709482192993164,,,,,
509,2,假自杀[自杀企图],Parasuicide,,0.9999053478240967,,,,,
509,3,可疑性观察,observation following alleged,Z03.8,0.9836117625236511,,,,,
509,3,历史(个人),history of (personal),Z91.5,0.9917327761650085,,,,,
509,4,家族中,in family,Z81.8,0.9822856783866882,,,,,
509,1,jià 假,,,0.9998792409896851,,,,,
509,2,假日解除照料,Holiday relief care,Z75.5,0.9997186064720154,,,,,
509,1,jiān 尖,,,0.9926140308380127,,,,,
509,2,尖的 - 见情况,Apical - see condition,,0.9782004356384277,,,,,
509,2,尖耳(先天性),Pointed ear (congenital),Q17.3,0.970750093460083,,,,,
509,2,尖骨盆,Tipping pelvis,M95.5,0.9998542070388794,,,,,
509,3,伴有胎盆不称,with disproportion (fetopelvic),O33.0,0.9942869544029236,,,,,
509,4,引起梗阻性分娩,causing obstructed labor,O65.0,0.9751800298690796,,,,,
509,2,尖头(畸形),"Acrocephaly, Tower skull",Q75.0,0.9971340298652649,,,,,
509,3,伴有突眼,with exophthalmos,Q87.0,0.9951484799385071,,,,,
510,2,尖头并指[趾],Acrocephalosyndactyly,Q87.0,0.9810409545898438,,,,,
510,2,尖头并指[趾]多指[趾],Acrocephalopolysyndactyly,Q87.0,0.9999380707740784,,,,,
510,2,尖形头,Oxycephaly,Q75.0,0.9998958110809326,,,,,
510,3,梅毒性，先天性,"syphilitic, congenital",A50.0,0.9915618896484375,,,,,
510,1,jiān 坚,,,0.9717958569526672,,,,,
510,2,坚硬(大理石样),Marble,,0.999747633934021,,,,,
510,3,骨,bones,Q78.2,0.9845306873321533,,,,,
510,3,皮肤(纹理),skin,R23.8,0.9813789129257202,,,,,
510,1,jiān 间,,,0.981687068939209,,,,,
510,2,间皮瘤(恶性)(M9050/3),Mesothelioma (malignant) (M9050/3),C45.9,0.9826487898826599,,,,,
510,3,部位分类,site classification,,0.9978095889091492,,,,,
510,4,肠系膜,mesentery,C45.1,0.9834955930709839,,,,,
510,4,肺,lung,C45.7,0.9312703609466553,,,,,
510,4,腹膜,peritoneum,C45.1,0.9294654130935669,,,,,
510,4,腹膜后腔,retroperitoneum,C45.7,0.9376144409179688,,,,,
510,4,肝,liver,C45.7,0.896049976348877,,,,,
510,4,结肠系膜,mesocolon,C45.1,0.9721320867538452,,,,,
510,4,特指部位NEC,specified site NEC,C45.7,0.9544780254364014,,,,,
510,4,网膜,omentum,C45.1,0.9502033591270447,,,,,
510,4,未特指的,unspecified,C45.9,0.9397086501121521,,,,,
510,4,心包,pericardium,C45.2,0.9772872924804688,,,,,
510,4,胸膜,pleura,C45.0,0.9219980239868164,,,,,
510,5,壁层,parietal,C45.0,0.9649472236633301,,,,,
510,4,纵隔,mediastinum,C45.7,0.9519721269607544,,,,,
510,3,良性(M9050/0),benign (M9050/0),,0.9955629706382751,,,,,
510,4,肠系膜,mesentery,D19.1,0.9816074371337891,,,,,
510,4,腹膜,peritoneum,D19.1,0.9408208131790161,,,,,
510,4,结肠系膜,mesocolon,D19.1,0.9645536541938782,,,,,
510,4,特指部位 NEC,specified site NEC,D19.7,0.9729270935058594,,,,,
510,4,网膜,omentum,D19.1,0.9659105539321899,,,,,
510,4,未特指部位,unspecified site,D19.9,0.9694640636444092,,,,,
510,4,胸膜,pleura,D19.0,0.9742782115936279,,,,,
510,3,囊性(M9055/1),cystic (M9055/1),D48.4,0.9899383187294006,,,,,
510,3,上皮样(M9052/3),epithelioid (M9052/3),C45.9,0.9699639678001404,,,,,
510,4,良性(M9052/0),benign (M9052/0),,0.9925287961959839,,,,,
510,5,肠系膜,mesentery,D19.1,0.9442954659461975,,,,,
510,5,腹膜,peritoneum,D19.1,0.9702621698379517,,,,,
510,5,结肠系膜,mesocolon,D19.1,0.9923722147941589,,,,,
510,5,特指部位NEC,specified site NEC,D19.7,0.9622055888175964,,,,,
510,5,网膜,omentum,D19.1,0.9718970060348511,,,,,
510,5,未特指部位,unspecified site,D19.9,0.9866683483123779,,,,,
510,5,胸膜,pleura,D19.0,0.989266037940979,,,,,
511,3,双相分化(M9053/3),biphasic (M9053/3),C45.9,0.9819871187210083,,,,,
511,4,良性(M9053/0),benign (M9053/0),,0.9825551509857178,,,,,
511,5,肠系膜,mesentery,D19.1,0.9714067578315735,,,,,
511,4,腹膜,peritoneum,D19.1,0.9845131635665894,,,,,
511,4,结肠系膜,mesocolon,D19.1,0.9626052379608154,,,,,
511,5,特指部位NEC,specified site NEC,D19.7,0.9620867967605591,,,,,
511,4,网膜,omentum,D19.1,0.9868831634521484,,,,,
511,5,未特指部位,unspecified site,D19.9,0.9559311270713806,,,,,
511,5,胸膜,pleura,D19.0,0.9517636895179749,,,,,
511,3,纤维性(M9051/3),fibrous (M9051/3),C45.9,0.976323127746582,,,,,
511,4,良性(M9051/0),benign (M9051/0),,0.9687113165855408,,,,,
511,5,肠系膜,mesentery,D19.1,0.9656797051429749,,,,,
511,5,腹膜,peritoneum,D19.1,0.9819566011428833,,,,,
511,4,结肠系膜,mesocolon,D19.1,0.9802267551422119,,,,,
511,5,特指部位 NEC,specified site NEC,D19.7,0.9340594410896301,,,,,
511,4,网膜,omentum,D19.1,0.9745436906814575,,,,,
511,5,未特指部位,unspecified site,D19.9,0.937877893447876,,,,,
511,5,胸膜,pleura,D19.0,0.9838292598724365,,,,,
511,2,间叶瘤(M8990/1)-另见肿瘤，结缔组织，动态未定,"Mesenchymoma (M8990/1) - see also Neoplasm, connective tissue, uncertain behavior",,0.9835214614868164,,,,,
511,3,恶性(M8990/3)-见肿瘤，结缔组织，恶性,"malignant (M8990/3) - see Neoplasm, connective tissue, malignant",,0.9771330952644348,,,,,
511,3,良性(M8990/0)-见肿瘤，结缔组织，良性,"benign (M8990/0) - see Neoplasm, connective tissue, benign",,0.9763845205307007,,,,,
511,2,间质的 - 见情况,Interstitial - see condition,,0.949242353439331,,,,,
511,2,间质性角膜炎-现译名基质性角膜炎,Interstitial keratitis,,0.9935365915298462,,,,,
511,2,间质性角膜结膜炎-现译名基质性角膜结膜炎,Interstitial keratoconjunctivitis,,0.9855943918228149,,,,,
511,2,间质性子宫内膜异位(M8931/1),"Stromatosis, endometrial (M8931/1)",D39.0,0.9984926581382751,,,,,
511,1,jiān 肩,,,0.9998608827590942,,,,,
511,2,肩的 - 见情况,Shoulder - see condition,,0.9625973701477051,,,,,
511,2,肩胛擦响,Grating scapula,M89.8,0.9978668689727783,,,,,
511,2,肩胛上神经的-见情况,Suprascapular nerve - see condit,,0.9979767799377441,,,,,
511,2,肩胛痛,Scapulalgia,M89.8,0.9930604696273804,,,,,
511,2,肩胛下神经的-见情况,Subscapular nerve - see condition,,0.9978206753730774,,,,,
511,1,jiān 监,,,0.9998208284378052,,,,,
511,2,监督(对)(另见观察),"Supervision, Surveillance (of) (for) (see als Observation)",Z04.9,0.9921262860298157,,,,,
511,3,避孕,contraceptive,,0.9941388368606567,,,,,
511,4,药物的,drugs,Z30.4,0.9697556495666504,,,,,
511,4,装置的,device,Z30.5,0.9495252966880798,,,,,
512,3,酒精滥用的,alcohol abuse,Z71.4,0.9756977558135986,,,,,
512,3,药物滥用的,drug abuse,Z71.5,0.9808713793754578,,,,,
512,3,饮食的,dietary,Z71.3,0.9807981848716736,,,,,
512,3,哺乳的,lactation,Z39.1,0.9404946565628052,,,,,
512,3,高危妊娠的(另见妊娠，监督),"high-risk pregnancy (see also Pregnancy, supervision)",Z35.9,0.9967260360717773,,,,,
512,3,妊娠的-见妊娠，监督,"pregnancy - see Pregnancy, supervision of",,0.9883606433868408,,,,,
512,3,以前指定避孕方法的,contraceptive method previously prescribed,Z30.5,0.9950897693634033,,,,,
512,3,饮食的,dietary,Z71.3,0.9824076890945435,,,,,
512,2,监禁,"Incarceration, incarcerated",,0.9994595646858215,,,,,
512,3,入狱，引起焦虑,"prison, anxiety concerning",Z65.1,0.9855262041091919,,,,,
512,2,监禁，引起焦虑,"Imprisonment, anxiety concerning",Z65.1,0.9932370185852051,,,,,
512,1,jiān 缄,,,0.99305659532547,,,,,
512,2,缄默症,Mutism,,0.9984958171844482,,,,,
512,3,选择性(调节反应)(童年),"elective, selective (adjustment reaction) (childhood)",F94.0,0.9864422082901001,,,,,
512,3,癔症性,hysterical,F44.4,0.9570422768592834,,,,,
512,1,jiǎn 检,,,0.9952613711357117,,,,,
512,2,检查(全身性)(常规)(的)(为),"Checking (of), Examination (general) (routine) (of) (for)",Z00.0,0.997924268245697,,,,,
512,3,癌瘤期-见肿瘤，恶性,"cancer staging - see Neoplasm, malignant",,0.9912155270576477,,,,,
512,3,避孕用(药)具的维持性(常规).,contraceptive (drug) maintenance (routine),Z30.4,0.9980951547622681,,,,,
512,4,装置(子宫内),device (intrauterine),Z30.5,0.9743808507919312,,,,,
512,3,变态反应,allergy,Z01.5,0.9439640045166016,,,,,
512,3,产后,postpartum,,0.9645631313323975,,,,,
512,4,产后即刻,immediately after delivery,Z39.0,0.9627403020858765,,,,,
512,4,常规随诊,routine follow-up,Z39.2,0.9908653497695923,,,,,
512,3,儿童快速生长期,period of rapid growth in childhood,Z00.2,0.9937750101089478,,,,,
512,3,耳的,ear,Z01.1,0.9881542921066284,,,,,
512,3,法医学理由NEC,medicolegal reason NEC,Z04.8,0.9922964572906494,,,,,
512,3,放射学NEC,radiological NEC,Z01.6,0.9829963445663452,,,,,
512,3,妇科,gynecological,Z01.4,0.971325695514679,,,,,
512,4,为避孕用(药)具的维护,for contraceptive (drug) maintenance,Z30.4,0.9802477955818176,,,,,
512,5,装置(子宫内),device (intrauterine),Z30.5,0.9843498468399048,,,,,
512,3,宫颈帕帕尼古劳涂片,cervical Papanicolaou smear,Z12.4,0.9921075105667114,,,,,
512,4,作为妇科常规检查的一部分,aspart of routine gynecological examination,Z01.4,0.9726666808128357,,,,,
512,3,供者(可能的),donor (potential),Z00.5,0.9710269570350647,,,,,
513,3,后,following,,0.9642380475997925,,,,,
513,4,机动车意外事故,motor vehicle accident .,Z04,0.9756183624267578,,,,,
513,4,意外事故NEC,accident NEC,Z04.3,0.9903594255447388,,,,,
513,5,工作,work,Z04.2,0.8851193785667419,,,,,
513,5,交通,transport,Z04.1,0.9206672310829163,,,,,
513,4,治疗(为),treatment (for),Z09.9,0.9854719042778015,,,,,
513,5,并发 NEC,combined NEC,Z09.7,0.9235844612121582,,,,,
513,6,恶性肿瘤 .,malignant neoplasm,Z08.7,0.9395438432693481,,,,,
513,6,骨折,fracture,Z09.4,0.9914971590042114,,,,,
513,5,恶性肿瘤,malignant neoplasm,Z08.9,0.9283542633056641,,,,,
513,6,放射治疗 .,radiotherapy,Z08.1,0.9613631367683411,,,,,
513,6,化疗,chemotherapy,Z08.2,0.9295759201049805,,,,,
513,6,联合治疗,combined treatment,Z08.7,0.9826114773750305,,,,,
513,6,手术,surgery,Z08.0,0.9282302856445312,,,,,
513,6,特指的治疗 NEC,specified treatment NEC,Z08.8,0.9425548315048218,,,,,
513,5,特指的情况NEC,specified condition NEC,Z09.8,0.9853037595748901,,,,,
513,3,基施纳丝,Kirschner wire,Z47.0,0.9860607385635376,,,,,
513,3,夹板，外,"splint, external",Z47.8,0.9934461712837219,,,,,
513,3,加害性损伤(受害人或犯人)NEC,inflicted injury (victim or culprit) NEC,Z04.5,0.9975562691688538,,,,,
513,3,健康-见检查，医疗,"health - see Examination, medical",,0.9634059071540833,,,,,
513,3,健康婴儿,well baby,Z00.1,0.9941076636314392,,,,,
513,3,精神病学 NEC,psychiatric NEC,Z00.4,0.944839596748352,,,,,
513,4,接受权威机构要求的,requested by authority,Z04.6,0.9965381026268005,,,,,
513,3,临床研究对照或正常比较,clinical research control or normal comparison,Z00.6,0.9975666999816895,,,,,
513,3,年度(定期)(身体),annual (periodic) (physical),Z00.0,0.9714951515197754,,,,,
513,4,妇科,gynecological,Z01.4,0.9782368540763855,,,,,
513,3,盆腔(年度)(定期),pelvic (annual) (periodic),Z01.4,0.9781417846679688,,,,,
513,3,皮肤(过敏性),skin (hypersensitivity),Z01.5,0.9947775602340698,,,,,
513,3,强奸或诱奸，嫌疑(受害人或犯人),"rape or seduction, alleged (victim or culprit)",Z04.4,0.9972233176231384,,,,,
513,3,青少年(发育状态),adolescent (development state),Z00.3,0.9910690784454346,,,,,
513,3,妊娠(可能的)(未确定的),pregnancy(possible)(unconfirmed),Z32.0,0.9919430613517761,,,,,
513,4,确定的,confirmed,Z32.1,0.9741312861442566,,,,,
513,3,石膏绷带,plaster cast,Z47.8,0.9968158602714539,,,,,
513,3,实验室,laboratory,Z01.7,0.9850855469703674,,,,,
513,3,视力,vision,Z01.0,0.9603643417358398,,,,,
513,3,授乳母亲,lactating mother,Z39.1,0.9926027059555054,,,,,
513,3,随诊(常规)(后),follow-up (routine)(following)Z0,Z09.9,0.9812432527542114,,,,,
513,4,产后,postpartum,Z39.2,0.9768845438957214,,,,,
513,5,恶性肿瘤,malignant neoplasm,Z08.9,0.9886896014213562,,,,,
513,6,放射治疗,radiotherapy,Z08.1,0.9617462754249573,,,,,
513,6,化疗,chemotherapy,Z08.2,0.9439093470573425,,,,,
513,5,联合治疗,combined treatment,Z08.7,0.9085057973861694,,,,,
513,5,手术,surgery,Z08.0,0.9157422780990601,,,,,
513,5,特指的治疗NEC,specified treatment NEC,Z08.8,0.989338755607605,,,,,
514,4,放射治疗 NEC,radiotherapy NEC,Z09.1,0.9396234154701233,,,,,
514,5,恶性肿瘤,malignant neoplasm,Z08.1,0.9714762568473816,,,,,
514,6,骨折,fracture,Z09.4,0.9737547636032104,,,,,
514,4,化疗 NEC,chemotherapy NEC,Z09.2,0.8901599645614624,,,,,
514,5,恶性肿瘤,malignant neoplasm,Z08.2,0.9612014293670654,,,,,
514,4,手术 NEC,surgery NEC,Z09.0,0.9240890741348267,,,,,
514,5,恶性肿瘤,malignant neoplasm,Z08.0,0.9781296253204346,,,,,
514,4,心理治疗,psychotherapy,Z09.3,0.9785135984420776,,,,,
514,3,特殊(另见检查，按类型).,"special (see also Examination, by type)",Z01.9,0.9944710731506348,,,,,
514,4,特指类型NEC,specified type NEC,Z01.8,0.9692908525466919,,,,,
514,3,特指类型或原因 NEC,specified type or reason NEC,Z04.8,0.9741788506507874,,,,,
514,3,听力,hearing,Z01.1,0.9699521660804749,,,,,
514,3,心脏起搏器(电池)(电极)(脉冲发生器),cardiac pacemaker (battery) (electrode(s)) (pulse generator),Z45.0,0.9823307991027832,,,,,
514,3,胸部X线,chest X-ray,Z01.6,0.9955122470855713,,,,,
514,4,为可疑结核病,for suspected tuberculosis,Z03.0,0.9746279120445251,,,,,
514,3,血压,blood pressure,Z01.3,0.969274640083313,,,,,
514,3,牙科,"dental, teeth",Z01.2,0.9679661989212036,,,,,
514,3,眼的,eye,Z01.0,0.9782943725585938,,,,,
514,3,医学(为),medical (for) (of),Z00.0,0.9585064649581909,,,,,
514,4,保险目的,insurance purposes,Z02.6,0.9859414100646973,,,,,
514,4,法医学理由NEC,medicolegal reasons NEC,Z04.8,0.9754058122634888,,,,,
514,4,犯人,prisoners,Z10.8,0.9534832835197449,,,,,
514,5,为入狱,for entrance into prison,Z02.8,0.9462596774101257,,,,,
514,4,公共机构居民,inhabitants of institutions,Z10.1,0.9756450653076172,,,,,
514,4,供者(可能的),donor (potential),Z00.5,0.9766659736633301,,,,,
514,4,妓女,prostitutes,Z10.8,0.9601459503173828,,,,,
514,4,结婚,marriage,Z02.8,0.9568822383880615,,,,,
514,4,仅为行政管理目的,administrative purpose only,Z02.9,0.9848009943962097,,,,,
514,5,特指的NEC,specified NEC,Z02.8,0.9549673795700073,,,,,
514,4,进入,admission to,,0.8965097665786743,,,,,
514,5,监狱[入狱],prison,Z02.8,0.9771815538406372,,,,,
514,5,居住机构,residential institution,Z02.2,0.9897341132164001,,,,,
514,5,军队[参军],armed forces,Z02.3,0.9640325903892517,,,,,
514,5,夏令营,summer camp,Z02.8,0.9298797249794006,,,,,
514,4,学校[入学],school,Z02.0,0.9272338151931763,,,,,
514,5,养老院,old age home,Z02.2,0.9585139751434326,,,,,
514,4,就业前,pre-employment,Z02.1,0.9326249361038208,,,,,
514,4,军事人员,armed forces personnel,Z10.2,0.9612348079681396,,,,,
514,4,领驾驶执照,driving licence,Z02.4,0.9442781209945679,,,,,
514,4,领养子女,adoption,Z02.8,0.9685062170028687,,,,,
514,4,难民,refugees,Z10.8,0.942968487739563,,,,,
515,4,全身性,general,Z00.0,0.9584844708442688,,,,,
515,4,人口普查,population survey,Z00.8,0.9531834125518799,,,,,
515,4,入籍,naturalization,Z02.8,0.9765064716339111,,,,,
515,4,特指的NEC,specified NEC,Z00.8,0.949329674243927,,,,,
515,4,体育比赛,sport competition,Z02.5,0.9541077613830566,,,,,
515,4,体育运动的参加者.,participation in sport,Z02.5,0.9628762006759644,,,,,
515,4,夏令营,camp (summer),Z02.8,0.9759702086448669,,,,,
515,4,限定人群NEC,defined sub-population NEC,Z10.8,0.942876398563385,,,,,
515,4,学龄前儿童,preschool children,Z10.8,0.9875524640083313,,,,,
515,5,为入学,for admission to school,Z02.0,0.943069577217102,,,,,
515,4,学生,"schoolchildren, students",Z10.8,0.9589159488677979,,,,,
515,4,移民,immigration,Z02.8,0.9705493450164795,,,,,
515,4,婴儿或儿童,infant or child,Z00.1,0.9869151711463928,,,,,
515,4,运动队,sports teams,Z10.3,0.928072988986969,,,,,
515,4,运动员,athletes,Z10.3,0.9802922606468201,,,,,
515,4,在临床研究中的对照,control subject in clinical re,,0.9616091251373291,,,,,
515,4,征兵,recruitment for armed forces,Z02.3,0.9671376347541809,,,,,
515,4,职业性,occupational,Z10.0,0.9939283132553101,,,,,
515,3,婴儿或儿童,infant or child,Z00.1,0.996964693069458,,,,,
515,3,致敏,sensitization,Z01.5,0.9279440641403198,,,,,
515,3,装置,device,,0.9997415542602539,,,,,
515,4,避孕,contraceptive,Z30.5,0.9668460488319397,,,,,
515,4,固定(内),fixation (internal),Z47.0,0.9688064455986023,,,,,
515,5,外,external,Z47.8,0.8825106024742126,,,,,
515,4,牵引,traction,Z47.8,0.9478632807731628,,,,,
515,2,检验，试验,Test(s),,0.9999769330024719,,,,,
515,3,HIV(人类免疫缺陷病毒),HIV (human immunodeficiency virus),,0.971345841884613,,,,,
515,4,对婴儿的非结论性,nonconclusive in infants,R75,0.9921116232872009,,,,,
515,4,阳性,positive,R75,0.9463887810707092,,,,,
515,5,无症状,asymptomatic,Z21,0.9464433193206787,,,,,
515,3,避孕用具管理,contraceptive management,Z30.8,0.9929690957069397,,,,,
515,3,变应原,allergens,Z01.5,0.9558423161506653,,,,,
515,3,发育性，婴儿或儿童,"developmental, infant or child",Z00.1,0.9966249465942383,,,,,
515,3,结核菌素，异常的结果,"tuberculin, abnormal result",R76.1,0.9958686828613281,,,,,
515,3,芒图[结核菌素皮内试验]，异常的结果,"Mantoux, abnormal result",R76.1,0.9938308596611023,,,,,
515,3,皮肤，诊断性,"skin, diagnostic",,0.9852973818778992,,,,,
515,4,变态反应,allergy,Z01.5,0.9728479981422424,,,,,
515,4,过敏性,hypersensitivity,Z01.5,0.9517465233802795,,,,,
515,4,细菌性疾病,bacterial disease,Z01.5,0.969415009021759,,,,,
515,3,特殊的筛选检查-见筛选，按病名,special screening examinatio by name of disease,,0.9825212359428406,,,,,
516,3,妊娠(可能的)(未确定的).,pregnancy (possible) (unconfirmed),Z32.0,0.9764150381088257,,,,,
516,4,确定的,confirmed,Z32.1,0.9608832597732544,,,,,
516,3,生育,"fertility, procreative",Z31.4,0.9792066812515259,,,,,
516,3,实验室,laboratory,Z01.7,0.9854559898376465,,,,,
516,4,为法医学理由NEC,for medicolegal reason NEC,Z04.8,0.9769729375839233,,,,,
516,4,异常所见-见异常的，按类型,"abnormal finding - see Abnormal, by type",,0.94829922914505,,,,,
516,3,视力,vision,Z01.0,0.9710607528686523,,,,,
516,3,特指的NEC,specified NEC,Z01.8,0.9698489904403687,,,,,
516,3,听力,hearing,Z01.1,0.9698048830032349,,,,,
516,3,瓦塞尔曼,Wassermann,Z11.3,0.971950352191925,,,,,
516,4,阳性(另见梅毒血清学，阳性),"positive (see also Serology for syphilis, positive)",A53.0,0.9769211411476135,,,,,
516,5,假,false,R76.2,0.8850387334823608,,,,,
516,3,心脏脉冲发生器(电池),cardiac pulse generator (battery),Z45.0,0.9846628308296204,,,,,
516,3,血压,blood pressure,Z01.3,0.9861487150192261,,,,,
516,4,异常读数-见血液，血压,"abnormal reading - see Blood, pressure",,0.9344599843025208,,,,,
516,3,血中酒精,blood-alcohol :0,Z04.0,0.9673190116882324,,,,,
516,4,阳性-见血中发现,positive - see Finding in blood,,0.93385249376297,,,,,
516,3,血中药物,blood-drug,Z04.0,0.970978319644928,,,,,
516,4,阳性-见血中发现,positive - see Finding in blood,,0.9605735540390015,,,,,
516,3,智力 NEC,intelligence NEC,Z01.8,0.9548747539520264,,,,,
516,4,婴儿或儿童,infant or child,Z00.1,0.9755522608757019,,,,,
516,1,jiǎn 减,,,0.9558512568473816,,,,,
516,2,减低,Impaired,,0.9930534958839417,,,,,
516,3,咀嚼力,mastication,K08.8,0.9778928160667419,,,,,
516,3,能力,mobility,,0.9901964664459229,,,,,
516,4,听骨,ear ossicles,H74.3,0.9757601022720337,,,,,
516,4,需要提供照料者,requiring care provider,Z74.0,0.9646663069725037,,,,,
516,3,葡萄糖耐量,"tolerance, glucose",R73.0,0.9677073955535889,,,,,
516,3,糖耐量,glucose tolerance,R73.0,0.9832749366760254,,,,,
516,2,减低的肺换气量或肺活量,Reduced ventilatory or vital capacity,R94.2,0.9795581698417664,,,,,
516,2,减少,"Decrease(d), Diminished, diminution",,0.996512770652771,,,,,
516,3,雌激素,estrogen,E28.3,0.9903340935707092,,,,,
516,3,脆性红细胞,fragility of erythrocytes,D58.8,0.9916787147521973,,,,,
516,3,感觉(冷)(热)(触)(振动),sense or sensation (cold) (heat) (tactile) (vibratory),R20.8,0.9878435730934143,,,,,
516,3,功能,function,,0.9666107892990112,,,,,
516,4,垂体(腺)(前)(叶),pituitary (gland) (anterior) (lobe),E23.0,0.9572461247444153,,,,,
516,5,后叶[神经垂体],posterior,E23.0,0.9762501120567322,,,,,
516,4,垂体功能减退症中的卵巢,ovary in hypopituitarism,E23.0,0.9835783839225769,,,,,
516,4,胰腺实质,parenchyma of pancreas,K86.8,0.9708490967750549,,,,,
516,4,脂酶(胰腺),lipase (pancreatic),K90.3,0.9556270837783813,,,,,
516,3,功能活动性,functional activity,R68.8,0.9847171306610107,,,,,
516,3,呼吸音，由于损伤后休克,"respiration, due to shock following injury",T79.4,0.9987937211990356,,,,,
516,3,泪分泌物NEC,tear secretion NEC,H04.1,0.983883261680603,,,,,
517,3,耐量,tolerance,,0.9472290277481079,,,,,
517,4,葡萄糖,glucose,R73.0,0.9747143983840942,,,,,
517,4,胰腺,pancreatic,K90.3,0.9562409520149231,,,,,
517,4,脂肪,fat,K90.4,0.9559401273727417,,,,,
517,3,听力(敏度)(另见聋),hearing (acuity) (see also Deafness),H91.9,0.9906006455421448,,,,,
517,3,血,blood,,0.9704906344413757,,,,,
517,4,小板(另见血小板减少),platelets (see also Thrombocytopenia),D69.6,0.9912974238395691,,,,,
517,4,压，由于损伤后休克,"pressure, due to shock following injury",T79.4,0.9655985236167908,,,,,
517,2,减退，减少,Loss (of),,0.9996002316474915,,,,,
517,3,食欲,appetite,R63.0,0.9802525639533997,,,,,
517,4,非器质性原因,nonorganic origin,F50.8,0.9800525903701782,,,,,
517,4,心因性,psychogenic,F50.8,0.9837170839309692,,,,,
517,4,癔症性,hysterical,F50.8,0.9419152140617371,,,,,
517,3,体重(异常的)(原因不知),weight (abnormal) (cause unknown),R63.4,0.9837585687637329,,,,,
517,3,听力(另见聋),hearing (see also Deafness),H91.9,0.987048864364624,,,,,
517,4,噪声性,noise-induced,H83.3,0.9606258869171143,,,,,
517,2,减压病,"Aerobullosis, Bends, Decompression sickness",T70.3,0.9504737854003906,,,,,
517,1,jiǎn 睑,,,0.9051446914672852,,,,,
517,2,睑缘炎(角)(睫状肌)(眼睑)(边缘)(非溃疡性)(鳞状)(溃疡性),Blepharitis (angularis) (ciliaris) (eyelid) (marginal) (nonulcerative) (squamous) (ulcerative),H01.0,0.9751451015472412,,,,,
517,3,带状(疱疹),zoster (herpes),B02.3+ H03.1*,0.9699726700782776,,,,,
517,2,睑板腺囊肿,Chalazion,H00.1,0.9842896461486816,,,,,
517,2,睑板腺炎,Meibomitis,H00.0,0.9509718418121338,,,,,
517,2,睑板炎(眼睑),Tarsitis (eyelid),H01.8,0.9643893837928772,,,,,
517,3,结核性,tuberculous,A18.4+ H03.1*,0.9860494136810303,,,,,
517,3,梅毒性,syphilitic,A52.7+ H03.1*,0.9818061590194702,,,,,
517,2,脸缘结膜炎,Blepharoconjunctivitis,H10.5,0.9338850378990173,,,,,
517,2,睑痉挛,Blepharospasm,G24.5,0.9774717092514038,,,,,
517,2,睑裂狭小(眼睑),Blepharophimosis (eyelid),H02.5,0.9885035753250122,,,,,
517,3,先天性,congenital,Q10.3,0.9636813998222351,,,,,
517,2,睑内翻,Blepharelosis,H02.0,0.981164813041687,,,,,
517,2,脸脓溢，淋球菌性,"Blepharopyorrhea, gonococcal",A54.3+ H03.1*,0.947651743888855,,,,,
517,2,脸球粘连,Symblepharon,H11.2,0.9461924433708191,,,,,
517,3,先天性,congenital,Q10.3,0.9586108326911926,,,,,
517,2,睑腺炎(眼睑)(外)(内)(迈博姆)(蔡司)(复发性),"Hordeolum, Sty, stye (eyelid)(external) (internal) (meibomian) (zeisian)(recurrent)",H00.0,0.9756802916526794,,,,,
517,2,睑硬结-见硬皮病,Scleriasis - see Scleroderma,,0.9618586897850037,,,,,
517,2,脸缘粘连(眼睑)(后天性),Ankyloblepharon (eyelid) (acquired),H02.5,0.9573403596878052,,,,,
517,3,全部,total,Q10.3,0.9736189246177673,,,,,
517,3,线形(结膜内层)(先天性),filiforme (adnatum) (congenital),Q10.3,0.9777124524116516,,,,,
517,2,睑阵挛,Blepharoclonus,H02.5,0.9741835594177246,,,,,
517,2,睑赘皮(先天性),Epiblepharon (congenital),Q10.3,0.9672852158546448,,,,,
518,1,jiǎn 碱,,,,,,,,
518,2,碱血症,Alkalemia,E87.3,0.9869371056556702,,,,,
518,2,碱中毒(代谢性)(呼吸性),Alkalosis (metabolic) (respiratory),E87.3,0.9976347088813782,,,,,
518,1,jiàn 间,,,0.9922822117805481,,,,,
518,2,间接的 - 见情况,Indirect - see condition,,0.973638117313385,,,,,
518,2,间隙，牙,"Diastema, tooth, teeth",K07.3,0.961586594581604,,,,,
518,2,间歇性跛行,Angina cruris,I73.9,0.9466153979301453,,,,,
518,2,间歇性的 - 见情况,Intermittent - see condition,,0.9453924298286438,,,,,
518,1,jiàn 剑,,,0.9878732562065125,,,,,
518,2,剑突联胎,Kiphopagus,Q89.4,0.9717022180557251,,,,,
518,1,jiàn 健,,,0.999956488609314,,,,,
518,2,健康,Health,,0.9999870657920837,,,,,
518,3,查体(常规),check-up (routine),Z00.0,0.9702500104904175,,,,,
518,4,婴儿或儿童,infant or child,Z00.1,0.9776572585105896,,,,,
518,4,职业性,occupational,Z10.0,0.9748072624206543,,,,,
518,3,服务，因下列情况所提供,services provided because (of),,0.9949349164962769,,,,,
518,4,不足,inadequate,,0.8139368295669556,,,,,
518,5,经济来源NEC,economic resources NEC,Z59.9,0.9572216272354126,,,,,
518,5,住房,housing,Z59.1,0.9423940181732178,,,,,
518,4,独自生活者,person living alone,Z60.2,0.9684369564056396,,,,,
518,4,活动能力下降,reduced mobility,Z74.0,0.9818248152732849,,,,,
518,4,家中无人照料,no care available in home,Z74.2,0.9753926992416382,,,,,
518,4,困床状态[卧床不起],bedfast status,Z74.0,0.9803147912025452,,,,,
518,4,贫穷 NEC,poverty NEC,Z59.6,0.9668402075767517,,,,,
518,5,极度,extreme,Z59.5,0.9267924427986145,,,,,
518,4,特指的原因NEC,specified cause NEC,Z59.8,0.9831055998802185,,,,,
518,4,为提供家庭照料者的休假,holiday relief for person providing home care,Z75.5,0.9842921495437622,,,,,
518,4,无住房,lack of housing,Z59.0,0.9685737490653992,,,,,
518,4,需要,need for,,0.8740167617797852,,,,,
518,5,持续的监护,continuous supervision,Z74.3,0.9803199172019958,,,,,
518,5,照料人员的帮助,assistance with personal care,Z74.1,0.9660541415214539,,,,,
518,4,住校者,boarding school residence,Z59.3,0.9510906338691711,,,,,
518,4,住在公共机构者,residence in institution,Z59.3,0.9838868379592896,,,,,
518,3,教育,education,Z71.9,0.9852254390716553,,,,,
518,3,指导,"advice, instruction",Z71.9,0.994525671005249,,,,,
518,2,健康查体(常规),"Check-up, health (routine)",Z00.0,0.9991064071655273,,,,,
518,3,婴儿(无病),infant (not sick),Z00.1,0.9865389466285706,,,,,
518,3,职业性,occupational,Z10.0,0.9482060670852661,,,,,
519,2,健康的,Healthy eal,,0.48472538590431213,,,,,
519,3,陪伴病人者,person accompanying sick person,Z76.3,0.9990246295928955,,,,,
519,3,婴儿,infant,,0.9254361987113953,,,,,
519,4,得到照料,receiving care,Z76.2,0.9818370342254639,,,,,
519,4,陪伴有病的母亲,accompanying sick mother,Z76.3,0.9888177514076233,,,,,
519,1,jiàn 渐,,,0.9797654151916504,,,,,
519,2,渐进性坏死,Necrobiosis,R68.8,0.9589042067527771,,,,,
519,3,脂质 NEC,lipoidica NEC,L92.1,0.9590892791748047,,,,,
519,4,伴有糖尿病(另见E10-E14伴有第四位数.6)d. jiàn 腱,with diabetes (see also E10-E14 with fourth character.6),E14.6+ L99.8*,0.8271639347076416,,,,,
519,1,jiàn 腱,,,,,,,,
519,2,腱鞘囊肿(复合性)(弥漫性)(关节)(腱(鞘)),Ganglion (compound) (diffuse) (joint) (tendon (sheath)),M67.4,0.9868140816688538,,,,,
519,3,结核性,tuberculous,A18.0+ M68.0*,0.9861663579940796,,,,,
519,3,雅司病(早期)(晚期)的,of yaws (early) (late),A66.6,0.9656338095664978,,,,,
519,2,腱鞘炎,"Tenosynovitis, Tendosynovitis, Tenontosynovitis, Tenontothecitis, Tenovaginitis",M65.9,0.9973110556602478,,,,,
519,3,二头肌,bicipital,M75.2,0.9608937501907349,,,,,
519,3,感染性NEC,infective NEC,M65.1,0.9808244705200195,,,,,
519,3,肩,shoulder,M75.8,0.9697760343551636,,,,,
519,4,粘连性,adhesive,M75.0,0.9721648693084717,,,,,
519,3,见于(由于),in (due to),,0.954742968082428,,,,,
519,4,结晶性,crystals,M65.8,0.9900720715522766,,,,,
519,4,淋病性,gonorrhea,A54.4+ M68.0*,0.9899242520332336,,,,,
519,4,梅毒(晚期),syphilis (late),A52.7+ M68.0*,0.9724634885787964,,,,,
519,4,使用、过度使用、压迫,"use, overuse, pressure",M70.9,0.9565681219100952,,,,,
519,5,特指的NEC,specified NEC,M70.8,0.984290599822998,,,,,
519,3,结核性-见结核，腱鞘炎,"tuberculous - see Tuberculosis, tenosynovitis",,0.9675455689430237,,,,,
519,3,淋球菌性,gonococcal,A54.4+ M68.0*,0.9561741352081299,,,,,
519,3,桡骨茎突,radial styloid,M65.4,0.9889745116233826,,,,,
519,3,特指的 NEC,specified NEC,M65.8,0.9609133005142212,,,,,
519,3,粘连性,adhesive,M65.8,0.9688528776168823,,,,,
519,4,肩,shoulder,M75.0,0.899798572063446,,,,,
519,1,jiāng 姜,,,0.9999231696128845,,,,,
519,2,"姜片虫病(肠道),布氏姜片虫病","Fasciolopsiasis (intestinal), fasciolopsis (buski)",B66.5,0.9798164367675781,,,,,
520,1,jiāng 浆,,,0.9650619626045227,,,,,
520,2,浆膜炎，多发性,"Serositis, multiple",K65.8,0.9951280355453491,,,,,
520,3,腹膜,peritoneal,K65.8,0.9717828035354614,,,,,
520,2,浆细胞瘤(髓外)(孤立性)(M9731/3),Plasmacytoma (extramedullary) (solitary) (M9731/3),C90.2,0.9803212881088257,,,,,
520,2,浆细胞增多症,Plasmacytosis,D72.8,0.9998379349708557,,,,,
520,2,浆液脓性的-见情况,Seropurulent - see condition,,0.9820196032524109,,,,,
520,2,浆液性的 - 见情况,Serous - see condition,,0.9232913851737976,,,,,
520,2,浆液性脑膜炎-见脑膜炎,Hydromeningitis - see Meningitis,,0.999738335609436,,,,,
520,1,jiāng 僵,,,0.9997066855430603,,,,,
520,2,僵颈(另见斜颈),Stiff neck (see also Torticollis),M43.6,0.998329758644104,,,,,
520,2,僵人综合征,Stiff-man syndrome,G25.8,0.9998694658279419,,,,,
520,2,僵痛(四头肌),Charley-horse (quadriceps),S76.1,0.9634174108505249,,,,,
520,3,肌肉，除外四头肌-见扭伤,"muscle, except quadriceps - see Sprain",,0.9886122345924377,,,,,
520,2,僵硬，关节,"Stiffness, joint",M25.6,0.9977582097053528,,,,,
520,3,骶髂,sacroiliac,M53.3,0.9592836499214172,,,,,
520,3,多部位 NEC,multiple sites NEC,M25.6,0.9667927026748657,,,,,
520,3,关节固定术状态,arthrodesis status,Z98.1,0.9883198738098145,,,,,
520,3,踝,ankle,M25.6,0.9463907480239868,,,,,
520,3,脊柱,spine,M53.8,0.942332923412323,,,,,
520,3,肩,shoulder,M25.6,0.9886104464530945,,,,,
520,3,髋,hip,M25.6,0.9409247636795044,,,,,
520,3,融合术，状态,"surgical fusion, status",Z98.1,0.9596030712127686,,,,,
520,3,手指,finger,M25.6,0.938696026802063,,,,,
520,3,特指的 NEC,specified NEC,M25.6,0.9709070324897766,,,,,
520,3,腕,wrist,M25.6,0.9407918453216553,,,,,
520,3,膝,knee,M25.6,0.9466308951377869,,,,,
520,3,肘,elbow,M25.6,0.9768104553222656,,,,,
520,1,jiàng 降,,,0.9798104166984558,,,,,
520,2,降低,Depression,,0.9999065399169922,,,,,
520,3,功能活动性,functional activity,R68.8,0.9792068004608154,,,,,
520,3,基础代谢率,basal metabolic rate,R94.8,0.9962749481201172,,,,,
520,2,降下不良，睾丸,"Maldescent, testis",Q53.9,0.9895167946815491,,,,,
520,3,单侧,unilateral,Q53.1,0.9432881474494934,,,,,
520,3,双侧,bilateral,Q53.2,0.9812324643135071,,,,,
521,1,jiāo 交,,,,,,,,
521,2,交感神经的 - 见情况,Sympathetic - see condition,,0.972577691078186,,,,,
521,2,交感神经过敏,Sympatheticotonia,G90.8,0.9999677538871765,,,,,
521,2,交感神经原细胞瘤(M9500/3)-见 成交感神经细胞瘤,"Sympathicogonioma, Sympathogonioma (M9500/3) see Sympathicoblastoma",,0.988743007183075,,,,,
521,2,交替的 - 见情况,Alternating - see condition,,0.9579594731330872,,,,,
521,2,交替脉或三联律,Pulsus alternans or trigeminus,R00.8,0.9893470406532288,,,,,
521,2,交通 - 见 连通,Communication,,0.9197653532028198,,,,,
521,1,jiāo 胶,,,0.9989248514175415,,,,,
521,2,胶,Glue,,0.999347984790802,,,,,
521,3,耳,ear,H65.3,0.9081689119338989,,,,,
521,3,嗅(飞机胶),sniffing (airplane),F18.1,0.9702394604682922,,,,,
521,4,依赖,dependence,F18.2,0.949649453163147,,,,,
521,2,胶原病(非血管性)(血管性),"Collagenosis, collagen disease (nonvascular) (vascular)",M35.9,0.998264491558075,,,,,
521,3,反应性穿通性,reactive perforating,L87.1,0.9871401190757751,,,,,
521,3,特指的 NEC,specified NEC,M35.8,0.9607082605361938,,,,,
521,3,心血管性,cardiovascular,I42.8,0.9837790131568909,,,,,
521,2,胶性结节(囊性)(甲状腺),Colloid nodule (cystic) (of thyroid),E04.1,0.9993528723716736,,,,,
521,1,jiāo 焦,,,0.9256768822669983,,,,,
521,2,焦虑,Anxiety,F41.9,0.9983014464378357,,,,,
521,3,发作性阵发性,episodic paroxysmal,F41.0,0.9756355881690979,,,,,
521,3,反应,reaction,F41.1,0.9749791622161865,,,,,
521,3,离别，异常的(童年的),"separation, abnormal (of childhood)",F93.0,0.9964930415153503,,,,,
521,3,全身性,generalized,F41.1,0.978398323059082,,,,,
521,3,神经症,neurosis,F41.1,0.9654409289360046,,,,,
521,3,特指的 NEC,specified NEC,F41.8,0.9689169526100159,,,,,
521,3,抑郁,depression,F41.2,0.9584091901779175,,,,,
521,3,癔症,hysteria,F41.8,0.8834155201911926,,,,,
521,3,状态,state,F41.1,0.972644567489624,,,,,
521,1,jiǎo 角,,,0.9652048945426941,,,,,
521,2,角(膜)结膜炎,Keratoconjunctivitis,H16.2,0.9917332530021667,,,,,
521,2,角度形成[梗阻性锐角],Angulation,,0.9995900988578796,,,,,
521,3,肠(大)(小)(另见梗阻，肠),"intestine (large) (small) (see also Obstruction, intestine)",K56.6,0.9869309663772583,,,,,
521,3,骶骨(后天性),sacrum (acquired),M43.8,0.9766320586204529,,,,,
521,4,先天性 NEC,congenital NEC,Q76.4,0.9645408987998962,,,,,
521,3,股骨(后天性),femur (acquired),M21.8,0.9938163757324219,,,,,
521,4,先天性,congenital,Q74.2,0.9744121432304382,,,,,
522,3,脊柱(另见弯曲，脊柱),"spine (see also Curvature, spine)",M43.8,0.9825978875160217,,,,,
522,3,胫骨(后天性),tibia (acquired),M21.8,0.990409791469574,,,,,
522,4,先天性,congenital,Q74.2,0.9230936169624329,,,,,
522,3,盲肠(另见梗阻，肠),"cecum (see also Obstruction, intestine)",K56.6,0.9894188046455383,,,,,
522,3,输尿管,ureter,N13.5,0.9604789614677429,,,,,
522,4,伴有感染,with infection,N13.6,0.9956918954849243,,,,,
522,3,腕(后天性),wrist (acquired),M21.8,0.9609843492507935,,,,,
522,4,先天性,congenital,Q74.0,0.9196612238883972,,,,,
522,3,尾骨(后天性),coccyx (acquired),M43.8,0.9502736926078796,,,,,
522,4,先天性 NEC,congenital NEC,Q76.4,0.9337538480758667,,,,,
522,3,乙状结肠(曲)(另见梗阻，肠),"sigmoid (flexure) (see also Obstruction, intestine)",K56.6,0.9864810109138489,,,,,
522,2,角化病,"Keratoma, Keratosis",L57.0,0.973664402961731,,,,,
522,3,扁桃体,tonsillaris,J35.8,0.9589062929153442,,,,,
522,3,点状(掌跖),punctata (palmaris et plantaris),L85.2,0.9939465522766113,,,,,
522,3,光线性[光化性],actinic,L57.0,0.9921351075172424,,,,,
522,3,黑色,nigricans,L83,0.9606021046638489,,,,,
522,3,老年性,senile,L57.0,0.9833431243896484,,,,,
522,3,淋球菌性,gonococcal,A54.8+ L86*,0.971621036529541,,,,,
522,3,毛发，后天性,"pilaris, acquired",L85.8,0.9929711222648621,,,,,
522,3,毛囊,follicularis,Q82.8,0.9958008527755737,,,,,
522,4,刺状(脱发性),spinulosa (decalvans),Q82.8,0.9468308687210083,,,,,
522,4,和毛囊周，皮肤穿入性,et parafollicularis in cutem penetrans,L87.0,0.9902803897857666,,,,,
522,4,后天性,acquired,L11.0,0.9833569526672363,,,,,
522,4,维生素A缺乏,vitamin A deficiency,E50.8+ L86*,0.9750442504882812,,,,,
522,4,先天性,congenital,Q82.8,0.9628554582595825,,,,,
522,3,男性生殖器(外),male genital (external),N50.8,0.9875255823135376,,,,,
522,3,女性生殖器 NEC,female genital NEC,N94.8,0.9610219597816467,,,,,
522,3,日光性,solar,L57.0,0.9613122940063477,,,,,
522,3,砷性,arsenical,L85.8,0.9500288367271423,,,,,
522,3,声带,vocal cord,J38.3,0.9692491888999939,,,,,
522,3,维生素A缺乏,vitamin A deficiency,E50.8+ L86*,0.9871581792831421,,,,,
522,3,先天性，特指的NEC,"congenital, specified NEC",Q80.8,0.994989275932312,,,,,
522,3,咽,pharynx,J39.2,0.9867697954177856,,,,,
522,3,阴茎,penile,N48.8,0.9766497015953064,,,,,
522,3,阴囊,scrotal,N50.8,0.9900108575820923,,,,,
522,3,增殖性,vegetans,Q82.8,0.9712291359901428,,,,,
522,3,掌跖(遗传性)(对称性),palmaris et plantaris (inherited) (symmetrical),Q82.8,0.9958024024963379,,,,,
522,4,后天性,acquired,L85.1,0.9788522124290466,,,,,
522,3,脂溢性[老年疣],seborrheic,L82,0.9848207831382751,,,,,
522,3,阻塞性，外耳(道),"obturans, external ear (canal)",H60.4,0.984334409236908,,,,,
523,2,角化不良,Dyskeratosis,L85.8,0.9999809265136719,,,,,
523,3,宫颈(另见发育不良，宫颈),"cervix (see also Dysplasia, cervix)",N87.9,0.9807871580123901,,,,,
523,3,先天性,congenital,Q82.8,0.9678198099136353,,,,,
523,3,子宫NEC,uterus NEC,N85.8,0.9561176300048828,,,,,
523,2,角化不全,Parakeratosis,R23.4,0.995863139629364,,,,,
523,3,杂色的,variegata,L41.0,0.9883244633674622,,,,,
523,2,角化过度(另见 角化病),Hyperkeratosis (see also Keratosis),L85.9,0.9722394347190857,,,,,
523,3,更年期掌跖,palmoplantaris climacterica,L85.1,0.9811792373657227,,,,,
523,3,宫颈(另见发育不良，宫颈),"cervix (see also Dysplasia, cervix)",N87.9,0.9872914552688599,,,,,
523,3,老年性(伴有瘙痒[症]),senile (with pruritus),L57.0,0.9878419041633606,,,,,
523,3,滤泡性,follicularis,Q82.8,0.9910263419151306,,,,,
523,4,穿入性(皮肤),penetrans (in cutem),L87.0,0.9718863368034363,,,,,
523,3,品他病,pinta,A67.1,0.9839380383491516,,,,,
523,3,全身先天性,universalis congenita,Q80.8,0.9681172370910645,,,,,
523,3,声带,vocal cord,J38.3,0.9503374099731445,,,,,
523,3,外阴,vulva,N90.4,0.9739972949028015,,,,,
523,3,由于雅司病(早期)(晚期)(掌或足底),due to yaws (early) (late) (palmar or plantar),A66.3,0.9901695251464844,,,,,
523,2,角化棘皮瘤,Keratoacanthoma,L85.8,0.9999745488166809,,,,,
523,2,角化囊肿(牙源性),Keratocyst (odontogenic),D16.5,0.975280225276947,,,,,
523,2,角膜 - 另见情况,Cornea - see also condition,,0.8982569575309753,,,,,
523,3,扁平,plana,Q13.4,0.9863864779472351,,,,,
523,3,滴状,guttata,H18.4,0.9635438323020935,,,,,
523,2,角膜白斑,Leukoma (cornea),H17.8,0.9808434844017029,,,,,
523,3,粘连性,adherent,H17.0,0.9914222359657288,,,,,
523,2,角膜病变,Keratopathy,H18.9,0.9881736040115356,,,,,
523,3,大疱性,bullous,H18.1,0.9752382040023804,,,,,
523,4,白内障手术后,following cataract surgery,H59.0,0.9897671937942505,,,,,
523,3,带状,band,H18.4,0.9742578864097595,,,,,
523,2,角膜巩膜炎，结核性,"Keratoscleritis, tuberculous",A18.5+ H19.2*,0.9607139825820923,,,,,
523,2,角膜虹膜炎(另见虹膜睫状体炎),Keratoiritis (see also Iridocyclitis),H20.9,0.9907684326171875,,,,,
523,3,结核性,tuberculous,A18.5+ H22.0*,0.9858445525169373,,,,,
523,3,梅毒性,syphilitic,A50.3+ H22.0*,0.9718388319015503,,,,,
523,2,角膜后弹力层突出,Keratodermatocele,H18.7,0.999772310256958,,,,,
523,2,角膜后弹力层膨出,Keratocele,H18.7,0.9996902942657471,,,,,
523,2,角膜积血,Hematocornea,H18.0,0.991252601146698,,,,,
523,2,角膜扩张,Keratectasia,H18.7,0.9504674077033997,,,,,
523,3,先天性,congenital,Q13.4,0.9918800592422485,,,,,
523,2,角膜软化症,Keratomalacia,H18.4,0.9838724732398987,,,,,
523,3,维生素A缺乏,vitamin A deficiency,E50.4+ H19.8*,0.9708533883094788,,,,,
523,2,角膜色素线,Hudson(-Stahli) line,H18.0,0.9679028987884521,,,,,
523,2,角膜血沉着,Keratohemia,H18.0,0.9903935790061951,,,,,
524,2,角膜炎(非溃疡性),Keratitis (nonulcerative),H16.9,0.9807283878326416,,,,,
524,3,伴有溃疡(中心性)(周边性)(穿孔性)(环形),with ulceration (central) (marginal) (perforated) (ring),H16.0,0.9734534621238708,,,,,
524,3,大疱性,bullosa,H16.8,0.9383505582809448,,,,,
524,3,点状,punctata,,0.9919024109840393,,,,,
524,4,麻风性,leprosa,A30+ H19.2*,0.9689080715179443,,,,,
524,4,梅毒性(深层),syphilitic (profunda),A50.3+ H19.2*,0.951953113079071,,,,,
524,3,干燥性,xerotic,H16.8,0.9781726002693176,,,,,
524,4,维生素 A 缺乏,vitamin A deficiency,E50.4+ H19.8*,0.9005991816520691,,,,,
524,3,光化性,actinic,H16.1,0.9811187982559204,,,,,
524,3,化脓性,"purulent, suppurative",H16.8,0.9748948812484741,,,,,
524,3,基质性(非梅毒性),interstitial (nonsyphilitic),H16.3,0.9872745871543884,,,,,
524,4,结核性,tuberculous,A18.5+ H19.2*,0.9808291792869568,,,,,
524,4,梅毒性(先天性)(晚期),syphilitic (congenital) (late),A50.3+ H19.2*,0.983921468257904,,,,,
524,4,疱疹(性)(单纯性),"herpes, herpetic (simplex)",B00.5+ H19.1*,0.9825284481048584,,,,,
524,5,带状疱疹,zoster,B02.3+ H19.2*,0.9608433842658997,,,,,
524,3,见于(由于),in (due to),,0.994783878326416,,,,,
524,4,传染病 NEC,infectious disease NEC,B99+ H19.2*,0.961380124092102,,,,,
524,4,带状疱疹,zoster,B02.3+ H19.2*,0.9796084761619568,,,,,
524,4,棘阿米巴病,acanthamebiasis,B60.1+ H19.2*,0.9708705544471741,,,,,
524,4,寄生虫病NEC,parasitic disease NEC,B89+ H19.2*,0.9612624645233154,,,,,
524,4,结核病,tuberculosis,A18.5+ H19.2*,0.982208251953125,,,,,
524,4,麻疹,measles,B05.8+ H19.2*,0.9800463914871216,,,,,
524,4,梅毒,syphilis,A50.3+ H19.2*,0.9658491611480713,,,,,
524,4,疱疹病毒(单纯性),herpes (simplex) virus,B00.5+ H19.1*,0.9797433614730835,,,,,
524,4,腺病毒,adenovirus,B30.0+ H19.2*,0.9973252415657043,,,,,
524,3,结核性,tuberculous,A18.5+ H19.2*,0.9607744812965393,,,,,
524,3,酒渣鼻,rosacea,L71.8+ H19.3*,0.9687486290931702,,,,,
524,3,淋球菌性(先天性)(产前),gonococcal (congenital) (prenatal),A54.3+ H19.2*,0.9760712385177612,,,,,
524,3,麻疹后,postmeasles,B05.8+ H19.2*,0.945787787437439,,,,,
524,3,梅毒性(先天性)(产前),syphilitic (congenital) (prenatal),A50.3+ H19.2*,0.988628089427948,,,,,
524,3,盘状(单纯性疱疹),disciform(is) (herpes simplex),B00.5+ H19.1*,0.9847533702850342,,,,,
524,4,水痘,varicella,B01.8+ H19.2*,0.9723560214042664,,,,,
524,3,疱疹(性)(单纯性) NEC,"herpes, herpetic (simplex) NEC",B00.5+ H19.1*,0.9551474452018738,,,,,
524,4,带状,zoster,B02.3+ H19.2*,0.9788956046104431,,,,,
524,3,钱币状,nummular,H16.1,0.9684075117111206,,,,,
524,3,浅表性(点状),superficial (punctate),H16.1,0.9842042326927185,,,,,
524,4,伴有结膜炎,with conjunctivitis,H16.2,0.9645439982414246,,,,,
524,3,沙眼性,trachomatous,A71.1,0.9684059023857117,,,,,
524,3,深层,deep,H16.3,0.9549961686134338,,,,,
524,3,石化性,petrificans,H16.8,0.9816749095916748,,,,,
524,3,实质性-见角膜炎，基质性,"parenchymatous - see Keratitis, interstitial",,0.9894901514053345,,,,,
524,3,树状(单纯性疱疹),"arborescens, dendritic(a) (herpes simplex)",B00.5+ H19.1*,0.9770321846008301,,,,,
525,3,水泡状,vesicular,H16.8,0.9885352849960327,,,,,
525,3,丝状,filamentary,H16.1,0.997539758682251,,,,,
525,3,特指的 NEC,specified NEC,H16.8,0.977763295173645,,,,,
525,3,条纹状,striate,H16.1,0.9693082571029663,,,,,
525,3,星状,stellate,H16.1,0.9676584601402283,,,,,
525,3,硬化性,sclerosing,H16.3,0.9797474145889282,,,,,
525,3,晕性,areolar,H16.1,0.9816826581954956,,,,,
525,2,角膜眼色素层炎(另见虹膜睫状体炎),Kerato-uveitis (see also Iridocyclitis),H20.9,0.9961722493171692,,,,,
525,2,角膜真菌病,Keratomycosis,B49+ H19.2*,0.9628562331199646,,,,,
525,3,微黑(掌肌),"nigrans, nigricans (palmaris)",B36.1,0.9875263571739197,,,,,
525,2,角质,Horn,,0.9999666213989258,,,,,
525,3,甲,nail,L60.2,0.9595195651054382,,,,,
525,4,先天性,congenital,Q84.6,0.9514795541763306,,,,,
525,3,皮肤,cutaneous,L85.8,0.9360055923461914,,,,,
525,3,暴露性,exposure,H16.2,0.9731681942939758,,,,,
525,3,传染性,infectious,B30.0+ H19.2*,0.9508150219917297,,,,,
525,3,船坞[流行性角膜结膜炎],shipyard,B30.0+ H19.2*,0.986997127532959,,,,,
525,3,干燥性(舍格伦),sicca (Sjögren's),M35.0+ H19.3*,0.9806596040725708,,,,,
525,3,棘阿米巴性,Acanthamoeba,B60.1+ H19.2*,0.9898777008056641,,,,,
525,3,结核性(小泡性),tuberculous (phlyctenular),A18.5+ H19.2*,0.9666741490364075,,,,,
525,3,流行性,epidemic,B30.0+ H19.2*,0.9652544260025024,,,,,
525,3,麻疹后,postmeasles,B05.8+ H19.2*,0.9723586440086365,,,,,
525,3,疱疹(性)(单纯性),"herpes, herpetic (simplex)",B00.5+ H19.1*,0.9895195364952087,,,,,
525,3,带状,zoster,B02.3+ H19.2*,0.9621994495391846,,,,,
525,3,神经营养性,neurotrophic,H16.2,0.9456785321235657,,,,,
525,3,兔眼性,lagophthalmic,H16.2,0.9913870096206665,,,,,
525,3,腺病毒性,adenoviral,B30.0+ H19.2*,0.9629371166229248,,,,,
525,3,小泡性,phlyctenular,H16.2,0.9699704051017761,,,,,
525,1,jiǎo 绞,,,0.9650380611419678,,,,,
525,2,绞痛(复发性)(腹),Colic (recurrent),R10.4,0.9686471819877625,,,,,
525,3,肠,intestinal,R10.4,0.9521920680999756,,,,,
525,3,胆,biliary,K80.5,0.9677371382713318,,,,,
525,3,胆管(另见胆总管结石病),bile duct (see also Choledocholithiasis),K80.5,0.9932113289833069,,,,,
525,3,胆囊,gallbladder,K80.2,0.973892331123352,,,,,
525,3,胆囊管(另见胆石症),cystic duct (see also Cholelithiasis),K80.2,0.9943384528160095,,,,,
525,3,胆石性,gallstone,K80.2,0.9655328989028931,,,,,
525,4,胆囊或胆囊管(另见胆石症),gallbladder or cystic duct (see also Cholelithiasis),K80.2,0.980877697467804,,,,,
525,3,胆汁性,bilious,R10.4,0.9774786829948425,,,,,
525,3,胆总管,common duct,K80.5,0.9965521693229675,,,,,
526,3,腹部,abdomen,R10.4,0.9470464587211609,,,,,
526,4,心因性,psychogenic,F45.3,0.9831686019897461,,,,,
526,3,肝(管)(另见胆总管结石病),hepatic (duct) (see also Choledocholithiasis),K80.5,0.9874729514122009,,,,,
526,3,画家(铅) NEC,painter's NEC,T56.0,0.9440517425537109,,,,,
526,3,痉挛性,spasmodic,R10.4,0.970585823059082,,,,,
526,3,阑尾,"appendix, appendicular",K38.8,0.9913102388381958,,,,,
526,3,尿道,urethral,N36.8,0.9565373659133911,,,,,
526,4,由于结石,due to calculus,N21.1,0.945909857749939,,,,,
526,3,铅毒性NEC,"Devonshire, lead, saturnine NEC",T56.0,0.985161304473877,,,,,
526,3,肾,"kidney, renal",N23,0.9890025854110718,,,,,
526,3,肾炎,nephritic,N23,0.9764013290405273,,,,,
526,3,输尿管,ureter,N23,0.931271493434906,,,,,
526,3,胃肠气胀,flatulent,R14,0.9892831444740295,,,,,
526,3,心-见心绞痛,Angina,,0.9246851205825806,,,,,
526,3,心因性,psychogenic,F45.3,0.9777281880378723,,,,,
526,3,癔症性,hysterical,F45.3,0.9562242031097412,,,,,
526,3,婴儿,infantile,R10.4,0.9738728404045105,,,,,
526,3,子宫NEC,uterus NEC,N94.8,0.9509598612785339,,,,,
526,4,月经(另见痛经),menstrual (see also Dysmenorrhea),N94.6,0.9924696087837219,,,,,
526,2,绞窄,"Strangulation, strangulated",T71,0.9695735573768616,,,,,
526,3,肠或结肠,"bowel, intestine or colon",K56.2,0.993493914604187,,,,,
526,3,肠系膜,mesentery,K56.2,0.9521609544754028,,,,,
526,4,伴有疝(另见疝，按部位，伴有梗阻),"with hernia (see also Hernia, by site, with obstruction)",K46.0,0.9944904446601868,,,,,
526,5,伴有坏疽(另见疝，按部位，伴有坏疽),"with gangrene (see also Hernia, by site, with gangrene)",K46.1,0.9829954504966736,,,,,
526,3,阑尾,appendix,K38.8,0.9420214891433716,,,,,
526,3,卵巢,ovary,N83.5,0.934485912322998,,,,,
526,3,粘液性(另见窒息，粘液),"mucus (see also Asphyxia, mucus)",T17.9,0.9791089296340942,,,,,
526,3,膀胱颈,bladder-neck,N32.0,0.9941115379333496,,,,,
526,3,膀胱尿道口,vesicourethral orifice,N32.0,0.9810014367103577,,,,,
526,3,脐带-另见压迫，脐带,"umbilical cord - see also Compression, umbilical cord",,0.9893462657928467,,,,,
526,4,胎儿或新生儿,fetus or newborn,P02.5,0.9704712629318237,,,,,
526,3,器官或部位，先天性NEC-见闭锁，按部位,"organ or site, congenital NEC - see Atresia, by site",,0.9847391247749329,,,,,
526,3,疝(另见疝，按部位，伴有梗阻),"hernia (see also Hernia, by site, with obstruction)",K46.0,0.9875032901763916,,,,,
526,4,伴有坏疽(另见疝，按部位，伴有坏疽),"with gangrene (see also Hernia, by site, with gangrene)",K46.1,0.9796299934387207,,,,,
526,3,网膜,omentum,K56.2,0.9664545059204102,,,,,
526,3,胃，由于疝引起的(另见疝，按部位，伴有梗阻),"stomach due to hernia (see also Hernia, by site, with obstruction)",K46.0,0.9885947108268738,,,,,
526,4,伴有坏疽(另见疝，按部位，伴有坏疽),"with gangrene (see also Hernia, by site, with gangrene)",K46.1,0.9805089831352234,,,,,
526,3,引起窒息,asphyxiation or suffocation by,T71,0.9852469563484192,,,,,
527,1,jiǎo 脚,,,,,,,,
527,2,脚气,Kakke,E51.1,0.9978598952293396,,,,,
527,2,脚气病(干性),Beriberi (dry),E51.1,0.9921462535858154,,,,,
527,3,湿性,wet,E51.1,0.9542608261108398,,,,,
527,4,多神经病,polyneuropathy,E51.1+ G63.4*,0.936188817024231,,,,,
527,4,涉及循环系统,involving circulatory system,E51.1+ I98.8*,0.9717444181442261,,,,,
527,1,jiào 教,,,0.9768291115760803,,,,,
527,2,教师结节,Teacher's node or nodule,J38.2,0.9983970522880554,,,,,
527,2,教育条件障碍,Educational handicap,Z55.9,0.9935836791992188,,,,,
527,3,特指的 NEC,specified NEC,Z55.8,0.9536324739456177,,,,,
527,1,jiào 酵,,,0.9705700874328613,,,,,
527,2,酵母氨酸尿症,Saccharopinuria,E72.3,0.9792874455451965,,,,,
527,1,jiē 疖,,,0.820402979850769,,,,,
527,2,疗(病)(另见脓肿，按部位)(另见脓肿，皮肤),"Boil, Button, Furuncle, Furunculosis (see also Abscess, by site)(see also Abscess, cutaneous)",L02.9,0.9760833382606506,,,,,
527,3,阿勒波[东方疖],Aleppo,B55.1,0.9177013635635376,,,,,
527,3,巴格达[东方疖],Baghdad,B55.1,0.9436588287353516,,,,,
527,3,鼻,nose,J34.0,0.9782969951629639,,,,,
527,3,德里[皮肤利什曼病],Delhi,B55.1,0.9679968357086182,,,,,
527,3,东方[皮肤利什曼病],"Biskra, Oriental",B55.1,0.9954581260681152,,,,,
527,3,耳，外,"ear, external",H60.0,0.988062858581543,,,,,
527,3,耳廓,auricle (ear),H60.0,0.9385684132575989,,,,,
527,3,海绵体,corpus cavernosum,N48.2,0.9815866351127625,,,,,
527,3,眶,"orbit, orbital",H05.0,0.9937268495559692,,,,,
527,3,泪,lacrimal,,0.965667724609375,,,,,
527,4,道(管)(囊),passages (duct) (sac),H04.3,0.9535399675369263,,,,,
527,4,腺,gland,H04.0,0.9500807523727417,,,,,
527,3,热带的,tropical,B55.1,0.9581836462020874,,,,,
527,3,胎生,Natal,B55.1,0.9425629377365112,,,,,
527,3,外耳道,external auditory canal,H60.0,0.9941254258155823,,,,,
527,3,外阴,vulva,N76.4,0.9521706700325012,,,,,
527,3,眼睑,eyelid,H00.0,0.9562087655067444,,,,,
527,3,阴唇(大)(小),labium (majus) (minus),N76.4,0.989646315574646,,,,,
527,3,阴茎,penis,N48.2,0.977266252040863,,,,,
527,2,疗孔状畸形(手指),Boutonnière deformity (finger),M20.0,0.9613829851150513,,,,,
528,1,jiē 结,,,,,,,,
528,2,结巴,Stammering,F98.5,0.9643008708953857,,,,,
528,1,jiē 接,,,0.9995918273925781,,,,,
528,2,接触(与),Contact (with),,0.9998891949653625,,,,,
528,3,艾滋病毒,AIDS virus,Z20.6,0.9889373183250427,,,,,
528,3,病毒性肝炎,viral hepatitis,Z20.5,0.9965439438819885,,,,,
528,3,病毒性疾病NEC,viral disease NEC,Z20.8,0.9939046502113342,,,,,
528,3,肠道传染病,intestinalinfectious disease,Z20.0,0.9966782927513123,,,,,
528,3,传染病,communicable disease,Z20.9,0.9903889298439026,,,,,
528,4,病毒性 NEC,viral NEC,Z20.8,0.980841875076294,,,,,
528,4,特指的NEC,specified NEC,Z20.8,0.9664204716682434,,,,,
528,4,性传播的,sexually transmitted,Z20.2,0.9791986346244812,,,,,
528,3,风疹,"German measles, rubella",Z20.4,0.9800156950950623,,,,,
528,3,感染,infection,,0.947285532951355,,,,,
528,4,肠道,intestinal,Z20.0,0.969160795211792,,,,,
528,4,人类免疫缺陷病毒,human immunodeficiency virus (HIV),Z20.6,0.9547415971755981,,,,,
528,4,特指的NEC,specified NEC,Z20.8,0.9874783158302307,,,,,
528,4,性传播,sexually transmitted,Z20.2,0.9625755548477173,,,,,
528,3,霍乱,cholera,Z20.0,0.9846884608268738,,,,,
528,3,脊髓灰质炎,poliomyelitis,Z20.8,0.9860755801200867,,,,,
528,3,寄生虫病,parasitic disease,Z20.7,0.9636361598968506,,,,,
528,3,结核病,tuberculosis,Z20.1,0.9553015828132629,,,,,
528,3,狂犬病,rabies,Z20.3,0.978631854057312,,,,,
528,3,淋病,gonorrhea,Z20.2,0.9655312299728394,,,,,
528,3,螨病,acariasis,Z20.7,0.9627079963684082,,,,,
528,3,梅毒,syphilis,Z20.2,0.9522514343261719,,,,,
528,3,侵染(寄生虫性) NEC,infestation (parasitic) NEC,Z20.7,0.9657504558563232,,,,,
528,4,人类免疫缺陷病毒,human immunodeficiency virus (HIV),Z20.6,0.9942818880081177,,,,,
528,3,虱病,pediculosis,Z20.7,0.9918729066848755,,,,,
528,3,天花(实验室的),smallpox (laboratory),Z20.8,0.9790696501731873,,,,,
528,3,性病,venereal disease,Z20.2,0.9771891832351685,,,,,
528,3,性传播疾病,sexually transmitted disease,Z20.2,0.9706311821937561,,,,,
528,2,接合菌病,Zygomycosis,B46.9,0.9869229197502136,,,,,
528,3,特指的 NEC,specified NEC,B46.8,0.992050051689148,,,,,
528,2,接连的 - 见情况,Consecutive - see condition,,0.9626496434211731,,,,,
529,2,接种,"Inoculation, Vaccination",,0.9996311664581299,,,,,
529,3,并发症或反应-见并发症，接种,"complication or reaction - see Complications, vaccination",,0.9969370365142822,,,,,
529,3,未进行,not done,Z28.9,0.9662394523620605,,,,,
529,4,特指的理由 NEC,specified reason NEC,Z28.8,0.9681635499000549,,,,,
529,4,由于,"because of, due to",,0.8069663047790527,,,,,
529,5,病人的决定NEC,patient's decision NEC,Z28.2,0.9816425442695618,,,,,
529,6,信仰或群体压力的原因,for reason of belief or group pressure,Z28.1,0.9785850644111633,,,,,
529,5,禁忌证,contraindication,Z28.0,0.9817537069320679,,,,,
529,3,预防(为抗),prophylactic (against),Z26.9,0.9577454924583435,,,,,
529,4,白喉(仅),diphtheria (alone),Z23.6,0.9744431972503662,,,,,
529,4,白喉-破伤风-百日咳联合[DTP],diphtheria-tetanus-pertussis combined (DTP),Z27.1,0.9737744331359863,,,,,
529,5,和,with,,0.7373818159103394,,,,,
529,6,脊髓灰质炎[DTP+脊灰],poliomyelitis (DTP + polio),Z27.3,0.9754217267036438,,,,,
529,6,伤寒-副伤寒[DTP+TAB],typhoid-paratyphoid (DTP + TAB),Z27.2,0.9888342618942261,,,,,
529,4,百日咳(仅),pertussis (alone),Z23.7,0.9465218782424927,,,,,
529,4,病毒性肝炎,viral hepatitis,Z24.6,0.9834232330322266,,,,,
529,4,风疹(仅),rubella (alone),Z24.5,0.9796070456504822,,,,,
529,4,黄热病,yellow fever,Z24.3,0.9480268359184265,,,,,
529,4,霍乱(仅),cholera (alone),Z23.0,0.9592815041542053,,,,,
529,5,和伤寒-副伤寒[霍乱+TAB],with typhoid-paratyphoid (cholera + TAB),Z27.0,0.9872905015945435,,,,,
529,4,疾病(单一的),disease (single),Z26.9,0.9581547975540161,,,,,
529,5,病毒性 NEC,viral NEC,Z25.8,0.9376593828201294,,,,,
529,5,复合的,combinations,Z27.9,0.9373102784156799,,,,,
529,6,特指的NEC,specified NEC,Z27.8,0.9751429557800293,,,,,
529,5,特指的 NEC,specified NEC,Z26.8,0.949589729309082,,,,,
529,5,细菌性NEC,bacterial NEC,Z23.8,0.9715780019760132,,,,,
529,4,脊髓灰质炎,poliomyelitis,Z24.0,0.9567082524299622,,,,,
529,4,节肢动物媒介的病毒性脑炎,"encephalitis, viral, arthropod-borne",Z24.1,0.9852420687675476,,,,,
529,4,结核病[BCG],tuberculosis (BCG),Z23.2,0.9898365139961243,,,,,
529,4,狂犬病,rabies,Z24.2,0.9674907326698303,,,,,
529,4,利什曼病,leishmaniasis,Z26.0,0.9902352690696716,,,,,
529,4,流感,influenza,Z25.1,0.9812431335449219,,,,,
529,4,流行性腮腺炎(仅),mumps (alone),Z25.0,0.9809498190879822,,,,,
529,4,麻疹(仅),measles (alone),Z24.4,0.9801480174064636,,,,,
529,4,麻疹-流行性腮腺炎风疹[MMR],measles-mumps-rubella (MMR),Z27.4,0.9786756038665771,,,,,
529,4,破伤风类毒素(仅),tetanus toxoid (alone),Z23.5,0.9876283407211304,,,,,
529,4,普通感冒,common cold,Z25.8,0.9773255586624146,,,,,
529,4,伤寒-副伤寒[TAB](仅),typhoid-paratyphoid (TAB) (alone),Z23.1,0.9532653093338013,,,,,
529,4,鼠疫,plague,Z23.3,0.9908082485198975,,,,,
529,4,天花,smallpox,Z25.8,0.9616684317588806,,,,,
529,4,土拉菌病,tularemia,Z23.4,0.9645000696182251,,,,,
530,1,jié 节,,,,,,,,
530,2,节段性肠炎-现译名 局限性肠炎,Regional enteritis,,0.9813824892044067,,,,,
530,2,节律,Rhythm,,0.9999944567680359,,,,,
530,3,房室结性,atrioventricular nodal,I49.8,0.9550933241844177,,,,,
530,3,结性,nodal,I49.8,0.9548140168190002,,,,,
530,3,睡眠，反常,"sleep, inversion",G47.2,0.9981761574745178,,,,,
530,3,脱逸,escape,I49.9,0.9790346622467041,,,,,
530,3,紊乱,disorder,I49.9,0.9516405463218689,,,,,
530,4,冠状窦,coronary sinus,I49.8,0.9713500738143921,,,,,
530,4,结性,nodal,I49.8,0.9674803614616394,,,,,
530,4,异位,ectopic,I49.8,0.9804390668869019,,,,,
530,3,心室自身,idioventricular,I44.2,0.9979566931724548,,,,,
530,3,心脏，异常的,"heart, abnormal",I49.9,0.976006269454956,,,,,
530,2,节律障碍,Dysrhythmia,,0.9994768500328064,,,,,
530,3,大脑或皮质(另见癫疯),cerebral or cortical (see also Epilepsy),G40.9,0.955938994884491,,,,,
530,3,心脏,cardiac,I49.9,0.9800786972045898,,,,,
530,4,手术后,postoperative,I97.8,0.960249125957489,,,,,
530,5,心脏外科手术的远期效应,long-term effect of cardiac surgery,I97.1,0.9791620969772339,,,,,
530,4,新生儿,newborn,P29.1,0.9871017336845398,,,,,
530,2,节旁体瘤 - 现译名 神经节细胞瘤,Paraganglioma,,0.8923059105873108,,,,,
530,2,节肢动物媒介性脑炎，澳大利亚,"Arboencephalitis, Australian",A83.4,0.999636173248291,,,,,
530,1,jié 杰,,,0.9904882311820984,,,,,
530,2,杰克逊癫疯或发作(局灶性),Jacksonian epilepsy or seizures (focal),G40.1,0.963092029094696,,,,,
530,2,杰克逊帆,"Veil, Jackson's",Q43.3,0.9999081492424011,,,,,
530,2,杰克逊膜或帆,Jackson's membrane or veil,Q43.3,0.9717989563941956,,,,,
530,1,jié 结,,,0.9717462658882141,,,,,
530,2,结(节)-另见结节,Node(s) - see also Nodule,,0.9960945248603821,,,,,
530,3,奥斯勒,Osler's,I33.0,0.9263042211532593,,,,,
530,3,布沙尔(伴有关节病),Bouchard's (with arthropathy),M15.2,0.984399676322937,,,,,
530,3,歌手,singer's,J38.2,0.9922481179237366,,,,,
530,3,海加思,Haygarth's,M15.8,0.9948036074638367,,,,,
530,3,赫伯登(伴有关节病),Heberden's (with arthropathy),M15.1,0.9983261823654175,,,,,
530,3,喉·,larynx,J38.7,0.9503239393234253,,,,,
530,3,挤奶人,milker's,B08.0,0.9755795001983643,,,,,
530,3,教师,teacher's,J38.2,0.9865562915802002,,,,,
530,3,结核性-见结核，淋巴腺,"tuberculous - see Tuberculosis, lymph gland",,0.9848011136054993,,,,,
530,3,淋巴-见情况,lymph - see condition,,0.9842140078544617,,,,,
530,3,声带,vocal cord,J38.2,0.9801111817359924,,,,,
530,3,施莫尔,Schmorl's,M51.4,0.9737479090690613,,,,,
531,2,结肠的 - 见情况,Colon - see condition,,0.9822443723678589,,,,,
531,2,结肠假息肉病,Pseudopolyposis of colon,K51.4,0.9799373745918274,,,,,
531,2,结肠系膜的 - 见情况,Mesocolon - see condition,,0.970093309879303,,,,,
531,2,结肠下垂,Coloptosis,K63.4,0.9941339492797852,,,,,
531,2,结肠炎(急性)(卡他性)(出血性)(另见小肠炎),Colitis (acute) (catarrhal) (hemorrhagic) (see also Enteritis),A09.9,0.9723662734031677,,,,,
531,3,慢性(非传染性),chronic (noninfectious),K52.9,0.9968218803405762,,,,,
531,3,阿米巴(急性)(另见阿米巴病),amebic (acute) (see also Amebiasis),A06.0,0.969479501247406,,,,,
531,4,非痢疾性,nondysenteric,A06.2,0.9883617758750916,,,,,
531,3,变应性,allergic,K52.2,0.9834653735160828,,,,,
531,3,传染性(另见小肠炎，传染性),"infectious (see also Enteritis, infectious)",A09.0,0.9905975461006165,,,,,
531,3,非传染性,noninfectious,K52.9,0.9508934020996094,,,,,
531,4,特指的NEC,specified NEC,K52.8,0.9595207571983337,,,,,
531,3,贾第虫,giardial,A07.1,0.9910157322883606,,,,,
531,3,假膜性,pseudomembranous,A04.7,0.9622249603271484,,,,,
531,3,结核性(溃疡性),tuberculous (ulcerative),A18.3+ K93.0*,0.9805861115455627,,,,,
531,3,痉挛性,spastic,K58.9,0.963853657245636,,,,,
531,4,伴有腹泻,with diarrhea,K58.0,0.9416342377662659,,,,,
531,3,局限性,regional,K50.1,0.9625999331474304,,,,,
531,3,溃疡性(慢性),ulcerative (chronic),K51.9,0.9867403507232666,,,,,
531,4,特指的 NEC,specified NEC,K51.8,0.9729543328285217,,,,,
531,3,毛滴虫性,trichomonal,A07.8,0.986347496509552,,,,,
531,3,脓毒性(另见小肠炎，传染性),"septic (see also Enteritis, infectious)",A09.0,0.9963207244873047,,,,,
531,3,浅层囊性,cystica superficialis,K52.8,0.9779050350189209,,,,,
531,3,球虫性,coccidial,A07.3,0.9886194467544556,,,,,
531,3,全，溃疡性(慢性),"pan-, ulcerative (chronic)",K51.0,0.9959996342658997,,,,,
531,3,缺血性,ischemic,K55.9,0.9688552618026733,,,,,
531,4,急性(暴发性)(亚急性),acute (fulminant) (subacute),K55.0,0.9849358797073364,,,,,
531,4,慢性,chronic,K55.1,0.9830160140991211,,,,,
531,3,肉芽肿性,granulomatous,K50.1,0.9873539805412292,,,,,
531,3,食物过敏性,food hypersensitivity,K52.2,0.9698697924613953,,,,,
531,3,炭疽,anthrax,A22.2,0.9638798832893372,,,,,
531,3,未定性,indeterminate,K52.3,0.9891656637191772,,,,,
531,3,息肉样,polyposa,K51.4,0.9535536766052246,,,,,
531,3,细菌性(另见感染，志贺菌),"bacillary (see also Infection, Shigella)",A03.9,0.9950731992721558,,,,,
531,3,小袋虫性,balantidial,A07.0,0.9651613235473633,,,,,
531,3,饮食性,dietetic,K52.2,0.9666053652763367,,,,,
531,3,饮食咨询和监督(为),dietary counseling and surveillance (for),Z71.3,0.9930206537246704,,,,,
531,3,由于辐射,due to radiation,K52.0,0.9591640830039978,,,,,
531,3,原虫性,protozoal,A07.9,0.9869972467422485,,,,,
531,3,中毒性,toxic,K52.1,0.9681461453437805,,,,,
531,3,左侧，左半侧,"left sided, hemi-, left",K51.5,0.987217903137207,,,,,
532,3,安装或调节,fitting or adjustment,Z46.5,0.9987735748291016,,,,,
532,3,机能障碍,malfunctioning,K91.4,0.9777048230171204,,,,,
532,3,维护,attention to,Z43.3,0.9826511740684509,,,,,
532,3,状态,status,Z93.3,0.9570155739784241,,,,,
532,2,结缔组织的 - 见情况,Connective tissue - see condition,,0.9714231491088867,,,,,
532,2,结构不良,Dysplasia,,0.9999610185623169,,,,,
532,3,多骨纤维性,polyostotic fibrous,Q78.1,0.9835583567619324,,,,,
532,3,纤维性,fibrous,,0.9643934965133667,,,,,
532,4,单发性,monostotic,M85.0,0.9796064496040344,,,,,
532,4,多骨,polyostotic,Q78.1,0.8805879354476929,,,,,
532,4,骨NEC,bone NEC,M85.0,0.9650233387947083,,,,,
532,4,骨干，进行性,"diaphyseal, progressive",Q78.3,0.9704371690750122,,,,,
532,4,颌骨,jaw,K10.8,0.9176005721092224,,,,,
532,2,结核，结核性(干酪样)(变性)(坏疽)(坏死),"Tuberculosis, tubercular, tuberculous (caseous) (degeneration) (gangrene) (necrosis)",A16.9,0.9811813831329346,,,,,
532,3,艾迪生病,Addison's disease,A18.7+ E35.1*,0.9526415467262268,,,,,
532,3,伴有肺尘埃沉着病(在J60-J64中的任何情况),with pneumoconiosis (any condition in J60-J64),J65,0.9972586631774902,,,,,
532,3,包皮,prepuce,A18.1+ N51.8*,0.9632380604743958,,,,,
532,3,鼻(道)(窦),nasal (passage) (sinus),A16.8,0.9787400960922241,,,,,
532,4,伴有细菌学和组织学证实,with bacteriological and histological confirmation,A15.8,0.9869459867477417,,,,,
532,3,鼻(中隔),nose (septum),A16.8,0.9723376035690308,,,,,
532,4,伴有细菌学和组织学证实,with bacteriological and histological confirmation,A15.8,0.9835841059684753,,,,,
532,3,鼻旁窦-见结核，窦道,"accessory sinus - see Tuberculosis, sinus",,0.9843379259109497,,,,,
532,3,鼻咽,nasopharynx,A16.8,0.9537942409515381,,,,,
532,4,伴有细菌学和组织学证实,with bacteriological and histological confirmation,A15.8,0.9907428026199341,,,,,
532,3,鼻炎,rhinitis,A16.8,0.9653352499008179,,,,,
532,3,扁桃体，扁桃体炎,"tonsil, tonsillitis",A16.8,0.9797292947769165,,,,,
532,4,伴有细菌学和组织学证实,with bacteriological and histological confirmation,A15.8,0.9901557564735413,,,,,
532,3,并发于妊娠、分娩或产褥期,"complicating pregnancy, childbirth or puerperium",O98.0,0.9847540259361267,,,,,
532,4,影响到胎儿或新生儿,affecting fetus or newborn,P00.2,0.9902602434158325,,,,,
532,3,播散性(另见结核，粟粒性),"disseminated (see also Tuberculosis, miliary)",A19.9,0.9881131649017334,,,,,
532,3,肠(粟粒性)(任何部分),"bowel, intestine (miliary) (any part)",A18.3+ K93.0*,0.9723061919212341,,,,,
532,3,肠系膜(淋巴腺或淋巴结),"mesentery, mesenteric (gland or node)",A18.3+ K93.0*,0.9876851439476013,,,,,
532,3,耻骨联合,symphysis pubis,A18.0+ M01.1*,0.9825300574302673,,,,,
532,3,初发感染,first infection,A16.7,0.9951402544975281,,,,,
532,4,伴有细菌学和组织学证实,with bacteriological and histological confirmation,A15.7,0.9806464314460754,,,,,
532,3,出血NEC-见结核，肺,"hemorrhage NEC - see Tuberculosis, pulmonary",,0.9893040657043457,,,,,
532,3,垂体,pituitary gland,A18.8+ E35.8*,0.9876221418380737,,,,,
532,3,唇,lip,A18.8+ K93.8*,0.9322630763053894,,,,,
533,3,大脑,"cerebrum, cerebral",A17.8+ G07*,0.9743562936782837,,,,,
533,3,胆囊,gallbladder,A18.8+ K87.0*,0.9754059910774231,,,,,
533,3,道格拉斯陷窝,cul-de-sac of Douglas,A18.1+ N74.1*,0.9673201441764832,,,,,
533,3,骶骨,sacrum,A18.0+ M49.0*,0.9744248986244202,,,,,
533,3,骶髂关节炎,sacroiliac (joint),A18.0+ M49.0*,0.974848747253418,,,,,
533,3,动脉，动脉炎,"artery, arteritis",A18.8+ I79.8*,0.9593032002449036,,,,,
533,4,大脑,cerebral,A18.8+ I68.1*,0.9528146982192993,,,,,
533,3,动脉内膜炎,endarteritis,A18.8+ I79.8*,0.9818322062492371,,,,,
533,3,窦道(任何鼻窦的),sinus (any nasal),A16.8,0.9749348759651184,,,,,
533,4,伴有细菌学和组织学证实,with bacteriological and histological confirmation,A15.8,0.9971615672111511,,,,,
533,4,附睾,epididymis,A18.1+ N51.1*,0.986791729927063,,,,,
533,4,骨,bone,A18.0+ M90.0*,0.9274742007255554,,,,,
533,3,多发性,multiple,A19.9,0.9657753109931946,,,,,
533,4,急性,acute,A19.1,0.9897596836090088,,,,,
533,4,慢性,chronic,A19.8,0.981377124786377,,,,,
533,3,多浆膜炎,polyserositis,A19.9,0.9775029420852661,,,,,
533,4,急性,acute,A19.1,0.962127149105072,,,,,
533,4,慢性,chronic,A19.8,0.9902597069740295,,,,,
533,3,多神经病,polyneuropathy,A17.8+ G63.0*,0.9774944186210632,,,,,
533,3,恶病质NEC,cachexia NEC,A16.9,0.9452656507492065,,,,,
533,3,腭(软),palate (soft),A18.8+ K93.8*,0.954691469669342,,,,,
533,3,耳(内)(中),ear (inner) (middle),A18.6,0.98941570520401,,,,,
533,4,骨,bone,A18.0+ M90.0*,0.9743072986602783,,,,,
533,4,皮肤(原发性),skin (primary),A18.4,0.9817211627960205,,,,,
533,4,外(原发性),external (primary),A18.4,0.973565936088562,,,,,
533,3,肺(空洞性)(纤维变性)(浸润性)(结节性),"lung, pulmonalis, pulmonary(cavitated) (fibrotic) (infiltrative) (nodular)",A16.2,0.976674497127533,,,,,
533,4,不伴有提及细菌学或组织学证实,without mention of bacteriological or histological confirmation,A16.2,0.9789491295814514,,,,,
533,4,儿童期型或初发感染,childhood type or first infection,A16.7,0.981645405292511,,,,,
533,5,伴有细菌学和组织学证实,with bacteriological and histological confirmation,A15.7,0.9935089945793152,,,,,
533,4,确定的,confirmed (by),,0.931279182434082,,,,,
533,5,被未特指的方法,unspecified means,A15.3,0.9856377243995667,,,,,
533,5,被显微镜下痰检查，伴有或不伴有痰培养,sputum microscopy with or without culture,A15.0,0.9838598370552063,,,,,
533,5,被组织学,histologically,A15.2,0.9510237574577332,,,,,
533,5,仅被培养,culture only,A15.1,0.9850339889526367,,,,,
533,4,未做细菌学和组织学检查的,bacteriological and histological examination not done,A16.1,0.97153240442276,,,,,
533,4,细菌学和组织学检查为阴性,bacteriologically and histologically negative,A16.0,0.9762707948684692,,,,,
533,4,原发性(复合性),primary (complex),A16.7,0.9681228399276733,,,,,
533,5,伴有细菌学和组织学证实,with bacteriological and histological confirmation,A15.7,0.9925182461738586,,,,,
534,3,肺尖-见结核，肺,"apex, apical - see Tuberculosis, pulmonary",,0.9844737648963928,,,,,
534,3,肺门淋巴结,hilar lymph nodes,A16.3,0.9696844220161438,,,,,
534,4,伴有细菌学和组织学证实,with bacteriological and histological confirmation,A15.4,0.9447345733642578,,,,,
534,4,原发性(进行性),primary (progressive),A16.7,0.9583159685134888,,,,,
534,5,伴有细菌学和组织学证实,with bacteriological and histological confirmation,A15.7,0.9874634146690369,,,,,
534,3,肺炎型-见结核，肺,"pneumonia, pneumonic - see Tuberculosis, pulmonary",,0.9929569363594055,,,,,
534,3,风湿病NEC,rheumatism NEC,A18.0+ M01.1*,0.9712610840797424,,,,,
534,3,蜂窝织炎(原发性),cellulitis (primary),A18.4,0.9909518957138062,,,,,
534,3,附睾，附睾炎,"epididymis, epididymitis",A18.1+ N51.1*,0.9835560917854309,,,,,
534,3,附件(子宫),adnexa (uteri),A18.1+ N74.1*,0.9914082884788513,,,,,
534,3,复合性，原发性,"complex, primary",A16.7,0.982941746711731,,,,,
534,4,伴有细菌学和组织学证实,with bacteriological and histological confirmation,A15.7,0.9921146035194397,,,,,
534,3,腹部(淋巴腺),abdomen (lymph gland),A18.3+ K93.0*,0.9878256916999817,,,,,
534,3,腹股沟,inguinalis,A18.2,0.9901914000511169,,,,,
534,3,腹股沟腺,inguinal gland,A18.2,0.9966467618942261,,,,,
534,3,腹膜NEC,peritoneum NEC,A18.3+ K93.0*,0.9638523459434509,,,,,
534,3,腹膜后(淋巴腺或淋巴结),retroperitoneal (lymph gland or node),A18.3,0.996207058429718,,,,,
534,3,腹膜炎,peritonitis,A18.3+ K67.3*,0.9902240037918091,,,,,
534,3,腹水,ascites,A18.3,0.9621853232383728,,,,,
534,3,腹泻,diarrhea,A18.3+ K93.0*,0.9795989394187927,,,,,
534,3,肝，肝炎,"liver, hepatitis",A18.8+ K77.0*,0.9768615961074829,,,,,
534,3,感染,infection,A16.9,0.9736725091934204,,,,,
534,4,伴有细菌学和组织学证实,with bacteriological and histological confirmation,A15.9,0.9909674525260925,,,,,
534,4,不伴有临床表现,without clinical manifestations,A16.7,0.9871012568473816,,,,,
534,5,伴有细菌学和组织学证实,with bacteriological and histological confirmation,A15.7,0.9970119595527649,,,,,
534,3,肛门,anus,A18.3+ K93.0*,0.9850507378578186,,,,,
534,3,睾丸，睾丸炎,"testis, orchitis",A18.1+ N51.1*,0.9692171812057495,,,,,
534,3,宫颈炎,"cervix (uteri), cervicitis",A18.1+ N74.0*,0.9725221395492554,,,,,
534,3,巩膜，巩膜外层炎,"sclera, episcleritis",A18.5+ H19.0*,0.986072301864624,,,,,
534,3,骨,"bone, osseous",A18.0+ M90.0*,0.9548593759536743,,,,,
534,4,骶,sacrum,A18.0+ M49.0*,0.9881494641304016,,,,,
534,4,脊柱或脊(椎),spine or vertebra (column),A18.0+ M49.0*,0.9835919737815857,,,,,
534,4,髋,hip,A18.0+ M01.1*,0.9914731383323669,,,,,
534,4,膝,knee,A18.0+ M01.1*,0.9651392102241516,,,,,
534,4,肢NEC,limb NEC,A18.0+ M90.0*,0.9629178047180176,,,,,
534,3,骨疽(另见结核，骨),"caries (see also Tuberculosis, bone)",A18.0+ M90.0*,0.9791310429573059,,,,,
534,3,骨膜炎(另见结核，骨),"periostitis (see also Tuberculosis, bone)",A18.0+ M90.0*,0.9823819398880005,,,,,
534,3,骨盆(骨性),pelvis (bony),A18.0+ M90.0*,0.9762373566627502,,,,,
535,3,骨髓炎(另见结核，骨),"osteomyelitis (see also Tuberculosis, bone)",A18.0+ M90.0*,0.9775434136390686,,,,,
535,3,骨炎(另见结核，骨),"osteitis (see also Tuberculosis, bone)",A18.0+ M90.0*,0.9842724204063416,,,,,
535,3,骨骼NEC,skeletal NEC,A18.0+ M90.0*,0.9770949482917786,,,,,
535,3,关节,"articular, joint",A18.0+ M01.1*,0.9706833958625793,,,,,
535,4,椎骨,vertebral,A18.0+ M49.0*,0.9780337810516357,,,,,
535,3,关节炎(慢性)(滑膜),arthritis (chronic) (synovial),A18.0+ M01.1*,0.9842386245727539,,,,,
535,4,脊柱或脊(椎),spine or vertebra(column),A18.0+ M49.0*,0.9878376722335815,,,,,
535,3,颌,jaw,A18.0+ M90.0*,0.965346097946167,,,,,
535,3,颌下(部),submaxillary (region),A18.8+ K93.8*,0.9891045689582825,,,,,
535,3,黑变病，艾迪生病,"melanosis, Addisonian",A18.7+ E35.1*,0.9750246405601501,,,,,
535,3,虹膜，虹膜炎,"iris, iritis",A18.5+ H22.0*,0.9682985544204712,,,,,
535,3,虹膜睫状体炎,iridocyclitis,A18.5+ H22.0*,0.9805103540420532,,,,,
535,3,红斑(硬结性)(结节性)(原发性),erythema (induratum) (nodosum) (primary),A18.4,0.9831621646881104,,,,,
535,3,喉，喉炎,"larynx, laryngitis",A16.4,0.9963617920875549,,,,,
535,4,伴有细菌学和组织学证实,with bacteriological and histological confirmation,A15.5,0.9884033799171448,,,,,
535,3,呼吸道,respiratory,A16.9,0.9902215003967285,,,,,
535,4,伴有细菌学和组织学证实,with bacteriological and histological confirmation,A15.9,0.9942086338996887,,,,,
535,4,特指部位NEC,specified site NEC,A16.8,0.9950276613235474,,,,,
535,5,伴有细菌学和组织学证实,with bacteriological and histological confirmation,A15.8,0.9877533316612244,,,,,
535,4,原发性,primary,A16.7,0.9758906364440918,,,,,
535,5,伴有细菌学和组织学证实,with bacteriological and histological confirmation,A15.7,0.9882217049598694,,,,,
535,3,滑膜炎,synovitis,A18.0+ M68.0*,0.9736075401306152,,,,,
535,4,关节,articular,A18.0+ M01.1*,0.9706919193267822,,,,,
535,4,脊柱或脊椎,spine or vertebra,A18.0+ M49.0*,0.9834586977958679,,,,,
535,3,滑囊,bursa,A18.0+ M01.1*,0.962352454662323,,,,,
535,3,踝(关节),ankle (joint),A18.0+ M01.1*,0.9831474423408508,,,,,
535,3,回肠，回肠结肠炎,"ileum, ileocolitis",A18.3+ K93.0*,0.9905039668083191,,,,,
535,3,回盲部(增生性),ileocecal (hyperplastic),A18.3+ K93.0*,0.9806303977966309,,,,,
535,3,会厌,epiglottis,A16.4,0.9980217218399048,,,,,
535,4,伴有细菌学和组织学证实,with bacteriological and histological confirmation,A15.5,0.970409631729126,,,,,
535,3,肌肉,muscle,A18.8+ M63.0*,0.982985258102417,,,,,
535,3,脊(柱)(椎),"vertebra, spine, spinal (column)",A18.0+ M49.0*,0.9920297861099243,,,,,
535,4,膜,membrane,A17.0+ G01*,0.9812795519828796,,,,,
535,4,脑膜,meninges,A17.0+ G01*,0.9912298917770386,,,,,
535,4,髓，髓质,"cord, medulla",A17.8+ G07*,0.9498807191848755,,,,,
535,3,脊髓炎,myelitis,A17.8+ G05.0*,0.9656413793563843,,,,,
535,3,脊柱侧弯,scoliosis,A18.0+ M49.0*,0.9746440052986145,,,,,
535,3,脊柱后凸，脊柱后侧凸,"kyphosis, kyphoscoliosis",A18.0+ M49.0*,0.994724690914154,,,,,
535,3,脊柱前凸,lordosis,A18.0+ M49.0*,0.9870663285255432,,,,,
536,3,脊柱弯曲,"curvature, spine",A18.0+ M49.0*,0.9798691868782043,,,,,
536,3,脊柱炎[脊椎炎],spondylitis,A18.0+ M49.0*,0.9917519092559814,,,,,
536,3,颊窝,buccal cavity,A18.8+ K93.8*,0.9546690583229065,,,,,
536,3,甲沟炎(原发性),paronychia (primary),A18.4,0.9732054471969604,,,,,
536,3,甲状旁腺,parathyroid glands,A18.8+ E35.8*,0.9737017154693604,,,,,
536,3,甲状腺,thyroid gland,A18.8+ E35.0*,0.9681240320205688,,,,,
536,3,肩(关节),shoulder (joint),A18.0+ M01.1*,0.9499439001083374,,,,,
536,4,胛,blade,A18.0+ M90.0*,0.9599707126617432,,,,,
536,3,睑板炎,tarsitis,A18.4+ H03.1*,0.9732706546783447,,,,,
536,3,腱(鞘)-见结核，腱鞘炎,"tendon (sheath) - see Tuberculosis, tenosynovitis",,0.9922747015953064,,,,,
536,3,腱鞘囊肿,ganglion,A18.0+ M68.0*,0.9883554577827454,,,,,
536,3,腱鞘炎,tenosynovitis,A18.0+ M68.0*,0.9902340173721313,,,,,
536,4,脊柱或脊椎,spine or vertebra,A18.0+ M49.0*,0.9772725105285645,,,,,
536,3,角膜(溃疡),cornea (ulcer),A18.5+ H19.2*,0.9751746654510498,,,,,
536,3,角膜结膜炎,keratoconjunctivitis,A18.5+ H19.2*,0.9828810691833496,,,,,
536,3,角膜炎(基质性),keratitis (interstitial),A18.5+ H19.2*,0.9792857766151428,,,,,
536,3,结肠，结肠炎,"colon, colitis",A18.3+ K93.0*,0.9905586838722229,,,,,
536,3,结缔组织(全身性),connective tissue (systemic),A18.8+ M36.8*,0.9915998578071594,,,,,
536,3,结膜,conjunct.va,A18.5+ H13.1*,0.9714251756668091,,,,,
536,3,睫状体,ciliary tody,A18.5+ H22.0*,0.9486528038978577,,,,,
536,3,筋膜,fascia,A18.8+ M73.8*,0.9793541431427002,,,,,
536,3,仅免疫学所见,immunological findings only,A16.7,0.9870352149009705,,,,,
536,3,精管或精囊,seminal tract or vesicle,A18.1+ N51.8*,0.9857457280158997,,,,,
536,3,精囊炎,vesiculitis,A18.1+ N51.8*,0.988167405128479,,,,,
536,3,精索,spermatic cord,A18.1+ N51.8*,0.9812963008880615,,,,,
536,3,颈(淋巴腺或淋巴结),cervical (lymph gland or node),A18.2,0.9817626476287842,,,,,
536,3,颈腺,neck gland,A18.2,0.9672073721885681,,,,,
536,3,咯血-见结核，肺,"hemoptysis - see Tuberculosis, pulmonary",,0.9935175776481628,,,,,
536,3,考珀腺[尿道球腺],Cowper's gland,A18.1+ N51.8*,0.9810011386871338,,,,,
536,3,空肠,jejunum,A18.3+ K93.0*,0.9829251766204834,,,,,
536,3,口腔,mouth,A18.8+ K93.8*,0.9687874913215637,,,,,
536,3,髋(骨)(病)(关节),hip (bone) (disease) (joint),A18.0+ M01.1*,0.9885966777801514,,,,,
536,3,髋关节,coxae,A18.0+ M01.1*,0.9779796600341797,,,,,
536,3,髋痛,coxalgia,A18.0+ M01.1*,0.9815350770950317,,,,,
536,3,矿工,"collier's, miner's",J65,0.9383661150932312,,,,,
536,3,眶,orbit,A18.5,0.9740650653839111,,,,,
536,3,溃疡(原发性)(皮肤),ulcer (primary) (skin),A18.4,0.9803265333175659,,,,,
536,4,肠,bowel or intestine,A18.3+ K93.0*,0.9783851504325867,,,,,
536,4,特指的NEC-作为结核，按部位编码,"specified NEC - code as Tuberculosis, by site",,0.983852207660675,,,,,
536,3,阔韧带,broad ligament,A18.1+ N74.1*,0.991849422454834,,,,,
536,3,阑尾炎,"appendix, appendicitis",A18.3+ K93.0*,0.9485979676246643,,,,,
536,3,痨病 NEC - 见 结核，肺,"phthisis NEC - see Tuberculosis, pulmonary",,0.8874401450157166,,,,,
537,3,痢疾,dysentery,A18.3+ K93.0*,0.961152970790863,,,,,
537,3,淋巴(腺)(管)-见结核，淋巴腺,"lymphatic (gland) (vessel) - see Tuberculosis, lymph gland",,0.9883370399475098,,,,,
537,3,淋巴管炎-见结核，淋巴腺,"lymphangitis - see Tuberculosis, lymph gland",,0.9756649732589722,,,,,
537,3,淋巴结结核性,scrofulous,A18.2,0.9838221073150635,,,,,
537,3,淋巴结炎 -见 结核，淋巴腺,"lymphadenitis - see Tuberculosis, lymph gland",,0.9416349530220032,,,,,
537,3,淋巴腺或淋巴结(周围),lymph gland or node (peripheral),A18.2,0.9830644130706787,,,,,
537,4,肠系膜,mesenteric,A18.3+ K93.0*,0.968241274356842,,,,,
537,4,肺门,hilar,A16.3,0.9125925898551941,,,,,
537,5,伴有细菌学和组织学证实,with bacteriological and histological confirmation,A15.4,0.9844473600387573,,,,,
537,5,原发性(进行性),primary (progressive),A16.7,0.9674649834632874,,,,,
537,6,伴有细菌学和组织学证实,with bacteriological and histological confirmation,A15.7,0.9722270965576172,,,,,
537,4,腹部,abdomen,A18.3,0.9491062164306641,,,,,
537,4,腹膜后,retroperitoneal,A18.3,0.9657451510429382,,,,,
537,4,宫颈,cervical,A18.2,0.9521899819374084,,,,,
537,4,气管支气管,tracheobronchial,A16.3,0.9641777873039246,,,,,
537,5,伴有细菌学和组织学证实,with bacteriological and histological confirmation,A15.4,0.9583715200424194,,,,,
537,5,原发性(进行性),primary(progressive),A16.7,0.969529390335083,,,,,
537,6,伴有细菌学和组织学证实,with bacteriological and histological confirmation,A15.7,0.9778159856796265,,,,,
537,4,胸内,intrathoracic,A16.3,0.985925018787384,,,,,
537,5,伴有细菌学和组织学证实,with bacteriological and histological confirmation,A15.4,0.9904590249061584,,,,,
537,5,原发性(进行性),primary (progressive),A16.7,0.9727804660797119,,,,,
537,6,伴有细菌学和组织学证实,with bacteriological and histological confirmation,A15.7,0.9848429560661316,,,,,
537,4,支气管,bronchial,A16.3,0.9450510144233704,,,,,
537,5,伴有细菌学和组织学证实,with bacteriological and histological confirmation,A15.4,0.9910427927970886,,,,,
537,5,原发性(进行性),primary (progressive),A16.7,0.9366759657859802,,,,,
537,6,伴有细菌学和组织学证实,with bacteriological and histological confirmation,A15.7,0.9741141200065613,,,,,
537,4,纵隔,mediastinal,A16.3,0.9565554261207581,,,,,
537,5,伴有细菌学和组织学证实,with bacteriological and histological confirmation,A15.4,0.9766901135444641,,,,,
537,5,原发性(进行性),primary (progressive),A16.7,0.968461275100708,,,,,
537,6,伴有细菌学和组织学证实,with bacteriological and histological confirmation,A15.7,0.980482280254364,,,,,
537,3,卵巢，卵巢炎(急性)(慢性),"ovary, ovaritis, oophoritis (acute) (chronic)",A18.1+ N74.1*,0.9658709764480591,,,,,
537,3,卵巢囊肿,"cyst, ovary",A18.1+ N74.1*,0.9693528413772583,,,,,
537,3,脉络膜，脉络膜炎,"choroid, choroiditis",A18.5+ H32.0*,0.9852959513664246,,,,,
537,3,脉络膜视网膜炎,chorioretinitis,A18.5+ H32.0*,0.9821240305900574,,,,,
537,3,盲肠,cecum,A18.3+ K93.0*,0.9708701372146606,,,,,
538,3,弥漫性(另见结核，粟粒性),"diffuse (see also Tuberculosis, miliary)",A19.9,0.97381591796875,,,,,
538,3,泌尿器官或泌尿道,urinary organ or tract,A18.1,0.9854195713996887,,,,,
538,3,泌尿生殖道,genitourinary,A18.1,0.9799714088439941,,,,,
538,3,磨坊工,grinder's,J65,0.9710115194320679,,,,,
538,3,脑,brain,A17.8+ G07*,0.9808746576309204,,,,,
538,3,脑脊膜炎(基底)(大脑)(脑脊髓)(脊柱),"meninges, meningitis (basilar) (cerebral) (cerebrospinal) (spinal)",A17.0+ G01*,0.985798716545105,,,,,
538,3,脑脊髓,cerebrospinal,A17.8+ G07*,0.9827766418457031,,,,,
538,4,脑脊膜,meninges,A17.0+ G01*,0.9561972618103027,,,,,
538,3,脑膜脑炎,meningoencephalitis,A17.8+ G05.0*,0.9869980812072754,,,,,
538,3,脑炎,encephalitis,A17.8+ G05.0*,0.9764329195022583,,,,,
538,3,内分泌腺NEC,endocrine glands NEC,A18.8+ E35.8*,0.9558384418487549,,,,,
538,3,尿道(腺),"urethra, urethral (gland)",A18.1+ N37.0*,0.97193443775177,,,,,
538,3,尿道球腺,bulbourethral gland,A18.1+ N51.8*,0.9938335418701172,,,,,
538,3,脓毒性NEC(另见结核，粟粒性),"septic NEC (see also Tuberculosis, miliary)",A19.9,0.9860082268714905,,,,,
538,3,脓毒症-见结核，粟粒性,"pyemia - see Tuberculosis, miliary",,0.977009117603302,,,,,
538,3,脓气胸,pyopneumothorax,A16.5,0.9773029685020447,,,,,
538,4,伴有细菌学和组织学证实,with bacteriological and histological confirmation,A15.6,0.9904083609580994,,,,,
538,3,脓胸,"empyema, pyothorax",A16.5,0.987260639667511,,,,,
538,4,伴有细菌学和组织学证实,with bacteriological and histological confirmation,A15.6,0.9909993410110474,,,,,
538,3,脓肿NEC(呼吸道),abscess NEC (respiratory),A16.9,0.9721744060516357,,,,,
538,4,肠,intestine,A18.3+ K93.0*,0.9800018668174744,,,,,
538,4,骶骨,sacrum,A18.0+ M49.0*,0.9931979179382324,,,,,
538,4,额窦(另见结核，窦道),"frontal sinus (see also Tuberculosis, sinus)",A16.8,0.9881333112716675,,,,,
538,5,伴有细菌学和组织学证实,with bacteriological and histological confirmation,A15.8,0.9896546602249146,,,,,
538,4,肺(另见结核，肺),"lung (see also Tuberculosis, pulmonary)",A16.2,0.9757552146911621,,,,,
538,5,原发性(进行性),primary (progressive),A16.7,0.9717656373977661,,,,,
538,6,伴有细菌学和组织学证实,with bacteriological and histological confirmation,A15.7,0.9723689556121826,,,,,
538,4,肛周(瘘),perianal (fistula),A18.3+ K93.0*,0.9510242342948914,,,,,
538,4,睾丸,testis,A18.1+ N51.1*,0.9704458117485046,,,,,
538,4,膈下,subdiaphragmatic,A18.3+ K93.0*,0.9719923138618469,,,,,
538,4,骨,bone,A18.0+ M90.0*,0.9543827772140503,,,,,
538,5,骶,sacrum,A18.0+ M49.0*,0.9657182097434998,,,,,
538,3,脊柱,spine,A18.0+ M49.0*,0.9697349667549133,,,,,
538,3,脊椎,vertebra,A18.0+ M49.0*,0.9631075263023376,,,,,
538,3,髋,hip,A18.0+ M01.1*,0.9705073237419128,,,,,
538,5,特指部位NEC,specified site NEC,A18.0+ M90.0*,0.9694033861160278,,,,,
538,3,膝,knee,A18.0+ M01.1*,0.9819446206092834,,,,,
539,4,关节NEC .,joint NEC,A18.0+ M01.1*,0.9692086577415466,,,,,
539,3,髋,hip,A18.0+ M01.1*,0.9542038440704346,,,,,
539,3,膝,knee,A18.0+ M01.1*,0.9704491496086121,,,,,
539,4,椎,vertebral,A18.0+ M49.0*,0.9698522686958313,,,,,
539,3,肌肉,muscle,A18.8+ M63.0*,0.9894797801971436,,,,,
539,4,脊髓,spinal cord,A17.8+ G07*,0.9571328163146973,,,,,
539,4,脊柱或脊(椎),spine or vertebra (column),A18.0+ M49.0*,0.9751039743423462,,,,,
539,3,考珀腺[尿道球腺]N,Cowper's gland,A18.1+ N51.8*,0.9518136978149414,,,,,
539,3,髋,hip,A18.0+ M01.1*,0.9689352512359619,,,,,
539,3,淋巴结结核性,scrofulous,A18.2,0.9837293028831482,,,,,
539,4,淋巴腺-见结核，淋巴腺,"gland (lymphatic) - see Tuberculosis, lymph gland",,0.9612072706222534,,,,,
539,3,泌尿生殖道,genitourinary,A18.1,0.9831817746162415,,,,,
539,4,泌尿系,urinary,A18.1,0.9772781133651733,,,,,
539,3,脑,brain,A17.8+ G07*,0.9702610373497009,,,,,
539,4,脑(脊)膜,meninges (cerebral) (spinal),A17.0+ G01*,0.9544833302497864,,,,,
539,4,女性盆腔,female pelvis,A18.1+ N74.1*,0.9697363972663879,,,,,
539,3,皮肤(原发性),skin (primary),A18.4,0.9711624383926392,,,,,
539,3,乳房,breast,A18.8,0.9709660410881042,,,,,
539,3,肾,kidney,A18.1+ N29.1*,0.9659602046012878,,,,,
539,4,肾周炎,perinephritic,A18.1+ N29.1*,0.971517026424408,,,,,
539,4,生殖器官NEC,genital organs NEC,A18.1,0.9885015487670898,,,,,
539,3,膝,knee,A18.0+ M01.1*,0.9751051068305969,,,,,
539,4,咽后,retropharyngeal,A16.8,0.9716513752937317,,,,,
539,5,伴有细菌学和组织学证实,with bacteriological and histological confirmation,A15.8,0.9698700904846191,,,,,
539,4,腰(脊柱),lumbar (spine),A18.0+ M49.0*,0.9842097759246826,,,,,
539,3,阴囊,scrotum,A18.1+ N51.8*,0.9650506973266602,,,,,
539,4,硬膜外(大脑)(脊柱),epidural (cerebral) (spinal),A17.8+ G07*,0.9609231948852539,,,,,
539,3,硬脑(脊)膜,dura (mater) (cerebral) (spinal),A17.8+ G01*,0.9554260969161987,,,,,
539,3,直肠,rectum,A18.3+ K93.0*,0.968106746673584,,,,,
539,4,直肠周,perirectal,A18.3+ K93.0*,0.9437564611434937,,,,,
539,3,子宫,uterus,A18.1+ N74.1*,0.9805400371551514,,,,,
539,3,坐骨直肠,ischiorectal,A18.3+ K93.0*,0.9754640460014343,,,,,
539,3,女性盆腔炎性疾病,female pelvic inflammatory disease,A18.1+ N74.1*,0.9902577996253967,,,,,
539,3,膀胱，膀胱炎,"bladder, cystitis",A18.1+ N33.0*,0.9802699089050293,,,,,
539,3,喷沙工,sandblaster's,J65,0.9617722034454346,,,,,
539,3,皮肤(任何部位)(溶化性)(原发性),"cutis, skin (any site) (colliquativa) (primary)",A18.4,0.9648707509040833,,,,,
539,3,皮下组织(细胞性)(原发性),"subcutaneous tissue, subcutis (cellular) (primary)",A18.4,0.9871535301208496,,,,,
539,3,脾，脾炎,"spleen, splenitis",A18.8+ D77*,0.9761831760406494,,,,,
539,3,贫血,anemia,A18.8+ D63.8*,0.9659041166305542,,,,,
539,3,葡萄膜[色素层],uveal tract,A18.5+ H22.0*,0.9850660562515259,,,,,
540,3,气管，气管炎,"trachea, tracheal",A16.4,0.9722481369972229,,,,,
540,4,伴有细菌学和组织学证实,with bacteriological and histological confirmation,A15.5,0.9585769176483154,,,,,
540,4,淋巴腺或淋巴结,lymph gland or node,A16.3,0.9759511351585388,,,,,
540,4,伴有细菌学和组织学证实,with bacteriological and histological confirmation,A15.4,0.9917616844177246,,,,,
540,3,原发性(进行性),primary (progressive),A16.7,0.9807881116867065,,,,,
540,4,伴有细菌学和组织学证实,with bacteriological and histological confirmation,A15.7,0.9849192500114441,,,,,
540,3,气管支气管,tracheobronchial,A16.4,0.9768713116645813,,,,,
540,4,伴有细菌学和组织学证实,with bacteriological and histological confirmation,A15.5,0.9660074710845947,,,,,
540,4,淋巴腺或淋巴结,lymph gland or node,A16.3,0.9482928514480591,,,,,
540,4,伴有细菌学和组织学证实,with bacteriological and histological confirmation,A15.4,0.9881892800331116,,,,,
540,3,原发性(进行性),primary (progressive),A16.7,0.9685243368148804,,,,,
540,4,伴有细菌学和组织学证实,with bacteriological and histological confirmation,A15.7,0.9738056063652039,,,,,
540,3,气胸(自发性)(张力性瓣膜性)-见结核，肺,"pneumothorax (spontaneous) (tense valvular)-see Tuberculosis, pulmonary",,0.980718195438385,,,,,
540,3,器官，特指的NEC,"organ, specified NEC",A18.8,0.9684551954269409,,,,,
540,3,髂前上棘,iliac spine (superior),A18.0+ M90.0*,0.9633950591087341,,,,,
540,3,前列腺，前列腺炎,"prostate, prostatitis",A18.1+ N51.0*,0.9817507863044739,,,,,
540,3,鞘膜,tunica vaginalis,A18.1+ N51.8*,0.984774649143219,,,,,
540,3,青铜色病,bronze disease,A18.7+ E35.1*,0.984168529510498,,,,,
540,3,丘疹坏死性(原发性),papulonecrotic(a) (primary),A18.4,0.9747618436813354,,,,,
540,3,全身性(另见结核，粟粒性),"general, generalized, systemic (see also Tuberculosis, miliary)",A19.9,0.9766594171524048,,,,,
540,3,人类免疫缺陷病毒(HIV)病所致,resulting from HIV disease,B20.0,0.9900874495506287,,,,,
540,3,溶化性(原发性),colliquativa (primary),A18.4,0.9911049008369446,,,,,
540,3,乳房,breast,A18.8,0.9807427525520325,,,,,
540,3,乳突炎,mastoiditis,A18.0+ H75.0*,0.9567450881004333,,,,,
540,3,乳腺,mammary gland,A18.8,0.9641009569168091,,,,,
540,3,软骨,cartilage,A18.0+ M01.1*,0.9734168648719788,,,,,
540,4,椎间,intervertebral,A18.0+ M49.0*,0.9568681120872498,,,,,
540,3,软骨膜炎，喉,"perichondritis, larynx",A16.4,0.9823708534240723,,,,,
540,4,伴有细菌学和组织学证实,with bacteriological and histological confirmation,A15.5,0.9827364683151245,,,,,
540,3,软脑脊膜，柔脑(脊)膜炎(大脑)(脊柱),"leptomeninges, leptomeningitis (cerebral) (spinal)",A17.0+ G01*,0.9771654605865479,,,,,
540,3,腮腺或腮部,parotid gland or region,A18.8+ K93.8*,0.9896091818809509,,,,,
540,3,舌,"linguae, tongue",A18.8+ K93.8*,0.9922074675559998,,,,,
540,3,神经(单神经病),nerve (mononeuropathy),A17.8+ G59.8*,0.9858741760253906,,,,,
540,3,神经系统NEC,nervous system NEC,A17.9+ G99.8*,0.9914261102676392,,,,,
540,3,肾，肾炎,"kidney, renal, nephritis",A18.1+ N29.1*,0.9868348240852356,,,,,
540,3,肾上腺[艾迪生病],"adrenal, suprarenal (capsule) (gland)",A18.7+ E35.1*,0.9853522777557373,,,,,
541,3,肾上腺机能减退,hypoadrenalism,A18.7+ E35.1*,0.9691025018692017,,,,,
541,3,肾上腺机能障碍,glandula suprarenalis,A18.7+ E35.1*,0.970034122467041,,,,,
541,3,肾盂积脓,pyonephrosis,A18.1+ N29.1*,0.9733604192733765,,,,,
541,3,肾盂肾炎,pyelonephritis,A18.1+ N29.1*,0.9407082796096802,,,,,
541,3,肾盂炎,pyelitis,A18.1+ N29.1*,0.9680809378623962,,,,,
541,3,渗出性-见结核，肺,"exudative - see Tuberculosis, pulmonary",,0.9912271499633789,,,,,
541,3,生殖器官,genital organs,A18.1,0.9737105965614319,,,,,
541,3,声门,glottis,A16.4,0.9728455543518066,,,,,
541,4,伴有细菌学和组织学证实,with bacteriological and histological confirmation,A15.5,0.9893754124641418,,,,,
541,3,十二指肠,duodenum,A18.3+ K93.0*,0.9696428775787354,,,,,
541,3,石匠,stonemason's,J65,0.9368751645088196,,,,,
541,3,食管,esophagus,A18.8+ K23.0*,0.9815557599067688,,,,,
541,3,视(神经干)(乳头),optic (nerve trunk) (papilla),A18.5+ H48.8*,0.9639630913734436,,,,,
541,3,视网膜，视网膜炎,"retina, retinitis",A18.5+ H32.0*,0.9763695597648621,,,,,
541,3,输精管,vas deferens,A18.1+ N51.8*,0.9846320748329163,,,,,
541,3,输卵管，输卵管炎(急性)(慢性),"fallopian tube, oviduct, tubal, salpingitis (acute) (chronic)",A18.1+ N74.1*,0.970378041267395,,,,,
541,3,输尿管,ureter,A18.1+ N29.1*,0.9769503474235535,,,,,
541,3,双侧性-见 结核，肺,"bilateral - see Tuberculosis, pulmonary",,0.9562683701515198,,,,,
541,3,粟粒性,miliary,A19.9,0.974666953086853,,,,,
541,4,急性,acute,A19.2,0.9803661704063416,,,,,
541,5,多部位,multiple sites,A19.1,0.904151201248169,,,,,
541,5,特指单一的部位,single specified site,A19.0,0.9570459723472595,,,,,
541,4,慢性,chronic,A19.8,0.9462785720825195,,,,,
541,4,特指的 NEC,specified NEC,A19.8,0.9777681827545166,,,,,
541,3,髓质,medulla,A17.8+ G07*,0.9755939245223999,,,,,
541,3,锁骨上腺,supraclavicular gland,A18.2,0.9721266627311707,,,,,
541,3,锁骨下腺,infraclavicular gland,A18.2,0.9961870312690735,,,,,
541,3,胎盘,placenta,O98.0,0.8809835910797119,,,,,
541,3,苔癣样(原发性),lichenoides (primary),A18.4,0.9628426432609558,,,,,
541,3,陶工,potter's,J65,0.9698832035064697,,,,,
541,3,外阴,vulva,A18.1+ N77.1*,0.9649816155433655,,,,,
541,4,伴有溃疡,with ulceration,A18.1+ N77.0*,0.9786150455474854,,,,,
541,3,腕(关节),wrist (joint),A18.0+ M01.1*,0.9687155485153198,,,,,
541,3,网膜,omentum,A18.3,0.9722597599029541,,,,,
541,3,未特指部位,unspecified site,A16.9,0.9644785523414612,,,,,
541,3,胃，胃炎,"stomach, gastritis",A18.8+ K93.8*,0.9735291004180908,,,,,
541,3,胃肠道,gastrointestinal tract,A18.3+ K93.0*,0.9941704869270325,,,,,
541,3,胃肠炎,gastroenteritis,A18.3+ K93.0*,0.9746179580688477,,,,,
541,3,胃结肠瘘,gastrocolic fistula,A18.3+ K93.0*,0.9897177219390869,,,,,
541,3,膝(关节),"genu, knee (joint)",A18.0+ M01.1*,0.9761687517166138,,,,,
541,3,先天性,congenital,P37.0,0.9716511964797974,,,,,
542,3,涎腺,salivary gland,A18.8+ K93.8*,0.9620465636253357,,,,,
542,3,腺病(另见结核，淋巴腺).,"adenopathy (see also Tuberculosis, lymph gland)",A18.2,0.9849341511726379,,,,,
542,4,气管支气管,tracheobronchial,A16.3,0.9629408717155457,,,,,
542,4,伴有细菌学和组织学证实,with bacteriological and histological confirmation,A15.4,0.9750381112098694,,,,,
542,3,原发性(进行性),primary (progressive),A16.7,0.9632654190063477,,,,,
542,4,伴有细菌学和组织学证实,with bacteriological and histological confirmation,A15.7,0.9854729771614075,,,,,
542,3,腺性，全身性,"glandular, general",A18.2,0.9777869582176208,,,,,
542,3,"腺炎(另见结核,淋巴腺)","adenitis (see also Tuberculosis, lymph gland)",A18.2,0.9760823845863342,,,,,
542,3,腺样体,adenoids,A16.8,0.9782922863960266,,,,,
542,4,伴有细菌学和组织学证实,with bacteriological and histological confirmation,A15.8,0.979790449142456,,,,,
542,3,消化道,"alimentary canal, digestive tract",A18.3+ K93.0*,0.9898998737335205,,,,,
542,3,消瘦NEC,marasmus NEC,A16.9,0.9344303607940674,,,,,
542,3,小肠，肠炎,"enteric, enterica, enteritis",A18.3+ K93.0*,0.9817425012588501,,,,,
542,3,小肠结肠炎,enterocolitis,A18.3+ K93.0*,0.9890451431274414,,,,,
542,3,小脑,cerebellum,A17.8+ G07*,0.9322763681411743,,,,,
542,3,小水疱病(角膜结膜炎),phlyctenulosis (keratoconjunctivitis),A18.5+ H19.2*,0.9814879298210144,,,,,
542,3,哮喘(另见结核，肺),"asthma (see also Tuberculosis, pulmonary)",A16.2,0.9904366731643677,,,,,
542,3,心包炎,"pericardium, pericarditis",A18.8+ I32.0*,0.9718190431594849,,,,,
542,3,心肌病,cardiomyopathy,A18.8+ I43.0*,0.9641641974449158,,,,,
542,3,心肌炎,"myocardium, myocarditis",A18.8+ I41.0*,0.9700008034706116,,,,,
542,3,心内膜炎,endocarditis,A18.8+ I39.8*,0.9702515006065369,,,,,
542,4,二尖瓣的,mitral,A18.8+ I39.0*,0.9503656029701233,,,,,
542,4,肺,pulmonary,A18.8+ I39.3*,0.9511299133300781,,,,,
542,4,三尖瓣,tricuspid,A18.8+ I39.2*,0.9511726498603821,,,,,
542,4,主动脉的,aortic,A18.8+ I39.1*,0.9554077982902527,,,,,
542,3,心脏,heart,A18.8+ I43.0*,0.9721102714538574,,,,,
542,3,胸(另见结核，呼吸道),"chest (see also Tuberculosis, respiratory)",A16.9,0.9911791682243347,,,,,
542,4,伴有细菌学和组织学证实,with bacteriological and histological confirmation,A15.9,0.9804169535636902,,,,,
542,3,胸膜，胸膜炎(纤维蛋白性)(闭塞性)(化脓性)(单纯成形性)(伴有渗出),"pleura, pleural, pleurisy, pleuritis (fibrinous) (obliterative) (purulent) (simple plastic) (with effusion)",A16.5,0.9741304516792297,,,,,
542,4,伴有细菌学和组织学证实,with bacteriological and histological confirmation,A15.6,0.9649438858032227,,,,,
542,4,原发性(进行性),primary (progressive),A16.7,0.9742648005485535,,,,,
542,5,伴有细菌学和组织学证实,with bacteriological and histological confirmation,A15.7,0.9637543559074402,,,,,
542,3,胸腔积液,hydrothorax,A16.5,0.9601631164550781,,,,,
542,4,伴有细菌学和组织学证实,with bacteriological and histological confirmation,A15.6,0.9594587683677673,,,,,
542,3,胸锁关节,sternoclavicular joint,A18.0+ M01.1*,0.9830009937286377,,,,,
542,3,胸腺,thymus gland,A18.8+ E35.8*,0.9788318276405334,,,,,
542,3,悬雍垂,uvula,A18.8+ K93.8*,0.9696184992790222,,,,,
543,3,血胸,hemothorax,A16.5,0.9978412985801697,,,,,
543,4,伴有细菌学和组织学证实,with bacteriological and histological confirmation,A15.6,0.9735637307167053,,,,,
543,3,血源性-见结核，粟粒性,"hematogenous - see Tuberculosis, miliary",,0.9918632507324219,,,,,
543,3,寻常狼疮,lupus vulgaris,A18.4,0.9763467907905579,,,,,
543,3,咽，咽炎,"pharynx, pharyngitis",A16.8,0.9853180646896362,,,,,
543,4,伴有细菌学和组织学证实,with bacteriological and histological confirmation,A15.8,0.9798645377159119,,,,,
543,3,咽鼓管,eustachian tube,A18.6+ H75.0*,0.969455361366272,,,,,
543,3,咽喉,throat,A16.8,0.9875715970993042,,,,,
543,4,伴有细菌学和组织学证实,with bacteriological and histological confirmation,A15.8,0.9697751998901367,,,,,
543,3,咽门,fauces,A16.8,0.9848549962043762,,,,,
543,4,伴有细菌学和组织学证实,with bacteriological and histological confirmation,A15.8,0.972510576248169,,,,,
543,3,咽下部,hypopharynx,A16.8,0.986709475517273,,,,,
543,4,伴有细菌学和组织学证实,with bacteriological and histological confirmation,A15.8,0.9937417507171631,,,,,
543,3,眼,"eye, ocular",A18.5,0.9553140997886658,,,,,
543,4,青光眼_,glaucoma,A18.5+ H42.8*,0.9668356776237488,,,,,
543,3,眼睑(狼疮)(原发性),eyelid (lupus) (primary),A18.4+ H03.1*,0.9646074175834656,,,,,
543,3,液气胸,hydropneumothorax,A16.5,0.9766618609428406,,,,,
543,4,伴有细菌学和组织学证实,with bacteriological and histological confirmation,A15.6,0.984273374080658,,,,,
543,3,腋(腺),"axilla, axillary (gland)",A18.2,0.9746277928352356,,,,,
543,3,胰腺,pancreas,A18.8+ K87.1*,0.9467058777809143,,,,,
543,3,乙状结肠,sigmoid,A18.3+ K93.0*,0.9633458256721497,,,,,
543,3,阴道,vagina,A18.1+ N77.1*,0.9619088768959045,,,,,
543,3,阴茎,penis,A18.1+ N51.8*,0.9597482681274414,,,,,
543,3,阴囊,scrotum,A18.1+ N51.8*,0.9819431304931641,,,,,
543,3,龈,gum,A18.8+ K93.8*,0.9893630146980286,,,,,
543,3,婴儿,infantile,A16.7,0.9305789470672607,,,,,
543,4,伴有细菌学和组织学证实,with bacteriological and histological confirmation,A15.7,0.9855643510818481,,,,,
543,3,硬结性(原发性),indurativa (primary),A18.4,0.9804630875587463,,,,,
543,3,硬膜外脓肿(大脑)(脊柱),epidural abscess (cerebral) (spinal),A17.8+ G07*,0.9501871466636658,,,,,
543,3,硬脑(脊)膜，硬脑(脊)膜炎,"dura (mater) (cerebral) (spinal), pachymeningitis",A17.0+ G01*,0.9571179151535034,,,,,
543,4,脓肿(大脑)(脊柱),abscess (cerebral) (spinal),A17.8+ G07*,0.9701021313667297,,,,,
543,3,疣，疣状(皮肤)(原发性),"verruca, verrucosa (cutis) (primary)",A18.4,0.9760562181472778,,,,,
543,3,原发性(复合性),primary (complex),A16.7,0.9820176959037781,,,,,
543,4,伴有细菌学和组织学证实,with bacteriological and histological confirmation,A15.7,0.9863107204437256,,,,,
543,3,再感染期-见结核，肺,"reinfection stage - see Tuberculosis, pulmonary",,0.9894158840179443,,,,,
543,3,粘连性心包,adherent pericardium,A18.8+ I32.0*,0.968336820602417,,,,,
544,3,支气管,"bronchi, bronchial, bronchus",A16.4,0.9900982975959778,,,,,
544,4,伴有细菌学和组织学证实,with bacteriological and histological confirmation,A15.5,0.9699618816375732,,,,,
544,4,淋巴腺或淋巴结,gland or node,A16.3,0.9705573320388794,,,,,
544,5,伴有细菌学和组织学证实,with bacteriological and histological confirmation,A15.4,0.9663841724395752,,,,,
544,5,原发性(进行性),primary (progressive),A16.7,0.980731725692749,,,,,
544,6,伴有细菌学和组织学证实,with bacteriological and histological confirmation,A15.7,0.983406662940979,,,,,
544,4,瘘,fistula,A16.4,0.9615646600723267,,,,,
544,5,原发性(进行性),primary (progressive),A16.7,0.9290876388549805,,,,,
544,6,伴有细菌学和组织学证实,with bacteriological and histological confirmation,A15.7,0.9731215238571167,,,,,
544,4,膨出，扩张(支气管扩张)-见结核，肺,"ectasia, ectasis (bronchiectasis) - see Tuberculosis, pulmonary",,0.9777923822402954,,,,,
544,3,支气管出血,bronchorrhagia,A16.4,0.9796574115753174,,,,,
544,4,伴有细菌学和组织学证实,with bacteriological and histological confirmation,A15.5,0.9613463282585144,,,,,
544,3,支气管肺炎-见结核，肺,"bronchopneumonia, bronchopneumonic - see Tuberculosis, pulmonary",,0.9853034615516663,,,,,
544,3,支气管扩张-见结核，肺,"bronchiectasis - see Tuberculosis, pulmonary",,0.9755443930625916,,,,,
544,3,支气管气管,bronchotracheal,A16.4,0.9826154112815857,,,,,
544,4,伴有细菌学和组织学证实,with bacteriological and histological confirmation,A15.5,0.9752776026725769,,,,,
544,3,支气管胸膜,bronchopleural,A16.5,0.9905146360397339,,,,,
544,3,支气管炎,bronchitis,A16.4,0.979874312877655,,,,,
544,4,伴有细菌学和组织学证实,with bacteriological and histological confirmation,A15.5,0.9716899394989014,,,,,
544,3,支气管周炎,peribronchitis,A16.4,0.988143265247345,,,,,
544,4,伴有细菌学和组织学证实,with bacteriological and histological confirmation,A15.5,0.988254964351654,,,,,
544,3,直肠(瘘)(伴有脓肿),rectum (fistula) (with abscess),A18.3+ K93.0*,0.9705270528793335,,,,,
544,3,直肠炎,proctitis,A18.3+ K93.0*,0.9792115688323975,,,,,
544,3,直肠周瘘,perirectal fistula,A18.3+ K93.0*,0.9863840937614441,,,,,
544,3,指[趾]炎,dactylitis,A18.0+ M90.0*,0.9926150441169739,,,,,
544,3,中耳炎,otitis media,A18.6+ H67.0*,0.9790177345275879,,,,,
544,3,肘,elbow,A18.0+ M01.1*,0.9606952667236328,,,,,
544,3,蛛网膜,arachnoid,A17.0+ G01*,0.9600666165351868,,,,,
544,3,铸模工,molder's,J65,0.9533333778381348,,,,,
544,3,子宫,uterus,A18.1+ N74.1*,0.9479581117630005,,,,,
544,3,子宫内膜,endometrium,A18.1+ N74.1*,0.9813036322593689,,,,,
544,3,纵隔，纵隔炎,"mediastinum, mediastinitis",A16.8,0.9560726284980774,,,,,
544,4,伴有细菌学和组织学证实,with bacteriological and histological confirmation,A15.8,0.9686501622200012,,,,,
544,4,原发性(进行性),primary (progressive),A16.7,0.9754812717437744,,,,,
544,5,伴有细菌学和组织学证实,with bacteriological and histological confirmation,A15.7,0.9755880236625671,,,,,
545,3,纵隔淋巴腺或淋巴结,mediastinal lymph gland or node,A16.3,0.9967954754829407,,,,,
545,4,伴有细菌学和组织学证实,with bacteriological and histological confirmation,A15.4,0.9795244932174683,,,,,
545,4,原发性(进行性),primary (progressive),A16.7,0.9757345914840698,,,,,
545,5,伴有细菌学和组织学证实,with bacteriological and histological confirmation,A15.7,0.9814483523368835,,,,,
545,3,坐骨直肠,ischiorectal,A18.3+ K93.0*,0.9910913109779358,,,,,
545,2,结核菌(感染),Mycobacterium (infection),,0.9998565912246704,,,,,
545,3,牛型-见 结核,bovis - see Tuberculosis,,0.9308756589889526,,,,,
545,2,结核瘤 -现译名结核球,Tuberculoma,,0.9716507196426392,,,,,
545,2,结核球-另见结核,Tuberculoma - see also Tuberculosis,,0.9997144341468811,,,,,
545,3,脊髓,spinal cord,A17.8+ G07*,0.9834210872650146,,,,,
545,3,脑,brain,A17.8+ G07*,0.9681389927864075,,,,,
545,3,脑(脊)膜,meninges (cerebral) (spinal),A17.1+ G07*,0.9773549437522888,,,,,
545,2,结核灶 - 另见 结核,Tubercle - see also Tuberculosis,,0.9489064812660217,,,,,
545,3,达尔文,Darwin's,Q17.8,0.9576202630996704,,,,,
545,3,冈氏，原发性感染,"Ghon, primary infection",A16.7,0.983055055141449,,,,,
545,4,伴有细菌学和组织学证实,with bacteriological and histological confirmation,A15.7,0.9640313386917114,,,,,
545,3,脑，孤立性,"brain, solitary",A17.8+ G07*,0.9645913243293762,,,,,
545,3,结核疹(皮下硬结)(苔藓样)(粟粒性)(丘疹坏死性)(原发性)(皮肤),"tuberculid, tuberculide (indurating, subcutaneous) (lichenoid) (miliary) (papulonecrotic) (primary) (skin)",A18.4,0.9758710265159607,,,,,
545,2,结合(牙),Concrescence (teeth),K00.2,0.9678774476051331,,,,,
545,2,结痂，角膜异物,"Incrustation, cornea, foreign body",T15.0,0.9691540002822876,,,,,
545,2,结节(性),"Nodule(s), Nodular, Tuberculum",,0.9998120665550232,,,,,
545,3,放线菌病性(另见放线菌病),actinomycotic (see also Actinomycosis),A42.9,0.9825796484947205,,,,,
545,3,歌手,singer's,J38.2,0.9797989130020142,,,,,
545,3,孤立性，肺,"solitary, lung",J98.4,0.9912189245223999,,,,,
545,3,关节旁,juxta-articular,,0.9884380102157593,,,,,
545,4,梅毒性,syphilitic,A52.7+ M14.8*,0.9813875555992126,,,,,
545,4,雅司病,yaws,A66.7,0.9853398203849792,,,,,
545,3,海加思,Haygarth's,M15.8,0.9889289736747742,,,,,
545,3,咬合 - 见 K00.2 中的注释,occlusal - see Note at K00.2,K00.2,0.9457858204841614,,,,,
545,3,喉,larynx,J38.7,0.9397756457328796,,,,,
545,3,挤奶人,milker's,B08.0,0.9846646189689636,,,,,
545,3,甲状(腺),thyroid (gland),E04.1,0.9773775339126587,,,,,
545,4,中毒性或伴有甲状腺功能亢进症,toxic or with hyperthyroidism,E05.2,0.9822400212287903,,,,,
545,3,"胶样(囊性),甲状腺","colloid (cystic), thyroid",E04.9,0.9845784902572632,,,,,
545,3,教师,teacher's,J38.2,0.9852237701416016,,,,,
545,3,卡拉贝利 - 见 K00.2 中的注释,Carabelli - see Note at K00.2,K00.2,0.9920679926872253,,,,,
545,3,类风湿,rheumatoid,M06.3,0.9736248254776001,,,,,
545,3,磨牙旁额外牙,paramolare,K00.2,0.9676900506019592,,,,,
545,3,皮肤-见肿胀，局部性,"cutaneous - see Swelling, localized",,0.9796781539916992,,,,,
546,3,皮下-见肿胀，局部性,"subcutaneous - see Swelling, localized",,0.9728081226348877,,,,,
546,3,前列腺,prostate,N40,0.9532643556594849,,,,,
546,3,乳房 NEC,breast NEC,N63,0.9726259112358093,,,,,
546,3,声带,vocal cord,J38.2,0.9658876061439514,,,,,
546,3,炎性-见炎症,inflammatory - see Inflammation,,0.9727168083190918,,,,,
546,3,阴囊(炎性),scrotum (inflammatory),N49.2,0.980204701423645,,,,,
546,3,子宫内膜(间质)(M8930/0),endometrial (stromal) (M8930/0),D26.1,0.9749481678009033,,,,,
546,2,结节病,"Sarcoid, Sarcoidosis",D86.9,0.9881869554519653,,,,,
546,3,伯克,Boeck's,D86.9,0.98101407289505,,,,,
546,3,达里耶-鲁西,Darier-Roussy,D86.3,0.9963076710700989,,,,,
546,3,肺,lung,D86.0,0.9579123854637146,,,,,
546,4,和淋巴结,and lymph nodes,D86.2,0.9585943818092346,,,,,
546,3,关节病,arthropathy,D86.8+ M14.8*,0.9457274675369263,,,,,
546,3,合并部位 NEC,combined sites NEC,D86.8,0.9731886982917786,,,,,
546,3,肌炎,myositis,D86.8+ M63.3*,0.9234243631362915,,,,,
546,3,淋巴结,lymph nodes,D86.1,0.9415519833564758,,,,,
546,4,和肺,and lung,D86.2,0.9524242281913757,,,,,
546,3,皮肤,skin,D86.3,0.9822108149528503,,,,,
546,3,特指类型NEC,specified type NEC,D86.8,0.9964797496795654,,,,,
546,3,心肌炎,myocarditis,D86.8+ I41.8*,0.9442929625511169,,,,,
546,2,结节线虫病,Esophagostomiasis,B81.8,0.9966833591461182,,,,,
546,2,结节性脆发病,"Clastothrix, Trichonodosis",L67.8,0.9991762042045593,,,,,
546,2,结节性动脉外膜炎(播散性)(传染性)(坏死性),Periarteritis nodosa (disseminated) (infectious) (necrotizing),M30.0,0.9765647053718567,,,,,
546,2,结节性多动脉炎,Polyarteritis nodosa,M30.0,0.9997143149375916,,,,,
546,3,伴有累及肺,with lung involvement,M30.1,0.9576929211616516,,,,,
546,4,有关情况NEC,related condition NEC,M30.8,0.9611497521400452,,,,,
546,3,幼年型,juvenile,M30.2,0.9975361227989197,,,,,
546,2,结节性毛孢子菌病,Trichosporosis nodosa,B36.2,0.9997596740722656,,,,,
546,2,结节性全动脉炎,Panarteritis nodosa,M30.0,0.9998607039451599,,,,,
546,3,脑或大脑,brain or cerebral,I67.7,0.9681108593940735,,,,,
546,2,结节性硬化症(脑),Tuberous sclerosis / Epiloia (brain),Q85.1,0.9679917097091675,,,,,
546,2,结节状软骨病,Chondropathia tuberosa,M94.0,0.9999553561210632,,,,,
546,2,结晶尿,Crystalluria,R82.9,0.9998824000358582,,,,,
546,2,结膜的 - 见情况,Conjunctiva - see condition,,0.9798017144203186,,,,,
546,2,结膜黄斑,Pinguecula,H11.1,0.9936030507087708,,,,,
546,2,结膜炎(见于)(由于),Conjunctivitis (in) (due to),H10.9,0.9903514981269836,,,,,
546,3,急性,acute,H10.3,0.9638935923576355,,,,,
546,4,特指的 NEC,specified NEC,H10.2,0.9530811905860901,,,,,
546,3,慢性(结节性)(石化性)(小泡性),chronic (nodosa) (petrificans) (phlyctenular),H10.4,0.9955238699913025,,,,,
546,3,24型柯萨奇病毒,coxsackievirus type 24,B30.3+ H13.1*,0.9794279932975769,,,,,
546,3,70型肠病毒(出血性),enterovirus type 70 (hemorrhagic),B30.3+ H13.1*,0.9665603041648865,,,,,
546,3,阿波罗,Apollo,B30.3+ H13.1*,0.9675651788711548,,,,,
547,3,白喉性,diphtheritic,A36.8+ H13.1*,0.9431968927383423,,,,,
547,3,包含体,inclusion,A74.0+ H13.1*,0.9831504821777344,,,,,
547,3,贝亚尔,Beal's,B30.2+ H13.1*,0.9719487428665161,,,,,
547,3,变应性(急性),"allergic, atopic (acute)",H10.1,0.989136815071106,,,,,
547,3,病毒性,viral,B30.9+ H13.1*,0.9812921285629272,,,,,
547,4,特指的NEC,specified NEC,B30.8+ H13.1*,0.9705395698547363,,,,,
547,3,出血性(急性)(流行性),hemorrhagic (acute) (epidemic),B30.3+ H13.1*,0.9680364727973938,,,,,
547,3,传染病NEC,infectious disease NEC,B99+ H13.1*,0.9425170421600342,,,,,
547,3,带状(疱疹),zoster (herpes),B02.3+ H13.1*,0.9733644723892212,,,,,
547,3,郭霍-威克斯[急性触染性眼炎]'.,Koch-Weeks',H10.0,0.9773281216621399,,,,,
547,3,棘阿米巴,Acanthamoeba,B60.1+ H13.1*,0.9544464349746704,,,,,
547,3,寄生虫病NEC,parasitic disease NEC,B89+ H13.1*,0.9669002890586853,,,,,
547,3,结核性,tuberculous,A18.5+ H13.1*,0.9727064967155457,,,,,
547,3,酒渣鼻,rosacea,L71 H13.2*,0.9592543244361877,,,,,
547,3,颗粒性(沙眼性),granular (trachomatous),A71.1+ H13.1*,0.9820195436477661,,,,,
547,3,淋病性(淋球菌性)(新生儿),blennorrhagic (gonococcal) (neonatorum),A54.3+ H13.1*,0.9816170334815979,,,,,
547,3,淋球菌性(新生儿),gonococcal (neonatorum),A54.3+ H13.1*,0.9750810861587524,,,,,
547,3,流行性(病毒性),epidemic (viral),B30.9+ H13.1*,0.9909246563911438,,,,,
547,4,出血性,hemorrhagic,B30.3+ H13.1*,0.9884210228919983,,,,,
547,3,梅毒(晚期),syphilis (late),A52.7+ H13.1*,0.977705180644989,,,,,
547,3,莫拉-阿克森费尔德[双杆菌结膜炎],Morax-Axenfeld,H10.2,0.9840260744094849,,,,,
547,3,脑膜炎球菌性,meningococcal,A39.8+ H13.1*,0.9728883504867554,,,,,
547,3,粘液脓性,mucopurulent,H10.0,0.9487570524215698,,,,,
547,3,帕里诺(眼淋巴结综合征),Parinaud's,H10.8,0.9863366484642029,,,,,
547,3,疱疹(单纯性)(病毒性),herpes (simplex) (virus),B00.5+ H13.1,0.9659599661827087,,,,,
547,4,带状,zoster,B02.3+ H13.1*,0.9754450917243958,,,,,
547,3,沙眼性,trachomatous,A71.1,0.9876527786254883,,,,,
547,3,特指的NEC,specified NEC,H10.8,0.9545906782150269,,,,,
547,3,土拉菌性,tularemic,A21.1+ H13.1*,0.964739978313446,,,,,
547,3,腺病毒(急性)(滤泡性),adenoviral (acute) (follicular),B30.1+ H13.1*,0.9771425127983093,,,,,
547,3,新城,Newcastle,B30.8+ H13.1*,0.9711230993270874,,,,,
547,3,新生儿,neonatal,P39.1,0.97276371717453,,,,,
547,3,衣原体性,chlamydial,A74.0+ H13.1*,0.9533770680427551,,,,,
547,4,新生儿,neonatal,P39.1,0.9595315456390381,,,,,
547,3,游泳池,swimming-pool,B30.1+ H13.1*,0.9340986013412476,,,,,
547,2,结石(性)(另见石),"Calculus, Calculi, Calculous, Lithiasis (see also Stone)",,0.9985448122024536,,,,,
547,3,鼻,nose,J34.8,0.99514240026474,,,,,
547,3,扁桃体,tonsil,J35.8,0.9759466648101807,,,,,
547,3,肠(嵌塞)(梗阻),intestinal (impaction) (obstruction),K56.4,0.9789263606071472,,,,,
547,3,胆,biliary,K80.2,0.9836164712905884,,,,,
547,3,胆固醇(单纯性)(孤立性)(另见胆石症),cholesterol (pure) (solitary) (see also Cholelithiasis),K80.2,0.9882563352584839,,,,,
548,3,胆红素，多发性(另见胆石症),"bilirubin, multiple (see also Cholelithiasis)",K80.2,0.990576446056366,,,,,
548,3,胆囊,gallbladder,K80.2,0.9722063541412354,,,,,
548,4,伴有胆囊炎(慢性).,with cholecystitis (chronic),K80.1,0.9626836180686951,,,,,
548,5,急性,acute,K80.0,0.9568700790405273,,,,,
548,3,胆囊管,cystic duct,K80.2,0.9744656085968018,,,,,
548,3,胆总管(肝管),bile duct (common) (hepatic),K80.5,0.9587805867195129,,,,,
548,4,伴有胆管炎,with cholangitis,K80.3,0.9697968363761902,,,,,
548,4,特指的NEC,specified NEC,K80.8,0.9808270335197449,,,,,
548,3,法特壶腹(另见胆总管结石病),ampulla of Vater (see also Choledocholithiasis),K80.5,0.9827067255973816,,,,,
548,3,肺,"lung, pulmonary",J98.4,0.9862746596336365,,,,,
548,3,附睾,epididymis,N50.8,0.9750506281852722,,,,,
548,3,肝(管)(嵌顿性),"hepatic, liver (duct) (impacted)",K80.5,0.9838502407073975,,,,,
548,3,黄嘌呤,xanthine,E79.8+ N22.8*,0.9614750146865845,,,,,
548,3,结膜,conjunctiva,H11.1,0.9886487126350403,,,,,
548,3,精囊,seminal vesicle,N50.8,0.9814195036888123,,,,,
548,3,阑尾,appendix,K38.1,0.9150612950325012,,,,,
548,3,泪道,lacrimal passages,H04.5,0.983307421207428,,,,,
548,3,鹿角形(另见结石，肾),"staghorn (see also Calculus, kidney)",N20.0,0.9836732745170593,,,,,
548,3,泌尿(管)(嵌顿性)(道),urinary (duct) (impacted) (passage) (tract),N20.9,0.9681631326675415,,,,,
548,4,伴有肾积水,with hydronephrosis,N13.2,0.9631535410881042,,,,,
548,3,伴有感染,with infection,N13.6,0.9547109007835388,,,,,
548,4,下NEC,lower NEC,N21.9,0.9161528944969177,,,,,
548,5,特指的NEC,specified NEC,N21.8,0.955565333366394,,,,,
548,3,尿道(嵌顿性),urethra (impacted),N21.1,0.9924163222312927,,,,,
548,3,尿道下,suburethral,N21.8,0.9385583400726318,,,,,
548,3,膀胱(憩室)(包绕性)(嵌顿性)(泌尿系),"bladder, cystic, vesical (diverticulum) (encysted) (impacted) (urinary)",N21.0,0.9797011017799377,,,,,
548,3,憩室,diverticulum,,0.9898509383201599,,,,,
548,4,膀胱,bladder,N21.0,0.9258979558944702,,,,,
548,4,肾,kidney,N20.0,0.949416995048523,,,,,
548,3,前列腺,prostate,N42.0,0.9680690765380859,,,,,
548,3,鞘膜,tunica vaginalis,N50.8,0.9775199890136719,,,,,
548,3,腮管或腮腺,parotid duct or gland,K11.5,0.9852873086929321,,,,,
548,3,舌下管或舌下腺,sublingual duct or gland,K11.5,0.9896040558815002,,,,,
548,4,先天性,congenital,Q38.4,0.9595611691474915,,,,,
548,3,肾(嵌顿性)(多发性)(盂)(复发性)(鹿角形),"kidney, renal (impacted) (multiple)(pelvis) (recurrent) (staghorn)",N20.0,0.974418580532074,,,,,
548,4,伴有结石，输尿管-见结石，输尿管，伴有结石，肾,"with calculus, ureter - see Calculus, ureter, with calculus, kidney",,0.952317476272583,,,,,
548,4,先天性,congenital,Q63.8,0.9043572545051575,,,,,
548,3,肾炎(嵌顿性)(复发性)(另见结石，肾),"nephritic (impacted) (recurrent) (see also Calculus, kidney)",N20.0,0.9624925851821899,,,,,
548,3,肾盂，包绕性(另见结石，肾),"pelvis, encysted (see also Calculus, kidney)",N20.0,0.9803617596626282,,,,,
549,3,肾盂肾炎(嵌顿性)(复发性),pyelonephritis (impacted) (recurrent),N20.9,0.9847934246063232,,,,,
549,4,伴有肾积水,with hydronephrosis,N13.2,0.9727092385292053,,,,,
549,3,肾盂炎(嵌顿性)(复发性),pyelitis (impacted) (recurrent),N20.9,0.9820883274078369,,,,,
549,4,伴有肾积水,with hydronephrosis,N13.2,0.9650290608406067,,,,,
549,3,输尿管(嵌顿性)(复发性),ureter (impacted) (recurrent),N20.1,0.9981755018234253,,,,,
549,4,伴有,with,,0.7811999917030334,,,,,
549,5,结石，肾,"calculus, kidney",N20.2,0.9150412082672119,,,,,
549,6,伴有肾积水,with hydronephrosis,N13.2,0.9120019674301147,,,,,
549,7,伴有感染,with infection,N13.6,0.9739181995391846,,,,,
549,4,肾积水,hydronephrosis,N13.2,0.9219146966934204,,,,,
549,3,伴有感染,with infection,N13.6,0.966789722442627,,,,,
549,3,斯滕森管[腮腺管],Stensen's duct,K11.5,0.9979390501976013,,,,,
549,3,胃,stomach,K31.8,0.9578200578689575,,,,,
549,3,沃顿管[下颌腺管],Wharton's duct,K11.5,0.991926908493042,,,,,
549,3,下颌下管、下颌下腺或下颌下区,"submandibular duct, gland or region",K11.5,0.9828753471374512,,,,,
549,3,涎(管)(腺),salivary (duct) (gland),K11.5,0.9612650275230408,,,,,
549,3,牙(龈下)(龈上),"dental, tooth, teeth (subgingival) (supragingival)",K03.6,0.9728765487670898,,,,,
549,3,胰腺(管),pancreas (duct),K86.8,0.9737158417701721,,,,,
549,3,阴道,vagina,N89.8,0.9806035161018372,,,,,
549,3,盏(肾)(另见结石，肾),"calyx (kidney) (renal) (see also Calculus, kidney)",N20.0,0.9772247076034546,,,,,
549,4,先天性,congenital,Q63.8,0.9647523164749146,,,,,
549,3,支气管,bronchus,J98.0,0.963956892490387,,,,,
549,2,结石病，肝内(另见胆总管结石病).,"Calculosis, intrahepatic (see also Choledocholithiasis)",K80.5,0.9926648139953613,,,,,
549,2,结性节律,Nodal rhythm,I49.8,0.9914516806602478,,,,,
549,2,结扎,Interruption,,0.8883755803108215,,,,,
549,3,输精管,vas deferens,Z30.2,0.9976661205291748,,,,,
549,3,输卵管,fallopian tube,Z30.2,0.9989269971847534,,,,,
549,1,jié 睫,,,0.9168475270271301,,,,,
549,2,睫毛脱落(眼睑),"Madarosis, Ptilosis (eyelid)",H02.7,0.990615963935852,,,,,
549,2,睫状肌麻痹,Cycloplegia,H52.5,0.9795556664466858,,,,,
549,2,睫状体平部炎,Pars planitis,H30.2,0.9903963804244995,,,,,
549,2,睫状体炎(另见虹膜睫状体炎),Cyclitis (see also Iridocyclitis),H20.9,0.9939791560173035,,,,,
549,3,富克斯虹膜异色,Fuchs' heterochromic,H20.8,0.9874672293663025,,,,,
549,3,后,posterior,H30.2,0.9686879515647888,,,,,
550,1,jié 截,,,,,,,,
550,2,截瘫(下肢),Paraplegia (lower),G82.2,0.9976944923400879,,,,,
550,3,波特,Pott's,A18.0+ M49.0*,0.983718752861023,,,,,
550,3,创伤性(脊髓)，近期发生,"traumatic (spinal cord), current episode",T09.3,0.987720251083374,,,,,
550,3,功能性(癔症性),functional (hysterical),F44.4,0.9521301984786987,,,,,
550,3,共济失调-见变性，混合，脊髓,"ataxic - see Degeneration, combined, spinal cord",,0.9945009350776672,,,,,
550,3,痉挛性,spastic,G82.1,0.9966087341308594,,,,,
550,4,厄尔布脊髓性，梅毒性,"Erb's spinal, syphilitic",A52.1,0.9940081238746643,,,,,
550,4,热带,tropical,G04.1,0.923133134841919,,,,,
550,4,遗传性,hereditary,G11.4,0.9749041795730591,,,,,
550,3,梅毒性(痉挛性),syphilitic (spastic),A52.1,0.9798794984817505,,,,,
550,3,热带痉挛性,tropical spastic,G04.1,0.9632818698883057,,,,,
550,3,松弛性,flaccid,G82.0,0.992763340473175,,,,,
550,3,先天性(大脑),congenital (cerebral),G80.8,0.9857729077339172,,,,,
550,4,痉挛性,spastic,G80.1,0.9536179304122925,,,,,
550,3,心因性,psychogenic,F44.4,0.9790584444999695,,,,,
550,3,遗传性，痉挛性,"hereditary, spastic",G11.4,0.9892797470092773,,,,,
550,3,癔症性,hysterical,F44.4,0.912388801574707,,,,,
550,1,jiě 解,,,0.9494015574455261,,,,,
550,2,解毒治疗(为),Detoxification therapy (for),,0.9997267127037048,,,,,
550,3,酒精中毒,alcohol,Z50.2,0.9782223105430603,,,,,
550,3,药物中毒,drug,Z50.3,0.948957085609436,,,,,
550,2,解剖狭角,Anatomical narrow angle,H40.0,0.9992944002151489,,,,,
550,2,解释,Explanation of,,0.9999752044677734,,,,,
550,3,调查所见的,investigation finding,Z71.2,0.9870232343673706,,,,,
550,3,药物治疗的,medication,Z71.8,0.9751726984977722,,,,,
550,1,jiè 戒,,,0.9731346368789673,,,,,
550,2,戒断,Withdrawal,,0.9998331069946289,,,,,
550,3,治疗性物质，新生儿,"therapeutic substance, neonatal",P96.2,0.9965023398399353,,,,,
550,3,状态、症状、综合征-编码于F10-F19伴有第四位数.3,"state, symptoms, syndrome - code to F10-F19 with fourth character.3",,0.9773370623588562,,,,,
550,4,伴有谵妄-编码于F10-F19伴有第四位数.4,with delirium - code to F10-F19 with fourth character.4,,0.9800121188163757,,,,,
550,4,苯丙胺(或相关物质),amfetamine (or related substance),F15.3,0.9853525757789612,,,,,
550,5,伴有谵妄,with delirium,F15.4,0.9154786467552185,,,,,
550,4,苯环利定(苯环己哌啶),phencyclidine (PCP),F19.3,0.9844416379928589,,,,,
550,5,伴有谵妄,with delirium,F19.4,0.9302511811256409,,,,,
550,4,催眠剂,hypnotics,F13.3,0.9720867276191711,,,,,
550,5,伴有谵妄,with delirium,F13.4,0.9485116004943848,,,,,
550,4,大麻类,cannabinoids,F12.3,0.9766300320625305,,,,,
550,4,挥发性溶剂,volatile solvents,F18.3,0.9793591499328613,,,,,
550,5,伴有谵妄,with delirium,F18.4,0.9759105443954468,,,,,
