image_page,level,chinese,english,code,confidence,malignant_primary,malignant_secondary,in_situ,benign,uncertain_or_unspecified
301,3,臀(位) NEC,breech NEC,O83.1,0.9408592581748962,,,,,
301,4,牵引术 NEC,extraction NEC,O83.0,0.9420464038848877,,,,,
301,4,影响到胎儿或新生儿,affecting fetus or newborn,P03.0,0.9752382636070251,,,,,
301,4,助产NEC,assisted NEC,O83.1,0.9761762022972107,,,,,
301,3,完全正常的(另见在类目 O80.- 的注释),completely normal case (see also Note at category O80.-),O80.9,0.9143335819244385,,,,,
301,3,无并发症(另见在类目 O80.9 的注释),uncomplicated (see also Note at category O80.9),O80.9,0.9512139558792114,,,,,
301,3,吸杯NEC,ventouse NEC,O81.4,0.9692217707633972,,,,,
301,4,影响到胎儿或新生儿,affecting fetus or newborn,P03.3,0.9714394807815552,,,,,
301,3,先兆早产(妊娠37周前),threatened premature (before 37 weeks of gestation),O47.0,0.9421426653862,,,,,
301,3,延迟NEC,delayed NEC,O63.9,0.9636844396591187,,,,,
301,4,第二双胎，三胎，等,"second twin, triplet,",O63.2,0.947952151298523,,,,,
301,4,破膜后(自发的),following rupture of membranes (spontaneous),O75.6,0.9523154497146606,,,,,
301,5,人工,artificial,O75.5,0.8631267547607422,,,,,
301,3,阴道，以前的剖宫产后.,"vaginal, following previous cesarean section",O75.7,0.9865398406982422,,,,,
301,3,早发[早产]NEC,premature or preterm NEC,O60.1,0.9344261884689331,,,,,
301,4,伴有,with,,0.7632944583892822,,,,,
301,5,早产分娩,pre-term delivery,O60.1,0.9243873953819275,,,,,
301,5,足月分娩,term delivery,O60.2,0.898719072341919,,,,,
301,4,伴有自然临产,with spontaneous labor,O60.1,0.9665448665618896,,,,,
301,4,不伴有分娩,without delivery,O60.0,0.9497893452644348,,,,,
301,4,不伴有自然临产(剖宫产)(引产),without spontaneous labor (cesarean section) (induction),O60.3,0.9571715593338013,,,,,
301,4,以前的，影响妊娠处理,"previous, affecting management of pregnancy",Z35.2,0.9885809421539307,,,,,
301,3,真空吸引器NEC,vacuum extractor NEC,O81.4,0.9897540807723999,,,,,
301,4,和产钳术,with forceps,O81.5,0.9881219267845154,,,,,
301,4,影响到胎儿或新生儿,affecting fetus or newborn,P03.3,0.9671194553375244,,,,,
301,3,正常(另见在类目 O80.- 的注释),normal (see also Note at category O80.-),O80.9,0.9803347587585449,,,,,
301,3,助产,assisted,O83.9,0.9388089179992676,,,,,
301,4,特指的NEC,specified NEC,O83.8,0.9623187780380249,,,,,
301,3,转胎术伴有牵引术,version with extraction,O83.2,0.9687337279319763,,,,,
301,3,自然[顺产],spontaneous,O80.9,0.9481014609336853,,,,,
301,4,特指的NEC,specified NEC,O80.8,0.9641231894493103,,,,,
301,4,头位,vertex,O80.0,0.8590846061706543,,,,,
301,4,臀(位),breech,O80.1,0.9015554189682007,,,,,
301,2,分娩的结局,Outcome of delivery,Z37.9,0.9998387098312378,,,,,
301,3,单胎,single,Z37.9,0.9980873465538025,,,,,
301,4,活产,liveborn,Z37.0,0.9306252002716064,,,,,
301,4,死产,stillborn,Z37.1,0.9177919030189514,,,,,
301,3,双胎,twins,Z37.9,0.9787405133247375,,,,,
301,4,均为活产,both liveborn,Z37.2,0.9872153997421265,,,,,
301,4,均为死产,both stillborn,Z37.4,0.9774183630943298,,,,,
301,4,为活产，一为死产,"one liveborn, one stillborn",Z37.3,0.9840900897979736,,,,,
302,3,多胎产,multiple (births),Z37.9,0.9746782779693604,,,,,
302,4,均为活产,all liveborn,Z37.5,0.9628749489784241,,,,,
302,4,均为死产,all stillborn,Z37.7,0.966500461101532,,,,,
302,4,某些为活产,some liveborn,Z37.6,0.948218584060669,,,,,
302,2,分娩前的 - 见情况,Prepartum - see condition,,0.9393806457519531,,,,,
302,2,分娩时髋处于前脱位状态,Predislocation status of hip at birth,Q65.6,0.9970442056655884,,,,,
302,2,分叶(先天性),Lobulation (congenital),,0.9995219111442566,,,,,
302,3,肾，胎儿,"kidney, fetal",Q63.1,0.984326958656311,,,,,
302,3,脾,spleen,Q89.0,0.9757366180419922,,,,,
302,2,分叶肝(梅毒性),Hepar lobatum (syphilitic),A52.7+ K77.0*,0.9814050793647766,,,,,
302,2,分枝杆菌(感染),"Mycobacterium, mycobacterial (infection)",A31.9,0.9915971159934998,,,,,
302,3,巴蒂,Battey,A31.0,0.9683371782302856,,,,,
302,3,胞内(巴蒂杆菌),intracellulare (Battey bacillus),A31.0,0.9778299331665039,,,,,
302,3,蟾,xenopi,A31.8,0.977296769618988,,,,,
302,3,次要,triviale,A31.8,0.9516691565513611,,,,,
302,3,非典型,atypical,A31.9,0.9853476285934448,,,,,
302,4,肺,pulmonary,A31.0,0.9295443296432495,,,,,
302,5,结核性(另见结核，肺),"tuberculous (see also Tuberculosis, pulmonary)",A16.2,0.9777899980545044,,,,,
302,4,皮肤,cutaneous,A31.1,0.9388462901115417,,,,,
302,4,特指部位 NEC,specified site NEC,A31.8,0.9513247013092041,,,,,
302,3,非特异的(另见分枝杆菌，非典型),"nonspecific (see also Mycobacterium, atypical)",A31.9,0.9959089756011963,,,,,
302,3,非洲-见结核,africanum - see Tuberculosis,,0.9761157631874084,,,,,
302,3,肺(非典型),pulmonary (atypical),A31.0,0.9830679893493652,,,,,
302,4,结核性(另见结核，肺),"tuberculous (see also Tuberculosis, pulmonary)",A16.2,0.9827740788459778,,,,,
302,3,肺外系统性,extrapulmonary systemic,A31.8,0.9905841946601868,,,,,
302,3,龟,chelonei,A31.8,0.993604302406311,,,,,
302,3,海(巴氏分枝杆菌),marinum (M. balnei),A31.1,0.9894707798957825,,,,,
302,3,结核-见结核,tuberculosis - see Tuberculosis,,0.9945677518844604,,,,,
302,3,堪萨斯(黄色芽胞杆菌),kansasii (yellow bacillus),A31.0,0.9899872541427612,,,,,
302,3,溃疡,ulcerans,A31.1,0.9931540489196777,,,,,
302,3,瘰疠,scrofulaceum,A31.8,0.9721776247024536,,,,,
302,3,麻风(另见麻风),leprae (see also Leprosy),A30.9,0.9736936092376709,,,,,
302,3,鸟(胞内复合菌种),avium (intracellulare complex),A31.0,0.9872530698776245,,,,,
302,3,偶发,fortuitum,A31.8,0.9962536096572876,,,,,
302,3,皮肤,cutaneous,A31.1,0.9722288846969604,,,,,
302,3,人类免疫缺陷病毒(HIV)病所致,resulting from HIV disease,B20.0,0.9985359907150269,,,,,
302,3,苏尔盖[一种缓慢生长的致病菌],szulgai,A31.8,0.9686508774757385,,,,,
302,3,土,terrae,A31.8,0.9202166795730591,,,,,
302,3,系统性，肺外,"systemic, extrapulmonary",A31.8,0.9931256175041199,,,,,
302,3,猿,simiae,A31.8,0.9870391488075256,,,,,
302,2,分枝杆菌病 - 见 分枝杆菌,Mycobacteriosis - see Mycobacterium,,0.9180541634559631,,,,,
302,2,分支肾盂,Ramifying renal pelvis,Q63.8,0.995097279548645,,,,,
303,1,fén 焚,,,0.78757244348526,,,,,
303,2,焚化(全身)(由于着火、大火灾、电流或雷电),"Incineration (entire body) (from fire, conflagration, electricity or lightning)",T29,0.9898408055305481,,,,,
303,1,fěn 粉,,,0.9473466873168945,,,,,
303,2,粉刺(大),"Comedo, comedones (giant)",L70.0,0.9666997790336609,,,,,
303,2,粉刺癌(M8501/3)-另见肿瘤，乳房，恶性,"Comedocarcinoma (M8501/3) - see also Neoplasn breast, malignant",,0.990540623664856,,,,,
303,3,非浸润性(M8501/2),noninfiltrating (M8501/2),,0.9852384328842163,,,,,
303,4,乳房,breast,D05.7,0.9111649990081787,,,,,
303,4,特指部位-见肿瘤，原位,"specified site - see Neoplasm, in situ",,0.9751708507537842,,,,,
303,4,未特指部位,unspecified site,D05.7,0.9785265326499939,,,,,
303,2,粉刺状乳腺炎,Comedomastitis,N60.4,0.9838351011276245,,,,,
303,2,粉碎型骨折 - 作为闭合性骨折编码,"Comminuted fracture - code as Fracture, closed",,0.9657300114631653,,,,,
303,1,fèn 奋,,,0.9619544148445129,,,,,
303,2,奋森 - 现译名 樊尚,Vincent,,0.9388217329978943,,,,,
303,1,fèn 愤,,,0.9197506904602051,,,,,
303,2,愤怒,Anger,R45.4,0.9999263882637024,,,,,
303,1,fèn 粪,,,0.9015418887138367,,,,,
303,2,粪便的 - 见情况,Fecal - see condition,,0.947001576423645,,,,,
303,2,粪卟啉病，遗传性,"Coproporphyria, hereditary",E80.2,0.9816722869873047,,,,,
303,2,粪类圆线虫侵染(另见类圆线虫病),Strongyloides stercoralis infestation (see also Strongyloidiasis),B78.9,0.9914324283599854,,,,,
303,2,粪石[肠石](嵌塞)或便结,"Coprolith, Fecalith, Stercolith (impaction) or coprostasis",K56.4,0.9995364546775818,,,,,
303,3,肠,intestine,T18.3,0.974490225315094,,,,,
303,3,阑尾,appendix,K38.1,0.9894107580184937,,,,,
303,4,胃,stomach,T18.2,0.9886203408241272,,,,,
303,3,先天性,congenital,P76.8,0.9787867069244385,,,,,
303,2,粪性溃疡,"Stercoraceous, stercoral ulcer",K63.3,0.9886708855628967,,,,,
303,3,肛门或直肠,anus or rectum,K62.6,0.9990464448928833,,,,,
303,1,fēng 风,,,0.9990642666816711,,,,,
303,2,风湿病(关节)(神经痛性)(非关节),Rheumatism (articular) (neuralgic) (nonarticular),M79.0,0.9915887713432312,,,,,
303,3,复发性(任何部位),palindromic (any site),M12.3,0.9408988356590271,,,,,
304,2,风湿性(急性)(慢性)(亚急性),Rheumatic (acute) (chronic) (subacute),,0.9915693998336792,,,,,
304,3,肺炎,pneumonia,I00+ J17.8*,0.9554681181907654,,,,,
304,3,热(急性)-见热，风湿热,"fever (acute) - see Fever, rheumatic",,0.9775079488754272,,,,,
304,3,舞蹈症-见舞蹈症，风湿性,"chorea - see Chorea, rheumatic",,0.986322283744812,,,,,
304,3,"心脏(另见病,心脏，风湿性)","heart (see also Disease, heart, rheumatic)",I09.9,0.937157154083252,,,,,
304,4,特指的 NEC,specified NEC,I09.8,0.9268301725387573,,,,,
304,2,风团(另见荨麻疹),Wheal (see also Urticaria),L50.9,0.9970487356185913,,,,,
304,2,风疹,"German measles, Roeteln, Rubella",B06.9,0.9945907592773438,,,,,
304,3,并发于妊娠、分娩或产褥期,"complicating pregnancy, childbirth or puerperium",O98.5,0.9936211109161377,,,,,
304,3,并发症 NEC,complication NEC,B06.8,0.9520775675773621,,,,,
304,4,神经病性,neurological,B06.0+ G99.8*,0.9640241265296936,,,,,
304,3,特指的并发症NEC,specified complications NEC,B06.8,0.9896208047866821,,,,,
304,3,先天性,congenital,P35.0,0.977078378200531,,,,,
304,3,孕产妇,maternal,,0.9781014919281006,,,,,
304,4,怀疑损害到胎儿而影响妊娠处理,suspected damage to fetus affecting management of pregnancy,O35.3,0.9648588299751282,,,,,
304,4,为(可疑)损害及胎儿给予的医疗,care for (suspected) damage to fetus,O35.3,0.957393229007721,,,,,
304,4,影响到胎儿或新生儿,affecting fetus or newborn,P00.2,0.9759705066680908,,,,,
304,5,婴儿出现风疹,manifest rubella in infant,P35.0,0.9728527069091797,,,,,
304,1,fēng 蜂,,,0.9988919496536255,,,,,
304,2,蜂窝肺,Honeycomb lung,J98.4,0.9964024424552917,,,,,
304,3,先天性,congenital,Q33.0,0.9896833300590515,,,,,
304,2,蜂窝织炎(弥漫性)(伴有淋巴管炎)(另见脓肿),"Cellulitis, Phlegmon (diffuse) (with lymphangitis) (see also Abscess)",L03.9,0.9971510171890259,,,,,
304,3,慢性NEC,chronic NEC,L03.9,0.956980288028717,,,,,
304,3,背(任何部分),back (any part),L03.3,0.9749891757965088,,,,,
304,3,鼻(外)(中隔),nose (external) (septum),J34.0,0.9773957133293152,,,,,
304,3,鼻咽,nasopharynx,J39.1,0.990220308303833,,,,,
304,3,臂(任何部分，除外手指或拇指),"arm (any part, except finger or thumb)",L03.1,0.9752944707870483,,,,,
304,3,扁桃体(周),"tonsil, peritonsillar",J36,0.9734197854995728,,,,,
304,3,大腿,thigh,L03.1,0.9441496729850769,,,,,
304,3,丹毒(另见丹毒),erysipelatous (see also Erysipelas),A46,0.9952841997146606,,,,,
304,3,多部位，如此述及的,"multiple sites, so stated",L03.8,0.9858248829841614,,,,,
304,3,"耳(外),耳廓","ear (external), auricle (ear)",H60.1,0.9719032645225525,,,,,
304,3,腹壁,abdominal wall,L03.3,0.9942286610603333,,,,,
304,3,腹股沟,groin,L03.3,0.962628185749054,,,,,
304,3,腹膜后,retroperitoneal,K65.0,0.9877713918685913,,,,,
304,3,肛门,anus,K61.0,0.9536693692207336,,,,,
304,3,宫颈(另见宫颈炎),cervix (uteri) (see also Cervicitis),N72,0.9809749126434326,,,,,
304,3,海绵体,corpus cavernosum,N48.2,0.9849932193756104,,,,,
304,3,颌(区),jaw (region),L03.2,0.9927238821983337,,,,,
304,3,喉,larynx,J38.7,0.9589895606040955,,,,,
305,3,化脓性 NEC,suppurative NEC,L03.9,0.942436158657074,,,,,
305,3,踝,ankle,L03.1,0.9919323921203613,,,,,
305,3,坏疽性(另见坏疽),gangrenous (see also Gangrene),R02,0.993205189704895,,,,,
305,3,会阴,"perineal, perineum",L03.3,0.9517419338226318,,,,,
305,3,肩,shoulder,L03.1,0.9950447678565979,,,,,
305,3,脚趾(鞘内)(骨膜)(皮下)(表皮下),toe (intrathecal) (periosteal) (subcutaneous) (subcuticular),L03.0,0.9854427576065063,,,,,
305,3,接种疫苗性,vaccinal,T88.0,0.97519451379776,,,,,
305,3,结核性(原发性),tuberculous (primary),A18.4,0.98372882604599,,,,,
305,3,颈(区),neck (region),L03.8,0.9760546684265137,,,,,
305,3,口(底),mouth (floor),K12.2,0.9851247072219849,,,,,
305,3,髋,hip,L03.1,0.9495058059692383,,,,,
305,3,眶,"orbit, orbital",H05.0,0.955579400062561,,,,,
305,3,泪器,lacrimal apparatus,H04.3,0.9935702681541443,,,,,
305,3,淋球菌性NEC,gonococcal NEC,A54.8,0.9550140500068665,,,,,
305,3,面部(任何部分，除外耳、眼和鼻),"face (any part, except ear, eye and nose)",L03.2,0.9872300028800964,,,,,
305,3,拇指(鞘内)(骨膜)(皮下)(表皮下),thumb (intrathecal) (periosteal) (subcutaneous) (subcuticular),L03.0,0.9883787631988525,,,,,
305,3,尿道周,periurethral,N34.0,0.9960872530937195,,,,,
305,3,脓毒性NEC,septic NEC,L03.9,0.9704194068908691,,,,,
305,3,盆腔(慢性),"pelvis, pelvic (chronic)",,0.9722995758056641,,,,,
305,4,后,following,,0.8173776268959045,,,,,
305,5,流产(随后发生),abortion (subsequent episode),O08.0,0.9470085501670837,,,,,
305,6,近期发生-见流产,current episode - see Abortion,,0.9621579051017761,,,,,
305,5,异位妊娠或葡萄胎妊娠,ectopic or molar pregnancy,O08.0,0.9246640801429749,,,,,
305,4,男性,nale,K65.0,0.9772415161132812,,,,,
305,4,女性(另见病，盆腔，炎性),"female (see also Disease, pelvis, inflammatory)",N73.2,0.976516604423523,,,,,
305,3,脐,"avel, umbilicus",L03.3,0.9606111645698547,,,,,
305,4,新生儿,newborn,P38,0.9626321792602539,,,,,
305,3,躯干,trunk,L03.3,0.9935939311981201,,,,,
305,3,神经(意指颈),cervical (meaning neck),L03.8,0.9755703806877136,,,,,
305,3,生殖器官NEC,genital organ NEC,,0.920601487159729,,,,,
305,4,男性,male,N49.9,0.9808045029640198,,,,,
305,5,多部位,multiple sites,N49.8,0.9656499624252319,,,,,
305,5,特指的NEC,specified NEC,N49.8,0.9567621946334839,,,,,
305,4,女性(外),female (external),N76.4,0.9581928849220276,,,,,
305,3,声带,vocal cord,J38.3,0.9708864688873291,,,,,
305,3,嗜酸细胞性(肉芽肿性),eosinophilic (granulomatous),L98.3,0.9890474677085876,,,,,
305,3,手(除外手指或拇指),hand (except finger or thumb),L03.1,0.9828335642814636,,,,,
305,3,手指(鞘内)(骨膜)(皮下)(表皮下),finger (intrathecal) (periosteal) (subcutaneous) (subcuticular),L03.0,0.9911850094795227,,,,,
305,3,梭状芽胞杆菌性,clostridial,A48.0,0.9818205237388611,,,,,
305,3,特指部位NEC,specified site NEC,L03.8,0.9715191125869751,,,,,
306,3,头部 NEC,head NEC,L03.8,0.9299725890159607,,,,,
306,3,头皮(任何部分),scalp (any part),L03.8,0.9969757795333862,,,,,
306,3,腿，除外趾,"leg, except toe(s)",L03.1,0.9565343856811523,,,,,
306,3,臀部(区),"buttock, gluteal (region)",L03.3,0.9707982540130615,,,,,
306,3,外耳道,external auditory canal,H60.1,0.9496806263923645,,,,,
306,3,外阴(另见外阴炎),vulva (see also Vulvitis),N76.2,0.9809097647666931,,,,,
306,3,腕,wrist,L03.1,0.9876535534858704,,,,,
306,3,膝,knee,L03.1,0.9703543186187744,,,,,
306,3,胸壁(区),"chest wall, pectoral (region)",L03.3,0.9942633509635925,,,,,
306,3,咽,pharynx,J39.1,0.992279589176178,,,,,
306,3,眼睑,eyelid,H00.0,0.9611926674842834,,,,,
306,3,厌氧性,anaerobic,A48.0,0.9745521545410156,,,,,
306,3,腋,axilla,L03.1,0.972359299659729,,,,,
306,3,阴唇(大)(小)(另见外阴炎),labium (majus) (minus) (see also Vulvitis),N76.4,0.980236828327179,,,,,
306,3,阴茎,penis,N48.2,0.9814680814743042,,,,,
306,3,阴囊,scrotum,N49.2,0.9829810857772827,,,,,
306,3,引流部位(手术后),drainage site (following operation),T81.4,0.9868050813674927,,,,,
306,3,直肠(周),"rectum, perirectal",K61.1,0.963314950466156,,,,,
306,3,子宫周(另见病，盆腔，炎性),"periuterine (see also Disease, pelvis, inflammatory)",N73.2,0.9925334453582764,,,,,
306,3,足(除外趾),foot (except toe(s)),L03.1,0.9812002182006836,,,,,
306,3,足跟,heel,L03.1,0.9598428010940552,,,,,
306,2,蜂窝织炎的-见情况,Phlegmonous - see condition,,0.9988301396369934,,,,,
306,2,蜂窝组织周炎-见蜂窝织炎,Pericellulitis - see Cellulitis,,0.9867148995399475,,,,,
306,1,féng 冯,,,0.9438788294792175,,,,,
306,2,冯·埃科诺莫-克吕谢病[昏睡性脑炎],Von Economo-Cruchet disease,A85.8,0.9996535181999207,,,,,
306,2,冯·贝佐尔德脓肿[颞骨骨膜下脓肿],Von Bezold's abscess,H70.0,0.9944807291030884,,,,,
306,2,冯·聪布施病,Von Zumbusch's disease,L40.1,0.9947959184646606,,,,,
306,2,冯·吉尔克病[糖原贮积病I型],Von Gierke's disease,E74.0,0.9766254425048828,,,,,
306,2,冯·雷克林豪森,Von Recklinghausen's,,0.9996652603149414,,,,,
306,3,病(神经纤维瘤病)(M9540/1),disease (neurofibromatosis) (M9540/1),Q85.0,0.9850042462348938,,,,,
306,4,骨,bones,E21.0,0.949148416519165,,,,,
306,2,冯·雷克林豪森-阿普勒鲍姆病,Von Recklinghausen-Applebaum disease,E83.1,0.9995749592781067,,,,,
306,2,冯·维勒布兰德(-尤尔根斯)(-迈诺特)病或综合征[血管血友病],Von Willebrand(-Jurgens) (-Minot) disease or syndrome,D68.0,0.9860851764678955,,,,,
306,2,冯·希佩尔(-林道)病或综合征[遗传性斑痣性错构瘤],Von Hippel(-Lindau) disease or syndrome,Q85.8,0.9961991310119629,,,,,
306,1,féng 缝,,,0.9998989105224609,,,,,
306,2,缝合口破裂(手术并发症),Burst stitches or sutures (complication of surgery),T81.3,0.9998752474784851,,,,,
306,2,缝线,Suture,,0.9997873306274414,,,,,
306,3,破裂(手术伤口),burst (in operation wound),T81.3,0.9956333041191101,,,,,
306,3,意外遗留在手术伤口内,inadvertently left in operation wound,T81.5,0.982109785079956,,,,,
307,1,fū 跗,,,0.9122275710105896,,,,,
307,2,跗骨痛,Tarsalgia,M79.6,0.9986761808395386,,,,,
307,2,跗管综合征,Tarsal tunnel syndrome,G57.5,0.9973570108413696,,,,,
307,1,fú 弗,,,0.9998496174812317,,,,,
307,2,弗-凯环[弗莱舍-凯泽](角膜),Fleischer-Kayser ring (cornea),H18.0,0.9980905055999756,,,,,
307,2,弗-沃综合征或病[出血性肾上腺综合征],Friderichsen-Waterhouse syndrome or disease,A39.1+ E35.1*,0.9763500690460205,,,,,
307,2,弗-希病[进行性皮质性脑病],Flatau-Schilder disease,G37.0,0.9989660382270813,,,,,
307,2,弗拉亚尼病[突眼性甲状腺肿],Flajani's disease,E05.0,0.9999003410339355,,,,,
307,2,弗赖病[性病性淋巴肉芽肿],Frei's disease,A55,0.9989960789680481,,,,,
307,2,弗赖伯格病(跖骨头不全骨折或骨软骨病),Freiberg's disease (infraction of metatarsal head or osteochondrosis),M92.7,0.9938330054283142,,,,,
307,2,弗赖综合征[耳颞神经综合征],Frey's syndrome,G50.8,0.9957265257835388,,,,,
307,2,弗兰克特发性血小板减少,Frank's essential thrombocytopenia,D69.3,0.9787927269935608,,,,,
307,2,弗兰切斯凯蒂-克莱因(-维尔德万克)病或综合征,Franceschetti-Klein(-Wildervanck) disease or syndrome,Q75.4,0.9998937249183655,,,,,
307,2,弗朗西斯病(另见土拉菌病),Francis' disease (see also Tularemia),A21.9,0.9825027585029602,,,,,
307,2,弗勒赫利希综合征[肥胖生殖无能综合征],Fröhlich's syndrome,E23.6,0.9815053343772888,,,,,
307,2,弗雷德里克森高脂蛋白血症，型,"Frederickson's hyperlipoproteinemia, type",,0.9995988011360168,,,,,
307,3,I和 V,I and V,E78.3,0.880876898765564,,,,,
307,3,IIA,IIA,E78.0,0.9518184661865234,,,,,
307,3,IIb 和 III,IIb and III,E78.2,0.9039031267166138,,,,,
307,3,IV,IV,E78.1,0.9393288493156433,,,,,
307,2,弗雷泽综合征,Fraser's syndrome,Q87.0,0.9999179840087891,,,,,
307,2,弗里德赖希,Friedreich's,,0.9993938207626343,,,,,
307,3,半面增生,facial hemihypertrophy,Q67.4,0.9981344938278198,,,,,
307,3,共济失调,ataxia,G11.1,0.9331967234611511,,,,,
307,3,合并全身性病,combined systemic disease,G11.1,0.9982030987739563,,,,,
307,3,硬化(小脑)(脊髓),sclerosis (cerebellum) (spinal cord),G11.1,0.9715278148651123,,,,,
307,2,弗里德伦德尔杆菌(芽胞杆菌)NEC(另见情况),Friedländer's (bacillus) NEC (see also condition),A49.8,0.9992743730545044,,,,,
307,2,弗里曼-谢尔登综合征[颅腕跗营养不良],Freeman-Sheldon syndrome,Q87.0,0.9973440170288086,,,,,
307,2,弗林病[苯丙酮酸尿病],Folling's disease,E70.0,0.9999129772186279,,,,,
307,2,弗林特杂音(主动脉关闭不全),Flint murmur (aortic insufficiency),I35.1,0.9897225499153137,,,,,
307,2,弗氏痢疾,Flexner's dysentery,A03.1,0.9981862306594849,,,,,
307,1,fú 伏,,,0.9085792303085327,,,,,
307,2,伏格特-小柳综合征[眼色素层脑膜炎],Vogt-Koyanagi syndrome,H20.8,0.9998168349266052,,,,,
307,1,fú 服,,,0.8897698521614075,,,,,
307,2,服用-见给予,Administration,,0.9995487332344055,,,,,
308,1,fú 氟,,,,,,,,
308,2,氟牙症[斑釉牙],"Mottled, mottling, teeth (enamel)",K00.3,0.969821035861969,,,,,
308,2,氟中毒[斑釉],Fluorosis,,0.9996526837348938,,,,,
308,3,骨骼[氟骨症],skeletal,M85.1,0.9823520183563232,,,,,
308,3,牙[氟牙症],dental,K00.3,0.9729182124137878,,,,,
308,1,fú 匐,,,0.911455512046814,,,,,
308,2,匐行性麻痹,Creeping palsy or paralysis,G12.2,0.9655145406723022,,,,,
308,2,匐行性脱发,Ophiasis,L63.2,0.9993950128555298,,,,,
308,1,fú 辐,,,0.9993777275085449,,,,,
308,2,辐射,Radiation,,0.9998885989189148,,,,,
308,3,暴露NEC,exposure NEC,Z58.4,0.9652762413024902,,,,,
308,4,职业性,occupational,Z57.1,0.9375128746032715,,,,,
308,3,效应或病 NEC,effects or sickness NEC,T66,0.9336214661598206,,,,,
308,2,辐照的有害效应NEC,"Irradiation effects, adverse NEC",T66,0.9969615936279297,,,,,
308,2,辐照性牙釉质,"Irradiated enamel (tooth, teeth)",K03.8,0.9944723844528198,,,,,
308,1,fú 福,,,0.9996011853218079,,,,,
308,2,福布斯糖原贮积病,Forbes' glycogen storage disease,E74.0,0.9964662790298462,,,,,
308,2,福代斯-福克斯病[腋窝阴阜顶泌腺慢性发炎],Fordyce-Fox disease,L75.2,0.9994168877601624,,,,,
308,2,福代斯病[异位皮脂腺](口腔),Fordyce's disease (mouth),Q38.6,0.9985041618347168,,,,,
308,2,福格特-施皮格尔迈尔黑矇性白痴或病,Vogt-Spielmeyer amaurotic idiocy or disease,E75.4,0.9922515749931335,,,,,
308,2,福格特病或综合征,Vogt's disease or syndrome,G80.3,0.9998551607131958,,,,,
308,2,福卡斯病,Phocas' disease,N60.1,0.984203040599823,,,,,
308,2,福克曼缺血性挛缩或麻痹(并发创伤),Volkmann's ischemic contracture or paralysis (complicating trauma),T79.6,0.9953418970108032,,,,,
308,2,福克斯(-福代斯)病[腋窝阴阜顶泌腺慢性发炎],Fox(-Fordyce) disease,L75.2,0.9994767308235168,,,,,
308,2,福雷斯蒂尔病[强直性骨肥厚],Forestier's disease,M48.1,0.9972171783447266,,,,,
308,2,福瑟吉尔,Fothergill's,,0.9999510049819946,,,,,
308,3,病(猩红热咽峡炎),disease (scarlatina anginosa),A38,0.9640696048736572,,,,,
308,3,综合征(三叉神经痛)(另见神经痛，三叉),"syndrome (trigeminal neuralgia) (see also Neuralgia, trigeminal)",G50.0,0.9890080094337463,,,,,
308,2,福维尔(脚)病或综合征[外展-面神经交叉性偏瘫],Foville's (peduncular) disease or syndrome,I67.8+ G46.3*,0.929414689540863,,,,,
308,2,福希耶脓肿-作为脓肿，按部位编码,"Fochier's abscess - code as Abscess, by site",,0.9987984299659729,,,,,
308,1,fǔ 俯,,,0.9982672333717346,,,,,
308,2,俯屈,Flexion,,0.9998331069946289,,,,,
308,3,宫颈(另见错位，子宫),"cervix (see also Malposition, uterus)",N85.4,0.9774116277694702,,,,,
308,3,子宫(另见错位，子宫),"uterus (see also Malposition, uterus)",N85.4,0.9872202277183533,,,,,
308,4,外侧-见侧倾，子宫,"lateral - see Lateroversion, uterus",,0.9621632099151611,,,,,
309,1,fǔ 腐,,,,,,,,
309,2,腐肉(另见坏疽),Sphacelus (see also Gangrene),R02,0.9983314275741577,,,,,
309,2,腐肉形成(多发性)(崩蚀性溃疡)(皮肤)(另见坏疽),Sloughing (multiple) (phagedena) (skin) (see also Gangrene),R02,0.9723353385925293,,,,,
309,3,筋膜,fascia,M79.8,0.9873943328857422,,,,,
309,3,溃疡(另见溃疡，皮肤),"ulcer (see also Ulcer, skin)",L98.4,0.9716113805770874,,,,,
309,3,阑尾,appendix,K38.8,0.9565883278846741,,,,,
309,3,脓肿(另见脓肿),abscess (see also Abscess),L02.9,0.9913797974586487,,,,,
309,3,阴囊,scrotum,N50.8,0.9850322604179382,,,,,
309,2,腐蚀,Decay,,0.9998339414596558,,,,,
309,3,牙,"dental, tooth, teeth",K02.9,0.9405943751335144,,,,,
309,2,腐蚀伤(损伤)(酸)(苛性)(化学性)(外)(内)(石灰),Corrosion (injury) (acid) (caustic) (chemical) (external) (internal) (lime),T30.4,0.9827160239219666,,,,,
309,3,注：下列第四位数亚目与T20-T25，和类目一起使用：.4未特指度数.5一度红斑.6二度水疱，表皮损失.7三度下部组织深度坏死全层皮肤损失,"Note: The following fourth-character subdivisions are for use with categories T20-T25, T29 and T30: .4 Unspecified degree .5 First degree Erythema .6 Second degree Blisters, epidermal loss .7 Third degree Deep necrosis of underlying tissue Full-thickness skin loss",,0.945880651473999,,,,,
309,3,度-作为腐蚀伤，按部位编码，伴有第四位数.5,"first degree - code asCorrosion, by site,with fourth character.5",,0.9672333598136902,,,,,
309,3,二度-作为腐蚀伤，按部位编码，伴有第四位数.6,"second degree - code as Corrosion, by site, with fourth character.6",,0.9867786765098572,,,,,
309,3,三度-作为腐蚀伤，按部位编码，伴有第四位数.7,"third degree - code as Corrosion, by site, with fourth character.7",,0.9861167073249817,,,,,
309,3,四度-作为腐蚀伤，按部位编码，伴有第四位数.7,"fourth degree - code as Corrosion, by site,with fourth character.7",,0.98607337474823,,,,,
309,3,背,back,T21,0.9014127254486084,,,,,
309,3,鼻(中隔),nose (septum),T20,0.9459114074707031,,,,,
309,3,臂(上)(意指上肢),arm(s) (upper) (meaning upper limb),T22,0.9679449200630188,,,,,
309,4,伴有腕和手,with wrist and hand,T29,0.9833939671516418,,,,,
309,3,扁桃体,tonsil(s),T28.5,0.9632509350776672,,,,,
309,3,表皮损失-作为腐蚀伤，按部位编码，伴有第四位数.6,"epidermal loss - code as Corrosion, by site, with fourth character .6",,0.9855801463127136,,,,,
309,3,肠(大)(小),intestine (large) (small),T28.7,0.9841480255126953,,,,,
309,3,唇,lip(s),T20,0.9629741907119751,,,,,
309,3,大腿,thigh(s),T24,0.9362471103668213,,,,,
309,3,耳(廓)(管)(鼓)(外),ear (auricle) (canal) (drum) (external),T20,0.9614930152893066,,,,,
309,3,非全层皮肤损伤-作为腐蚀伤，按部位编码，伴有第四位数.6,"partial thickness skin damage -code as Corrosion, by site, with fourth character.6",,0.9785932302474976,,,,,
309,3,肺(伴有喉和气管),lung (with larynx and trachea),T27.5,0.9850836992263794,,,,,
309,3,腹部(肌肉)(壁),"abdomen, abdominal (muscle) (wall)",T21,0.9906034469604492,,,,,
310,3,腹股沟,groin,T21,0.9508209228515625,,,,,
310,3,肛门,anus,T21,0.944347083568573,,,,,
310,3,睾丸,testis,T21,0.9573211669921875,,,,,
310,3,宫颈,cervix,T28.8,0.9775015711784363,,,,,
310,3,巩膜,sclera,T26.8,0.9664032459259033,,,,,
310,3,骨盆,pelvis,T21,0.9198391437530518,,,,,
310,3,红斑(性)-作为腐蚀伤，按部位编码，伴有,"erythema, erythematous - code as",,0.9899111390113831,,,,,
310,3,第四位数.5,"site, with fourth character.5",,0.999871015548706,,,,,
310,3,喉,larynx,T27.4,0.9658131003379822,,,,,
310,4,伴有肺,with lung,T27.5,0.9562438130378723,,,,,
310,3,呼吸道,respiratory tract,T27.7,0.9992789030075073,,,,,
310,4,特指部位 NEC,specified part NEC,T27.6,0.931731641292572,,,,,
310,3,踝(和足),ankle (and foot),T25,0.9650055170059204,,,,,
310,4,伴有腿,with leg,T29,0.9196824431419373,,,,,
310,3,会厌,epiglottis,T27.4,0.956766664981842,,,,,
310,3,会阴,perineum,T21,0.9471415281295776,,,,,
310,3,肩,shoulder(s),T22,0.9705806970596313,,,,,
310,3,肩胛间区,interscapular region,T21,0.992851197719574,,,,,
310,3,肩胛区,scapular region,T22,0.9591657519340515,,,,,
310,3,脚趾(甲)(趾甲下的),toe(nail) (subungual),T25,0.9646642804145813,,,,,
310,3,角膜(和结膜),cornea (and conjunctiva),T26.6,0.9736985564231873,,,,,
310,3,结肠,colon,T28.7,0.9638662338256836,,,,,
310,3,结膜(和角膜),conjunctiva (and cornea),T26.6,0.9841263890266418,,,,,
310,3,颈,neck,T20,0.9695654511451721,,,,,
310,3,口腔,mouth,T28.5,0.9376757740974426,,,,,
310,3,髋,hip,T24,0.9823992848396301,,,,,
310,3,泪器、泪管、泪腺或泪囊,"lacrimal apparatus, duct, gland or sac",T26.8,0.9973793625831604,,,,,
310,3,泌尿生殖器官,genitourinary organs,,0.9927479028701782,,,,,
310,4,内,internal,T28.8,0.9033023715019226,,,,,
310,4,外,external,T21,0.9295444488525391,,,,,
310,3,面部,face,T20,0.9875320792198181,,,,,
310,3,拇指,thumb(s),T23,0.8766666650772095,,,,,
310,3,内部器官NEC(另见腐蚀伤，按部位),"internal organs NEC (see also Corrosion, by site)",T28.9,0.989610493183136,,,,,
310,3,颞,temple,T20,0.9871851205825806,,,,,
310,3,皮肤NEC,skin NEC,T30.4,0.9511635303497314,,,,,
310,3,气管,trachea,T27.4,0.9791057705879211,,,,,
310,4,伴有肺,with lung,T27.5,0.9392778873443604,,,,,
310,3,躯干,trunk,T21,0.9499353766441345,,,,,
310,3,全层皮肤丢失-作为腐蚀伤，按部位编码，伴有第四位数.7,"full-thickness skin loss - code as Corrosion, by site, with fourth character.7",,0.9887291193008423,,,,,
310,3,全身-见腐蚀伤，身体多个部位,"entire body, total body - see Corrosion, multiple body regions",,0.9893257021903992,,,,,
310,3,乳房,breast(s),T21,0.9198769330978394,,,,,
311,3,舌,tongue,T28.5,0.950374960899353,,,,,
311,3,身体多个部位(可归类于T20-T28中超过一个类目的部位),multiple body regions (sites classifiable to more than one category in T20-T28),T29.4,0.9830905795097351,,,,,
311,4,度(仅，不伴有二度或三度),"first degree (only, without second or third degree)",T29.5,0.9685214757919312,,,,,
311,4,二度(伴有一度),second degree (with first degree),T29.6,0.9514036178588867,,,,,
311,4,三度(伴有一度和二度),third degree (with first and second degree),T29.7,0.954233705997467,,,,,
311,3,食管,esophagus,T28.6,0.9604803323745728,,,,,
311,3,手(指)(和腕),hand(s) (phalanges) (and wrist) .,T23,0.9572303295135498,,,,,
311,4,和臂,with arm,T29,0.9720643162727356,,,,,
311,3,手掌,palm(s),T23,0.9554753303527832,,,,,
311,3,手指(甲)(指甲下的),finger(s) (nail) (subungual),T23,0.9554558992385864,,,,,
311,3,水疱-作为腐蚀伤，按部位编码，伴有第四位数.6,"blisters - code as Corrosion, by site, with fourth character.6",,0.9944850206375122,,,,,
311,3,头(和面部)(和颈),head (and face)(and neck),T20,0.970542311668396,,,,,
311,4,仅眼部-见腐蚀伤，眼,"eye(s) only - see Corrosion, eye",,0.9755091071128845,,,,,
311,3,头皮,scalp,T20,0.9899894595146179,,,,,
311,3,腿(小)(意指下肢),leg(s) (lower) (meaning lower limb),T24,0.9652829766273499,,,,,
311,4,伴有踝和足,with ankle and foot,T29,0.9129378199577332,,,,,
311,3,臀部,buttock(s),T21,0.9609487056732178,,,,,
311,3,外阴,vulva,T21,0.9961259365081787,,,,,
311,3,腕(和手),wrist(s) (and hand),T23,0.9631310105323792,,,,,
311,4,伴有臂,with arm,T29,0.9171401858329773,,,,,
311,3,未特指部位伴有累及特指的体表范围,unspecified site with extent of body surface involved specified,,0.9872353672981262,,,,,
311,4,小于10%,less than 10 per cent,T32.0,0.952674388885498,,,,,
311,4,10%-19%,10-19 per cent,T32.1,0.9500285983085632,,,,,
311,4,20%-29%,20-29 per cent,T32.2,0.9173592925071716,,,,,
311,4,30%-39%,30-39 per cent,T32.3,0.9752835035324097,,,,,
311,4,40%-49%,40-49 per cent,T32.4,0.9816718101501465,,,,,
311,4,50%-59%,50-59 per cent,T32.5,0.9413796663284302,,,,,
311,4,60%-69%,60-69 per cent,T32.6,0.9825568795204163,,,,,
311,4,70%-79%,70-79 per cent,T32.7,0.9581162333488464,,,,,
311,4,80%-89%,80-89 per cent,T32.8,0.9387788772583008,,,,,
311,4,90%或以上,90 per cent or more,T32.9,0.9629756808280945,,,,,
311,3,胃,stomach,T28.7,0.9842891693115234,,,,,
311,3,胃肠道NEC,gastrointestinal tract NEC,T28.7,0.9486064314842224,,,,,
311,3,吸入(另见腐蚀伤，按部位),"inhalation (see also Corrosion, by site)",T27.7,0.9904791712760925,,,,,
311,3,膝,knee,T24,0.9677965044975281,,,,,
311,3,下背,lower back,T21,0.952678918838501,,,,,
311,3,下部组织深度坏死-作为腐蚀伤，按部位编码，伴有第四位数.7,"deep necrosis of underlyingtissue - code as Corrosion, by site, with fourth character .7",,0.9954839944839478,,,,,
311,3,消化道 NEC,alimentary tract NEC,T28.7,0.9437088966369629,,,,,
311,3,胁腹,flank,T21,0.982782781124115,,,,,
311,3,胸壁,chest wall,T21,0.9918571710586548,,,,,
311,3,胸部(外),thorax (external),T21,0.991071343421936,,,,,
312,3,咽(喉),"pharynx, throat",T28.5,0.9959714412689209,,,,,
312,3,眼,eye(s),T26.9,0.9612175822257996,,,,,
312,4,伴有导致眼球破裂和破坏,with resulting rupture and destruction of eyeball,T26.7,0.9835069179534912,,,,,
312,4,特指部位 NEC(另见腐蚀伤，按部位),"specified part NEC (see also Corrosion, by site)",T26.8,0.9676733613014221,,,,,
312,3,眼附器,ocular adnexa,T26.9,0.9812782406806946,,,,,
312,3,眼睑,eyelid(s),T26.5,0.9629808068275452,,,,,
312,3,眼球-见腐蚀伤，眼,"eyeball - see Corrosion, eye",,0.9611635804176331,,,,,
312,3,眼周区,periocular area,T26.5,0.9583582878112793,,,,,
312,3,腋,axilla,T22,0.9410923719406128,,,,,
312,3,阴唇(大)(小),labium (majus) (minus),T21,0.9749346375465393,,,,,
312,3,阴道,vagina,T28.8,0.9786555767059326,,,,,
312,3,阴茎,penis,T21,0.9317095875740051,,,,,
312,3,阴囊,scrotum,T21,0.9140618443489075,,,,,
312,3,肢,"extremity, limb(s)",,0.9938292503356934,,,,,
312,4,上(除外仅腕和手).,upper (except wrist and hand alone),T22,0.9772750735282898,,,,,
312,5,伴有腕和手,with wrist and hand,T29,0.9568046927452087,,,,,
312,4,下(除外仅踝或足),lower (except ankle or foot alone),T24,0.9768694639205933,,,,,
312,5,伴有踝和足,with ankle and foot,T29,0.9527137279510498,,,,,
312,3,直肠,rectum,T28.7,0.976331353187561,,,,,
312,3,子宫,uterus,T28.8,0.9523372650146484,,,,,
312,3,足(和踝)(趾),foot (and ankle) (phalanges),T25,0.974132239818573,,,,,
312,4,伴有腿,with leg,T29,0.9658871293067932,,,,,
312,2,腐蚀性烧伤-见腐蚀伤，按部位,"Caustic burn, Corrosive burn - see Corrosion, by site",,0.9945420026779175,,,,,
312,1,fù 妇,,,0.999904215335846,,,,,
312,2,妇科检查(定期的)(常规),Gynecological examination (periodic) (routine),Z01.4,0.9794384837150574,,,,,
312,1,fù 附,,,0.9198165535926819,,,,,
312,2,附发疹反应[Id反应](由于细菌),Id reaction (due to bacteria),L30.2,0.978778064250946,,,,,
312,2,附睾-睾丸炎(另见附睾炎),Epididymo-orchitis (see also Epididymitis),N45.9,0.997805118560791,,,,,
312,3,伴有脓肿,with abscess,N45.0,0.9774188995361328,,,,,
312,2,附睾的-见情况,Epididymis - see condition,,0.9959158301353455,,,,,
312,2,附睾炎(急性)(非性病性)(复发性)(残余),Epididymitis (acute) (nonvenereal) (recurrent) (residual),N45.9,0.9871726632118225,,,,,
312,3,干酪样(结核),caseous (tuberculous),A18.1+ N51.1*,0.9661466479301453,,,,,
312,3,结核性,tuberculous,A18.1+ N51.1*,0.9816676378250122,,,,,
312,3,淋病性(淋球菌性),blennorrhagic (gonococcal),A54.2+ N51.1*,0.9780051112174988,,,,,
312,3,淋球菌性,gonococcal,A54.2+ N51.1*,0.9700548052787781,,,,,
312,3,梅毒性,syphilitic,A52.7+ N51.1*,0.9919252395629883,,,,,
312,3,衣原体性,chlamydial,A56.1+ N51.1*,0.9821136593818665,,,,,
312,2,附睾周炎(另见附睾炎),Periepididymitis (see also Epididymitis),N45.9,0.996620774269104,,,,,
312,3,伴有脓肿,with abscess,N45.0,0.9951046109199524,,,,,
312,2,附加的 - 见副,Additional - see Accessory,,0.898908257484436,,,,,
313,2,附件 - 另见情况,"Appendage, Appendix, Appendicular - see also condition",,0.9202600121498108,,,,,
313,3,肠(网膜),intestine (epiploic),Q43.8,0.9814781546592712,,,,,
313,3,耳前,preauricular,Q17.0,0.9914379119873047,,,,,
313,3,附睾(莫尔加尼器官),"epididymis, epididymal (organ of Morgagni)",Q55.4,0.9925531148910522,,,,,
313,3,睾丸(莫尔加尼器官),"testicular, testis (organ of Morgagni)",Q55.2,0.9887657165527344,,,,,
313,3,莫尔加尼,Morgagni,,0.9801322817802429,,,,,
313,4,男性(附睾),male (epididymal),Q55.4,0.9738823175430298,,,,,
313,5,睾丸,testicular,Q55.2,0.916903018951416,,,,,
313,4,女性,female,Q50.5,0.9369195103645325,,,,,
313,2,附着,Insertion,,0.9999660849571228,,,,,
313,3,脐带外侧或帆状,cord (umbilical) lateral or velamentous,O43.1,0.9815088510513306,,,,,
313,3,胎盘，不良-见胎盘，前置,"placenta, vicious - see Placenta, previa",,0.9833823442459106,,,,,
313,1,fù 复,,,0.999945342540741,,,,,
313,2,复发性的-见情况,Recurrent - see condition,,0.990224301815033,,,,,
313,2,复发性坏死性粘膜腺周炎,Periadenitis mucosa necrotica recurrens,K12.0,0.9999253749847412,,,,,
313,2,复发性结节性非化脓性脂膜炎[韦伯-克里斯琴病],Weber-Christian disease,M35.6,0.9974831342697144,,,,,
313,2,复旧 - 另见情况,"Involution, involutional - see also condition",,0.9167954325675964,,,,,
313,3,卵巢，老年性,"ovary, senile",N83.3,0.9728557467460632,,,,,
313,3,乳房，囊性,"breast, cystic",N60.8,0.9603297710418701,,,,,
313,2,复旧不全,Subinvolution,,0.9999873638153076,,,,,
313,3,产褥期,puerperal,O90.8,0.9469807147979736,,,,,
313,3,乳房(哺乳后)(产后),breast (postlactational) (postpuerperal),N64.8,0.9863932728767395,,,,,
313,3,子宫(非产褥期),uterus (nonpuerperal),N85.3,0.9686254262924194,,,,,
313,4,产褥期,puerperal,O90.8,0.9405311346054077,,,,,
313,2,复旧过度(子宫),Superinvolution (uterus),N85.8,0.9998865723609924,,,,,
313,2,复孔绦虫病,Dipylidiasis,B71.1,0.9936597943305969,,,,,
313,2,复视,Diplopia,H53.2,0.9999632835388184,,,,,
313,2,复听,Diplacusis,H93.2,0.9454359412193298,,,,,
313,2,复征,Complex,,0.999972939491272,,,,,
313,3,艾迪生-希尔德,Addison-Schilder,E71.3,0.9831351041793823,,,,,
313,3,艾森门格尔,Eisenmenger,I27.8,0.9774877429008484,,,,,
313,3,不完全性脱位(椎骨),subluxation (vertebral),M99.1,0.9858328700065613,,,,,
313,3,关节突脱位，脊柱-见脱位，脊椎,"jumped process, spine - see Dislocation, vertebra",,0.9951041340827942,,,,,
313,3,科斯滕,Costen's,K07.6,0.9683355689048767,,,,,
313,3,陶-宾[陶西格-宾],Taussig-Bing,Q20.1,0.9778971672058105,,,,,
313,3,希尔德-艾迪生,Schilder-Addison,E71.3,0.9726813435554504,,,,,
313,3,心肾性(另见高血压，心肾性),"cardiorenal (see also Hypertension, cardiorenal)",I13.9,0.9805765151977539,,,,,
313,3,性欲过度的,hypersexual,F52.7,0.9894158840179443,,,,,
313,3,原发性，结核性,"primary, tuberculous",A16.7,0.9819747805595398,,,,,
313,4,伴有细菌学和组织学证实,with bacteriological and histological confirmation,A15.7,0.9768431186676025,,,,,
314,1,fù 副,,,,,,,,
314,2,副(先天性),Accessory (congenital),,0.9911975264549255,,,,,
314,3,瓣膜，心脏 NEC,"valve, heart NEC",Q24.8,0.9560495018959045,,,,,
314,3,包皮,"foreskin, prepuce",N47,0.9555402994155884,,,,,
314,3,鼻,nose,Q30.8,0.9607160091400146,,,,,
314,3,肠(大)(小),intestine (large)(small),Q43.4,0.9872048497200012,,,,,
314,3,处女膜,hymen,Q52.4,0.9623931050300598,,,,,
314,3,垂体,pituitary gland,Q89.2,0.9951567053794861,,,,,
314,3,胆管或胆道,biliary duct or passage,Q44.5,0.9825989007949829,,,,,
314,3,胆囊,gallbladder,Q44.1,0.9822816848754883,,,,,
314,3,胆囊管,cystic duct,Q44.5,0.9974791407585144,,,,,
314,3,额鼻突,frontonasal process,Q75.8,0.9988257884979248,,,,,
314,3,耳(廓)(叶),ear (auricle) (lobe),Q17.0,0.9407549500465393,,,,,
314,3,耳垂,lobule (ear),Q17.0,0.9622507691383362,,,,,
314,3,耳屏,tragus,Q17.0,0.9621322154998779,,,,,
314,3,耳前附属物,preauricular appendage,Q17.0,0.9861913323402405,,,,,
314,3,房室传导,atrioventricular conduction,I45.6,0.9757676720619202,,,,,
314,3,肺(叶),lung (lobe),Q33.1,0.984320878982544,,,,,
314,3,跗骨,tarsal bones,Q74.2,0.9716479778289795,,,,,
314,3,肝,liver,Q44.7,0.9933390021324158,,,,,
314,4,管,duct,Q44.5,0.8692407608032227,,,,,
314,3,肝管,hepatic ducts,Q44.5,0.9729756116867065,,,,,
314,3,肛门,anus,Q43.4,0.9917334914207458,,,,,
314,3,骨 NEC,bone NEC,Q79.8,0.9382762908935547,,,,,
314,3,冠状动脉,coronary artery,Q24.5,0.9792730212211609,,,,,
314,3,颌下腺,submaxillary gland,Q38.4,0.9922289252281189,,,,,
314,3,肌肉,muscle,Q79.8,0.9675734043121338,,,,,
314,3,脊椎,vertebra,Q76.4,0.9581711292266846,,,,,
314,3,甲状旁腺,parathyroid gland,Q89.2,0.9911532998085022,,,,,
314,3,甲状腺,thyroid gland,Q89.2,0.9922645092010498,,,,,
314,3,腱,tendon,Q79.8,0.9880374073982239,,,,,
314,3,脚趾,toes,Q69.2,0.9939261078834534,,,,,
314,3,阑尾,appendix,Q43.4,0.9810856580734253,,,,,
314,3,肋骨,rib,Q76.6,0.9775749444961548,,,,,
314,4,神经,cervical,Q76.5,0.9566010236740112,,,,,
314,3,泪小管,lacrimal canal,Q10.6,0.9955093860626221,,,,,
314,3,卵巢,ovary,Q50.3,0.9859161972999573,,,,,
314,3,盲肠,cecum,Q43.4,0.9774413108825684,,,,,
314,3,泌尿器官或泌尿道 NEC,urinary organ or tract NEC,Q64.8,0.9932217001914978,,,,,
314,3,面骨,face bone(s),Q75.8,0.9800262451171875,,,,,
314,3,拇指,thumb,Q69.1,0.9915245175361633,,,,,
314,3,蹕趾,hallux,Q69.2,0.8950093984603882,,,,,
314,3,内分泌腺NEC,endocrine gland NEC,Q89.2,0.9625868201255798,,,,,
315,3,尿道,urethra,Q64.7,0.9933425784111023,,,,,
315,3,膀胱,bladder,Q64.7,0.9798257946968079,,,,,
315,3,皮肤赘片,skin tags,Q82.8,0.9562328457832336,,,,,
315,3,脾,spleen,Q89.0,0.9800136089324951,,,,,
315,3,器官或部位未列出-见异常，按部位,"organ or site not listed - see Anomaly, by site",,0.9895431995391846,,,,,
315,3,染色体NEC(无性),chromosome(s) NEC (non-sex),Q92.9,0.9831364750862122,,,,,
315,4,见三体性，13,"see Trisomy, 13",,0.9036391377449036,,,,,
315,4,见三体性，18,"see Trisomy, 18",,0.9025507569313049,,,,,
315,4,见三体性，21,"see Trisomy, 21",,0.90860515832901,,,,,
315,4,伴有复合体重排NEC,with complex rearrangements NEC,Q92.5,0.9880375266075134,,,,,
315,5,仅见于前中期,seen only at prometaphase,Q92.4,0.9844765663146973,,,,,
315,4,部分,partial,Q92.9,0.953964352607727,,,,,
315,4,性,sex,,0.8089972138404846,,,,,
315,5,男性表型,male phenotype,Q98.8,0.9824011921882629,,,,,
315,5,女性表型,female phenotype,Q97.8,0.9856972098350525,,,,,
315,3,乳房组织，腋下,"breast tissue, axilla",Q83.1,0.993465781211853,,,,,
315,3,乳头,nipple,Q83.3,0.981823205947876,,,,,
315,3,腮腺(和腮管),parotid gland (and duct),Q38.4,0.989445149898529,,,,,
315,3,舌,tongue,Q38.3,0.9885849356651306,,,,,
315,3,神经系统，部位NEC,"nervous system, part NEC",Q07.8,0.9892762899398804,,,,,
315,3,肾,kidney,Q63.0,0.9906359910964966,,,,,
315,3,肾动脉(多发性),renal arteries (multiple),Q27.2,0.9761515259742737,,,,,
315,3,肾上腺,adrenal gland,Q89.1,0.9951707720756531,,,,,
315,3,生殖器官,genital organ(s),,0.983599066734314,,,,,
315,4,男性,male,Q55.8,0.9414457678794861,,,,,
315,4,女性,female,Q52.8,0.8843344449996948,,,,,
315,5,内 NEC,internal NEC,Q52.8,0.9279879331588745,,,,,
315,5,外,external,Q52.7,0.8706269860267639,,,,,
315,3,声带,vocal cords,Q31.8,0.992060124874115,,,,,
315,3,手指,finger(s),Q69.0,0.9623537659645081,,,,,
315,3,输卵管(繖)(口),"fallopian tube, oviduct (fimbria) (ostium)",Q50.6,0.9836950898170471,,,,,
315,3,输尿管,ureter,Q62.5,0.9878078103065491,,,,,
315,3,听小骨,auditory ossicles,Q16.3,0.9970798492431641,,,,,
315,3,外阴,vulva,Q52.7 O52.7,0.9334895610809326,,,,,
315,3,腕骨,carpal bones,Q74.0,0.9794702529907227,,,,,
315,3,腕舟状骨,navicular of carpus,Q74.0,0.9947049021720886,,,,,
315,3,涎腺,salivary gland,Q38.4,0.9962931871414185,,,,,
315,3,小叶，心脏瓣膜NEC,"leaflet, heart valve NEC",Q24.8,0.993082582950592,,,,,
315,3,心尖瓣膜 NEC,"cusp(s), heart valve NEC",Q24.8,0.9782574772834778,,,,,
315,4,肺,pulmonary,Q22.3,0.95340895652771,,,,,
315,3,心脏,heart,Q24.8,0.9526317119598389,,,,,
315,4,瓣膜NEC,valve NEC,Q24.8,0.9588329195976257,,,,,
315,5,肺,pulmonary,Q22.3,0.9164307713508606,,,,,
316,3,胸骨,sternum,Q76.7,0.9760913252830505,,,,,
316,3,胸腺,thymus gland,Q89.2,0.9975209832191467,,,,,
316,3,血管 NEC,blood vessels NEC,Q27.9,0.9337930679321289,,,,,
316,3,牙,"tooth, teeth",K00.1,0.8904922008514404,,,,,
316,4,引起密集,causing crowding,K07.3,0.9700103998184204,,,,,
316,3,牙根,roots (teeth),K00.2,0.9564454555511475,,,,,
316,3,眼肌,eye muscle,Q10.3,0.9935483336448669,,,,,
316,3,眼睑,eyelid,Q10.3,0.9720410108566284,,,,,
316,3,胰腺,pancreas,Q45.3,0.9774502515792847,,,,,
316,3,阴道,vagina,Q52.1,0.9753316640853882,,,,,
316,3,指[趾],digit(s),Q69.9,0.9609071016311646,,,,,
316,3,籽骨,sesamoid bones,Q74.8,0.9903542399406433,,,,,
316,4,手,hand,Q74.0,0.8849049806594849,,,,,
316,4,足,foot,Q74.2,0.8804043531417847,,,,,
316,3,子宫,uterus,Q51.2,0.9775129556655884,,,,,
316,2,副白蛋白血症,Para-albuminemia,E88.0,0.9999305605888367,,,,,
316,2,副蛋白血症,Paraproteinemia,D89.2,0.9997355937957764,,,,,
316,3,单克隆(M9765/1),monoclonal (M9765/1),D47.2,0.9851318597793579,,,,,
316,3,继发于恶性病(M9765/1),secondary to malignant disease (M9765/1),D47.2,0.9818897843360901,,,,,
316,3,良性(家族性),benign (familial),D89.2,0.976205587387085,,,,,
316,2,副淀粉样变,Paramyloidosis,E85.8,0.9927540421485901,,,,,
316,2,副肌强直(先天性),Paramyotonia (congenita),G71.1,0.9828029870986938,,,,,
316,2,副牛痘,Paravaccinia,B08.0,0.9995567798614502,,,,,
316,2,副球孢子菌病,Paracoccidioidomycosis,B41.9,0.9998772144317627,,,,,
316,3,播散性,disseminated,B41.7,0.9618623852729797,,,,,
316,3,肺,pulmonary,B41.0+ J99.8*,0.9765496253967285,,,,,
316,3,内脏的,visceral,B41.8,0.9148322343826294,,,,,
316,3,粘膜皮肤-淋巴管性,mucocutaneous-lymphangitic,B41.8,0.980230987071991,,,,,
316,3,全身性,generalized,B41.7,0.9495328068733215,,,,,
316,3,特指的 NEC,specified NEC,B41.8,0.9321350455284119,,,,,
316,2,副肉芽肿，霍奇金[何杰金](M9660/3),"Paragranuloma, Hodgkin's (M9660/3)",C81.7,0.9974835515022278,,,,,
316,2,副伤寒-见热，副伤寒,"Paratyphoid (fever), Paratyphus - see Fever, paratyphoid",,0.9991312026977539,,,,,
316,2,副神经节瘤-现译名神经节细胞瘤,Paraganglioma,,0.9781590104103088,,,,,
316,2,副胎盘,Succenturiate placenta,O43.1,0.9457393288612366,,,,,
316,2,副血友病,Parahemophilia,D68.2,0.9936056137084961,,,,,
316,2,副银屑病[类银屑病](曾译名类牛皮癣),Parapsoriasis,L41.9,0.9997192025184631,,,,,
316,3,大斑块,large plaque,L41.4,0.9635659456253052,,,,,
316,3,小斑块,small plaque,L41.3,0.9937435984611511,,,,,
316,3,点滴状,guttata,L41.1,0.9830894470214844,,,,,
316,3,特指的 NEC,specified NEC,L41.8,0.9581732153892517,,,,,
316,3,天花样(急性),varioliformis (acuta),L41.0,0.9807061553001404,,,,,
316,3,网状,"retiform, retiformis",L41.5,0.9072157740592957,,,,,
317,1,fù 富,,,0.9999334812164307,,,,,
317,2,富克斯,Fuchs,,0.9999487996101379,,,,,
317,3,虹膜异色睫状体炎,heterochromic cyclitis,H20.8,0.9901270270347595,,,,,
317,3,(角膜内皮)营养不良,dystrophy (corneal endothelium),H18.5,0.9839373230934143,,,,,
317,2,富兰克林病(M9763/3),Franklin's disease (M9763/3),C88.2,0.9920021295547485,,,,,
317,2,富尼耶病或富尼耶坏疽[生殖器暴发性坏疽],Fournier's disease or gangrene,N49.8,0.995341956615448,,,,,
317,3,女性,female,N76.8,0.96031254529953,,,,,
317,1,fù 腹,,,0.9999553561210632,,,,,
317,2,腹壁的 - 见情况,"Wall, abdominal - see condition",,0.9542762637138367,,,,,
317,2,腹部- 另见情况,"Abdomen, abdominal - see also condition",,0.9785706996917725,,,,,
317,3,肌肉缺乏综合征,muscle deficiency syndrome,Q79.4,0.9940312504768372,,,,,
317,3,急性[急腹症],acute,R10.0,0.9528005123138428,,,,,
317,3,惊厥替代症,convulsive equivalent,G40.8,0.9937019348144531,,,,,
317,2,腹的 - 见情况,Ventral - see condition,,0.8927303552627563,,,,,
317,2,腹股沟 - 另见情况,Inguinal - see also condition,,0.9493762850761414,,,,,
317,3,睾丸,testicle,Q53.9,0.9889084696769714,,,,,
317,4,单侧,unilateral,Q53.1,0.9090457558631897,,,,,
317,4,双侧,bilateral,Q53.2,0.9119311571121216,,,,,
317,2,腹股沟的 - 见情况,Groin - see condition,,0.9658298492431641,,,,,
317,2,腹股沟淋巴结炎,Bubo,I88.8,0.9548701643943787,,,,,
317,3,腹股沟(非特异的),inguinal (nonspecific),I88.8,0.9704908728599548,,,,,
317,4,感染性,infective,I88.8,0.9640344381332397,,,,,
317,4,软下疳,chancroidal,A57,0.9530011415481567,,,,,
317,4,性病性,venereal,A64,0.9679893255233765,,,,,
317,4,性病性淋巴肉芽肿,climatic,A55,0.9455891847610474,,,,,
317,4,由于杜克雷嗜血杆菌,due to Haemophilus ducreyi,A57,0.9535627365112305,,,,,
317,3,化脓性(另见淋巴结炎，急性),"suppurating (see also Lymphadenitis, acute)",L04.9,0.9985241889953613,,,,,
317,3,淋巴结(结核),scrofulous (tuberculous),A18.2,0.9789373278617859,,,,,
317,3,淋病性(淋球菌性),blennorrhagic (gonococcal),A54.8,0.9766740798950195,,,,,
317,3,淋球菌性,gonococcal,A54.8,0.9835004806518555,,,,,
317,3,梅毒性(原发性),syphilitic (primary),A51.0,0.9939454197883606,,,,,
317,4,先天性,congenital,A50.0,0.979334831237793,,,,,
317,3,热带,tropical,A55,0.9629536271095276,,,,,
317,3,软下疳,"chancroidal, soft chancre",A57,0.9864170551300049,,,,,
317,3,性病性,venereal,A64,0.9567136168479919,,,,,
317,3,性病性淋巴肉芽肿,climatic,A55,0.9938135743141174,,,,,
317,3,由于,due to,,0.935714840888977,,,,,
317,4,杜克雷嗜血杆菌,Haemophilus ducreyi,A57,0.983137845993042,,,,,
317,4,鼠疫耶尔森菌,Yersinia pestis,A20.0,0.9866896271705627,,,,,
317,3,中毒性(软下疳),virulent (chancroidal),A57,0.991308867931366,,,,,
318,2,腹股沟肉芽肿,Donovanosis,A58,0.9854913353919983,,,,,
318,2,腹股沟突出-见疝，腹股沟,"Bubonocele - see Hernia, inguinal",,0.9975519776344299,,,,,
318,2,腹裂(先天性),Gastroschisis (congenital),Q79.3,0.9946780800819397,,,,,
318,2,腹膜的 - 见情况,"Peritoneum, peritoneal - see condition",,0.981536328792572,,,,,
318,2,腹膜后的 - 见情况,Retroperitoneal - see condition,,0.9695479869842529,,,,,
318,2,腹膜后腔炎(另见腹膜炎),Retroperitonitis (see also Peritonitis),K65.9,0.9966553449630737,,,,,
318,2,腹膜假粘液瘤(M8480/6),Pseudomyxoma peritonei (M8480/6),C78.6,0.9995396137237549,,,,,
318,2,腹膜炎(粘连性)(纤维蛋白性)(伴有渗出),Peritonitis (adhesive) (fibrinous) (with effusion),K65.9,0.9844033122062683,,,,,
318,3,急性,acute,K65.0,0.9716130495071411,,,,,
318,3,白喉性,diphtheritic,A36.8+ K67.8*,0.98978191614151,,,,,
318,3,伴有或伴随,with or following,,0.9712195992469788,,,,,
318,4,阑尾炎,appendicitis,K35.0,0.9744725227355957,,,,,
318,5,伴有穿孔或破裂,with mention of perforation or rupture,K35.0,0.9852342009544373,,,,,
318,4,脓肿,abscess,K65.0,0.9524194002151489,,,,,
318,4,憩室性疾病(肠),diverticular disease (intestine),K57.8,0.9818606972694397,,,,,
318,3,播散性 NEC,disseminated NEC,K65.0,0.9338465332984924,,,,,
318,3,产褥期、产后、分娩,"puerperal, postpartum, childbirth",O85,0.9822335839271545,,,,,
318,3,胆汁性,"bile, biliary",K65.8,0.9669804573059082,,,,,
318,3,膈,diaphragmatic,K65.0,0.9773229360580444,,,,,
318,3,膈下,"subdiaphragmatic, subphrenic",K65.0,0.9805455803871155,,,,,
318,3,后,following,,0.9547109603881836,,,,,
318,4,流产(随后发生),abortion (subsequent episode),O08.0,0.9635032415390015,,,,,
318,5,近期发生-见流产,current episode - see Abortion,,0.9606794118881226,,,,,
318,4,异位妊娠或葡萄胎妊娠,ectopic or molar pregnancy,O08.0,0.9503936767578125,,,,,
318,3,化脓性,"purulent, suppurative",K65.0,0.9922412037849426,,,,,
318,3,化学性,chemical,T81.6,0.9619714617729187,,,,,
318,3,结核性,tuberculous,A18.3+ K67.3*,0.9732363224029541,,,,,
318,3,淋球菌性,gonococcal,A54.8+ K67.1*,0.9649153351783752,,,,,
318,3,梅毒性,syphilitic,A52.7+ K67.2*,0.9881730079650879,,,,,
318,4,先天性(早期),congenital (early),A50.0+ K67.2*,0.9670972228050232,,,,,
318,3,弥漫性 NEC,diffuse NEC,K65.0,0.9575828909873962,,,,,
318,3,尿,urine,K65.8,0.9684612154960632,,,,,
318,3,脓毒性,septic,K65.0,0.994104266166687,,,,,
318,3,盆腔,pelvic,,0.9686938524246216,,,,,
318,4,男性,male,K65.0,0.9671291708946228,,,,,
318,4,女性,female,N73.5,0.96181321144104,,,,,
318,5,急性,acute,N73.3,0.9358012080192566,,,,,
318,5,慢性NEC,chronic NEC,N73.4,0.9624601006507874,,,,,
318,6,伴有粘连,with adhesions,N73.6,0.9288283586502075,,,,,
318,3,全身性,general(ized),K65.0,0.9976757168769836,,,,,
318,3,手术后,postoperative,K91.8,0.9829590320587158,,,,,
318,3,胎粪(新生儿),meconium (newborn),P78.0,0.9920260310173035,,,,,
319,3,无菌性,aseptic,T81.6,0.9679346084594727,,,,,
319,3,先天性 NEC,congenital NEC,P78.1,0.9533011317253113,,,,,
319,3,纤维干酪性(结核),fibrocaseous (tuberculous),A18.3+ K67.3,0.9798858165740967,,,,,
319,3,纤维脓性的,fibropurulent,K65.0,0.9710056781768799,,,,,
319,3,新生儿,neonatal,P78.1,0.9832489490509033,,,,,
319,4,胎粪,meconium,P78.0,0.9737475514411926,,,,,
319,3,衣原体性,chlamydial,A74.8+ K67.0*,0.9655803442001343,,,,,
319,3,胰腺,pancreatic,K65.0,0.9567545652389526,,,,,
319,3,由于在操作中意外遗留异物引起的(化学性)(粉剂)(滑石粉),due to foreign substance accidentally left during a procedure (chemical) (powder) (talc),T81.6,0.9883074760437012,,,,,
319,3,增生性，慢性,"proliferative, chronic",K65.8,0.9853724837303162,,,,,
319,3,阵发性，家族性,"paroxysmal, familial",E85.0,0.9966405034065247,,,,,
319,4,良性,benign,E85.0,0.9596989154815674,,,,,
319,3,周期性，家族性,"periodic, familial",E85.0,0.9670318365097046,,,,,
319,2,腹腔积血,"Hematoperitoneum, Hemoperitoneum",K66.1,0.988558828830719,,,,,
319,3,创伤性,traumatic,S36.8,0.953598141670227,,,,,
319,3,感染性,infectional,K65.9,0.9846044182777405,,,,,
319,2,腹水(异常),"Ascites, Hydroperitoneum (abdominal)",R18,0.9880847930908203,,,,,
319,3,恶性,malignant,C78.6,0.983588457107544,,,,,
319,3,结核性,tuberculous,A18.3,0.9808052182197571,,,,,
319,3,梅毒性,syphilitic,A52.7,0.9570244550704956,,,,,
319,3,乳糜性(非丝虫性),chylous (nonfilarial),I89.8,0.9782924056053162,,,,,
319,4,丝虫性(另见丝虫病),— filarial (see also Filaria),B74.9,0.9790300726890564,,,,,
319,3,胎儿，引起(母体)梗阻性分娩,"fetal, causing obstructed labor (mother)",O66.3,0.984839916229248,,,,,
319,2,腹痛,Abdominalgia,R10.4,0.9952728748321533,,,,,
319,2,腹泻(病)(婴儿),"Diarrhea, diarrheal (infantile)",A09.9,0.9981138110160828,,,,,
319,3,急性,acute,A09.9,0.9600676894187927,,,,,
319,4,出血性,hemorrhagic,A09.0,0.969038724899292,,,,,
319,4,水样,watery,A09.0,0.9544049501419067,,,,,
319,4,血性,bloody,A09.0,0.9674870371818542,,,,,
319,3,慢性(非传染性),chronic (noninfectious),K52.9,0.9838041067123413,,,,,
319,3,阿米巴(另见阿米巴病),amebic (see also Amebiasis),A06.0,0.9829726219177246,,,,,
319,4,急性,acute,A06.0,0.9374686479568481,,,,,
319,4,慢性,chronic,A06.1,0.9818753004074097,,,,,
319,4,伴有脓肿-见脓肿，阿米巴,"with abscess - see Abscess, amebic",,0.9732939600944519,,,,,
319,4,非痢疾性,nondysenteric,A06.2,0.9809945225715637,,,,,
319,3,鞭毛虫性,flagellate,A07.9,0.9951714873313904,,,,,
319,3,变应性,allergic,K52.2,0.9657049179077148,,,,,
319,3,病毒性(另见小肠炎，病毒性),"viral (see also Enteritis, viral)",A08.4,0.9922517538070679,,,,,
319,3,传染性,infectious,A09.0,0.9970088005065918,,,,,
319,3,唇鞭毛虫,Chilomastix,A07.8,0.9469137191772461,,,,,
320,3,地方性,endemic,A09.0,0.9497135281562805,,,,,
320,3,恶病质性 NEC,cachectic NEC,K52.8,0.9683783054351807,,,,,
320,3,非传染性,noninfectious,K52.9,0.9817651510238647,,,,,
320,3,功能性,functional,K59.1,0.9700551629066467,,,,,
320,4,胃肠道手术后,following gastrointestinal surgery,K91.8,0.9723840951919556,,,,,
320,4,心因性,psychogenic,F45.3,0.9854313731193542,,,,,
320,3,和呕吐，流行性,"and vomiting, epidemic",A08.1,0.9763544797897339,,,,,
320,3,贾第虫,giardial,A07.1,0.9866340160369873,,,,,
320,3,结核性,tuberculous,A18.3+ K93.0*,0.9574466943740845,,,,,
320,3,兰伯贾第虫[肠兰伯鞭毛虫],Giardia lamblia,A07.1,0.9915782809257507,,,,,
320,3,类圆线虫病,"Cochin-China, strongyloidiasis",B78.0,0.9989417791366577,,,,,
320,3,痢疾样,dysenteric,A09.0,0.9663388729095459,,,,,
320,3,流行性,epidemic,A09.0,0.9538065195083618,,,,,
320,3,毛滴虫性,trichomonal,A07.8,0.996250331401825,,,,,
320,3,球虫性,coccidial,A07.3,0.9583756327629089,,,,,
320,3,热带,tropical,K90.1,0.995734691619873,,,,,
320,3,神经性,nervous,F45.3,0.9963451623916626,,,,,
320,3,双核阿米巴性,Dientamoeba,A07.8,0.9598648548126221,,,,,
320,3,特指的,specified,,0.9652618169784546,,,,,
320,4,病毒NEC,virus NEC,A08.3,0.9801937341690063,,,,,
320,4,细菌NEC,bacterium NEC,A04.8,0.9618760347366333,,,,,
320,3,胃酸缺乏性,achlorhydric,K31.8,0.9555302262306213,,,,,
320,3,细菌性 - 见 痢疾，细菌性,"bacillary - see Dysentery, bacillary",,0.90729159116745,,,,,
320,3,小袋虫性,balantidial,A07.0,0.9522038102149963,,,,,
320,3,心因性,psychogenic,F45.3,0.9962173104286194,,,,,
320,3,新生儿(非传染性),neonatal (noninfectious),P78.3,0.9825699329376221,,,,,
320,3,炎性,inflammatory,A09.9,0.9694018959999084,,,,,
320,4,传染性,infectious,A09.0,0.9636502861976624,,,,,
320,4,非传染性,noninfectious,K52.9,0.9797956347465515,,,,,
320,3,饮食性,dietetic,K52.2,0.9667370915412903,,,,,
320,3,由于,due to,,0.9287120699882507,,,,,
320,4,病毒(另见小肠炎，病毒性),"virus (see also Enteritis, viral)",A08.4,0.986720860004425,,,,,
320,4,产气荚膜梭状芽胞杆菌(C)(F),Clostridium perfringens (C) (F),A04.8,0.9743135571479797,,,,,
320,5,肠病原的,enteropathogenic,A04.0,0.9620971083641052,,,,,
320,4,肠出血性,enterohemorrhagic,A04.3,0.9618561267852783,,,,,
320,4,肠毒性,enterotoxigenic,A04.1,0.9068875312805176,,,,,
320,4,肠集合性,enteroaggregative,A04.4,0.983497679233551,,,,,
320,4,肠侵袭性,enteroinvasive,A04.2,0.9889026284217834,,,,,
320,5,特指的 NEC,specified NEC,A04.4,0.9218665957450867,,,,,
320,4,大肠杆菌,Escherichia coli,A04.4,0.9856405854225159,,,,,
321,4,葡萄球菌,Staphylococcus,A04.8,0.9725120067596436,,,,,
321,4,食物过敏性,food hypersensitivity,K52.2,0.9929383397102356,,,,,
321,4,特指的病原体NEC,specified organism NEC,A08.5,0.953650951385498,,,,,
321,5,病毒性,viral,A08.3,0.9376729130744934,,,,,
321,5,细菌性,bacterial,A04.8,0.9704179167747498,,,,,
321,4,弯曲菌,Campylobacter,A04.5,0.9883162379264832,,,,,
321,4,细菌,bacteria,A04.9,0.9833725690841675,,,,,
321,5,特指的 NEC,specified NEC,A04.8,0.9473903775215149,,,,,
321,4,小肠结肠炎耶尔森菌,Yersinia enterocolitica,A04.6,0.9655254483222961,,,,,
321,4,隐孢子虫,Cryptosporidium,A07.2,0.9645218253135681,,,,,
321,3,原虫性,protozoal,A07.9,0.9526683688163757,,,,,
321,4,特指的 NEC,specified NEC,A07.8,0.953647255897522,,,,,
321,3,真菌性 NEC,mycotic NEC,B49+ K93.8*,0.9627666473388672,,,,,
321,3,中毒性,toxic,K52.1,0.9607499837875366,,,,,
321,2,腹脏突出,Eventration,K43.9,0.9999088048934937,,,,,
321,3,结肠进入胸腔-见疝，膈,"colon into chest - see Hernia, diaphragm",,0.9851395487785339,,,,,
321,1,fù 覆,,,0.9999534487724304,,,,,
321,2,覆盖验,Overjet,K07.2,0.9155436754226685,,,,,
321,2,覆验(深)(过度)(水平)(垂直),Overbite (deep) (excessive) (horizontal) (vertical),K07.2,0.9878019690513611,,,,,
322,0,G,,,0.9999841451644897,,,,,
322,1,gǎi 改,,,0.913056492805481,,,,,
322,2,改变-另见取出,Change(s) (of) - see also Removal,,0.9836898446083069,,,,,
322,3,变性性，脊柱或脊椎,"degenerative, spine or vertebra",M47.9,0.9945985674858093,,,,,
322,3,肠习惯,bowel habit,R19.4,0.9716975092887878,,,,,
322,3,骶髂关节,sacroiliac joint,M53.3,0.9848886728286743,,,,,
322,3,动脉硬化性-见动脉硬化,arteriosclerotic - see Arteriosclerosis,,0.9886367917060852,,,,,
322,3,恶性(M8000/3)-作为损害部位的原发性恶性肿瘤编码,malignant (M8000/3) - code as primary malignant neoplasm of the site of the lesion,,0.9855610132217407,,,,,
322,4,注：对发生于某一肿瘤的恶性变，要应用具有动态编码/3的适当的M编码。如：子宫纤维瘤恶性变，编码为M8890/3。对发生于某一非肿瘤情况(如：胃溃疡)的恶性变，使用M编码M8000/3。,"Note: For malignant change occurring in a neoplasm, use the appropriate M code with behavior code /3, e.g. malignant change in uterine fibroid, M8890/3. For malignant change occurring in a non-neoplastic condition (e.g. gastric ulcer) use the M code M8000/3.",,0.9871388077735901,,,,,
322,3,肥大性,hypertrophic,,0.9568984508514404,,,,,
322,4,鼻窦,nasal sinus,J34.8,0.9764065146446228,,,,,
322,4,上呼吸道,upper respiratory tract,J39.8,0.9823087453842163,,,,,
322,3,感觉性,sensory,R20.8,0.9657732844352722,,,,,
322,3,骨,bone,M89.9,0.975670576095581,,,,,
322,4,糖尿病性,diabetic,E14.6+ M90.8*,0.9543558955192566,,,,,
322,3,喉增生性,hyperplastic larynx,J38.7,0.9704232811927795,,,,,
322,3,换工作引起的焦虑,"job, anxiety concerning",Z56.1,0.9869697093963623,,,,,
322,3,极微(肾小球)-编码于N00-N07，伴有第四位数.0,"minimal (glomerular) - code to N00-N07, with fourth character.0",,0.9707344174385071,,,,,
322,3,角膜层,corneal membrane,H18.3,0.9956954717636108,,,,,
322,3,精神 NEC,mental NEC,F99,0.9060347080230713,,,,,
322,3,老年性(另见情况),senile (see also condition),R54,0.9837561845779419,,,,,
322,3,皮肤,skin,R23.8,0.9551241397857666,,,,,
322,4,急性，由于紫外线辐射,"acute, due to ultraviolet radiation",L56.9,0.9778478741645813,,,,,
322,5,特指的NEC,specified NEC,L56.8,0.9546958208084106,,,,,
322,4,慢性，由于非电离辐射,"chronic, due to nonionizing radiation",L57.9,0.9799578189849854,,,,,
322,5,特指的 NEC,specified NEC,L57.8,0.9363425970077515,,,,,
322,4,质地,texture,R23.4,0.9623368978500366,,,,,
322,3,人格(持久性)(另见人格，改变),"personality (enduring) (see also Personality, change)",F62.9,0.9910327792167664,,,,,
322,4,继发性(非特异的),secondary (nonspecific),F61,0.9854661822319031,,,,,
322,4,由于(继发于)全身性医疗情况,due to (secondary to) general medical condition,F07.0,0.9880203008651733,,,,,
322,3,认知(轻度)(器质性)由于或继发于全身性医疗情况,cognitive (mild) (organic) due to or secondary to general medical condition,F06.7,0.9687474966049194,,,,,
322,3,肾(另见病，肾),"renal (see also Disease, renal)",N28.9,0.9907932281494141,,,,,
322,3,生活(另见绝经),of life (see also Menopause),N95.1,0.9887481927871704,,,,,
322,3,声音,voice,R49.8,0.9655182957649231,,,,,
322,4,心因性,psychogenic,F44.4,0.9825794100761414,,,,,
323,3,视网膜，近视性,"retina, myopic",H44.2,0.9873887896537781,,,,,
323,3,心肌-见 变性，心肌,"myocardium, myocardial - see Degeneration, myocardial",,0.9375213384628296,,,,,
323,3,"心肾性(血管性)(另见高血压,心肾性)","cardiorenal (vascular) (see also Hypertension, cardiorenal)",I13.9,0.9819963574409485,,,,,
323,3,心血管-见病，心血管,"cardiovascular - see Disease, cardiovascular",,0.9926743507385254,,,,,
323,3,心脏-见病，心脏,"heart - see Disease, heart",,0.9948050379753113,,,,,
323,3,血管性,vascular,I99,0.982174277305603,,,,,
323,3,血管运动性,vasomotor,I73.9,0.9557560086250305,,,,,
323,3,循环的,circulatory,I99,0.9658825993537903,,,,,
323,3,炎性 - 另见 炎症,inflammatory - see also Inflammation,,0.9178709387779236,,,,,
323,4,骶髂,sacroiliac,M46.1,0.9574681520462036,,,,,
323,3,颜色，牙,"color, tooth, teeth",,0.9761372804641724,,,,,
323,4,萌出后,posteruptive,K03.7,0.9579622745513916,,,,,
323,4,形成期间,during formation,K00.8,0.987143874168396,,,,,
323,2,改善，人工造口-见维护，人工，造口,"Reforming, artificial openings - see Attention to, artificial, opening",,0.9959723353385925,,,,,
323,1,gài 钙,,,0.9652695655822754,,,,,
323,2,钙,Calcium,,0.9998795986175537,,,,,
323,3,玻璃体内的盐或皂,salts or soaps in vitreous (body),H43.2,0.9918562173843384,,,,,
323,3,沉积-见钙化，按部位,"deposits - see Calcification, by site",,0.9881530404090881,,,,,
323,3,代谢紊乱,metabolism disorder,E83.5,0.9874895811080933,,,,,
323,2,钙化,Calcification,,0.9999400973320007,,,,,
323,3,玻璃体,vitreous,H43.2,0.9394424557685852,,,,,
323,3,大脑(皮质),cerebral (cortex),G93.8,0.974391520023346,,,,,
323,4,动脉,artery,I67.2,0.9820220470428467,,,,,
323,3,大脑镰,falx cerebri,G96.1,0.9868090748786926,,,,,
323,3,胆囊,gallbladder,K82.8,0.9796484112739563,,,,,
323,3,动脉(环状)-见动脉硬化,artery (annular) - see Arteriosclerosis,,0.9937723278999329,,,,,
323,3,耳廓,auricle (ear),H61.1,0.980637788772583,,,,,
323,3,肺(活动性)(感染后),lung (active) (postinfectional),J98.4,0.9819822907447815,,,,,
323,4,结核性,tuberculous,B90.9,0.9934059381484985,,,,,
323,3,宫颈,cervix (uteri),N88.8,0.996124804019928,,,,,
323,3,巩膜,sclera,H15.8,0.9626217484474182,,,,,
323,3,关节(周),"joint, periarticular",M25.8,0.9961889982223511,,,,,
323,3,广泛(截瘫性),massive (paraplegic),M61.2,0.9737983345985413,,,,,
323,3,海绵体(阴茎),corpus cavernosum (penis),N48.8,0.9918100833892822,,,,,
323,3,喉(老年性),larynx (senile),J38.7,0.9733073711395264,,,,,
323,3,滑囊NEC,bursa NEC,M71.4,0.9571497440338135,,,,,
323,4,肩,shoulder,M75.3,0.9323262572288513,,,,,
323,3,基底节,basal ganglia,G23.8,0.9930473566055298,,,,,
323,3,肌肉,muscle,M61.9,0.9807074666023254,,,,,
323,4,麻痹性,paralytic,M61.2,0.9865860939025879,,,,,
323,4,特指的 NEC,specified NEC,M61.4,0.9713240265846252,,,,,
323,4,由于烧伤,due to burns,M61.3,0.9771566987037659,,,,,
324,3,腱(鞘),tendon (sheath),M65.8,0.9677226543426514,,,,,
324,4,伴有滑囊炎、滑膜炎或腱鞘炎,"with bursitis, synovitis or tenosynovitis",M65.2,0.9637377858161926,,,,,
324,3,结膜,conjunctiva,H11.1,0.977331280708313,,,,,
324,3,晶状体,lens,H26.8,0.9620977640151978,,,,,
324,3,淋巴腺或淋巴结(感染后),lymph gland or node (postinfectional),I89.8,0.9937358498573303,,,,,
324,4,结核性,tuberculous,B90.8,0.9714705944061279,,,,,
324,3,颅内-见钙化，大脑,"intracranial - see Calcification, cerebral",,0.9821524620056152,,,,,
324,3,卵巢,ovary,N83.8,0.977140486240387,,,,,
324,3,脉络丛,choroid plexus,G93.8,0.9975166320800781,,,,,
324,3,蒙克贝格,Mönckeberg's,I70.2,0.9713548421859741,,,,,
324,3,脑(皮质)-见钙化，大脑,"brain (cortex) - see Calcification, cerebral",,0.9720404148101807,,,,,
324,3,脑脊膜(大脑)(脊柱),meninges (cerebral) (spinal),G96.1,0.9842280745506287,,,,,
324,3,膀胱,bladder,N32.8,0.9512926936149597,,,,,
324,3,皮下,subcutaneous,L94.2,0.9913448691368103,,,,,
324,3,皮质(脑)-见钙化，大脑,"cortex (brain) - see Calcification, cerebral",,0.9802317023277283,,,,,
324,3,脾,spleen,D73.8,0.969022810459137,,,,,
324,3,气管,trachea,J39.8,0.9829007387161255,,,,,
324,3,全身性,general,E83.5,0.9874037504196167,,,,,
324,3,肾,kidney,N28.8,0.9574315547943115,,,,,
324,4,结核性,tuberculous,B90.1+ N29.1*,0.9690573215484619,,,,,
324,3,肾上腺,"adrenal, suprarenal (capsule) (gland)",E27.4,0.9797258377075195,,,,,
324,4,结核性,tuberculous,B90.1+ E35.1*,0.9827410578727722,,,,,
324,3,输尿管,ureter,N28.8,0.96849524974823,,,,,
324,3,松果体,pineal gland,E34.8,0.9574365019798279,,,,,
324,3,心包(另见心包炎),pericardium (see also Pericarditis),I31.1,0.9917834997177124,,,,,
324,3,心肌(另见变性，心肌),"myocardium, myocardial (see also Degeneration, myocardial)",I51.5,0.9752981662750244,,,,,
324,3,心脏(另见变性，心肌),"heart (see also Degeneration, myocardial)",I51.5,0.985764741897583,,,,,
324,4,瓣膜-见心内膜炎,valve - see Endocarditis,,0.9279279708862305,,,,,
324,3,胸膜,pleura,J94.8,0.9785126447677612,,,,,
324,4,感染后,postinfectional,J94.8,0.9704701900482178,,,,,
324,4,结核性NEC,tuberculous NEC,B90.9,0.9460324048995972,,,,,
324,5,伴有细菌学和组织学证实,with bacteriological and histological confirmation,A15.6,0.9841062426567078,,,,,
324,3,牙乳头,dentinal papilla,K00.4,0.9919734597206116,,,,,
324,3,牙髓(结节性),"dental pulp, pulpal (dental) (nodular)",K04.2,0.9861248731613159,,,,,
324,3,胰腺,pancreas,K86.8,0.9865245223045349,,,,,
324,3,阴茎,penis,N48.8,0.9810312390327454,,,,,
324,3,支气管,bronchus,J98.0,0.9808065891265869,,,,,
324,3,主动脉,aorta,I70.0,0.9793562293052673,,,,,
324,3,转移性,metastatic,E83.5,0.9807624816894531,,,,,
324,3,椎间软骨或椎间盘(感染后),intervertebral cartilage or disk (postinfective),M51.8,0.9954151511192322,,,,,
324,3,子宫,uterus,N85.8,0.9749911427497864,,,,,
325,2,钙化的 - 见钙化,Calcified - see Calcification,,0.9285889863967896,,,,,
325,2,钙化性的 - 见情况,Calcareous - see condition,,0.9590777158737183,,,,,
325,2,钙尿,Calciuria,R82.9,0.9571086764335632,,,,,
325,3,过度(特发性),excessive (idiopathic),E83.5,0.9895827770233154,,,,,
325,2,钙血异常,Calcemia,R89.7,0.9999381303787231,,,,,
325,3,过度,excessive,E83.5,0.9640998840332031,,,,,
325,2,钙质沉着症(间质性)(瘤性)(全身),Calcinosis (interstitial) (tumoral) (universalis),E83.5,0.9703608155250549,,,,,
325,3,伴有雷诺现象、食管功能不良、指端硬化、毛细血管扩张性(CREST综合征),"with Raynaud's phenomenon, esophageal dysfunction, sclerodactyly, telangiectasia (CREST syndrome)",M34.1,0.9806846380233765,,,,,
325,3,局限性(皮肤),circumscripta (skin),L94.2,0.9720250368118286,,,,,
325,3,皮肤,cutis,L94.2,0.9876455664634705,,,,,
325,2,钙质沉着症雷诺现象-指端硬化毛细血管扩张综合征[CRST 综合征],CRST syndrome,M34.1,0.9655621647834778,,,,,
325,1,gài 盖,,,0.9042400121688843,,,,,
325,2,盖伦静脉[脑静脉干]的 - 见情况,Galen's vein - see condition,,0.9597862362861633,,,,,
325,2,盖斯伯克病[高血压性红细胞增多症],Gaisböck's disease,D75.1,0.999742865562439,,,,,
325,1,gān 干,,,0.9268152117729187,,,,,
325,2,干酪疥螨病,Cheese itch,B88.0,0.9990955591201782,,,,,
325,2,干酪样坏死淋巴腺(结核),Caseation lymphatic gland (tuberculous),A18.2,0.9841499924659729,,,,,
325,2,干梅腹(综合征)[干梅状腹部综合征],Prune belly (syndrome),Q79.4,0.9857136011123657,,,,,
325,2,干呕(另见呕吐),Retching (see also Vomiting),R11,0.9928226470947266,,,,,
325,2,干皮病,Melanosis,,0.9998791813850403,,,,,
325,3,着色性,lenticularis progressiva,Q82.1,0.9241649508476257,,,,,
325,2,干性，干燥-另见情况,"Dry, dryness - see also condition",,0.9919951558113098,,,,,
325,3,牙槽,socket (teeth),K10.3,0.9662994146347046,,,,,
325,2,干眼症(维生素A缺乏),Xerophthalmia (vitamin A deficiency),E50.7+ H19.8*,0.9845361113548279,,,,,
325,3,与维生素A缺乏无关的,unrelated to vitamin A deficiency,H16.2,0.9814352989196777,,,,,
325,2,干燥,Xerosis,,0.9999596476554871,,,,,
325,3,角膜,cornea,H18.8,0.9681012034416199,,,,,
325,4,伴有溃疡,with ulceration,H16.0,0.9233209490776062,,,,,
325,5,维生素A缺乏,vitamin A deficiency,E50.3+ H19.8*,0.9914613366127014,,,,,
325,4,维生素A缺乏,vitamin A deficiency,E50.2+ H19.8*,0.9847024083137512,,,,,
325,3,结膜,conjunctiva,H11.1,0.9707724452018738,,,,,
325,4,伴有比奥斑,with Bitot's spots,H11.1,0.9668068289756775,,,,,
325,5,维生素A缺乏,vitamin A deficiency,E50.1+ H13.8*,0.9914984703063965,,,,,
325,4,维生素A缺乏,vitamin A deficiency,E50.0+ H13.8*,0.9858856201171875,,,,,
325,3,皮肤[干性皮炎],"cutis, skin",L85.3,0.992508053779602,,,,,
325,2,干燥性胸膜炎 - 见 胸膜炎,Pleuritis sicca - see Pleurisy,,0.909637451171875,,,,,
326,2,干燥综合征,Sicca syndrome,M35.0,0.9544866681098938,,,,,
326,3,伴有,with,,0.8563335537910461,,,,,
326,4,肌病,myopathy,M35.0+ G73.7*,0.9697979092597961,,,,,
326,4,角膜结膜炎,keratoconjunctivits,M35.0+ H19.3*,0.97600919008255,,,,,
326,4,累及肺,lung involvement,M35.0+ J99.1*,0.990909218788147,,,,,
326,4,肾小管间质疾患,renal tubulo-interstitial disorders,M35.0+ N16.4*,0.9870439767837524,,,,,
326,3,肛门,anus,K62.8,0.9489530920982361,,,,,
326,3,外阴,vulva,N90.4,0.9738638997077942,,,,,
326,3,阴道,vagina,N89.8,0.9793710112571716,,,,,
326,4,阴茎,penis,N48.0,0.9936953186988831,,,,,
326,1,gān 甘,,,0.9880183935165405,,,,,
326,2,甘氨酸尿(肾性),Glycinuria (renal),E72.0,0.9995158314704895,,,,,
326,2,甘氨酸血症,Glycinemia,E72.5,0.9999586343765259,,,,,
326,2,甘迪-南塔病[铁质沉着性脾大],Gandy-Nanta disease,D73.1,0.9934459924697876,,,,,
326,2,甘露糖苷贮积症,Mannosidosis,E77.1,0.999370276927948,,,,,
326,2,甘瑟综合征(癔症性),Ganser's syndrome (hysterical),F44.8,0.9714576005935669,,,,,
326,1,gān 肝,,,0.985183835029602,,,,,
326,2,肝癌(M8170/3),Hepatocarcinoma (M8170/3),C22.0,0.9952360391616821,,,,,
326,2,肝大(另见肥大，肝),"Hepatomegaly (see also Hypertrophy, liver)",R16.0,0.9932920932769775,,,,,
326,3,伴有脾大,with splenomegaly,R16.2,0.9959754347801208,,,,,
326,3,传染性单核细胞增多症性(γ疱疹病毒性),in infectious mononucleosis (gammaherpesviral),B27.0+ K77.0*,0.9658129215240479,,,,,
326,3,先天性,congenital,Q44.7,0.9650223851203918,,,,,
326,2,肝胆管炎,Hepatocholangitis,K75.8,0.9997798800468445,,,,,
326,2,肝的 - 见情况,Liver - see condition,,0.8935372233390808,,,,,
326,2,肝豆状核变性,Hepatolenticular degeneration,E83.0,0.9999634027481079,,,,,
326,2,肝功能紊乱,Hepatosis,K76.8,0.9998946189880371,,,,,
326,2,肝巨噬细胞肉瘤[库普弗细胞肉瘤](M9124/3),Kupffer cell sarcoma (M9124/3),C22.3,0.9994882345199585,,,,,
326,2,肝母细胞瘤(M8970/3),Hepatoblastoma (M8970/3),C22.2,0.9839324951171875,,,,,
326,2,肝内胆囊,Intrahepatic gallbladder,Q44.1,0.9999551773071289,,,,,
326,2,肝脾大,Hepatosplenomegaly,R16.2,0.9919350743293762,,,,,
326,3,高脂血性(比尔格-格吕茨型),hyperlipemic (Bürger-Grütz type),E78.3+ K77.8*,0.9878581166267395,,,,,
326,2,肝片吸虫侵染,Distoma hepaticum infestation,B66.3,0.9999566674232483,,,,,
326,2,肝肾综合征，产程和分娩后,"Hepatorenal syndrome, following labor and delivery",O90.4,0.9072948694229126,,,,,
326,2,肝痛,Hepatalgia,K76.8,0.9999634623527527,,,,,
326,2,肝细胞瘤(恶性)(M8170/3),Hepatoma (malignant) (M8170/3),C22.0,0.9873144626617432,,,,,
326,3,良性(M8170/0),benign (M8170/0),D13.4,0.9692980647087097,,,,,
326,3,胚胎性(M8970/3),embryonal (M8970/3),C22.0,0.9799164533615112,,,,,
326,2,肝下垂,Hepatoptosis,K76.8,0.9997437596321106,,,,,
327,2,肝炎,Hepatitis,K75.9,0.9819959402084351,,,,,
327,3,急性NEC,acute NEC,B17.9,0.9553811550140381,,,,,
327,4,伴有肝衰竭(另见衰竭，肝),"with hepatic failure (see also Failure, hepatic)",K72.9,0.981360137462616,,,,,
327,4,病毒性(未特指),viral (unspecified),B17.9,0.9750805497169495,,,,,
327,4,传染性,infectious,B15.9,0.9595516920089722,,,,,
327,5,伴有肝昏迷,with hepatic coma,B15.0,0.9753589630126953,,,,,
327,4,酒精性,alcoholic,K70.1,0.9758504033088684,,,,,
327,3,急性重型[暴发性]NEC(病毒性)-见肝炎，病毒性,"fulminant NEC (viral) - see Hepatitis, viral",,0.9356156587600708,,,,,
327,3,慢性,chronic,K73.9,0.9994289875030518,,,,,
327,4,活动性 NEC,active NEC,K73.2,0.9557383060455322,,,,,
327,4,迁延性NEC,persistent NEC,K73.0,0.9497444033622742,,,,,
327,4,特指的NEC,specified NEC,K73.8,0.9600757360458374,,,,,
327,4,小叶性 NEC,lobular NEC,K73.1,0.9427597522735596,,,,,
327,3,阿米巴(另见脓肿，肝，阿米巴),"amebic (see also Abscess, liver, amebic)",A06.4,0.9709063768386841,,,,,
327,3,澳大利亚抗原(阳性)(另见肝炎，病毒性，乙型),"Australia-antigen (positive) (see also Hepatitis, viral, type B)",B16.9,0.9935287237167358,,,,,
327,3,病毒(性)(急性),"viral, virus (acute)",B19.9,0.9853435754776001,,,,,
327,4,急性(未特指),acute (unspecified),B17.9,0.9858460426330566,,,,,
327,5,伴有肝昏迷,with hepatic coma,B19.0,0.9782464504241943,,,,,
327,4,慢性,chronic,B18.9,0.9684141874313354,,,,,
327,5,特指的 NEC,specified NEC,B18.8,0.9393386840820312,,,,,
327,5,型,type,,0.9979708790779114,,,,,
327,6,乙,B,B18.1,0.9230221509933472,,,,,
327,7,伴有δ因子,with delta-agent,B18.0,0.9820528030395508,,,,,
327,6,丙,C,B18.2,0.8823740482330322,,,,,
327,4,伴有肝昏迷,with hepatic coma,B19.0,0.9827802777290344,,,,,
327,4,并发于妊娠、分娩或产褥期,"complicating pregnancy, childbirth or puerperium",O98.4,0.933090329170227,,,,,
327,4,非甲非乙型,"non-A, non-B",B17.8,0.9610307812690735,,,,,
327,4,巨细胞包含体,cytomegalic inclusion,B25.1+ K77.0*,0.9616243243217468,,,,,
327,4,柯萨奇,coxsackie,B33.8+ K77.0*,0.9772453308105469,,,,,
327,4,特指型NEC(伴有或不伴有昏迷),specified type NEC (with or without coma),B17.8,0.982577383518219,,,,,
327,4,未特指,unspecified,,0.8676637411117554,,,,,
327,5,急性,acute,B17.9,0.8897832036018372,,,,,
327,5,伴有肝昏迷,with hepatic coma,B19.0,0.9632148146629333,,,,,
327,5,不伴有肝昏迷,without hepatic coma,B19.9,0.974084734916687,,,,,
327,4,先天性,congenital,P35.3,0.982861340045929,,,,,
327,4,型,type,,0.8451983332633972,,,,,
327,5,甲,A,B15.9,0.9415993690490723,,,,,
327,6,伴有肝昏迷,with hepatic coma,B15.0,0.9517107009887695,,,,,
327,5,乙,B,B16.9,0.9612695574760437,,,,,
327,6,伴有,with,,0.9801715612411499,,,,,
327,7,δ因子(共同感染)(不伴有肝昏迷),delta-agent (coinfection) (without hepatic coma),B16.1,0.9778029322624207,,,,,
327,7,伴有肝昏迷,with hepatic coma,B16.0,0.9342214465141296,,,,,
327,6,肝昏迷(不伴有δ因子共同感染),hepatic coma (without delta-agent coinfection),B16.2,0.9980206489562988,,,,,
327,5,非甲非乙,"non-A, non-B",B17.8,0.988254189491272,,,,,
328,5,丙,C,B18.2,0.903349757194519,,,,,
328,6,急性或持续时间少于6个月,acute or a stated duration of less than six months,B17.1,0.9968617558479309,,,,,
328,6,慢性(持续时间等于或大于6个月),chronic (stated duration of six months or more),B18.2,0.9985910058021545,,,,,
328,5,戊,E,B17.2,0.9518759846687317,,,,,
328,5,未特指,unspecified,,0.8499995470046997,,,,,
328,6,伴有肝昏迷,with hepatic coma,B19.0,0.9839463829994202,,,,,
328,6,不伴有肝昏迷,without hepatic coma,B19.9,0.9689949154853821,,,,,
328,3,传染性，感染性,"infectious, infective",,0.9765943884849548,,,,,
328,4,急性(亚急性),acute (subacute),B15.9,0.9732049703598022,,,,,
328,4,慢性,chronic,B18.9,0.9526354670524597,,,,,
328,4,伴有肝昏迷,with hepatic coma,B15.0,0.966911256313324,,,,,
328,3,胆小管性,cholangiolitic,K75.8,0.9949584007263184,,,,,
328,3,恶性NEC(伴有肝衰竭),malignant NEC (with hepatic failure),K72.9,0.977580189704895,,,,,
328,3,反应性，非特异的,"reactive, nonspecific",K75.2,0.9659367799758911,,,,,
328,3,间质性(慢性),interstitial (chronic),K74.6,0.9823206067085266,,,,,
328,3,见于(由于),in (due to),,0.9813289046287537,,,,,
328,4,弓形虫病(后天性),toxoplasmosis (acquired),B58.1+ K77.0*,0.9762031435966492,,,,,
328,5,先天性(活动),congenital (active),P37.1+ K77.0*,0.9793118238449097,,,,,
328,4,流行性腮腺炎,mumps,B26.8+ K77.0*,0.9675087928771973,,,,,
328,3,接种性(另见肝炎，病毒性，乙型),"inoculation (see also Hepatitis, viral, type B)",B16.9,0.9951493740081787,,,,,
328,3,结核性,tuberculous,A18.8+ K77.0*,0.9770993590354919,,,,,
328,3,酒精性(急性)(慢性),"alcoholic, due to ethanol (acute) (chronic)",K70.1,0.9755828380584717,,,,,
328,3,巨细胞病毒性,cytomegaloviral,B25.1+ K77.0*,0.9864684343338013,,,,,
328,3,卡他性(急性),catarrhal (acute),B15.9,0.9786164164543152,,,,,
328,4,伴有肝昏迷,with hepatic coma,B15.0,0.9627341628074646,,,,,
328,3,狼疮样 NEC,lupoid NEC,K73.2,0.9475025534629822,,,,,
328,3,流行性,epidemic,B15.9,0.9464411735534668,,,,,
328,4,伴有肝昏迷,with hepatic coma,B15.0,0.9735555648803711,,,,,
328,3,梅毒性(晚期),syphilitic (late),A52.7+ K77.0*,0.965018630027771,,,,,
328,4,继发性,secondary,A51.4+ K77.0*,0.9532307386398315,,,,,
328,4,先天性(早期),congenital (early),A50.0+ K77.0*,0.9719357490539551,,,,,
328,5,晚期,late,A50.5+ K77.0*,0.9719684720039368,,,,,
328,3,免疫后(另见肝炎，病毒性，乙型),"postimmunization (see also Hepatitis, viral, type B)",B16.9,0.9958862066268921,,,,,
328,3,疱疹病毒性,herpesviral,B00.8+ K77.0*,0.9740327596664429,,,,,
328,3,肉芽肿性 NEC,granulomatous NEC,K75.3,0.954578697681427,,,,,
328,3,输血后(另见肝炎，病毒性，按类型).,"post-transfusion (see also Hepatitis, viral, by type)",B19,0.998892068862915,,,,,
328,3,胎儿或新生儿,fetus or newborn,P59.2,0.9836533665657043,,,,,
328,3,同种血清(另见肝炎，病毒性，乙型),"homologous serum (see also Hepatitis, viral, type B)",B16.9,0.9972063302993774,,,,,
329,3,无黄疸型，急性(病毒性)-见肝炎，病毒,"anicteric, acute (viral) - see Hepatitis, viral",,0.9573763012886047,,,,,
329,3,细菌性 NEC,bacterial NEC,K75.8,0.9825319647789001,,,,,
329,3,相关抗原(另见肝炎，病毒性，乙型),"antigen-associated (HAA) (see also Hepatitis, viral, type B)",B16.9,0.9912577867507935,,,,,
329,3,新生儿(毒性),neonatal (toxic),P59.2,0.9865667819976807,,,,,
329,3,血清性(另见肝炎，病毒性，乙型),"serum (see also Hepatitis, viral, type B)",B16.9,0.9948413372039795,,,,,
329,3,由于注射、接种或输血(血浆)(血清)(其他物质)(另见肝炎，病毒性，乙型),"from injection, inoculation or transfusion (blood) (plasma) (serum) (other substance)(see also Hepatitis, viral, type B)",B16.9,0.9838915467262268,,,,,
329,3,淤胆性[胆小管性],cholestatic,K75.8,0.982722818851471,,,,,
329,3,中毒性(另见病，肝，中毒性),"toxic (see also Disease, liver, toxic)",K71.6,0.9821089506149292,,,,,
329,3,自身免疫性,autoimmune,K75.4,0.97354656457901,,,,,
329,2,肝样变，肺(急性)(另见肺炎，大叶性),"Hepatization, lung (acute) (see also Pneumonia, lobar)",J18.1,0.9817699790000916,,,,,
329,2,肝周炎,Perihepatitis,K65.8,0.9979146122932434,,,,,
329,1,gǎn 杆,,,0.9960231781005859,,,,,
329,2,杆菌尿,Bacilluria,N39.0,0.9962866902351379,,,,,
329,1,gǎn 感,,,0.9899541139602661,,,,,
329,2,感觉,Sensation,,0.9999675750732422,,,,,
329,3,麻刺(皮肤),tingling (skin),R20.2,0.9708680510520935,,,,,
329,3,丧失,loss of,R20.8,0.9384362697601318,,,,,
329,3,针刺(皮肤),prickling (skin),R20.2,0.9945199489593506,,,,,
329,3,灼热(皮肤),burning (skin),R20.8,0.977927029132843,,,,,
329,2,感觉迟钝,Dysesthesia,R20.8,0.993869423866272,,,,,
329,3,癔症性,hysterical,F44.6,0.8850801587104797,,,,,
329,2,感觉过敏(体表面),Hyperesthesia (body surface),R20.3,0.9794570207595825,,,,,
329,3,喉(反射),larynx (reflex),J38.7,0.9681928753852844,,,,,
329,4,癔症性,hysterical,F44.8,0.9401756525039673,,,,,
329,3,咽(反射),pharynx (reflex),J39.2,0.9849047660827637,,,,,
329,4,癔症性,hysterical,F44.8,0.9517810940742493,,,,,
329,2,感觉减退,"Hypesthesia, Hypoesthesia",R20.1,0.9987321496009827,,,,,
329,3,角膜,cornea,H18.8,0.9552530646324158,,,,,
329,2,感觉缺失,Anesthesia,R20.0,0.9769466519355774,,,,,
329,3,分离性,dissociative,F44.6,0.9749698638916016,,,,,
329,3,功能性(癔症性),functional (hysterical),F44.6,0.9575600028038025,,,,,
329,3,局部皮肤损害,local skin lesion,R20.0,0.9933201670646667,,,,,
329,3,皮肤,skin,R20.0,0.9770838022232056,,,,,
329,3,性的(心因性),sexual (psychogenic),F52.1,0.9898772835731506,,,,,
329,3,癔症性,hysterical,F44.6,0.9513630270957947,,,,,
330,3,触觉,touch,R20.8,0.9583552479743958,,,,,
330,3,味觉,taste,R43.2,0.9436882734298706,,,,,
330,4,和嗅觉混合的,and smell mixed,R43.8,0.9505166411399841,,,,,
330,3,嗅觉,smell,R43.1,0.9666917324066162,,,,,
330,2,感觉神经上皮瘤(M9523/3),Esthesioneuroepithelioma (M9523/3),C30.0,0.9951632022857666,,,,,
330,2,感觉神经细胞瘤(M9521/3),Esthesioneurocytoma (M9521/3),C30.0,0.9996748566627502,,,,,
330,2,感觉异样性股痛,Meralgia paraesthetica,G57.1,0.9998851418495178,,,,,
330,2,感冒,Cold,J00,0.9779800772666931,,,,,
330,3,病毒性,virus,J00,0.9445899128913879,,,,,
330,3,普通(头部),common (head),J00,0.9752175807952881,,,,,
330,3,支气管或胸-见支气管炎,bronchial or chest - see Bronchitis,,0.9894557595252991,,,,,
330,2,感染(性)(机会性)(另见炎症),"Infection, infected (opportunistic) (see also Inflammation)",B99,0.9983769655227661,,,,,
330,3,注：寄生虫病可能被描述为“感染”或“侵染”；因此两个主导词都应查阅。,Note: Parasitic diseases may be described as either 'infections' or 'infestations'; both lead terms should therefore be consulted.,,0.9965613484382629,,,,,
330,3,δ因子(急性)，于乙型肝炎病毒携带者,"delta-agent (acute), in hepatitis B carrier",B17.0,0.9655711054801941,,,,,
330,3,阿米巴(溶组织)，阿米巴病-见阿米巴病,"Amebic, Amoeba (histolytica), amoebiasis - see Amebiasis",,0.9743970036506653,,,,,
330,3,艾柯病毒,echovirus,,0.9760912656784058,,,,,
330,4,性质或部位未特指,unspecified nature or site,B34.1,0.9879381656646729,,,,,
330,4,作为分类于他处疾病的原因,as cause of disease classified elsewhere,B97.1,0.9817690849304199,,,,,
330,3,巴斯德菌NEC,Pasteurella NEC,A28.0,0.9662573933601379,,,,,
330,4,出血败血性,multocida,A28.0,0.9465241432189941,,,,,
330,4,鼠疫(另见鼠疫),pestis (see also Plague),A20.9,0.9611269235610962,,,,,
330,4,土拉(另见土拉菌病),tularensis (see also Tularemia),A21.9,0.9816567897796631,,,,,
330,3,巴西芽生菌(另见副球孢子菌病),Paracoccidioides brasiliensis (see also Paracoccidioidomycosis),B41.9,0.9886828660964966,,,,,
330,3,白喉-见 白喉,diphtherial - see Diphtheria,,0.9358296394348145,,,,,
330,3,白喉棒状杆菌-见白喉,Corynebacterium diphtheriae - see Diphtheria,,0.9896081686019897,,,,,
330,3,败血症性-见败血症,septicemic - see Septicemia,,0.9774904251098633,,,,,
330,3,瘢痕瘤性芽生菌,Loboa loboi,B48.0,0.9788453578948975,,,,,
330,3,半知菌纲,Deuteromycetes,B47.0,0.9778020977973938,,,,,
330,3,伴有,with,,0.964072585105896,,,,,
330,4,对抗生素耐药的菌株,antibiotic-resistant bacterial agent (resistant to),U89.9,0.9891507029533386,,,,,
330,5,多种抗生素,multiple antibiotics,U88,0.9649984240531921,,,,,
330,4,甲氧西林,methicillin,U80.1,0.9680039882659912,,,,,
330,5,青霉素,penicillin,U80.0,0.9730061888694763,,,,,
330,4,青霉素类的抗生素,penicillin-related antibiotic,U80.8,0.9835399389266968,,,,,
330,4,特指的抗生素(一种)NEC,specified antibiotic (single) NEC,U89.8,0.9736469984054565,,,,,
330,4,多种抗生素,multiple antibiotics,U88,0.9197208285331726,,,,,
330,5,万古霉素,vancomycin,U81.0,0.9187580943107605,,,,,
330,5,万古霉素类的抗生素,vancomycin-related antibiotic,U81.8,0.9431509375572205,,,,,
330,4,淋巴管炎-见淋巴管炎,lymphangitis - see Lymphangitis,,0.968718945980072,,,,,
330,3,包皮 NEC,prepuce NEC,N48.1,0.9344634413719177,,,,,
331,3,孢子丝菌(申克)(另见孢子丝菌病),"Sporotrichum, Sporothrix (schenckii) (see also Sporotrichosis)",B42.9,0.9909022450447083,,,,,
331,3,贝氏等孢球虫或人等孢球虫,Isospora belli or hominis,A07.3,0.9984327554702759,,,,,
331,3,鼻病毒,rhinovirus,,0.972166121006012,,,,,
331,4,性质或部位未特指,unspecified nature or site,B34.8,0.9669817686080933,,,,,
331,4,作为分类于他处疾病的原因,as cause of disease classified elsewhere,B97.8,0.9900282621383667,,,,,
331,3,鼻窦(慢性)(另见鼻窦炎),nasal sinus (chronic)(see also Sinusitis),J32.9,0.9738075733184814,,,,,
331,3,鼻旁窦(慢性)(另见鼻窦炎),accessory sinus (chronic) (see also Sinusitis),J32.9,0.9782299399375916,,,,,
331,3,鼻咽-见鼻咽炎,nasopharynx - see Nasopharyngitis,,0.9941995143890381,,,,,
331,3,鞭虫,whipworm,B79,0.9972053170204163,,,,,
331,3,鞭毛虫，肠道,"flagellate, intestinal",A07.9,0.9799782037734985,,,,,
331,3,扁桃体(咽门)(舌)(咽),tonsil (faucial) (lingual) (pharyngeal),J03.9,0.9852121472358704,,,,,
331,4,急性或亚急性,acute or subacute,J03.9,0.9937323927879333,,,,,
331,4,慢性,chronic,J35.0,0.9829676151275635,,,,,
331,3,变形杆菌(奇异)(摩根)(寻常)NEC,Proteus (mirabilis) (morganii) (vulgaris) NEC,A49.8,0.9761544466018677,,,,,
331,4,作为分类于他处疾病的原因,as cause of disease classified elsewhere,B96.4,0.9963155388832092,,,,,
331,3,表皮癣菌-见皮肤癣菌病,Epidermophyton - see Dermatophytosis,,0.9918554425239563,,,,,
331,3,病毒 NEC,virus NEC,B34.9,0.9790077209472656,,,,,
331,4,艾柯(病毒),echo(virus),,0.9110875129699707,,,,,
331,5,未特指性质或部位,unspecified nature or site,B34.1,0.9855726957321167,,,,,
331,5,作为分类于他处疾病的原因,as cause of disease classified elsewhere,B97.1,0.9968087077140808,,,,,
331,4,鼻病毒,rhinovirus,,0.9070623517036438,,,,,
331,5,性质或部位未特指,unspecified nature or site,B34.8,0.9912804961204529,,,,,
331,5,作为分类于他处疾病的原因,as cause of disease classified elsewhere,B97.8,0.9890395998954773,,,,,
331,4,肠(另见小肠炎，病毒性),"intestine (see also Enteritis, viral)",A08.4,0.9818267226219177,,,,,
331,4,肠病毒,enterovirus,,0.9401848912239075,,,,,
331,5,性质或部位未特指,unspecified nature or site,B34.1,0.983597993850708,,,,,
331,5,作为分类于他处疾病的原因,as cause of disease classified elsewhere,B97.1,0.9838593006134033,,,,,
331,4,虫媒病毒(节肢动物媒介),"arborvirus, arbovirus (arthropod-borne)",A94,0.9887132048606873,,,,,
331,4,呼吸道合胞体，作为分类于他处疾病的原因,"respiratory syncytial, as cause of disease classified elsewhere",B97.4,0.9716531038284302,,,,,
331,4,柯萨奇(病毒)(另见感染，柯萨奇(病毒)),"coxsackie(virus) (see also Infection, coxsackie(virus))",B34.1,0.964211106300354,,,,,
331,5,未特指性质或部位,unspecified nature or site,B34.1,0.9909240007400513,,,,,
331,5,作为分类于他处疾病的原因,as cause of disease classified elsewhere,B97.1,0.9886690974235535,,,,,
331,4,慢,slow,A81.9,0.963911771774292,,,,,
331,5,特指的NEC,specified NEC,A81.8,0.9401133060455322,,,,,
331,4,特指类型NEC,specified type NEC,B33.8,0.9901760220527649,,,,,
331,5,人类免疫缺陷病毒(HIV)病所致,resulting from HIV disease,B20.3,0.9853612780570984,,,,,
331,5,未特指部位,unspecified site,B34.8,0.9880756735801697,,,,,
331,5,作为分类于他处疾病的原因,as cause of disease classified elsewhere,B97.8,0.9867451786994934,,,,,
331,4,未特指部位,unspecified site,B34.9,0.9877743124961853,,,,,
331,4,腺病毒,adenovirus,,0.9153881072998047,,,,,
331,5,性质或部位未特指,unspecified nature or site,B34.0,0.9915955662727356,,,,,
331,5,作为分类于他处疾病的原因,as cause of disease classified elsewhere,B97.0,0.9973174333572388,,,,,
332,4,胸,chest,J98.8,0.9698606729507446,,,,,
332,4,中枢神经系统,central nervous system,A89,0.9872464537620544,,,,,
332,5,肠病毒NEC,enterovirus NEC,A88.8,0.9623186588287354,,,,,
332,6,脑膜炎,meningitis,A87.0+ G02.0*,0.9552519917488098,,,,,
332,5,非典型的,atypical,A81.9,0.9435157179832458,,,,,
332,6,特指的 NEC,specified NEC,A81.8,0.9438773393630981,,,,,
332,5,慢病毒,slow virus,A81.9,0.9576607942581177,,,,,
332,5,特指的 NEC,specified NEC,A81.8,0.9375761151313782,,,,,
332,5,特指的NEC,specified NEC,A88.8,0.9710721969604492,,,,,
332,4,作为分类于他处疾病的原因,as cause of disease classified elsewhere,B97.8,0.9936506152153015,,,,,
332,3,并殖吸虫(卫斯特曼),Paragonimus (westermani),B66.4,0.9861640930175781,,,,,
332,3,波氏阿利什利菌,"Allescheria boydii, Petriellidium boydii",B48.2,0.9917317628860474,,,,,
332,3,波氏假性阿利什利菌,Pseudallescheria boydii,B48.2,0.9976947903633118,,,,,
332,3,伯克霍尔德菌 NEC,Burkholderia NEC,A49.8,0.9675564765930176,,,,,
332,4,鼻疽,mallei,A24.0,0.9232214689254761,,,,,
332,5,作为分类于他处疾病的原因,as the cause of disease classified elsewhere,B96.8,0.9782434105873108,,,,,
332,4,假鼻疽(另见类鼻疽),pseudomallei (see also Melioidosis),A24.4,0.9847280979156494,,,,,
332,4,作为分类于他处疾病的原因,as the cause of disease classified elsewhere,B96.8,0.9952929019927979,,,,,
332,3,伯纳特-柯克斯体,Coxiella burnetii,A78,0.9894594550132751,,,,,
332,3,博德特杆菌-另见 百日咳,Bordetella - see also Whooping cough,A37.9,0.9699079990386963,,,,,
332,4,百日咳,pertussis,A37.0,0.9683123230934143,,,,,
332,3,布鲁格(马来),Brugia (malayi),B74.1,0.975014328956604,,,,,
332,4,帝汶,timori,B74.2,0.9822067022323608,,,,,
332,3,布氏菌,Brucella,A23.9,0.931510329246521,,,,,
332,4,混合的,mixed,A23.8,0.9642177820205688,,,,,
332,4,流产,abortus,A23.1,0.990364670753479,,,,,
332,4,马耳他,melitensis,A23.0,0.9427440762519836,,,,,
332,4,犬,canis,A23.3,0.8746305704116821,,,,,
332,4,特指的 NEC,specified NEC,A23.8,0.9617894291877747,,,,,
332,4,猪,suis,A23.2,0.8870877027511597,,,,,
332,3,布氏姜片虫,Fasciolopsis (buski),B66.5,0.9975839257240295,,,,,
332,3,蔡斯腺[睑缘腺],Zeis' gland,H00.0,0.9754385352134705,,,,,
332,3,残端(切断)(手术的),stump (amputation) (surgical),T87.4,0.9785997867584229,,,,,
332,3,苍白密螺旋体[梅毒螺旋体]-见梅毒,Treponema pallidum - see Syphilis,,0.991555392742157,,,,,
332,3,产程期间NEC,during labor NEC,O75.3,0.9738541841506958,,,,,
332,3,产科手术伤口(产褥期),obstetric surgical wound (puerperal),O86.0,0.9770901799201965,,,,,
332,3,产褥期,puerperal,O86.4,0.9826198220252991,,,,,
332,4,次要的,minor,O86.4,0.9079700708389282,,,,,
332,4,泌尿生殖道NEC,genitourinary tract NEC,O86.3,0.9764487743377686,,,,,
332,4,特指的NEC,specified NEC,O86.8,0.9746466875076294,,,,,
332,4,主要的或全身性,major or generalized,O85,0.9750872254371643,,,,,
332,3,产色芽生菌(紧密)(佩氏),Fonsecaea (compacta) (pedrosoi),B43.0+ L99.8*,0.9881466031074524,,,,,
333,3,肠(另见小肠炎，传染性),"intestine, intestinal (see also Enteritis, infectious)",A09.0,0.9929782152175903,,,,,
333,3,肠病毒NEC,enterovirus NEC,B34.1,0.970750093460083,,,,,
333,4,未特指性质或部位,unspecified nature or site,B34.1,0.9659408926963806,,,,,
333,4,作为分类于他处疾病的原因,as cause of disease classified elsewhere,B97.1,0.9886009693145752,,,,,
333,3,肠系膜淋巴结 NEC,mesenteric lymph nodes or glands NEC,I88.0,0.9345883131027222,,,,,
333,3,虫媒病毒,arbovirus (arborvirus),A94,0.979916512966156,,,,,
333,4,特指类型NEC,specified type NEC,A93.8,0.9570003151893616,,,,,
333,3,创伤后 NEC,post-traumatic NEC,T79.3,0.9354006052017212,,,,,
333,3,唇鞭毛虫(肠道),Chilomastix (intestinal),A07.8,0.9823532700538635,,,,,
333,3,大肠杆菌NEC,Escherichia (E.) coli NEC,A49.8,0.9737857580184937,,,,,
333,4,肠道(另见小肠炎，传染性),"intestinal (see also Enteritis, infectious)",A04.4,0.9803347587585449,,,,,
333,4,全身性,generalized,A41.5,0.9639787077903748,,,,,
333,4,先天性,congenital,P39.8,0.9381077289581299,,,,,
333,5,脓毒症,sepsis,P36.4,0.9607927799224854,,,,,
333,4,作为分类于他处疾病的原因,as cause of disease classified elsewhere,B96.2,0.9873576760292053,,,,,
333,3,丹毒丝菌(诡谲)(猪丹毒)(另见类丹毒),Erysipelothrix (insidiosa) (rhusiopathiae) (see also Erysipeloid),A26.9,0.9749411344528198,,,,,
333,3,单核细胞增多性利斯特菌(另见利斯特菌病),Listeria monocytogenes (see also Listeriosis),A32.9,0.9925260543823242,,,,,
333,4,先天性,congenital,P37.2,0.9733232259750366,,,,,
333,3,胆囊，胆囊管(另见胆囊炎),"gallbladder, cystic duct (see also Cholecystitis)",K81.9,0.9961810111999512,,,,,
333,3,胆总管(肝总管)(另见胆管炎),bile duct (common) (hepatic) (see also Cholangitis),K83.0,0.9877930879592896,,,,,
333,3,德氏霉属(夏威夷),Drechslera (hawaiiensis),B43.8,0.9650291800498962,,,,,
333,3,迭宫属幼虫,Spirometra larvae,B70.1,0.9958438277244568,,,,,
333,3,蝶(窦)(另见鼻窦炎，蝶窦),"sphenoidal (sinus) (see also Sinusitis, sphenoidal)",J32.3,0.9849312901496887,,,,,
333,3,窦(旁窦)(慢性)(鼻)(另见鼻窦炎),sinus (accessory) (chronic) (nasal) (see also Sinusitis),J32.9,0.9709173440933228,,,,,
333,4,藏毛,pilonidal,L05.9,0.9791395664215088,,,,,
333,5,伴有脓肿,with abscess,L05.0,0.9946363568305969,,,,,
333,4,皮肤 NEC,skin NEC,L08.8,0.958931028842926,,,,,
333,3,杜克雷(芽胞杆菌)(任何部位),Ducrey's (bacillus) (any location),A57,0.9723890423774719,,,,,
333,3,多处，HIV病所致,"multiple, resulting from HIV disease",B20.7,0.991497278213501,,,,,
333,3,恶丝虫,Dirofilaria,B74.8,0.9718344807624817,,,,,
333,3,耳(中)(另见耳炎，中),ear (middle) (see also Otitis media),H66.9,0.9772365093231201,,,,,
333,4,内,inner,H83.0,0.9195510745048523,,,,,
333,4,外,external,H60.3,0.9144617915153503,,,,,
333,3,耳道(弥漫性)(外),auditory meatus (diffuse) (external),H60.3,0.9726912379264832,,,,,
333,3,耳廓,auricle (ear),H60.3,0.9667678475379944,,,,,
333,3,耳霉种,Conidiobolus,B46.8,0.9794301390647888,,,,,
333,3,反转录病毒[逆转录病毒]NEC,retrovirus NEC,B33.3,0.9830458760261536,,,,,
333,4,作为分类于他处疾病的原因,as cause of disease classified elsewhere,B97.3,0.9872032999992371,,,,,
333,3,放线杆菌(并行放线菌),Actinobacillus (actinomycetem-comitans),A28.8,0.9961681962013245,,,,,
334,3,放线菌(衣氏)(另见放线菌病),Actinomyces (israelii) (see also Actinomycosis),A42.9,0.9755714535713196,,,,,
334,4,放线菌瘤,actinomycetoma,B47.1,0.9429692625999451,,,,,
334,3,放线菌病性NEC(另见放线菌病),actinomycotic NEC (see also Actinomycosis),A42.9,0.9909538626670837,,,,,
334,3,放线菌目-见放线菌病,Actinomycetales - see Actinomycosis,,0.9936249852180481,,,,,
334,3,非典型分枝杆菌-见分枝杆菌，非典型,"atypical mycobacteria - see Mycobacterium, atypical",,0.9892440438270569,,,,,
334,3,肺部NEC,lung NEC,J98.4,0.963590681552887,,,,,
334,4,病毒-见肺炎，病毒性,"virus - see Pneumonia, viral",,0.9766426682472229,,,,,
334,4,非典型分枝杆菌,atypical mycobacterium,A31.0,0.9774028658866882,,,,,
334,4,结核性(另见结核，肺),"tuberculous (see also Tuberculosis, pulmonary)",A16.2,0.9861752986907959,,,,,
334,3,肺炎杆菌NEC,Klebsiella (K.) pneumoniae NEC,A49.8,0.9584963917732239,,,,,
334,4,作为分类于他处疾病的原因,as cause of disease classified elsewhere,B96.1,0.9848778247833252,,,,,
334,3,肺炎球菌(性)NEC,"pneumococcus, pneumococcal NEC",A49.1,0.9931913614273071,,,,,
334,4,全身性(化脓性),generalized (purulent),A40.3,0.9692901372909546,,,,,
334,5,伴有肺炎,with pneumonia,J13,0.9288384318351746,,,,,
334,4,未特指性质或部位,unspecified nature or site,A49.1,0.972719132900238,,,,,
334,4,作为分类于他处疾病的原因,as cause of disease classified elsewhere,B95.3,0.978970468044281,,,,,
334,3,分支孢子菌,Cladosporium,,0.9871542453765869,,,,,
334,4,卡氏,carrionii,B43.0+ L99.8*,0.981063961982727,,,,,
334,4,卡斯泰拉尼,castellanii,B36.1,0.9659905433654785,,,,,
334,4,毛样(脑脓肿),bantianum (brain abscess),B43.1+ G07*,0.9527574777603149,,,,,
334,4,毛状(脑脓肿),trichoides (brain abscess),B43.1+ G07*,0.9762138724327087,,,,,
334,4,韦尔希,werneckii,B36.1,0.9757811427116394,,,,,
334,3,分枝杆菌(性)(另见分枝杆菌),"Mycobacterium, mycobacterial (see also Mycobacterium)",A31.9,0.9979597926139832,,,,,
334,4,肺外系统性,extrapulmonary systemic,A31.8,0.9890978336334229,,,,,
334,4,人类免疫缺陷病毒(HIV)病所致,resulting from HIV disease,B20.0,0.9802992939949036,,,,,
334,3,风疹(另见风疹),rubella (see also Rubella),B06.9,0.9595212340354919,,,,,
334,4,先天性,congenital,P35.0,0.9448782205581665,,,,,
334,3,蜂窝织炎-见蜂窝织炎，按部位,"cellulitis - see Cellulitis, by site",,0.988351583480835,,,,,
334,3,副流感病毒,parainfluenza virus,B34.8,0.9802097678184509,,,,,
334,3,副圆线虫,Parastrongylus,,0.9945986270904541,,,,,
334,4,哥斯达黎加,costaricensis,B81.3,0.9816979765892029,,,,,
334,4,广州,cantonensis,B83.2,0.9688014984130859,,,,,
334,3,附睾的 - 见情况,epididymis - see condition,,0.9526114463806152,,,,,
334,3,腹股沟(淋巴)腺,inguinal (lymph) glands,L04.1,0.975547194480896,,,,,
334,4,由于软下疳,due to soft chancre,A57,0.9671944379806519,,,,,
334,3,腹膜(另见腹膜炎),peritoneal (see also Peritonitis),K65.9,0.9935775995254517,,,,,
334,3,杆菌NEC,"Bacillus, bacillus NEC",A49.9,0.9765342473983765,,,,,
334,4,脆弱，作为分类于他处疾病的原因,"fragilis, as cause of disease classified elsewhere",B96.6,0.9817087650299072,,,,,
334,4,杜克雷(任何部位),Ducrey's (any location),A57,0.976893961429596,,,,,
334,4,弗里德伦德尔NEC,Friedländer's NEC,A49.8,0.9841495752334595,,,,,
334,4,弗氏,Flexner's :1,A03.1,0.9573984146118164,,,,,
335,4,气性(坏疽),gas (gangrene),A48.0,0.967600405216217,,,,,
335,4,炭疽(另见炭疽),anthracis (see also Anthrax),A22.9,0.972606360912323,,,,,
335,4,韦尔希(另见坏疽，气性),"welchii (see also Gangrene, gas)",A48.0,0.9758931994438171,,,,,
335,4,志贺(-克鲁泽),Shiga(-Kruse),A03.0,0.9704195857048035,,,,,
335,3,冈氏结核灶，原发性,"Ghon tubercle, primary",A16.7,0.9806556105613708,,,,,
335,4,伴有细菌学和组织学证实,with bacteriological and histological confirmation,A15.7,0.9871854782104492,,,,,
335,3,肛门(乳头)(括约肌),"anus, anal (papillae) (sphincter)",K62.8,0.9948336482048035,,,,,
335,3,睾丸(另见睾丸炎),testis (see also Orchitis),N45.9,0.9944712519645691,,,,,
335,3,革兰氏阴性杆菌NEC,Gram-negative bacilli NEC,A49.9,0.9793132543563843,,,,,
335,3,根尖周,periapical,K04.5,0.9968559145927429,,,,,
335,3,根霉(另见毛霉病),Rhizopus (see also Mucormycosis),B46.5,0.987817108631134,,,,,
335,3,弓蛔虫(犬)(猫),Toxocara (canis) (cati) (felis),B83.0,0.9680819511413574,,,,,
335,3,宫颈(另见宫颈炎),cervix (see also Cervicitis),N72,0.985336184501648,,,,,
335,3,宫颈内膜(另见宫颈炎),endocervix (see also Cervicitis),N72,0.9846020340919495,,,,,
335,3,钩虫,hookworm,B76.9,0.9737998843193054,,,,,
335,3,钩端螺旋体的 NEC(另见钩端螺旋体病),leptospirochetal NEC (see also Leptospirosis),A27.9,0.9830874800682068,,,,,
335,3,骨NEC,bone NEC,M86.9,0.9231164455413818,,,,,
335,3,鼓膜 NEC,tympanic membrane NEC,H73.8,0.9716861248016357,,,,,
335,3,关节-见关节炎，传染性,"joint - see Arthritis, infectious",,0.9867758750915527,,,,,
335,3,冠状病毒 NEC,coronavirus NEC,B34.2,0.9780420064926147,,,,,
335,4,SARS,SARS,U04.9,0.9310805201530457,,,,,
335,4,未特指性质或部位,unspecified nature or site,B34.2,0.9913451671600342,,,,,
335,4,作为分类于他处疾病的原因,as cause of disease classified elsewhere,B97.2,0.9898624420166016,,,,,
335,3,郭霍(另见结核),Koch's (see also Tuberculosis),A16.9,0.9632824659347534,,,,,
335,3,颌(骨)(下)(上),jaw (bone) (lower) (upper),K10.2,0.9650900959968567,,,,,
335,3,喉 NEC,arynx NEC,J38.7,0.9451283812522888,,,,,
335,3,后睾吸虫(猫)(麝猫),Opisthorchis (felineus) (viverrini),B66.0,0.9664332866668701,,,,,
335,3,后殖吸虫,Metagonimus,B66.8,0.9747822284698486,,,,,
335,3,呼肠孤病毒，作为分类于他处疾病的原因,"reovirus, as cause of disease classified elsewhere",B97.5,0.9968470335006714,,,,,
335,3,呼吸(道)NEC,respiratory (tract) NEC,J98.8,0.9583603739738464,,,,,
335,4,急性,acute,J22,0.9115222096443176,,,,,
335,4,慢性,chronic,J98.8,0.9795690774917603,,,,,
335,4,上(急性)NEC,upper (acute) NEC,J06.9,0.9685859084129333,,,,,
335,5,病毒NEC,viral NEC,J06.9,0.9390897750854492,,,,,
335,5,多部位NEC,multiple sites NEC,J06.8,0.9444049000740051,,,,,
335,5,链球菌性,streptococcal,J06.9,0.9717212915420532,,,,,
335,5,慢性,chronic,J39.8,0.979289710521698,,,,,
335,4,下(急性),lower (acute),J22,0.9474719762802124,,,,,
335,5,慢性(另见支气管炎，慢性),"chronic (see also Bronchitis, chronic)",J42,0.9818967580795288,,,,,
335,4,鼻病毒,rhinovirus,J00,0.9555650949478149,,,,,
336,4,合胞病毒，作为分类于他处疾病的原因,"syncytial virus, as cause of disease classified elsewhere",B97.4,0.9757888317108154,,,,,
336,4,流感性(另见流行性感冒，伴有，呼吸道表现),"influenzal (see also Influenza, with, respiratory manifestations)",J11.1,0.9590624570846558,,,,,
336,3,滑囊-见滑囊炎，感染性,"bursa - see Bursitis, infective",,0.9868255853652954,,,,,
336,3,化脓性-见脓肿,purulent - see Abscess,,0.9749546647071838,,,,,
336,3,黄体(另见输卵管卵巢炎),corpus luteum (see also Salpingo-oophoritis),N70.9,0.9926016330718994,,,,,
336,3,灰色马杜拉分支菌,Neotestudina rosatii,B47.0,0.9579897522926331,,,,,
336,3,蛔虫(大)NEC(另见蛔虫病),"Ascaris lumbricoides, Roundworm (large) NEC (see also Ascariasis)",B82.0,0.9905303120613098,,,,,
336,4,蛔虫病,Ascariasis,B77,0.974848747253418,,,,,
336,3,会阴切开术(产褥期),episiotomy (puerperal),O86.0,0.9697750210762024,,,,,
336,3,会阴修补(产褥期),perineal repair (puerperal),O86.0,0.9795212149620056,,,,,
336,3,混合菌丛(细菌性) NEC,mixed flora (bacterial) NEC,A49.8,0.9637262225151062,,,,,
336,3,霍塔毛孢子菌,Piedraia hortae,B36.3,0.9807974696159363,,,,,
336,3,肌肉 NEC,muscle NEC,M60.0,0.9332131743431091,,,,,
336,3,棘唇属(常现)(链尾),Acanthocheilonema (perstans) (streptocerca),B74.4,0.9806925654411316,,,,,
336,3,棘唇线虫(常现)(链尾),Dipetalonema (perstans) (streptocerca),B74.4,0.9955664873123169,,,,,
336,3,棘球蚴(另见棘球蚴),Echinococcus (see also Echinococcus),B67.9,0.9891401529312134,,,,,
336,3,棘颚口线虫,Gnathostoma (spinigerum),B83.1,0.9864805340766907,,,,,
336,3,急性坏死性溃疡性龈炎(口腔)(扁桃体),Vincent's (gum) (mouth) (tonsil),A69.1,0.975946307182312,,,,,
336,3,脊髓NEC(另见脑炎),spinal cord NEC (see also Encephalitis),G04.9,0.9902422428131104,,,,,
336,4,链球菌性,streptococcal,G04.8,0.9777576923370361,,,,,
336,4,脑脊膜-见脑膜炎,meninges - see Meningitis,,0.9406296014785767,,,,,
336,4,脓肿,abscess,G06.1,0.9656216502189636,,,,,
336,3,寄生虫,parasitic,B89,0.9599212408065796,,,,,
336,4,人类免疫缺陷病毒(HIV)病所致,resulting from HIV disease,B20.8,0.9867232441902161,,,,,
336,3,荚膜串酵母菌(另见隐球菌病),Torula histolytica (see also Cryptococcosis),B45.9,0.9880854487419128,,,,,
336,3,甲(慢性)(伴有淋巴管炎),nail (chronic) (with lymphangitis),L03.0,0.9782247543334961,,,,,
336,4,嵌,ingrowing,L60.0,0.949219822883606,,,,,
336,3,甲状舌管,thyroglossal duct,K14.8,0.9258384704589844,,,,,
336,3,假单胞菌 NEC,"Pseudomonas, pseudomonad NEC",A49.8,0.9672957062721252,,,,,
336,4,鼻疽,mallei,A24.0,0.9426981210708618,,,,,
336,4,假鼻疽-见感染，伯克霍尔德菌，假鼻疽,"pseudomallei - see Infection, Burkholderia, pseudomallei",,0.9641925096511841,,,,,
336,4,作为分类于他处疾病的原因,as cause of disease classified elsewhere,B96.5,0.9875909090042114,,,,,
336,3,肩锁骨,acromioclavicular,M00.9,0.9933353066444397,,,,,
336,3,腱(鞘),tendon (sheath),M65.1,0.9537413120269775,,,,,
336,3,脚趾(皮肤),toe (skin),L08.9,0.9641678929328918,,,,,
336,3,酵母(另见念珠菌病),yeast (see also Candidiasis),B37.9,0.9801353216171265,,,,,
336,3,接种,vaccination,T88.0,0.9841508865356445,,,,,
336,3,结肠(另见 小肠炎，传染性),"colon (see also Enteritis, infectious)",A09.0,0.9798604249954224,,,,,
336,3,结肠肠袋虫,Balantidium coli,A07.0,0.9820936322212219,,,,,
337,3,结核性 NEC(另见 结核),tuberculous NEC (see also Tuberculosis),A16.9,0.9645078778266907,,,,,
337,4,人类免疫缺陷病毒(HIV)病所致,resulting from HIV disease,B20.0,0.987346887588501,,,,,
337,3,结节线虫(猴),Oesophagostomum (apiostomum),B81.8,0.9831036329269409,,,,,
337,3,截肢残端(手术),amputation stump (surgical),T87.4,0.9824350476264954,,,,,
337,3,精囊(另见精囊炎),seminal vesicle (see also Vesiculitis),N49.0,0.9694193601608276,,,,,
337,3,精索NEC,spermatic cord NEC,N49.1,0.9488162398338318,,,,,
337,3,颈淋巴结,cervical gland (lymph),L04.0,0.9955601096153259,,,,,
337,3,静脉曲张-见静脉曲张,varicose veins - see Varicose vein,,0.9914652109146118,,,,,
337,3,局部，皮肤(葡萄球菌性)(链球菌性),"local, skin (staphylococcal) (streptococcal)",L08.9,0.9925419092178345,,,,,
337,4,蜂窝织炎-见蜂窝织炎，按部位,"cellulitis - see Cellulitis, by site",,0.9627031683921814,,,,,
337,4,溃疡(另见溃疡，皮肤),"ulcer (see also Ulcer, skin)",L98.4,0.9771003723144531,,,,,
337,4,脓肿-见脓肿，按部位,"abscess - see Abscess, by site",,0.9503527283668518,,,,,
337,4,特指的NEC,specified NEC,L08.8,0.9642059206962585,,,,,
337,3,局灶性，牙,"focal, teeth",K04.7,0.990865170955658,,,,,
337,3,巨大殖孔绦虫,Diplogonoporus (grandis),B71.8,0.9705016613006592,,,,,
337,3,巨细胞病毒(性),"cytomegalovirus, cytomegaloviral",B25.9,0.9953320622444153,,,,,
337,4,单核细胞增多症,mononucleosis,B27.1,0.9810856580734253,,,,,
337,4,母体，为母体对胎儿(可疑的)损害给予的孕产妇医疗,"maternal, maternal care for (suspected) damage to fetus",O35.3,0.9337587952613831,,,,,
337,4,人类免疫缺陷病毒(HIV)病所致,resulting from HIV disease,B20.2,0.9914032220840454,,,,,
337,4,先天性,congenital,P35.1,0.9688794612884521,,,,,
337,3,菌丝体NEC,mycelium NEC,B49,0.975812554359436,,,,,
337,3,军团病,Legionella pneumophila,A48.1,0.9818354845046997,,,,,
337,4,非肺炎性,nonpneumonic,A48.2,0.9781415462493896,,,,,
337,3,卡氏肺囊虫(肺炎),Pneumocystis carinii (pneumonia),B59+ J17.3*,0.9824909567832947,,,,,
337,4,人类免疫缺陷病毒(HIV)病所致,resulting from HIV disease,B20.6,0.9842592477798462,,,,,
337,3,糠秕马拉色霉菌,Malassezia furfur,B36.0,0.9923272132873535,,,,,
337,3,柯萨奇(病毒性)(另见柯萨奇),coxsackie(virus) (see also Coxsackie),B34.1,0.9936778545379639,,,,,
337,4,脑膜炎,meningitis,A87.0+ G02.0*,0.9710937738418579,,,,,
337,4,特指的病NEC,specified disease NEC,B33.8,0.9848097562789917,,,,,
337,4,心包,pericardium,B33.2+ I32.1*,0.97101891040802,,,,,
337,4,心肌,myocardium,B33.2+ I41.1*,0.97132408618927,,,,,
337,4,性质或部位未特指,unspecified nature or site,B34.1,0.9684438705444336,,,,,
337,4,咽,pharynx,B08.5,0.959246814250946,,,,,
337,4,作为分类于他处疾病的原因,as cause of disease classified elsewhere,B97.1,0.9899434447288513,,,,,
337,3,眶(周),"orbit, orbital (periorbital)",H05.0,0.9949109554290771,,,,,
337,3,兰伯贾第虫[肠兰伯鞭毛虫],Giardia lamblia,A07.1,0.9837742447853088,,,,,
337,3,泪,lacrimal,,0.946401834487915,,,,,
337,4,道(管)(囊),passages (duct)(sac),H04.3,0.9566863179206848,,,,,
337,4,腺,gland,H04.0,0.9239032864570618,,,,,
337,3,类胸膜肺炎菌NEC,pleuro-pneumonia-like organism (PPLO) NEC,A49.3,0.9702465534210205,,,,,
337,4,作为分类于他处疾病的原因,as cause of disease classified elsewhere,B96.0,0.9865043759346008,,,,,
338,3,类圆线虫(粪)(另见类圆线虫病),Strongyloides (stercoralis) (see also Strongyloidiasis),B78.9,0.9911454916000366,,,,,
338,3,犁头霉(菌)(另见毛霉病),Absidia (see also Mucormycosis),B46.5,0.9813478589057922,,,,,
338,3,立克次体NEC,rickettsial NEC,A79.9,0.9701903462409973,,,,,
338,3,利什曼原虫(另见利什曼病),Leishmania (see also Leishmaniasis),B55.9,0.9878985285758972,,,,,
338,4,埃塞俄比亚,aethiopica,B55.1,0.9689248204231262,,,,,
338,4,巴西,braziliensis,B55.2,0.9142308831214905,,,,,
338,4,查加斯,chagasi,B55.0,0.932076096534729,,,,,
338,4,杜诺凡,donovani,B55.0,0.9662927985191345,,,,,
338,4,墨西哥,mexicana,B55.1,0.9068657159805298,,,,,
338,4,热带,tropica,B55.1,0.9624612331390381,,,,,
338,4,硕大,major,B55.1,0.9575598239898682,,,,,
338,4,婴儿,infantum,B55.0,0.9860352277755737,,,,,
338,3,镰形头孢霉(菌),Cephalosporium falciforme,B47.0,0.9882335066795349,,,,,
338,3,镰形星隙吸虫,Stellantchasmus falcatus,B66.8,0.9944488406181335,,,,,
338,3,镰形支顶孢,Acremonium falciforme,B47.0,0.9932527542114258,,,,,
338,3,链格孢,Alternaria,B48.7,0.9702606201171875,,,,,
338,3,链霉菌,Streptomyces,B47.1,0.9946049451828003,,,,,
338,3,链球菌NEC(溶血性),streptococcal NEC (hemolytic),A49.1,0.9748303890228271,,,,,
338,4,全身性(化脓性),generalized (purulent),A40.9,0.9886550307273865,,,,,
338,4,先天性,congenital,P39.8,0.9790862798690796,,,,,
338,5,脓毒症,sepsis,P36.1,0.9734477400779724,,,,,
338,6,B 族,group B,P36.0,0.9597567319869995,,,,,
338,4,未特指性质或部位,unspecified nature or site,A49.1,0.9862827062606812,,,,,
338,4,作为分类于他处疾病的原因,as cause of disease classified elsewhere,B95.5,0.9805378913879395,,,,,
338,3,裂头绦虫(成虫)(阔节)(太平洋区),Diphyllobothrium (adult) (latum) (pacificum),B70.0,0.9796037077903748,,,,,
338,4,幼虫,larval,B70.1,0.9866635799407959,,,,,
338,3,裂头蚴(巴克斯特)(曼森)(芽殖),Sparganum (baxteri) (mansoni) (proliferum),B70.1,0.9809907674789429,,,,,
338,3,淋巴结(另见淋巴结炎，急性),"lymph gland (see also Lymphadenitis, acute)",L04.9,0.9914538860321045,,,,,
338,4,肠系膜,mesenteric,I88.0,0.95311439037323,,,,,
338,3,淋巴样组织，舌底或咽后部，NEC(慢性),"lymphoid tissue, base of tongue or posterior pharynx, NEC (chronic)",J35.0,0.9887272715568542,,,,,
338,3,淋球菌性NEC(另见淋球菌),gonococcal NEC (see also Gonococcus),A54.9,0.9767029285430908,,,,,
338,3,流产(随后发生),abortion (subsequent episode),O08.0,0.977669894695282,,,,,
338,4,近期发生-见流产,current episode - see Abortion,,0.972390353679657,,,,,
338,3,卵巢(另见输卵管卵巢炎),ovary (see also Salpingo-oophoritis),N70.9,0.9825062155723572,,,,,
338,3,罗阿丝虫,Loa loa,B74.3,0.9844962358474731,,,,,
338,4,伴有结膜侵染,with conjunctival infestation,B74.3+ H13.0*,0.976636528968811,,,,,
338,3,罗马刺壳菌,Pyrenochaeta romeroi,B47.0,0.9632527232170105,,,,,
338,3,螺菌,Spirillum,A25.0,0.9900937080383301,,,,,
338,3,螺旋体NEC,spirochetal NEC,A69.9,0.952667236328125,,,,,
338,4,特指的 NEC,specified NEC,A69.8,0.9583534598350525,,,,,
338,3,马杜拉放线菌,Actinomadura,B47.1,0.9933534264564514,,,,,
339,3,马杜拉分支菌(灰色)(足),Madurella (grisea) (mycetomatis),B47.0,0.9880813360214233,,,,,
339,3,迈博姆囊肿或迈博姆腺[睑板腺囊肿],meibomian cyst or gland,H00.0,0.9973925948143005,,,,,
339,3,麦地那龙线虫,"Dracunculus medinensis, guinea worm, Medina (worm)",B72,0.9972444772720337,,,,,
339,3,曼森线虫(奥扎尔德)(常现)(链尾),Mansonella (ozzardi) (perstans) (streptocerca),B74.4,0.9809781312942505,,,,,
339,3,慢病毒,slow virus,A81.9,0.9923347234725952,,,,,
339,4,特指的NEC,specified NEC,A81.8,0.9754971265792847,,,,,
339,3,慢病毒，作为分类于他处疾病的原因,"lentivirus, as cause of disease classified elsewhere",B97.3,0.995248556137085,,,,,
339,3,猫肝吸虫,cat liver fluke,B66.0,0.9823159575462341,,,,,
339,3,毛滴虫,"Trichomonas, trichomonad",A59.9,0.9912652373313904,,,,,
339,4,肠道,intestine,A07.8,0.9572197198867798,,,,,
339,4,宫颈,cervix,A59.0+ N74.8*,0.9716324806213379,,,,,
339,4,泌尿生殖器,urogenitalis,A59.0,0.9538426399230957,,,,,
339,4,尿道,urethra,A59.0+ N37.0*,0.9874736666679382,,,,,
339,4,前列腺,prostate,A59.0+ N51.0*,0.9882784485816956,,,,,
339,4,特指部位NEC,specified site NEC,A59.8,0.969085156917572,,,,,
339,4,外阴÷,vulva,A59.0+ N77.1*,0.9402487874031067,,,,,
339,4,阴道,vagina,A59.0+ N77.1*,0.9531125426292419,,,,,
339,3,毛霉(另见毛霉病),Mucor (see also Mucormycosis),B46.5,0.9952443838119507,,,,,
339,3,毛首鞭虫,Trichuris (trichiura),B79,0.9891507029533386,,,,,
339,3,毛细线虫(肠道),Capillaria (intestinal),B81.1,0.9941331744194031,,,,,
339,4,菲律宾,philippinensis,B81.1,0.969713032245636,,,,,
339,4,肝,hepatica,B83.8,0.9539461135864258,,,,,
339,3,毛癣菌-见 皮肤癣菌病,achorion - see Dermatophytosis,,0.9540330767631531,,,,,
339,3,毛癣菌(病)-见皮肤癣菌病,"Trichophyton, trichophytic - see Dermatophytosis",,0.9854969382286072,,,,,
339,3,毛圆线虫,Trichostrongylus,B81.2,0.9849534034729004,,,,,
339,3,美洲钩虫,Necator americanus,B76.1,0.9841901659965515,,,,,
339,3,泌尿(道)NEC,urinary (tract) NEC,N39.0,0.957569420337677,,,,,
339,4,并发于妊娠,complicating pregnancy,O23.4,0.9691285490989685,,,,,
339,5,影响到胎儿或新生儿,affecting fetus or newborn,P00.1,0.9869689345359802,,,,,
339,4,产褥期(产后),puerperal (postpartum),O86.2,0.9501754641532898,,,,,
339,4,结核性,tuberculous,A18.1,0.9520118832588196,,,,,
339,4,新生儿,newborn,P39.3,0.9888612031936646,,,,,
339,3,泌尿生殖道NEC,genitourinary tract NEC,,0.9920804500579834,,,,,
339,4,产褥期,puerperal,O86.3,0.9106775522232056,,,,,
339,4,妊娠中,in pregnancy,O23.9,0.8988710641860962,,,,,
339,3,膜壳绦虫(短),Hymenolepis (nana),B71.0,0.9894359707832336,,,,,
339,3,奈瑟球菌-见淋球菌,Neisseria - see Gonococcus,,0.9893733263015747,,,,,
339,3,囊肿-见囊肿,cyst - see Cyst,,0.9456475973129272,,,,,
339,3,蛲虫,"Enterobius vermicularis, Oxyuris vermicularis, pinworm, threadworm",B80,0.9403597712516785,,,,,
340,3,脑(另见脑炎),brain (see also Encephalitis),G04.9,0.9928704500198364,,,,,
340,4,膜(另见脑膜炎),membranes (see also Meningitis),G03.9,0.9824479818344116,,,,,
340,4,脓毒性,septic,G06.0,0.9759047031402588,,,,,
340,5,脑脊膜(另见脑膜炎),meninges (see also Meningitis),G00.9,0.9450689554214478,,,,,
340,3,脑脊膜(另见脑膜炎),meninges (see also Meningitis),G00.9,0.9912458658218384,,,,,
340,3,脑膜炎球菌性(另见情况),meningococcal (see also condition),A39.9,0.9913508892059326,,,,,
340,4,脑,brain,A39.8+ G05.0*,0.9753338694572449,,,,,
340,4,脑脊膜,meninges,A39.0+ G01*,0.9702354669570923,,,,,
340,4,脑脊髓,cerebrospinal,A39.0+ G01*,0.9883983135223389,,,,,
340,4,特指部位NEC,specified site NEC,A39.8,0.9933582544326782,,,,,
340,4,心包,pericardium,A39.5+ I32.0*,0.9510291814804077,,,,,
340,4,心肌,myocardium,A39.5+ I41.0*,0.963371753692627,,,,,
340,4,心内膜,endocardium,A39.5+ I39.8*,0.9474323391914368,,,,,
340,3,内阿米巴-见阿米巴病,Entamoeba - see Amebiasis,,0.9617186784744263,,,,,
340,3,拟杆菌NEC,Bacteroides NEC,A49.8,0.9798421263694763,,,,,
340,3,念珠菌(白色)(热带)(另见念珠菌病),"Candida, Monilia (albicans) (tropicalis) (see also Candidiasis)",B37.9,0.9803372621536255,,,,,
340,4,人类免疫缺陷病毒(HIV)病所致,resulting from HIV disease,B20.4,0.9787576198577881,,,,,
340,4,新生儿,neonatal,P37.5,0.9763849377632141,,,,,
340,3,尿道(另见尿道炎),urethra (see also Urethritis),N34.2,0.9907428026199341,,,,,
340,3,尿道旁管或尿道旁腺(另见 尿道炎),"Paraurethral ducts, Skene's duct or gland (see also Urethritis)",N34.2,0.9761728048324585,,,,,
340,3,脓毒性,septic,,0.9300545454025269,,,,,
340,4,局部性，皮肤(另见脓肿),"localized, skin (see also Abscess)",L02.9,0.9802388548851013,,,,,
340,4,全身性-见败血症,generalized - see Septicemia,,0.9581519961357117,,,,,
340,3,脓毒症性 - 见 败血症,pyemic - see Septicemia,,0.9073310494422913,,,,,
340,3,脓肿(皮肤)-见脓肿，按部位,"abscess (skin) - see Abscess, by site",,0.9636989235877991,,,,,
340,3,诺卡菌(另见诺卡菌病),Nocardia (see also Nocardiosis),A43.9,0.973321259021759,,,,,
340,3,膀胱(另见膀胱炎),"bladder, vesical (see also Cystitis)",N30.9,0.9970740675926208,,,,,
340,3,疱疹(单纯性)(另见疱疹(性)),herpes (simplex) (see also Herpes),B00.9,0.9716886878013611,,,,,
340,4,播散性,disseminated,B00.7,0.9786782264709473,,,,,
340,4,先天性,congenital,P35.2,0.9742453694343567,,,,,
340,3,疱疹病毒(性)(另见疱疹(性)),"herpesvirus, herpesviral (see also Herpes)",B00.9,0.9931491017341614,,,,,
340,4,人类免疫缺陷病毒(HIV)病所致,resulting from HIVdisease,B20.3,0.9861831068992615,,,,,
340,3,盆腔，女性(另见病，盆腔，炎性),"pelvic, female (see also Disease, pelvis, inflammatory)",N73.9,0.9840970039367676,,,,,
340,3,皮肤(局部)(葡萄球菌性)(链球菌性),skin (local) (staphylococcal) (streptococcal),L08.9,0.9675514698028564,,,,,
340,4,蜂窝织炎-见蜂窝织炎，按部位,"cellulitis- see Cellulitis, by site",,0.9578248262405396,,,,,
340,4,溃疡(另见溃疡，皮肤),"ulcer (see also Ulcer, skin)",L98.4,0.9799064993858337,,,,,
340,4,脓肿-见脓肿，按部位,"abscess - see Abscess, by site",,0.9455898404121399,,,,,
340,4,新生儿,newborn,P39.4,0.9844068884849548,,,,,
340,4,由于真菌,due to fungus,B36.9,0.9669525027275085,,,,,
340,5,特指类型NEC,specified type NEC,B36.8,0.97166907787323,,,,,
340,4,真菌性,mycotic,B36.9,0.9903374910354614,,,,,
340,5,特指类型NEC,specified type NEC,B36.8,0.9769511222839355,,,,,
341,3,皮肤毛孢子菌(白色),Trichosporon (beigelii) cutaneum,B36.2,0.9977868795394897,,,,,
341,3,皮下组织，局部,"subcutaneous tissue, local",L08.9,0.9904246926307678,,,,,
341,3,脾,spleen,D73.8,0.9912659525871277,,,,,
341,3,片吸虫(大)(肝)(印度),Fasciola (gigantica) (hepatica) (indica),B66.3,0.9802950620651245,,,,,
341,3,瓶霉(菌),Phialophora,,0.9776477813720703,,,,,
341,4,古热罗(皮下脓肿或囊肿),gougerotii (subcutaneous abscess or cyst),B43.2+ L99.8*,0.9718523621559143,,,,,
341,4,让塞尔姆(皮下脓肿或囊肿),jeanselmei (subcutaneous abscess or cyst),B43.2+ L99.8*,0.9524990916252136,,,,,
341,4,疣状(皮肤),verrucosa (skin),B43.0+ L99.8*,0.9634051322937012,,,,,
341,3,剖宫产伤口(产褥期),cesarean section wound (puerperal),O86.0,0.987365186214447,,,,,
341,3,葡萄球菌性NEC(溶血性),staphylococcal NEC (hemolytic),A49.0,0.9922979474067688,,,,,
341,4,全身性(化脓性),generalized (purulent),A41.2,0.9662567973136902,,,,,
341,4,未特指性质或部位,unspecified nature or site,A49.0,0.9731101989746094,,,,,
341,4,作为分类于他处疾病的原因,as cause of disease classified elsewhere,B95.8,0.9968258738517761,,,,,
341,3,脐,"navel, umbilicus",L08.9,0.9667251706123352,,,,,
341,4,新生儿,newborn,P38,0.946842610836029,,,,,
341,3,气管，慢性,"trachea, chronic",J42,0.9823516011238098,,,,,
341,3,前列腺(囊)(另见前列腺炎),prostate (capsule) (see also Prostatitis),N41.9,0.9810287952423096,,,,,
341,3,前庭大腺,Bartholin's gland,N75.8,0.9742593765258789,,,,,
341,3,枪状吸虫,lancet fluke,B66.2,0.9994273781776428,,,,,
341,3,鞘膜,tunica vaginalis,N49.1,0.9781743288040161,,,,,
341,3,青霉(菌)(马尔尼菲),Penicillium (marneffei),B48.4,0.9853381514549255,,,,,
341,3,球孢子菌(粗)(另见球孢子菌病),Coccidioides (immitis) (see also Coccidioidomycosis),B38.9,0.9811269044876099,,,,,
341,3,曲滴虫病,retortamoniasis,A07.8,0.9823638796806335,,,,,
341,3,曲霉(菌)(黄曲霉)(烟曲霉)(土曲霉)(另见曲霉病),Aspergillus (flavus) (fumigatus) (terreus) (see also Aspergillosis),B44.9,0.9738593101501465,,,,,
341,3,全身性NEC(另见败血症),"generalized, systemic NEC (see also Septicemia)",A41.9,0.9978896975517273,,,,,
341,3,犬复孔绦虫,Dipylidium caninum,B71.1,0.9956634640693665,,,,,
341,3,人T细胞亲淋巴病毒1型,human T-cell lymphotropic virus type-1 (HTLV-1),B33.3,0.9857714176177979,,,,,
341,3,人工授精,artificial insemination,N98.0,0.9971059560775757,,,,,
341,3,溶血性NEC(另见 败血症),hemolytic NEC (see also Septicemia),A41.9,0.9590309858322144,,,,,
341,3,手术后,postoperative,T81.4,0.9389560222625732,,,,,
341,4,特指生物体-见感染，按生物体,specified organism - see Infection by organism,,0.9818046689033508,,,,,
341,3,肉孢子虫,Sarcocystis,A07.8,0.9921576976776123,,,,,
341,3,蠕孢霉菌(夏威夷),Dreschlera (hawaiiensis),B43.8,0.9802535176277161,,,,,
341,3,蠕虫,"helminths, worms",B83.9,0.9910956025123596,,,,,
341,4,肠道,intestinal,B82.0,0.9316838383674622,,,,,
341,5,混合型(可分类到B65.0-B81.3和B81.8中一个以上类目),mixed (types classifiable to more than one of the rubrics B65.0-B81.3 and B81.8),B81.4,0.9822878241539001,,,,,
341,5,特指类型NEC,specified type NEC,B81.8,0.9876203536987305,,,,,
341,4,特指类型NEC,specified type NEC,B83.8,0.980370283126831,,,,,
342,3,乳房-见乳腺炎,breast - see Mastitis,,0.9896051287651062,,,,,
342,3,乳头,nipple,N61,0.959650993347168,,,,,
342,4,产褥期、产后或妊娠,"puerperal, postpartum or gestational",O91.0,0.9617591500282288,,,,,
342,3,乳头多瘤空泡病毒NEC,papovavirus NEC,B34.4,0.9781874418258667,,,,,
342,4,人类免疫缺陷病毒(HIV)病所致,resulting from HIV disease,B20.3,0.9838441610336304,,,,,
342,4,未特指性质或部位,unspecified nature or site,B34.4,0.9613166451454163,,,,,
342,3,乳头状瘤病毒，作为分类于他处疾病的原因,"papillomavirus, as cause of disease classified elsewhere",B97.7,0.9885255694389343,,,,,
342,3,乳突-见乳突炎,mastoid - see Mastoiditis,,0.9709965586662292,,,,,
342,3,乳腺(另见乳腺炎),mammary gland (see also Mastitis),N61,0.9885422587394714,,,,,
342,3,软骨,cartilage,M94.8,0.9871846437454224,,,,,
342,3,肮病毒-见病，肮病毒，中枢神经系统,"prion - see Disease, prion, central nervous system",,0.9436394572257996,,,,,
342,3,腮腺,parotid gland,K11.2,0.9953880310058594,,,,,
342,3,鳃囊肿,branchial cyst,Q18.0,0.948393702507019,,,,,
342,3,塞内加尔蛹孢假壳菌,Leptosphaeria senegalensis,B47.0,0.9856274724006653,,,,,
342,3,沙门菌(亚利桑那)(猪霍乱)(小肠炎)(鼠伤寒),Salmonella (arizonae)(cholerae-suis)(enteritidis) (typhimurium),A02.9,0.9958773255348206,,,,,
342,4,伴有,with,,0.7698624134063721,,,,,
342,5,败血症,septicemia,A02.1,0.9532961845397949,,,,,
342,5,特指的临床表现NEC,specified manifestation NEC,A02.8,0.9705076813697815,,,,,
342,5,胃肠炎,(gastro)enteritis,A02.0,0.9733639359474182,,,,,
342,4,副伤寒,paratyphi,A01.4,0.9728068113327026,,,,,
342,5,甲,A,A01.1,0.8744673728942871,,,,,
342,5,乙,B,A01.2,0.9288561940193176,,,,,
342,5,丙,C,A01.3,0.9479519724845886,,,,,
342,4,赫希菲尔德,hirschfeldii,A01.3,0.9621380567550659,,,,,
342,4,局部性 NEC,localized NEC,A02.2,0.9290956258773804,,,,,
342,4,伤寒,typhi,A01.0,0.9437264204025269,,,,,
342,4,斯科特米勒,schottmuelleri,A01.2,0.9865151047706604,,,,,
342,4,先天性,congenital,P39.8,0.9910786747932434,,,,,
342,4,由于食物(中毒),due to food (poisoning),A02.9,0.9521869421005249,,,,,
342,3,筛(窦)(慢性)(另见鼻窦炎，筛窦),"ethmoidal (chronic) (sinus)(see also Sinusitis, ethmoidal)",J32.2,0.9839658737182617,,,,,
342,3,伤寒(顿挫型)(逍遥型)(芽胞杆菌),typhoid (abortive) (ambulant) (bacillus),A01.0,0.9665029644966125,,,,,
342,3,伤口(局部)(创伤后)NEC,wound (local) (post-traumatic) NEC,T79.3,0.9706650972366333,,,,,
342,4,开放性-见伤口，开放性,"open - see Wound, open",,0.9675300121307373,,,,,
342,4,手术,surgical,T81.4,0.9731089472770691,,,,,
342,3,上颌窦(慢性)(另见鼻窦炎，上颌窦),"antrum (chronic) (see also Sinusitis, maxillary)",J32.0,0.9924127459526062,,,,,
342,3,上颌骨，上颌,"maxilla, maxillary",K10.2,0.9941450357437134,,,,,
342,4,窦(慢性)(另见鼻窦炎，上颌窦),"sinus (chronic) (see also Sinusitis, maxillary)",J32.0,0.9787243008613586,,,,,
342,3,舌 NEC,tongue NEC,K14.0,0.9140895009040833,,,,,
342,3,肾(皮质)(血源性),"kidney, renal (cortex) (hematogenous)",N15.9,0.9919500350952148,,,,,
342,4,伴有结石,with calculus,N20.0,0.9644567370414734,,,,,
342,5,伴有肾积水,with hydronephrosis,N13.6,0.937194287776947,,,,,
343,4,并发于妊娠,complicating pregnancy,O23.0,0.9350414276123047,,,,,
343,5,影响到胎儿或新生儿 .,affecting fetus or newborn,P00.1,0.9798573851585388,,,,,
343,4,产褥期(产后),puerperal (postpartum),O86.2,0.9612413644790649,,,,,
343,4,后,following,,0.7856966853141785,,,,,
343,5,流产(随后发生),abortion (subsequent episode),O08.8,0.970926821231842,,,,,
343,6,近期发生-见流产,current episode - see Abortion,,0.9316906929016113,,,,,
343,5,异位妊娠,ectopic gestation,O08.8,0.9701632857322693,,,,,
343,4,特指的NEC,specified NEC,N15.8,0.9527212381362915,,,,,
343,4,盂和输尿管(囊性),pelvis and ureter (cystic),N28.8,0.9590539336204529,,,,,
343,3,肾周(另见感染，肾),"perirenal (see also Infection, kidney)",N15.9,0.9706404805183411,,,,,
343,3,生殖器官或生殖道,genital organ or tract,,0.9997303485870361,,,,,
343,4,并发于妊娠,complicating pregnancy,O23.5,0.9815465807914734,,,,,
343,5,影响到胎儿或新生儿,affecting fetus or newborn,P00.8,0.9760496616363525,,,,,
343,4,产褥期、产后、分娩NEC,"puerperal, postpartum, childbirth NEC",O86.1,0.9816139340400696,,,,,
343,5,主要的[大的]或全身性,major or generalized,O85,0.9627483487129211,,,,,
343,5,次要的[小的]或局部性,minor or localized,O86.1,0.9607348442077637,,,,,
343,4,后,following,,0.7693044543266296,,,,,
343,5,流产(随后发生),abortion (subsequent episode),O08.0,0.9565901756286621,,,,,
343,6,近期发生-见流产,current episode - see Abortion,,0.932651698589325,,,,,
343,5,异位妊娠或葡萄胎妊娠,ectopic or molar pregnancy,O08.0,0.961219072341919,,,,,
343,4,男性,male,N49.9,0.9518924355506897,,,,,
343,5,多部位,multiple sites,N49.8,0.9648576974868774,,,,,
343,5,特指的NEC,specified NEC,N49.8,0.9659894108772278,,,,,
343,4,女性(另见病，盆腔，炎性),"female (see also Disease, pelvis, inflammatory)",N73.9,0.9806272387504578,,,,,
343,3,十二指肠钩虫,Ancylostoma (duodenale),B76.0,0.9898836016654968,,,,,
343,3,食物(另见中毒[2]，食物中毒),"food (see also Intoxication, foodborne)",A05.9,0.9840215444564819,,,,,
343,3,嗜血杆菌,Haemophilus,,0.9787991642951965,,,,,
343,4,埃及，全身性,"aegyptius, systemic",A48.4,0.991365373134613,,,,,
343,4,杜克雷(任何部位),ducreyi (any location),A57,0.9780561923980713,,,,,
343,4,流感NEC,influenzae NEC,A49.2,0.9758097529411316,,,,,
343,5,未特指性质或部位,unspecified nature or site,A49.2,0.9875258207321167,,,,,
343,5,作为分类于他处疾病的原因,as cause of disease classified elsewhere,B96.3,0.9942044019699097,,,,,
343,3,手术后伤口,postoperative wound,T81.4,0.9644172787666321,,,,,
343,3,手术伤口,operation wound,T81.4,0.9556655883789062,,,,,
343,3,手指(皮肤),finger (skin),L08.9,0.9891522526741028,,,,,
343,3,输精管NEC,vas deferens NEC,N49.1,0.9433702826499939,,,,,
343,3,输卵管(另见输卵管卵巢炎),"fallopian tube, tubal (see also Salpingo-oophoritis)",N70.9,0.998604416847229,,,,,
343,3,输卵管卵巢(另见输卵管卵巢炎),tubo-ovarian (see also Salpingo-oophoritis),N70.9,0.9953697323799133,,,,,
343,3,输尿管(周),"periureteral, ureter",N28.8,0.9955008625984192,,,,,
343,3,鼠弓形虫(另见弓形虫病),Toxoplasma gondii (see also Toxoplasma),B58.9,0.9958149194717407,,,,,
343,4,人类免疫缺陷病毒(HIV)病所致,resulting from HIV disease,B20.8,0.9719297289848328,,,,,
344,3,丝虫性-见丝虫病,"filarial - see Filaria, filarial, filariasis",,0.986859142780304,,,,,
344,3,梭状芽胞杆菌,"Clostridium, clostridium",,0.9906246662139893,,,,,
344,4,败血，引起气性坏疽,"septicum, causing gas gangrene",A48.0,0.9431428909301758,,,,,
344,4,产气荚膜,perfringens,,0.9124677777290344,,,,,
344,3,÷一败血症,septicemia,A41.4,0.9271978735923767,,,,,
344,4,气性坏疽,gas gangrene,A48.0,0.97008216381073,,,,,
344,5,食物中毒(病),foodborne (disease),A05.2,0.9606168866157532,,,,,
344,5,作为分类于他处疾病的原因,as cause of disease classified elsewhere,B96.7,0.9510980248451233,,,,,
344,4,艰难,difficile,,0.8895792365074158,,,,,
344,5,败血症,septicemia,A41.4,0.9303938150405884,,,,,
344,5,坏死性小肠结肠炎,necrotizing enterocolitis,A04.7,0.9760829210281372,,,,,
344,4,气性坏疽,gas gangrene,A48.0,0.9551848769187927,,,,,
344,5,食物中毒(病),foodborne (disease),A05.8,0.9482449293136597,,,,,
344,5,作为分类于他处疾病的原因,as cause of disease classified elsewhere,B96.8,0.9782624244689941,,,,,
344,4,诺维，引起气性坏疽,"novyi, causing gas gangrene",A48.0,0.9766829013824463,,,,,
344,4,气态 NEC,gas-forming NEC,A48.0,0.9475327730178833,,,,,
344,4,溶组织,histolyticum,A48.0,0.9771357774734497,,,,,
344,4,肉毒,botulinum,A05.1,0.9740087985992432,,,,,
344,4,双酶,bifermentans,A48.0,0.9794794321060181,,,,,
344,4,韦尔希-见感染，产气荚膜梭状芽胞杆菌,"welchii - see Infection, Clostridium perfringens",,0.9697593450546265,,,,,
344,4,污泥，引起气性坏疽,"sordellii, causing gas gangrene",A48.0,0.9835547208786011,,,,,
344,4,先天性,congenital,P39.8,0.9831241369247437,,,,,
344,3,缩小三齿线虫,Ternidens diminutus,B81.8,0.984122633934021,,,,,
344,3,胎儿(另见感染，先天性),"fetus (see also Infection, congenital)",P39.9,0.9925044775009155,,,,,
344,4,羊膜内 NEC,intra-amniotic NEC,P39.2,0.9763088226318359,,,,,
344,3,炭疽(另见炭疽),anthrax (see also Anthrax),A22.9,0.9768871665000916,,,,,
344,3,绦虫-见侵染，绦虫,"cestodes, Taenia, tapeworm - see Infestation, cestodes",,0.980758547782898,,,,,
344,3,特指的NEC，HIV病所致,"specified NEC, resulting from HIV disease",B20.8,0.9859616160392761,,,,,
344,3,筒线虫,Gongylonema,B83.8,0.9732621312141418,,,,,
344,3,土拉菌(另见土拉菌病),Francisella tularensis (see also Tularemia),A21.9,0.9887426495552063,,,,,
344,3,腿部(皮肤)NEC,leg (skin) NEC,L08.9,0.9597719311714172,,,,,
344,3,臀部(皮肤),buttocks (skin),L08.9,0.9882886409759521,,,,,
344,3,蛙粪霉菌,Basidiobolus,B46.8,0.9784313440322876,,,,,
344,3,外耳道 NEC,external auditory canal (meatus) NEC,H60.3,0.9421061873435974,,,,,
344,3,外阴(急性)(另见外阴炎),vulva (acute) (see also Vulvitis),N76.2,0.9832468032836914,,,,,
344,3,弯曲菌，肠道,"Campylobacter, intestinal",A04.5,0.9776291251182556,,,,,
344,3,围生期,perinatal period,P39.9,0.9746402502059937,,,,,
344,4,特指类型 NEC,specified type NEC,P39.8,0.9605569243431091,,,,,
344,3,胃肠(另见小肠炎，传染性),"gastrointestinal (see also Enteritis, infectious)",A09.0,0.9778894186019897,,,,,
344,3,问号钩端螺旋体,Leptospira interrogans,A27.9,0.984420657157898,,,,,
344,4,波蒙纳,pomona,A27.8,0.9609941244125366,,,,,
344,4,出血性黄疸,icterohaemorrhagiae,A27.0,0.9348660111427307,,,,,
344,4,七日热,hebdomadis,A27.8,0.9475797414779663,,,,,
345,4,秋季热,autumnalis,A27.8,0.9487911462783813,,,,,
345,4,犬型,canicola,A27.8,0.9615485072135925,,,,,
345,4,特指类型NEC,specified type NEC,A27.8,0.9387949705123901,,,,,
345,3,吴策线虫(斑氏),Wuchereria (bancrofti),B74.0,0.9844149947166443,,,,,
345,4,马来,malayi,B74.1,0.9610297083854675,,,,,
345,3,西伯鼻孢子虫,Rhinosporidium seeberi,B48.1,0.9918877482414246,,,,,
345,3,西尼罗河(病毒),West Nile (viral),A92.3,0.9634880423545837,,,,,
345,3,吸虫 NEC(另见侵染，吸虫),"fluke, trematode NEC (see also Infestation, fluke)",B66.9,0.9618756175041199,,,,,
345,3,膝部(皮肤)NEC,knee (skin) NEC,L08.9,0.9694351553916931,,,,,
345,4,关节,joint,M00.9,0.9631677269935608,,,,,
345,3,细菌性 NEC,bacterial NEC,A49.9,0.9387888312339783,,,,,
345,4,病原体NEC,agent NEC,,0.9498915076255798,,,,,
345,5,对抗生素耐药-见耐药(对)，抗生素，按照菌株,"resistant to antibiotic - see Resistance (to), antibiotic(s) by bacterial agent",,0.9472569823265076,,,,,
345,4,作为分类于他处疾病的原因,as cause of disease classified elsewhere,B96.8,0.9850350618362427,,,,,
345,4,人类免疫缺陷病毒(HIV)病所致,resulting from HIV disease,B20.1,0.9711725115776062,,,,,
345,4,特指的 NEC,specified NEC,A48.8,0.9378308057785034,,,,,
345,3,细小病毒NEC,parvovirus NEC,B34.3,0.996113121509552,,,,,
345,4,作为分类于他处疾病的原因,as cause of disease clsssified elsewhere,B97.6,0.9921382069587708,,,,,
345,3,先天性NEC,congenital NEC,P39.9,0.9500246047973633,,,,,
345,4,病毒,virus,P35.9,0.9498570561408997,,,,,
345,5,特指类型NEC,specified type NEC,P35.8,0.9649674892425537,,,,,
345,4,传染病或寄生虫病,infectious or parasitic disease,P37.9,0.9808886051177979,,,,,
345,5,特指的NEC,specified NEC,P37.8,0.9472338557243347,,,,,
345,5,脓毒症,sepsis,P36.4,0.9411658048629761,,,,,
345,4,大肠杆菌,Escherichia coli,P39.8,0.9814658761024475,,,,,
345,4,多微生物,polymicrobial,P37.9,0.9801025986671448,,,,,
345,4,恶性疟原虫,Plasmodium falciparum,P37.3,0.9894770383834839,,,,,
345,4,风疹,rubella,P35.0,0.9899638295173645,,,,,
345,4,肝炎，病毒,"hepatitis, viral",P35.3,0.9826869368553162,,,,,
345,4,弓形虫病(急性)(慢性)(亚急性),toxoplasmosis (acute) (chronic)(subacute),P37.1,0.9711975455284119,,,,,
345,4,脊髓灰质炎,poliomyelitis,P35.8,0.9860247373580933,,,,,
345,4,结核,tuberculosis,P37.0,0.9850445985794067,,,,,
345,4,巨细胞病毒,cytomegalovirus,P35.1,0.935246467590332,,,,,
345,4,利斯特菌病(播散性),listeriosis (disseminated),P37.2,0.9648217558860779,,,,,
345,4,链球菌性 NEC,streptococcal NEC,P39.8,0.9510183334350586,,,,,
345,5,脓毒症,sepsis,P36.1,0.9338233470916748,,,,,
345,6,B 族,group B,P36.0,0.9781245589256287,,,,,
345,4,泌尿(道),urinary (tract),P39.3,0.9961413741111755,,,,,
345,4,念珠菌(白色),Candida (albicans),P37.5,0.9879025220870972,,,,,
345,4,牛痘,vaccinia,P35.8,0.910394012928009,,,,,
345,4,疟疾 NEC,malaria NEC,P37.4,0.9301970601081848,,,,,
345,5,恶性,falciparum,P37.3,0.9192905426025391,,,,,
346,4,疱疹(单纯性),herpes (simplex),P35.2,0.9767275452613831,,,,,
346,4,皮肤,skin,P39.4,0.9798932671546936,,,,,
346,4,沙门菌,salmonella,P39.8,0.9716194272041321,,,,,
346,4,梭状芽胞杆菌，破伤风梭状芽胞杆菌除外,"clostridium, other than Clostridium tetani",P39.8,0.9739190936088562,,,,,
346,3,涎管或涎腺(任何),salivary duct or gland (any),K11.2,0.9862300157546997,,,,,
346,3,腺病毒NEC,adenovirus NEC,,0.9803134202957153,,,,,
346,4,性质或部位未特指,unspecified nature or site,B34.0,0.9709632396697998,,,,,
346,4,作为分类于他处疾病的原因,as cause of disease classified elsewhere,B97.0,0.976286768913269,,,,,
346,3,腺样增殖体(和扁桃体),adenoid (and tonsil),J03.9,0.9745073914527893,,,,,
346,4,慢性,chronic,J35.0,0.9610042572021484,,,,,
346,3,消化道NEC(另见 小肠炎，传染性),"alimentary canal NEC (see also Enteritis, infectious)",A09.0,0.9703338742256165,,,,,
346,3,小孢子菌(病)-见皮肤癣菌病,"Microsporum, microsporic - see Dermatophytosis",,0.997458815574646,,,,,
346,3,小肠(另见小肠炎，传染性),"enteric (see also Enteritis, infectious)",A09.0,0.9869195818901062,,,,,
346,3,小克银汉霉(另见毛霉病),Cunninghamella (see also Mucormycosis),B46.5,0.9915014505386353,,,,,
346,3,心肌 NEC,myocardium NEC,I40.0,0.947415292263031,,,,,
346,3,心内膜-见心内膜炎，细菌性,"endocardium - see Endocarditis, bacterial",,0.9949995875358582,,,,,
346,3,心脏(另见心炎),heart (see also Carditis),I51.8,0.9723406434059143,,,,,
346,3,新生儿,newborn,P39.9,0.9688090085983276,,,,,
346,4,皮肤,skin,P39.4,0.9868348240852356,,,,,
346,4,特指类型NEC,specified type NEC,P39.8,0.9703109860420227,,,,,
346,3,新型隐球菌(另见隐球菌病),Cryptococcus neoformans (see also Cryptococcosis),B45.9,0.9971029162406921,,,,,
346,3,新月孢子菌,Fusarium,B48.7,0.9950368404388428,,,,,
346,3,旋毛线虫,Trichinella (spiralis),B75,0.976431667804718,,,,,
346,3,旋盘尾丝虫,Onchocerca (volvulus),B73,0.965114951133728,,,,,
346,3,血流-见败血症,bloodstream - see Septicemia,,0.9861302971839905,,,,,
346,3,血吸虫-见侵染，血吸虫,"Schistosoma - see Infestation, Schistosoma",,0.9980297684669495,,,,,
346,3,牙,"dental, tooth, teeth",K04.7,0.9258608818054199,,,,,
346,4,槽,socket,K10.3,0.9556450247764587,,,,,
346,4,根尖周,periapical,K04.7,0.9680586457252502,,,,,
346,4,牙周,"peridental, periodontal",K05.2,0.9539633989334106,,,,,
346,3,牙槽(突),"alveolus, alveolar (process)",K04.7,0.9774566888809204,,,,,
346,3,牙龈,gingiva,K05.1,0.9723736643791199,,,,,
346,4,牙周,"peridental, periodontal",K05.2,0.9890377521514893,,,,,
346,3,芽生菌病(性)(另见芽生菌病),"Blastomyces, blastomycotic (see also Blastomycosis)",B40.9,0.9959929585456848,,,,,
346,4,巴西(另见副球孢子菌病),brasiliensis (see also Paracoccidioidomycosis),B41.9,0.9832258820533752,,,,,
346,4,北美,North American,B40.9,0.9622371196746826,,,,,
346,4,南美(另见副球孢子菌病),South American (see also Paracoccidioidomycosis),B41.9,0.9963826537132263,,,,,
346,4,欧洲(另见隐球菌病),European (see also Cryptococcosis),B45.9,0.9890778064727783,,,,,
346,4,皮炎(另见芽生菌病),dermatitidis (see also Blastomycosis),B40.9,0.9895718693733215,,,,,
347,3,亚马逊河吸血鲇,candiru,B88.8,0.9709170460700989,,,,,
347,3,咽，咽喉(另见咽炎),"pharynx, throat (see also Pharyngitis)",J02.9,0.984270453453064,,,,,
347,4,后部，淋巴样(慢性),"posterior, lymphoid (chronic)",J35.0,0.9831536412239075,,,,,
347,4,柯萨奇病毒,coxsackievirus,B08.5,0.9963507652282715,,,,,
347,3,咽鼓管(耳),eustachian tube (ear),H68.0,0.9924831390380859,,,,,
347,3,咽下部(另见咽炎),hypopharynx (see also Pharyngitis),J02.9,0.9944700598716736,,,,,
347,3,眼(化脓性),eye (purulent),H44.0,0.988641083240509,,,,,
347,3,眼睑,eyelid,H01.9,0.9445043206214905,,,,,
347,3,羊肝吸虫,sheep liver fluke,B66.3,0.9987227320671082,,,,,
347,3,羊狂蝇(另见蝇蛆病),Oestrus ovis (see also Myiasis),B87.9,0.9875300526618958,,,,,
347,3,羊膜囊或羊膜腔,"amniotic fluid, sac or cavity",O41.1,0.9961798191070557,,,,,
347,4,影响到胎儿或新生儿,affecting fetus or newborn,P02.7,0.9685572385787964,,,,,
347,3,羊膜内，胎儿,"intra-amniotic, fetus",P39.2,0.994317352771759,,,,,
347,3,恙螨(致痒),Trombicula (irritans),B88.0,0.98915034532547,,,,,
347,3,耶尔森菌,Yersinia,,0.9633630514144897,,,,,
347,4,假结核,pseudotuberculosis,A28.2,0.9796953201293945,,,,,
347,4,鼠疫(另见鼠疫),pestis (see also Plague),A20.9,0.9696254730224609,,,,,
347,4,小肠结肠炎(肠道),enterocolitica (intestinal),A04.6,0.9719915390014648,,,,,
347,3,耶氏肺囊虫(肺炎),Pneumocystis jirovecii (pneumonia),B59+ J17.3*,0.9565150141716003,,,,,
347,4,HIV病所致,resulting from HIV disease,B20.6,0.9830341339111328,,,,,
347,3,腋(淋巴结),axillary gland (lymph),L04.2,0.9657444357872009,,,,,
347,2,衣原体(性),"Chlamydia, chlamydial",A74.9,0.9811850190162659,,,,,
347,3,肛门,anus,A56.3,0.9785768985748291,,,,,
347,3,淋巴肉芽肿,lymphogranuloma,A55,0.9813596606254578,,,,,
347,3,泌尿生殖道,genitourinarytract,A56.2,0.993230402469635,,,,,
347,4,特指的NEC,specified NEC,A56.1,0.9521597623825073,,,,,
347,4,下,lower,A56.0,0.8738241195678711,,,,,
347,4,性传播NEC,sexually transmitted NEC,A56.8,0.9782422184944153,,,,,
347,4,咽,pharynx,A56.4,0.9565012454986572,,,,,
347,3,鹦鹉热,psittaci,A70,0.9699534177780151,,,,,
347,4,直肠,rectum,A56.3,0.9699496030807495,,,,,
347,3,胰腺(急性),pancreas (acute),K85,0.9849222302436829,,,,,
347,3,疫苗接种后,postvaccinal,T88.0,0.9588834643363953,,,,,
347,3,异尖线虫病，异尖线虫蚴,"anisakiasis, Anisakis larvae",B81.0,0.9954196810722351,,,,,
347,3,异形吸虫,Heterophyes (heterophyes),B66.8,0.9954243898391724,,,,,
347,3,阴唇(大)(小)(急性)(另见外阴炎),labia (majora) (minora) (acute) (see also Vulvitis),N76.2,0.9729278087615967,,,,,
347,3,阴道(急性)(另见阴道炎),vagina (acute) (see also Vaginitis),N76.0,0.9705690145492554,,,,,
347,3,阴茎(头)(潴留)NEC,penis (glans) (retention) NEC,N48.2,0.9854074120521545,,,,,
347,3,阴囊(急性)NEC,scrotum (acute) NEC,N49.2,0.969150185585022,,,,,
347,3,龈,gum,K05.1,0.9641546607017517,,,,,
347,3,隐孢子虫,Cryptosporidium,A07.2,0.9884687066078186,,,,,
347,4,人类免疫缺陷病毒(HIV)病所致,resulting from HIV disease,B20.8,0.9812247157096863,,,,,
348,3,蝇疫霉,Entomophthora,B46.8,0.9544364809989929,,,,,
348,3,幽门螺旋杆菌，作为分类在他处疾病的原因,"Helicobacter pylori, as cause of disease classified elsewhere",B96.8,0.9936414361000061,,,,,
348,3,由于或...所致,due to or resulting from,,0.995276153087616,,,,,
348,4,HIV 病,disease,B20.9,0.9271490573883057,,,,,
348,4,存在内部假体装置、植入物或移植物-见并发症，按部位和类型,"presence of internal prosthetic device, implant or graft - see Complications, by site and type",,0.9684732556343079,,,,,
348,4,免疫接种,immunization or vaccination,T88.0,0.9773982167243958,,,,,
348,4,人工受精,artificial insemination,N98.0,0.9219102263450623,,,,,
348,4,输注、注射或输血 NEC,"infusion, injection or transfusion NEC",T80.2,0.9623416662216187,,,,,
348,4,损伤NEC-见损伤，按部位和类型,"injury NEC - see Injury, by site and type",,0.9806745052337646,,,,,
348,3,装置、植入物或移植物(另见并发症，按部位和类型),"device, implant or graft (see also Complications, by site and type)",T85.7,0.979362428188324,,,,,
348,3,导管NEC,catheter NEC,T85.7,0.9720271229743958,,,,,
348,4,泌尿系(留置),urinary (indwelling),T83.5,0.9755524396896362,,,,,
348,3,输注 NEC,infusion NEC,T82.7,0.967055082321167,,,,,
348,3,脊髓(硬膜外)(硬膜下),spinal (epidural) (subdural),T85.7,0.9877194762229919,,,,,
348,3,透析(肾),dialysis (renal),T82.7,0.9948675036430359,,,,,
348,4,腹膜内,intraperitoneal,T85.7,0.9856662750244141,,,,,
348,3,电(极)(脉冲发生器)(刺激器),electronic (electrode) (pulse generator) (stimulator),,0.9980115294456482,,,,,
348,4,骨,bone,T84.7,0.9509875178337097,,,,,
348,4,泌尿系,urinary,T83.5,0.9674298167228699,,,,,
348,4,神经系统(脑)(周围神经)(脊髓),nervous system (brain) (peripheral nerve) (spinal),T85.7,0.9770879745483398,,,,,
348,4,心脏,cardiac,T82.7,0.9684563875198364,,,,,
348,3,动脉移植物NEC,arterial graft NEC,T82.7,0.9754356145858765,,,,,
348,3,关节假体,joint prosthesis,T84.5,0.9584980010986328,,,,,
348,4,矫形外科 NEC,orthopedic NEC,T84.7,0.9277380108833313,,,,,
348,3,泌尿系 NEC,urinary NEC,T83.5,0.9379745125770569,,,,,
348,4,脑室颅内分流,ventricular intracranial shunt,T85.7,0.9633015394210815,,,,,
348,4,内固定(矫形外科)NEC,"fixation, internal (orthopedic) NEC",T84.6,0.9840927124023438,,,,,
348,4,乳房(植入物),breast (implant),T85.7,0.9908190965652466,,,,,
348,4,生殖系 NEC,genital NEC,T83.6,0.9189156293869019,,,,,
348,4,特指的NEC,specified NEC,T85.7,0.9455321431159973,,,,,
348,3,胃肠(胆管)(食管),gastrointestinal (bile duct) (esophagus),T85.7,0.9804276823997498,,,,,
348,4,心脏NEC,heart NEC,T82.7,0.935268759727478,,,,,
348,5,瓣膜假体,valve prosthesis,T82.6,0.9179809093475342,,,,,
348,4,血管 NEC,vascular NEC,T82.7,0.9539432525634766,,,,,
348,5,眼(角膜移植物)(眶植入物)NEC,ocular (corneal graft) (orbital implant) NEC,T85.7,0.9675310254096985,,,,,
348,3,鱼绦虫,fish tapeworm,B70.0,0.98102867603302,,,,,
348,4,幼虫,larval,B70.1,0.9777908325195312,,,,,
348,3,原虫性,protozoal,B64,0.9992977380752563,,,,,
348,4,肠道,intestinal,A07.9,0.9581726789474487,,,,,
348,5,特指的NEC,specified NEC,A07.8,0.9927006363868713,,,,,
348,4,特指的NEC,specified NEC,B60.8,0.984853208065033,,,,,
349,3,圆线虫,Angiostrongylus,,0.9825323820114136,,,,,
349,4,哥斯达黎加[脊形管圆线虫],costaricensis,B81.3,0.9887285232543945,,,,,
349,4,广州,cantonensis,B83.2,0.9067986607551575,,,,,
349,3,真菌[霉菌]性 NEC,"fungus, mycotic NEC",B49,0.9345311522483826,,,,,
349,4,腹股沟,groin,B35.6,0.9860023856163025,,,,,
349,4,肛周(区),perianal (area),B35.6,0.956150233745575,,,,,
349,4,甲,nail,B35.1,0.8830825090408325,,,,,
349,4,皮-见皮肤癣菌病,dermatophytic - see Dermatophytosis,,0.9167070388793945,,,,,
349,3,皮肤NEC,skin NEC,B36.9,0.9404659271240234,,,,,
349,4,人类免疫缺陷病毒(HIV)病所致,resulting from HIV disease,B20.5,0.9853187799453735,,,,,
349,4,手,hand,B35.2,0.8909245729446411,,,,,
349,4,头皮,scalp,B35.0,0.9441759586334229,,,,,
349,4,须,beard,B35.0,0.9002242684364319,,,,,
349,4,只对易受危害的宿主致病的,pathogenic to compromised host only,B48.7,0.9671529531478882,,,,,
349,4,足,foot,B35.3,0.9286634922027588,,,,,
349,3,正痘病毒NEC,orthopoxvirus NEC,B08.0,0.9556707143783569,,,,,
349,3,支睾吸虫(华支睾吸虫)(肝),Clonorchis (sinensis)(liver),B66.1,0.9857077598571777,,,,,
349,3,支气管(另见支气管炎),bronchus (see also Bronchitis),J40,0.9891769289970398,,,,,
349,3,支双腔吸虫,Dicrocoelium dendriticum,B66.2,0.9813130497932434,,,,,
349,3,支原体NEC,Mycoplasma NEC,A49.3,0.9832937717437744,,,,,
349,4,肺炎，作为分类于他处疾病的原因,"pneumoniae, as cause of disease classified elsewhere",B96.0,0.9838167428970337,,,,,
349,4,未特指性质或部位,unspecified nature or site,A49.3,0.9641513228416443,,,,,
349,3,直肠(括约肌),rectum (sphincter),K62.8,0.9782383441925049,,,,,
349,3,直肠周,perirectal,K62.8,0.9906068444252014,,,,,
349,3,跖趾,metatarsophalangeal,M00.9,0.9976464509963989,,,,,
349,3,志贺菌,Shigella,A03.9,0.9895170331001282,,,,,
349,4,波氏,boydii,A03.2,0.9740664958953857,,,,,
349,4,弗氏,flexneri,A03.1,0.9868900775909424,,,,,
349,4,痢疾杆菌,dysenteriae,A03.0,0.982528030872345,,,,,
349,4,施米茨,schmitzii,A03.0,0.9845553040504456,,,,,
349,4,宋内,sonnei,A03.3,0.9324490427970886,,,,,
349,4,特指的NEC,specified NEC,A03.8,0.980574905872345,,,,,
349,4,志贺,shigae,A03.0,0.9837195873260498,,,,,
349,4,族,group,,0.8839544653892517,,,,,
349,4,A,A,A03.0,0.9744724035263062,,,,,
349,4,B,B,A03.1,0.8748838901519775,,,,,
349,3,C,C,A03.2,0.9677814245223999,,,,,
349,3,D,D,A03.3,0.9248852133750916,,,,,
349,3,肿瘤病毒，作为分类于他处疾病的原因,"oncovirus, as cause of disease classified elsewhere",B97.3,0.9847905039787292,,,,,
349,3,猪囊尾蚴(另见猪囊尾蚴病[囊虫病]),Cysticercus cellulosae (see also Cysticercosis),B69.9,0.991463840007782,,,,,
350,3,主要的[大的],major,,0.9767476916313171,,,,,
350,4,产褥期、产后、分娩,"puerperal, postpartum, childbirth",O85,0.9821321368217468,,,,,
350,4,后,following,,0.9290347099304199,,,,,
350,5,流产(随后发生),abortion (subsequent episode),O08.0,0.9792906045913696,,,,,
350,4,近期发生-见流产,current episode - see Abortion,,0.9551118016242981,,,,,
350,5,异位妊娠或葡萄胎妊娠,ectopic or molar pregnancy,O08.0,0.9400009512901306,,,,,
350,3,椎间盘，生脓性,"intervertebral disk, pyogenic",M46.3,0.9959149956703186,,,,,
350,3,锥虫,Trypanosoma,,0.9758496880531311,,,,,
350,4,布鲁斯,brucei,,0.9104354977607727,,,,,
350,5,冈比亚,gambiense,B56.0,0.9752017855644226,,,,,
350,5,津巴布韦,rhodesiense,B56.1,0.9718444347381592,,,,,
350,4,克鲁斯(另见查加斯病),cruzi (see also Chagas' disease),B57.2,0.9853206276893616,,,,,
350,3,子宫(另见子宫内膜炎),"uterus, uterine (see also Endometritis)",N71.9,0.9893879890441895,,,,,
350,3,子宫内(并发于妊娠),intrauterine (complicating pregnancy),O23.5,0.9924489855766296,,,,,
350,4,产褥期(产后)(伴有脓毒症),puerperal (postpartum) (with sepsis),O85,0.9546819925308228,,,,,
350,4,特指的感染NEC，胎儿,"specified infection NEC, fetus",P39.2,0.9834508895874023,,,,,
350,3,子囊菌纲,Ascomycetes,B47.0,0.9632449150085449,,,,,
350,3,纵隔,mediastinum,J98.5,0.9906572699546814,,,,,
350,3,足(皮肤),foot (skin),L08.9,0.9922328591346741,,,,,
350,4,皮真菌病,dermatophytic fungus,B35.3,0.9757401943206787,,,,,
350,3,足菌肿,mycetoma,,0.978611409664154,,,,,
350,4,放线菌病性 NEC,actinomycotic NEC,B47.1,0.990525484085083,,,,,
350,4,真菌性NEC,mycotic NEC,B47.0,0.9863665699958801,,,,,
350,3,组织胞浆菌(另见组织胞浆菌病),Histoplasma (see also Histoplasmosis),B39.9,0.9991846680641174,,,,,
350,2,感染的 - 见情况,Infecting - see condition,,0.973759114742279,,,,,
350,2,感染后的 - 见情况,Postinfectious - see condition,,0.9491413831710815,,,,,
350,2,感受性过强 - 见 变态反应,Hypersusceptibility - see Allergy,,0.9292108416557312,,,,,
350,1,gàn 干,,,0.9626286625862122,,,,,
350,2,干,Truncus,,0.9988662004470825,,,,,
350,3,动脉(永存),arteriosus (persistent),Q20.0,0.9943901896476746,,,,,
350,3,共同(动脉),communis,Q20.0,0.9901280999183655,,,,,
350,1,gàn 绀,,,0.9692529439926147,,,,,
350,2,绀红皮病(腿),Erythrocyanosis (crurum),I73.8,0.9813833236694336,,,,,
350,1,gāng 冈,,,0.9592230319976807,,,,,
350,2,冈氏原发性结核感染,"Ghon tubercle, primary infection",A16.7,0.9996979236602783,,,,,
350,3,伴有细菌学和组织学证实,with bacteriological and histological confirmation,A15.7,0.998094379901886,,,,,
