image_page,level,chinese,english,code,confidence,malignant_primary,malignant_secondary,in_situ,benign,uncertain_or_unspecified
1351,4,大麻类中毒(急性),cannabis intoxication (acute),F12.0,0.944236159324646,,,,,
1351,4,酒精戒断,alcohol withdrawal,F10.3,0.976114809513092,,,,,
1351,4,可卡因中毒(急性),cocaine intoxication (acute),F14.0,0.9554696679115295,,,,,
1351,4,类阿片中毒(急性),opioid intoxication (acute),F11.0,0.9741223454475403,,,,,
1351,4,镇静剂、催眠剂或抗焦虑药中毒,"sedative, hypnotic or anxiolytic intoxication",F13.0,0.9931383728981018,,,,,
1351,4,致幻剂中毒(急性),hallucinogen intoxication (acute),F16.0,0.9883461594581604,,,,,
1351,3,致幻剂后知觉,posthallucinogen perception,F16.7,0.9856300354003906,,,,,
1351,3,昼游和附体,trance and possession,F44.3,0.9989959001541138,,,,,
1351,3,注意力缺陷，伴有多动,"attention deficit, with hyperactivity",F90.0,0.9898124933242798,,,,,
1351,3,转换(另见障碍，分离性),"conversion (see also Disorder, dissociative)",F44.9,0.9740195274353027,,,,,
1351,3,综合性[弥漫性]，发育性,"pervasive, developmental",F84.9,0.9956662058830261,,,,,
1351,3,做作性,factitious,F68.1,0.972607433795929,,,,,
1351,1,zhāo 招,,,0.9990581274032593,,,,,
1351,2,招风耳(双侧),"Bat ear, Outstanding ears (bilateral)",Q17.5,0.9743369817733765,,,,,
1351,1,zháo 着,,,0.9999537467956543,,,,,
1351,2,着凉,Cold,,0.9991835951805115,,,,,
1351,3,伴有流感(另见流行性感冒，伴有，呼吸道表现),"with influenza, flu, or grippe (see also Influenza, with, respiratory manifestations)",J11.1,0.9688119888305664,,,,,
1351,1,zhào 照,,,0.9999521374702454,,,,,
1351,2,照料(对),Care (of) (for),,0.9993932843208313,,,,,
1351,3,不恰当的,improper,T74.0,0.9195295572280884,,,,,
1351,3,得不到，由于,"unavailable, due to",,0.9926013946533203,,,,,
1351,4,没有能力提供照顾(任何理由),inability (any reason) of person rendering care,Z74.2,0.9866029024124146,,,,,
1351,4,无人给予照顾,absence of person rendering care,Z74.2,0.9806357622146606,,,,,
1351,3,儿童(常规),child (routine),Z76.2,0.9933876395225525,,,,,
1351,3,家庭成员(残疾)(有病),family member (handicapped) (sick),Z63.6,0.9781485795974731,,,,,
1351,3,假日解除,holiday relief,Z75.5,0.9661834239959717,,,,,
1351,3,健康婴儿,well-baby,Z76.2,0.9884867072105408,,,,,
1351,3,弃婴,foundling,Z76.1,0.9430176615715027,,,,,
1351,3,缺乏(在出生时或出生后)(婴儿),lack of (at or after birth) (infant),T74.0,0.9906423687934875,,,,,
1351,3,授乳母亲,lactating mother,Z39.1,0.9961820840835571,,,,,
1351,3,暂缓,respite,Z75.5,0.9761857986450195,,,,,
1351,2,照料不当(儿童)(新生儿),Improper care (child) (newborn),T74.0,0.9981180429458618,,,,,
1352,1,zhé 蛰,,,0.9979098439216614,,,,,
1352,2,蛰伏脂瘤(M8880/0) - 见 脂肪瘤,Hibernoma (M8880/0) - see Lipoma,,0.9572726488113403,,,,,
1352,1,zhè 蔗,,,0.9996626377105713,,,,,
1352,2,蔗尘病或蔗尘肺,"Bagasse disease or pneumonitis, Bagassosis",J67.1,0.9803580045700073,,,,,
1352,1,zhēn 针,,,0.962943971157074,,,,,
1352,2,针刺感(皮肤),"Pins and needles, Prickling sensation (skin)",R20.2,0.9984666109085083,,,,,
1352,2,针孔状,"Pinpoint, Pinhole",,0.9999367594718933,,,,,
1352,3,尿道口(另见狭窄，尿道),"meatus (see also Stricture, urethra)",N35.9,0.9979596734046936,,,,,
1352,3,子宫口(另见狭窄，宫颈),"os (uteri) (see also Stricture, cervix)",N88.2,0.9825299382209778,,,,,
1352,2,针眼,Stitch,,0.9998607635498047,,,,,
1352,3,脓肿,abscess,T81.4,0.981198251247406,,,,,
1352,3,破裂(手术伤口中),burst (in operation wound),T81.3,0.9916242957115173,,,,,
1352,1,zhēn 珍,,,0.9431952834129333,,,,,
1352,2,珍珠工病[珍珠工骨髓炎],Pearl-worker's disease,M86.8,0.999758243560791,,,,,
1352,1,zhēn 真,,,,,,,,
1352,2,真菌,"Fungus, fungous",,0.9996668696403503,,,,,
1352,3,病 NEC,disease NEC,B49,0.8978420495986938,,,,,
1352,3,大脑,cerebral,G93.5,0.9948480725288391,,,,,
1352,3,感染-见感染，真菌,"infection - see Infection, fungus",,0.988131046295166,,,,,
1352,2,真菌病[霉菌病]，真菌性NEC,"Mycosis, mycotic NEC",B49,0.9906699657440186,,,,,
1352,3,机会性,opportunistic,B48.7,0.9623161554336548,,,,,
1352,3,口腔,mouth,B37.0,0.9638486504554749,,,,,
1352,3,口炎,stomatitis,B37.0,0.9628691077232361,,,,,
1352,3,皮肤NEC,"cutaneous, skin NEC",B36.9,0.9512141346931458,,,,,
1352,3,人类免疫缺陷病毒(HIV)病所致,resulting from HIV disease,B20.5,0.990774929523468,,,,,
1352,3,特指的 NEC,specified NEC,B48.8,0.9651746153831482,,,,,
1352,3,阴道炎(念珠菌性),"vagina, vaginitis (candidal)",B37.3+ N77.1*,0.9799523949623108,,,,,
1352,2,真菌性[霉菌性]口炎,Muguet,B37.0,0.9997649788856506,,,,,
1352,2,真菌性[霉菌性]足分支菌病,Eumycetoma,B47.0,0.9766455888748169,,,,,
1352,2,真菌血症 NEC,Fungemia NEC,B49,0.9942861199378967,,,,,
1352,2,真空,Vacuum,,0.9999589323997498,,,,,
1352,3,吸引术(分娩),extraction (delivery),O81.4,0.9696601033210754,,,,,
1352,3,在鼻窦(旁窦)内,in sinus (accessory) (nasal),J34.8,0.9767728447914124,,,,,
1353,1,zhěn 诊,,,0.9998852014541626,,,,,
1353,2,诊断推迟,Diagnosis deferred,R69,0.9963430762290955,,,,,
1353,1,zhěn 枕,,,0.9765201210975647,,,,,
1353,2,枕骨裂脑露畸形,"Iniencephalus, iniencephaly",Q00.2,0.987716794013977,,,,,
1353,1,zhěn 疹,,,0.974681556224823,,,,,
1353,2,疹,Eruption,,0.9979783892631531,,,,,
1353,3,多形性光(日光),polymorphous light (sun),L56.4,0.9905062317848206,,,,,
1353,3,匐行,creeping,B76.9,0.9809457063674927,,,,,
1353,3,哈钦森，夏季,"Hutchinson, summer",L56.4,0.9870679974555969,,,,,
1353,3,环状,ringed,R23.8,0.9359261989593506,,,,,
1353,3,卡波西水疱样,Kaposi's varicelliform,B00.0,0.978050172328949,,,,,
1353,3,尿布,napkin,L22,0.9374412298202515,,,,,
1353,3,皮肤(非特异的),skin (nonspecific),R21,0.9849801063537598,,,,,
1353,4,匐行(意指钩虫),creeping (meaning hookworm),B76.9,0.9583603739738464,,,,,
1353,4,假,feigned,L98.1,0.8577810525894165,,,,,
1353,4,卡波西水疱样,Kaposi's varicelliform,B00.0,0.9851477742195129,,,,,
1353,4,类丹毒,erysipeloid,A26.0,0.9797570705413818,,,,,
1353,4,苔癣样,lichenoid,L28.0,0.966037392616272,,,,,
1353,4,意指皮炎-见 皮炎,meaning dermatitis - see Dermatitis,,0.8945108652114868,,,,,
1353,4,由于预防性接种或疫苗接种(全身性)(另见皮炎，由于，菌苗),"due to prophylactic inoculation or vaccination (generalized) (see also Dermatitis, due to, vaccine)",L27.0,0.9784717559814453,,,,,
1353,5,局部性,localized,L27.1,0.9472372531890869,,,,,
1353,4,中毒性NEC,toxic NEC,L53.0,0.9680584073066711,,,,,
1353,3,水泡状,vesicular,R23.8,0.9665042161941528,,,,,
1353,3,药(全身性)(内服),drug (generalized) (taken internally),L27.0,0.9943872094154358,,,,,
1353,4,接触皮肤-见皮炎，由于，药物，接触皮肤,"in contact with skin - see Dermatitis, due to, drugs, in contact with skin",,0.9663658142089844,,,,,
1353,4,局部性,localized,L27.1,0.9407860636711121,,,,,
1353,2,疹病，急疹(另见皮疹),"Exanthem, exanthema (see also Rash)",R21,0.9980794191360474,,,,,
1353,3,伴有肠病毒水泡状口炎,with enteroviral vesicular stomatitis,B08.4,0.9726671576499939,,,,,
1353,3,病毒性,"viral, virus",B09,0.9859021306037903,,,,,
1353,4,特指类型 NEC,specified type NEC,B08.8,0.9510371685028076,,,,,
1353,3,波士顿,Boston,A88.0,0.970575749874115,,,,,
1353,3,流行性，伴有脑膜炎,epidemic with meningitis,A88.0+ G02.0*,0.9743146300315857,,,,,
1353,3,幼儿,subitum,B08.2,0.9488420486450195,,,,,
1353,1,zhèn 阵,,,0.9989627599716187,,,,,
1353,2,阵挛,Clonus,R25.8,0.968080997467041,,,,,
1354,1,zhèn 振,,,,,,,,
1354,2,振动,Vibration,,0.9999861121177673,,,,,
1354,3,暴露于(职业性),exposure (occupational),Z57.7,0.9969882369041443,,,,,
1354,3,眩晕,vertigo,T75.2,0.9793862700462341,,,,,
1354,1,zhèn 震,,,0.9541190266609192,,,,,
1354,2,震颤,Tremor,R25.1,0.93794846534729,,,,,
1354,3,汞毒性,mercurial,T56.1,0.9553820490837097,,,,,
1354,3,家族性,familial,G25.0,0.9602283239364624,,,,,
1354,3,老年性,senilis,R54,0.9618488550186157,,,,,
1354,3,帕金森(另见帕金森综合征),Parkinson's (see also Parkinsonism),G20,0.9867193102836609,,,,,
1354,3,特发性(良性),essential (benign),G25.0,0.9823933243751526,,,,,
1354,3,特指类型 NEC,specified type NEC,G25.2,0.9736092686653137,,,,,
1354,3,心因性(转换反应),psychogenic (conversion reaction),F44.4,0.9832689166069031,,,,,
1354,3,药物性,drug-induced,G25.1,0.9953861236572266,,,,,
1354,3,遗传性,hereditary,G25.0,0.9723489284515381,,,,,
1354,3,意向性,intention,G25.2,0.9963315725326538,,,,,
1354,3,癔症性,hysterical,F44.4,0.9195960760116577,,,,,
1354,2,震颤麻痹(另见帕金森综合征),Shaking palsy or paralysis (see also Parkinsonism),G20,0.999592661857605,,,,,
1354,2,震颤摩擦，心脏的,"Fremitus, friction, cardiac",R01.2,0.9996344447135925,,,,,
1354,2,震荡(近期),"Commotio, Commotion, Concussion (current)",S06.0,0.9955787658691406,,,,,
1354,3,冲击波(爆炸产生的)(空气)(水力)(浸泡)(水下),blast (air) (hydraulic) (immersion) (underwater),,0.990260899066925,,,,,
1354,4,耳,ear,S09.8,0.9649478793144226,,,,,
1354,4,腹部或胸部-见损伤，按部位,"abdomen or thorax - see Injury, by site",,0.9772351384162903,,,,,
1354,4,脑,brain,S06.0,0.9596899747848511,,,,,
1354,3,大脑,cerebral,S06.0,0.9719763994216919,,,,,
1354,3,棘肌-见损伤，脊髓，按部位,"spinalis - see Injury, spinal cord, by region",,0.9892103672027588,,,,,
1354,3,脊髓-另见损伤，脊髓，按部位,"spinal cord - see Injury, spinal cord, by region",T09.3,0.9693046808242798,,,,,
1354,4,神经,cervical,S14.0,0.9432786703109741,,,,,
1354,4,胸,thoracic,S24.0,0.9689290523529053,,,,,
1354,4,腰,lumbar,S34.0,0.9395291805267334,,,,,
1354,3,脊髓圆锥,conus medullaris,S34.3,0.9842194318771362,,,,,
1354,3,马尾,cauda equina,S34.3,0.9523203372955322,,,,,
1354,3,脑,"brain, cerebri",S06.0,0.9959959983825684,,,,,
1354,3,视网膜,retinae,S05.8,0.9677339196205139,,,,,
1354,3,眼,ocular,S05.8,0.9631940126419067,,,,,
1354,3,综合征,syndrome,F07.2,0.9710615277290344,,,,,
1354,1,zhēng 蒸,,,0.9996046423912048,,,,,
1354,2,蒸气烧伤 - 见 烧伤,Steam burn - see Burn,,0.9319515824317932,,,,,
1355,2,蒸气窒息 NEC,Vapor asphyxia or suffocation NEC,T59.9,0.994844377040863,,,,,
1355,3,特指的物质-见药物和化学制剂,specified agent - see Table of drugs and chemicals,,0.9966957569122314,,,,,
1355,1,zhèng 正,,,0.9998813271522522,,,,,
1355,2,正常,Normal,,0.9999913573265076,,,,,
1355,3,分娩,delivery,O80,0.9631568789482117,,,,,
1355,3,状态(未见恐惧主诉),state (feared complaint unfounded),Z71.1,0.9802904725074768,,,,,
1355,2,正牙,Orthodontics,Z51.8,0.9506931304931641,,,,,
1355,3,安装,fitting,Z46.4,0.9607527852058411,,,,,
1355,3,调节,adjustment,Z46.4,0.9902145862579346,,,,,
1355,2,正中-另见情况,Median - see also condition,,0.998545229434967,,,,,
1355,2,正中额外牙，额外牙,"Mesiodens, mesiodentes",K00.1,0.9998878240585327,,,,,
1355,3,引起拥挤,causing crowding,K07.3,0.9732179641723633,,,,,
1355,2,正中旁尿道膀胱口,Paramedial urethrovesical orifice,Q64.7,0.999174952507019,,,,,
1355,3,嵴(前列腺)(膀胱口),bar (prostate) (vesical orifice),N40,0.9790167808532715,,,,,
1355,2,正中嵴，前列腺,"Bar, median, prostate",N40,0.9930814504623413,,,,,
1355,1,zhī 支,,,0.9998486042022705,,,,,
1355,2,支睾吸虫病，支睾吸虫感染,"Clonorchiasis, clonorchis infection",B66.1,0.989858865737915,,,,,
1355,3,肝,liver,B66.1+ K77.0*,0.9500118494033813,,,,,
1355,2,支链氨基酸疾患,Branched-chain amino-acid disorder,E71.2,0.9751174449920654,,,,,
1355,2,支链淀粉病(分支酶缺乏),Amylopectinosis (brancher enzyme deficiency),E74.0,0.9941802024841309,,,,,
1355,2,支气管出血-见咯血,Bronchorrhagia - see Hemoptysis,,0.9911088347434998,,,,,
1355,2,支气管的-见情况,"Bronchi, bronchial, Bronchus - see condition",,0.9993398189544678,,,,,
1355,2,支气管肺的 - 见情况,Bronchopulmonary - see condition,,0.9484730362892151,,,,,
1355,2,支气管肺炎(另见肺炎，支气管),"Bronchopneumonia, Bronchopneumonitis, Bronchopulmonitis (see also Pneumonia, broncho)",J18.0,0.9974780678749084,,,,,
1355,2,支气管结石症,Broncholithiasis,J98.0,0.9989065527915955,,,,,
1355,3,结核性NEC,tuberculous NEC,A16.4,0.9955176711082458,,,,,
1355,4,伴有细菌学和组织学证实,with bacteriological and histological confirmation,A15.5,0.9871190190315247,,,,,
1355,2,支气管痉挛,Bronchospasm,J98.0,0.9963644742965698,,,,,
1355,3,伴有,with,,0.956922173500061,,,,,
1355,4,细支气管炎，急性,"bronchiolitis, acute",J21.9,0.9780281782150269,,,,,
1355,4,支气管炎，急性(在 中的情况)(另见支气管炎，急性或亚急性),"bronchitis, acute (conditions in) (see also Bronchitis, acute or subacute)",J20.9,0.9900173544883728,,,,,
1355,2,支气管扩张(圆柱状)(弥漫性)(梭形)(局部性)(囊形的),Bronchiectasis (cylindrical) (diffuse) (fusiform) (localized) (saccular),J47,0.9460230469703674,,,,,
1355,3,结核性NEC(另见结核，肺),"tuberculous NEC (see also Tuberculosis, pulmonary)",A16.2,0.9674556851387024,,,,,
1355,3,先天性,congenital,Q33.4,0.9537719488143921,,,,,
1355,2,支气管螺旋体病,Bronchospirochetosis,A69.8,0.9947097301483154,,,,,
1355,3,卡斯泰拉尼,Castellani,A69.8,0.9728697538375854,,,,,
1356,2,支气管粘液溢,Bronchorrhea,J98.0,0.9688666462898254,,,,,
1356,3,慢性(感染性)(化脓性),chronic (infective) (purulent),J42,0.9701480865478516,,,,,
1356,2,支气管曲霉病,Bronchoaspergillosis,B44.1+ J99.8*,0.9413731694221497,,,,,
1356,2,支气管软化,Bronchomalacia,J98.0,0.9855822920799255,,,,,
1356,3,先天性,congenital,Q32.2,0.9668398499488831,,,,,
1356,2,支气管狭窄,Bronchostenosis,J98.0,0.971804678440094,,,,,
1356,2,支气管胸膜肺炎-见肺炎，支气管,"Bronchopleuropneumonia - see Pneumonia, broncho",,0.9981828331947327,,,,,
1356,2,支气管炎(弥漫性)(纤维性)(坠积性)(感染性)(膜性)(伴有气管炎)(15岁及以上),Bronchitis (diffuse) (fibrinous) (hypostatic) (infective) (membranous) (with tracheitis) (15 years of age and above),J40,0.9929129481315613,,,,,
1356,3,15岁以下人群中-另见支气管炎，急性或亚急性,"in those under 15 years of age - see also Bronchitis, acute or subacute",,0.971912682056427,,,,,
1356,4,慢性- 见 支气管炎，慢性,"chronic - see Bronchitis, chronic",,0.9358783960342407,,,,,
1356,3,急性或亚急性(伴有支气管痉挛或阻塞),acute or subacute (with bronchospasm or obstruction),J20.9,0.9802988171577454,,,,,
1356,4,病毒性 NEC,viral NEC,J20.8,0.9662119150161743,,,,,
1356,4,化学性(由于气体、烟雾或蒸气),"chemical (due to gases, fumes or vapors)",J68.0,0.9893057942390442,,,,,
1356,4,由于,due to,,0.7787410616874695,,,,,
1356,5,艾柯病毒,echovirus,J20.7,0.9790825843811035,,,,,
1356,5,鼻病毒,rhinovirus,J20.6,0.9839800596237183,,,,,
1356,5,肺炎支原体,Mycoplasma pneumoniae,J20.0,0.9832935929298401,,,,,
1356,5,辐射,radiation,J70.0,0.9554631114006042,,,,,
1356,5,副流感病毒,parainfluenza virus,J20.4,0.9956238865852356,,,,,
1356,5,呼吸道合胞病毒,respiratory syncytial virus,J20.5,0.9690324664115906,,,,,
1356,5,柯萨奇病毒,coxsachievirus,J20.3,0.9627191424369812,,,,,
1356,5,链球菌,streptococcus,J20.2,0.9324474334716797,,,,,
1356,5,流感嗜血杆菌,Haemophilus influenzae,J20.1,0.9718419909477234,,,,,
1356,5,特指的病原体NEC,specified organism NEC,J20.8,0.9894041419029236,,,,,
1356,3,慢性,chronic,J42,0.9679620265960693,,,,,
1356,4,伴有,with,,0.7880270481109619,,,,,
1356,5,气道阻塞,airways obstruction,J44.8,0.9798378348350525,,,,,
1356,5,气管炎(慢性),tracheitis (chronic),J42,0.9679116010665894,,,,,
1356,4,闭塞性,obliterans,J44.8,0.9807275533676147,,,,,
1356,4,单纯性,simple,J41.0,0.9831876754760742,,,,,
1356,4,肺气肿性,emphysematous,J44.8,0.985011100769043,,,,,
1356,4,化脓性,purulent,J41.1,0.9530115127563477,,,,,
1356,4,化学性(由于烟雾或蒸气),chemical (due to fumes or vapors),J68.4,0.9884427785873413,,,,,
1356,4,粘液脓性,mucopurulent,J41.1,0.9476191401481628,,,,,
1356,4,气喘(阻塞性),asthmatic (obstructive),J44.8,0.9865695834159851,,,,,
1356,4,由于,due to,,0.8357864618301392,,,,,
1356,5,辐射,radiation,J70.1,0.9720050692558289,,,,,
1356,5,化学制剂、气体、烟雾或蒸气(吸入),"chemicals, gases, fumes or vapors (inhalation)",J68.4,0.9898371696472168,,,,,
1356,4,阻塞性,obstructive,J44.8,0.9917553663253784,,,,,
1357,3,伴有,with,,0.9921649098396301,,,,,
1357,4,流感(另见流行性感冒，伴有，呼吸道表现),"influenza, flu or grippe (see also Influenza, with, respiratory manifestations)",J11.1,0.9852067232131958,,,,,
1357,4,阻塞(气道)(肺),obstruction (airway) (lung),J44.8,0.9758143424987793,,,,,
1357,3,闭塞性(慢性),obliterans (chronic),J44.8,0.9579734802246094,,,,,
1357,3,变应性(急性)-见哮喘,allergic (acute) - see Asthma,,0.9820026755332947,,,,,
1357,3,病毒性NEC，急性或亚急性(另见支气管炎，急性或亚急性),"viral NEC, acute or subacute (see also Bronchitis, acute or subacute)",J20.8,0.9864717125892639,,,,,
1357,3,单纯性和粘液脓性(混合的),simple and mucopurulent (mixed),J41.8,0.9924778938293457,,,,,
1357,3,恶臭的,fetid,J41.1,0.975856363773346,,,,,
1357,3,肺气肿性(阻塞性),emphysematous (obstructive),J44.8,0.9799739718437195,,,,,
1357,3,肺炎球菌性，急性或亚急性,"pneumococcal, acute or subacute",J20.2,0.9913203716278076,,,,,
1357,3,干酪样(结核),caseous (tuberculous),A16.4,0.9751464128494263,,,,,
1357,3,格鲁布(另见支气管炎，急性或亚急性),"croupous (see also Bronchitis, acute or subacute)",J20.9,0.9949391484260559,,,,,
1357,3,花生仁吸入性,arachidic,T17.5,0.9706604480743408,,,,,
1357,3,化脓性(慢性)(复发性),"purulent, suppurative (chronic) (recurrent)",J41.1,0.9838218688964844,,,,,
1357,4,急性或亚急性(另见支气管炎，急性或亚急性),"acute or subacute (see also Bronchitis, acute or subacute)",J20,0.9697911143302917,,,,,
1357,3,化学性(急性)(亚急性),chemical (acute) (subacute),J68.0,0.9611632227897644,,,,,
1357,4,慢性,chronic,J68.4,0.9793713092803955,,,,,
1357,3,混合的单纯性和粘液脓性,mixed simple and mucopurulent,J41.8,0.997399091720581,,,,,
1357,3,结核性,tuberculous,A16.4,0.979106068611145,,,,,
1357,4,伴有细菌学和组织学证实,with bacteriological and histological confirmation,A15.5,0.9851648807525635,,,,,
1357,3,卡他性(15岁及以上),catarrhal (15 years of age and above),J40,0.9849070310592651,,,,,
1357,4,15岁以下,under 15 years of age,J20.9,0.98771733045578,,,,,
1357,4,急性-见支气管炎，急性或亚急性,"acute - see Bronchitis, acute or subacute",,0.9800469279289246,,,,,
1357,4,慢性,chronic,J41.0,0.9779616594314575,,,,,
1357,3,老年性(慢性),senile (chronic),J42,0.9589035511016846,,,,,
1357,3,流感性(另见流行性感冒，伴有，呼吸道表现),"grippal, influenzal (see also Influenza, with. respiratory manifestations)",J11.1,0.9856846332550049,,,,,
1357,3,螺旋体性 NEC,spirochetal NEC,A69.8+ J99.8*,0.944981038570404,,,,,
1357,3,毛细血管(另见肺炎，支气管),"capillary (see also Pneumonia, broncho)",J18.0,0.985805332660675,,,,,
1357,3,膜性，急性或亚急性(另见支气管炎，急性或亚急性),"membranous, acute or subacute (see also Bronchitis, acute or subacute)",J20,0.9849375486373901,,,,,
1357,3,粘液脓性(慢性)(复发性),mucopurulent (chronic) (recurrent),J41.1,0.9919726848602295,,,,,
1357,4,和单纯性(混合的),and simple (mixed),J41.8,0.9576624631881714,,,,,
1357,4,急性或亚急性,acute or subacute,J20.9,0.9842344522476196,,,,,
1357,3,脓毒性，急性或亚急性(另见支气管炎，急性或亚急性),"septic, acute or subacute (see also Bronchitis, acute or subacute)",J20.9,0.9960215091705322,,,,,
1357,3,渗出性(另见支气管炎，急性或亚急性),"exudative (see also Bronchitis, acute or subacute)",J20.9,0.9967026114463806,,,,,
1357,3,吸烟者,smokers',J41.0,0.9735796451568604,,,,,
1357,3,哮喘性-见哮喘,asthmatic - see Asthma,,0.9885289669036865,,,,,
1357,3,亚急性-见支气管炎，急性或亚急性,"subacute - see Bronchitis, acute or subacute",,0.9962142705917358,,,,,
1358,3,由于气体、烟雾或蒸气(化学性),"due to gases, fumes or vapors (chemical)",J68.0,0.9878590106964111,,,,,
1358,3,阻塞性(慢性)(弥漫性),obstructive (chronic) (diffuse),J44.8,0.9896909594535828,,,,,
1358,2,支气管真菌病 NEC,BronchomycosisNÉC,B49+ J99.8*,0.9643915295600891,,,,,
1358,3,念珠菌性,candidal,B37.8+ J99.8*,0.9610425233840942,,,,,
1358,1,zhī 芝,,,0.9999034404754639,,,,,
1358,2,芝加哥病[北美芽生菌病],Chicago disease,B40.9,0.9986227750778198,,,,,
1358,1,zhī 肢,,,0.9996700882911682,,,,,
1358,2,肢的 - 见情况，按部位,"Extremity, Limb - see condition, by site",,0.9372302889823914,,,,,
1358,2,肢端发绀(又称手足发绀),Acrocyanosis,I73.8,0.9700440764427185,,,,,
1358,3,新生儿,newborn,P28.2,0.9506412744522095,,,,,
1358,2,肢端肥大症,"Acromegaly, acromegalia",E22.0,0.9962935447692871,,,,,
1358,2,肢端感觉异常(单纯性)(血管运动性),Acroparesthesia (simple) (vasomotor),I73.8,0.9791982769966125,,,,,
1358,2,肢端过小症,"Acromicria, acromikria",Q79.8,0.9652312994003296,,,,,
1358,2,肢端汗腺瘤，外分泌性(M8402/0)- 见肿瘤，皮肤，良性,"Acrospiroma, eccrine (M8402/0) - see Neoplasm, skin, benign",,0.9690234661102295,,,,,
1358,2,肢端皮炎,Acrodermatitis,L30.8,0.9666813611984253,,,,,
1358,3,阿洛波[持续性肢端皮炎],Hallopeau's,L40.2,0.9831339716911316,,,,,
1358,3,肠病性(遗传性),enteropathica (hereditary),E83.2,0.9881593585014343,,,,,
1358,3,持续脓疱性,pustulosa continua,L40.2,0.9644154906272888,,,,,
1358,3,持续性(顽固性),continua (Hallopeau),L40.2,0.987673282623291,,,,,
1358,3,顽固性,perstans,L40.2,0.9819931387901306,,,,,
1358,3,萎缩性(慢性),atrophicans (chronica),L90.4,0.9882394075393677,,,,,
1358,3,婴儿丘疹性,infantile papular,L44.4,0.9786176085472107,,,,,
1358,3,再钙化小脓疱性,recalcitrant pustular,L40.2,0.9982631802558899,,,,,
1358,2,肢端缺氧，慢性,"Acroasphyxia, chronic",I73.8,0.9961560368537903,,,,,
1358,2,肢端硬肿病，肢硬皮病，肢端变硬(另见硬皮病),"Acroscleriasis, acroscleroderma, acrosclerosis (see also Scleroderma)",M34.8,0.9991029500961304,,,,,
1358,2,肢骨纹状肥大,Melorheostosis (bone),M85.8,0.9932365417480469,,,,,
1358,2,肢痛症,Acrodynia,T56.1,0.984516978263855,,,,,
1358,1,zhī 脂,,,0.9994711875915527,,,,,
1358,2,脂沉积症，脂沉积,"Lipidosis, Lipoidosis",E75.6,0.9831586480140686,,,,,
1358,3,胆固醇(脑),cholesterol (cerebral),E75.5,0.97706538438797,,,,,
1358,3,硫[异染性脑白质营养不良],sulfatide,E75.2,0.9916402101516724,,,,,
1358,3,脑(婴儿)(幼年)(晚期),cerebral (infantile) (juvenile) (late),E75.4,0.9968713521957397,,,,,
1358,3,脑苷,cerebroside,E75.2,0.9869608879089355,,,,,
1358,3,脑视网膜性,cerebroretinal,E75.4,0.9625466465950012,,,,,
1358,3,糖脂质,glycolipid,E75.2,0.9618209004402161,,,,,
1359,2,脂蛋白代谢紊乱,Lipoprotein metabolism disorder,E78.9,0.9766228199005127,,,,,
1359,2,脂蛋白血症,Lipoproteinemia,E78.5,0.9915530681610107,,,,,
1359,3,高前β-,hyperpre-beta-,E78.1,0.967652440071106,,,,,
1359,3,宽β-,broad-beta-,E78.2,0.9760110378265381,,,,,
1359,3,上浮β-,floating-beta-,E78.2,0.9930906295776367,,,,,
1359,2,脂肪(性)-另见情况,"Fat, Fatty - see also condition",,0.9982741475105286,,,,,
1359,3,变性-见变性，脂肪,"degeneration - see Degeneration, fatty",,0.9752966165542603,,,,,
1359,3,大便内,in stool,R19.5,0.978533148765564,,,,,
1359,3,垫,pad,E65,0.9579081535339355,,,,,
1359,4,膝,knee,M79.4,0.9623672962188721,,,,,
1359,3,肝.NEC,liver NEC,K76.0,0.9548702239990234,,,,,
1359,4,酒精性,alcoholic,K70.0,0.9724652171134949,,,,,
1359,3,过多,excessive,E66.9,0.9732390642166138,,,,,
1359,4,心脏内(另见变性，心肌),"in heart (see also Degeneration, myocardial)",I51.5,0.968981921672821,,,,,
1359,3,坏死-见变性，脂肪,"necrosis - see Degeneration, fatty",,0.9757043123245239,,,,,
1359,3,局部性(垫),localized (pad),E65,0.9691737294197083,,,,,
1359,4,髌后,retropatellar,M79.4,0.959563136100769,,,,,
1359,4,膝,knee,M79.4,0.8936435580253601,,,,,
1359,3,心脏(另见变性，心肌),"heart (see also Degeneration, myocardial)",I51.5,0.9579572677612305,,,,,
1359,3,裙,apron,E65,0.9118741750717163,,,,,
1359,3,心脏(增大)(另见变性，心肌),"heart (enlarged) (see also Degeneration, myocardial)",I51.5,0.9195039868354797,,,,,
1359,2,脂肪变性,Steatosis,E88.8,0.9999257326126099,,,,,
1359,3,肝 NEC,liver NEC,K76.0,0.9528672695159912,,,,,
1359,3,肾,kidney,N28.8,0.9681415557861328,,,,,
1359,3,心脏(另见变性，心肌),"heart (see also Degeneration, myocardial)",I51.5,0.9663230776786804,,,,,
1359,2,脂肪过多症,Lipomatosis,E88.2,0.9740894436836243,,,,,
1359,3,洛努瓦-邦索德,Launois-Bensaude,E88.8,0.9647369980812073,,,,,
1359,3,胎儿的(M8881/0)-见脂肪瘤,fetal (M8881/0) - see Lipoma,,0.9806167483329773,,,,,
1359,3,痛性(德卡姆),dolorosa (Dercum),E88.2,0.9882832765579224,,,,,
1359,2,脂肪痢- 现译名 脂肪泻,Steatorrhoea,,0.9305281043052673,,,,,
1359,2,脂肪瘤(M8850/0),Lipoma (M8850/0),D17.9,0.9935703277587891,,,,,
1359,3,部位分类,site classification,,0.979479193687439,,,,,
1359,4,腹膜,peritoneum,D17.7,0.9231000542640686,,,,,
1359,4,腹膜后腔,retroperitoneum,D17.7,0.9653222560882568,,,,,
1359,4,腹内,intra-abdominal,D17.5,0.9484164118766785,,,,,
1359,4,结缔组织NEC,onnective tissue NEC .,D17.3,0.9811201691627502,,,,,
1359,5,腹膜,peritoneum,D17.7,0.9361820220947266,,,,,
1359,5,腹膜后腔,retroperitoneum,D17.7,0.9932453036308289,,,,,
1359,5,腹内,intra-abdominal,D17.5,0.8914638757705688,,,,,
1359,5,精索,permatic cord,D17.6,0.9251750707626343,,,,,
1359,5,胸内,trathoracic,D17.4,0.9625445604324341,,,,,
1359,5,精索,ermatic cord,D17.6,0.943367600440979,,,,,
1360,4,颈部(皮肤)(皮下),neck (skin) (subcutaneous),D17.0,0.9600892066955566,,,,,
1360,4,面部(皮肤)(皮下),face (skin) (subcutaneous),D17.0,0.9602351188659668,,,,,
1360,4,皮肤 NEC,skin NEC,D17.3,0.9588115811347961,,,,,
1360,4,皮下NEC,subcutaneous NEC,D17.3,0.9151341915130615,,,,,
1360,4,躯干(皮肤)(皮下),trunk (skin) (subcutaneous),D17.1,0.9398301243782043,,,,,
1360,4,四肢(皮肤)(皮下),limbs (skin) (subcutaneous),D17.2,0.9592208862304688,,,,,
1360,4,特指部位 NEC,specified site NEC,D17.7,0.9828078150749207,,,,,
1360,4,头部(皮肤)(皮下),head (skin) (subcutaneous),D17.0,0.9482576847076416,,,,,
1360,4,未特指的,unspecified,D17.9,0.9811880588531494,,,,,
1360,4,胸内,intrathoracic,D17.4,0.9838743209838867,,,,,
1360,3,多形性(M8854/0),pleomorphic (M8854/0),D17.9,0.9895743727684021,,,,,
1360,3,肌内(M8856/0),intramuscular (M8856/0),D17.9,0.9810882210731506,,,,,
1360,3,浸润(M8856/0),infiltrating (M8856/0),D17.9,0.9742388129234314,,,,,
1360,3,梭形细胞(M8857/0),spindle cell (M8857/0),D17.9,0.9873656034469604,,,,,
1360,3,胎儿(M8881/0),fetal (M8881/0),D17.9,0.9882125854492188,,,,,
1360,4,脂肪细胞(M8880/0),fat cell (M8880/0),D17.9,0.9726155400276184,,,,,
1360,2,脂肪尿,Lipuria,R82.0,0.9916374683380127,,,,,
1360,3,血吸虫病(裂体吸虫病),schistosomiasis (bilharziasis),B65.0,0.984350860118866,,,,,
1360,2,脂肪肉瘤(M8850/3)-另见肿瘤，结缔组织，恶性,"Liposarcoma (M8850/3) – see also Neoplasm, connective tissue, malignant",,0.973803699016571,,,,,
1360,3,多形性(M8854/3),pleomorphic (M8854/3),,0.9820320010185242,,,,,
1360,3,分化型(M8851/3),differentiated type (M8851/3),,0.996806800365448,,,,,
1360,3,高分化型(M8851/3),well differentiated type (M8851/3),,0.9954877495765686,,,,,
1360,3,混合型(M8855/3),mixed type (M8855/3),,0.9663004279136658,,,,,
1360,3,粘液样(M8852/3),myxoid (M8852/3),,0.9852643609046936,,,,,
1360,3,胚胎性(M8852/3),embryonal (M8852/3),,0.9895027875900269,,,,,
1360,3,去分化性(M8858/3),dedifferentiated (M8858/3),,0.9947752952575684,,,,,
1360,3,圆细胞(M8853/3),round cell (M8853/3),,0.993407130241394,,,,,
1360,2,脂肪肉芽肿，硬化性,"Lipogranuloma, sclerosing",L92.8,0.9833160042762756,,,,,
1360,2,脂肪肉芽肿病,Lipogranulomatosis,E78.8,0.9837818145751953,,,,,
1360,2,脂肪软骨营养不良,"Gargoylism, Lipochondrodystrophy",E76.0,0.9991170763969421,,,,,
1360,2,脂肪水肿-见水肿,Lipedema – see Edema,,0.9539339542388916,,,,,
1360,2,脂肪纤维瘤(M8851/0)-见脂肪瘤,Lipofibroma (M8851/0) – see Lipoma,,0.9613354802131653,,,,,
1360,2,脂肪腺瘤(M8324/0)-见肿瘤，良性,"Lipoadenoma (M8324/0) – see Neoplasm, benign",,0.991747260093689,,,,,
1360,2,脂肪泻(慢性),Steatorrhea (chronic),K90.4,0.9997511506080627,,,,,
1360,3,热带性,tropical,K90.1,0.9536997079849243,,,,,
1360,3,特发性(成人)(婴儿),idiopathic (adult) (infantile),K90.0,0.9890036582946777,,,,,
1360,3,胰性,pancreatic,K90.3,0.9231603145599365,,,,,
1360,2,脂肪营养不良,Lipodystrophy,E88.1,0.974994421005249,,,,,
1360,3,肠,intestinal,K90.8,0.9811557531356812,,,,,
1360,2,脂褐质贮积症，神经元(伴有蜡样质),"Lipofuscinosis, neuronal (with ceroidosis)",E75.4,0.9995549917221069,,,,,
1360,2,脂肌瘤(M8860/0)-见脂肪瘤,Lipomyoma (M8860/0) – see Lipoma,,0.9860262274742126,,,,,
1361,2,脂膜(腹部),Panniculus adiposus (abdominal),E65,0.9918084144592285,,,,,
1361,2,脂膜炎,Panniculitis,M79.3,0.9678090214729309,,,,,
1361,3,背部,back,M54.0,0.9627514481544495,,,,,
1361,3,骶部,sacral,M54.0,0.9848132729530334,,,,,
1361,3,复发性,relapsing,M35.6,0.9641101956367493,,,,,
1361,3,结节性，非化脓性,"nodular, nonsuppurative",M79.3,0.9774019718170166,,,,,
1361,3,颈部,neck,M54.0,0.9620047211647034,,,,,
1361,3,狼疮性,lupus,L93.2,0.9720781445503235,,,,,
1361,2,脂性 - 另见情况,Lipoid – see also condition,,0.9343310594558716,,,,,
1361,3,肾病(另见肾病),nephrosis (see also Nephrosis),N04,0.9940284490585327,,,,,
1361,3,乌尔巴赫蛋白沉积症,proteinosis of Urbach,E78.8,0.9783730506896973,,,,,
1361,3,组织细胞增多病,histiocytosis,D76.0,0.9672818183898926,,,,,
1361,3,特发性,essential,E75.2,0.9647768139839172,,,,,
1361,2,脂血症(另见 高脂血症),"Lipemia, Lipoidemia (see also Hyperlipidemia)",E78.5,0.9510791301727295,,,,,
1361,2,脂质细胞卵泡瘤(M8641/0),Folliculome lipidique (M8641/0),,0.9749659299850464,,,,,
1361,3,特指部位-见肿瘤，良性,"specified site – see Neoplasm, benign",,0.9727008938789368,,,,,
1361,3,未特指部位,unspecified site,,0.9676262140274048,,,,,
1361,4,男性,male,D29.2,0.9493157267570496,,,,,
1361,4,女性,female,D27,0.8781769275665283,,,,,
1361,1,zhī 蜘,,,0.9997543096542358,,,,,
1361,2,蜘蛛,Spider,,0.9997779130935669,,,,,
1361,3,脚趾,toes,Q87.4,0.9452860355377197,,,,,
1361,3,血管,vascular,I78.1,0.9554134607315063,,,,,
1361,3,指,fingers,Q87.4,0.976807177066803,,,,,
1361,3,痣,nevus,I78.1,0.9609441161155701,,,,,
1361,2,蜘蛛脚样指[趾],Arachnodactyly,Q87.4,0.9998271465301514,,,,,
1361,2,蜘蛛恐怖,Arachnophobia,F40.2,0.964382529258728,,,,,
1361,1,zhí 直,,,0.9098820686340332,,,,,
1361,2,直背综合征,Flatback syndrome,M40.3,0.9996646642684937,,,,,
1361,2,直肠(的)-见情况,"Rectum, rectal – see condition",,0.947454035282135,,,,,
1361,2,直肠出血,Proctorrhagia,K62.5,0.9512344598770142,,,,,
1361,2,直肠架,"Shelf, rectal",K62.8,0.9924769997596741,,,,,
1361,2,直肠结肠炎，粘膜,"Proctocolitis, mucosal",K51.3,0.97333163022995,,,,,
1361,2,直肠痉挛,Proctospasm,K59.4,0.9889960289001465,,,,,
1361,3,心因性,psychogenic,F45.3,0.9889842867851257,,,,,
1361,2,直肠尿道的 - 见情况,Rectourethral - see condition,,0.9450042247772217,,,,,
1361,2,直肠膀胱的 - 见情况,Rectovesical - see condition,,0.9403202533721924,,,,,
1362,2,直肠膨出,"Proctocele, Rectocele",,0.9995917081832886,,,,,
1362,3,男性,male,K62.3,0.9553695917129517,,,,,
1362,3,女性,female,N81.6,0.91855788230896,,,,,
1362,3,在妊娠或分娩中,in pregnancy or childbirth,O34.8,0.9893056750297546,,,,,
1362,4,引起梗阻性分娩,causing obstructed labor,O65.5,0.9596478343009949,,,,,
1362,5,影响到胎儿或新生儿,affecting fetus or newborn,P03.1,0.9866442084312439,,,,,
1362,2,直肠痛,Rectalgia,K62.8,0.9916523694992065,,,,,
1362,2,直肠突出 - 现译名 直肠膨出,Rectocele,,0.9343037009239197,,,,,
1362,2,直肠脱垂,Proctoptosis,K62.3,0.9683330655097961,,,,,
1362,2,直肠炎,"Proctitis, Rectitis",K62.8,0.9932172298431396,,,,,
1362,3,阿米巴(急性),amebic (acute),A06.0,0.9733797311782837,,,,,
1362,3,辐射性,radiation,K62.7,0.9724106788635254,,,,,
1362,3,结核性,tuberculous,A18.3+ K93.0*,0.9761439561843872,,,,,
1362,3,溃疡性(慢性),ulcerative (chronic),K51.2,0.9663764238357544,,,,,
1362,3,淋球菌性,gonococcal,A54.6,0.964438796043396,,,,,
1362,3,疱疹性,herpetic,A60.1+ K93.8*,0.9579365849494934,,,,,
1362,3,衣原体性,chlamydial,A56.3,0.9493928551673889,,,,,
1362,2,直肠乙状结肠连接处的 - 见情况,Rectosigmoid junction - see condition,,0.9710711240768433,,,,,
1362,2,直肠乙状结肠炎,"Proctosigmoiditis, Rectosigmoiditis",K63.8,0.9815620183944702,,,,,
1362,3,溃疡性(慢性),ulcerative (chronic),K51.3,0.9883885979652405,,,,,
1362,2,直肠阴道的 - 见情况,Rectovaginal - see condition,,0.9769259095191956,,,,,
1362,2,直肠周的 - 见情况,Perirectal - see condition,,0.9813230633735657,,,,,
1362,2,直肠周炎,Periproctitis,K62.8,0.9882384538650513,,,,,
1362,1,zhí 职,,,0.999666690826416,,,,,
1362,2,职业性,Occupational,,0.9999591708183289,,,,,
1362,3,问题NEC,problems NEC,Z56.7,0.9621977210044861,,,,,
1362,3,治疗,therapy,Z50.7,0.9544083476066589,,,,,
1362,2,职业性康复,Vocational rehabilitation,Z50.7,0.9999670386314392,,,,,
1362,1,zhí 植,,,0.9349255561828613,,,,,
1362,2,植入性,Implantation,,0.9999387860298157,,,,,
1362,3,卵(体外受精),ovum (in vitro fertilization),Z31.2,0.9757641553878784,,,,,
1362,3,囊肿,cyst,,0.9950941205024719,,,,,
1362,4,表皮(皮肤) NEC,external area or site (skin) NEC,L72.0,0.9565079808235168,,,,,
1362,4,虹膜,iris,H21.3,0.935257077217102,,,,,
1362,4,外阴,vulva,N90.7,0.9603688716888428,,,,,
1362,4,阴道,vagina,N89.8,0.9570949077606201,,,,,
1362,3,皮样(囊肿)-见植入性，囊肿,"dermoid (cyst) - see Implantation, cyst",,0.9796087741851807,,,,,
1362,3,胎盘，低或边缘(另见胎盘，前置),"placenta, low or marginal (see also Placenta, previa)",O44.1,0.9662113189697266,,,,,
1362,3,异常-见异常，按部位,"anomalous - see Anomaly, by site",,0.9843268990516663,,,,,
1362,4,输尿管,ureter,Q62.6,0.978878378868103,,,,,
1363,2,植物石,Phytobezoar,T18.9,0.9823964238166809,,,,,
1363,3,肠,intestine,T18.3,0.9425109028816223,,,,,
1363,3,胃,stomach,T18.2,0.9490085244178772,,,,,
1363,2,植烷酸贮积症,Refsum's disease or syndrome,G60.1,0.9632117748260498,,,,,
1363,1,zhí 跖,,,0.9281918406486511,,,,,
1363,2,跖骨 - 另见情况,"Metatarsus, metatarsal - see also condition",,0.9578611850738525,,,,,
1363,3,内翻(内收)(先天性),varus (adductus) (congenital),Q66.2,0.9890984296798706,,,,,
1363,3,外翻(外展)，先天性,"valgus (abductus), congenital",Q66.6,0.9741443395614624,,,,,
1363,2,跖痛症,Metatarsalgia,M77.4,0.9682016372680664,,,,,
1363,3,莫顿,Morton's,G57.6,0.9822366237640381,,,,,
1363,1,zhǐ 纸,,,0.9273568391799927,,,,,
1363,2,纸样胎,Papyraceous fetus,P95,0.99984210729599,,,,,
1363,3,并发于妊娠,complicating pregnancy,O31.0,0.9741327166557312,,,,,
1363,1,zhǐ 指,,,0.9458568692207336,,,,,
1363,2,指[趾]端硬化,Sclerodactyly,L94.3,0.9998884797096252,,,,,
1363,2,指[趾]甲营养不良,Onychodystrophy,L60.3,0.9669145345687866,,,,,
1363,3,先天性,congenital,Q84.6,0.9789990782737732,,,,,
1363,2,指[趾]炎,Dactylitis,L08.9,0.9587413668632507,,,,,
1363,3,骨(另见骨髓炎),bone (see also Osteomyelitis),M86.9,0.997314453125,,,,,
1363,3,结核性,tuberculous,A18.0+ M90.0*,0.9864405989646912,,,,,
1363,3,梅毒性,syphilitic,A52.7+ M90.1*,0.932797908782959,,,,,
1363,2,指[趾]硬皮病,Sclerodactylia,L94.3,0.9994683861732483,,,,,
1363,2,指导-见咨询,Advice - see Counseling,,0.9762431979179382,,,,,
1363,2,指节垫或加罗德垫,"Pad, knuckle or Garrod's",M72.1,0.9678646922111511,,,,,
1363,2,指压性[压凹性](另见水肿),Pitting (see also Edema),R60.9,0.9993123412132263,,,,,
1363,3,唇,lip,R60.0,0.9487707018852234,,,,,
1363,3,甲,nail,L60.8,0.9360340237617493,,,,,
1363,1,zhǐ 趾,,,0.9844341278076172,,,,,
1363,2,趾的 - 见情况,Toe – see condition,,0.9520026445388794,,,,,
1363,1,zhì 志,,,0.9376576542854309,,,,,
1363,2,志贺(-克鲁泽)痢疾,Shiga(-Kruse) dysentery,A03.0,0.9993036389350891,,,,,
1363,2,志贺菌(痢疾)，细菌性痢疾(另见痢疾，细菌性),"Shigella (dysentery), shigellosis (see also Dysentery, bacillary)",A03.9,0.9970569610595703,,,,,
1363,2,志贺菌病 - 现译名 细菌性痢疾,Shigellosis,,0.9380582571029663,,,,,
1364,1,zhì 制,,,,,,,,
1364,2,制鞋工胸,Shoemaker's chest,M95.4,0.9999586939811707,,,,,
1364,1,zhì 治,,,0.9298270344734192,,,,,
1364,2,治疗- 见 疗法,Therapy,,0.8948007822036743,,,,,
1364,2,治疗性的 - 见情况,Therapeutic - see condition,,0.9750555157661438,,,,,
1364,1,zhì 致,,,0.9033665657043457,,,,,
1364,2,致敏，自身红细胞,"Sensitization, auto-erythrocytic",D69.2,0.9734474420547485,,,,,
1364,2,致命晕厥，不明原因的,"Fatal syncope, unexplained",R96.0,0.9976041316986084,,,,,
1364,2,致死性侏儒或致死性身材矮小症,Thanatophoric dwarfism or short stature,Q77.1,0.9996999502182007,,,,,
1364,1,zhì 痔,,,0.9088491201400757,,,,,
1364,2,痔,"Hemorrhoids, Piles",I84.9,0.9601397514343262,,,,,
1364,3,并发,complicating,,0.9663410186767578,,,,,
1364,4,产褥期,puerperium,O87.2,0.9537495374679565,,,,,
1364,4,妊娠,pregnancy,O22.4,0.9619977474212646,,,,,
1364,3,出血、脱垂、绞窄性或溃疡性 NEC,"bleeding, prolapsed, strangulated or ulcerated NEC",I84.8,0.9787974953651428,,,,,
1364,3,内,internal,I84.2,0.9729651212692261,,,,,
1364,4,出血、脱垂、绞窄性或溃疡性,"bleeding, prolapsed, strangulated or ulcerated",I84.1,0.9811469912528992,,,,,
1364,4,血栓性,thrombosed,I84.0,0.961365818977356,,,,,
1364,3,外,external,I84.5,0.9412489533424377,,,,,
1364,4,出血、脱垂、绞窄性或溃疡性,"bleeding, prolapsed, strangulated or ulcerated",I84.4,0.9632598161697388,,,,,
1364,4,血栓性,thrombosed,I84.3,0.9465122222900391,,,,,
1364,3,血栓性NEC,thrombosed NEC,I84.7,0.9383296370506287,,,,,
1364,1,zhì 窒,,,0.9246476292610168,,,,,
1364,2,窒息,"Asphyxia, asphyxiation, Suffocation",R09.0,0.9977260828018188,,,,,
1364,3,被褥类,bedclothes,T71,0.9395266175270081,,,,,
1364,3,病理性,pathological,R09.0,0.9842534065246582,,,,,
1364,3,产前(另见窘迫，胎儿),"antenatal, prenatal (see also Distress, fetal)",P20.9,0.991619348526001,,,,,
1364,3,产褥期(另见窒息，新生儿),"postnatal (see also Asphyxia, newborn)",P21.9,0.9969987273216248,,,,,
1364,4,机械性,mechanical,T71,0.9331188201904297,,,,,
1364,3,沉没,submersion,T75.1,0.9412863850593567,,,,,
1364,3,出生(另见窒息，新生儿),"birth (see also Asphyxia, newborn)",P21.9,0.9833560585975647,,,,,
1364,3,创伤性 NEC,traumatic NEC,T71,0.9542153477668762,,,,,
1364,4,由于胸部挤压伤,due to crushed chest,S28.0,0.9439960718154907,,,,,
1364,3,机械性,mechanical,T71,0.95633465051651,,,,,
1364,3,挤压,crushing,S28.0,0.9526040554046631,,,,,
1365,3,绞窄,strangulation,T71,0.9527651071548462,,,,,
1365,3,局部,local,I73.0,0.900870144367218,,,,,
1365,3,粘液(进入),mucus (in),T17.9,0.9642910957336426,,,,,
1365,4,鼻，鼻孔,"nose, nostril",T17.1,0.9407517910003662,,,,,
1365,4,鼻窦,nasal sinus,T17.0,0.9462525248527527,,,,,
1365,4,鼻咽,nasopharynx,T17.2,0.9134218692779541,,,,,
1365,4,肺,lung,T17.8,0.9316410422325134,,,,,
1365,4,喉,larynx,T17.3,0.908166766166687,,,,,
1365,4,呼吸道,respiratory tract,T17.9,0.9849520921707153,,,,,
1365,5,特指部位NEC,specified part NEC,T17.8,0.9647749066352844,,,,,
1365,4,气管,trachea,T17.4,0.9211143851280212,,,,,
1365,4,细支气管,bronchioles,T17.8,0.9819803833961487,,,,,
1365,4,新生儿,newborn,P24.1,0.9558218121528625,,,,,
1365,4,咽，咽喉,"pharynx, throat",T17.2,0.9506114721298218,,,,,
1365,4,支气管(主),bronchus (main),T17.5,0.961901068687439,,,,,
1365,3,呕吐物-见窒息，食物或异物,"vomiting, vomitus - see Asphyxia, food or foreign body",,0.9826643466949463,,,,,
1365,3,气体、烟雾或蒸气,"gas, fumes, or vapor",T59.9,0.9969392418861389,,,,,
1365,4,特指的-见药物和化学制剂表,specified - see Table of drugs and chemicals,,0.954143762588501,,,,,
1365,3,食物或异物(进入),food or foreign body (in),T17.9,0.9881935119628906,,,,,
1365,4,鼻，鼻孔,"nose, nostril",T17.1,0.9259139895439148,,,,,
1365,4,鼻窦,nasal sinus,T17.0,0.9511734843254089,,,,,
1365,4,鼻咽,nasopharynx,T17.2,0.9380066990852356,,,,,
1365,4,肺,lung,T17.8,0.9181588292121887,,,,,
1365,4,喉,larynx,T17.3,0.9465728402137756,,,,,
1365,4,呼吸道,respiratory tract,T17.9,0.994961142539978,,,,,
1365,5,特指部位 NEC,specified part NEC,T17.8,0.9728347659111023,,,,,
1365,4,气管,trachea,T17.4,0.9485804438591003,,,,,
1365,4,细支气管,bronchioles,T17.8,0.9705223441123962,,,,,
1365,4,新生儿,newborn,P24.3,0.9298329949378967,,,,,
1365,4,咽，咽喉,"pharynx, throat",T17.2,0.9419199228286743,,,,,
1365,4,支气管(主),bronchus (main),T17.5,0.9488095641136169,,,,,
1365,3,收缩,constriction,T71,0.9471667408943176,,,,,
1365,3,塌方,cave-in,T71,0.942720353603363,,,,,
1365,4,挤压,crushing,S28.0,0.9344110488891602,,,,,
1365,3,胎儿(另见窘迫，胎儿),"fetal (see also Distress, fetal)",P20.9,0.9930586218833923,,,,,
1365,3,网状(青斑),reticularis,R23.1,0.9843966960906982,,,,,
1365,3,吸入-见吸入,inhalation - see Inhalation,,0.9870734810829163,,,,,
1365,3,新生儿,newborn,P21.9,0.9824833273887634,,,,,
1365,4,伴有1分钟阿普加评分,with 1-minute Apgar score,,0.9738082885742188,,,,,
1365,5,0-3,0-3,P21.0,0.9323257803916931,,,,,
1365,5,4-7,4-7,P21.1,0.9063923358917236,,,,,
1365,5,低NEC,low NEC,P21.9,0.9493126273155212,,,,,
1366,4,苍白,"pallida, white",P21.0,0.9370982050895691,,,,,
1366,4,青紫,"blue, livida",P21.1,0.9139792323112488,,,,,
1366,4,轻度或中度,mild or moderate,P21.1,0.9531610608100891,,,,,
1366,4,重度,severe,P21.0,0.8950731158256531,,,,,
1366,3,悬吊,hanging,T71,0.9467158317565918,,,,,
1366,3,压迫性,pressure,T71,0.9816704392433167,,,,,
1366,3,淹溺,drowning,T75.1,0.9474747776985168,,,,,
1366,3,氧化碳,carbon monoxide,T58,0.9318852424621582,,,,,
1366,3,由于,by,,0.9844920039176941,,,,,
1366,4,床上用品,bed clothes,T71,0.9724912643432617,,,,,
1366,4,绞窄,strangulation,T71,0.8734569549560547,,,,,
1366,4,塑料袋,plastic bag,T71,0.9575246572494507,,,,,
1366,4,缩窄,constriction,T71,0.9159942269325256,,,,,
1366,3,塌方,cave-in,T71,0.9548947215080261,,,,,
1366,4,吸入,inhalation,,0.8514854907989502,,,,,
1366,5,气体、烟雾或蒸气NEC,"gases, fumes, or vapors NEC",T59.9,0.9933569431304932,,,,,
1366,6,特指的物质-见药物和化学制剂表,—specified agent - see Table of drugs and chemicals,,0.9863635897636414,,,,,
1366,3,食物或异物(另见窒息，食物),"food or foreign body (see also Asphyxia, food)",T17.9,0.9847173094749451,,,,,
1366,5,油或汽油(另见窒息，食物),"oil or gasoline (see also Asphyxia, food)",T17.9,0.9760646224021912,,,,,
1366,4,小兔袋[塑料袋],bunny bag,T71,0.9852224588394165,,,,,
1366,4,压闷,overlying,T71,0.9419587254524231,,,,,
1366,3,压迫,pressure,T71,0.8456098437309265,,,,,
1366,3,淹溺,drowning,T75.1,0.9358837008476257,,,,,
1366,3,重力改变,gravitational changes,T71,0.9768276810646057,,,,,
1366,3,子宫内(另见窘迫，胎儿),"intrauterine (see also Distress, fetal)",P20.9,0.984405517578125,,,,,
1366,2,窒息发作,Smothering spells,R06.8,0.999617874622345,,,,,
1366,1,zhì 痣,,,0.9153280258178711,,,,,
1366,2,痣(色素沉着)(M8720/0),"Nevus, Mark, Mole (pigmented) (M8720/0)",D22.9,0.994519829750061,,,,,
1366,3,注：除在其他处另有说明外，列在下面的痣的形态学类型应按列在“痣，部位分类”下的部位进行编码。,"Note: Except where otherwise indicated, the morpholo- gical varieties of nevus in the list below should be coded by site according to the list under 'Nevus, site classification'.",,0.9905843138694763,,,,,
1366,3,癌性(M8720/3)-见 黑色素瘤,cancerous (M8720/3)- see Melanoma,,0.9675206542015076,,,,,
1366,3,表皮内(M8740/0),intraepidermal (M8740/0),,0.991083025932312,,,,,
1366,3,部位分类,site classification,,0.9938456416130066,,,,,
1366,4,包皮,"foreskin, prepuce",D29.0,0.9584032893180847,,,,,
1366,4,背,back,D22.5,0.9741307497024536,,,,,
1366,4,鼻(外),nose (external),D22.3,0.9447565674781799,,,,,
1366,4,鼻唇沟,nasolabial groove,D22.3,0.984289288520813,,,,,
1367,4,鼻翼,ala nasi,D22.3,0.8866961002349854,,,,,
1367,4,臂,arm,D22.6,0.8515101075172424,,,,,
1367,4,耻骨部,pubes,D22.5,0.9621400237083435,,,,,
1367,4,唇(下)(上),lip (lower) (upper),D22.0,0.9193609952926636,,,,,
1367,4,大腿,thigh,D22.7,0.8861778974533081,,,,,
1367,4,额,brow,D22.3,0.8712122440338135,,,,,
1367,4,耳(外)，耳道(外),"ear, auditory, auricular canal (external)",D22.2,0.9418752193450928,,,,,
1367,4,耳廓,"auricle (ear), pinna",D22.2,0.92448890209198,,,,,
1367,4,耳轮,helix,D22.2,0.896460235118866,,,,,
1367,4,腹壁,abdominal wall,D22.5,0.937759518623352,,,,,
1367,4,腹股沟,groin,D22.5,0.9569333791732788,,,,,
1367,4,肛门，肛周皮肤,"anus, anal, perianal skin",D22.5,0.9500314593315125,,,,,
1367,4,腘窝或间隙,popliteal fossa or space,D22.7,0.960207462310791,,,,,
1367,4,颌,jaw,D22.3,0.934851348400116,,,,,
1367,4,虹膜,iris,D31.4,0.9412167072296143,,,,,
1367,4,踝,ankle,D22.7,0.8759031295776367,,,,,
1367,4,会阴,perineum,D22.5,0.8920986652374268,,,,,
1367,4,颊(外),cheek (external),D22.3,0.9599871039390564,,,,,
1367,4,甲,nail,D22.9,0.9142115116119385,,,,,
1367,5,脚趾,toe,D22.7,0.9593026041984558,,,,,
1367,5,手指,finger,D22.6,0.9414995312690735,,,,,
1367,4,肩,shoulder,D22.6,0.8572641611099243,,,,,
1367,4,肩胛间区,interscapular region,D22.5,0.9351657629013062,,,,,
1367,4,脚趾,toe,D22.7,0.9276159405708313,,,,,
1367,4,结膜,conjunctiva,D31.0,0.9340785145759583,,,,,
1367,4,颈,neck,D22.4,0.913762629032135,,,,,
1367,4,颏,chin,D22.3,0.8955665230751038,,,,,
1367,4,口腔(粘膜),"mouth, oral (mucosa)",D10.3,0.9732426404953003,,,,,
1367,5,白海绵状,white sponge,Q38.6,0.9876489043235779,,,,,
1367,4,髋,hip,D22.7,0.9405189752578735,,,,,
1367,4,眶,orbit,D31.6,0.9390301704406738,,,,,
1367,4,泪腺,lacrimal gland,D31.5,0.942040741443634,,,,,
1367,4,脉络膜,choroid,D31.3,0.9824689626693726,,,,,
1367,4,眉毛,eyebrow,D22.3,0.969879686832428,,,,,
1367,4,面部 NEC,face NEC,D22.3,0.9541144967079163,,,,,
1367,4,男性(外)生殖器NEC,male genital organ (external) NEC,D29.9,0.9884877800941467,,,,,
1367,4,颞,temple,D22.3,0.9665768146514893,,,,,
1367,4,女性(外)生殖器NEC,female genital organ (external) NEC,D28.0,0.9881695508956909,,,,,
1367,4,皮肤,skin,D22.9,0.9539258480072021,,,,,
1367,4,脐,umbilicus,D22.5,0.9081895351409912,,,,,
1367,4,前臂,forearm,D22.6,0.9721307754516602,,,,,
1367,4,前额,forehead,D22.3,0.9478836059570312,,,,,
1368,4,球后,retrobulbar,D31.6,0.9614683389663696,,,,,
1368,4,躯干 NEC,trunk NEC,D22.5,0.9634895324707031,,,,,
1368,4,乳房，乳房下襞,"breast, submammary fold",D22.5,0.9731268286705017,,,,,
1368,4,上肢NEC,upper limb NEC,D22.6,0.9337923526763916,,,,,
1368,4,生殖器(外)NEC,genital organ (external) NEC,,0.9572370648384094,,,,,
1368,5,男性,male,D29.9,0.9732180833816528,,,,,
1368,5,女性,female,D28.0,0.9275597333908081,,,,,
1368,4,视网膜,retina,D31.2,0.9538267254829407,,,,,
1368,4,手，手指,"hand, finger",D22.6,0.9314597845077515,,,,,
1368,4,特指部位NEC-见肿瘤，良性,"specified site NEC – see Neoplasm, benign",,0.974116325378418,,,,,
1368,4,头皮,scalp,D22.4,0.905484676361084,,,,,
1368,4,腿,leg,D22.7,0.9189884066581726,,,,,
1368,4,臀部,"buttock, gluteal region, nates",D22.5,0.9641498923301697,,,,,
1368,4,外口(耳),external meatus (ear),D22.2,0.9160957932472229,,,,,
1368,4,外阴,vulva,D28.0,0.9408851265907288,,,,,
1368,4,膝,knee,D22.7,0.9406474828720093,,,,,
1368,4,下肢NEC,lower limb NEC,D22.7,0.9316841959953308,,,,,
1368,4,胁腹,flank,D22.5,0.9583564400672913,,,,,
1368,4,胸壁,chest wall,D22.5,0.9559229612350464,,,,,
1368,4,眼,eye,D31.9,0.9563052654266357,,,,,
1368,4,眼睑(下)(上),"eyelid, palpebra (lower) (upper)",D22.1,0.9756993055343628,,,,,
1368,4,腋襞,"axilla, axillary fold",D22.5,0.9597085118293762,,,,,
1368,4,阴部,pudendum,D28.0,0.9707925319671631,,,,,
1368,4,阴唇(大)(小),labium (majus) (minus),D28.0,0.9591074585914612,,,,,
1368,4,阴茎,penis,D29.0,0.9647241234779358,,,,,
1368,4,阴囊,scrotum,D29.4,0.952446699142456,,,,,
1368,4,眦(眼),canthus (eye),D22.1,0.962986409664154,,,,,
1368,4,足，足跟,foot,D22.7,0.9171270728111267,,,,,
1368,3,草莓,strawberry,Q82.5,0.9322538375854492,,,,,
1368,3,单侧性,unius lateris,Q82.5,0.9952540397644043,,,,,
1368,3,多血性,sanguineous,Q82.5,0.9880052208900452,,,,,
1368,3,恶性(M8720/3)-见黑色素瘤,malignant (M8720/3)- see Melanoma,,0.9507403373718262,,,,,
1368,3,发育不良(M8727/0),dysplastic (M8727/0),,0.9962718486785889,,,,,
1368,3,非色素(M8730/0),nonpigmented(M8730/0),,0.976260781288147,,,,,
1368,3,非血管性(M8720/0),nonvascular (M8720/0),,0.9754018783569336,,,,,
1368,3,非肿瘤性,non-neoplastic,I78.1,0.9480727910995483,,,,,
1368,3,粉刺样,comedonicus,Q82.5,0.9732695817947388,,,,,
1368,3,复合(M8760/0),compound (M8760/0),,0.9896102547645569,,,,,
1368,3,海绵状(M9121/0),cavernous (M9121/0),D18.0,0.9897473454475403,,,,,
1368,3,黑(色素)(M8720/0),melanotic (pigmented) (M8720/0),,0.9798322916030884,,,,,
1368,3,结膜(M8720/0),conjunctiva (M8720/0),,0.9913769364356995,,,,,
1369,3,巨细胞(M8726/0),magnocellular (M8726/0),,0.9576733112335205,,,,,
1369,4,特指部位-见肿瘤，良性,"specified site - see Neoplasm,benign",,0.9715677499771118,,,,,
1369,4,未特指部位,unspecified site,D31.4,0.9757457375526428,,,,,
1369,3,口腔粘膜，白海绵状,"oral mucosa, white sponge",Q38.6,0.9877740144729614,,,,,
1369,3,蓝(M8780/0),blue (M8780/0),,0.9929019212722778,,,,,
1369,4,大(M8790/0),giant (M8790/0),,0.9590839743614197,,,,,
1369,4,恶性(M8780/3)-见黑色素瘤,malignant (M8780/3) - see Melanoma,,0.9906545877456665,,,,,
1369,4,细胞性(M8790/0),cellular (M8790/0),,0.9820002913475037,,,,,
1369,4,雅达松(M8780/0),Jadassohn's (M8780/0),,0.9915825724601746,,,,,
1369,3,老年,senile,I78.1,0.9820154905319214,,,,,
1369,3,连接处，交界(M8740/0),"junction, junctional (M8740/0)",,0.9967712759971619,,,,,
1369,4,恶性黑(色素)瘤中的(M8740/3),malignant melanoma in (M8740/3),C43.9,0.9668831825256348,,,,,
1369,3,淋巴管(M9170/0),lymphatic (M9170/0),D18.1,0.9936466217041016,,,,,
1369,3,毛，毛状(M8720/0),"pilosus, hairy (M8720/0)",,0.9977119565010071,,,,,
1369,3,毛细血管(M9131/0),capillary (M9131/0),D18.0,0.9818927645683289,,,,,
1369,3,皮肤(M8720/0)-见痣,skin (M8720/0)- see Nevus,,0.9778333902359009,,,,,
1369,3,皮内(M8750/0),intradermal (M8750/0),,0.9909408092498779,,,,,
1369,4,伴有表皮痣(M8760/0),with epidermal nevus (M8760/0),,0.9822997450828552,,,,,
1369,3,葡萄酒色,port wine,Q82.5,0.9917397499084473,,,,,
1369,3,气球细胞(M8722/0),balloon cell (M8722/0),,0.9927254319190979,,,,,
1369,3,躯干下部[巨大色素](M8761/1),bathing trunk (M8761/1),D48.5,0.9907898306846619,,,,,
1369,3,乳头状，乳头状瘤样(M8720/0),"papillaris, papillomatosus (M8720/0)",,0.9951519966125488,,,,,
1369,3,色素(M8720/0),pigmented (M8720/0),,0.9696224927902222,,,,,
1369,4,大(M8761/1)-另见肿瘤，皮肤，动态未定,"giant (M8761/1) - see also Neoplasm, skin, uncertain behavior",D48.5,0.9909514784812927,,,,,
1369,5,恶性黑(色素)瘤中的(M8761/3)-见黑色素瘤,malignant melanoma in (M8761/3) - see Melanoma,,0.9927998781204224,,,,,
1369,3,上皮样细胞(M8771/0),epitheloid cell (M8771/0),,0.9952287077903748,,,,,
1369,4,伴有梭形细胞(M8770/0),with spindle cell (M8770/0),,0.9917876720428467,,,,,
1369,3,梭形细胞(M8772/0),spindle cell (M8772/0),,0.9800400137901306,,,,,
1369,4,伴有上皮样细胞(M8770/0),with epithelioid cell (M8770/0),,0.9912312626838684,,,,,
1369,3,梭状和上皮样细胞-见痣，梭形细胞,"Spitz - see Nevus, spindle cell",,0.9931203126907349,,,,,
1369,3,退化(M8724/0),involuting (M8724/0),,0.9982512593269348,,,,,
1369,3,退行性(M8723/0),regressing (M8723/0),,0.9776007533073425,,,,,
1369,3,无色素性(M8730/0),"achromic, amelanotic (M8730/0)",,0.98929762840271,,,,,
1369,3,细胞性(M8720/0),cellular (M8720/0),,0.9957250356674194,,,,,
1369,4,蓝(M8790/0),blue (M8790/0),,0.9853520393371582,,,,,
1369,3,血管,vascular,Q82.5,0.9866383671760559,,,,,
1369,3,血管瘤性(M9120/0),"angiomatous, hemangiomatous (M9120/0)",D18.0,0.9901874661445618,,,,,
1369,3,雅达松蓝痣(M8780/0),Jadassohn's blue (M8780/0),,0.980139434337616,,,,,
1369,3,焰色,flammeus,Q82.5,0.9563801884651184,,,,,
1369,3,意指血管瘤(M9120/0),meaning hemangioma (M9120/0),D18.0,0.9850417971611023,,,,,
1369,3,疣性,verrucous,Q82.5,0.9664705991744995,,,,,
1370,3,幼年(M8770/0),juvenile (M8770/0),,0.9962971210479736,,,,,
1370,3,晕，晕样(M8723/0),"halo, Sutton's (M8723/0)",,0.9914740920066833,,,,,
1370,3,蜘蛛，蛛形，蛛状,"spider, stellar, araneus",I78.1,0.9897680878639221,,,,,
1370,2,痣癌(M8720/3)-见黑色素瘤,Nevocarcinoma (M8720/3) - see Melanoma,,0.9954670667648315,,,,,
1370,1,zhì 智,,,0.9997949004173279,,,,,
1370,2,智力 - 另见情况,Mental - see also condition,,0.903901219367981,,,,,
1370,3,低下-见发育迟缓，精神,"subnormality - see Retardation, mental",,0.9943506121635437,,,,,
1370,3,发育迟缓-见发育迟缓，精神,"retardation - see Retardation, mental",,0.9928354024887085,,,,,
1370,3,机能不全(先天性)(另见发育迟缓，精神),"insufficiency (congenital) (see also Retardation, mental)",F79,0.9896743893623352,,,,,
1370,3,缺陷-见发育迟缓，精神,"deficiency - see Retardation, mental",,0.9937639832496643,,,,,
1370,2,智力功能，交界,"Functioning, intellectual, borderline",R41.8,0.9979457855224609,,,,,
1370,2,智力缺陷(另见发育迟缓，精神),"Amentia (see also Retardation, mental)",F79,0.9889942407608032,,,,,
1370,2,智商 I.Q.,I.Q.,,0.9459053874015808,,,,,
1370,3,低于20,under 20,F73,0.9680486917495728,,,,,
1370,3,20-34,20-34,F72,0.9971467852592468,,,,,
1370,3,35-49,35-49,F71,0.9962707161903381,,,,,
1370,3,50-69,50-69,F70,0.961015522480011,,,,,
1370,1,zhì 置,,,0.9997751712799072,,,,,
1370,2,置换，用人工或机械性装置或假体,Replacement by artificial or mechanical device or prosthesis of,,0.9999184012413025,,,,,
1370,3,肠,intestine,Z96.8,0.9729009866714478,,,,,
1370,3,镫骨,stapes,Z96.2,0.9729127287864685,,,,,
1370,3,耳蜗,cochlea,Z96.2,0.9754204750061035,,,,,
1370,3,骨 NEC,bone NEC,Z96.7,0.92242830991745,,,,,
1370,3,关节,joint,Z96.6,0.9910003542900085,,,,,
1370,3,冠状动脉,coronary artery,Z95.5,0.9910027980804443,,,,,
1370,3,喉,larynx,Z96.3,0.9431004524230957,,,,,
1370,3,腱,tendon,Z96.7,0.9883541464805603,,,,,
1370,3,晶状体,lens,Z96.1,0.9506263136863708,,,,,
1370,3,膀胱,bladder,Z96.0,0.9712186455726624,,,,,
1370,3,器官NEC,organ NEC,Z96.8,0.9702968001365662,,,,,
1370,3,下颌骨NEC(为牙根植入物),mandible NEC (for tooth root implant(s)),Z96.5,0.9855728149414062,,,,,
1370,3,心脏,heart,Z95.8,0.961888313293457,,,,,
1370,4,瓣膜 NEC,valve NEC,Z95.4,0.9606908559799194,,,,,
1370,3,血管NEC,blood vessel NEC,Z95.8,0.980717658996582,,,,,
1370,3,冠状(动脉),coronary (artery),Z95.5,0.9804071187973022,,,,,
1370,3,牙,teeth,Z97.2,0.9444114565849304,,,,,
1370,3,牙根,tooth root(s),Z96.5,0.9758133888244629,,,,,
1371,3,咽鼓管,eustachian tube,Z96.2,0.9750350713729858,,,,,
1371,3,眼球,eye globe,Z97.0,0.9802843928337097,,,,,
1371,3,肢,limb(s),Z97.1,0.9619277715682983,,,,,
1371,3,周围血管 NEC,peripheral vessel NEC,Z95.8,0.9750680923461914,,,,,
1371,3,组织NEC,tissue NEC,Z96.8,0.9701290130615234,,,,,
1371,1,zhōng 中,,,0.9560571312904358,,,,,
1371,2,中,Middle,,0.9999551773071289,,,,,
1371,3,耳的 - 见情况,ear - see condition,,0.9599879384040833,,,,,
1371,3,叶综合征,lobe syndrome,J98.1,0.9967578053474426,,,,,
1371,2,中断,Stoppage,,0.999971866607666,,,,,
1371,3,尿,urine,R33,0.9424017667770386,,,,,
1371,2,中脑炎(另见 脑炎),Mesencephalitis (see also Encephalitis),G04.9,0.970678448677063,,,,,
1371,2,中肾瘤(恶性)(M9110/3)-另见肿瘤，恶性,"Mesonephroma (malignant) (M9110/3) - see also Neoplasm, malignant",,0.9888216257095337,,,,,
1371,3,良性(M9110/0)-见肿瘤，良性,"benign (M9110/0) - see Neoplasm, benign",,0.9726722836494446,,,,,
1371,2,中性粒细胞减少症(先天性)(药物性)(周期性)(原发性)(脾)(中毒性),"Neutropenia, neutropenic (congenital) (cyclic) (drug-induced) (periodic) (primary) (splenic) (toxic)",D70,0.9506576657295227,,,,,
1371,3,新生儿，暂时性(同种免疫性)(母体转移),"neonatal, transitory (isoimmune) (maternal transfer)",P61.5,0.9900354146957397,,,,,
1371,2,中幼粒细胞的 - 见情况,Myelocytic - see condition,,0.9708577990531921,,,,,
1371,2,中质层发育不全,Mesostromal dysgenesia,Q13.8,0.9948456287384033,,,,,
1371,1,zhōng 终,,,0.9998886585235596,,,,,
1371,2,终止,Termination,,0.9999801516532898,,,,,
1371,3,妊娠-见流产,pregnancy - see Abortion,,0.9947527647018433,,,,,
1371,1,zhǒng 肿,,,0.9799367189407349,,,,,
1371,2,肿,Phlegmasia,,0.9999097585678101,,,,,
1371,3,股白,alba dolens,O87.1,0.9316898584365845,,,,,
1371,3,非产褥期,nonpuerperal,I80.1,0.9602962136268616,,,,,
1371,3,疼痛性蓝,cerulea dolens,I80.2,0.9489579200744629,,,,,
1371,2,肿大(另见肿胀),"Swollen, Tumefaction (see also Swelling)",,0.9832307696342468,,,,,
1371,3,肝(另见肥大，肝),"liver (see also Hypertrophy, liver)",R16.0,0.987507700920105,,,,,
1371,3,晶状体(眼)(白内障),lens (eye) (cataract),H26.9,0.9680382013320923,,,,,
1371,2,肿块 - 另见肿物,Lump - see also Mass,,0.9240867495536804,,,,,
1371,3,腹内,intra-abdominal,R19.0,0.9773188829421997,,,,,
1371,3,盆腔,pelvic,R19.0,0.9450820088386536,,,,,
1371,3,乳房,breast,N63,0.8929538130760193,,,,,
1372,2,肿瘤，肿瘤性,"Neoplasm, neoplastic",C80 D09.9 D36.9 D48.9,0.999890148639679,C80,,D09.9,D36.9,D48.9
1372,3,巴多林腺[前庭大腺],Bartholin's gland,C51.0 C79.8 D07.1 D28.0 D39.7,0.9944226145744324,C51.0,C79.8,D07.1,D28.0,D39.7
1372,3,半球，大脑的,"hemisphere, cerebral",C71.0 C79.3 D33.0 D43.0,0.9739801287651062,C71.0,C79.3,,D33.0,D43.0
1372,3,半月板，膝关节(外侧)(内侧),"meniscus, knee joint (lateral) (medial)",C40.2 C79.5 D16.2 D48.0,0.9716802835464478,C40.2,C79.5,,D16.2,D48.0
1372,3,包皮,"foreskin, prepuce",C60.0 C79.8 D07.4 D29.0 D40.7,0.9842492341995239,C60.0,C79.8,D07.4,D29.0,D40.7
1372,3,背部 NEC #,back NEC #,C76.7 C79.8 D04.5 D36.7 D48.7,0.933570146560669,C76.7,C79.8,D04.5,D36.7,D48.7
1372,3,贲门,cardia (gastric),C16.0 C78.8 D00.2 D13.1 D37.1,0.9677764773368835,C16.0,C78.8,D00.2,D13.1,D37.1
1372,3,贲门口(胃),cardiac orifice (stomach),C16.0 C78.8 D00.2 D13.1 D37.1,0.9974989295005798,C16.0,C78.8,D00.2,D13.1,D37.1
1372,3,贲门食管,cardioesophagus,C16.0 C78.8 D00.2 D13.1 D37.1,0.9831626415252686,C16.0,C78.8,D00.2,D13.1,D37.1
1372,3,贲门食管连接处,cardioesophageal junction,C16.0 C78.8 D00.2 D13.1 D37.1,0.9804587960243225,C16.0,C78.8,D00.2,D13.1,D37.1
1373,3,鼻,"nose, nasal",C76.0 C79.8 D04.3 D36.7 D48.7,0.9833596348762512,C76.0,C79.8,D04.3,D36.7,D48.7
1373,4,窦 - 见肿瘤，窦,"sinus - see Neoplasm, sinus",,0.934402585029602,,,,,
1373,4,骨,bone,C41.0 C79.5 D16.4 D48.0,0.7824065089225769,C41.0,C79.5,,D16.4,D48.0
1373,4,后孔,choana,C11.3 C79.8 D00.0 D10.6 D37.0,0.8813028931617737,C11.3,C79.8,D00.0,D10.6,D37.0
1373,4,甲(粘膜),turbinate (mucosa),C30.0 C78.3 D02.3 D14.0 D38.5,0.8406610488891602,C30.0,C78.3,D02.3,D14.0,D38.5
1373,5,骨,bone,C41.0 C79.5 D16.4 D48.0,0.6653380990028381,C41.0,C79.5,,D16.4,D48.0
1373,4,内的,internal,C30.0 C78.3 D02.3 D14.0 D38.5,0.8144235610961914,C30.0,C78.3,D02.3,D14.0,D38.5
1373,4,粘膜,mucosa,C30.0 C78.3 D02.3 D14.0 D38.5,0.8620176911354065,C30.0,C78.3,D02.3,D14.0,D38.5
1373,4,皮肤,skin,C44.3 C79.2 D04.3 D23.3 D48.5,0.7460830211639404,C44.3,C79.2,D04.3,D23.3,D48.5
1373,4,前庭,vestibule,C30.0 C78.3 D02.3 D14.0 D38.5,0.7977465391159058,C30.0,C78.3,D02.3,D14.0,D38.5
1373,4,腔,cavity,C30.0 C78.3 D02.3 D14.0 D38.5,0.7213048934936523,C30.0,C78.3,D02.3,D14.0,D38.5
1373,4,软骨,cartilage,C30.0 C78.3 D02.3 D14.0 D38.5,0.7876800298690796,C30.0,C78.3,D02.3,D14.0,D38.5
1373,4,外部(皮肤),external (skin),C44.3 C79.2 D04.3 D23.3 D48.5,0.8951815366744995,C44.3,C79.2,D04.3,D23.3,D48.5
1373,4,窝,fossa,C30.0 C78.3 D02.3 D14.0 D38.5,0.8130488395690918,C30.0,C78.3,D02.3,D14.0,D38.5
1373,4,翼(外部的),ala (external),C44.3 C79.2 D04.3 D23.3 D48.5,0.9324806928634644,C44.3,C79.2,D04.3,D23.3,D48.5
1373,4,中隔,septum,C30.0 C78.3 D02.3 D14.0 D38.5,0.7265517711639404,C30.0,C78.3,D02.3,D14.0,D38.5
1373,5,后缘,posterior margin,C11.3 C79.8 D00.0 D10.6 D37.0,0.7479004859924316,C11.3,C79.8,D00.0,D10.6,D37.0
1373,3,鼻唇沟,nasolabial groove,C44.3 C79.2 D04.3 D23.3 D48.5,0.9928775429725647,C44.3,C79.2,D04.3,D23.3,D48.5
1373,3,鼻后间隙,postnasal space,C11.9 C79.8 D00.0 D10.6 D37.0,0.9916940927505493,C11.9,C79.8,D00.0,D10.6,D37.0
1373,3,鼻后孔,choana,C11.3 C79.8 D00.0 D10.6 D37.0,0.9288254380226135,C11.3,C79.8,D00.0,D10.6,D37.0
1373,3,鼻甲(骨),turbinate (bone),C41.0 C79.5 D16.4 D48.0,0.973779559135437,C41.0,C79.5,,D16.4,D48.0
1373,4,鼻的,nasal,C30.0 C78.3 D02.3 D14.0 D38.5,0.8440256118774414,C30.0,C78.3,D02.3,D14.0,D38.5
1373,3,鼻孔(前的)(后的),"nares, naris, nostril (anterior) (posterior)",C30.0 C78.3 D02.3 D14.0 D38.5,0.9960892200469971,C30.0,C78.3,D02.3,D14.0,D38.5
1373,3,鼻泪管,nasolacrimal duct,C69.5 C79.4 D09.2 D31.5 D48.7,0.9916941523551941,C69.5,C79.4,D09.2,D31.5,D48.7
1373,3,鼻旁窦 - 见肿瘤，窦,"accessory sinus - see Neoplasm, sinus",,0.990120530128479,,,,,
1373,3,鼻咽,nasopharynx,C11.9 C79.8 D00.0 D10.6 D37.0,0.9694359302520752,C11.9,C79.8,D00.0,D10.6,D37.0
1373,4,壁,wall,C11.9 C79.8 D00.0 D10.6 D37.0,0.7245306372642517,C11.9,C79.8,D00.0,D10.6,D37.0
1373,5,外侧,lateral,C11.2 C79.8 D00.0 D10.6 D37.0,0.8037171363830566,C11.2,C79.8,D00.0,D10.6,D37.0
1373,5,前,anterior,C11.3 C79.8 D00.0 D10.6 D37.0,0.877249002456665,C11.3,C79.8,D00.0,D10.6,D37.0
1373,4,底,floor,C11.3 C79.8 D00.0 D10.6 D37.0,0.9032939076423645,C11.3,C79.8,D00.0,D10.6,D37.0
1373,4,顶,roof,C11.0 C79.8 D00.0 D10.6 D37.0,0.6684264540672302,C11.0,C79.8,D00.0,D10.6,D37.0
1373,4,后,posterior,C11.1 C79.8 D00.0 D10.6 D37.0,0.9414399266242981,C11.1,C79.8,D00.0,D10.6,D37.0
1373,5,上,superior,C11.0 C79.8 D00.0 D10.6 D37.0,0.677472710609436,C11.0,C79.8,D00.0,D10.6,D37.0
1373,3,鼻翼(外部的),ala nasi (external),C44.3 C79.2 D04.3 D23.3 D48.5,0.9865229725837708,C44.3,C79.2,D04.3,D23.3,D48.5
1373,3,臂 NEC #,arm NEC #,C76.4 C79.8 D04.6 D36.7 D48.7,0.937541663646698,C76.4,C79.8,D04.6,D36.7,D48.7
1373,3,臂丛神经,brachial plexus,C47.1 C79.8 D36.1 D48.2,0.989317774772644,C47.1,C79.8,,D36.1,D48.2
1374,3,扁桃体,tonsil,C09.9 C79.8 D00.0 D10.4 D37.0,0.9442917108535767,C09.9,C79.8,D00.0,D10.4,D37.0
1374,4,腭,palatine,C09.9 C79.8 D00.0 D10.4 D37.0,0.7022297978401184,C09.9,C79.8,D00.0,D10.4,D37.0
1374,4,舌,lingual,C02.4 C79.8 D00.0 D10.1 D37.0,0.6237460970878601,C02.4,C79.8,D00.0,D10.1,D37.0
1374,4,咽,pharyngeal,C11.1 C79.8 D00.0 D10.6 D37.0,0.7764680981636047,C11.1,C79.8,D00.0,D10.6,D37.0
1374,4,咽门,"fauces, faucial",C09.9 C79.8 D00.0 D10.4 D37.0,0.7792530059814453,C09.9,C79.8,D00.0,D10.4,D37.0
1374,4,柱(前)(后),pillar (anterior) (posterior),C09.1 C79.8 D00.0 D10.5 D37.0,0.958924412727356,C09.1,C79.8,D00.0,D10.5,D37.0
1374,3,扁桃体窝,tonsillar fossa,C09.0 C79.8 D00.0 D10.5 D37.0,0.9964203834533691,C09.0,C79.8,D00.0,D10.5,D37.0
1374,3,髌,patella,C40.3 C79.5 D16.3 D48.0,0.7854657769203186,C40.3,C79.5,,D16.3,D48.0
1374,3,病，全身性,"disease, generalized",C80,0.9933863878250122,C80,,,,
1374,3,播散性,disseminated,C80,0.9555779099464417,C80,,,,
1374,3,残端，颈的,"stump, cervical",C53.8 C79.8 D06.7 D26.0 D39.0,0.9695127010345459,C53.8,C79.8,D06.7,D26.0,D39.0
1374,3,苍白球,globus pallidus,C71.0 C79.3 D33.0 D43.0,0.9876773357391357,C71.0,C79.3,,D33.0,D43.0
1374,3,肠,"intestine, bowel, intestinal, enteric",C26.0 C78.5 D01.4 D13.9 D37.7,0.9840325117111206,C26.0,C78.5,D01.4,D13.9,D37.7
1374,4,大,large,C18.9 C78.5 D01.0 D12.6 D37.4,0.9062548875808716,C18.9,C78.5,D01.0,D12.6,D37.4
1374,5,肝曲,hepatic flexure,C18.3 C78.5 D01.0 D12.3 D37.4,0.8960697054862976,C18.3,C78.5,D01.0,D12.3,D37.4
1374,5,回盲肠,ileocecum,C18.0 C78.5 D01.0 D12.0 D37.4,0.8784890174865723,C18.0,C78.5,D01.0,D12.0,D37.4
1374,5,结肠,colon,C18.9 C78.5 D01.0 D12.6 D37.4,0.7963248491287231,C18.9,C78.5,D01.0,D12.6,D37.4
1374,3,和直肠,with rectum,C19 C78.5 D01.1 D12.7 D37.5,0.9252197742462158,C19,C78.5,D01.1,D12.7,D37.5
1374,3,横,transverse,C18.4 C78.5 D01.0 D12.3 D37.4,0.9893476963043213,C18.4,C78.5,D01.0,D12.3,D37.4
1374,4,降,descending,C18.6 C78.5 D01.0 D12.4 D37.4,0.8213887214660645,C18.6,C78.5,D01.0,D12.4,D37.4
1374,5,盆腔,pelvic,C18.7 C78.5 D01.0 D12.5 D37.4,0.7799681425094604,C18.7,C78.5,D01.0,D12.5,D37.4
1374,5,升,ascending,C18.2 C78.5 D01.0 D12.2 D37.4,0.5890063643455505,C18.2,C78.5,D01.0,D12.2,D37.4
1374,3,头(盲肠),caput,C18.0 C78.5 D01.0 D12.0 D37.4,0.99944669008255,C18.0,C78.5,D01.0,D12.0,D37.4
1374,4,乙状(曲),sigmoid (flexure),C18.7 C78.5 D01.0 D12.5 D37.4,0.904626190662384,C18.7,C78.5,D01.0,D12.5,D37.4
1374,4,右,right,C18.2 C78.5 D01.0 D12.2 D37.4,0.7683518528938293,C18.2,C78.5,D01.0,D12.2,D37.4
1374,3,远端,distal,C18.7 C78.5 D01.0 D12.5 D37.4,0.9759353995323181,C18.7,C78.5,D01.0,D12.5,D37.4
1374,3,左,left,C18.6 C78.5 D01.0 D12.4 D37.4,0.9630106091499329,C18.6,C78.5,D01.0,D12.4,D37.4
1374,3,阑尾,appendix,C18.1 C78.5 D01.0 D12.1 D37.3,0.9171107411384583,C18.1,C78.5,D01.0,D12.1,D37.3
1374,3,盲肠,cecum,C18.0 C78.5 D01.0 D12.0 D37.4,0.9986069202423096,C18.0,C78.5,D01.0,D12.0,D37.4
1374,3,脾曲,splenic flexure,C18.5 C78.5 D01.0 D12.3 D37.4,0.9981979131698608,C18.5,C78.5,D01.0,D12.3,D37.4
1374,3,乙状结肠曲,sigmoid flexure,C18.7 C78.5 D01.0 D12.5 D37.4,0.9507350325584412,C18.7,C78.5,D01.0,D12.5,D37.4
1374,3,小,small,C17.9 C78.4 D01.4 D13.3 D37.2,0.9737136960029602,C17.9,C78.4,D01.4,D13.3,D37.2
1374,3,回肠,ileum,C17.2 C78.4 D01.4 D13.3 D37.2,0.998662531375885,C17.2,C78.4,D01.4,D13.3,D37.2
1374,3,空肠,jejunum,C17.1 C78.4 D01.4 D13.3 D37.2,0.9961638450622559,C17.1,C78.4,D01.4,D13.3,D37.2
1374,4,十二指肠,duodenum,C17.0 C78.4 D01.4 D13.2 D37.2,0.9896172881126404,C17.0,C78.4,D01.4,D13.2,D37.2
1374,4,道 NEC,tract NEC,C26.0 C78.5 D01.4 D13.9 D37.7,0.7939204573631287,C26.0,C78.5,D01.4,D13.9,D37.7
1374,3,肠系膜,"mesentery, mesenteric",C48.1 C78.6 D20.1 D48.4,0.977607011795044,C48.1,C78.6,,D20.1,D48.4
1374,3,尺骨(任何部分),ulna (any part),C40.0 C79.5 D16.0 D48.0,0.977555513381958,C40.0,C79.5,,D16.0,D48.0
1375,3,耻骨,pubic bone,C41.4 C79.5 D16.8 D48.0,0.9881402850151062,C41.4,C79.5,,D16.8,D48.0
1375,3,耻骨联合,symphysis pubis,C41.4 C79.5 D16.8 D48.0,0.9689569473266602,C41.4,C79.5,,D16.8,D48.0
1375,3,处女膜,hymen,C52 C79.8 D07.2 D28.1 D39.7,0.9828745722770691,C52,C79.8,D07.2,D28.1,D39.7
1375,3,垂体(窝)(腺)(叶),"pituitary, hypophysis (body) (fossa) (gland) (lobe)",C75.1 C79.8 D09.3 D35.2 D44.3,0.9753667712211609,C75.1,C79.8,D09.3,D35.2,D44.3
1375,3,唇,"lip, labial",C00.9 C79.8 D00.0 D10.0 D37.0,0.9841354489326477,C00.9,C79.8,D00.0,D10.0,D37.0
1375,4,沟(下)(上),sulcus (lower) (upper),C06.1 C79.8 D00.0 D10.3 D37.0,0.8084452748298645,C06.1,C79.8,D00.0,D10.3,D37.0
1375,4,颊面 - 见肿瘤，唇，内,"buccal aspect - see Neoplasm, lip, internal",,0.7466493844985962,,,,,
1375,4,连合,commissure,C00.6 C79.8 D00.0 D10.0 D37.0,0.6946133375167847,C00.6,C79.8,D00.0,D10.0,D37.0
1375,4,外,external,C00.2 C79.8 D00.0 D10.0 D37.0,0.909082293510437,C00.2,C79.8,D00.0,D10.0,D37.0
1375,5,下,lower,C00.1 C79.8 D00.0 D10.0 D37.0,0.7559587359428406,C00.1,C79.8,D00.0,D10.0,D37.0
1375,5,上,upper,C00.0 C79.8 D00.0 D10.0 D37.0,0.9903536438941956,C00.0,C79.8,D00.0,D10.0,D37.0
1375,4,系带 - 见肿瘤，唇，内,"frenulum - see Neoplasm, lip, internal",,0.8906298875808716,,,,,
1375,4,内面 - 见肿瘤，唇，内,"inner aspect - see Neoplasm, lip, internal",,0.9326525926589966,,,,,
1375,4,内,internal,C00.5 C79.8 D00.0 D10.0 D37.0,0.9560856819152832,C00.5,C79.8,D00.0,D10.0,D37.0
1375,5,下,lower,C00.4 C79.8 D00.0 D10.0 D37.0,0.8995305299758911,C00.4,C79.8,D00.0,D10.0,D37.0
1375,5,上,upper,C00.3 C79.8 D00.0 D10.0 D37.0,0.6136903166770935,C00.3,C79.8,D00.0,D10.0,D37.0
1375,4,唇膏区,lipstick area,C00.2 C79.8 D00.0 D10.0 D37.0,0.9110260009765625,C00.2,C79.8,D00.0,D10.0,D37.0
1375,5,下,lower,C00.1 C79.8 D00.0 D10.0 D37.0,0.836710512638092,C00.1,C79.8,D00.0,D10.0,D37.0
1375,5,上,upper,C00.0 C79.8 D00.0 D10.0 D37.0,0.8548486828804016,C00.0,C79.8,D00.0,D10.0,D37.0
1375,4,下,lower,C00.1 C79.8 D00.0 D10.0 D37.0,0.9341704845428467,C00.1,C79.8,D00.0,D10.0,D37.0
1375,5,内,internal,C00.4 C79.8 D00.0 D10.0 D37.0,0.9261366724967957,C00.4,C79.8,D00.0,D10.0,D37.0
1375,4,粘膜 - 见肿瘤，唇，内,"mucosa - see Neoplasm, lip, internal",,0.8852165341377258,,,,,
1375,4,口腔面 - 见肿瘤，唇，内,"oral aspect - see Neoplasm, lip, internal",,0.7730045318603516,,,,,
1375,4,皮肤(连合)(下的)(上的),skin (commissure) (lower) (upper),C44.0 C79.2 D04.0 D23.0 D48.5,0.8401193618774414,C44.0,C79.2,D04.0,D23.0,D48.5
1375,4,上,upper,C00.0 C79.8 D00.0 D10.0 D37.0,0.6974719166755676,C00.0,C79.8,D00.0,D10.0,D37.0
1375,5,内,internal,C00.3 C79.8 D00.0 D10.0 D37.0,0.8410496711730957,C00.3,C79.8,D00.0,D10.0,D37.0
1375,4,唇红缘,vermilion border,C00.2 C79.8 D00.0 D10.0 D37.0,0.9743750691413879,C00.2,C79.8,D00.0,D10.0,D37.0
1375,5,下,lower,C00.1 C79.8 D00.0 D10.0 D37.0,0.888861358165741,C00.1,C79.8,D00.0,D10.0,D37.0
1375,5,上,upper,C00.0 C79.8 D00.0 D10.0 D37.0,0.6656899452209473,C00.0,C79.8,D00.0,D10.0,D37.0
1375,3,唇红缘 - 见肿瘤，唇,"vermilion border - see Neoplasm, lip",,0.9886153340339661,,,,,
1375,3,丛,plexus,,0.9074932932853699,,,,,
1375,4,臂,brachial,C47.1 C79.8 D36.1 D48.2,0.7515519261360168,C47.1,C79.8,,D36.1,D48.2
1375,4,颈,cervical,C47.0 C79.8 D36.1 D48.2,0.6877042651176453,C47.0,C79.8,,D36.1,D48.2
1376,4,脉络丛,choroid,C71.5 C79.3 D33.0 D43.0,0.8772073984146118,C71.5,C79.3,,D33.0,D43.0
1376,4,腰骶,lumbosacral,C47.5 C79.8 D36.1 D48.2,0.8207089900970459,C47.5,C79.8,,D36.1,D48.2
1376,4,骶,sacral,C47.5 C79.8 D36.1 D48.2,0.8938013911247253,C47.5,C79.8,,D36.1,D48.2
1376,3,大脑(皮质)(半球)(脑白质),"cerebrum, cerebral (cortex) (hemisphere)(white matter)",C71.0 C79.3 D33.0 D43.0,0.9745277762413025,C71.0,C79.3,,D33.0,D43.0
1376,4,脚,peduncle,C71.7 C79.3 D33.1 D43.1,0.7611808776855469,C71.7,C79.3,,D33.1,D43.1
1376,4,脑(脊)膜,meninges,C70.0 C79.3 D32.0 D42.0,0.8727203607559204,C70.0,C79.3,,D32.0,D42.0
1376,4,室(大脑的)(侧的)(第三),ventricle (cerebral) (lateral) (third),C71.5 C79.3 D33.0 D43.0,0.9421212673187256,C71.5,C79.3,,D33.0,D43.0
1376,5,第四,fourth,C71.7 C79.3 D33.1 D43.1,0.8799756765365601,C71.7,C79.3,,D33.1,D43.1
1376,3,大脑脚,basis pedunculi,C71.7 C79.3 D33.1 D43.1,0.9938246011734009,C71.7,C79.3,,D33.1,D43.1
1376,3,大脑皮层,pallium,C71.0 C79.3 D33.0 D43.0,0.936922550201416,C71.0,C79.3,,D33.0,D43.0
1376,3,大腿 NEC #,thigh NEC #,C76.5 C79.8 D04.7 D36.7 D48.7,0.9428048133850098,C76.5,C79.8,D04.7,D36.7,D48.7
1376,3,大血管 NEC,great vessels NEC,C49.3 C79.8 D21.3 D48.1,0.9882940053939819,C49.3,C79.8,,D21.3,D48.1
1376,3,胆(道),bile or biliary (tract),C24.9 C78.8 D01.5 D13.5 D37.6,0.9973578453063965,C24.9,C78.8,D01.5,D13.5,D37.6
1376,4,管，小叶间的,"canals, interlobular",C22.1 C78.8 D01.5 D13.4 D37.6,0.9621906876564026,C22.1,C78.8,D01.5,D13.4,D37.6
1376,4,管或道(总的)(囊的)(肝外),duct or passage (common) (cystic) (extrahepatic),C24.0 C78.8 D01.5 D13.5 D37.6,0.9589840769767761,C24.0,C78.8,D01.5,D13.5,D37.6
1376,5,肝内,intrahepatic,C22.1 C78.8 D01.5 D13.4 D37.6,0.8131493330001831,C22.1,C78.8,D01.5,D13.4,D37.6
1376,6,和肝外,with extrahepatic,C24.8 C78.8 D01.5 D13.5 D37.6,0.8789907693862915,C24.8,C78.8,D01.5,D13.5,D37.6
1376,5,小叶间,interlobular,C22.1 C78.8 D01.5 D13.4 D37.6,0.8715226054191589,C22.1,C78.8,D01.5,D13.4,D37.6
1376,3,胆管(肝外),gall duct (extrahepatic),C24.0 C78.8 D01.5 D13.5 D37.6,0.998308539390564,C24.0,C78.8,D01.5,D13.5,D37.6
1376,4,肝内,intrahepatic,C22.1 C78.8 D01.5 D13.4 D37.6,0.7879936099052429,C22.1,C78.8,D01.5,D13.4,D37.6
1376,3,胆囊,gallbladder,C23 C78.8 D01.5 D13.5 D37.6,0.9599557518959045,C23,C78.8,D01.5,D13.5,D37.6
1376,3,胆囊管,cystic (bile) duct,C24.0 C78.8 D01.5 D13.5 D37.6,0.9745034575462341,C24.0,C78.8,D01.5,D13.5,D37.6
1376,3,胆总管,"choledochal duct, common (bile) duct",C24.0 C78.8 D01.5 D13.5 D37.6,0.9927821159362793,C24.0,C78.8,D01.5,D13.5,D37.6
1376,3,岛组织(胰腺),insular tissue (pancreas),C25.4 C78.8 D01.7 D13.7 D37.7,0.9841722846031189,C25.4,C78.8,D01.7,D13.7,D37.7
1376,4,脑,brain,C71.0 C79.3 D33.0 D43.0,0.7065450549125671,C71.0,C79.3,,D33.0,D43.0
1376,3,道，外部的(耳),"meatus, external (ear)",C44.2 C79.2 D04.2 D23.2 D48.5,0.974327564239502,C44.2,C79.2,D04.2,D23.2,D48.5
1376,3,道格拉斯陷凹或囊(直肠子宫陷凹),Douglas' cul de sac or pouch,C48.1 C78.6 D20.1 D48.4,0.9880684614181519,C48.1,C78.6,,D20.1,D48.4
1376,3,底,fundus,,0.9468094706535339,,,,,
1376,4,胃,stomach,C16.1 C78.8 D00.2 D13.1 D37.1,0.7007519602775574,C16.1,C78.8,D00.2,D13.1,D37.1
1376,4,子宫,uterus,C54.3 C79.8 D07.3 D26.1 D39.0,0.8168743848800659,C54.3,C79.8,D07.3,D26.1,D39.0
1376,3,骶骨(椎骨),"sacrum, sacral (vertebra)",C41.4 C79.5 D16.8 D48.0,0.9855599999427795,C41.4,C79.5,,D16.8,D48.0
1376,3,骶骨前(区),presacral (region),C76.3 C79.8 D36.7 D48.7,0.969536304473877,C76.3,C79.8,,D36.7,D48.7
1376,3,骶骨子宫韧带,sacrouterine ligament,C57.3 C79.8 D28.2 D39.7,0.990770697593689,C57.3,C79.8,,D28.2,D39.7
1376,3,骶尾骨,"sacrococcyx, sacrococcygeal",C41.4 C79.5 D16.8 D48.0,0.806456983089447,C41.4,C79.5,,D16.8,D48.0
1376,4,区,region,C76.3 C79.8 D09.7 D36.7 D48.7,0.6867051124572754,C76.3,C79.8,D09.7,D36.7,D48.7
1377,3,蝶鞍，骨,"sella turcica, bone",C41.0 C79.5 D16.4 D48.0,0.9914423227310181,C41.0,C79.5,,D16.4,D48.0
1377,3,蝶鞍内,intrasellar,C75.1 C79.8 D09.3 D35.2 D44.3,0.9686185717582703,C75.1,C79.8,D09.3,D35.2,D44.3
1377,3,蝶鞍旁,parasellar,C72.9 C79.4 D33.9 D43.9,0.953940212726593,C72.9,C79.4,,D33.9,D43.9
1377,3,蝶鞍上(区),suprasellar (region),C71.9 C79.3 D33.2 D43.2,0.9892598390579224,C71.9,C79.3,,D33.2,D43.2
1377,3,蝶骨,sphenoid,C31.3 C78.3 D02.3 D14.0 D38.5,0.9370414018630981,C31.3,C78.3,D02.3,D14.0,D38.5
1377,4,窦,sinus,C31.3 C78.3 D02.3 D14.0 D38.5,0.8335323333740234,C31.3,C78.3,D02.3,D14.0,D38.5
1377,4,骨,bone,C41.0 C79.5 D16.4 D48.0,0.7695791721343994,C41.0,C79.5,,D16.4,D48.0
1377,3,顶叶,parietal lobe,C71.3 C79.3 D33.0 D43.0,0.9755423665046692,C71.3,C79.3,,D33.0,D43.0
1377,3,动脉 - 见肿瘤，结缔组织,"artery - see Neoplasm, connective tissue",,0.9489563703536987,,,,,
1377,3,窦(旁窦),sinus (accessory),C31.9 C78.3 D02.3 D14.0 D38.5,0.9971377849578857,C31.9,C78.3,D02.3,D14.0,D38.5
1377,4,鼻，鼻旁 NEC,"nasal, paranasal NEC",C31.9 C78.3 D02.3 D14.0 D38.5,0.9615587592124939,C31.9,C78.3,D02.3,D14.0,D38.5
1377,4,蝶骨,sphenoidal,C31.3 C78.3 D02.3 D14.0 D38.5,0.829896867275238,C31.3,C78.3,D02.3,D14.0,D38.5
1377,4,额,frontal,C31.2 C78.3 D02.3 D14.0 D38.5,0.816057026386261,C31.2,C78.3,D02.3,D14.0,D38.5
1377,4,骨(任何),bone (any),C41.0 C79.5 D16.4 D48.0,0.9104285836219788,C41.0,C79.5,,D16.4,D48.0
1377,4,梨状,piriform,C12 C79.8 D00.0 D10.7 D37.0,0.7896578311920166,C12,C79.8,D00.0,D10.7,D37.0
1377,4,筛,ethmoidal,C31.1 C78.3 D02.3 D14.0 D38.5,0.8378503918647766,C31.1,C78.3,D02.3,D14.0,D38.5
1377,4,上颌,maxillary,C31.0 C78.3 D02.3 D14.0 D38.5,0.8691422343254089,C31.0,C78.3,D02.3,D14.0,D38.5
1377,3,窦(海默尔)(上颌),antrum (Highmore) (maxillary),C31.0 C78.3 D02.3 D14.0 D38.5,0.9873747825622559,C31.0,C78.3,D02.3,D14.0,D38.5
1377,4,鼓,tympanicum,C30.1 C78.3 D02.3 D14.0 D38.5,0.8776169419288635,C30.1,C78.3,D02.3,D14.0,D38.5
1377,4,幽门,pyloric,C16.3 C78.8 D00.2 D13.1 D37.1,0.9120302796363831,C16.3,C78.8,D00.2,D13.1,D37.1
1377,3,多发性，恶性(独立的原发部位),"multiple, malignant (independent primary sites)",C97,0.9632198214530945,C97,,,,
1377,3,多内分泌,pluriendocrine,C75.8 C79.8 D09.3 D35.8 D44.8,0.9578440189361572,C75.8,C79.8,D09.3,D35.8,D44.8
1377,3,额(前),forehead,C44.3 C79.2 D04.3 D23.3 D48.5,0.9723958969116211,C44.3,C79.2,D04.3,D23.3,D48.5
1377,3,额,frontal,,0.9445621967315674,,,,,
1377,4,窦,sinus,C31.2 C78.3 D02.3 D14.0 D38.5,0.6966371536254883,C31.2,C78.3,D02.3,D14.0,D38.5
1377,4,骨,bone,C41.0 C79.5 D16.4 D48.0,0.8314240574836731,C41.0,C79.5,,D16.4,D48.0
1377,4,极,pole,C71.1 C79.3 D33.0 D43.0,0.8338046073913574,C71.1,C79.3,,D33.0,D43.0
1377,4,叶,lobe,C71.1 C79.3 D33.0 D43.0,0.8168601989746094,C71.1,C79.3,,D33.0,D43.0
1377,3,腭,palate,C05.9 C79.8 D00.0 D10.3 D37.0,0.9193848967552185,C05.9,C79.8,D00.0,D10.3,D37.0
1377,4,软,soft,C05.1 C79.8 D00.0 D10.3 D37.0,0.6977818608283997,C05.1,C79.8,D00.0,D10.3,D37.0
1377,5,鼻咽表面,nasopharyngeal surface,C11.3 C79.8 D00.0 D10.6 D37.0,0.9315207600593567,C11.3,C79.8,D00.0,D10.6,D37.0
1377,5,后面,posterior surface,C11.3 C79.8 D00.0 D10.6 D37.0,0.8397907018661499,C11.3,C79.8,D00.0,D10.6,D37.0
1377,4,上面,superior surface,C11.3 C79.8 D00.0 D10.6 D37.0,0.8126658797264099,C11.3,C79.8,D00.0,D10.6,D37.0
1377,4,硬,hard,C05.0 C79.8 D00.0 D10.3 D37.0,0.8765538334846497,C05.0,C79.8,D00.0,D10.3,D37.0
1377,4,硬和软的连接处,junction of hard and soft,C05.8 C79.8 D00.0 D10.3 D37.0,0.9726371765136719,C05.8,C79.8,D00.0,D10.3,D37.0
1377,3,腭舌弓,palatoglossal arch,C09.1 C79.8 D00.0 D10.5 D37.0,0.9845823049545288,C09.1,C79.8,D00.0,D10.5,D37.0
1377,3,腭咽弓,palatopharyngeal arch,C09.1 C79.8 D00.0 D10.5 D37.0,0.9858160018920898,C09.1,C79.8,D00.0,D10.5,D37.0
1378,3,耳(外部),ear (external),C44.2 C79.2 D04.2 D23.2 D48.5,0.9636094570159912,C44.2,C79.2,D04.2,D23.2,D48.5
1378,4,垂,lobule,C44.2 C79.2 D04.2 D23.2 D48.5,0.8154879212379456,C44.2,C79.2,D04.2,D23.2,D48.5
1378,4,耳廓,auricle,C44.2 C79.2 D04.2 D23.2 D48.5,0.8006213903427124,C44.2,C79.2,D04.2,D23.2,D48.5
1378,4,管,canal,C44.2 C79.2 D04.2 D23.2 D48.5,0.8197224736213684,C44.2,C79.2,D04.2,D23.2,D48.5
1378,4,内,inner,C30.1 C78.3 D02.3 D14.0 D38.5,0.7107976078987122,C30.1,C78.3,D02.3,D14.0,D38.5
1378,4,皮肤,skin,C44.2 C79.2 D04.2 D23.2 D48.5,0.7585817575454712,C44.2,C79.2,D04.2,D23.2,D48.5
1378,4,软骨,cartilage,C49.0 C79.8 D21.0 D48.1,0.7862505912780762,C49.0,C79.8,,D21.0,D48.1
1378,4,外耳道,external meatus,C44.2 C79.2 D04.2 D23.2 D48.5,0.8944560885429382,C44.2,C79.2,D04.2,D23.2,D48.5
1378,4,中,middle,C30.1 C78.3 D02.3 D14.0 D38.5,0.6972566246986389,C30.1,C78.3,D02.3,D14.0,D38.5
1378,3,耳垂,earlobe,C44.2 C79.2 D04.2 D23.2 D48.5,0.9424772262573242,C44.2,C79.2,D04.2,D23.2,D48.5
1378,3,耳道(外部),auricular canal (external),C44.2 C79.2 D04.2 D23.2 D48.5,0.9776377081871033,C44.2,C79.2,D04.2,D23.2,D48.5
1378,3,耳廓 NEC,"pinna, auricle (ear) NEC",C44.2 C79.2 D04.2 D23.2 D48.5,0.9494523406028748,C44.2,C79.2,D04.2,D23.2,D48.5
1378,4,软骨,cartilage,C49.0 C79.8 D21.0 D48.1,0.863075315952301,C49.0,C79.8,,D21.0,D48.1
1378,3,耳轮,helix,C44.2 C79.2 D04.2 D23.2 D48.5,0.927471935749054,C44.2,C79.2,D04.2,D23.2,D48.5
1378,3,耳屏,tragus,C44.2 C79.2 D04.2 D23.2 D48.5,0.9251326322555542,C44.2,C79.2,D04.2,D23.2,D48.5
1378,3,法特壶腹,ampulla of Vater,C24.1 C78.8 D01.5 D13.5 D37.6,0.9880097508430481,C24.1,C78.8,D01.5,D13.5,D37.6
1378,3,房，心的,"atrium, cardiac",C38.0 C79.8 D15.1 D48.7,0.9684720635414124,C38.0,C79.8,,D15.1,D48.7
1378,3,腓肠 #,calf #,C76.5 C79.8 D04.7 D36.7 D48.7,0.9306468367576599,C76.5,C79.8,D04.7,D36.7,D48.7
1378,3,腓骨(任何部分),fibula (any part),C40.2 C79.5 D16.2 D48.0,0.9803571701049805,C40.2,C79.5,,D16.2,D48.0
1378,3,肺,"lung, pulmonary",C34.9 C78.0 D02.2 D14.3 D38.1,0.9888449311256409,C34.9,C78.0,D02.2,D14.3,D38.1
1378,4,上叶,upper lobe,C34.1 C78.0 D02.2 D14.3 D38.1,0.7540686726570129,C34.1,C78.0,D02.2,D14.3,D38.1
1378,4,中叶,middle lobe,C34.2 C78.0 D02.2 D14.3 D38.1,0.7923117280006409,C34.2,C78.0,D02.2,D14.3,D38.1
1378,4,下叶,lower lobe,C34.3 C78.0 D02.2 D14.3 D38.1,0.9347309470176697,C34.3,C78.0,D02.2,D14.3,D38.1
1378,4,奇叶,azygos lobe,C34.1 C78.0 D02.2 D14.3 D38.1,0.825302243232727,C34.1,C78.0,D02.2,D14.3,D38.1
1378,4,隆凸,carina,C34.0 C78.0 D02.2 D14.3 D38.1,0.9145711660385132,C34.0,C78.0,D02.2,D14.3,D38.1
1378,4,门,hilus,C34.0 C78.0 D02.2 D14.3 D38.1,0.6752188801765442,C34.0,C78.0,D02.2,D14.3,D38.1
1378,4,小舌,lingula,C34.1 C78.0 D02.2 D14.3 D38.1,0.8516974449157715,C34.1,C78.0,D02.2,D14.3,D38.1
1378,4,主支气管,main bronchus,C34.0 C78.0 D02.2 D14.3 D38.1,0.8904549479484558,C34.0,C78.0,D02.2,D14.3,D38.1
1378,3,肺门,hilus of lung,C34.0 C78.0 D02.2 D14.3 D38.1,0.9588747024536133,C34.0,C78.0,D02.2,D14.3,D38.1
1378,3,跗骨(任何骨),tarsus (any bone),C40.3 C79.5 D16.3 D48.0,0.97026127576828,C40.3,C79.5,,D16.3,D48.0
1378,3,附件(子宫),adnexa (uterine),C57.4 C79.8 D07.3 D28.7 D39.7,0.9741758704185486,C57.4,C79.8,D07.3,D28.7,D39.7
1378,3,附睾,epididymis,C63.0 C79.8 D07.6 D29.3 D40.7,0.9636970162391663,C63.0,C79.8,D07.6,D29.3,D40.7
1378,3,阜,mons,,0.8621257543563843,,,,,
1378,4,阴阜,"pubis, veneris",C51.9 C79.8 D07.1 D28.0 D39.7,0.8664982318878174,C51.9,C79.8,D07.1,D28.0,D39.7
1378,3,腹部，腹的,"abdomen, abdominal",C76.2 C79.8 D09.7 D36.7 D48.7,0.9817298054695129,C76.2,C79.8,D09.7,D36.7,D48.7
1378,4,壁,wall,C44.5 C79.2 D04.5 D23.5 D48.5,0.8578014373779297,C44.5,C79.2,D04.5,D23.5,D48.5
1378,4,内脏,viscera,C76.2 C79.8 D36.7 D48.7,0.8713614344596863,C76.2,C79.8,,D36.7,D48.7
1378,4,器官,organ,C76.2 C79.8 D36.7 D48.7,0.844211220741272,C76.2,C79.8,,D36.7,D48.7
1378,4,腔,cavity,C76.2 C79.8 D09.7 D36.7 D48.7,0.7433200478553772,C76.2,C79.8,D09.7,D36.7,D48.7
1379,3,腹股沟 NEC #,groin NEC #,C76.3 C79.8 D04.5 D36.7 D48.7,0.7936877608299255,C76.3,C79.8,D04.5,D36.7,D48.7
1379,3,腹股沟（区） #,inguinal (region) #,C76.3 C79.8 D04.5 D36.7 D48.7,0.5063140988349915,C76.3,C79.8,D04.5,D36.7,D48.7
1379,3,腹膜,peritoneum,C48.2 C78.6 D20.1 D48.4,0.7560651302337646,C48.2,C78.6,,D20.1,D48.4
1379,4,壁,parietal,C48.1 C78.6 D20.1 D48.4,0.4606076776981354,C48.1,C78.6,,D20.1,D48.4
1379,4,盆腔,pelvic,C48.1 C78.6 D20.1 D48.4,0.8504883646965027,C48.1,C78.6,,D20.1,D48.4
1379,4,特指部分 NEC,specified part NEC,C48.1 C78.6 D20.1 D48.4,0.9511948823928833,C48.1,C78.6,,D20.1,D48.4
1379,3,腹膜后(间隙)(组织),retroperitoneal (space) (tissue),C48.0 C78.6 D20.0 D48.3,0.9833463430404663,C48.0,C78.6,,D20.0,D48.3
1379,3,腹膜后腔,retroperitoneum,C48.0 C78.6 D20.0 D48.3,0.9533236622810364,C48.0,C78.6,,D20.0,D48.3
1379,3,腹膜腔,peritoneal cavity,C48.2 C78.6 D20.1 D48.4,0.7582406997680664,C48.2,C78.6,,D20.1,D48.4
1379,3,腹内,intra-abdominal,C76.2 C79.8 D36.7 D48.7,0.6166173219680786,C76.2,C79.8,,D36.7,D48.7
1379,3,腹盆腔,abdominopelvic,C76.8 C79.8 D36.7 D48.7,0.5904320478439331,C76.8,C79.8,,D36.7,D48.7
1379,3,盖（脑）,operculum (brain),C71.0 C79.3 D33.0 D43.0,0.2907739281654358,C71.0,C79.3,,D33.0,D43.0
1379,3,肝,"liver, hepatic",C22.9 C78.7 D01.5 D13.4 D37.6,0.6333129405975342,C22.9,C78.7,D01.5,D13.4,D37.6
1379,4,管(胆),duct (bile),C24.0 C78.8 D01.5 D13.5 D37.6,0.8912057876586914,C24.0,C78.8,D01.5,D13.5,D37.6
1379,4,曲(结肠),flexure (colon),C18.3 C78.5 D01.0 D12.3 D37.4,0.8749778866767883,C18.3,C78.5,D01.0,D12.3,D37.4
1379,4,原发性,primary,C22.9 D01.5 D13.4 D37.6,0.8651459813117981,C22.9,,D01.5,D13.4,D37.6
1379,3,橄榄（脑）,olive (brain),C71.7 C79.3 D33.1 D43.1,0.8342550992965698,C71.7,C79.3,,D33.1,D43.1
1379,3,肛门,"anus, anal",C21.0 C78.5 D01.3 D12.9 D37.7,0.42596739530563354,C21.0,C78.5,D01.3,D12.9,D37.7
1379,4,管,canal,C21.1 C78.5 D01.3 D12.9 D37.7,0.6252903342247009,C21.1,C78.5,D01.3,D12.9,D37.7
1379,4,括约肌,sphincter,C21.1 C78.5 D01.3 D12.9 D37.7,0.8629136085510254,C21.1,C78.5,D01.3,D12.9,D37.7
1379,4,皮肤,skin,C44.5 C79.2 D04.5 D23.5 D48.5,0.7431015968322754,C44.5,C79.2,D04.5,D23.5,D48.5
1379,4,缘,margin,C44.5 C79.2 D04.5 D23.5 D48.5,0.763102650642395,C44.5,C79.2,D04.5,D23.5,D48.5
1379,3,肛门周围(皮肤),perianal (skin),C44.5 C79.2 D04.5 D23.5 D48.5,0.9726659059524536,C44.5,C79.2,D04.5,D23.5,D48.5
1379,3,睾丸,testis,C62.9 C79.8 D07.6 D29.2 D40.1,0.9742445349693298,C62.9,C79.8,D07.6,D29.2,D40.1
1379,4,未降,"retained, undescended",C62.0 C79.8 D07.6 D29.2 D40.1,0.4400598406791687,C62.0,C79.8,D07.6,D29.2,D40.1
1379,4,下降,descended,C62.1 C79.8 D07.6 D29.2 D40.1,0.4618796408176422,C62.1,C79.8,D07.6,D29.2,D40.1
1379,4,异位,ectopic,C62.0 C79.8 D07.6 D29.2 D40.1,0.7371525764465332,C62.0,C79.8,D07.6,D29.2,D40.1
1379,4,阴囊,scrotal,C62.1 C79.8 D07.6 D29.2 D40.1,0.8119043707847595,C62.1,C79.8,D07.6,D29.2,D40.1
1379,3,睾丸鞘膜,tunica vaginalis,C63.7 C79.8 D07.6 D29.7 D40.7,0.87404465675354,C63.7,C79.8,D07.6,D29.7,D40.7
1379,3,隔,septum,,0.548550546169281,,,,,
1379,4,鼻,nasal,C30.0 C78.3 D02.3 D14.0 D38.5,0.7807342410087585,C30.0,C78.3,D02.3,D14.0,D38.5
1379,5,后缘,posterior margin,C11.3 C79.8 D00.0 D10.6 D37.0,0.7584654092788696,C11.3,C79.8,D00.0,D10.6,D37.0
1379,4,尿道阴道,urethrovaginal,C57.9 C79.8 D07.3 D28.9 D39.9,0.8420939445495605,C57.9,C79.8,D07.3,D28.9,D39.9
1379,4,膀胱阴道,vesicovaginal,C57.9 C79.8 D07.3 D28.9 D39.9,0.9123027920722961,C57.9,C79.8,D07.3,D28.9,D39.9
1379,4,直肠膀胱,rectovesical,C76.3 C79.8 D09.7 D36.7 D48.7,0.9180078506469727,C76.3,C79.8,D09.7,D36.7,D48.7
1379,4,直肠阴道,rectovaginal,C76.3 C79.8 D09.7 D36.7 D48.7,0.8650546669960022,C76.3,C79.8,D09.7,D36.7,D48.7
1379,3,膈,diaphragm,C49.3 C79.8 D21.3 D48.1,0.704734206199646,C49.3,C79.8,,D21.3,D48.1
1380,3,宫颈,cervix (uteri),C53.9 C79.8 D06.9 D26.0 D39.0,0.9735734462738037,C53.9,C79.8,D06.9,D26.0,D39.0
1380,4,残端,stump,C53.8 C79.8 D06.7 D26.0 D39.0,0.9000788927078247,C53.8,C79.8,D06.7,D26.0,D39.0
1380,4,管(输卵管),canal,C53.0 C79.8 D06.0 D26.0 D39.0,0.8677313923835754,C53.0,C79.8,D06.0,D26.0,D39.0
1380,4,鳞柱状上皮连接处,squamocolumnar junction,C53.8 C79.8 D06.7 D26.0 D39.0,0.9483922719955444,C53.8,C79.8,D06.7,D26.0,D39.0
1380,3,宫颈内膜(管)(腺),endocervix (canal) (gland),C53.0 C79.8 D06.0 D26.0 D39.0,0.9800496101379395,C53.0,C79.8,D06.0,D26.0,D39.0
1380,4,韧带,ligament,C57.1 C79.8 D28.2 D39.7,0.7721444368362427,C57.1,C79.8,,D28.2,D39.7
1380,3,肱骨(任何部分),humerus (any part),C40.0 C79.5 D16.0 D48.0,0.9896923899650574,C40.0,C79.5,,D16.0,D48.0
1380,3,巩膜,sclera,C69.4 C79.4 D09.2 D31.4 D48.7,0.9371724724769592,C69.4,C79.4,D09.2,D31.4,D48.7
1380,3,钩(回),uncus,C71.2 C79.3 D33.0 D43.0,0.9716350436210632,C71.2,C79.3,,D33.0,D43.0
1380,3,谷(会厌),vallecula (epiglottis),C10.0 C79.8 D00.0 D10.5 D37.0,0.9873097538948059,C10.0,C79.8,D00.0,D10.5,D37.0
1380,3,股骨(任何部分),femur (any part),C40.2 C79.5 D16.2 D48.0,0.9711035490036011,C40.2,C79.5,,D16.2,D48.0
1380,3,骨(骨膜),bone (periosteum),C41.9 C79.5 D16.9 D48.0,0.9633851647377014,C41.9,C79.5,,D16.9,D48.0
1380,4,背部 NEC,back NEC,C41.2 C79.5 D16.6 D48.0,0.8869731426239014,C41.2,C79.5,,D16.6,D48.0
1380,4,鼻,"nose, nasal",C41.0 C79.5 D16.4 D48.0,0.7559363842010498,C41.0,C79.5,,D16.4,D48.0
1380,4,鼻甲,turbinate,C41.0 C79.5 D16.4 D48.0,0.8948500156402588,C41.0,C79.5,,D16.4,D48.0
1380,4,臂 NEC,arm NEC,C40.0 C79.5 D16.0 D48.0,0.8782880902290344,C40.0,C79.5,,D16.0,D48.0
1380,4,长的,long,C40.9 C79.5 D16.9 D48.0,0.7967360019683838,C40.9,C79.5,,D16.9,D48.0
1380,5,上肢 NEC,upper limbs NEC,C40.0 C79.5 D16.0 D48.0,0.8656823635101318,C40.0,C79.5,,D16.0,D48.0
1380,5,下肢 NEC,lower limbs NEC,C40.2 C79.5 D16.2 D48.0,0.8456760048866272,C40.2,C79.5,,D16.2,D48.0
1380,4,髌,patella,C40.3 C79.5 D16.3 D48.0,0.596858561038971,C40.3,C79.5,,D16.3,D48.0
1380,4,尺骨(任何部分),ulna (any part),C40.0 C79.5 D16.0 D48.0,0.9168098568916321,C40.0,C79.5,,D16.0,D48.0
1380,4,耻骨,pubic,C41.4 C79.5 D16.8 D48.0,0.8493047952651978,C41.4,C79.5,,D16.8,D48.0
1380,4,骶骨,sacrum,C41.4 C79.5 D16.8 D48.0,0.9261891841888428,C41.4,C79.5,,D16.8,D48.0
1380,4,骶椎骨,sacral vertebra,C41.4 C79.5 D16.8 D48.0,0.9389156103134155,C41.4,C79.5,,D16.8,D48.0
1380,4,蝶鞍,sella turcica,C41.0 C79.5 D16.4 D48.0,0.8660070896148682,C41.0,C79.5,,D16.4,D48.0
1380,4,蝶骨,sphenoid,C41.0 C79.5 D16.4 D48.0,0.7856298685073853,C41.0,C79.5,,D16.4,D48.0
1380,4,顶骨,parietal,C41.0 C79.5 D16.4 D48.0,0.7834077477455139,C41.0,C79.5,,D16.4,D48.0
1380,4,短的,short,C40.9 C79.5 D16.9 D48.0,0.8505029678344727,C40.9,C79.5,,D16.9,D48.0
1380,5,上肢,upper limbs,C40.1 C79.5 D16.1 D48.0,0.7212637066841125,C40.1,C79.5,,D16.1,D48.0
1380,5,下肢,lower limbs,C40.3 C79.5 D16.3 D48.0,0.739637553691864,C40.3,C79.5,,D16.3,D48.0
1380,4,额,frontal,C41.0 C79.5 D16.4 D48.0,0.7679750323295593,C41.0,C79.5,,D16.4,D48.0
1380,4,腓骨(任何部分),fibula (any part),C40.2 C79.5 D16.2 D48.0,0.9347314834594727,C40.2,C79.5,,D16.2,D48.0
1380,4,跗骨(任何),tarsus (any),C40.3 C79.5 D16.3 D48.0,0.9156392812728882,C40.3,C79.5,,D16.3,D48.0
1380,4,跟骨,calcaneus,C40.3 C79.5 D16.3 D48.0,0.8220434188842773,C40.3,C79.5,,D16.3,D48.0
1380,4,肱骨(任何部分),humerus (any part),C40.0 C79.5 D16.0 D48.0,0.9382461309432983,C40.0,C79.5,,D16.0,D48.0
1380,4,股骨(任何部分),femur (any part),C40.2 C79.5 D16.2 D48.0,0.9519389867782593,C40.2,C79.5,,D16.2,D48.0
1380,4,骨盆,pelvic,C41.4 C79.5 D16.8 D48.0,0.7926671504974365,C41.4,C79.5,,D16.8,D48.0
1380,4,骨骼 NEC,"skeleton, skeletal NEC",C41.9 C79.5 D16.9 D48.0,0.940435528755188,C41.9,C79.5,,D16.9,D48.0
1380,4,颌-见肿瘤，颌，骨,"jaw - see Neoplasm, jaw, bone",D48.0,0.9464257955551147,,,,,D48.0
1381,4,颌骨(上),"maxilla, maxillary (superior)",C41.0 C79.5 D16.4 D48.0,0.8873732686042786,C41.0,C79.5,,D16.4,D48.0
1381,5,下,inferior,C41.1 C79.5 D16.5 D48.0,0.5728030204772949,C41.1,C79.5,,D16.5,D48.0
1381,4,寰椎,atlas,C41.2 C79.5 D16.6 D48.0,0.7776572704315186,C41.2,C79.5,,D16.6,D48.0
1381,4,踝,ankle,C40.3 C79.5 D16.3 D48.0,0.6967927813529968,C40.3,C79.5,,D16.3,D48.0
1381,4,脊柱,"spine, spinal (column)",C41.2 C79.5 D16.6 D48.0,0.7954950928688049,C41.2,C79.5,,D16.6,D48.0
1381,5,尾骨,coccyx,C41.4 C79.5 D16.8 D48.0,0.7655096054077148,C41.4,C79.5,,D16.8,D48.0
1381,5,骶骨,sacrum,C41.4 C79.5 D16.8 D48.0,0.8646348714828491,C41.4,C79.5,,D16.8,D48.0
1381,4,肩,shoulder,C40.0 C79.5 D16.0 D48.0,0.7625579833984375,C40.0,C79.5,,D16.0,D48.0
1381,4,肩峰(突),acromion (process),C40.0 C79.5 D16.0 D48.0,0.8769274950027466,C40.0,C79.5,,D16.0,D48.0
1381,4,肩胛(骨)(任何部分),scapula (any part),C40.0 C79.5 D16.0 D48.0,0.9330326318740845,C40.0,C79.5,,D16.0,D48.0
1381,4,剑突,xiphoid process,C41.3 C79.5 D16.7 D48.0,0.8287761807441711,C41.3,C79.5,,D16.7,D48.0
1381,4,胫骨(任何部分),tibia (any part),C40.2 C79.5 D16.2 D48.0,0.9298966526985168,C40.2,C79.5,,D16.2,D48.0
1381,4,臼,acetabulum,C41.4 C79.5 D16.8 D48.0,0.8568059802055359,C41.4,C79.5,,D16.8,D48.0
1381,4,距骨,astragalus,C40.3 C79.5 D16.3 D48.0,0.8071316480636597,C40.3,C79.5,,D16.3,D48.0
1381,4,髋,hip,C41.4 C79.5 D16.8 D48.0,0.8317950367927551,C41.4,C79.5,,D16.8,D48.0
1381,4,眶,orbit,C41.0 C79.5 D16.4 D48.0,0.7444996237754822,C41.0,C79.5,,D16.4,D48.0
1381,4,肋骨,rib,C41.3 C79.5 D16.7 D48.0,0.8155043125152588,C41.3,C79.5,,D16.7,D48.0
1381,4,肋软骨,costal cartilage,C41.3 C79.5 D16.7 D48.0,0.8336261510848999,C41.3,C79.5,,D16.7,D48.0
1381,4,犁骨,vomer,C41.0 C79.5 D16.4 D48.0,0.8292384147644043,C41.0,C79.5,,D16.4,D48.0
1381,4,颅,"skull, cranial",C41.0 C79.5 D16.4 D48.0,0.7966024279594421,C41.0,C79.5,,D16.4,D48.0
1381,4,颅盖骨,calvarium,C41.0 C79.5 D16.4 D48.0,0.9229990243911743,C41.0,C79.5,,D16.4,D48.0
1381,4,面,face,C41.0 C79.5 D16.4 D48.0,0.8657999038696289,C41.0,C79.5,,D16.4,D48.0
1381,4,拇指,thumb,C40.1 C79.5 D16.1 D48.0,0.7790440917015076,C40.1,C79.5,,D16.1,D48.0
1381,4,颞骨,temporal,C41.0 C79.5 D16.4 D48.0,0.8933428525924683,C41.0,C79.5,,D16.4,D48.0
1381,4,髂骨,ilium,C41.4 C79.5 D16.8 D48.0,0.7420139312744141,C41.4,C79.5,,D16.8,D48.0
1381,4,前臂,forearm,C40.0 C79.5 D16.0 D48.0,0.9001227617263794,C40.0,C79.5,,D16.0,D48.0
1381,4,颧骨,zygomatic,C41.0 C79.5 D16.4 D48.0,0.889155924320221,C41.0,C79.5,,D16.4,D48.0
1381,4,桡骨(任何部分),radius (any part),C40.0 C79.5 D16.0 D48.0,0.9437152147293091,C40.0,C79.5,,D16.0,D48.0
1381,4,软骨 NEC,cartilage NEC,C41.9 C79.5 D16.9 D48.0,0.9199661016464233,C41.9,C79.5,,D16.9,D48.0
1381,4,筛骨(迷路),ethmoid (labyrinth),C41.0 C79.5 D16.4 D48.0,0.9497939944267273,C41.0,C79.5,,D16.4,D48.0
1381,4,舌骨,hyoid,C41.0 C79.5 D16.4 D48.0,0.8802224397659302,C41.0,C79.5,,D16.4,D48.0
1381,4,手,hand,C40.1 C79.5 D16.1 D48.0,0.8342733383178711,C40.1,C79.5,,D16.1,D48.0
1381,4,枢椎,axis,C41.2 C79.5 D16.6 D48.0,0.8655264377593994,C41.2,C79.5,,D16.6,D48.0
1381,4,髓 NEC,marrow NEC,C96.9 C79.5 D47.9,0.8929357528686523,C96.9,C79.5,,,D47.9
1381,4,锁骨,clavicle,C41.3 C79.5 D16.7 D48.0,0.835257887840271,C41.3,C79.5,,D16.7,D48.0
1381,4,腿 NEC,leg NEC,C40.2 C79.5 D16.2 D48.0,0.8424513339996338,C40.2,C79.5,,D16.2,D48.0
1381,4,腕骨(任何),"wrist, carpus (any)",C40.1 C79.5 D16.1 D48.0,0.8913391828536987,C40.1,C79.5,,D16.1,D48.0
1381,4,尾骨,coccyx,C41.4 C79.5 D16.8 D48.0,0.8236359357833862,C41.4,C79.5,,D16.8,D48.0
1381,4,尾椎骨,coccygeal vertebra,C41.4 C79.5 D16.8 D48.0,0.9087812304496765,C41.4,C79.5,,D16.8,D48.0
1382,4,无名,innominate,C41.4 C79.5 D16.8 D48.0,0.8472882509231567,C41.4,C79.5,,D16.8,D48.0
1382,4,膝,knee,C40.2 C79.5 D16.2 D48.0,0.7533076405525208,C40.2,C79.5,,D16.2,D48.0
1382,4,下颌骨,mandible,C41.1 C79.5 D16.5 D48.0,0.7758832573890686,C41.1,C79.5,,D16.5,D48.0
1382,4,斜坡(蝶骨或枕骨),clivus,C41.0 C79.5 D16.4 D48.0,0.8463489413261414,C41.0,C79.5,,D16.4,D48.0
1382,3,胸骨,sternum,C41.3 C79.5 D16.7 D48.0,0.6730789542198181,C41.3,C79.5,,D16.7,D48.0
1382,4,掌骨(任何),metacarpus (any),C40.1 C79.5 D16.1 D48.0,0.8923590183258057,C40.1,C79.5,,D16.1,D48.0
1382,4,枕骨,occipital,C41.0 C79.5 D16.4 D48.0,0.6055824160575867,C41.0,C79.5,,D16.4,D48.0
1382,4,肢 NEC,limb NEC,C40.9 C79.5 D16.9 D48.0,0.8701359629631042,C40.9,C79.5,,D16.9,D48.0
1382,5,上(长骨),upper (long bones),C40.0 C79.5 D16.0 D48.0,0.8966010808944702,C40.0,C79.5,,D16.0,D48.0
1382,6,短骨,short bones,C40.1 C79.5 D16.1 D48.0,0.9112473130226135,C40.1,C79.5,,D16.1,D48.0
1382,5,下(长骨),lower (long bones),C40.2 C79.5 D16.2 D48.0,0.7988717555999756,C40.2,C79.5,,D16.2,D48.0
1382,6,短骨,short bones,C40.3 C79.5 D16.3 D48.0,0.8407968878746033,C40.3,C79.5,,D16.3,D48.0
1382,4,跖骨(任何),metatarsus (any),C40.3 C79.5 D16.3 D48.0,0.8977794647216797,C40.3,C79.5,,D16.3,D48.0
1382,4,趾(任何),toe (any),C40.3 C79.5 D16.3 D48.0,0.859801173210144,C40.3,C79.5,,D16.3,D48.0
1382,4,指(任何),finger (any),C40.1 C79.5 D16.1 D48.0,0.8923916816711426,C40.1,C79.5,,D16.1,D48.0
1382,4,指[趾],digital,C40.9 C79.5 D16.9 D48.0,0.8967268466949463,C40.9,C79.5,,D16.9,D48.0
1382,4,脚趾,toe,C40.3 C79.5 D16.3 D48.0,0.8604135513305664,C40.3,C79.5,,D16.3,D48.0
1382,4,手指,finger,C40.1 C79.5 D16.1 D48.0,0.797929584980011,C40.1,C79.5,,D16.1,D48.0
1382,4,指[趾]骨,phalanges,C40.9 C79.5 D16.9 D48.0,0.9258326292037964,C40.9,C79.5,,D16.9,D48.0
1382,5,手,hand,C40.1 C79.5 D16.1 D48.0,0.6913546919822693,C40.1,C79.5,,D16.1,D48.0
1382,5,足,foot,C40.3 C79.5 D16.3 D48.0,0.8919304013252258,C40.3,C79.5,,D16.3,D48.0
1382,4,肘,elbow,C40.0 C79.5 D16.0 D48.0,0.7557275295257568,C40.0,C79.5,,D16.0,D48.0
1382,4,椎间软骨或椎间盘,intervertebral cartilage or disc,C41.2 C79.5 D16.6 D48.0,0.9383891224861145,C41.2,C79.5,,D16.6,D48.0
1382,4,椎骨(柱),vertebra (column),C41.2 C79.5 D16.6 D48.0,0.9185996055603027,C41.2,C79.5,,D16.6,D48.0
1382,5,骶骨,sacrum,C41.4 C79.5 D16.8 D48.0,0.9207478761672974,C41.4,C79.5,,D16.8,D48.0
1382,5,尾骨,coccyx,C41.4 C79.5 D16.8 D48.0,0.9878655672073364,C41.4,C79.5,,D16.8,D48.0
1382,4,足,foot,C40.3 C79.5 D16.3 D48.0,0.7083420157432556,C40.3,C79.5,,D16.3,D48.0
1382,4,足跟,heel,C40.3 C79.5 D16.3 D48.0,0.8782171607017517,C40.3,C79.5,,D16.3,D48.0
1382,4,坐骨,ischium,C41.4 C79.5 D16.8 D48.0,0.8789342045783997,C41.4,C79.5,,D16.8,D48.0
1382,3,骨膜 - 见肿瘤，骨,"periosteum - see Neoplasm, bone",,0.9558843970298767,,,,,
1382,3,骨盆，盆腔,"pelvis, pelvic",C76.3 C79.8 D09.7 D36.7 D48.7,0.9969400763511658,C76.3,C79.8,D09.7,D36.7,D48.7
1382,4,壁,wall,C76.3 C79.8 D09.7 D36.7 D48.7,0.8620455265045166,C76.3,C79.8,D09.7,D36.7,D48.7
1382,4,底,floor,C76.3 C79.8 D09.7 D36.7 D48.7,0.914404571056366,C76.3,C79.8,D09.7,D36.7,D48.7
1382,4,骨,bone,C41.4 C79.5 D16.8 D48.0,0.7334420084953308,C41.4,C79.5,,D16.8,D48.0
1382,4,内脏,viscera,C76.3 C79.8 D09.7 D36.7 D48.7,0.8570950627326965,C76.3,C79.8,D09.7,D36.7,D48.7
1382,4,肾,renal,C65 C79.0 D09.1 D30.1 D41.1,0.8486184477806091,C65,C79.0,D09.1,D30.1,D41.1
1382,3,骨盆直肠连接处,pelvirectal junction,C19 C78.5 D01.1 D12.7 D37.5,0.9913232922554016,C19,C78.5,D01.1,D12.7,D37.5
1383,3,骨骼 NEC,"skeleton, skeletal NEC",C41.9 C79.5 D16.9 D48.0,0.9842836260795593,C41.9,C79.5,,D16.9,D48.0
1383,3,鼓室腔,tympanic cavity,C30.1 C78.3 D02.3 D14.0 D38.5,0.9994992017745972,C30.1,C78.3,D02.3,D14.0,D38.5
1383,3,关节 NEC (另见肿瘤，骨),"joint NEC (see also Neoplasm, bone)",C41.9 C79.5 D16.9 D48.0,0.9194353818893433,C41.9,C79.5,,D16.9,D48.0
1383,4,肩锁,acromioclavicular,C40.0 C79.5 D16.0 D48.0,0.8120569586753845,C40.0,C79.5,,D16.0,D48.0
1383,4,肋椎,costovertebral,C41.3 C79.5 D16.7 D48.0,0.8126399517059326,C41.3,C79.5,,D16.7,D48.0
1383,4,粘液囊或滑膜 - 见肿瘤，结缔组织,"bursa or synovial membrane - see Neoplasm, connective tissue",,0.9411700963973999,,,,,
1383,4,颞下颌,temporomandibular,C41.1 C79.5 D16.5 D48.0,0.8789566159248352,C41.1,C79.5,,D16.5,D48.0
1383,4,胸肋,sternocostal,C41.3 C79.5 D16.7 D48.0,0.9630997180938721,C41.3,C79.5,,D16.7,D48.0
1383,3,管，道,canal,,0.9855608344078064,,,,,
1383,4,耳(外部),auditory (external),C44.2 C79.2 D04.2 D23.2 D48.5,0.8741279244422913,C44.2,C79.2,D04.2,D23.2,D48.5
1383,4,肛门,anal,C21.1 C78.5 D01.3 D12.9 D37.7,0.8962507247924805,C21.1,C78.5,D01.3,D12.9,D37.7
1383,4,听(外部),auricular (external),C44.2 C79.2 D04.2 D23.2 D48.5,0.8770297169685364,C44.2,C79.2,D04.2,D23.2,D48.5
1383,3,龟头,glans penis,C60.1 C79.8 D07.4 D29.0 D40.7,0.9925816655158997,C60.1,C79.8,D07.4,D29.0,D40.7
1383,3,腘窝或间隙 #,popliteal fossa or space #,C76.5 C79.8 D04.7 D36.7 D48.7,0.9473458528518677,C76.5,C79.8,D04.7,D36.7,D48.7
1383,3,海马回,hippocampus,C71.2 C79.3 D33.0 D43.0,0.9753980040550232,C71.2,C79.3,,D33.0,D43.0
1383,3,汗腺(顶浆分泌)(外分泌)，部位未特指,"sweat gland (apocrine) (eccrine), site unspecified",C44.9 C79.2 D04.9 D23.9 D48.5,0.987908661365509,C44.9,C79.2,D04.9,D23.9,D48.5
1383,3,颌,jaw,C76.0 C79.8 D09.7 D36.7 D48.7,0.9215623140335083,C76.0,C79.8,D09.7,D36.7,D48.7
1383,4,癌(任何类型),carcinoma (any type),C03.9 C79.8,0.894827127456665,C03.9,C79.8,,,
1383,5,上,upper,C03.0 C79.8,0.5483604669570923,C03.0,C79.8,,,
1383,5,下,lower,C03.1 C79.8,0.8601681590080261,C03.1,C79.8,,,
1383,4,骨,bone,C41.1 C79.5 D16.5 D48.0,0.9126493334770203,C41.1,C79.5,,D16.5,D48.0
1383,5,上,upper,C41.0 C79.5 D16.4 D48.0,0.9108476638793945,C41.0,C79.5,,D16.4,D48.0
1383,5,下,lower,C41.1 C79.5 D16.5 D48.0,0.9898810386657715,C41.1,C79.5,,D16.5,D48.0
1383,4,皮肤,skin,C44.3 C79.2 D04.3 D23.3 D48.5,0.7016011476516724,C44.3,C79.2,D04.3,D23.3,D48.5
1383,4,软组织,soft tissues,C03.9 C79.8 D10.3 D37.0,0.8925158381462097,C03.9,C79.8,,D10.3,D37.0
1383,5,上,upper,C03.0 C79.8 D10.3 D37.0,0.6094263792037964,C03.0,C79.8,,D10.3,D37.0
1383,5,下,lower,C03.1 C79.8 D10.3 D37.0,0.6233903169631958,C03.1,C79.8,,D10.3,D37.0
1383,3,虹膜,iris,C69.4 C79.4 D09.2 D31.4 D48.7,0.9652532339096069,C69.4,C79.4,D09.2,D31.4,D48.7
1383,3,喉 NEC,larynx NEC,C32.9 C78.3 D02.0 D14.1 D38.0,0.9269190430641174,C32.9,C78.3,D02.0,D14.1,D38.0
1383,4,连合(前)(后),commissure (anterior) (posterior),C32.0 C78.3 D02.0 D14.1 D38.0,0.9144711494445801,C32.0,C78.3,D02.0,D14.1,D38.0
1383,4,内部,intrinsic,C32.0 C78.3 D02.0 D14.1 D38.0,0.9325278997421265,C32.0,C78.3,D02.0,D14.1,D38.0
1383,4,软骨(杓状)(环状)(楔状)(甲状),cartilage (arytenoid) (cricoid) (cuneiform) (thyroid),C32.3 C78.3 D02.0 D14.1 D38.0,0.9719194173812866,C32.3,C78.3,D02.0,D14.1,D38.0
1383,4,室带,ventricular bands,C32.1 C78.3 D02.0 D14.1 D38.0,0.8145497441291809,C32.1,C78.3,D02.0,D14.1,D38.0
1383,4,外部的 NEC,extrinsic NEC,C32.1 C78.3 D02.0 D14.1 D38.0,0.9299221038818359,C32.1,C78.3,D02.0,D14.1,D38.0
1383,5,意指咽下部,meaning hypopharynx,C13.9 C79.8 D00.0 D10.7 D37.0,0.859696090221405,C13.9,C79.8,D00.0,D10.7,D37.0
1384,3,喉室带,ventricular band of larynx,C32.1 C78.3 D02.0 D14.1 D38.0,0.9979346394538879,C32.1,C78.3,D02.0,D14.1,D38.0
1384,3,喉咽,laryngopharynx,C14.1 C79.8 D00.0 D10.9 D37.0,0.9965229034423828,C14.1,C79.8,D00.0,D10.9,D37.0
1384,3,后窝(颅),posterior fossa (cranial),C71.9 C79.3 D33.2 D43.2,0.9961292743682861,C71.9,C79.3,,D33.2,D43.2
1384,3,呼吸,respiratory,,0.9509842991828918,,,,,
1384,4,道 NEC,tract NEC,C39.9 C78.3 D02.4 D14.4 D38.6,0.8765211701393127,C39.9,C78.3,D02.4,D14.4,D38.6
1384,4,上,upper,C39.0 C78.3 D02.4 D14.4 D38.6,0.5073150396347046,C39.0,C78.3,D02.4,D14.4,D38.6
1384,4,器官或系统 NEC,organs or system NEC,C39.9 C78.3 D02.4 D14.4 D38.6,0.9687822461128235,C39.9,C78.3,D02.4,D14.4,D38.6
1384,3,壶腹周,periampullary,C24.1 C78.8 D01.5 D13.5 D37.6,0.9931452870368958,C24.1,C78.8,D01.5,D13.5,D37.6
1384,3,滑膜 - 见肿瘤，结缔组织,"synovial membrane - see Neoplasm, connective tissue",,0.973285436630249,,,,,
1384,3,踝 NEC #,ankle NEC #,C76.5 C79.8 D04.7 D36.7 D48.7,0.9577295780181885,C76.5,C79.8,D04.7,D36.7,D48.7
1384,3,环咽,cricopharynx,C13.0 C79.8 D00.0 D10.7 D37.0,0.983468234539032,C13.0,C79.8,D00.0,D10.7,D37.0
1384,3,环状软骨,cricoid,C13.0 C79.8 D00.0 D10.7 D37.0,0.9482196569442749,C13.0,C79.8,D00.0,D10.7,D37.0
1384,4,软骨(喉部),cartilage,C32.3 C78.3 D02.0 D14.1 D38.0,0.9261437654495239,C32.3,C78.3,D02.0,D14.1,D38.0
1384,3,环状软骨后(区),postcricoid (region),C13.0 C79.8 D00.0 D10.7 D37.0,0.9609912037849426,C13.0,C79.8,D00.0,D10.7,D37.0
1384,3,寰椎,atlas,C41.2 C79.5 D16.6 D48.0,0.9123115539550781,C41.2,C79.5,,D16.6,D48.0
1384,3,回肠,ileum,C17.2 C78.4 D01.4 D13.3 D37.2,0.9507058262825012,C17.2,C78.4,D01.4,D13.3,D37.2
1384,3,回盲肠(袢)(连接处)(瓣膜),"ileocecum, ileocecal (coil) (junction) (valve)",C18.0 C78.5 D01.0 D12.0 D37.4,0.9797682166099548,C18.0,C78.5,D01.0,D12.0,D37.4
1384,3,会厌,epiglottis,C32.1 C78.3 D02.0 D14.1 D38.0,0.923264741897583,C32.1,C78.3,D02.0,D14.1,D38.0
1384,4,后(喉)表面,posterior (laryngeal) surface,C32.1 C78.3 D02.0 D14.1 D38.0,0.9477803111076355,C32.1,C78.3,D02.0,D14.1,D38.0
1384,4,前面或前表面,anterior aspect or surface,C10.1 C79.8 D00.0 D10.5 D37.0,0.9472429752349854,C10.1,C79.8,D00.0,D10.5,D37.0
1384,4,软骨,cartilage,C32.1 C78.3 D02.0 D14.1 D38.0,0.9159694910049438,C32.1,C78.3,D02.0,D14.1,D38.0
1384,4,舌骨上部,suprahyoid portion,C32.1 C78.3 D02.0 D14.1 D38.0,0.8807112574577332,C32.1,C78.3,D02.0,D14.1,D38.0
1384,4,游离边界(缘),free border (margin),C10.1 C79.8 D00.0 D10.5 D37.0,0.9686121344566345,C10.1,C79.8,D00.0,D10.5,D37.0
1384,3,会阴·,perineum,C76.3 C79.8 D09.7 D36.7 D48.7,0.9328490495681763,C76.3,C79.8,D09.7,D36.7,D48.7
1384,3,肌 - 另见肿瘤，结缔组织,"muscle - see also Neoplasm, connective tissue",C49.9 C79.8 D21.9 D48.1,0.9935226440429688,C49.9,C79.8,,D21.9,D48.1
1384,4,眼外,extraocular,C69.6 C79.4 D09.2 D31.6 D48.7,0.8053367733955383,C69.6,C79.4,D09.2,D31.6,D48.7
1384,3,基底节,basal ganglia,C71.0 C79.3 D33.0 D43.0,0.9967455267906189,C71.0,C79.3,,D33.0,D43.0
1384,3,基质，子宫内膜的一极,"stroma, endometrial pole",C54.1 C79.8 D07.0 D26.1 D39.0,0.991740345954895,C54.1,C79.8,D07.0,D26.1,D39.0
1384,3,枕一一额,frontal,C71.1 C79.3 D33.0 D43.0,0.8389601707458496,C71.1,C79.3,,D33.0,D43.0
1384,3,脊髓圆锥,occipital,C71.4 C79.3 D33.0 D43.0,0.9588583111763,C71.4,C79.3,,D33.0,D43.0
1384,3,脊柱,conus medullaris,C72.0 C79.4 D33.4 D43.4,0.9804790616035461,C72.0,C79.4,,D33.4,D43.4
1384,3,骶骨,"spine, spinal (column)",C41.2 C79.5 D16.6 D48.0,0.879880428314209,C41.2,C79.5,,D16.6,D48.0
1384,4,膜,sacrum,C41.4 C79.5 D16.8 D48.0,0.9609910845756531,C41.4,C79.5,,D16.8,D48.0
1384,4,脑(脊)膜,meninges-membrane,C70.1 C79.4 D32.1 D42.1,0.9467467069625854,C70.1,C79.4,,D32.1,D42.1
1384,4,球(延髓),bulb,C70.1 C79.4 D32.1 D42.1,0.8459575176239014,C70.1,C79.4,,D32.1,D42.1
1385,4,软脑(脊)膜,pia mater,C70.1 C79.4 D32.1 D42.1,0.9011090993881226,C70.1,C79.4,,D32.1,D42.1
1385,4,神经(根),nerve (root),C47.9 C79.8 D36.1 D48.2,0.8240303993225098,C47.9,C79.8,,D36.1,D48.2
1385,4,索，带,cord,C72.0 C79.4 D33.4 D43.4,0.8097149133682251,C72.0,C79.4,,D33.4,D43.4
1385,4,尾骨,coccyx,C41.4 C79.5 D16.8 D48.0,0.8037835359573364,C41.4,C79.5,,D16.8,D48.0
1385,4,腰骶的,lumbosacral,C41.2 C79.5 D16.6 D48.0,0.9928868412971497,C41.2,C79.5,,D16.6,D48.0
1385,4,硬脑(脊)膜,dura mater,C70.1 C79.4 D32.1 D42.1,0.9206500053405762,C70.1,C79.4,,D32.1,D42.1
1385,3,加特纳管[卵巢冠纵管],Gartner's duct,C52 C79.8 D07.2 D28.1 D39.7,0.9936290979385376,C52,C79.8,D07.2,D28.1,D39.7
1385,3,颊,cheek,C76.0 C79.8 D09.7 D36.7 D48.7,0.9924485683441162,C76.0,C79.8,D09.7,D36.7,D48.7
1385,4,内,internal,C06.0 C79.8 D00.0 D10.3 D37.0,0.8664364218711853,C06.0,C79.8,D00.0,D10.3,D37.0
1385,4,内面,inner aspect,C06.0 C79.8 D00.0 D10.3 D37.0,0.8777984380722046,C06.0,C79.8,D00.0,D10.3,D37.0
1385,4,粘膜,mucosa,C06.0 C79.8 D00.0 D10.3 D37.0,0.9220082759857178,C06.0,C79.8,D00.0,D10.3,D37.0
1385,4,外,external,C44.3 C79.2 D04.3 D23.3 D48.5,0.8588628172874451,C44.3,C79.2,D04.3,D23.3,D48.5
1385,3,颊(腔),buccal (cavity),C06.9 C79.8 D00.0 D10.3 D37.0,0.9889981150627136,C06.9,C79.8,D00.0,D10.3,D37.0
1385,4,沟(下)(上),sulcus (lower) (upper),C06.1 C79.8 D00.0 D10.3 D37.0,0.9097898006439209,C06.1,C79.8,D00.0,D10.3,D37.0
1385,4,粘膜,mucosa,C06.0 C79.8 D00.0 D10.3 D37.0,0.7516340017318726,C06.0,C79.8,D00.0,D10.3,D37.0
1385,3,甲,concha,C44.2 C79.2 D04.2 D23.2 D48.5,0.9536049962043762,C44.2,C79.2,D04.2,D23.2,D48.5
1385,4,鼻,nose,C30.0 C78.3 D02.3 D14.0 D38.5,0.7392692565917969,C30.0,C78.3,D02.3,D14.0,D38.5
1385,3,甲状(腺),thyroid (gland),C73 C79.8 D09.3 D34 D44.0,0.9637018442153931,C73,C79.8,D09.3,D34,D44.0
1385,4,软骨,cartilage,C32.3 C78.3 D02.0 D14.1 D38.0,0.7954937219619751,C32.3,C78.3,D02.0,D14.1,D38.0
1385,3,甲状旁(腺),parathyroid (gland),C75.0 C79.8 D09.3 D35.1 D44.2,0.9848329424858093,C75.0,C79.8,D09.3,D35.1,D44.2
1385,3,甲状舌管,thyroglossal duct,C73 C79.8 D09.3 D34 D44.0,0.9941189885139465,C73,C79.8,D09.3,D34,D44.0
1385,3,肩 NEC #,shoulder NEC #,C76.4 C79.8 D04.6 D36.7 D48.7,0.9353930950164795,C76.4,C79.8,D04.6,D36.7,D48.7
1385,3,肩峰(突),acromion (process),C40.0 C79.5 D16.0 D48.0,0.9890257716178894,C40.0,C79.5,,D16.0,D48.0
1385,3,肩胛(骨)(任何部分),scapula (any part),C40.0 C79.5 D16.0 D48.0,0.9478157162666321,C40.0,C79.5,,D16.0,D48.0
1385,3,肩胛区 #,scapular region #,C76.1 C79.8 D04.5 D36.7 D48.7,0.9947185516357422,C76.1,C79.8,D04.5,D36.7,D48.7
1385,3,睑,palpebra,C44.1 C79.2 D04.1 D23.1 D48.5,0.911264181137085,C44.1,C79.2,D04.1,D23.1,D48.5
1385,3,剑突,xiphoid process,C41.3 C79.5 D16.7 D48.0,0.9908302426338196,C41.3,C79.5,,D16.7,D48.0
1385,3,腱(鞘) - 见肿瘤，结缔组织,"tendon (sheath) - see Neoplasm, connective tissue",,0.9374181628227234,,,,,
1385,3,腱膜 - 另见肿瘤，结缔组织,"aponeurosis - see also Neoplasm, connective tissue",,0.9435334801673889,,,,,
1385,4,掌,palmar,C49.1 C79.8 D21.1 D48.1,0.6995674967765808,C49.1,C79.8,,D21.1,D48.1
1385,4,跖,plantar,C49.2 C79.8 D21.2 D48.1,0.865854024887085,C49.2,C79.8,,D21.2,D48.1
1385,3,交感神经或神经系统 NEC,sympathetic nerve or nervous system NEC,C47.9 C79.8 D36.1 D48.2,0.9972243905067444,C47.9,C79.8,,D36.1,D48.2
1385,3,角膜(缘),"cornea (limbus), limbus of cornea",C69.1 C79.4 D09.2 D31.1 D48.7,0.9989274144172668,C69.1,C79.4,D09.2,D31.1,D48.7
1385,3,脚，大脑的,"peduncle, cerebral",C71.7 C79.3 D33.2 D43.1,0.9689552783966064,C71.7,C79.3,,D33.2,D43.1
1385,3,副神经节 NEC,paraganglion NEC,C75.5 C79.8 D35.6 D44.7,0.9977684020996094,C75.5,C79.8,,D35.6,D44.7
1386,3,结肠（另见肿瘤，肠）,"colon (see also Neoplasm, intestine)",,0.9832928776741028,,,,,
1386,3,伴直肠,with rectum,C19 C78.5 D01.1 D12.7 D37.5,0.9900000691413879,C19,C78.5,D01.1,D12.7,D37.5
1386,3,结肠系膜,mesocolon,C48.1 C78.6 D20.1 D48.4,0.9232686758041382,C48.1,C78.6,,D20.1,D48.4
1386,3,结缔组织 NEC,connective tissue NEC,C49.9 C79.8 D21.9 D48.1,0.9435254335403442,C49.9,C79.8,,D21.9,D48.1
1386,4,背部,back,C49.6 C79.8 D21.6 D48.1,0.865121066570282,C49.6,C79.8,,D21.6,D48.1
1386,4,臂,arm,C49.1 C79.8 D21.1 D48.1,0.8501724600791931,C49.1,C79.8,,D21.1,D48.1
1386,4,大腿,thigh,C49.2 C79.8 D21.2 D48.1,0.9271932244300842,C49.2,C79.8,,D21.2,D48.1
1386,4,大血管 NEC,great vessels NEC,C49.3 C79.8 D21.3 D48.1,0.8828666806221008,C49.3,C79.8,,D21.3,D48.1
1386,4,骶骨前,presacral,C49.5 C79.8 D21.5 D48.1,0.8760119676589966,C49.5,C79.8,,D21.5,D48.1
1386,4,骶尾骨区,sacrococcygeal region,C49.5 C79.8 D21.5 D48.1,0.8678504824638367,C49.5,C79.8,,D21.5,D48.1
1386,4,额(前),forehead,C49.0 C79.8 D21.0 D48.1,0.8954799175262451,C49.0,C79.8,,D21.0,D48.1
1386,4,耳(外部),ear (external),C49.0 C79.8 D21.0 D48.1,0.9130715131759644,C49.0,C79.8,,D21.0,D48.1
1386,4,耳廓,auricle (ear),C49.0 C79.8 D21.0 D48.1,0.7683749198913574,C49.0,C79.8,,D21.0,D48.1
1386,4,腓肠,calf,C49.2 C79.8 D21.2 D48.1,0.8064810633659363,C49.2,C79.8,,D21.2,D48.1
1386,4,腹壁,abdominal wall,C49.4 C79.8 D21.4 D48.1,0.7936268448829651,C49.4,C79.8,,D21.4,D48.1
1386,4,腹部,abdomen,C49.4 C79.8 D21.4 D48.1,0.8848046064376831,C49.4,C79.8,,D21.4,D48.1
1386,4,腹股沟,groin,C49.5 C79.8 D21.5 D48.1,0.8450499773025513,C49.5,C79.8,,D21.5,D48.1
1386,4,腹股沟(管)(区),inguinal (canal) (region),C49.5 C79.8 D21.5 D48.1,0.9055801630020142,C49.5,C79.8,,D21.5,D48.1
1386,4,腹膜后,retroperitoneal,C48.0 C78.6 D20.0 D48.3,0.8716287612915039,C48.0,C78.6,,D20.0,D48.3
1386,4,腹盆腔,pelvoabdominal,C49.8 C79.8 D21.9 D48.1,0.8074003458023071,C49.8,C79.8,,D21.9,D48.1
1386,4,膈,diaphragm,C49.3 C79.8 D21.3 D48.1,0.72860187292099,C49.3,C79.8,,D21.3,D48.1
1386,4,骨盆(底),pelvis (floor),C49.5 C79.8 D21.5 D48.1,0.904758870601654,C49.5,C79.8,,D21.5,D48.1
1386,4,腘窝或间隙,popliteal fossa or space,C49.2 C79.8 D21.2 D48.1,0.8424226641654968,C49.2,C79.8,,D21.2,D48.1
1386,4,颌,jaw,C03.9 C79.8 D10.3 D37.0,0.7298313975334167,C03.9,C79.8,,D10.3,D37.0
1386,4,踝,ankle,C49.2 C79.8 D21.2 D48.1,0.7103034853935242,C49.2,C79.8,,D21.2,D48.1
1386,4,会阴,perineum,C49.5 C79.8 D21.5 D48.1,0.9305351972579956,C49.5,C79.8,,D21.5,D48.1
1386,4,颊,cheek,C49.0 C79.8 D21.0 D48.1,0.793431282043457,C49.0,C79.8,,D21.0,D48.1
1386,4,肩,shoulder,C49.1 C79.8 D21.1 D48.1,0.944674551486969,C49.1,C79.8,,D21.1,D48.1
1386,4,肩胛区,scapular region,C49.3 C79.8 D21.3 D48.1,0.8708788752555847,C49.3,C79.8,,D21.3,D48.1
1386,4,颈(部),"cervical region, neck",C49.0 C79.8 D21.0 D48.1,0.892520010471344,C49.0,C79.8,,D21.0,D48.1
1386,4,颏,chin,C49.0 C79.8 D21.0 D48.1,0.7528331279754639,C49.0,C79.8,,D21.0,D48.1
1386,4,颏下,submental,C49.0 C79.8 D21.0 D48.1,0.9920280575752258,C49.0,C79.8,,D21.0,D48.1
1386,4,髋,hip,C49.2 C79.8 D21.2 D48.1,0.9327362179756165,C49.2,C79.8,,D21.2,D48.1
1386,4,眶,orbit,C69.6 C79.4 D31.6 D48.1,0.870690107345581,C69.6,C79.4,,D31.6,D48.1
1386,4,面,face,C49.0 C79.8 D31.6 D48.1,0.8773983120918274,C49.0,C79.8,,D31.6,D48.1
1386,4,拇指,thumb,C49.1 C79.8 D21.0 D48.1,0.8698961734771729,C49.1,C79.8,,D21.0,D48.1
1386,4,尿道旁,paraurethral,C49.5 C79.8 D21.1 D48.1,0.8938830494880676,C49.5,C79.8,,D21.1,D48.1
1386,4,尿道周的(组织),periurethral (tissue),C49.5 C79.8 D21.5 D48.1,0.9705349206924438,C49.5,C79.8,,D21.5,D48.1
1386,4,颞(区),"temple, temporal region",C49.0 C79.8 D21.0 D48.1,0.8390886187553406,C49.0,C79.8,,D21.0,D48.1
1387,4,膀胱直肠,vesicorectal,C49.5 C79.8 D21.5 D48.1,0.9068160057067871,C49.5,C79.8,,D21.5,D48.1
1387,4,脐,umbilicus,C49.4 C79.8 D21.4 D48.1,0.7033908367156982,C49.4,C79.8,,D21.4,D48.1
1387,4,髂腰肌,iliopsoas muscle,C49.4 C79.8 D21.4 D48.1,0.9017425775527954,C49.4,C79.8,,D21.4,D48.1
1387,4,前臂,forearm,C49.1 C79.8 D21.1 D48.1,0.903106153011322,C49.1,C79.8,,D21.1,D48.1
1387,4,前肘窝或间隙,antecubital fossa or space,C49.1 C79.8 D21.1 D48.1,0.9406346082687378,C49.1,C79.8,,D21.1,D48.1
1387,4,躯干,trunk,C49.6 C79.8 D21.6 D48.1,0.779353678226471,C49.6,C79.8,,D21.6,D48.1
1387,4,手,hand,C49.1 C79.8 D21.1 D48.1,0.7045865058898926,C49.1,C79.8,,D21.1,D48.1
1387,4,锁骨上区,supraclavicular region,C49.0 C79.8 D21.0 D48.1,0.8825960755348206,C49.0,C79.8,,D21.0,D48.1
1387,4,锁骨下区,infraclavicular region,C49.3 C79.8 D21.3 D48.1,0.877618134021759,C49.3,C79.8,,D21.3,D48.1
1387,4,头,head,C49.0 C79.8 D21.0 D48.1,0.9384971261024475,C49.0,C79.8,,D21.0,D48.1
1387,4,头皮,scalp,C49.0 C79.8 D21.0 D48.1,0.8017208576202393,C49.0,C79.8,,D21.0,D48.1
1387,4,腿,leg,C49.2 C79.8 D21.2 D48.1,0.6767914891242981,C49.2,C79.8,,D21.2,D48.1
1387,4,臀(部),"buttock, gluteal region, nates",C49.5 C79.8 D21.5 D48.1,0.8836175799369812,C49.5,C79.8,,D21.5,D48.1
1387,4,腕,wrist,C49.1 C79.8 D21.1 D48.1,0.7418007850646973,C49.1,C79.8,,D21.1,D48.1
1387,4,膝,knee,C49.2 C79.8 D21.2 D48.1,0.7534881234169006,C49.2,C79.8,,D21.2,D48.1
1387,4,胁腹,flank,C49.6 C79.8 D21.6 D48.1,0.8443515300750732,C49.6,C79.8,,D21.6,D48.1
1387,4,胸(壁),"chest, thorax (wall)",C49.3 C79.8 D21.3 D48.1,0.8486993312835693,C49.3,C79.8,,D21.3,D48.1
1387,4,胸（导管）（壁）,thoracic (duct) (wall),C49.3 C79.8 D21.3 D48.1,0.5198923349380493,C49.3,C79.8,,D21.3,D48.1
1387,4,胸内,intrathoracic,C49.3 C79.8 D21.3 D48.1,0.26336467266082764,C49.3,C79.8,,D21.3,D48.1
1387,4,眼睑,eyelid,C49.0 C79.8 D21.0 D48.1,0.8895487189292908,C49.0,C79.8,,D21.0,D48.1
1387,4,腰(大)肌,psoas muscle,C49.4 C79.8 D21.4 D48.1,0.9509673118591309,C49.4,C79.8,,D21.4,D48.1
1387,4,腋,axilla,C49.3 C79.8 D21.3 D48.1,0.7038485407829285,C49.3,C79.8,,D21.3,D48.1
1387,4,翼状窝,pterygoid fossa,C49.0 C79.8 D21.0 D48.1,0.8399726748466492,C49.0,C79.8,,D21.0,D48.1
1387,4,阴道旁,paravaginal,C49.5 C79.8 D21.5 D48.1,0.9258912205696106,C49.5,C79.8,,D21.5,D48.1
1387,4,肢 NEC,"limb, extremity NEC",C49.9 C79.8 D21.9 D48.1,0.8390881419181824,C49.9,C79.8,,D21.9,D48.1
1387,5,上,upper,C49.1 C79.8 D21.1 D48.1,0.7113152742385864,C49.1,C79.8,,D21.1,D48.1
1387,5,下,lower,C49.2 C79.8 D21.2 D48.1,0.6769940853118896,C49.2,C79.8,,D21.2,D48.1
1387,4,直肠旁,pararectal,C49.5 C79.8 D21.5 D48.1,0.870507538318634,C49.5,C79.8,,D21.5,D48.1
1387,4,直肠膀胱,rectovesical,C49.5 C79.8 D21.5 D48.1,0.8508064150810242,C49.5,C79.8,,D21.5,D48.1
1387,4,直肠外,extrarectal,C49.5 C79.8 D21.5 D48.1,0.6771613359451294,C49.5,C79.8,,D21.5,D48.1
1387,4,直肠阴道隔或壁,rectovaginal septum or wall,C49.5 C79.8 D21.5 D48.1,0.9153281450271606,C49.5,C79.8,,D21.5,D48.1
1387,4,直肠周(组织),perirectal (tissue),C49.5 C79.8 D21.5 D48.1,0.9369053244590759,C49.5,C79.8,,D21.5,D48.1
1387,4,指,finger,C49.1 C79.8 D21.1 D48.1,0.7052454948425293,C49.1,C79.8,,D21.1,D48.1
1387,4,趾,toe,C49.2 C79.8 D21.2 D48.1,0.8383541107177734,C49.2,C79.8,,D21.2,D48.1
1387,4,肘,elbow,C49.1 C79.8 D21.1 D48.1,0.7984563708305359,C49.1,C79.8,,D21.1,D48.1
1387,4,足,foot,C49.2 C79.8 D21.2 D48.1,0.7866795659065247,C49.2,C79.8,,D21.2,D48.1
1387,4,足跟,heel,C49.2 C79.8 D21.2 D48.1,0.8467167615890503,C49.2,C79.8,,D21.2,D48.1
1387,4,坐骨直肠窝,ischiorectal fossa,C49.5 C79.8 D21.5 D48.1,0.9142095446586609,C49.5,C79.8,,D21.5,D48.1
1388,3,结膜,conjunctiva,C69.0 C79.4 D09.2 D31.0 D48.7,0.9718658328056335,C69.0,C79.4,D09.2,D31.0,D48.7
1388,3,睫状体,ciliary body,C69.4 C79.4 D09.2 D31.4 D48.7,0.9767252802848816,C69.4,C79.4,D09.2,D31.4,D48.7
1388,3,筋膜(另见肿瘤，结缔组织),"fascia (see also Neoplasm, connective tissue)",C49.9 C79.8 D21.9 D48.1,0.9952091574668884,C49.9,C79.8,,D21.9,D48.1
1388,4,掌,palmar,C49.1 C79.8 D21.1 D48.1,0.7300862669944763,C49.1,C79.8,,D21.1,D48.1
1388,4,跖,plantar,C49.2 C79.8 D21.2 D48.1,0.7451844215393066,C49.2,C79.8,,D21.2,D48.1
1388,3,晶状体,"lens, crystalline",C69.4 C79.4 D09.2 D31.4 D48.7,0.9837267398834229,C69.4,C79.4,D09.2,D31.4,D48.7
1388,3,精囊,seminal vesicle,C63.7 C79.8 D07.6 D29.7 D40.7,0.9978986978530884,C63.7,C79.8,D07.6,D29.7,D40.7
1388,3,精索，带,spermatic cord,C63.1 C79.8 D07.6 D29.7 D40.7,0.9966927170753479,C63.1,C79.8,D07.6,D29.7,D40.7
1388,3,颈(部) NEC #,"cervical region, neck NEC #",C76.0 C79.8 D09.7 D36.7 D48.7,0.9718114733695984,C76.0,C79.8,D09.7,D36.7,D48.7
1388,3,颈动脉,carotid (artery),C49.0 C79.8 D21.0 D48.1,0.9709485173225403,C49.0,C79.8,,D21.0,D48.1
1388,4,体,body,C75.4 C79.8 D35.5 D44.6,0.8061291575431824,C75.4,C79.8,,D35.5,D44.6
1388,3,胫骨(任何部分),tibia (any part),C40.2 C79.5 D16.2 D48.0,0.9508242011070251,C40.2,C79.5,,D16.2,D48.0
1388,3,考珀腺,Cowper's gland,C68.0 C79.1 D09.1 D30.4 D41.3,0.9731565117835999,C68.0,C79.1,D09.1,D30.4,D41.3
1388,3,壳[豆状核],putamen,C71.0 C79.3 D33.0 D43.0,0.9568400382995605,C71.0,C79.3,,D33.0,D43.0
1388,3,颜,chin,C44.3 C79.2 D04.3 D23.3 D48.5,0.748517632484436,C44.3,C79.2,D04.3,D23.3,D48.5
1388,3,颏下,submental,C76.0 C79.8 D09.7 D36.7 D48.7,0.881994903087616,C76.0,C79.8,D09.7,D36.7,D48.7
1388,3,空肠,jejunum,C17.1 C78.4 D01.4 D13.3 D37.2,0.9656675457954407,C17.1,C78.4,D01.4,D13.3,D37.2
1388,3,孔,os,,0.9528433084487915,,,,,
1388,4,内(宫颈),internal,C53.0 C79.8 D06.0 D26.0 D39.0,0.8609930276870728,C53.0,C79.8,D06.0,D26.0,D39.0
1388,4,外(宫颈),external,C53.1 C79.8 D06.1 D26.0 D39.0,0.8822941184043884,C53.1,C79.8,D06.1,D26.0,D39.0
1388,3,口(腔),"mouth, oral (cavity)",C06.9 C79.8 D00.0 D10.3 D37.0,0.9938021898269653,C06.9,C79.8,D00.0,D10.3,D37.0
1388,4,底,floor,C04.9 C79.8 D00.0 D10.2 D37.0,0.7626025080680847,C04.9,C79.8,D00.0,D10.2,D37.0
1388,5,侧,lateral,C04.1 C79.8 D00.0 D10.2 D37.0,0.7247258424758911,C04.1,C79.8,D00.0,D10.2,D37.0
1388,5,前,anterior,C04.0 C79.8 D00.0 D10.2 D37.0,0.6894164085388184,C04.0,C79.8,D00.0,D10.2,D37.0
1388,4,顶,roof,C05.9 C79.8 D00.0 D10.3 D37.0,0.7006925940513611,C05.9,C79.8,D00.0,D10.3,D37.0
1388,4,粘膜 NEC,mucosa NEC,C06.9 C79.8 D00.0 D10.3 D37.0,0.90904301404953,C06.9,C79.8,D00.0,D10.3,D37.0
1388,4,前庭,vestibule,C06.1 C79.8 D00.0 D10.3 D37.0,0.777379035949707,C06.1,C79.8,D00.0,D10.3,D37.0
1388,4,特指部分 NEC,specified part NEC,C06.8 C79.8 D00.0 D10.3 D37.0,0.9640752077102661,C06.8,C79.8,D00.0,D10.3,D37.0
1388,3,口咽,oropharynx,C10.9 C79.8 D00.0 D10.5 D37.0,0.9721024036407471,C10.9,C79.8,D00.0,D10.5,D37.0
1388,4,侧壁,lateral wall,C10.2 C79.8 D00.0 D10.5 D37.0,0.8686366081237793,C10.2,C79.8,D00.0,D10.5,D37.0
1388,4,后壁,posterior wall,C10.3 C79.8 D00.0 D10.5 D37.0,0.921941339969635,C10.3,C79.8,D00.0,D10.5,D37.0
1388,4,连接部,junctional region,C10.8 C79.8 D00.0 D10.5 D37.0,0.7993888854980469,C10.8,C79.8,D00.0,D10.5,D37.0
1388,3,髋 NEC #,hip NEC #,C76.5 C79.8 D04.7 D36.7 D48.7,0.9168389439582825,C76.5,C79.8,D04.7,D36.7,D48.7
1388,3,眶,orbit,C69.6 C79.4 D09.2 D31.6 D48.7,0.9878184795379639,C69.6,C79.4,D09.2,D31.6,D48.7
1388,4,骨,bone,C41.0 C79.5 D16.4 D48.0,0.8422157168388367,C41.0,C79.5,,D16.4,D48.0
1388,4,软组织,soft parts,C69.6 C79.4 D31.6 D48.7,0.8716408610343933,C69.6,C79.4,,D31.6,D48.7
1388,4,周围神经,peripheral nerves,C69.6 C79.4 D31.6 D48.7,0.8430724143981934,C69.6,C79.4,,D31.6,D48.7
1388,4,自主神经,autonomic nerve,C69.6 C79.4 D31.6 D48.7,0.9309160113334656,C69.6,C79.4,,D31.6,D48.7
1388,3,眶内,intraorbital,C69.6 C79.4 D09.2 D31.6 D48.7,0.9568873643875122,C69.6,C79.4,D09.2,D31.6,D48.7
1389,3,括约肌,sphincter,,0.9504148364067078,,,,,
1389,4,奥狄,of Oddi,C24.0 C78.8 D01.5 D13.5 D37.6,0.9289392828941345,C24.0,C78.8,D01.5,D13.5,D37.6
1389,4,肛门,anal,C21.1 C78.5 D01.3 D21.9 D37.7,0.8200066089630127,C21.1,C78.5,D01.3,D21.9,D37.7
1389,3,阔韧带,broad ligament,C57.1 C79.8 D28.2 D39.7,0.9535255432128906,C57.1,C79.8,,D28.2,D39.7
1389,3,拉特克囊,Rathke's pouch,C75.1 C79.8 D09.3 D35.2 D44.3,0.9955092072486877,C75.1,C79.8,D09.3,D35.2,D44.3
1389,3,赖尔岛[脑岛],island of Reil,C71.0 C79.3 D33.0 D37.3,0.9758962988853455,C71.0,C79.3,,D33.0,D37.3
1389,3,阑尾,appendix,C18.1 C78.5 D01.0 D12.1 D37.3,0.9540994167327881,C18.1,C78.5,D01.0,D12.1,D37.3
1389,3,阑尾系膜,mesoappendix,C48.1 C78.6 D20.1 D48.4,0.958464503288269,C48.1,C78.6,,D20.1,D48.4
1389,3,朗格汉斯胰岛,"Langerhans, islands or islets",C25.4 C78.8 D01.7 D13.7 D37.7,0.9917840361595154,C25.4,C78.8,D01.7,D13.7,D37.7
1389,3,肋(骨),rib,C41.3 C79.5 D16.7 D48.0,0.9041430354118347,C41.3,C79.5,,D16.7,D48.0
1389,3,肋软骨,costalcartilage,C41.3 C79.5 D16.7 D48.0,0.9914765357971191,C41.3,C79.5,,D16.7,D48.0
1389,3,泪的,lacrimal,,0.9839909672737122,,,,,
1389,4,管(鼻),duct (nasal),C69.5 C79.4 D09.2 D31.5 D48.7,0.8170888423919678,C69.5,C79.4,D09.2,D31.5,D48.7
1389,4,点,punctum,C69.5 C79.4 D09.2 D31.5 D48.7,0.850642740726471,C69.5,C79.4,D09.2,D31.5,D48.7
1389,4,囊,sac,C69.5 C79.4 D09.2 D31.5 D48.7,0.7810407280921936,C69.5,C79.4,D09.2,D31.5,D48.7
1389,4,腺,gland,C69.5 C79.4 D09.2 D31.5 D48.7,0.7883804440498352,C69.5,C79.4,D09.2,D31.5,D48.7
1389,4,小管,canaliculi,C69.5 C79.4 D09.2 D31.5 D48.7,0.849593997001648,C69.5,C79.4,D09.2,D31.5,D48.7
1389,3,梨状窝或窦,pyriform (piriform) fossa or sinus,C12 C79.8 D00.0 D10.7 D37.0,0.9758160710334778,C12,C79.8,D00.0,D10.7,D37.0
1389,3,连合,commissure,,0.9655027985572815,,,,,
1389,4,唇,"labial, lip",C00.6 C79.8 D00.0 D10.0 D37.0,0.6664279699325562,C00.6,C79.8,D00.0,D10.0,D37.0
1389,4,喉,laryngeal,C32.0 C78.3 D02.0 D14.1 D38.0,0.8014535903930664,C32.0,C78.3,D02.0,D14.1,D38.0
1389,3,连接处,junction,,0.9789623618125916,,,,,
1389,4,贲门食管,cardioesophageal,C16.0 C78.8 D00.2 D13.1 D37.1,0.8699066042900085,C16.0,C78.8,D00.2,D13.1,D37.1
1389,4,肛门直肠,anorectal,C21.8 C78.5 D01.3 D12.9 D37.7,0.8777799606323242,C21.8,C78.5,D01.3,D12.9,D37.7
1389,4,骨盆输尿管,pelviureteric,C65 C79.0 D09.1 D30.1 D41.1,0.910744845867157,C65,C79.0,D09.1,D30.1,D41.1
1389,4,骨盆直肠,pelvirectal,C19 C78.5 D01.1 D12.7 D37.5,0.8801484107971191,C19,C78.5,D01.1,D12.7,D37.5
1389,4,回盲肠,ileocecal,C18.0 C78.5 D01.0 D12.0 D37.4,0.9037626385688782,C18.0,C78.5,D01.0,D12.0,D37.4
1389,4,鳞柱状上皮，宫颈的,"squamocolumnar, of cervix",C53.8 C79.8 D06.7 D26.0 D39.0,0.9542983770370483,C53.8,C79.8,D06.7,D26.0,D39.0
1389,4,食管胃,esophagogastric,C16.0 C78.8 D00.2 D13.1 D37.1,0.8004074096679688,C16.0,C78.8,D00.2,D13.1,D37.1
1389,4,胃食管,gastroesophageal,C16.0 C78.8 D00.2 D13.1 D37.1,0.8546010851860046,C16.0,C78.8,D00.2,D13.1,D37.1
1389,4,硬腭和软腭,hard and soft palate,C05.8 C79.8 D00.0 D10.3 D37.0,0.9322054982185364,C05.8,C79.8,D00.0,D10.3,D37.0
1389,4,直肠乙状结肠,rectosigmoid,C19 C78.5 D01.1 D12.7 D37.5,0.9097104072570801,C19,C78.5,D01.1,D12.7,D37.5
1389,3,镰(小脑)(大脑),falx (cerebelli) (cerebri),C70.0 C79.3 D32.0 D42.0,0.9905008673667908,C70.0,C79.3,,D32.0,D42.0
1389,4,管,tube,C57.0 C79.8 D07.3 D28.2 D39.7,0.7748526930809021,C57.0,C79.8,D07.3,D28.2,D39.7
1389,3,淋巴,"lymph, lymphatic",,0.9723167419433594,,,,,
1389,4,管 NEC （另见肿瘤，结缔组织）,"channel, vessel NEC (see also Neoplasm, connective tissue)",C49.9 C79.8 D21.9 D48.1,0.9158915877342224,C49.9,C79.8,,D21.9,D48.1
1390,4,结 - 另见肿瘤，淋巴，腺,"node - see also Neoplasm, lymph, gland",,0.9369275569915771,,,,,
1390,4,原发性-按形态学类型、动态和部位编码,"primary - code by morphological type, behavior and site",C96.9,0.955594539642334,C96.9,,,,
1390,4,腺(继发性),gland (secondary),C77.9 D36.0 D48.7,0.9284653663635254,,C77.9,,D36.0,D48.7
1390,5,闭孔,obturator,C77.5 D36.0 D48.7,0.9347603917121887,,C77.5,,D36.0,D48.7
1390,5,臂,"arm, brachial",C77.3 D36.0 D48.7,0.9807674288749695,,C77.3,,D36.0,D48.7
1390,5,肠,intestinal,C77.2 D36.0 D48.7,0.6078589558601379,,C77.2,,D36.0,D48.7
1390,5,肠系膜(下)(上),mesenteric (inferior) (superior),C77.2 D36.0 D48.7,0.9202520251274109,,C77.2,,D36.0,D48.7
1390,5,耻骨联合前,presymphysial,C77.5 D36.0 D48.7,0.9121733903884888,,C77.5,,D36.0,D48.7
1390,5,骶骨,sacral,C77.5 D36.0 D48.7,0.9505308270454407,,C77.5,,D36.0,D48.7
1390,5,胆总管,common duct,C77.2 D36.0 D48.7,0.9746167659759521,,C77.2,,D36.0,D48.7
1390,5,耳(前)(后),auricular (anterior) (posterior),C77.0 D36.0 D48.7,0.9756869077682495,,C77.0,,D36.0,D48.7
1390,5,耳前,preauricular,C77.0 D36.0 D48.7,0.947267472743988,,C77.0,,D36.0,D48.7
1390,5,肺(门),pulmonary (hilar),C77.1 D36.0 D48.7,0.987483561038971,,C77.1,,D36.0,D48.7
1390,5,腹,"abdominal, celiac",C77.2 D36.0 D48.7,0.9972019195556641,,C77.2,,D36.0,D48.7
1390,5,腹股沟,"groin, inguina, inguinal",C77.4 D36.0 D48.7,0.8753431439399719,,C77.4,,D36.0,D48.7
1390,5,腹股沟下,subinguinal,C77.4 D36.0 D48.7,0.8200446963310242,,C77.4,,D36.0,D48.7
1390,5,腹膜后,retroperitoneal,C77.2 D36.0 D48.7,0.8527860641479492,,C77.2,,D36.0,D48.7
1390,5,腹内,intra-abdominal,C77.2 D36.0 D48.7,0.9765146374702454,,C77.2,,D36.0,D48.7
1390,5,肝门,"porta hepatis, hepatic",C77.2 D36.0 D48.7,0.8371078372001648,,C77.2,,D36.0,D48.7
1390,5,膈,diaphragmatic,C77.2 D36.0 D48.7,0.6711952090263367,,C77.2,,D36.0,D48.7
1390,5,宫颈旁,paracervical,C77.1 D36.0 D48.7,0.8747300505638123,,C77.1,,D36.0,D48.7
1390,5,肱骨内上踝,epitrochlear,C77.5 D36.0 D48.7,0.8759675025939941,,C77.5,,D36.0,D48.7
1390,5,股,femoral,C77.3 D36.0 D48.7,0.7933847308158875,,C77.3,,D36.0,D48.7
1390,5,骨盆,pelvic,C77.4 C77.5 D36.0 D48.7,0.783405601978302,,C77.4 C77.5,,D36.0,D48.7
1390,5,腘,popliteal,C77.4 D36.0 D48.7,0.7650367021560669,,C77.4,,D36.0,D48.7
1390,5,喉前,prelaryngeal,C77.0 D36.0 D48.7,0.7621317505836487,,C77.0,,D36.0,D48.7
1390,5,回结肠,ileocolic,C77.2 D36.0 D48.7,0.7554353475570679,,C77.2,,D36.0,D48.7
1390,5,肩胛下,subscapular,C77.3 D36.0 D48.7,0.8862008452415466,,C77.3,,D36.0,D48.7
1390,5,结肠,colic,C77.2 D36.0 D48.7,0.7818642854690552,,C77.2,,D36.0,D48.7
1390,5,胫骨,tibial,C77.4 D36.0 D48.7,0.9091848134994507,,C77.4,,D36.0,D48.7
1390,5,颈,"neck, cervical, jugular",C77.0 D36.0 D48.7,0.8368843793869019,,C77.0,,D36.0,D48.7
1390,5,颈面,cervicofacial,C77.0 D36.0 D48.7,0.819904625415802,,C77.0,,D36.0,D48.7
1390,5,颏下,submental,C77.0 D36.0 D48.7,0.836007297039032,,C77.0,,D36.0,D48.7
1390,5,克洛凯,Cloquet,C77.4 D36.0 D48.7,0.8973782658576965,,C77.4,,D36.0,D48.7
1391,5,肋间,intercostal,C77.1 D36.0 D48.7,0.748376727104187,,C77.1,,D36.0,D48.7
1391,5,类目C77.0-C77.5中的多发性部位,multiple sites in categories C77.0-C77.5,C77.8 D36.0 D48.7,0.9407204389572144,,C77.8,,D36.0,D48.7
1391,5,罗森米勒,Rosenmüller's,C77.4 D36.0 D48.7,0.9730892181396484,,C77.4,,D36.0,D48.7
1391,5,门(肺),"hilar (pulmonary), portal",C77.1 D36.0 D48.7,0.8930228352546692,,C77.1,,D36.0,D48.7
1391,5,脾,splenic,C77.2 D36.0 D48.7,0.8170989155769348,,C77.2,,D36.0,D48.7
1391,5,面,face,C77.0 D36.0 D48.7,0.8958107829093933,,C77.0,,D36.0,D48.7
1391,5,盆腔内,intrapelvic,C77.5 D36.0 D48.7,0.9929592609405518,,C77.5,,D36.0,D48.7
1391,5,脾(门),splenic (hilar),C77.2 D36.0 D48.7,0.8656166195869446,,C77.2,,D36.0,D48.7
1391,5,气管,tracheal,C77.1 D36.0 D48.7,0.9725703001022339,,C77.1,,D36.0,D48.7
1391,5,气管前,pretracheal,C77.0 D36.0 D48.7,0.9436072707176208,,C77.0,,D36.0,D48.7
1391,5,气管支气管,tracheobronchial,C77.1 D36.0 D48.7,0.9668173789978027,,C77.1,,D36.0,D48.7
1391,5,髂,iliac,C77.5 D36.0 D48.7,0.9171146154403687,,C77.5,,D36.0,D48.7
1391,5,腮腺,parotid,C77.0 D36.0 D48.7,0.8776315450668335,,C77.0,,D36.0,D48.7
1391,5,上腹部，下,"epigastric, inferior",C77.5 D36.0 D48.7,0.9946218729019165,,C77.5,,D36.0,D48.7
1391,5,上颌下,submaxillary,C77.0 D36.0 D48.7,0.9674633741378784,,C77.0,,D36.0,D48.7
1391,5,上肢,upper limb,C77.3 D36.0 D48.7,0.9326286911964417,,C77.3,,D36.0,D48.7
1391,5,舌下,sublingual,C77.0 D36.0 D48.7,0.9540770053863525,,C77.0,,D36.0,D48.7
1391,5,食管,esophageal,C77.1 D36.0 D48.7,0.9801756143569946,,C77.1,,D36.0,D48.7
1391,5,锁骨上,supraclavicular,C77.0 D36.0 D48.7,0.9371742010116577,,C77.0,,D36.0,D48.7
1391,5,锁骨下,"infraclavicular, subclavicular",C77.3 D36.0 D48.7,0.8583081364631653,,C77.3,,D36.0,D48.7
1391,5,头,head,C77.0 D36.0 D48.7,0.9986039400100708,,C77.0,,D36.0,D48.7
1391,5,腿,leg,C77.4 D36.0 D48.7,0.996212899684906,,C77.4,,D36.0,D48.7
1391,5,胃,gastric,C77.2 D36.0 D48.7,0.9999518394470215,,C77.2,,D36.0,D48.7
1391,5,魏尔啸,Virchow's,C77.0 D36.0 D48.7,0.8875698447227478,,C77.0,,D36.0,D48.7
1391,5,无名,innominate,C77.1 D36.0 D48.7,0.9843711853027344,,C77.1,,D36.0,D48.7
1391,5,下腹,hypogastric,C77.5 D36.0 D48.7,0.9657979011535645,,C77.5,,D36.0,D48.7
1391,5,下颌[骨],mandibular,C77.0 D36.0 D48.7,0.9829248785972595,,C77.0,,D36.0,D48.7
1391,5,下颌下,submandibular,C77.0 D36.0 D48.7,0.9658709168434143,,C77.0,,D36.0,D48.7
1391,5,下肢,lower limb,C77.4 D36.0 D48.7,0.9759029150009155,,C77.4,,D36.0,D48.7
1391,5,斜角肌,scalene,C77.0 D36.0 D48.7,0.9628248810768127,,C77.0,,D36.0,D48.7
1391,5,胸,"pectoral, thoracic",C77.3 D36.0 D48.7,0.9757665991783142,,C77.3,,D36.0,D48.7
1391,5,胸骨旁,parasternal,C77.1 D36.0 D48.7,0.9611112475395203,,C77.1,,D36.0,D48.7
1391,5,胸内,intrathoracic,C77.1 D36.0 D48.7,0.9771991968154907,,C77.1,,D36.0,D48.7
1391,5,咽后,retropharyngeal,C77.0 D36.0 D48.7,0.9421743154525757,,C77.0,,D36.0,D48.7
1391,5,腰,lumbar,C77.2 D36.0 D48.7,0.9717167615890503,,C77.2,,D36.0,D48.7
1391,5,腋,"axilla, axillary",C77.3 D36.0 D48.7,0.725382924079895,,C77.3,,D36.0,D48.7
1392,5,胰,pancreatic,C77.2 D36.0 D48.7,0.7512152194976807,,C77.2,,D36.0,D48.7
1392,5,胰周,peripancreatic,C77.2 D36.0 D48.7,0.7882499098777771,,C77.2,,D36.0,D48.7
1392,5,幽门,pyloric,C77.2 D36.0 D48.7,0.8960967063903809,,C77.2,,D36.0,D48.7
1392,5,原发性 NEC,primary NEC,C96.9,0.9039062261581421,C96.9,,,,
1392,5,枕骨,occipital,C77.0 D36.0 D48.7,0.811591625213623,,C77.0,,D36.0,D48.7
1392,5,支气管,bronchial,C77.1 D36.0 D48.7,0.8834658265113831,,C77.1,,D36.0,D48.7
1392,5,支气管肺,bronchopulmonary,C77.1 D36.0 D48.7,0.9538357257843018,,C77.1,,D36.0,D48.7
1392,5,肢,limb,,0.970698356628418,,,,,
1392,6,上,upper,C77.3 D36.0 D48.7,0.8767953515052795,,C77.3,,D36.0,D48.7
1392,6,下,lower,C77.4 D36.0 D48.7,0.9089991450309753,,C77.4,,D36.0,D48.7
1392,5,中结肠,midcolic,C77.2 D36.0 D48.7,0.9487468600273132,,C77.2,,D36.0,D48.7
1392,5,肘,cubital,C77.3 D36.0 D48.7,0.8308907747268677,,C77.3,,D36.0,D48.7
1392,5,主动脉,aortic,C77.2 D36.0 D48.7,0.9825248718261719,,C77.2,,D36.0,D48.7
1392,5,主动脉旁,para-aortic,C77.2 D36.0 D48.7,0.918822705745697,,C77.2,,D36.0,D48.7
1392,5,主动脉周,periaortic,C77.2 D36.0 D48.7,0.8562204837799072,,C77.2,,D36.0,D48.7
1392,5,子宫旁,parametrial,C77.5 D36.0 D48.7,0.8376691937446594,,C77.5,,D36.0,D48.7
1392,5,纵隔,mediastinal,C77.1 D36.0 D48.7,0.8149605989456177,,C77.1,,D36.0,D48.7
1392,3,鳞柱状上皮连接处,squamocolumnar junction,C53.8 C79.8 D06.7 D26.0 D39.0,0.9929602146148682,C53.8,C79.8,D06.7,D26.0,D39.0
1392,3,隆凸(气管的),carina (tracheal),C34.0 C78.0 D02.2 D14.3 D38.1,0.9876395463943481,C34.0,C78.0,D02.2,D14.3,D38.1
1392,3,颅,skull,C41.0 C79.5 D16.4 D48.0,0.9187760949134827,C41.0,C79.5,,D16.4,D48.0
1392,3,颅(窝，任何),"cranial (fossa, any)",C71.9 C79.3 D33.2 D43.2,0.998611569404602,C71.9,C79.3,,D33.2,D43.2
1392,4,脑(脊)膜,meninges,C70.0 C79.3 D32.0 D42.0,0.8555724024772644,C70.0,C79.3,,D32.0,D42.0
1392,4,神经 NEC,"nerve, NEC",C72.5 C79.4 D33.3 D43.3,0.9703158736228943,C72.5,C79.4,,D33.3,D43.3
1392,3,颅盖骨,calvarium,C41.0 C79.5 D16.4 D48.0,0.9882574081420898,C41.0,C79.5,,D16.4,D48.0
1392,3,颅内的 NEC,intracranial NEC,C71.9 C79.3 D33.2 D43.2,0.9617370367050171,C71.9,C79.3,,D33.2,D43.2
1392,3,颅咽(管)(囊),craniopharyngeal (duct) (pouch),C75.2 C79.8 D09.3 D35.3 D44.4,0.9945931434631348,C75.2,C79.8,D09.3,D35.3,D44.4
1392,3,卵巢,ovary,C56 C79.6 D07.3 D27 D39.1,0.977001965045929,C56,C79.6,D07.3,D27,D39.1
1392,3,卵巢冠,parovarium,C57.1 C79.8 D07.3 D28.2 D39.7,0.9501050710678101,C57.1,C79.8,D07.3,D28.2,D39.7
1392,3,卵巢系膜,mesovarium,C57.1 C79.8 D07.3 D28.2 D39.7,0.9824531674385071,C57.1,C79.8,D07.3,D28.2,D39.7
1392,3,罗森米勒窝,Rosenmüller's fossa,C11.2 C79.8 D00.0 D10.6 D37.0,0.9044559597969055,C11.2,C79.8,D00.0,D10.6,D37.0
1392,3,马尾,cauda equina,C72.1 C79.4 D33.4 D43.4,0.9756187200546265,C72.1,C79.4,,D33.4,D43.4
1392,3,迈博姆腺[睑板腺],meibomian gland,C44.1 C79.2 D04.1 D23.1 D48.5,0.9760808944702148,C44.1,C79.2,D04.1,D23.1,D48.5
1392,3,麦克尔憩室,Meckel's diverticulum,C17.3 C78.4 D01.4 D13.3 D37.2,0.9921672344207764,C17.3,C78.4,D01.4,D13.3,D37.2
1392,3,脉络膜,choroid,C69.3 C79.4 D09.2 D31.3 D48.7,0.9350883364677429,C69.3,C79.4,D09.2,D31.3,D48.7
1392,4,丛(侧脑室)(第三脑室),plexus (lateral ventricle) (third ventricle),C71.5 C79.3 D33.0 D43.0,0.9998078346252441,C71.5,C79.3,,D33.0,D43.0
1392,5,第四脑室,fourth ventricle,C71.7 C79.3 D33.1 D43.1,0.9028282165527344,C71.7,C79.3,,D33.1,D43.1
1393,3,盲肠,"cecum, caecum",C18.0 C78.5 D01.0 D12.0 D37.4,0.9723228812217712,C18.0,C78.5,D01.0,D12.0,D37.4
1393,3,盲肠后的,retrocecal,C48.0 C78.6 D20.0 D48.3,0.951999306678772,C48.0,C78.6,,D20.0,D48.3
1393,3,毛细胆管,cholangiole,C22.1 C78.8 D01.5 D13.4 D37.6,0.9934093952178955,C22.1,C78.8,D01.5,D13.4,D37.6
1393,3,毛细管 - 见肿瘤，结缔组织,"capillary - see Neoplasm, connective tissue",,0.9853599071502686,,,,,
1393,3,眉部,brow,C44.3 C79.2 D04.3 D23.3 D48.5,0.9612552523612976,C44.3,C79.2,D04.3,D23.3,D48.5
1393,3,泌尿器官或系统 NEC,urinary organ or system NEC,C68.9 C79.1 D09.1 D30.9 D41.9,0.9976590275764465,C68.9,C79.1,D09.1,D30.9,D41.9
1393,3,泌尿生殖道,genitourinary tract,,0.9978361129760742,,,,,
1393,4,男性,male,C63.9 C79.8 D07.6 D29.9 D40.9,0.7345657348632812,C63.9,C79.8,D07.6,D29.9,D40.9
1393,4,女性,female,C57.9 C79.8 D07.3 D28.9 D39.9,0.8902440667152405,C57.9,C79.8,D07.3,D28.9,D39.9
1393,3,免疫增生性 NEC,immunoproliferative NEC,C88.9 D47.9,0.9967513680458069,C88.9,,,,D47.9
1393,3,面 NEC #,face NEC #,C76.0 C79.8 D04.3 D36.7 D48.7,0.934583306312561,C76.0,C79.8,D04.3,D36.7,D48.7
1393,3,苗勒管,Müllerian duct,,0.9925205111503601,,,,,
1393,4,男性,male,C63.7 C79.8 D07.6 D29.7 D40.7,0.8209949135780334,C63.7,C79.8,D07.6,D29.7,D40.7
1393,4,女性,female,C57.7 C79.8 D07.3 D28.7 D39.7,0.7727158069610596,C57.7,C79.8,D07.3,D28.7,D39.7
1393,3,磨牙后(区)(三角)(三角区),retromolar (area)(triangle) (trigone),C06.2 C79.8 D00.0 D10.3 D37.0,0.9811183214187622,C06.2,C79.8,D00.0,D10.3,D37.0
1393,3,莫尔加尼隐窝,crypt of Morgagni,C21.8 C78.5 D01.3 D12.9 D37.7,0.9933678507804871,C21.8,C78.5,D01.3,D12.9,D37.7
1393,3,拇指 NEC #,thumb NEC #,C76.4 C79.8 D04.6 D36.7 D48.7,0.9026027321815491,C76.4,C79.8,D04.6,D36.7,D48.7
1393,3,幕(小脑的),tentorium (cerebelli),C70.0 C79.3 D32.0 D42.0,0.9949781894683838,C70.0,C79.3,,D32.0,D42.0
1393,3,幕上(脑) NEC,supratentorial (brain) NEC,C71.0 C79.3 D33.0 D43.0,0.9904069304466248,C71.0,C79.3,,D33.0,D43.0
1393,3,纳博特腺(滤泡),Nabothian gland (follicle),C53.0 C79.8 D06.0 D26.0 D39.0,0.9737560749053955,C53.0,C79.8,D06.0,D26.0,D39.0
1393,3,囊，精液的,"vesicle, seminal",C63.7 C79.8 D07.6 D29.7 D40.7,0.9726718664169312,C63.7,C79.8,D07.6,D29.7,D40.7
1393,3,囊，内的,"capsule, internal",C71.0 C79.3 D33.0 D43.0,0.9931331276893616,C71.0,C79.3,,D33.0,D43.0
1393,3,脑 NEC,brain NEC,C71.9 C79.3 D33.2 D43.2,0.9470809102058411,C71.9,C79.3,,D33.2,D43.2
1393,4,干,stem,C71.7 C79.3 D33.1 D43.1,0.8753136992454529,C71.7,C79.3,,D33.1,D43.1
1393,4,脑(脊)膜,meninges,C70.0 C79.3 D32.0 D42.0,0.8786165118217468,C70.0,C79.3,,D32.0,D42.0
1393,3,脑白质(中枢)(大脑),white matter (central)(cerebral),C71.0 C79.3 D33.0 D43.0,0.9965832829475403,C71.0,C79.3,,D33.0,D43.0
1393,3,脑岛,insula,C71.0 C79.3 D33.0 D43.0,0.929661750793457,C71.0,C79.3,,D33.0,D43.0
1393,3,脑(脊)膜,meninges,C70.9 C79.4 D32.9 D42.9,0.9630358219146729,C70.9,C79.4,,D32.9,D42.9
1393,4,脊（髓）,spinal (cord),C70.1 C79.4 D32.1 D42.1,0.7070395946502686,C70.1,C79.4,,D32.1,D42.1
1393,4,颅,cranial,C70.0 C79.3 D32.0 D42.0,0.853550374507904,C70.0,C79.3,,D32.0,D42.0
1393,4,颅内,intracranial,C70.0 C79.3 D32.0 D42.0,0.901241660118103,C70.0,C79.3,,D32.0,D42.0
1393,4,脑,cerebral,C70.0 C79.3 D32.0 D42.0,0.8375563025474548,C70.0,C79.3,,D32.0,D42.0
1393,3,脑桥,pons (Varolii),C71.7 C79.3 D33.1 D43.1,0.9314935207366943,C71.7,C79.3,,D33.1,D43.1
1393,3,内口（宫颈）,internal os,C53.0 C79.8 D06.0 D26.0 D39.0,0.8852391242980957,C53.0,C79.8,D06.0,D26.0,D39.0
1393,3,囊(大脑),capsule (cerebral),C71.0 C79.3 D33.0 D43.0,0.8376582264900208,C71.0,C79.3,,D33.0,D43.0
1394,3,内分泌腺 NEC,endocrine gland NEC,C75.9 C79.8 D09.3 D35.9 D44.9,0.9986844062805176,C75.9,C79.8,D09.3,D35.9,D44.9
1394,3,内分泌腺 NEC,pluriglandular,C75.8 C79.8 D09.3 D35.8 D44.8,0.931346595287323,C75.8,C79.8,D09.3,D35.8,D44.8
1394,4,多腺性,viscera NEC,C76.7 C79.8 D36.7 D48.7,0.8367922902107239,C76.7,C79.8,,D36.7,D48.7
1394,3,内脏 NEC,viscera NEC,,0.9078428745269775,,,,,
1394,3,粘膜,mucosa,,0.9371891617774963,,,,,
1394,4,鼻,nasal,C30.0 C78.3 D02.3 D14.0 D38.5,0.7079043388366699,C30.0,C78.3,D02.3,D14.0,D38.5
1394,4,唇 - 见肿瘤，唇，内,"lip - see Neoplasm, lip, internal",,0.9314947128295898,,,,,
1394,4,颊,"buccal, cheek",C06.0 C79.8 D00.0 D10.3 D37.0,0.8013755679130554,C06.0,C79.8,D00.0,D10.3,D37.0
1394,4,口 NEC,oral NEC,C06.9 C79.8 D00.0 D10.3 D37.0,0.9031063914299011,C06.9,C79.8,D00.0,D10.3,D37.0
1394,4,牙槽(嵴或突),alveolar (ridge or process),C03.9 C79.8 D00.0 D10.3 D37.0,0.9324879050254822,C03.9,C79.8,D00.0,D10.3,D37.0
1394,5,上,upper,C03.0 C79.8 D00.0 D10.3 D37.0,0.8477182388305664,C03.0,C79.8,D00.0,D10.3,D37.0
1394,4,下,lower,C03.1 C79.8 D00.0 D10.3 D37.0,0.6734017729759216,C03.1,C79.8,D00.0,D10.3,D37.0
1394,3,粘液囊 - 见肿瘤，结缔组织,"bursa - see Neoplasm, connective tissue",,0.9844892621040344,,,,,
1394,3,尿道(腺),"urethra, urethral (gland)",C68.0 C79.1 D09.1 D30.4 D41.3,0.9799019694328308,C68.0,C79.1,D09.1,D30.4,D41.3
1394,4,口，内的,"orifice, internal",C67.5 C79.1 D09.0 D30.3 D41.4,0.9346895813941956,C67.5,C79.1,D09.0,D30.3,D41.4
1394,3,尿道旁,paraurethral,C76.3 C79.8 D36.7 D48.7,0.9055622816085815,C76.3,C79.8,,D36.7,D48.7
1394,4,腺,gland,C68.1 C79.1 D09.1 D30.7 D41.7,0.6948191523551941,C68.1,C79.1,D09.1,D30.7,D41.7
1394,3,尿道球腺,bulbourethral gland,C68.0 C79.1 D09.1 D30.4 D41.3,0.9726532101631165,C68.0,C79.1,D09.1,D30.4,D41.3
1394,3,尿道阴道(隔膜),urethrovaginal (septum),C57.9 C79.8 D07.3 D28.9 D39.9,0.9856086373329163,C57.9,C79.8,D07.3,D28.9,D39.9
1394,3,尿道周围组织,periurethral tissue,C76.3 C79.8 D36.7 D48.7,0.9955095648765564,C76.3,C79.8,,D36.7,D48.7
1394,3,颞,temporal,,0.9397335052490234,,,,,
1394,4,极或叶,pole or lobe,C71.2 C79.3 D33.0 D43.0,0.8073994517326355,C71.2,C79.3,,D33.0,D43.0
1394,4,区,region,C76.0 C79.8 D09.7 D36.7 D48.7,0.9331598281860352,C76.0,C79.8,D09.7,D36.7,D48.7
1394,3,颞部,temple,C44.3 C79.2 D04.3 D23.3 D48.5,0.9064183235168457,C44.3,C79.2,D04.3,D23.3,D48.5
1394,3,盘，椎(骨)间,"disk, intervertebral",C41.2 C79.5 D16.6 D48.0,0.9922658801078796,C41.2,C79.5,,D16.6,D48.0
1394,3,膀胱,"bladder, vesical (urinary)",C67.9 C79.1 D09.0 D30.3 D41.4,0.99226313829422,C67.9,C79.1,D09.0,D30.3,D41.4
1394,4,三角区,trigone,C67.0 C79.1 D09.0 D30.3 D41.4,0.8727502822875977,C67.0,C79.1,D09.0,D30.3,D41.4
1394,4,壁,wall,C67.9 C79.1 D09.0 D30.3 D41.4,0.6704383492469788,C67.9,C79.1,D09.0,D30.3,D41.4
1394,5,侧,lateral,C67.2 C79.1 D09.0 D30.3 D41.4,0.8383791446685791,C67.2,C79.1,D09.0,D30.3,D41.4
1394,5,后,posterior,C67.4 C79.1 D09.0 D30.3 D41.4,0.9058773517608643,C67.4,C79.1,D09.0,D30.3,D41.4
1394,5,前,anterior,C67.3 C79.1 D09.0 D30.3 D41.4,0.6735646724700928,C67.3,C79.1,D09.0,D30.3,D41.4
1394,4,颈,neck,C67.5 C79.1 D09.0 D30.3 D41.4,0.8254802823066711,C67.5,C79.1,D09.0,D30.3,D41.4
1394,4,口,orifice,C67.9 C79.1 D09.0 D30.3 D41.4,0.7058132290840149,C67.9,C79.1,D09.0,D30.3,D41.4
1394,5,尿道,urethral,C67.5 C79.1 D09.0 D30.3 D41.4,0.8325837850570679,C67.5,C79.1,D09.0,D30.3,D41.4
1394,5,输尿管,ureteric,C67.6 C79.1 D09.0 D30.3 D41.4,0.8504157662391663,C67.6,C79.1,D09.0,D30.3,D41.4
1394,4,括约肌,sphincter,C67.8 D09.0 D30.3 D41.4,0.8259889483451843,C67.8,,D09.0,D30.3,D41.4
1394,4,脐尿管,urachus,C67.7 C79.1 D09.0 D30.3 D41.4,0.9353047609329224,C67.7,C79.1,D09.0,D30.3,D41.4
1394,4,圆顶,dome,C67.1 C79.1 D09.0 D30.3 D41.4,0.8210417032241821,C67.1,C79.1,D09.0,D30.3,D41.4
1394,3,膀胱后,retrovesical,C76.3 C79.1 D09.0 D30.3 D41.4,0.9642472863197327,C76.3,C79.1,D09.0,D30.3,D41.4
1395,3,膀胱宫颈组织,vesicocervical tissue,C57.9 C79.8 D07.3 D28.9 D39.9,0.9972506165504456,C57.9,C79.8,D07.3,D28.9,D39.9
1395,3,膀胱阴道,vesicovaginal,C57.9 C79.8 D07.3 D28.9 D39.9,0.9755808711051941,C57.9,C79.8,D07.3,D28.9,D39.9
1395,4,隔,septum,C57.9 C79.8 D07.3 D28.9 D39.9,0.8535574078559875,C57.9,C79.8,D07.3,D28.9,D39.9
1395,3,膀胱直肠,vesicorectal,C76.3 C79.8 D09.7 D36.7 D48.7,0.9656387567520142,C76.3,C79.8,D09.7,D36.7,D48.7
1395,3,盆腔腹,pelvoabdominal,C76.8 C79.8 D09.7 D36.7 D48.7,0.9820994734764099,C76.8,C79.8,D09.7,D36.7,D48.7
1395,3,皮肤(非黑变病的),"skin, cutis, cutaneous (nonmelanotic)",C44.9 C79.2 D04.9 D23.9 D48.5,0.9949780106544495,C44.9,C79.2,D04.9,D23.9,D48.5
1395,4,包皮,prepuce,C60.0 C79.8 D07.4 D29.0 D40.7,0.8533861637115479,C60.0,C79.8,D07.4,D29.0,D40.7
1395,4,背部,back,C44.5 C79.2 D04.5 D23.5 D48.5,0.8433690667152405,C44.5,C79.2,D04.5,D23.5,D48.5
1395,4,鼻(外部),nose (external),C44.3 C79.2 D04.3 D23.3 D48.5,0.8995476365089417,C44.3,C79.2,D04.3,D23.3,D48.5
1395,4,鼻翼,ala nasi,C44.3 C79.2 D04.3 D23.3 D48.5,0.7948704957962036,C44.3,C79.2,D04.3,D23.3,D48.5
1395,4,臂,arm,C44.6 C79.2 D04.6 D23.6 D48.5,0.8003280758857727,C44.6,C79.2,D04.6,D23.6,D48.5
1395,4,唇(下)(上),lip (lower) (upper),C44.0 C79.2 D04.0 D23.0 D48.5,0.879950225353241,C44.0,C79.2,D04.0,D23.0,D48.5
1395,4,大腿,thigh,C44.7 C79.2 D04.7 D23.7 D48.5,0.8410147428512573,C44.7,C79.2,D04.7,D23.7,D48.5
1395,4,骶尾骨区,sacrococcygeal region,C44.5 C79.2 D04.5 D23.5 D48.5,0.9047186970710754,C44.5,C79.2,D04.5,D23.5,D48.5
1395,4,额(前),forehead,C44.3 C79.2 D04.3 D23.3 D48.5,0.88339763879776,C44.3,C79.2,D04.3,D23.3,D48.5
1395,4,耳(外部),ear (external),C44.2 C79.2 D04.2 D23.2 D48.5,0.8396795392036438,C44.2,C79.2,D04.2,D23.2,D48.5
1395,4,耳道(外部),auricular (auditory) canal (external),C44.2 C79.2 D04.2 D23.2 D48.5,0.8973820805549622,C44.2,C79.2,D04.2,D23.2,D48.5
1395,4,耳廓,"auricle, concha, pinna (ear)",C44.2 C79.2 D04.2 D23.2 D48.5,0.6955942511558533,C44.2,C79.2,D04.2,D23.2,D48.5
1395,4,耳轮,helix,C44.2 C79.2 D04.2 D23.2 D48.5,0.8025544285774231,C44.2,C79.2,D04.2,D23.2,D48.5
1395,4,耳屏,tragus,C44.2 C79.2 D04.2 D23.2 D48.5,0.7351174354553223,C44.2,C79.2,D04.2,D23.2,D48.5
1395,4,腓肠,calf,C44.7 C79.2 D04.7 D23.7 D48.5,0.748672604560852,C44.7,C79.2,D04.7,D23.7,D48.5
1395,4,腹壁,abdominal wall,C44.5 C79.2 D04.5 D23.5 D48.5,0.7866653203964233,C44.5,C79.2,D04.5,D23.5,D48.5
1395,4,腹股沟(区),"groin, inguinal region",C44.5 C79.2 D04.5 D23.5 D48.5,0.9386358261108398,C44.5,C79.2,D04.5,D23.5,D48.5
1395,4,肛门,anus,C44.5 C79.2 D04.5 D23.5 D48.5,0.8827650547027588,C44.5,C79.2,D04.5,D23.5,D48.5
1395,4,肛门周围的,perianal,C44.5 C79.2 D04.5 D23.5 D48.5,0.8930001854896545,C44.5,C79.2,D04.5,D23.5,D48.5
1395,4,腘窝或间隙,popliteal fossa or space,C44.7 C79.2 D04.7 D23.7 D48.5,0.8447615504264832,C44.7,C79.2,D04.7,D23.7,D48.5
1395,4,颌,jaw,C44.3 C79.2 D04.3 D23.3 D48.5,0.7579888701438904,C44.3,C79.2,D04.3,D23.3,D48.5
1395,3,黑变病的-见黑瘤,melanotic - see Melanoma,,0.9796047806739807,,,,,
1395,3,踝,ankle,C44.7 C79.2 D04.7 D23.7 D48.5,0.9332880973815918,C44.7,C79.2,D04.7,D23.7,D48.5
1395,3,会阴,perineum,C44.5 C79.2 D04.5 D23.5 D48.5,0.9625892639160156,C44.5,C79.2,D04.5,D23.5,D48.5
1395,4,颊,cheek,C44.3 C79.2 D04.3 D23.3 D48.5,0.8182874321937561,C44.3,C79.2,D04.3,D23.3,D48.5
1395,4,肩,shoulder,C44.6 C79.2 D04.6 D23.6 D48.5,0.9190934300422668,C44.6,C79.2,D04.6,D23.6,D48.5
1395,4,肩胛区,scapular region,C44.5 C79.2 D04.5 D23.5 D48.5,0.9068654179573059,C44.5,C79.2,D04.5,D23.5,D48.5
1395,4,睑(下)(上),"lid, palpebra (lower) (upper)",C44.1 C79.2 D04.1 D23.1 D48.5,0.9433227181434631,C44.1,C79.2,D04.1,D23.1,D48.5
1395,4,颈(部),"neck, cervical region",C44.4 C79.2 D04.4 D23.4 D48.5,0.8444073796272278,C44.4,C79.2,D04.4,D23.4,D48.5
1395,4,颏,chin,C44.3 C79.2 D04.3 D23.3 D48.5,0.7211716771125793,C44.3,C79.2,D04.3,D23.3,D48.5
1395,4,髋部,hip,C44.7 C79.2 D04.7 D23.7 D48.5,0.8057268857955933,C44.7,C79.2,D04.7,D23.7,D48.5
1395,4,眉部,brow,C44.3 C79.2 D04.3 D23.3 D48.5,0.8779482841491699,C44.3,C79.2,D04.3,D23.3,D48.5
1396,4,面 NEC,face NEC,C44.3 C79.2 D04.3 D23.3 D48.5,0.835740864276886,C44.3,C79.2,D04.3,D23.3,D48.5
1396,4,拇指,thumb,C44.6 C79.2 D04.6 D23.6 D48.5,0.7920864820480347,C44.6,C79.2,D04.6,D23.6,D48.5
1396,4,男性生殖器,male genital organ,C63.9 C79.8 D07.6 D29.9 D40.9,0.9418374300003052,C63.9,C79.8,D07.6,D29.9,D40.9
1396,5,包皮,prepuce,C60.0 C79.8 D07.4 D29.0 D40.7,0.7604122161865234,C60.0,C79.8,D07.4,D29.0,D40.7
1396,5,阴茎 NEC,penis NEC,C60.9 C79.8 D07.4 D29.0 D40.7,0.900143027305603,C60.9,C79.8,D07.4,D29.0,D40.7
1396,5,阴囊,scrotum,C63.2 C79.8 D07.6 D29.4 D40.7,0.7940024137496948,C63.2,C79.8,D07.6,D29.4,D40.7
1396,4,颞部,temple,C44.3 C79.2 D04.3 D23.3 D48.5,0.8898029327392578,C44.3,C79.2,D04.3,D23.3,D48.5
1396,4,女性生殖器,female genital organ,C51.9 C79.8 D07.1 D28.0 D39.7,0.8776359558105469,C51.9,C79.8,D07.1,D28.0,D39.7
1396,3,外阴,vulva,C51.9 C79.8 D07.1 D28.0 D39.7,0.9788918495178223,C51.9,C79.8,D07.1,D28.0,D39.7
1396,3,阴部,pudendum,C51.9 C79.8 D07.1 D28.0 D39.7,0.9860444664955139,C51.9,C79.8,D07.1,D28.0,D39.7
1396,4,阴唇 NEC,labium NEC,C51.9 C79.8 D07.1 D28.0 D39.7,0.8665468692779541,C51.9,C79.8,D07.1,D28.0,D39.7
1396,3,大,majus,C51.0 C79.8 D07.1 D28.0 D39.7,0.8649947643280029,C51.0,C79.8,D07.1,D28.0,D39.7
1396,4,小,minus,C51.1 C79.8 D07.1 D28.0 D39.7,0.7058830261230469,C51.1,C79.8,D07.1,D28.0,D39.7
1396,3,阴蒂,clitoris,C51.2 C79.8 D07.1 D28.0 D39.7,0.9850375056266785,C51.2,C79.8,D07.1,D28.0,D39.7
1396,4,脐,umbilicus,C44.5 C79.2 D04.5 D23.5 D48.5,0.8534935116767883,C44.5,C79.2,D04.5,D23.5,D48.5
1396,4,前臂,forearm,C44.6 C79.2 D04.6 D23.6 D48.5,0.7629910111427307,C44.6,C79.2,D04.6,D23.6,D48.5
1396,4,躯干,trunk,C44.5 C79.2 D04.5 D23.5 D48.5,0.9499209523200989,C44.5,C79.2,D04.5,D23.5,D48.5
1396,4,乳房,breast,C44.5 C79.2 D04.5 D23.5 D48.5,0.8119468688964844,C44.5,C79.2,D04.5,D23.5,D48.5
1396,4,乳腺下襞,submammary fold,C44.5 C79.2 D04.5 D23.5 D48.5,0.8660302758216858,C44.5,C79.2,D04.5,D23.5,D48.5
1396,4,手,hand,C44.6 C79.2 D04.6 D23.6 D48.5,0.921272337436676,C44.6,C79.2,D04.6,D23.6,D48.5
1396,4,锁骨区,clavicular area,C44.5 C79.2 D04.5 D23.5 D48.5,0.8902808427810669,C44.5,C79.2,D04.5,D23.5,D48.5
1396,4,锁骨上区,supraclavicular region,C44.4 C79.2 D04.4 D23.4 D48.5,0.8911505341529846,C44.4,C79.2,D04.4,D23.4,D48.5
1396,4,锁骨下区,infraclavicular region,C44.5 C79.2 D04.5 D23.5 D48.5,0.8903438448905945,C44.5,C79.2,D04.5,D23.5,D48.5
1396,4,头 NEC,head NEC,C44.4 C79.2 D04.4 D23.4 D48.5,0.9017540812492371,C44.4,C79.2,D04.4,D23.4,D48.5
1396,4,头皮,scalp,C44.4 C79.2 D04.4 D23.4 D48.5,0.8901547193527222,C44.4,C79.2,D04.4,D23.4,D48.5
1396,4,腿,leg,C44.7 C79.2 D04.7 D23.7 D48.5,0.8678505420684814,C44.7,C79.2,D04.7,D23.7,D48.5
1396,4,臀(部),"buttock, nates, gluteal region",C44.5 C79.2 D04.5 D23.5 D48.5,0.8697676658630371,C44.5,C79.2,D04.5,D23.5,D48.5
1396,4,外阴,vulva,C51.9 C79.8 D07.1 D28.0 D39.7,0.8104672431945801,C51.9,C79.8,D07.1,D28.0,D39.7
1396,4,腕,wrist,C44.6 C79.2 D04.6 D23.6 D48.5,0.9158194661140442,C44.6,C79.2,D04.6,D23.6,D48.5
1396,4,膝,knee,C44.7 C79.2 D04.7 D23.7 D48.5,0.6773608326911926,C44.7,C79.2,D04.7,D23.7,D48.5
1396,4,小柱(细胞),columella,C44.3 C79.2 D04.3 D23.3 D48.5,0.8941777944564819,C44.3,C79.2,D04.3,D23.3,D48.5
1396,4,胁腹,flank,C44.5 C79.2 D04.5 D23.5 D48.5,0.8451351523399353,C44.5,C79.2,D04.5,D23.5,D48.5
1396,4,胸(壁),"chest, thoracic (wall)",C44.5 C79.2 D04.5 D23.5 D48.5,0.8769589066505432,C44.5,C79.2,D04.5,D23.5,D48.5
1396,4,眼眉部,eyebrow,C44.3 C79.2 D04.3 D23.3 D48.5,0.9319294691085815,C44.3,C79.2,D04.3,D23.3,D48.5
1396,4,眼睑,eyelid,C44.1 C79.2 D04.1 D23.1 D48.5,0.8390023708343506,C44.1,C79.2,D04.1,D23.1,D48.5
1396,4,腋襞,"axilla, axillary fold",C44.5 C79.2 D04.5 D23.5 D48.5,0.9127789735794067,C44.5,C79.2,D04.5,D23.5,D48.5
1396,4,阴唇,labia,C51.9 C79.8 D07.1 D28.0 D39.7,0.8363208174705505,C51.9,C79.8,D07.1,D28.0,D39.7
1396,5,大,majora,C51.0 C79.8 D07.1 D28.0 D39.7,0.7981330752372742,C51.0,C79.8,D07.1,D28.0,D39.7
1396,5,小,minora,C51.1 C79.8 D07.1 D28.0 D39.7,0.6767122745513916,C51.1,C79.8,D07.1,D28.0,D39.7
1397,4,阴蒂,clitoris,C51.2 C79.8 D07.1 D28.0 D39.7,0.8482527136802673,C51.2,C79.8,D07.1,D28.0,D39.7
1397,4,阴阜,pubes,C44.5 C79.2 D04.5 D23.5 D48.5,0.814993679523468,C44.5,C79.2,D04.5,D23.5,D48.5
1397,4,阴茎 NEC,penis NEC,C60.9 C79.8 D07.4 D29.0 D40.7,0.9596899151802063,C60.9,C79.8,D07.4,D29.0,D40.7
1397,4,阴囊,scrotum,C63.2 C79.8 D07.6 D29.4 D40.7,0.7732768058776855,C63.2,C79.8,D07.6,D29.4,D40.7
1397,4,掌,palm,C44.6 C79.2 D04.6 D23.6 D48.5,0.701136589050293,C44.6,C79.2,D04.6,D23.6,D48.5
1397,4,肢 NEC,limb NEC,C44.9 C79.2 D04.9 D23.9 D48.5,0.8420154452323914,C44.9,C79.2,D04.9,D23.9,D48.5
1397,5,上,upper,C44.6 C79.2 D04.6 D23.6 D48.5,0.6815890669822693,C44.6,C79.2,D04.6,D23.6,D48.5
1397,5,下,lower,C44.7 C79.2 D04.7 D23.7 D48.5,0.8323515057563782,C44.7,C79.2,D04.7,D23.7,D48.5
1397,4,跖(足),"plantar, sole (foot)",C44.7 C79.2 D04.7 D23.7 D48.5,0.9032689929008484,C44.7,C79.2,D04.7,D23.7,D48.5
1397,4,指,finger,C44.6 C79.2 D04.6 D23.6 D48.5,0.8960902094841003,C44.6,C79.2,D04.6,D23.6,D48.5
1397,4,趾,toe,C44.7 C79.2 D04.7 D23.7 D48.5,0.7146999835968018,C44.7,C79.2,D04.7,D23.7,D48.5
1397,4,眦(眼)(内)(外),canthus (eye) (inner)(outer),C44.1 C79.2 D04.1 D23.1 D48.5,0.9684801697731018,C44.1,C79.2,D04.1,D23.1,D48.5
1397,4,肘,elbow,C44.6 C79.2 D04.6 D23.6 D48.5,0.7185304164886475,C44.6,C79.2,D04.6,D23.6,D48.5
1397,4,肘前间隙,antecubital space,C44.6 C79.2 D04.6 D23.6 D48.5,0.9279624819755554,C44.6,C79.2,D04.6,D23.6,D48.5
1397,4,足,foot,C44.7 C79.2 D04.7 D23.7 D48.5,0.7471132874488831,C44.7,C79.2,D04.7,D23.7,D48.5
1397,4,足跟,heel,C44.7 C79.2 D04.7 D23.7 D48.5,0.7690302133560181,C44.7,C79.2,D04.7,D23.7,D48.5
1397,3,皮下（结节）（组织） NEC - 见肿瘤，结缔组织,"subcutaneous (nodule) (tissue) NEC - see Neoplasm, connective tissue",,0.9874787330627441,,,,,
1397,3,皮脂腺 - 见肿瘤，皮肤,"sebaceous gland - see Neoplasm, skin",,0.9359416961669922,,,,,
1397,3,皮质,cortex,,0.9617334008216858,,,,,
1397,4,大脑的,cerebral,C71.0 C79.3 D33.0 D43.0,0.8516896963119507,C71.0,C79.3,,D33.0,D43.0
1397,4,肾上腺,adrenal,C74.0 C79.7 D09.3 D35.0 D44.1,0.8867138028144836,C74.0,C79.7,D09.3,D35.0,D44.1
1397,3,脾 NEC,"spleen, splenic NEC",C26.1 C78.8 D13.9 D37.7,0.931438148021698,C26.1,C78.8,,D13.9,D37.7
1397,4,曲(结肠),flexure (colon),C18.5 C78.5 D01.0 D12.3 D37.4,0.8856543302536011,C18.5,C78.5,D01.0,D12.3,D37.4
1397,3,葡萄膜[眼色素层],uveal tract,C69.4 C79.4 D09.2 D31.4 D48.7,0.974986732006073,C69.4,C79.4,D09.2,D31.4,D48.7
1397,3,脐,"umbilicus, umbilical",C44.5 C79.2 D04.5 D23.5 D48.5,0.9865155816078186,C44.5,C79.2,D04.5,D23.5,D48.5
1397,3,脐尿管,urachus,C67.7 C79.1 D09.0 D30.3 D41.4,0.9280261397361755,C67.7,C79.1,D09.0,D30.3,D41.4
1397,3,气管(软骨)(粘膜),"trachea, windpipe (cartilage) (mucosa)",C33 C78.3 D02.1 D14.2 D38.1,0.9897609353065491,C33,C78.3,D02.1,D14.2,D38.1
1397,3,气管支气管,tracheobronchial,C34.8 C78.0 D02.2 D14.2 D38.1,0.9726468324661255,C34.8,C78.0,D02.2,D14.2,D38.1
1397,3,髂骨,ilium,C41.4 C79.5 D16.8 D48.0,0.9188147187232971,C41.4,C79.5,,D16.8,D48.0
1397,3,前臂 NEC #,forearm NEC #,C76.4 C79.8 D04.6 D36.7 D48.7,0.9604674577713013,C76.4,C79.8,D04.6,D36.7,D48.7
1397,3,前列腺,prostate (gland),C61 C79.8 D07.5 D29.1 D40.0,0.9716582298278809,C61,C79.8,D07.5,D29.1,D40.0
1397,3,前庭,vestibule,,0.9434399604797363,,,,,
1397,4,鼻,nose,C30.0 C78.3 D02.3 D14.0 D38.5,0.8449419140815735,C30.0,C78.3,D02.3,D14.0,D38.5
1397,4,口,mouth,C06.1 C79.8 D00.0 D10.3 D37.0,0.7590520977973938,C06.1,C79.8,D00.0,D10.3,D37.0
1397,3,前庭大腺,"vestibular gland, greater",C51.0 C79.8 D07.1 D28.0 D39.7,0.9959812164306641,C51.0,C79.8,D07.1,D28.0,D39.7
1397,3,前肘窝或间隙 #,antecubital fossa or space #,C76.4 C79.8 D04.6 D36.7 D48.7,0.9950976371765137,C76.4,C79.8,D04.6,D36.7,D48.7
1398,3,腔,cavity,,0.967802882194519,,,,,
1398,4,鼻,nasal,C30.0 C78.3 D02.3 D14.0 D38.5,0.7323909401893616,C30.0,C78.3,D02.3,D14.0,D38.5
1398,4,腹膜,peritoneal,C48.2 C78.6 D20.1 D48.4,0.786201536655426,C48.2,C78.6,,D20.1,D48.4
1398,4,鼓室,tympanic,C30.1 C78.3 D02.3 D14.0 D38.5,0.8078670501708984,C30.1,C78.3,D02.3,D14.0,D38.5
1398,4,颊,buccal,C06.9 C79.8 D00.0 D10.3 D37.0,0.7996639609336853,C06.9,C79.8,D00.0,D10.3,D37.0
1398,4,口,oral,C06.9 C79.8 D00.0 D10.3 D37.0,0.8732041716575623,C06.9,C79.8,D00.0,D10.3,D37.0
1398,3,腔静脉(腹)(下),vena cava (abdominal) (inferior),C49.4 C79.8 D21.4 D48.1,0.9842033386230469,C49.4,C79.8,,D21.4,D48.1
1398,4,上,superior,C49.3 C79.8 D21.3 D48.1,0.7580962181091309,C49.3,C79.8,,D21.3,D48.1
1398,3,穹隆,fornix,,0.9862349629402161,,,,,
1398,4,咽,pharyngeal,C11.3 C79.8 D00.0 D10.6 D37.0,0.7724816203117371,C11.3,C79.8,D00.0,D10.6,D37.0
1398,4,阴道,vagina,C52 C79.8 D07.2 D28.1 D39.7,0.8653644323348999,C52,C79.8,D07.2,D28.1,D39.7
1398,3,丘脑,thalamus,C71.0 C79.3 D33.0 D43.0,0.9945033192634583,C71.0,C79.3,,D33.0,D43.0
1398,3,球(血管),glomus,,0.9404683113098145,,,,,
1398,4,颈静脉,jugularis,C75.5 C79.8 D35.6 D44.7,0.8880435824394226,C75.5,C79.8,,D35.6,D44.7
1398,3,尾骨,coccygeal,C75.5 C79.8 D35.6 D44.7,0.8339389562606812,C75.5,C79.8,,D35.6,D44.7
1398,3,躯干 NEC #,trunk NEC #,C76.7 C79.8 D04.5 D36.7 D48.7,0.927973210811615,C76.7,C79.8,D04.5,D36.7,D48.7
1398,3,全身性,generalized,C80,0.9685881733894348,C80,,,,
1398,3,桡骨(任何部分),radius (any part),C40.0 C79.5 D16.0 D48.0,0.9923398494720459,C40.0,C79.5,,D16.0,D48.0
1398,3,韧带(另见肿瘤，结缔组织),"ligament (see also Neoplasm, connective tissue)",C49.9 C79.8 D21.9 D48.1,0.9927260875701904,C49.9,C79.8,,D21.9,D48.1
1398,4,骶骨子宫,sacrouterine,C57.3 C79.8 D07.3 D28.2 D39.7,0.8748486638069153,C57.3,C79.8,D07.3,D28.2,D39.7
1398,4,非子宫-见肿瘤，结缔组织,"nonuterine - see Neoplasm, connective tissue",,0.9631481170654297,,,,,
1398,4,阔,broad,C57.1 C79.8 D07.3 D28.2 D39.7,0.6990971565246582,C57.1,C79.8,D07.3,D28.2,D39.7
1398,4,圆,round,C57.2 C79.8 D07.3 D28.2 D39.7,0.7203370928764343,C57.2,C79.8,D07.3,D28.2,D39.7
1398,4,子宫,uterine,C57.3 C79.8 D07.3 D28.2 D39.7,0.8921973705291748,C57.3,C79.8,D07.3,D28.2,D39.7
1398,4,子宫骶骨,uterosacral,C57.3 C79.8 D07.3 D28.2 D39.7,0.8844454884529114,C57.3,C79.8,D07.3,D28.2,D39.7
1398,4,子宫卵巢,utero-ovarian,C57.1 C79.8 D07.3 D28.2 D39.7,0.9140703678131104,C57.1,C79.8,D07.3,D28.2,D39.7
1398,3,乳房(结缔组织)(腺组织)(软组织),breast (connective tissue) (glandular tissue) (soft parts),C50.9 C79.8 D05.9 D24 D48.6,0.9873586893081665,C50.9,C79.8,D05.9,D24,D48.6
1398,4,内,inner,C50.8 C79.8 D05.9 D24 D48.6,0.7721869349479675,C50.8,C79.8,D05.9,D24,D48.6
1398,4,外,outer,C50.8 C79.8 D05.9 D24 D48.6,0.7435469627380371,C50.8,C79.8,D05.9,D24,D48.6
1398,4,上,upper,C50.8 C79.8 D05.9 D24 D48.6,0.7790314555168152,C50.8,C79.8,D05.9,D24,D48.6
1398,4,下,lower,C50.8 C79.8 D05.9 D24 D48.6,0.7150232791900635,C50.8,C79.8,D05.9,D24,D48.6
1398,4,上内象限,upper-inner quadrant,C50.2 C79.8 D05.9 D24 D48.6,0.8916549682617188,C50.2,C79.8,D05.9,D24,D48.6
1398,4,上外象限,upper-outer quadrant,C50.4 C79.8 D05.9 D24 D48.6,0.9126028418540955,C50.4,C79.8,D05.9,D24,D48.6
1398,4,下内象限,lower-inner quadrant,C50.3 C79.8 D05.9 D24 D48.6,0.8116965889930725,C50.3,C79.8,D05.9,D24,D48.6
1398,4,下外象限,lower-outer quadrant,C50.5 C79.8 D05.9 D24 D48.6,0.8299112319946289,C50.5,C79.8,D05.9,D24,D48.6
1398,4,皮肤,skin,C44.5 C79.2 D04.5 D23.5 D48.5,0.7569350004196167,C44.5,C79.2,D04.5,D23.5,D48.5
1398,4,乳晕,areola,C50.0 C79.8 D05.9 D24 D48.6,0.9723696112632751,C50.0,C79.8,D05.9,D24,D48.6
1399,4,尾部(腋),axillary tail,C50.6 C79.8 D05.9 D24 D48.6,0.8988989591598511,C50.6,C79.8,D05.9,D24,D48.6
1399,4,腋尾部,ectopic site,C50.8 C79.8 D05.9 D24 D48.6,0.8530672192573547,C50.8,C79.8,D05.9,D24,D48.6
1399,4,异位,ectopic,C50.8 C79.8 D05.9 D24 D48.6,0.761317253112793,C50.8,C79.8,D05.9,D24,D48.6
1399,4,中线,midline,C50.8 C79.8 D05.9 D24 D48.6,0.7685972452163696,C50.8,C79.8,D05.9,D24,D48.6
1399,4,中心部分,central portion,C50.1 C79.8 D05.9 D24 D48.6,0.8811971545219421,C50.1,C79.8,D05.9,D24,D48.6
1399,3,乳头,nipple,C50.0 C79.8 D05.9 D24 D48.6,0.9532204866409302,C50.0,C79.8,D05.9,D24,D48.6
1399,3,乳突(气房)(窦)(腔),mastoid (air cell) (antrum) (cavity),C30.1 C78.3 D02.3 D14.0 D38.5,0.9808781147003174,C30.1,C78.3,D02.3,D14.0,D38.5
1399,4,骨或突,bone or process,C41.0 C79.5 D16.4 D48.0,0.8262192606925964,C41.0,C79.5,,D16.4,D48.0
1399,3,乳腺-见肿瘤，乳房,"mammary gland - see Neoplasm, breast",,0.972144603729248,,,,,
1399,3,乳晕,areola,C50.0 C79.8 D05.9 D24 D48.6,0.9450744986534119,C50.0,C79.8,D05.9,D24,D48.6
1399,3,软骨(关节)(另见肿瘤，骨),"cartilage (articular)(joint) (see also Neoplasm, bone)",C41.9 C79.5 D16.9 D48.0,0.9809850454330444,C41.9,C79.5,,D16.9,D48.0
1399,4,半月形(膝),semilunar (knee),C40.2 C79.5 D16.2 D48.0,0.8925374150276184,C40.2,C79.5,,D16.2,D48.0
1399,4,鼻,"nose, nasal",C30.0 C78.3 D02.3 D14.0 D38.5,0.9029409289360046,C30.0,C78.3,D02.3,D14.0,D38.5
1399,4,耳(外部),"auricular, ear (external)",C49.0 C79.8 D21.0 D48.1,0.8568482398986816,C49.0,C79.8,,D21.0,D48.1
1399,4,喉,"larynx, laryngeal",C32.3 C78.3 D02.0 D14.1 D38.0,0.8082306385040283,C32.3,C78.3,D02.0,D14.1,D38.0
1399,4,环状,cricoid,C32.3 C78.3 D02.0 D14.1 D38.0,0.8386749029159546,C32.3,C78.3,D02.0,D14.1,D38.0
1399,3,会厌,epiglottis,C32.1 C78.3 D02.0 D14.1 D38.0,0.9996312260627747,C32.1,C78.3,D02.0,D14.1,D38.0
1399,3,甲状,thyroid,C32.3 C78.3 D02.0 D14.1 D38.0,0.9365664720535278,C32.3,C78.3,D02.0,D14.1,D38.0
1399,4,肋,"costal, rib",C41.3 C79.5 D16.7 D48.0,0.7046559453010559,C41.3,C79.5,,D16.7,D48.0
1399,4,气管,trachea,C33 C78.3 D02.1 D14.2 D38.1,0.7934316992759705,C33,C78.3,D02.1,D14.2,D38.1
1399,4,杓状,arytenoid,C32.3 C78.3 D02.0 D14.1 D38.0,0.714040994644165,C32.3,C78.3,D02.0,D14.1,D38.0
1399,3,楔状,cuneiform,C32.3 C78.3 D02.0 D14.1 D38.0,0.9947274923324585,C32.3,C78.3,D02.0,D14.1,D38.0
1399,3,眼睑,eyelid,C49.0 C79.8 D21.0 D48.1,0.8748438954353333,C49.0,C79.8,,D21.0,D48.1
1399,4,支气管,bronchi,C34.0 C78.0 D02.2 D14.3 D38.1,0.8328819274902344,C34.0,C78.0,D02.2,D14.3,D38.1
1399,3,软脑(脊)膜,pia mater,C70.9 C79.4 D32.9 D42.9,0.956579327583313,C70.9,C79.4,,D32.9,D42.9
1399,3,大脑,cerebral,C70.0 C79.3 D32.0 D42.0,0.9731371998786926,C70.0,C79.3,,D32.0,D42.0
1399,4,脊柱,spinal,C70.1 C79.4 D32.1 D42.1,0.8013035655021667,C70.1,C79.4,,D32.1,D42.1
1399,3,颅,cranial,C70.0 C79.3 D32.0 D42.0,0.9002822637557983,C70.0,C79.3,,D32.0,D42.0
1399,3,软组织-见肿瘤，结缔组织,"soft parts or tissues - see Neoplasm, connective tissue",,0.9813101887702942,,,,,
1399,3,腮(管)(腺),parotid (duct) (gland),C07 C79.8 D00.0 D11.0 D37.0,0.9785968065261841,C07,C79.8,D00.0,D11.0,D37.0
1399,3,鳃(裂)(遗迹),branchial (cleft) (vestiges),C10.4 C79.8 D00.0 D10.5 D37.0,0.9661771059036255,C10.4,C79.8,D00.0,D10.5,D37.0
1399,3,筛(窦),ethmoid (sinus),C31.1 C78.3 D02.3 D14.0 D38.5,0.9755900502204895,C31.1,C78.3,D02.3,D14.0,D38.5
1399,4,骨或迷路,bone or labyrinth,C41.0 C79.5 D16.4 D48.0,0.9168995022773743,C41.0,C79.5,,D16.4,D48.0
1400,3,上颌骨，上颌,"maxilla, maxillary (superior)",C41.0 C79.5 D16.4 D48.0,0.9869139194488525,C41.0,C79.5,,D16.4,D48.0
1400,4,癌,carcinoma,C03.0 C79.8,0.903749942779541,C03.0,C79.8,,,
1400,4,窦,"antrum, sinus",C31.0 C78.3 D02.3 D14.0 D38.5,0.8407291769981384,C31.0,C78.3,D02.3,D14.0,D38.5
1400,4,下-见肿瘤，下颌骨,"inferior - see Neoplasm, mandible",,0.9272945523262024,,,,,
1400,4,牙槽,alveolar,,0.806882917881012,,,,,
1400,4,癌(粘膜),carcinoma (mucosa),C03.0 C79.8,0.8290501236915588,C03.0,C79.8,,,
1400,5,嵴或突,ridge or process,C41.0 C79.5 D16.4 D48.0,0.9036919474601746,C41.0,C79.5,,D16.4,D48.0
1400,5,粘膜,mucosa,C03.0 C79.8 D00.0 D10.3 D37.0,0.8348310589790344,C03.0,C79.8,D00.0,D10.3,D37.0
1400,3,上颌下腺或导管,submaxillary gland or duct,C08.0 C79.8 D00.0 D11.7 D37.0,0.9974181652069092,C08.0,C79.8,D00.0,D11.7,D37.0
1400,3,杓状(软骨),arytenoid (cartilage),C32.3 C78.3 D02.0 D14.1 D38.0,0.9873868227005005,C32.3,C78.3,D02.0,D14.1,D38.0
1400,4,褶-见肿瘤，杓状会厌褶,"fold - see Neoplasm, aryepiglottic fold",,0.9203798770904541,,,,,
1400,4,边缘区,marginal zone,C13.1 C79.8 D00.0 D10.7 D37.0,0.8472368121147156,C13.1,C79.8,D00.0,D10.7,D37.0
1400,4,喉面,laryngeal aspect,C32.1 C78.3 D02.0 D14.1 D38.0,0.8535599708557129,C32.1,C78.3,D02.0,D14.1,D38.0
1400,4,咽下面,hypopharyngeal aspect,C13.1 C79.8 D00.0 D10.7 D37.0,0.9237750172615051,C13.1,C79.8,D00.0,D10.7,D37.0
1400,3,杓状会厌褶,aryepiglottic fold,C13.1 C79.8 D00.0 D10.7 D37.0,0.9912145137786865,C13.1,C79.8,D00.0,D10.7,D37.0
1400,3,杓状软骨间襞,interarytenoid fold,C13.1 C79.8 D00.0 D10.7 D37.0,0.9883771538734436,C13.1,C79.8,D00.0,D10.7,D37.0
1400,4,边缘区,marginal zone,C13.1 C79.8 D00.0 D10.7 D37.0,0.8430679440498352,C13.1,C79.8,D00.0,D10.7,D37.0
1400,4,喉面,laryngeal aspect,C32.1 C78.3 D02.0 D14.1 D38.0,0.9080167412757874,C32.1,C78.3,D02.0,D14.1,D38.0
1400,4,咽下面,hypopharyngeal aspect,C13.1 C79.8 D00.0 D10.7 D37.0,0.911502480506897,C13.1,C79.8,D00.0,D10.7,D37.0
1400,3,舌,"tongue, lingual",C02.9 C79.8 D00.0 D10.1 D37.0,0.9274014830589294,C02.9,C79.8,D00.0,D10.1,D37.0
1400,4,扁桃体,tonsil,C02.4 C79.8 D00.0 D10.1 D37.0,0.8465167880058289,C02.4,C79.8,D00.0,D10.1,D37.0
1400,4,表面(背的),surface (dorsal),C02.0 C79.8 D00.0 D10.1 D37.0,0.8872014284133911,C02.0,C79.8,D00.0,D10.1,D37.0
1400,5,腹侧,ventral,C02.2 C79.8 D00.0 D10.1 D37.0,0.826083779335022,C02.2,C79.8,D00.0,D10.1,D37.0
1400,5,基底,base,C01 C79.8 D00.0 D10.1 D37.0,0.8349292874336243,C01,C79.8,D00.0,D10.1,D37.0
1400,4,根,root,C01 C79.8 D00.0 D10.1 D37.0,0.9058187007904053,C01,C79.8,D00.0,D10.1,D37.0
1400,4,固定部分,fixed part,C01 C79.8 D00.0 D10.1 D37.0,0.8992303013801575,C01,C79.8,D00.0,D10.1,D37.0
1400,4,后(三分之一),posterior (third),C01 C79.8 D00.0 D10.1 D37.0,0.933218240737915,C01,C79.8,D00.0,D10.1,D37.0
1400,4,活动部分 NEC,mobile part NEC,C02.3 C79.8 D00.0 D10.1 D37.0,0.9787712097167969,C02.3,C79.8,D00.0,D10.1,D37.0
1400,4,基底(背侧面),base (dorsal surface),C01 C79.8 D00.0 D10.1 D37.0,0.9309478402137756,C01,C79.8,D00.0,D10.1,D37.0
1400,4,尖,tip,C02.1 C79.8 D00.0 D10.1 D37.0,0.8734343647956848,C02.1,C79.8,D00.0,D10.1,D37.0
1400,4,连接带(区),junctional zone,C02.8 C79.8 D00.0 D10.1 D37.0,0.9219909310340881,C02.8,C79.8,D00.0,D10.1,D37.0
1400,4,前(三分之二) NEC,anterior (two-thirds) NEC,C02.3 C79.8 D00.0 D10.1 D37.0,0.9504240155220032,C02.3,C79.8,D00.0,D10.1,D37.0
1400,5,背侧面,dorsal surface,C02.0 C79.8 D00.0 D10.1 D37.0,0.7898285388946533,C02.0,C79.8,D00.0,D10.1,D37.0
1400,4,系带—腹侧面,frenulum - ventral surface,C02.2 C79.8 D00.0 D10.1 D37.0,0.8048421740531921,C02.2,C79.8,D00.0,D10.1,D37.0
1400,4,缘(外侧的),"border, margin (lateral)",C02.2 C79.8 D00.0 D10.1 D37.0,0.9312856197357178,C02.2,C79.8,D00.0,D10.1,D37.0
1400,4,中线 NEC,midline NEC,C02.1 C79.8 D00.0 D10.1 D37.0,0.9211224317550659,C02.1,C79.8,D00.0,D10.1,D37.0
1400,3,舌腭襞,glossopalatine fold,C02.0 C79.8 D00.0 D10.1 D37.0,0.9423335790634155,C02.0,C79.8,D00.0,D10.1,D37.0
