image_page,level,chinese,english,code,confidence,malignant_primary,malignant_secondary,in_situ,benign,uncertain_or_unspecified
1151,2,膝关节病,Gonarthrosis,M17.9,0.9994828104972839,,,,,
1151,3,创伤后(单侧),post-traumatic (unilateral),M17.3,0.9802435636520386,,,,,
1151,4,双侧,bilateral,M17.2,0.9361117482185364,,,,,
1151,3,原发性(单侧),primary (unilateral),M17.1,0.9917706847190857,,,,,
1151,4,双侧,bilateral,M17.0,0.9542338252067566,,,,,
1151,3,继发性NEC(单侧).,secondary NEC (unilateral),M17.5,0.9772250056266785,,,,,
1151,4,双侧,bilateral,M17.4,0.90826016664505,,,,,
1151,1,xí 习,,,,,,,,
1151,2,习惯，成瘾,"Habit, habituation",,0.9990252256393433,,,,,
1151,3,缓泻剂,laxative,F55,0.9890801310539246,,,,,
1151,3,舞蹈症,chorea,F95.8,0.9472864866256714,,,,,
1151,3,药物-见依赖，按药物,"drug - see Dependence, drug",,0.9950776100158691,,,,,
1151,3,障碍，儿童,"disturbance, child",F98.9,0.9789426326751709,,,,,
1151,1,xí 席,,,0.9993085861206055,,,,,
1151,2,席尔德-现译名希尔德,Schilder,,0.9993675947189331,,,,,
1151,2,席汉-现译名 希恩,Sheehan,,0.9525046944618225,,,,,
1151,2,席林型单核细胞性白血病(M9890/3),Schilling-type monocytic leukemia (M9890/3),C93.9,0.9929993748664856,,,,,
1151,2,席梅尔布施病、席梅尔布施囊性乳腺炎或席梅尔布施增生,"Schimmelbusch's disease, cystic mastitis or hyperplasia",N60.1,0.9997200965881348,,,,,
1151,1,xǐ 洗,,,0.9998449683189392,,,,,
1151,2,洗涤人工造口-见维护，人工，造口,"Toilet, artificial opening - see Attention to, artificial, opening",,0.997040867805481,,,,,
1151,2,洗奶酪工人肺,Cheese-washer's lung,J67.8,0.9880030155181885,,,,,
1151,2,洗衣员癣,Dhobi itch,B35.6,0.9849710464477539,,,,,
1151,1,xì 系,,,0.9940118193626404,,,,,
1151,2,系带,"Frenum, frenulum",,0.9982673525810242,,,,,
1151,3,舌(过短)(先天性),tongue (shortening) (congenital),Q38.1,0.981560230255127,,,,,
1151,3,子宫口,external os,Q51.8,0.9740725755691528,,,,,
1151,2,系统性，全身性-另见情况,"System, systemic - see also condition",,0.9983031153678894,,,,,
1151,3,病，混合-见变性，混合,"disease, combined - see Degeneration, combined",,0.9952628016471863,,,,,
1151,3,红斑狼疮,lupus erythematosus,M32.9,0.9959341883659363,,,,,
1151,4,存在抑制剂,inhibitor present,D68.6,0.9846318364143372,,,,,
1151,3,萎缩,atrophy,,0.9786005020141602,,,,,
1151,4,多发性(脑)[CNS],multiple (brain)(CNS),G90.3,0.9824481010437012,,,,,
1152,1,xì 细,,,0.8795993328094482,,,,,
1152,2,细胞(性)- 另见情况,"Cell(s), cellular - see also condition",,0.9887061715126038,,,,,
1152,3,尿中,in urine,R82.9,0.9582159519195557,,,,,
1152,3,前房(眼),anterior chamber (eye),H20.0,0.983159601688385,,,,,
1152,2,细胞真菌病(网状内皮),Cytomycosis (reticuloendothelial),B39.4,0.999876856803894,,,,,
1152,2,细长指[趾],Dolichostenomelia,Q74.0,0.9808955192565918,,,,,
1152,2,细精管发育障碍症[克兰费尔特综合征],Klinefelter's syndrome,Q98.4,0.9989449381828308,,,,,
1152,2,细菌(性)-另见情况,"Bacterium, bacteria, bacterial - see also condition",,0.9958713054656982,,,,,
1152,3,病原体NEC，作为分类于他处疾病的原因,"agent NEC, as cause of disease classified elsewhere",B96.8,0.9929826259613037,,,,,
1152,3,感染NEC，HIV病所致,"infection NEC, resulting from HIV disease",B20.1,0.9655556082725525,,,,,
1152,3,尿中-见菌尿,in urine - see Bacteriuria,,0.9927057027816772,,,,,
1152,3,血液中-见菌血症,in blood - see Bacteremia,,0.9910256266593933,,,,,
1152,2,细菌性的 - 见情况,Bacillary - see condition,,0.9684001803398132,,,,,
1152,2,细菌疹(小脓疱性),"Bacterid, bacteride (pustular)",L40.3,0.9995796084403992,,,,,
1152,2,细小病毒，作为分类于他处疾病的原因,"Parvovirus, as cause of disease classified elsewhere",B97.6,0.9905834794044495,,,,,
1152,2,细支气管扩张症- 见支气管扩张,Bronchiolectasis - see Bronchiectasis,,0.9667266011238098,,,,,
1152,2,细支气管炎(急性)(感染性)(亚急性),Bronchiolitis (acute) (infective) (subacute),J21.9,0.9934253096580505,,,,,
1152,3,慢性(纤维化)(闭塞性),chronic (fibrosing) (obliterative),J44.8,0.9952419400215149,,,,,
1152,3,伴有,with,,0.9333809614181519,,,,,
1152,4,流感(另见流行性感冒，伴有，呼吸道表现),"influenza, flu or grippe (see also Influenza, with, respiratory manifestations)",J11.1,0.9621816277503967,,,,,
1152,4,支气管痉挛或阻塞,bronchospasm or obstruction,J21.9,0.957131028175354,,,,,
1152,3,闭塞性(慢性)(亚急性),obliterative (chronic) (subacute),J44.8,0.9776976108551025,,,,,
1152,4,由于化学制剂、气体、烟雾或蒸气(吸入),"due to chemicals, gases, fumes or vapors (inhalation)",J68.4,0.9869197010993958,,,,,
1152,3,化学性(慢性),chemical (chronic),J68.4,0.9824645519256592,,,,,
1152,3,流感性(另见流行性感冒，伴有，呼吸道表现),"influenzal (see also Influenza, with, respiratory manifestations)",J11.1,0.9802622199058533,,,,,
1152,3,纤维闭塞性,fibrosa obliterans,J44.8,0.9985368847846985,,,,,
1152,3,由于,due to,,0.9374487996101379,,,,,
1152,4,呼吸道合胞病毒,respiratory syncytial virus,J21.0,0.9893067479133606,,,,,
1152,4,特指的病原体NEC,specified organism NEC,J21.8,0.9730148315429688,,,,,
1152,4,外部物质-见支气管炎，急性或亚急性，由于,"external agent - see Bronchitis, acute or subacute due to",,0.9679200053215027,,,,,
1152,1,xiā 虾,,,0.9998953938484192,,,,,
1152,2,虾爪状手,Lobster-claw hand,Q71.6,0.999592661857605,,,,,
1152,1,xiá 狭,,,0.999264121055603,,,,,
1152,2,狭小，异常的，眼睑,"Narrowness, abnormal, eyelid",Q10.3,0.9963064789772034,,,,,
1152,2,狭心症[心绞痛],Stenocardia,I20.8,0.9889965057373047,,,,,
1153,2,狭窄,"Contraction, Contracture, Contracted, Narrowing, Stenosis, Stricture",R68.8,0.9995328783988953,,,,,
1153,3,二尖(瓣)(慢性)(非活动性),mitral (valve) (chronic)(inactive),I05.0,0.9514974355697632,,,,,
1153,4,伴有,with,,0.7780117988586426,,,,,
1153,5,关闭不全或回流,"incompetence, insufficiency or regurgitation",I05.2,0.9324513077735901,,,,,
1153,5,主动脉瓣疾病(未特指原因),aortic valve disease (unspecified origin),I08.0,0.9690803289413452,,,,,
1153,4,活动性或急性,active or acute,I01.1,0.9296330213546753,,,,,
1153,5,伴有风湿性或西德纳姆舞蹈症,with rheumatic or Sydenham's chorea,I02.0,0.9562718272209167,,,,,
1153,4,梅毒性,syphilitic,A52.0+ I39.0*,0.9513841867446899,,,,,
1153,4,特指的原因，除外风湿性,"specified cause, except rheumatic",I34.2,0.9843742847442627,,,,,
1153,4,先天性,congenital,Q23.2,0.9636884927749634,,,,,
1153,3,三尖(瓣),tricuspid (valve),I07.0,0.9688836932182312,,,,,
1153,4,伴有,with,,0.8118975162506104,,,,,
1153,5,二尖瓣疾病(未特指原因),mitral (valve) disease (unspecified origin),I08.1,0.9691996574401855,,,,,
1153,6,伴有主动脉(瓣)疾病(未特指原因),with aortic (valve) disease (unspecified origin),I08.3,0.9390951991081238,,,,,
1153,5,关闭不全或回流,"incompetence, insufficiency or regurgitation",I07.2,0.9710766673088074,,,,,
1153,6,伴有主动脉(瓣)疾病(未特指原因),with aortic (valve) disease (unspecified origin),I08.2,0.9532904028892517,,,,,
1153,6,伴有二尖瓣疾病(未特指原因),with mitral (valve) disease (unspecified origin),I08.3,0.9536420106887817,,,,,
1153,5,主动脉(瓣)疾病(未特指原因),with aortic (valve) disease (unspecified origin),I08.2,0.9798918962478638,,,,,
1153,4,非风湿性,nonrheumatic,I36.0,0.9464241862297058,,,,,
1153,5,伴有关闭不全,with insufficiency,I36.2,0.964100182056427,,,,,
1153,4,先天性,congenital,Q22.4,0.970888614654541,,,,,
1153,3,瓣膜(心脏)(另见心内膜炎),valve (cardiac) (heart) (see also Endocarditis),I38,0.9692519903182983,,,,,
1153,4,先天性,congenital,Q24.8,0.9858930110931396,,,,,
1153,3,贲门,cardia (stomach),K22.2,0.9932887554168701,,,,,
1153,3,鼻,nose,J34.8,0.9655824899673462,,,,,
1153,3,鼻管,nasal duct,H04.5,0.9988101720809937,,,,,
1153,4,先天性,congenital,Q10.5,0.9546971321105957,,,,,
1153,3,鼻孔(前)(后),"nares, nostril (anterior) (posterior)",J34.8,0.9906312823295593,,,,,
1153,4,梅毒性,syphilitic,A52.7+ J99.8*,0.9564028382301331,,,,,
1153,5,先天性,congenital,A50.5+ J99.8*,0.9589431285858154,,,,,
1153,4,先天性,congenital,Q30.0,0.9536451101303101,,,,,
1153,3,鼻泪管,lacrimonasal duct,H04.5,0.993566632270813,,,,,
1153,4,先天性,congenital,Q10.5,0.9825057983398438,,,,,
1153,3,鼻咽,nasopharynx,J39.2,0.9768387675285339,,,,,
1153,4,梅毒性,syphilitic,A52.7+ J99.8*,0.9629973769187927,,,,,
1153,3,肠(另见梗阻，肠),"bowel, intestine (see also Obstruction, intestine)",K56.6,0.9904312491416931,,,,,
1153,4,缺血性,ischemic,K55.1,0.9768040180206299,,,,,
1153,4,先天性(小),congenital (small),Q41.9,0.9669406414031982,,,,,
1153,5,大,large,Q42.9,0.8901968002319336,,,,,
1153,6,特指的NEC,specified NEC,Q42.8,0.9233676195144653,,,,,
1153,5,特指的 NEC,specified NEC,Q41.8,0.9527513980865479,,,,,
1154,3,肠、盲肠或结肠，任何部分(另见梗阻，肠),"bowel, cecum, colon or intestine, any part (see also Obstruction, intestine)",K56.6,0.9923209547996521,,,,,
1154,3,肠造口,enterostomy,K91.4,0.9688748121261597,,,,,
1154,3,处女膜,hymen,N89.6,0.9560570120811462,,,,,
1154,3,胆囊(另见梗阻，胆囊),"gallbladder (see also Obstruction, gallbladder)",K82.0,0.9783514738082886,,,,,
1154,3,胆囊管(另见梗阻，胆囊).,"cystic duct (see also Obstruction, gallbladder)",K82.0,0.9855276942253113,,,,,
1154,3,胆囊或胆囊管,gallbladder or cystic duct,K82.8,0.9857572913169861,,,,,
1154,3,胆总管(肝总管),bile duct (common)(hepatic),K83.1,0.9951380491256714,,,,,
1154,4,手术后,postoperative,K91.8,0.9695213437080383,,,,,
1154,4,先天性,congenital,Q44.3,0.9561222195625305,,,,,
1154,3,道,meatus,,0.9992769956588745,,,,,
1154,4,耳(先天性),ear (congenital),Q16.1,0.926899254322052,,,,,
1154,5,后天性,acquired,H61.3,0.9531492590904236,,,,,
1154,4,骨(耳)(先天性),osseous (ear) (congenital),Q16.1,0.9672228097915649,,,,,
1154,5,后天性,acquired,H61.3,0.8879847526550293,,,,,
1154,4,尿(另见狭窄，尿道),"urinarius (see also Stricture, urethra)",N35.9,0.9833880066871643,,,,,
1154,5,先天性,congenital,Q64.3,0.9774068593978882,,,,,
1154,3,动脉NEC,artery NEC,I77.1,0.9794679284095764,,,,,
1154,4,垂体,hypophyseal,I66.8,0.9323790073394775,,,,,
1154,4,大脑(另见闭塞，动脉，大脑),"cerebral (see also Occlusion, artery, cerebral)",I66.9,0.9513810276985168,,,,,
1154,4,肺(先天性),pulmonary (congenital),Q25.6,0.984048068523407,,,,,
1154,5,后天性,acquired,I28.8,0.9532437324523926,,,,,
1154,4,冠状,coronary,I25.1,0.9471358060836792,,,,,
1154,5,先天性(梅毒性),congenital (syphilitic),A50.5+ I52.0*,0.946025550365448,,,,,
1154,5,由于梅毒NEC,due to syphilis NEC,A52.0+ I52.0*,0.9942433834075928,,,,,
1154,4,后交通,communicating posterior,I66.8,0.9704025983810425,,,,,
1154,4,基底(另见闭塞，动脉，基底),"basilar (see also Occlusion, artery, basilar)",I65.1,0.9553464651107788,,,,,
1154,5,伴有其他入脑前动脉,with other precerebral artery,I65.3,0.9693934321403503,,,,,
1154,4,颈(另见闭塞，动脉，颈),"carotid (see also Occlusion, artery, carotid)",I65.2,0.9633765816688538,,,,,
1154,5,伴有其他入脑前动脉,with other precerebral artery,I65.3,0.9789870977401733,,,,,
1154,5,双侧,bilateral,I65.3,0.9621966481208801,,,,,
1154,4,脉络膜,choroidal,I66.8,0.9691288471221924,,,,,
1154,4,迷路,"auditory, internal",I65.8,0.9726660847663879,,,,,
1154,4,脑桥,pontine,I66.8,0.9774478077888489,,,,,
1154,4,入脑前(另见闭塞，动脉，入脑前),"precerebral (see also Occlusion, artery precerebral)",I65.9,0.9683003425598145,,,,,
1154,5,多发性或双侧,multiple or bilateral,I65.3,0.9679369330406189,,,,,
1154,5,基底,basilar,I65.1,0.9255908131599426,,,,,
1154,5,颈,carotid,I65.2,0.9544970989227295,,,,,
1154,5,双侧(多发性),bilateral (multiple),I65.3,0.9404966831207275,,,,,
1154,5,特指的NEC,specified NEC,I65.8,0.9891689419746399,,,,,
1154,5,椎,vertebral,I65.0,0.9368979334831238,,,,,
1155,4,先天性(周围),congenital (peripheral),Q27.8,0.9776400327682495,,,,,
1155,4,大脑,cerebral,Q28.3,0.9052634835243225,,,,,
1155,4,冠状,coronary,Q24.5,0.8706852793693542,,,,,
1155,4,视网膜性,retinal,Q14.1 O14.1,0.9535489678382874,,,,,
1155,4,小脑,cerebellar,I66.3,0.9449118375778198,,,,,
1155,4,椎(另见闭塞，动脉，椎).,"vertebral (see also Occlusion, artery, vertebral)",I65.0,0.9473646879196167,,,,,
1155,5,伴有其他入脑前动脉,with other precerebral artery,I65.3,0.9610677361488342,,,,,
1155,5,双侧,bilateral,I65.3,0.9396602511405945,,,,,
1155,3,腭,palate,K07.8,0.9950253963470459,,,,,
1155,3,耳道(外)(先天性),"auditory canal, ear canal (external) (congenital)",Q16.1,0.9835646748542786,,,,,
1155,4,后天性,acquired,H61.3,0.9412151575088501,,,,,
1155,3,肺(动脉),pulmonary,,0.9916154146194458,,,,,
1155,4,瓣膜,valve,I37.0,0.9690663814544678,,,,,
1155,5,伴有关闭不全,with insufficiency,I37.2,0.9833637475967407,,,,,
1155,5,风湿性,rheumatic,I09.8,0.9783936738967896,,,,,
1155,6,伴有主动脉、二尖瓣或三尖瓣疾病(未特指原因),"with aortic, mitral or tricuspid (valve) disease (unspecified origin)",I08.8,0.9641540050506592,,,,,
1155,5,先天性,congenital,Q22.1,0.9572032690048218,,,,,
1155,4,动脉(先天性),artery (congenital),Q25.6,0.9909708499908447,,,,,
1155,5,后天性,acquired,I28.8,0.9382804036140442,,,,,
1155,4,法洛[法乐]四联症的,in tetralogy of Fallot,Q21.3,0.9810085892677307,,,,,
1155,4,后天性,acquired,I28.8,0.9709669351577759,,,,,
1155,4,漏斗部,infundibular,Q24.3,0.9698052406311035,,,,,
1155,4,血管NEC,vessel NEC,I28.8,0.9869526028633118,,,,,
1155,3,肝管,hepatic duct,K83.1,0.9775399565696716,,,,,
1155,3,肛门，肛(管)(括约肌).,"anus, anal (canal) (sphincter)",K62,0.9822118282318115,,,,,
1155,4,和直肠,and rectum,K62.4,0.9847129583358765,,,,,
1155,4,先天性,congenital,Q42.3,0.9712549448013306,,,,,
1155,5,伴有瘘,with fistula,Q42.2,0.9616466164588928,,,,,
1155,4,婴儿,infantile,Q42.3,0.9787726998329163,,,,,
1155,5,伴有瘘,with fistula,Q42.2,0.9636617302894592,,,,,
1155,3,宫颈(管),"cervix, cervical (canal)",N88.2,0.9803869128227234,,,,,
1155,4,先天性,congenital,Q51.8,0.9468836188316345,,,,,
1155,4,在妊娠或分娩中,in pregnancy or childbirth,O34.4,0.9733821749687195,,,,,
1155,5,引起梗阻性分娩,causing obstructed labor,O65.5,0.971204400062561,,,,,
1155,6,影响到胎儿或新生儿,affecting fetus or newborn,P03.1,0.9548343420028687,,,,,
1155,5,影响到胎儿或新生儿,affecting fetus or newborn,P03.8,0.9613108038902283,,,,,
1155,3,宫颈内口-见狭窄，宫颈,"endocervical os — see Stenosis, cervix",,0.9733961820602417,,,,,
1155,3,骨道(耳)(先天性),osseous meatus (ear) (congenital),Q16.1,0.9806881546974182,,,,,
1155,4,后天性,acquired,H61.3,0.9507418870925903,,,,,
1156,3,骨盆(后天性)(全身性),pelvis (acquired) (general),M95.5,0.9708600044250488,,,,,
1156,4,伴有胎盆不称,with disproportion (fetopelvic),Q33 O33,0.8866056203842163,,,,,
1156,5,出口,outlet,O33.3,0.8988165259361267,,,,,
1156,5,入口,inlet,O33.2,0.9430766105651855,,,,,
1156,3,引起梗阻性分娩,causing obstructed labor,O65.0,0.8965036273002625,,,,,
1156,3,影响到胎儿或新生儿,affecting fetus or newborn,P03.1,0.9772327542304993,,,,,
1156,4,中腔,mid-cavity,O33.3,0.9050052165985107,,,,,
1156,3,骨盆出口-见狭窄，骨盆,"outlet (pelvis) - see Contraction, pelvis",,0.9812064170837402,,,,,
1156,3,冠状(动脉),coronary(artery),I25.1,0.9717786908149719,,,,,
1156,4,先天性,congenital,Q24.5,0.9425591230392456,,,,,
1156,3,喉,larynx,J38.6,0.9571495652198792,,,,,
1156,4,梅毒性,syphilitic,A52.7+ J99.8*,0.9723312258720398,,,,,
1156,5,先天性,congenital,A50.5+ J99.8*,0.9860413074493408,,,,,
1156,4,先天性 NEC,congenital NEC,Q31.8,0.9743617177009583,,,,,
1156,5,声门下,subglottic,Q31.1,0.9738191962242126,,,,,
1156,3,回肠,ileum,K56.6,0.9753293991088867,,,,,
1156,4,先天性,congenital,Q41.2,0.9737313389778137,,,,,
1156,3,睑裂,palpebral fissure,H02.5,0.9718889594078064,,,,,
1156,3,结肠(另见梗阻，肠),"colon (see also Obstruction, intestine)",K56.6,0.9790865778923035,,,,,
1156,3,结肠造口,colostomy,K91.4,0.9790515899658203,,,,,
1156,4,先天性,congenital,Q42.9,0.9754354953765869,,,,,
1156,5,特指的NEC,specified NEC,Q42.8,0.9402791857719421,,,,,
1156,3,精索,spermatic cord,N50.8,0.989078164100647,,,,,
1156,3,静脉,vein,I87.1,0.9719560146331787,,,,,
1156,3,空肠,jejunum,K56.6,0.990150511264801,,,,,
1156,4,先天性,congenital,Q41.1,0.9474407434463501,,,,,
1156,3,泪管、泪道、泪点或泪囊,"lacrimal duct, passages, punctum or sac",H04.5,0.994879424571991,,,,,
1156,4,先天性,congenital,Q10.5,0.9708216786384583,,,,,
1156,3,盲肠(另见梗阻，肠),"cecum (see also Obstruction, intestine)",K56.6,0.9892601370811462,,,,,
1156,3,梅毒性 NEC,syphilitic NEC,A52.7,0.972730278968811,,,,,
1156,3,泌尿道(另见狭窄，尿道),"urinary meatus (see also Stricture, urethra)",N35.9,0.9919665455818176,,,,,
1156,4,先天性,congenital,Q64.3,0.9146323800086975,,,,,
1156,3,脑(血管),brain,G93.8,0.9571866393089294,,,,,
1156,3,内孔(另见狭窄，宫颈),"internal os (see also Stricture, cervix)",N88.2,0.9893496036529541,,,,,
1156,3,尿道(前)(口)(器质性)(后)(痉挛性),urethra (anterior) (meatal) (organic) (posterior) (spasmodic),N35.9,0.9820922613143921,,,,,
1156,4,操作后或手术后,postprocedural or postoperative,N99.1,0.950511634349823,,,,,
1156,4,创伤后，创伤性,"post-traumatic, traumatic",N35.0,0.9924945831298828,,,,,
1156,4,导管插入术后,postcatheterization,N99.1,0.9836844205856323,,,,,
1156,4,感染后，感染性 NEC,"postinfective, infective NEC",N35.1,0.9619070887565613,,,,,
1156,4,后遗症,sequela of,,0.8300575017929077,,,,,
1156,5,分娩的,childbirth,N35.0,0.931805431842804,,,,,
1156,5,损伤的,injury,N35.0,0.9576338529586792,,,,,
1157,4,淋球菌性，淋病性,"gonococcal, gonorrheal",A54.0,0.9640936255455017,,,,,
1157,4,梅毒性,syphilitic,A52.7+ N37.8*,0.9641806483268738,,,,,
1157,4,损伤的晚期效应,late effect of injury,N35.0,0.966682493686676,,,,,
1157,4,特指的NEC,specified NEC,N35.8,0.9653211832046509,,,,,
1157,4,先天性,ongenital,Q64.3,0.9318539500236511,,,,,
1157,5,襞(后),valvular (posterior),Q64.2,0.9089862704277039,,,,,
1157,4,与血吸虫病有关的N2,associated with schistosomiasis,B65.0+ N29.1*,0.9688917994499207,,,,,
1157,4,襞(后)，先天性,"valvular (posterior), congenital",Q64.2,0.943929135799408,,,,,
1157,3,尿道(襞),urethra (valve),N35.9,0.9817923307418823,,,,,
1157,4,先天性,congenital,Q64.3,0.9576548337936401,,,,,
1157,3,膀胱,vesical,N32.8,0.9858794808387756,,,,,
1157,3,膀胱颈(后天性),bladder-neck (acquired),N32.0,0.9837548732757568,,,,,
1157,3,膀胱尿道口,vesicourethral orifice,N32.0,0.9921680688858032,,,,,
1157,4,颈、括约肌或尿道口,"neck, sphincter or urethral orifice",N32.0,0.986096978187561,,,,,
1157,4,先天性,congenital,Q64.3,0.9576314687728882,,,,,
1157,3,气管,trachea,J39.8,0.9747503995895386,,,,,
1157,4,结核性 NEC,tuberculous NEC,A16.4,0.9264415502548218,,,,,
1157,4,梅毒性,syphilitic,A52.7+ J99.8*,0.9552320837974548,,,,,
1157,4,先天性,congenital,Q32.1,0.9428021311759949,,,,,
1157,3,器官或部位，先天性NEC-见闭锁，按部位,"organ or site, congenital NEC - see Atresia, by site",,0.9992229342460632,,,,,
1157,3,前列腺,prostate,N42.8,0.9589799642562866,,,,,
1157,3,腔静脉(下)(上) NEC,vena cava (inferior) (superior) NEC,I87.1,0.9624134302139282,,,,,
1157,4,先天性,congenital,Q26.0,0.95497727394104,,,,,
1157,3,鞘膜,tunica vaginalis,N50.8,0.9780716300010681,,,,,
1157,3,沙漏状，胃的,"hourglass, of stomach",K31.2,0.9890242218971252,,,,,
1157,3,射精管NEC,ejaculatory duct NEC,N50.8,0.9705735445022583,,,,,
1157,3,神经管,neural canal,M99.8,0.9954231977462769,,,,,
1157,4,不完全脱位性,subluxation,M99.2,0.9943084716796875,,,,,
1157,4,骨性,osseous,M99.3,0.9697185158729553,,,,,
1157,4,结缔组织,connective tissue,M99.4,0.9903921484947205,,,,,
1157,4,椎间盘,intervertebral disk,M99.5,0.9873254895210266,,,,,
1157,3,肾动脉,renal artery,I70.1,0.9801295399665833,,,,,
1157,4,先天性,congenital,Q27.1,0.9460805058479309,,,,,
1157,3,肾盂输尿管连接处,pelviureteric junction,N13.5,0.9724622964859009,,,,,
1157,4,伴有,with,,0.8108525276184082,,,,,
1157,5,肾积水,hydronephrosis,N13.0,0.943415641784668,,,,,
1157,6,伴有感染,with infection,N13.6,0.9779543280601501,,,,,
1157,4,肾盂肾炎(慢性),pyelonephritis (chronic) N,,0.9533243179321289,,,,,
1157,3,声门，声门下.,subglottic,J38,0.996891975402832,,,,,
1157,4,操作后,postprocedural,J95.5,0.9576048851013184,,,,,
1157,4,先天性,congenital,Q31.1,0.9458959698677063,,,,,
1158,3,十二指肠,duodenum,K31.5,0.9793276190757751,,,,,
1158,4,先天性,congenital,Q41.0,0.9555855989456177,,,,,
1158,3,食管,"esophagus, oesophagus",K22.2,0.989920973777771,,,,,
1158,4,梅毒性,syphilitic,A52.7+ K23.8*,0.9483253359794617,,,,,
1158,5,先天性,congenital,A50.5+ K23.8*,0.9500437378883362,,,,,
1158,4,先天性,congenital,Q39.3,0.9097431302070618,,,,,
1158,3,输精管,vas deferens,N50.8,0.9728702902793884,,,,,
1158,4,先天性,congenital,Q55.4,0.9527870416641235,,,,,
1158,3,输卵管,"fallopian tube, oviduct, tubal",N97.1,0.9981457591056824,,,,,
1158,4,结核性,tuberculous,A18.1+ N74.1*,0.969967782497406,,,,,
1158,4,淋球菌性,gonococcal,A54.2+ N74.3*,0.9653986692428589,,,,,
1158,3,输尿管(手术后),ureter (postoperative),N13.5,0.9812084436416626,,,,,
1158,4,伴有感染,with infection,N13.6,0.9803283214569092,,,,,
1158,5,肾积水,hydronephrosis,N13.1,0.9508898258209229,,,,,
1158,5,伴有感染,with infection,N13.6,0.9321091771125793,,,,,
1158,5,肾盂肾炎(慢性),pyelonephritis (chronic),N11.1,0.985564649105072,,,,,
1158,4,结核性,tuberculous,A18.1+ N29.1*,0.9813698530197144,,,,,
1158,4,先天性,congenital,Q62.1,0.9902262687683105,,,,,
1158,3,输尿管膀胱口(感染后),ureterovesical orifice (postinfectional),N13.5,0.9979457259178162,,,,,
1158,4,先天性,congenital,Q62.1,0.9459158778190613,,,,,
1158,3,输尿管肾盂连接处,ureteropelvic junction,N13.5,0.9795570373535156,,,,,
1158,4,伴有,with,,0.8067809343338013,,,,,
1158,5,肾积水,hydronephrosis,N13.0,0.9557978510856628,,,,,
1158,6,伴有感染,with infection,N13.6,0.9775846600532532,,,,,
1158,5,肾盂肾炎(慢性),pyelonephritis (chronic),N11.1,0.9823606610298157,,,,,
1158,6,伴有感染,with infection,N13.6,0.9929503798484802,,,,,
1158,4,先天性,congenital,Q62.1,0.9790313839912415,,,,,
1158,3,外耳道(后天性),external ear canal (acquired),H61.3,0.9955129623413086,,,,,
1158,4,先天性,congenital,Q16.1,0.9727967977523804,,,,,
1158,3,外阴(后天性),vulva (acquired),N90.5,0.9844506978988647,,,,,
1158,3,尾部(椎管),caudal,M48.0,0.9985167384147644,,,,,
1158,3,胃,stomach,K31.8,0.993061900138855,,,,,
1158,4,沙漏状,hourglass,K31.2,0.9730621576309204,,,,,
1158,5,先天性,congenital,Q40.2,0.9531462788581848,,,,,
1158,3,西尔维于斯导水管(先天性),aqueduct of Sylvius (congenital),Q03.0,0.9979123473167419,,,,,
1158,4,伴有脊柱裂(另见脊柱裂，伴有脑积水),"with spina bifida (see also Spina bifida, with hydrocephalus)",Q05.4,0.9891168475151062,,,,,
1158,4,后天性,acquired,G91.1,0.9435626268386841,,,,,
1158,3,涎管或涎腺(任何),salivary duct or gland (any),K11.8,0.9850556254386902,,,,,
1158,3,心(另见病，心脏),"cardiac, heart (see also Disease, heart)",I51.9,0.9774118065834045,,,,,
1158,4,口(胃),orifice (stomach),K22.2,0.9210977554321289,,,,,
1158,4,瓣膜(另见心内膜炎),valve (see also Endocarditis),I38,0.9687703847885132,,,,,
1158,3,心肌(另见变性，心肌),"myocardium, myocardial (see also Degeneration, myocardial)",I51.5,0.9701458215713501,,,,,
1159,3,心血管(另见病，心血管),"cardiovascular (see also Disease, cardiovascular)",I51.6,0.9769484400749207,,,,,
1159,3,咽,pharynx,J39.2,0.9519518613815308,,,,,
1159,4,先天性,congenital,Q17.8,0.9408208727836609,,,,,
1159,3,咽鼓管,eustachian tube,H68.1,0.9640783071517944,,,,,
1159,3,咽下部,hypopharynx,J39.2,0.9736634492874146,,,,,
1159,3,眼睑,eyelid,H02.5,0.9588683247566223,,,,,
1159,3,乙状结肠(曲)(另见梗阻，肠),"sigmoid (flexure) (see also Obstruction, intestine)",K56.6,0.9950157403945923,,,,,
1159,3,癔症性,hysterical,F44.4,0.9690057039260864,,,,,
1159,3,阴道(出口),vagina (outlet),N89.5,0.9883414506912231,,,,,
1159,4,先天性,congenital,Q52.4,0.9412147402763367,,,,,
1159,4,在妊娠或分娩中,in pregnancy or childbirth,O34.6,0.9754956364631653,,,,,
1159,5,引起梗阻性分娩,causing obstructed labor,O65.5,0.9841764569282532,,,,,
1159,6,影响到胎儿或新生儿PO,affecting fetus or newborn,P03.1,0.9774541854858398,,,,,
1159,5,影响到胎儿或新生儿,affecting fetus or newborn,P03.8,0.9775720238685608,,,,,
1159,3,阴茎，异物引起的,"penis, by foreign body",T19.8,0.9793252348899841,,,,,
1159,3,幽门(后天性)(肥大性),pylorus (acquired) (hypertrophic),K31.1,0.989030659198761,,,,,
1159,4,NEC(另见幽门痉挛)NEC .,NEC (see also Pylorospasm),K31.3,0.9844847321510315,,,,,
1159,4,成人,adult,K31.1,0.9230605959892273,,,,,
1159,4,先天性,congenital,Q40.0,0.9297388792037964,,,,,
1159,4,心因性,psychogenic,F45.3,0.9357209205627441,,,,,
1159,4,婴儿,infantile,Q40.0,0.970531702041626,,,,,
1159,3,由于装置、植入物或移植物的存在引起的(另见并发症，按部位和类型，特指的NEC),"due to presence of device, implant or graft (see also Complications, by site and type, specified NEC)",T85.8,0.9968212842941284,,,,,
1159,4,导管,catheter,T83.8,0.9783465266227722,,,,,
1159,5,泌尿系(留置),urinary(indwelling),T83.8,0.9704681634902954,,,,,
1159,5,输注NEC,infusion NEC,T82.8,0.9700883626937866,,,,,
1159,6,脊髓(硬膜外)(硬膜下),spinal (epidural) (subdural),T85.8,0.9806548953056335,,,,,
1159,5,透析(肾),dialysis (renal),T82.8,0.9505751132965088,,,,,
1159,6,腹膜内,intraperitoneal,T85.8,0.9615897536277771,,,,,
1159,4,动脉移植物 NEC,arterial graft NEC,T82.8,0.959780216217041,,,,,
1159,4,关节假体,joint prosthesis,T84.8,0.9793121814727783,,,,,
1159,4,矫形外科 NEC,orthopedic NEC,T84.8,0.9486254453659058,,,,,
1159,4,泌尿系 NEC,urinary NEC,T83.8,0.9671663045883179,,,,,
1159,4,脑室颅内分流,ventricular intracranial shunt,T85.8,0.9598830342292786,,,,,
1159,4,内固定(矫形外科)NEC,"fixation, internal (orthopedic) NEC",T84.8,0.9896665811538696,,,,,
1159,4,乳房(植入物),breast (implant),T85.8,0.9829873442649841,,,,,
1159,4,生殖系NEC,genital NEC,T83.8,0.9670444130897522,,,,,
1159,4,特指的NEC,specified NEC,T85.8,0.9783520698547363,,,,,
1159,4,胃肠道(胆管)(食管),gastrointestinal (bile duct) (esophagus),T85.8,0.9897804260253906,,,,,
1159,4,心脏 NEC,heart NEC,T82.8,0.9553069472312927,,,,,
1159,4,血管NEC,vascular NEC,T82.8,0.9886142611503601,,,,,
1159,4,眼(角膜移植物)(眶植入物)NEC,ocular (corneal graft) (orbital implant) NEC,T85.8,0.9853169322013855,,,,,
1160,3,0造,"stoma, following",,0.7930104732513428,,,,,
1160,4,肠造口术后,enterostomy,K91.4,0.9575255513191223,,,,,
1160,3,结肠造口术后,colostomy,K91.4,0.9397535920143127,,,,,
1160,3,气管造口术后,tracheostomy,J95.0,0.9487618803977966,,,,,
1160,3,胃造口术后,gastrostomy,K91.8,0.9737133383750916,,,,,
1160,3,支气管,bronchus,J98.0,0.977752149105072,,,,,
1160,4,梅毒性,syphilitic,A52.7+ J99.8*,0.969366192817688,,,,,
1160,4,先天性,congenital,Q32.3,0.9346281886100769,,,,,
1160,3,直肠(括约肌),rectum (sphincter),K62.4,0.9910880923271179,,,,,
1160,4,结核性,tuberculous,A18.3+ K93.0*,0.9693334102630615,,,,,
1160,4,淋球菌性,gonococcal,A54.6,0.9611696600914001,,,,,
1160,4,梅毒性,syphilitic,A52.7+ K93.8*,0.9656386375427246,,,,,
1160,4,先天性,congenital,Q42.1,0.9442593455314636,,,,,
1160,5,伴有瘘,with fistula,Q42.0,0.960035502910614,,,,,
1160,4,炎性(衣原体性),inflammatory (chlamydial),A55,0.9823922514915466,,,,,
1160,4,由于,due to,,0.7962929010391235,,,,,
1160,5,辐照,irradiation,K91.8,0.9573560953140259,,,,,
1160,5,衣原体淋巴肉芽肿,chlamydial lymphogranuloma,A55,0.9934691786766052,,,,,
1160,3,直肠乙状结肠,rectosigmoid,K56.6,0.9915071725845337,,,,,
1160,3,主动脉(升)(室上)(先天性),aorta (ascending) (supraventricular) (congenital),Q25.3,0.9850239157676697,,,,,
1160,4,瓣上，先天性,"supravalvular, congenital",Q25.3,0.9741045832633972,,,,,
1160,4,动脉硬化性,arteriosclerotic,I70.0,0.9547233581542969,,,,,
1160,4,钙化性,calcified,I70.0,0.9520320892333984,,,,,
1160,3,主动脉瓣,aortic (valve),I35.0,0.9516822099685669,,,,,
1160,4,伴有关闭不全,with insufficiency,I35.2,0.981596052646637,,,,,
1160,4,风湿性,rheumatic,I06.0,0.9692540168762207,,,,,
1160,5,伴有,with,,0.7767020463943481,,,,,
1160,6,二尖瓣疾病,mitral (valve) disease,I08.0,0.9196203947067261,,,,,
1160,7,伴有三尖瓣疾病,with tricuspid (valve) disease,I08.3,0.9358171224594116,,,,,
1160,6,关闭不全或回流,"incompetence, insufficiency or regurgitation",I06.2,0.9406412839889526,,,,,
1160,7,伴有二尖瓣疾病,with mitral (valve) disease,I08.0,0.963100790977478,,,,,
1160,8,伴有三尖瓣疾病,with tricuspid (valve) disease,I08.3,0.9763482213020325,,,,,
1160,6,三尖瓣疾病,tricuspid (valve) disease,I08.2,0.9296754002571106,,,,,
1160,7,伴有二尖瓣疾病,with mitral (valve) disease,I08.3,0.9482552409172058,,,,,
1160,4,梅毒性,syphilitic,A52.0+ I39.1*,0.9521197080612183,,,,,
1160,4,特指的原因NEC,specified cause NEC,I35.0,0.9777414798736572,,,,,
1160,4,先天性,congenital,Q23.0,0.9434919357299805,,,,,
1160,3,主动脉下(先天性),subaortic (congenital),Q24.4,0.9909695386886597,,,,,
1160,4,肥厚型,hypertrophic,I42.1,0.9655534625053406,,,,,
1160,3,椎管,spinal,M48.0,0.9823723435401917,,,,,
1161,3,椎间孔,intervertebral foramina,M99.8,0.9964662194252014,,,,,
1161,4,不完全脱位性,subluxation,M99.6,0.9781306982040405,,,,,
1161,4,骨性,osseous,M99.6,0.8885053396224976,,,,,
1161,4,结缔组织,connective tissue,M99.7,0.977349579334259,,,,,
1161,4,盘,disk,M99.7,0.885217547416687,,,,,
1161,3,子宫(粘连),"uterus, uterine (synechiae)",N85.6,0.988286554813385,,,,,
1161,4,口(外)(内)-见狭窄，宫颈,"os (external) (internal) - see Stricture, cervix",,0.937932014465332,,,,,
1161,3,子宫口(另见狭窄，宫颈),"os uteri (see also Stricture, cervix)",N88.2,0.9856772422790527,,,,,
1161,3,总(胆)管,common (bile) duct,K83.1,0.9906134605407715,,,,,
1161,4,先天性,congenital,Q44.3,0.9643419981002808,,,,,
1161,1,xià 下,,,0.9999111890792847,,,,,
1161,2,下垂,"Drop, Pendulous, Ptosis",,0.9900821447372437,,,,,
1161,3,肠,intestine,K63.4,0.9945488572120667,,,,,
1161,3,腹部，在妊娠或分娩中,"abdomen, in pregnancy or childbirth",O34.8,0.9784266948699951,,,,,
1161,4,影响到胎儿或新生儿,affecting fetus or newborn,P03.8,0.9910888671875,,,,,
1161,3,肝,liver,K76.8,0.9750660061836243,,,,,
1161,3,结肠,colon,K63.4,0.964813232421875,,,,,
1161,3,脚趾,toe,M20.5,0.9612191319465637,,,,,
1161,3,盲肠,cecum,K63.4,0.9642226696014404,,,,,
1161,3,内脏,"splanchnic, viscera",K63.4,0.950921893119812,,,,,
1161,3,脾,spleen,D73.8,0.9740937948226929,,,,,
1161,3,乳房,breast,N64.8,0.98984295129776,,,,,
1161,3,肾,"kidney,renal",N28.8,0.980948805809021,,,,,
1161,3,手指,finger,M20.0,0.975784182548523,,,,,
1161,3,腕,wrist,M21.3,0.9868653416633606,,,,,
1161,3,胃,"gastric, stomach",K31.8,0.9646323919296265,,,,,
1161,3,先天性(眼睑),congenital (eyelid),Q10.0,0.9679111242294312,,,,,
1161,4,特指部位NEC-见异常，按部位,"specified site NEC - see Anomaly, by site",,0.9773512482643127,,,,,
1161,3,眼睑(麻痹性),eyelid (paralytic),H02.4,0.9953972697257996,,,,,
1161,4,先天性,congenital,Q10.0,0.9760894775390625,,,,,
1161,3,脂肪(假性),adiposa (false),H02.4,0.9784032702445984,,,,,
1161,3,足,foot,M21.3,0.9820626974105835,,,,,
1161,2,下垂子宫-见脱垂，子宫,"Descensus uteri - see Prolapse, uterus",,0.9870897531509399,,,,,
1161,2,下疳(生殖器)(硬)(原发性)(血清反应阴性的)(血清反应阳性的)(梅毒性),Chancre (genital) (hard) (primary) (seronegative) (seropositive) (syphilitic),A51.0,0.9834757447242737,,,,,
1161,3,唇,lip,A51.2,0.9505169987678528,,,,,
1161,3,单纯性,simple,A57,0.9965471625328064,,,,,
1161,3,杜克雷,Ducrey's,A57,0.995768666267395,,,,,
1161,3,混合性,mixed,A51.0,0.9835459589958191,,,,,
1161,3,结膜,conjunctiva,A51.2,0.9808098673820496,,,,,
1161,3,尿道,urethra,A51.0,0.9742733240127563,,,,,
1162,3,品他病的,"of carate, pinta",A67.0,0.9880368709564209,,,,,
1162,3,乳头,nipple,A51.2,0.9613132476806641,,,,,
1162,3,软,soft,A57,0.9454167485237122,,,,,
1162,4,腭,palate,A51.2,0.9370855093002319,,,,,
1162,4,腹股沟淋巴结炎,bubo,A57,0.9501010775566101,,,,,
1162,3,生殖器外的,extragenital,A51.2,0.9864549040794373,,,,,
1162,3,雅司病的,of yaws,A66.0,0.9389687180519104,,,,,
1162,3,眼睑,eyelid,A51.2,0.899834394454956,,,,,
1162,3,硬,hunterian,A51.0,0.9787522554397583,,,,,
1162,2,下颌的 - 见情况,Jaw – see condition,,0.94944167137146,,,,,
1162,2,下颌后缩(下颌)(上颌),"Retrognathia, retrognathism (mandibular) (maxillary)",K07.1,0.9981563687324524,,,,,
1162,2,下颌前突(又称 凸颌畸形),Prognathism,K07.1,0.9675231575965881,,,,,
1162,2,下颌下的-见情况,Submaxillary – see condition,,0.958762526512146,,,,,
1162,2,下降，任何器官或部位-见脱垂,"Falling, any organ or part – see Prolapse",,0.9773793816566467,,,,,
1162,2,下腔静脉输尿管,Postcaval ureter,Q62.6,0.999851405620575,,,,,
1162,2,下斜视,Hypotropia,H50.2,0.9480082392692566,,,,,
1162,2,下行性-见情况,Descending – see condition,,0.9553928375244141,,,,,
1162,2,下隐斜,Hypophoria,H50.5,0.9706118106842041,,,,,
1162,1,xià 夏,,,0.9998854398727417,,,,,
1162,2,夏季的 - 见情况,Summer – see condition,,0.933353841304779,,,,,
1162,2,夏科,Charcot's,,0.9999729990959167,,,,,
1162,3,病(脊髓痨性关节病)-见夏科，关节病,disease (tabetic arthropathy) - see Charcot's arthropathy,,0.9514435529708862,,,,,
1162,3,肝硬变,cirrhosis,K74.3,0.9938989281654358,,,,,
1162,3,关节病(脊髓痨性),"arthropathy, joint (disease), (tabetic)",A52.1+ M14.6*,0.980515718460083,,,,,
1162,4,非梅毒性NEC,nonsyphilitic NEC,G98+ M14.6*,0.9604079723358154,,,,,
1162,4,脊髓空洞症性,syringomyelic,G95.0+ M49.4*,0.9826539754867554,,,,,
1162,4,糖尿病性,diabetic,E14.6+ M14.6*,0.973678469657898,,,,,
1162,3,综合征,syndrome,I73.9,0.9543203115463257,,,,,
1162,2,夏科-马里-图思病、麻痹或综合征[进行性神经性肌萎缩],"Charcot-Marie-Tooth disease, paralysis or syndrome",G60.0,0.9944300651550293,,,,,
1162,2,夏秋季疟疾(发热),Estivo-autumnal malaria (fever),B50.9,0.9993488192558289,,,,,
1162,2,夏伊-德雷格综合征,Shy-Drager syndrome,G90.3,0.9999277591705322,,,,,
1162,1,xiān 先,,,0.9317571520805359,,,,,
1162,2,先露，胎儿,"Presentation, fetal",,0.9997085332870483,,,,,
1162,3,臂(对母体),arm (mother),O32.2,0.9642454981803894,,,,,
1162,4,引起梗阻性分娩,causing obstructed labor,O64.4,0.9357087016105652,,,,,
1162,3,不稳定,unstable,O32.0,0.9836453199386597,,,,,
1163,3,额(对母体),brow (mother),O32.3,0.9716124534606934,,,,,
1163,4,引起梗阻性分娩,causing obstructed labor,O64.3,0.9142383337020874,,,,,
1163,3,复合性,compound,O32.6,0.9925623536109924,,,,,
1163,4,引起梗阻性分娩,causing obstructed labor,O64.5,0.9667693376541138,,,,,
1163,3,横(位)(对母体),ansverse (mother),O32.2,0.9836028814315796,,,,,
1163,4,引起梗阻性分娩,causing obstructed labor,O64.8,0.9326038360595703,,,,,
1163,3,肩(对母体),shoulder (mother),O32.2,0.9676536917686462,,,,,
1163,4,引起梗阻性分娩,causing obstructed labor,O64.4,0.9644283056259155,,,,,
1163,3,颏(对母体),"chin, mentum (mother)",O32.3,0.9297403693199158,,,,,
1163,4,引起梗阻性分娩,causing obstructed labor,O64.2,0.9780334830284119,,,,,
1163,3,面(对母体),face (mother),O32.3,0.9868896007537842,,,,,
1163,4,对向耻骨,to pubes,O32.8,0.9419574737548828,,,,,
1163,5,引起梗阻性分娩,causing obstructed labor,O64.0,0.9685136675834656,,,,,
1163,4,引起梗阻性分娩,causing obstructed labor,O64.2,0.9794259071350098,,,,,
1163,3,脐带,cord,O69.0,0.9573392868041992,,,,,
1163,3,伸头(对母体),extended head (mother),O32.3,0.9800117611885071,,,,,
1163,4,引起梗阻性分娩,causing obstructed labor,O64.3,0.9835947155952454,,,,,
1163,3,手(对母体),hand (mother),O32.2,0.9671077132225037,,,,,
1163,4,引起梗阻性分娩,causing obstructed labor,O64.4,0.9392300248146057,,,,,
1163,3,腿或足，NEC(对母体),"leg or foot, NEC (mother)",O32.1,0.9617801904678345,,,,,
1163,4,引起梗阻性分娩,causing obstructed labor,O64.1,0.9887405037879944,,,,,
1163,3,臀(对母体),breech (mother),O32.1,0.9820662140846252,,,,,
1163,4,伴有产程前外倒转术，影响到胎儿或新生儿,"with external version before labor, affecting fetus or newborn",P01.7,0.9712422490119934,,,,,
1163,4,分娩前，影响到胎儿或新生儿,"before labor, affecting fetus or newborn",P01.7,0.9800698161125183,,,,,
1163,4,引起梗阻性分娩,causing obstructed labor,O64.1,0.9929363131523132,,,,,
1163,5,胎儿或新生儿,fetus or newborn,P03.0,0.9364877343177795,,,,,
1163,3,斜(位)(对母体),oblique (mother),O32.2,0.9865573644638062,,,,,
1163,4,引起梗阻性分娩,causing obstructed labor,O64.4,0.9826361536979675,,,,,
1163,3,异常的，不正常的,abnormal,O32.9,0.964112401008606,,,,,
1163,4,分娩前，影响到胎儿或新生儿,"before labor, affecting fetusor newborn",P01.7,0.9664079546928406,,,,,
1163,4,特指的NEC,specified NEC,O32.8,0.9568219184875488,,,,,
1163,4,引起梗阻性分娩,causing obstructed labor,O64.9,0.9893622398376465,,,,,
1163,5,特指的NEC,specified NEC,O64.8,0.9392479062080383,,,,,
1163,5,影响到胎儿或新生儿(任何，除外臀(位)),"affecting fetus or newborn (any, except breech)",P03.1,0.9713146090507507,,,,,
1163,6,臀(位),breech,P03.0,0.9637616872787476,,,,,
1163,4,在多胎妊娠中(一个或以上胎儿),in multiple gestation (one or more),O32.5,0.977446973323822,,,,,
1163,3,枕后位(母体),occipitoposterior (mother),O32.8,0.9815930724143982,,,,,
1163,4,引起梗阻性分娩,causing obstructed labour,O64.0,0.9640271067619324,,,,,
1163,2,先露异常，胎儿(另见先露，胎儿),"Malpresentation, fetus (see also Presentation, fetal)",O32.9,0.9428356885910034,,,,,
1163,3,先天无神经节性巨结肠[希尔施普龙病],Hirschsprung's disease,Q43.1,0.9995607137680054,,,,,
1164,2,先天性 - 另见情况,Congenital - see also condition,,0.9810212254524231,,,,,
1164,3,畸形-见异常,malformation - see Anomaly,,0.9938969016075134,,,,,
1164,3,内在因子缺乏,intrinsic factor deficiency,D51.0,0.9752675294876099,,,,,
1164,3,主动脉间隔,aortic septum,Q25.4,0.9978355169296265,,,,,
1164,2,先天性短颈综合征[费尔-克利佩尔综合征],Feil-Klippel syndrome,Q76.1,0.999927282333374,,,,,
1164,2,先天性睾丸发育不全-现译名克兰费尔特综合征,Klinefelter's syndrome,,0.998671293258667,,,,,
1164,2,先天性肌发育不全,Amyoplasia congenita,Q79.8,0.9755168557167053,,,,,
1164,2,先天性巨结肠(另见巨结肠),Macrocolon (see also Megacolon),Q43.1,0.9889489412307739,,,,,
1164,2,先天性卵巢发育不全-现译名特纳综合征,Turner's syndrome,,0.9998696446418762,,,,,
1164,2,先天性梅毒特征,"Stigmata, congenital syphilis",A50.5,0.9998570084571838,,,,,
1164,2,先天性脐疝,Exomphalos,Q79.2,0.9756218194961548,,,,,
1164,3,意指疝-见疝，脐,"meaning hernia - see Hernia, umbilicus",,0.9830273389816284,,,,,
1164,2,先天性鱼鳞癣(胎儿)[斑色胎儿],Harlequin (fetus),Q80.4,0.9976738095283508,,,,,
1164,2,先天愚型 - 现译名 唐氏综合征,Down syndrome,,0.9469903707504272,,,,,
1164,2,先兆,"Threatened, Aura",,0.9949482679367065,,,,,
1164,3,杰克逊(癫癇),jacksonian,G40.1,0.9377979636192322,,,,,
1164,3,临产(另见临产，假),"labor (see also Labor, false)",O47.9,0.9932807087898254,,,,,
1164,4,影响到胎儿,affectingfetus,P01.8,0.9490629434585571,,,,,
1164,3,流产,"abortion, miscarriage",O20.0,0.9931740760803223,,,,,
1164,4,伴有随后性流产,with subsequent abortion .,O03,0.9179805517196655,,,,,
1164,4,影响到胎儿,affecting fetus,P01.8,0.9507234692573547,,,,,
1164,3,早产，影响到胎儿,"premature delivery, affecting fetus",P01.8,0.9786294102668762,,,,,
1164,2,先兆子痫,Pre-eclampsia,O14.9,0.9880823493003845,,,,,
1164,3,伴有原有的高血压,with pre-existing hypertension,O11,0.9802190661430359,,,,,
1164,3,并发,superimposed,O11,0.9421464800834656,,,,,
1164,3,轻度,mild,O13,0.9638071656227112,,,,,
1164,3,中度,moderate,O14.0,0.9743350148200989,,,,,
1164,3,重度,severe,O14.1,0.9590763449668884,,,,,
1164,3,影响到胎儿或新生儿,affecting fetus or newborn,P00.0,0.9763919115066528,,,,,
1164,1,xiān 纤,,,0.981530487537384,,,,,
1164,2,纤颤,Fibrillation,,0.9992090463638306,,,,,
1164,3,肌肉,muscular,M62.8,0.9764024019241333,,,,,
1164,3,心房(形成),atrial or auricular (established),I48,0.9765359163284302,,,,,
1164,3,心室[心室颤动],ventricular,I49.0,0.9720362424850464,,,,,
1164,3,心性，心脏,"cardiac, heart",I49.8,0.9845162034034729,,,,,
1164,2,纤弱病(HIV感染),Slim disease (in HIV infection),B22.2,0.9984818696975708,,,,,
1164,2,纤维(瘤)(M8890/0)-另见肿瘤，结缔组织，良性,"Fibroid (tumor) (M8890/0) - see also Neoplasm, connective tissue, benign",,0.9824698567390442,,,,,
1164,3,病，肺(慢性)(另见纤维化，肺),"disease, lung (chronic) (see also Fibrosis, lung)",J84.1,0.9767265319824219,,,,,
1164,3,肺炎(慢性)(另见纤维化，肺),"pneumonia (chronic) (see also Fibrosis, lung)",J84.1,0.9940516352653503,,,,,
1164,3,心脏(病)(另见心肌炎),heart (disease) (see also Myocarditis),I51.4,0.968254029750824,,,,,
1164,3,硬结，肺(慢性)(另见纤维化，肺),"induration, lung (chronic) (see also Fibrosis, lung)",J84.1,0.9772036075592041,,,,,
1165,3,在妊娠或分娩中,in pregnancy or childbirth,O34.1,0.9668321013450623,,,,,
1165,4,引起梗阻性分娩.,causing obstructed labor,O65.5,0.9550428986549377,,,,,
1165,4,影响到胎儿或新生儿,affecting fetus or newborn,P03.8,0.9391945004463196,,,,,
1165,3,子宫,uterus,D25.9,0.9917379021644592,,,,,
1165,2,纤维变性的-见纤维化,Fibrotic - see Fibrosis,,0.9991052746772766,,,,,
1165,2,纤维蛋白,Fibrin,,0.9997150897979736,,,,,
1165,3,前房(眼)(明胶状渗出物),"chamber, anterior (eye) (gelatinous exudate)",H20.0,0.9853510856628418,,,,,
1165,3,球或体，胸膜(囊),"ball or bodies, pleural (sac)",J94.1,0.9830067753791809,,,,,
1165,2,纤维蛋白减少(遗传性)(另见纤维蛋白原缺乏血症),Fibrinopenia (hereditary) (see also Afibrinogenemia),D68.2,0.9880895614624023,,,,,
1165,3,后天性,acquired,D68.4,0.9776826500892639,,,,,
1165,2,纤维蛋白脓性的 - 见情况,Fibrinopurulent - see condition,,0.9527159929275513,,,,,
1165,2,纤维蛋白溶解(后天性)(出血性),Fibrinolysis (acquired) (hemorrhagic),D65,0.9882004857063293,,,,,
1165,3,产前,antepartum,O46.0,0.9676221013069153,,,,,
1165,3,产时,intrapartum,O67.0,0.9942249059677124,,,,,
1165,3,产后,postpartum,O72.3,0.9712584018707275,,,,,
1165,3,后,following,,0.9715463519096375,,,,,
1165,4,流产(随后发生),abortion (subsequent episode),O08.1,0.9615486860275269,,,,,
1165,5,近期发生-见流产,current episode - see Abortion,,0.9641506671905518,,,,,
1165,4,异位妊娠或葡萄胎妊娠,ectopic or molar pregnancy,O08.1,0.9747697114944458,,,,,
1165,2,纤维蛋白溶解亢进-见纤维蛋白溶解,Hyperfibrinolysis - see Fibrinolysis,,0.9981021285057068,,,,,
1165,2,纤维蛋白原减少,Fibrinogenopenia,D68.8,0.9998424649238586,,,,,
1165,3,后天性,acquired,D65,0.9893733859062195,,,,,
1165,3,先天性,congenital,D68.2,0.9592486023902893,,,,,
1165,2,纤维蛋白原缺乏血症(另见缺陷，凝血),"Afibrinogenemia (see also Defect, coagulation)",D68.8,0.9972164034843445,,,,,
1165,3,后天性,acquired,D65,0.9446349143981934,,,,,
1165,3,先天性,congenital,D68.2,0.9886989593505859,,,,,
1165,2,纤维蛋白原溶解 - 见 纤维蛋白溶解,Fibrinogenolysis - see Fibrinolysis,,0.9441893696784973,,,,,
1165,2,纤维骨瘤(M9262/0)-见肿瘤，骨，良性,"Fibro-osteoma (M9262/0) - see Neoplasm, bone, benign",,0.989539384841919,,,,,
1165,2,纤维化，纤维变性,"Fibrosis, fibrotic",,0.9998940229415894,,,,,
1165,3,瓣膜，心脏(另见心内膜炎),"valve, heart (see also Endocarditis)",I38,0.9569476842880249,,,,,
1165,3,表皮下结节性(M8832/0)-见肿瘤，皮肤，良性,"subepidermal nodular (M8832/0)- see Neoplasm, skin, benign",,0.9875718951225281,,,,,
1165,3,动脉毛细血管-见动脉硬化,arteriocapillary - see Arteriosclerosis,,0.981279194355011,,,,,
1165,3,肺(萎缩性)(毛细血管)(慢性)(融合性)(大量)(肺泡周)(支气管周),"lung, pulmonary (atrophic)(capillary) (chronic) (confluent) (massive) (perialveolar) (peribronchial)",J84.1,0.9838868975639343,,,,,
1165,4,伴有,with,,0.84434974193573,,,,,
1165,5,肺尘埃沉着病NEC,pneumoconiosis NEC,J64,0.9828634262084961,,,,,
1165,5,尘网形成,dust reticulation,J64,0.9268153309822083,,,,,
1165,5,矾土肺,aluminosis,J63.0,0.950623631477356,,,,,
1165,5,硅沉着病,silicosis,J62.8,0.9376885294914246,,,,,
1165,5,硅末沉着病,gannister disease,J62.8,0.9861014485359192,,,,,
1166,5,灰石沉着病,calcicosis,J62.8,0.9711475372314453,,,,,
1166,5,煤硅肺病,anthracosilicosis,J60,0.9480194449424744,,,,,
1166,5,棉屑沉着病,byssinosis,J66.0,0.9805606603622437,,,,,
1166,5,农民肺,farmer's lung,J67.0,0.9958052039146423,,,,,
1166,5,铍中毒,berylliosis,J63.2,0.9852800369262695,,,,,
1166,5,石棉沉着病,asbestosis,J61,0.9700301289558411,,,,,
1166,5,石末肺,halicosis .,J62.8,0.9673832058906555,,,,,
1166,5,炭末沉着病,anthracosis,J60,0.9956276416778564,,,,,
1166,5,铁质沉着病,siderosis,J63.4,0.9611647725105286,,,,,
1166,5,锡沉着病,stannosis,J63.5,0.9275855422019958,,,,,
1166,5,蔗尘肺,bagassosis,J67.1,0.959808886051178,,,,,
1166,4,放射后,following radiation,J70.1,0.9800875186920166,,,,,
1166,4,硅沉着病,silicotic,J62.8,0.9878149628639221,,,,,
1166,4,结核性-见结核，肺,"tuberculous - see Tuberculosis, pulmonary",,0.9551988244056702,,,,,
1166,4,弥漫性(特发性)(间质),diffuse (idiopathic) (interstitial),J84.1,0.9757001996040344,,,,,
1166,4,特发性,idiopathic,J84.1,0.9867206811904907,,,,,
1166,4,先天性,congenital,P27.8,0.9881205558776855,,,,,
1166,4,炎症后,postinflammatory,J84.1,0.9743593335151672,,,,,
1166,4,由于,due to,,0.8245280385017395,,,,,
1166,5,滑石粉,talc,J62.0,0.954514741897583,,,,,
1166,5,化学制剂、气体、烟雾或蒸气(吸入),"chemicals, gases, fumes or vapors (inhalation)",J68.4,0.9589304327964783,,,,,
1166,5,石墨,graphite,J63.3,0.9187762141227722,,,,,
1166,5,铁矾土,bauxite,J63.1,0.9925447702407837,,,,,
1166,3,附睾,epididymis,N50.8,0.9659299254417419,,,,,
1166,3,腹膜后，特发性(伴有输尿管阻塞),"retroperitoneal, idiopathic (with ureteral obstruction)",N13.5,0.9877471923828125,,,,,
1166,4,伴有感染,with infection,N13.6,0.9515109062194824,,,,,
1166,3,肝,"hepatic, liver",K74.0,0.9994307160377502,,,,,
1166,4,伴有硬化,with sclerosis,K74.2,0.9699851870536804,,,,,
1166,5,酒精性,alcoholic,K70.2,0.9896295070648193,,,,,
1166,4,酒精性,alcoholic,K70.2,0.9780237078666687,,,,,
1166,3,肝脾(门脉高压),"hepatolienal, hepatosplenic (portal hypertension)",K76.6,0.9844734072685242,,,,,
1166,3,肛乳头,anal papillae,K62.8,0.9873987436294556,,,,,
1166,3,睾丸,testis,N50.8,0.9667465686798096,,,,,
1166,4,慢性，由于梅毒引起的,"chronic, due to syphilis",A52.7+ N51.1*,0.9786037802696228,,,,,
1166,3,宫颈,cervix,N88.8,0.9619228839874268,,,,,
1166,3,海绵体(硬化性),corpus cavernosum (sclerosing),N48.6,0.9879094958305359,,,,,
1166,3,会阴，在妊娠或分娩中,"perineum, in pregnancy or childbirth",O34.7,0.9920610189437866,,,,,
1166,4,引起梗阻性分娩,causing obstructedlabor,O65.5,0.9540458917617798,,,,,
1166,5,影响到胎儿或新生儿,affecting fetus or newborn,P03.1,0.9902657270431519,,,,,
1167,3,精囊,seminal vesicle,N50.8,0.9718989729881287,,,,,
1167,3,精索,spermatic cord,N50.8,0.9871749877929688,,,,,
1167,3,静脉,vein,I87.8,0.944340705871582,,,,,
1167,3,酒精性,alcoholic,K70.2,0.9755366444587708,,,,,
1167,3,老年性,senile,R54,0.9350952506065369,,,,,
1167,3,淋巴腺,lymphatic gland,I89.8,0.9794057011604309,,,,,
1167,3,毛细血管，肺(慢性)(另见纤维化，肺),"capillary, lung (chronic) (see also Fibrosis, lung)",J84.1,0.9809314012527466,,,,,
1167,3,囊性(胰腺),cystic (of pancreas),E84.9,0.9681596159934998,,,,,
1167,4,伴有,with,,0.7203726768493652,,,,,
1167,5,肠表现,intestinal manifestations,E84.1,0.9808743596076965,,,,,
1167,5,肺表现,pulmonary manifestations,E84.0,0.975350558757782,,,,,
1167,3,混合性表现,combined manifestations,E84.8,0.9768454432487488,,,,,
1167,4,特指的NEC,specified NEC,E84.8,0.9657966494560242,,,,,
1167,3,脑脊膜,meninges,G96.1,0.9607089757919312,,,,,
1167,3,粘膜下(口腔)(舌),submucous (oral) (tongue),K13.5,0.9803116321563721,,,,,
1167,3,膀胱,bladder,N32.8,0.978054940700531,,,,,
1167,3,皮肤NEC,skin NEC,L90.5,0.9881487488746643,,,,,
1167,3,脾,spleen,D73.8,0.9891672134399414,,,,,
1167,4,在血吸虫病中(裂体吸虫病),in schistosomiasis (bilharziasis),B65 D77*,0.960188090801239,,,,,
1167,3,前列腺(慢性),prostate (chronic),N40,0.9946413040161133,,,,,
1167,3,鞘膜,tunica vaginalis,N50.8,0.9942700862884521,,,,,
1167,3,绒毛膜,chorion,O41.8,0.9431694746017456,,,,,
1167,3,乳房,breast,N60.3,0.9715855121612549,,,,,
1167,3,舌，粘膜下,"tongue, submucous",K13.5,0.982382595539093,,,,,
1167,3,射精管,ejaculatory duct,N50.8,0.9985248446464539,,,,,
1167,3,肾(另见硬化，肾),"kidney (see also Sclerosis, renal)",N26,0.9580290913581848,,,,,
1167,3,肾上(腺),adrenal (gland),E27.8,0.9502273797988892,,,,,
1167,3,输精管,vas deferens,N50.8,0.9914004802703857,,,,,
1167,3,输卵管,oviduct,N83.8,0.9575928449630737,,,,,
1167,3,胎盘,placenta,O43.8,0.9653639197349548,,,,,
1167,3,心肌(另见心肌炎),"myocardium, myocardial (see also Myocarditis)",I51.4,0.9709171056747437,,,,,
1167,3,心内膜(另见心内膜炎),endocardium (see also Endocarditis),I38,0.9727380871772766,,,,,
1167,3,心内膜心肌(热带),endomyocardial (tropical),I42.3,0.9620745778083801,,,,,
1167,3,心脏(另见心肌炎),"cardiac, heart (see also Myocarditis)",I51.4,0.9776524901390076,,,,,
1167,3,胸(腺),thymus (gland),E32.8,0.9680097699165344,,,,,
1167,3,胸膜,pleura,J94.1,0.96234130859375,,,,,
1167,3,眼肌,eye muscle,H50.6,0.9769160747528076,,,,,
1167,3,羊膜,amnion,O41.8,0.9952145218849182,,,,,
1167,3,胰腺,pancreas,K86.8,0.9975022077560425,,,,,
1167,3,阴道,vagina,N89.8,0.9883860945701599,,,,,
1167,3,阴茎NEC,penis NEC,N48.6,0.9466817378997803,,,,,
1167,3,阴囊，阴囊内,"scrotum, intrascrotal",N50.8,0.9790043830871582,,,,,
1168,3,由于装置、植入物或移植物引起的(另见并发症，按部位和类型，特指的 NEC),"due to device, implant or graft (see also Complications by site and type, specified NEC)",T85.8,0.9834005236625671,,,,,
1168,4,导管NEC,catheter NEC,T85.8,0.9736822247505188,,,,,
1168,5,泌尿系(留置),urinary (indwelling),T83.8,0.9721678495407104,,,,,
1168,5,输注 NEC,infusion NEC,T82.8,0.9246036410331726,,,,,
1168,6,脊髓(硬膜外)(硬膜下),spinal (epidural) (subdural),T85.8,0.9632447361946106,,,,,
1168,5,透析(肾),dialysis (renal),T82.8,0.9567105770111084,,,,,
1168,6,腹膜内,intraperitoneal,T85.8,0.9251421689987183,,,,,
1168,4,电(极)(脉冲发生器)(刺激器),electronic (electrode) (pulse generator) (stimulator),,0.965470016002655,,,,,
1168,5,骨,bone,T84.8,0.9678518772125244,,,,,
1168,5,泌尿系,urinary,T83.8,0.9923954010009766,,,,,
1168,5,神经系统(脑)(周围神经)(脊柱),nervous system (brain) (peripheral nerve) (spinal),T85.8,0.9932869672775269,,,,,
1168,5,心脏,cardiac,T82.8,0.9841792583465576,,,,,
1168,4,动脉移植物NEC,arterial graft NEC,T82.8,0.9852084517478943,,,,,
1168,4,关节假体,joint prosthesis,T84.8,0.9398913979530334,,,,,
1168,4,矫形外科 NEC,orthopedic NEC,T84.8,0.9507015943527222,,,,,
1168,4,泌尿系NEC,urinary NEC,T83.8,0.9745458960533142,,,,,
1168,4,脑室颅内分流,ventricular intracranial shunt,T85.8,0.9946129322052002,,,,,
1168,4,内固定(矫形外科)NEC,"fixation, internal (orthopedic) NEC",T84.8,0.9682726860046387,,,,,
1168,4,乳房(植入物),breast (implant),T85.8,0.9679363965988159,,,,,
1168,4,生殖系NEC,genital NEC,T83.8,0.9982595443725586,,,,,
1168,4,特指的NEC,specified NEC,T85.8,0.9983370900154114,,,,,
1168,4,胃肠(胆管)(食管),gastrointestinal (bile duct) (esophagus),T85.8,0.9768937230110168,,,,,
1168,4,心脏NEC,heart NEC,T82.8,0.9803690314292908,,,,,
1168,4,血管NEC,vascular NEC,T82.8,0.9928411245346069,,,,,
1168,4,眼(角膜移植物)(眶植入物)NEC,ocular (corneal graft) (orbital implant) NEC,T85.8,0.9840016961097717,,,,,
1168,3,正中嵴,median bar,N40,0.9611272215843201,,,,,
1168,3,直肠括约肌,rectal sphincter,K62.8,0.9948342442512512,,,,,
1168,3,子宫(非肿瘤性),uterus (non-neoplastic),N85.8,0.9683082699775696,,,,,
1168,3,纵隔(特发性),mediastinum (idiopathic),J98.5,0.9812960624694824,,,,,
1168,2,纤维黄瘤(M8830/0)-另见肿瘤，结缔组织，良性,"Fibroxanthoma (M8830/0) - see also Neoplasm, connective tissue, benign",,0.9921333193778992,,,,,
1168,3,恶性(M8830/3)-见肿瘤，结缔组织，恶性,"malignant (M8830/3) - see Neoplasm, connective tissue, malignant",,0.9846094250679016,,,,,
1168,3,非典型(M8830/1)-见肿瘤，结缔组织，动态未定,"atypical (M8830/1) - see Neoplasm, connective tissue, uncertain behavior",,0.9787718057632446,,,,,
1168,2,纤维黄肉瘤(M8830/3)-见肿瘤，结缔组织，恶性,"Fibroxanthosarcoma (M8830/3) - see Neoplasm, connective tissue, malignant",,0.9774249792098999,,,,,
1168,2,纤维肌瘤(M8890/0)-另见肿瘤，结缔组织，良性,"Fibromyoma (M8890/0) - see also Neoplasm, connective tissue, benign",,0.9812593460083008,,,,,
1168,3,子宫(体)(另见平滑肌瘤),uterus (corpus) (see also Leiomyoma),D25.9,0.9810146689414978,,,,,
1168,4,在妊娠或分娩中,in pregnancy or childbirth,O34.1,0.9526305794715881,,,,,
1168,5,引起梗阻性分娩,causing obstructed labor,O65.5,0.9809306263923645,,,,,
1168,5,影响到胎儿或新生儿,affecting fetus or newborn,P03.8,0.9856160283088684,,,,,
1169,2,纤维肌痛,Fibromyalgia,M79.7,0.999879002571106,,,,,
1169,2,纤维肌炎,Fibromyositis,M79.7,0.999894380569458,,,,,
1169,2,纤维瘤(M8810/0)-另见肿瘤，结缔组织，良性,"Fibroma (M8810/0) - see also Neoplasm, connective tissue, benign",,0.9873273372650146,,,,,
1169,3,鼻咽(幼年型)(M9160/0),"nasopharynx, nasopharyngeal(juvenile) (M9160/0)",D10.6,0.991965115070343,,,,,
1169,3,成釉细胞(M9330/0),ameloblastic (M9330/0),D16.5,0.9824682474136353,,,,,
1169,4,上颌(骨),upper jaw (bone),D16.4,0.9573319554328918,,,,,
1169,3,促结缔组织增生性(M8823/1)- 见 肿瘤，结缔组织，动态未定,"desmoplastic (M8823/1) - see Neoplasm, connective tissue, uncertain behavior",,0.9658592343330383,,,,,
1169,3,非成骨性(非骨化性)-见发育不良，纤维性,"nonosteogenic (nonossifying) - see Dysplasia, fibrous",,0.9899457097053528,,,,,
1169,3,骨(非骨化性),bone (nonossifying),M89.8,0.9641432166099548,,,,,
1169,3,骨化性(M9262/0)-见肿瘤，骨，良性,"ossifying (M9262/0) - see Neoplasm, bone, benign",,0.9841760396957397,,,,,
1169,3,骨膜(M8812/0)-见肿瘤，骨，良性,"periosteal (M8812/0) - see Neoplasm, bone, benign",,0.9892315864562988,,,,,
1169,4,骨化性(M9262/0)-见肿瘤，骨，良性,"ossifying (M9262/0) - see Neoplasm, bone, benign",,0.974416971206665,,,,,
1169,3,筋膜(M8813/0)-见肿瘤，结缔组织，良性,"fascial (M8813/0)- see Neoplasm, connective tissue, benign",,0.9815292358398438,,,,,
1169,3,粘液样(M8811/0)- 见肿瘤，结缔组织，良性,"myxoid (M8811/0) - see Neoplasm, connective tissue, benign",,0.9794183373451233,,,,,
1169,3,前列腺,prostate,D29.1,0.9944020509719849,,,,,
1169,3,侵袭性(M8821/1)-见肿瘤，结缔组织，动态未定,"invasive (M8821/1) - see Neoplasm, connective tissue, uncertain behavior",,0.9818764328956604,,,,,
1169,3,软骨粘液样(M9241/0)-见肿瘤，骨，良性,"chondromyxoid (M9241/0) - see Neoplasm, bone, benign",,0.9734905362129211,,,,,
1169,3,软性(M8851/0)-见脂肪瘤,"molle, soft (M8851/0) - see Lipoma",,0.9772011041641235,,,,,
1169,3,牙骨质化性(M9274/0)-见肿瘤，骨，良性,"cementifying (M9274/0) - see Neoplasm, bone, benign",,0.9862985014915466,,,,,
1169,3,牙源性(中心性)(M9321/0),odontogenic (central) (M9321/0),D16.5,0.9768058657646179,,,,,
1169,4,上颌(骨),upper jaw (bone),D16.4,0.9737080931663513,,,,,
1169,4,周围(M9322/0),peripheral (M9322/0),D16.5,0.974090576171875,,,,,
1169,5,上颌(骨),upper jaw (bone),D16.4,0.9458531737327576,,,,,
1169,3,硬(M8810/0)-见肿瘤，结缔组织，良性,"durum (M8810/0) - see Neoplasm, connective tissue, benign",,0.9836845397949219,,,,,
1169,2,纤维瘤病,Fibromatosis,M72.9,0.9998345971107483,,,,,
1169,3,腹部(M8822/1)-见肿瘤，结缔组织，动态未定,"abdominal (M8822/1) - see Neoplasm, connective tissue, uncertain behavior",,0.9745596051216125,,,,,
1169,3,腹膜后,retroperitoneal,D48.3,0.9909328818321228,,,,,
1169,3,假肉瘤性(增生性)(皮下),pseudosarcomatous (proliferative) (subcutaneous),M72.4,0.9900675415992737,,,,,
1169,3,侵袭型(M8821/1)-见肿瘤，结缔组织，动态未定,"aggressive (M8821/1) - see Neoplasm, connective tissue, uncertain behavior",,0.9807326197624207,,,,,
1169,3,特指的NEC,specified NEC,M72.8,0.9815089106559753,,,,,
1169,3,先天性，全身性(M8824/1)-见肿瘤，结缔组织，动态未定,"congenital, generalized (M8824/1) - see Neoplasm, connective tissue, uncertain behavior",,0.9928514361381531,,,,,
1169,3,牙龈,gingival,K06.1,0.9942179322242737,,,,,
1169,3,掌(筋膜),palmar (fascial),M72.0,0.9830684065818787,,,,,
1169,3,足底(筋膜),plantar (fascial),M72.2,0.9777960181236267,,,,,
1170,2,纤维囊性,Fibrocystic,,0.9997527599334717,,,,,
1170,3,"病(另见纤维化,囊性)","disease (see also Fibrosis, cystic)",E84.9,0.9820030331611633,,,,,
1170,4,肺(先天性),lung (congenital),E84.0,0.9760711789131165,,,,,
1170,4,肝,liver,Q44.6,0.880483865737915,,,,,
1170,4,乳房,breast,N60.1,0.9310924410820007,,,,,
1170,5,伴有上皮增生,with epithelial proliferation,N60.3,0.9835946559906006,,,,,
1170,4,胰腺,pancreas,E84.9,0.9348982572555542,,,,,
1170,3,肾(先天性),kidney (congenital),Q61.8,0.9845661520957947,,,,,
1170,2,纤维囊性乳腺病，乳房(慢性)(囊性)(弥漫性)(周期性)(节段性),"Fibroadenosis, breast (chronic) (cystic) (diffuse) (periodic) (segmental)",N60.2,0.9840058088302612,,,,,
1170,2,纤维粘液瘤(M8811/0)-见肿瘤，结缔组织，良性,"Fibromyxoma (M8811/0) - see Neoplasm, connective tissue, benign",,0.99822598695755,,,,,
1170,2,纤维粘液肉瘤(M8811/3)-见肿瘤，结缔组织，恶性,"Fibromyxosarcoma (M8811/3) - see Neoplasm, connective tissue, malignant",,0.98546302318573,,,,,
1170,2,纤维粘液脂肪瘤(M8852/0),Fibromyxolipoma (M8852/0),D17.9,0.9842488169670105,,,,,
1170,2,纤维脓性的- 见情况,Fibropurulent - see condition,,0.9647118449211121,,,,,
1170,2,纤维肉瘤(M8810/3)-另见肿瘤，结缔组织，恶性,"Fibrosarcoma (M8810/3) - see also Neoplasm, connective tissue, malignant",,0.9640717506408691,,,,,
1170,3,成釉细胞(M9330/3),ameloblastic (M9330/3),C41.1,0.9933517575263977,,,,,
1170,4,上颌(骨),upper jaw (bone),C41.0,0.976513147354126,,,,,
1170,3,骨膜(M8812/3)-见肿瘤，骨，恶性,"periosteal (M8812/3) - see Neoplasm, bone, malignant",,0.9864867329597473,,,,,
1170,3,筋膜(M8813/3),fascial (M8813/3),,0.9933871030807495,,,,,
1170,3,先天性(M8814/3),congenital (M8814/3),,0.9733243584632874,,,,,
1170,3,牙源性(M9330/3),odontogenic (M9330/3),C41.1,0.9676107168197632,,,,,
1170,4,上颌(骨),upper jaw (bone),C41.0,0.9855929017066956,,,,,
1170,3,婴儿(M8814/3),infantile (M8814/3),,0.9869173765182495,,,,,
1170,2,纤维软骨肉瘤(M9220/3)-见肿瘤，软骨，恶性,"Fibrochondrosarcoma (M9220/3) - see Neoplasm, cartilage,malignant",,0.9844775795936584,,,,,
1170,2,弹力纤维增生症(心脏)(心内膜)(心内膜心肌),Fibroelastosis (cordis) (endocardial) (endomyocardial),I42.4,0.9772592782974243,,,,,
1170,2,纤维腺瘤(M9010/0),Fibroadenoma (M9010/0),,0.9998375773429871,,,,,
1170,3,富细胞性小管内(M9020/0),cellular intracanalicular (M9020/0),D24,0.9814517498016357,,,,,
1170,4,巨型(M9016/0),giant (M9016/0),D24,0.9723019599914551,,,,,
1170,3,前列腺,prostate,D29.1,0.9838472604751587,,,,,
1170,3,特指部位NEC-见肿瘤，良性,"specified site NEC - see Neoplasm, benign",,0.9798051118850708,,,,,
1170,3,未特指部位,unspecified site,D24,0.9845090508460999,,,,,
1170,3,小管内(M9011/0),intracanalicular (M9011/0),,0.9915446639060974,,,,,
1170,4,富细胞性(M9020/0),cellular (M9020/0),D24,0.9749993681907654,,,,,
1170,4,巨型(M9020/0),giant (M9020/0),D24,0.9785807132720947,,,,,
1170,4,特指部位-见肿瘤，良性,"specified site - see Neoplasm, benign",,0.9448117613792419,,,,,
1170,4,未特指部位,unspecified site,D24,0.9585204720497131,,,,,
1170,3,小管周(M9012/0),pericanalicular (M9012/0),,0.9869765043258667,,,,,
1170,4,特指部位-见肿瘤，良性,"specified site - see Neoplasm, benign",,0.970508873462677,,,,,
1170,4,未特指部位,unspecified site,D24,0.9772849082946777,,,,,
1170,3,叶状(M9020/0),phyllodes (M9020/0),D24,0.9805335998535156,,,,,
1170,3,幼年型(M9030/0),juvenile (M9030/0),D24,0.9775600433349609,,,,,
1171,2,纤维性的 - 见情况,"Fibrinous, Fibrous - see condition",,0.9818746447563171,,,,,
1171,2,纤维胸,Fibrothorax,J94.1,0.9999307990074158,,,,,
1171,2,纤维血管瘤(M9160/0)-另见肿瘤，良性,"Fibroangioma (M9160/0) - see also Neoplasm, benign",,0.9922254085540771,,,,,
1171,3,幼年型(M9160/0),juvenile (M9160/0),,0.9961625337600708,,,,,
1171,4,特指部位-见肿瘤，良性,"specified site - see Neoplasm, benign",,0.9449424147605896,,,,,
1171,4,未特指部位,unspecified site,D10.6,0.9364911913871765,,,,,
1171,2,纤维牙瘤，成釉细胞(M9290/0),"Fibro-odontoma, ameloblastic (M9290/0)",D16.5,0.9949268102645874,,,,,
1171,3,上颌(骨),upper jaw (bone),D16.4,0.9865425229072571,,,,,
1171,2,纤维硬化病,Fibrosclerosis,,0.9999296069145203,,,,,
1171,3,多病灶性,multifocal,M35.5,0.9873304963111877,,,,,
1171,3,乳房,breast,N60.3,0.9704863429069519,,,,,
1171,3,阴茎(海绵体),penis (corpora cavernosa),N48.6,0.9685815572738647,,,,,
1171,2,纤维增生,Fibroplasia,,0.9998453259468079,,,,,
1171,3,晶状体后[早产儿视网膜病变综合征],retrolental,H35.1,0.9823119640350342,,,,,
1171,2,纤维织炎(关节周)(类风湿),Fibrositis (periarticular) (rheumatoid),M79.7,0.9973061084747314,,,,,
1171,2,纤维脂肪肉瘤(M8850/3)-见肿瘤，结缔组织恶性,"Fibroliposarcoma (M8850/3) - see Neoplasm, connective tissue, malignant",,0.9763636589050293,,,,,
1171,2,纤维脂瘤(M8851/0)-见脂肪瘤,Fibrolipoma (M8851/0) - see Lipoma,,0.996111273765564,,,,,
1171,1,xián 涎,,,0.9794806838035583,,,,,
1171,2,涎管或涎腺的-见情况,Salivary duct or gland - see condition,,0.9955013990402222,,,,,
1171,2,涎管结石,Sialodocholithiasis,K11.5,0.9993648529052734,,,,,
1171,2,涎管炎(纤维蛋白性),Sialodochitis (fibrinosa),K11.2,0.9989273548126221,,,,,
1171,2,涎石病,Sialolithiasis,K11.5,0.9778509140014648,,,,,
1171,2,涎酸贮积症[唾液酸贮积症],Sialidosis,E77.1,0.9993385672569275,,,,,
1171,2,涎腺病,Sialoadenopathy,K11.9,0.9497625827789307,,,,,
1171,2,涎腺管扩张,Sialectasia,K11.8,0.9891084432601929,,,,,
1171,2,涎腺化生，坏死性,"Sialometaplasia, necrotizing",K11.8,0.9715648889541626,,,,,
1171,2,涎腺炎(任何腺体)(慢性)(化脓性),"Sialadenitis, sialitis, sialoadenitis (any gland) (chronic) (suppurative)",K11.2,0.9992661476135254,,,,,
1171,2,涎腺肿大,Sialosis,K11.7,0.9677804708480835,,,,,
1171,1,xiǎn 显,,,0.9527636170387268,,,,,
1171,2,显微镜下多脉管炎,Microscopic polyangiitis,M31.7,0.9818301796913147,,,,,
1171,1,xiàn 现,,,0.9195131659507751,,,,,
1171,2,现实解体(神经症性),Derealization (neurotic),F48.1,0.9996774792671204,,,,,
1171,2,现象,Phenomenon,,0.9999250173568726,,,,,
1171,3,阿蒂斯-见阿蒂斯现象,Arthus' - see Arthus' phend,,0.9556514620780945,,,,,
1171,3,颌动瞬目,jaw-winking,Q07.8,0.9829494953155518,,,,,
1171,3,红斑狼疮细胞,lupus erythematosus (L.E.) cell,M32.9,0.9900219440460205,,,,,
1171,3,雷诺(继发性),Raynaud's (secondary),I73.0,0.9749142527580261,,,,,
1172,3,文克巴赫,Wenckebach's,I44.1,0.987420380115509,,,,,
1172,3,血管痉挛,vasospastic,I73.9,0.9689977169036865,,,,,
1172,3,血管迷走神经性,vasovagal,R55,0.9996181726455688,,,,,
1172,3,血管运动性,somotor,R55,0.9514185190200806,,,,,
1172,1,xiàn 线,,,0.952619731426239,,,,,
1172,2,线,Line(s),,0.999420702457428,,,,,
1172,3,博氏,Beau's,L60.4,0.9981061220169067,,,,,
1172,3,哈里斯,Harris',M89.1,0.9913806915283203,,,,,
1172,3,赫德森，施特里[角膜色素线],"Hudson's, Stähli's (cornea)",H18.0,0.9965571165084839,,,,,
1172,2,线虫病(肠道)NEC,Nematodiasis (intestinal) NEC,B82.0,0.9904859066009521,,,,,
1172,3,钩虫病,ancylostomiasis,B76.0,0.9696289300918579,,,,,
1172,1,xiàn 陷,,,0.9441750049591064,,,,,
1172,2,陷凹,Pouch,,0.9993756413459778,,,,,
1172,3,道格拉斯[直肠子宫]的-见情况,Douglas' - see condition,,0.9852283000946045,,,,,
1172,2,陷夹神经-见神经病(变)，陷夹,"Pinched nerve - see Neuropathy, entrapment",,0.9810060262680054,,,,,
1172,1,xiàn 腺,,,0.9620556831359863,,,,,
1172,2,腺(性)的-见情况,"Gland, glandular - see condition",,0.9986439347267151,,,,,
1172,2,腺癌(M8140/3)-另见肿瘤，恶性,"Adenocarcinoma (M8140/3) - see also Neoplasm, malignant",,0.9922051429748535,,,,,
1172,3,注：下面的形容词性修饰语列表并不完全。对未出现在列表中的某种腺癌的描述应与具有同样描述的癌一样进行编码。因此，“混合性嗜酸-嗜碱细胞腺癌”也应与在“癌”列表下的“嗜酸-嗜碱细胞癌”以同样方式进行编码。除在其他处另有说明外，列在下面的腺癌的形态学类型应按部位以“肿瘤，恶性”进行编码。,"Note: The list of adjectivalmodifiers below is not exhaustive. A description of adenocarcinoma that does not appear in this list should be coded in the same manner as carcinoma with that description. Thus, 'mixed acidophil-basophil adenocarcinoma' should be coded in the same manner as 'mixed acidophil-basophil carcinoma', which appears in the list under 'Carcinoma'. Except where otherwise indicated, the morpholo- gical varieties of adenocarcinoma in the list below should be coded by site as for 'Neoplasm,",,0.9780784845352173,,,,,
1172,3,伴有,with,,0.9999270439147949,,,,,
1172,4,顶泌性汗腺化生(M8573/3),apocrine metaplasia (M8573/3),,0.966488242149353,,,,,
1172,4,骨(和软骨)化生(M8571/3),osseous (and cartilaginous) metaplasia (M8571/3),,0.9835111498832703,,,,,
1172,4,鳞状化生(M8570/3),squamous metaplasia (M8570/3),,0.9857158064842224,,,,,
1172,4,软骨(和骨)化生(M8571/3),cartilaginous (and osseous) metaplasia (M8571/3),,0.9705392718315125,,,,,
1172,4,梭形细胞化生(M8572/3),spindle cell metaplasia (M8572/3),,0.9852991104125977,,,,,
1172,3,表面扩散性(M8143/3),superficial spreading (M8143/3),,0.9918994307518005,,,,,
1172,3,产粘液性(M8481/3),mucin-producing (M8481/3),,0.9828249216079712,,,,,
1173,3,肠型(M8144/3),intestinal type (M8144/3),,0.965664803981781,,,,,
1173,4,特指部位-见肿瘤，恶,"specified site - see Neoplasm, malignant",,0.9418055415153503,,,,,
1173,4,未特指部位,unspecified site,C16.9,0.972332775592804,,,,,
1173,3,胆管型(M8160/3),bile duct type (M8160/3),C22.1,0.9877901673316956,,,,,
1173,4,肝,liver,C22.1,0.9160991907119751,,,,,
1173,4,特指部位NEC-见肿瘤，恶性,"specified site NEC - see Neoplasm, malignant",,0.9524450302124023,,,,,
1173,4,未特指部位·,unspecified site,C22.1,0.9771888852119446,,,,,
1173,3,导管(M8500/3),duct (M8500/3),,0.9669841527938843,,,,,
1173,4,浸润性(M8500/3),infiltrating (M8500/3),,0.9866719245910645,,,,,
1173,5,伴有佩吉特病[乳腺导管内癌](M8541/3)-见肿瘤，乳房，恶性,"with Paget's disease (M8541/3)- see Neoplasm, breast, malignant",,0.9667664766311646,,,,,
1173,5,特指部位-见肿瘤，恶性,"specified site - see Neoplasm, malignant",,0.918887734413147,,,,,
1173,5,未特指部位(女性),unspecified site (female),C50.9,0.9791509509086609,,,,,
1173,3,导管内(M8500/2),intraductal (M8500/2),,0.9783396124839783,,,,,
1173,4,非浸润性(M8500/2),noninfiltrating (M8500/2),,0.9608515501022339,,,,,
1173,5,乳房,breast,D05.1,0.9632636308670044,,,,,
1173,5,乳头状(M8503/2),papillary (M8503/2),,0.9736009240150452,,,,,
1173,5,伴有侵袭(M8503/3),with invasion (M8503/3),,0.9796152710914612,,,,,
1173,5,特指部位-见肿瘤，恶性,"specified site - see Neoplasm, malignant",,0.9472640752792358,,,,,
1173,5,未特指部位,unspecified site,C50.9,0.9559194445610046,,,,,
1173,5,乳房,breast,D05.1,0.8459163904190063,,,,,
1173,5,特指部位NEC-见肿瘤，原位,"specified site NEC - see Neoplasm, in situ",,0.957226037979126,,,,,
1173,5,未特指部位,unspecified site,D05.1,0.9620497822761536,,,,,
1173,5,特指部位NEC-见肿瘤，原位,"specified site NEC - see Neoplasm, in situ",,0.9656968116760254,,,,,
1173,5,未特指部位,unspecified site,D05.1,0.9802878499031067,,,,,
1173,4,乳房,breast,D05.1,0.9565702080726624,,,,,
1173,4,乳头状(M8503/2),papillary (M8503/2),,0.9942198395729065,,,,,
1173,5,伴有侵袭(M8503/3),with invasion (M8503/3),,0.989284336566925,,,,,
1173,6,特指部位-见肿瘤，恶性,"specified site - see Neoplasm, malignant",,0.9682427644729614,,,,,
1173,6,未特指部位,unspecified site,C50.9,0.9682241678237915,,,,,
1173,4,乳房,breast,D05.1,0.9485560655593872,,,,,
1173,5,特指部位-见肿瘤，原位,"specified site - see Neoplasm, in situ",,0.9498378038406372,,,,,
1173,4,未特指部位,unspecified site,D05.1,0.9738321304321289,,,,,
1173,4,特指部位NEC-见肿瘤，原位,"specified site NEC - see Neoplasm, in situ",,0.9857668876647949,,,,,
1173,4,未特指部位,unspecified site,D05.1,0.9567095637321472,,,,,
1173,3,耵聍(M8420/3),ceruminous (M8420/3),C44.2,0.9828667044639587,,,,,
1173,3,顶泌性汗腺(M8401/3),apocrine (M8401/3),,0.9641497731208801,,,,,
1173,4,乳房-见肿瘤，乳房，恶性,"breast - see Neoplasm, breast, malignant",,0.9497795104980469,,,,,
1173,4,特指部位NEC-见肿瘤，皮肤，恶性,"specified site NEC - see Neoplasm, skin, malignant",,0.986077606678009,,,,,
1173,4,未特指部位,unspecified site,C44.9,0.9618990421295166,,,,,
1173,4,原位(M8401/2),in situ (M8401/2),,0.9736745953559875,,,,,
1173,5,乳房,breast,D05.7,0.9646207690238953,,,,,
1173,5,特指部位 NEC -见 肿瘤，皮肤，原位,"specified site NEC - see Neoplasm, skin, in situ",,0.9417537450790405,,,,,
1173,5,未特指部位,unspecified site,D04.9,0.987266480922699,,,,,
1174,3,肺泡(M8251/3)-见肿瘤，肺，恶性,"alveolar (M8251/3) - see Neoplasm, lung, malignant",,0.9639750123023987,,,,,
1174,3,分泌粘液性(M8481/3),mucin-secreting (M8481/3),,0.9808921813964844,,,,,
1174,3,汗腺(M8400/3)-见肿瘤，皮肤，恶性,"sweat gland (M8400/3) - see Neoplasm, skin, malignant",,0.9772592186927795,,,,,
1174,3,和,and,,0.8706538677215576,,,,,
1174,4,表皮样癌，混合的(M8560/3),"epidermoid carcinoma, mixed (M8560/3)",,0.9836174845695496,,,,,
1174,4,类癌，合并(M8244/3),"carcinoid, combined (M8244/3)",,0.9497777223587036,,,,,
1174,4,鳞状细胞癌，混合的(M8560/3),"squamous cell carcinoma, mixed (M8560/3)",,0.9734463691711426,,,,,
1174,3,"呼吸细支气管(M8250/3)-见肿瘤，肺,恶性","bronchioloalveolar(M8250/3)-see Neoplasm,lung, malignant",,0.9713478684425354,,,,,
1174,3,混合细胞(M8323/3),mixed cell (M8323/3),,0.9839703440666199,,,,,
1174,3,基底细胞(M8147/3),basal cell (M8147/3),,0.9953192472457886,,,,,
1174,4,特指部位-见肿瘤，恶性,"specified site - see Neoplasm, malignant",,0.9645370841026306,,,,,
1174,4,未特指部位,unspecified site,C08.9,0.9518445134162903,,,,,
1174,3,假粘液性(M8470/3),pseudomucinous (M8470/3),,0.9834180474281311,,,,,
1174,4,特指部位-见肿瘤，恶性,"specified site - see Neoplasm, malignant",,0.9629719257354736,,,,,
1174,4,未特指部位,unspecified site,C56,0.9705236554145813,,,,,
1174,3,见于,in,,0.8553830981254578,,,,,
1174,4,管状绒毛状腺瘤(M8263/3),tubulovillous adenoma (M8263/3),,0.9855920672416687,,,,,
1174,4,绒毛状腺瘤(M8261/3),villous adenoma (M8261/3),,0.977014422416687,,,,,
1174,4,息肉样腺瘤(M8210/3),"polypoid adenoma, polyp (adenomatous) (M8210/3)",,0.9766052961349487,,,,,
1174,5,多发性(M8221/3),multiple (M8221/3),,0.983990490436554,,,,,
1174,4,腺瘤,adenomatous,,0.9065819978713989,,,,,
1174,5,结肠息肉病(M8220/3),polyposis coli (M8220/3),C18.9,0.9962350726127625,,,,,
1174,6,多发性(M8221/3),multiple (M8221/3),,0.9896051287651062,,,,,
1174,5,息肉(M8210/3),polyp (M8210/3),,0.9708210229873657,,,,,
1174,4,小管性腺瘤(M8210/3),tubular adenoma (M8210/3),,0.9872453808784485,,,,,
1174,3,浆液性(M8441/3)-另见肿瘤，恶性,"serous (M8441/3) - see also Neoplasm, malignant",,0.9806261658668518,,,,,
1174,4,乳头状(M8460/3),papillary(M8460/3),,0.968208909034729,,,,,
1174,5,特指部位-见肿瘤，恶性,"specified site - see Neoplasm, malignant",,0.9639187455177307,,,,,
1174,5,未特指部位,unspecified site,C56,0.9855923056602478,,,,,
1174,3,胶样，胶状(M8480/3),"colloid, gelatinous (M8480/3)",,0.984001100063324,,,,,
1174,3,浸润性导管(M8500/3),infiltrating duct (M8500/3),,0.9811998605728149,,,,,
1174,4,伴有佩吉特病[乳腺导管内癌](M8541/3)-见肿瘤，乳房，恶性,"with Paget's disease (M8541/3) - see Neoplasm, breast, malignant",,0.9792574048042297,,,,,
1174,4,特指部位-见肿瘤，恶性,"specified site - see Neoplasm, malignant",,0.9620600342750549,,,,,
1174,4,未特指部位,unspecified site,C50.9,0.9742147326469421,,,,,
1174,3,颗粒细胞(M8320/3),granular cell (M8320/3),,0.9879499673843384,,,,,
1174,3,滤泡性(M8330/3),follicular (M8330/3),,0.9953093528747559,,,,,
1174,4,伴有乳头状(M8340/3),with papillary (M8340/3),C73,0.9933750033378601,,,,,
1174,4,中度分化(M8332/3),moderately differentiated (M8332/3),C73,0.980330228805542,,,,,
1174,4,高度分化(M8331/3),well differentiated (M8331/3),C73,0.9965803623199463,,,,,
1174,4,特指部位-见肿瘤，恶性,"specified site - see Neoplasm, malignant",,0.9521006941795349,,,,,
1174,4,未特指部位,unspecified site,C73,0.9708884954452515,,,,,
1174,4,小梁性(M8332/3),trabecular (M8332/3),C73,0.9747542142868042,,,,,
1175,3,弥漫型(M8145/3),diffuse type (M8145/3),,0.9875978231430054,,,,,
1175,4,特指部位-见肿瘤，恶性,"specified site - see Neoplasm, malignant",,0.9870827198028564,,,,,
1175,4,未特指部位,unspecified site,C16.9,0.9729639887809753,,,,,
1175,3,囊内乳头状(M8504/3),intracystic papillary (M8504/3),,0.9891678094863892,,,,,
1175,3,粘蛋白性(M8480/3),mucinous (M8480/3),,0.9865953326225281,,,,,
1175,3,粘液，粘液样(M8480/3)(另见肿瘤，恶性),"mucous, mucoid (M8480/3)(see also Neoplasm, malignant)",,0.9746494889259338,,,,,
1175,4,细胞(M8300/3),cell (M8300/3),,0.9593445658683777,,,,,
1175,5,特指部位-见肿瘤，恶性,"specified site - see Neoplasm, malignant",,0.9751009345054626,,,,,
1175,5,未特指部位,unspecified site,C75.1,0.9940415620803833,,,,,
1175,3,胚胎性(M9070/3),embryonal (M9070/3),,0.9916194081306458,,,,,
1175,3,"皮脂腺(M8410/3)-见肿瘤，皮肤,恶性","sebaceous (M8410/3) - see Neoplasm, skin, malignant",,0.9646285772323608,,,,,
1175,3,绒毛状(M8262/3),villous (M8262/3),,0.9955904483795166,,,,,
1175,3,乳头状(M8260/3),papillary (M8260/3),,0.969526469707489,,,,,
1175,4,伴有滤泡性(M8340/3),with follicular (M8340/3),C73,0.9758723378181458,,,,,
1175,4,导管内(非浸润性)(M8503/2),intraductal (noninfiltrating) (M8503/2),,0.9856411814689636,,,,,
1175,5,伴有侵袭(M8503/3),with invasion (M8503/3),,0.9775241017341614,,,,,
1175,5,特指部位-见肿瘤，恶性,"specified site - see Neoplasm, malignant",,0.9706286191940308,,,,,
1175,5,未特指部位,unspecified site,C50.9,0.9907360076904297,,,,,
1175,5,乳房,breast,D05.1,0.9601262211799622,,,,,
1175,5,特指部位NEC-见肿瘤，原位,"specified site NEC - see Neoplasm, in situ",,0.9458907842636108,,,,,
1175,5,未特指部位,unspecified site,D05.1,0.9228616952896118,,,,,
1175,4,浆液性(M8460/3),serous (M8460/3),,0.9871622920036316,,,,,
1175,5,特指部位-见肿瘤，恶性,"specified site - see Neoplasm, malignant",,0.9645429849624634,,,,,
1175,5,未特指部位,unspecified site,C56,0.9641904234886169,,,,,
1175,4,滤泡性变异(M8340/3),follicular variant (M8340/3),C73,0.9835529327392578,,,,,
1175,3,乳头状囊性(M8450/3),papillocystic (M8450/3),,0.997871458530426,,,,,
1175,4,特指部位-见肿瘤，恶性,"specified site - see Neoplasm, malignant",,0.9587810039520264,,,,,
1175,4,未特指部位,unspecified site,C56,0.9645229578018188,,,,,
1175,3,肾上腺皮质(M8370/3).,adrenal cortical (M8370/3) .,C74,0.9829814434051514,,,,,
1175,3,肾细胞(M8312/3),renal cell (M8312/3),C64,0.9746538996696472,,,,,
1175,3,嗜碱性粒细胞(M8300/3),basophil (M8300/3),,0.9977926015853882,,,,,
1175,4,特指部位-见肿瘤，恶性,"specified site - see Neoplasm, malignant",,0.9741052389144897,,,,,
1175,4,未特指部位,unspecified site,C75.1,0.9827247858047485,,,,,
1175,3,嗜酸瘤细胞性(M8290/3),oncocytic (M8290/3),,0.9681918621063232,,,,,
1175,3,嗜酸性(M8290/3),oxyphilic (M8290/3),,0.9917181730270386,,,,,
1175,3,嗜酸性粒细胞(M8280/3),"acidophil, eosinophil (M8280/3)",,0.9949409365653992,,,,,
1175,4,特指部位-见肿瘤，恶性,"specified site - see Neoplasm, malignant",,0.9535108208656311,,,,,
1175,4,未特指部位,unspecified site,C75.1,0.9700166583061218,,,,,
1175,3,水样透明细胞(M8322/3),water-clear cell (M8322/3),C75.0,0.9811304807662964,,,,,
1175,3,髓样(M8510/3),medullary (M8510/3),,0.9879755973815918,,,,,
1175,3,透明细胞(中肾样)(M8310/3),clear cell (mesonephroid) (M8310/3),,0.9884088039398193,,,,,
1175,3,无包膜硬化性(M8350/3),nonencapsulated sclerosing (M8350/3),C73,0.9867799878120422,,,,,
1176,3,细支气管(M8250/3)-见肿瘤，肺，恶性,"bronchiolar (M8250/3) - see Neoplasm, lung, malignant",,0.982975423336029,,,,,
1176,3,嫌色细胞(M8270/3),chromophobe (M8270/3),,0.9667453765869141,,,,,
1176,4,特指部位-见肿瘤，恶性,"specified site - see Neoplasm, malignant",,0.9642714858055115,,,,,
1176,4,未特指部位,unspecified site,C75.1,0.988677442073822,,,,,
1176,3,腺泡，腺泡细胞(M8550/3),"acinar, acinic cell (M8550/3)",,0.9943850040435791,,,,,
1176,3,小管性(M8211/3),tubular (M8211/3),,0.9779229760169983,,,,,
1176,3,小梁性(M8190/3),trabecular (M8190/3),,0.9881581664085388,,,,,
1176,3,小叶性(M8520/3),lobular (M8520/3),,0.9884369969367981,,,,,
1176,4,特指部位-见肿瘤，恶性,"specified site - see Neoplasm, malignant",,0.9794254899024963,,,,,
1176,4,未特指部位,unspecified site,C50.9,0.9673483967781067,,,,,
1176,4,原位(M8520/2),in situ (M8520/2),,0.9573484063148499,,,,,
1176,5,乳房,breast,D05.0,0.9344008564949036,,,,,
1176,5,特指部位NEC-见肿瘤，原位,"specified site NEC - see Neoplasm, in situ",,0.9661535620689392,,,,,
1176,5,未特指部位,unspecified site,D05.0,0.9537219405174255,,,,,
1176,3,许特尔细胞(M8290/3),Hurthle cell (M8290/3),C73,0.9549257159233093,,,,,
1176,3,炎性(M8530/3),inflammatory (M8530/3),,0.9813064932823181,,,,,
1176,4,特指部位-见肿瘤，恶性,"specified site - see Neoplasm, malignant",,0.9553655385971069,,,,,
1176,4,未特指部位,unspecified site,C50.9,0.9890074729919434,,,,,
1176,3,胰岛细胞(M8150/3),islet cell (M8150/3),,0.9883278608322144,,,,,
1176,4,伴有外分泌，混合的(M8154/3),"with exocrine, mixed (M8154/3)",,0.9810196161270142,,,,,
1176,5,特指部位-见肿瘤，恶性,"specified site - see Neoplasm, malignant",,0.9707883596420288,,,,,
1176,5,未特指部位,unspecified site,C25.9,0.9833577871322632,,,,,
1176,4,特指部位NEC-见肿瘤，恶性,"specified site NEC - see Neoplasm, malignant",,0.9742240309715271,,,,,
1176,4,未特指部位,unspecified site,C25.4,0.9867566227912903,,,,,
1176,4,胰腺,pancreas,C25.4,0.9866154789924622,,,,,
1176,3,印戒细胞(M8490/3),signet ring cell (M8490/3),,0.9948514103889465,,,,,
1176,3,硬癌(M8141/3),scirrhous (M8141/3),,0.9791182279586792,,,,,
1176,3,圆柱状(M8200/3),cylindroid (M8200/3),,0.9841369390487671,,,,,
1176,3,中肾性(M9110/3),mesonephric (M9110/3),,0.9893093705177307,,,,,
1176,3,子宫内膜样(M8380/3),endometrioid (M8380/3),,0.9784305691719055,,,,,
1176,4,特指部位-见肿瘤，恶,"specified site - see Neoplasm, malignant",,0.9366240501403809,,,,,
1176,4,未特指部位,unspecified site,,0.9090498089790344,,,,,
1176,5,男性,male,C61,0.9473180770874023,,,,,
1176,5,女性,female,C56,0.8999785780906677,,,,,
1176,2,腺病(淋巴腺),Adenopathy (lymph gland),R59.9,0.9678261280059814,,,,,
1176,3,肠系膜,mesentery,R59.0,0.9709812998771667,,,,,
1176,3,腹股沟,inguinal,R59.0,0.9588922262191772,,,,,
1176,3,结核性(另见结核，淋巴腺),"tuberculous (see also Tuberculosis, lymph gland)",A18.2,0.9748749732971191,,,,,
1176,4,气管支气管的,tracheobronchial,A16.3,0.9903300404548645,,,,,
1176,5,原发性(进行性),primary (progressive),A16.7,0.9674000144004822,,,,,
1176,6,伴有细菌学和组织学证实,with bacteriological and histological confirmation,A15.7,0.9905821084976196,,,,,
1177,3,局部性,localized,R59.0,0.9835464954376221,,,,,
1177,3,梅毒性(继发性),syphilitic (secondary),A51.4,0.9849308133125305,,,,,
1177,3,气管支气管的,tracheobronchial,R59.0,0.9906603693962097,,,,,
1177,4,结核性,tuberculous,A16.3,0.9294676184654236,,,,,
1177,5,原发性(进行性),primary (progressive),A16.7,0.9633920192718506,,,,,
1177,6,伴有细菌学和组织学证实,with bacteriological and histological confirmation,A15.7,0.9767597317695618,,,,,
1177,3,全身性,generalized,R59.1,0.9980238676071167,,,,,
1177,3,纵隔的,mediastinal,R59.0,0.9969222545623779,,,,,
1177,2,腺病毒，作为分类于他处疾病的原因,"Adenovirus, as cause of disease classified elsewhere",B97.0,0.9946860671043396,,,,,
1177,2,腺肌瘤(非典型息肉状)(M8932/0)-另见肿瘤，良性,"Adenomyoma (atypical polypoid) (M8932/0) - see also Neoplasm, benign",,0.9885724186897278,,,,,
1177,3,前列腺,prostate,D29.1,0.9968048334121704,,,,,
1177,2,腺棘皮癌(M8570/3)-见肿瘤，恶性,"Adenoacanthoma (M8570/3) - see Neoplasm, malignant",,0.9969329833984375,,,,,
1177,2,腺类癌(瘤)(M8245/3)-见肿瘤，恶性,"Adenocarcinoid (tumor) (M8245/3) - see Neoplasm, malignant",,0.9887014031410217,,,,,
1177,2,腺淋巴瘤(M8561/0),Adenolymphoma (M8561/0),,0.9998835325241089,,,,,
1177,3,特指部位-见 肿瘤，良性,"specified site - see Neoplasm, benign",,0.9694280028343201,,,,,
1177,3,未特指部位,unspecified site,D11.9,0.9969345331192017,,,,,
1177,2,腺瘤(M8140/0)-另见肿瘤，良性,"Adenoma, Adenomatous (M8140/0) - see also Neoplasm, benign",,0.9911366105079651,,,,,
1177,3,注：除在其他处另有说明外，列在下面的腺瘤的形态学类型应按部位以“肿瘤，良性”进行编码。,"Note: Except where otherwise indicated, the morpho- logical varieties of adenoma in the list below should be coded by site as for 'Neoplasm, benign'.",,0.9935494065284729,,,,,
1177,3,恶性(M8140/3)-见肿瘤，恶性,"malignant (M8140/3) - see Neoplasm, malignant",,0.9724298715591431,,,,,
1177,3,α细胞(M8152/0),alpha-cell (M8152/0),,0.9630836248397827,,,,,
1177,4,特指部位NEC-见肿瘤，良性,"specified site NEC - see Neoplasm, benign",,0.9813833832740784,,,,,
1177,4,未特指部位,unspecified site,D13.7,0.9429429769515991,,,,,
1177,4,胰腺,pancreas,D13.7,0.9879467487335205,,,,,
1177,3,β细胞(M8151/0),beta-cell (M8151/0),,0.9812322854995728,,,,,
1177,4,特指部位NEC-见肿瘤，良性,"specified site NEC - see Neoplasm, benign",,0.9819827079772949,,,,,
1177,4,未特指部位,unspecified site,D13.7,0.9813917279243469,,,,,
1177,4,胰腺,pancreas,D13.7,0.9908726215362549,,,,,
1177,3,背(M8372/0),black(M8372/0),D35.0,0.9749333262443542,,,,,
1177,3,单形性(M8146/0),monomorphic (M8146/0),,0.9688897728919983,,,,,
1177,3,胆管(M8160/0),bile duct (M8160/0),D13.4,0.9691652655601501,,,,,
1177,4,肝内,intrahepatic,D13.4,0.9857971668243408,,,,,
1177,4,肝外,extrahepatic,D13.5,0.9696792960166931,,,,,
1177,4,特指部位NEC-见肿瘤，良性,"specified site NEC - see Neoplasm, benign",,0.981712818145752,,,,,
1177,4,未特指部位,unspecified site,D13.4,0.987438976764679,,,,,
1177,4,总,common,D13.5,0.9288953542709351,,,,,
1177,3,导管(M8503/0),duct (M8503/0),,0.9890248775482178,,,,,
1177,3,耵聍(M8420/0),ceruminous (M8420/0),D23.2,0.9833313226699829,,,,,
1178,3,顶泌性汗腺(M8401/0),apocrine (M8401/0),,0.9951432347297668,,,,,
1178,4,乳房,breast,D24,0.9256277084350586,,,,,
1178,4,特指部位NEC-见肿瘤，皮肤，良性,"specified site NEC – see Neoplasm, skin, benign",,0.9692490100860596,,,,,
1178,4,未特指部位,unspecified site,D23.9,0.9783311486244202,,,,,
1178,3,多发性内分泌性(M8360/1),multiple endocrine (M8360/1),,0.9682724475860596,,,,,
1178,4,特指单一的部位-见肿瘤，动态未定,"single specified site — see Neoplasm, uncertain behavior",,0.9644240140914917,,,,,
1178,4,特指两个或多个部位,two or more specified sites,D44.8,0.9676284790039062,,,,,
1178,4,未特指部位,unspecified site,D44.8,0.949249267578125,,,,,
1178,3,多形性(M8940/0),pleomorphic (M8940/0),,0.9730870723724365,,,,,
1178,4,癌(M8941/3)-见肿瘤，涎腺，恶性,"carcinoma in (M8941/3) – see Neoplasm, salivary gland, malignant",,0.9712067246437073,,,,,
1178,5,特指部位-见肿瘤，恶性,"specified site – see Neoplasm, malignant",,0.966347873210907,,,,,
1178,5,未特指部位,unspecified site,C08.9,0.9874882102012634,,,,,
1178,3,肺泡(M8251/0),alveolar (M8251/0),D14.3,0.9580981731414795,,,,,
1178,3,肝细胞，肝细胞性(M8170/0),"liver cell, hepatocellular (M8170/0)",D13.4,0.9872634410858154,,,,,
1178,3,睾丸[男性细胞](M8640/0),testicular (M8640/0),,0.980300784111023,,,,,
1178,4,特指部位-见肿瘤，良性,"specified site – see Neoplasm, benign",,0.9157053828239441,,,,,
1178,4,未特指部位,unspecified site,,0.9140406847000122,,,,,
1178,5,男性,male,D29.2,0.9636663198471069,,,,,
1178,5,女性,female,D27,0.8434929251670837,,,,,
1178,3,管状绒毛状(M8263/0)-另见肿瘤，良性,"tubulovillous (M8263/0) – see also Neoplasm, benign",,0.9699634313583374,,,,,
1178,4,腺癌(M8263/3)-见肿瘤，恶性,"adenocarcinoma in (M8263/3) - see Neoplasm, malignant",,0.9637768864631653,,,,,
1178,4,原位腺癌(M8263/2)-见肿瘤，原位,"adenocarcinoma in situ (M8263/2) - see Neoplasm, in situ",,0.9675142168998718,,,,,
1178,3,汗腺(M8400/0)-见肿瘤，皮肤，良性,"sudoriferous gland, sweat gland (M8400/0) - see Neoplasm, skin, benign",,0.9679623246192932,,,,,
1178,3,混合细胞(M8323/0),mixed cell (M8323/0),,0.9786938428878784,,,,,
1178,3,基底细胞(M8147/0),basal cell (M8147/0),D11.9,0.9774001240730286,,,,,
1178,3,甲状腺肿(非毒性),goiter (nontoxic),E04.9,0.9871755242347717,,,,,
1178,4,伴有甲状腺功能亢进症,with hyperthyroidism,E05.2,0.9896629452705383,,,,,
1178,4,中毒性,toxic,E05.2,0.9675956964492798,,,,,
1178,3,胶样(M8334/0),colloid (M8334/0),,0.9885361194610596,,,,,
1178,4,特指部位-见肿瘤，良性,"specified site – see Neoplasm, benign",,0.9612561464309692,,,,,
1178,4,未特指部位,unspecified site,D34,0.9487280249595642,,,,,
1178,3,巨滤泡性(M8334/0),macrofollicular (M8334/0),,0.960879385471344,,,,,
1178,4,特指部位-见肿瘤，良性,"specified site – see Neoplasm, benign",,0.9640601873397827,,,,,
1178,4,未特指部位,unspecified site,D34,0.9748345613479614,,,,,
1178,3,滤泡性(M8330/0),follicular (M8330/0),,0.9824967980384827,,,,,
1178,4,特指部位-见肿瘤，良性,"specified site — see Neoplasm, benign",,0.953421950340271,,,,,
1178,4,未特指部位,unspecified site,D34,0.9796820878982544,,,,,
1178,3,囊内乳头状(M8504/0),intracystic papillary (M8504/0),,0.9937282800674438,,,,,
1179,3,内分泌，多发性(M8360/1),"endocrine, multiple (M8360/1)",,0.9659621119499207,,,,,
1179,4,特指单一的部位-见肿瘤，动态未定,"single specified site - see Neoplasm, uncertain behavior",,0.9684464931488037,,,,,
1179,4,特指两个或多个部位,two or more specified sites,D44.8,0.9709266424179077,,,,,
1179,4,未特指部位,unspecified site,D44.8,0.9614939093589783,,,,,
1179,3,粘蛋白性(M8480/0),mucinous (M8480/0),,0.9707195162773132,,,,,
1179,3,粘液样细胞(M8300/0),mucoid cell (M8300/0),,0.9800660610198975,,,,,
1179,4,特指部位-见肿瘤，良性,"specified site - see Neoplasm, benign",,0.9297693967819214,,,,,
1179,4,未特指部位,unspecified site,D35.2,0.9351403117179871,,,,,
1179,3,胚胎性(M8191/0),embryonal (M8191/0),,0.9779163599014282,,,,,
1179,3,皮肤附属物(M8390/0)-见肿瘤，皮肤，良性,"skin appendage (M8390/0) - see Neoplasm, skin, benign",,0.9737910032272339,,,,,
1179,3,皮克小管性(M8640/0),Pick's tubular (M8640/0),,0.9974893927574158,,,,,
1179,4,特指部位-见肿瘤，良性,"specified site - see Neoplasm, benign",,0.9461193084716797,,,,,
1179,4,未特指部位,unspecified site,,0.919437825679779,,,,,
1179,5,男性,male,D29.2,0.9251712560653687,,,,,
1179,5,女性,female,D27,0.8620940446853638,,,,,
1179,3,皮脂腺(M8410/0)-见肿瘤，皮肤，良性,"sebaceous (M8410/0) - see Neoplasm, skin, benigr",,0.9799029231071472,,,,,
1179,3,前列腺,prostate,D29.1,0.9888547658920288,,,,,
1179,3,绒毛腺性(M8263/0),villoglandular (M8263/0),,0.9790008068084717,,,,,
1179,3,绒毛状(M8261/1)- 见肿瘤，动态未定,"villous (M8261/1) - see Neoplasm, uncertain behavior",,0.977996826171875,,,,,
1179,4,腺癌(M8261/3)-见肿瘤，恶性,"adenocarcinoma in (M8261/3) - see Neoplasm, malignant",,0.9811353087425232,,,,,
1179,4,原位腺癌(M8261/2)-见肿瘤，原位,"adenocarcinoma in situ (M8261/2) - see Neoplasm, in situ",,0.9770634770393372,,,,,
1179,3,乳头(M8506/0),nipple (M8506/0),D24,0.9896613359451294,,,,,
1179,3,乳头状(M8260/0)-另见肿瘤，良性,"papillary (M8260/0) - see also Neoplasm, benign",,0.9878387451171875,,,,,
1179,4,囊内(M8504/0),intracystic (M8504/0),,0.9779633283615112,,,,,
1179,4,外分泌性(M8408/0)-见肿瘤，皮肤，良性,"eccrine (M8408/0) - see Neoplasm, skin, benign",,0.9689143300056458,,,,,
1179,3,乳头状小管性(M8263/0),papillotubular (M8263/0),,0.9869915843009949,,,,,
1179,3,塞托利细胞(M8640/0),Sertoli cell (M8640/0),,0.9806514978408813,,,,,
1179,4,特指部位-见肿瘤，良性,"specified site - see Neoplasm, benign",,0.9570958018302917,,,,,
1179,4,未特指部位,unspecified site,,0.9324771165847778,,,,,
1179,4,男性,male,D29.2,0.9307228922843933,,,,,
1179,4,女性,female,D27,0.8379509449005127,,,,,
1179,3,肾上腺(皮质)(M8370/0),adrenal (cortical) (M8370/0),D35.0,0.9630740880966187,,,,,
1179,4,富色素变异(M8372/0),heavily pigmented variant (M8372/0),D35.0,0.9956463575363159,,,,,
1179,4,混合细胞(M8375/0),mixed cell (M8375/0),D35.0,0.9672489762306213,,,,,
1179,4,透明细胞(M8373/0),clear cell (M8373/0),D35.0,0.9721539616584778,,,,,
1179,4,小球细胞(M8374/0),glomerulosa cell (M8374/0),D35.0,0.9771836400032043,,,,,
1179,4,致密细胞(M8371/0),compact cell (M8371/0),D35.0,0.9884253740310669,,,,,
1179,3,嗜碱-嗜酸细胞，混合的(M8281/0),"basophil-acidophil, mixed (M8281/0)",,0.9906525015830994,,,,,
1179,4,特指部位-见肿瘤，良性,"specified site - see Neoplasm, benign",,0.9479027986526489,,,,,
1179,4,未特指部位,unspecified site,D35.2,0.9543871879577637,,,,,
1180,3,嗜碱性粒细胞(M8300/0),basophil (M8300/0),,0.971930742263794,,,,,
1180,4,特指部位-见肿瘤，良性,"specified site - see Neoplasm, benign",,0.9512269496917725,,,,,
1180,3,外分泌性，乳头状(M8408/0)-见 肿瘤，皮肤，良性,"eccrine, papillary (M8408/0) - see Neoplasm, skin, benign",,0.9744186401367188,,,,,
1180,3,微滤泡性(M8333/0),microfollicular(M8333/0),,0.9827592372894287,,,,,
1180,4,特指部位-见肿瘤，良性,"specified site - see Neoplasm, benign",,0.9798977971076965,,,,,
1180,4,未特指部位,unspecified site,D34,0.9599360823631287,,,,,
1180,3,微小囊性(M8202/0),microcystic (M8202/0),,0.9816696047782898,,,,,
1180,4,特指部位NEC-见肿瘤，良性,"specified site NEC - see Neoplasm, benign",,0.9804703593254089,,,,,
1180,4,未特指部位,unspecified site,D13.7,0.9540191292762756,,,,,
1180,3,胰腺,pancreas,D13.7,0.9854934215545654,,,,,
1180,3,沃尔夫管(M9110/0),wolffian duct (M9110/0),,0.9875723719596863,,,,,
1180,3,息肉样(M8210/0)-另见肿瘤，良性,"polypoid (M8210/0) - see also Neoplasm, benign",,0.9842897057533264,,,,,
1180,4,腺癌(M8210/3)-见肿瘤，恶性,"adenocarcinoma in (M8210/3) - see Neoplasm, malignant",,0.9804573059082031,,,,,
1180,4,原位腺癌(M8210/2)-见肿瘤，原位,"adenocarcinoma in situ (M8210/2) - see Neoplasm, in situ",,0.9696642756462097,,,,,
1180,3,嫌色细胞(M8270/0),chromophobe (M8270/0),,0.9916484355926514,,,,,
1180,4,特指部位-见肿瘤，良性,"specified site - see Neoplasm, benign",,0.9543822407722473,,,,,
1180,4,未特指部位,unspecified site,D35.2,0.9925591349601746,,,,,
1180,3,腺泡细胞(M8550/0),"acinic cell, acinar (cell) (M8550/0)",,0.9885902404785156,,,,,
1180,3,小管性(M8211/0)-另见肿瘤，良性,"tubular (M8211/0) - see also Neoplasm, benign",,0.9720247983932495,,,,,
1180,4,皮克(M8640/0),Pick's (M8640/0),,0.9618855714797974,,,,,
1180,4,特指部位-见肿瘤，良性,"specified site - see Neoplasm, benign",,0.9566853046417236,,,,,
1180,5,未特指部位,unspecified site,,0.953648567199707,,,,,
1180,5,男性,male,D29.2,0.9685816764831543,,,,,
1180,5,女性,female,D27,0.9259458780288696,,,,,
1180,4,腺癌(M8210/3)-见肿瘤，恶性,"adenocarcinoma in (M8210/3) - see Neoplasm, malignant",,0.9792627692222595,,,,,
1180,4,原位腺癌(M8210/2)-见肿瘤，原位,"adenocarcinoma in situ (M8210/2) - see Neoplasm, in situ",,0.9784151315689087,,,,,
1180,3,小梁性(M8190/0),trabecular (M8190/0),,0.9768881797790527,,,,,
1180,3,许特尔细胞(M8290/0),Hurthle cell (M8290/0),D34,0.9919425845146179,,,,,
1180,3,胰岛细胞(M8150/0),islet cell (M8150/0),,0.9844376444816589,,,,,
1180,4,特指部位NEC-见肿瘤，良性,"specified site NEC - see Neoplasm, benign",,0.9763982892036438,,,,,
1180,4,未特指部位,unspecified site,D13.7,0.9735215306282043,,,,,
1180,4,胰腺,pancreas,D13.7,0.9642530083656311,,,,,
1180,3,支气管(M8140/1),bronchial (M8140/1),D38.1,0.9820271730422974,,,,,
1180,4,类癌型(M8240/3)-见肿瘤，肺，恶性,"carcinoid type (M8240/3) - see Neoplasm, lung, malignant",,0.9818363785743713,,,,,
1180,4,圆柱状型(M8200/3)-见肿瘤，肺，恶性,"cylindroid type (M8200/3) - see Neoplasm, lung, malignant",,0.9783909916877747,,,,,
1180,3,中肾性(M9110/0),mesonephric (M9110/0),,0.9902298450469971,,,,,
1180,3,主细胞(M8321/0),chief cell (M8321/0),D35.1,0.9804097414016724,,,,,
1180,3,子宫内膜样(M8380/0)-另见肿瘤，良性,"endometrioid (M8380/0) - see also Neoplasm, benign",,0.9950741529464722,,,,,
1180,4,交界恶性(M8380/1)-见肿瘤，动态未定,"borderline malignancy (M8380/1) - see Neoplasm, uncertain behavior",,0.9736909866333008,,,,,
1181,2,腺瘤病(M8220/0),Adenomatosis (M8220/0),,0.9960559606552124,,,,,
1181,3,多内分泌性(M8360/1)-见腺瘤病，内分泌性(多发性),"pluriendocrine (M8360/1) - see Adenomatosis, endocrine (multiple)",,0.9906787276268005,,,,,
1181,3,肺(M8250/1),pulmonary (M8250/1),D38.1,0.9815115332603455,,,,,
1181,4,恶性(M8250/3)-见肿瘤，肺，恶性,"malignant (M8250/3) - see Neoplasm, lung, malignant",,0.9897297620773315,,,,,
1181,3,内分泌性(多发性)(M8360/1),endocrine (multiple) (M8360/1),,0.9882657527923584,,,,,
1181,4,特指单一的部位-见肿瘤，动态未定,"single specified site - see Neoplasm, uncertain behavior",,0.978114664554596,,,,,
1181,4,特指两个或多个部位,two or more specified sites,D44.8,0.9796357154846191,,,,,
1181,4,未特指部位,unspecified site,D44.8,0.9806385636329651,,,,,
1181,3,乳头糜烂性(M8506/0),erosive of nipple (M8506/0),D24,0.9964540600776672,,,,,
1181,3,特指部位-见肿瘤，良性,"specified site - see Neoplasm, benign",,0.9931372404098511,,,,,
1181,3,未特指部位,unspecified site,D12.6,0.9946523308753967,,,,,
1181,2,腺肉瘤(M8933/3)-见肿瘤，恶性,"Adenosarcoma (M8933/3) - see Neoplasm, malignant",,0.974097490310669,,,,,
1181,2,腺纤维变性，乳房,"Adenofibrosis, breast",N60.2,0.9885457158088684,,,,,
1181,2,腺纤维瘤(M9013/0)-另见肿瘤，良性,"Adenofibroma (M9013/0) - see also Neoplasm, benign",,0.9956235289573669,,,,,
1181,3,浆液性(M9014/0),serous (M9014/0),,0.989047110080719,,,,,
1181,4,特指部位-见肿瘤，良性,"specified site - see Neoplasm, benign",,0.9619370102882385,,,,,
1181,4,未特指部位,unspecified site,D27,0.9365941286087036,,,,,
1181,3,粘蛋白性(M9015/0),mucinous (M9015/0),,0.9806962013244629,,,,,
1181,4,特指部位-见肿瘤，良性,"specified site - see Neoplasm, benign",,0.9292973279953003,,,,,
1181,4,未特指部位,unspecified site,D27,0.9575937390327454,,,,,
1181,3,前列腺,prostate,D29.1,0.9807305335998535,,,,,
1181,3,乳头状(M9013/0),papillary (M9013/0),,0.9625716209411621,,,,,
1181,4,特指部位-见肿瘤，良性,"specified site - see Neoplasm, benign",,0.9585128426551819,,,,,
1181,4,未特指部位,unspecified site,D27,0.9675096273422241,,,,,
1181,3,透明细胞(M8313/0)-见肿瘤，良性,"clear cell (M8313/0) - see Neoplasm, benign",,0.9808657765388489,,,,,
1181,3,特指部位-见肿瘤，良性,"specified site - see Neoplasm, benign",,0.989249587059021,,,,,
1181,3,未特指部位,unspecified site,D27,0.9726117253303528,,,,,
1181,3,子宫内膜样(M8381/0),endometrioid (M8381/0),D27,0.9622848629951477,,,,,
1181,4,恶性(M8381/3),malignant (M8381/3),C56,0.9679229259490967,,,,,
1181,4,交界恶性(M8381/1),borderline malignancy (M8381/1),D39.1,0.9797852039337158,,,,,
1181,2,腺性成釉细胞瘤(下颌)[腺性釉质母细胞瘤](M9300/0),Adenoameloblastoma (lower jaw) (M9300/0),D16.5,0.9755125641822815,,,,,
1181,3,上颌(骨),upper jaw (bone),D16.4,0.9797407984733582,,,,,
1181,2,腺炎(另见淋巴结炎),Adenitis (see also Lymphadenitis),I88.9,0.9808160066604614,,,,,
1181,3,急性，未特指部位的,"acute, unspecified site",L04.9,0.9938691258430481,,,,,
1181,3,亚急性，未特指部位,"subacute, unspecified site",I88.1,0.9801523685455322,,,,,
1181,3,慢性，未特指部位,"chronic, unspecified site",I88.1,0.9948974251747131,,,,,
1181,3,肠系膜的(急性)(慢性)(非特异的)(亚急性),mesenteric (acute) (chronic) (nonspecific) (subacute),I88.0,0.9707627296447754,,,,,
1181,3,传染性(急性)(流行性),infectious (acute) (epidemic),B27.0,0.9836282730102539,,,,,
1181,3,腹股沟,"groin, inguinal",I88.9,0.9699952602386475,,,,,
1181,4,急性,acute,L04.1,0.9773714542388916,,,,,
1181,4,慢性或亚急性,chronic or subacute,I88.1,0.9708492755889893,,,,,
1182,3,坏疽性,gangrenous,L04.9,0.961971640586853,,,,,
1182,3,结核性(另见结核，淋巴腺),"tuberculous (see also Tuberculosis, lymph gland)",A18.2,0.9909663796424866,,,,,
1182,3,考珀腺[尿道球腺](另见尿道炎),Cowper's gland (see also Urethritis),N34.2,0.9898087978363037,,,,,
1182,3,淋巴结(结核),scrofulous (tuberculous),A18.2,0.982455849647522,,,,,
1182,3,淋巴腺或淋巴结，除外肠系膜的,"lymph gland or node, except mesenteric",I88.9,0.9811616539955139,,,,,
1182,4,急性(另见淋巴结炎，急性),"acute (see also Lymphadenitis, acute)",L04.9,0.9621521830558777,,,,,
1182,4,慢性或亚急性,chronic or subacute,I88.1,0.9833457469940186,,,,,
1182,3,淋病性NEC,gonorrheal NEC,A54.8,0.9591993093490601,,,,,
1182,3,流行性，急性,"epidemic, acute",B27.0,0.9747644066810608,,,,,
1182,3,瘰疬性，结核性,"strumous, tuberculous",A18.2,0.9825882315635681,,,,,
1182,3,尿道旁管或尿道旁腺(另见尿道炎),Skene's duct or gland (see also Urethritis),N34.2,0.9950610995292664,,,,,
1182,3,尿道球腺，尿道腺(另见尿道炎),"bulbourethral gland, urethral gland (see also Urethritis)",N34.2,0.9951366782188416,,,,,
1182,3,前庭大腺,Bartholin's gland,N75.8,0.9961848855018616,,,,,
1182,3,软下疳(杜克雷嗜血杆菌),chancroid (Haemophilus ducreyi),A57,0.9973539710044861,,,,,
1182,3,腮腺(化脓性),parotid gland (suppurative),K11.2,0.9899490475654602,,,,,
1182,3,舌下腺(化脓性),sublingual gland (suppurative),K11.2,0.9908989667892456,,,,,
1182,3,神经,cervical,I88.9,0.9696149230003357,,,,,
1182,4,急性,acute,L04.0,0.9630336761474609,,,,,
1182,4,慢性或亚急性,chronic or subacute,I88.1,0.9831881523132324,,,,,
1182,3,下颌下腺(化脓性),submandibular gland (suppurative),K11.2,0.9835893511772156,,,,,
1182,3,涎腺(任何)(复发性)(化脓性),salivary gland (any) (recurring) (suppurative),K11.2,0.9772000908851624,,,,,
1182,3,腋,axillary,I88.9,0.9605569243431091,,,,,
1182,4,急性,acute,L04.2,0.9806931018829346,,,,,
1182,4,慢性或亚急性,chronic or subacute,I88.1,0.9842969179153442,,,,,
1182,2,腺样体的 - 见情况,Adenoids - see condition,,0.9411596059799194,,,,,
1182,2,腺硬化,Adenosclerosis,I88.8,0.9761004447937012,,,,,
1182,2,腺脂瘤(M8324/0)-见肿瘤，良性,"Adenolipoma (M8324/0) - see Neoplasm, benign",,0.9918681979179382,,,,,
1182,2,腺脂瘤病，洛努瓦-邦索德病,"Adenolipomatosis, Launois-Bensaude",E88.8,0.9995508193969727,,,,,
1182,1,xiàn 霰,,,0.9334941506385803,,,,,
1182,2,霰粒肿-现译名睑板腺囊肿,Chalazion,,0.9729401469230652,,,,,
1182,1,xiāng 香,,,0.9452296495437622,,,,,
1182,2,香草中毒,Vanillism,L23.6,0.9999133348464966,,,,,
1182,1,xiàng 象,,,0.9984500408172607,,,,,
1182,2,象皮肿(非丝虫性),Elephantiasis (nonfilarial),I89.0,0.9855164289474487,,,,,
1182,3,斑氏,bancroftian,B74.0,0.9775773286819458,,,,,
1182,3,淋巴管,lymphatic vessel,I89.0,0.9809637665748596,,,,,
1182,4,由于乳房切除术,due to mastectomy,I97.2,0.9834079742431641,,,,,
1183,3,淋巴管扩张性,lymphangiectatic,I89.0,0.9537693858146667,,,,,
1183,3,麻风性,graecorum,A30.5,0.9973576664924622,,,,,
1183,3,毛细血管扩张性,telangiectodes,I89.0,0.9762441515922546,,,,,
1183,3,手术,surgical,I97.8,0.9268684387207031,,,,,
1183,4,乳房切除术后,postmastectomy,I97.2,0.9588775038719177,,,,,
1183,3,丝虫性，血丝虫性(另见丝虫病),"filarial, filariensis (see also Filaria, filarial, filariasis)",B74.9,0.9880436658859253,,,,,
1183,3,外阴(非丝虫性),vulva (nonfilarial),N90.8,0.9731516242027283,,,,,
1183,3,先天性(任何部位)(遗传性),congenital (any site) (hereditary),Q82.0,0.9757733345031738,,,,,
1183,3,腺性,glandular,I89.0,0.9401050806045532,,,,,
1183,3,眼睑,eyelid,H02.8,0.9816240072250366,,,,,
1183,3,阴囊(非丝虫性),scrotum (nonfilarial),I89.0,0.9651559591293335,,,,,
1183,3,由于,due to,,0.9833928346633911,,,,,
1183,4,布鲁格(马来),Brugia (malayi),B74.1,0.9787128567695618,,,,,
1183,5,帝汶,timori,B74.2,0.9424247741699219,,,,,
1183,4,乳房切除术,mastectomy,I97.2,0.9705698490142822,,,,,
1183,4,吴策线虫(斑氏),Wuchereria (bancrofti),B74.0,0.9745816588401794,,,,,
1183,1,xiàng 橡,,,0.9987815022468567,,,,,
1183,2,橡皮病,India rubber skin,Q82.8,0.9997038245201111,,,,,
1183,1,xiāo 肖,,,0.9992939233779907,,,,,
1183,2,肖尔茨(-比-亨)病或综合征,Scholz(-Bielchowsky-Henneberg) diseas syndrome,E75.2,0.9952153563499451,,,,,
1183,1,xiāo 消,,,0.9970177412033081,,,,,
1183,2,消耗性 - 见 结核,Consumption - see Tuberculosis,,0.887154757976532,,,,,
1183,2,消化不良(变应性)(先天性)(功能性)(胃肠)(胃酸过多性)(胆汁性)(职业性)(反射性),"Dyspepsia, Indigestion (allergic) (congenital) (functional) (gastrointestinal) (acid) (bilious) (occupational) (reflex)",K30,0.9650741219520569,,,,,
1183,3,神经性,nervous,F45.3,0.9686230421066284,,,,,
1183,3,神经症性,neurotic,F45.3,0.9656912088394165,,,,,
1183,3,无张力性,atonic,K30,0.9568334221839905,,,,,
1183,3,心因性,psychogenic,F45.3,0.9966480731964111,,,,,
1183,2,消化的 - 见情况,Digestive - see condition,,0.961409866809845,,,,,
1183,2,消瘦[重度消瘦型营养不良],"Emaciation,Marasmus, Wasting",E41,0.9967865943908691,,,,,
1183,3,病,disease,R64,0.9651466012001038,,,,,
1183,3,肠性,intestinal,E41,0.9933907985687256,,,,,
1183,3,肌肉NEC,muscle NEC,M62.5,0.9808239936828613,,,,,
1183,3,极度(由于营养不良),extreme (due to malnutrition),E41,0.9837918281555176,,,,,
1183,3,结核性NEC(另见结核),tuberculous NEC (see also Tuberculosis),A16.9,0.9831407070159912,,,,,
1184,3,老年性,senile,R54,0.9196727275848389,,,,,
1184,3,营养性,nutritional,E41,0.9761390686035156,,,,,
1184,3,由于营养不良,due to malnutrition,E41,0.9987724423408508,,,,,
1184,3,综合征，HIV病所致,"syndrome, resulting from HIV disease",B22.2,0.9966997504234314,,,,,
1184,3,骨盆,pelvis,,0.9644502997398376,,,,,
1184,4,伴有胎盆不称,with disproportion (fetopelvic),O33.1,0.9502509832382202,,,,,
1184,5,引起梗阻性分娩,causing obstructed labor,O65.1,0.9181581735610962,,,,,
1184,5,影响到胎儿或新生儿.,affecting fetus or newborn,P03.1,0.9832148551940918,,,,,
1184,3,卵巢(先天性),óvary (congenital),Q50.3,0.9719842076301575,,,,,
1184,3,肾(原因不知),kidney (unknown cause),N27.9,0.9800857901573181,,,,,
1184,4,单侧,unilateral,N27.0,0.9445930123329163,,,,,
1184,4,双侧,bilateral,N27.1,0.9447399973869324,,,,,
1184,3,胎儿或新生儿胎龄,fetus or newborn for gestational age,P05.1,0.9952564835548401,,,,,
1184,3,阴道口,"introitus, vagina",N89.6,0.9962223172187805,,,,,
1184,3,子宫,uterus,N85.8,0.9500929713249207,,,,,
1184,1,xiǎo 小,,,,,,,,
1184,2,小凹,Dimple,,0.9999892711639404,,,,,
1184,3,骶骨旁，藏毛或尾,"parasacral, pilonidal or postanal",L05.9,0.9918109774589539,,,,,
1184,4,伴有脓肿,with abscess,L05.0,0.9802258610725403,,,,,
1184,2,小孢霉菌病(另见皮肤癣菌病),Microsporosis (see also Dermatophytosis),B35.9,0.994767427444458,,,,,
1184,3,黑色,nigra,B36.1,0.9633659720420837,,,,,
1184,2,小孢子菌病,Microsporidiosis,B60.8,0.9978105425834656,,,,,
1184,3,肠,intestinal,A07.8,0.9938911199569702,,,,,
1184,2,小肠的-见情况,Enteric – see condition,,0.9481281638145447,,,,,
1184,2,小肠结肠炎(另见结肠炎、腹泻、小肠炎、胃肠炎),"Coloenteritis, Enterocolitis (see also Colitis, Diarrhea, Enteritis, Gastroenteritis)",A09.9,0.9940649271011353,,,,,
1184,3,暴发性缺血性,fulminant ischemic,K55.0,0.9878619909286499,,,,,
1184,3,出血性(急性),hemorrhagic (acute),K55.0,0.967521607875824,,,,,
1184,3,传染性NEC,infectious NEC,A09.0,0.9675787687301636,,,,,
1184,3,非传染性NEC,noninfectious NEC,K52.9,0.9547144174575806,,,,,
1184,3,坏死性,necrotizing,,0.9564809799194336,,,,,
1184,4,胎儿或新生儿,fetus or newborn,P77,0.9820750951766968,,,,,
1184,4,由于艰难梭状芽胞杆菌引起的,due to Clostridium difficile,A04.7,0.9555538892745972,,,,,
1184,3,溃疡性(慢性),ulcerative (chronic),K51.0,0.9812275171279907,,,,,
1184,3,缺血性,ischemic,K55.9,0.9981516599655151,,,,,
1184,3,由于艰难梭状芽胞杆菌引起的,due to Clostridium difficile,A04.7,0.989655077457428,,,,,
1184,2,小肠膨出,Enterocele,,0.9997938275337219,,,,,
1184,3,阴道(后天性)(先天性)NEC,"vagina, vaginal (acquired) (congenital) NEC",N81.5,0.986002504825592,,,,,
1185,2,小肠炎(腹泻)(出血性),Enteritis (diarrheal) (hemorrhagic),A09.9,0.9977682828903198,,,,,
1185,3,伴有败血症NEC,with septicemia NEC,A09.0,0.9949938654899597,,,,,
1185,3,急性,acute,A09.9,0.9972896575927734,,,,,
1185,4,出血性,"bloody, hemorrhagic",A09.0,0.941572368144989,,,,,
1185,3,慢性(非传染性),chronic (noninfectious),K52.9,0.9853830337524414,,,,,
1185,4,溃疡性,ulcerative,K51.9,0.9779432415962219,,,,,
1185,3,阿米巴(另见阿米巴病),amebic (see also Amebiasis),A06.0,0.9850756525993347,,,,,
1185,4,非痢疾性,nondysenteric,A06.2,0.9571515917778015,,,,,
1185,4,急性,acute,A06.0,0.9810818433761597,,,,,
1185,4,伴有脓肿-见脓肿，阿米巴,"with abscess - see Abscess, amebic",,0.9227067232131958,,,,,
1185,4,非痢疾性,nondysenteric,A06.2,0.9618931412696838,,,,,
1185,4,慢性,chronic,A06.1,0.9531523585319519,,,,,
1185,5,伴有脓肿-见脓肿，阿米巴,"with abscess - see Abscess, amebic",,0.9653022289276123,,,,,
1185,5,非痢疾性,nondysenteric,A06.2,0.9925009608268738,,,,,
1185,3,埃尔托,eltor,A00.1,0.963649570941925,,,,,
1185,3,变应性,allergic,K52.2,0.9588221311569214,,,,,
1185,3,病毒性,viral,A08.4,0.953400194644928,,,,,
1185,4,肠,enterovirus,A08.3,0.916632890701294,,,,,
1185,4,特指的NEC,virus specified NEC,A08.3,0.9620798826217651,,,,,
1185,4,腺,adenovirus,A08.2,0.9361417293548584,,,,,
1185,4,小圆结构,small round structured,A08.1,0.983022153377533,,,,,
1185,4,轮状,Rotavirus,A08.0,0.9649055600166321,,,,,
1185,3,传染性 NEC,infectious NEC,A09.0,0.9542903900146484,,,,,
1185,4,特指的病原体 NEC,specified organism NEC,A08.5,0.9729788303375244,,,,,
1185,4,由于,due to,,0.7158023118972778,,,,,
1185,5,病毒NEC,virus NEC,A08.4,0.9894720315933228,,,,,
1185,6,特指类型 NEC,specified type NEC,A08.3,0.9443501234054565,,,,,
1185,5,产气肠杆菌,Enterobacter aerogenes,A04.8,0.9790662527084351,,,,,
1185,5,产气荚膜梭状芽胞杆菌,Clostridium perfringens,A04.8,0.9700610637664795,,,,,
1185,5,产气气杆菌,Aerobacter aerogenes,A04.8,0.9584378004074097,,,,,
1185,5,肠病毒,enterovirus,A08.3,0.9856665730476379,,,,,
1185,5,肠病原性,enteropathogenic,A04.0,0.9584252834320068,,,,,
1185,6,肠出血性,enterohemorrhagic,A04.3,0.9228797554969788,,,,,
1185,6,肠毒性,nterotoxigenic,A04.1,0.9305477142333984,,,,,
1185,3,肠集合性,teroaggregative,A04.4,0.990949273109436,,,,,
1185,4,肠侵袭性,enteroinvasive,A04.2,0.9902651309967041,,,,,
1185,4,特指的NEC,specified NEC,A04.4,0.928011953830719,,,,,
1185,5,大肠杆菌,Escherichia coli,A04.4,0.9977467060089111,,,,,
1185,5,葡萄球菌,Staphylococcus,A04.8,0.9275878667831421,,,,,
1185,3,特指的,specified,,0.9960440397262573,,,,,
1185,4,病毒NEC,virus NEC,A08.3,0.9431835412979126,,,,,
1185,4,细菌 NEC,bacteria NEC,A04.8,0.9100773334503174,,,,,
1185,5,弯曲菌,Campylobacter,A04.5,0.9889987707138062,,,,,
1186,5,细菌NEC,bacteria NEC,A04.9,0.9722965359687805,,,,,
1186,4,特指的 NEC,specified NEC,A04.8,0.9555529356002808,,,,,
1186,5,腺病毒,adenovirus,A08.2,0.9404966235160828,,,,,
1186,4,小肠结肠炎耶尔森菌.,Yersinia enterocolitica,A04,0.9823005199432373,,,,,
1186,5,亚利桑那(芽胞杆菌),Arizona (bacillus),A02.0,0.9768434166908264,,,,,
1186,3,唇鞭毛虫,Chilomastix,A07.8,0.9542753100395203,,,,,
1186,3,非传染性,noninfectious,K52.9,0.9633757472038269,,,,,
1186,3,副伤寒(另见热，副伤寒),"paratyphoid (fever) (see also Fever, paratyphoid)",A01.4,0.9800253510475159,,,,,
1186,3,坏疽性(另见 小肠炎，传染性),"gangrenous (see also Enteritis, infectious)",A09.0,0.975827693939209,,,,,
1186,3,坏死性,necroticans,A05.2,0.9605538249015808,,,,,
1186,3,寄生虫NEC,parasitic NEC,B82.9,0.9715539813041687,,,,,
1186,3,贾第虫,giardial,A07.1,0.9878737330436707,,,,,
1186,3,结核性(另见结核),tuberculous (see also Tuberculosis),A18.3+ K93.0*,0.985624372959137,,,,,
1186,3,痉挛性-见综合征，过敏性肠,"spasmodic, spastic - see Syndrome, irritable bowel",,0.9872602820396423,,,,,
1186,3,局限性,"regional (of), segmental",K50.9,0.9918764233589172,,,,,
1186,4,肠,intestine,K50.9,0.9266981482505798,,,,,
1186,5,大(结肠或直肠),large (colon or rectum),K50.1,0.9685849547386169,,,,,
1186,6,伴有小肠,with small intestine,K50.8,0.9691869616508484,,,,,
1186,5,小(十二指肠、回肠或空肠),"small (duodenum, ileum or jejunum)",K50.0,0.9719802141189575,,,,,
1186,6,伴有大肠,with large intestine,K50.8,0.9528515338897705,,,,,
1186,3,溃疡性(慢性),ulcerative (chronic),K51.9,0.9675995707511902,,,,,
1186,4,特指的NEC,specified NEC,K51.8,0.9964150190353394,,,,,
1186,3,流感性(具体病毒未证实),influenzal (specific virus not identified),J11.8,0.9931823015213013,,,,,
1186,4,其他流感病毒已证实,other influenza virus identified,J10.8,0.9726186394691467,,,,,
1186,4,禽流感病毒已证实,avian influenza virus identified,J09,0.9823789000511169,,,,,
1186,3,流行性,epidemic,A09.0,0.9830328226089478,,,,,
1186,3,轮状病毒性,rotaviral,A08.0,0.9853222370147705,,,,,
1186,3,毛滴虫性,trichomonal,A07.8,0.9832409620285034,,,,,
1186,3,膜性，粘液膜性-见综合征，过敏性肠,"mucomembranous, myxomembranous - see Syndrome, irritable bowel",,0.9842767715454102,,,,,
1186,3,粘液性-见综合征，过敏性肠,"mucous - see Syndrome, irritable bowe",,0.9953997731208801,,,,,
1186,3,念珠菌性,candidal,B37.8,0.9861602783203125,,,,,
1186,3,脓毒性,septic,A09.0,0.9510625004768372,,,,,
1186,3,葡萄球菌性,staphylococcal,A04.8,0.9947758913040161,,,,,
1186,3,球虫性,coccidial,A07.3,0.9959203004837036,,,,,
1186,3,缺血性,ischemic,K55.9,0.9815713167190552,,,,,
1186,4,急性,acute,K55.0,0.9190671443939209,,,,,
1186,4,慢性,chronic,K55.1,0.9654766917228699,,,,,
1186,3,沙门菌(病)(亚利桑那)(猪霍乱)(小肠炎)(鼠伤寒),"Salmonella, salmonellosis (arizonae) (cholerae-suis) (enteritidis) (typhimurium)",A02.0,0.9830836653709412,,,,,
1186,3,伤寒样,typhosa,A01.0,0.9746471047401428,,,,,
1187,3,神经源性-见综合征，过敏性,"eurogenic – see Syndrome, irritable bowel",,0.9859997034072876,,,,,
1187,3,胎儿或新生儿坏死性,necrotizing of fetus or newborn,P77,0.9975535869598389,,,,,
1187,3,微孢子虫,nicrosporidial,A07.8,0.9983336329460144,,,,,
1187,3,细菌性,"acterial, bacillary",A04.9,0.9952648878097534,,,,,
1187,4,NEC,NEC,A03.9,0.9729358553886414,,,,,
1187,4,特指的NEC,specified NEC,A04.8,0.9860013723373413,,,,,
1187,3,饮食性,dietetic,K52.2,0.983360767364502,,,,,
1187,3,由于,due to,,0.9220207333564758,,,,,
1187,4,传染性病原体(细菌性)(病毒性)-见小肠炎，传染性,"infectious organism (bacterial) (viral) Enteritis, infectious",,0.9705400466918945,,,,,
1187,4,食物过敏性,food hypersensitivity,K52.2,0.9780589938163757,,,,,
1187,4,小肠结肠炎耶尔森菌,Yersinia enterocolitica,A04.6,0.9790018796920776,,,,,
1187,3,原虫性,protozoal,A07.9,0.9969477653503418,,,,,
1187,4,特指的 NEC,specified NEC,A07.8,0.9452304244041443,,,,,
1187,3,志贺菌(另见感染，志贺菌),"Shigella (see also Infection, Shigella)",A03.9,0.9949473738670349,,,,,
1187,3,中毒性,toxic,K52.1,0.9859170317649841,,,,,
1187,2,小唇,Microcheilia,Q18.7,0.9997954964637756,,,,,
1187,2,小袋虫病,"Balantidiasis, balantidiosis",A07.0,0.9998541474342346,,,,,
1187,2,小的-见情况,Minor - see condition,,0.9709391593933105,,,,,
1187,2,小动脉炎,Arteriolitis,I77.6,0.9485943913459778,,,,,
1187,3,肾-见高血压，肾性,"renal – see Hypertension, kidney",,0.9638686776161194,,,,,
1187,2,小动脉硬化-见动脉硬化,"Arteriolar sclerosis, Arteriolosclerosis – see Arteriosclerosis",,0.9808853268623352,,,,,
1187,2,小耳(先天性)(外耳),Microtia (congenital) (external ear),Q17.2,0.9776845574378967,,,,,
1187,2,小发作,Petit mal,G40.7,0.9999847412109375,,,,,
1187,3,伴有大发作,with grand mal seizures,G40.6,0.9794895052909851,,,,,
1187,3,持续状态(癫疯),status (epilepticus),G41.1,0.9464031457901001,,,,,
1187,3,冲动性,impulsive,G40.3,0.966358482837677,,,,,
1187,3,癫疯(童年)(特发性)(幼年),epilepsy (childhood) (idiopathic) (juvenile),G40.3,0.9691680073738098,,,,,
1187,2,小颌(先天性)(下颌)(上颌),"Micrognathia, micrognathism (congenital) (mandibular) (maxillary)",K07.0,0.992035448551178,,,,,
1187,2,小红细胞性的-见情况,Microcytic – see condition,,0.950782060623169,,,,,
1187,2,小棘毛壅病(先天性),Trichostasis spinulosa (congenital),Q84.1,0.9983019232749939,,,,,
1187,2,小脊髓(先天性),Micromyelia (congenital),Q06.8,0.9835047125816345,,,,,
1187,2,小角膜(先天性),Microcornea (congenital),Q15.8,0.9950178265571594,,,,,
1187,3,伴有青光眼,with glaucoma,Q15.0,0.9942305684089661,,,,,
1187,2,小结，珠,Pearl(s),,0.999267578125,,,,,
1187,3,爱泼斯坦,Epstein's,K09.8,0.9542430639266968,,,,,
1187,3,釉,enamel,K00.2,0.9819812178611755,,,,,
1187,2,小结肠(先天性),Microcolon (congenital),Q43.8,0.9854018092155457,,,,,
1187,2,小结石病，肺泡，肺,"Microlithiasis, alveolar, pulmonary",J84.0,0.9983597993850708,,,,,
1187,2,小晶状体(先天性),"Microlentia, Microphakia (congenital)",Q12.8,0.995001494884491,,,,,
1187,2,小颏,Microgenia,K07.0,0.9828680157661438,,,,,
1187,2,小口(先天性),Microstomia (congenital),Q18.5,0.9957864284515381,,,,,
1188,2,小口病[日本先天性夜盲症],Oguchi's disease,H53.6,0.9981066584587097,,,,,
1188,2,小镰状细胞病,Microdrepanocytosis,D56.8,0.9620270133018494,,,,,
1188,2,小梁形成，膀胱,"Trabeculation, bladder",N32.8,0.992669403553009,,,,,
1188,2,小囊,Sacculation,,0.9996850490570068,,,,,
1188,3,喉，喉内(先天性)(喉室),"larynx, intralaryngeal (congenital) (ventricular)",Q31.3,0.9867135286331177,,,,,
1188,3,尿道,urethra,N36.1,0.9722223877906799,,,,,
1188,3,膀胱,bladder,N32.3,0.9808543920516968,,,,,
1188,3,器官或部位，先天性-见扭转,"organ or site, congenital – see Distortion",,0.9584043025970459,,,,,
1188,3,妊娠子宫,pregnant uterus,O34.5,0.9799373149871826,,,,,
1188,3,输尿管,ureter,N28.8,0.9728208184242249,,,,,
1188,3,主动脉(非梅毒性)(另见动脉瘤，主动脉),"aorta (nonsyphilitic) (see also Aneurysm, aorta)",I71.9,0.9821000099182129,,,,,
1188,4,梅毒性,syphilitic,A52.0+ I79.0*,0.9668013453483582,,,,,
1188,4,破裂,ruptured,I71.8,0.9406697750091553,,,,,
1188,2,小脑的 - 见情况,"Cerebellum, cerebellar – see condition",,0.9442306160926819,,,,,
1188,2,小脑回(先天性),Microgyria (congenital),Q04.3,0.9645041227340698,,,,,
1188,2,小脑炎(另见脑炎),"Cerebellitis, Parencephalitis (see also Encephalitis)",G04.9,0.9888176918029785,,,,,
1188,2,小球队员肘,Little leaguer's elbow,M77.0,0.9999557137489319,,,,,
1188,2,小舌(先天性),"Hypoglossia, Microglossia (congenital)",Q38.3,0.9989151358604431,,,,,
1188,2,小神经胶质细胞瘤(M9594/3),Microglioma (M9594/3),C85.7,0.9985466599464417,,,,,
1188,2,小生殖器，先天性,"Microgenitalia, congenital",,0.998595654964447,,,,,
1188,3,男性,male,Q55.8,0.9856077432632446,,,,,
1188,3,女性,female,Q52.8,0.9822397828102112,,,,,
1188,2,小水疱病(变应性)(角膜结膜炎)(非结核性),Phlyctenulosis (allergic) (keratoconjunctivitis) (nontuberculous),H16.2,0.9930261969566345,,,,,
1188,3,角膜,cornea,H16.2,0.9528415203094482,,,,,
1188,3,结核性,tuberculous,A18.5+ H19.2*,0.9763739109039307,,,,,
1188,2,小头畸形,"Microcephalus, microcephalic, microcephaly",Q02,0.9998400211334229,,,,,
1188,3,由于弓形虫病(先天性),due to toxoplasmosis (congenital),P37.1,0.9941819906234741,,,,,
1188,2,小胃(先天性),Microgastria (congenital),Q40.2,0.9979512691497803,,,,,
1188,2,小星形细胞瘤，混合性(M9382/3),"Oligoastrocytoma, mixed (M9382/3)",,0.9899286031723022,,,,,
1188,3,特指部位-见肿瘤，恶性,"specified site – see Neoplasm, malignant",,0.9711586833000183,,,,,
1188,3,未特指部位..9,unspecified site,C71.9,0.979800820350647,,,,,
1188,2,小牙症,Microdontia,K00.2,0.9582800269126892,,,,,
1188,2,小眼(先天性),"Microphthalmos, microphthalmia (congenital)",Q11.2,0.9773896336555481,,,,,
1188,3,由于弓形虫病,due to toxoplasmosis,P37.1,0.9936737418174744,,,,,
1188,2,小样低体重儿(婴儿),Small-and-light-for-dates (infant),P05.1,0.9919805526733398,,,,,
1188,3,影响妊娠处理,affecting management of pregnancy,O36.5,0.961270809173584,,,,,
1188,2,小叶(先天性)-另见异常，按部位,"Lobulation (congenital) – see also Anomaly, by site",,0.9862013459205627,,,,,
1188,3,肝，异常,"liver, abnormal",Q44.7,0.9804592132568359,,,,,
1188,2,小于胎龄(婴儿),Small-for-dates (infant),P05.1,0.9997642636299133,,,,,
1188,3,影响妊娠处理,affecting management of pregnancy,O36.5,0.9902462959289551,,,,,
1189,1,xiào 哮,,,,,,,,
1189,2,哮喘(性)(支气管)(卡他)(痉挛性),"Asthma, asthmatic (bronchial) (catarrh) (spasmodic)",J45.9,0.9972777366638184,,,,,
1189,3,伴有,with,,0.977271556854248,,,,,
1189,4,鼻炎，变应性,"rhinitis, allergic",J45.0,0.9833101034164429,,,,,
1189,4,花粉症,hay fever,J45.0,0.9838017821311951,,,,,
1189,3,变应性外因性,allergic extrinsic,J45.0,0.9787399172782898,,,,,
1189,3,铂,platinum,J45.0,0.961900532245636,,,,,
1189,3,儿童期,childhood,J45.0,0.989372193813324,,,,,
1189,3,非变应性,nonallergic,J45.1,0.9809675812721252,,,,,
1189,3,肺尘埃沉着病性NEC,pneumoconiotic NEC,J64,0.9907656311988831,,,,,
1189,3,肺嗜酸性粒细胞浸润症,pulmonary eosinophilic,J82,0.9943404793739319,,,,,
1189,3,混合性,mixed,J45.8,0.9606614112854004,,,,,
1189,3,急性，严重,"acute, severe",J46,0.9903327226638794,,,,,
1189,3,结核性(另见结核，肺),"tuberculous (see also Tuberculosis, pulmonary)",A16.2,0.9858165383338928,,,,,
1189,3,矿工,"collier's, miner's",J60,0.977567732334137,,,,,
1189,3,罗斯坦,Rostan's,I50.1,0.9633715152740479,,,,,
1189,3,米勒,Millar's,J38.5,0.9941050410270691,,,,,
1189,3,磨坊工,grinder's,J62.8,0.9943986535072327,,,,,
1189,3,内因性，非变应性,"intrinsic, nonallergic",J45.1,0.9727082252502441,,,,,
1189,3,喷沙工的,sandblaster's,J62.8,0.9847752451896667,,,,,
1189,3,神经,nervous,J45.1,0.9939213395118713,,,,,
1189,3,石匠,stonemason's,J62.8,0.9927104115486145,,,,,
1189,3,嗜酸细胞性,eosinophilic,J82,0.9937103390693665,,,,,
1189,3,陶工,potter's,J62.8,0.9627683758735657,,,,,
1189,3,特异体质性,idiosyncratic,J45.1,0.975803554058075,,,,,
1189,3,特应性,atopic,J45.0,0.965092658996582,,,,,
1189,3,外因性，变应性,"extrinsic, allergic",J45.0,0.9943302869796753,,,,,
1189,3,晚期发病,late-onset,J45.9,0.9885533452033997,,,,,
1189,3,哮吼,croup,J45.9,0.9719918370246887,,,,,
1189,3,心脏(另见衰竭，心室，左),"cardiac, heart (see also Failure, ventricular, left)",I50.1,0.9689993858337402,,,,,
1189,3,严重，急性,"severe, acute",J46,0.9854416251182556,,,,,
1189,3,由于清洁剂,due to detergent,J69.8,0.9974210858345032,,,,,
1189,3,主要由于变态反应引起的,predominantly allergic,J45.0,0.9766214489936829,,,,,
1189,3,状态,status,J46,0.9785584807395935,,,,,
1189,2,哮吼，格鲁布(卡他性)(传染性)(炎性)(非白喉性),"Croup, croupous (catarrhal) (infectious) (inflammatory) (nondiphtheritic)",J05.0,0.9902704358100891,,,,,
1189,3,白喉性,diphtheritic,A36.2,0.9837524890899658,,,,,
1189,3,喘鸣性,stridulous,J38.5,0.9911059141159058,,,,,
1189,4,白喉性,diphtheritic,A36.2,0.9664616584777832,,,,,
1189,3,假,false,J38.5,0.990405261516571,,,,,
1189,3,痉挛性,spasmodic,J38.5,0.9940837025642395,,,,,
1189,4,白喉性,diphtheritic,A36.2,0.9720104336738586,,,,,
1189,3,支气管,bronchial,J20.9,0.9828319549560547,,,,,
1190,1,xiào 效,,,,,,,,
1190,2,效应，有害(来自)NEC,"Effect, adverse (from) NEC",T78.9,0.9804558157920837,,,,,
1190,3,X线 NEC,X-rays NEC,T66,0.8927711844444275,,,,,
1190,4,皮炎或湿疹(另见放射性皮炎),dermatitis or eczema (see also Radiodermatitis),L58.9,0.98869389295578,,,,,
1190,3,暴露的-见暴露,exposure - see Exposure,,0.9949774742126465,,,,,
1190,3,钋 NEC,polonium NEC,T66,0.9221576452255249,,,,,
1190,3,电流，电(休克),"electric current, electricity (shock)",T75.4,0.9862821102142334,,,,,
1190,4,烧伤-见烧伤,burn - see Burn,,0.916329026222229,,,,,
1190,3,放射性、放射性物质、放射治疗NEC,"radioactivity, radioactive substance, radiotherapy NEC",T66,0.9805759787559509,,,,,
1190,4,皮炎或湿疹(另见放射性皮炎),dermatitis or eczema (see also Radiodermatitis),L58.9,0.9760575890541077,,,,,
1190,3,辐射的(诊断性)(回降)(红外线)(天然源)(治疗性)(同位素示踪剂)(紫外线)(X线)NEC,radiation (diagnostic) (fallout) (infrared) (natural source) (therapeutic) (tracer) (ultraviolet) (X-ray) NEC,T66,0.9791322946548462,,,,,
1190,4,对胎儿可疑的损害，影响妊娠处理,"suspected damage to fetus, affecting management of pregnancy",O35.6,0.9857706427574158,,,,,
1190,4,肺临床表现,pulmonary manifestations,,0.9721755981445312,,,,,
1190,5,急性,acute,J70.0,0.925324559211731,,,,,
1190,5,慢性,chronic,J70.1,0.9823369979858398,,,,,
1190,4,肺纤维变性,fibrosis of lung,J70.1,0.9895530939102173,,,,,
1190,4,肺炎,pneumonitis,J70.0,0.9252474904060364,,,,,
1190,4,皮肤,skin,L59.9,0.9298012852668762,,,,,
1190,4,皮炎或湿疹-见皮炎，由于，辐射,"dermatitis or eczema - see Dermatitis, due to, radiation",,0.9731764197349548,,,,,
1190,3,辐照NEC,irradiation NEC,T66,0.9708548784255981,,,,,
1190,3,高海拔NEC,high altitude NEC,T70.2,0.9681987762451172,,,,,
1190,4,对,on,,0.7299879193305969,,,,,
1190,5,鼻窦,sinuses,T70.1,0.9677211046218872,,,,,
1190,5,耳,ears,T70.0,0.8665337562561035,,,,,
1190,4,红细胞增多,polycythemia,D75.1,0.9873595237731934,,,,,
1190,4,缺氧,anoxia,T70.2,0.9608027935028076,,,,,
1190,3,高压液体的,high-pressure fluids,T70.4,0.9546368718147278,,,,,
1190,3,工作环境的,work environment,Z56.5,0.9791130423545837,,,,,
1190,3,钴，放射性,"cobalt, radioactive",T66,0.9885656833648682,,,,,
1190,3,过热场所的(另见热),overheated places (see also Heat),T67.9,0.9781240224838257,,,,,
1190,3,海拔(高)的-见效应，有害，高海拔的,"altitude (high) - see Effect, adverse, high altitude",,0.9858257174491882,,,,,
1190,3,寒冷(温度)(气候)的,cold (temperature) (weather),T69.9,0.9863473176956177,,,,,
1190,4,冻疮,chilblains,T69.1,0.9691829681396484,,,,,
1190,4,冻伤-见冻伤,frostbite - see Frostbite,,0.9619472026824951,,,,,
1190,4,特指的效应NEC,specified effect NEC,T69.8,0.9767573475837708,,,,,
1190,3,红外(辐射)(线)NEC,infrared (radiation) (rays) NEC,T66,0.9755059480667114,,,,,
1190,4,皮炎或湿疹,dermatitis or eczema,L59.8,0.989145040512085,,,,,
1191,3,化学物质 NEC,chemical substance NEC,T65.9,0.9494436383247375,,,,,
1191,4,特指的-见药物和化学制剂表,specified - see Table of drugs and chemicals,,0.9683093428611755,,,,,
1191,3,回降(放射尘)NEC,fallout (radioactive) NEC,T66,0.9772188067436218,,,,,
1191,3,饥饿的,hunger,T73.0,0.9535792469978333,,,,,
1191,3,降温的,reduced temperature,T69.9,0.9491259455680847,,,,,
1191,4,特指的效应 NEC,specified effect NEC,T69.8,0.9341260194778442,,,,,
1191,3,菌苗(任何)的-见并发症，接种,"vaccine (any) - see Complications, vaccination",,0.9656171202659607,,,,,
1191,3,抗毒素的-见并发症，接种,"antitoxin - see Complications, vaccination",,0.9977182745933533,,,,,
1191,3,口渴的,thirst,T73.1,0.9809712171554565,,,,,
1191,3,劳累(过度)的,exertion (excessive),T73.3,0.9919424057006836,,,,,
1191,3,雷电的,lightning,T75.0,0.9753161072731018,,,,,
1191,4,烧伤-见烧伤,burn - see Burn,,0.9609789848327637,,,,,
1191,3,镭 NEC,radium NEC,T66,0.9631768465042114,,,,,
1191,3,伦琴线(X线)、X线照相术、X线透视NEC,"roentgen rays, roentgenography, roentgenoscopy NEC",T66,0.9488207697868347,,,,,
1191,3,麻醉(另见麻醉),anesthesia (see also Anesthesia),T88.5,0.9827028512954712,,,,,
1191,4,见于,in,,0.8138670921325684,,,,,
1191,5,产程和分娩,labor and delivery,O74.9,0.9571250081062317,,,,,
1191,6,影响到胎儿或新生儿,affecting fetus or newborn,P04.0,0.966627836227417,,,,,
1191,5,妊娠,pregnancy,O29.9,0.9658065438270569,,,,,
1191,4,局部，毒性,"local, toxic",,0.9505442976951599,,,,,
1191,5,见于,in,,0.9518877863883972,,,,,
1191,6,产程和分娩,labor and delivery,O74.4,0.9254884719848633,,,,,
1191,6,妊娠,pregnancy,O29.3,0.9668384194374084,,,,,
1191,5,产后，产褥期,"postpartum, puerperal",O89.3,0.9556695222854614,,,,,
1191,4,产后，产褥期,"postpartum, puerperal",O89.9,0.9615008234977722,,,,,
1191,4,特指的 NEC,specified NEC,T88.5,0.9518487453460693,,,,,
1191,5,见于,in,,0.999753475189209,,,,,
1191,6,产程和分娩,labor and delivery,O74.8,0.9566044211387634,,,,,
1191,6,妊娠,pregnancy,O29.8,0.9527156352996826,,,,,
1191,5,产后，产褥期,"postpartum, puerperal",O89.8,0.9212278723716736,,,,,
1191,4,脊髓和硬膜外,spinal and epidural,T88.5,0.9740925431251526,,,,,
1191,5,头痛,headache,T88.5,0.9986334443092346,,,,,
1191,6,见于,in,,0.8410903215408325,,,,,
1191,7,产程和分娩,labor and delivery,O74.5,0.9794006943702698,,,,,
1191,7,妊娠,pregnancy,O29.4,0.9550527930259705,,,,,
1191,6,产后，产褥期,"postpartum, puerperal",O89.4,0.9434651732444763,,,,,
1191,5,见于,in,,0.8077196478843689,,,,,
1191,6,产程和分娩,labor and delivery,O74.6,0.9517552852630615,,,,,
1191,6,妊娠,pregnancy,O29.5,0.9456760287284851,,,,,
1191,5,产后，产褥期,"postpartum, puerperal",O89.5,0.9060787558555603,,,,,
1191,3,免疫剂的-见并发症，接种,"immunological agents - see Complications, vaccination",,0.9867039918899536,,,,,
1191,3,免疫接种的-见并发症，接种,"immunization - see Complications, vaccination",,0.991158127784729,,,,,
1192,3,虐待的,abuse of,,0.9844911098480225,,,,,
1192,4,成人,adult,T74.9,0.9632306694984436,,,,,
1192,4,儿童,child,T74.9,0.919971227645874,,,,,
1192,3,气体、烟雾或蒸气的,"gases, fumes or vapors",T59.9,0.9590343236923218,,,,,
1192,4,特指的NEC-见药物和化学制剂表,specified NEC – see Table of drugs and chemicals,,0.9704759120941162,,,,,
1192,3,气压(性),air pressure/atmospheric pressure,T70.9,0.981626033782959,,,,,
1192,4,低-见效应，有害，高海拔,"low — see Effect, adverse, high altitude",,0.9172922372817993,,,,,
1192,4,高,high,T70.3,0.9159168004989624,,,,,
1192,4,特指的效应NEC,specified effect NEC,T70.8,0.9703946709632874,,,,,
1192,4,由于爆炸,due to explosion,T70.8,0.9692580103874207,,,,,
1192,3,全血的-见并发症，输血,"whole blood — see Complications, transfusion",,0.9627740979194641,,,,,
1192,3,热的、热天气的(另见热),"heat, hot weather (see also Heat)",T67.9,0.9783231616020203,,,,,
1192,3,生物学的，恰当使用正确的物质(另见效应，有害，药物),"biological, correct substance properly administered (see also Effect, adverse, drug)",T88.7,0.9737846255302429,,,,,
1192,3,失重的,weightlessness,T75.8,0.9640232920646667,,,,,
1192,3,食物的,foodstuffs,,0.9611280560493469,,,,,
1192,4,变态反应(另见变态反应，食物),"allergic reaction (see also Allergy, food)",T78.1,0.9810447692871094,,,,,
1192,4,有毒,noxious,T62.9,0.9374327063560486,,,,,
1192,5,"特指类型NEC(另见中毒[1],按有毒食物的名称)","specified type NEC (see also Poisoning, by name of noxious foodstuff)",T62.8,0.9555425643920898,,,,,
1192,3,适当应用正确药物的(另见效应，有害，药物),"medicinal substance, correct, properly administered (see also Effect, adverse, drug)",T88.7,0.9894736409187317,,,,,
1192,3,输血的-见并发症，输血,"transfusion - see Complications, transfusion",,0.9526212811470032,,,,,
1192,3,输注的-见并发症，输注,"infusion - see Complications, infusion",,0.9739812016487122,,,,,
1192,3,水压 NEC,water pressure NEC,T70.9,0.9455804824829102,,,,,
1192,4,特指的NEC,specified NEC,T70.8,0.9711471796035767,,,,,
1192,3,特指的 NEC,specified NEC,T78.8,0.9564641714096069,,,,,
1192,4,外因NEC,external cause NEC,T75.8,0.9820709824562073,,,,,
1192,3,同位素(放射性)NEC,isotope (radioactive) NEC,T66,0.9599569439888,,,,,
1192,3,外因NEC,external cause NEC,T75.8,0.9653956294059753,,,,,
1192,3,晚期－见后遗症,late – see Sequelae,,0.9338892102241516,,,,,
1192,3,心理社会的，工作环境的,"psychosocial, of work environment",Z56.5,0.9926465749740601,,,,,
1192,3,新针NEC,mesothorium NEC,T66,0.8713609576225281,,,,,
1192,3,嗅胶(飞机)的,glue (airplane) sniffing,F18.1,0.9790543913841248,,,,,
1192,3,血清(预防性)(治疗性)NEC,serum (prophylactic) (therapeutic) NEC,T80.6,0.9892333149909973,,,,,
1192,3,血液(衍生物)(血清)(输血)的-见并发症，输血,"blood (derivatives) (serum) (transfusion) – see Complications, transfusion",,0.9632895588874817,,,,,
1192,3,咽下或注射同位素(治疗性) NEC,ingestion or injection of isotope (therapeutic) NEC,T66,0.9687991738319397,,,,,
1192,3,药物和药剂 NEC,drugs and medicaments NEC,T88.7,0.9488152265548706,,,,,
1192,4,过量或给错或服错药物,overdose or wrong substance given or taken,T50.9,0.9919440150260925,,,,,
1192,5,特指的药物-见药物和化学制剂表,specified drug - see Table of drugs and chemicals,,0.967978298664093,,,,,
1192,4,恰当使用正确的物质,correct substance properly administered,T88.7,0.9456180334091187,,,,,
1193,3,医疗照顾的,medical care,T88.9,0.988635241985321,,,,,
1193,4,特指的 NEC,specified NEC,T88.8,0.9714292883872986,,,,,
1193,3,异常引力或状态的,abnormal gravitational (G) forces or states,T75.8,0.9944525361061096,,,,,
1193,3,婴儿缺乏照料的,lack of care of infants,T74.0,0.9926456809043884,,,,,
1193,3,萤光屏检查[X线透视]NEC,fluoroscopy NEC,T66,0.9674984812736511,,,,,
1193,3,铀 NEC,uranium NEC,T66,0.9206522703170776,,,,,
1193,3,远距放射疗法NEC,teletherapy NEC,T66,0.955603301525116,,,,,
1193,3,晕动的,motion,T75.3,0.9668086767196655,,,,,
1193,3,噪声的，内耳,"noise, on inner ear",H83.3,0.9714180827140808,,,,,
1193,3,振动的,vibration,T75.2,0.9694870114326477,,,,,
1193,3,植入(可移去的)同位素或镭NEC,implantation (removable) of isotope or radium NEC,T66,0.9922996759414673,,,,,
1193,3,中毒性-见中毒,toxic - see Poisoning,,0.9892642498016357,,,,,
1193,3,紫外(辐射)(线)NEC,ultraviolet (radiation) (rays) NEC,T66,0.9790336489677429,,,,,
1193,4,皮炎或湿疹-见皮炎，由于，紫外线,"dermatitis or eczema - see Dermatitis, due to, ultraviolet rays",,0.9604778289794922,,,,,
1193,5,急性,acute,L56.8,0.9693894386291504,,,,,
1193,4,烧伤-见烧伤,burn - see Burn,,0.9671783447265625,,,,,
1193,1,xiē 楔,,,0.9982982873916626,,,,,
1193,2,楔状脊椎或脊椎楔入NEC,Wedge-shaped or wedging vertebra NEC,M48.5,0.9831958413124084,,,,,
1193,1,xié 协,,,0.9046154022216797,,,,,
1193,2,协同动作不能,"Asynergia, asynergy",R27.8,0.9999682903289795,,,,,
1193,2,协同动作障碍,Dyssynergia,,0.9998395442962646,,,,,
1193,3,胆系,biliary,K83.8,0.9602695107460022,,,,,
1193,3,肌阵挛小脑性(亨特共济失调),cerebellaris myoclonica (Hunt's ataxia),G11.1,0.9851226806640625,,,,,
1193,1,xié 斜,,,0.9447187185287476,,,,,
1193,2,斜边骨折,Pond fracture,S02.9,0.9501590728759766,,,,,
1193,2,斜的 - 见情况,Oblique - see condition,,0.9578256011009216,,,,,
1193,2,斜颈(间歇性)(痉挛性),"Torticollis, Wry neck (intermittent) (spastic)",M43.6,0.987315833568573,,,,,
1193,3,创伤性，近期NEC,"traumatic, current NEC",S13.4,0.9884712100028992,,,,,
1193,3,痉挛性,spasmodic,G24.3,0.9486324191093445,,,,,
1193,3,类风湿性,rheumatoid,M06.8,0.9648172855377197,,,,,
1193,3,先天性(胸骨乳突的),congenital (sternomastoid),Q68.0,0.984403669834137,,,,,
1193,3,心因性,psychogenic,F45.8,0.9522917866706848,,,,,
1193,4,转换反应,conversion reaction,F44.4,0.983543336391449,,,,,
1193,3,癔症性,hysterical,F44.4,0.9443924427032471,,,,,
1193,3,由于产伤,due to birth injury,P15.2,0.9875062704086304,,,,,
1194,2,斜视(交替性)(先天性)(非麻痹性),"Squint, Strabismus (alternating) (congenital) (nonparalytic)",H50.9,0.9790723919868469,,,,,
1194,3,垂直,vertical,H50.2,0.9557865858078003,,,,,
1194,3,共同性[共转性]NEC,concomitant NEC,H50.4,0.9747588634490967,,,,,
1194,4,集中性,convergent,H50.0,0.9262425899505615,,,,,
1194,4,散开性,divergent,H50.1,0.9578052163124084,,,,,
1194,3,机械性,mechanical,H50.6,0.9902499914169312,,,,,
1194,3,集中性,convergent,H50.0,0.9971584677696228,,,,,
1194,3,间歇性,intermittent,H50.3,0.9680821299552917,,,,,
1194,3,麻痹性,paralytic,H49.9,0.9897992610931396,,,,,
1194,4,特指的NEC,specified NEC,H49.8,0.9788606762886047,,,,,
1194,3,散开性,divergent,H50.1,0.9766160845756531,,,,,
1194,3,特指的 NEC,specified NEC,H50.8,0.9588428139686584,,,,,
1194,3,调节性,accommodative,H50.0,0.9896767735481262,,,,,
1194,3,隐,latent,H50.5,0.9605529308319092,,,,,
1194,3,由于瘢痕粘连引起的,"due to adhesions, scars",H50.6,0.9863326549530029,,,,,
1194,2,斜头畸形,Plagiocephaly,Q67.3,0.9998851418495178,,,,,
1194,1,xié 携,,,0.9128391146659851,,,,,
1194,2,携带者，病原携带者(可疑的),Carrier (suspected) of,,0.9925410747528076,,,,,
1194,3,阿米巴病,amebiasis,Z22.1,0.9888263940811157,,,,,
1194,3,白喉,diphtheria,Z22.2,0.9761509299278259,,,,,
1194,3,传染性病原体,infectious organism,Z22.9,0.9963232278823853,,,,,
1194,4,特指的NEC,specified NEC,Z22.8,0.9666364789009094,,,,,
1194,3,肝炎,hepatitis,,0.9563639760017395,,,,,
1194,4,澳大利亚抗原,Australia antigen (HAA),Z22.5,0.9790360927581787,,,,,
1194,4,病毒性,viral,Z22.5,0.9558055996894836,,,,,
1194,4,乙型肝炎表面抗原,B surface antigen (HBsAg),Z22.5,0.9826684594154358,,,,,
1194,5,伴有急性δ因子(重复)感染,with acute delta (super)infection,B17.0,0.9899704456329346,,,,,
1194,3,霍乱,cholera,Z22.1,0.9692844748497009,,,,,
1194,3,链球菌,streptococci,Z22.3,0.9946150779724121,,,,,
1194,3,淋病,gonorrhea,Z22.4,0.9923281669616699,,,,,
1194,3,梅毒,syphilis,Z22.4,0.965272068977356,,,,,
1194,3,脑膜炎球菌,meningococci,Z22.3,0.9965741634368896,,,,,
1194,3,葡萄球菌,staphylococci,Z22.3,0.9614932537078857,,,,,
1194,3,人T亲淋巴1型病毒感染,human T-cell lymphotropic virus type 1 (HTLV-1),Z22.6,0.989178478717804,,,,,
1194,3,伤寒,typhoid,Z22.0,0.9963215589523315,,,,,
1194,3,胃肠道致病菌NEC,gastrointestinal pathogens NEC,Z22.1,0.9857500195503235,,,,,
1194,3,细菌性疾病NEC,bacterial disease NEC,Z22.3,0.9681138396263123,,,,,
1194,3,性病 NEC,venereal disease NEC,Z22.4,0.9629260301589966,,,,,
1194,3,乙型肝炎(核心)(表面)抗原,HB(c)(s)Ag,Z22.5,0.971910834312439,,,,,
1195,1,xiè 泄,,,0.913849949836731,,,,,
1195,2,泄殖腔(永存),Cloaca (persistent),Q43.7,0.9789376854896545,,,,,
1195,1,xiè 谢,,,0.9998713731765747,,,,,
1195,2,谢弗病,Shaver's disease,J63.1,0.9927337169647217,,,,,
1195,1,xīn 心,,,0.9627829790115356,,,,,
1195,2,心,Cor,,0.999988317489624,,,,,
1195,3,双腔,biloculare,Q20.8,0.9949219822883606,,,,,
1195,3,三腔,triloculare,Q20.8,0.9680726528167725,,,,,
1195,4,两房,biatrium,Q20.4,0.9381545186042786,,,,,
1195,4,两室,biventriculare,Q21.1,0.884100079536438,,,,,
1195,3,三房,"triatriatum, triatrium",Q24.2,0.9589860439300537,,,,,
1195,3,肺[肺心病](慢性),pulmonale (chronic),I27.9,0.9397911429405212,,,,,
1195,4,急性,acute,I26.0,0.9555188417434692,,,,,
1195,3,牛，巨-见肥大，心脏,"bovis, bovinum - see Hypertrophy, cardiac",,0.9915086627006531,,,,,
1195,2,心瓣病-见心内膜炎,Valvulopathy - see Endocarditis,,0.9975607395172119,,,,,
1195,2,心瓣膜炎(另见心内膜炎),Valvulitis (see also Endocarditis),I38,0.9880971312522888,,,,,
1195,3,风湿性(慢性)(非活动性)(伴有舞蹈症),rheumatic (chronic) (inactive) (with chorea),I09.1,0.9760254621505737,,,,,
1195,4,活动性或急性(主动脉瓣)(二尖瓣)(肺动脉瓣)(三尖瓣),active or acute (aortic) (mitral)(pulmonary) (tricuspid),I01.1,0.9631759524345398,,,,,
1195,3,梅毒性,syphilitic,A52.0+ I39.8*,0.9513469338417053,,,,,
1195,4,二尖瓣,mitral,A52.0+ I39.0*,0.9523549675941467,,,,,
1195,4,三尖瓣,tricuspid,A52.0+ I39.2*,0.9702733159065247,,,,,
1195,4,肺动脉瓣,pulmonary,A52.0+ I39.3*,0.9564905166625977,,,,,
1195,4,主动脉,aortic,A52.0+ I39.1*,0.9692427515983582,,,,,
1195,2,心包的 - 见情况,"Pericardium, pericardial - see condition",,0.9642989039421082,,,,,
1195,2,心包积气(另见 心包炎),Pneumopericardium (see also Pericarditis),I31.9,0.966407299041748,,,,,
1195,3,创伤性(后),traumatic (post),S26.8,0.9805343151092529,,,,,
1195,3,胎儿或新生儿,fetus or newborn,P25.3,0.9786677360534668,,,,,
1195,3,先天性,congenital,P25.3,0.9774820804595947,,,,,
1195,2,心包积水(另见心包炎),Hydropericardium (see also Pericarditis),I31.9,0.9918413162231445,,,,,
1195,2,心包积血,Hemopericardium,I31.2,0.954105019569397,,,,,
1195,3,创伤性,traumatic,S26.0,0.994530200958252,,,,,
1195,3,风湿性,rheumatic,I09.2,0.9410805106163025,,,,,
1195,3,急性心肌梗死后(近期并发症),following acute myocardial infarction (current complication),I23.0,0.9709925651550293,,,,,
1195,3,新生儿,newborn,P54.8,0.9639224410057068,,,,,
1195,2,心包心内膜炎(另见心内膜炎),Periendocarditis (see also Endocarditis),I38,0.9949499368667603,,,,,
1196,2,心包炎(伴有代偿失调)(伴有渗出),"Cardiopericarditis, Pericarditis (with decompensation) (with effusion)",I31.9,0.9880817532539368,,,,,
1196,3,急性(非风湿性),acute (nonrheumatic),I30.9,0.9666409492492676,,,,,
1196,4,伴有舞蹈症(急性)(风湿性)(西德纳姆),with chorea (acute) (rheumatic) (Sydenham's),I02.0,0.9673623442649841,,,,,
1196,4,非特异性,nonspecific,I30.0,0.9538905620574951,,,,,
1196,4,风湿性,rheumatic,I01.0,0.9752930998802185,,,,,
1196,4,良性,benign,I30.8,0.9739409685134888,,,,,
1196,3,慢性(非风湿性),chronic (nonrheumatic),I31.9,0.968350350856781,,,,,
1196,3,伴有风湿热(中的情况),with rheumatic fever (conditionsin 100),I00 I01.0,0.951185405254364,,,,,
1196,4,非活动性或静止的,inactive or quiescent,I09.2,0.9517776370048523,,,,,
1196,4,活动性(另见心包炎，风湿性),"active (see also Pericarditis, rheumatic)",I01.0,0.9582632780075073,,,,,
1196,3,病毒性,viral,I30.1,0.9453609585762024,,,,,
1196,3,肺炎球菌性,pneumococcal,I30.1,0.9682259559631348,,,,,
1196,3,风湿性(活动性)(急性)(伴有渗出)(伴有肺炎),rheumatic (active) (acute) (with effusion) (with pneumonia),I01.0,0.9509543180465698,,,,,
1196,4,伴有舞蹈症(急性)(风湿性)(西德纳姆),with chorea (acute) (rheumatic) (Sydenham's),I02.0,0.9571869373321533,,,,,
1196,4,慢性或非活动性(伴有舞蹈症),chronic or inactive (with chorea),I09.2,0.9689543843269348,,,,,
1196,3,钙化性,calcareous,I31.1,0.9450103640556335,,,,,
1196,3,感染性,infective,I30.1,0.961401104927063,,,,,
1196,3,化脓性,"purulent, suppurative",I30.1,0.9907091856002808,,,,,
1196,3,浆液纤维蛋白性,serofibrinous,I30.8,0.9661371111869812,,,,,
1196,3,结核性,tuberculous,A18.8+ I32.0*,0.9745833873748779,,,,,
1196,3,柯萨奇(病毒性),coxsackie(virus),B33.2+ I32.1*,0.9724255800247192,,,,,
1196,3,链球菌性,streptococcal,I30.1,0.9730775952339172,,,,,
1196,3,淋球菌性,gonococcal,A54.8+ I32.0*,0.9585064053535461,,,,,
1196,3,梅毒性,syphilitic,A52.0+ I32.0*,0.9600356817245483,,,,,
1196,3,脑膜炎球菌性,meningococcal,A39.5+ I32.0*,0.949002206325531,,,,,
1196,3,尿毒症性,uremic,N18.8+ I32.8*,0.9297170042991638,,,,,
1196,3,脓毒性,septic,I30.1,0.9828680753707886,,,,,
1196,3,葡萄球菌性,staphylococcal,I30.1,0.9697149991989136,,,,,
1196,3,缩窄性(慢性),constrictive (chronic),I31.1,0.9800084233283997,,,,,
1196,3,特发性,idiopathic,I30.0,0.9854766130447388,,,,,
1196,3,系统性红斑狼疮性,in systemic lupus erythematosus,M32.1+ I32.8*,0.9447782635688782,,,,,
1196,3,细菌性(急性)(亚急性)(伴有浆液性或浆液脓性渗出),bacterial (acute) (subacute) (with serous or seropurulent effusion),I30.1,0.9690878987312317,,,,,
1196,3,纤维蛋白干酪性(结核性),fibrinocaseous (tuberculous),A18.8+ I32.0*,0.9714070558547974,,,,,
1196,3,纤维蛋白脓性,fibrinopurulent,I30.1,0.9962974786758423,,,,,
1196,3,纤维蛋白性,fibrinous,I30.8,0.9925190210342407,,,,,
1196,3,纤维性,fibrous,I31.0,0.9844442009925842,,,,,
1196,3,粘连性(慢性),adhesive or adherent (chronic),I31.0,0.9770066738128662,,,,,
1196,4,急性-见心包炎，急性,"acute - see Pericarditis, acute",,0.9509598612785339,,,,,
1196,4,风湿性,rheumatic,I09.2,0.9426048398017883,,,,,
1196,2,心包(腔)粘连，缩窄性,Concretio cordis,I31.1,0.9886510372161865,,,,,
1196,2,心包粘连，粘连性,Accretio cordis,I31.0,0.9941731095314026,,,,,
1197,2,心动,Heart beat,,0.9999825358390808,,,,,
1197,3,不规则,irregular,I49.9,0.965943455696106,,,,,
1197,4,心因性,psychogenic,F45.3,0.987287700176239,,,,,
1197,3,疾患,disorder,I49.9,0.984760582447052,,,,,
1197,2,心动过缓(窦房)(窦性)(迷走神经性),"Brachycardia, Bradycardia (sinoatrial)(sinus) (vagal)",R00.1,0.9990821480751038,,,,,
1197,3,胎儿-见窘迫，胎儿,"fetal - see Distress, fetal",,0.9694567918777466,,,,,
1197,2,心动过速,Tachycardia,R00.0,0.9928218722343445,,,,,
1197,3,病态窦性,sick sinus,I49.5,0.9842787384986877,,,,,
1197,3,窦房性，窦性,"sinoauricular, sinusal",R00.0,0.9941731095314026,,,,,
1197,4,阵发性,paroxysmal,I47.1,0.9540584087371826,,,,,
1197,3,结性,nodal,I47.1,0.93807452917099,,,,,
1197,3,室上性,supraventricular,I47.1,0.9844801425933838,,,,,
1197,3,胎儿-见窘迫，胎儿,"fetal - see Distress, fetal",,0.9664543867111206,,,,,
1197,3,心房,"atrial, auricular",I47.1,0.9963709712028503,,,,,
1197,3,心室,ventricular,I47.2,0.9655196666717529,,,,,
1197,3,心因性,psychogenic,F45.3,0.959552526473999,,,,,
1197,4,阵发性,paroxysmal,I47.9,0.9787907600402832,,,,,
1197,3,房室,atrioventricular (AV),I47.1,0.9455939531326294,,,,,
1197,3,交界性,junctional,I47.1,0.9109997749328613,,,,,
1197,3,结性,nodal,I47.1,0.9750325083732605,,,,,
1197,3,室上性,supraventricular,I47.1,0.9739311337471008,,,,,
1197,3,心房,atrial,I47.1,0.8962028622627258,,,,,
1197,3,心室,ventricular,I47.2,0.9767119884490967,,,,,
1197,2,心发育不全,Atelocardia,Q24.9,0.9802194237709045,,,,,
1197,2,心肌病(家族性)(特发性),"Cardiomyopathy, Myocardiopathy (familial) (idiopathic)",I42.9,0.9682185649871826,,,,,
1197,3,病毒性,viral,B33.2+ I43.0*,0.9603713750839233,,,,,
1197,3,并发于妊娠,complicating pregnancy,O99.4,0.9568609595298767,,,,,
1197,3,产后,postpartum,O90.3,0.9437115788459778,,,,,
1197,3,充血性,congestive,I42.0,0.9635928869247437,,,,,
1197,3,代谢性,metabolic,E88.9+ I43.1*,0.967901349067688,,,,,
1197,3,淀粉样,amyloid,E85.4+ I43.1*,0.9517943859100342,,,,,
1197,3,动脉硬化性,arteriosclerotic,I25.1,0.9679319262504578,,,,,
1197,3,非洲原因不明的,obscure of Africa,I42.8,0.9758432507514954,,,,,
1197,3,肥厚型(非梗阻性),hypertrophic (nonobstructive),I42.2,0.9728967547416687,,,,,
1197,4,梗阻性,obstructive,I42.1,0.9777359962463379,,,,,
1197,5,先天性,congenital,Q24.8,0.9672780632972717,,,,,
1197,3,风湿性,rheumatic,I09.0,0.9039730429649353,,,,,
1197,3,高血压性(另见高血压，心脏).,"hypertensive (see also Hypertension, heart)",I11.9,0.975253164768219,,,,,
1197,3,继发性,secondary,I42.9,0.9555599689483643,,,,,
1197,3,甲状腺毒性,thyrotoxic,E05.9+ I43.8*,0.9646629095077515,,,,,
1197,3,见于,in,,0.9979502558708191,,,,,
1197,4,查加斯病中的(慢性),Chagas' disease (chronic),B57.2+ I41.2*,0.9536013603210449,,,,,
1197,5,急性,acute,B57.0+ I41.2*,0.9667757153511047,,,,,
1197,4,结节病中的,sarcoidosis,D86.8+ I43.8*,0.9468727111816406,,,,,
1198,3,脚气病,beriberi,E51.1+ I43.2*,0.9734719395637512,,,,,
1198,3,结核性,tuberculous,A18.8+ I43.0*,0.9678286910057068,,,,,
1198,3,酒精性,alcoholic,I42.6,0.9789471626281738,,,,,
1198,3,扩张型,dilated,I42.0,0.9502016305923462,,,,,
1198,3,缺血性,ischemic,I25.5,0.9916258454322815,,,,,
1198,3,缩窄性NEC,constrictive NEC,I42.5,0.9624334573745728,,,,,
1198,3,先天性,congenital,I42.4,0.9590188264846802,,,,,
1198,3,限制型NEC,restrictive NEC,I42.5,0.9485807418823242,,,,,
1198,3,营养性,nutritional,E63.9+ I43.2*,0.9605397582054138,,,,,
1198,3,由于,due to,,0.9493741393089294,,,,,
1198,4,酒精,alcohol,I42.6,0.9531755447387695,,,,,
1198,4,外因NEC,external agents NEC,I42.7,0.9785763621330261,,,,,
1198,4,药物,drugs,I42.7,0.9724665880203247,,,,,
1198,2,心肌的 -见情况,"Myocardium, myocardial - see condition",,0.8784235119819641,,,,,
1198,2,心肌梗死后综合征,Dressler's syndrome,I24.1,0.9951027631759644,,,,,
1198,2,心肌软化(另见变性，心肌),Cardiomalacia (see also myocardial),I51.5,0.9812930226325989,,,,,
1198,2,心肌心包炎(另见心包炎),Myopericarditis (see also Pericarditis),I31.9,0.9943692684173584,,,,,
1198,3,慢性风湿性,chronic rheumatic,I09.2,0.9868648052215576,,,,,
1198,2,心肌心内膜炎-见心内膜炎,"Endomyocarditis, Myoendocarditis – see Endocarditis",,0.9540256857872009,,,,,
1198,2,心肌炎(慢性)(纤维样)(间质性)(陈旧性)(进行性)(老年性)(伴有动脉硬化),Myocarditis (chronic) (fibroid) (interstitial) (old) (progressive) (senile) (with arteriosclerosis),I51.4,0.9822996854782104,,,,,
1198,3,急性或亚急性(间质性),acute or subacute (interstitial),I40.9,0.9804198145866394,,,,,
1198,4,风湿性,rheumatic,I01.2,0.9707059264183044,,,,,
1198,5,伴有舞蹈症(急性)(风湿性)(西德纳姆),with chorea (acute) (rheumatic) (Sydenham's),I02.0,0.901084303855896,,,,,
1198,4,特指的NEC,specified NEC,I40.8,0.9937207698822021,,,,,
1198,3,白喉性,diphtheritic,A36.8+ I41.0*,0.9674816131591797,,,,,
1198,3,瓣膜-见心内膜炎,valvular – see Endocarditis,,0.9593586325645447,,,,,
1198,3,病毒性NEC,"virus, viral NEC",I40.0,0.9914215207099915,,,,,
1198,4,新生儿(柯萨奇(病毒性)),of newborn (coxsackie(virus)),B33.2+ I41.1*,0.9629296064376831,,,,,
1198,3,菲尔德(急性)(孤立性),Fiedler's (acute) (isolated),I40.1,0.9817127585411072,,,,,
1198,3,风湿性(慢性)(非活动性)(伴有舞蹈症),rheumatic (chronic) (inactive) (with chorea),I09.0,0.9642302393913269,,,,,
1198,4,活动性或急性,active or acute,I01.2,0.9366102814674377,,,,,
1198,5,伴有舞蹈症(急性)(风湿性)(西德纳姆),with chorea (acute) (rheumatic) (Sydenham's),I02.0,0.909176230430603,,,,,
1198,3,感染性,infective,I40.0,0.9841192960739136,,,,,
1198,3,高血压性(另见高血压，心脏),"hypertensive (see also Hypertension, heart)",I11.9,0.9838979244232178,,,,,
1198,3,孤立性(急性),isolated (acute),I40.1,0.9752067923545837,,,,,
1198,3,活动性,active,I40.9,0.9637454748153687,,,,,
1198,4,风湿热,rheumatic (fever),I01.2,0.9727913737297058,,,,,
1198,5,伴有舞蹈症(急性)(风湿性)(西德纳姆),with chorea (acute) (rheumatic) (Sydenham's),I02.0,0.9587417840957642,,,,,
1199,3,见于(由于),in (due to),,0.9781572818756104,,,,,
1199,4,白喉,diphtheria,A36.8+ I41.0*,0.9623183012008667,,,,,
1199,4,斑疹伤寒 NEC,typhus NEC,A75.9+ I41.0*,0.9765159487724304,,,,,
1199,4,弓形虫病(后天性),toxoplasmosis (acquired),B58.8+ I41.2*,0.9552944302558899,,,,,
1199,4,结节病,sarcoidosis,D86.8+ I41.8*,0.9724739193916321,,,,,
1199,4,流行性虱媒介斑疹伤寒,epidemic louse-borne typhus,A75.0+ I41.0*,0.9650324583053589,,,,,
1199,4,猩红热,scarlet fever,A38+ I41.0*,0.9521398544311523,,,,,
1199,3,结核性,tuberculous,A18.8+ I41.0*,0.9623578786849976,,,,,
1199,3,柯萨奇(病毒性),coxsackie (virus),B33.2+ I41.1*,0.9489951133728027,,,,,
1199,3,淋球菌性,gonococcal,A54.8+ I41.0*,0.9581905603408813,,,,,
1199,3,流感性(具体病毒未证实),influenzal (specific virus not identified),J11.8+ I41.1*,0.9910151958465576,,,,,
1199,4,禽流感病毒已证实,avian influenza virus identified,J09+ I41.1*,0.9799370169639587,,,,,
1199,4,其他流感病毒已证实,other influenza virus identified,J10.8+ I41.1*,0.9826940298080444,,,,,
1199,3,流行性腮腺炎,mumps,B26.8+ I41.1*,0.9633870124816895,,,,,
1199,3,梅毒性(慢性),syphilitic (chronic),A52.0+ I41.0*,0.9514443278312683,,,,,
1199,3,脑膜炎球菌性,meningococcal,A39.5+ I41.0*,0.9793796539306641,,,,,
1199,3,脓毒性,septic,I40.0,0.9830470681190491,,,,,
1199,3,伤寒,typhoid,A01.0+ I41.0*,0.9698511362075806,,,,,
1199,3,特发性,idiopathic,I40.1,0.9723793864250183,,,,,
1199,3,无菌性，新生儿的,"aseptic, of newborn",B33.2+ I41.1*,0.9707315564155579,,,,,
1199,3,细菌性(急性),bacterial (acute),I40.0,0.968649685382843,,,,,
1199,3,新生儿流行性(柯萨奇(病毒性)),epidemic of newborn (coxsackie(virus)),B33.2+ I41.1*,0.9808563590049744,,,,,
1199,3,中毒性,toxic,I40.8,0.946212112903595,,,,,
1199,4,风湿性(另见心肌炎，急性，风湿性),"rheumatic (see also Myocarditis, acute, rheumatic)",I01.2,0.9223743677139282,,,,,
1199,2,心悸,Palpitations (heart),R00.2,0.9911527633666992,,,,,
1199,3,心因性,psychogenic,F45.3,0.9505965113639832,,,,,
1199,2,心绞痛(发作)(心)(胸)(综合征)(血管运动性),Angina (attack) (cardiac) (chest) (heart) (pectoris) (syndrome) (vasomotor),I20.9,0.974245011806488,,,,,
1199,3,伴有确证的痉挛,with documented spasm,I20.1,0.9928854703903198,,,,,
1199,3,变异性,variant,I20.1,0.9706740379333496,,,,,
1199,3,不稳定,unstable,I20.0,0.9622238874435425,,,,,
1199,3,梗死前的,pre-infarctional,I20.0,0.9909886717796326,,,,,
1199,3,痉挛诱发的,spasm-induced,I20.1,0.9831047058105469,,,,,
1199,3,劳力的,of effort,I20.8,0.9627361297607422,,,,,
1199,3,劳力恶化型,worsening effort,I20.0,0.9899222254753113,,,,,
1199,3,劳力再次型,de novo effort,I20.0,0.9955505132675171,,,,,
1199,3,普林兹梅特尔,Prinzmetal,I20.1,0.9736736416816711,,,,,
1199,3,特指的 NEC,specified NEC,I20.8,0.9838808178901672,,,,,
1199,3,卧位,decubitus,I20.0,0.9912036657333374,,,,,
1199,3,血管痉挛性,angiospastic,I20.1,0.9912100434303284,,,,,
1199,3,增强型,crescendo,I20.0,0.9824509024620056,,,,,
1199,2,心扩张-见肥大，心脏,"Cardiectasis - see Hypertrophy, cardiac",,0.9951046109199524,,,,,
1199,2,心理分析(治疗),"Psychoanalysis (therapy), Psychotherapy",Z50.4,0.9881078004837036,,,,,
1200,2,心理治疗,Psychotherapy,Z50.4,0.9529500007629395,,,,,
1200,2,心律失常(心脏的),Arrhythmia (cardiac),I49.9,0.9855834245681763,,,,,
1200,3,期前收缩性,extrasystolic,I49.4,0.993393063545227,,,,,
1200,3,特指的 NEC,specified NEC,I49.8,0.931788980960846,,,,,
1200,3,新生儿,newborn,P29.1,0.9887211918830872,,,,,
1200,3,心室折返性,ventricular re-entry,I47.0,0.9468889832496643,,,,,
1200,3,心因性,psychogenic,F45.3,0.9761945009231567,,,,,
1200,2,心内膜-另见情况,"Endocardium, endocardial - see also condition",,0.9982913732528687,,,,,
1200,3,垫缺陷,cushion defect,Q21.2,0.9762869477272034,,,,,
1200,2,心内膜下的 - 见情况,Subendocardium - see condition,,0.966906726360321,,,,,
1200,2,心内膜心肌纤维化,Endomyofibrosis,I42.3,0.9789339303970337,,,,,
1200,2,心内膜炎(慢性)(非细菌性)(血栓形成性)(瓣膜),Endocarditis (chronic) (nonbacterial) (thrombotic) (valvular),I38,0.9515351057052612,,,,,
1200,3,急性或亚急性,acute or subacute,I33.9,0.9686513543128967,,,,,
1200,4,风湿性(主动脉)(二尖瓣)(肺)(三尖瓣),rheumatic (aortic) (mitral) (pulmonary) (tricuspid),I01.1,0.9549098014831543,,,,,
1200,5,和舞蹈症(急性)(风湿性)(西德纳姆),with chorea (acute) (rheumatic) (Sydenham's),I02.0,0.9193835258483887,,,,,
1200,4,感染性,infective,I33.0,0.9602535367012024,,,,,
1200,3,亚急性-见心内膜炎，急性,"subacute - see Endocarditis, acute",,0.9802126288414001,,,,,
1200,3,二尖瓣(慢性)(双)(纤维瘤)(心脏)(非活动性)(瓣膜)(伴有舞蹈症),mitral (chronic) (double) (fibroid) (heart) (inactive) (valve) (with chorea),I05.9,0.9617394208908081,,,,,
1200,4,伴有,with,,0.8005496859550476,,,,,
1200,5,三尖瓣疾病,tricuspid (valve) disease,I08.1,0.9538599848747253,,,,,
1200,6,和主动脉(瓣)疾病,with aortic (valve) disease,I08.3,0.9868245124816895,,,,,
1200,3,风湿热(中的情况),rheumatic fever (conditions in 100),I00,0.9751394987106323,,,,,
1200,3,非活动性或静止的(伴有舞蹈症),inactive or quiescent (with chorea),I05.9,0.9741970300674438,,,,,
1200,3,活动性-见心内膜炎，急性，风湿性,"active - see Endocarditis, acute, rheumatic",,0.9833469390869141,,,,,
1200,5,主动脉(瓣)疾病(未特指病因),aortic (valve) disease (unspecified origin),I08.0,0.9805501103401184,,,,,
1200,6,和三尖瓣疾病(未特指病因),with tricuspid (valve) disease (unspecified origin),I08.3,0.9769686460494995,,,,,
1200,4,活动性或急性,active or acute,I01.1,0.9467465877532959,,,,,
1200,5,和舞蹈症(急性)(风湿性)(西德纳姆),with chorea (acute) (rheumatic) (Sydenham's),I02.0,0.9050410985946655,,,,,
1200,4,动脉硬化性,arteriosclerotic,I34.8,0.9766586422920227,,,,,
1200,4,非风湿性,nonrheumatic,I34.8,0.9481855034828186,,,,,
1200,3,急性或亚急性,acute or subacute,I33.9,0.9712336659431458,,,,,
1200,4,活动性或急性,active or acute,I01.1,0.9510317444801331,,,,,
1200,5,和舞蹈症(急性)(风湿性)(西德纳姆),with chorea (acute) (rheumatic) (Sydenham's),I02.0,0.9186522364616394,,,,,
1200,4,特指的NEC,specified NEC,I05.8,0.9717491865158081,,,,,
1200,3,三尖瓣(慢性)(心脏)(非活动性)(风湿性)(瓣膜)(伴有舞蹈症),tricuspid (chronic) (heart) (inactive) (rheumatic) (valve) (with chorea),I07.8,0.9657761454582214,,,,,
1200,4,伴有,with,,0.7787970304489136,,,,,
1200,5,二尖瓣疾病,mitral (valve) disease,I08.1,0.9147803783416748,,,,,
1200,6,和主动脉(瓣)疾病(未特指病因),aortic (valve) disease (unspecified origin),I08.3,0.9632218480110168,,,,,
