image_page,level,chinese,english,code,confidence,malignant_primary,malignant_secondary,in_situ,benign,uncertain_or_unspecified
551,4,精神活性物质NEC,psychoactive substances NEC,F19.3,0.9920207262039185,,,,,
551,5,伴有谵妄,with delirium,F19.4,0.9715343117713928,,,,,
551,4,酒精,alcohol,F10.3,0.9895938038825989,,,,,
551,5,伴有谵妄,with delirium,F10.4,0.9710796475410461,,,,,
551,4,咖啡因,caffeine,F15.3,0.9692163467407227,,,,,
551,4,可卡因,cocaine,F14.3,0.9853646159172058,,,,,
551,5,伴有谵妄,with delirium,F14.4,0.9102776646614075,,,,,
551,4,类固醇NEC(恰当使用正确的物质),steroid NEC (correct substance properly administered),E27.3,0.9849380850791931,,,,,
551,5,过量或给错或服错药物,overdose or wrong substance given or taken,T38.0,0.9905638694763184,,,,,
551,4,类阿片药,opioids,F11.3,0.9817025661468506,,,,,
551,5,伴有谵妄,with delirium,F11.4,0.9825801253318787,,,,,
551,4,新生儿,newborn,,0.9288241863250732,,,,,
551,5,恰当使用正确的治疗物质,correct therapeutic substance properly administered,P96.2,0.9869099855422974,,,,,
551,5,有药瘾母亲的,infant of dependent mother,P96.1,0.9858824014663696,,,,,
551,4,兴奋剂 NEC,stimulants NEC,F15.3,0.9606325030326843,,,,,
551,5,伴有谵妄,with delirium,F15.4,0.9866531491279602,,,,,
551,4,烟草,tobacco,F17.3,0.9587929844856262,,,,,
551,4,药物NEC,drug NEC,F19.3,0.9941062331199646,,,,,
551,5,伴有谵妄,with delirium,F19.4,0.9717180728912354,,,,,
551,4,镇静剂,sedatives,F13.3,0.9533787369728088,,,,,
551,5,伴有谵妄,with delirium,F13.4,0.9850956797599792,,,,,
551,4,致幻剂,hallucinogens,F16.3,0.9631213545799255,,,,,
551,5,伴有谵妄,with delirium,F16.4,0.975960910320282,,,,,
551,2,戒瘾症状，戒瘾综合征,"Abstinence symptoms, syndrome",,0.9986242055892944,,,,,
551,3,酒精,alcohol,F10.3,0.9529331922531128,,,,,
551,3,药物-见F11-F19伴有第四位数.3,drug - see F11-F19 with fourth character,,0.9882894158363342,,,,,
551,1,jiè 疥,,,0.9731256365776062,,,,,
551,2,疥疮(任何部位),Scabies (any site),B86,0.977303683757782,,,,,
551,1,jīn 金,,,0.9616085290908813,,,,,
551,2,金伯克病或骨软骨病,Kienböck's disease or osteochondrosis,M92.2,0.9793413281440735,,,,,
551,3,成人,adult,M93.1,0.9661908149719238,,,,,
551,2,金鸡纳中毒,Cinchonism,,0.9997919797897339,,,,,
551,3,过量或给错或服错药物,overdose or wrong substance given or taken,T37.2,0.9791287779808044,,,,,
551,3,恰当使用正确的物质,correct substance properly administered,H91.0,0.9989972114562988,,,,,
551,2,金属,Metal,,0.9997974634170532,,,,,
551,3,抛光工病,polisher's disease,J62.8,0.9967988133430481,,,,,
551,3,色素沉着,pigmentation,L81.8,0.9996912479400635,,,,,
552,1,jīn 筋,,,0.9591209292411804,,,,,
552,2,筋膜的 - 见情况,Fascia - see condition,,0.954050600528717,,,,,
552,2,筋膜炎,Fasciitis,M72.5,0.9500010013580322,,,,,
552,3,创伤性(陈旧性),traumatic (old),M72.8,0.993753969669342,,,,,
552,4,近期-作为扭伤，按部位编码,"current - code, as Sprain, by site",,0.9637448787689209,,,,,
552,3,坏死性,necrotizing,M72.6,0.9560345411300659,,,,,
552,3,结节性,nodular,M72.4,0.9806075692176819,,,,,
552,3,弥漫性(嗜酸细胞性),diffuse (eosinophilic),M35.4,0.9826772212982178,,,,,
552,3,肾周(伴有输尿管阻塞),perirenal (with ureteral obstruction),N13.5,0.9859730005264282,,,,,
552,4,伴有感染,with infection,N13.6,0.9775462746620178,,,,,
552,3,.一特指的 NEC,specified NEC,M72.8,0.9286033511161804,,,,,
552,3,足底,plantar,M72.2,0.9961093664169312,,,,,
552,1,jǐn 紧,,,0.9505613446235657,,,,,
552,2,紧，过紧,Tightness,,0.9998481273651123,,,,,
552,3,包皮(先天性),foreskin (congenital),N47,0.9866431951522827,,,,,
552,3,处女膜(环),"hymen, hymenal ring",N89.6,0.9917507171630859,,,,,
552,3,肛门,anus,K62.8,0.9651108384132385,,,,,
552,3,腱(另见短，腱),"tendon (see also Short, tendon)",M67.1,0.9705377221107483,,,,,
552,3,尿道括约肌,urethral sphincter,N35.9,0.9957874417304993,,,,,
552,3,阴道入口,introitus,N89.6,0.9943970441818237,,,,,
552,3,直肠括约肌,rectal sphincter,K62.8,0.968411922454834,,,,,
552,2,紧张,"Stress, Tension",,0.9992474317550659,,,,,
552,3,工作安排,work schedule,Z56.3,0.9833329916000366,,,,,
552,3,精神NEC,mental NEC,Z73.3,0.9492451548576355,,,,,
552,3,身体 NEC,physical NEC,Z73.3,0.9494994282722473,,,,,
552,4,与工作有关的,work-related,Z56.6,0.9749001860618591,,,,,
552,3,神经,nervous,R45.0,0.9849089980125427,,,,,
552,4,与工作有关的,work-related,Z56.6,0.9277520775794983,,,,,
552,3,头痛,headache,G44.2,0.978268027305603,,,,,
552,3,月经前,premenstrual,N94.3,0.995861291885376,,,,,
552,3,状态(精神),state (mental),F48.9,0.9844241142272949,,,,,
552,2,紧张症(精神分裂性),Catatonia (schizophrenic),F20.2,0.9999203681945801,,,,,
552,1,jìn 进,,,,,,,,
552,2,进食过度,Overeating,R63.2,0.9998658895492554,,,,,
552,3,非器质性原因,nonorganic origin,F50.4,0.961331307888031,,,,,
552,3,心因性,psychogenic,F50.4,0.9761642813682556,,,,,
552,2,进行性的 - 见情况,Progressive - see condition,,0.9433960914611816,,,,,
552,2,进行性骨化性纤维发育不良,Fibrodysplasia ossificans progressiva,M61.1,0.9911772608757019,,,,,
553,1,jìn 近,,,,,,,,
553,2,近视(轴性)(先天性)(进行性),"Myopia, Nearsightedness, Shortsightedness (axial) (congenital) (progressive)",H52.1,0.9406623244285583,,,,,
553,3,变性[进行性近视],degenerative,H44.2,0.9972772002220154,,,,,
553,3,恶性,"malignant, pernicious",H44.2,0.9743421077728271,,,,,
553,2,近中验,Mesio-occlusion,K07.2,0.947229266166687,,,,,
553,1,jìn 浸,,,0.9893121719360352,,,,,
553,2,浸泡,Immersion,T75.1,0.9813802242279053,,,,,
553,3,足或手,foot or hand,T69.0,0.9661751985549927,,,,,
553,2,浸润,"Infiltrate, infiltration",,0.999509334564209,,,,,
553,3,白血病性(M9800/3)-见 白血病,leukemic (M9800/3)- see Leukemia,,0.9798065423965454,,,,,
553,3,玻璃体,vitreous body,H43.8,0.9728161096572876,,,,,
553,3,淀粉样(全身性)(另见淀粉样变),amyloid (generalized) (see also Amyloidosis),E85.9,0.9798414707183838,,,,,
553,4,局限性,localized,E85.4,0.967922031879425,,,,,
553,3,肺(嗜酸细胞性),lung (eosinophilic),J82,0.9819585680961609,,,,,
553,3,钙盐,calcium salt,R89.7,0.9811837673187256,,,,,
553,3,肝,liver,K76.8,0.9692513346672058,,,,,
553,4,糖原性(另见病，糖原贮积),"glycogen (see also Disease, glycogen storage)",E74.0+ K77.8*,0.9597864747047424,,,,,
553,4,脂肪性-见脂肪(性)，肝NEC,"fatty - see Fatty, liver NEC",,0.9657084345817566,,,,,
553,3,肌肉，脂肪性,"muscle, fatty",M62.8,0.9933241009712219,,,,,
553,3,角膜,corneal,H18.2,0.9618569016456604,,,,,
553,3,淋巴(M9820/3)(另见白血病，淋巴性),"lymphatic (M9820/3) (see also Leukemia, lymphatic)",C91.9,0.9932355284690857,,,,,
553,4,腺,gland,I88.9,0.9396042823791504,,,,,
553,3,肾,kidney,N28.8,0.9656957983970642,,,,,
553,3,石灰质 NEC,calcareous NEC,R89.7,0.9630807042121887,,,,,
553,4,局限性-见变性，按部位,"localized - see Degeneration, by site",,0.9550133943557739,,,,,
553,3,糖原性(另见病，糖原贮积),"glycogen, glycogenic (see also Disease, glycogen storage)",E74.0,0.993450403213501,,,,,
553,3,心肌,"myocardium, myocardial",,0.9888833165168762,,,,,
553,4,糖原性,glycogenic,E74.0+ I43.1*,0.9671050906181335,,,,,
553,4,脂肪性(另见变性，心肌),"fatty (see also Degeneration, myocardial)",I51.5,0.9712757468223572,,,,,
553,3,心脏,"heart, cardiac",,0.956695020198822,,,,,
553,4,糖原性,glycogenic,E74.0+ I43.1*,0.9890932440757751,,,,,
553,4,脂肪性(另见变性，心肌),"fatty (see also Degeneration, myocardial)",I51.5,0.9686353802680969,,,,,
553,3,胸(腺)(脂肪性),thymus (gland) (fatty),E32.8,0.9602239727973938,,,,,
553,3,炎症性，玻璃(体)内,"inflammatory, in vitreous (body)",H43.8,0.9891535639762878,,,,,
553,3,眼睑,eyelid,H01.8,0.9661117196083069,,,,,
553,2,浸润性(上部)肺结核(伴有肺不张)(变应性),Epituberculosis (with atelectasis) (allergic),A16.7,0.9965975880622864,,,,,
553,3,伴有细菌学和组织学证实,with bacteriological and histological confirmation,A15.7,0.9831833243370056,,,,,
553,2,浸渍胎儿(原因未述及),"Maceration, fetus (cause not stated)",P95,0.9976692199707031,,,,,
554,1,jīng 经,,,,,,,,
554,2,经闭 - 现译名 闭经,Amenorrhea,,0.8626149892807007,,,,,
554,2,经产妇,Multiparity (grand),Z64.1,0.999890148639679,,,,,
554,3,要求避孕-见避孕,requiring contraceptive management - see Contraception,,0.9930614233016968,,,,,
554,3,影响妊娠、产程和分娩的处理(仅为监督),"affecting management of pregnancy, labor and delivery (supervision only)",Z35.4,0.9917025566101074,,,,,
554,2,经间的 - 见情况,Intermenstrual - see condition,,0.9329474568367004,,,,,
554,2,经间痛,Mittelschmerz,N94.0,0.9701937437057495,,,,,
554,2,经前紧张征,Premenstrual tension (syndrome),N94.3,0.9998786449432373,,,,,
554,1,jīng 惊,,,0.9419723153114319,,,,,
554,2,惊恐(发作)(状态),Panic (attack) (state),F41.0,0.9907382726669312,,,,,
554,3,对异常应激的反应(短暂性),reaction to exceptional stress (transient),F43.0,0.9977899789810181,,,,,
554,2,惊厥(特发性)(另见发作),"Convulsions, Fit (idiopathic) (see also Seizure)",R56.8,0.9982049465179443,,,,,
554,3,产科(肾炎)(尿毒症的)-见子痫,obstetrical (nephritic) (uremic) - see Eclampsia,,0.9817516803741455,,,,,
554,3,卒中样(大脑缺血),apoplectiform (cerebral ischemia),I67.8,0.9703326225280762,,,,,
554,3,癫痫性(另见癫痫),epileptic (see also Epilepsy),G40.9,0.9096678495407104,,,,,
554,3,癫痫样(另见发作，癫痫样),"epileptiform, epileptoid (see also Seizure, epileptiform)",R56.8,0.9161527752876282,,,,,
554,3,发热,febrile,R56.0,0.9746711254119873,,,,,
554,3,全身性,generalized,R56.8,0.989940881729126,,,,,
554,3,新生儿,newborn,P90,0.9493090510368347,,,,,
554,4,良性(家族性),benign (familial),G40.3,0.9893745183944702,,,,,
554,3,乙醚(麻醉),ether (anesthetic),,0.9360964894294739,,,,,
554,4,过量或给错药物,overdose or wrong substance given,T41.0,0.9949910044670105,,,,,
554,4,恰当使用正确的物质,correct substance properly administered,R56.8,0.9890347719192505,,,,,
554,3,癔症性,hysterical,F44.5,0.9570297598838806,,,,,
554,3,婴儿期,infantile,R56.8,0.9581886529922485,,,,,
554,4,癫痛-见癫痛,epilepsy - see Epilepsy,,0.767066478729248,,,,,
554,3,晕厥,fainting,R55,0.9339599609375,,,,,
554,2,惊厥性咳嗽(另见百日咳),Tussis convulsiva (see also Whooping cough),A37.9,0.9923744797706604,,,,,
554,1,jīng 晶,,,0.9998270869255066,,,,,
554,2,晶状粟疹[痱子],"Sudamen, sudamina",L74.1,0.9662203192710876,,,,,
554,2,晶状体的 - 见情况,Lens - see condition,,0.9815681576728821,,,,,
554,2,晶状体瘤,Phakoma,H35.8,0.9897649884223938,,,,,
554,2,晶状体血管膜,Tunica vasculosa lentis,Q12.2,0.9992199540138245,,,,,
555,1,jīng 精,,,,,,,,
555,2,精氨酸血症,Argininemia,E72.2,0.9770569205284119,,,,,
555,2,精母细胞性精原细胞瘤(M9063/3),Spermatocytoma (M9063/3),,0.9994928240776062,,,,,
555,3,特指部位-见肿瘤，恶性,"specified site - see Neoplasm, malignant",,0.9881389141082764,,,,,
555,3,未特指部位,unspecified site,C62.9,0.9767956733703613,,,,,
555,2,精囊炎,"Gonecystitis, Spermatocystitis, Vesiculitis (seminal)",N49.0,0.9856580495834351,,,,,
555,3,阿米巴,amebic,A06.8,0.9772138595581055,,,,,
555,3,结核性,tuberculous,A18.1+ N51.8*,0.9800735712051392,,,,,
555,3,淋病性(急性)(慢性),gonorrheal (acute) (chronic),A54.2+ N51.8*,0.9731505513191223,,,,,
555,3,毛滴虫性,trichomonal,A59.0+ N51.8*,0.992260754108429,,,,,
555,2,精囊周炎(另见精囊炎),Perivesiculitis (seminal) (see also Vesiculitis),N49.0,0.9799656271934509,,,,,
555,2,精神-另见情况,Mental - see also condition,,0.9897690415382385,,,,,
555,3,发育迟缓-见发育迟缓，精神,"retardation - see Retardation, mental",,0.9940764307975769,,,,,
555,2,精神病(非器质性),"Psychosis, psychotic",F29,0.9980643391609192,,,,,
555,3,残留性(饮酒或服药后)-编码于F10-F19伴有第四位数.7,residual (after alcohol or drug use) - code to F10-F19 with fourth character.7,,0.9892496466636658,,,,,
555,3,产后,postpartum,F53.1,0.9464080333709717,,,,,
555,3,产褥期,puerperal,F53.1,0.9465419054031372,,,,,
555,4,特指类型-见精神病，按类型,"specified type - see Psychosis, by type",,0.9811981916427612,,,,,
555,3,迟发性(饮酒或服药后)编码于F10-F19伴有第四位数.7,late-onset (after alcohol or drug use)code to F10-F19 with fourth character.7,,0.9994305372238159,,,,,
555,3,处境性(反应性),situational (reactive),F23.9,0.9972892999649048,,,,,
555,3,癫痫性,epileptic,F06.8,0.9241339564323425,,,,,
555,3,动脉硬化性,arteriosclerotic,F01.9,0.9648621678352356,,,,,
555,3,多神经炎性，酒精中毒性,"polyneuritic, alcoholic",F10.6,0.9825229644775391,,,,,
555,3,发作,episode,F23.9,0.944259762763977,,,,,
555,4,由于或与躯体状况有关,due to or associated with physical condition,F06.8,0.9647711515426636,,,,,
555,3,反应性(短暂性)(情感应激)(心理创伤),reactive (brief) (transient) (emotional stress) (psychological trauma),F23.9,0.9783315062522888,,,,,
555,4,具有精神分裂样特征的短暂性,brief with schizophrenia-like features,F23.2,0.9756099581718445,,,,,
555,4,兴奋型,excitative type,F30.8,0.9766960144042969,,,,,
555,4,抑郁性,depressive,F32.3,0.9890879392623901,,,,,
555,5,复发性,recurrent,F33.3,0.9880305528640747,,,,,
555,4,意识错乱,confusion,F23.0,0.9450965523719788,,,,,
555,3,非器质性,nonorganic,F29,0.9800316095352173,,,,,
555,4,特指的NEC,specified NEC,F28,0.9680992960929871,,,,,
555,3,分裂情感性,schizoaffective,F25.9,0.9993054866790771,,,,,
555,4,抑郁型,depressive type,F25.1,0.9743431210517883,,,,,
555,4,躁狂型,manic type,F25.0,0.9721787571907043,,,,,
555,3,感染性,infective,F05.9,0.9952257871627808,,,,,
555,4,急性,acute,F05.9,0.9579002857208252,,,,,
555,4,亚急性(另见谵妄),subacute (see also Delirium),F05.8,0.981423556804657,,,,,
556,3,更年期,"climacteric, involutional",F28,0.9919977188110352,,,,,
556,4,偏执(状态),paranoid (state),F22.8,0.9710759520530701,,,,,
556,3,共生性(童年),symbiotic (childhood),F84.3,0.9972061514854431,,,,,
556,3,幻觉性，慢性,"hallucinatory, chronic",F28,0.9703289270401001,,,,,
556,3,混合型精神分裂性和情感性,mixed schizophrenic and affective,F25.2,0.980225145816803,,,,,
556,3,急性(短暂性),acute (transient),F23.9,0.9959141612052917,,,,,
556,4,特指的NEC,specified NEC,F23.8,0.9628658294677734,,,,,
556,4,癔症性,hysterical,F44.9,0.961046576499939,,,,,
556,3,精神错乱,confusional,F29,0.9774951934814453,,,,,
556,4,反应性,reactive,F23.0,0.9598464965820312,,,,,
556,4,急性或亚急性,acute or subacute,F05.9,0.9758363962173462,,,,,
556,3,精神分裂样,schizophreniform,F20.8,0.9905964136123657,,,,,
556,4,短暂性,brief,F23.2,0.9647575616836548,,,,,
556,4,混合型,mixed type,F25.2,0.9788374900817871,,,,,
556,4,精神混乱型,confusional type,F23.1,0.974393904209137,,,,,
556,4,情感型,affective type,F25.9,0.9537519812583923,,,,,
556,4,抑郁型,depressive type,F25.1,0.9395002126693726,,,,,
556,4,躁狂型,manic type,F25.0,0.9736393690109253,,,,,
556,3,精神分裂症(性)(另见精神分裂症),"schizophrenia, schizophrenic (see also Schizophrenia)",F20.9,0.9807198643684387,,,,,
556,3,精神分裂症样，癫痫所致的,"schizophrenia-like, in epilepsy",F06.2,0.9577999114990234,,,,,
556,3,酒精中毒性,alcoholic,F10.5,0.9755257964134216,,,,,
556,4,伴有,with,,0.846432089805603,,,,,
556,5,痴呆,dementia,F10.7,0.9442015290260315,,,,,
556,5,妒嫉症,jealousy,F10.5,0.9604524970054626,,,,,
556,5,幻觉症,hallucinosis,F10.5,0.9558092355728149,,,,,
556,5,偏执狂,paranoia,F10.5,0.9731234312057495,,,,,
556,5,震颤谵妄,delirium tremens,F10.4,0.9593029618263245,,,,,
556,4,迟发性,late-onset,F10.7,0.9572877883911133,,,,,
556,4,多神经炎性,polyneuritic,F10.6,0.9751510620117188,,,,,
556,4,科萨科夫,Korsakov's,F10.6,0.9410688877105713,,,,,
556,4,特指的 NEC,specified NEC,F10.5,0.9706035256385803,,,,,
556,4,妄想狂样型,paranoid type,F10.5,0.9781882762908936,,,,,
556,4,遗忘性虚构症,amnestic confabulatory,F10.6,0.9679280519485474,,,,,
556,3,绝经期(另见精神病，更年期),"menopausal (see also Psychosis, involutional)",F28,0.9875063896179199,,,,,
556,3,科萨科夫(酒精中毒性),Korsakov's (alcoholic),F10.6,0.9825215339660645,,,,,
556,4,被其他精神活性物质引起的-编码于F11-F19伴有第四位数.6,induced by other psychoactive substance - code to F11-F19 with fourth character.6,,0.9689141511917114,,,,,
556,3,老年精神病态(型),presbyophrenic (type),F03,0.9748109579086304,,,,,
556,3,老年性NEC,senile NEC,F03,0.9573394060134888,,,,,
556,4,单纯性衰退,simple deterioration,F03,0.9786363840103149,,,,,
556,4,特指类型-见精神病，按类型,"specified type - see Psychosis, by type",,0.9423586130142212,,,,,
556,4,抑郁或妄想狂样型,depressed or paranoid type,F03,0.9908981323242188,,,,,
557,3,偏执狂性，偏执狂样,"paranoiac, paranoid",F22.0,0.9945846796035767,,,,,
557,4,更年期,"climacteric, involutional",F22.8,0.9458187818527222,,,,,
557,4,精神分裂性,schizophrenic,F20.0,0.9933754801750183,,,,,
557,4,酒精中毒性,alcoholic,F10.5,0.9909495711326599,,,,,
557,4,绝经期,menopausal,F22.8,0.9573143124580383,,,,,
557,4,老年性,senile,F03,0.9542630910873413,,,,,
557,4,心因性(急性),psychogenic (acute),F23.3,0.9745784997940063,,,,,
557,3,器质性,organic,F09,0.9741095900535583,,,,,
557,4,创伤后,post-traumatic,F06.8,0.985879123210907,,,,,
557,5,急性或亚急性,acute or subacute,F05.9,0.9950336217880249,,,,,
557,4,感染性,infective,F06.8,0.9439924359321594,,,,,
557,4,急性或亚急性,acute or subacute,F05.9,0.9707079529762268,,,,,
557,4,由于或与下列情况有关,due to or associated with,,0.9105839133262634,,,,,
557,5,病,disease,,0.8118343353271484,,,,,
557,6,肝，酒精中毒性(另见精神病，酒精中毒性),"liver, alcoholic (see also Psychosis, alcoholic)",F10.5,0.9596267342567444,,,,,
557,4,克罗伊茨费尔特-雅各布[痉挛性假性硬化],Creutzfeldt-Jakob,A81.0+ F02.1*,0.961651623249054,,,,,
557,4,脑血管,cerebrovascular,F01.9,0.9569258689880371,,,,,
557,6,内分泌或代谢性,endocrine or metabolic,F06.8,0.9451921582221985,,,,,
557,7,急性或亚急性,acute or subacute,F05.8,0.934393048286438,,,,,
557,3,产褥期-见精神病，产褥期,"puerperium - see Psychosis, puerperal",,0.9817482233047485,,,,,
557,5,创伤，脑(产伤)(电流所致)(手术的),"trauma, brain (birth) (from electric current) (surgical)",F06.8,0.9787915945053101,,,,,
557,6,急性或亚急性,acute or subacute,F05.8,0.9124583005905151,,,,,
557,5,癫痫，短暂性(急性),"epilepsy, transient (acute)",F05.8,0.9177917838096619,,,,,
557,5,分娩-见精神病，产褥期,"childbirth - see Psychosis, puerperal",,0.9340239763259888,,,,,
557,5,感染,infection,,0.8009304404258728,,,,,
557,6,脑(颅内),brain (intracranial),F06.8,0.9395231604576111,,,,,
557,6,急性或亚急性,acute or subacute,F05.8,0.9405871033668518,,,,,
557,2,克罗伊茨费尔特-雅各布病或综合征[痉挛性假性硬化],Creutzfeldt-Jakob disease or syndrome,A81.0+ F02.1*,0.9946520924568176,,,,,
557,3,中毒性,intoxication,,0.9163569808006287,,,,,
557,3,酒精(急性),alcoholic (acute),F10.5,0.9687480330467224,,,,,
557,4,药物(另见精神病，药物性)F1x.5,"drug (see also Psychosis, drug-induced) F1x.5",,0.9538142085075378,,,,,
557,3,情感(另见障碍，情感),"affective (see also Disorder, affective)",F39,0.9867687821388245,,,,,
557,4,老年性NEC,senile NEC,F03,0.9487456679344177,,,,,
557,4,特指类型NEC,specified type NEC,F38.8,0.9667356014251709,,,,,
557,3,衰竭性,exhaustive,F43.0,0.949596107006073,,,,,
557,3,童年期,childhood,F84.0,0.9837696552276611,,,,,
557,4,不典型,atypical,F84.1,0.9754222631454468,,,,,
557,3,瓦解性(童年),disintegrative (childhood),F84.3,0.9949783682823181,,,,,
558,3,心因性,psychogenic,F23.9,0.9818505048751831,,,,,
558,4,偏执性(急性),paranoid (acute),F23.3,0.9812450408935547,,,,,
558,4,抑郁性,depressive,F32.3,0.9803376793861389,,,,,
558,3,循环性(不伴有精神分裂症症状),cycloid (without symptoms of schizophrenia),F23.0,0.9922190308570862,,,,,
558,4,伴有精神分裂症症状,with symptoms of schizophrenia,F23.1,0.9774266481399536,,,,,
558,3,亚躁狂性,hypomanic,F30.0,0.9814792275428772,,,,,
558,3,药物性-编码于F11-F19伴有第四位数.5,drug-induced - code to F11-F19 with fourth character.5,,0.9892833828926086,,,,,
558,4,迟发性-编码于F11-F19伴有第四位数.7,late onset - code to F11-F19 with fourth character.7,,0.9956919550895691,,,,,
558,4,偏执和幻觉状态- 编码于F11-F19伴有第四位数.5,paranoid and hallucinatory states - code to F11-F19 with fourth character .5,,0.974141001701355,,,,,
558,3,抑郁性(单次发作),depressive (single episode),F32.3,0.9834775328636169,,,,,
558,4,反应性(由于情绪应激，心理创伤),"reactive (from emotional stress, psychological trauma)",F32.3,0.9908121228218079,,,,,
558,5,复发性,recurrent,F33.3,0.967318594455719,,,,,
558,4,心因性,psychogenic,F32.3,0.9596008062362671,,,,,
558,5,复发性,recurrent,F33.3,0.9719550013542175,,,,,
558,3,癔症性(急性),hysterical (acute),F44.9,0.967293381690979,,,,,
558,3,婴幼儿,infantile,F84.0,0.9479978680610657,,,,,
558,4,不典型,atypical,F84.1,0.9378989934921265,,,,,
558,3,影响妊娠、分娩或产褥期的处理,"affecting management of pregnancy, childbirth or puerperium",O99.3,0.9704171419143677,,,,,
558,3,由于或与下列情况有关,due to or associated with,,0.9984989762306213,,,,,
558,4,癫癇,epilepsy,F06.8,0.8896558284759521,,,,,
558,4,多发性硬化,multiple sclerosis,F06.8,0.9947987198829651,,,,,
558,4,亨廷顿舞蹈症,Huntington's chorea,F06.8,0.9794555902481079,,,,,
558,4,老年性痴呆,senile dementia,F03,0.9912410974502563,,,,,
558,4,躯体疾病,physical disease,F06.8,0.9917879700660706,,,,,
558,4,缺血，脑血管(广泛性),"ischemia, cerebrovascular (generalized)",F06.8,0.9918595552444458,,,,,
558,4,血管性疾病(动脉硬化性)(大脑),vascular disease (arteriosclerotic) (cerebral),F01.9,0.9832833409309387,,,,,
558,4,药瘾(另见精神病，药物性)F1x.5,"addiction, drug (see also Psychosis, drug-induced) F1x.5",,0.9939667582511902,,,,,
558,4,依赖,dependence,,0.9514880776405334,,,,,
558,5,酒精(另见精神病，酒精中毒性),"alcohol (see also Psychosis, alcoholic)",F10.5,0.9932878017425537,,,,,
558,5,药物-编码于F11-F19伴有第四位数.5,drug - code to F11-F19 with fourth character .5,,0.9909362196922302,,,,,
558,4,早老性痴呆,presenile dementia,F03,0.9857197403907776,,,,,
558,3,诱发性,induced,F24,0.9297046065330505,,,,,
558,3,早老性,presenile,F03,0.9535388946533203,,,,,
558,3,躁狂-抑郁性(另见障碍，双相，情感性),"manic-depressive (see also Disorder, bipolar, affective)",F31.9,0.9892331957817078,,,,,
558,4,躁狂性(单次发作),manic (single episode),F30.2,0.9993657469749451,,,,,
558,3,复发性类型,"mania, manic (single episode)",F31.8 F30.2,0.973393440246582,,,,,
558,4,抑郁型(不伴有精神症状),recurrent type,F33.2 F31.8,0.9931764006614685,,,,,
558,4,伴有精神症状,depressed type (without psychotic symptoms),F33.3 F33.2,0.9857357740402222,,,,,
558,3,症状性,with psychotic symptoms,F09 F33.3,0.9980683326721191,,,,,
559,3,孤独症性,autistic,F84.5,0.9887315630912781,,,,,
559,3,人格(另见障碍，人格),"personality (see also Disorder, personality)",F60.9,0.9988075494766235,,,,,
559,3,无情性,affectionless,F94.2,0.9479368329048157,,,,,
559,3,性欲(另见偏离，性欲),"sexual (see also Deviation, sexual)",F65.9,0.9836490750312805,,,,,
559,3,状态,state,F60.2,0.9536871314048767,,,,,
559,2,精神错乱(另见精神病),"Alienation, mental, Lunacy (see also Psychosis)",F29,0.9993529915809631,,,,,
559,2,精神低常状态,"Subnormality, mental",F79,0.9998645186424255,,,,,
559,3,轻度,mild,F70,0.9453890323638916,,,,,
559,3,中度,moderate,F71,0.9318206310272217,,,,,
559,3,重度,severe,F72,0.9876692295074463,,,,,
559,3,极重度,profound,F73,0.9796875715255737,,,,,
559,2,精神分裂样人格(持续的),Schizothymia (persistent),F60.1,0.9992356896400452,,,,,
559,2,精神分裂症[早发性痴呆],"Schizophrenia, schizophrenic",F20.9,0.9944607019424438,,,,,
559,3,边缘状态,borderline,F21,0.9804285168647766,,,,,
559,3,残留(状态)(型),"Residual, Restzustand (state) (type)",F20.5,0.9866809248924255,,,,,
559,3,初发,incipient,F21,0.9303156733512878,,,,,
559,3,单纯(型),"simple, simplex (type)",F20.6,0.9921087622642517,,,,,
559,3,儿童期型,childhood type,F84.5,0.9716684818267822,,,,,
559,3,反应,reaction,F23.2,0.9873616695404053,,,,,
559,3,非典型(性),atypical (form),F20.3,0.9954748153686523,,,,,
559,3,分裂情感(型)-见精神病，分裂情感性,"schizoaffective (type) - see Psychosis, schizoaffective",,0.9939485192298889,,,,,
559,3,急性(短暂的)(未分化型),acute (brief) (undifferentiated),F23.2,0.9807848930358887,,,,,
559,3,假性病态人格型,pseudopsychopathic,F21,0.9905476570129395,,,,,
559,3,假性神经症型,pseudoneurotic,F21,0.9952390789985657,,,,,
559,3,紧张症(型)(兴奋性)(退缩性),catatonic (type) (excited) (withdrawn),F20.2,0.9701240658760071,,,,,
559,3,精神病后抑郁,postpsychotic depression,F20.4,0.9974995255470276,,,,,
559,3,倔强症,catalepsy,F20.2,0.9573200941085815,,,,,
559,3,蜡样屈曲,flexibilitas cerea,F20.2,0.9559170007705688,,,,,
559,3,慢性未分化型,chronic undifferentiated,F20.5,0.9975656270980835,,,,,
559,3,木僵,stupor,F20.2,0.9941816329956055,,,,,
559,3,偏执(型),paranoid (type),F20.0,0.9551045894622803,,,,,
559,3,前驱型,prodromal,F21,0.9839352369308472,,,,,
559,3,潜伏性,latent,F21,0.9700658917427063,,,,,
559,3,潜隐型,prepsychotic,F21,0.9757614135742188,,,,,
559,3,青春痴呆(型),hebephrenic (type),F20.1,0.9790627956390381,,,,,
559,3,特指型NEC,specified type NEC,F20.8,0.9912153482437134,,,,,
559,3,体感异常性,"cenesthopathic, cenesthesiopathic",F20.8,0.9892598986625671,,,,,
559,3,童年综合征NEC,syndrome of childhood NEC,F84.5,0.9752539396286011,,,,,
559,3,瓦解性(型),disorganized (type),F20.1,0.9866518974304199,,,,,
559,3,妄想痴呆性,paraphrenic,F20.0,0.9978106021881104,,,,,
559,3,未分化(型),undifferentiated (type),F20.3,0.9797590374946594,,,,,
559,4,慢性,chronic,F20.5,0.9778050184249878,,,,,
559,3,循环性,cyclic,F25.2,0.9972888231277466,,,,,
559,3,阴性型,negative type,F20.5,0.97315514087677,,,,,
560,2,精神分裂症后抑郁,Postschizophrenic depression,F20.4,0.9908460974693298,,,,,
560,2,精神迷乱,"Aberration, mental",F99,0.9782690405845642,,,,,
560,2,精神神经病，精神神经症型(另见神经症),"Psychoneurosis, psychoneurotic (see also Neurosis)",F48.9,0.9988487362861633,,,,,
560,3,焦虑(状态),anxiety (state),F41.1,0.9681539535522461,,,,,
560,3,人格 NEC,personality NEC,F60.8,0.9426559209823608,,,,,
560,3,癔症,hysteria,F44.9,0.9280527830123901,,,,,
560,2,精神衰弱,Psychasthenia,F48.8,0.9948142170906067,,,,,
560,2,精神性疼痛,Psychalgia,F45.4,0.9769425988197327,,,,,
560,2,精神幼稚病(另见发育迟缓，精神),"Oligophrenia (see also Retardation, mental)",F79,0.991560697555542,,,,,
560,3,苯丙酮酸性,phenylpyruvic,E70.0,0.9391436576843262,,,,,
560,2,精神障碍(另见情况),"Insanity, insane (see also condition)",F99,0.9937846660614014,,,,,
560,2,精神障碍或精神问题 NEC,Psychiatric disorder or problem NEC,F99,0.9731664061546326,,,,,
560,2,精神综合征，器质性,"Psychosyndrome, organic",F07.9,0.9706427454948425,,,,,
560,3,烦恼(另见障碍，精神),"upset (see also Disorder, mental)",F99,0.9846602082252502,,,,,
560,3,衰竭,exhaustion,F48.0,0.9102935791015625,,,,,
560,3,衰退(另见精神病),deterioration (see also Psychosis),F29,0.9791728258132935,,,,,
560,3,障碍(另见障碍，精神),"disorder (see also Disorder, mental)",F99,0.9879010915756226,,,,,
560,4,可疑的，进行观察，不伴有需要进一步医疗照顾者,"suspected, observation for, without need for further medical care",Z03.2,0.9705379009246826,,,,,
560,2,精索的 - 见情况,Spermatic cord - see condition,,0.9635843634605408,,,,,
560,2,精索静脉曲张(血栓性)(阴囊),Varicocele (thrombosed) (scrotum),I86.1,0.9850103259086609,,,,,
560,3,精索(溃疡性),spermatic cord (ulcerated),I86.1,0.9692811369895935,,,,,
560,3,卵巢,ovary,I86.2,0.9519134163856506,,,,,
560,2,精索水肿(另见侵染，丝虫性),"Mumu (see also Infestation, filarial)",B74 N51.8*,0.9493324160575867,,,,,
560,2,精索炎(急性)(慢性)(地方性),"Corditis, Funiculitis (acute) (chronic) (endemic)",N49.1,0.9953833818435669,,,,,
560,3,结核性,tuberculous,A18.1+ N51.8*,0.9534963965415955,,,,,
560,3,淋球菌性(急性)(慢性),gonococcal (acute) (chronic),A54.2+ N51.8*,0.9798536896705627,,,,,
560,2,精液缺乏(睾丸),Aspermia (testis),N46,0.9974933862686157,,,,,
560,2,精原细胞瘤(M9061/3),Seminoma (M9061/3),,0.9951523542404175,,,,,
560,3,间变的(M9062/3),anaplastic (M9062/3),,0.9964030981063843,,,,,
560,4,特指部位-见肿瘤，恶性,"specified site - see Neoplasm, malignant",,0.9724505543708801,,,,,
560,4,未特指部位,unspecified site,C62.9,0.9842894673347473,,,,,
560,3,精母细胞性(M9063/3),spermatocytic (M9063/3),,0.9743338227272034,,,,,
560,4,特指部位-见肿瘤，恶性,"specified site - see Neoplasm, malignant",,0.9667879939079285,,,,,
560,4,未特指部位,unspecified site,C62.9,0.9465134739875793,,,,,
560,3,特指部位-见肿瘤，恶性,"specified site - see Neoplasm, malignant",,0.9950435757637024,,,,,
560,3,未特指部位,unspecified site,C62.9,0.9883748888969421,,,,,
560,2,精子发生减少,Hypospermatogenesis,N46,0.9892275333404541,,,,,
560,2,精子活力不足,Asthenospermia,R86.9,0.9714851975440979,,,,,
560,2,精子计数,Sperm counts,Z31.4,0.9675174951553345,,,,,
560,3,输精管切除术后,postvasectomy,Z30.8,0.9925491213798523,,,,,
560,2,精子囊肿,Spermatocele,N43.4,0.9683805704116821,,,,,
560,3,先天性,congenital,Q55.4,0.9959774017333984,,,,,
560,2,精子生成缺乏,Aspermatogenesis,N46,0.9999209642410278,,,,,
561,1,jǐng 颈,,,0.9226257801055908,,,,,
561,2,颈(椎) - 另见情况,Cervical - see also condition,,0.9799849987030029,,,,,
561,3,耳状附件,auricle,Q18.2,0.9830623865127563,,,,,
561,3,肋,rib,Q76.5,0.9418208003044128,,,,,
561,3,融合综合征,fusion syndrome,Q76.1,0.9644982218742371,,,,,
561,2,颈的 - 见情况,Neck - see condition,,0.9742641448974609,,,,,
561,2,颈动脉体或颈动脉窦综合征,Carotid body or sinus syndrome,G90.0,0.9961408972740173,,,,,
561,2,颈痛,Cervicalgia,M54.2,0.9522059559822083,,,,,
561,1,jìng 胫,,,0.9669668674468994,,,,,
561,2,胫骨内翻,Tibia vara,M92.5,0.985765278339386,,,,,
561,2,胫前皮疹热,Fort Bragg fever,A27.8,0.9968021512031555,,,,,
561,1,jìng 痉,,,0.9850075244903564,,,,,
561,2,痉挛(性)(状态)(另见情况),"Spasm(s), spastic, spasticity (see also condition)",R25.2,0.9944983720779419,,,,,
561,3,奥迪括约肌,sphincter of Oddi,K83.4,0.9810993075370789,,,,,
561,3,半侧颜面(阵挛性),hemifacial (clonic),G51.3,0.9743464589118958,,,,,
561,3,贝耳,Bell's,G51.3,0.9947054386138916,,,,,
561,3,贲门,cardia,K22.0,0.945379912853241,,,,,
561,3,肠(另见综合征，过敏性肠),"intestinal (see also Syndrome, irritable bowel)",K58.9,0.9971018433570862,,,,,
561,4,心因性,psychogenic,F45.3,0.9539757370948792,,,,,
561,3,抽动,tic,F95.9,0.9725739359855652,,,,,
561,3,大脑(动脉)(血管性),cerebral (arteries) (vascular),G45.9,0.964580237865448,,,,,
561,3,胆总管,common duct,K83.8,0.98343425989151,,,,,
561,3,点头状,nodding,F98.4,0.9525254964828491,,,,,
561,3,动脉 NEC,artery NEC,I73.9,0.9375099539756775,,,,,
561,4,大脑,cerebral,G45.9,0.9228819608688354,,,,,
561,3,法特壶腹,ampulla of Vater,K83.4,0.9891452789306641,,,,,
561,3,肛门(括约肌)(反射性),"anus, ani (sphincter) (reflex)",K59.4,0.9740028381347656,,,,,
561,4,心因性,psychogenic,F45.3,0.9945390820503235,,,,,
561,3,膈(反射性),diaphragm (reflex),R06.6,0.9980921149253845,,,,,
561,4,流行性,epidemic,B33.0,0.952073335647583,,,,,
561,4,心因性,psychogenic,F45.3,0.9799879193305969,,,,,
561,3,宫颈，并发于分娩,"cervix, complicating delivery",O62.4,0.9941549301147461,,,,,
561,4,影响到胎儿或新生儿PO,affecting fetus or newborn,P03.6,0.9559017419815063,,,,,
561,3,冠状(动脉),coronary (artery),I20.1,0.9597750306129456,,,,,
561,3,喉,"larynx, laryngeal",J38.5,0.9974591135978699,,,,,
561,4,心因性,psychogenic,F45.3,0.9733412861824036,,,,,
561,5,转换反应,conversion reaction,F44.4,0.9812407493591309,,,,,
561,4,癔症性,hysterical,F44.4,0.9476810693740845,,,,,
561,3,会阴，女性,"perineal, female",N94.8,0.9855173230171204,,,,,
562,3,结肠,colon,K58.9,0.9755301475524902,,,,,
562,4,伴有腹泻,with diarrhea,K58.0,0.993834912776947,,,,,
562,4,心因性,psychogenic,F45.3,0.9743077754974365,,,,,
562,3,睫状体(调节的),ciliary body (of accommodation),H52.5,0.9821107983589172,,,,,
562,3,静脉 NEC,vein NEC,I87.8,0.9320659637451172,,,,,
562,3,流行性膈(短暂性),epidemic diaphragmatic (transient),B33.0,0.9839737415313721,,,,,
562,3,面部,facial,G51.3,0.9825575351715088,,,,,
562,3,内斜，眼,"inferior oblique, eye",H51.8,0.9963568449020386,,,,,
562,3,内脏,viscera,R10.4,0.9676128625869751,,,,,
562,3,尿道(括约肌),urethra (sphincter),N35.9,0.9749151468276978,,,,,
562,3,扭转(进行性),torsion (progressive),G24.1,0.9976542592048645,,,,,
562,3,膀胱(括约肌，外或内),"bladder (sphincter, external or internal)",N32.8,0.9864575862884521,,,,,
562,4,心因性,psychogenic,F45.3,0.9664794206619263,,,,,
562,3,强迫性(另见抽动),compulsive (see also Tic),F95.9,0.9967463612556458,,,,,
562,3,三叉神经(另见神经痛，三叉),"trigeminal nerve (see also Neuralgia, trigeminal)",G50.0,0.9948768615722656,,,,,
562,3,沙漏状-见挛缩，沙漏状,"hourglass - see Contraction, hourglass",,0.9945846199989319,,,,,
562,3,闪电样,lightning,G40.4,0.968514084815979,,,,,
562,3,上睑提肌,levator palpebrae superioris,H02.5,0.9904952049255371,,,,,
562,3,舌,tongue,K14.8,0.9103527069091797,,,,,
562,3,神经,nervous,F45.8,0.9647582173347473,,,,,
562,3,声门,glottis,J38.5,0.972507894039154,,,,,
562,4,心因性,psychogenic,F45.3,0.9828813672065735,,,,,
562,5,转换反应,conversion reaction,F44.4,0.913837730884552,,,,,
562,4,癔症性,hysterical,F44.4,0.8844829201698303,,,,,
562,3,十二指肠,duodenum,K59.8,0.9945135116577148,,,,,
562,3,食管(弥漫性),esophagus (diffuse),K22.4,0.9823118448257446,,,,,
562,4,心因性,psychogenic,F45.3,0.9764342308044434,,,,,
562,3,视网膜(动脉),retinal (artery),H34.2,0.9777056574821472,,,,,
562,3,输卵管,fallopian tube,N83.8,0.9639917016029358,,,,,
562,3,输尿管,ureter,N13.5,0.9497148990631104,,,,,
562,3,调节,accommodation,H52.5,0.981390655040741,,,,,
562,3,同向性,conjugate,H51.8,0.9627670049667358,,,,,
562,3,腕足(另见手足搐搦).,carpopedal (see also Tetany),R29.0,0.9861268401145935,,,,,
562,3,胃,stomach,K31.8,0.9314128160476685,,,,,
562,3,胃肠(道)，心因性,"gastrointestinal (tract), psychogenic",F45.3,0.9861048460006714,,,,,
562,4,神经症性,neurotic,F45.3,0.9636709094047546,,,,,
562,3,习惯性(另见抽动),habit (see also Tic),F95.9,0.9870874285697937,,,,,
562,3,心因性,psychogenic,F45.8,0.9925894141197205,,,,,
562,3,心脏,"cardiac, heart",I20.1,0.9949901103973389,,,,,
562,3,血管性NEC,vascular NEC,I73.9,0.9767215251922607,,,,,
562,3,血管运动性NEC,vasomotor NEC,I73.9,0.9869381785392761,,,,,
562,3,咽(反射性),pharynx (reflex),J39.2,0.9701169729232788,,,,,
562,4,心因性,psychogenic,F45.3,0.973652720451355,,,,,
562,4,癔症性,hysterical,F45.3,0.9534896016120911,,,,,
563,3,咽喉,throat,J39.2,0.9908657073974609,,,,,
563,4,心因性,psychogenic,F45.3,0.9497346878051758,,,,,
563,4,癔症性,hysterical,F45.3,0.8983869552612305,,,,,
563,3,眼动脉,ophthalmic artery,H34.2,0.9849168658256531,,,,,
563,3,眼球旋动性,oculogyric,H51.8,0.9577844142913818,,,,,
563,4,心因性,psychogenic,F45.8,0.9221532344818115,,,,,
563,3,乙状结肠(另见综合征，过敏性肠),"sigmoid (see also Syndrome, irritable bowel)",K58.9,0.9918744564056396,,,,,
563,4,心因性,psychogenic,F45.3,0.9881256818771362,,,,,
563,3,癔症性,hysterical,F44.4,0.9300402402877808,,,,,
563,3,阴道,vagina,N94.2,0.9919305443763733,,,,,
563,4,心因性,psychogenic,F52.5,0.9801967740058899,,,,,
563,3,婴儿,infantile,G40.4,0.9948694705963135,,,,,
563,3,幽门NEC,pylorus NEC,K31.3,0.9804933071136475,,,,,
563,4,先天性或婴儿,congenital or infantile,Q40.0,0.9651722311973572,,,,,
563,4,心因性,psychogenic,F45.3,0.9755352735519409,,,,,
563,3,支气管,"bronchus, bronchiole",J98.0,0.9805955290794373,,,,,
563,3,直肠(括约肌),rectum (sphincter),K59.4,0.9814240336418152,,,,,
563,4,心因性,psychogenic,F45.3,0.9809764623641968,,,,,
563,3,职业性,occupational,F48.8,0.9908139705657959,,,,,
563,3,子宫,uterus,N85.8,0.9338415861129761,,,,,
563,4,并发于分娩,complicating labor,O62.4,0.9874427318572998,,,,,
563,5,影响到胎儿或新生儿,affecting fetus or newborn,P03.6,0.981164813041687,,,,,
563,2,痉挛性，强直 - 另见 痉挛,"Spastic, spasticity - see also Spasm",,0.905354917049408,,,,,
563,2,痉挛性的 - 见情况,Spasmodic - see condition,,0.9486279487609863,,,,,
563,3,儿童(大脑性)(先天性)(麻痹),child (cerebral) (congenital) (paralysis),G80.1,0.9796965718269348,,,,,
563,1,jìng 静,,,0.9735814929008484,,,,,
563,2,静脉的 - 见情况,"Vein, venous - see condition",,0.9586704969406128,,,,,
563,2,静脉扩张(另见曲张(性)，静脉),"Phlebectasia (see also Varicose, vein)",I83.9,0.9733036756515503,,,,,
563,3,先天性,congenital,Q27.4,0.937328577041626,,,,,
563,2,静脉内膜炎(另见静脉炎),Endophlebitis (see also Phlebitis),I80.9,0.9779078364372253,,,,,
563,2,静脉曲张(下肢)(破裂),Varix (lower limb) (ruptured),I83.9,0.9709475040435791,,,,,
563,3,伴有,with,,0.9550455212593079,,,,,
563,4,溃疡,ulcer,I83.0,0.943741500377655,,,,,
563,5,和炎症或感染,with inflammation or infection,I83.2,0.9807620644569397,,,,,
563,4,停滞性皮炎,stasis dermatitis,I83.1,0.964301347732544,,,,,
563,5,和溃疡,with ulcer,I83.2,0.971499502658844,,,,,
563,4,炎症或感染,inflammation or infection,I83.1,0.9803408980369568,,,,,
563,5,和溃疡,with ulcer,I83.2,0.9850134253501892,,,,,
564,3,产褥期,puerperium,O87.8,0.9789375066757202,,,,,
564,4,生殖系(阴道、外阴、会阴),"genital (vagina, vulva, perineum)",O87.8,0.9634029269218445,,,,,
564,3,动脉瘤性,aneurysmal,I77.0,0.9738373756408691,,,,,
564,3,发炎或感染的,inflamed or infected,I83.1,0.9759659767150879,,,,,
564,4,溃疡性,ulcerated,I83.2,0.9631416201591492,,,,,
564,3,肛门-见痔,anus - see Hemorrhoids,,0.9888030886650085,,,,,
564,3,脊(髓)(血管),spinal (cord) (vessels),I86.8,0.9604199528694153,,,,,
564,3,眶,orbit,I86.8,0.9626362323760986,,,,,
564,4,先天性,congenital,Q27.8,0.9739397168159485,,,,,
564,3,溃疡性,ulcerated,I83.0,0.9358010292053223,,,,,
564,4,发炎或感染的,inflamed or infected,I83.2,0.9680649638175964,,,,,
564,3,阔韧带,broad ligament,I86.2,0.978464663028717,,,,,
564,3,卵巢,ovary,I86.2,0.9484842419624329,,,,,
564,3,膀胱,bladder,I86.2,0.9349395036697388,,,,,
564,3,盆腔,pelvis,I86.2,0.972732424736023,,,,,
564,3,脾(静脉)(伴有静脉石),"spleen, splenic (vein) (with phlebolith)",I86.8,0.9732081890106201,,,,,
564,3,脐带，影响到胎儿或新生儿,"umbilical cord, affecting fetus or newborn",P02.6,0.9845045804977417,,,,,
564,3,妊娠(下肢),pregnancy (lower limb),O22.0,0.9607943296432495,,,,,
564,4,肛门或直肠,anus or rectum,O22.4,0.9639204144477844,,,,,
564,4,生殖系(阴道、外阴或会阴),"genital (vagina, vulva or perineum)",O22.1,0.9763633608818054,,,,,
564,3,乳头状,papillary,I78.1,0.9654161334037781,,,,,
564,3,舌下,sublingual,I86.0,0.9619277119636536,,,,,
564,3,肾乳头,renal papilla,I86.8,0.9607133865356445,,,,,
564,3,声带,vocal cord,I86.8,0.9484866857528687,,,,,
564,3,食管(溃疡性),esophagus (ulcerated),I85.9,0.953388512134552,,,,,
564,4,出血,bleeding,I85.0,0.8844896554946899,,,,,
564,4,见于(由于),in (due to),,0.8985488414764404,,,,,
564,5,肝硬变,cirrhosis of liver,K74 I98.2*,0.9573915004730225,,,,,
564,6,伴有出血,with bleeding,K74 I98.3*,0.927796483039856,,,,,
564,5,酒精性肝病,alcoholic liver disease,K70 I98.2*,0.9504947662353516,,,,,
564,6,伴有出血,with bleeding,K70 I98.3*,0.9267102479934692,,,,,
564,5,血吸虫病,schistosomiasis,B65 I98.2*,0.9318909645080566,,,,,
564,6,伴有出血,with bleeding,B65 I98.3*,0.9095037579536438,,,,,
564,5,中毒性肝病,toxic liver disease,K71 I98.2*,0.9537290334701538,,,,,
564,6,伴有出血,with bleeding,K71 I98.3*,0.9474968314170837,,,,,
564,3,先天性,congenital,Q27.8,0.9653840661048889,,,,,
564,3,视网膜,retina,H35.0,0.9730138182640076,,,,,
564,3,胎盘,placenta,O43.8,0.9780403971672058,,,,,
564,3,特指部位 NEC,specified site NEC,I86.8,0.9703284502029419,,,,,
564,3,外阴(于),vulva (in),I86.3,0.9539276361465454,,,,,
564,4,产褥期,puerperium,O87.8,0.9379934072494507,,,,,
564,4,妊娠期,pregnancy,O22.1,0.9529191851615906,,,,,
565,3,胃,"gastric, stomach",I86.4,0.9750148057937622,,,,,
565,3,先天性(任何部位),congenital (any site),Q27.8,0.990012526512146,,,,,
565,3,咽,pharynx,I86.8,0.9439926147460938,,,,,
565,3,乙状结肠,sigmoid colon,I86.8,0.9568678140640259,,,,,
565,3,阴唇(大),labia (majora),I86.3,0.9692083597183228,,,,,
565,3,阴囊(溃疡性),scrotum (ulcerated),I86.1,0.9441315531730652,,,,,
565,3,直肠-见痔，内,"rectum - see Hemorrhoids, internal",,0.9851258397102356,,,,,
565,3,子宫韧带,uterine ligament,I86.2,0.9285833239555359,,,,,
565,2,静脉曲张病(另见静脉曲张),"Varicosis, varicosities, varicosity (see also Varix)",I83.9,0.9849379658699036,,,,,
565,2,静脉石,Phleboliths,I87.8,0.9478189945220947,,,,,
565,2,静脉纤维化,Venofibrosis,I87.8,0.9713323712348938,,,,,
565,2,静脉血栓形成(另见血栓形成),Phlebothrombosis (see also Thrombosis),I82.9,0.9760015606880188,,,,,
565,3,产前，深部,"antepartum, deep",O22.3,0.9784325957298279,,,,,
565,3,产褥期，深部,"puerperal, deep",O87.1,0.9770992398262024,,,,,
565,3,妊娠，深部,"pregnancy, deep",O22.3,0.9946313500404358,,,,,
565,2,静脉炎(感染性)(脓毒性)(化脓性),Phlebitis (infective) (pyemic) (septic) (suppurative),I80.9,0.9723933935165405,,,,,
565,3,并发于妊娠,complicating pregnancy,O22.9,0.9833269119262695,,,,,
565,4,浅表性,superficial,O22.2,0.9802255630493164,,,,,
565,4,深部,deep,O22.8,0.9574899673461914,,,,,
565,3,产褥期、产后、分娩,"puerperal, postpartum, childbirth",O87.9,0.9884505867958069,,,,,
565,4,盆腔,pelvic,O87.1,0.9152737855911255,,,,,
565,4,浅表性(血管),superficial,O87.0,0.9879598021507263,,,,,
565,4,深部(血管),deep,O87.1,0.9099385738372803,,,,,
565,3,大脑(静脉)窦-见静脉炎，颅内(静脉)窦,"cerebral (venous) sinus - see Phlebitis, intracranial (venous) sinus",,0.9681538939476013,,,,,
565,3,窦(脑脊膜)-见静脉炎，颅内(静脉)窦,"sinus (meninges) - see Phlebitis, intracranial (venous) sinus",,0.9860610961914062,,,,,
565,3,肝静脉,hepatic veins,I80.8,0.9737521409988403,,,,,
565,3,股(浅表性),femoral (superficial),I80.1,0.9692257642745972,,,,,
565,3,海绵(静脉)窦-见静脉炎，颅内(静脉)窦,"cavernous (venous) sinus - see Phlebitis, intracranial (venous) sinus",,0.9888078570365906,,,,,
565,3,横(静脉)窦-见静脉炎，颅内(静脉)窦,"lateral (venous) sinus - see Phlebitis, intracranial (venous) sinus",,0.9902149438858032,,,,,
565,3,溃疡性,ulcerative,I80.9,0.9670009613037109,,,,,
565,4,腿,leg,I80.3,0.9217867255210876,,,,,
565,5,浅表性(血管),superficial (vessels),I80.0,0.9544370174407959,,,,,
565,5,深部(血管)NEC,deep (vessels) NEC,I80.2,0.960494339466095,,,,,
565,3,颅内(静脉)窦(任何),intracranial (venous) sinus (any),G08,0.997665524482727,,,,,
565,4,非生脓性,nonpyogenic,I67.6,0.9764896631240845,,,,,
565,3,梅毒性,syphilitic,A52.0+ I98.8*,0.9397145509719849,,,,,
565,3,门(静脉),portal,K75.1,0.9721971154212952,,,,,
566,3,盆腔,pelvic,,0.940925657749176,,,,,
566,4,产褥期、产后.,"puerperal, postpartum following",O87.1,0.9052709937095642,,,,,
566,3,流产(随后发生),abortion (subsequent episode),O08.0,0.937048614025116,,,,,
566,4,近期发生-见流产,current episode - see Abortion,,0.9495089650154114,,,,,
566,4,异位妊娠或葡萄胎妊娠,ectopic or molar pregnancy,O08.0,0.9324502348899841,,,,,
566,3,脐,umbilicus,I80.8,0.9796176552772522,,,,,
566,3,髂股,iliofemoral,I80.1,0.9198294878005981,,,,,
566,3,曲张性(腿)(下肢),varicose (leg) (lower limb),I83.1,0.9687936902046204,,,,,
566,4,伴有溃疡,with ulcer,I83.2,0.9805598855018616,,,,,
566,3,妊娠,pregnancy,O22.9,0.9067584276199341,,,,,
566,4,浅表性(血管),superficial,O22.2,0.9729652404785156,,,,,
566,4,深部(血管),deep,O22.8,0.9504831433296204,,,,,
566,3,乳房，表层,"breast, superficial",I80.8,0.9694451689720154,,,,,
566,3,矢状窦-见静脉炎，颅内(静脉)窦,"longitudinal sinus - see Phlebitis, intracranial (venous) sinus",,0.9859429597854614,,,,,
566,3,视网膜,retina,H35.0,0.9515142440795898,,,,,
566,3,手术后,postoperative,T81.7,0.9556552171707153,,,,,
566,3,输注、治疗性注射或输血后,"following infusion, therapeutic injection or transfusion",T80.1,0.9846089482307434,,,,,
566,3,特指部位 NEC,specified site NEC,I80.8,0.9327670931816101,,,,,
566,3,下肢,lower limb,I80.3,0.8273264169692993,,,,,
566,4,浅表性(血管),superficial (vessels),I80.0,0.9631582498550415,,,,,
566,4,深部(血管)NEC,deep (vessels) NEC,I80.2,0.9787978529930115,,,,,
566,3,胸壁，表层,"chest wall, superficial",I80.8,0.9835313558578491,,,,,
566,3,隐(静脉),saphenous,I80.0,0.9551807641983032,,,,,
566,3,硬脑膜(静脉)窦-见静脉炎，颅内(静脉)窦,"cranial (venous) sinus - see Phlebitis, intracranial (venous) sinus",,0.981769859790802,,,,,
566,3,由于植入装置-见并发症，按部位和类型,"due to implanted device - see Complications, by site and type",,0.9959098696708679,,,,,
566,3,游走性，移行(浅表性),"migrans, migrating (superficial)",I82.1,0.9837876558303833,,,,,
566,3,在操作中或由于操作所致,during or resulting from a procedure,T81.7,0.988649845123291,,,,,
566,3,椎管内静脉窦和静脉的,intraspinal venous sinuses and veins,G08,0.9994463920593262,,,,,
566,4,非生脓性,nonpyogenic,G95.1,0.9787854552268982,,,,,
566,3,子宫(脓毒性)(另见子宫内膜炎),uterus (septic) (see also Endometritis),N71.9,0.9911901950836182,,,,,
566,2,静脉硬化,Phlebosclerosis,I87.8,0.9442607164382935,,,,,
566,2,静脉中层炎-见静脉炎,Mesophlebitis - see Phlebitis,,0.9996894001960754,,,,,
566,2,静脉周炎(另见静脉炎),Periphlebitis (see also Phlebitis),I80.9,0.986449658870697,,,,,
566,3,视网膜,retina,H35.0,0.9588530659675598,,,,,
566,2,静坐不能，治疗性,"Akathisia, treatment-induced",G21.1,0.9997636079788208,,,,,
566,1,jìng 镜,,,0.971869170665741,,,,,
566,2,镜像书写,Mirror writing,F81.0,0.956591784954071,,,,,
567,1,jiǒng 窘,,,0.960606038570404,,,,,
567,2,窘迫,Distress,,0.998369574546814,,,,,
567,3,肠(功能性) NEC,intestinal (functional) NEC,K59.9,0.9747471809387207,,,,,
567,4,心因性,psychogenic,F45.3,0.9673531651496887,,,,,
567,3,腹部[腹痛],abdominal,R10.4,0.9902834892272949,,,,,
567,3,呼吸,respiratory,R06.0,0.9432553052902222,,,,,
567,4,成人型,adult,J80,0.9683574438095093,,,,,
567,4,新生儿,newborn,P22.9,0.9387940764427185,,,,,
567,5,特指的NEC,specified NEC,P22.8,0.9638665914535522,,,,,
567,4,心因性,psychogenic,F45.3,0.9781951904296875,,,,,
567,4,综合征(特发性)(新生儿),syndrome (idiopathic) (newborn),P22.0,0.9848672747612,,,,,
567,5,成人型,adult,J80,0.9644786715507507,,,,,
567,3,母体，在产程和分娩中,"maternal, during labor and delivery",O75.0,0.9847391843795776,,,,,
567,3,上腹(痛),epigastric,R10.1,0.9265618920326233,,,,,
567,3,胎儿(综合征),fetal (syndrome),P20,0.9954873919487,,,,,
567,4,并发产程和分娩,complicating labor and delivery,O68,0.9831393957138062,,,,,
567,4,首先察觉到,first noted,,0.9277827143669128,,,,,
567,5,在产程和分娩中,during labor and delivery,P20.1,0.9936043620109558,,,,,
567,5,在产程开始前,before onset of labor,P20.0,0.9930712580680847,,,,,
567,4,影响,affecting,,0.9168084859848022,,,,,
567,5,产程和分娩,labor and delivery,O68,0.9307620525360107,,,,,
567,5,妊娠管理(与产程或分娩无关),management of pregnancy (unrelated to labor or delivery),O36.3,0.9709634780883789,,,,,
567,3,胃肠(功能性),gastrointestinal (functional),K30,0.9541374444961548,,,,,
567,4,心因性,psychogenic,F45.3,0.969124972820282,,,,,
567,3,心源性,cardiac,I51.8,0.9445115923881531,,,,,
567,4,先天性,congenital,P20.9,0.9638727307319641,,,,,
567,5,新生儿,newborn,P29.8,0.9728559255599976,,,,,
567,3,子宫内-见窘迫，胎儿,"intrauterine - see Distress, fetal",,0.993471622467041,,,,,
567,1,jiǔ 久,,,0.9797660708427429,,,,,
567,2,久病衰弱者，病弱(慢性)(出生以来),"Invalid, invalidism (chronic) (since birth)",R68.8,0.9961642622947693,,,,,
567,1,jiǔ 酒,,,0.9797919988632202,,,,,
567,2,"酒精性(乙醇)(异丙醇)(甲基)(丙醇)(丙基)(甲醇),酒精中毒(性)(的)","Alcohol (Ethyl) (Isopropyl) (Methyl) (Propanol) (Propyl) (Methanol), alcohol-induced",F10.9,0.9872503280639648,,,,,
567,3,糙皮病,pellagra,E52,0.952430009841919,,,,,
567,3,痴呆,dementia,F10.7,0.9609183073043823,,,,,
567,3,妒嫉症,jealousy,F10.5,0.9430650472640991,,,,,
567,3,肝,liver,K70.9,0.9585368037223816,,,,,
567,3,过度沉溺,indulgence,F10.1,0.9702760577201843,,,,,
568,3,过量,overdose,F10.1,0.9774802327156067,,,,,
568,3,幻觉症(急性),hallucinosis (acute),F10.5,0.9847329258918762,,,,,
568,3,解毒治疗,detoxification therapy,Z50.2,0.9791862368583679,,,,,
568,3,戒断,withdrawal,F10.3,0.9818935394287109,,,,,
568,4,伴有谵妄,with delirium,F10.4,0.9610627293586731,,,,,
568,3,惊厥,convulsions,F10.3,0.9755101799964905,,,,,
568,3,精神病-见精神病，酒精中毒性,"psychosis – see Psychosis, alcoholic",,0.9736356735229492,,,,,
568,3,康复措施,rehabilitation measures,Z50.2,0.9953936338424683,,,,,
568,3,脑综合征，慢性,"brain syndrome, chronic",F10.7,0.9838725924491882,,,,,
568,3,偏执狂，偏执[型]精神病,"paranoia, paranoid (type) psychosis",F10.5,0.9829493165016174,,,,,
568,3,使用 NEC,use NEC,Z72.1,0.9459572434425354,,,,,
568,3,消费(引起的精神障碍),consumption,F10.9,0.995904266834259,,,,,
568,3,饮用(引起的精神障碍),drinking,F10.9,0.9699589610099792,,,,,
568,3,瘾,addiction,F10.2,0.9746097326278687,,,,,
568,3,谵妄(急性)(震颤性)(戒断),delirium (acute) (tremens) (withdrawal),F10.4,0.9724115133285522,,,,,
568,4,慢性,chronic,F10.6,0.948852002620697,,,,,
568,3,中毒(急性),intoxication (acute),F10.0,0.9650242924690247,,,,,
568,4,伴有,with,,0.8067920207977295,,,,,
568,3,依赖,dependence,F10.2,0.9713714718818665,,,,,
568,4,谵妄,delirium,F10.0,0.9703975915908813,,,,,
568,3,中毒，意外的(急性)NEC,"poisoning, accidental (acute) NEC",T51.9,0.9684146046638489,,,,,
568,4,酒精特指类型—见 药物和化学制剂表,specified type of alcohol – see Table of drugs and chemicals,,0.9203456044197083,,,,,
568,4,咨询和监督,counseling and surveillance,Z71.4,0.9955305457115173,,,,,
568,2,酒精中毒(慢性),Alcoholism (chronic),F10.2,0.9897642731666565,,,,,
568,3,伴有精神病(另见精神病，酒精中毒性),"with psychosis (see also Psychosis, alcoholic)",F10.5,0.9978343844413757,,,,,
568,3,并发于妊娠、分娩或产褥期,"complicating pregnancy, childbirth or puerperium",O99.3,0.9738504886627197,,,,,
568,4,影响到胎儿或新生儿,affecting fetus or newborn,P04.3,0.9890856742858887,,,,,
568,3,怀疑损害到胎儿而影响妊娠处理,suspected damage to fetus affecting management of pregnancy,O35.4,0.9849454760551453,,,,,
568,3,科萨科夫,Korsakov's,F10.6,0.9910026788711548,,,,,
568,2,酒渣鼻,Rosacea,L71.9,0.9574066996574402,,,,,
568,3,痤疮,acne,L71.9,0.9392032623291016,,,,,
568,3,角膜炎,keratitis,L71.8+ H19.3*,0.9628573656082153,,,,,
568,3,特指的 NEC,specified NEC,L71.8,0.9283703565597534,,,,,
568,1,jū 居,,,0.9998442530632019,,,,,
568,2,居布莱-现译名居布勒,Gubler,,0.9886133074760437,,,,,
568,2,居布勒-米亚尔麻痹或综合征[交叉性面瘫偏瘫综合征],Gubler-Millard paralysis or syndrome,I67.9+ G46.3*,0.9518410563468933,,,,,
568,2,居林-施特恩综合征,Guerin-Stern syndrome,Q74.3,0.9998908042907715,,,,,
568,2,居丧(简单的),Bereavement (uncomplicated),Z63.4,0.9993073344230652,,,,,
568,2,居住空间受限,Restriction of housing space,Z59.1,0.9707548022270203,,,,,
569,1,jú 局,,,0.9237744808197021,,,,,
569,2,局部白化病,Piebaldism,E70.3,0.9581870436668396,,,,,
569,2,局部缺血 -见缺血,Ischemia,,0.9400057196617126,,,,,
569,2,局部性的 - 见情况,"Local, localized – see condition",,0.9378988146781921,,,,,
569,2,局限性的 - 见情况,Circumscribed – see condition,,0.9009469747543335,,,,,
569,1,jǔ 沮,,,,,,,,
569,2,沮丧,Demoralization,R45.3,0.9979497790336609,,,,,
569,1,jǔ 举,,,0.9992336630821228,,,,,
569,2,举名困难,Dysnomia,R47.0,0.9895011186599731,,,,,
569,1,jù 巨,,,,,,,,
569,2,巨唇症(先天性),"Macrocheilia, macrochilia (congenital)",Q18.6,0.9966152310371399,,,,,
569,2,巨大,Giant,,0.9999048113822937,,,,,
569,3,肾，先天性,"kidney, congenital",Q63.3,0.9852864146232605,,,,,
569,3,食管，先天性,"esophagus, congenital",Q39.5,0.9928879141807556,,,,,
569,3,细胞,cell,,0.9831611514091492,,,,,
569,4,牙龈瘤,epulis,K06.8,0.9553012847900391,,,,,
569,4,周围性肉芽肿,peripheral granuloma,K06.8,0.9888435006141663,,,,,
569,3,荨麻疹,urticaria,T78.3,0.9730381369590759,,,,,
569,4,遗传性,hereditary,D84.1,0.9680761694908142,,,,,
569,2,巨耳畸形(先天性)(外耳),Macrotia (congenital) (external ear),Q17.1,0.9876541495323181,,,,,
569,2,巨颌(先天性)(下颌)(上颌),"Macrognathia, macrognathism (congenital) (mandibular) (maxillary)",K07.0,0.9810830950737,,,,,
569,2,巨红斑(流行性),Megalerythema (epidemic),B08.3,0.9793473482131958,,,,,
569,2,巨结肠(后天性)(功能性)(非希尔施普龙病)(见于),Megacolon (acquired) (functional) (not Hirschsprung's disease) (in),K59.3,0.9821064472198486,,,,,
569,3,查加斯病,Chagas' disease,B57.3+ K93.1*,0.9675672054290771,,,,,
569,3,希尔施普龙(病),Hirschsprung's (disease),Q43.1,0.9608917832374573,,,,,
569,3,先天性(无神经节的),"congenital, congenitum (aganglionic)",Q43.1,0.9875044822692871,,,,,
569,3,中毒性,toxic,K59.3,0.8984951972961426,,,,,
569,2,巨阑尾,Megaloappendix,Q43.8,0.9993257522583008,,,,,
569,2,巨颅，巨头NEC,"Megalocephalus, megalocephaly NEC",Q75.3,0.9857297539710999,,,,,
569,2,巨脑,Megalencephaly,Q04.5,0.9778205156326294,,,,,
569,2,巨脑回,Pachygyria,Q04.3,0.9998911619186401,,,,,
569,2,巨脾-见脾大,Megalosplenia – see Splenomegaly,,0.9567587375640869,,,,,
569,2,巨球蛋白血症(特发性)(原发性),Macroglobulinemia (idiopathic) (primary),C88.0,0.9969691634178162,,,,,
569,3,瓦尔登斯特伦(M9761/3),Waldenstrom's (M9761/3),C88.0,0.958872377872467,,,,,
570,2,巨人症(垂体性),Gigantism (pituitary),E22.0,0.9946109652519226,,,,,
570,3,体质性,constitutional,E34.4,0.9530795812606812,,,,,
570,2,巨舌(先天性),Macroglossia (congenital),Q38.2,0.9818915128707886,,,,,
570,3,后天性,acquired,K14.8,0.9807589650154114,,,,,
570,2,巨生殖器(肾上腺)(男性)(早熟性),Macrogenitosomia (adrenal) (male) (precox),E25.9,0.988354504108429,,,,,
570,3,先天性,congenital,E25.0,0.9975165128707886,,,,,
570,2,巨十二指肠,Megaloduodenum,Q43.8,0.9998977780342102,,,,,
570,2,巨食管(功能性),"Megaesophagus, Megaloesophagus (functional)",K22.0,0.9993542432785034,,,,,
570,3,见于(由于)查加斯病,in (due to) Chagas' disease,B57.3+ K23.1*,0.9898464679718018,,,,,
570,3,先天性,congenital,Q39.5,0.9659578800201416,,,,,
570,2,巨手,Cheiromegaly,M79.8,0.9997276663780212,,,,,
570,2,巨输尿管,Megaloureter/Megaureter,N28.8,0.9996635317802429,,,,,
570,3,先天性,congenital,Q62.2,0.9863675236701965,,,,,
570,2,巨胃(后天性),Megalogastria (acquired),K31.8,0.999727189540863,,,,,
570,3,先天性,congenital,Q40.2,0.9714649319648743,,,,,
570,2,巨细胞病毒感染,Cytomegalovirus infection,B25.9,0.9999821782112122,,,,,
570,3,母体情况对胎儿(可疑)损害并影响妊娠处理,"maternal, (suspected) damage to fetus affecting management of pregnancy",O35.3,0.9617519378662109,,,,,
570,2,巨心[牛心]-见肥大，心脏,"Ox heart – see Hypertrophy, cardiac",,0.9784486293792725,,,,,
570,2,巨血小板病或血小板紊乱,Bernard-Soulier disease or thrombopathia,D69.1,0.9908073544502258,,,,,
570,2,巨牙症,Macrodontia,K00.2,0.9511029720306396,,,,,
570,2,巨眼,"Macrophthalmos, Megalophthalmos",Q11.3,0.9970324635505676,,,,,
570,3,见于先天性青光眼,in congenital glaucoma,Q15.0,0.9873563051223755,,,,,
570,2,巨乙状结肠,"Macrosigmoid, Megasigmoid",K59.3,0.9954179525375366,,,,,
570,3,先天性,congenital,Q43.2,0.9912734031677246,,,,,
570,2,巨直肠,Megarectum,K62.8,0.999943733215332,,,,,
570,2,巨指畸形(先天性)(手指)(拇指),"Macrodactylia, macrodactylism, Megalodactylia (congenital) (fingers) (thumbs)",Q74.0,0.9814329147338867,,,,,
570,3,脚趾,toes,Q74.2,0.9443582892417908,,,,,
570,1,jù 拒,,,0.9997732043266296,,,,,
570,2,拒绝,Refusal of,,0.9997463226318359,,,,,
570,3,免疫接种，由于,immunization or vaccination becau,,0.9950725436210632,,,,,
570,4,病人的决定 NEC,patient's decision NEC,Z28.2,0.9556101560592651,,,,,
570,4,信仰或群体压力的原因,reasons of belief or group pressure,Z28.1,0.9737204313278198,,,,,
570,3,食物，心因性,"food,psychogenic",F50.8,0.9824259281158447,,,,,
570,3,治疗(由于),treatment (because of),Z53.2,0.9928143620491028,,,,,
570,4,病人的决定NEC,patient's decision NEC,Z53.2,0.9868698716163635,,,,,
570,4,信仰或群体压力的原因,reasons of belief or group pressure,Z53.1,0.9712777733802795,,,,,
571,1,jù 具,,,,,,,,
571,2,具有,Presence (of),,0.9998708963394165,,,,,
571,3,肠搭桥术或吻合术,intestinal bypass or anastomosis,Z98.0,0.9891999959945679,,,,,
571,3,镫骨植入物(功能性),stapes implant (functional),Z96.2,0.9801477193832397,,,,,
571,3,耳科学植入物(功能性),otological implant (functional),Z96.2,0.9866535663604736,,,,,
571,3,耳蜗植入物(功能性),cochlear implant (functional),Z96.2,0.9908812046051025,,,,,
571,3,功能性植入物,functional implant,Z96.9,0.9976152181625366,,,,,
571,4,特指的NEC,specified NEC,Z96.8,0.9829483032226562,,,,,
571,3,骨,bone,,0.950430691242218,,,,,
571,4,传导听力装置,conduction hearing device,Z96.2,0.9400636553764343,,,,,
571,4,关节(假体),joint (prosthesis),Z96.6,0.9590151309967041,,,,,
571,4,植入物(功能性)NEC,implant (functional) NEC,Z96.7,0.971441388130188,,,,,
571,3,鼓膜切开术管,myringotomy tube(s),Z96.2,0.9807437062263489,,,,,
571,3,关节植入物(假体)(任何),joint implant (prosthetic) (any),Z96.6,0.9928248524665833,,,,,
571,3,冠状动脉移植物或假体,coronary artery graft or prosthesis,Z95.5,0.9739646911621094,,,,,
571,3,喉植入物(功能性),laryngeal implant (functional),Z96.3,0.9846258163452148,,,,,
571,3,假牙装置,dental prosthetic device,Z97.2,0.9883168339729309,,,,,
571,3,腱植入物(功能性)(移植物),tendon implant (functional) (graft),Z96.7,0.9812445640563965,,,,,
571,3,矫形外科关节植入物(假体)(任何),orthopedic-joint implant (prosthetic) (any),Z96.6,0.9914450645446777,,,,,
571,3,接触镜,contact lens(es),Z97.3,0.9987679123878479,,,,,
571,3,髋关节植入物(功能性)(假体),hip-joint implant (functional) (prosthesis),Z96.6,0.9879273772239685,,,,,
571,3,颅骨板植入物,skull-plate implant,Z96.7,0.9956508278846741,,,,,
571,3,泌尿生殖器植入物(功能性),urogenital implant (functional),Z96.0,0.9852942228317261,,,,,
571,3,脑脊液引流装置,cerebrospinal fluid drainage device,Z98.2,0.9945397973060608,,,,,
571,3,内分泌科植入物(功能性),endocrine implant (functional),Z96.4,0.9925943613052368,,,,,
571,3,尿道移植片固定模,urethral stent,Z96.0,0.992935836315155,,,,,
571,3,膀胱植入物(功能性),bladder implant (functional),Z96.0,0.988328218460083,,,,,
571,3,人工,artificial,,0.9439084529876709,,,,,
571,4,喉,larynx,Z96.3,0.9528282284736633,,,,,
571,4,晶状体(眼内),lens (intraocular),Z96.1,0.9796543121337891,,,,,
571,4,心脏(机械性),heart (mechanical),Z95.8,0.9823448657989502,,,,,
571,5,瓣膜,valve,Z95.2,0.9459512233734131,,,,,
571,4,眼(球),eye (globe),Z97.0,0.988231897354126,,,,,
571,4,肢体(完全)(部分),limb (complete) (partial),Z97.1,0.959890604019165,,,,,
571,3,输尿管移植片固定模,ureteral stent,Z96.0,0.9927155375480652,,,,,
571,3,听力学植入物(功能性),audiological implant (functional),Z96.2,0.9861099123954773,,,,,
571,3,外部助听器或装置,external hearing-aid or device,Z97.4,0.9974203109741211,,,,,
571,3,为透析用的动静脉分流,arteriovenous shunt for dialysis,Z99.2,0.9871986508369446,,,,,
571,3,膝关节植入物(假体),knee-joint implant (prosthetic),Z96.6,0.9933459758758545,,,,,
571,3,系统性红斑狼疮抑制物,systemic lupus erythematosus inhibitor,D68.6,0.9958568215370178,,,,,
571,3,下颌骨植入物(牙的),mandibular implant (dental),Z96.5,0.9935806393623352,,,,,
572,3,心脏,cardiac,,0.9842758774757385,,,,,
572,4,除纤颤器(功能性),defibrillator (functional),Z95.0,0.9655218720436096,,,,,
572,4,起搏器,pacemaker,Z95.0,0.9598757028579712,,,,,
572,4,植入物或移植物 NEC,implant or graft NEC,Z95.9,0.9642350077629089,,,,,
572,5,特指类型 NEC,specified type NEC,Z95.8,0.9733824729919434,,,,,
572,3,心脏瓣膜植入物（功能性）NEC,heart valve implant (functional) NEC,Z95.4,0.9939059019088745,,,,,
572,4,假体,prosthetic,Z95.2,0.9685906171798706,,,,,
572,4,特指类型NEC,specified type NEC,Z95.4,0.9669235348701477,,,,,
572,4,异种,xenogenic,Z95.3,0.9595513343811035,,,,,
572,3,血管内植入物(功能性)(假体) NEC,intravascular implant (functional) (prosthetic) NEC,Z95.8,0.9761902093887329,,,,,
572,4,冠状动脉,coronary artery,Z95.5,0.9661693572998047,,,,,
572,4,周围血管,peripheral vessel,Z95.8,0.9816614389419556,,,,,
572,3,血管植入物或装置,vascular implant or device,Z95.9,0.9681400656700134,,,,,
572,4,入口装置,access port device,Z95.8,0.9104509949684143,,,,,
572,4,特指类型NEC,specified type NEC,Z95.8,0.9742361307144165,,,,,
572,3,牙根植入物,tooth root(s) implant,Z96.5,0.9841506481170654,,,,,
572,3,咽鼓管移植片固定模或装置(功能性),eustachian tube stent or device (functional),Z96.2,0.9955071210861206,,,,,
572,3,眼镜,spectacles,Z97.3,0.9926595091819763,,,,,
572,3,眼内晶状体(功能性),intraocular lens (functional),Z96.1,0.9969764351844788,,,,,
572,3,胰岛素泵(功能性),insulin pump (functional),Z96.4,0.9953476190567017,,,,,
572,3,植入装置(人工)(功能性)(假体),implanted device (artificial) (functional) (prosthetic),Z96.9,0.9816883206367493,,,,,
572,4,特指的 NEC,specified NEC,Z96.8,0.9556670784950256,,,,,
572,3,指关节植入物(功能性)(假体),finger-joint implant (functional) (prosthetic),Z96.6,0.9872321486473083,,,,,
572,3,主动脉冠状动脉(搭桥术)移植物,aortocoronary (bypass) graft,Z95.1,0.9758312702178955,,,,,
572,3,助听器或装置(外部),hearing-aid or device (external),Z97.4,0.9984828233718872,,,,,
572,4,植入物(骨)(耳蜗)(功能性),implant (bone) (cochlear) (functional),Z96.2,0.9702339768409729,,,,,
572,3,装置(外部)NEC,device (external) NEC,Z97.8,0.975300669670105,,,,,
572,4,假体,prosthetic,Z97.8,0.9385424852371216,,,,,
572,4,植入的(功能性),implanted (functional),Z96.9,0.9853925108909607,,,,,
572,5,特指的NEC,specified NEC,Z96.8,0.9861094951629639,,,,,
572,3,子宫内避孕装置(IUD),intrauterine contraceptive device (IUD),Z97.5,0.9477822184562683,,,,,
572,1,jù 剧,,,,,,,,
572,2,剧吐(另见呕吐),Hyperemesis (see also Vomiting),R11,0.9890300035476685,,,,,
572,3,妊娠(轻度),gravidarum (mild),O21.0,0.9893036484718323,,,,,
572,4,伴有,with,,0.7692966461181641,,,,,
572,5,代谢紊乱,metabolic disturbance,O21.1,0.8750584721565247,,,,,
572,5,电解质失衡,electrolyte imbalance,O21.1,0.8819106221199036,,,,,
572,5,碳水化合物缺失,carbohydrate depletion,O21.1,0.9502066969871521,,,,,
572,5,脱水,dehydration,O21.1,0.9355737566947937,,,,,
573,4,影响到胎儿或新生儿,affecting fetus or newborn,P01.8,0.9893193244934082,,,,,
573,4,重度(伴有代谢紊乱),severe (with metabolic disturbance),O21.1,0.9822432398796082,,,,,
573,3,心因性,psychogenic,F45.3,0.9738762378692627,,,,,
573,1,jù 锯,,,0.9098663926124573,,,,,
573,2,锯齿状处女膜,Cribriform hymen,Q52.3,0.985840380191803,,,,,
573,1,juǎn 卷,,,0.9517118334770203,,,,,
573,2,卷曲毛发(先天性),Woolly hair (congenital),Q84.1,0.9891347289085388,,,,,
573,2,卷舌发音不清,Lalling,F80.0,0.9980940222740173,,,,,
573,1,juàn 倦,,,0.969323456287384,,,,,
573,2,倦怠-见虚弱,Lassitude - see Weakness,,0.9920760989189148,,,,,
573,2,倦睡,Drowsiness,R40.0,0.9999220967292786,,,,,
573,1,jué 绝,,,0.9123610258102417,,,,,
573,2,绝经后期,Postmenopausal,,0.9999524354934692,,,,,
573,3,骨质疏松症,osteoporosis,M81.0,0.977992594242096,,,,,
573,4,伴有病理性骨折,with pathological fracture,M80.0,0.9488867521286011,,,,,
573,3,子宫内膜(萎缩),endometrium (atrophic),N95.8,0.9697003364562988,,,,,
573,4,化脓性(另见子宫内膜炎),suppurative (see also Endometritis),N71.9,0.9731659293174744,,,,,
573,2,绝经期(症状)(综合征),"Menopause, menopausal (symptoms) (syndrome)",N95.1,0.9957301020622253,,,,,
573,3,关节炎(任何部位)NEC,arthritis (any site) NEC,M13.8,0.9880277514457703,,,,,
573,3,精神病 NEC,psychosis NEC,F28,0.9448385834693909,,,,,
573,3,人工,artificial,N95.3,0.9842972159385681,,,,,
573,3,手术的,surgical,N95.3,0.9759652614593506,,,,,
573,3,妄想狂样状态,paranoid state,F22.8,0.9756290912628174,,,,,
573,3,危象,crisis,N95.1,0.9660253524780273,,,,,
573,3,早发,premature,E28.3,0.9837981462478638,,,,,
573,3,中毒性多关节炎 NEC,toxic polyarthritis NEC,M13.8,0.9685584306716919,,,,,
573,2,绝育，为住院理由,"Sterilization, admission for",Z30.2,0.9820383787155151,,,,,
573,1,juè 倔,,,0.9126096963882446,,,,,
573,2,倔强症(癔症性),Catalepsy (hysterical),F44.2,0.9609082341194153,,,,,
573,3,精神分裂性,schizophrenic,F20.2,0.965998113155365,,,,,
574,1,jūn 军,,,0.9770668148994446,,,,,
574,2,军刀状胫骨(梅毒性),"Saber, sabre tibia (syphilitic)",A50.5+ M90.2*,0.9793943762779236,,,,,
574,2,军团,Legionnaire's,,0.9996969699859619,,,,,
574,3,病,disease,A48.1,0.9702872633934021,,,,,
574,4,非肺炎性,nonpneumonic,A48.2,0.9774332046508789,,,,,
574,3,肺炎,pneumonia,A48.1,0.9587414264678955,,,,,
574,2,军团病,Legionellosis,A48.1,0.9838481545448303,,,,,
574,3,非肺炎性,nonpneumonic,A48.2,0.9894911050796509,,,,,
574,1,jūn 菌,,,0.9802850484848022,,,,,
574,2,菌尿,"Bacteriuria, bacteruria",N39.0,0.9697735905647278,,,,,
574,3,无症状,asymptomatic,N39.0,0.9929292798042297,,,,,
574,4,产褥期、产后,"puerperal, postpartum",O86.2,0.9638920426368713,,,,,
574,4,妊娠中,in pregnancy,O23.4,0.9769288301467896,,,,,
574,2,菌丝体感染NEC,Mycelium infection NEC,B49,0.999072253704071,,,,,
574,2,菌血症,Bacteremia,A49.9,0.9700201749801636,,,,,
574,3,伴有脓毒症-见败血症,with sepsis - see Septicemia,,0.9934712648391724,,,,,
574,4,操作后,postprocedural,T81.4,0.9854902625083923,,,,,
574,3,泌尿(道)(另见感染，泌尿(道)),"urinary (tract) (see also Infection, urinary (tract))",N39.0,0.9675979018211365,,,,,
574,3,脑膜炎球菌性(另见脑膜炎球菌血症),meningococcal (see also Meningococcemia),A39.4,0.9785151481628418,,,,,
574,3,特殊命名的细菌性病原体-见感染，按特殊命名的细菌性病原体,"specified named bacterial organism - see Infection, by specified named bacterial organism",,0.9880523681640625,,,,,
574,3,特指细菌性病原体 NEC,specified bacterial organism NEC,A49.8,0.9651036262512207,,,,,
574,3,细菌以外的病原体 -见 败血症,organism other than bacteria - see Septicemia,,0.9399967789649963,,,,,
574,4,新生儿-见感染，先天性，按病原体,"newborn - see Infection, congenital, by organism",,0.9722029566764832,,,,,
574,3,新生儿(任何可分类到A49.-的细菌),newborn (any bacteria classifiable to A49.-),P39.8,0.9957088232040405,,,,,
574,3,由于,due to,,0.9336161017417908,,,,,
574,4,特指细菌(另见感染，特指细菌),"specified bacteria (see also Infection, by specified bacteria)",A49.8,0.986685037612915,,,,,
574,1,jūn 皱,,,0.88262540102005,,,,,
574,1,jūn 皲,,,,,,,,
574,2,皲裂皮肤,Chapping skin,T69.8,0.9705249071121216,,,,,
575,0,K,,,,,,,,
575,1,kā 咖,,,0.9999498128890991,,,,,
575,2,咖啡牛乳色斑,Café au lait spots,L81.3,0.9808609485626221,,,,,
575,2,咖啡工人肺,Coffee-worker's lung,J67.8,0.9998063445091248,,,,,
575,1,kǎ 卡,,,0.9999075531959534,,,,,
575,2,卡波济 - 现译名 卡波西,Kaposi,,0.9625424146652222,,,,,
575,2,卡波西,Kaposi's,,0.9999639391899109,,,,,
575,3,肉瘤(M9140/3),sarcoma (M9140/3),,0.9657332301139832,,,,,
575,4,多器官,multiple organs,C46.8,0.928118884563446,,,,,
575,4,腭(硬)(软),palate (hard) (soft),C46.2,0.9229938387870789,,,,,
575,4,结缔组织,connective tissue,C46.1,0.975120484828949,,,,,
575,4,淋巴结(多处),lymph node (multiple),C46.3,0.9843202829360962,,,,,
575,4,皮肤(多部位),skin (multiple sites),C46.0,0.9729371070861816,,,,,
575,4,人类免疫缺陷病毒(HIV)病所致.,resulting from HIV disease .,B21,0.9859057068824768,,,,,
575,4,特指部位 NEC,specified site NEC,C46.7,0.9695421457290649,,,,,
575,4,未特指部位,unspecified site,C46.9,0.9922617077827454,,,,,
575,3,水疱样疹,varicelliform eruption,B00.0,0.9872893691062927,,,,,
575,2,卡恩斯-塞尔综合征,Kearns-Sayre syndrome,H49.8,0.9709492921829224,,,,,
575,2,卡尔-巴尔-普伦基特综合征,Carr-Barr-Plunkett syndrome,Q97.1,0.9995992183685303,,,,,
575,2,卡尔曼综合征[性幼稚-失嗅综合征],Kallmann's syndrome,E23.0,0.9905889630317688,,,,,
575,2,卡尔韦-佩尔特斯病[股骨头骺部骨软骨病],Calvé-Perthes disease,M91.1,0.9884940385818481,,,,,
575,2,卡尔韦病[幼年型脊柱骨软骨病],Calvé's disease,M42.0,0.9998760223388672,,,,,
575,2,卡菲综合征[婴儿骨皮质肥厚],Caffey's syndrome,M89.8,0.9951435327529907,,,,,
575,2,卡拉巴肿,Calabar swelling,B74.3,0.9573400616645813,,,,,
575,2,卡拉贝利尖的 - 见情况,"Cusp, Carabelli - see condition",,0.9782922863960266,,,,,
575,2,卡勒病[多发性骨髓瘤](M9732/3),Kahler's disease (M9732/3),C90.0,0.9851464629173279,,,,,
575,2,卡里翁病,Carrion's disease,A44.0,0.9999577403068542,,,,,
575,2,卡穆拉蒂-恩格尔曼综合征[骨干发育不良],Camurati-Engelmann syndrome,Q78.3,0.9999231696128845,,,,,
575,2,卡纳万病[中枢神经系统海绵样变性],Canavan's disease,E75.2,0.9998584389686584,,,,,
575,2,卡彭特综合征[Ⅱ型尖头并多指(趾)畸形],Carpenter's syndrome,Q87.0,0.9937292337417603,,,,,
575,2,卡斯钦-贝克病-现译名大骨节病,Kaschin-Beck disease,,0.9915668368339539,,,,,
575,2,卡斯泰拉尼病[支气管螺旋体病],Castellani's disease,A69.8,0.9984880089759827,,,,,
575,2,卡他(性)(炎症)(另见情况),"Catarrh, catarrhal (inflammation) (see also condition)",J00,0.9979904890060425,,,,,
575,3,急性,acute,J00,0.9285421371459961,,,,,
575,3,慢性,chronic,J31.0,0.9776216745376587,,,,,
575,3,鼻(慢性)(另见鼻炎),nasal (chronic) (see also Rhinitis),J31.0,0.9786586761474609,,,,,
575,4,急性,acute,J00,0.9384732246398926,,,,,
576,3,鼻咽(慢性),nasopharyngeal (chronic),J31.1,0.9848674535751343,,,,,
576,4,急性,acute,J00,0.8971046805381775,,,,,
576,3,肠-见 小肠炎,intestinal - see Enteritis,,0.9350085258483887,,,,,
576,3,传染性,infectious,J00,0.9850463271141052,,,,,
576,3,春季(眼)(春天的),spring (eye) (vernal),H10.1,0.9738987684249878,,,,,
576,3,喉，慢性,"larynx, chronic",J37.0,0.9684898257255554,,,,,
576,3,花粉症,hay fever,J30.1,0.973870575428009,,,,,
576,4,伴有哮喘,with asthma,J45.0,0.9517450928688049,,,,,
576,3,热性,febrile,J00,0.9447022080421448,,,,,
576,3,胃肠 - 见 小肠炎,gastrointestinal - see Enteritis,,0.8943630456924438,,,,,
576,3,夏季(枯草)(另见热，枯草热[花粉症]),"summer (hay) (see also Fever, hay)",J30,0.9810959100723267,,,,,
576,3,小肠 -见 小肠炎,enteric - see Enteritis,,0.9099823832511902,,,,,
576,3,咽鼓管,eustachian,H68.0,0.9849640130996704,,,,,
576,3,咽鼓管鼓室,tubotympanal,H65.9,0.9929726123809814,,,,,
576,4,慢性,chronic,H65.2,0.9581321477890015,,,,,
576,3,咽喉,throat,J31.2,0.9549967646598816,,,,,
576,3,咽门(另见咽炎)JO,fauces (see also Pharyngitis),J02.9,0.9918943047523499,,,,,
576,3,眼(急性),eye (acute),H10.2,0.978461503982544,,,,,
576,3,支气管-见支气管炎,bronchial - see Bronchitis,,0.9871744513511658,,,,,
576,3,中耳，慢性,"middle ear, chronic",H65.2,0.9891520738601685,,,,,
576,2,卡塔格内 - 又译名 卡塔格纳,Kartagener,,0.9122899770736694,,,,,
576,2,卡塔格内综合征或卡塔格内三联症,Kartagener's syndrome or triad,Q89.3,0.9999517202377319,,,,,
576,2,卡特回归热(亚洲),Carter's relapsing fever (Asiatic),A68.1,0.990817666053772,,,,,
576,2,卡瓦雷病[家族周期性瘫痪],Cavare's disease,G72.3,0.9991455078125,,,,,
576,2,卡泽纳夫病[落叶型天疱疮],Cazenave's disease,L10.2,0.9988061189651489,,,,,
576,1,kǎ 咯,,,0.9990959763526917,,,,,
576,2,咯血,Hemoptysis,R04.2,0.9816310405731201,,,,,
576,3,结核性 - 见 结核，肺,"tuberculous - see Tuberculosis, pulmonary",,0.917881429195404,,,,,
576,3,新生儿,newborn,P26.9,0.998992383480072,,,,,
576,1,kāi 开,,,0.9999610185623169,,,,,
576,2,开,"Open, opening",,0.9999110102653503,,,,,
576,3,角伴有,angle with,,0.999534010887146,,,,,
576,4,临界眼内压,borderline intraocular pressure,H40.0,0.9820694923400879,,,,,
576,4,青光眼(原发性),glaucoma (primary),H40.1,0.9866964817047119,,,,,
576,2,开窗-另见不完全，闭合,"Fenestration, fenestrated - see also Imperfect, closure",,0.9900891780853271,,,,,
576,3,肺动脉尖,pulmonic cusps,Q22.2,0.9885627031326294,,,,,
576,3,心瓣膜尖 NEC,"cusps, heart valve NEC",Q24.8,0.9525731801986694,,,,,
576,4,肺,pulmonary,Q22.2,0.9026265144348145,,,,,
576,3,主动脉肺动脉,aortopulmonary,Q21.4,0.998563289642334,,,,,
577,3,咽鼓管,eustachian tube,H69.0,0.994197428226471,,,,,
577,2,开验(前)(后),Openbite (anterior) (posterior),K07.2,0.9548135995864868,,,,,
577,2,开口,"Open, opening",,0.9997833967208862,,,,,
577,3,假-见不完全，闭合,"false - see Imperfect, closure",,0.9799890518188477,,,,,
577,3,伤口-见伤口，开放性,"wound - see Wound, open",,0.9701551795005798,,,,,
577,3,异常的，器官或部位，先天性-见不完全，闭合,"abnormal, organ or site, congenital – see Imperfect, closure",,0.9828863143920898,,,,,
577,1,kǎi 凯,,,0.9654585123062134,,,,,
577,2,凯-弗[凯泽-弗莱舍]环(角膜),Kayser-Fleischer ring (cornea),H18.0,0.9907827973365784,,,,,
577,2,凯拉增殖性红斑(M8080/2),Queyrat's erythroplasia (M8080/2),,0.9999000430107117,,,,,
577,3,特指部位-见肿瘤，皮肤，原位,"specified site - see Neoplasm, skin, in situ",,0.9834859371185303,,,,,
577,3,未特指部位,unspecified site,D07.4,0.9937423467636108,,,,,
577,3,阴茎,penis,D07.4,0.9484488368034363,,,,,
577,2,凯利-佩特森综合征[缺铁性吞咽困难],Kelly-Paterson syndrome,D50.1,0.9996574521064758,,,,,
577,2,凯萨努森林病,Kyasanur Forest disease,A98.2,0.995246410369873,,,,,
577,1,kǎn 坎,,,0.9845685958862305,,,,,
577,2,坎纳综合征[孤独症],Kanner's syndrome,F84.0,0.9995391964912415,,,,,
577,2,坎特雷尔综合征,Cantrell's syndrome,Q87.8,0.9999616742134094,,,,,
577,1,kāng 康,,,0.9999412298202515,,,,,
577,2,康恩综合征[原发性醛固酮增多症],Conn's syndrome,E26.0,0.9734818339347839,,,,,
577,2,康复,Rehabilitation,Z50.9,0.9999533295631409,,,,,
577,3,个人史,personal history of,Z92.5,0.9980881214141846,,,,,
577,3,酒精,alcohol,Z50.2,0.9880996346473694,,,,,
577,3,特指的NEC,specified NEC,Z50.8,0.9919089674949646,,,,,
577,3,物质滥用 NEC,substance abuse NEC,Z50.8,0.9674320220947266,,,,,
577,4,酒精,alcohol,Z50.2,0.9564943313598633,,,,,
577,4,药物,drug,Z50.3,0.962488055229187,,,,,
577,3,吸烟,tobacco use,Z50.8,0.986115038394928,,,,,
577,3,心脏病,cardiac,Z50.0,0.9662449955940247,,,,,
577,3,药物,drug,Z50.3,0.939253568649292,,,,,
577,3,职业性(治疗),"occupational, vocational (therapy)",Z50.7,0.9835829138755798,,,,,
577,2,康复训练,Retraining,,0.9999842047691345,,,,,
577,3,心脏病,cardiac,Z50.0,0.9756037592887878,,,,,
577,2,康拉迪(-许纳曼)病[点状软骨营养障碍],Conradi(-Hunermann) disease,Q77.3,0.9997732639312744,,,,,
578,1,kāng 糠,,,,,,,,
578,2,糠疹[癣],Pityriasis,,0.9962857961654663,,,,,
578,3,白色,"alba, maculata",L30.5,0.9937855005264282,,,,,
578,3,单纯性,simplex,L30.5,0.9812977910041809,,,,,
578,3,黑,nigra,B36.1,0.9803111553192139,,,,,
578,3,黑布拉,Hebra's,L26,0.9398446679115295,,,,,
578,3,花斑,versicolor,B36.0,0.9754810333251953,,,,,
578,3,环状,circinata,L42,0.960649311542511,,,,,
578,3,连圈状,rotunda,L44.8,0.9778009653091431,,,,,
578,3,毛发红,rubra pilaris,L44.0,0.9683524370193481,,,,,
578,3,玫瑰,rosea,L42,0.9408537745475769,,,,,
578,3,苔癣样,lichenoides,L41.0,0.9941606521606445,,,,,
578,4,痘疹样(急性),et varioliformis (acuta),L41.0,0.953848659992218,,,,,
578,4,慢性,chronica,L41.1,0.9438539743423462,,,,,
578,1,kàng 抗,,,0.9999366998672485,,,,,
578,2,抗毒素并发症或抗毒素反应-见并发症，接种,"Antitoxin complication or reaction - see Complications, vaccination",,0.9881011247634888,,,,,
578,2,抗利尿激素综合征,Antidiuretic hormone syndrome,E22.2,0.9998712539672852,,,,,
578,2,抗磷脂抗体综合征,Anticardiolipin syndrome,D68.6,0.9860004782676697,,,,,
578,2,抗磷脂综合征,Antiphospholipid syndrome,D68.6,0.9753263592720032,,,,,
578,2,抗凝血酶血症(另见循环抗凝剂),Antithrombinemia (see also Circulating anticoagulants),D68.5,0.994523286819458,,,,,
578,2,抗凝血酶激酶血症(另见循环抗凝剂),Antithromboplastinemia (see also Circulating anticoagulants),D68.3,0.9812648296356201,,,,,
578,2,抗凝血酶激酶原血症(另见循环抗凝剂),Antithromboplastinogenemia (see also Circulating anticoagulants),D68.3,0.979661762714386,,,,,
578,2,抗体，母体(血型)(另见不配合),"Antibodies, maternal (blood group) (see also Incompatibility)",O36.1,0.9757113456726074,,,,,
578,3,抗D,anti-D,O36.0,0.9540075659751892,,,,,
578,4,胎儿或新生儿,fetus or newborn,P55.0,0.9789038300514221,,,,,
578,1,kǎo 考,,,0.9999657869338989,,,,,
578,2,考珀腺[尿道球腺]的-见情况,Cowper's gland - see condition,,0.9912765026092529,,,,,
578,1,kē 柯,,,0.9990019202232361,,,,,
578,2,柯莱斯骨折,Colles' fracture,S52.5,0.9750949740409851,,,,,
578,2,柯林溃疡(另见溃疡，消化性，急性),"Curling's ulcer (see also Ulcer, peptic, acute)",K27.3,0.9906641244888306,,,,,
578,2,柯萨奇病毒(感染),Coxsackievirus (infection),B34.1,0.9931148290634155,,,,,
578,3,肠炎,enteritis,A08.3,0.9845280647277832,,,,,
578,3,脑膜炎(无菌性),meningitis (aseptic),A87.0+ G02.0*,0.985066831111908,,,,,
578,3,特异性疾病 NEC,specific disease NEC,B33.8,0.9651321768760681,,,,,
579,3,未特指性质或部位,unspecified nature or site,B34.1,0.9952800869941711,,,,,
579,3,心包炎,pericarditis,B33.2+ I32.1*,0.9546331763267517,,,,,
579,3,心肌炎,myocarditis,B33.2+ I41.1*,0.9567993879318237,,,,,
579,3,心内膜炎,endocarditis,B33.2+ I39.8*,0.9797394275665283,,,,,
579,3,心炎,carditis,B33.2+ I43.0*,0.9728217720985413,,,,,
579,3,胸膜痛,pleurodynia,B33.0,0.9837759733200073,,,,,
579,3,咽炎,pharyngitis,B08.5,0.9912796020507812,,,,,
579,3,中枢神经系统NEC,central nervous system NEC,A88.8,0.9949032068252563,,,,,
579,3,作为分类于他处疾病的原因,as cause of disease classified elsewhere,B97.1,0.990135133266449,,,,,
579,2,柯兴-现译名库欣,Cushing,,0.9995298385620117,,,,,
579,1,kē 科,,,0.9990671277046204,,,,,
579,2,科巴斯病[坏疽性龟头炎],Corbus' disease,N48.1,0.981478750705719,,,,,
579,2,科茨病(渗出性视网膜病变)[外层渗出性视网膜病变],Coats' disease (exudative retinopathy),H35.0,0.9783585071563721,,,,,
579,2,科德曼瘤(M9230/0)-见肿瘤，骨，良性,"Codman's tumor (M9230/0) - see Neoplasm, bone, benign",,0.9950838088989258,,,,,
579,2,科尔萨科夫-又译名科萨科夫,Korsakov,,0.9998928904533386,,,,,
579,2,科根综合征[非梅毒性角膜炎伴有前庭听觉症状],Cogan's syndrome,H16.3,0.9996435046195984,,,,,
579,3,动眼失用症,oculomotor apraxia,H51.8,0.9915385246276855,,,,,
579,2,科凯恩综合征[侏儒-视网膜萎缩-耳聋综合征],Cockayne's syndrome,Q87.1,0.9635269045829773,,,,,
579,2,科克特殊性瘤,Cock's peculiar tumor,L72.1,0.9896933436393738,,,,,
579,2,科莱(-西卡尔)综合征,Collet(-Sicard) syndrome,G52.7,0.9991448521614075,,,,,
579,2,科里病(糖原贮积病),Cori's disease (glycogen storage),E74.0,0.9964489340782166,,,,,
579,2,科利特化脓症,Corlett's pyosis,L00,0.9707058072090149,,,,,
579,2,科利特或曼森化脓症,Pyosis of Corlett or Manson,L00,0.9890589714050293,,,,,
579,2,科罗病[盘尾丝虫病],Craw-craw,B73,0.959153413772583,,,,,
579,2,科尼利亚·德朗热综合征,Cornelia de Lange syndrome,Q87.1,0.9994017481803894,,,,,
579,2,科热夫尼科夫癫疯,"Kojevnikov's, Kozhevnikof's epilepsy",G40.5,0.9486820697784424,,,,,
579,2,科萨科夫病、精神病或综合征(酒精中毒性),"Korsakov's disease, psychosis or syndrome (alcoholic)",F10.6,0.9996556639671326,,,,,
579,3,非酒精中毒性,nonalcoholic,F04,0.9857676029205322,,,,,
579,3,药物性-见F11-F19伴有第四位数.6,drug-induced - see F11-F19 with fourth character .6,,0.9892736673355103,,,,,
579,2,科氏斑[麻疹粘膜斑],Koplik's spots,B05.9,0.9965871572494507,,,,,
579,2,科斯特曼病[婴儿遗传性粒细胞缺乏],Kostmann's disease,D70,0.9986316561698914,,,,,
579,2,科斯滕综合征或复征[颞下颌关节综合征],Costen's syndrome or complex,K07.6,0.9984302520751953,,,,,
579,2,科塔尔综合征[否认妄想综合征],Cotard's syndrome,F22.0,0.999893844127655,,,,,
579,2,科西嘉热(另见疟疾),Corsican fever (see also Malaria),B54,0.9879775047302246,,,,,
579,1,kē 颏,,,0.9262158870697021,,,,,
579,2,颏的 - 见情况,Chin - see condition,,0.8804914951324463,,,,,
580,1,kē 颗,,,0.999018669128418,,,,,
580,2,颗粒性的 - 见情况,Granular - see condition,,0.9774430990219116,,,,,
580,1,ké 壳,,,0.9995219111442566,,,,,
580,2,壳状牙,Shell teeth,K00.5,0.9820032119750977,,,,,
580,1,ké 咳,,,0.8981451392173767,,,,,
580,2,咳嗽,Cough,R05,0.9629266262054443,,,,,
580,3,伴有出血(另见咯血),with hemorrhage (see also Hemoptysis),R04.2,0.998599112033844,,,,,
580,3,功能性,functional,F45.3,0.9822255373001099,,,,,
580,3,喉的，痉挛性,"laryngeal, spasmodic",R05,0.9459621906280518,,,,,
580,3,流行性,epidemic,R05,0.9674320220947266,,,,,
580,3,慢性,chronic,R05,0.9717615842819214,,,,,
580,3,品茶者,tea taster's,B49,0.9957534074783325,,,,,
580,3,神经性,nervous,R05,0.9596818089485168,,,,,
580,3,吸烟者,smokers',J41.0,0.9478738307952881,,,,,
580,3,心因性,psychogenic,F45.3,0.9993035793304443,,,,,
580,3,癔症性,hysterical,F45.3,0.9588591456413269,,,,,
580,3,支气管,bronchial,R05,0.978097140789032,,,,,
580,4,伴有流感(另见流行性感冒，伴有，呼吸道表现),"with grippe or influenza (see also Influenza, with, respiratory manifestations)",J11.1,0.9737375974655151,,,,,
580,1,kě 可,,,0.9996669292449951,,,,,
580,2,可触知的,Palpable,,0.9999904632568359,,,,,
580,3,卵巢,ovary,N83.8,0.9640633463859558,,,,,
580,3,盲肠,cecum,K63.8,0.9805645942687988,,,,,
580,3,脾(另见脾大).,spleen (see also Splenomegaly),R16.1,0.9958714842796326,,,,,
580,3,肾,kidney,N28.8,0.9283610582351685,,,,,
580,2,可动性,"Mobile, mobility",,0.9999449253082275,,,,,
580,3,胆囊，先天性,"gallbladder, congenital",Q44.1,0.9777096509933472,,,,,
580,3,过度- 见 运动过强,excessive - see Hypermobility,,0.9140185713768005,,,,,
580,3,器官或部位，先天性NEC-见错位，先天性,"organ or site, congenital NEC - see Malposition, congenital",,0.9925391674041748,,,,,
580,3,肾,kidney,N28.8,0.9443191885948181,,,,,
580,2,可见性蠕动,Visible peristalsis,R19.2,0.9986351132392883,,,,,
580,2,可卡因瘾,Cocainism,F14.2,0.9997507929801941,,,,,
580,2,可渗透的，先天性-另见不完全，闭合,"Pervious, congenital - see also Imperfect, closure",,0.998311460018158,,,,,
580,3,动脉导管,ductus arteriosus,Q25.0,0.9830023646354675,,,,,
580,2,可缩回性睾丸,Retractile testis,Q55.2,0.9803930521011353,,,,,
580,2,可疑情况的排除(另见观察，可疑的),"Suspected condition, ruled out (see also Observation, suspected)",Z03.9,0.9973667860031128,,,,,
581,1,kè 克,,,0.9998000264167786,,,,,
581,2,克-鲍肝硬变、病或综合征[克吕韦耶-鲍姆加滕],"Cruveilhier-Baumgarten cirrhosis, disease or syndrome",K74.6,0.9993048906326294,,,,,
581,2,克布纳综合征,Koebner's syndrome,Q81.8,0.9628971219062805,,,,,
581,2,克尔病[慢性角化病],Kyrle's disease,L87.0,0.9998994469642639,,,,,
581,2,克拉贝 - 现译名 克拉伯,Krabbe,,0.9537709951400757,,,,,
581,2,克拉伯病,Krabbe's disease,E75.2,0.9958540797233582,,,,,
581,2,克拉顿关节,Clutton's joints,A50.5+ M03.1*,0.989408016204834,,,,,
581,2,克拉夫特-韦伯-季米特里病,Kraft-Weber-Dimitri disease,Q85.8,0.9997389912605286,,,,,
581,2,克拉夫特神经症,Craft neurosis,F48.8,0.9999828934669495,,,,,
581,2,克拉特斯金瘤(M8162/3),Klatskin's tumor (M8162/3),C24.0,0.9957576990127563,,,,,
581,2,克莱恩-莱文综合征[嗜睡与贪食症],Kleine-Levin syndrome,G47.8,0.9997373819351196,,,,,
581,2,克兰费尔特综合征[细精管发育障碍症],Klinefelter's syndrome,Q98.4,0.9998946785926819,,,,,
581,3,"核型47,XXY","karyotype 47, XXY",Q98.0,0.995163083076477,,,,,
581,3,男性伴有,male with,,0.9944477081298828,,,,,
581,4,多于两个X染色体,more than two X chromosomes,Q98.1,0.9911749362945557,,,,,
581,4,"核型46,XX","karyotype 46, XX",Q98.2,0.9726924896240234,,,,,
581,2,克劳德病,Klauder's disease,A26.8,0.9999173283576965,,,,,
581,2,克劳斯顿(出汗性)外胚层发育不良,Clouston's (hidrotic) ectodermal dysplasia,Q82.8,0.9990508556365967,,,,,
581,2,克勒病,Köhler's disease,,0.999217689037323,,,,,
581,3,髌骨,patellar,M92.4,0.9849379658699036,,,,,
581,3,跗舟骨,tarsal navicular,M92.6,0.9820753931999207,,,,,
581,2,克勒布斯病(另见肾小球肾炎),Klebs' disease (see also Glomerulonephritis),N05,0.9861865639686584,,,,,
581,2,克雷珀林-莫雷尔病(另见精神分裂症),Kraepelin-Morel disease (see also Schizophrenia),F20.9,0.9942148327827454,,,,,
581,2,克里格勒-纳贾尔病或综合征,Crigler-Najjar disease or syndrome,E80.5,0.9881463050842285,,,,,
581,2,克里斯马斯病[B型血友病],Christmas disease,D67,0.9999262690544128,,,,,
581,2,克里斯琴-韦伯病[结节性非化脓性脂膜炎],Christian-Weber disease,M35.6,0.9998065233230591,,,,,
581,2,克利佩尔-特脑纳(-韦伯)综合征,Klippel-Trenaunay(-Weber) syndrome,Q87.2,0.9997149705886841,,,,,
581,2,克利佩尔-费尔缺乏或综合征[先天性短颈综合征],Klippel-Feil deficiency or syndrome,Q76.1,0.9994378685951233,,,,,
581,2,克利佩尔病[杆菌炎性全身性假瘫],Klippel's disease,I67.2,0.9929198026657104,,,,,
581,2,克隆病-现译名克罗恩病,Crohn's disease,,0.9997007846832275,,,,,
581,2,克隆普克(-德热里纳)麻痹(出生)(新生儿),"Klumpke(-Déjerine) palsy, paralysis (birth) (newborn)",P14.1,0.9951397180557251,,,,,
581,2,克鲁肯贝格,Krukenberg's,,0.9995972514152527,,,,,
581,3,瘤(M8490/6),tumor (M8490/6),C79.6,0.9794435501098633,,,,,
581,3,梭,spindle,H18.0,0.9465475678443909,,,,,
581,2,克鲁宗病[颅面发育不全],Crouzon's disease,Q75.1,0.9993427395820618,,,,,
581,2,克吕韦耶萎缩或病[脊髓肌肉萎缩],Cruveilhier's atrophy or disease,G12.8,0.9994529485702515,,,,,
581,2,克吕谢病[流行性脑脊髓炎],Cruchet's disease,A85.8,0.9998729228973389,,,,,
581,2,克罗恩病[局限性肠炎](曾译名克隆病),Crohn's disease,K50.9,0.9997324347496033,,,,,
581,3,大肠(结肠或直肠),large intestine (colon or rectum),K50.1,0.9976477026939392,,,,,
581,4,伴有小肠,with small intestine,K50.8,0.9918686747550964,,,,,
582,3,小肠(十二指肠，回肠或空肠),"small intestine (duodenum, ileum or jejunum)",K50.0,0.9839442372322083,,,,,
582,4,伴有大肠,with large intestine,K50.8,0.9710309505462646,,,,,
582,2,克罗斯综合征,Cross syndrome,E70.3,0.9999749064445496,,,,,
582,2,克罗伊茨费尔特-雅各布病或综合征[痉挛性假性硬化],Creutzfeldt-Jakob disease or syndrome,A81.0+ F02.1*,0.9661749601364136,,,,,
582,3,伴有痴呆,with dementia,A81.0+ F02.1*,0.9888586401939392,,,,,
582,2,克洛德病或综合征,Claude's disease or syndrome,I66.8+ G46.3*,0.9532439112663269,,,,,
582,2,克洛德贝尔纳德-霍纳综合征[颈交感神经麻痹综合征],Claude Bernard-Horner syndrome,G90.2,0.9565666913986206,,,,,
582,3,创伤性,traumatic,S14.5,0.9665080904960632,,,,,
582,2,克山病[地方性心脏病],Keshan disease,E59,0.9998399019241333,,,,,
582,2,克汀病，呆小病(先天性)(地方性)(非甲状腺肿)(散发性),"Cretin, cretinism (congenital) (endemic) (nongoitrous) (sporadic)",E00.9,0.9894399046897888,,,,,
582,3,骨盆，伴有胎盆不称,"pelvis, with disproportion (fetopelvic)",O33.0,0.995712399482727,,,,,
582,4,引起梗阻性分娩,causing obstructed labor,O65.0,0.9752078652381897,,,,,
582,4,影响到胎儿或新生儿,affecting fetus or newborn,P03.1,0.9749156832695007,,,,,
582,3,型,type,,0.9340680837631226,,,,,
582,4,混合,mixed,E00.2,0.9551945328712463,,,,,
582,4,甲状腺功能减退,hypothyroid,E00.1,0.9636003971099854,,,,,
582,4,粘液水肿,myxedematous,E00.1,0.983978271484375,,,,,
582,4,神经病,neurological,E00.0,0.9936027526855469,,,,,
582,1,kè 刻,,,0.9995360374450684,,,,,
582,2,刻板症 NEC,Stereotypies NEC,F98.4,0.9726791381835938,,,,,
582,1,kōng 空,,,0.9573548436164856,,,,,
582,2,空肠的 - 见情况,"Jejunum, jejunal - see condition",,0.9757668972015381,,,,,
582,2,空肠炎(另见小肠炎),Jejunitis (see also Enteritis),A09.9,0.9890214204788208,,,,,
582,3,传染性,infectious,A09.0,0.9928523898124695,,,,,
582,3,非传染性,noninfectious,K52.9,0.9742584824562073,,,,,
582,2,空巢综合征,Empty nest syndrome,Z60.0,0.9999637603759766,,,,,
582,2,空洞性脊髓炎(另见 脑炎),Syringomyelitis (see also Encephalitis),G04.9,0.977493166923523,,,,,
582,2,空气，航空,Air,,0.9999601244926453,,,,,
582,3,病[航空者晕],sickness,T75.3,0.9842097759246826,,,,,
582,3,饥饿，心因性,"hunger, psychogenic",F45.3,0.9794495701789856,,,,,
582,3,空调器肺炎,conditioner lung or pneumonitis,J67.7,0.9931859374046326,,,,,
582,3,前纵隔(气肿),anterior mediastinum,J98.2,0.9863898754119873,,,,,
582,3,栓塞(动脉)(大脑)(任何部位),embolism (artery) (cerebral) (any site),T79.0,0.9829452633857727,,,,,
582,4,创伤性,traumatic,T79.0,0.9948403835296631,,,,,
582,4,输注、治疗性注射或输血后,"following infusion, therapeutic injection or transfusion",T80.0,0.9629068970680237,,,,,
583,4,由于植入装置NEC-见并发症，按部位和类型，特指的,"due to implanted device NEC - see Complications, by site and type, specified NEC",,0.9827551245689392,,,,,
583,4,在妊娠、分娩或产褥期中,"in pregnancy, childbirth or puerperium",O88.0,0.9612571001052856,,,,,
583,3,污染,pollution,Z58.1,0.9813495874404907,,,,,
583,4,职业性 NEC,occupational NEC,Z57.3,0.981718897819519,,,,,
583,3,稀薄，的效应-见效应，有害，高海拔,"rarefied, effects of - see Effect, adverse, high altitude",,0.9951031804084778,,,,,
583,2,空气进入静脉-见栓塞，空气,"Entrance, air into vein - see Embolism, air",,0.9904491305351257,,,,,
583,1,kǒng 孔,,,0.9751512408256531,,,,,
583,2,孔(型)，口,Ostium,,0.9883438944816589,,,,,
583,3,第一，房间隔(动脉)(缺损)(永存),primum (arteriosum) (defect) (persistent),Q21.2,0.9803336262702942,,,,,
583,3,第二，房间隔[继发孔型房间隔缺损](动脉)(缺损)(未闭)(永存),secundum (arteriosum) (defect) (patent) (persistent),Q21.1,0.9738061428070068,,,,,
583,3,共同房室,atrioventriculare commune,Q21.2,0.9865068197250366,,,,,
583,2,孔卡托病,Concato's disease,A19.9,0.9504286050796509,,,,,
583,3,胸膜-见胸膜炎，伴有，渗出,"pleural - see Pleurisy, with effusion",,0.9899604916572571,,,,,
583,1,kǒng 恐,,,0.9738242030143738,,,,,
583,2,恐怖症，恐怖性,"Phobia, phobic",F40.9,0.9993300437927246,,,,,
583,3,单纯,simple,F40.2,0.9489105939865112,,,,,
583,3,动物,animal,F40.2,0.9882110953330994,,,,,
583,3,反应,reaction,F40.9,0.9907037019729614,,,,,
583,3,检查,examination,F40.2,0.9908523559570312,,,,,
583,3,社会,social,F40.1,0.951971709728241,,,,,
583,3,特定的(孤立的),specific (isolated),F40.2,0.9878508448600769,,,,,
583,3,特指的NEC,specified NEC,F40.8,0.9819985032081604,,,,,
583,3,状态,state,F40.9,0.9656350612640381,,,,,
583,2,恐怖主义的受害者,"Terrorism, victim of",Z65.4,0.9999402761459351,,,,,
583,2,恐惧情结或反应,Fear complex or reaction,F40.9,0.9724025130271912,,,,,
583,2,恐惧忧虑状态,Apprehension state,F41.1,0.9993992447853088,,,,,
583,2,恐人症,Anthropophobia,F40.1,0.9980813264846802,,,,,
583,2,恐水 - 见狂犬病,Hydrophobia - see Rabies,,0.9523133039474487,,,,,
583,1,kǒu 口,,,0.976639449596405,,,,,
583,2,口吃,Stuttering,F98.5,0.9999157190322876,,,,,
583,2,口吃，言语NEC,"Impediment, speech NEC",R47.8,0.9874725341796875,,,,,
583,3,心因性(童年),psychogenic (childhood),F98.8,0.9882976412773132,,,,,
583,2,口臭,"Foul breath, Halitosis",R19.6,0.9999417066574097,,,,,
583,2,口出血,Stomatorrhagia,K13.7,0.9862827658653259,,,,,
584,2,口疮-现译名溃疡，阿弗他,Aphthous,,0.9340444207191467,,,,,
584,2,口的 - 见情况,Orifice - see condition,,0.9426463842391968,,,,,
584,2,口干燥症,Xerostomia,K11.7,0.9629273414611816,,,,,
584,2,口渴，过度,"Thirst, excessive",R63.1,0.9634559750556946,,,,,
584,3,由于缺水,due to deprivation of water,T73.1,0.9941322207450867,,,,,
584,2,口霉菌病,Stomatomycosis,B37.0,0.9999688267707825,,,,,
584,2,口腔的 - 见情况,Mouth - see condition,,0.928472638130188,,,,,
584,2,口腔顶的 - 见情况,"Roof, mouth - see condition",,0.9726666212081909,,,,,
584,2,口腔坏疽[走马疳],Cancrum oris,A69.0,0.9967820048332214,,,,,
584,2,口形红细胞增多,Stomatocytosis,D58.8,0.9999579787254333,,,,,
584,2,口炎(义齿性)(溃疡性),Stomatitis (denture) (ulcerative),K12.1,0.972580075263977,,,,,
584,3,阿弗他,aphthous,K12.0,0.9610422849655151,,,,,
584,3,白喉性,diphtheritic,A36.8,0.971164882183075,,,,,
584,3,地丝菌,Geotrichum,B48.3+ K93.8*,0.9678944945335388,,,,,
584,3,樊尚,Vincent's,A69.1,0.941727876663208,,,,,
584,3,化脓性(急性),suppurative (acute),K12.2,0.9902788400650024,,,,,
584,3,坏疽性,gangrenous,A69.0,0.9971783757209778,,,,,
584,3,坏死性溃疡性,necrotizing ulcerative,A69.0,0.9964126348495483,,,,,
584,3,口角,angular,K13.0,0.9592681527137756,,,,,
584,3,溃疡性膜性,ulceromembranous,A69.1,0.9785025715827942,,,,,
584,3,流行性,epidemic,B08.8,0.9408837556838989,,,,,
584,3,螺旋体性,spirochetal,A69.1,0.9987536668777466,,,,,
584,3,膜性，急性,"membranous, acute",K12.1,0.966733992099762,,,,,
584,3,念珠菌性,"candidal, monilial",B37.0,0.9822086095809937,,,,,
584,3,疱疹病毒性,herpesviral,B00.2,0.9853333234786987,,,,,
584,3,疱疹样,herpetiformis,K12.0,0.9693710207939148,,,,,
584,3,兽疫性,epizootic,B08.8,0.9685101509094238,,,,,
584,3,小泡性,vesicular,K12.1,0.9949020147323608,,,,,
584,4,伴有疹病(肠病毒),with exanthem (enteroviral),B08.4,0.9793914556503296,,,,,
584,4,病毒性疾病,virus disease,A93.8,0.9737767577171326,,,,,
584,3,由于维生素缺乏,due to vitamin deficiency,,0.9817797541618347,,,,,
584,4,B₂(核黄素),B2(riboflavin),E53.0+ K93.8*,0.972571611404419,,,,,
584,4,B族NEC,B group NEC,E53.9+ K93.8*,0.9449738264083862,,,,,
584,3,真菌性,mycotic,B37.0,0.9817938804626465,,,,,
584,2,口炎性腹泻,"Psilosis, Sprue",K90.1,0.9999621510505676,,,,,
584,3,非热带,nontropical,K90.0,0.9845621585845947,,,,,
584,3,热带,tropical,K90.1,0.987536609172821,,,,,
584,1,kòu 寇,,,0.999591588973999,,,,,
584,2,寇热 - 现译名Q 热,Q fever,,0.8835950493812561,,,,,
585,1,kū 枯,,,0.9983043670654297,,,,,
585,2,枯草热 - 现译名 花粉症,Hay fever,,0.9750937223434448,,,,,
585,2,枯否细胞-现译名肝巨噬细胞[库普弗细胞],Kupffer cell,,0.9948376417160034,,,,,
585,1,kǔ 苦,,,0.9962992668151855,,,,,
585,2,苦艾酒中毒,Absinthemism,F10.2,0.9998943209648132,,,,,
585,1,kù 库,,,0.9998236298561096,,,,,
585,2,库恩特-尤尼乌斯变性[盘状黄斑变性],Kuhnt-Junius degeneration,H35.3,0.9995827674865723,,,,,
585,2,库夫斯病[大脑神经鞘脂病的晚少年型],Kufs' disease,E75.4,0.9884448051452637,,,,,
585,2,库格尔贝格-韦兰德病[遗传性肌肉萎缩的少年型],Kugelberg-Welander disease,G12.1,0.9991245269775391,,,,,
585,2,库格尔贝里-现译名库格尔贝格,Kugelberg,,0.9972431659698486,,,,,
585,2,库利贫血[地中海贫血],Cooley's anemia,D56.1,0.9999216198921204,,,,,
585,2,库鲁病[新几内亚震颤病],Kuru,A81.8,0.9997760653495789,,,,,
585,2,库斯莫尔,Kussmaul's,,0.999848484992981,,,,,
585,3,病[结节性动脉周炎],disease,M30.0,0.9832963347434998,,,,,
585,3,呼吸[空气饥],respiration,E87.2,0.9829966425895691,,,,,
585,4,糖尿病酸中毒性-编码于E10-E14伴有第四位数.1,in diabetic acidosis - code to E10-E14 with a fourth character of.1,,0.9822709560394287,,,,,
585,2,库欣-曾译名柯兴,Cushing's,,0.9997128248214722,,,,,
585,3,溃疡(另见溃疡，消化性，急性),"ulcer (see also Ulcer, peptic, acute)",K27.3,0.9840637445449829,,,,,
585,3,综合征[皮质醇增多症]或病,syndrome or disease,E24.9,0.9798998832702637,,,,,
585,4,垂体依赖性,pituitary-dependent,E24.0,0.9725522994995117,,,,,
585,4,特指的NEC,specified NEC,E24.8,0.9565316438674927,,,,,
585,4,药物性,drug-induced,E24.2,0.9755485653877258,,,,,
585,4,医源性,iatrogenic,E24.2,0.981282114982605,,,,,
585,2,库普弗细胞肉瘤[肝巨噬细胞肉瘤](M9124/3),Kupffer cell sarcoma (M9124/3),C22.3,0.9913923740386963,,,,,
585,2,库珀,Cooper's,,0.9996364116668701,,,,,
585,3,病[慢性囊性乳腺病],disease,N60.1,0.9806829690933228,,,,,
585,3,疝(另见疝，腹，特指部位NEC),"hernia (see also Hernia, abdomen, specified site NEC)",K45.8,0.954151451587677,,,,,
585,1,kù 酷,,,0.9305657148361206,,,,,
585,2,酷刑折磨的受害者,"Torture, victim of",Z65.4,0.9998093247413635,,,,,
585,1,kuā 夸,,,0.9998599290847778,,,,,
585,2,夸赛纳森林病-现译名基萨那森林病[凯萨努森林病],Kyasanur Forest disease,,0.9978407621383667,,,,,
586,1,kuài 快,,,,,,,,
586,2,快乐木偶综合征,Happy puppet syndrome,Q93.5,0.9977641105651855,,,,,
586,2,快速,Rapid,,0.9999857544898987,,,,,
586,3,第二产程(分娩),second stage (delivery),O62.3,0.9613375067710876,,,,,
586,4,影响到胎儿或新生儿,affecting fetus or newborn,P03.5,0.9920653104782104,,,,,
586,3,微弱脉搏，由于损伤后休克引起的,"feeble pulse, due to shock, following injury",T79.4,0.9927189946174622,,,,,
586,3,心脏(搏动),heart(beat),R00.0,0.9593981504440308,,,,,
586,4,心因性,psychogenic,F45.3,0.9792363047599792,,,,,
586,1,kuān 宽,,,0.9474570155143738,,,,,
586,2,宽或上浮β脂蛋白血症,Broad- or floating- betalipoproteinemia,E78.2,0.9908905029296875,,,,,
586,2,宽颅缝，新生儿,"Wide cranial sutures, newborn",P96.3,0.9914229512214661,,,,,
586,1,kuān 髋,,,0.9437878131866455,,,,,
586,2,髋,Coxa,,0.9884753227233887,,,,,
586,3,扁平,plana,M91.2,0.9887233376502991,,,,,
586,3,内翻(后天性),vara (acquired),M21.1,0.9699993133544922,,,,,
586,4,佝偻病的晚期效应,late effect of rickets,E64.3,0.9772697687149048,,,,,
586,4,先天性,congenital,Q65.8,0.9653272032737732,,,,,
586,3,外翻(后天性),valga (acquired),M21.0,0.9863759279251099,,,,,
586,4,佝偻病的晚期效应,late effect of rickets,E64.3,0.9931527376174927,,,,,
586,4,先天性,congenital,Q65.8,0.9386727809906006,,,,,
586,2,髋的 - 见情况,Hip - see condition,,0.9596215486526489,,,,,
586,2,髋关节病,Coxarthrosis,M16.9,0.9779142141342163,,,,,
586,3,创伤后(单侧),post-traumatic (unilateral),M16.5,0.9884459376335144,,,,,
586,4,双侧,bilateral,M16.4,0.9895758032798767,,,,,
586,3,发育不良(单侧),dysplastic (unilateral),M16.3,0.993489682674408,,,,,
586,4,双侧,bilateral,M16.2,0.9612359404563904,,,,,
586,3,继发性NEC(单侧),secondary NEC (unilateral),M16.7,0.9699695706367493,,,,,
586,4,双侧,bilateral,M16.6,0.9323528409004211,,,,,
586,3,原发性(单侧),primary (unilateral),M16.1,0.9833546280860901,,,,,
586,4,双侧,bilateral,M16.0,0.9737216234207153,,,,,
586,2,髋关节炎,Coxitis,M13.1,0.9644695520401001,,,,,
586,2,髋痛(非结核性),"Coxalgia, coxalgic (nontuberculous)",M25.5,0.9719820618629456,,,,,
586,3,结核性,tuberculous,A18.0+ M01.1*,0.9861670732498169,,,,,
586,1,kuáng 狂,,,0.9999778270721436,,,,,
586,2,狂暴，意指狂犬病-见狂犬病,"Rage, meaning rabies - see Rabies",,0.9894240498542786,,,,,
587,2,狂犬病,"Lyssa, Rabies, Tollwut",A82.9,0.9931079149246216,,,,,
587,3,城市型,urban,A82.1,0.9530759453773499,,,,,
587,3,接种反应-见并发症，接种,"inoculation reaction - see Complications, vaccination",,0.9881538152694702,,,,,
587,3,森林型,sylvatic,A82.0,0.9619101881980896,,,,,
587,2,狂蝇蛆病(另见蝇蛆病),"Estriasis, Oestriasis (see also Myiasis)",B87.9,0.9948834776878357,,,,,
587,1,kuàng 旷,,,0.9998552799224854,,,,,
587,2,旷课，童年期,"Truancy, childhood",,0.9971081614494324,,,,,
587,3,非社会化,unsocialized,F91.1,0.9518002867698669,,,,,
587,3,社会化,socialized,F91.2,0.9808309078216553,,,,,
587,1,kuàng 矿,,,0.9293017387390137,,,,,
587,2,矿工[煤炭工],Coalminer's,,0.9999265670776367,,,,,
587,3,肺或肺尘埃沉着病,lung or pneumoconiosis,J60,0.9829416871070862,,,,,
587,3,肘,elbow,M70.2,0.9480286240577698,,,,,
587,2,矿工哮喘或矿工肺,Collier's asthma or lung,J60,0.9586040377616882,,,,,
587,1,kuàng 眶,,,0.9299296140670776,,,,,
587,2,眶的 -见情况,Orbit - see condition,,0.9373711347579956,,,,,
587,1,kuī 窥,,,0.9997668266296387,,,,,
587,2,窥阴癖,Voyeurism,F65.3,0.9998511075973511,,,,,
587,2,窥淫症 - 见 窥阴癖,Voyeurism,,0.907842218875885,,,,,
587,1,kuí 奎,,,0.9386630058288574,,,,,
587,2,奎尔万病[桡骨茎突腱鞘炎],Quervain's disease,M65.4,0.997055172920227,,,,,
587,1,kuì 溃,,,0.9913894534111023,,,,,
587,2,溃烂(痛)(口腔),Canker (sore) (mouth),K12.0,0.9925259947776794,,,,,
587,2,溃疡(性),"Sore, Ulcer, Ulcus, Ulcerated, Ulcerating, Ulceration, Ulcerative",L98.4,0.9581959247589111,,,,,
587,3,X 线,X-ray,L58.1,0.9415507316589355,,,,,
587,3,阿弗他(口腔)(复发性),aphthous (oral) (recurrent),K12.0,0.9850673675537109,,,,,
587,4,生殖器官,genital organ(s),,0.925548791885376,,,,,
587,5,男性,male,N50.8,0.9285647869110107,,,,,
587,5,女性,female,N76.6,0.9105474352836609,,,,,
587,3,阿米巴(肠)(另见阿米巴病),amebic (intestine) (see also Amebiasis),A06.1,0.991460382938385,,,,,
587,4,皮肤,skin,A06.7,0.9534310102462769,,,,,
588,3,癌性(M8000/3)-见肿瘤，恶性,"cancerous (M8000/3) - see Neoplasm, malignant",,0.963251531124115,,,,,
588,3,巴雷特,Barrett's,K22.1,0.9582743644714355,,,,,
588,3,包皮,prepuce,N48.1,0.9720892310142517,,,,,
588,3,贲门,cardia,K22.1,0.952782928943634,,,,,
588,3,贲门食管(消化性),cardioesophageal (peptic),K22.1,0.984108567237854,,,,,
588,3,鼻(腔)(感染性)(中隔),"nose, nasal (passage) (infective) (septum)",J34.0,0.9718751311302185,,,,,
588,4,皮肤-见溃疡，皮肤,"skin - see Ulcer, skin",,0.9191757440567017,,,,,
588,4,曲张性(出血),varicose (bleeding),I86.8,0.9546746611595154,,,,,
588,3,鼻甲,turbinate,J34.8,0.9741976261138916,,,,,
588,3,鼻咽,nasopharynx,J39.2,0.991740345954895,,,,,
588,3,边缘性NEC-见溃疡，胃空肠,"marginal NEC - see Ulcer, gastrojejunal",,0.987201452255249,,,,,
588,3,扁桃体,tonsil,J35.8,0.962893545627594,,,,,
588,3,扁桃体周,peritonsillar,J35.8,0.9867830276489258,,,,,
588,3,伯鲁里,Buruli,A31.1,0.9878459572792053,,,,,
588,3,肠,"bowel, intestine, intestinal",K63.3,0.984037458896637,,,,,
588,4,阿米巴(另见阿米巴病),amebic (see also Amebiasis),A06.1,0.9796045422554016,,,,,
588,4,边缘性(另见溃疡，胃空肠),"marginal (see also Ulcer, gastrojejunal)",K28.9,0.9806912541389465,,,,,
588,4,穿孔性,perforating,K63.1,0.9815202951431274,,,,,
588,5,胎儿或新生儿,fetus or newborn,P78.0,0.9867880940437317,,,,,
588,4,含粪的,"stercoraceous, stercoral",K63.3,0.9861456155776978,,,,,
588,4,结核性,tuberculous,A18.3+ K93.0*,0.9860478639602661,,,,,
588,4,曲张性,varicose,I86.8,0.9495463371276855,,,,,
588,4,伤寒(热),typhoid (fever),A01.0,0.9432249069213867,,,,,
588,4,十二指肠-见溃疡，十二指肠,"duodenal - see Ulcer, duodenum",,0.9476363658905029,,,,,
588,4,原发性，小肠,"primary, small intestine",K63.3,0.9753190279006958,,,,,
588,4,直肠,rectum,K62.6,0.9761221408843994,,,,,
588,3,出血性NEC,bleeding NEC,K27.4,0.9645136594772339,,,,,
588,3,穿孔性NEC,perforating NEC,K27.5,0.9759811162948608,,,,,
588,4,皮肤,skin,L98.4,0.9572482705116272,,,,,
588,3,唇,lip,K13.0,0.9457739591598511,,,,,
588,3,大腿-见溃疡，下肢,"thigh - see Ulcer, lower limb",,0.9682401418685913,,,,,
588,3,胆囊,gallbladder,K82.8,0.9816766381263733,,,,,
588,3,胆囊管,cystic duct,K82.8,0.9992541074752808,,,,,
588,3,胆总管(肝总管),bile duct (common) (hepatic),K83.8,0.9788323640823364,,,,,
588,3,德里[皮肤利什曼病欧亚型],Delhi,B55.1,0.954913318157196,,,,,
588,3,迪厄拉富瓦,Dieulafoy's,K25.0,0.9865203499794006,,,,,
588,3,动脉,artery,I77.8,0.9816563129425049,,,,,
588,3,恶性(M8000/3)-见肿瘤，恶性,"malignant (M8000/3) - see Neoplasm, malignant",,0.9831450581550598,,,,,
588,3,腭(软),palate (soft),K12.1,0.9651586413383484,,,,,
588,3,肺,lung,J98.4,0.9707912802696228,,,,,
588,4,结核性(另见结核，肺),"tuberculous (see also Tuberculosis, pulmonary)",A16.2,0.985315203666687,,,,,
589,3,匐行性角膜,serpens corneae,H16.0,0.9941163659095764,,,,,
589,3,腐肉形成性NEC-见溃疡，皮肤,"sloughing NEC - see Ulcer, skin",,0.9848790168762207,,,,,
589,3,肛门(括约肌)(孤立性),anus (sphincter) (solitary),K62.6,0.974261999130249,,,,,
589,3,肛门直肠,anorectal,K62.6,0.9858003258705139,,,,,
589,4,曲张(性)-见曲张(性)，溃疡，肛门,"varicose - see Varicose, ulcer, anus",,0.9643616080284119,,,,,
589,3,膏药性,plaster,L89,0.9960066080093384,,,,,
589,4,分期,stage,,0.8752792477607727,,,,,
589,5,Ⅰ期,I,L89.0,0.9073114395141602,,,,,
589,5,Ⅱ期,II,L89.1,0.942717969417572,,,,,
589,5,Ⅲ期,III,L89.2,0.9260473251342773,,,,,
589,5,Ⅳ期,IV,L89.3,0.9087246656417847,,,,,
589,3,睾丸,testis,N50.8,0.9924818873405457,,,,,
589,3,跟(另见溃疡，下肢),"heel (see also Ulcer, lower limb)",L97,0.9705039262771606,,,,,
589,3,宫颈(褥疮性)(营养性),cervix (uteri) (decubitus) (trophic),N86,0.98046875,,,,,
589,4,伴有宫颈炎,with cervicitis,N72,0.98161381483078,,,,,
589,3,巩膜,sclera,H15.0,0.948230504989624,,,,,
589,3,孤立性，肛门或直肠(括约肌),"solitary, anus or rectum (sphincter)",K62.6,0.9911251664161682,,,,,
589,3,股-见溃疡，下肢,"crural - see Ulcer, lower limb",,0.9704306125640869,,,,,
589,3,骨,bone,M86.8,0.9690748453140259,,,,,
589,3,腘间隙-见溃疡，下肢,"popliteal space - see Ulcer, lower limb",,0.9538617730140686,,,,,
589,3,海绵体(慢性),corpus cavernosum (chronic),N48.5,0.9688531160354614,,,,,
589,3,含粪的,"stercoraceous, stercoral",K63.3,0.9861170649528503,,,,,
589,4,肛门或直肠,anus or rectum,K62.6,0.9492874145507812,,,,,
589,3,洪纳[全膀胱壁纤维变性],Hunner's,N30.1,0.9804543852806091,,,,,
589,3,喉(阿弗他)(接触性),larynx (aphthous) (contact),J38.7,0.9906426668167114,,,,,
589,4,白喉性,diphtheritic,A36.2,0.9895634651184082,,,,,
589,3,喉炎(另见喉炎),laryngitis (see also Laryngitis),J04.0,0.9729989767074585,,,,,
589,3,坏疽性(另见坏疽),gangrenous (see also Gangrene),R02,0.9846963882446289,,,,,
589,3,回肠(另见溃疡，肠),"ileum (see also Ulcer, intestine)",K63.3,0.9908697009086609,,,,,
589,3,会厌,epiglottis,J38.7,0.9419968128204346,,,,,
589,3,脊柱(结核),spine (tuberculous),A18.0+ M49.0*,0.9782401919364929,,,,,
589,3,颊侧(腔)(创伤性),buccal (cavity) (traumatic),K12.1,0.9784109592437744,,,,,
589,3,脚趾-见溃疡，下肢,"toe - see Ulcer, lower limb",,0.9936386942863464,,,,,
589,3,角膜(环状)(卡他性)(中心性)(感染性)(边缘性)(匐行性)(伴有穿孔),cornea (annular) (catarrhal) (central) (infectional) (marginal) (ring) (serpent) (serpiginous) (with perforation),H16.0,0.9723955392837524,,,,,
589,4,结核性(小泡性),tuberculous(phlyctenular),A18.5+ H19.2*,0.9847068786621094,,,,,
589,4,树枝状(单纯性疱疹),dendritic (herpes simplex),B00.5+ H19.1*,0.9816252589225769,,,,,
589,3,角膜炎,keratitis,H16.0,0.995747983455658,,,,,
589,3,结肠(另见溃疡，肠),"colon (see also Ulcer, intestine)",K63.3,0.9885862469673157,,,,,
589,3,结核性-见结核，溃疡,"tuberculous - see Tuberculosis, ulcer",,0.9806532859802246,,,,,
589,3,结膜,conjunctiva,H10.8,0.9771100282669067,,,,,
589,3,精囊,seminal vesicle,N50.8,0.9819107055664062,,,,,
590,3,精索,spermatic cord,N50.8,0.9801932573318481,,,,,
590,3,静脉炎-见静脉炎,phlebitis - see Phlebitis,,0.9857577085494995,,,,,
590,3,柯林-见溃疡，消化性，急性,"Curling's - see Ulcer, peptic, acute",,0.9790143370628357,,,,,
590,3,空肠-见溃疡，胃空肠,"jejunum, jejunal - see Ulcer, gastrojejunal",,0.966255247592926,,,,,
590,3,口(尿道),meatus (urinarius),N34.2,0.980095386505127,,,,,
590,3,口腔,mouth,K13.7,0.9513002038002014,,,,,
590,3,口腔粘膜(创伤性),oral mucosa (traumatic),K12.1,0.9914186596870422,,,,,
590,3,口炎,stomatitis,K12.1,0.9942811131477356,,,,,
590,3,库欣-见溃疡，消化性，急性,"Cushing's - see Ulcer, peptic, acute",,0.9809417724609375,,,,,
590,3,拉合尔[皮肤利什曼病欧亚型],Lahore,B55.1,0.9852575063705444,,,,,
590,3,痢疾性NEC,dysenteric NEC,A09.9,0.9709879755973816,,,,,
590,3,淋巴结(结核),scrofulous (tuberculous),A18.2,0.9914779663085938,,,,,
590,3,瘘口NEC-见溃疡，皮肤,"fistulous NEC - see Ulcer, skin",,0.9348920583724976,,,,,
590,3,瘰疠性(结核),strumous (tuberculous),A18.2,0.9561976790428162,,,,,
590,3,慢性(原因不知)-见溃疡，皮肤,"chronic (cause unknown) - see Ulcer, skin",,0.9881168603897095,,,,,
590,3,盲肠(另见溃疡，肠),"cecum (see also Ulcer, intestine)",K63.3,0.981979250907898,,,,,
590,3,梅毒性(任何部位)(早期)(继发性),"luetic, syphilitic (any site) (early) (secondary)",A51.3,0.9698663353919983,,,,,
590,4,晚期,late,A52.7,0.9503143429756165,,,,,
590,4,穿孔性,perforating,A52.7,0.9895693063735962,,,,,
590,5,足,foot,A52.1,0.9585978984832764,,,,,
590,3,梅克尔憩室[麦克尔憩室],Meckel's diverticulum,Q43.0,0.9857235550880432,,,,,
590,3,梅勒尼(慢性潜行性),Meleney's (chronic undermining),L98.4,0.9867561459541321,,,,,
590,3,莫伦(角膜),Mooren's (cornea),H16.0,0.9845433831214905,,,,,
590,3,尿道(口)(另见尿道炎),urethra (meatus) (see also Urethritis),N34.2,0.991125762462616,,,,,
590,3,膀胱(括约肌)(孤立性)NEC,bladder (sphincter) (solitary) NEC,N32.8,0.9840688109397888,,,,,
590,4,结核性,tuberculous,A18.1+ N33.0*,0.9911943078041077,,,,,
590,4,粘膜下层,submucosal,N30.1,0.9420438408851624,,,,,
590,4,在血吸虫(裂体吸虫)病中,in schistosomiasis (bilharzial),B65.0+ N33.8*,0.9804067611694336,,,,,
590,3,皮肤(萎缩性)(慢性)(神经源性)(贯穿性)(生脓性)(营养性),skin (atrophic) (chronic) (neurogenic) (perforating) (pyogenic) (trophic),L98.4,0.9816928505897522,,,,,
590,4,阿米巴,amebic,A06.7,0.9854256510734558,,,,,
590,4,伴有坏疽(另见坏疽),with gangrene (see also Gangrene),R02,0.9831352233886719,,,,,
590,4,结核性(原发性),tuberculous (primary),A18.4,0.9787285923957825,,,,,
590,4,曲张性-见溃疡，曲张性,"varicose - see Ulcer, varicose",,0.9775855541229248,,,,,
590,4,褥疮性,decubitus,L89,0.9546554088592529,,,,,
590,5,分期,stage,,0.8357799649238586,,,,,
590,6,Ⅰ期,I,L89.0,0.8575239181518555,,,,,
590,6,Ⅱ期,II,L89.1,0.8626788258552551,,,,,
590,6,Ⅲ期,III,L89.2,0.9383982419967651,,,,,
590,6,Ⅳ期,IV,L89.3,0.8986528515815735,,,,,
590,4,下肢,lower limb,L97,0.9185909032821655,,,,,
590,3,皮肤NEC,skin NEC,L98,0.9533995389938354,,,,,
591,3,皮肤结核,cutis tuberculosum,A18.4,0.970001220703125,,,,,
591,3,气管,trachea,J39.8,0.9503979086875916,,,,,
591,3,鞘膜,tunica vaginalis,N50.8,0.9797017574310303,,,,,
591,3,侵蚀性(M8090/3)-另见肿瘤，皮肤，恶性,"rodent (M8090/3) - see also Neoplasm, skin, malignant",,0.9643900394439697,,,,,
591,3,曲张性(下肢，任何部分),"varicose (lower limb, any part)",I83.0,0.9773244857788086,,,,,
591,4,鼻中隔,nasal septum,I86.8,0.8852026462554932,,,,,
591,4,发炎或感染的,inflamed or infected,I83.2,0.9609282612800598,,,,,
591,4,肛门-见曲张(性)，溃疡，肛门,"anus - see Varicose, ulcer, anus",,0.9492270350456238,,,,,
591,4,食管,esophagus,I85.9,0.9531185626983643,,,,,
591,5,出血,bleeding,I85.0,0.8531054258346558,,,,,
591,4,特指部位NEC,specified site NEC,I86.8,0.9888013005256653,,,,,
591,4,阴囊,scrotum,I86.1,0.9242578148841858,,,,,
591,4,直肠-见曲张(性)，溃疡，肛门,"rectum - see Varicose, ulcer, anus",,0.95902419090271,,,,,
591,3,热带NEC,tropical NEC,L98.4,0.9414070248603821,,,,,
591,3,热带(另见溃疡，皮肤),"Naga, tropical (see also Ulcer, skin)",L98.4,0.9705239534378052,,,,,
591,3,乳房,breast,N61,0.9643487334251404,,,,,
591,3,褥疮性(皮肤，任何部位),"decubitus (skin, any site)",L89,0.9904721975326538,,,,,
591,4,分期,stage,,0.8569772243499756,,,,,
591,5,Ⅰ期,I,L89.0,0.8667116165161133,,,,,
591,5,Ⅱ期,II,L89.1,0.9236124753952026,,,,,
591,5,Ⅲ期,III,L89.2,0.8769719004631042,,,,,
591,5,Ⅳ期,IV,L89.3,0.8862674832344055,,,,,
591,4,宫颈,cervix,N86,0.8666169047355652,,,,,
591,3,软下疳性,"chancroidal, soft",A57,0.9948373436927795,,,,,
591,3,软组织(皮肤),molle (cutis) (skin),A57,0.9968726634979248,,,,,
591,3,闪避性[全膀胱壁纤维变性],elusive,N30.1,0.9661552309989929,,,,,
591,3,伤寒(贯穿性),typhoid (perforating),A01.0,0.9735752940177917,,,,,
591,3,舌(创伤性),tongue (traumatic),K14.0,0.9852680563926697,,,,,
591,3,神经源性NEC-见溃疡，皮肤,"neurogenic NEC - see Ulcer, skin",,0.9824707508087158,,,,,
591,3,声门,glottis,J38.7,0.9963644742965698,,,,,
591,3,十二指肠(腐蚀性)(消化性),"duodenum, duodenal, duodeni (eroded) (peptic)",K26.9,0.9818020462989807,,,,,
591,4,急性,acute,K26.3,0.9502597451210022,,,,,
591,5,伴有,with,,0.8567464351654053,,,,,
591,6,出血,hemorrhage,K26.0,0.882103443145752,,,,,
591,7,和穿孔,and perforation,K26.2,0.9737453460693359,,,,,
591,6,穿孔,perforation,K26.1,0.9849683046340942,,,,,
591,4,慢性,chronic,K26.7,0.9212401509284973,,,,,
591,5,伴有,with,,0.8225723505020142,,,,,
591,6,出血,hemorrhage,K26.4,0.9733027219772339,,,,,
591,7,和穿孔,and perforation,K26.6,0.96893310546875,,,,,
591,6,穿孔,perforation,K26.5,0.97524493932724,,,,,
592,4,伴有,with,,0.7300881147384644,,,,,
592,5,出血,hemorrhage,K26.4,0.8701640963554382,,,,,
592,6,和穿孔,and perforation,K26.6,0.9280000925064087,,,,,
592,5,穿孔,perforation,K26.5,0.9285608530044556,,,,,
592,3,食管(消化性),oesophageal (peptic),K22.1,0.984538733959198,,,,,
592,4,感染性,infective,K22.1,0.9255237579345703,,,,,
592,4,曲张性,varicose,I85.9,0.9609827995300293,,,,,
592,5,出血,bleeding,I85.0,0.9180977940559387,,,,,
592,4,由于,due to,,0.8567473888397217,,,,,
592,5,胃肠反流性疾病,gastrointestinal reflux disease,K21.0,0.9827643632888794,,,,,
592,5,咽下化学物质或药剂,ingestion of chemical or medicament,K22.1,0.9911945462226868,,,,,
592,4,真菌性,fungal,K22.1,0.9761004447937012,,,,,
592,3,蚀疮性(热带)NEC-见溃疡，皮肤,"phagedenic (tropical) NEC - see Ulcer, skin",,0.9721291065216064,,,,,
592,3,视网膜,retina,H30.0,0.9643020629882812,,,,,
592,3,输精管,vas deferens,N50.8,0.9955933094024658,,,,,
592,3,树状，角膜(单纯性疱疹),"dendritic, cornea (herpes simplex)",B00.5+ H19.1*,0.9726756811141968,,,,,
592,3,糖胶树胶工人,chiclero,B55.1,0.9929717779159546,,,,,
592,3,糖尿病(性)(另见E10-E14伴有第四位数.5),"diabetes, diabetic (mellitus) (see also E10-E14 with fourth character.5)",E14.5,0.9808766841888428,,,,,
592,3,停滞性(静脉),stasis (venous),I83.0,0.963383674621582,,,,,
592,4,发炎或感染的,inflamed or infected,I83.2,0.9681254625320435,,,,,
592,3,腿-见溃疡，下肢,"leg - see Ulcer, lower limb",,0.9940513372421265,,,,,
592,3,外阴(急性)(感染性),vulva (acute) (infectional),N76.6,0.9811826348304749,,,,,
592,4,见于(由于),in (due to),,0.9078234434127808,,,,,
592,5,贝赫切特病,Behçet's disease,M35.2+ N77.8*,0.9864020347595215,,,,,
592,5,结核病,tuberculosis,A18.1+ N77.0*,0.9828574061393738,,,,,
592,5,疱疹病毒性(单纯性疱疹)感染,herpesviral (herpes simplex) infection,A60.0+ N77.0*,0.9725416302680969,,,,,
592,3,萎缩性NEC-见溃疡，皮肤,"atrophic NEC - see Ulcer, skin",,0.9851928949356079,,,,,
592,3,胃(腐蚀性)(消化性)(圆形),"gastric, stomach, ventriculi (eroded) (peptic) (round)",K25.9,0.9868903756141663,,,,,
592,4,急性,acute,K25.3,0.9304669499397278,,,,,
592,5,伴有,with,,0.7690684199333191,,,,,
592,6,出血,hemorrhage,K25.0,0.9028955101966858,,,,,
592,7,和穿孔,and perforation,K25.2,0.9533985257148743,,,,,
592,6,穿孔,perforation,K25.1,0.9480866193771362,,,,,
592,4,慢性,chronic,K25.7,0.950180172920227,,,,,
592,5,伴有,with,,0.8932657837867737,,,,,
592,6,出血,hemorrhage,K25.4,0.883103609085083,,,,,
592,7,和穿孔,and perforation,K25.6,0.9775529503822327,,,,,
592,6,穿孔,perforation,K25.5,0.9375942349433899,,,,,
593,4,伴有,with,,0.8368507027626038,,,,,
593,5,出血,hemorrhage,K25.4,0.8647584319114685,,,,,
593,6,和穿孔,and perforation,K25.6,0.972563624382019,,,,,
593,6,穿孔,perforation,K25.5,0.9666785597801208,,,,,
593,3,胃肠-见溃疡，胃空肠,"gastrointestinal - see Ulcer, gastrojejunal",,0.9875360131263733,,,,,
593,3,胃窦性-见溃疡，胃,"antral - see Ulcer, stomach",,0.959096372127533,,,,,
593,3,胃结肠-见溃疡，胃空肠,"gastrocolic - see Ulcer, gastrojejunal",,0.9928954243659973,,,,,
593,3,胃空肠(消化性),"gastrojejunal, gastrojejunale (peptic)",K28.9,0.9836033582687378,,,,,
593,4,急性,acute,K28.3,0.9154255986213684,,,,,
593,5,伴有,with,,0.788367748260498,,,,,
593,6,出血,hemorrhage,K28.0,0.9242805242538452,,,,,
593,7,和穿孔,and perforation,K28.2,0.9716835021972656,,,,,
593,6,穿孔,perforation,K28.1,0.9681524634361267,,,,,
593,4,慢性,chronic,K28.7,0.9716351628303528,,,,,
593,5,伴有,with,,0.8448269963264465,,,,,
593,6,出血,hemorrhage,K28.4,0.8964277505874634,,,,,
593,7,和穿孔,and perforation,K28.6,0.966349184513092,,,,,
593,6,穿孔,perforation,K28.5,0.9338829517364502,,,,,
593,4,伴有,with,,0.7246133685112,,,,,
593,5,出血,hemorrhage,K28.4,0.9370337724685669,,,,,
593,6,和穿孔,and perforation,K28.6,0.9780656099319458,,,,,
593,6,穿孔,perforation,K28.5,0.9786251187324524,,,,,
593,3,胃空肠结肠-见溃疡，胃空肠,"gastrojejunocolic - see Ulcer, gastrojejunal",,0.9728883504867554,,,,,
593,3,胃十二指肠-见溃疡，消化性,"gastroduodenal - see Ulcer, peptic",,0.9835932850837708,,,,,
593,3,胃食管-见溃疡，胃,"gastroesophageal - see Ulcer, stomach",,0.9772152304649353,,,,,
593,3,吻合口-见溃疡，胃空肠,"anastomotic, stoma, stomal - see Ulcer, gastrojejunal",,0.9807672500610352,,,,,
593,3,膝-见溃疡，下肢,"knee - see Ulcer, lower limb",,0.9814528226852417,,,,,
593,3,系带(舌),frenum (tongue),K14.0,0.9691318273544312,,,,,
593,3,下肢(萎缩性)(慢性)(神经源性)(贯穿性)(生脓性)(营养性)(热带),lower limb (atrophic) (chronic) (neurogenic) (perforating) (pyogenic) (trophic) (tropical),L97,0.9652516841888428,,,,,
593,4,曲张性,varicose,I83.0,0.9258277416229248,,,,,
593,5,发炎或感染的,inflamed or infected,I83.2,0.9602341055870056,,,,,
593,3,消化性(部位未特指的),"digestive, peptic (site unspecified)",K27.9,0.9804674386978149,,,,,
593,4,急性,acute,K27.3,0.9617264270782471,,,,,
593,5,伴有,with,,0.8069905042648315,,,,,
593,6,出血,hemorrhage,K27.0,0.8909208178520203,,,,,
593,7,和穿孔,and perforation,K27.2,0.9731225967407227,,,,,
593,6,穿孔,perforation,K27.1,0.9764522910118103,,,,,
594,4,慢性,chronic,K27.7,0.9376299977302551,,,,,
594,5,伴有,with,,0.786868691444397,,,,,
594,5,出血,hemorrhage,K27.4,0.9447904825210571,,,,,
594,6,和穿孔,and perforation,K27.6,0.9795961976051331,,,,,
594,6,穿孔,perforation,K27.5,0.9432697296142578,,,,,
594,4,伴有,with,,0.7600954174995422,,,,,
594,5,出血,hemorrhage,K27.4,0.9314703941345215,,,,,
594,6,和穿孔,and perforation,K27.6,0.9611940979957581,,,,,
594,5,穿孔,perforation,K27.5,0.9700989127159119,,,,,
594,4,新生儿,newborn,P78.8,0.9649324417114258,,,,,
594,3,心脏瓣膜,"valve, heart",I33.0,0.9767114520072937,,,,,
594,3,压力性,pressure,L89,0.996166467666626,,,,,
594,4,分期,stage,,0.8970969915390015,,,,,
594,5,Ⅰ期,I,L89.0,0.9585863947868347,,,,,
594,5,Ⅱ期,II,L89.1,0.8749552965164185,,,,,
594,5,Ⅲ期,III,L89.2,0.9229965209960938,,,,,
594,5,Ⅳ期,IV,L89.3,0.9253644347190857,,,,,
594,3,牙龈,gingiva,K06.8,0.9720491170883179,,,,,
594,3,雅司病,yaws,A66.4,0.9231005907058716,,,,,
594,3,雅司病，初发,"frambesial, initial",A66.0,0.9930782318115234,,,,,
594,3,咽喉,"pharynx, throat",J39.2,0.9966384768486023,,,,,
594,3,咽喉痛性,sore throat,J02.9,0.9890733361244202,,,,,
594,4,链球菌性,streptococcal,J02.0,0.9889749884605408,,,,,
594,3,咽门,fauces,J39.2,0.9931632280349731,,,,,
594,3,咽下部,hypopharynx,J39.2,0.9903486967086792,,,,,
594,3,眼睑(区),eyelid (region),H01.8,0.9741172790527344,,,,,
594,3,眼前房积脓(慢性)(亚急性),hypopyon (chronic) (subacute),H16.0,0.9658084511756897,,,,,
594,3,乙状结肠(另见溃疡，肠),"sigmoid (see also Ulcer, intestine)",K63.3,0.9925858974456787,,,,,
594,3,阴唇(大)(小),labium (majus) (minus),N76.6,0.9760195016860962,,,,,
594,3,阴道,vagina,N76.5,0.9299219846725464,,,,,
594,4,子宫托,pessary,N89.8,0.9567385911941528,,,,,
594,3,阴茎(慢性),penis (chronic),N48.5,0.9718909859657288,,,,,
594,3,阴囊,scrotum,N50.8,0.9490591883659363,,,,,
594,4,结核性,tuberculous,A18.1+ N51.8*,0.980397641658783,,,,,
594,4,曲张性,varicose,I86.1,0.976913571357727,,,,,
594,3,龈,gum,K06.8,0.9524824023246765,,,,,
594,3,龈炎,gingivitis,K05.1,0.9954817295074463,,,,,
594,3,应激性-见溃疡，消化性,"stress - see Ulcer, peptic",,0.9959211945533752,,,,,
594,3,营养性-见溃疡，皮肤,"trophic - see Ulcer, skin",,0.9717633128166199,,,,,
595,3,硬下疳(梅毒性),durum (syphilitic),A51.0,0.9475147724151611,,,,,
595,3,生殖器外的,extragenital,A51.2,0.9836932420730591,,,,,
595,3,幽门-见溃疡，胃,"pyloric - see Ulcer, stomach",,0.9971138834953308,,,,,
595,3,幽门后壁-见溃疡，十二指肠,"postpyloric - see Ulcer, duodenum",,0.9809598326683044,,,,,
595,3,幽门前-见溃疡，胃,"prepyloric - see Ulcer, stomach",,0.9970561861991882,,,,,
595,3,由于,due to,,0.9673611521720886,,,,,
595,4,X 线,X-ray,L58.1,0.9041640162467957,,,,,
595,4,辐射 NEC,radiation NEC,L59.8,0.9441714286804199,,,,,
595,4,感染NEC-见溃疡，皮肤,"infection NEC - see Ulcer, skin",,0.9754303693771362,,,,,
595,4,营养性障碍(任何部位)-见溃疡，皮肤,"trophic disturbance (any region) - see Ulcer, skin",,0.9869484901428223,,,,,
595,3,越南,Cochin-China,B55.1,0.9768996238708496,,,,,
595,3,支气管,bronchus,J98.0,0.9883450269699097,,,,,
595,3,直肠(括约肌)(孤立性),rectum (sphincter) (solitary),K62.6,0.9912144541740417,,,,,
595,3,直肠乙状结肠,rectosigmoid,K63.3,0.9923446774482727,,,,,
595,4,含粪的,"stercoraceous, stercoral",K62.6,0.9589794874191284,,,,,
595,4,曲张(性)-见曲张(性)，溃疡，肛门,"varicose - see Varicose, ulcer, anus",,0.9752649068832397,,,,,
595,3,坠积性-见溃疡，曲张性,"hypostaticum - see Ulcer, varicose",,0.9815596342086792,,,,,
595,3,子宫,uterus,N85.8,0.9420925378799438,,,,,
595,4,(宫)颈,"cervix, neck",N86,0.8809866309165955,,,,,
595,5,伴有宫颈炎,with cervicitis,N72,0.9773059487342834,,,,,
595,3,足(无痛)(另见溃疡，下肢),"foot (indolent) (see also Ulcer, lower limb)",L97,0.9772164225578308,,,,,
595,4,穿孔性,perforating,L97,0.9495232701301575,,,,,
595,5,麻风性,leprous,A30.1,0.9749671220779419,,,,,
595,5,梅毒性,syphilitic,A52.1,0.943108856678009,,,,,
595,3,曲张性,varicose,I83.0,0.9753934741020203,,,,,
595,4,发炎或感染的,inflamed or infected,I83.2,0.9738702774047852,,,,,
595,1,kūn 昆,,,0.9255243539810181,,,,,
595,2,昆虫,Insect,,0.9998660087585449,,,,,
595,3,咬伤-见损伤，浅表,"bite - see Injury, superficial",,0.9898072481155396,,,,,
595,3,有毒的，中毒NEC,"venomous, poisoning NEC",T63.4,0.9635725021362305,,,,,
595,2,昆克病或昆克水肿[血管神经性水肿],Quincke's disease or edema,T78.3,0.9948152303695679,,,,,
595,3,遗传性,hereditary,D84.1,0.9789358973503113,,,,,
595,2,昆士兰热(澳大利亚),Queensland fever,A77.3,0.9988861680030823,,,,,
595,1,kùn 困,,,0.9658427238464355,,,,,
595,2,困难(于),"Difficult, difficulty (in)",,0.9929234981536865,,,,,
595,3,步行,walking,R26.2,0.9590202569961548,,,,,
595,3,插管，麻醉中,"intubation, in anesthesia",T88.4,0.9928785562515259,,,,,
595,3,分娩[难产]，影响到胎儿或新生儿,"birth, affecting fetus or newborn",P03.9,0.9803251624107361,,,,,
596,3,工作,work,,0.9842265248298645,,,,,
596,4,进度,schedule,Z56.3,0.9749658107757568,,,,,
596,4,情况 NEC,conditions NEC,Z56.5,0.9641904234886169,,,,,
596,3,机械性，胃十二指肠造口,"mechanical, gastroduodenal stoma",K91.8,0.9779559373855591,,,,,
596,3,拼写(特异性),spelling (specific),F81.1,0.9937942028045654,,,,,
596,4,伴有阅读障碍,with reading disorder,F81.3,0.9779128432273865,,,,,
596,4,由于不充足的教学,due to inadequate teaching,Z55.8,0.9852902889251709,,,,,
596,3,吞咽(另见吞咽困难),swallowing (see also Dysphagia),R13,0.9951425194740295,,,,,
596,3,喂养,feeding,R63.3,0.9639688730239868,,,,,
596,4,非器质性，婴儿或儿童,"nonorganic, infant or child",F98.2,0.9717264175415039,,,,,
596,4,新生儿,newborn,P92.9,0.9323917627334595,,,,,
596,5,乳房[母乳],breast,P92.5,0.987785279750824,,,,,
596,5,特指的NEC,specified NEC,P92.8,0.9471045732498169,,,,,
596,3,文化适应,acculturation,Z60.3,0.9768728017807007,,,,,
596,3,阅读(发育性),reading (developmental),F81.0,0.9929434061050415,,,,,
596,4,继发于情绪紊乱,secondary to emotional disorders,F93,0.9795536398887634,,,,,
596,2,困坐NEC,Chairfast NEC,R26.3,0.9815330505371094,,,,,
596,3,需要提供医疗照料,requiring health care provider,Z74.0,0.9819408059120178,,,,,
596,1,kuò 扩,,,0.9993375539779663,,,,,
596,2,扩张,Dilatation,,0.9999634623527527,,,,,
596,3,胆囊,gallbladder,K82.8,0.9957200288772583,,,,,
596,3,胆囊管(后天性),cystic duct (acquired),K82.8,0.9843226671218872,,,,,
596,4,先天性,congenital,Q44.5,0.9004085659980774,,,,,
596,3,胆总管(后天性),common duct (acquired),K83.8,0.9949002265930176,,,,,
596,4,先天性,congenital,Q44.5,0.9470939636230469,,,,,
596,3,动脉(另见动脉瘤),artery (see also Aneurysm),I72.9,0.9586144089698792,,,,,
596,3,肺动脉(特发性),pulmonary artery (idiopathic),I28.8,0.9693734049797058,,,,,
596,3,肛门,anus,K59.8,0.9957392811775208,,,,,
596,4,小静脉-见痔,venule – see Hemorrhoids,,0.933518648147583,,,,,
596,3,肛门括约肌,sphincter ani,K62.8,0.9895999431610107,,,,,
596,3,宫口-另见机能不全，宫颈,"cervix (uteri) – see also Incompetency, cervix",,0.9711295366287231,,,,,
596,4,不完全，不良，缓慢,"incomplete, poor, slow",,0.9781838059425354,,,,,
596,5,并发于分娩,complicating delivery,O62.0,0.9686851501464844,,,,,
596,5,影响到胎儿或新生儿,affecting fetus or newborn,P03.6,0.9813019633293152,,,,,
596,3,回肠,ileum,K59.8,0.9744951128959656,,,,,
596,3,结肠,colon,K59.3,0.9898222088813782,,,,,
596,4,先天性,congenital,Q43.2,0.965297520160675,,,,,
596,3,静脉,vein,I86.8,0.9588260650634766,,,,,
596,3,空肠,jejunum,K59.8,0.9498062133789062,,,,,
596,3,泪道或泪管,lacrimal passages or duct,H04.6,0.9978427886962891,,,,,
597,3,淋巴管,lymphatic vessel,I89.0,0.9512636661529541,,,,,
597,3,盲肠,cecum,K59.3,0.9553892612457275,,,,,
597,3,毛细血管,capillaries,I78.8,0.9758025407791138,,,,,
597,3,梅克尔憩室[麦克尔憩室](先天性),Meckel's diverticulum (congenital),Q43.0,0.9851662516593933,,,,,
597,3,尿道(后天性),urethra (acquired),N36.8,0.9540594220161438,,,,,
597,3,膀胱(括约肌),bladder (sphincter),N32.8,0.9873886704444885,,,,,
597,3,膀胱口,vesical orifice,N32.8,0.9983966946601868,,,,,
597,4,先天性,congenital,Q64.7,0.9316559433937073,,,,,
597,3,气管，先天性,"trachea, congenital",Q32.1,0.9966355562210083,,,,,
597,3,器官或部位，先天性NEC-见扭转,"organ or site, congenital NEC - see Distortion",,0.987949788570404,,,,,
597,3,前列腺,prostate,N42.8,0.9934475421905518,,,,,
597,3,乳腺管,mammary duct,N60.4,0.9969210624694824,,,,,
597,3,肾(盏)(收集结构)(囊性)(实质)(盂)(特发性),kidney (calyx) (collecting structures) (cystic) (parenchyma) (pelvis) (idiopathic),N28.8,0.977423906326294,,,,,
597,3,肾盏(由于阻塞),calyx (due to obstruction),N13.3,0.9842347502708435,,,,,
597,3,十二指肠,duodenum,K59.8,0.976059079170227,,,,,
597,3,食管,esophagus,K22.8,0.9599623084068298,,,,,
597,4,先天性,congenital,Q39.5,0.9053035974502563,,,,,
597,3,输尿管(特发性),ureter (idiopathic),N28.8,0.9799394011497498,,,,,
597,4,先天性,congenital,Q62.2,0.9446250796318054,,,,,
597,3,瞳孔,pupil,H57.0,0.9692220687866211,,,,,
597,3,透明隔腔,cavum septi pellucidi,Q06.8,0.9865998029708862,,,,,
597,3,胃,"gastric, stomach",K31.8,0.9927936792373657,,,,,
597,4,急性,acute,K31.0,0.9491236209869385,,,,,
597,4,心因性,psychogenic,F45.3,0.9651392698287964,,,,,
597,3,小静脉 NEC,venule NEC,I86.8,0.928460419178009,,,,,
597,3,小囊，先天性,"saccule, congenital",Q16.5,0.9767539501190186,,,,,
597,3,心包 -见 心包炎,pericardium - see Pericarditis,,0.9204733967781067,,,,,
597,3,心肌(急性)(慢性)(另见肥大，心脏),"myocardium (acute) (chronic) (see also Hypertrophy, cardiac)",I51.7,0.9557032585144043,,,,,
597,3,"心室(急性)(慢性)(另见肥大,心脏)","ventricular, ventricle (acute) (chronic) (see also Hypertrophy, cardiac)",I51.7,0.9657386541366577,,,,,
597,4,大脑，先天性,"cerebral, congenital",Q04.8,0.9835347533226013,,,,,
597,3,心脏(急性)(慢性)(另见肥大，心脏),"cardiac, heart (acute) (chronic) (see also Hypertrophy, cardiac)",I51.7,0.9647271037101746,,,,,
597,4,瓣膜-见心内膜炎,valve - see Endocarditis,,0.927232563495636,,,,,
597,4,先天性(瓣膜),congenital (valve),Q24.8,0.97708660364151,,,,,
597,3,血管,blood vessel,I99,0.9715703129768372,,,,,
597,3,血管运动性,vasomotor,I73.9,0.9618947505950928,,,,,
597,3,咽,pharynx,J39.2,0.9916579127311707,,,,,
597,3,咽鼓管，先天性,"eustachian tube, congenital",Q17.8,0.9929075837135315,,,,,
597,3,胰管,pancreatic duct,K86.8,0.9892038106918335,,,,,
597,3,支气管,bronchial,J47,0.9667457938194275,,,,,
597,3,直肠,rectum,K59.3,0.958491325378418,,,,,
598,3,主动脉(局灶性)(全身性)(另见动脉瘤，主动脉),"aorta (focal) (general) (see also Aneurysm, aorta)",I71.9,0.9731082320213318,,,,,
598,4,梅毒性,syphilitic,A52.0+ I79.0*,0.9513997435569763,,,,,
598,4,破裂,ruptured,I71.8,0.9471433758735657,,,,,
598,4,先天性,congenital,Q25.4,0.9332208037376404,,,,,
598,2,扩张过度-见膨胀,Overdistension - see Distension,,0.9872867465019226,,,,,
598,2,扩张性 - 见扩张,"Dilated, dilation - see Dilatation",,0.902022123336792,,,,,
598,1,kuò 括,,,0.902144730091095,,,,,
598,2,括约肌的 - 见情况,Sphincter - see condition,,0.9579140543937683,,,,,
598,2,括约肌炎，奥迪括约肌(另见胆管炎),"Sphincteritis, sphincter of Oddi (see also Cholangitis)",K83.0,0.9784525632858276,,,,,
598,1,kuò 阔,,,0.9029242396354675,,,,,
598,2,阔筋膜过紧,Tight fascia (lata),M62.8,0.9865212440490723,,,,,
598,2,阔韧带 - 另见情况,Broad ligament - see also condition,,0.9368413090705872,,,,,
598,3,撕裂综合征,laceration syndrome,N83.8,0.9624960422515869,,,,,
599,0,L,,,0.999423623085022,,,,,
599,1,lā 拉,,,0.9970324039459229,,,,,
599,2,拉埃内克肝硬变,Laennec's cirrhosis,K74.6,0.999870777130127,,,,,
599,3,酒精性,alcoholic,K70.3,0.958758533000946,,,,,
599,2,拉福拉病[肌阵挛性癫痈],Lafora's disease,G40.3,0.9533860683441162,,,,,
599,2,拉姆齐-亨特病或综合征(另见亨特，病),Ramsay-Hunt disease or syndrome (see also Hunt's disease),B02.2+ G53.0*,0.9667975902557373,,,,,
599,3,意指肌阵挛小脑性共济失调,meaning dyssynergia cerebellaris myoclonica,G11.1,0.9982057213783264,,,,,
599,2,拉塞尔-西尔弗综合征,Russell-Silver syndrome,Q87.1,0.9995231628417969,,,,,
599,2,拉森-约翰松病或骨软骨病,Larsen-Johansson disease or osteochondrosis,M92.4,0.9992915391921997,,,,,
599,2,拉森综合征,Larsen's syndrome,Q74.8,0.999966025352478,,,,,
599,2,拉沙热(非洲),Lassa fever,A96.2,0.9632186889648438,,,,,
599,2,拉斯穆森动脉瘤(另见结核，肺),"Rasmussen's aneurysm (see also Tuberculosis, pulmonary)",A16.2,0.9940369129180908,,,,,
599,2,拉特克囊瘤(M9350/1),Rathke's pouch tumor (M9350/1),D44.3,0.9985189437866211,,,,,
599,1,là 蜡,,,0.9947469830513,,,,,
599,2,蜡样屈曲-见倔强症,Flexibilitas cerea - see Catalepsy,,0.9966676235198975,,,,,
599,1,lái 莱,,,0.9531866908073425,,,,,
599,2,莱伯,Leber's,,0.9997154474258423,,,,,
599,3,视萎缩(遗传性),optic atrophy (hereditary),H47.2,0.9899511337280273,,,,,
599,3,先天性黑矇,congenital amaurosis,H35.5,0.9508005976676941,,,,,
599,2,莱德勒贫血,Lederer's anemia,D59.1,0.9998621940612793,,,,,
599,2,莱登-默比乌斯营养不良,Leyden-Moebius dystrophy,G71.0,0.9999129772186279,,,,,
599,2,莱迪-塞托利细胞瘤(M8631/0),Leydig-Sertoli cell tumor (M8631/0),,0.993179202079773,,,,,
599,3,特指部位-见肿瘤，良性,"specified site - see Neoplasm, benign",,0.9946046471595764,,,,,
599,3,未特指部位,unspecified site,,0.996789813041687,,,,,
599,4,男性,male,D29.2,0.9498067498207092,,,,,
599,4,女性,female,D27,0.8914240002632141,,,,,
599,2,莱恩,Lane's,,0.9999383091926575,,,,,
599,3,纽结(另见梗阻，肠),"kink (see also Obstruction, intestine)",K56.6,0.9865942001342773,,,,,
599,3,综合征,syndrome,K90.2,0.9561940431594849,,,,,
599,2,莱尔综合征[中毒性表皮坏死松解症],Lyell's syndrome,L51.2,0.9997702240943909,,,,,
599,3,由于药物,due to drug,,0.9981432557106018,,,,,
599,4,过量或给错或服错药物,overdose or wrong substance given or taken,T50.9,0.9732756614685059,,,,,
599,4,特指的药物-见药物和化学制剂表,specified drug - see Table of drugs and chemicals,,0.951077938079834,,,,,
599,4,恰当使用正确的物质,correct substance properly administered,L51.2,0.9878323078155518,,,,,
599,2,莱格(-卡尔韦)-佩尔特斯病、综合征或骨软骨病[首骺骨软骨病],"Legg(-Calvé)-Perthes disease, syndrome or osteochondrosis",M91.1,0.991003692150116,,,,,
600,2,莱里-魏尔综合征,Leri-Weill syndrome,Q77.8,0.9938724040985107,,,,,
600,2,莱里骨化过度,Leri's pleonosteosis,Q78.8,0.9835208654403687,,,,,
600,2,莱姆病,Lyme disease,A69.2,0.9999520182609558,,,,,
600,2,莱穆瓦耶综合征,Lermoyez' syndrome,H81.3,0.9880666136741638,,,,,
600,2,莱纳病[婴儿脱屑性红皮病],Leiner's disease,L21.1,0.9966402649879456,,,,,
600,2,莱施-尼汉综合征,Lesch-Nyhan syndrome,E79.1,0.999963104724884,,,,,
600,2,莱特尔-西维-现译名莱特勒-西韦,Letterer-Siwe,,0.9999028444290161,,,,,
600,2,莱特勒-西韦病(M9722/3),Letterer-Siwe's disease (M9722/3),C96.0,0.9998818635940552,,,,,
600,2,莱特伍德-奥尔布赖特综合征[肾小管性酸中毒],Lightwood-Albright syndrome,N25.8,0.9956125617027283,,,,,
600,2,莱泽-特雷拉特病,Leser-Trélat disease,L82,0.9828651547431946,,,,,
600,1,lài 赖,,,0.9001825451850891,,,,,
600,2,赖氨酸和羟赖氨酸代谢紊乱,Lysine and hydroxylysine metabolism disorder,E72.3,0.994943380355835,,,,,
600,2,赖芬斯坦综合征,Reifenstein's syndrome,E34.5,0.9865986108779907,,,,,
600,2,赖利-戴综合征[家族性自主神经机能异常],Riley-Day syndrome,G90.1,0.9999306201934814,,,,,
600,2,赖氏综合征,Reye's syndrome,G93.7,0.9999691247940063,,,,,
600,2,赖特[莱特尔]病、综合征或尿道炎,"Reiter's disease, syndrome or urethritis",M02.3,0.9995941519737244,,,,,
600,2,赖特综合征,Wright's syndrome,G54.0,0.9999688863754272,,,,,
600,1,lán 兰,,,0.9447927474975586,,,,,
600,2,兰伯鞭毛虫病,"Lambliasis, lambliosis",A07.1,0.9959964752197266,,,,,
600,2,兰伯特-伊顿综合征,Lambert-Eaton syndrome,C80+ G73.1*,0.983418881893158,,,,,
600,3,与肿瘤无关,unassociated with neoplasm,G70.8,0.998212993144989,,,,,
600,2,兰道-克勒夫纳综合征,Landau-Kleffner syndrome,F80.3,0.9851245284080505,,,,,
600,2,兰德里-吉兰-巴雷综合征或瘫痪[急性感染性多神经炎],Landry-Guillain-Barré syndrome or paralysis,G61.0,0.9803613424301147,,,,,
600,2,兰登·唐氏综合征[先天愚型](另见三体性，21),"Langdon Down's syndrome (see also Trisomy, 21)",Q90.9,0.9993694424629211,,,,,
600,1,lán 阑,,,0.9137040972709656,,,,,
600,2,阑尾炎,Appendicitis,K37,0.9724974632263184,,,,,
600,3,急性(卡他性)(暴发性)(坏疽性)(梗阻性)(盲肠后)(化脓性),acute (catarrhal) (fulminating) (gangrenous) (obstructive) (retrocecal) (suppurative),K35.9,0.970086932182312,,,,,
600,4,伴有,with,,0.7590380311012268,,,,,
600,3,穿孔或破裂,"perforation, peritonitis or rupture",K35.0,0.9819061160087585,,,,,
600,3,腹膜脓肿,peritoneal abscess,K35.1,0.9951308965682983,,,,,
600,3,腹膜炎，局限性,"peritonitis, localized",K35.9,0.9831483960151672,,,,,
600,4,提及穿孔或破裂,with mention of perforation or rupture,K35.0,0.9449936151504517,,,,,
600,3,弥漫性,generalized,K35.0,0.9159074425697327,,,,,
600,3,亚急性(粘连性),subacute (adhesive),K36,0.9923298358917236,,,,,
600,3,慢性(复发性),chronic (recurrent),K36,0.9925122261047363,,,,,
